tanggal,flight_iata,flight_icao,airline,tujuan,tujuan_iata,tujuan_icao,jadwal_lokal,jadwal_utc,berangkat_aktual,delay_berangkat,tiba_aktual,delay_tiba,durasi,status
2025-09-01,BX602,ABL602,Air Busan,Busan,PUS,RKPK,00:05,16:05,01:37,32min late,07:44,25min early,5h 6m,Landed
2025-09-01,GA880,GIA880,Garuda Indonesia,Tokyo,NRT,RJAA,00:20,16:20,00:41,21min late,08:32,17min early,6h 51m,Landed
2025-09-01,CZ626,CSN626,China Southern Airlines,Guangzhou,CAN,ZGGG,00:30,16:30,00:50,20min late,05:33,16min early,4h 43m,Landed
2025-09-01,MF892,CXA892,Xiamen Airlines,Xiamen,XMN,ZSAM,00:30,16:30,00:14,16min early,05:33,31min early,5h 19m,Landed
2025-09-01,QR961,QTR961,Qatar Airways,Doha,DOH,OTHH,00:35,16:35,00:43,8min late,04:32,22min early,8h 48m,Landed
2025-09-01,EK399,UAE399,Emirates,Dubai,DXB,OMDB,00:35,16:35,00:29,6min early,05:18,16min early,8h 49m,Landed
2025-09-01,GA870,GIA870,Garuda Indonesia,Seoul,ICN,RKSI,00:40,16:40,00:50,10min late,08:51,23min early,7h 1m,Landed
2025-09-01,KE630,KAL630,Korean Air Lines,Seoul,ICN,RKSI,00:50,16:50,00:51,on time,08:31,48min early,6h 40m,Landed
2025-09-01,PR538,PAL538,Philippine Airlines,Manila,MNL,RPLL,00:55,16:55,00:52,3min early,04:43,7min early,3h 51m,Landed
2025-09-01,MU5030,CES5030,China Eastern Airlines,Shanghai,PVG,ZSPD,00:55,16:55,01:29,34min late,07:52,7min early,6h 23m,Landed
2025-09-01,5J282,CEB282,CEBU Pacific Air,Manila,MNL,RPLL,01:00,17:00,01:09,9min late,04:50,34min early,3h 41m,Landed
2025-09-01,SJ726,,Sriwijaya Air,Makassar,UPG,WAAA,01:00,17:00,,,,,1h 20m,
2025-09-01,CZ6066,CSN6066,China Southern Airlines,Shenzhen,SZX,ZGSZ,01:10,17:10,05:41,31min late,06:15,14min early,34m,Landed
2025-09-01,8B5888,TNU5888,Business Air,Manado,MDC,WAMM,01:30,17:30,01:54,24min late,04:15,10min late,2h 21m,Landed
2025-09-01,JT929,LNI929,Lion Air,Surabaya,SUB,WARR,07:00,23:00,07:18,18min late,06:54,5min early,35m,Landed
2025-09-01,JT3569,LNI3569,Lion Air,Yogyakarta,YIA,WAHI,07:00,23:00,07:01,1min late,07:09,20min early,1h 8m,Landed
2025-09-01,JT746,LNI746,Lion Air,Makassar,UPG,WAAA,07:00,23:00,07:32,32min late,08:32,12min late,59m,Landed
2025-09-01,JT856,,Lion Air,Surabaya,SUB,WARR,07:00,23:00,07:00,on time,06:59,1min early,59m,Landed
2025-09-01,QZ550,AWQ550,Indonesia AirAsia,Kuala Lumpur,KUL,WMKK,07:00,23:00,07:30,30min late,07:30,29min early,0m,Landed
2025-09-01,JT944,,Lion Air,Makassar,UPG,WAAA,07:00,23:00,,,,,1h 20m,
2025-09-01,JQ82,JST082,Jetstar Airways,Darwin,DRW,YPDN,07:00,23:00,07:03,3min late,10:52,22min early,2h 19m,Landed
2025-09-01,GA401,GIA401,Garuda Indonesia,Jakarta,CGK,WIII,07:00,23:00,07:09,9min late,07:45,14min early,1h 36m,Landed
2025-09-01,QZ534,AWQ534,Indonesia AirAsia,Perth,PER,YPPH,07:05,23:05,07:16,11min late,10:51,8min early,3h 35m,Landed
2025-09-01,SQ949,SIA949,Singapore Airlines,Singapore,SIN,WSSS,07:10,23:10,07:24,14min late,09:46,13min early,2h 22m,Landed
2025-09-01,QZ502,AWQ502,Indonesia AirAsia,Singapore,SIN,WSSS,07:10,23:10,07:28,18min late,09:54,4min late,2h 26m,Landed
2025-09-01,QZ644,AWQ644,Indonesia AirAsia,Labuan Bajo,LBJ,WATO,07:10,23:10,07:23,13min late,08:13,1min early,49m,Landed
2025-09-01,QG663,CTV663,Citilink,Jakarta,CGK,WIII,07:45,23:45,08:01,16min late,08:41,6min late,1h 40m,Landed
2025-09-01,IW1854,WON1854,Wings Air,Lombok,LOP,WADL,08:00,00:00,09:23,23min late,08:31,13min early,,Landed
2025-09-01,IW3330,WON3330,Wings Air,,,,08:00,00:00,08:19,19min late,10:54,14min late,2h 34m,Landed
2025-09-01,JT21,LNI021,Lion Air,Jakarta,CGK,WIII,08:05,00:05,11:20,15min late,11:50,50min late,1h 30m,Landed
2025-09-01,HX706,CRK706,Hong Kong Airlines,Hong Kong,HKG,VHHH,08:15,00:15,08:23,8min late,13:18,1min early,4h 55m,Landed
2025-09-01,IW1850,WON1850,Wings Air,Lombok,LOP,WADL,08:35,00:35,09:04,29min late,09:27,7min late,22m,Landed
2025-09-01,CZ8482,CSN8482,China Southern Airlines,Guangzhou,CAN,ZGGG,08:40,00:40,09:15,35min late,14:07,17min late,4h 52m,Landed
2025-09-01,IU703,SJV703,SW Italia,Surabaya,SUB,WARR,08:40,00:40,09:09,29min late,08:44,4min late,34m,Landed
2025-09-01,QZ504,AWQ504,Indonesia AirAsia,Singapore,SIN,WSSS,09:00,01:00,03:33,26min early,11:18,26min early,7h 45m,Landed
2025-09-01,8B80,TNU080,Business Air,Perth,PER,YPPH,09:05,01:05,09:07,2min late,12:44,10min early,3h 37m,Landed
2025-09-01,8B5105,TNU5105,Business Air,Jakarta,CGK,WIII,09:10,01:10,09:20,10min late,09:52,7min early,1h 32m,Landed
2025-09-01,IW1832,WON1832,Wings Air,Tambolaka,TMC,WADT,09:10,01:10,09:23,13min late,10:28,6min early,1h 5m,Landed
2025-09-01,IN640,LKN640,NAM Air,Tambolaka,TMC,WADT,09:10,01:10,09:13,3min late,09:57,12min early,44m,Landed
2025-09-01,ID6007,BTK6007,Batik Air,Perth,PER,YPPH,09:25,01:25,09:40,15min late,12:59,15min early,3h 18m,Landed
2025-09-01,QG500,CTV500,Citilink,Dili,DIL,WPDL,09:30,01:30,09:23,7min early,12:10,9min early,1h 47m,Landed
2025-09-01,JT31,LNI031,Lion Air,Jakarta,CGK,WIII,09:30,01:30,10:53,23min late,11:26,1min late,1h 32m,Landed
2025-09-01,QZ803,AWQ803,Indonesia AirAsia,Jakarta,CGK,WIII,09:40,01:40,09:37,3min early,10:08,21min early,1h 31m,Landed
2025-09-01,QR965,QTR965,Qatar Airways,Doha,DOH,OTHH,09:55,01:55,10:38,43min late,13:51,28min early,8h 12m,Landed
2025-09-01,IW1882,WON1882,Wings Air,Sumbawa Besar,SWQ,WADS,10:00,02:00,11:05,5min late,11:50,50min late,45m,Landed
2025-09-01,JT273,LNI273,Lion Air,Semarang,SRG,WIIS,10:00,02:00,10:08,8min late,10:08,16min early,1h 0m,Landed
2025-09-01,AI2146,AIC2146,Air India,Delhi,DEL,VIDP,10:00,02:00,10:15,15min late,15:44,9min late,7h 59m,Landed
2025-09-01,SQ935,SIA935,Singapore Airlines,Singapore,SIN,WSSS,10:05,02:05,10:23,18min late,12:50,5min late,2h 26m,Landed
2025-09-01,8B5101,TNU5101,Business Air,Jakarta,CGK,WIII,10:25,02:25,10:16,8min early,10:57,17min early,1h 41m,Landed
2025-09-01,JT33,LNI033,Lion Air,Jakarta,CGK,WIII,10:30,02:30,11:52,22min late,12:26,1min late,1h 34m,Landed
2025-09-01,QZ815,AWQ815,Indonesia AirAsia,Jakarta,CGK,WIII,10:35,02:35,10:41,6min late,11:11,18min early,1h 30m,Landed
2025-09-01,8G182,DTL182,Mid Africa Aviation,Dili,DIL,WPDL,10:35,02:35,12:14,39min late,14:54,24min late,1h 40m,Landed
2025-09-01,JT927,LNI927,Lion Air,Surakarta,SOC,WAHQ,10:40,02:40,11:00,20min late,10:58,1min early,58m,Landed
2025-09-01,TR281,TGW281,Scoot,Singapore,SIN,WSSS,10:50,02:50,10:56,6min late,13:22,8min early,2h 25m,Landed
2025-09-01,JT924,LNI924,Lion Air,Kupang,KOE,WATT,11:05,03:05,11:45,40min late,13:22,37min late,1h 37m,Landed
2025-09-01,JT805,LNI805,Lion Air,Surabaya,SUB,WARR,11:05,03:05,11:55,50min late,11:44,39min late,48m,Landed
2025-09-01,QG9193,CTV9193,Citilink,Jakarta,HLP,WIHH,11:10,03:10,11:08,1min early,11:43,16min early,1h 35m,Landed
2025-09-01,JQ126,JST126,Jetstar Airways,Adelaide,ADL,YPAD,11:15,03:15,11:50,35min late,17:57,27min late,4h 36m,Landed
2025-09-01,6E1606,IGO1606,IndiGo,Bangalore,BLR,VOBL,11:20,03:20,11:23,3min late,15:07,2min early,6h 13m,Landed
2025-09-01,QZ780,AWQ780,Indonesia AirAsia,Balikpapan,BPN,WALL,11:25,03:25,11:24,on time,12:42,22min early,1h 17m,Landed
2025-09-01,JQ109,JST109,Jetstar Airways,Perth,PER,YPPH,11:40,03:40,11:49,9min late,15:12,12min early,3h 23m,Landed
2025-09-01,JQ32,JST032,Jetstar Airways,Melbourne,MEL,YMML,11:55,03:55,11:50,5min early,19:17,12min early,5h 27m,Landed
2025-09-01,JT569,LNI569,Lion Air,Yogyakarta,YIA,WAHI,11:55,03:55,12:19,24min late,12:26,1min late,1h 7m,Landed
2025-09-01,OD192,MXD192,Malindo Air,Kuala Lumpur,KUL,WMKK,11:55,03:55,12:22,27min late,15:05,on time,2h 43m,Landed
2025-09-01,GA407,GIA407,Garuda Indonesia,Jakarta,CGK,WIII,12:00,04:00,12:16,16min late,13:03,8min late,1h 47m,Landed
2025-09-01,FD397,AIQ397,Thai AirAsia,Bangkok,DMK,VTBD,12:00,04:00,12:30,30min late,15:37,2min late,4h 6m,Landed
2025-09-01,GA253,GIA253,Garuda Indonesia,Yogyakarta,YIA,WAHI,12:05,04:05,12:42,37min late,12:57,2min late,1h 14m,Landed
2025-09-01,SQ937,SIA937,Singapore Airlines,Singapore,SIN,WSSS,12:10,04:10,13:22,12min late,15:33,38min late,2h 10m,Landed
2025-09-01,QG9696,CTV9696,Citilink,Surabaya,SUB,WARR,12:15,04:15,12:23,8min late,12:23,3min late,59m,Landed
2025-09-01,JQ40,JST040,Jetstar Airways,Sydney,SYD,YSSY,12:20,04:20,12:48,28min late,20:22,7min late,5h 34m,Landed
2025-09-01,IN7742,LKN7742,NAM Air,Tambolaka,TMC,WADT,12:20,04:20,12:57,37min late,13:29,9min late,31m,Landed
2025-09-01,SJ742,,Sriwijaya Air,Tambolaka,TMC,WADT,12:20,04:20,,,,,1h 0m,
2025-09-01,OD178,MXD178,Malindo Air,Kuala Lumpur,KUL,WMKK,12:25,04:25,14:42,17min late,17:31,56min late,2h 49m,Landed
2025-09-01,D7795,XAX795,AirAsia X,Kuala Lumpur,KUL,WMKK,12:30,04:30,12:37,7min late,15:25,19min early,2h 47m,Landed
2025-09-01,IW1848,WON1848,Wings Air,Lombok,LOP,WADL,12:45,04:45,14:19,34min late,14:43,13min late,24m,Landed
2025-09-01,OD158,MXD158,Malindo Air,Kuala Lumpur,KUL,WMKK,12:45,04:45,14:11,26min late,16:57,2min late,2h 45m,Landed
2025-09-01,IP103,PAS103,Pelita Air Service,Jakarta,CGK,WIII,12:45,04:45,13:16,31min late,13:41,1min late,1h 24m,Landed
2025-09-01,ID7308,BTK7308,Batik Air,Jakarta,HLP,WIHH,12:50,04:50,13:18,28min late,13:45,10min late,1h 26m,Landed
2025-09-01,MH714,MAS714,Malaysia Airlines,Kuala Lumpur,KUL,WMKK,12:55,04:55,13:46,51min late,16:27,27min late,2h 41m,Landed
2025-09-01,8B82,TNU082,Business Air,Perth,PER,YPPH,12:55,04:55,07:12,42min early,16:22,32min early,9h 9m,Landed
2025-09-01,SQ939,SIA939,Singapore Airlines,Singapore,SIN,WSSS,13:05,05:05,13:26,21min late,15:42,7min early,2h 16m,Landed
2025-09-01,JT35,LNI035,Lion Air,Jakarta,CGK,WIII,13:10,05:10,14:39,29min late,15:08,3min late,1h 29m,Landed
2025-09-01,VJ900,VJC900,VietJet Air,Hanoi,HAN,VVNB,13:10,05:10,13:08,2min early,16:46,33min early,4h 38m,Landed
2025-09-01,JQ58,JST058,Jetstar Airways,Brisbane,BNE,YBBN,13:15,05:15,13:43,28min late,20:58,13min late,5h 14m,Landed
2025-09-01,OD172,MXD172,Malindo Air,Kuala Lumpur,KUL,WMKK,13:15,05:15,16:30,15min late,19:07,42min late,2h 36m,Landed
2025-09-01,IW1834,WON1834,Wings Air,Tambolaka,TMC,WADT,13:20,05:20,13:43,23min late,14:52,7min late,1h 8m,Landed
2025-09-01,JT770,LNI770,Lion Air,Manado,MDC,WAMM,13:20,05:20,13:35,15min late,15:49,10min early,2h 14m,Landed
2025-09-01,GA409,GIA409,Garuda Indonesia,Jakarta,CGK,WIII,13:25,05:25,16:15,50min late,16:52,27min late,1h 37m,Landed
2025-09-01,JT660,LNI660,Lion Air,Balikpapan,BPN,WALL,13:25,05:25,13:48,23min late,15:08,1min early,1h 20m,Landed
2025-09-01,D7799,XAX799,AirAsia X,Kuala Lumpur,KUL,WMKK,13:35,05:35,13:50,15min late,16:32,17min early,2h 41m,Landed
2025-09-01,IW1826,WON1826,Wings Air,Bima,BMU,WADB,13:40,05:40,16:23,43min late,17:29,24min late,1h 5m,Landed
2025-09-01,QZ506,AWQ506,Indonesia AirAsia,Singapore,SIN,WSSS,13:45,05:45,13:57,12min late,16:18,22min early,2h 20m,Landed
2025-09-01,ID7135,BTK7135,Batik Air,Singapore,SIN,WSSS,13:45,05:45,14:16,31min late,16:35,4min early,2h 19m,Landed
2025-09-01,8B5107,TNU5107,Business Air,Jakarta,CGK,WIII,13:50,05:50,14:29,39min late,15:02,22min late,1h 32m,Landed
2025-09-01,TR289,TGW289,Scoot,Singapore,SIN,WSSS,14:00,06:00,13:59,on time,16:21,39min early,2h 21m,Landed
2025-09-01,JT25,LNI025,Lion Air,Jakarta,CGK,WIII,14:00,06:00,16:44,44min late,17:11,16min late,1h 27m,Landed
2025-09-01,VJ894,VJC894,VietJet Air,Ho Chi Minh City,SGN,VVTS,14:05,06:05,14:36,31min late,16:57,2min late,3h 20m,Landed
2025-09-01,ID7637,BTK7637,Batik Air,Bangkok,DMK,VTBD,14:15,06:15,15:23,8min late,18:25,40min late,4h 2m,Landed
2025-09-01,JT844,LNI844,Lion Air,Banjarmasin,BDJ,WAOO,14:35,06:35,16:38,3min late,17:44,44min late,1h 6m,Landed
2025-09-01,IW1884,WON1884,Wings Air,Waingapu,WGP,WADW,14:40,06:40,15:21,41min late,16:47,17min late,1h 25m,Landed
2025-09-01,JT740,LNI740,Lion Air,Makassar,UPG,WAAA,14:40,06:40,16:44,4min late,17:39,39min late,55m,Landed
2025-09-01,QG681,CTV681,Citilink,Jakarta,CGK,WIII,14:40,06:40,15:20,40min late,16:05,30min late,1h 45m,Landed
2025-09-01,JT919,LNI919,Lion Air,Surabaya,SUB,WARR,14:40,06:40,15:39,59min late,15:27,47min late,48m,Landed
2025-09-01,AK377,AXM377,AirAsia,Kuala Lumpur,KUL,WMKK,14:45,06:45,16:05,20min late,17:51,3min early,1h 46m,Landed
2025-09-01,JT614,,Lion Air,Jakarta,CGK,WIII,14:50,06:50,15:13,23min late,16:00,15min late,1h 47m,Landed
2025-09-01,OD307,MXD307,Malindo Air,Kuala Lumpur,KUL,WMKK,14:50,06:50,15:09,19min late,18:02,12min late,2h 52m,Landed
2025-09-01,JQ44,JST044,Jetstar Airways,Melbourne,MEL,YMML,14:55,06:55,14:55,on time,22:13,16min early,5h 18m,Landed
2025-09-01,JT23,LNI023,Lion Air,Jakarta,CGK,WIII,15:00,07:00,17:00,0min late,17:36,41min late,1h 35m,Landed
2025-09-01,JT271,LNI271,Lion Air,Semarang,SRG,WIIS,15:05,07:05,15:11,6min late,15:13,16min early,1h 1m,Landed
2025-09-01,QZ244,AWQ244,Indonesia AirAsia,Bangkok,DMK,VTBD,15:10,07:10,15:46,36min late,18:41,11min late,3h 55m,Landed
2025-09-01,8B5103,,TransNusa,Jakarta,CGK,WIII,15:10,07:10,,,,,1h 45m,
2025-09-01,GA842,GIA842,Garuda Indonesia,Singapore,SIN,WSSS,15:15,07:15,16:41,26min late,19:04,4min late,2h 23m,Landed
2025-09-01,VA50,VOZ050,Virgin Australia,Brisbane,BNE,YBBN,15:15,07:15,15:15,on time,22:35,24min early,5h 20m,Landed
2025-09-01,VJ898,VJC898,VietJet Air,Ho Chi Minh City,SGN,VVTS,15:30,07:30,15:44,14min late,18:13,6min early,3h 29m,Landed
2025-09-01,QG195,CTV195,Citilink,Jakarta,HLP,WIHH,15:30,07:30,16:36,6min late,17:02,42min late,1h 26m,Landed
2025-09-01,ID6335,BTK6335,Batik Air,Labuan Bajo,LBJ,WATO,15:35,07:35,17:29,54min late,18:23,38min late,54m,Landed
2025-09-01,CI772,CAL772,China Airlines,Taipei,TPE,RCTP,15:40,07:40,15:37,3min early,20:45,19min early,5h 8m,Landed
2025-09-01,QZ646,AWQ646,Indonesia AirAsia,Labuan Bajo,LBJ,WATO,15:45,07:45,15:58,13min late,16:49,10min early,50m,Landed
2025-09-01,IP109,PAS109,Pelita Air Service,Jakarta,CGK,WIII,15:45,07:45,15:58,13min late,16:24,10min early,1h 26m,Landed
2025-09-01,VA92,VOZ092,Virgin Australia,Melbourne,MEL,YMML,15:50,07:50,16:11,21min late,23:47,22min late,5h 36m,Landed
2025-09-01,JQ43,JST043,Jetstar Airways,Singapore,SIN,WSSS,15:50,07:50,07:41,8min early,18:21,8min early,10h 40m,Landed
2025-09-01,ID8335,BTK8335,Batik Air,Labuan Bajo,LBJ,WATO,15:55,07:55,16:45,50min late,17:43,38min late,57m,Landed
2025-09-01,GA411,GIA411,Garuda Indonesia,Jakarta,CGK,WIII,15:55,07:55,17:21,26min late,18:08,8min late,1h 47m,Landed
2025-09-01,VN640,HVN640,Vietnam Airlines,Ho Chi Minh City,SGN,VVTS,16:00,08:00,16:27,27min late,18:45,5min late,3h 18m,Landed
2025-09-01,SJ717,,Sriwijaya Air,Makassar,UPG,WAAA,16:00,08:00,,,,,1h 20m,
2025-09-01,CX784,CPA784,Cathay Pacific,Hong Kong,HKG,VHHH,16:10,08:10,16:04,6min early,20:39,45min early,4h 35m,Landed
2025-09-01,QZ807,AWQ807,Indonesia AirAsia,Jakarta,CGK,WIII,16:10,08:10,16:22,12min late,16:59,15min early,1h 37m,Landed
2025-09-01,QZ536,AWQ536,Indonesia AirAsia,Perth,PER,YPPH,16:15,08:15,16:36,21min late,19:54,15min early,3h 18m,Landed
2025-09-01,JT925,LNI925,Lion Air,Surakarta,SOC,WAHQ,16:25,08:25,17:18,53min late,17:27,42min late,1h 8m,Landed
2025-09-01,MH850,MAS850,Malaysia Airlines,Kuala Lumpur,KUL,WMKK,16:25,08:25,16:46,21min late,19:44,9min late,2h 57m,Landed
2025-09-01,IU743,SJV743,SW Italia,Jakarta,CGK,WIII,16:30,08:30,17:42,12min late,18:11,46min late,1h 29m,Landed
2025-09-01,BR256,EVA256,EVA Airways,Taipei,TPE,RCTP,16:30,08:30,16:33,3min late,21:51,8min early,5h 18m,Landed
2025-09-01,QG669,CTV669,Citilink,Surabaya,SUB,WARR,16:35,08:35,16:50,15min late,17:09,24min late,1h 19m,Landed
2025-09-01,JT744,LNI744,Lion Air,Makassar,UPG,WAAA,16:40,08:40,18:04,24min late,19:06,6min late,1h 1m,Landed
2025-09-01,GA7036,GIA7036,Garuda Indonesia,Labuan Bajo,LBJ,WATO,16:50,08:50,17:22,32min late,18:20,20min late,57m,Landed
2025-09-01,JT567,LNI567,Lion Air,Yogyakarta,YIA,WAHI,16:50,08:50,17:40,50min late,17:47,27min late,1h 6m,Landed
2025-09-01,HO1356,DKH1356,Juneyao Airlines,Shanghai,PVG,ZSPD,16:50,08:50,17:14,24min late,23:20,19min early,6h 6m,Landed
2025-09-01,QZ556,AWQ556,Indonesia AirAsia,Kuala Lumpur,KUL,WMKK,16:55,08:55,17:09,14min late,19:59,10min early,2h 50m,Landed
2025-09-01,TG432,THA432,Thai Airways International,Bangkok,BKK,VTBS,16:55,08:55,17:38,43min late,20:20,15min late,3h 41m,Landed
2025-09-01,JT923,LNI923,Lion Air,Surabaya,SUB,WARR,17:05,09:05,17:56,51min late,17:44,39min late,48m,Landed
2025-09-01,VJ998,VJC998,VietJet Air,Hanoi,HAN,VVNB,17:30,09:30,17:46,16min late,21:29,15min early,4h 43m,Landed
2025-09-01,GA419,GIA419,Garuda Indonesia,Jakarta,CGK,WIII,17:35,09:35,18:10,35min late,18:50,15min late,1h 40m,Landed
2025-09-01,IU759,SJV759,SW Italia,Jakarta,CGK,WIII,17:35,09:35,19:37,2min late,20:04,34min late,1h 27m,Landed
2025-09-01,GA349,GIA349,Garuda Indonesia,Surabaya,SUB,WARR,17:35,09:35,17:49,14min late,17:40,4min early,51m,Landed
2025-09-01,QZ554,AWQ554,Indonesia AirAsia,Kuala Lumpur,KUL,WMKK,17:40,09:40,17:54,14min late,20:36,8min early,2h 42m,Landed
2025-09-01,OD193,MXD193,Malindo Air,Perth,PER,YPPH,18:10,10:10,18:52,42min late,22:08,23min late,3h 16m,Landed
2025-09-01,JT27,,Lion Air,Jakarta,CGK,WIII,18:30,10:30,,,,,1h 55m,
2025-09-01,GA417,GIA417,Garuda Indonesia,Jakarta,CGK,WIII,18:30,10:30,18:53,23min late,19:33,3min late,1h 40m,Landed
2025-09-01,IN281,LKN281,Nam Air,Jakarta,CGK,WIII,18:30,10:30,18:18,11min early,19:09,on time,1h 50m,Landed
2025-09-01,8B5109,,Business Air,Jakarta,CGK,WIII,18:45,10:45,,,,,1h 45m,
2025-09-01,EY477,ETD477,Etihad Airways,Abu Dhabi,AUH,OMAA,18:45,10:45,18:51,6min late,23:26,3min early,8h 35m,Landed
2025-09-01,ID6415,BTK6415,Batik Air,Surabaya,SUB,WARR,18:45,10:45,21:39,54min late,21:30,45min late,50m,Landed
2025-09-01,CX782,CPA782,Cathay Pacific,Hong Kong,HKG,VHHH,18:45,10:45,18:32,13min early,23:20,44min early,4h 48m,Landed
2025-09-01,QZ809,AWQ809,Indonesia AirAsia,Jakarta,CGK,WIII,18:50,10:50,19:53,3min late,20:34,49min late,1h 41m,Landed
2025-09-01,TG440,THA440,Thai Airways International,Bangkok,BKK,VTBS,19:00,11:00,18:58,1min early,21:57,12min early,3h 59m,Landed
2025-09-01,QG689,CTV689,Citilink,Jakarta,CGK,WIII,19:00,11:00,19:09,9min late,19:44,15min early,1h 35m,Landed
2025-09-01,AK379,AXM379,AirAsia,Kuala Lumpur,KUL,WMKK,19:15,11:15,21:34,19min late,00:37,17min late,3h 2m,Landed
2025-09-01,MH852,MAS852,Malaysia Airlines,Kuala Lumpur,KUL,WMKK,19:20,11:20,19:20,on time,22:11,8min early,2h 51m,Landed
2025-09-01,QR963,QTR963,Qatar Airways,Doha,DOH,OTHH,19:20,11:20,19:36,16min late,23:51,11min late,9h 15m,Landed
2025-09-01,ID7310,BTK7310,Batik Air,Jakarta,HLP,WIHH,19:25,11:25,21:31,6min late,21:51,41min late,1h 20m,Landed
2025-09-01,QG699,CTV699,Citilink,Surabaya,SUB,WARR,19:30,11:30,19:22,8min early,19:29,10min early,1h 7m,Landed
2025-09-01,JT11,,Lion Air,Jakarta,CGK,WIII,19:35,11:35,,,,,1h 55m,Cancelled
2025-09-01,TR287,TGW287,Scoot,Singapore,SIN,WSSS,19:40,11:40,19:44,4min late,22:16,on time,2h 31m,Landed
2025-09-01,8B969,TNU969,Business Air,Guangzhou,CAN,ZGGG,19:40,11:40,20:18,38min late,20:18,41min early,0m,Landed
2025-09-01,EK369,UAE369,Emirates,Dubai,DXB,OMDB,19:45,11:45,20:19,34min late,00:48,1min early,8h 29m,Landed
2025-09-01,ID6413,BTK6413,Batik Air,Surabaya,SUB,WARR,19:50,11:50,23:17,27min late,22:57,7min late,39m,Landed
2025-09-01,GA415,GIA415,Garuda Indonesia,Jakarta,CGK,WIII,20:00,12:00,20:43,43min late,21:13,13min late,1h 29m,Landed
2025-09-01,SQ945,SIA945,Singapore Airlines,Singapore,SIN,WSSS,20:00,12:00,20:17,17min late,22:46,6min late,2h 29m,Landed
2025-09-01,ID6517,BTK6517,Batik Air,Jakarta,CGK,WIII,20:00,12:00,23:31,31min late,23:59,4min late,1h 27m,Landed
2025-09-01,QG9692,CTV9692,Citilink,Surabaya,SUB,WARR,20:20,12:20,20:10,10min early,20:08,21min early,58m,Landed
2025-09-01,KL836,KLM836,KLM Royal Dutch Airlines,Singapore,SIN,WSSS,20:35,12:35,20:44,9min late,23:00,9min early,2h 16m,Landed
2025-09-01,GA463,GIA463,Garuda Indonesia,Jakarta,HLP,WIHH,20:40,12:40,21:52,12min late,22:32,57min late,1h 40m,Landed
2025-09-01,OD177,MXD177,Malindo Air,Melbourne,MEL,YMML,21:00,13:00,19:15,44min early,06:36,56min late,9h 20m,Landed
2025-09-01,JQ107,JST107,Jetstar Airways,Perth,PER,YPPH,21:10,13:10,20:55,15min early,00:19,35min early,3h 24m,Landed
2025-09-01,GA425,GIA425,Garuda Indonesia,Jakarta,CGK,WIII,21:15,13:15,21:16,1min late,22:05,4min early,1h 49m,Landed
2025-09-01,TK67,THY067,Turkish Airlines,Istanbul,IST,LTFM,21:20,13:20,21:30,10min late,04:51,23min early,12h 20m,Landed
2025-09-01,JQ34,JST034,Jetstar Airways,Melbourne,MEL,YMML,21:20,13:20,21:37,17min late,05:11,16min late,5h 34m,Landed
2025-09-01,QG342,CTV342,Citilink,Makassar,UPG,WAAA,21:20,13:20,21:12,7min early,22:21,33min early,1h 8m,Landed
2025-09-01,AK375,AXM375,AirAsia,Kuala Lumpur,KUL,WMKK,21:25,13:25,23:09,44min late,01:58,28min late,2h 48m,Landed
2025-09-01,JT15,LNI015,Lion Air,Jakarta,CGK,WIII,21:30,13:30,23:31,1min late,00:05,40min late,1h 34m,Landed
2025-09-01,ID6760,BTK6760,Batik Air,Makassar,UPG,WAAA,21:30,13:30,21:42,12min late,22:39,10min early,57m,Landed
2025-09-01,JQ117,JST117,Jetstar Airways,Perth,PER,YPPH,21:30,13:30,21:30,on time,01:11,8min early,3h 41m,Landed
2025-09-01,SQ947,SIA947,Singapore Airlines,Singapore,SIN,WSSS,21:35,13:35,22:01,26min late,00:10,5min late,2h 9m,Landed
2025-09-01,QZ819,AWQ819,Indonesia AirAsia,Jakarta,CGK,WIII,21:40,13:40,01:11,31min late,01:41,11min late,1h 29m,Landed
2025-09-01,IP105,PAS105,Pelita Air Service,Jakarta,CGK,WIII,21:40,13:40,21:53,13min late,22:20,9min early,1h 27m,Landed
2025-09-01,QZ546,AWQ546,Indonesia AirAsia,Perth,PER,YPPH,21:55,13:55,22:13,18min late,01:33,6min early,3h 20m,Landed
2025-09-01,GA718,GIA718,Garuda Indonesia,Melbourne,MEL,YMML,22:05,14:05,22:25,20min late,05:29,on time,5h 4m,Landed
2025-09-01,JQ60,JST060,Jetstar Airways,Brisbane,BNE,YBBN,22:10,14:10,22:20,10min late,05:39,on time,5h 19m,Landed
2025-09-01,QF44,QFA044,Qantas,Sydney,SYD,YSSY,22:10,14:10,22:24,14min late,06:24,19min late,6h 0m,Landed
2025-09-01,OD171,MXD171,Malindo Air,Sydney,SYD,YSSY,22:15,14:15,00:54,39min late,08:35,30min late,5h 41m,Landed
2025-09-01,SV857,SVA857,Saudi Arabian Airlines,Singapore,SIN,WSSS,22:15,14:15,22:29,14min late,00:37,7min early,2h 7m,Landed
2025-09-01,JQ38,JST038,Jetstar Airways,Sydney,SYD,YSSY,22:35,14:35,22:27,8min early,06:19,10min early,5h 52m,Landed
2025-09-01,7C2712,JJA2712,Jeju Air,Seoul,ICN,RKSI,22:45,14:45,00:40,55min late,06:45,24min early,5h 4m,Landed
2025-09-01,QZ811,AWQ811,Indonesia AirAsia,Jakarta,CGK,WIII,22:50,14:50,00:45,55min late,01:15,35min late,1h 30m,Landed
2025-09-01,VA96,VOZ096,Virgin Australia,Melbourne,MEL,YMML,23:05,15:05,23:18,13min late,06:43,3min late,5h 25m,Landed
2025-09-01,QF46,QFA046,Qantas,Melbourne,MEL,YMML,23:05,15:05,23:11,6min late,06:23,16min early,5h 12m,Landed
2025-09-01,JT3020,,Lion Air,Seoul,ICN,RKSI,23:05,15:05,,,,,7h 5m,
2025-09-01,VA82,VOZ082,Virgin Australia,Gold Coast,OOL,YBCG,23:20,15:20,00:44,24min late,07:12,17min late,4h 27m,Landed
2025-09-01,GA714,GIA714,Garuda Indonesia,Sydney,SYD,YSSY,23:25,15:25,23:45,20min late,07:03,6min early,5h 18m,Landed
2025-09-01,JQ36,JST036,Jetstar Airways,Melbourne,MEL,YMML,23:30,15:30,23:29,on time,06:54,10min early,5h 25m,Landed
2025-09-01,JQ91,JST091,Jetstar Airways,Cairns,CNS,YBCS,23:30,15:30,23:38,8min late,06:03,3min late,4h 25m,Landed
2025-09-01,VA68,VOZ068,Virgin Australia,Sydney,SYD,YSSY,23:35,15:35,23:35,on time,07:28,16min early,5h 53m,Landed
2025-09-01,QZ420,AWQ420,Indonesia AirAsia,Adelaide,ADL,YPAD,23:45,15:45,00:06,21min late,06:01,23min early,4h 25m,Landed
2025-09-01,KE634,KAL634,Korean Air Lines,Seoul,ICN,RKSI,23:45,15:45,23:49,4min late,07:43,11min early,6h 54m,Landed
2025-09-01,JQ128,JST128,Jetstar Airways,Adelaide,ADL,YPAD,23:55,15:55,00:19,24min late,06:13,3min late,4h 23m,Landed
2025-09-02,BX602,ABL602,Air Busan,Busan,PUS,RKPK,00:05,16:05,01:37,32min late,07:44,25min early,5h 6m,Landed
2025-09-02,GA880,GIA880,Garuda Indonesia,Tokyo,NRT,RJAA,00:20,16:20,00:27,7min late,01:27,22min early,0m,Landed
2025-09-02,QZ548,AWQ548,Indonesia AirAsia,Perth,PER,YPPH,00:25,16:25,00:06,18min early,03:44,30min early,3h 38m,Landed
2025-09-02,MF892,CXA892,Xiamen Airlines,Xiamen,XMN,ZSAM,00:30,16:30,03:24,54min late,05:49,15min early,2h 24m,Landed
2025-09-02,CZ626,CSN626,China Southern Airlines,Guangzhou,CAN,ZGGG,00:30,16:30,00:30,on time,05:15,34min early,4h 45m,Landed
2025-09-02,QR961,QTR961,Qatar Airways,Doha,DOH,OTHH,00:35,16:35,00:43,8min late,04:28,26min early,8h 45m,Landed
2025-09-02,EK399,UAE399,Emirates,Dubai,DXB,OMDB,00:35,16:35,00:40,5min late,05:28,6min early,8h 48m,Landed
2025-09-02,KE630,KAL630,Korean Air Lines,Seoul,ICN,RKSI,00:50,16:50,00:43,7min early,08:09,10min early,6h 26m,Landed
2025-09-02,PR538,PAL538,Philippine Airlines,Manila,MNL,RPLL,00:55,16:55,00:39,16min early,04:28,21min early,3h 49m,Landed
2025-09-02,MU5030,CES5030,China Eastern Airlines,Shanghai,PVG,ZSPD,00:55,16:55,01:17,22min late,07:37,17min early,6h 20m,Landed
2025-09-02,SJ726,,Sriwijaya Air,Makassar,UPG,WAAA,01:00,17:00,,,,,1h 20m,
2025-09-02,5J282,CEB282,CEBU Pacific Air,Manila,MNL,RPLL,01:00,17:00,01:09,9min late,04:50,34min early,3h 41m,Landed
2025-09-02,QZ548,AWQ548,Indonesia AirAsia,Perth,PER,YPPH,01:05,17:05,00:20,44min early,03:42,12min early,3h 22m,Landed
2025-09-02,GA870,GIA870,Garuda Indonesia,Seoul,ICN,RKSI,01:15,17:15,01:35,20min late,09:31,16min late,6h 56m,Landed
2025-09-02,8B5888,,Business Air,Manado,MDC,WAMM,01:30,17:30,,,,,2h 35m,
2025-09-02,JT929,LNI929,Lion Air,Surabaya,SUB,WARR,07:00,23:00,07:07,7min late,06:49,10min early,41m,Landed
2025-09-02,QZ550,AWQ550,Indonesia AirAsia,Kuala Lumpur,KUL,WMKK,07:00,23:00,07:15,15min late,09:54,5min early,2h 39m,Landed
2025-09-02,JT3569,LNI3569,Lion Air,Yogyakarta,YIA,WAHI,07:00,23:00,07:03,3min late,07:13,16min early,1h 10m,Landed
2025-09-02,GA401,GIA401,Garuda Indonesia,Jakarta,CGK,WIII,07:00,23:00,07:11,11min late,07:47,12min early,1h 36m,Landed
2025-09-02,JT944,,Lion Air,Makassar,UPG,WAAA,07:00,23:00,07:00,on time,08:23,3min late,1h 23m,Landed
2025-09-02,JT746,LNI746,Lion Air,Makassar,UPG,WAAA,07:00,23:00,07:14,14min late,08:17,2min early,1h 3m,Landed
2025-09-02,JT856,,Lion Air,Surabaya,SUB,WARR,07:00,23:00,07:00,on time,06:59,1min early,59m,Landed
2025-09-02,JQ82,JST082,Jetstar Airways,Darwin,DRW,YPDN,07:00,23:00,07:12,12min late,08:42,32min early,0m,Landed
2025-09-02,QG690,CTV690,Citilink,Surabaya,SUB,WARR,07:05,23:05,07:21,16min late,07:12,7min late,51m,Landed
2025-09-02,QZ534,AWQ534,Indonesia AirAsia,Perth,PER,YPPH,07:05,23:05,07:00,5min early,10:27,32min early,3h 27m,Landed
2025-09-02,SQ949,SIA949,Singapore Airlines,Singapore,SIN,WSSS,07:10,23:10,07:29,19min late,09:38,22min early,2h 8m,Landed
2025-09-02,QZ502,AWQ502,Indonesia AirAsia,Singapore,SIN,WSSS,07:10,23:10,07:32,22min late,09:45,4min early,2h 12m,Landed
2025-09-02,QZ644,AWQ644,Indonesia AirAsia,Labuan Bajo,LBJ,WATO,07:10,23:10,07:18,8min late,08:09,5min early,50m,Landed
2025-09-02,QG663,CTV663,Citilink,Jakarta,CGK,WIII,07:45,23:45,08:06,21min late,08:49,14min late,1h 42m,Landed
2025-09-02,IW1854,WON1854,Wings Air,Lombok,LOP,WADL,08:00,00:00,08:13,13min late,08:37,7min early,24m,Landed
2025-09-02,JT21,LNI021,Lion Air,Jakarta,CGK,WIII,08:05,00:05,08:04,on time,08:54,5min early,1h 50m,Landed
2025-09-02,HX706,CRK706,Hong Kong Airlines,Hong Kong,HKG,VHHH,08:15,00:15,08:23,8min late,13:11,8min early,4h 48m,Landed
2025-09-02,5J280,CEB280,CEBU Pacific Air,Manila,MNL,RPLL,08:35,00:35,08:52,17min late,12:38,11min early,3h 46m,Landed
2025-09-02,IW1850,WON1850,Wings Air,Lombok,LOP,WADL,08:35,00:35,08:53,18min late,09:22,2min late,28m,Landed
2025-09-02,CZ8482,CSN8482,China Southern Airlines,Guangzhou,CAN,ZGGG,08:40,00:40,10:33,53min late,13:28,21min early,2h 55m,Landed
2025-09-02,IU703,SJV703,SW Italia,Surabaya,SUB,WARR,08:40,00:40,08:45,5min late,08:30,9min early,45m,Landed
2025-09-02,QZ504,AWQ504,Indonesia AirAsia,Singapore,SIN,WSSS,09:00,01:00,08:57,3min early,11:19,26min early,2h 22m,Landed
2025-09-02,8B80,TNU080,Business Air,Perth,PER,YPPH,09:05,01:05,09:01,3min early,12:30,24min early,3h 29m,Landed
2025-09-02,8B5105,TNU5105,Business Air,Jakarta,CGK,WIII,09:10,01:10,09:13,3min late,09:45,14min early,1h 31m,Landed
2025-09-02,IW1856,WON1856,Wings Air,Lombok,LOP,WADL,09:10,01:10,09:16,6min late,09:39,15min early,23m,Landed
2025-09-02,IW1832,,Wings Air,Tambolaka,TMC,WADT,09:10,01:10,09:19,9min late,10:24,10min early,1h 5m,Landed
2025-09-02,IN640,LKN640,NAM Air,Tambolaka,TMC,WADT,09:10,01:10,09:10,on time,09:57,12min early,47m,Landed
2025-09-02,ID6007,BTK6007,Batik Air,Perth,PER,YPPH,09:25,01:25,09:31,6min late,13:00,14min early,3h 28m,Landed
2025-09-02,JT31,LNI031,Lion Air,Jakarta,CGK,WIII,09:30,01:30,12:24,54min late,12:54,29min late,1h 30m,Landed
2025-09-02,QG500,CTV500,Citilink,Dili,DIL,WPDL,09:30,01:30,09:09,21min early,12:00,19min early,1h 51m,Landed
2025-09-02,QZ803,AWQ803,Indonesia AirAsia,Jakarta,CGK,WIII,09:40,01:40,10:14,34min late,10:46,16min late,1h 32m,Landed
2025-09-02,QR965,QTR965,Qatar Airways,Doha,DOH,OTHH,09:55,01:55,09:58,3min late,13:48,31min early,8h 50m,Landed
2025-09-02,IW1882,WON1882,Wings Air,Sumbawa Besar,SWQ,WADS,10:00,02:00,10:21,21min late,11:05,5min late,43m,Landed
2025-09-02,AI2146,AIC2146,Air India,Delhi,DEL,VIDP,10:00,02:00,09:58,2min early,14:42,52min early,7h 14m,Landed
2025-09-02,SQ935,SIA935,Singapore Airlines,Singapore,SIN,WSSS,10:05,02:05,10:11,6min late,12:23,22min early,2h 11m,Landed
2025-09-02,8B5101,TNU5101,Business Air,Jakarta,CGK,WIII,10:25,02:25,10:19,5min early,11:00,14min early,1h 41m,Landed
2025-09-02,JT33,LNI033,Lion Air,Jakarta,CGK,WIII,10:30,02:30,12:49,19min late,13:29,4min late,1h 40m,Landed
2025-09-02,8G182,DTL182,Mid Africa Aviation,Dili,DIL,WPDL,10:35,02:35,10:45,10min late,13:23,6min early,1h 38m,Landed
2025-09-02,TR281,TGW281,Scoot,Singapore,SIN,WSSS,10:50,02:50,10:56,6min late,13:24,6min early,2h 27m,Landed
2025-09-02,JT805,LNI805,Lion Air,Surabaya,SUB,WARR,11:05,03:05,12:15,10min late,12:04,59min late,49m,Landed
2025-09-02,JT924,LNI924,Lion Air,Kupang,KOE,WATT,11:05,03:05,11:25,20min late,12:54,9min late,1h 28m,Landed
2025-09-02,QG9193,CTV9193,Citilink,Jakarta,HLP,WIHH,11:10,03:10,11:11,1min late,11:59,on time,1h 47m,Landed
2025-09-02,6E1606,IGO1606,IndiGo,Bangalore,BLR,VOBL,11:20,03:20,11:19,on time,14:38,31min early,5h 49m,Landed
2025-09-02,QZ780,AWQ780,Indonesia AirAsia,Balikpapan,BPN,WALL,11:25,03:25,11:29,4min late,12:49,15min early,1h 19m,Landed
2025-09-02,JQ111,JST111,Jetstar Airways,Perth,PER,YPPH,11:30,03:30,11:24,6min early,14:59,15min early,3h 35m,Landed
2025-09-02,JQ109,JST109,Jetstar Airways,Perth,PER,YPPH,11:40,03:40,12:09,29min late,15:51,26min late,3h 42m,Landed
2025-09-02,OD192,MXD192,Malindo Air,Kuala Lumpur,KUL,WMKK,11:55,03:55,12:08,13min late,14:40,24min early,2h 31m,Landed
2025-09-02,JT569,LNI569,Lion Air,Yogyakarta,YIA,WAHI,11:55,03:55,12:00,5min late,12:11,13min early,1h 11m,Landed
2025-09-02,JQ32,JST032,Jetstar Airways,Melbourne,MEL,YMML,11:55,03:55,13:00,5min late,20:20,50min late,5h 20m,Landed
2025-09-02,JQ40,JST040,Jetstar Airways,Sydney,SYD,YSSY,11:55,03:55,11:55,on time,19:38,11min early,5h 43m,Landed
2025-09-02,FD397,AIQ397,Thai AirAsia,Bangkok,DMK,VTBD,12:00,04:00,12:46,46min late,15:47,12min late,4h 0m,Landed
2025-09-02,GA407,,Garuda Indonesia,Jakarta,CGK,WIII,12:00,04:00,12:17,17min late,12:52,2min early,1h 34m,Landed
2025-09-02,QZ540,AWQ540,Indonesia AirAsia,Darwin,DRW,YPDN,12:05,04:05,12:18,13min late,16:15,on time,2h 27m,Landed
2025-09-02,GA253,GIA253,Garuda Indonesia,Yogyakarta,YIA,WAHI,12:05,04:05,12:27,22min late,12:45,9min early,1h 17m,Landed
2025-09-02,SQ937,SIA937,Singapore Airlines,Singapore,SIN,WSSS,12:10,04:10,12:44,34min late,14:55,on time,2h 10m,Landed
2025-09-02,QG9696,CTV9696,Citilink,Surabaya,SUB,WARR,12:15,04:15,12:19,4min late,12:18,1min early,59m,Landed
2025-09-02,OD178,MXD178,Malindo Air,Kuala Lumpur,KUL,WMKK,12:25,04:25,14:04,39min late,16:50,15min late,2h 45m,Landed
2025-09-02,D7795,XAX795,AirAsia X,Kuala Lumpur,KUL,WMKK,12:30,04:30,12:42,12min late,15:27,17min early,2h 44m,Landed
2025-09-02,QZ805,AWQ805,Indonesia AirAsia,Jakarta,CGK,WIII,12:40,04:40,13:00,20min late,13:27,12min early,1h 26m,Landed
2025-09-02,IW1848,WON1848,Wings Air,Lombok,LOP,WADL,12:45,04:45,13:47,2min late,14:10,40min late,23m,Landed
2025-09-02,IP103,PAS103,Pelita Air Service,Jakarta,CGK,WIII,12:45,04:45,13:00,15min late,13:31,8min early,1h 30m,Landed
2025-09-02,ID7308,BTK7308,Batik Air,Jakarta,HLP,WIHH,12:50,04:50,13:02,12min late,13:35,on time,1h 33m,Landed
2025-09-02,MH714,MAS714,Malaysia Airlines,Kuala Lumpur,KUL,WMKK,12:55,04:55,13:31,36min late,16:31,31min late,3h 0m,Landed
2025-09-02,8B82,TNU082,Business Air,Perth,PER,YPPH,12:55,04:55,13:17,22min late,16:38,16min early,3h 21m,Landed
2025-09-02,SQ939,SIA939,Singapore Airlines,Singapore,SIN,WSSS,13:05,05:05,13:15,10min late,15:34,16min early,2h 18m,Landed
2025-09-02,JT35,LNI035,Lion Air,Jakarta,CGK,WIII,13:10,05:10,11:06,3min early,11:45,19min early,1h 39m,Landed
2025-09-02,VJ900,VJC900,VietJet Air,Hanoi,HAN,VVNB,13:10,05:10,13:03,7min early,16:46,33min early,4h 43m,Landed
2025-09-02,OD172,MXD172,Malindo Air,Kuala Lumpur,KUL,WMKK,13:15,05:15,17:39,24min late,20:21,56min late,2h 41m,Landed
2025-09-02,JQ58,JST058,Jetstar Airways,Brisbane,BNE,YBBN,13:15,05:15,13:17,2min late,20:29,15min early,5h 12m,Landed
2025-09-02,IW1834,WON1834,Wings Air,Tambolaka,TMC,WADT,13:20,05:20,13:36,16min late,14:46,1min late,1h 10m,Landed
2025-09-02,JT660,LNI660,Lion Air,Balikpapan,BPN,WALL,13:25,05:25,14:06,41min late,15:25,15min late,1h 19m,Landed
2025-09-02,GA409,GIA409,Garuda Indonesia,Jakarta,CGK,WIII,13:25,05:25,17:01,36min late,17:32,7min late,1h 31m,Landed
2025-09-02,D7799,XAX799,AirAsia X,Kuala Lumpur,KUL,WMKK,13:35,05:35,13:50,15min late,16:33,16min early,2h 42m,Landed
2025-09-02,IW1826,WON1826,Wings Air,Bima,BMU,WADB,13:40,05:40,14:46,6min late,15:58,53min late,1h 11m,Landed
2025-09-02,QZ506,AWQ506,Indonesia AirAsia,Singapore,SIN,WSSS,13:45,05:45,14:13,28min late,16:35,5min early,2h 22m,Landed
2025-09-02,8B5107,TNU5107,Business Air,Jakarta,CGK,WIII,13:50,05:50,14:08,18min late,14:47,7min late,1h 39m,Landed
2025-09-02,JT919,LNI919,Lion Air,Surabaya,SUB,WARR,13:55,05:55,15:46,51min late,15:26,31min late,39m,Landed
2025-09-02,QZ544,AWQ544,Indonesia AirAsia,Perth,PER,YPPH,13:55,05:55,14:20,25min late,17:58,3min late,3h 38m,Landed
2025-09-02,IW1964,WON1964,Wings Air,Lombok,LOP,WADL,13:55,05:55,14:50,55min late,15:12,32min late,22m,Landed
2025-09-02,JT25,LNI025,Lion Air,Jakarta,CGK,WIII,14:00,06:00,13:44,16min early,14:28,26min early,1h 44m,Landed
2025-09-02,TR289,TGW289,Scoot,Singapore,SIN,WSSS,14:00,06:00,14:04,4min late,16:25,34min early,2h 20m,Landed
2025-09-02,VJ894,VJC894,VietJet Air,Ho Chi Minh City,SGN,VVTS,14:05,06:05,14:01,4min early,16:37,17min early,3h 36m,Landed
2025-09-02,ID8517,BTK8517,Batik Air,Jakarta,CGK,WIII,14:10,06:10,14:20,10min late,14:54,10min early,1h 34m,Landed
2025-09-02,ID7637,BTK7637,Batik Air,Bangkok,DMK,VTBD,14:15,06:15,14:43,28min late,17:37,7min early,3h 54m,Landed
2025-09-02,JT844,LNI844,Lion Air,Banjarmasin,BDJ,WAOO,14:35,06:35,14:39,4min late,15:51,8min early,1h 12m,Landed
2025-09-02,JT740,,Lion Air,Makassar,UPG,WAAA,14:40,06:40,14:55,15min late,16:03,3min late,1h 8m,Landed
2025-09-02,QG681,CTV681,Citilink,Jakarta,CGK,WIII,14:40,06:40,14:53,13min late,15:46,11min late,1h 53m,Landed
2025-09-02,IW1884,WON1884,Wings Air,Waingapu,WGP,WADW,14:40,06:40,15:01,21min late,16:26,3min early,1h 25m,Landed
2025-09-02,AK377,AXM377,AirAsia,Kuala Lumpur,KUL,WMKK,14:45,06:45,17:15,30min late,20:34,39min late,3h 19m,Landed
2025-09-02,QZ244,AWQ244,Indonesia AirAsia,Bangkok,DMK,VTBD,14:45,06:45,15:12,27min late,18:14,4min late,4h 2m,Landed
2025-09-02,OD307,MXD307,Malindo Air,Kuala Lumpur,KUL,WMKK,14:50,06:50,15:15,25min late,18:00,10min late,2h 44m,Landed
2025-09-02,JT614,,Lion Air,Jakarta,CGK,WIII,14:50,06:50,14:50,on time,15:47,2min late,1h 57m,Landed
2025-09-02,JQ44,JST044,Jetstar Airways,Melbourne,MEL,YMML,14:55,06:55,15:01,6min late,22:27,2min early,5h 26m,Landed
2025-09-02,JT23,LNI023,Lion Air,Jakarta,CGK,WIII,15:00,07:00,14:59,on time,15:46,8min early,1h 47m,Landed
2025-09-02,JT271,LNI271,Lion Air,Semarang,SRG,WIIS,15:05,07:05,17:38,33min late,17:47,17min late,1h 8m,Landed
2025-09-02,8B5103,,Business Air,Jakarta,CGK,WIII,15:10,07:10,,,,,1h 45m,
2025-09-02,GA842,GIA842,Garuda Indonesia,Singapore,SIN,WSSS,15:15,07:15,15:32,17min late,17:49,10min early,2h 17m,Landed
2025-09-02,VA50,VOZ050,Virgin Australia,Brisbane,BNE,YBBN,15:15,07:15,15:20,5min late,22:44,15min early,5h 24m,Landed
2025-09-02,VJ898,VJC898,VietJet Air,Ho Chi Minh City,SGN,VVTS,15:30,07:30,15:43,13min late,17:59,20min early,3h 16m,Landed
2025-09-02,ID6335,BTK6335,Batik Air,Labuan Bajo,LBJ,WATO,15:35,07:35,09:52,42min early,10:44,0min early,52m,Landed
2025-09-02,CI772,CAL772,China Airlines,Taipei,TPE,RCTP,15:40,07:40,15:38,2min early,20:29,35min early,4h 51m,Landed
2025-09-02,IP109,PAS109,Pelita Air Service,Jakarta,CGK,WIII,15:45,07:45,16:07,22min late,16:38,3min late,1h 30m,Landed
2025-09-02,QZ646,AWQ646,Indonesia AirAsia,Labuan Bajo,LBJ,WATO,15:45,07:45,16:20,35min late,17:13,13min late,52m,Landed
2025-09-02,JQ43,JST043,Jetstar Airways,Singapore,SIN,WSSS,15:50,07:50,16:06,16min late,18:17,12min early,2h 10m,Landed
2025-09-02,VA92,VOZ092,Virgin Australia,Melbourne,MEL,YMML,15:50,07:50,15:51,on time,23:25,on time,5h 34m,Landed
2025-09-02,GA411,GIA411,Garuda Indonesia,Jakarta,CGK,WIII,15:55,07:55,16:46,51min late,17:15,15min late,1h 29m,Landed
2025-09-02,ID8335,BTK8335,Batik Air,Labuan Bajo,LBJ,WATO,15:55,07:55,16:12,17min late,17:07,2min late,54m,Landed
2025-09-02,VN640,HVN640,Vietnam Airlines,Ho Chi Minh City,SGN,VVTS,16:00,08:00,17:18,18min late,19:36,56min late,3h 18m,Landed
2025-09-02,CX784,CPA784,Cathay Pacific,Hong Kong,HKG,VHHH,16:10,08:10,16:14,4min late,20:48,36min early,4h 34m,Landed
2025-09-02,QZ807,AWQ807,Indonesia AirAsia,Jakarta,CGK,WIII,16:10,08:10,16:30,20min late,17:06,8min early,1h 36m,Landed
2025-09-02,QZ536,AWQ536,Indonesia AirAsia,Perth,PER,YPPH,16:15,08:15,16:24,9min late,19:50,19min early,3h 26m,Landed
2025-09-02,QG195,CTV195,Citilink,Jakarta,HLP,WIHH,16:20,08:20,16:26,6min late,16:58,38min late,1h 31m,Landed
2025-09-02,JT925,LNI925,Lion Air,Surakarta,SOC,WAHQ,16:25,08:25,18:02,37min late,18:11,26min late,1h 9m,Landed
2025-09-02,MH850,MAS850,Malaysia Airlines,Kuala Lumpur,KUL,WMKK,16:25,08:25,16:49,24min late,19:47,12min late,2h 58m,Landed
2025-09-02,BR256,EVA256,EVA Airways,Taipei,TPE,RCTP,16:30,08:30,16:59,29min late,22:23,23min late,5h 24m,Landed
2025-09-02,IU743,SJV743,SW Italia,Jakarta,CGK,WIII,16:30,08:30,17:32,2min late,18:07,42min late,1h 35m,Landed
2025-09-02,QG669,CTV669,Citilink,Surabaya,SUB,WARR,16:35,08:35,16:41,6min late,16:22,22min early,41m,Landed
2025-09-02,QZ246,AWQ246,Indonesia AirAsia,Phuket,HKT,VTSP,16:40,08:40,11:31,8min early,19:21,18min early,8h 49m,Landed
2025-09-02,HO1356,DKH1356,Juneyao Airlines,Shanghai,PVG,ZSPD,16:50,08:50,17:22,32min late,23:38,1min early,6h 15m,Landed
2025-09-02,JT567,LNI567,Lion Air,Yogyakarta,YIA,WAHI,16:50,08:50,17:24,34min late,17:35,15min late,1h 11m,Landed
2025-09-02,QZ556,AWQ556,Indonesia AirAsia,Kuala Lumpur,KUL,WMKK,16:55,08:55,15:33,21min early,21:57,47min late,6h 23m,Landed
2025-09-02,TG432,THA432,Thai Airways International,Bangkok,BKK,VTBS,16:55,08:55,17:21,26min late,20:07,2min late,3h 45m,Landed
2025-09-02,JT923,LNI923,Lion Air,Surabaya,SUB,WARR,17:05,09:05,18:02,57min late,17:46,41min late,43m,Landed
2025-09-02,VJ998,VJC998,VietJet Air,Hanoi,HAN,VVNB,17:30,09:30,17:53,23min late,21:17,27min early,4h 24m,Landed
2025-09-02,GA349,GIA349,Garuda Indonesia,Surabaya,SUB,WARR,17:35,09:35,17:57,22min late,17:47,2min late,50m,Landed
2025-09-02,IU759,SJV759,SW Italia,Jakarta,CGK,WIII,17:35,09:35,18:23,48min late,18:54,24min late,1h 31m,Landed
2025-09-02,GA419,GIA419,Garuda Indonesia,Jakarta,CGK,WIII,17:35,09:35,19:24,49min late,19:56,21min late,1h 32m,Landed
2025-09-02,IN281,,NAM Air,Jakarta,CGK,WIII,17:45,09:45,,,,,1h 40m,
2025-09-02,NZ291,ANZ291,Air New Zealand,Auckland,AKL,NZAA,17:50,09:50,18:11,21min late,05:34,4min late,7h 23m,Landed
2025-09-02,OD193,MXD193,Malindo Air,Perth,PER,YPPH,18:10,10:10,14:20,49min early,21:30,14min early,7h 9m,Landed
2025-09-02,GA417,GIA417,Garuda Indonesia,Jakarta,CGK,WIII,18:30,10:30,18:46,16min late,19:33,3min late,1h 46m,Landed
2025-09-02,JT27,,Lion Air,Jakarta,CGK,WIII,18:30,10:30,18:30,,19:00,24min early,1h 30m,Landed
2025-09-02,IN283,LKN283,NAM Air,Jakarta,CGK,WIII,18:30,10:30,19:00,30min late,19:32,22min late,1h 31m,Landed
2025-09-02,SL259,TLM259,Thai Lion Air,Bangkok,DMK,VTBD,18:40,10:40,19:30,50min late,22:16,16min late,3h 45m,Landed
2025-09-02,8B5109,TNU5109,TransNusa,Jakarta,CGK,WIII,18:45,10:45,20:01,16min late,20:43,13min late,1h 42m,Landed
2025-09-02,EY477,ETD477,Etihad Airways,Abu Dhabi,AUH,OMAA,18:45,10:45,18:49,4min late,23:08,21min early,8h 19m,Landed
2025-09-02,ID6415,BTK6415,Batik Air,Surabaya,SUB,WARR,18:45,10:45,20:17,32min late,20:02,17min late,45m,Landed
2025-09-02,CX782,CPA782,Cathay Pacific,Hong Kong,HKG,VHHH,18:45,10:45,18:46,on time,23:41,23min early,4h 55m,Landed
2025-09-02,QZ809,AWQ809,Indonesia AirAsia,Jakarta,CGK,WIII,18:50,10:50,19:11,21min late,19:47,2min late,1h 36m,Landed
2025-09-02,QG689,CTV689,Citilink,Jakarta,CGK,WIII,19:00,11:00,19:01,1min late,19:51,8min early,1h 50m,Landed
2025-09-02,TG440,THA440,Thai Airways International,Bangkok,BKK,VTBS,19:00,11:00,19:11,11min late,22:03,6min early,3h 52m,Landed
2025-09-02,AK379,AXM379,AirAsia,Kuala Lumpur,KUL,WMKK,19:15,11:15,19:31,16min late,22:23,3min late,2h 51m,Landed
2025-09-02,MH852,MAS852,Malaysia Airlines,Kuala Lumpur,KUL,WMKK,19:20,11:20,19:32,12min late,22:23,3min late,2h 50m,Landed
2025-09-02,QR963,QTR963,Qatar Airways,Doha,DOH,OTHH,19:20,11:20,19:54,34min late,23:40,on time,8h 45m,Landed
2025-09-02,ID7310,BTK7310,Batik Air,Jakarta,HLP,WIHH,19:25,11:25,19:38,13min late,20:31,21min late,1h 53m,Landed
2025-09-02,QG699,CTV699,Citilink,Surabaya,SUB,WARR,19:30,11:30,19:18,12min early,19:12,27min early,54m,Landed
2025-09-02,GA495,GIA495,Garuda Indonesia,Jakarta,CGK,WIII,19:30,11:30,20:29,59min late,20:56,26min late,1h 27m,Landed
2025-09-02,JT11,LNI011,Lion Air,Jakarta,CGK,WIII,19:35,11:35,20:12,37min late,20:50,20min late,1h 37m,Landed
2025-09-02,8B969,TNU969,Business Air,Guangzhou,CAN,ZGGG,19:40,11:40,19:56,16min late,00:49,10min early,4h 52m,Landed
2025-09-02,TR287,TGW287,Scoot,Singapore,SIN,WSSS,19:40,11:40,20:04,24min late,22:21,6min late,2h 16m,Landed
2025-09-02,EK369,UAE369,Emirates,Dubai,DXB,OMDB,19:45,11:45,20:05,20min late,00:27,22min early,8h 21m,Landed
2025-09-02,ID6413,,Batik Air,Surabaya,SUB,WARR,19:50,11:50,,,,,1h 0m,Cancelled
2025-09-02,SQ945,SIA945,Singapore Airlines,Singapore,SIN,WSSS,20:00,12:00,20:13,13min late,22:34,5min early,2h 20m,Landed
2025-09-02,GA415,GIA415,Garuda Indonesia,Jakarta,CGK,WIII,20:00,12:00,20:07,7min late,20:41,18min early,1h 34m,Landed
2025-09-02,QG9692,CTV9692,Citilink,Surabaya,SUB,WARR,20:20,12:20,20:20,on time,20:15,14min early,54m,Landed
2025-09-02,KL836,KLM836,KLM Royal Dutch Airlines,Singapore,SIN,WSSS,20:35,12:35,20:51,16min late,23:03,6min early,2h 11m,Landed
2025-09-02,GA463,GIA463,Garuda Indonesia,Jakarta,HLP,WIHH,20:40,12:40,21:01,21min late,21:39,4min late,1h 37m,Landed
2025-09-02,OD177,MXD177,Malindo Air,Melbourne,MEL,YMML,21:00,13:00,21:16,16min late,04:35,4min early,5h 19m,Landed
2025-09-02,GA425,GIA425,Garuda Indonesia,Jakarta,CGK,WIII,21:15,13:15,21:14,on time,21:55,14min early,1h 40m,Landed
2025-09-02,JQ34,JST034,Jetstar Airways,Melbourne,MEL,YMML,21:20,13:20,21:16,4min early,04:29,25min early,5h 13m,Landed
2025-09-02,QG342,CTV342,Citilink,Makassar,UPG,WAAA,21:20,13:20,21:10,9min early,22:27,22min late,1h 17m,Landed
2025-09-02,TK67,THY067,Turkish Airlines,Istanbul,IST,LTFM,21:20,13:20,21:26,6min late,04:31,44min early,12h 4m,Landed
2025-09-02,AK375,AXM375,AirAsia,Kuala Lumpur,KUL,WMKK,21:25,13:25,23:10,45min late,02:08,38min late,2h 58m,Landed
2025-09-02,JT15,LNI015,Lion Air,Jakarta,CGK,WIII,21:30,13:30,21:37,7min late,22:19,5min early,1h 42m,Landed
2025-09-02,ID6760,BTK6760,Batik Air,Makassar,UPG,WAAA,21:30,13:30,21:48,18min late,22:46,3min early,57m,Landed
2025-09-02,JQ117,JST117,Jetstar Airways,Perth,PER,YPPH,21:30,13:30,22:14,44min late,01:42,22min late,3h 28m,Landed
2025-09-02,SQ947,SIA947,Singapore Airlines,Singapore,SIN,WSSS,21:35,13:35,21:34,on time,23:49,15min early,2h 15m,Landed
2025-09-02,IP105,PAS105,Pelita Air Service,Jakarta,CGK,WIII,21:40,13:40,21:50,10min late,22:03,26min early,1h 13m,Landed
2025-09-02,QZ819,AWQ819,Indonesia AirAsia,Jakarta,CGK,WIII,21:40,13:40,00:09,29min late,00:45,15min late,1h 36m,Landed
2025-09-02,QZ546,AWQ546,Indonesia AirAsia,Perth,PER,YPPH,21:55,13:55,22:07,12min late,01:30,9min early,3h 23m,Landed
2025-09-02,OD157,MXD157,Malindo Air,Brisbane,BNE,YBBN,22:00,14:00,22:48,48min late,06:12,22min late,5h 23m,Landed
2025-09-02,GA718,GIA718,Garuda Indonesia,Melbourne,MEL,YMML,22:05,14:05,22:21,16min late,05:32,2min late,5h 11m,Landed
2025-09-02,JQ60,JST060,Jetstar Airways,Brisbane,BNE,YBBN,22:10,14:10,22:13,3min late,05:32,7min early,5h 19m,Landed
2025-09-02,QF44,QFA044,Qantas,Sydney,SYD,YSSY,22:10,14:10,22:52,42min late,06:18,13min late,5h 26m,Landed
2025-09-02,OD171,MXD171,Malindo Air,Sydney,SYD,YSSY,22:15,14:15,22:38,23min late,06:14,9min late,5h 36m,Landed
2025-09-02,JQ38,JST038,Jetstar Airways,Sydney,SYD,YSSY,22:35,14:35,22:28,7min early,06:09,20min early,5h 41m,Landed
2025-09-02,7C2712,JJA2712,Jeju Air,Seoul,ICN,RKSI,22:45,14:45,02:16,31min late,07:01,8min early,3h 45m,Landed
2025-09-02,QZ811,AWQ811,Indonesia AirAsia,Jakarta,CGK,WIII,22:50,14:50,22:50,on time,23:27,12min early,1h 37m,Landed
2025-09-02,VA96,VOZ096,Virgin Australia,Melbourne,MEL,YMML,23:05,15:05,22:59,6min early,06:26,13min early,5h 27m,Landed
2025-09-02,JT3020,,Lion Air,Seoul,ICN,RKSI,23:05,15:05,23:05,on time,07:13,3min late,7h 7m,Landed
2025-09-02,VA82,VOZ082,Virgin Australia,Gold Coast,OOL,YBCG,23:20,15:20,23:40,20min late,07:13,18min late,5h 33m,Landed
2025-09-02,GA714,GIA714,Garuda Indonesia,Sydney,SYD,YSSY,23:25,15:25,23:38,13min late,07:19,9min late,5h 41m,Landed
2025-09-02,JQ36,JST036,Jetstar Airways,Melbourne,MEL,YMML,23:30,15:30,23:18,12min early,06:32,32min early,5h 14m,Landed
2025-09-02,VA68,VOZ068,Virgin Australia,Sydney,SYD,YSSY,23:35,15:35,23:28,7min early,07:06,38min early,5h 38m,Landed
2025-09-02,KE634,KAL634,Korean Air Lines,Seoul,ICN,RKSI,23:45,15:45,23:40,5min early,07:24,30min early,6h 44m,Landed
2025-09-02,JQ128,JST128,Jetstar Airways,Adelaide,ADL,YPAD,23:55,15:55,00:38,43min late,06:39,24min late,4h 30m,Landed
2025-09-03,BX602,ABL602,Air Busan,Busan,PUS,RKPK,00:05,16:05,06:26,21min late,12:49,39min late,5h 22m,Landed
2025-09-03,GA880,GIA880,Garuda Indonesia,Tokyo,NRT,RJAA,00:20,16:20,00:30,10min late,01:30,19min early,0m,Landed
2025-09-03,QZ548,AWQ548,Indonesia AirAsia,Perth,PER,YPPH,00:25,16:25,00:06,18min early,03:44,30min early,3h 38m,Landed
2025-09-03,MF892,CXA892,Xiamen Airlines,Xiamen,XMN,ZSAM,00:30,16:30,00:54,24min late,06:33,28min late,5h 39m,Landed
2025-09-03,CZ626,CSN626,China Southern Airlines,Guangzhou,CAN,ZGGG,00:30,16:30,00:42,12min late,05:19,30min early,4h 37m,Landed
2025-09-03,EK399,UAE399,Emirates,Dubai,DXB,OMDB,00:35,16:35,00:30,4min early,05:13,21min early,8h 43m,Landed
2025-09-03,QR961,QTR961,Qatar Airways,Doha,DOH,OTHH,00:35,16:35,00:32,3min early,04:25,29min early,8h 53m,Landed
2025-09-03,KE630,KAL630,Korean Air Lines,Seoul,ICN,RKSI,00:50,16:50,00:56,6min late,08:38,41min early,6h 42m,Landed
2025-09-03,PR538,PAL538,Philippine Airlines,Manila,MNL,RPLL,00:55,16:55,01:07,12min late,04:56,6min late,3h 49m,Landed
2025-09-03,MU5030,CES5030,China Eastern Airlines,Shanghai,PVG,ZSPD,00:55,16:55,00:42,13min early,06:55,4min early,6h 13m,Landed
2025-09-03,GA870,GIA870,Garuda Indonesia,Seoul,ICN,RKSI,01:15,17:15,01:35,20min late,09:31,16min late,6h 56m,Landed
2025-09-03,8B5888,,Business Air,Manado,MDC,WAMM,01:30,17:30,,,,,2h 35m,
2025-09-03,JQ82,JST082,Jetstar Airways,Darwin,DRW,YPDN,07:00,23:00,07:12,12min late,08:42,32min early,0m,Landed
2025-09-03,JT3569,LNI3569,Lion Air,Yogyakarta,YIA,WAHI,07:00,23:00,07:23,23min late,06:23,6min early,0m,Landed
2025-09-03,JT929,LNI929,Lion Air,Surabaya,SUB,WARR,07:00,23:00,07:29,29min late,07:10,10min late,41m,Landed
2025-09-03,GA401,GIA401,Garuda Indonesia,Jakarta,CGK,WIII,07:00,23:00,07:34,34min late,08:09,9min late,1h 34m,Landed
2025-09-03,QZ550,AWQ550,Indonesia AirAsia,Kuala Lumpur,KUL,WMKK,07:00,23:00,07:15,15min late,09:54,5min early,2h 39m,Landed
2025-09-03,JT944,,Lion Air,Makassar,UPG,WAAA,07:00,23:00,07:00,on time,08:19,on time,1h 19m,Landed
2025-09-03,JT856,,Lion Air,Surabaya,SUB,WARR,07:00,23:00,07:00,on time,06:59,1min early,59m,Landed
2025-09-03,JT746,LNI746,Lion Air,Makassar,UPG,WAAA,07:00,23:00,07:36,36min late,08:36,16min late,59m,Landed
2025-09-03,QZ534,AWQ534,Indonesia AirAsia,Perth,PER,YPPH,07:05,23:05,07:01,3min early,10:54,5min early,3h 53m,Landed
2025-09-03,QG690,CTV690,Citilink,Surabaya,SUB,WARR,07:05,23:05,07:19,14min late,07:00,4min early,41m,Landed
2025-09-03,QZ502,AWQ502,Indonesia AirAsia,Singapore,SIN,WSSS,07:10,23:10,07:05,4min early,09:20,29min early,2h 14m,Landed
2025-09-03,SQ949,SIA949,Singapore Airlines,Singapore,SIN,WSSS,07:10,23:10,07:39,29min late,09:49,11min early,2h 9m,Landed
2025-09-03,QZ644,AWQ644,Indonesia AirAsia,Labuan Bajo,LBJ,WATO,07:10,23:10,07:25,15min late,08:14,on time,49m,Landed
2025-09-03,QZ813,AWQ813,Indonesia AirAsia,Jakarta,CGK,WIII,07:15,23:15,07:43,28min late,08:12,2min late,1h 28m,Landed
2025-09-03,QG663,CTV663,Citilink,Jakarta,CGK,WIII,07:45,23:45,07:50,5min late,08:35,on time,1h 44m,Landed
2025-09-03,IW1854,WON1854,Wings Air,Lombok,LOP,WADL,08:00,00:00,08:10,10min late,08:32,12min early,22m,Landed
2025-09-03,JT21,LNI021,Lion Air,Jakarta,CGK,WIII,08:05,00:05,08:35,30min late,09:11,11min late,1h 35m,Landed
2025-09-03,HX706,CRK706,Hong Kong Airlines,Hong Kong,HKG,VHHH,08:15,00:15,08:20,5min late,13:03,16min early,4h 43m,Landed
2025-09-03,IW1850,WON1850,Wings Air,Lombok,LOP,WADL,08:35,00:35,08:38,3min late,08:59,20min early,21m,Landed
2025-09-03,5J280,CEB280,CEBU Pacific Air,Manila,MNL,RPLL,08:35,00:35,08:54,19min late,12:41,8min early,3h 47m,Landed
2025-09-03,CZ8482,CSN8482,China Southern Airlines,Guangzhou,CAN,ZGGG,08:40,00:40,08:45,5min late,13:24,25min early,4h 39m,Landed
2025-09-03,IU703,SJV703,SW Italia,Surabaya,SUB,WARR,08:40,00:40,08:15,24min early,07:57,42min early,42m,Landed
2025-09-03,QZ504,AWQ504,Indonesia AirAsia,Singapore,SIN,WSSS,09:00,01:00,09:01,on time,11:14,31min early,2h 13m,Landed
2025-09-03,8B80,TNU080,Business Air,Perth,PER,YPPH,09:05,01:05,09:05,on time,12:48,6min early,3h 43m,Landed
2025-09-03,IW1832,WON1832,Wings Air,Tambolaka,TMC,WADT,09:10,01:10,13:17,7min late,14:24,49min late,1h 7m,Landed
2025-09-03,IW1856,WON1856,Wings Air,Lombok,LOP,WADL,09:10,01:10,09:25,15min late,09:50,4min early,25m,Landed
2025-09-03,8B5105,TNU5105,Business Air,Jakarta,CGK,WIII,09:10,01:10,08:29,40min early,08:56,3min early,1h 26m,Landed
2025-09-03,IN640,LKN640,Nam Air,Tambolaka,TMC,WADT,09:10,01:10,09:29,19min late,10:12,2min late,42m,Landed
2025-09-03,ID6007,BTK6007,Batik Air,Perth,PER,YPPH,09:25,01:25,09:32,7min late,13:05,9min early,3h 33m,Landed
2025-09-03,QG500,CTV500,Citilink,Dili,DIL,WPDL,09:30,01:30,09:12,18min early,12:01,18min early,1h 49m,Landed
2025-09-03,JT31,,Lion Air,Jakarta,CGK,WIII,09:30,01:30,,,,,1h 55m,Cancelled
2025-09-03,QZ803,AWQ803,Indonesia AirAsia,Jakarta,CGK,WIII,09:40,01:40,09:31,8min early,10:12,17min early,1h 40m,Landed
2025-09-03,QR965,QTR965,Qatar Airways,Doha,DOH,OTHH,09:55,01:55,10:23,28min late,14:09,10min early,8h 46m,Landed
2025-09-03,JT273,LNI273,Lion Air,Semarang,SRG,WIIS,10:00,02:00,10:01,1min late,10:00,24min early,58m,Landed
2025-09-03,IW1882,WON1882,Wings Air,Sumbawa Besar,SWQ,WADS,10:00,02:00,10:22,22min late,11:05,5min late,43m,Landed
2025-09-03,AI2146,AIC2146,Air India,Delhi,DEL,VIDP,10:00,02:00,10:02,2min late,15:43,8min late,8h 10m,Landed
2025-09-03,SU297,AFL297,Aeroflot,Moscow,SVO,UUEE,10:05,02:05,21:35,30min late,17:35,39min early,59m,Landed
2025-09-03,SQ935,SIA935,Singapore Airlines,Singapore,SIN,WSSS,10:05,02:05,10:09,4min late,12:34,11min early,2h 24m,Landed
2025-09-03,8B5101,TNU5101,Business Air,Jakarta,CGK,WIII,10:25,02:25,10:27,2min late,10:58,16min early,1h 30m,Landed
2025-09-03,JT33,LNI033,Lion Air,Jakarta,CGK,WIII,10:30,02:30,10:22,7min early,10:49,35min early,1h 27m,Landed
2025-09-03,QZ815,AWQ815,Indonesia AirAsia,Jakarta,CGK,WIII,10:35,02:35,10:50,15min late,11:18,11min early,1h 28m,Landed
2025-09-03,8G182,DTL182,Mid Africa Aviation,Dili,DIL,WPDL,10:35,02:35,10:40,5min late,13:20,9min early,1h 40m,Landed
2025-09-03,TR281,TGW281,Scoot,Singapore,SIN,WSSS,10:50,02:50,10:51,1min late,13:16,13min early,2h 24m,Landed
2025-09-03,JT924,LNI924,Lion Air,Kupang,KOE,WATT,11:05,03:05,11:31,26min late,13:05,20min late,1h 34m,Landed
2025-09-03,JT805,LNI805,Lion Air,Surabaya,SUB,WARR,11:05,03:05,11:19,14min late,11:02,2min early,42m,Landed
2025-09-03,QG9193,CTV9193,Citilink,Jakarta,HLP,WIHH,11:10,03:10,10:59,10min early,11:58,1min early,1h 59m,Landed
2025-09-03,JQ126,JST126,Jetstar Airways,Adelaide,ADL,YPAD,11:15,03:15,11:09,6min early,17:27,2min early,4h 48m,Landed
2025-09-03,6E1606,IGO1606,IndiGo,Bangalore,BLR,VOBL,11:20,03:20,11:37,17min late,15:12,2min late,6h 4m,Landed
2025-09-03,JQ109,JST109,Jetstar Airways,Perth,PER,YPPH,11:40,03:40,11:51,11min late,15:20,4min early,3h 29m,Landed
2025-09-03,JQ32,JST032,Jetstar Airways,Melbourne,MEL,YMML,11:55,03:55,11:45,10min early,19:07,22min early,5h 22m,Landed
2025-09-03,OD192,MXD192,Malindo Air,Kuala Lumpur,KUL,WMKK,11:55,03:55,12:47,52min late,15:29,24min late,2h 42m,Landed
2025-09-03,JT569,LNI569,Lion Air,Yogyakarta,YIA,WAHI,11:55,03:55,11:52,3min early,12:02,22min early,1h 10m,Landed
2025-09-03,FD397,AIQ397,Thai AirAsia,Bangkok,DMK,VTBD,12:00,04:00,12:12,12min late,15:13,21min early,4h 1m,Landed
2025-09-03,GA407,GIA407,Garuda Indonesia,Jakarta,CGK,WIII,12:00,04:00,12:00,on time,12:44,10min early,1h 44m,Landed
2025-09-03,QZ618,AWQ618,Indonesia AirAsia,Banjarmasin,BDJ,WAOO,12:05,04:05,12:14,9min late,13:15,14min early,1h 0m,Landed
2025-09-03,GA253,GIA253,Garuda Indonesia,Yogyakarta,YIA,WAHI,12:05,04:05,12:37,32min late,12:40,14min early,1h 2m,Landed
2025-09-03,SQ937,SIA937,Singapore Airlines,Singapore,SIN,WSSS,12:10,04:10,12:05,4min early,14:29,25min early,2h 23m,Landed
2025-09-03,QG9696,CTV9696,Citilink,Surabaya,SUB,WARR,12:15,04:15,12:01,13min early,11:38,41min early,36m,Landed
2025-09-03,IN7742,LKN7742,Nam Air,Tambolaka,TMC,WADT,12:20,04:20,12:26,6min late,13:10,9min early,44m,Landed
2025-09-03,SJ742,,Sriwijaya Air,Tambolaka,TMC,WADT,12:20,04:20,,,,,1h 0m,
2025-09-03,JQ40,JST040,Jetstar Airways,Sydney,SYD,YSSY,12:20,04:20,12:14,6min early,19:43,31min early,5h 29m,Landed
2025-09-03,OD178,MXD178,Malindo Air,Kuala Lumpur,KUL,WMKK,12:25,04:25,14:21,56min late,15:22,12min early,1h 1m,Landed
2025-09-03,D7795,,AirAsia X,Kuala Lumpur,KUL,WMKK,12:30,04:30,,,,,3h 15m,Cancelled
2025-09-03,QZ805,AWQ805,Indonesia AirAsia,Jakarta,CGK,WIII,12:40,04:40,12:57,17min late,13:37,2min early,1h 39m,Landed
2025-09-03,IW1848,WON1848,Wings Air,Lombok,LOP,WADL,12:45,04:45,12:54,9min late,13:18,11min early,24m,Landed
2025-09-03,OD158,MXD158,Malindo Air,Kuala Lumpur,KUL,WMKK,12:45,04:45,13:31,46min late,16:16,21min late,2h 45m,Landed
2025-09-03,IP103,PAS103,Pelita Air Service,Jakarta,CGK,WIII,12:45,04:45,12:53,8min late,13:32,7min early,1h 39m,Landed
2025-09-03,ID7308,BTK7308,Batik Air,Jakarta,HLP,WIHH,12:50,04:50,13:04,14min late,13:35,on time,1h 30m,Landed
2025-09-03,MH714,MAS714,Malaysia Airlines,Kuala Lumpur,KUL,WMKK,12:55,04:55,13:10,15min late,16:16,16min late,3h 6m,Landed
2025-09-03,8B82,TNU082,Business Air,Perth,PER,YPPH,12:55,04:55,11:04,50min early,17:01,6min late,5h 57m,Landed
2025-09-03,SQ939,SIA939,Singapore Airlines,Singapore,SIN,WSSS,13:05,05:05,15:17,12min late,17:47,57min late,2h 30m,Landed
2025-09-03,JT35,LNI035,Lion Air,Jakarta,CGK,WIII,13:10,05:10,14:47,37min late,15:17,12min late,1h 30m,Landed
2025-09-03,VJ900,VJC900,VietJet Air,Hanoi,HAN,VVNB,13:10,05:10,13:13,3min late,16:44,35min early,4h 31m,Landed
2025-09-03,OD172,MXD172,Malindo Air,Kuala Lumpur,KUL,WMKK,13:15,05:15,14:02,47min late,16:42,17min late,2h 39m,Landed
2025-09-03,JQ58,JST058,Jetstar Airways,Brisbane,BNE,YBBN,13:15,05:15,13:18,3min late,20:36,8min early,5h 18m,Landed
2025-09-03,JT740,LNI740,Lion Air,Makassar,UPG,WAAA,13:20,05:20,14:19,59min late,15:11,31min late,51m,Landed
2025-09-03,IW1834,WON1834,Wings Air,Tambolaka,TMC,WADT,13:20,05:20,13:17,2min early,14:23,21min early,1h 6m,Landed
2025-09-03,JT660,LNI660,Lion Air,Balikpapan,BPN,WALL,13:25,05:25,13:48,23min late,15:16,6min late,1h 27m,Landed
2025-09-03,GA409,GIA409,Garuda Indonesia,Jakarta,CGK,WIII,13:25,05:25,13:49,24min late,14:30,5min late,1h 41m,Landed
2025-09-03,D7799,XAX799,AirAsia X,Kuala Lumpur,KUL,WMKK,13:35,05:35,13:59,24min late,16:43,6min early,2h 44m,Landed
2025-09-03,IW1826,WON1826,Wings Air,Bima,BMU,WADB,13:40,05:40,13:40,on time,14:45,19min early,1h 4m,Landed
2025-09-03,ID7135,BTK7135,Batik Air,Singapore,SIN,WSSS,13:45,05:45,14:17,32min late,16:44,4min late,2h 27m,Landed
2025-09-03,JT25,,Lion Air,Jakarta,CGK,WIII,14:00,06:00,,,,,1h 55m,Cancelled
2025-09-03,TR289,TGW289,Scoot,Singapore,SIN,WSSS,14:00,06:00,14:14,14min late,16:49,10min early,2h 35m,Landed
2025-09-03,VJ894,VJC894,VietJet Air,Ho Chi Minh City,SGN,VVTS,14:05,06:05,14:08,3min late,16:27,27min early,3h 19m,Landed
2025-09-03,ID7637,BTK7637,Batik Air,Bangkok,DMK,VTBD,14:15,06:15,15:28,13min late,18:17,32min late,3h 48m,Landed
2025-09-03,QZ246,AWQ246,Indonesia AirAsia,Phuket,HKT,VTSP,14:15,06:15,14:25,10min late,17:11,3min early,3h 46m,Landed
2025-09-03,JT844,LNI844,Lion Air,Banjarmasin,BDJ,WAOO,14:35,06:35,14:57,22min late,15:57,2min early,1h 0m,Landed
2025-09-03,IW1884,WON1884,Wings Air,Waingapu,WGP,WADW,14:40,06:40,14:52,12min late,16:16,13min early,1h 23m,Landed
2025-09-03,QG681,CTV681,Citilink,Jakarta,CGK,WIII,14:40,06:40,14:51,11min late,15:38,3min late,1h 47m,Landed
2025-09-03,AK377,AXM377,AirAsia,Kuala Lumpur,KUL,WMKK,14:45,06:45,15:15,30min late,18:23,28min late,3h 8m,Landed
2025-09-03,OD307,MXD307,Malindo Air,Kuala Lumpur,KUL,WMKK,14:50,06:50,16:48,58min late,19:42,52min late,2h 54m,Landed
2025-09-03,JT614,,Lion Air,Jakarta,CGK,WIII,14:50,06:50,14:50,on time,15:41,3min early,1h 51m,Landed
2025-09-03,JT23,LNI023,Lion Air,Jakarta,CGK,WIII,15:00,07:00,16:17,17min late,16:53,58min late,1h 36m,Landed
2025-09-03,JT271,LNI271,Lion Air,Semarang,SRG,WIIS,15:05,07:05,15:27,22min late,15:27,2min early,1h 0m,Landed
2025-09-03,QZ244,AWQ244,Indonesia AirAsia,Bangkok,DMK,VTBD,15:10,07:10,16:27,17min late,19:21,51min late,3h 54m,Landed
2025-09-03,8B5103,,TransNusa,Jakarta,CGK,WIII,15:10,07:10,,,,,1h 45m,
2025-09-03,GA842,GIA842,Garuda Indonesia,Singapore,SIN,WSSS,15:15,07:15,15:19,4min late,18:05,5min late,2h 46m,Landed
2025-09-03,VA50,VOZ050,Virgin Australia,Brisbane,BNE,YBBN,15:15,07:15,15:11,4min early,22:48,11min early,5h 37m,Landed
2025-09-03,VJ898,VJC898,VietJet Air,Ho Chi Minh City,SGN,VVTS,15:30,07:30,15:41,11min late,17:52,27min early,3h 11m,Landed
2025-09-03,ID6335,BTK6335,Batik Air,Labuan Bajo,LBJ,WATO,15:35,07:35,15:49,14min late,16:41,3min early,52m,Landed
2025-09-03,CI772,CAL772,China Airlines,Taipei,TPE,RCTP,15:40,07:40,19:00,20min late,20:41,23min early,1h 41m,Landed
2025-09-03,IP109,PAS109,Pelita Air Service,Jakarta,CGK,WIII,15:45,07:45,15:57,12min late,16:32,2min early,1h 34m,Landed
2025-09-03,QZ646,AWQ646,Indonesia AirAsia,Labuan Bajo,LBJ,WATO,15:45,07:45,16:45,0min late,17:35,35min late,50m,Landed
2025-09-03,VA92,VOZ092,Virgin Australia,Melbourne,MEL,YMML,15:50,07:50,15:39,11min early,23:07,17min early,5h 28m,Landed
2025-09-03,JQ43,JST043,Jetstar Airways,Singapore,SIN,WSSS,15:50,07:50,15:55,5min late,18:37,7min late,2h 42m,Landed
2025-09-03,ID8335,BTK8335,Batik Air,Labuan Bajo,LBJ,WATO,15:55,07:55,16:35,40min late,17:28,23min late,52m,Landed
2025-09-03,JQ44,JST044,Jetstar Airways,Melbourne,MEL,YMML,15:55,07:55,16:05,10min late,23:26,3min early,5h 20m,Landed
2025-09-03,GA411,GIA411,Garuda Indonesia,Jakarta,CGK,WIII,15:55,07:55,16:06,11min late,16:55,4min early,1h 48m,Landed
2025-09-03,SJ717,,Sriwijaya Air,Makassar,UPG,WAAA,16:00,08:00,,,,,1h 20m,
2025-09-03,VN640,HVN640,Vietnam Airlines,Ho Chi Minh City,SGN,VVTS,16:00,08:00,16:31,31min late,19:03,23min late,3h 32m,Landed
2025-09-03,CX784,CPA784,Cathay Pacific,Hong Kong,HKG,VHHH,16:10,08:10,16:06,4min early,20:41,43min early,4h 35m,Landed
2025-09-03,QZ807,AWQ807,Indonesia AirAsia,Jakarta,CGK,WIII,16:10,08:10,16:29,19min late,16:59,15min early,1h 30m,Landed
2025-09-03,QZ536,AWQ536,Indonesia AirAsia,Perth,PER,YPPH,16:15,08:15,16:58,43min late,20:28,18min late,3h 30m,Landed
2025-09-03,QG195,CTV195,Citilink,Jakarta,HLP,WIHH,16:20,08:20,16:32,12min late,17:11,51min late,1h 39m,Landed
2025-09-03,MH850,MAS850,Malaysia Airlines,Kuala Lumpur,KUL,WMKK,16:25,08:25,17:10,45min late,20:06,31min late,2h 55m,Landed
2025-09-03,JT925,LNI925,Lion Air,Surakarta,SOC,WAHQ,16:25,08:25,16:52,27min late,16:51,6min late,58m,Landed
2025-09-03,IU743,SJV743,SW Italia,Jakarta,CGK,WIII,16:30,08:30,17:28,58min late,17:55,30min late,1h 27m,Landed
2025-09-03,BR256,EVA256,EVA Airways,Taipei,TPE,RCTP,16:30,08:30,17:56,26min late,22:13,13min late,4h 17m,Landed
2025-09-03,QG669,CTV669,Citilink,Surabaya,SUB,WARR,16:35,08:35,16:34,on time,16:32,12min early,58m,Landed
2025-09-03,JT744,LNI744,Lion Air,Makassar,UPG,WAAA,16:40,08:40,17:47,7min late,18:46,56min late,59m,Landed
2025-09-03,QZ642,AWQ642,Indonesia AirAsia,Labuan Bajo,LBJ,WATO,16:45,08:45,20:04,19min late,20:55,0min late,51m,Landed
2025-09-03,IU273,SJV273,SW Italia,Pontianak,PNK,WIOO,16:50,08:50,17:34,44min late,18:02,12min late,1h 28m,Landed
2025-09-03,JT567,,Lion Air,Yogyakarta,YIA,WAHI,16:50,08:50,,,,,1h 30m,Cancelled
2025-09-03,HO1356,DKH1356,Juneyao Airlines,Shanghai,PVG,ZSPD,16:50,08:50,16:56,6min late,23:14,25min early,6h 18m,Landed
2025-09-03,TG432,THA432,Thai Airways International,Bangkok,BKK,VTBS,16:55,08:55,16:53,1min early,19:41,23min early,3h 48m,Landed
2025-09-03,JT923,,Lion Air,Surabaya,SUB,WARR,17:05,09:05,,,,,1h 0m,Cancelled
2025-09-03,VJ998,VJC998,VietJet Air,Hanoi,HAN,VVNB,17:30,09:30,17:24,5min early,21:00,44min early,4h 36m,Landed
2025-09-03,GA419,GIA419,Garuda Indonesia,Jakarta,CGK,WIII,17:35,09:35,17:44,9min late,18:19,15min early,1h 35m,Landed
2025-09-03,GA349,GIA349,Garuda Indonesia,Surabaya,SUB,WARR,17:35,09:35,17:42,7min late,17:25,19min early,43m,Landed
2025-09-03,IU759,,SW Italia,Jakarta,CGK,WIII,17:35,09:35,,,,,1h 55m,Cancelled
2025-09-03,D7793,XAX793,AirAsia X,Kuala Lumpur,KUL,WMKK,17:40,09:40,18:16,36min late,20:54,on time,2h 38m,Landed
2025-09-03,NZ291,ANZ291,Air New Zealand,Auckland,AKL,NZAA,17:50,09:50,17:51,on time,05:09,20min early,7h 18m,Landed
2025-09-03,OD193,MXD193,Malindo Air,Perth,PER,YPPH,18:10,10:10,14:13,56min early,22:05,20min late,7h 52m,Landed
2025-09-03,IN281,LKN281,Nam Air,Jakarta,CGK,WIII,18:30,10:30,18:21,9min early,18:56,14min early,1h 35m,Landed
2025-09-03,JT27,LNI027,Lion Air,Jakarta,CGK,WIII,18:30,10:30,19:04,34min late,19:37,12min late,1h 32m,Landed
2025-09-03,GA417,GIA417,Garuda Indonesia,Jakarta,CGK,WIII,18:30,10:30,18:35,5min late,19:24,5min early,1h 48m,Landed
2025-09-03,EY477,ETD477,Etihad Airways,Abu Dhabi,AUH,OMAA,18:45,10:45,19:01,16min late,23:21,8min early,8h 19m,Landed
2025-09-03,ID6415,BTK6415,Batik Air,Surabaya,SUB,WARR,18:45,10:45,19:25,40min late,19:04,19min late,38m,Landed
2025-09-03,8B5109,TNU5109,Business Air,Jakarta,CGK,WIII,18:45,10:45,19:13,28min late,19:51,21min late,1h 37m,Landed
2025-09-03,CX782,CPA782,Cathay Pacific,Hong Kong,HKG,VHHH,18:45,10:45,18:42,2min early,23:17,48min early,4h 34m,Landed
2025-09-03,QZ809,AWQ809,Indonesia AirAsia,Jakarta,CGK,WIII,18:50,10:50,19:53,3min late,20:22,37min late,1h 29m,Landed
2025-09-03,QG689,CTV689,Citilink,Jakarta,CGK,WIII,19:00,11:00,18:56,3min early,19:49,10min early,1h 52m,Landed
2025-09-03,TG440,THA440,Thai Airways International,Bangkok,BKK,VTBS,19:00,11:00,19:17,17min late,22:10,on time,3h 53m,Landed
2025-09-03,AK379,AXM379,AirAsia,Kuala Lumpur,KUL,WMKK,19:15,11:15,19:37,22min late,22:32,12min late,2h 55m,Landed
2025-09-03,MH852,MAS852,Malaysia Airlines,Kuala Lumpur,KUL,WMKK,19:20,11:20,19:16,4min early,22:09,10min early,2h 53m,Landed
2025-09-03,QR963,QTR963,Qatar Airways,Doha,DOH,OTHH,19:20,11:20,19:40,20min late,23:38,1min early,8h 58m,Landed
2025-09-03,ID7310,BTK7310,Batik Air,Jakarta,HLP,WIHH,19:25,11:25,19:45,20min late,20:23,13min late,1h 38m,Landed
2025-09-03,GA495,GIA495,Garuda Indonesia,Jakarta,CGK,WIII,19:30,11:30,20:15,45min late,20:51,21min late,1h 35m,Landed
2025-09-03,JT11,,Lion Air,Jakarta,CGK,WIII,19:35,11:35,,,,,1h 55m,Cancelled
2025-09-03,TR287,TGW287,Scoot,Singapore,SIN,WSSS,19:40,11:40,19:48,8min late,22:03,12min early,2h 14m,Landed
2025-09-03,8B969,TNU969,Business Air,Guangzhou,CAN,ZGGG,19:40,11:40,19:52,12min late,00:45,14min early,4h 53m,Landed
2025-09-03,EK369,UAE369,Emirates,Dubai,DXB,OMDB,19:45,11:45,20:03,18min late,00:35,14min early,8h 31m,Landed
2025-09-03,ID6413,BTK6413,Batik Air,Surabaya,SUB,WARR,19:50,11:50,20:13,23min late,19:52,2min late,39m,Landed
2025-09-03,ID6517,BTK6517,Batik Air,Jakarta,CGK,WIII,20:00,12:00,21:43,43min late,22:16,21min late,1h 32m,Landed
2025-09-03,GA415,GIA415,Garuda Indonesia,Jakarta,CGK,WIII,20:00,12:00,20:01,1min late,20:41,18min early,1h 40m,Landed
2025-09-03,SQ945,SIA945,Singapore Airlines,Singapore,SIN,WSSS,20:00,12:00,20:12,12min late,22:30,9min early,2h 17m,Landed
2025-09-03,QG699,CTV699,Citilink,Surabaya,SUB,WARR,20:10,12:10,19:14,55min early,18:43,56min early,29m,Landed
2025-09-03,QG9692,CTV9692,Citilink,Surabaya,SUB,WARR,20:20,12:20,20:09,11min early,20:12,17min early,1h 3m,Landed
2025-09-03,GA4074,GIA4074,Garuda Indonesia,Jakarta,CGK,WIII,20:20,12:20,23:06,46min late,23:39,19min late,1h 32m,Landed
2025-09-03,KL836,KLM836,KLM Royal Dutch Airlines,Singapore,SIN,WSSS,20:35,12:35,21:00,25min late,22:58,11min early,1h 58m,Landed
2025-09-03,GA463,GIA463,Garuda Indonesia,Jakarta,HLP,WIHH,20:40,12:40,21:05,25min late,21:49,14min late,1h 43m,Landed
2025-09-03,OD177,MXD177,Malindo Air,Melbourne,MEL,YMML,21:00,13:00,21:13,13min late,04:20,20min early,5h 6m,Landed
2025-09-03,JQ107,JST107,Jetstar Airways,Perth,PER,YPPH,21:10,13:10,22:34,24min late,02:01,6min late,3h 26m,Landed
2025-09-03,GA425,GIA425,Garuda Indonesia,Jakarta,CGK,WIII,21:15,13:15,18:01,46min late,17:49,39min late,47m,Landed
2025-09-03,TK67,THY067,Turkish Airlines,Istanbul,IST,LTFM,21:20,13:20,21:25,5min late,04:28,46min early,12h 2m,Landed
2025-09-03,JQ34,JST034,Jetstar Airways,Melbourne,MEL,YMML,21:20,13:20,21:23,3min late,04:32,22min early,5h 8m,Landed
2025-09-03,QG342,CTV342,Citilink,Makassar,UPG,WAAA,21:20,13:20,21:10,9min early,22:25,20min late,1h 14m,Landed
2025-09-03,AK375,AXM375,AirAsia,Kuala Lumpur,KUL,WMKK,21:25,13:25,21:51,26min late,00:55,25min late,3h 4m,Landed
2025-09-03,JQ117,JST117,Jetstar Airways,Perth,PER,YPPH,21:30,13:30,21:34,4min late,01:14,5min early,3h 40m,Landed
2025-09-03,JT15,LNI015,Lion Air,Jakarta,CGK,WIII,21:30,13:30,22:52,22min late,23:23,58min late,1h 30m,Landed
2025-09-03,ID6760,BTK6760,Batik Air,Makassar,UPG,WAAA,21:30,13:30,21:45,15min late,22:50,on time,1h 4m,Landed
2025-09-03,SQ947,SIA947,Singapore Airlines,Singapore,SIN,WSSS,21:35,13:35,21:33,1min early,23:51,13min early,2h 18m,Landed
2025-09-03,QZ819,AWQ819,Indonesia AirAsia,Jakarta,CGK,WIII,21:40,13:40,00:54,14min late,01:31,1min late,1h 36m,Landed
2025-09-03,IP105,PAS105,Pelita Air Service,Jakarta,CGK,WIII,21:40,13:40,21:39,on time,22:05,24min early,1h 26m,Landed
2025-09-03,QZ546,AWQ546,Indonesia AirAsia,Perth,PER,YPPH,21:55,13:55,01:22,27min late,04:51,11min late,3h 29m,Landed
2025-09-03,HH2212,,Air Hamburg,Tashkent,TAS,UTTT,22:00,14:00,,,,,9h 30m,Cancelled
2025-09-03,GA718,GIA718,Garuda Indonesia,Melbourne,MEL,YMML,22:05,14:05,22:26,21min late,00:26,3min early,0m,Landed
2025-09-03,QF44,QFA044,Qantas,Sydney,SYD,YSSY,22:10,14:10,22:20,10min late,06:02,2min early,5h 42m,Landed
2025-09-03,OD171,MXD171,Malindo Air,Sydney,SYD,YSSY,22:15,14:15,22:37,22min late,06:11,6min late,5h 34m,Landed
2025-09-03,JQ38,JST038,Jetstar Airways,Sydney,SYD,YSSY,22:35,14:35,23:47,12min late,07:20,50min late,5h 33m,Landed
2025-09-03,7C2712,JJA2712,Jeju Air,Seoul,ICN,RKSI,22:45,14:45,23:35,50min late,07:23,13min late,6h 47m,Landed
2025-09-03,QZ811,AWQ811,Indonesia AirAsia,Jakarta,CGK,WIII,22:50,14:50,00:47,57min late,01:13,33min late,1h 26m,Landed
2025-09-03,QF46,QFA046,Qantas,Melbourne,MEL,YMML,23:05,15:05,23:02,3min early,06:16,23min early,5h 14m,Landed
2025-09-03,VA96,VOZ096,Virgin Australia,Melbourne,MEL,YMML,23:05,15:05,23:39,34min late,07:12,32min late,5h 33m,Landed
2025-09-03,JT3020,,Lion Air,Seoul,ICN,RKSI,23:05,15:05,23:05,on time,07:08,1min early,7h 3m,Landed
2025-09-03,VA82,VOZ082,Virgin Australia,Gold Coast,OOL,YBCG,23:20,15:20,00:54,34min late,07:21,26min late,4h 26m,Landed
2025-09-03,GA714,GIA714,Garuda Indonesia,Sydney,SYD,YSSY,23:25,15:25,23:46,21min late,07:04,5min early,5h 18m,Landed
2025-09-03,JQ36,JST036,Jetstar Airways,Melbourne,MEL,YMML,23:30,15:30,00:01,31min late,07:01,3min early,4h 59m,Landed
2025-09-03,JQ91,JST091,Jetstar Airways,Cairns,CNS,YBCS,23:30,15:30,23:49,19min late,06:15,15min late,4h 26m,Landed
2025-09-03,VA68,VOZ068,Virgin Australia,Sydney,SYD,YSSY,23:35,15:35,00:14,39min late,07:47,2min late,5h 32m,Landed
2025-09-03,QZ542,AWQ542,Indonesia AirAsia,Cairns,CNS,YBCS,23:45,15:45,02:03,18min late,08:20,45min late,4h 16m,Landed
2025-09-03,JQ94,JST094,Jetstar Airways,Gold Coast,OOL,YBCG,23:45,15:45,23:52,7min late,07:09,5min early,5h 17m,Landed
2025-09-03,SV857,SVA857,Saudi Arabian Airlines,Singapore,SIN,WSSS,23:45,15:45,00:00,15min late,02:07,7min early,2h 7m,Landed
2025-09-03,QZ420,AWQ420,Indonesia AirAsia,Adelaide,ADL,YPAD,23:45,15:45,00:13,28min late,06:18,6min early,4h 34m,Landed
2025-09-03,KE634,KAL634,Korean Air Lines,Seoul,ICN,RKSI,23:45,15:45,23:39,6min early,07:31,23min early,6h 52m,Landed
2025-09-03,JQ128,JST128,Jetstar Airways,Adelaide,ADL,YPAD,23:55,15:55,00:17,22min late,06:11,1min late,4h 24m,Landed
2025-09-04,BX602,ABL602,Air Busan,Busan,PUS,RKPK,00:05,16:05,06:26,21min late,12:49,39min late,5h 22m,Landed
2025-09-04,GA880,GIA880,Garuda Indonesia,Tokyo,NRT,RJAA,00:20,16:20,00:48,28min late,08:54,4min late,7h 6m,Landed
2025-09-04,MF892,CXA892,Xiamen Airlines,Xiamen,XMN,ZSAM,00:30,16:30,00:20,10min early,05:48,16min early,5h 28m,Landed
2025-09-04,CZ626,CSN626,China Southern Airlines,Guangzhou,CAN,ZGGG,00:30,16:30,00:34,4min late,05:43,6min early,5h 9m,Landed
2025-09-04,QR961,QTR961,Qatar Airways,Doha,DOH,OTHH,00:35,16:35,00:22,12min early,03:54,0min early,8h 32m,Landed
2025-09-04,EK399,UAE399,Emirates,Dubai,DXB,OMDB,00:35,16:35,00:40,5min late,05:13,21min early,8h 32m,Landed
2025-09-04,KE630,KAL630,Korean Air Lines,Seoul,ICN,RKSI,00:50,16:50,01:08,18min late,08:52,27min early,6h 43m,Landed
2025-09-04,PR538,PAL538,Philippine Airlines,Manila,MNL,RPLL,00:55,16:55,00:55,on time,04:46,3min early,3h 51m,Landed
2025-09-04,MU5030,CES5030,China Eastern Airlines,Shanghai,PVG,ZSPD,00:55,16:55,00:48,7min early,07:52,2min early,7h 4m,Landed
2025-09-04,5J282,CEB282,CEBU Pacific Air,Manila,MNL,RPLL,01:00,17:00,01:02,2min late,04:42,42min early,3h 40m,Landed
2025-09-04,SJ726,,Sriwijaya Air,Makassar,UPG,WAAA,01:00,17:00,,,,,1h 20m,
2025-09-04,QZ548,AWQ548,Indonesia AirAsia,Perth,PER,YPPH,01:05,17:05,01:35,30min late,05:05,10min late,3h 30m,Landed
2025-09-04,GA870,GIA870,Garuda Indonesia,Seoul,ICN,RKSI,01:15,17:15,01:20,5min late,09:04,10min early,6h 43m,Landed
2025-09-04,8B5888,TNU5888,Business Air,Manado,MDC,WAMM,01:30,17:30,01:39,9min late,03:50,14min early,2h 11m,Landed
2025-09-04,JT3569,LNI3569,Lion Air,Yogyakarta,YIA,WAHI,07:00,23:00,07:09,9min late,07:18,11min early,1h 8m,Landed
2025-09-04,JT944,,Lion Air,Makassar,UPG,WAAA,07:00,23:00,07:00,on time,08:20,on time,1h 20m,Landed
2025-09-04,JT929,LNI929,Lion Air,Surabaya,SUB,WARR,07:00,23:00,07:22,22min late,07:02,2min late,40m,Landed
2025-09-04,QZ550,AWQ550,Indonesia AirAsia,Kuala Lumpur,KUL,WMKK,07:00,23:00,08:01,1min late,10:41,41min late,2h 40m,Landed
2025-09-04,GA401,GIA401,Garuda Indonesia,Jakarta,CGK,WIII,07:00,23:00,07:26,26min late,07:55,4min early,1h 29m,Landed
2025-09-04,JT746,LNI746,Lion Air,Makassar,UPG,WAAA,07:00,23:00,07:17,17min late,08:20,on time,1h 3m,Landed
2025-09-04,JQ82,JST082,Jetstar Airways,Darwin,DRW,YPDN,07:00,23:00,07:20,20min late,11:07,7min early,2h 17m,Landed
2025-09-04,JT856,,Lion Air,Surabaya,SUB,WARR,07:00,23:00,07:00,on time,06:58,2min early,58m,Landed
2025-09-04,QG690,CTV690,Citilink,Surabaya,SUB,WARR,07:05,23:05,06:52,13min early,06:47,17min early,55m,Landed
2025-09-04,QZ534,AWQ534,Indonesia AirAsia,Perth,PER,YPPH,07:05,23:05,07:05,on time,10:48,11min early,3h 43m,Landed
2025-09-04,QZ502,AWQ502,Indonesia AirAsia,Singapore,SIN,WSSS,07:10,23:10,06:01,8min early,12:42,52min late,6h 40m,Landed
2025-09-04,QZ644,AWQ644,Indonesia AirAsia,Labuan Bajo,LBJ,WATO,07:10,23:10,07:13,3min late,08:07,7min early,53m,Landed
2025-09-04,SQ949,SIA949,Singapore Airlines,Singapore,SIN,WSSS,07:10,23:10,07:30,20min late,07:30,29min early,0m,Landed
2025-09-04,QG663,CTV663,Citilink,Jakarta,CGK,WIII,07:45,23:45,07:56,11min late,08:36,1min late,1h 39m,Landed
2025-09-04,IW1854,WON1854,Wings Air,Lombok,LOP,WADL,08:00,00:00,09:22,22min late,08:25,19min early,,Landed
2025-09-04,JT21,LNI021,Lion Air,Jakarta,CGK,WIII,08:05,00:05,08:22,17min late,08:54,5min early,1h 32m,Landed
2025-09-04,HX706,CRK706,Hong Kong Airlines,Hong Kong,HKG,VHHH,08:15,00:15,08:31,16min late,13:23,3min late,4h 52m,Landed
2025-09-04,IW1850,WON1850,Wings Air,Lombok,LOP,WADL,08:35,00:35,08:39,4min late,09:03,16min early,24m,Landed
2025-09-04,5J280,CEB280,CEBU Pacific Air,Manila,MNL,RPLL,08:35,00:35,09:03,28min late,12:47,2min early,3h 44m,Landed
2025-09-04,IU703,SJV703,SW Italia,Surabaya,SUB,WARR,08:40,00:40,08:37,2min early,08:13,26min early,35m,Landed
2025-09-04,CZ8482,CSN8482,China Southern Airlines,Guangzhou,CAN,ZGGG,08:40,00:40,10:42,2min late,13:56,6min late,3h 14m,Landed
2025-09-04,QZ504,AWQ504,Indonesia AirAsia,Singapore,SIN,WSSS,09:00,01:00,10:47,47min late,13:00,15min late,2h 13m,Landed
2025-09-04,8B80,TNU080,Business Air,Perth,PER,YPPH,09:05,01:05,09:12,7min late,12:45,9min early,3h 32m,Landed
2025-09-04,IW1856,WON1856,Wings Air,Lombok,LOP,WADL,09:10,01:10,09:47,37min late,10:10,15min late,23m,Landed
2025-09-04,IN640,LKN640,Nam Air,Tambolaka,TMC,WADT,09:10,01:10,09:36,26min late,10:24,14min late,47m,Landed
2025-09-04,8B5105,TNU5105,Business Air,Jakarta,CGK,WIII,09:10,01:10,08:23,46min early,08:58,1min early,1h 34m,Landed
2025-09-04,IW1832,,Wings Air,Tambolaka,TMC,WADT,09:10,01:10,,,,,1h 25m,Cancelled
2025-09-04,ID6007,BTK6007,Batik Air,Perth,PER,YPPH,09:25,01:25,07:29,55min early,13:20,5min late,5h 51m,Landed
2025-09-04,JT31,LNI031,Lion Air,Jakarta,CGK,WIII,09:30,01:30,12:28,58min late,13:05,40min late,1h 37m,Landed
2025-09-04,QG500,CTV500,Citilink,Dili,DIL,WPDL,09:30,01:30,09:15,15min early,12:05,14min early,1h 50m,Landed
2025-09-04,QZ803,AWQ803,Indonesia AirAsia,Jakarta,CGK,WIII,09:40,01:40,09:58,18min late,10:24,5min early,1h 26m,Landed
2025-09-04,QR965,QTR965,Qatar Airways,Doha,DOH,OTHH,09:55,01:55,10:04,9min late,13:46,33min early,8h 41m,Landed
2025-09-04,JT270,LNI270,Lion Air,Kupang,KOE,WATT,10:00,02:00,10:14,14min late,11:39,on time,1h 25m,Landed
2025-09-04,IW1882,WON1882,Wings Air,Sumbawa Besar,SWQ,WADS,10:00,02:00,10:23,23min late,11:07,7min late,44m,Landed
2025-09-04,AI2146,AIC2146,Air India,Delhi,DEL,VIDP,10:00,02:00,10:29,29min late,15:44,9min late,7h 45m,Landed
2025-09-04,SQ935,SIA935,Singapore Airlines,Singapore,SIN,WSSS,10:05,02:05,10:08,3min late,12:29,15min early,2h 21m,Landed
2025-09-04,8B5101,TNU5101,TransNusa,Jakarta,CGK,WIII,10:25,02:25,09:33,51min early,10:04,10min early,1h 30m,Landed
2025-09-04,JT33,LNI033,Lion Air,Jakarta,CGK,WIII,10:30,02:30,14:05,35min late,14:51,26min late,1h 46m,Landed
2025-09-04,8G182,DTL182,Mid Africa Aviation,Dili,DIL,WPDL,10:35,02:35,11:08,33min late,13:43,13min late,1h 34m,Landed
2025-09-04,JT927,LNI927,Lion Air,Surakarta,SOC,WAHQ,10:40,02:40,11:48,8min late,11:50,50min late,1h 1m,Landed
2025-09-04,TR281,TGW281,Scoot,Singapore,SIN,WSSS,10:50,02:50,11:19,29min late,13:52,22min late,2h 32m,Landed
2025-09-04,JT924,LNI924,Lion Air,Kupang,KOE,WATT,11:05,03:05,11:23,18min late,12:44,on time,1h 21m,Landed
2025-09-04,JT805,LNI805,Lion Air,Surabaya,SUB,WARR,11:05,03:05,12:04,59min late,11:44,39min late,40m,Landed
2025-09-04,6E1606,IGO1606,IndiGo,Bangalore,BLR,VOBL,11:20,03:20,11:34,14min late,14:59,10min early,5h 54m,Landed
2025-09-04,QZ780,AWQ780,Indonesia AirAsia,Balikpapan,BPN,WALL,11:25,03:25,12:08,43min late,13:23,18min late,1h 14m,Landed
2025-09-04,GA427,GIA427,Garuda Indonesia,Jakarta,CGK,WIII,11:25,03:25,11:32,7min late,12:12,12min early,1h 40m,Landed
2025-09-04,JQ111,JST111,Jetstar Airways,Perth,PER,YPPH,11:30,03:30,11:27,2min early,15:01,13min early,3h 34m,Landed
2025-09-04,JQ109,JST109,Jetstar Airways,Perth,PER,YPPH,11:40,03:40,11:36,4min early,15:23,1min early,3h 47m,Landed
2025-09-04,OD192,MXD192,Malindo Air,Kuala Lumpur,KUL,WMKK,11:55,03:55,12:24,29min late,14:53,11min early,2h 29m,Landed
2025-09-04,JT569,LNI569,Lion Air,Yogyakarta,YIA,WAHI,11:55,03:55,11:58,3min late,12:10,14min early,1h 12m,Landed
2025-09-04,JQ32,JST032,Jetstar Airways,Melbourne,MEL,YMML,11:55,03:55,12:06,11min late,19:28,1min early,5h 22m,Landed
2025-09-04,JQ40,JST040,Jetstar Airways,Sydney,SYD,YSSY,11:55,03:55,12:12,17min late,20:11,21min late,5h 59m,Landed
2025-09-04,GA407,GIA407,Garuda Indonesia,Jakarta,CGK,WIII,12:00,04:00,12:28,28min late,12:59,4min late,1h 31m,Landed
2025-09-04,FD397,AIQ397,Thai AirAsia,Bangkok,DMK,VTBD,12:00,04:00,12:54,54min late,15:50,15min late,3h 56m,Landed
2025-09-04,QZ540,AWQ540,Indonesia AirAsia,Darwin,DRW,YPDN,12:05,04:05,13:03,58min late,16:59,44min late,2h 26m,Landed
2025-09-04,GA253,GIA253,Garuda Indonesia,Yogyakarta,YIA,WAHI,12:05,04:05,12:45,40min late,12:59,4min late,1h 14m,Landed
2025-09-04,SQ937,SIA937,Singapore Airlines,Singapore,SIN,WSSS,12:10,04:10,12:37,27min late,14:56,1min late,2h 18m,Landed
2025-09-04,QG9696,CTV9696,Citilink,Surabaya,SUB,WARR,12:15,04:15,12:08,6min early,12:05,14min early,56m,Landed
2025-09-04,OD178,MXD178,Malindo Air,Kuala Lumpur,KUL,WMKK,12:25,04:25,12:49,24min late,15:25,9min early,2h 35m,Landed
2025-09-04,D7795,XAX795,AirAsia X,Kuala Lumpur,KUL,WMKK,12:30,04:30,12:58,28min late,15:30,14min early,2h 32m,Landed
2025-09-04,IP103,PAS103,Pelita Air Service,Jakarta,CGK,WIII,12:45,04:45,12:41,3min early,13:22,17min early,1h 41m,Landed
2025-09-04,IW1848,WON1848,Wings Air,Lombok,LOP,WADL,12:45,04:45,14:05,20min late,14:30,0min late,24m,Landed
2025-09-04,GA4074,GIA4074,Garuda Indonesia,Jakarta,CGK,WIII,12:45,04:45,13:09,24min late,13:41,3min early,1h 32m,Landed
2025-09-04,IN643,LKN643,NAM Air,Tambolaka,TMC,WADT,12:50,04:50,15:24,34min late,16:06,36min late,42m,Landed
2025-09-04,ID7308,BTK7308,Batik Air,Jakarta,HLP,WIHH,12:50,04:50,13:20,30min late,13:46,11min late,1h 25m,Landed
2025-09-04,MH714,MAS714,Malaysia Airlines,Kuala Lumpur,KUL,WMKK,12:55,04:55,13:16,21min late,16:12,12min late,2h 56m,Landed
2025-09-04,8B82,TNU082,Business Air,Perth,PER,YPPH,12:55,04:55,11:08,46min early,17:38,43min late,6h 29m,Landed
2025-09-04,SQ939,SIA939,Singapore Airlines,Singapore,SIN,WSSS,13:05,05:05,13:17,12min late,15:29,21min early,2h 11m,Landed
2025-09-04,VJ900,VJC900,VietJet Air,Hanoi,HAN,VVNB,13:10,05:10,13:02,7min early,16:54,25min early,4h 52m,Landed
2025-09-04,OD172,MXD172,Malindo Air,Kuala Lumpur,KUL,WMKK,13:15,05:15,14:05,50min late,16:41,16min late,2h 36m,Landed
2025-09-04,JQ58,JST058,Jetstar Airways,Brisbane,BNE,YBBN,13:15,05:15,14:23,8min late,21:49,4min late,5h 26m,Landed
2025-09-04,IW1834,WON1834,Wings Air,Tambolaka,TMC,WADT,13:20,05:20,13:48,28min late,14:55,10min late,1h 6m,Landed
2025-09-04,JT660,LNI660,Lion Air,Balikpapan,BPN,WALL,13:25,05:25,13:35,10min late,14:53,16min early,1h 18m,Landed
2025-09-04,JT35,LNI035,Lion Air,Jakarta,CGK,WIII,13:30,05:30,13:57,27min late,14:25,on time,1h 27m,Landed
2025-09-04,D7799,XAX799,AirAsia X,Kuala Lumpur,KUL,WMKK,13:35,05:35,15:48,13min late,18:24,34min late,2h 35m,Landed
2025-09-04,IW1826,WON1826,Wings Air,Bima,BMU,WADB,13:40,05:40,14:45,5min late,15:50,45min late,1h 4m,Landed
2025-09-04,QZ506,AWQ506,Indonesia AirAsia,Singapore,SIN,WSSS,13:45,05:45,16:18,33min late,22:03,23min late,5h 44m,Landed
2025-09-04,8B5107,TNU5107,Business Air,Jakarta,CGK,WIII,13:50,05:50,14:28,38min late,14:56,16min late,1h 27m,Landed
2025-09-04,JT919,LNI919,Lion Air,Surabaya,SUB,WARR,13:55,05:55,15:33,38min late,15:21,26min late,48m,Landed
2025-09-04,QG687,CTV687,Citilink,Jakarta,CGK,WIII,13:55,05:55,14:04,9min late,14:46,8min early,1h 41m,Landed
2025-09-04,IW1964,WON1964,Wings Air,Lombok,LOP,WADL,13:55,05:55,14:26,31min late,14:48,8min late,22m,Landed
2025-09-04,QZ544,AWQ544,Indonesia AirAsia,Perth,PER,YPPH,13:55,05:55,15:38,43min late,19:21,26min late,3h 43m,Landed
2025-09-04,JT25,LNI025,Lion Air,Jakarta,CGK,WIII,14:00,06:00,14:39,39min late,15:15,20min late,1h 36m,Landed
2025-09-04,TR289,TGW289,Scoot,Singapore,SIN,WSSS,14:00,06:00,14:25,25min late,16:51,8min early,2h 25m,Landed
2025-09-04,VJ894,VJC894,VietJet Air,Ho Chi Minh City,SGN,VVTS,14:05,06:05,14:19,14min late,16:32,22min early,3h 13m,Landed
2025-09-04,ID8517,BTK8517,Batik Air,Jakarta,CGK,WIII,14:10,06:10,14:44,34min late,15:05,on time,1h 21m,Landed
2025-09-04,ID7637,BTK7637,Batik Air,Bangkok,DMK,VTBD,14:15,06:15,14:59,44min late,17:56,11min late,3h 56m,Landed
2025-09-04,JT844,LNI844,Lion Air,Banjarmasin,BDJ,WAOO,14:35,06:35,14:56,21min late,15:58,1min early,1h 2m,Landed
2025-09-04,JT740,LNI740,Lion Air,Makassar,UPG,WAAA,14:40,06:40,15:30,50min late,16:49,49min late,1h 19m,Landed
2025-09-04,QG681,CTV681,Citilink,Jakarta,CGK,WIII,14:40,06:40,14:59,19min late,15:39,4min late,1h 40m,Landed
2025-09-04,IW1884,WON1884,Wings Air,Waingapu,WGP,WADW,14:40,06:40,14:52,12min late,16:17,12min early,1h 24m,Landed
2025-09-04,AK377,AXM377,AirAsia,Kuala Lumpur,KUL,WMKK,14:45,06:45,17:42,57min late,20:32,37min late,2h 50m,Landed
2025-09-04,QZ244,AWQ244,Indonesia AirAsia,Bangkok,DMK,VTBD,14:45,06:45,15:58,13min late,18:02,7min early,3h 3m,Landed
2025-09-04,JT614,,Lion Air,Jakarta,CGK,WIII,14:50,06:50,15:07,17min late,15:51,6min late,1h 44m,Landed
2025-09-04,OD307,MXD307,Malindo Air,Kuala Lumpur,KUL,WMKK,14:50,06:50,19:09,19min late,21:53,3min late,2h 44m,Landed
2025-09-04,JQ44,JST044,Jetstar Airways,Melbourne,MEL,YMML,14:55,06:55,15:14,19min late,17:14,15min early,0m,Landed
2025-09-04,JT271,LNI271,Lion Air,Semarang,SRG,WIIS,15:05,07:05,15:19,14min late,15:22,7min early,1h 3m,Landed
2025-09-04,8B5103,,TransNusa,Jakarta,CGK,WIII,15:10,07:10,,,,,1h 45m,
2025-09-04,VA50,VOZ050,Virgin Australia,Brisbane,BNE,YBBN,15:15,07:15,15:16,on time,22:50,9min early,5h 34m,Landed
2025-09-04,GA842,GIA842,Garuda Indonesia,Singapore,SIN,WSSS,15:15,07:15,15:32,17min late,17:52,7min early,2h 19m,Landed
2025-09-04,GA409,GIA409,Garuda Indonesia,Jakarta,CGK,WIII,15:25,07:25,15:55,30min late,16:22,47min late,1h 26m,Landed
2025-09-04,QG195,CTV195,Citilink,Jakarta,HLP,WIHH,15:30,07:30,16:10,40min late,17:05,45min late,1h 55m,Landed
2025-09-04,VJ898,VJC898,VietJet Air,Ho Chi Minh City,SGN,VVTS,15:30,07:30,15:57,27min late,18:16,3min early,3h 19m,Landed
2025-09-04,ID6335,BTK6335,Batik Air,Labuan Bajo,LBJ,WATO,15:35,07:35,16:36,1min late,17:28,43min late,52m,Landed
2025-09-04,CI772,CAL772,China Airlines,Taipei,TPE,RCTP,15:40,07:40,19:09,29min late,21:26,21min late,2h 16m,Landed
2025-09-04,QZ646,AWQ646,Indonesia AirAsia,Labuan Bajo,LBJ,WATO,15:45,07:45,16:47,2min late,17:47,47min late,59m,Landed
2025-09-04,IP109,PAS109,Pelita Air Service,Jakarta,CGK,WIII,15:45,07:45,16:01,16min late,16:38,3min late,1h 36m,Landed
2025-09-04,VA92,VOZ092,Virgin Australia,Melbourne,MEL,YMML,15:50,07:50,15:47,3min early,23:34,9min late,5h 47m,Landed
2025-09-04,JQ43,JST043,Jetstar Airways,Singapore,SIN,WSSS,15:50,07:50,16:04,14min late,18:14,15min early,2h 10m,Landed
2025-09-04,GA411,GIA411,Garuda Indonesia,Jakarta,CGK,WIII,15:55,07:55,16:15,20min late,16:56,3min early,1h 41m,Landed
2025-09-04,ID8335,BTK8335,Batik Air,Labuan Bajo,LBJ,WATO,15:55,07:55,16:36,41min late,17:28,23min late,52m,Landed
2025-09-04,VN640,HVN640,Vietnam Airlines,Ho Chi Minh City,SGN,VVTS,16:00,08:00,16:59,59min late,19:23,43min late,3h 23m,Landed
2025-09-04,CX784,CPA784,Cathay Pacific,Hong Kong,HKG,VHHH,16:10,08:10,16:06,4min early,21:01,23min early,4h 55m,Landed
2025-09-04,QZ807,AWQ807,Indonesia AirAsia,Jakarta,CGK,WIII,16:10,08:10,19:14,4min late,19:53,38min late,1h 39m,Landed
2025-09-04,QZ536,AWQ536,Indonesia AirAsia,Perth,PER,YPPH,16:15,08:15,16:43,28min late,20:16,6min late,3h 33m,Landed
2025-09-04,MH850,MAS850,Malaysia Airlines,Kuala Lumpur,KUL,WMKK,16:25,08:25,16:51,26min late,19:41,6min late,2h 49m,Landed
2025-09-04,JT925,LNI925,Lion Air,Surakarta,SOC,WAHQ,16:25,08:25,16:45,20min late,16:48,3min late,1h 2m,Landed
2025-09-04,IU743,SJV743,SW Italia,Jakarta,CGK,WIII,16:30,08:30,17:31,1min late,18:06,41min late,1h 34m,Landed
2025-09-04,BR256,EVA256,EVA Airways,Taipei,TPE,RCTP,16:30,08:30,16:29,on time,22:24,24min late,5h 55m,Landed
2025-09-04,QG669,CTV669,Citilink,Surabaya,SUB,WARR,16:35,08:35,16:33,2min early,16:35,9min early,1h 2m,Landed
2025-09-04,QZ246,AWQ246,Indonesia AirAsia,Phuket,HKT,VTSP,16:40,08:40,17:31,51min late,19:59,19min late,3h 28m,Landed
2025-09-04,JT744,LNI744,Lion Air,Makassar,UPG,WAAA,16:40,08:40,17:30,50min late,18:27,27min late,57m,Landed
2025-09-04,HO1356,DKH1356,Juneyao Airlines,Shanghai,PVG,ZSPD,16:50,08:50,16:56,6min late,23:15,24min early,6h 18m,Landed
2025-09-04,JT567,LNI567,Lion Air,Yogyakarta,YIA,WAHI,16:50,08:50,17:12,22min late,17:28,8min late,1h 15m,Landed
2025-09-04,GA7036,GIA7036,Garuda Indonesia,Labuan Bajo,LBJ,WATO,16:50,08:50,17:26,36min late,18:20,20min late,54m,Landed
2025-09-04,QZ556,AWQ556,Indonesia AirAsia,Kuala Lumpur,KUL,WMKK,16:55,08:55,19:12,17min late,21:50,40min late,2h 37m,Landed
2025-09-04,TG432,THA432,Thai Airways International,Bangkok,BKK,VTBS,16:55,08:55,17:21,26min late,20:01,3min early,3h 39m,Landed
2025-09-04,JT923,LNI923,Lion Air,Surabaya,SUB,WARR,17:05,09:05,20:39,34min late,20:29,24min late,49m,Landed
2025-09-04,VJ998,VJC998,VietJet Air,Hanoi,HAN,VVNB,17:30,09:30,17:42,12min late,21:12,32min early,4h 30m,Landed
2025-09-04,IU759,SJV759,SW Italia,Jakarta,CGK,WIII,17:35,09:35,18:06,31min late,18:46,16min late,1h 40m,Landed
2025-09-04,GA419,GIA419,Garuda Indonesia,Jakarta,CGK,WIII,17:35,09:35,18:12,37min late,18:43,8min late,1h 31m,Landed
2025-09-04,GA349,GIA349,Garuda Indonesia,Surabaya,SUB,WARR,17:35,09:35,17:48,13min late,17:36,9min early,47m,Landed
2025-09-04,IN281,,NAM Air,Jakarta,CGK,WIII,17:45,09:45,,,,,1h 40m,
2025-09-04,NZ291,ANZ291,Air New Zealand,Auckland,AKL,NZAA,17:50,09:50,17:50,on time,05:16,13min early,7h 26m,Landed
2025-09-04,OD193,MXD193,Malindo Air,Perth,PER,YPPH,18:10,10:10,15:20,49min early,23:10,25min late,7h 49m,Landed
2025-09-04,JT27,LNI027,Lion Air,Jakarta,CGK,WIII,18:30,10:30,20:07,37min late,20:47,22min late,1h 39m,Landed
2025-09-04,IN283,LKN283,Nam Air,Jakarta,CGK,WIII,18:30,10:30,18:32,2min late,19:04,5min early,1h 32m,Landed
2025-09-04,GA417,GIA417,Garuda Indonesia,Jakarta,CGK,WIII,18:30,10:30,19:57,27min late,20:40,10min late,1h 42m,Landed
2025-09-04,SL259,TLM259,Thai Lion Air,Bangkok,DMK,VTBD,18:40,10:40,19:14,34min late,22:04,4min late,3h 50m,Landed
2025-09-04,ID6415,BTK6415,Batik Air,Surabaya,SUB,WARR,18:45,10:45,19:45,0min late,19:28,43min late,43m,Landed
2025-09-04,CX782,CPA782,Cathay Pacific,Hong Kong,HKG,VHHH,18:45,10:45,18:46,on time,23:40,24min early,4h 54m,Landed
2025-09-04,EY477,ETD477,Etihad Airways,Abu Dhabi,AUH,OMAA,18:45,10:45,18:54,9min late,23:09,20min early,8h 15m,Landed
2025-09-04,8B5109,,TransNusa,Jakarta,CGK,WIII,18:45,10:45,,,,,1h 45m,
2025-09-04,QZ809,AWQ809,Indonesia AirAsia,Jakarta,CGK,WIII,18:50,10:50,21:53,3min late,22:27,42min late,1h 33m,Landed
2025-09-04,TG440,THA440,Thai Airways International,Bangkok,BKK,VTBS,19:00,11:00,19:08,8min late,21:58,11min early,3h 50m,Landed
2025-09-04,QG689,CTV689,Citilink,Jakarta,CGK,WIII,19:00,11:00,18:55,4min early,19:38,21min early,1h 43m,Landed
2025-09-04,AK379,AXM379,AirAsia,Kuala Lumpur,KUL,WMKK,19:15,11:15,19:39,24min late,22:33,13min late,2h 54m,Landed
2025-09-04,QR963,QTR963,Qatar Airways,Doha,DOH,OTHH,19:20,11:20,19:29,9min late,23:31,8min early,9h 2m,Landed
2025-09-04,MH852,MAS852,Malaysia Airlines,Kuala Lumpur,KUL,WMKK,19:20,11:20,19:18,1min early,22:09,10min early,2h 50m,Landed
2025-09-04,ID7310,BTK7310,Batik Air,Jakarta,HLP,WIHH,19:25,11:25,19:38,13min late,20:04,5min early,1h 25m,Landed
2025-09-04,TWY332,,Solairus Aviation,Honolulu,HNL,PHNL,19:30,11:30,19:32,2min late,12:59,,11h 29m,Landed
2025-09-04,QG699,CTV699,Citilink,Surabaya,SUB,WARR,19:30,11:30,19:21,9min early,19:16,23min early,55m,Landed
2025-09-04,8B969,TNU969,Business Air,Guangzhou,CAN,ZGGG,19:40,11:40,20:03,23min late,00:57,2min early,4h 53m,Landed
2025-09-04,TR287,TGW287,Scoot,Singapore,SIN,WSSS,19:40,11:40,19:41,1min late,22:01,14min early,2h 19m,Landed
2025-09-04,EK369,UAE369,Emirates,Dubai,DXB,OMDB,19:45,11:45,19:44,on time,00:20,29min early,8h 36m,Landed
2025-09-04,ID6413,BTK6413,Batik Air,Surabaya,SUB,WARR,19:50,11:50,20:19,29min late,20:04,14min late,45m,Landed
2025-09-04,GA415,GIA415,Garuda Indonesia,Jakarta,CGK,WIII,20:00,12:00,20:12,12min late,20:50,9min early,1h 38m,Landed
2025-09-04,SQ945,SIA945,Singapore Airlines,Singapore,SIN,WSSS,20:00,12:00,20:18,18min late,22:28,12min early,2h 9m,Landed
2025-09-04,QG9692,CTV9692,Citilink,Surabaya,SUB,WARR,20:20,12:20,20:14,6min early,20:15,14min early,1h 1m,Landed
2025-09-04,JT11,LNI011,Lion Air,Jakarta,CGK,WIII,20:20,12:20,20:36,16min late,21:03,11min early,1h 26m,Landed
2025-09-04,QG342,CTV342,Citilink,Makassar,UPG,WAAA,20:30,12:30,21:06,36min late,22:11,6min late,1h 5m,Landed
2025-09-04,KL836,KLM836,KLM Royal Dutch Airlines,Singapore,SIN,WSSS,20:35,12:35,23:13,38min late,01:26,16min late,2h 13m,Landed
2025-09-04,GA463,,Garuda Indonesia,Jakarta,HLP,WIHH,20:40,12:40,22:16,36min late,22:38,13min late,1h 22m,Landed
2025-09-04,OD177,MXD177,Malindo Air,Melbourne,MEL,YMML,21:00,13:00,21:14,14min late,04:37,3min early,5h 22m,Landed
2025-09-04,GA425,GIA425,Garuda Indonesia,Jakarta,CGK,WIII,21:15,13:15,21:36,21min late,22:13,3min late,1h 37m,Landed
2025-09-04,JQ34,JST034,Jetstar Airways,Melbourne,MEL,YMML,21:20,13:20,21:25,5min late,04:58,3min late,5h 33m,Landed
2025-09-04,TK67,THY067,Turkish Airlines,Istanbul,IST,LTFM,21:20,13:20,21:28,8min late,18:36,38min early,2h 8m,Landed
2025-09-04,AK375,AXM375,AirAsia,Kuala Lumpur,KUL,WMKK,21:25,13:25,23:01,36min late,01:40,10min late,2h 38m,Landed
2025-09-04,JQ117,JST117,Jetstar Airways,Perth,PER,YPPH,21:30,13:30,21:32,2min late,01:10,9min early,3h 38m,Landed
2025-09-04,JT15,LNI015,Lion Air,Jakarta,CGK,WIII,21:30,13:30,21:34,4min late,22:10,14min early,1h 35m,Landed
2025-09-04,ID6760,BTK6760,Batik Air,Makassar,UPG,WAAA,21:30,13:30,21:32,2min late,22:29,20min early,57m,Landed
2025-09-04,SQ947,SIA947,Singapore Airlines,Singapore,SIN,WSSS,21:35,13:35,21:55,20min late,00:08,3min late,2h 12m,Landed
2025-09-04,QZ819,AWQ819,Indonesia AirAsia,Jakarta,CGK,WIII,21:40,13:40,22:01,21min late,22:36,6min late,1h 35m,Landed
2025-09-04,IP105,PAS105,Pelita Air Service,Jakarta,CGK,WIII,21:40,13:40,21:43,3min late,22:27,2min early,1h 43m,Landed
2025-09-04,QZ546,AWQ546,Indonesia AirAsia,Perth,PER,YPPH,21:55,13:55,22:28,33min late,01:59,19min late,3h 31m,Landed
2025-09-04,OD157,MXD157,Malindo Air,Brisbane,BNE,YBBN,22:00,14:00,22:34,34min late,05:50,on time,5h 15m,Landed
2025-09-04,GA718,GIA718,Garuda Indonesia,Melbourne,MEL,YMML,22:05,14:05,22:39,34min late,06:02,32min late,5h 23m,Landed
2025-09-04,JQ60,JST060,Jetstar Airways,Brisbane,BNE,YBBN,22:10,14:10,22:05,5min early,05:24,15min early,5h 19m,Landed
2025-09-04,QF44,QFA044,Qantas,Sydney,SYD,YSSY,22:10,14:10,22:18,8min late,06:15,10min late,5h 57m,Landed
2025-09-04,OD171,MXD171,Malindo Air,Sydney,SYD,YSSY,22:15,14:15,22:40,25min late,06:23,18min late,5h 43m,Landed
2025-09-04,QG9685,CTV9685,Citilink,Jakarta,CGK,WIII,22:20,14:20,22:09,11min early,23:09,5min early,2h 0m,Landed
2025-09-04,JQ38,JST038,Jetstar Airways,Sydney,SYD,YSSY,22:35,14:35,22:31,4min early,06:19,10min early,5h 48m,Landed
2025-09-04,7C2712,JJA2712,Jeju Air,Seoul,ICN,RKSI,22:45,14:45,03:34,49min late,07:23,13min late,2h 49m,Landed
2025-09-04,QZ811,AWQ811,Indonesia AirAsia,Jakarta,CGK,WIII,22:50,14:50,23:40,50min late,00:06,26min late,1h 26m,Landed
2025-09-04,JT3020,,Lion Air,Seoul,ICN,RKSI,23:05,15:05,23:26,21min late,07:35,25min late,7h 9m,Landed
2025-09-04,VA96,VOZ096,Virgin Australia,Melbourne,MEL,YMML,23:05,15:05,22:56,9min early,06:30,9min early,5h 34m,Landed
2025-09-04,VA82,VOZ082,Virgin Australia,Gold Coast,OOL,YBCG,23:20,15:20,23:11,9min early,06:39,15min early,5h 28m,Landed
2025-09-04,GA714,GIA714,Garuda Indonesia,Sydney,SYD,YSSY,23:25,15:25,23:32,7min late,07:02,7min early,5h 29m,Landed
2025-09-04,JQ36,JST036,Jetstar Airways,Melbourne,MEL,YMML,23:30,15:30,23:54,24min late,07:09,4min late,5h 14m,Landed
2025-09-04,VA68,VOZ068,Virgin Australia,Sydney,SYD,YSSY,23:35,15:35,02:20,45min late,07:39,5min early,3h 18m,Landed
2025-09-04,KE634,KAL634,Korean Air Lines,Seoul,ICN,RKSI,23:45,15:45,23:37,8min early,07:25,29min early,6h 48m,Landed
2025-09-04,JQ128,JST128,Jetstar Airways,Adelaide,ADL,YPAD,23:55,15:55,23:55,on time,06:01,13min early,4h 36m,Landed
2025-09-05,BX602,ABL602,Air Busan,Busan,PUS,RKPK,00:05,16:05,01:48,43min late,07:57,12min early,5h 9m,Landed
2025-09-05,GA880,GIA880,Garuda Indonesia,Tokyo,NRT,RJAA,00:20,16:20,00:27,7min late,08:51,1min late,7h 24m,Landed
2025-09-05,CZ626,CSN626,China Southern Airlines,Guangzhou,CAN,ZGGG,00:30,16:30,00:41,11min late,05:46,3min early,5h 4m,Landed
2025-09-05,MF892,CXA892,Xiamen Airlines,Xiamen,XMN,ZSAM,00:30,16:30,00:24,6min early,05:58,6min early,5h 34m,Landed
2025-09-05,QR961,QTR961,Qatar Airways,Doha,DOH,OTHH,00:35,16:35,00:33,1min early,04:11,43min early,8h 38m,Landed
2025-09-05,EK399,UAE399,Emirates,Dubai,DXB,OMDB,00:35,16:35,05:19,44min late,05:29,5min early,4h 9m,Landed
2025-09-05,KE630,KAL630,Korean Air Lines,Seoul,ICN,RKSI,00:50,16:50,01:08,18min late,08:50,29min early,6h 42m,Landed
2025-09-05,PR538,PAL538,Philippine Airlines,Manila,MNL,RPLL,00:55,16:55,01:00,5min late,04:48,1min early,3h 48m,Landed
2025-09-05,MU5030,CES5030,China Eastern Airlines,Shanghai,PVG,ZSPD,00:55,16:55,00:48,7min early,07:52,2min early,7h 4m,Landed
2025-09-05,QZ548,AWQ548,Indonesia AirAsia,Perth,PER,YPPH,01:05,17:05,01:35,30min late,05:05,10min late,3h 30m,Landed
2025-09-05,GA870,GIA870,Garuda Indonesia,Seoul,ICN,RKSI,01:15,17:15,01:20,5min late,09:04,10min early,6h 43m,Landed
2025-09-05,8B5888,TNU5888,Business Air,Manado,MDC,WAMM,01:30,17:30,01:39,9min late,03:50,14min early,2h 11m,Landed
2025-09-05,JT944,,Lion Air,Makassar,UPG,WAAA,07:00,23:00,07:00,on time,08:18,1min early,1h 18m,Landed
2025-09-05,JT746,LNI746,Lion Air,Makassar,UPG,WAAA,07:00,23:00,07:23,23min late,08:21,1min late,57m,Landed
2025-09-05,JQ82,JST082,Jetstar Airways,Darwin,DRW,YPDN,07:00,23:00,07:20,20min late,11:07,7min early,2h 17m,Landed
2025-09-05,JT929,LNI929,Lion Air,Surabaya,SUB,WARR,07:00,23:00,07:27,27min late,07:03,3min late,36m,Landed
2025-09-05,QZ550,AWQ550,Indonesia AirAsia,Kuala Lumpur,KUL,WMKK,07:00,23:00,07:10,10min late,09:46,13min early,2h 36m,Landed
2025-09-05,JT3569,LNI3569,Lion Air,Yogyakarta,YIA,WAHI,07:00,23:00,07:13,13min late,07:23,6min early,1h 9m,Landed
2025-09-05,JT856,,Lion Air,Surabaya,SUB,WARR,07:00,23:00,07:00,on time,06:58,2min early,58m,Landed
2025-09-05,GA401,GIA401,Garuda Indonesia,Jakarta,CGK,WIII,07:00,23:00,07:06,6min late,06:06,53min early,0m,Landed
2025-09-05,QZ534,AWQ534,Indonesia AirAsia,Perth,PER,YPPH,07:05,23:05,07:17,12min late,10:51,8min early,3h 34m,Landed
2025-09-05,QG690,CTV690,Citilink,Surabaya,SUB,WARR,07:05,23:05,07:01,3min early,06:41,23min early,40m,Landed
2025-09-05,QZ644,AWQ644,Indonesia AirAsia,Labuan Bajo,LBJ,WATO,07:10,23:10,07:30,20min late,07:31,43min early,0m,Landed
2025-09-05,QZ502,AWQ502,Indonesia AirAsia,Singapore,SIN,WSSS,07:10,23:10,07:37,27min late,10:15,25min late,2h 37m,Landed
2025-09-05,SQ949,SIA949,Singapore Airlines,Singapore,SIN,WSSS,07:10,23:10,07:44,34min late,10:12,12min late,2h 28m,Landed
2025-09-05,QZ813,AWQ813,Indonesia AirAsia,Jakarta,CGK,WIII,07:15,23:15,07:35,20min late,08:00,9min early,1h 24m,Landed
2025-09-05,QG663,CTV663,Citilink,Jakarta,CGK,WIII,07:45,23:45,08:02,17min late,08:28,6min early,1h 25m,Landed
2025-09-05,IW1854,WON1854,Wings Air,Lombok,LOP,WADL,08:00,00:00,08:06,6min late,08:27,17min early,21m,Landed
2025-09-05,IW3330,WON3330,Wings Air,,,,08:00,00:00,08:07,7min late,10:39,on time,2h 31m,Landed
2025-09-05,JT21,LNI021,Lion Air,Jakarta,CGK,WIII,08:05,00:05,12:48,43min late,13:23,23min late,1h 35m,Landed
2025-09-05,HX706,CRK706,Hong Kong Airlines,Hong Kong,HKG,VHHH,08:15,00:15,08:20,5min late,13:07,12min early,4h 47m,Landed
2025-09-05,QZ817,AWQ817,Indonesia AirAsia,Jakarta,CGK,WIII,08:30,00:30,08:41,11min late,09:08,11min early,1h 27m,Landed
2025-09-05,5J280,CEB280,CEBU Pacific Air,Manila,MNL,RPLL,08:35,00:35,08:51,16min late,13:00,10min late,4h 9m,Landed
2025-09-05,IW1850,WON1850,Wings Air,Lombok,LOP,WADL,08:35,00:35,09:02,27min late,09:30,10min late,28m,Landed
2025-09-05,CZ8482,CSN8482,China Southern Airlines,Guangzhou,CAN,ZGGG,08:40,00:40,08:46,6min late,13:35,14min early,4h 49m,Landed
2025-09-05,IU703,SJV703,SW Italia,Surabaya,SUB,WARR,08:40,00:40,08:53,13min late,08:29,10min early,36m,Landed
2025-09-05,8B80,TNU080,Business Air,Perth,PER,YPPH,09:05,01:05,09:07,2min late,12:38,16min early,3h 31m,Landed
2025-09-05,8B5105,TNU5105,Business Air,Jakarta,CGK,WIII,09:10,01:10,08:22,47min early,08:50,9min early,1h 28m,Landed
2025-09-05,IN640,LKN640,NAM Air,Tambolaka,TMC,WADT,09:10,01:10,09:27,17min late,10:09,on time,42m,Landed
2025-09-05,IW1832,WON1832,Wings Air,Tambolaka,TMC,WADT,09:10,01:10,09:24,14min late,10:29,5min early,1h 4m,Landed
2025-09-05,ID6007,BTK6007,Batik Air,Perth,PER,YPPH,09:25,01:25,07:34,50min early,12:52,22min early,5h 17m,Landed
2025-09-05,JT31,LNI031,Lion Air,Jakarta,CGK,WIII,09:30,01:30,13:44,14min late,14:19,24min late,1h 35m,Landed
2025-09-05,QG500,CTV500,Citilink,Dili,DIL,WPDL,09:30,01:30,09:16,14min early,12:07,12min early,1h 51m,Landed
2025-09-05,QZ803,AWQ803,Indonesia AirAsia,Jakarta,CGK,WIII,09:40,01:40,09:45,5min late,10:25,4min early,1h 40m,Landed
2025-09-05,QR965,QTR965,Qatar Airways,Doha,DOH,OTHH,09:55,01:55,10:23,28min late,14:02,17min early,8h 39m,Landed
2025-09-05,IW1882,WON1882,Wings Air,Sumbawa Besar,SWQ,WADS,10:00,02:00,10:05,5min late,10:48,11min early,43m,Landed
2025-09-05,JT270,LNI270,Lion Air,Kupang,KOE,WATT,10:00,02:00,10:11,11min late,11:43,3min late,1h 32m,Landed
2025-09-05,AI2146,AIC2146,Air India,Delhi,DEL,VIDP,10:00,02:00,10:05,5min late,15:31,3min early,7h 56m,Landed
2025-09-05,SU297,AFL297,Aeroflot,Moscow,SVO,UUEE,10:05,02:05,10:55,50min late,18:03,11min early,12h 8m,Landed
2025-09-05,SQ935,SIA935,Singapore Airlines,Singapore,SIN,WSSS,10:05,02:05,10:06,1min late,12:31,13min early,2h 24m,Landed
2025-09-05,8B5101,TNU5101,TransNusa,Jakarta,CGK,WIII,10:25,02:25,09:07,17min early,09:37,37min early,1h 29m,Landed
2025-09-05,JT33,LNI033,Lion Air,Jakarta,CGK,WIII,10:30,02:30,14:37,7min late,15:10,35min late,1h 33m,Landed
2025-09-05,QZ815,AWQ815,Indonesia AirAsia,Jakarta,CGK,WIII,10:35,02:35,11:21,46min late,11:50,20min late,1h 28m,Landed
2025-09-05,8G182,DTL182,Mid Africa Aviation,Dili,DIL,WPDL,10:35,02:35,10:47,12min late,13:25,4min early,1h 37m,Landed
2025-09-05,JT273,LNI273,Lion Air,Semarang,SRG,WIIS,10:40,02:40,11:01,21min late,10:58,6min early,56m,Landed
2025-09-05,TR281,TGW281,Scoot,Singapore,SIN,WSSS,10:50,02:50,10:53,3min late,13:19,11min early,2h 25m,Landed
2025-09-05,JT924,LNI924,Lion Air,Kupang,KOE,WATT,11:05,03:05,10:16,48min early,11:51,53min early,1h 35m,Landed
2025-09-05,JT805,LNI805,Lion Air,Surabaya,SUB,WARR,11:05,03:05,18:27,22min late,18:12,7min late,44m,Landed
2025-09-05,JQ126,JST126,Jetstar Airways,Adelaide,ADL,YPAD,11:15,03:15,11:17,2min late,17:26,3min early,4h 39m,Landed
2025-09-05,6E1606,IGO1606,IndiGo,Bangalore,BLR,VOBL,11:20,03:20,11:34,14min late,15:03,6min early,5h 59m,Landed
2025-09-05,GA620,GIA620,Garuda Indonesia,Makassar,UPG,WAAA,11:20,03:20,11:26,6min late,12:33,16min early,1h 7m,Landed
2025-09-05,JQ109,JST109,Jetstar Airways,Perth,PER,YPPH,11:40,03:40,11:26,14min early,14:52,32min early,3h 26m,Landed
2025-09-05,JQ32,JST032,Jetstar Airways,Melbourne,MEL,YMML,11:55,03:55,12:01,6min late,19:20,9min early,5h 19m,Landed
2025-09-05,OD192,MXD192,Malindo Air,Kuala Lumpur,KUL,WMKK,11:55,03:55,12:24,29min late,15:03,1min early,2h 38m,Landed
2025-09-05,JT569,LNI569,Lion Air,Yogyakarta,YIA,WAHI,11:55,03:55,12:03,8min late,12:11,13min early,1h 7m,Landed
2025-09-05,FD397,AIQ397,Thai AirAsia,Bangkok,DMK,VTBD,12:00,04:00,12:47,47min late,15:54,19min late,4h 6m,Landed
2025-09-05,GA407,GIA407,Garuda Indonesia,Jakarta,CGK,WIII,12:00,04:00,12:14,14min late,12:51,3min early,1h 36m,Landed
2025-09-05,QZ618,AWQ618,Indonesia AirAsia,Banjarmasin,BDJ,WAOO,12:05,04:05,12:11,6min late,13:13,16min early,1h 1m,Landed
2025-09-05,GA253,GIA253,Garuda Indonesia,Yogyakarta,YIA,WAHI,12:05,04:05,12:14,9min late,12:38,16min early,1h 24m,Landed
2025-09-05,SQ937,SIA937,Singapore Airlines,Singapore,SIN,WSSS,12:10,04:10,12:41,31min late,15:02,7min late,2h 20m,Landed
2025-09-05,QG9696,CTV9696,Citilink,Surabaya,SUB,WARR,12:15,04:15,12:10,4min early,12:08,11min early,57m,Landed
2025-09-05,IN7742,LKN7742,Nam Air,Tambolaka,TMC,WADT,12:20,04:20,20:45,25min late,21:29,9min late,43m,Landed
2025-09-05,JQ40,JST040,Jetstar Airways,Sydney,SYD,YSSY,12:20,04:20,12:11,9min early,19:58,16min early,5h 47m,Landed
2025-09-05,SJ742,,Sriwijaya Air,Tambolaka,TMC,WADT,12:20,04:20,,,,,1h 0m,
2025-09-05,OD178,MXD178,Malindo Air,Kuala Lumpur,KUL,WMKK,12:25,04:25,12:33,8min late,15:19,15min early,2h 45m,Landed
2025-09-05,D7795,XAX795,AirAsia X,Kuala Lumpur,KUL,WMKK,12:30,04:30,12:29,on time,15:18,26min early,2h 49m,Landed
2025-09-05,QZ805,AWQ805,Indonesia AirAsia,Jakarta,CGK,WIII,12:40,04:40,13:01,21min late,13:40,on time,1h 39m,Landed
2025-09-05,IW1848,WON1848,Wings Air,Lombok,LOP,WADL,12:45,04:45,13:18,33min late,13:40,10min late,22m,Landed
2025-09-05,IP103,PAS103,Pelita Air Service,Jakarta,CGK,WIII,12:45,04:45,12:58,13min late,13:26,13min early,1h 28m,Landed
2025-09-05,OD158,MXD158,Malindo Air,Kuala Lumpur,KUL,WMKK,12:45,04:45,12:57,12min late,15:37,17min early,2h 40m,Landed
2025-09-05,ID7308,BTK7308,Batik Air,Jakarta,HLP,WIHH,12:50,04:50,13:04,14min late,13:28,6min early,1h 23m,Landed
2025-09-05,MH714,MAS714,Malaysia Airlines,Kuala Lumpur,KUL,WMKK,12:55,04:55,13:29,34min late,16:29,29min late,3h 0m,Landed
2025-09-05,8B82,TNU082,TransNusa,Perth,PER,YPPH,12:55,04:55,10:54,0min early,16:38,16min early,5h 44m,Landed
2025-09-05,SQ939,SIA939,Singapore Airlines,Singapore,SIN,WSSS,13:05,05:05,14:06,1min late,16:26,36min late,2h 20m,Landed
2025-09-05,VJ900,VJC900,VietJet Air,Hanoi,HAN,VVNB,13:10,05:10,13:10,on time,16:39,40min early,4h 29m,Landed
2025-09-05,JQ58,JST058,Jetstar Airways,Brisbane,BNE,YBBN,13:15,05:15,13:13,2min early,20:48,3min late,5h 35m,Landed
2025-09-05,OD172,MXD172,Malindo Air,Kuala Lumpur,KUL,WMKK,13:15,05:15,14:00,45min late,16:44,19min late,2h 43m,Landed
2025-09-05,IW1834,,Wings Air,Tambolaka,TMC,WADT,13:20,05:20,,,,,1h 25m,Cancelled
2025-09-05,GA409,GIA409,Garuda Indonesia,Jakarta,CGK,WIII,13:25,05:25,13:24,on time,14:15,9min early,1h 50m,Landed
2025-09-05,JT660,LNI660,Lion Air,Balikpapan,BPN,WALL,13:25,05:25,13:55,30min late,15:21,11min late,1h 26m,Landed
2025-09-05,D7799,XAX799,AirAsia X,Kuala Lumpur,KUL,WMKK,13:35,05:35,13:41,6min late,16:30,19min early,2h 48m,Landed
2025-09-05,IW1826,WON1826,Wings Air,Bima,BMU,WADB,13:40,05:40,13:28,12min early,16:09,4min late,2h 41m,Landed
2025-09-05,QZ506,AWQ506,Indonesia AirAsia,Singapore,SIN,WSSS,13:45,05:45,16:19,34min late,18:48,8min late,2h 29m,Landed
2025-09-05,ID7135,BTK7135,Batik Air,Singapore,SIN,WSSS,13:45,05:45,14:34,49min late,16:52,12min late,2h 17m,Landed
2025-09-05,8B5107,TNU5107,Business Air,Jakarta,CGK,WIII,13:50,05:50,14:18,28min late,14:54,14min late,1h 36m,Landed
2025-09-05,TR289,TGW289,Scoot,Singapore,SIN,WSSS,14:00,06:00,15:19,19min late,17:41,41min late,2h 21m,Landed
2025-09-05,JT25,LNI025,Lion Air,Jakarta,CGK,WIII,14:00,06:00,13:00,59min early,13:40,14min early,1h 40m,Landed
2025-09-05,VJ894,VJC894,VietJet Air,Ho Chi Minh City,SGN,VVTS,14:05,06:05,14:31,26min late,16:54,on time,3h 23m,Landed
2025-09-05,QZ246,AWQ246,Indonesia AirAsia,Phuket,HKT,VTSP,14:15,06:15,15:09,54min late,17:38,23min late,3h 29m,Landed
2025-09-05,ID7637,BTK7637,Batik Air,Bangkok,DMK,VTBD,14:15,06:15,14:45,30min late,17:56,11min late,4h 11m,Landed
2025-09-05,JT844,LNI844,Lion Air,Banjarmasin,BDJ,WAOO,14:35,06:35,15:38,3min late,16:38,38min late,1h 0m,Landed
2025-09-05,QG681,CTV681,Citilink,Jakarta,CGK,WIII,14:40,06:40,15:04,24min late,15:58,23min late,1h 54m,Landed
2025-09-05,JT740,LNI740,Lion Air,Makassar,UPG,WAAA,14:40,06:40,15:21,41min late,16:23,23min late,1h 2m,Landed
2025-09-05,IW1884,WON1884,Wings Air,Waingapu,WGP,WADW,14:40,06:40,14:41,1min late,16:05,24min early,1h 23m,Landed
2025-09-05,QG9693,CTV9693,Citilink,Surabaya,SUB,WARR,14:45,06:45,19:22,37min late,19:18,23min late,56m,Landed
2025-09-05,AK377,AXM377,AirAsia,Kuala Lumpur,KUL,WMKK,14:45,06:45,15:15,30min late,18:29,34min late,3h 14m,Landed
2025-09-05,JT614,,Lion Air,Jakarta,CGK,WIII,14:50,06:50,,,,,1h 55m,
2025-09-05,OD307,MXD307,Malindo Air,Kuala Lumpur,KUL,WMKK,14:50,06:50,15:41,51min late,18:22,32min late,2h 41m,Landed
2025-09-05,JQ44,JST044,Jetstar Airways,Melbourne,MEL,YMML,14:55,06:55,15:43,48min late,23:06,36min late,5h 23m,Landed
2025-09-05,JT23,LNI023,Lion Air,Jakarta,CGK,WIII,15:00,07:00,18:30,30min late,22:45,45min late,5h 15m,Landed
2025-09-05,JT271,LNI271,Lion Air,Semarang,SRG,WIIS,15:05,07:05,15:52,47min late,15:47,17min late,55m,Landed
2025-09-05,8B5103,,Business Air,Jakarta,CGK,WIII,15:10,07:10,,,,,1h 45m,
2025-09-05,QZ244,AWQ244,Indonesia AirAsia,Bangkok,DMK,VTBD,15:10,07:10,15:53,43min late,18:57,27min late,4h 3m,Landed
2025-09-05,VA50,VOZ050,Virgin Australia,Brisbane,BNE,YBBN,15:15,07:15,15:03,12min early,23:00,on time,5h 57m,Landed
2025-09-05,GA842,GIA842,Garuda Indonesia,Singapore,SIN,WSSS,15:15,07:15,16:05,50min late,18:35,35min late,2h 29m,Landed
2025-09-05,VJ898,VJC898,VietJet Air,Ho Chi Minh City,SGN,VVTS,15:30,07:30,15:56,26min late,18:14,5min early,3h 18m,Landed
2025-09-05,ID6335,,Batik Air,Labuan Bajo,LBJ,WATO,15:35,07:35,,,,,1h 10m,Cancelled
2025-09-05,CI772,CAL772,China Airlines,Taipei,TPE,RCTP,15:40,07:40,15:44,4min late,20:50,15min early,5h 6m,Landed
2025-09-05,QZ646,AWQ646,Indonesia AirAsia,Labuan Bajo,LBJ,WATO,15:45,07:45,16:21,36min late,17:13,13min late,52m,Landed
2025-09-05,IP109,PAS109,Pelita Air Service,Jakarta,CGK,WIII,15:45,07:45,16:03,18min late,16:34,on time,1h 31m,Landed
2025-09-05,JQ43,JST043,Jetstar Airways,Singapore,SIN,WSSS,15:50,07:50,15:46,4min early,18:36,6min late,2h 50m,Landed
2025-09-05,VA92,VOZ092,Virgin Australia,Melbourne,MEL,YMML,15:50,07:50,15:59,9min late,23:39,14min late,5h 40m,Landed
2025-09-05,GA411,GIA411,Garuda Indonesia,Jakarta,CGK,WIII,15:55,07:55,18:03,8min late,18:35,35min late,1h 32m,Landed
2025-09-05,ID8335,BTK8335,Batik Air,Labuan Bajo,LBJ,WATO,15:55,07:55,16:32,37min late,17:25,20min late,53m,Landed
2025-09-05,VN640,HVN640,Vietnam Airlines,Ho Chi Minh City,SGN,VVTS,16:00,08:00,16:50,50min late,19:07,27min late,3h 16m,Landed
2025-09-05,SJ717,,Sriwijaya Air,Makassar,UPG,WAAA,16:00,08:00,,,,,1h 20m,
2025-09-05,IU368,SJV368,SW Italia,Medan,KNO,WIMM,16:00,08:00,16:44,44min late,18:46,11min late,3h 2m,Landed
2025-09-05,QZ807,AWQ807,Indonesia AirAsia,Jakarta,CGK,WIII,16:10,08:10,20:00,50min late,20:36,21min late,1h 36m,Landed
2025-09-05,CX784,CPA784,Cathay Pacific,Hong Kong,HKG,VHHH,16:10,08:10,18:02,52min late,20:59,25min early,2h 57m,Landed
2025-09-05,QG195,CTV195,Citilink,Jakarta,HLP,WIHH,16:10,08:10,16:23,13min late,16:59,on time,1h 36m,Landed
2025-09-05,QZ536,AWQ536,Indonesia AirAsia,Perth,PER,YPPH,16:15,08:15,16:56,41min late,20:17,7min late,3h 21m,Landed
2025-09-05,JT925,LNI925,Lion Air,Surakarta,SOC,WAHQ,16:25,08:25,23:17,52min late,23:16,31min late,59m,Landed
2025-09-05,MH850,MAS850,Malaysia Airlines,Kuala Lumpur,KUL,WMKK,16:25,08:25,17:37,12min late,20:38,3min late,3h 0m,Landed
2025-09-05,IU743,SJV743,SW Italia,Jakarta,CGK,WIII,16:30,08:30,17:30,60min late,18:00,35min late,1h 30m,Landed
2025-09-05,BR256,EVA256,EVA Airways,Taipei,TPE,RCTP,16:30,08:30,16:34,4min late,21:55,4min early,5h 21m,Landed
2025-09-05,GA427,GIA427,Garuda Indonesia,Jakarta,CGK,WIII,16:30,08:30,16:46,16min late,17:23,6min early,1h 37m,Landed
2025-09-05,QG669,CTV669,Citilink,Surabaya,SUB,WARR,16:35,08:35,16:37,2min late,16:26,18min early,48m,Landed
2025-09-05,JT744,LNI744,Lion Air,Makassar,UPG,WAAA,16:40,08:40,19:09,29min late,20:06,6min late,57m,Landed
2025-09-05,GA421,GIA421,Garuda Indonesia,Jakarta,CGK,WIII,16:40,08:40,16:54,14min late,17:37,3min early,1h 42m,Landed
2025-09-05,QZ642,AWQ642,Indonesia AirAsia,Labuan Bajo,LBJ,WATO,16:45,08:45,17:18,33min late,18:14,19min late,55m,Landed
2025-09-05,JT567,LNI567,Lion Air,Yogyakarta,YIA,WAHI,16:50,08:50,17:22,32min late,17:29,9min late,1h 6m,Landed
2025-09-05,IU273,SJV273,SW Italia,Pontianak,PNK,WIOO,16:50,08:50,18:57,7min late,19:52,2min late,1h 54m,Landed
2025-09-05,HO1356,DKH1356,Juneyao Airlines,Shanghai,PVG,ZSPD,16:50,08:50,16:53,3min late,23:14,25min early,6h 20m,Landed
2025-09-05,TG432,THA432,Thai Airways International,Bangkok,BKK,VTBS,16:55,08:55,17:25,30min late,20:14,9min late,3h 48m,Landed
2025-09-05,JT923,LNI923,Lion Air,Surabaya,SUB,WARR,17:05,09:05,18:24,19min late,18:30,25min late,1h 6m,Landed
2025-09-05,VJ998,VJC998,VietJet Air,Hanoi,HAN,VVNB,17:30,09:30,17:33,3min late,21:12,32min early,4h 39m,Landed
2025-09-05,IU759,SJV759,SW Italia,Jakarta,CGK,WIII,17:35,09:35,21:43,8min late,22:19,49min late,1h 36m,Landed
2025-09-05,GA419,GIA419,Garuda Indonesia,Jakarta,CGK,WIII,17:35,09:35,17:28,6min early,18:20,14min early,1h 51m,Landed
2025-09-05,GA349,GIA349,Garuda Indonesia,Surabaya,SUB,WARR,17:35,09:35,17:42,7min late,17:30,14min early,48m,Landed
2025-09-05,D7793,XAX793,AirAsia X,Kuala Lumpur,KUL,WMKK,17:40,09:40,17:48,8min late,20:32,22min early,2h 43m,Landed
2025-09-05,NZ291,ANZ291,Air New Zealand,Auckland,AKL,NZAA,17:50,09:50,17:50,on time,05:33,3min late,7h 43m,Landed
2025-09-05,OD193,MXD193,Malindo Air,Perth,PER,YPPH,18:10,10:10,15:27,42min early,23:07,22min late,7h 39m,Landed
2025-09-05,IN281,,Nam Air,Jakarta,CGK,WIII,18:30,10:30,23:40,10min late,23:28,18min late,48m,Landed
2025-09-05,JT27,,Lion Air,Jakarta,CGK,WIII,18:30,10:30,20:55,25min late,21:47,2min early,1h 52m,Landed
2025-09-05,GA417,GIA417,Garuda Indonesia,Jakarta,CGK,WIII,18:30,10:30,18:52,22min late,19:28,1min early,1h 36m,Landed
2025-09-05,8B5109,TNU5109,Business Air,Jakarta,CGK,WIII,18:45,10:45,20:13,28min late,20:43,13min late,1h 30m,Landed
2025-09-05,CX782,CPA782,Cathay Pacific,Hong Kong,HKG,VHHH,18:45,10:45,18:34,11min early,23:28,36min early,4h 54m,Landed
2025-09-05,EY477,ETD477,Etihad Airways,Abu Dhabi,AUH,OMAA,18:45,10:45,18:38,7min early,23:20,9min early,8h 42m,Landed
2025-09-05,ID6415,BTK6415,Batik Air,Surabaya,SUB,WARR,18:45,10:45,19:24,39min late,19:11,26min late,46m,Landed
2025-09-05,QZ809,AWQ809,Indonesia AirAsia,Jakarta,CGK,WIII,18:50,10:50,19:33,43min late,20:17,32min late,1h 43m,Landed
2025-09-05,TG440,THA440,Thai Airways International,Bangkok,BKK,VTBS,19:00,11:00,21:03,3min late,23:50,40min late,3h 46m,Landed
2025-09-05,QG689,CTV689,Citilink,Jakarta,CGK,WIII,19:00,11:00,18:53,6min early,19:40,19min early,1h 46m,Landed
2025-09-05,IU527,SJV527,SW Italia,Manado,MDC,WAMM,19:00,11:00,19:21,21min late,21:35,4min early,2h 14m,Landed
2025-09-05,AK379,AXM379,AirAsia,Kuala Lumpur,KUL,WMKK,19:15,11:15,19:57,42min late,23:21,1min late,3h 24m,Landed
2025-09-05,QR963,QTR963,Qatar Airways,Doha,DOH,OTHH,19:20,11:20,19:29,9min late,23:19,20min early,8h 50m,Landed
2025-09-05,MH852,MAS852,Malaysia Airlines,Kuala Lumpur,KUL,WMKK,19:20,11:20,19:48,28min late,22:40,20min late,2h 52m,Landed
2025-09-05,ID7310,BTK7310,Batik Air,Jakarta,HLP,WIHH,19:25,11:25,20:46,21min late,21:18,8min late,1h 32m,Landed
2025-09-05,GA4952,GIA4952,Garuda Indonesia,Jakarta,CGK,WIII,19:30,11:30,20:30,0min late,20:52,22min late,1h 22m,Landed
2025-09-05,QG699,CTV699,Citilink,Surabaya,SUB,WARR,19:30,11:30,14:55,34min early,14:38,1min early,43m,Landed
2025-09-05,JT11,,Lion Air,Jakarta,CGK,WIII,19:35,11:35,,,,,1h 55m,Cancelled
2025-09-05,8B969,TNU969,Business Air,Guangzhou,CAN,ZGGG,19:40,11:40,20:07,27min late,01:02,2min late,4h 55m,Landed
2025-09-05,TR287,TGW287,Scoot,Singapore,SIN,WSSS,19:40,11:40,19:50,10min late,22:02,13min early,2h 11m,Landed
2025-09-05,EK369,UAE369,Emirates,Dubai,DXB,OMDB,19:45,11:45,20:24,39min late,16:24,25min early,0m,Landed
2025-09-05,ID6413,,Batik Air,Surabaya,SUB,WARR,19:50,11:50,,,,,1h 0m,Cancelled
2025-09-05,ID6517,BTK6517,Batik Air,Jakarta,CGK,WIII,20:00,12:00,21:57,57min late,22:24,29min late,1h 26m,Landed
2025-09-05,GA415,GIA415,Garuda Indonesia,Jakarta,CGK,WIII,20:00,12:00,20:37,37min late,21:00,on time,1h 23m,Landed
2025-09-05,SQ945,SIA945,Singapore Airlines,Singapore,SIN,WSSS,20:00,12:00,20:43,43min late,23:03,23min late,2h 20m,Landed
2025-09-05,QG9692,CTV9692,Citilink,Surabaya,SUB,WARR,20:20,12:20,20:09,11min early,20:09,20min early,1h 0m,Landed
2025-09-05,QG342,CTV342,Citilink,Makassar,UPG,WAAA,20:30,12:30,21:18,48min late,22:32,27min late,1h 14m,Landed
2025-09-05,KL836,KLM836,KLM Royal Dutch Airlines,Singapore,SIN,WSSS,20:35,12:35,21:15,40min late,23:19,9min late,2h 3m,Landed
2025-09-05,GA463,GIA463,Garuda Indonesia,Jakarta,HLP,WIHH,20:40,12:40,20:56,16min late,21:31,3min early,1h 34m,Landed
2025-09-05,OD177,MXD177,Malindo Air,Melbourne,MEL,YMML,21:00,13:00,21:17,17min late,04:23,16min early,5h 6m,Landed
2025-09-05,JQ107,JST107,Jetstar Airways,Perth,PER,YPPH,21:10,13:10,21:27,17min late,00:41,13min early,3h 14m,Landed
2025-09-05,GA425,,Garuda Indonesia,Jakarta,CGK,WIII,21:15,13:15,21:24,9min late,21:58,11min early,1h 33m,Landed
2025-09-05,TK67,THY067,Turkish Airlines,Istanbul,IST,LTFM,21:20,13:20,21:23,3min late,04:29,45min early,12h 5m,Landed
2025-09-05,JQ34,JST034,Jetstar Airways,Melbourne,MEL,YMML,21:20,13:20,21:27,7min late,04:36,18min early,5h 9m,Landed
2025-09-05,AK375,AXM375,AirAsia,Kuala Lumpur,KUL,WMKK,21:25,13:25,22:50,25min late,01:47,17min late,2h 57m,Landed
2025-09-05,ID6760,BTK6760,Batik Air,Makassar,UPG,WAAA,21:30,13:30,22:29,59min late,23:27,37min late,57m,Landed
2025-09-05,JQ117,JST117,Jetstar Airways,Perth,PER,YPPH,21:30,13:30,21:51,21min late,01:07,12min early,3h 16m,Landed
2025-09-05,JT15,LNI015,Lion Air,Jakarta,CGK,WIII,21:30,13:30,22:54,24min late,23:20,55min late,1h 25m,Landed
2025-09-05,SQ947,SIA947,Singapore Airlines,Singapore,SIN,WSSS,21:35,13:35,21:49,14min late,00:15,10min late,2h 26m,Landed
2025-09-05,QZ819,AWQ819,Indonesia AirAsia,Jakarta,CGK,WIII,21:40,13:40,00:47,7min late,01:27,57min late,1h 40m,Landed
2025-09-05,IP105,PAS105,Pelita Air Service,Jakarta,CGK,WIII,21:40,13:40,21:31,8min early,22:07,22min early,1h 36m,Landed
2025-09-05,QZ546,AWQ546,Indonesia AirAsia,Perth,PER,YPPH,21:55,13:55,22:12,17min late,01:24,16min early,3h 12m,Landed
2025-09-05,GA718,GIA718,Garuda Indonesia,Melbourne,MEL,YMML,22:05,14:05,22:25,20min late,05:33,3min late,5h 7m,Landed
2025-09-05,QF44,QFA044,Qantas,Sydney,SYD,YSSY,22:10,14:10,00:44,34min late,07:58,53min late,5h 14m,Landed
2025-09-05,OD171,MXD171,Malindo Air,Sydney,SYD,YSSY,22:15,14:15,23:39,24min late,06:55,50min late,5h 15m,Landed
2025-09-05,SV857,SVA857,Saudi Arabian Airlines,Singapore,SIN,WSSS,22:15,14:15,22:25,10min late,00:44,on time,2h 19m,Landed
2025-09-05,QG9685,,Citilink,Jakarta,CGK,WIII,22:20,14:20,22:20,,22:51,23min early,1h 31m,Landed
2025-09-05,IN2801,LKN2801,Nam Air,Jakarta,CGK,WIII,22:25,14:25,00:48,23min late,01:17,12min late,1h 29m,Landed
2025-09-05,JQ38,JST038,Jetstar Airways,Sydney,SYD,YSSY,22:35,14:35,22:25,10min early,06:04,25min early,5h 39m,Landed
2025-09-05,7C2712,JJA2712,Jeju Air,Seoul,ICN,RKSI,22:45,14:45,23:14,29min late,07:21,11min late,7h 7m,Landed
2025-09-05,QZ811,AWQ811,Indonesia AirAsia,Jakarta,CGK,WIII,22:50,14:50,00:42,52min late,01:27,47min late,1h 44m,Landed
2025-09-05,QF46,QFA046,Qantas,Melbourne,MEL,YMML,23:05,15:05,23:01,4min early,06:09,30min early,5h 8m,Landed
2025-09-05,VA96,VOZ096,Virgin Australia,Melbourne,MEL,YMML,23:05,15:05,23:23,18min late,06:31,8min early,5h 8m,Landed
2025-09-05,JT3020,,Lion Air,Seoul,ICN,RKSI,23:05,15:05,,,,,7h 5m,
2025-09-05,VA82,VOZ082,Virgin Australia,Gold Coast,OOL,YBCG,23:20,15:20,23:29,9min late,07:08,13min late,5h 39m,Landed
2025-09-05,GA714,GIA714,Garuda Indonesia,Sydney,SYD,YSSY,23:25,15:25,23:41,16min late,07:04,5min early,5h 23m,Landed
2025-09-05,JQ91,JST091,Jetstar Airways,Cairns,CNS,YBCS,23:30,15:30,23:37,7min late,06:03,3min late,4h 26m,Landed
2025-09-05,JQ36,JST036,Jetstar Airways,Melbourne,MEL,YMML,23:30,15:30,23:57,27min late,07:01,3min early,5h 4m,Landed
2025-09-05,VA68,VOZ068,Virgin Australia,Sydney,SYD,YSSY,23:35,15:35,00:10,35min late,07:37,7min early,5h 26m,Landed
2025-09-05,QZ542,AWQ542,Indonesia AirAsia,Cairns,CNS,YBCS,23:45,15:45,23:58,13min late,06:18,16min early,4h 20m,Landed
2025-09-05,KE634,KAL634,Korean Air Lines,Seoul,ICN,RKSI,23:45,15:45,23:55,10min late,07:55,on time,7h 0m,Landed
2025-09-05,QZ420,AWQ420,Indonesia AirAsia,Adelaide,ADL,YPAD,23:45,15:45,00:01,16min late,06:01,23min early,4h 30m,Landed
2025-09-05,JQ94,JST094,Jetstar Airways,Gold Coast,OOL,YBCG,23:45,15:45,00:43,58min late,08:03,48min late,5h 20m,Landed
2025-09-05,JQ128,JST128,Jetstar Airways,Adelaide,ADL,YPAD,23:55,15:55,00:23,28min late,06:05,4min early,4h 12m,Landed
2025-09-06,BX602,ABL602,Air Busan,Busan,PUS,RKPK,00:05,16:05,01:48,43min late,07:57,12min early,5h 9m,Landed
2025-09-06,GA880,GIA880,Garuda Indonesia,Tokyo,NRT,RJAA,00:20,16:20,00:57,37min late,09:08,18min late,7h 11m,Landed
2025-09-06,MF892,CXA892,Xiamen Airlines,Xiamen,XMN,ZSAM,00:30,16:30,00:20,10min early,05:58,6min early,5h 38m,Landed
2025-09-06,CZ626,CSN626,China Southern Airlines,Guangzhou,CAN,ZGGG,00:30,16:30,01:12,42min late,05:56,6min late,4h 44m,Landed
2025-09-06,EK399,UAE399,Emirates,Dubai,DXB,OMDB,00:35,16:35,00:45,10min late,05:19,15min early,8h 33m,Landed
2025-09-06,QR961,QTR961,Qatar Airways,Doha,DOH,OTHH,00:35,16:35,00:40,5min late,04:31,23min early,8h 51m,Landed
2025-09-06,KE630,KAL630,Korean Air Lines,Seoul,ICN,RKSI,00:50,16:50,03:34,44min late,08:49,30min early,4h 14m,Landed
2025-09-06,MU5030,CES5030,China Eastern Airlines,Shanghai,PVG,ZSPD,00:55,16:55,00:39,16min early,07:03,51min early,6h 24m,Landed
2025-09-06,PR538,PAL538,Philippine Airlines,Manila,MNL,RPLL,00:55,16:55,00:59,4min late,04:50,on time,3h 51m,Landed
2025-09-06,SJ726,,Sriwijaya Air,Makassar,UPG,WAAA,01:00,17:00,,,,,1h 20m,
2025-09-06,5J282,CEB282,CEBU Pacific Air,Manila,MNL,RPLL,01:00,17:00,01:08,8min late,04:43,41min early,3h 35m,Landed
2025-09-06,QZ548,AWQ548,Indonesia AirAsia,Perth,PER,YPPH,01:05,17:05,00:22,42min early,03:39,16min early,3h 16m,Landed
2025-09-06,GA870,GIA870,Garuda Indonesia,Seoul,ICN,RKSI,01:15,17:15,02:28,13min late,09:34,19min late,6h 6m,Landed
2025-09-06,8B5888,,TransNusa,Manado,MDC,WAMM,01:30,17:30,,,,,2h 35m,
2025-09-06,QZ550,AWQ550,Indonesia AirAsia,Kuala Lumpur,KUL,WMKK,07:00,23:00,08:04,4min late,11:05,5min late,3h 1m,Landed
2025-09-06,GA401,GIA401,Garuda Indonesia,Jakarta,CGK,WIII,07:00,23:00,07:13,13min late,07:50,9min early,1h 37m,Landed
2025-09-06,JT746,LNI746,Lion Air,Makassar,UPG,WAAA,07:00,23:00,07:43,43min late,08:40,20min late,57m,Landed
2025-09-06,JT944,,Lion Air,Makassar,UPG,WAAA,07:00,23:00,07:43,43min late,08:40,20min late,57m,Landed
2025-09-06,JT929,LNI929,Lion Air,Surabaya,SUB,WARR,07:00,23:00,07:14,14min late,06:54,5min early,40m,Landed
2025-09-06,JT3569,LNI3569,Lion Air,Yogyakarta,YIA,WAHI,07:00,23:00,07:32,32min late,06:32,57min early,0m,Landed
2025-09-06,JT856,,Lion Air,Surabaya,SUB,WARR,07:00,23:00,07:00,on time,06:58,2min early,58m,Landed
2025-09-06,QZ534,AWQ534,Indonesia AirAsia,Perth,PER,YPPH,07:05,23:05,07:37,32min late,10:50,9min early,3h 13m,Landed
2025-09-06,QG690,CTV690,Citilink,Surabaya,SUB,WARR,07:05,23:05,07:17,12min late,06:59,5min early,42m,Landed
2025-09-06,QZ502,AWQ502,Indonesia AirAsia,Singapore,SIN,WSSS,07:10,23:10,03:21,48min early,10:18,28min late,6h 57m,Landed
2025-09-06,SQ949,SIA949,Singapore Airlines,Singapore,SIN,WSSS,07:10,23:10,07:29,19min late,07:29,30min early,0m,Landed
2025-09-06,QZ644,AWQ644,Indonesia AirAsia,Labuan Bajo,LBJ,WATO,07:10,23:10,07:22,12min late,08:14,on time,51m,Landed
2025-09-06,QG663,CTV663,Citilink,Jakarta,CGK,WIII,07:45,23:45,08:04,19min late,08:36,1min late,1h 32m,Landed
2025-09-06,IW1854,WON1854,Wings Air,Lombok,LOP,WADL,08:00,00:00,08:10,10min late,08:33,11min early,22m,Landed
2025-09-06,JT21,LNI021,Lion Air,Jakarta,CGK,WIII,08:05,00:05,08:34,29min late,09:08,8min late,1h 34m,Landed
2025-09-06,HX706,CRK706,Hong Kong Airlines,Hong Kong,HKG,VHHH,08:15,00:15,08:33,18min late,13:28,8min late,4h 55m,Landed
2025-09-06,5J280,CEB280,CEBU Pacific Air,Manila,MNL,RPLL,08:35,00:35,08:46,11min late,12:42,7min early,3h 56m,Landed
2025-09-06,IW1850,WON1850,Wings Air,Lombok,LOP,WADL,08:35,00:35,08:54,19min late,09:17,2min early,23m,Landed
2025-09-06,IU703,SJV703,SW Italia,Surabaya,SUB,WARR,08:40,00:40,08:49,9min late,08:28,11min early,39m,Landed
2025-09-06,CZ8482,CSN8482,China Southern Airlines,Guangzhou,CAN,ZGGG,08:40,00:40,08:56,16min late,13:53,3min late,4h 56m,Landed
2025-09-06,QZ504,AWQ504,Indonesia AirAsia,Singapore,SIN,WSSS,09:00,01:00,10:45,45min late,13:07,22min late,2h 22m,Landed
2025-09-06,8B80,TNU080,Business Air,Perth,PER,YPPH,09:05,01:05,02:33,31min early,12:13,41min early,9h 40m,Landed
2025-09-06,IW1832,WON1832,Wings Air,Tambolaka,TMC,WADT,09:10,01:10,09:29,19min late,10:34,on time,1h 5m,Landed
2025-09-06,IW1856,WON1856,Wings Air,Lombok,LOP,WADL,09:10,01:10,09:46,36min late,10:09,14min late,23m,Landed
2025-09-06,8B5105,TNU5105,Business Air,Jakarta,CGK,WIII,09:10,01:10,09:12,2min late,09:40,19min early,1h 27m,Landed
2025-09-06,IN640,LKN640,NAM Air,Tambolaka,TMC,WADT,09:10,01:10,09:55,45min late,10:41,31min late,45m,Landed
2025-09-06,ID6007,BTK6007,Batik Air,Perth,PER,YPPH,09:25,01:25,09:42,17min late,12:57,17min early,3h 14m,Landed
2025-09-06,JT31,LNI031,Lion Air,Jakarta,CGK,WIII,09:30,01:30,09:15,14min early,09:48,36min early,1h 32m,Landed
2025-09-06,QG500,CTV500,Citilink,Dili,DIL,WPDL,09:30,01:30,09:16,14min early,12:07,12min early,1h 51m,Landed
2025-09-06,QZ803,AWQ803,Indonesia AirAsia,Jakarta,CGK,WIII,09:40,01:40,09:39,on time,10:17,12min early,1h 38m,Landed
2025-09-06,QR965,QTR965,Qatar Airways,Doha,DOH,OTHH,09:55,01:55,10:17,22min late,14:04,15min early,8h 46m,Landed
2025-09-06,AI2146,AIC2146,Air India,Delhi,DEL,VIDP,10:00,02:00,09:56,4min early,14:55,40min early,7h 29m,Landed
2025-09-06,IW1882,WON1882,Wings Air,Sumbawa Besar,SWQ,WADS,10:00,02:00,08:50,9min early,11:01,1min late,2h 10m,Landed
2025-09-06,SQ935,SIA935,Singapore Airlines,Singapore,SIN,WSSS,10:05,02:05,10:41,36min late,12:59,14min late,2h 18m,Landed
2025-09-06,8B5101,TNU5101,Business Air,Jakarta,CGK,WIII,10:25,02:25,10:07,17min early,10:43,31min early,1h 36m,Landed
2025-09-06,JT33,LNI033,Lion Air,Jakarta,CGK,WIII,10:30,02:30,10:13,16min early,11:02,22min early,1h 49m,Landed
2025-09-06,8G182,DTL182,Mid Africa Aviation,Dili,DIL,WPDL,10:35,02:35,10:36,1min late,13:11,18min early,1h 35m,Landed
2025-09-06,TR281,TGW281,Scoot,Singapore,SIN,WSSS,10:50,02:50,10:49,on time,13:16,13min early,2h 26m,Landed
2025-09-06,JT924,LNI924,Lion Air,Kupang,KOE,WATT,11:05,03:05,14:08,3min late,15:32,47min late,1h 24m,Landed
2025-09-06,JT805,LNI805,Lion Air,Surabaya,SUB,WARR,11:05,03:05,10:33,31min early,10:25,39min early,52m,Landed
2025-09-06,QG9193,CTV9193,Citilink,Jakarta,HLP,WIHH,11:10,03:10,11:05,4min early,11:41,18min early,1h 35m,Landed
2025-09-06,6E1606,IGO1606,IndiGo,Bangalore,BLR,VOBL,11:20,03:20,11:40,20min late,14:59,10min early,5h 48m,Landed
2025-09-06,QZ780,AWQ780,Indonesia AirAsia,Balikpapan,BPN,WALL,11:25,03:25,11:37,12min late,12:52,12min early,1h 14m,Landed
2025-09-06,JQ111,JST111,Jetstar Airways,Perth,PER,YPPH,11:30,03:30,11:36,6min late,14:53,21min early,3h 16m,Landed
2025-09-06,JQ109,JST109,Jetstar Airways,Perth,PER,YPPH,11:40,03:40,12:04,24min late,15:24,on time,3h 20m,Landed
2025-09-06,JQ32,JST032,Jetstar Airways,Melbourne,MEL,YMML,11:55,03:55,11:51,4min early,18:40,49min early,4h 49m,Landed
2025-09-06,JT569,LNI569,Lion Air,Yogyakarta,YIA,WAHI,11:55,03:55,11:51,3min early,12:04,20min early,1h 12m,Landed
2025-09-06,OD192,MXD192,Malindo Air,Kuala Lumpur,KUL,WMKK,11:55,03:55,15:11,16min late,17:51,46min late,2h 40m,Landed
2025-09-06,JQ40,JST040,Jetstar Airways,Sydney,SYD,YSSY,11:55,03:55,11:53,2min early,19:16,33min early,5h 23m,Landed
2025-09-06,FD397,AIQ397,Thai AirAsia,Bangkok,DMK,VTBD,12:00,04:00,12:30,30min late,15:38,3min late,4h 7m,Landed
2025-09-06,GA407,GIA407,Garuda Indonesia,Jakarta,CGK,WIII,12:00,04:00,12:00,on time,12:43,11min early,1h 43m,Landed
2025-09-06,GA253,GIA253,Garuda Indonesia,Yogyakarta,YIA,WAHI,12:05,04:05,12:10,5min late,12:36,18min early,1h 26m,Landed
2025-09-06,QZ540,AWQ540,Indonesia AirAsia,Darwin,DRW,YPDN,12:05,04:05,12:17,12min late,16:09,5min early,2h 22m,Landed
2025-09-06,SQ937,SIA937,Singapore Airlines,Singapore,SIN,WSSS,12:10,04:10,12:15,5min late,14:41,14min early,2h 25m,Landed
2025-09-06,QG9696,CTV9696,Citilink,Surabaya,SUB,WARR,12:15,04:15,12:03,11min early,12:00,19min early,57m,Landed
2025-09-06,OD178,MXD178,Malindo Air,Kuala Lumpur,KUL,WMKK,12:25,04:25,12:33,8min late,15:13,21min early,2h 40m,Landed
2025-09-06,D7795,XAX795,AirAsia X,Kuala Lumpur,KUL,WMKK,12:30,04:30,12:42,12min late,15:24,20min early,2h 41m,Landed
2025-09-06,QZ805,AWQ805,Indonesia AirAsia,Jakarta,CGK,WIII,12:40,04:40,13:36,56min late,14:11,31min late,1h 34m,Landed
2025-09-06,IP103,PAS103,Pelita Air Service,Jakarta,CGK,WIII,12:45,04:45,12:43,1min early,13:20,19min early,1h 36m,Landed
2025-09-06,IW1848,WON1848,Wings Air,Lombok,LOP,WADL,12:45,04:45,13:20,35min late,13:43,13min late,23m,Landed
2025-09-06,ID7308,BTK7308,Batik Air,Jakarta,HLP,WIHH,12:50,04:50,12:55,5min late,13:27,7min early,1h 31m,Landed
2025-09-06,MH714,MAS714,Malaysia Airlines,Kuala Lumpur,KUL,WMKK,12:55,04:55,13:01,6min late,15:48,11min early,2h 47m,Landed
2025-09-06,8B82,TNU082,Business Air,Perth,PER,YPPH,12:55,04:55,13:09,14min late,13:09,45min early,0m,Landed
2025-09-06,SQ939,SIA939,Singapore Airlines,Singapore,SIN,WSSS,13:05,05:05,13:25,20min late,15:43,6min early,2h 17m,Landed
2025-09-06,VJ900,VJC900,VietJet Air,Hanoi,HAN,VVNB,13:10,05:10,13:26,16min late,17:02,17min early,4h 36m,Landed
2025-09-06,JT35,LNI035,Lion Air,Jakarta,CGK,WIII,13:10,05:10,14:32,22min late,14:48,43min late,1h 16m,Landed
2025-09-06,OD172,MXD172,Malindo Air,Kuala Lumpur,KUL,WMKK,13:15,05:15,14:23,8min late,17:02,37min late,2h 38m,Landed
2025-09-06,JQ58,JST058,Jetstar Airways,Brisbane,BNE,YBBN,13:15,05:15,13:03,12min early,20:22,22min early,5h 19m,Landed
2025-09-06,IW1834,WON1834,Wings Air,Tambolaka,TMC,WADT,13:20,05:20,13:33,13min late,14:39,5min early,1h 6m,Landed
2025-09-06,JT660,LNI660,Lion Air,Balikpapan,BPN,WALL,13:25,05:25,13:56,31min late,15:15,5min late,1h 19m,Landed
2025-09-06,GA409,GIA409,Garuda Indonesia,Jakarta,CGK,WIII,13:25,05:25,13:40,15min late,14:31,6min late,1h 51m,Landed
2025-09-06,D7799,XAX799,AirAsia X,Kuala Lumpur,KUL,WMKK,13:35,05:35,13:51,16min late,16:33,16min early,2h 42m,Landed
2025-09-06,IW1826,WON1826,Wings Air,Bima,BMU,WADB,13:40,05:40,14:34,54min late,15:40,35min late,1h 5m,Landed
2025-09-06,QZ506,AWQ506,Indonesia AirAsia,Singapore,SIN,WSSS,13:45,05:45,17:09,24min late,19:42,2min late,2h 32m,Landed
2025-09-06,8B5107,TNU5107,Business Air,Jakarta,CGK,WIII,13:50,05:50,14:03,13min late,14:32,7min early,1h 29m,Landed
2025-09-06,QZ544,AWQ544,Indonesia AirAsia,Perth,PER,YPPH,13:55,05:55,14:05,10min late,17:19,35min early,3h 14m,Landed
2025-09-06,JT919,LNI919,Lion Air,Surabaya,SUB,WARR,13:55,05:55,15:27,32min late,15:06,11min late,38m,Landed
2025-09-06,IW1964,WON1964,Wings Air,Lombok,LOP,WADL,13:55,05:55,14:16,21min late,14:37,2min early,21m,Landed
2025-09-06,JT25,LNI025,Lion Air,Jakarta,CGK,WIII,14:00,06:00,14:23,23min late,14:58,3min late,1h 35m,Landed
2025-09-06,TR289,TGW289,Scoot,Singapore,SIN,WSSS,14:00,06:00,14:03,3min late,16:29,31min early,2h 25m,Landed
2025-09-06,VJ894,VJC894,VietJet Air,Ho Chi Minh City,SGN,VVTS,14:05,06:05,14:20,15min late,16:42,12min early,3h 22m,Landed
2025-09-06,ID8517,BTK8517,Batik Air,Jakarta,CGK,WIII,14:10,06:10,14:47,37min late,15:19,14min late,1h 32m,Landed
2025-09-06,ID7637,,Batik Air,Bangkok,DMK,VTBD,14:15,06:15,14:38,23min late,17:37,7min early,3h 59m,Landed
2025-09-06,JT844,LNI844,Lion Air,Banjarmasin,BDJ,WAOO,14:35,06:35,15:01,26min late,16:02,2min late,1h 1m,Landed
2025-09-06,JT740,LNI740,Lion Air,Makassar,UPG,WAAA,14:40,06:40,15:16,36min late,16:13,13min late,57m,Landed
2025-09-06,QG681,CTV681,Citilink,Jakarta,CGK,WIII,14:40,06:40,15:15,35min late,16:00,25min late,1h 44m,Landed
2025-09-06,IW1884,WON1884,Wings Air,Waingapu,WGP,WADW,14:40,06:40,14:50,10min late,16:02,27min early,1h 11m,Landed
2025-09-06,QZ244,AWQ244,Indonesia AirAsia,Bangkok,DMK,VTBD,14:45,06:45,14:58,13min late,17:55,14min early,3h 57m,Landed
2025-09-06,AK377,AXM377,AirAsia,Kuala Lumpur,KUL,WMKK,14:45,06:45,15:14,29min late,18:08,13min late,2h 54m,Landed
2025-09-06,QG9693,CTV9693,Citilink,Surabaya,SUB,WARR,14:45,06:45,19:22,37min late,19:22,27min late,1h 0m,Landed
2025-09-06,JT614,,Lion Air,Jakarta,CGK,WIII,14:50,06:50,,,,,1h 55m,
2025-09-06,JQ44,JST044,Jetstar Airways,Melbourne,MEL,YMML,14:55,06:55,14:56,on time,21:47,42min early,4h 51m,Landed
2025-09-06,JT23,LNI023,Lion Air,Jakarta,CGK,WIII,15:00,07:00,16:23,23min late,17:04,9min late,1h 40m,Landed
2025-09-06,QG699,CTV699,Citilink,Surabaya,SUB,WARR,15:04,07:04,14:57,7min early,14:48,2min late,51m,Landed
2025-09-06,JT271,LNI271,Lion Air,Semarang,SRG,WIIS,15:05,07:05,15:29,24min late,15:26,3min early,56m,Landed
2025-09-06,8B5103,,TransNusa,Jakarta,CGK,WIII,15:10,07:10,,,,,1h 45m,
2025-09-06,VA50,VOZ050,Virgin Australia,Brisbane,BNE,YBBN,15:15,07:15,15:16,on time,22:49,10min early,5h 33m,Landed
2025-09-06,GA842,GIA842,Garuda Indonesia,Singapore,SIN,WSSS,15:15,07:15,15:34,19min late,17:54,5min early,2h 20m,Landed
2025-09-06,VJ898,VJC898,VietJet Air,Ho Chi Minh City,SGN,VVTS,15:30,07:30,16:49,19min late,19:05,45min late,3h 16m,Landed
2025-09-06,ID6335,BTK6335,Batik Air,Labuan Bajo,LBJ,WATO,15:35,07:35,15:37,2min late,16:27,17min early,49m,Landed
2025-09-06,CI772,CAL772,China Airlines,Taipei,TPE,RCTP,15:40,07:40,18:49,9min late,20:57,7min early,2h 7m,Landed
2025-09-06,IP109,PAS109,Pelita Air Service,Jakarta,CGK,WIII,15:45,07:45,15:41,3min early,16:13,21min early,1h 31m,Landed
2025-09-06,QZ646,AWQ646,Indonesia AirAsia,Labuan Bajo,LBJ,WATO,15:45,07:45,16:04,19min late,17:04,4min late,59m,Landed
2025-09-06,JQ43,JST043,Jetstar Airways,Singapore,SIN,WSSS,15:50,07:50,16:29,39min late,16:29,0min early,0m,Landed
2025-09-06,VA92,VOZ092,Virgin Australia,Melbourne,MEL,YMML,15:50,07:50,16:26,36min late,23:37,12min late,5h 11m,Landed
2025-09-06,QZ246,AWQ246,Indonesia AirAsia,Phuket,HKT,VTSP,15:50,07:50,15:56,6min late,18:23,21min early,3h 27m,Landed
2025-09-06,OD307,MXD307,Malindo Air,Kuala Lumpur,KUL,WMKK,15:50,07:50,16:11,21min late,19:05,15min late,2h 53m,Landed
2025-09-06,GA411,GIA411,Garuda Indonesia,Jakarta,CGK,WIII,15:55,07:55,16:25,30min late,17:04,4min late,1h 39m,Landed
2025-09-06,VN640,HVN640,Vietnam Airlines,Ho Chi Minh City,SGN,VVTS,16:00,08:00,16:44,44min late,18:56,16min late,3h 11m,Landed
2025-09-06,CX784,CPA784,Cathay Pacific,Hong Kong,HKG,VHHH,16:10,08:10,17:43,33min late,20:42,42min early,2h 59m,Landed
2025-09-06,QG195,CTV195,Citilink,Jakarta,HLP,WIHH,16:10,08:10,16:08,1min early,16:48,11min early,1h 40m,Landed
2025-09-06,QZ807,AWQ807,Indonesia AirAsia,Jakarta,CGK,WIII,16:10,08:10,16:39,29min late,17:13,1min early,1h 34m,Landed
2025-09-06,QZ536,AWQ536,Indonesia AirAsia,Perth,PER,YPPH,16:15,08:15,16:43,28min late,19:56,13min early,3h 13m,Landed
2025-09-06,MH850,MAS850,Malaysia Airlines,Kuala Lumpur,KUL,WMKK,16:25,08:25,16:26,1min late,19:27,7min early,3h 0m,Landed
2025-09-06,JT925,LNI925,Lion Air,Surakarta,SOC,WAHQ,16:25,08:25,19:38,13min late,19:41,56min late,1h 2m,Landed
2025-09-06,IU743,SJV743,SW Italia,Jakarta,CGK,WIII,16:30,08:30,18:07,37min late,18:49,24min late,1h 42m,Landed
2025-09-06,BR256,EVA256,EVA Airways,Taipei,TPE,RCTP,16:30,08:30,17:54,24min late,22:44,44min late,4h 50m,Landed
2025-09-06,QG669,CTV669,Citilink,Surabaya,SUB,WARR,16:35,08:35,16:20,15min early,16:21,23min early,1h 1m,Landed
2025-09-06,JT567,LNI567,Lion Air,Yogyakarta,YIA,WAHI,16:50,08:50,19:27,37min late,19:37,17min late,1h 10m,Landed
2025-09-06,HO1356,DKH1356,Juneyao Airlines,Shanghai,PVG,ZSPD,16:50,08:50,16:52,2min late,23:07,32min early,6h 14m,Landed
2025-09-06,TG432,THA432,Thai Airways International,Bangkok,BKK,VTBS,16:55,08:55,17:08,13min late,20:04,on time,3h 55m,Landed
2025-09-06,QZ556,AWQ556,Indonesia AirAsia,Kuala Lumpur,KUL,WMKK,16:55,08:55,15:29,25min early,21:47,37min late,6h 18m,Landed
2025-09-06,JT923,LNI923,Lion Air,Surabaya,SUB,WARR,17:05,09:05,19:01,56min late,18:44,39min late,42m,Landed
2025-09-06,VJ998,VJC998,VietJet Air,Hanoi,HAN,VVNB,17:30,09:30,17:35,5min late,21:16,28min early,4h 41m,Landed
2025-09-06,IU759,,SW Italia,Jakarta,CGK,WIII,17:35,09:35,,,,,1h 55m,Cancelled
2025-09-06,GA349,GIA349,Garuda Indonesia,Surabaya,SUB,WARR,17:35,09:35,17:46,11min late,17:28,16min early,42m,Landed
2025-09-06,GA419,GIA419,Garuda Indonesia,Jakarta,CGK,WIII,17:35,09:35,17:37,2min late,18:28,6min early,1h 51m,Landed
2025-09-06,IN281,LKN281,NAM Air,Jakarta,CGK,WIII,17:45,09:45,17:45,,23:26,2min early,,Landed
2025-09-06,NZ291,,Air New Zealand,Auckland,AKL,NZAA,17:50,09:50,,,,,7h 40m,Cancelled
2025-09-06,OD193,MXD193,Malindo Air,Perth,PER,YPPH,18:10,10:10,14:16,53min early,21:30,14min early,7h 13m,Landed
2025-09-06,GA417,GIA417,Garuda Indonesia,Jakarta,CGK,WIII,18:30,10:30,18:41,11min late,19:19,10min early,1h 38m,Landed
2025-09-06,JT27,LNI027,Lion Air,Jakarta,CGK,WIII,18:30,10:30,20:16,46min late,20:52,37min late,1h 35m,Landed
2025-09-06,IN283,LKN283,NAM Air,Jakarta,CGK,WIII,18:30,10:30,20:16,46min late,20:55,45min late,1h 39m,Landed
2025-09-06,SL259,TLM259,Thai Lion Air,Bangkok,DMK,VTBD,18:40,10:40,19:17,37min late,22:18,18min late,4h 1m,Landed
2025-09-06,8B5109,TNU5109,Business Air,Jakarta,CGK,WIII,18:45,10:45,00:11,26min late,00:51,21min late,1h 40m,Landed
2025-09-06,CX782,CPA782,Cathay Pacific,Hong Kong,HKG,VHHH,18:45,10:45,18:38,7min early,23:26,38min early,4h 48m,Landed
2025-09-06,EY477,ETD477,Etihad Airways,Abu Dhabi,AUH,OMAA,18:45,10:45,19:11,26min late,23:37,7min late,8h 25m,Landed
2025-09-06,ID6415,BTK6415,Batik Air,Surabaya,SUB,WARR,18:45,10:45,19:28,43min late,19:15,30min late,47m,Landed
2025-09-06,QZ809,AWQ809,Indonesia AirAsia,Jakarta,CGK,WIII,18:50,10:50,19:33,43min late,20:21,36min late,1h 48m,Landed
2025-09-06,QG689,CTV689,Citilink,Jakarta,CGK,WIII,19:00,11:00,18:55,5min early,19:47,12min early,1h 52m,Landed
2025-09-06,TG440,THA440,Thai Airways International,Bangkok,BKK,VTBS,19:00,11:00,19:09,9min late,22:18,8min late,4h 9m,Landed
2025-09-06,AK379,AXM379,AirAsia,Kuala Lumpur,KUL,WMKK,19:15,11:15,19:31,16min late,22:35,15min late,3h 4m,Landed
2025-09-06,MH852,MAS852,Malaysia Airlines,Kuala Lumpur,KUL,WMKK,19:20,11:20,19:26,6min late,22:19,on time,2h 52m,Landed
2025-09-06,QR963,QTR963,Qatar Airways,Doha,DOH,OTHH,19:20,11:20,19:23,3min late,23:20,19min early,8h 56m,Landed
2025-09-06,ID7310,BTK7310,Batik Air,Jakarta,HLP,WIHH,19:25,11:25,19:45,20min late,20:13,3min late,1h 27m,Landed
2025-09-06,JT11,LNI011,Lion Air,Jakarta,CGK,WIII,19:35,11:35,21:45,10min late,22:13,43min late,1h 28m,Landed
2025-09-06,8B969,TNU969,Business Air,Guangzhou,CAN,ZGGG,19:40,11:40,19:54,14min late,19:54,5min early,0m,Landed
2025-09-06,TR287,TGW287,Scoot,Singapore,SIN,WSSS,19:40,11:40,19:53,13min late,22:03,12min early,2h 9m,Landed
2025-09-06,EK369,UAE369,Emirates,Dubai,DXB,OMDB,19:45,11:45,20:01,16min late,00:36,13min early,8h 34m,Landed
2025-09-06,ID6413,,Batik Air,Surabaya,SUB,WARR,19:50,11:50,,,,,1h 0m,Cancelled
2025-09-06,GA415,GIA415,Garuda Indonesia,Jakarta,CGK,WIII,20:00,12:00,19:52,7min early,20:40,19min early,1h 48m,Landed
2025-09-06,SQ945,SIA945,Singapore Airlines,Singapore,SIN,WSSS,20:00,12:00,20:04,4min late,22:32,7min early,2h 28m,Landed
2025-09-06,QG9692,CTV9692,Citilink,Surabaya,SUB,WARR,20:20,12:20,20:18,1min early,20:06,23min early,48m,Landed
2025-09-06,QG342,CTV342,Citilink,Makassar,UPG,WAAA,20:30,12:30,21:08,38min late,22:23,18min late,1h 15m,Landed
2025-09-06,KL836,KLM836,KLM Royal Dutch Airlines,Singapore,SIN,WSSS,20:35,12:35,20:38,3min late,22:55,14min early,2h 16m,Landed
2025-09-06,GA463,GIA463,Garuda Indonesia,Jakarta,HLP,WIHH,20:40,12:40,20:42,2min late,21:24,10min early,1h 41m,Landed
2025-09-06,OD177,MXD177,Malindo Air,Melbourne,MEL,YMML,21:00,13:00,21:31,31min late,04:27,12min early,4h 56m,Landed
2025-09-06,GA425,GIA425,Garuda Indonesia,Jakarta,CGK,WIII,21:15,13:15,21:28,13min late,22:04,5min early,1h 35m,Landed
2025-09-06,JQ34,JST034,Jetstar Airways,Melbourne,MEL,YMML,21:20,13:20,01:21,1min late,04:38,16min early,1h 17m,Landed
2025-09-06,TK67,THY067,Turkish Airlines,Istanbul,IST,LTFM,21:20,13:20,21:31,11min late,04:40,34min early,12h 9m,Landed
2025-09-06,AK375,AXM375,AirAsia,Kuala Lumpur,KUL,WMKK,21:25,13:25,22:16,51min late,01:10,40min late,2h 54m,Landed
2025-09-06,JQ117,JST117,Jetstar Airways,Perth,PER,YPPH,21:30,13:30,21:54,24min late,01:11,8min early,3h 17m,Landed
2025-09-06,JT15,LNI015,Lion Air,Jakarta,CGK,WIII,21:30,13:30,23:51,21min late,00:23,58min late,1h 32m,Landed
2025-09-06,ID6760,BTK6760,Batik Air,Makassar,UPG,WAAA,21:30,13:30,21:48,18min late,22:46,3min early,58m,Landed
2025-09-06,SQ947,SIA947,Singapore Airlines,Singapore,SIN,WSSS,21:35,13:35,21:32,2min early,23:50,14min early,2h 17m,Landed
2025-09-06,IP105,PAS105,Pelita Air Service,Jakarta,CGK,WIII,21:40,13:40,21:29,10min early,22:05,24min early,1h 36m,Landed
2025-09-06,QZ819,AWQ819,Indonesia AirAsia,Jakarta,CGK,WIII,21:40,13:40,21:56,16min late,22:23,6min early,1h 27m,Landed
2025-09-06,QZ546,AWQ546,Indonesia AirAsia,Perth,PER,YPPH,21:55,13:55,22:25,30min late,01:34,5min early,3h 8m,Landed
2025-09-06,OD157,MXD157,Malindo Air,Brisbane,BNE,YBBN,22:00,14:00,18:13,46min early,05:30,19min early,9h 17m,Landed
2025-09-06,GA718,GIA718,Garuda Indonesia,Melbourne,MEL,YMML,22:05,14:05,22:17,12min late,05:08,21min early,4h 50m,Landed
2025-09-06,QF44,QFA044,Qantas,Sydney,SYD,YSSY,22:10,14:10,22:33,23min late,06:10,5min late,5h 37m,Landed
2025-09-06,JQ60,JST060,Jetstar Airways,Brisbane,BNE,YBBN,22:10,14:10,22:23,13min late,05:39,on time,5h 16m,Landed
2025-09-06,OD171,MXD171,Malindo Air,Sydney,SYD,YSSY,22:15,14:15,18:38,36min early,06:16,11min late,9h 37m,Landed
2025-09-06,IN2801,LKN2801,Nam Air,Jakarta,CGK,WIII,22:25,14:25,23:23,58min late,23:56,51min late,1h 33m,Landed
2025-09-06,JQ38,JST038,Jetstar Airways,Sydney,SYD,YSSY,22:35,14:35,22:26,9min early,06:02,27min early,5h 36m,Landed
2025-09-06,7C2712,JJA2712,Jeju Air,Seoul,ICN,RKSI,22:45,14:45,23:29,44min late,07:33,23min late,7h 4m,Landed
2025-09-06,QZ811,AWQ811,Indonesia AirAsia,Jakarta,CGK,WIII,22:50,14:50,23:21,31min late,23:51,11min late,1h 30m,Landed
2025-09-06,JT3020,,Lion Air,Seoul,ICN,RKSI,23:05,15:05,23:05,on time,07:13,3min late,7h 8m,Landed
2025-09-06,QF46,QFA046,Qantas,Melbourne,MEL,YMML,23:05,15:05,23:53,48min late,06:52,12min late,4h 59m,Landed
2025-09-06,VA82,VOZ082,Virgin Australia,Gold Coast,OOL,YBCG,23:20,15:20,00:27,7min late,06:38,16min early,4h 11m,Landed
2025-09-06,GA714,GIA714,Garuda Indonesia,Sydney,SYD,YSSY,23:25,15:25,00:11,46min late,02:11,58min early,,Landed
2025-09-06,JQ36,JST036,Jetstar Airways,Melbourne,MEL,YMML,23:30,15:30,00:25,55min late,07:11,6min late,4h 45m,Landed
2025-09-06,VA68,VOZ068,Virgin Australia,Sydney,SYD,YSSY,23:35,15:35,23:42,7min late,07:02,42min early,5h 20m,Landed
2025-09-06,KE634,KAL634,Korean Air Lines,Seoul,ICN,RKSI,23:45,15:45,00:13,28min late,08:08,13min late,6h 54m,Landed
2025-09-06,JQ128,JST128,Jetstar Airways,Adelaide,ADL,YPAD,23:55,15:55,00:18,23min late,06:00,14min early,4h 12m,Landed
2025-09-07,BX602,ABL602,Air Busan,Busan,PUS,RKPK,00:05,16:05,08:20,15min late,11:15,5min late,1h 55m,Landed
2025-09-07,GA880,GIA880,Garuda Indonesia,Tokyo,NRT,RJAA,00:20,16:20,00:51,31min late,08:34,15min early,6h 42m,Landed
2025-09-07,CZ626,CSN626,China Southern Airlines,Guangzhou,CAN,ZGGG,00:30,16:30,00:37,7min late,05:30,20min early,4h 52m,Landed
2025-09-07,MF892,CXA892,Xiamen Airlines,Xiamen,XMN,ZSAM,00:30,16:30,00:29,on time,05:43,21min early,5h 14m,Landed
2025-09-07,QR961,QTR961,Qatar Airways,Doha,DOH,OTHH,00:35,16:35,00:45,10min late,04:38,16min early,8h 53m,Landed
2025-09-07,EK399,UAE399,Emirates,Dubai,DXB,OMDB,00:35,16:35,01:07,32min late,05:34,on time,8h 26m,Landed
2025-09-07,KE630,KAL630,Korean Air Lines,Seoul,ICN,RKSI,00:50,16:50,00:53,3min late,08:37,42min early,6h 44m,Landed
2025-09-07,PR538,PAL538,Philippine Airlines,Manila,MNL,RPLL,00:55,16:55,00:59,4min late,04:45,4min early,3h 46m,Landed
2025-09-07,MU5030,CES5030,China Eastern Airlines,Shanghai,PVG,ZSPD,00:55,16:55,01:29,34min late,07:46,13min early,6h 16m,Landed
2025-09-07,QZ548,AWQ548,Indonesia AirAsia,Perth,PER,YPPH,01:05,17:05,00:22,42min early,03:39,16min early,3h 16m,Landed
2025-09-07,GA870,GIA870,Garuda Indonesia,Seoul,ICN,RKSI,01:15,17:15,02:28,13min late,09:34,19min late,6h 6m,Landed
2025-09-07,8B5888,,TransNusa,Manado,MDC,WAMM,01:30,17:30,,,,,2h 35m,
2025-09-07,QZ550,AWQ550,Indonesia AirAsia,Kuala Lumpur,KUL,WMKK,07:00,23:00,07:01,1min late,09:43,16min early,2h 42m,Landed
2025-09-07,JT3569,LNI3569,Lion Air,Yogyakarta,YIA,WAHI,07:00,23:00,07:31,31min late,07:44,14min late,1h 12m,Landed
2025-09-07,JT746,LNI746,Lion Air,Makassar,UPG,WAAA,07:00,23:00,07:44,44min late,08:42,22min late,57m,Landed
2025-09-07,JT944,,Lion Air,Makassar,UPG,WAAA,07:00,23:00,07:00,on time,08:18,1min early,1h 18m,Landed
2025-09-07,GA401,GIA401,Garuda Indonesia,Jakarta,CGK,WIII,07:00,23:00,07:13,13min late,07:50,9min early,1h 37m,Landed
2025-09-07,JT929,LNI929,Lion Air,Surabaya,SUB,WARR,07:00,23:00,07:27,27min late,06:28,31min early,0m,Landed
2025-09-07,JT856,,Lion Air,Surabaya,SUB,WARR,07:00,23:00,07:00,on time,06:58,2min early,58m,Landed
2025-09-07,JQ82,JST082,Jetstar Airways,Darwin,DRW,YPDN,07:00,23:00,07:23,23min late,11:08,6min early,2h 15m,Landed
2025-09-07,QG690,CTV690,Citilink,Surabaya,SUB,WARR,07:05,23:05,07:16,11min late,06:17,47min early,1m,Landed
2025-09-07,QZ644,AWQ644,Indonesia AirAsia,Labuan Bajo,LBJ,WATO,07:10,23:10,07:07,2min early,07:57,17min early,50m,Landed
2025-09-07,QZ502,AWQ502,Indonesia AirAsia,Singapore,SIN,WSSS,07:10,23:10,07:37,27min late,10:03,13min late,2h 25m,Landed
2025-09-07,SQ949,SIA949,Singapore Airlines,Singapore,SIN,WSSS,07:10,23:10,07:30,20min late,09:58,1min early,2h 28m,Landed
2025-09-07,QZ813,AWQ813,Indonesia AirAsia,Jakarta,CGK,WIII,07:15,23:15,07:20,5min late,07:47,22min early,1h 27m,Landed
2025-09-07,QG663,CTV663,Citilink,Jakarta,CGK,WIII,07:45,23:45,07:58,13min late,08:35,on time,1h 36m,Landed
2025-09-07,IW1854,WON1854,Wings Air,Lombok,LOP,WADL,08:00,00:00,08:15,15min late,08:39,5min early,23m,Landed
2025-09-07,JT21,LNI021,Lion Air,Jakarta,CGK,WIII,08:05,00:05,08:26,21min late,09:06,6min late,1h 39m,Landed
2025-09-07,HX706,CRK706,Hong Kong Airlines,Hong Kong,HKG,VHHH,08:15,00:15,08:26,11min late,13:14,5min early,4h 48m,Landed
2025-09-07,QZ817,AWQ817,Indonesia AirAsia,Jakarta,CGK,WIII,08:30,00:30,08:30,on time,09:00,19min early,1h 30m,Landed
2025-09-07,5J280,CEB280,CEBU Pacific Air,Manila,MNL,RPLL,08:35,00:35,09:31,56min late,13:14,24min late,3h 43m,Landed
2025-09-07,IW1850,WON1850,Wings Air,Lombok,LOP,WADL,08:35,00:35,08:45,10min late,09:07,12min early,22m,Landed
2025-09-07,IU703,SJV703,SW Italia,Surabaya,SUB,WARR,08:40,00:40,10:50,10min late,08:30,9min early,,Landed
2025-09-07,CZ8482,CSN8482,China Southern Airlines,Guangzhou,CAN,ZGGG,08:40,00:40,08:54,14min late,13:43,6min early,4h 48m,Landed
2025-09-07,QZ504,AWQ504,Indonesia AirAsia,Singapore,SIN,WSSS,09:00,01:00,09:06,6min late,11:24,20min early,2h 18m,Landed
2025-09-07,8B80,TNU080,Business Air,Perth,PER,YPPH,09:05,01:05,02:33,31min early,12:06,48min early,9h 33m,Landed
2025-09-07,IW1832,WON1832,Wings Air,Tambolaka,TMC,WADT,09:10,01:10,09:15,5min late,10:21,13min early,1h 6m,Landed
2025-09-07,IW1856,WON1856,Wings Air,Lombok,LOP,WADL,09:10,01:10,09:16,6min late,09:39,15min early,23m,Landed
2025-09-07,IN640,LKN640,Nam Air,Tambolaka,TMC,WADT,09:10,01:10,09:10,on time,09:49,20min early,38m,Landed
2025-09-07,8B5105,,TransNusa,Jakarta,CGK,WIII,09:10,01:10,,,,,1h 50m,
2025-09-07,ID6007,BTK6007,Batik Air,Perth,PER,YPPH,09:25,01:25,09:24,on time,09:25,49min early,0m,Landed
2025-09-07,JT31,LNI031,Lion Air,Jakarta,CGK,WIII,09:30,01:30,09:55,25min late,10:24,on time,1h 29m,Landed
2025-09-07,QG500,CTV500,Citilink,Dili,DIL,WPDL,09:30,01:30,09:13,17min early,12:07,12min early,1h 54m,Landed
2025-09-07,QZ803,AWQ803,Indonesia AirAsia,Jakarta,CGK,WIII,09:40,01:40,09:41,1min late,10:14,15min early,1h 33m,Landed
2025-09-07,QR965,QTR965,Qatar Airways,Doha,DOH,OTHH,09:55,01:55,12:04,9min late,14:13,6min early,7h 8m,Landed
2025-09-07,AI2146,AIC2146,Air India,Delhi,DEL,VIDP,10:00,02:00,09:49,11min early,14:47,47min early,7h 28m,Landed
2025-09-07,JT270,LNI270,Lion Air,Kupang,KOE,WATT,10:00,02:00,10:17,17min late,11:39,on time,1h 22m,Landed
2025-09-07,IW1882,WON1882,Wings Air,Sumbawa Besar,SWQ,WADS,10:00,02:00,10:12,12min late,10:57,3min early,44m,Landed
2025-09-07,SQ935,SIA935,Singapore Airlines,Singapore,SIN,WSSS,10:05,02:05,10:16,11min late,12:44,on time,2h 27m,Landed
2025-09-07,SU297,AFL297,Aeroflot,Moscow,SVO,UUEE,10:05,02:05,10:29,24min late,17:20,24min early,11h 50m,Landed
2025-09-07,8B5101,TNU5101,TransNusa,Jakarta,CGK,WIII,10:25,02:25,08:17,7min early,08:48,26min early,1h 31m,Landed
2025-09-07,JT33,LNI033,Lion Air,Jakarta,CGK,WIII,10:30,02:30,11:34,4min late,12:07,42min late,1h 33m,Landed
2025-09-07,QZ815,AWQ815,Indonesia AirAsia,Jakarta,CGK,WIII,10:35,02:35,10:39,4min late,11:08,21min early,1h 28m,Landed
2025-09-07,JT927,LNI927,Lion Air,Surakarta,SOC,WAHQ,10:40,02:40,10:57,17min late,10:56,3min early,59m,Landed
2025-09-07,TR281,TGW281,Scoot,Singapore,SIN,WSSS,10:50,02:50,11:04,14min late,13:36,6min late,2h 31m,Landed
2025-09-07,JT805,LNI805,Lion Air,Surabaya,SUB,WARR,11:05,03:05,11:14,9min late,10:57,7min early,42m,Landed
2025-09-07,JT924,LNI924,Lion Air,Kupang,KOE,WATT,11:05,03:05,15:48,43min late,17:09,24min late,1h 20m,Landed
2025-09-07,QG9193,CTV9193,Citilink,Jakarta,HLP,WIHH,11:10,03:10,11:14,4min late,11:57,2min early,1h 43m,Landed
2025-09-07,JQ126,JST126,Jetstar Airways,Adelaide,ADL,YPAD,11:15,03:15,12:00,45min late,17:42,12min late,4h 11m,Landed
2025-09-07,GA620,GIA620,Garuda Indonesia,Makassar,UPG,WAAA,11:20,03:20,11:33,13min late,12:41,8min early,1h 7m,Landed
2025-09-07,6E1606,IGO1606,IndiGo,Bangalore,BLR,VOBL,11:20,03:20,11:14,6min early,14:45,24min early,6h 1m,Landed
2025-09-07,JQ109,JST109,Jetstar Airways,Perth,PER,YPPH,11:40,03:40,11:34,6min early,14:55,29min early,3h 21m,Landed
2025-09-07,JQ32,JST032,Jetstar Airways,Melbourne,MEL,YMML,11:55,03:55,12:25,30min late,19:37,7min late,5h 12m,Landed
2025-09-07,OD192,MXD192,Malindo Air,Kuala Lumpur,KUL,WMKK,11:55,03:55,12:31,36min late,15:16,11min late,2h 45m,Landed
2025-09-07,JT569,LNI569,Lion Air,Yogyakarta,YIA,WAHI,11:55,03:55,11:58,3min late,12:07,17min early,1h 9m,Landed
2025-09-07,JQ40,JST040,Jetstar Airways,Sydney,SYD,YSSY,11:55,03:55,13:23,28min late,20:35,45min late,5h 12m,Landed
2025-09-07,FD397,AIQ397,Thai AirAsia,Bangkok,DMK,VTBD,12:00,04:00,12:57,57min late,15:48,13min late,3h 51m,Landed
2025-09-07,GA407,GIA407,Garuda Indonesia,Jakarta,CGK,WIII,12:00,04:00,12:17,17min late,12:58,3min late,1h 40m,Landed
2025-09-07,GA253,GIA253,Garuda Indonesia,Yogyakarta,YIA,WAHI,12:05,04:05,12:20,15min late,12:43,11min early,1h 22m,Landed
2025-09-07,QZ618,AWQ618,Indonesia AirAsia,Banjarmasin,BDJ,WAOO,12:05,04:05,12:39,34min late,13:41,11min late,1h 1m,Landed
2025-09-07,QG685,CTV685,Citilink,Jakarta,CGK,WIII,12:10,04:10,12:27,17min late,13:17,12min late,1h 49m,Landed
2025-09-07,SQ937,SIA937,Singapore Airlines,Singapore,SIN,WSSS,12:10,04:10,13:17,7min late,15:51,56min late,2h 33m,Landed
2025-09-07,QG9696,CTV9696,Citilink,Surabaya,SUB,WARR,12:15,04:15,12:16,1min late,12:10,9min early,54m,Landed
2025-09-07,IN7742,LKN7742,NAM Air,Tambolaka,TMC,WADT,12:20,04:20,13:04,44min late,13:47,27min late,43m,Landed
2025-09-07,SJ742,,Sriwijaya Air,Tambolaka,TMC,WADT,12:20,04:20,,,,,1h 0m,
2025-09-07,OD178,MXD178,Malindo Air,Kuala Lumpur,KUL,WMKK,12:25,04:25,13:08,43min late,15:57,22min late,2h 49m,Landed
2025-09-07,JT35,LNI035,Lion Air,Jakarta,CGK,WIII,12:30,04:30,13:17,47min late,13:47,22min late,1h 29m,Landed
2025-09-07,D7795,XAX795,AirAsia X,Kuala Lumpur,KUL,WMKK,12:30,04:30,12:52,22min late,15:38,6min early,2h 46m,Landed
2025-09-07,QZ805,AWQ805,Indonesia AirAsia,Jakarta,CGK,WIII,12:40,04:40,12:51,11min late,13:33,6min early,1h 42m,Landed
2025-09-07,IW1848,WON1848,Wings Air,Lombok,LOP,WADL,12:45,04:45,12:54,9min late,13:17,12min early,23m,Landed
2025-09-07,OD158,MXD158,Malindo Air,Kuala Lumpur,KUL,WMKK,12:45,04:45,13:21,36min late,16:06,11min late,2h 45m,Landed
2025-09-07,GA4074,GIA4074,Garuda Indonesia,Jakarta,CGK,WIII,12:45,04:45,13:41,56min late,14:13,28min late,1h 31m,Landed
2025-09-07,IP103,PAS103,Pelita Air Service,Jakarta,CGK,WIII,12:45,04:45,13:13,28min late,13:43,3min late,1h 30m,Landed
2025-09-07,ID7308,BTK7308,Batik Air,Jakarta,HLP,WIHH,12:50,04:50,12:51,1min late,13:15,19min early,1h 24m,Landed
2025-09-07,8B82,TNU082,Business Air,Perth,PER,YPPH,12:55,04:55,10:44,10min early,16:38,16min early,5h 54m,Landed
2025-09-07,MH714,MAS714,Malaysia Airlines,Kuala Lumpur,KUL,WMKK,12:55,04:55,13:49,54min late,16:41,41min late,2h 52m,Landed
2025-09-07,SQ939,SIA939,Singapore Airlines,Singapore,SIN,WSSS,13:05,05:05,14:43,38min late,17:07,17min late,2h 23m,Landed
2025-09-07,VJ900,VJC900,VietJet Air,Hanoi,HAN,VVNB,13:10,05:10,14:37,27min late,18:22,2min late,4h 44m,Landed
2025-09-07,JT25,LNI025,Lion Air,Jakarta,CGK,WIII,13:10,05:10,14:21,11min late,16:50,45min late,3h 28m,Landed
2025-09-07,JT614,,Lion Air,Jakarta,CGK,WIII,13:10,05:10,,,,,1h 55m,
2025-09-07,JQ58,JST058,Jetstar Airways,Brisbane,BNE,YBBN,13:15,05:15,13:16,on time,20:42,2min early,5h 26m,Landed
2025-09-07,OD172,MXD172,Malindo Air,Kuala Lumpur,KUL,WMKK,13:15,05:15,13:57,42min late,16:52,27min late,2h 55m,Landed
2025-09-07,IW1834,WON1834,Wings Air,Tambolaka,TMC,WADT,13:20,05:20,13:46,26min late,14:56,11min late,1h 10m,Landed
2025-09-07,GA409,GIA409,Garuda Indonesia,Jakarta,CGK,WIII,13:25,05:25,13:57,32min late,14:31,6min late,1h 34m,Landed
2025-09-07,8G182,DTL182,Mid Africa Aviation,Dili,DIL,WPDL,13:25,05:25,14:08,43min late,16:47,27min late,1h 39m,Landed
2025-09-07,JT660,LNI660,Lion Air,Balikpapan,BPN,WALL,13:25,05:25,14:34,9min late,15:53,43min late,1h 19m,Landed
2025-09-07,JT23,LNI023,Lion Air,Jakarta,CGK,WIII,14:00,06:00,14:36,36min late,15:22,27min late,1h 45m,Landed
2025-09-07,TR289,TGW289,Scoot,Singapore,SIN,WSSS,14:00,06:00,15:18,18min late,17:46,46min late,2h 28m,Landed
2025-09-07,VJ894,VJC894,VietJet Air,Ho Chi Minh City,SGN,VVTS,14:05,06:05,14:47,42min late,17:19,24min late,3h 31m,Landed
2025-09-07,ID7637,BTK7637,Batik Air,Bangkok,DMK,VTBD,14:15,06:15,15:06,51min late,18:12,27min late,4h 6m,Landed
2025-09-07,JT844,LNI844,Lion Air,Banjarmasin,BDJ,WAOO,14:35,06:35,15:33,58min late,16:34,34min late,1h 1m,Landed
2025-09-07,JT740,LNI740,Lion Air,Makassar,UPG,WAAA,14:40,06:40,16:50,10min late,18:18,18min late,1h 28m,Landed
2025-09-07,QG681,CTV681,Citilink,Jakarta,CGK,WIII,14:40,06:40,14:59,19min late,15:52,17min late,1h 52m,Landed
2025-09-07,IW1884,WON1884,Wings Air,Waingapu,WGP,WADW,14:40,06:40,14:55,15min late,08:06,36min late,17h 11m,Landed
2025-09-07,AK377,AXM377,AirAsia,Kuala Lumpur,KUL,WMKK,14:45,06:45,15:23,38min late,18:11,16min late,2h 48m,Landed
2025-09-07,QG699,CTV699,Citilink,Surabaya,SUB,WARR,14:45,06:45,14:55,10min late,15:13,18min late,1h 18m,Landed
2025-09-07,OD307,MXD307,Malindo Air,Kuala Lumpur,KUL,WMKK,14:50,06:50,17:46,56min late,20:19,29min late,2h 33m,Landed
2025-09-07,JQ44,JST044,Jetstar Airways,Melbourne,MEL,YMML,14:55,06:55,15:03,8min late,22:13,16min early,5h 10m,Landed
2025-09-07,IU368,SJV368,SW Italia,Medan,KNO,WIMM,14:55,06:55,16:02,7min late,18:06,36min late,3h 4m,Landed
2025-09-07,JT27,LNI027,Lion Air,Jakarta,CGK,WIII,15:00,07:00,15:47,47min late,16:28,33min late,1h 40m,Landed
2025-09-07,JT271,LNI271,Lion Air,Semarang,SRG,WIIS,15:05,07:05,16:05,0min late,16:02,32min late,57m,Landed
2025-09-07,QZ244,AWQ244,Indonesia AirAsia,Bangkok,DMK,VTBD,15:10,07:10,15:38,28min late,18:43,13min late,4h 5m,Landed
2025-09-07,8B5103,,TransNusa,Jakarta,CGK,WIII,15:10,07:10,,,,,1h 45m,
2025-09-07,VA50,VOZ050,Virgin Australia,Brisbane,BNE,YBBN,15:15,07:15,15:04,11min early,22:40,19min early,5h 36m,Landed
2025-09-07,GA842,GIA842,Garuda Indonesia,Singapore,SIN,WSSS,15:15,07:15,16:18,3min late,18:53,53min late,2h 34m,Landed
2025-09-07,IU743,SJV743,SW Italia,Jakarta,CGK,WIII,15:30,07:30,14:50,39min early,15:30,54min early,1h 39m,Landed
2025-09-07,VJ898,VJC898,VietJet Air,Ho Chi Minh City,SGN,VVTS,15:30,07:30,15:52,22min late,18:14,5min early,3h 22m,Landed
2025-09-07,ID6335,BTK6335,Batik Air,Labuan Bajo,LBJ,WATO,15:35,07:35,16:09,34min late,17:00,15min late,50m,Landed
2025-09-07,CI772,CAL772,China Airlines,Taipei,TPE,RCTP,15:40,07:40,15:38,2min early,20:55,9min early,5h 17m,Landed
2025-09-07,QZ646,AWQ646,Indonesia AirAsia,Labuan Bajo,LBJ,WATO,15:45,07:45,15:53,8min late,16:48,11min early,55m,Landed
2025-09-07,IP109,PAS109,Pelita Air Service,Jakarta,CGK,WIII,15:45,07:45,16:05,20min late,16:45,10min late,1h 40m,Landed
2025-09-07,JQ43,JST043,Jetstar Airways,Singapore,SIN,WSSS,15:50,07:50,15:41,9min early,18:28,1min early,2h 47m,Landed
2025-09-07,VA92,VOZ092,Virgin Australia,Melbourne,MEL,YMML,15:50,07:50,16:28,38min late,23:15,9min early,4h 47m,Landed
2025-09-07,GA411,GIA411,Garuda Indonesia,Jakarta,CGK,WIII,15:55,07:55,16:17,22min late,16:58,1min early,1h 41m,Landed
2025-09-07,ID8335,BTK8335,Batik Air,Labuan Bajo,LBJ,WATO,15:55,07:55,17:34,39min late,18:27,22min late,53m,Landed
2025-09-07,VN640,HVN640,Vietnam Airlines,Ho Chi Minh City,SGN,VVTS,16:00,08:00,16:19,19min late,18:45,5min late,3h 26m,Landed
2025-09-07,SJ717,,Sriwijaya Air,Makassar,UPG,WAAA,16:00,08:00,,,,,1h 20m,
2025-09-07,GA421,GIA421,Garuda Indonesia,Jakarta,CGK,WIII,16:00,08:00,17:25,25min late,18:02,7min late,1h 37m,Landed
2025-09-07,QZ807,AWQ807,Indonesia AirAsia,Jakarta,CGK,WIII,16:10,08:10,16:15,5min late,17:02,12min early,1h 47m,Landed
2025-09-07,QG669,CTV669,Citilink,Surabaya,SUB,WARR,16:10,08:10,16:37,27min late,16:28,8min late,50m,Landed
2025-09-07,CX784,CPA784,Cathay Pacific,Hong Kong,HKG,VHHH,16:10,08:10,16:13,3min late,20:49,35min early,4h 36m,Landed
2025-09-07,QG195,CTV195,Citilink,Jakarta,HLP,WIHH,16:10,08:10,16:15,5min late,16:51,8min early,1h 35m,Landed
2025-09-07,QZ536,AWQ536,Indonesia AirAsia,Perth,PER,YPPH,16:15,08:15,16:36,21min late,19:41,28min early,3h 5m,Landed
2025-09-07,JT925,LNI925,Lion Air,Surakarta,SOC,WAHQ,16:25,08:25,20:52,27min late,20:52,7min late,59m,Landed
2025-09-07,MH850,MAS850,Malaysia Airlines,Kuala Lumpur,KUL,WMKK,16:25,08:25,16:31,6min late,19:22,12min early,2h 51m,Landed
2025-09-07,BR256,EVA256,EVA Airways,Taipei,TPE,RCTP,16:30,08:30,16:57,27min late,22:38,38min late,5h 41m,Landed
2025-09-07,QZ246,AWQ246,Indonesia AirAsia,Phuket,HKT,VTSP,16:40,08:40,16:51,11min late,19:23,16min early,3h 31m,Landed
2025-09-07,JT744,LNI744,Lion Air,Makassar,UPG,WAAA,16:40,08:40,20:41,1min late,21:39,39min late,57m,Landed
2025-09-07,QZ642,AWQ642,Indonesia AirAsia,Labuan Bajo,LBJ,WATO,16:45,08:45,16:48,3min late,17:42,17min early,53m,Landed
2025-09-07,JT567,LNI567,Lion Air,Yogyakarta,YIA,WAHI,16:50,08:50,17:14,24min late,17:27,7min late,1h 12m,Landed
2025-09-07,HO1356,DKH1356,Juneyao Airlines,Shanghai,PVG,ZSPD,16:50,08:50,17:16,26min late,23:23,16min early,6h 6m,Landed
2025-09-07,GA7036,GIA7036,Garuda Indonesia,Labuan Bajo,LBJ,WATO,16:50,08:50,17:00,10min late,17:55,4min early,54m,Landed
2025-09-07,IU273,SJV273,SW Italia,Pontianak,PNK,WIOO,16:50,08:50,18:06,16min late,19:01,11min late,1h 55m,Landed
2025-09-07,TG432,THA432,Thai Airways International,Bangkok,BKK,VTBS,16:55,08:55,16:56,1min late,19:50,14min early,3h 54m,Landed
2025-09-07,JT923,LNI923,Lion Air,Surabaya,SUB,WARR,17:05,09:05,18:49,44min late,18:26,21min late,37m,Landed
2025-09-07,VJ998,VJC998,VietJet Air,Hanoi,HAN,VVNB,17:30,09:30,17:38,8min late,21:23,21min early,4h 45m,Landed
2025-09-07,IU759,SJV759,SW Italia,Jakarta,CGK,WIII,17:35,09:35,19:27,52min late,20:02,32min late,1h 34m,Landed
2025-09-07,GA349,GIA349,Garuda Indonesia,Surabaya,SUB,WARR,17:35,09:35,17:45,10min late,17:42,2min early,57m,Landed
2025-09-07,GA419,GIA419,Garuda Indonesia,Jakarta,CGK,WIII,17:35,09:35,17:30,4min early,18:23,11min early,1h 53m,Landed
2025-09-07,D7793,XAX793,AirAsia X,Kuala Lumpur,KUL,WMKK,17:40,09:40,17:39,on time,20:33,21min early,2h 54m,Landed
2025-09-07,NZ291,ANZ291,Air New Zealand,Auckland,AKL,NZAA,17:50,09:50,19:03,13min late,06:37,7min late,7h 34m,Landed
2025-09-07,OD193,MXD193,Malindo Air,Perth,PER,YPPH,18:10,10:10,20:20,10min late,23:23,38min late,3h 3m,Landed
2025-09-07,JT3919,LNI3919,Lion Air,Surabaya,SUB,WARR,18:15,10:15,21:16,1min late,20:58,43min late,41m,Landed
2025-09-07,GA417,GIA417,Garuda Indonesia,Jakarta,CGK,WIII,18:30,10:30,18:57,27min late,19:38,8min late,1h 41m,Landed
2025-09-07,IN281,LKN281,Nam Air,Jakarta,CGK,WIII,18:30,10:30,19:34,4min late,20:09,59min late,1h 35m,Landed
2025-09-07,SL259,TLM259,Thai Lion Air,Bangkok,DMK,VTBD,18:40,10:40,19:05,25min late,22:12,12min late,4h 6m,Landed
2025-09-07,8B5109,TNU5109,Business Air,Jakarta,CGK,WIII,18:45,10:45,18:54,9min late,19:26,3min early,1h 32m,Landed
2025-09-07,EY477,ETD477,Etihad Airways,Abu Dhabi,AUH,OMAA,18:45,10:45,19:05,20min late,23:34,4min late,8h 28m,Landed
2025-09-07,CX782,CPA782,Cathay Pacific,Hong Kong,HKG,VHHH,18:45,10:45,18:36,9min early,23:36,28min early,5h 0m,Landed
2025-09-07,ID6415,BTK6415,Batik Air,Surabaya,SUB,WARR,18:45,10:45,19:30,45min late,19:10,25min late,39m,Landed
2025-09-07,QZ809,AWQ809,Indonesia AirAsia,Jakarta,CGK,WIII,18:50,10:50,19:18,28min late,19:53,8min late,1h 35m,Landed
2025-09-07,QG689,CTV689,Citilink,Jakarta,CGK,WIII,19:00,11:00,18:51,9min early,19:59,on time,2h 8m,Landed
2025-09-07,IU527,SJV527,SW Italia,Manado,MDC,WAMM,19:00,11:00,19:46,46min late,21:57,17min late,2h 11m,Landed
2025-09-07,TG440,THA440,Thai Airways International,Bangkok,BKK,VTBS,19:00,11:00,19:23,23min late,22:33,23min late,4h 10m,Landed
2025-09-07,AK379,AXM379,AirAsia,Kuala Lumpur,KUL,WMKK,19:15,11:15,19:48,33min late,22:47,27min late,2h 58m,Landed
2025-09-07,MH852,MAS852,Malaysia Airlines,Kuala Lumpur,KUL,WMKK,19:20,11:20,19:32,12min late,22:32,12min late,3h 0m,Landed
2025-09-07,QR963,QTR963,Qatar Airways,Doha,DOH,OTHH,19:20,11:20,20:16,56min late,00:12,32min late,8h 56m,Landed
2025-09-07,ID7310,BTK7310,Batik Air,Jakarta,HLP,WIHH,19:25,11:25,19:58,33min late,20:21,11min late,1h 23m,Landed
2025-09-07,QG9693,CTV9693,Citilink,Surabaya,SUB,WARR,19:30,11:30,19:29,on time,19:34,5min early,1h 5m,Landed
2025-09-07,JT11,LNI011,Lion Air,Jakarta,CGK,WIII,19:35,11:35,20:05,30min late,20:32,2min late,1h 26m,Landed
2025-09-07,8B969,TNU969,Business Air,Guangzhou,CAN,ZGGG,19:40,11:40,19:55,15min late,00:58,2min early,5h 2m,Landed
2025-09-07,TR287,TGW287,Scoot,Singapore,SIN,WSSS,19:40,11:40,20:10,30min late,22:17,2min late,2h 6m,Landed
2025-09-07,EK369,UAE369,Emirates,Dubai,DXB,OMDB,19:45,11:45,20:20,35min late,00:44,5min early,8h 24m,Landed
2025-09-07,ID6413,BTK6413,Batik Air,Surabaya,SUB,WARR,19:50,11:50,20:31,41min late,20:12,22min late,40m,Landed
2025-09-07,ID8517,BTK8517,Batik Air,Jakarta,CGK,WIII,20:00,12:00,21:05,5min late,21:36,41min late,1h 31m,Landed
2025-09-07,SQ945,SIA945,Singapore Airlines,Singapore,SIN,WSSS,20:00,12:00,21:05,5min late,23:21,41min late,2h 16m,Landed
2025-09-07,GA415,GIA415,Garuda Indonesia,Jakarta,CGK,WIII,20:00,12:00,20:20,20min late,21:04,4min late,1h 44m,Landed
2025-09-07,QG9692,CTV9692,Citilink,Surabaya,SUB,WARR,20:20,12:20,20:20,on time,20:22,7min early,1h 2m,Landed
2025-09-07,QG197,CTV197,Citilink,Jakarta,HLP,WIHH,20:25,12:25,20:20,4min early,20:57,17min early,1h 37m,Landed
2025-09-07,GA427,GIA427,Garuda Indonesia,Jakarta,CGK,WIII,20:30,12:30,20:44,14min late,21:21,8min early,1h 37m,Landed
2025-09-07,QG342,CTV342,Citilink,Makassar,UPG,WAAA,20:30,12:30,21:09,39min late,22:18,13min late,1h 9m,Landed
2025-09-07,KL836,KLM836,KLM Royal Dutch Airlines,Singapore,SIN,WSSS,20:35,12:35,20:45,10min late,22:58,11min early,2h 13m,Landed
2025-09-07,GA463,GIA463,Garuda Indonesia,Jakarta,HLP,WIHH,20:40,12:40,21:26,46min late,21:56,21min late,1h 30m,Landed
2025-09-07,OD177,MXD177,Malindo Air,Melbourne,MEL,YMML,21:00,13:00,23:33,33min late,06:09,29min late,4h 36m,Landed
2025-09-07,GA425,GIA425,Garuda Indonesia,Jakarta,CGK,WIII,21:15,13:15,21:43,28min late,22:17,7min late,1h 33m,Landed
2025-09-07,TK67,THY067,Turkish Airlines,Istanbul,IST,LTFM,21:20,13:20,21:21,1min late,04:35,39min early,12h 14m,Landed
2025-09-07,JQ34,JST034,Jetstar Airways,Melbourne,MEL,YMML,21:20,13:20,22:11,51min late,04:57,2min late,4h 46m,Landed
2025-09-07,AK375,AXM375,AirAsia,Kuala Lumpur,KUL,WMKK,21:25,13:25,22:47,22min late,01:41,11min late,2h 53m,Landed
2025-09-07,ID6760,BTK6760,Batik Air,Makassar,UPG,WAAA,21:30,13:30,21:47,17min late,22:45,4min early,57m,Landed
2025-09-07,JT15,LNI015,Lion Air,Jakarta,CGK,WIII,21:30,13:30,23:08,38min late,23:47,22min late,1h 39m,Landed
2025-09-07,JQ117,JST117,Jetstar Airways,Perth,PER,YPPH,21:30,13:30,21:30,on time,00:48,31min early,3h 18m,Landed
2025-09-07,SQ947,SIA947,Singapore Airlines,Singapore,SIN,WSSS,21:35,13:35,21:33,1min early,23:56,8min early,2h 23m,Landed
2025-09-07,IP105,PAS105,Pelita Air Service,Jakarta,CGK,WIII,21:40,13:40,21:31,8min early,22:09,20min early,1h 38m,Landed
2025-09-07,QZ819,AWQ819,Indonesia AirAsia,Jakarta,CGK,WIII,21:40,13:40,21:45,5min late,22:21,8min early,1h 36m,Landed
2025-09-07,QZ546,AWQ546,Indonesia AirAsia,Perth,PER,YPPH,21:55,13:55,22:09,14min late,01:21,18min early,3h 12m,Landed
2025-09-07,OD157,MXD157,Malindo Air,Brisbane,BNE,YBBN,22:00,14:00,18:26,33min early,05:48,1min early,9h 21m,Landed
2025-09-07,GA718,GIA718,Garuda Indonesia,Melbourne,MEL,YMML,22:05,14:05,22:24,19min late,05:14,15min early,4h 50m,Landed
2025-09-07,QF44,QFA044,Qantas,Sydney,SYD,YSSY,22:10,14:10,22:24,14min late,06:01,3min early,5h 37m,Landed
2025-09-07,OD171,MXD171,Malindo Air,Sydney,SYD,YSSY,22:15,14:15,05:13,58min late,07:15,10min late,1m,Landed
2025-09-07,QG9685,CTV9685,Citilink,Jakarta,CGK,WIII,22:20,14:20,22:20,on time,23:14,on time,1h 54m,Landed
2025-09-07,IN2801,LKN2801,Nam Air,Jakarta,CGK,WIII,22:25,14:25,00:58,33min late,01:27,22min late,1h 29m,Landed
2025-09-07,JQ38,JST038,Jetstar Airways,Sydney,SYD,YSSY,22:35,14:35,22:46,11min late,06:06,23min early,5h 20m,Landed
2025-09-07,7C2712,JJA2712,Jeju Air,Seoul,ICN,RKSI,22:45,14:45,23:42,57min late,08:00,50min late,7h 18m,Landed
2025-09-07,QZ811,AWQ811,Indonesia AirAsia,Jakarta,CGK,WIII,22:50,14:50,23:08,18min late,23:49,9min late,1h 41m,Landed
2025-09-07,VA96,VOZ096,Virgin Australia,Melbourne,MEL,YMML,23:05,15:05,,,,,5h 35m,Cancelled
2025-09-07,JT3020,,Lion Air,Seoul,ICN,RKSI,23:05,15:05,,,,,7h 5m,
2025-09-07,QF46,QFA046,Qantas,Melbourne,MEL,YMML,23:05,15:05,23:50,45min late,06:42,2min late,4h 52m,Landed
2025-09-07,VA82,VOZ082,Virgin Australia,Gold Coast,OOL,YBCG,23:20,15:20,23:45,25min late,07:20,25min late,5h 35m,Landed
2025-09-07,GA714,GIA714,Garuda Indonesia,Sydney,SYD,YSSY,23:25,15:25,23:42,17min late,06:39,30min early,4h 57m,Landed
2025-09-07,JQ36,JST036,Jetstar Airways,Melbourne,MEL,YMML,23:30,15:30,00:09,39min late,06:53,11min early,4h 43m,Landed
2025-09-07,VA68,VOZ068,Virgin Australia,Sydney,SYD,YSSY,23:35,15:35,23:34,on time,06:45,59min early,5h 11m,Landed
2025-09-07,QZ542,AWQ542,Indonesia AirAsia,Cairns,CNS,YBCS,23:45,15:45,23:57,12min late,06:12,22min early,4h 14m,Landed
2025-09-07,QZ420,AWQ420,Indonesia AirAsia,Adelaide,ADL,YPAD,23:45,15:45,00:22,37min late,06:05,19min early,4h 13m,Landed
2025-09-07,KE634,KAL634,Korean Air Lines,Seoul,ICN,RKSI,23:45,15:45,23:55,10min late,08:12,17min late,7h 17m,Landed
2025-09-07,JQ94,JST094,Jetstar Airways,Gold Coast,OOL,YBCG,23:45,15:45,00:18,33min late,07:29,14min late,5h 10m,Landed
2025-09-07,JQ128,JST128,Jetstar Airways,Adelaide,ADL,YPAD,23:55,15:55,00:10,15min late,06:01,8min early,4h 21m,Landed
2025-09-08,BX602,ABL602,Air Busan,Busan,PUS,RKPK,00:05,16:05,00:21,16min late,07:38,31min early,6h 16m,Landed
2025-09-08,GA880,GIA880,Garuda Indonesia,Tokyo,NRT,RJAA,00:20,16:20,00:19,on time,08:40,9min early,7h 20m,Landed
2025-09-08,MF892,CXA892,Xiamen Airlines,Xiamen,XMN,ZSAM,00:30,16:30,00:21,9min early,05:59,5min early,5h 38m,Landed
2025-09-08,CZ626,CSN626,China Southern Airlines,Guangzhou,CAN,ZGGG,00:30,16:30,01:58,28min late,05:15,34min early,3h 17m,Landed
2025-09-08,QR961,QTR961,Qatar Airways,Doha,DOH,OTHH,00:35,16:35,00:28,6min early,04:18,36min early,8h 50m,Landed
2025-09-08,EK399,UAE399,Emirates,Dubai,DXB,OMDB,00:35,16:35,00:43,8min late,05:13,21min early,8h 30m,Landed
2025-09-08,KE630,KAL630,Korean Air Lines,Seoul,ICN,RKSI,00:50,16:50,00:41,9min early,08:18,1min early,6h 37m,Landed
2025-09-08,MU5030,CES5030,China Eastern Airlines,Shanghai,PVG,ZSPD,00:55,16:55,00:50,5min early,07:06,53min early,6h 16m,Landed
2025-09-08,PR538,PAL538,Philippine Airlines,Manila,MNL,RPLL,00:55,16:55,00:50,5min early,04:33,16min early,3h 43m,Landed
2025-09-08,QZ548,AWQ548,Indonesia AirAsia,Perth,PER,YPPH,01:05,17:05,01:19,14min late,05:03,8min late,3h 43m,Landed
2025-09-08,GA870,GIA870,Garuda Indonesia,Seoul,ICN,RKSI,01:15,17:15,01:20,5min late,09:17,2min late,6h 56m,Landed
2025-09-08,8B5888,TNU5888,Business Air,Manado,MDC,WAMM,01:30,17:30,01:46,16min late,03:58,6min early,2h 11m,Landed
2025-09-08,GA401,GIA401,Garuda Indonesia,Jakarta,CGK,WIII,07:00,23:00,07:05,5min late,06:05,54min early,0m,Landed
2025-09-08,JT3569,LNI3569,Lion Air,Yogyakarta,YIA,WAHI,07:00,23:00,07:17,17min late,07:26,3min early,1h 8m,Landed
2025-09-08,JT929,LNI929,Lion Air,Surabaya,SUB,WARR,07:00,23:00,07:12,12min late,06:12,47min early,0m,Landed
2025-09-08,JT746,LNI746,Lion Air,Makassar,UPG,WAAA,07:00,23:00,07:22,22min late,08:22,2min late,1h 0m,Landed
2025-09-08,QZ550,AWQ550,Indonesia AirAsia,Kuala Lumpur,KUL,WMKK,07:00,23:00,07:10,10min late,09:57,2min early,2h 46m,Landed
2025-09-08,JQ82,JST082,Jetstar Airways,Darwin,DRW,YPDN,07:00,23:00,06:43,17min early,10:42,32min early,2h 29m,Landed
2025-09-08,JT944,,Lion Air,Makassar,UPG,WAAA,07:00,23:00,07:10,10min late,08:24,4min late,1h 14m,Landed
2025-09-08,JT856,,Lion Air,Surabaya,SUB,WARR,07:00,23:00,,,,,1h 1m,
2025-09-08,QG690,CTV690,Citilink,Surabaya,SUB,WARR,07:05,23:05,07:01,3min early,06:40,24min early,38m,Landed
2025-09-08,QZ534,AWQ534,Indonesia AirAsia,Perth,PER,YPPH,07:05,23:05,07:07,2min late,10:27,32min early,3h 19m,Landed
2025-09-08,QZ644,AWQ644,Indonesia AirAsia,Labuan Bajo,LBJ,WATO,07:10,23:10,07:50,40min late,08:40,25min late,50m,Landed
2025-09-08,SQ949,SIA949,Singapore Airlines,Singapore,SIN,WSSS,07:10,23:10,07:20,10min late,09:26,33min early,2h 6m,Landed
2025-09-08,TWY33,,Solairus Aviation,Anchorage,ANC,PANC,07:30,23:30,,,,,11h 56m,
2025-09-08,QG663,CTV663,Citilink,Jakarta,CGK,WIII,07:45,23:45,07:44,on time,08:20,14min early,1h 36m,Landed
2025-09-08,IW3330,WON3330,Wings Air,,,,08:00,00:00,08:21,21min late,10:50,10min late,2h 28m,Landed
2025-09-08,IW1854,WON1854,Wings Air,Lombok,LOP,WADL,08:00,00:00,08:23,23min late,08:46,1min late,23m,Landed
2025-09-08,JT21,LNI021,Lion Air,Jakarta,CGK,WIII,08:05,00:05,12:51,46min late,13:22,22min late,1h 31m,Landed
2025-09-08,HX706,CRK706,Hong Kong Airlines,Hong Kong,HKG,VHHH,08:15,00:15,08:21,6min late,13:24,4min late,5h 3m,Landed
2025-09-08,IW1850,WON1850,Wings Air,Lombok,LOP,WADL,08:35,00:35,08:57,22min late,09:21,1min late,24m,Landed
2025-09-08,IU703,SJV703,SW Italia,Surabaya,SUB,WARR,08:40,00:40,08:14,25min early,07:51,48min early,36m,Landed
2025-09-08,CZ8482,CSN8482,China Southern Airlines,Guangzhou,CAN,ZGGG,08:40,00:40,09:07,27min late,13:53,3min late,4h 46m,Landed
2025-09-08,QZ504,AWQ504,Indonesia AirAsia,Singapore,SIN,WSSS,09:00,01:00,09:03,3min late,11:20,24min early,2h 16m,Landed
2025-09-08,8B80,TNU080,Business Air,Perth,PER,YPPH,09:05,01:05,09:08,3min late,09:08,46min early,0m,Landed
2025-09-08,IN640,LKN640,NAM Air,Tambolaka,TMC,WADT,09:10,01:10,09:22,12min late,10:04,5min early,42m,Landed
2025-09-08,8B5105,TNU5105,Business Air,Jakarta,CGK,WIII,09:10,01:10,09:10,on time,09:38,21min early,1h 27m,Landed
2025-09-08,IW1832,WON1832,Wings Air,Tambolaka,TMC,WADT,09:10,01:10,09:24,14min late,10:30,4min early,1h 6m,Landed
2025-09-08,ID6007,BTK6007,Batik Air,Perth,PER,YPPH,09:25,01:25,07:24,0min early,12:55,19min early,5h 31m,Landed
2025-09-08,QG500,CTV500,Citilink,Dili,DIL,WPDL,09:30,01:30,09:15,15min early,12:08,11min early,1h 53m,Landed
2025-09-08,JT31,,Lion Air,Jakarta,CGK,WIII,09:30,01:30,09:51,21min late,10:19,5min early,1h 28m,Landed
2025-09-08,QZ803,AWQ803,Indonesia AirAsia,Jakarta,CGK,WIII,09:40,01:40,09:24,15min early,10:03,26min early,1h 39m,Landed
2025-09-08,QR965,QTR965,Qatar Airways,Doha,DOH,OTHH,09:55,01:55,10:07,12min late,13:59,20min early,8h 51m,Landed
2025-09-08,JT273,LNI273,Lion Air,Semarang,SRG,WIIS,10:00,02:00,10:08,8min late,10:14,10min early,1h 6m,Landed
2025-09-08,IW1882,WON1882,Wings Air,Sumbawa Besar,SWQ,WADS,10:00,02:00,10:03,3min late,10:47,12min early,44m,Landed
2025-09-08,AI2146,AIC2146,Air India,Delhi,DEL,VIDP,10:00,02:00,10:07,7min late,15:18,16min early,7h 40m,Landed
2025-09-08,SQ935,SIA935,Singapore Airlines,Singapore,SIN,WSSS,10:05,02:05,10:34,29min late,12:58,13min late,2h 23m,Landed
2025-09-08,8B5101,TNU5101,Business Air,Jakarta,CGK,WIII,10:25,02:25,10:17,7min early,11:03,11min early,1h 45m,Landed
2025-09-08,JT33,LNI033,Lion Air,Jakarta,CGK,WIII,10:30,02:30,12:53,23min late,13:30,5min late,1h 36m,Landed
2025-09-08,8G182,DTL182,Mid Africa Aviation,Dili,DIL,WPDL,10:35,02:35,11:30,55min late,14:17,47min late,1h 47m,Landed
2025-09-08,QZ815,AWQ815,Indonesia AirAsia,Jakarta,CGK,WIII,10:35,02:35,11:00,25min late,11:43,13min late,1h 42m,Landed
2025-09-08,JT927,LNI927,Lion Air,Surakarta,SOC,WAHQ,10:40,02:40,11:07,27min late,11:10,10min late,1h 3m,Landed
2025-09-08,TR281,TGW281,Scoot,Singapore,SIN,WSSS,10:50,02:50,10:48,1min early,13:15,15min early,2h 26m,Landed
2025-09-08,JT924,LNI924,Lion Air,Kupang,KOE,WATT,11:05,03:05,13:15,10min late,14:42,57min late,1h 26m,Landed
2025-09-08,JT805,LNI805,Lion Air,Surabaya,SUB,WARR,11:05,03:05,11:35,30min late,11:21,16min late,46m,Landed
2025-09-08,QG9193,CTV9193,Citilink,Jakarta,HLP,WIHH,11:10,03:10,11:29,19min late,11:57,2min early,1h 28m,Landed
2025-09-08,JQ126,JST126,Jetstar Airways,Adelaide,ADL,YPAD,11:15,03:15,12:31,16min late,18:37,7min late,4h 36m,Landed
2025-09-08,6E1606,IGO1606,IndiGo,Bangalore,BLR,VOBL,11:20,03:20,11:14,5min early,14:46,23min early,6h 1m,Landed
2025-09-08,QZ780,AWQ780,Indonesia AirAsia,Balikpapan,BPN,WALL,11:25,03:25,11:38,13min late,12:56,8min early,1h 17m,Landed
2025-09-08,JQ109,JST109,Jetstar Airways,Perth,PER,YPPH,11:40,03:40,11:32,8min early,15:01,23min early,3h 29m,Landed
2025-09-08,JT569,LNI569,Lion Air,Yogyakarta,YIA,WAHI,11:55,03:55,12:08,13min late,12:18,6min early,1h 10m,Landed
2025-09-08,JQ32,JST032,Jetstar Airways,Melbourne,MEL,YMML,11:55,03:55,12:32,37min late,19:54,24min late,5h 22m,Landed
2025-09-08,OD192,MXD192,Malindo Air,Kuala Lumpur,KUL,WMKK,11:55,03:55,15:28,33min late,18:07,2min late,2h 39m,Landed
2025-09-08,GA407,GIA407,Garuda Indonesia,Jakarta,CGK,WIII,12:00,04:00,11:57,2min early,12:51,3min early,1h 54m,Landed
2025-09-08,FD397,AIQ397,Thai AirAsia,Bangkok,DMK,VTBD,12:00,04:00,12:54,54min late,15:51,16min late,3h 57m,Landed
2025-09-08,GA253,GIA253,Garuda Indonesia,Yogyakarta,YIA,WAHI,12:05,04:05,12:29,24min late,12:47,7min early,1h 17m,Landed
2025-09-08,SQ937,SIA937,Singapore Airlines,Singapore,SIN,WSSS,12:10,04:10,12:59,49min late,15:13,18min late,2h 13m,Landed
2025-09-08,QG9696,CTV9696,Citilink,Surabaya,SUB,WARR,12:15,04:15,12:10,4min early,12:13,6min early,1h 3m,Landed
2025-09-08,SJ742,,Sriwijaya Air,Tambolaka,TMC,WADT,12:20,04:20,,,,,1h 0m,
2025-09-08,JQ40,JST040,Jetstar Airways,Sydney,SYD,YSSY,12:20,04:20,12:14,6min early,19:19,55min early,5h 5m,Landed
2025-09-08,IN7742,LKN7742,NAM Air,Tambolaka,TMC,WADT,12:20,04:20,12:54,34min late,13:39,19min late,45m,Landed
2025-09-08,OD178,MXD178,Malindo Air,Kuala Lumpur,KUL,WMKK,12:25,04:25,13:48,23min late,16:46,11min late,2h 57m,Landed
2025-09-08,D7795,XAX795,AirAsia X,Kuala Lumpur,KUL,WMKK,12:30,04:30,12:30,on time,15:23,21min early,2h 53m,Landed
2025-09-08,IW1848,WON1848,Wings Air,Lombok,LOP,WADL,12:45,04:45,13:13,28min late,13:37,7min late,24m,Landed
2025-09-08,IP103,PAS103,Pelita Air Service,Jakarta,CGK,WIII,12:45,04:45,12:58,13min late,13:36,3min early,1h 38m,Landed
2025-09-08,OD158,MXD158,Malindo Air,Kuala Lumpur,KUL,WMKK,12:45,04:45,13:08,23min late,15:46,8min early,2h 38m,Landed
2025-09-08,ID7308,BTK7308,Batik Air,Jakarta,HLP,WIHH,12:50,04:50,13:28,38min late,13:56,21min late,1h 27m,Landed
2025-09-08,MH714,MAS714,Malaysia Airlines,Kuala Lumpur,KUL,WMKK,12:55,04:55,13:36,41min late,16:43,43min late,3h 6m,Landed
2025-09-08,8B82,TNU082,Business Air,Perth,PER,YPPH,12:55,04:55,13:09,14min late,16:29,25min early,3h 20m,Landed
2025-09-08,SQ939,SIA939,Singapore Airlines,Singapore,SIN,WSSS,13:05,05:05,13:10,5min late,15:40,9min early,2h 29m,Landed
2025-09-08,JT35,LNI035,Lion Air,Jakarta,CGK,WIII,13:10,05:10,13:34,24min late,14:17,12min late,1h 42m,Landed
2025-09-08,VJ900,VJC900,VietJet Air,Hanoi,HAN,VVNB,13:10,05:10,13:33,23min late,17:12,7min early,4h 38m,Landed
2025-09-08,OD172,MXD172,Malindo Air,Kuala Lumpur,KUL,WMKK,13:15,05:15,15:41,26min late,18:22,57min late,2h 40m,Landed
2025-09-08,JQ58,JST058,Jetstar Airways,Brisbane,BNE,YBBN,13:15,05:15,13:08,7min early,20:31,13min early,5h 23m,Landed
2025-09-08,IW1834,WON1834,Wings Air,Tambolaka,TMC,WADT,13:20,05:20,13:37,17min late,14:56,11min late,1h 19m,Landed
2025-09-08,GA409,GIA409,Garuda Indonesia,Jakarta,CGK,WIII,13:25,05:25,13:54,29min late,14:29,4min late,1h 35m,Landed
2025-09-08,JT660,LNI660,Lion Air,Balikpapan,BPN,WALL,13:25,05:25,13:55,30min late,15:16,6min late,1h 21m,Landed
2025-09-08,D7799,XAX799,AirAsia X,Kuala Lumpur,KUL,WMKK,13:35,05:35,13:43,8min late,16:28,21min early,2h 45m,Landed
2025-09-08,IW1826,WON1826,Wings Air,Bima,BMU,WADB,13:40,05:40,15:00,20min late,16:09,4min late,1h 9m,Landed
2025-09-08,ID7135,BTK7135,Batik Air,Singapore,SIN,WSSS,13:45,05:45,14:22,37min late,16:52,12min late,2h 30m,Landed
2025-09-08,QZ506,AWQ506,Indonesia AirAsia,Singapore,SIN,WSSS,13:45,05:45,14:12,27min late,16:34,5min early,2h 22m,Landed
2025-09-08,8B5107,TNU5107,Business Air,Jakarta,CGK,WIII,13:50,05:50,14:19,29min late,14:50,10min late,1h 31m,Landed
2025-09-08,QZ544,AWQ544,Indonesia AirAsia,Perth,PER,YPPH,13:55,05:55,14:16,21min late,17:39,15min early,3h 23m,Landed
2025-09-08,TR289,TGW289,Scoot,Singapore,SIN,WSSS,14:00,06:00,13:56,3min early,16:26,33min early,2h 30m,Landed
2025-09-08,JT25,,Lion Air,Jakarta,CGK,WIII,14:00,06:00,,,,,1h 55m,
2025-09-08,VJ894,VJC894,VietJet Air,Ho Chi Minh City,SGN,VVTS,14:05,06:05,14:09,4min late,16:31,23min early,3h 22m,Landed
2025-09-08,QZ246,AWQ246,Indonesia AirAsia,Phuket,HKT,VTSP,14:15,06:15,14:21,6min late,17:05,9min early,3h 43m,Landed
2025-09-08,ID7637,BTK7637,Batik Air,Bangkok,DMK,VTBD,14:15,06:15,14:47,32min late,17:49,4min late,4h 2m,Landed
2025-09-08,JT844,LNI844,Lion Air,Banjarmasin,BDJ,WAOO,14:35,06:35,14:51,16min late,15:51,8min early,1h 0m,Landed
2025-09-08,QG681,CTV681,Citilink,Jakarta,CGK,WIII,14:40,06:40,14:54,14min late,15:45,10min late,1h 51m,Landed
2025-09-08,IW1884,WON1884,Wings Air,Waingapu,WGP,WADW,14:40,06:40,16:10,30min late,17:37,7min late,1h 27m,Landed
2025-09-08,JT740,LNI740,Lion Air,Makassar,UPG,WAAA,14:40,06:40,15:30,50min late,16:33,33min late,1h 2m,Landed
2025-09-08,QG699,CTV699,Citilink,Surabaya,SUB,WARR,14:45,06:45,15:01,16min late,14:55,on time,53m,Landed
2025-09-08,AK377,AXM377,AirAsia,Kuala Lumpur,KUL,WMKK,14:45,06:45,14:50,5min late,17:43,11min early,2h 52m,Landed
2025-09-08,JQ44,JST044,Jetstar Airways,Melbourne,MEL,YMML,14:55,06:55,15:04,9min late,21:57,32min early,4h 53m,Landed
2025-09-08,JT23,LNI023,Lion Air,Jakarta,CGK,WIII,15:00,07:00,18:20,20min late,18:52,57min late,1h 32m,Landed
2025-09-08,JT271,LNI271,Lion Air,Semarang,SRG,WIIS,15:05,07:05,15:17,12min late,15:17,12min early,1h 0m,Landed
2025-09-08,QZ244,AWQ244,Indonesia AirAsia,Bangkok,DMK,VTBD,15:10,07:10,16:30,20min late,19:30,0min late,4h 0m,Landed
2025-09-08,8B5103,,TransNusa,Jakarta,CGK,WIII,15:10,07:10,,,,,1h 45m,
2025-09-08,VA50,VOZ050,Virgin Australia,Brisbane,BNE,YBBN,15:15,07:15,15:08,7min early,22:27,32min early,5h 19m,Landed
2025-09-08,GA842,GIA842,Garuda Indonesia,Singapore,SIN,WSSS,15:15,07:15,15:20,5min late,17:54,5min early,2h 33m,Landed
2025-09-08,VJ898,VJC898,VietJet Air,Ho Chi Minh City,SGN,VVTS,15:30,07:30,15:42,12min late,18:03,16min early,3h 21m,Landed
2025-09-08,ID6335,BTK6335,Batik Air,Labuan Bajo,LBJ,WATO,15:35,07:35,09:59,35min early,10:50,54min early,50m,Landed
2025-09-08,CI772,CAL772,China Airlines,Taipei,TPE,RCTP,15:40,07:40,15:46,6min late,20:52,12min early,5h 6m,Landed
2025-09-08,IP109,PAS109,Pelita Air Service,Jakarta,CGK,WIII,15:45,07:45,16:02,17min late,16:33,1min early,1h 31m,Landed
2025-09-08,QZ646,AWQ646,Indonesia AirAsia,Labuan Bajo,LBJ,WATO,15:45,07:45,16:07,22min late,17:02,2min late,55m,Landed
2025-09-08,OD307,MXD307,Malindo Air,Kuala Lumpur,KUL,WMKK,15:50,07:50,20:37,47min late,23:15,25min late,2h 38m,Landed
2025-09-08,JQ43,JST043,Jetstar Airways,Singapore,SIN,WSSS,15:50,07:50,07:52,57min early,18:34,4min late,10h 41m,Landed
2025-09-08,VA92,VOZ092,Virgin Australia,Melbourne,MEL,YMML,15:50,07:50,16:36,46min late,00:02,37min late,5h 26m,Landed
2025-09-08,ID8335,BTK8335,Batik Air,Labuan Bajo,LBJ,WATO,15:55,07:55,16:18,23min late,17:11,6min late,53m,Landed
2025-09-08,GA411,GIA411,Garuda Indonesia,Jakarta,CGK,WIII,15:55,07:55,16:17,22min late,17:02,2min late,1h 44m,Landed
2025-09-08,SJ717,,Sriwijaya Air,Makassar,UPG,WAAA,16:00,08:00,,,,,1h 20m,
2025-09-08,VN640,HVN640,Vietnam Airlines,Ho Chi Minh City,SGN,VVTS,16:00,08:00,16:25,25min late,18:40,on time,3h 15m,Landed
2025-09-08,QZ807,AWQ807,Indonesia AirAsia,Jakarta,CGK,WIII,16:10,08:10,16:53,43min late,17:32,17min late,1h 39m,Landed
2025-09-08,CX784,CPA784,Cathay Pacific,Hong Kong,HKG,VHHH,16:10,08:10,19:04,54min late,23:30,5min late,4h 26m,Landed
2025-09-08,IU368,SJV368,SW Italia,Medan,KNO,WIMM,16:10,08:10,18:00,50min late,20:20,35min late,3h 20m,Landed
2025-09-08,QG195,CTV195,Citilink,Jakarta,HLP,WIHH,16:10,08:10,16:25,15min late,17:16,16min late,1h 51m,Landed
2025-09-08,QZ536,AWQ536,Indonesia AirAsia,Perth,PER,YPPH,16:15,08:15,16:58,43min late,20:17,7min late,3h 19m,Landed
2025-09-08,MH850,MAS850,Malaysia Airlines,Kuala Lumpur,KUL,WMKK,16:25,08:25,16:32,7min late,19:38,3min late,3h 6m,Landed
2025-09-08,JT925,LNI925,Lion Air,Surakarta,SOC,WAHQ,16:25,08:25,18:38,13min late,18:38,53min late,59m,Landed
2025-09-08,BR256,EVA256,EVA Airways,Taipei,TPE,RCTP,16:30,08:30,16:26,4min early,21:48,11min early,5h 22m,Landed
2025-09-08,IU743,SJV743,SW Italia,Jakarta,CGK,WIII,16:30,08:30,18:12,42min late,18:44,19min late,1h 32m,Landed
2025-09-08,QG669,CTV669,Citilink,Surabaya,SUB,WARR,16:35,08:35,16:34,on time,16:33,11min early,59m,Landed
2025-09-08,JT744,LNI744,Lion Air,Makassar,UPG,WAAA,16:40,08:40,17:34,54min late,18:37,37min late,1h 2m,Landed
2025-09-08,GA7036,GIA7036,Garuda Indonesia,Labuan Bajo,LBJ,WATO,16:50,08:50,17:25,35min late,18:18,18min late,53m,Landed
2025-09-08,JT567,LNI567,Lion Air,Yogyakarta,YIA,WAHI,16:50,08:50,19:25,35min late,19:34,14min late,1h 8m,Landed
2025-09-08,HO1356,DKH1356,Juneyao Airlines,Shanghai,PVG,ZSPD,16:50,08:50,17:16,26min late,23:21,18min early,6h 4m,Landed
2025-09-08,QZ556,AWQ556,Indonesia AirAsia,Kuala Lumpur,KUL,WMKK,16:55,08:55,17:32,37min late,20:19,9min late,2h 47m,Landed
2025-09-08,TG432,THA432,Thai Airways International,Bangkok,BKK,VTBS,16:55,08:55,17:18,23min late,20:04,on time,3h 46m,Landed
2025-09-08,JT923,LNI923,Lion Air,Surabaya,SUB,WARR,17:05,09:05,17:39,34min late,17:24,19min late,45m,Landed
2025-09-08,VA9540,VOZ9540,Virgin Australia,Melbourne,MEL,YMML,17:25,09:25,18:05,40min late,00:43,11min early,4h 37m,Landed
2025-09-08,VJ998,VJC998,VietJet Air,Hanoi,HAN,VVNB,17:30,09:30,17:59,29min late,21:37,7min early,4h 38m,Landed
2025-09-08,IU759,SJV759,SW Italia,Jakarta,CGK,WIII,17:35,09:35,20:25,50min late,21:03,33min late,1h 38m,Landed
2025-09-08,GA419,GIA419,Garuda Indonesia,Jakarta,CGK,WIII,17:35,09:35,17:56,21min late,18:30,4min early,1h 34m,Landed
2025-09-08,GA349,GIA349,Garuda Indonesia,Surabaya,SUB,WARR,17:35,09:35,18:12,37min late,18:04,19min late,52m,Landed
2025-09-08,OD193,MXD193,Malindo Air,Perth,PER,YPPH,18:10,10:10,19:07,57min late,22:23,38min late,3h 15m,Landed
2025-09-08,JT27,LNI027,Lion Air,Jakarta,CGK,WIII,18:30,10:30,19:46,16min late,20:20,55min late,1h 33m,Landed
2025-09-08,GA417,GIA417,Garuda Indonesia,Jakarta,CGK,WIII,18:30,10:30,18:37,7min late,19:24,5min early,1h 46m,Landed
2025-09-08,IN281,LKN281,Nam Air,Jakarta,CGK,WIII,18:30,10:30,18:56,26min late,19:31,21min late,1h 35m,Landed
2025-09-08,ID6415,BTK6415,Batik Air,Surabaya,SUB,WARR,18:45,10:45,19:50,5min late,19:00,15min late,9m,Landed
2025-09-08,8B5109,,Business Air,Jakarta,CGK,WIII,18:45,10:45,,,,,1h 45m,
2025-09-08,CX782,CPA782,Cathay Pacific,Hong Kong,HKG,VHHH,18:45,10:45,21:33,48min late,02:16,11min late,4h 43m,Landed
2025-09-08,EY477,ETD477,Etihad Airways,Abu Dhabi,AUH,OMAA,18:45,10:45,18:38,7min early,23:21,8min early,8h 43m,Landed
2025-09-08,QZ809,AWQ809,Indonesia AirAsia,Jakarta,CGK,WIII,18:50,10:50,19:23,33min late,20:00,15min late,1h 36m,Landed
2025-09-08,TG440,THA440,Thai Airways International,Bangkok,BKK,VTBS,19:00,11:00,19:14,14min late,22:04,5min early,3h 50m,Landed
2025-09-08,QG689,CTV689,Citilink,Jakarta,CGK,WIII,19:00,11:00,18:50,9min early,19:42,17min early,1h 52m,Landed
2025-09-08,IU527,SJV527,SW Italia,Manado,MDC,WAMM,19:00,11:00,19:42,42min late,21:55,15min late,2h 13m,Landed
2025-09-08,AK379,AXM379,AirAsia,Kuala Lumpur,KUL,WMKK,19:15,11:15,19:25,10min late,22:14,5min early,2h 49m,Landed
2025-09-08,MH852,MAS852,Malaysia Airlines,Kuala Lumpur,KUL,WMKK,19:20,11:20,19:32,12min late,22:22,2min late,2h 50m,Landed
2025-09-08,QR963,QTR963,Qatar Airways,Doha,DOH,OTHH,19:20,11:20,19:38,18min late,23:23,16min early,8h 44m,Landed
2025-09-08,ID7310,BTK7310,Batik Air,Jakarta,HLP,WIHH,19:25,11:25,20:39,14min late,21:10,0min late,1h 30m,Landed
2025-09-08,GA4952,GIA4952,Garuda Indonesia,Jakarta,CGK,WIII,19:30,11:30,19:49,19min late,20:26,3min early,1h 37m,Landed
2025-09-08,QG9693,CTV9693,Citilink,Surabaya,SUB,WARR,19:30,11:30,19:40,10min late,19:14,25min early,33m,Landed
2025-09-08,JT11,LNI011,Lion Air,Jakarta,CGK,WIII,19:35,11:35,20:21,46min late,20:50,20min late,1h 29m,Landed
2025-09-08,TR287,TGW287,Scoot,Singapore,SIN,WSSS,19:40,11:40,19:47,7min late,22:12,3min early,2h 24m,Landed
2025-09-08,8B969,TNU969,Business Air,Guangzhou,CAN,ZGGG,19:40,11:40,19:44,4min late,00:43,16min early,4h 58m,Landed
2025-09-08,EK369,UAE369,Emirates,Dubai,DXB,OMDB,19:45,11:45,20:12,27min late,00:39,10min early,8h 26m,Landed
2025-09-08,ID6413,BTK6413,Batik Air,Surabaya,SUB,WARR,19:50,11:50,20:17,27min late,19:52,2min late,34m,Landed
2025-09-08,ID6517,BTK6517,Batik Air,Jakarta,CGK,WIII,20:00,12:00,21:20,20min late,21:54,59min late,1h 34m,Landed
2025-09-08,GA415,GIA415,Garuda Indonesia,Jakarta,CGK,WIII,20:00,12:00,19:59,on time,20:48,11min early,1h 49m,Landed
2025-09-08,SQ945,SIA945,Singapore Airlines,Singapore,SIN,WSSS,20:00,12:00,20:30,30min late,22:47,7min late,2h 17m,Landed
2025-09-08,QG9692,CTV9692,Citilink,Surabaya,SUB,WARR,20:20,12:20,20:25,5min late,20:11,18min early,46m,Landed
2025-09-08,QG342,CTV342,Citilink,Makassar,UPG,WAAA,20:30,12:30,21:27,57min late,22:41,36min late,1h 13m,Landed
2025-09-08,KL836,KLM836,KLM Royal Dutch Airlines,Singapore,SIN,WSSS,20:35,12:35,20:47,12min late,23:05,4min early,2h 17m,Landed
2025-09-08,GA463,GIA463,Garuda Indonesia,Jakarta,HLP,WIHH,20:40,12:40,21:27,47min late,21:54,19min late,1h 27m,Landed
2025-09-08,OD177,MXD177,Malindo Air,Melbourne,MEL,YMML,21:00,13:00,21:23,23min late,04:11,28min early,4h 48m,Landed
2025-09-08,JQ107,JST107,Jetstar Airways,Perth,PER,YPPH,21:10,13:10,21:33,23min late,01:06,11min late,3h 33m,Landed
2025-09-08,GA425,GIA425,Garuda Indonesia,Jakarta,CGK,WIII,21:15,13:15,21:20,5min late,21:53,16min early,1h 33m,Landed
2025-09-08,TK67,THY067,Turkish Airlines,Istanbul,IST,LTFM,21:20,13:20,21:38,18min late,04:44,30min early,12h 6m,Landed
2025-09-08,JQ34,JST034,Jetstar Airways,Melbourne,MEL,YMML,21:20,13:20,22:12,52min late,04:54,on time,4h 42m,Landed
2025-09-08,AK375,AXM375,AirAsia,Kuala Lumpur,KUL,WMKK,21:25,13:25,22:10,45min late,01:15,45min late,3h 5m,Landed
2025-09-08,ID6760,BTK6760,Batik Air,Makassar,UPG,WAAA,21:30,13:30,21:45,15min late,22:45,4min early,59m,Landed
2025-09-08,JT15,,Lion Air,Jakarta,CGK,WIII,21:30,13:30,22:13,43min late,22:40,15min late,1h 27m,Landed
2025-09-08,JQ117,JST117,Jetstar Airways,Perth,PER,YPPH,21:30,13:30,21:42,12min late,01:14,5min early,3h 32m,Landed
2025-09-08,SQ947,SIA947,Singapore Airlines,Singapore,SIN,WSSS,21:35,13:35,21:44,9min late,00:01,3min early,2h 16m,Landed
2025-09-08,QZ819,AWQ819,Indonesia AirAsia,Jakarta,CGK,WIII,21:40,13:40,22:08,28min late,22:36,6min late,1h 27m,Landed
2025-09-08,IP105,PAS105,Pelita Air Service,Jakarta,CGK,WIII,21:40,13:40,21:43,3min late,22:11,18min early,1h 27m,Landed
2025-09-08,QZ546,AWQ546,Indonesia AirAsia,Perth,PER,YPPH,21:55,13:55,22:16,21min late,01:33,6min early,3h 17m,Landed
2025-09-08,GA718,GIA718,Garuda Indonesia,Melbourne,MEL,YMML,22:05,14:05,22:38,33min late,05:30,on time,4h 51m,Landed
2025-09-08,QF44,QFA044,Qantas,Sydney,SYD,YSSY,22:10,14:10,22:29,19min late,06:01,3min early,5h 32m,Landed
2025-09-08,JQ60,JST060,Jetstar Airways,Brisbane,BNE,YBBN,22:10,14:10,22:09,on time,05:27,12min early,5h 18m,Landed
2025-09-08,OD171,MXD171,Malindo Air,Sydney,SYD,YSSY,22:15,14:15,22:38,23min late,06:02,2min early,5h 24m,Landed
2025-09-08,SV857,SVA857,Saudi Arabian Airlines,Singapore,SIN,WSSS,22:15,14:15,22:15,on time,00:36,8min early,2h 21m,Landed
2025-09-08,IN2801,,NAM Air,Jakarta,CGK,WIII,22:25,14:25,22:33,8min late,23:05,,1h 40m,Landed
2025-09-08,JQ38,JST038,Jetstar Airways,Sydney,SYD,YSSY,22:35,14:35,00:14,39min late,07:17,47min late,5h 2m,Landed
2025-09-08,7C2712,JJA2712,Jeju Air,Seoul,ICN,RKSI,22:45,14:45,22:52,7min late,06:56,13min early,7h 4m,Landed
2025-09-08,QZ811,AWQ811,Indonesia AirAsia,Jakarta,CGK,WIII,22:50,14:50,23:00,10min late,23:33,6min early,1h 32m,Landed
2025-09-08,QG9685,CTV9685,Citilink,Jakarta,CGK,WIII,23:00,15:00,22:45,15min early,23:30,28min early,1h 45m,Landed
2025-09-08,QF46,QFA046,Qantas,Melbourne,MEL,YMML,23:05,15:05,23:51,46min late,06:33,6min early,4h 41m,Landed
2025-09-08,JT3020,,Lion Air,Seoul,ICN,RKSI,23:05,15:05,23:05,on time,07:10,on time,7h 4m,Landed
2025-09-08,VA96,VOZ096,Virgin Australia,Melbourne,MEL,YMML,23:05,15:05,00:04,59min late,06:49,9min late,4h 44m,Landed
2025-09-08,VA82,VOZ082,Virgin Australia,Gold Coast,OOL,YBCG,23:20,15:20,23:17,3min early,06:39,15min early,5h 22m,Landed
2025-09-08,GA714,GIA714,Garuda Indonesia,Sydney,SYD,YSSY,23:25,15:25,23:36,11min late,06:41,28min early,5h 5m,Landed
2025-09-08,JQ91,JST091,Jetstar Airways,Cairns,CNS,YBCS,23:30,15:30,23:24,6min early,05:38,21min early,4h 14m,Landed
2025-09-08,JQ36,JST036,Jetstar Airways,Melbourne,MEL,YMML,23:30,15:30,23:52,22min late,06:47,17min early,4h 55m,Landed
2025-09-08,VA68,VOZ068,Virgin Australia,Sydney,SYD,YSSY,23:35,15:35,23:38,3min late,06:56,48min early,5h 18m,Landed
2025-09-08,QZ420,AWQ420,Indonesia AirAsia,Adelaide,ADL,YPAD,23:45,15:45,00:07,22min late,06:01,23min early,4h 23m,Landed
2025-09-08,KE634,KAL634,Korean Air Lines,Seoul,ICN,RKSI,23:45,15:45,23:35,10min early,07:26,28min early,6h 51m,Landed
2025-09-08,JQ128,JST128,Jetstar Airways,Adelaide,ADL,YPAD,23:55,15:55,01:04,9min late,06:51,41min late,4h 16m,Landed
2025-09-09,BX602,ABL602,Air Busan,Busan,PUS,RKPK,00:05,16:05,00:21,16min late,07:38,31min early,6h 16m,Landed
2025-09-09,GA880,GIA880,Garuda Indonesia,Tokyo,NRT,RJAA,00:20,16:20,00:24,4min late,01:24,25min early,0m,Landed
2025-09-09,QZ548,AWQ548,Indonesia AirAsia,Perth,PER,YPPH,00:25,16:25,00:16,8min early,03:37,37min early,3h 21m,Landed
2025-09-09,MF892,CXA892,Xiamen Airlines,Xiamen,XMN,ZSAM,00:30,16:30,00:27,3min early,06:17,12min late,5h 50m,Landed
2025-09-09,CZ626,CSN626,China Southern Airlines,Guangzhou,CAN,ZGGG,00:30,16:30,01:04,34min late,05:54,4min late,4h 50m,Landed
2025-09-09,EK399,UAE399,Emirates,Dubai,DXB,OMDB,00:35,16:35,00:29,6min early,05:12,22min early,8h 43m,Landed
2025-09-09,QR961,QTR961,Qatar Airways,Doha,DOH,OTHH,00:35,16:35,00:38,3min late,04:28,26min early,8h 50m,Landed
2025-09-09,KE630,KAL630,Korean Air Lines,Seoul,ICN,RKSI,00:50,16:50,00:54,4min late,08:37,42min early,6h 43m,Landed
2025-09-09,PR538,PAL538,Philippine Airlines,Manila,MNL,RPLL,00:55,16:55,01:00,5min late,04:50,on time,3h 50m,Landed
2025-09-09,MU5030,CES5030,China Eastern Airlines,Shanghai,PVG,ZSPD,00:55,16:55,00:47,8min early,07:19,35min early,6h 32m,Landed
2025-09-09,SJ726,,Sriwijaya Air,Makassar,UPG,WAAA,01:00,17:00,,,,,1h 20m,
2025-09-09,5J282,CEB282,CEBU Pacific Air,Manila,MNL,RPLL,01:00,17:00,01:12,12min late,04:45,39min early,3h 33m,Landed
2025-09-09,QZ548,AWQ548,Indonesia AirAsia,Perth,PER,YPPH,01:05,17:05,00:35,30min early,03:32,22min early,2h 57m,Landed
2025-09-09,GA870,GIA870,Garuda Indonesia,Seoul,ICN,RKSI,01:15,17:15,01:21,6min late,02:21,53min early,0m,Landed
2025-09-09,8B5888,,Business Air,Manado,MDC,WAMM,01:30,17:30,,,,,2h 35m,
2025-09-09,QZ550,AWQ550,Indonesia AirAsia,Kuala Lumpur,KUL,WMKK,07:00,23:00,07:30,30min late,10:19,19min late,2h 49m,Landed
2025-09-09,JT944,,Lion Air,Makassar,UPG,WAAA,07:00,23:00,07:00,on time,08:16,3min early,1h 16m,Landed
2025-09-09,GA401,GIA401,Garuda Indonesia,Jakarta,CGK,WIII,07:00,23:00,07:01,1min late,07:47,12min early,1h 46m,Landed
2025-09-09,JT929,LNI929,Lion Air,Surabaya,SUB,WARR,07:00,23:00,07:41,41min late,07:27,27min late,45m,Landed
2025-09-09,JT746,LNI746,Lion Air,Makassar,UPG,WAAA,07:00,23:00,07:08,8min late,07:08,11min early,,Landed
2025-09-09,JQ82,JST082,Jetstar Airways,Darwin,DRW,YPDN,07:00,23:00,07:26,26min late,11:17,2min late,2h 21m,Landed
2025-09-09,QG690,CTV690,Citilink,Surabaya,SUB,WARR,07:05,23:05,07:03,2min early,07:06,1min late,1h 3m,Landed
2025-09-09,QZ534,AWQ534,Indonesia AirAsia,Perth,PER,YPPH,07:05,23:05,07:21,16min late,10:52,7min early,3h 31m,Landed
2025-09-09,SQ949,SIA949,Singapore Airlines,Singapore,SIN,WSSS,07:10,23:10,07:34,24min late,09:48,11min early,2h 14m,Landed
2025-09-09,QZ644,AWQ644,Indonesia AirAsia,Labuan Bajo,LBJ,WATO,07:10,23:10,07:22,12min late,08:09,5min early,47m,Landed
2025-09-09,QZ502,AWQ502,Indonesia AirAsia,Singapore,SIN,WSSS,07:10,23:10,07:29,19min late,07:30,19min early,1m,Landed
2025-09-09,QG663,CTV663,Citilink,Jakarta,CGK,WIII,07:45,23:45,08:00,15min late,08:36,1min late,1h 36m,Landed
2025-09-09,IW1854,WON1854,Wings Air,Lombok,LOP,WADL,08:00,00:00,09:29,29min late,08:35,9min early,,Landed
2025-09-09,JT21,LNI021,Lion Air,Jakarta,CGK,WIII,08:05,00:05,11:19,14min late,11:52,52min late,1h 33m,Landed
2025-09-09,HX706,CRK706,Hong Kong Airlines,Hong Kong,HKG,VHHH,08:15,00:15,08:17,2min late,12:56,23min early,4h 39m,Landed
2025-09-09,IW1850,WON1850,Wings Air,Lombok,LOP,WADL,08:35,00:35,08:43,8min late,09:14,5min early,31m,Landed
2025-09-09,5J280,CEB280,CEBU Pacific Air,Manila,MNL,RPLL,08:35,00:35,08:37,2min late,12:21,28min early,3h 44m,Landed
2025-09-09,CZ8482,CSN8482,China Southern Airlines,Guangzhou,CAN,ZGGG,08:40,00:40,08:52,12min late,13:42,7min early,4h 49m,Landed
2025-09-09,QZ504,AWQ504,Indonesia AirAsia,Singapore,SIN,WSSS,09:00,01:00,03:27,32min early,11:31,13min early,8h 4m,Landed
2025-09-09,8B80,TNU080,Business Air,Perth,PER,YPPH,09:05,01:05,09:02,2min early,12:43,11min early,3h 40m,Landed
2025-09-09,IW1832,WON1832,Wings Air,Tambolaka,TMC,WADT,09:10,01:10,09:36,26min late,10:45,10min late,1h 8m,Landed
2025-09-09,IW1856,WON1856,Wings Air,Lombok,LOP,WADL,09:10,01:10,09:28,18min late,09:52,2min early,24m,Landed
2025-09-09,8B5105,TNU5105,Business Air,Jakarta,CGK,WIII,09:10,01:10,09:30,20min late,09:56,3min early,1h 26m,Landed
2025-09-09,IN640,LKN640,NAM Air,Tambolaka,TMC,WADT,09:10,01:10,09:21,11min late,09:59,10min early,37m,Landed
2025-09-09,ID6007,BTK6007,Batik Air,Perth,PER,YPPH,09:25,01:25,07:28,56min early,13:17,2min late,5h 48m,Landed
2025-09-09,QG500,CTV500,Citilink,Dili,DIL,WPDL,09:30,01:30,09:08,22min early,11:54,25min early,1h 46m,Landed
2025-09-09,JT31,,Lion Air,Jakarta,CGK,WIII,09:30,01:30,,,,,1h 55m,Cancelled
2025-09-09,QZ803,AWQ803,Indonesia AirAsia,Jakarta,CGK,WIII,09:40,01:40,09:39,on time,10:06,23min early,1h 27m,Landed
2025-09-09,JT3569,LNI3569,Lion Air,Yogyakarta,YIA,WAHI,09:55,01:55,10:53,58min late,11:03,38min late,1h 10m,Landed
2025-09-09,QR965,QTR965,Qatar Airways,Doha,DOH,OTHH,09:55,01:55,10:23,28min late,14:14,5min early,8h 51m,Landed
2025-09-09,IW1882,WON1882,Wings Air,Sumbawa Besar,SWQ,WADS,10:00,02:00,10:22,22min late,11:07,7min late,44m,Landed
2025-09-09,JT270,LNI270,Lion Air,Kupang,KOE,WATT,10:00,02:00,10:17,17min late,11:40,on time,1h 23m,Landed
2025-09-09,AI2146,AIC2146,Air India,Delhi,DEL,VIDP,10:00,02:00,09:59,on time,14:52,42min early,7h 23m,Landed
2025-09-09,SQ935,SIA935,Singapore Airlines,Singapore,SIN,WSSS,10:05,02:05,10:08,3min late,12:40,4min early,2h 31m,Landed
2025-09-09,8B5101,TNU5101,Business Air,Jakarta,CGK,WIII,10:25,02:25,10:32,7min late,10:57,17min early,1h 25m,Landed
2025-09-09,JT33,LNI033,Lion Air,Jakarta,CGK,WIII,10:30,02:30,10:40,10min late,11:08,16min early,1h 27m,Landed
2025-09-09,JT805,LNI805,Lion Air,Surabaya,SUB,WARR,10:35,02:35,10:48,13min late,10:31,3min early,42m,Landed
2025-09-09,8G182,DTL182,Mid Africa Aviation,Dili,DIL,WPDL,10:35,02:35,10:42,7min late,13:19,10min early,1h 37m,Landed
2025-09-09,TR281,TGW281,Scoot,Singapore,SIN,WSSS,10:50,02:50,11:02,12min late,13:27,3min early,2h 24m,Landed
2025-09-09,QG9193,CTV9193,Citilink,Jakarta,HLP,WIHH,11:10,03:10,11:16,6min late,12:15,15min late,1h 58m,Landed
2025-09-09,6E1606,IGO1606,IndiGo,Bangalore,BLR,VOBL,11:20,03:20,11:34,14min late,14:55,14min early,5h 51m,Landed
2025-09-09,QZ780,AWQ780,Indonesia AirAsia,Balikpapan,BPN,WALL,11:25,03:25,11:30,5min late,12:47,17min early,1h 17m,Landed
2025-09-09,JQ111,JST111,Jetstar Airways,Perth,PER,YPPH,11:30,03:30,11:24,6min early,14:48,26min early,3h 24m,Landed
2025-09-09,JQ109,JST109,Jetstar Airways,Perth,PER,YPPH,11:40,03:40,11:31,9min early,14:51,33min early,3h 20m,Landed
2025-09-09,JQ40,JST040,Jetstar Airways,Sydney,SYD,YSSY,11:55,03:55,12:09,14min late,19:22,27min early,5h 13m,Landed
2025-09-09,JQ32,JST032,Jetstar Airways,Melbourne,MEL,YMML,11:55,03:55,12:16,21min late,19:10,20min early,4h 54m,Landed
2025-09-09,OD192,MXD192,Malindo Air,Kuala Lumpur,KUL,WMKK,11:55,03:55,13:01,6min late,15:47,42min late,2h 45m,Landed
2025-09-09,FD397,AIQ397,Thai AirAsia,Bangkok,DMK,VTBD,12:00,04:00,12:43,43min late,15:43,8min late,4h 0m,Landed
2025-09-09,GA407,GIA407,Garuda Indonesia,Jakarta,CGK,WIII,12:00,04:00,12:09,9min late,11:09,45min early,,Landed
2025-09-09,GA253,GIA253,Garuda Indonesia,Yogyakarta,YIA,WAHI,12:05,04:05,12:11,6min late,12:22,32min early,1h 10m,Landed
2025-09-09,QZ540,AWQ540,Indonesia AirAsia,Darwin,DRW,YPDN,12:05,04:05,12:05,on time,16:02,12min early,2h 26m,Landed
2025-09-09,SQ937,SIA937,Singapore Airlines,Singapore,SIN,WSSS,12:10,04:10,12:18,8min late,14:54,on time,2h 36m,Landed
2025-09-09,QG9696,CTV9696,Citilink,Surabaya,SUB,WARR,12:15,04:15,12:52,37min late,12:41,21min late,48m,Landed
2025-09-09,OD178,MXD178,Malindo Air,Kuala Lumpur,KUL,WMKK,12:25,04:25,12:37,12min late,15:23,11min early,2h 46m,Landed
2025-09-09,D7795,XAX795,AirAsia X,Kuala Lumpur,KUL,WMKK,12:30,04:30,12:35,5min late,15:16,28min early,2h 41m,Landed
2025-09-09,QZ805,AWQ805,Indonesia AirAsia,Jakarta,CGK,WIII,12:40,04:40,12:59,19min late,13:32,7min early,1h 33m,Landed
2025-09-09,IP103,PAS103,Pelita Air Service,Jakarta,CGK,WIII,12:45,04:45,12:56,11min late,13:18,21min early,1h 22m,Landed
2025-09-09,IW1848,WON1848,Wings Air,Lombok,LOP,WADL,12:45,04:45,12:55,10min late,13:19,10min early,24m,Landed
2025-09-09,ID7308,BTK7308,Batik Air,Jakarta,HLP,WIHH,12:50,04:50,12:30,19min early,13:00,34min early,1h 29m,Landed
2025-09-09,MH714,MAS714,Malaysia Airlines,Kuala Lumpur,KUL,WMKK,12:55,04:55,13:34,39min late,16:29,29min late,2h 54m,Landed
2025-09-09,8B82,TNU082,Business Air,Perth,PER,YPPH,12:55,04:55,13:06,11min late,16:16,38min early,3h 9m,Landed
2025-09-09,SQ939,SIA939,Singapore Airlines,Singapore,SIN,WSSS,13:05,05:05,13:18,13min late,15:59,9min late,2h 41m,Landed
2025-09-09,JT35,,Lion Air,Jakarta,CGK,WIII,13:10,05:10,,,,,1h 55m,Cancelled
2025-09-09,VJ900,VJC900,VietJet Air,Hanoi,HAN,VVNB,13:10,05:10,13:15,5min late,16:58,21min early,4h 42m,Landed
2025-09-09,JQ58,JST058,Jetstar Airways,Brisbane,BNE,YBBN,13:15,05:15,13:00,15min early,20:13,31min early,5h 13m,Landed
2025-09-09,OD172,MXD172,Malindo Air,Kuala Lumpur,KUL,WMKK,13:15,05:15,13:48,33min late,16:37,12min late,2h 48m,Landed
2025-09-09,IW1834,,Wings Air,Tambolaka,TMC,WADT,13:20,05:20,,,,,1h 25m,Cancelled
2025-09-09,JT660,LNI660,Lion Air,Balikpapan,BPN,WALL,13:25,05:25,14:18,53min late,15:40,30min late,1h 22m,Landed
2025-09-09,GA409,GIA409,Garuda Indonesia,Jakarta,CGK,WIII,13:25,05:25,14:13,48min late,14:56,31min late,1h 43m,Landed
2025-09-09,D7799,XAX799,AirAsia X,Kuala Lumpur,KUL,WMKK,13:35,05:35,13:48,13min late,16:32,17min early,2h 43m,Landed
2025-09-09,IW1826,WON1826,Wings Air,Bima,BMU,WADB,13:40,05:40,15:11,31min late,16:19,14min late,1h 8m,Landed
2025-09-09,QZ506,AWQ506,Indonesia AirAsia,Singapore,SIN,WSSS,13:45,05:45,13:44,on time,16:26,13min early,2h 42m,Landed
2025-09-09,8B5107,TNU5107,TransNusa,Jakarta,CGK,WIII,13:50,05:50,14:29,39min late,15:00,20min late,1h 30m,Landed
2025-09-09,QZ544,AWQ544,Indonesia AirAsia,Perth,PER,YPPH,13:55,05:55,14:15,20min late,17:35,19min early,3h 20m,Landed
2025-09-09,IW1964,WON1964,Wings Air,Lombok,LOP,WADL,13:55,05:55,14:35,40min late,15:20,40min late,44m,Landed
2025-09-09,JT919,LNI919,Lion Air,Surabaya,SUB,WARR,13:55,05:55,16:23,28min late,16:06,11min late,42m,Landed
2025-09-09,JT25,LNI025,Lion Air,Jakarta,CGK,WIII,14:00,06:00,14:24,24min late,15:01,6min late,1h 37m,Landed
2025-09-09,TR289,TGW289,Scoot,Singapore,SIN,WSSS,14:00,06:00,14:11,11min late,16:42,18min early,2h 30m,Landed
2025-09-09,GA4092,GIA4092,Garuda Indonesia,Jakarta,CGK,WIII,14:05,06:05,14:32,27min late,15:05,5min late,1h 33m,Landed
2025-09-09,VJ894,VJC894,VietJet Air,Ho Chi Minh City,SGN,VVTS,14:05,06:05,14:06,1min late,16:47,7min early,3h 40m,Landed
2025-09-09,ID8517,BTK8517,Batik Air,Jakarta,CGK,WIII,14:10,06:10,14:44,34min late,15:14,9min late,1h 29m,Landed
2025-09-09,JT569,,Lion Air,Yogyakarta,YIA,WAHI,14:10,06:10,,,,,1h 30m,Cancelled
2025-09-09,ID7637,BTK7637,Batik Air,Bangkok,DMK,VTBD,14:15,06:15,14:40,25min late,17:53,8min late,4h 12m,Landed
2025-09-09,JT23,LNI023,Lion Air,Jakarta,CGK,WIII,14:35,06:35,17:47,12min late,18:12,42min late,1h 25m,Landed
2025-09-09,QG681,CTV681,Citilink,Jakarta,CGK,WIII,14:40,06:40,15:02,22min late,15:48,13min late,1h 46m,Landed
2025-09-09,JT740,LNI740,Lion Air,Makassar,UPG,WAAA,14:40,06:40,15:15,35min late,16:17,17min late,1h 2m,Landed
2025-09-09,IW1884,WON1884,Wings Air,Waingapu,WGP,WADW,14:40,06:40,14:43,3min late,16:07,22min early,1h 24m,Landed
2025-09-09,QZ244,AWQ244,Indonesia AirAsia,Bangkok,DMK,VTBD,14:45,06:45,15:00,15min late,17:57,12min early,3h 57m,Landed
2025-09-09,AK377,AXM377,AirAsia,Kuala Lumpur,KUL,WMKK,14:45,06:45,14:47,2min late,17:41,13min early,2h 53m,Landed
2025-09-09,OD307,MXD307,Malindo Air,Kuala Lumpur,KUL,WMKK,14:50,06:50,15:16,26min late,18:05,15min late,2h 49m,Landed
2025-09-09,JQ44,JST044,Jetstar Airways,Melbourne,MEL,YMML,14:55,06:55,15:18,23min late,22:12,17min early,4h 54m,Landed
2025-09-09,JT844,LNI844,Lion Air,Banjarmasin,BDJ,WAOO,15:00,07:00,15:59,59min late,16:59,34min late,59m,Landed
2025-09-09,8B5103,,TransNusa,Jakarta,CGK,WIII,15:10,07:10,,,,,1h 45m,
2025-09-09,VA50,VOZ050,Virgin Australia,Brisbane,BNE,YBBN,15:15,07:15,15:30,15min late,22:51,8min early,5h 21m,Landed
2025-09-09,GA842,GIA842,Garuda Indonesia,Singapore,SIN,WSSS,15:15,07:15,15:43,28min late,18:02,2min late,2h 18m,Landed
2025-09-09,VJ898,VJC898,VietJet Air,Ho Chi Minh City,SGN,VVTS,15:30,07:30,15:46,16min late,17:58,21min early,3h 12m,Landed
2025-09-09,CI772,CAL772,China Airlines,Taipei,TPE,RCTP,15:40,07:40,15:53,13min late,21:04,on time,5h 11m,Landed
2025-09-09,IU703,,SW Italia,Surabaya,SUB,WARR,15:40,07:40,,,,,1h 0m,Cancelled
2025-09-09,QZ646,AWQ646,Indonesia AirAsia,Labuan Bajo,LBJ,WATO,15:45,07:45,16:07,22min late,17:02,2min late,55m,Landed
2025-09-09,IP109,PAS109,Pelita Air Service,Jakarta,CGK,WIII,15:45,07:45,15:55,10min late,16:20,14min early,1h 25m,Landed
2025-09-09,JQ43,JST043,Jetstar Airways,Singapore,SIN,WSSS,15:50,07:50,16:01,11min late,18:33,3min late,2h 31m,Landed
2025-09-09,VA92,VOZ092,Virgin Australia,Melbourne,MEL,YMML,15:50,07:50,16:28,38min late,23:31,6min late,5h 3m,Landed
2025-09-09,ID8335,,Batik Air,Labuan Bajo,LBJ,WATO,15:55,07:55,,,,,1h 10m,Cancelled
2025-09-09,GA411,GIA411,Garuda Indonesia,Jakarta,CGK,WIII,15:55,07:55,16:16,21min late,16:48,11min early,1h 32m,Landed
2025-09-09,VN640,HVN640,Vietnam Airlines,Ho Chi Minh City,SGN,VVTS,16:00,08:00,16:28,28min late,18:54,14min late,3h 26m,Landed
2025-09-09,QZ807,AWQ807,Indonesia AirAsia,Jakarta,CGK,WIII,16:10,08:10,16:42,32min late,17:13,1min early,1h 31m,Landed
2025-09-09,QG195,CTV195,Citilink,Jakarta,HLP,WIHH,16:10,08:10,16:17,7min late,16:52,7min early,1h 34m,Landed
2025-09-09,CX784,CPA784,Cathay Pacific,Hong Kong,HKG,VHHH,16:10,08:10,17:57,47min late,20:51,33min early,2h 54m,Landed
2025-09-09,QZ536,AWQ536,Indonesia AirAsia,Perth,PER,YPPH,16:15,08:15,16:25,10min late,19:54,15min early,3h 29m,Landed
2025-09-09,MH850,MAS850,Malaysia Airlines,Kuala Lumpur,KUL,WMKK,16:25,08:25,16:36,11min late,19:29,5min early,2h 52m,Landed
2025-09-09,IU743,SJV743,SW Italia,Jakarta,CGK,WIII,16:30,08:30,17:37,7min late,18:03,38min late,1h 26m,Landed
2025-09-09,BR256,EVA256,EVA Airways,Taipei,TPE,RCTP,16:30,08:30,16:38,8min late,21:55,4min early,5h 17m,Landed
2025-09-09,QG669,CTV669,Citilink,Surabaya,SUB,WARR,16:35,08:35,16:28,7min early,16:31,13min early,1h 3m,Landed
2025-09-09,QZ246,AWQ246,Indonesia AirAsia,Phuket,HKT,VTSP,16:40,08:40,17:10,30min late,19:49,9min late,3h 38m,Landed
2025-09-09,IU273,,SW Italia,Pontianak,PNK,WIOO,16:50,08:50,,,,,2h 0m,Cancelled
2025-09-09,HO1356,DKH1356,Juneyao Airlines,Shanghai,PVG,ZSPD,16:50,08:50,17:22,32min late,23:37,2min early,6h 15m,Landed
2025-09-09,TG432,THA432,Thai Airways International,Bangkok,BKK,VTBS,16:55,08:55,17:11,16min late,19:50,14min early,3h 38m,Landed
2025-09-09,QZ556,AWQ556,Indonesia AirAsia,Kuala Lumpur,KUL,WMKK,16:55,08:55,15:17,37min early,21:28,18min late,6h 10m,Landed
2025-09-09,ID6335,BTK6335,Batik Air,Labuan Bajo,LBJ,WATO,17:00,09:00,17:26,26min late,18:18,8min late,52m,Landed
2025-09-09,VJ998,VJC998,VietJet Air,Hanoi,HAN,VVNB,17:30,09:30,17:31,on time,21:04,40min early,4h 33m,Landed
2025-09-09,GA419,GIA419,Garuda Indonesia,Jakarta,CGK,WIII,17:35,09:35,17:54,19min late,18:28,6min early,1h 34m,Landed
2025-09-09,IU759,,SW Italia,Jakarta,CGK,WIII,17:35,09:35,,,,,1h 55m,Cancelled
2025-09-09,GA349,GIA349,Garuda Indonesia,Surabaya,SUB,WARR,17:35,09:35,17:45,10min late,17:27,17min early,42m,Landed
2025-09-09,IN281,,NAM Air,Jakarta,CGK,WIII,17:45,09:45,,,,,1h 40m,
2025-09-09,NZ291,ANZ291,Air New Zealand,Auckland,AKL,NZAA,17:50,09:50,18:01,11min late,05:08,21min early,7h 7m,Landed
2025-09-09,OD193,MXD193,Malindo Air,Perth,PER,YPPH,18:10,10:10,14:09,0min early,21:39,5min early,7h 30m,Landed
2025-09-09,JT567,LNI567,Lion Air,Yogyakarta,YIA,WAHI,18:25,10:25,18:36,11min late,18:44,10min early,1h 8m,Landed
2025-09-09,IN283,LKN283,NAM Air,Jakarta,CGK,WIII,18:30,10:30,23:21,51min late,23:50,40min late,1h 29m,Landed
2025-09-09,GA417,GIA417,Garuda Indonesia,Jakarta,CGK,WIII,18:30,10:30,18:29,on time,19:16,13min early,1h 46m,Landed
2025-09-09,SL259,TLM259,Thai Lion Air,Bangkok,DMK,VTBD,18:40,10:40,19:10,30min late,22:07,7min late,3h 56m,Landed
2025-09-09,JT925,LNI925,Lion Air,Surakarta,SOC,WAHQ,18:40,10:40,17:49,50min early,17:52,7min early,1h 2m,Landed
2025-09-09,CX782,CPA782,Cathay Pacific,Hong Kong,HKG,VHHH,18:45,10:45,18:44,on time,23:23,41min early,4h 39m,Landed
2025-09-09,8B5109,TNU5109,Business Air,Jakarta,CGK,WIII,18:45,10:45,19:34,49min late,20:14,44min late,1h 40m,Landed
2025-09-09,ID6415,BTK6415,Batik Air,Surabaya,SUB,WARR,18:45,10:45,19:22,37min late,19:02,17min late,39m,Landed
2025-09-09,EY477,ETD477,Etihad Airways,Abu Dhabi,AUH,OMAA,18:45,10:45,18:56,11min late,23:23,6min early,8h 26m,Landed
2025-09-09,QZ809,AWQ809,Indonesia AirAsia,Jakarta,CGK,WIII,18:50,10:50,19:01,11min late,19:35,9min early,1h 34m,Landed
2025-09-09,TG440,THA440,Thai Airways International,Bangkok,BKK,VTBS,19:00,11:00,19:12,12min late,22:16,6min late,4h 4m,Landed
2025-09-09,QG689,CTV689,Citilink,Jakarta,CGK,WIII,19:00,11:00,19:08,8min late,19:42,17min early,1h 34m,Landed
2025-09-09,JT27,LNI027,Lion Air,Jakarta,CGK,WIII,19:05,11:05,20:40,35min late,20:53,53min late,1h 12m,Landed
2025-09-09,AK379,AXM379,AirAsia,Kuala Lumpur,KUL,WMKK,19:15,11:15,19:31,16min late,22:38,18min late,3h 7m,Landed
2025-09-09,MH852,MAS852,Malaysia Airlines,Kuala Lumpur,KUL,WMKK,19:20,11:20,19:26,6min late,22:38,18min late,3h 12m,Landed
2025-09-09,QR963,QTR963,Qatar Airways,Doha,DOH,OTHH,19:20,11:20,19:16,4min early,23:13,26min early,8h 57m,Landed
2025-09-09,ID7310,BTK7310,Batik Air,Jakarta,HLP,WIHH,19:25,11:25,19:32,7min late,20:02,7min early,1h 30m,Landed
2025-09-09,GA495,GIA495,Garuda Indonesia,Jakarta,CGK,WIII,19:30,11:30,20:01,31min late,20:31,1min late,1h 30m,Landed
2025-09-09,QG699,CTV699,Citilink,Surabaya,SUB,WARR,19:30,11:30,19:25,5min early,19:31,8min early,1h 6m,Landed
2025-09-09,JT11,LNI011,Lion Air,Jakarta,CGK,WIII,19:35,11:35,19:54,19min late,20:24,5min early,1h 30m,Landed
2025-09-09,TR287,TGW287,Scoot,Singapore,SIN,WSSS,19:40,11:40,20:38,58min late,22:40,25min late,2h 2m,Landed
2025-09-09,8B969,TNU969,Business Air,Guangzhou,CAN,ZGGG,19:40,11:40,19:50,10min late,00:38,21min early,4h 48m,Landed
2025-09-09,EK369,UAE369,Emirates,Dubai,DXB,OMDB,19:45,11:45,20:15,30min late,00:42,7min early,8h 27m,Landed
2025-09-09,JT923,LNI923,Lion Air,Surabaya,SUB,WARR,19:45,11:45,20:26,41min late,20:06,21min late,40m,Landed
2025-09-09,ID6413,BTK6413,Batik Air,Surabaya,SUB,WARR,19:50,11:50,21:36,46min late,21:30,35min late,54m,Landed
2025-09-09,JT271,LNI271,Lion Air,Semarang,SRG,WIIS,19:50,11:50,20:22,32min late,20:25,10min late,1h 2m,Landed
2025-09-09,SQ945,SIA945,Singapore Airlines,Singapore,SIN,WSSS,20:00,12:00,20:33,33min late,22:42,2min late,2h 9m,Landed
2025-09-09,GA415,GIA415,Garuda Indonesia,Jakarta,CGK,WIII,20:00,12:00,20:11,11min late,20:54,5min early,1h 43m,Landed
2025-09-09,QG9692,,Citilink,Surabaya,SUB,WARR,20:20,12:20,20:50,30min late,20:35,5min late,45m,Landed
2025-09-09,QG342,CTV342,Citilink,Makassar,UPG,WAAA,20:30,12:30,21:01,31min late,22:16,11min late,1h 15m,Landed
2025-09-09,KL836,KLM836,KLM Royal Dutch Airlines,Singapore,SIN,WSSS,20:35,12:35,21:05,30min late,23:22,12min late,2h 17m,Landed
2025-09-09,GA463,GIA463,Garuda Indonesia,Jakarta,HLP,WIHH,20:40,12:40,21:17,37min late,21:42,7min late,1h 25m,Landed
2025-09-09,OD177,MXD177,Malindo Air,Melbourne,MEL,YMML,21:00,13:00,21:38,38min late,04:26,13min early,4h 47m,Landed
2025-09-09,GA425,GIA425,Garuda Indonesia,Jakarta,CGK,WIII,21:15,13:15,21:27,12min late,22:02,7min early,1h 35m,Landed
2025-09-09,JQ34,JST034,Jetstar Airways,Melbourne,MEL,YMML,21:20,13:20,21:58,38min late,04:41,13min early,4h 42m,Landed
2025-09-09,TK67,THY067,Turkish Airlines,Istanbul,IST,LTFM,21:20,13:20,21:32,12min late,04:46,28min early,12h 13m,Landed
2025-09-09,AK375,AXM375,AirAsia,Kuala Lumpur,KUL,WMKK,21:25,13:25,21:45,20min late,00:47,17min late,3h 1m,Landed
2025-09-09,JQ117,JST117,Jetstar Airways,Perth,PER,YPPH,21:30,13:30,21:39,9min late,01:04,15min early,3h 25m,Landed
2025-09-09,ID6760,BTK6760,Batik Air,Makassar,UPG,WAAA,21:30,13:30,21:45,15min late,22:47,2min early,1h 1m,Landed
2025-09-09,SQ947,SIA947,Singapore Airlines,Singapore,SIN,WSSS,21:35,13:35,21:48,13min late,23:59,6min early,2h 11m,Landed
2025-09-09,IP105,PAS105,Pelita Air Service,Jakarta,CGK,WIII,21:40,13:40,21:41,on time,22:11,18min early,1h 30m,Landed
2025-09-09,QZ819,AWQ819,Indonesia AirAsia,Jakarta,CGK,WIII,21:40,13:40,22:08,28min late,22:27,2min early,1h 18m,Landed
2025-09-09,JT15,LNI015,Lion Air,Jakarta,CGK,WIII,21:40,13:40,21:55,15min late,22:29,5min early,1h 33m,Landed
2025-09-09,QG685,,Citilink,Jakarta,CGK,WIII,21:55,13:55,,,,,2h 0m,
2025-09-09,QZ546,AWQ546,Indonesia AirAsia,Perth,PER,YPPH,21:55,13:55,22:07,12min late,01:23,16min early,3h 15m,Landed
2025-09-09,OD157,MXD157,Malindo Air,Brisbane,BNE,YBBN,22:00,14:00,18:40,19min early,06:06,16min late,9h 25m,Landed
2025-09-09,GA718,GIA718,Garuda Indonesia,Melbourne,MEL,YMML,22:05,14:05,22:46,41min late,05:34,4min late,4h 47m,Landed
2025-09-09,JQ60,JST060,Jetstar Airways,Brisbane,BNE,YBBN,22:10,14:10,22:24,14min late,05:29,10min early,5h 5m,Landed
2025-09-09,QF44,QFA044,Qantas,Sydney,SYD,YSSY,22:10,14:10,00:22,12min late,07:27,22min late,5h 4m,Landed
2025-09-09,OD171,MXD171,Malindo Air,Sydney,SYD,YSSY,22:15,14:15,22:46,31min late,06:03,1min early,5h 17m,Landed
2025-09-09,IN2801,,NAM Air,Jakarta,CGK,WIII,22:25,14:25,,,,,1h 40m,
2025-09-09,JQ38,JST038,Jetstar Airways,Sydney,SYD,YSSY,22:35,14:35,22:42,7min late,06:10,19min early,5h 28m,Landed
2025-09-09,7C2712,JJA2712,Jeju Air,Seoul,ICN,RKSI,22:45,14:45,22:49,4min late,07:04,5min early,7h 15m,Landed
2025-09-09,QZ811,AWQ811,Indonesia AirAsia,Jakarta,CGK,WIII,22:50,14:50,23:48,58min late,00:20,40min late,1h 32m,Landed
2025-09-09,VA96,VOZ096,Virgin Australia,Melbourne,MEL,YMML,23:05,15:05,23:18,13min late,06:13,26min early,4h 55m,Landed
2025-09-09,JT3020,,Lion Air,Seoul,ICN,RKSI,23:05,15:05,23:05,on time,07:07,2min early,7h 2m,Landed
2025-09-09,VA82,VOZ082,Virgin Australia,Gold Coast,OOL,YBCG,23:20,15:20,23:24,4min late,06:42,12min early,5h 18m,Landed
2025-09-09,GA714,GIA714,Garuda Indonesia,Sydney,SYD,YSSY,23:25,15:25,23:54,29min late,07:01,8min early,5h 7m,Landed
2025-09-09,JQ36,JST036,Jetstar Airways,Melbourne,MEL,YMML,23:30,15:30,23:49,19min late,06:45,19min early,4h 56m,Landed
2025-09-09,VA68,VOZ068,Virgin Australia,Sydney,SYD,YSSY,23:35,15:35,00:12,37min late,07:23,21min early,5h 11m,Landed
2025-09-09,KE634,KAL634,Korean Air Lines,Seoul,ICN,RKSI,23:45,15:45,02:19,34min late,07:39,15min early,4h 20m,Landed
2025-09-09,JQ128,JST128,Jetstar Airways,Adelaide,ADL,YPAD,23:55,15:55,23:47,8min early,06:01,13min early,4h 44m,Landed
2025-09-10,BX602,ABL602,Air Busan,Busan,PUS,RKPK,00:05,16:05,03:36,31min late,08:37,27min late,4h 1m,Landed
2025-09-10,GA880,GIA880,Garuda Indonesia,Tokyo,NRT,RJAA,00:20,16:20,00:43,23min late,09:00,10min late,7h 17m,Landed
2025-09-10,QZ548,AWQ548,Indonesia AirAsia,Perth,PER,YPPH,00:25,16:25,00:16,8min early,03:37,37min early,3h 21m,Landed
2025-09-10,CZ626,CSN626,China Southern Airlines,Guangzhou,CAN,ZGGG,00:30,16:30,01:13,43min late,05:58,8min late,4h 45m,Landed
2025-09-10,MF892,CXA892,Xiamen Airlines,Xiamen,XMN,ZSAM,00:30,16:30,00:15,15min early,05:43,21min early,5h 28m,Landed
2025-09-10,QR961,QTR961,Qatar Airways,Doha,DOH,OTHH,00:35,16:35,00:56,21min late,04:57,2min late,9h 1m,Landed
2025-09-10,EK399,UAE399,Emirates,Dubai,DXB,OMDB,00:35,16:35,00:34,on time,05:20,14min early,8h 46m,Landed
2025-09-10,KE630,KAL630,Korean Air Lines,Seoul,ICN,RKSI,00:50,16:50,00:57,7min late,08:39,40min early,6h 42m,Landed
2025-09-10,MU5030,CES5030,China Eastern Airlines,Shanghai,PVG,ZSPD,00:55,16:55,00:46,8min early,06:49,10min early,6h 2m,Landed
2025-09-10,PR538,PAL538,Philippine Airlines,Manila,MNL,RPLL,00:55,16:55,01:17,22min late,05:04,14min late,3h 47m,Landed
2025-09-10,8B5888,,Business Air,Manado,MDC,WAMM,01:30,17:30,,,,,2h 35m,
2025-09-10,GA401,GIA401,Garuda Indonesia,Jakarta,CGK,WIII,07:00,23:00,07:20,20min late,08:01,1min late,1h 41m,Landed
2025-09-10,JT944,,Lion Air,Makassar,UPG,WAAA,07:00,23:00,07:00,on time,08:19,on time,1h 19m,Landed
2025-09-10,JT856,,Lion Air,Surabaya,SUB,WARR,07:00,23:00,07:00,on time,06:56,4min early,56m,Landed
2025-09-10,JT746,LNI746,Lion Air,Makassar,UPG,WAAA,07:00,23:00,07:37,37min late,08:38,18min late,1h 0m,Landed
2025-09-10,JQ82,JST082,Jetstar Airways,Darwin,DRW,YPDN,07:00,23:00,07:26,26min late,11:17,2min late,2h 21m,Landed
2025-09-10,QZ550,AWQ550,Indonesia AirAsia,Kuala Lumpur,KUL,WMKK,07:00,23:00,07:30,30min late,10:19,19min late,2h 49m,Landed
2025-09-10,JT929,LNI929,Lion Air,Surabaya,SUB,WARR,07:00,23:00,07:41,41min late,07:27,27min late,45m,Landed
2025-09-10,QG690,CTV690,Citilink,Surabaya,SUB,WARR,07:05,23:05,07:10,5min late,06:11,53min early,0m,Landed
2025-09-10,QZ534,AWQ534,Indonesia AirAsia,Perth,PER,YPPH,07:05,23:05,07:24,19min late,07:24,35min early,0m,Landed
2025-09-10,QZ502,AWQ502,Indonesia AirAsia,Singapore,SIN,WSSS,07:10,23:10,08:12,2min late,10:31,41min late,2h 19m,Landed
2025-09-10,QZ644,AWQ644,Indonesia AirAsia,Labuan Bajo,LBJ,WATO,07:10,23:10,07:28,18min late,08:17,2min late,48m,Landed
2025-09-10,SQ949,SIA949,Singapore Airlines,Singapore,SIN,WSSS,07:10,23:10,07:25,15min late,09:54,5min early,2h 28m,Landed
2025-09-10,QZ813,AWQ813,Indonesia AirAsia,Jakarta,CGK,WIII,07:15,23:15,07:46,31min late,06:46,23min early,0m,Landed
2025-09-10,QG663,CTV663,Citilink,Jakarta,CGK,WIII,07:45,23:45,08:00,15min late,08:40,5min late,1h 40m,Landed
2025-09-10,IW1854,WON1854,Wings Air,Lombok,LOP,WADL,08:00,00:00,08:25,25min late,08:57,12min late,31m,Landed
2025-09-10,JT21,LNI021,Lion Air,Jakarta,CGK,WIII,08:05,00:05,08:48,43min late,09:18,18min late,1h 29m,Landed
2025-09-10,HX706,CRK706,Hong Kong Airlines,Hong Kong,HKG,VHHH,08:15,00:15,08:49,34min late,13:34,14min late,4h 45m,Landed
2025-09-10,IW1850,WON1850,Wings Air,Lombok,LOP,WADL,08:35,00:35,10:00,25min late,10:25,5min late,24m,Landed
2025-09-10,5J280,CEB280,CEBU Pacific Air,Manila,MNL,RPLL,08:35,00:35,08:56,21min late,12:46,3min early,3h 50m,Landed
2025-09-10,CZ8482,CSN8482,China Southern Airlines,Guangzhou,CAN,ZGGG,08:40,00:40,08:51,11min late,13:41,8min early,4h 49m,Landed
2025-09-10,QZ504,AWQ504,Indonesia AirAsia,Singapore,SIN,WSSS,09:00,01:00,09:14,14min late,11:40,4min early,2h 26m,Landed
2025-09-10,8B80,TNU080,Business Air,Perth,PER,YPPH,09:05,01:05,09:05,on time,12:42,12min early,3h 37m,Landed
2025-09-10,8B5105,TNU5105,Business Air,Jakarta,CGK,WIII,09:10,01:10,09:37,27min late,08:38,21min early,0m,Landed
2025-09-10,IW1832,WON1832,Wings Air,Tambolaka,TMC,WADT,09:10,01:10,09:46,36min late,10:53,18min late,1h 7m,Landed
2025-09-10,IW1856,WON1856,Wings Air,Lombok,LOP,WADL,09:10,01:10,09:41,31min late,10:05,10min late,23m,Landed
2025-09-10,IN640,LKN640,NAM Air,Tambolaka,TMC,WADT,09:10,01:10,09:39,29min late,10:23,13min late,44m,Landed
2025-09-10,ID6007,BTK6007,Batik Air,Perth,PER,YPPH,09:25,01:25,10:02,37min late,13:22,7min late,3h 19m,Landed
2025-09-10,QG500,CTV500,Citilink,Dili,DIL,WPDL,09:30,01:30,09:21,8min early,12:03,16min early,1h 42m,Landed
2025-09-10,JT31,,Lion Air,Jakarta,CGK,WIII,09:30,01:30,,,,,1h 55m,Cancelled
2025-09-10,QZ803,AWQ803,Indonesia AirAsia,Jakarta,CGK,WIII,09:40,01:40,09:53,13min late,10:23,6min early,1h 30m,Landed
2025-09-10,QR965,QTR965,Qatar Airways,Doha,DOH,OTHH,09:55,01:55,09:56,on time,13:55,24min early,8h 59m,Landed
2025-09-10,JT3569,LNI3569,Lion Air,Yogyakarta,YIA,WAHI,09:55,01:55,13:06,11min late,13:16,51min late,1h 10m,Landed
2025-09-10,JT270,LNI270,Lion Air,Kupang,KOE,WATT,10:00,02:00,10:36,36min late,12:02,22min late,1h 26m,Landed
2025-09-10,AI2146,AIC2146,Air India,Delhi,DEL,VIDP,10:00,02:00,09:59,on time,15:01,33min early,7h 32m,Landed
2025-09-10,IW1882,WON1882,Wings Air,Sumbawa Besar,SWQ,WADS,10:00,02:00,10:49,49min late,11:32,32min late,43m,Landed
2025-09-10,SQ935,SIA935,Singapore Airlines,Singapore,SIN,WSSS,10:05,02:05,10:19,14min late,12:31,13min early,2h 12m,Landed
2025-09-10,SU297,AFL297,Aeroflot,Moscow,SVO,UUEE,10:05,02:05,10:32,27min late,17:52,22min early,12h 20m,Landed
2025-09-10,8B5101,TNU5101,Business Air,Jakarta,CGK,WIII,10:25,02:25,10:34,9min late,11:04,10min early,1h 30m,Landed
2025-09-10,JT33,LNI033,Lion Air,Jakarta,CGK,WIII,10:30,02:30,14:51,21min late,15:27,32min late,1h 36m,Landed
2025-09-10,JT805,LNI805,Lion Air,Surabaya,SUB,WARR,10:35,02:35,10:53,18min late,10:41,6min late,47m,Landed
2025-09-10,8G182,DTL182,Mid Africa Aviation,Dili,DIL,WPDL,10:35,02:35,10:45,10min late,13:21,8min early,1h 36m,Landed
2025-09-10,QZ815,AWQ815,Indonesia AirAsia,Jakarta,CGK,WIII,10:35,02:35,10:42,7min late,11:13,16min early,1h 31m,Landed
2025-09-10,TR281,TGW281,Scoot,Singapore,SIN,WSSS,10:50,02:50,11:17,27min late,13:36,6min late,2h 18m,Landed
2025-09-10,QG9193,CTV9193,Citilink,Jakarta,HLP,WIHH,11:10,03:10,11:14,4min late,12:10,10min late,1h 55m,Landed
2025-09-10,JQ126,JST126,Jetstar Airways,Adelaide,ADL,YPAD,11:15,03:15,12:14,59min late,18:01,31min late,4h 16m,Landed
2025-09-10,6E1606,IGO1606,IndiGo,Bangalore,BLR,VOBL,11:20,03:20,11:32,12min late,15:08,1min early,6h 6m,Landed
2025-09-10,JQ109,JST109,Jetstar Airways,Perth,PER,YPPH,11:40,03:40,12:16,36min late,15:45,20min late,3h 29m,Landed
2025-09-10,OD192,MXD192,Malindo Air,Kuala Lumpur,KUL,WMKK,11:55,03:55,13:07,12min late,15:55,50min late,2h 48m,Landed
2025-09-10,JQ32,JST032,Jetstar Airways,Melbourne,MEL,YMML,11:55,03:55,11:55,on time,19:00,29min early,5h 5m,Landed
2025-09-10,FD397,AIQ397,Thai AirAsia,Bangkok,DMK,VTBD,12:00,04:00,12:43,43min late,15:48,13min late,4h 5m,Landed
2025-09-10,GA407,GIA407,Garuda Indonesia,Jakarta,CGK,WIII,12:00,04:00,12:09,9min late,12:45,9min early,1h 35m,Landed
2025-09-10,QZ618,AWQ618,Indonesia AirAsia,Banjarmasin,BDJ,WAOO,12:05,04:05,13:47,42min late,13:54,24min late,7m,Landed
2025-09-10,GA253,GIA253,Garuda Indonesia,Yogyakarta,YIA,WAHI,12:05,04:05,12:41,36min late,12:52,2min early,1h 11m,Landed
2025-09-10,SQ937,SIA937,Singapore Airlines,Singapore,SIN,WSSS,12:10,04:10,12:31,21min late,14:42,13min early,2h 10m,Landed
2025-09-10,QG9696,CTV9696,Citilink,Surabaya,SUB,WARR,12:15,04:15,12:10,4min early,12:02,17min early,52m,Landed
2025-09-10,IN7742,LKN7742,NAM Air,Tambolaka,TMC,WADT,12:20,04:20,12:54,34min late,13:36,16min late,42m,Landed
2025-09-10,SJ742,,Sriwijaya Air,Tambolaka,TMC,WADT,12:20,04:20,,,,,1h 0m,
2025-09-10,JQ40,JST040,Jetstar Airways,Sydney,SYD,YSSY,12:20,04:20,12:35,15min late,20:25,10min late,5h 50m,Landed
2025-09-10,OD178,MXD178,Malindo Air,Kuala Lumpur,KUL,WMKK,12:25,04:25,12:43,18min late,15:25,9min early,2h 41m,Landed
2025-09-10,D7795,,AirAsia X,Kuala Lumpur,KUL,WMKK,12:30,04:30,,,,,3h 15m,Cancelled
2025-09-10,QZ805,AWQ805,Indonesia AirAsia,Jakarta,CGK,WIII,12:40,04:40,13:34,54min late,14:00,20min late,1h 25m,Landed
2025-09-10,IW1848,WON1848,Wings Air,Lombok,LOP,WADL,12:45,04:45,13:52,7min late,14:23,53min late,30m,Landed
2025-09-10,OD158,MXD158,Malindo Air,Kuala Lumpur,KUL,WMKK,12:45,04:45,14:11,26min late,16:52,57min late,2h 40m,Landed
2025-09-10,IP103,PAS103,Pelita Air Service,Jakarta,CGK,WIII,12:45,04:45,12:58,13min late,13:30,9min early,1h 31m,Landed
2025-09-10,ID7308,BTK7308,Batik Air,Jakarta,HLP,WIHH,12:50,04:50,13:43,53min late,14:11,36min late,1h 28m,Landed
2025-09-10,8B82,TNU082,Business Air,Perth,PER,YPPH,12:55,04:55,12:58,3min late,16:10,44min early,3h 11m,Landed
2025-09-10,MH714,MAS714,Malaysia Airlines,Kuala Lumpur,KUL,WMKK,12:55,04:55,13:34,39min late,16:23,23min late,2h 48m,Landed
2025-09-10,SQ939,SIA939,Singapore Airlines,Singapore,SIN,WSSS,13:05,05:05,13:18,13min late,15:27,22min early,2h 8m,Landed
2025-09-10,JT35,,Lion Air,Jakarta,CGK,WIII,13:10,05:10,,,,,1h 55m,Cancelled
2025-09-10,VJ900,VJC900,VietJet Air,Hanoi,HAN,VVNB,13:10,05:10,14:06,56min late,17:02,17min early,3h 56m,Landed
2025-09-10,JQ58,JST058,Jetstar Airways,Brisbane,BNE,YBBN,13:15,05:15,13:36,21min late,20:47,2min late,5h 11m,Landed
2025-09-10,OD172,MXD172,Malindo Air,Kuala Lumpur,KUL,WMKK,13:15,05:15,14:36,21min late,17:13,48min late,2h 36m,Landed
2025-09-10,IW1834,WON1834,Wings Air,Tambolaka,TMC,WADT,13:20,05:20,14:10,50min late,15:17,32min late,1h 6m,Landed
2025-09-10,JT660,LNI660,Lion Air,Balikpapan,BPN,WALL,13:25,05:25,13:49,24min late,15:08,1min early,1h 19m,Landed
2025-09-10,GA409,GIA409,Garuda Indonesia,Jakarta,CGK,WIII,13:25,05:25,14:21,56min late,14:55,30min late,1h 34m,Landed
2025-09-10,D7799,XAX799,AirAsia X,Kuala Lumpur,KUL,WMKK,13:35,05:35,15:08,33min late,17:53,3min late,2h 45m,Landed
2025-09-10,IW1826,WON1826,Wings Air,Bima,BMU,WADB,13:40,05:40,17:00,20min late,17:05,0min late,5m,Landed
2025-09-10,QZ506,AWQ506,Indonesia AirAsia,Singapore,SIN,WSSS,13:45,05:45,15:39,54min late,18:21,41min late,2h 41m,Landed
2025-09-10,ID7135,BTK7135,Batik Air,Singapore,SIN,WSSS,13:45,05:45,14:18,33min late,16:43,3min late,2h 25m,Landed
2025-09-10,TR289,TGW289,Scoot,Singapore,SIN,WSSS,14:00,06:00,14:43,43min late,17:38,38min late,2h 55m,Landed
2025-09-10,JT25,LNI025,Lion Air,Jakarta,CGK,WIII,14:00,06:00,15:58,58min late,16:32,37min late,1h 33m,Landed
2025-09-10,VJ894,VJC894,VietJet Air,Ho Chi Minh City,SGN,VVTS,14:05,06:05,14:02,2min early,16:33,21min early,3h 30m,Landed
2025-09-10,JT569,LNI569,Lion Air,Yogyakarta,YIA,WAHI,14:10,06:10,17:41,31min late,17:50,10min late,1h 9m,Landed
2025-09-10,ID7637,BTK7637,Batik Air,Bangkok,DMK,VTBD,14:15,06:15,15:18,3min late,14:18,26min early,0m,Landed
2025-09-10,QZ246,AWQ246,Indonesia AirAsia,Phuket,HKT,VTSP,14:15,06:15,15:43,28min late,18:06,51min late,3h 23m,Landed
2025-09-10,JT23,LNI023,Lion Air,Jakarta,CGK,WIII,14:35,06:35,18:19,44min late,18:53,23min late,1h 34m,Landed
2025-09-10,JT273,LNI273,Lion Air,Semarang,SRG,WIIS,14:40,06:40,15:22,42min late,14:22,42min early,0m,Landed
2025-09-10,IW1884,WON1884,Wings Air,Waingapu,WGP,WADW,14:40,06:40,06:59,19min late,08:27,57min late,1h 27m,Landed
2025-09-10,QG681,CTV681,Citilink,Jakarta,CGK,WIII,14:40,06:40,15:31,51min late,16:16,41min late,1h 44m,Landed
2025-09-10,JT740,LNI740,Lion Air,Makassar,UPG,WAAA,14:40,06:40,12:39,0min early,13:37,2min early,57m,Landed
2025-09-10,AK377,AXM377,AirAsia,Kuala Lumpur,KUL,WMKK,14:45,06:45,17:42,57min late,20:52,57min late,3h 10m,Landed
2025-09-10,JT924,LNI924,Lion Air,Kupang,KOE,WATT,14:55,06:55,16:48,53min late,18:08,33min late,1h 20m,Landed
2025-09-10,JT844,LNI844,Lion Air,Banjarmasin,BDJ,WAOO,15:00,07:00,16:05,5min late,17:35,10min late,1h 29m,Landed
2025-09-10,QZ244,AWQ244,Indonesia AirAsia,Bangkok,DMK,VTBD,15:10,07:10,16:20,10min late,19:15,45min late,3h 55m,Landed
2025-09-10,8B5103,,Business Air,Jakarta,CGK,WIII,15:10,07:10,,,,,1h 45m,
2025-09-10,VA50,VOZ050,Virgin Australia,Brisbane,BNE,YBBN,15:15,07:15,16:02,47min late,22:57,2min early,4h 55m,Landed
2025-09-10,GA842,GIA842,Garuda Indonesia,Singapore,SIN,WSSS,15:15,07:15,15:46,31min late,18:23,23min late,2h 36m,Landed
2025-09-10,VJ898,VJC898,VietJet Air,Ho Chi Minh City,SGN,VVTS,15:30,07:30,15:54,24min late,18:14,5min early,3h 20m,Landed
2025-09-10,IU703,SJV703,SW Italia,Surabaya,SUB,WARR,15:40,07:40,18:45,5min late,18:25,45min late,40m,Landed
2025-09-10,CI772,CAL772,China Airlines,Taipei,TPE,RCTP,15:40,07:40,16:10,30min late,21:07,2min late,4h 56m,Landed
2025-09-10,IP109,PAS109,Pelita Air Service,Jakarta,CGK,WIII,15:45,07:45,16:10,25min late,16:44,9min late,1h 34m,Landed
2025-09-10,QZ646,AWQ646,Indonesia AirAsia,Labuan Bajo,LBJ,WATO,15:45,07:45,16:26,41min late,17:13,13min late,46m,Landed
2025-09-10,VA92,VOZ092,Virgin Australia,Melbourne,MEL,YMML,15:50,07:50,16:45,55min late,23:40,15min late,4h 54m,Landed
2025-09-10,OD307,MXD307,Malindo Air,Kuala Lumpur,KUL,WMKK,15:50,07:50,16:16,26min late,18:55,5min late,2h 39m,Landed
2025-09-10,JQ43,JST043,Jetstar Airways,Singapore,SIN,WSSS,15:50,07:50,16:36,46min late,19:00,30min late,2h 24m,Landed
2025-09-10,JQ44,JST044,Jetstar Airways,Melbourne,MEL,YMML,15:55,07:55,16:24,29min late,23:11,18min early,4h 46m,Landed
2025-09-10,ID8335,BTK8335,Batik Air,Labuan Bajo,LBJ,WATO,15:55,07:55,16:50,55min late,17:41,36min late,51m,Landed
2025-09-10,GA411,GIA411,Garuda Indonesia,Jakarta,CGK,WIII,15:55,07:55,16:23,28min late,17:04,4min late,1h 41m,Landed
2025-09-10,VN640,HVN640,Vietnam Airlines,Ho Chi Minh City,SGN,VVTS,16:00,08:00,16:55,55min late,19:18,38min late,3h 23m,Landed
2025-09-10,SJ717,,Sriwijaya Air,Makassar,UPG,WAAA,16:00,08:00,,,,,1h 20m,
2025-09-10,CX784,CPA784,Cathay Pacific,Hong Kong,HKG,VHHH,16:10,08:10,16:36,26min late,20:36,48min early,4h 0m,Landed
2025-09-10,QZ807,,Indonesia AirAsia,Jakarta,CGK,WIII,16:10,08:10,,,,,2h 5m,
2025-09-10,QG195,CTV195,Citilink,Jakarta,HLP,WIHH,16:10,08:10,16:44,34min late,17:14,14min late,1h 30m,Landed
2025-09-10,QZ536,AWQ536,Indonesia AirAsia,Perth,PER,YPPH,16:15,08:15,17:29,14min late,20:45,35min late,3h 16m,Landed
2025-09-10,MH850,MAS850,Malaysia Airlines,Kuala Lumpur,KUL,WMKK,16:25,08:25,16:52,27min late,19:36,1min late,2h 43m,Landed
2025-09-10,BR256,EVA256,EVA Airways,Taipei,TPE,RCTP,16:30,08:30,16:57,27min late,21:57,2min early,5h 0m,Landed
2025-09-10,IU743,SJV743,SW Italia,Jakarta,CGK,WIII,16:35,08:35,17:46,11min late,18:17,47min late,1h 31m,Landed
2025-09-10,QG669,CTV669,Citilink,Surabaya,SUB,WARR,16:35,08:35,17:14,39min late,16:57,12min late,43m,Landed
2025-09-10,JT744,LNI744,Lion Air,Makassar,UPG,WAAA,16:40,08:40,17:33,53min late,18:35,35min late,1h 1m,Landed
2025-09-10,QZ642,AWQ642,Indonesia AirAsia,Labuan Bajo,LBJ,WATO,16:45,08:45,17:00,15min late,17:51,3min early,50m,Landed
2025-09-10,IU273,SJV273,SW Italia,Pontianak,PNK,WIOO,16:50,08:50,17:42,52min late,18:09,19min late,1h 26m,Landed
2025-09-10,HO1356,DKH1356,Juneyao Airlines,Shanghai,PVG,ZSPD,16:50,08:50,17:22,32min late,23:27,12min early,6h 5m,Landed
2025-09-10,TG432,THA432,Thai Airways International,Bangkok,BKK,VTBS,16:55,08:55,17:17,22min late,20:02,2min early,3h 45m,Landed
2025-09-10,ID6335,BTK6335,Batik Air,Labuan Bajo,LBJ,WATO,17:00,09:00,12:06,53min early,12:57,12min early,50m,Landed
2025-09-10,VJ998,VJC998,VietJet Air,Hanoi,HAN,VVNB,17:30,09:30,17:37,7min late,21:18,26min early,4h 41m,Landed
2025-09-10,GA349,GIA349,Garuda Indonesia,Surabaya,SUB,WARR,17:35,09:35,17:49,14min late,17:36,8min early,47m,Landed
2025-09-10,IU759,SJV759,SW Italia,Jakarta,CGK,WIII,17:35,09:35,20:56,21min late,21:18,48min late,1h 22m,Landed
2025-09-10,GA419,GIA419,Garuda Indonesia,Jakarta,CGK,WIII,17:35,09:35,17:54,19min late,18:35,on time,1h 41m,Landed
2025-09-10,D7793,XAX793,AirAsia X,Kuala Lumpur,KUL,WMKK,17:40,09:40,17:55,15min late,20:42,12min early,2h 46m,Landed
2025-09-10,NZ291,ANZ291,Air New Zealand,Auckland,AKL,NZAA,17:50,09:50,18:27,37min late,05:11,18min early,6h 43m,Landed
2025-09-10,OD193,MXD193,Malindo Air,Perth,PER,YPPH,18:10,10:10,18:50,40min late,22:02,17min late,3h 12m,Landed
2025-09-10,JT567,LNI567,Lion Air,Yogyakarta,YIA,WAHI,18:25,10:25,22:24,59min late,22:32,37min late,1h 8m,Landed
2025-09-10,IN281,LKN281,Nam Air,Jakarta,CGK,WIII,18:30,10:30,19:22,52min late,19:54,44min late,1h 32m,Landed
2025-09-10,GA417,GIA417,Garuda Indonesia,Jakarta,CGK,WIII,18:30,10:30,18:48,18min late,19:34,4min late,1h 45m,Landed
2025-09-10,JT925,LNI925,Lion Air,Surakarta,SOC,WAHQ,18:40,10:40,19:26,46min late,19:25,25min late,58m,Landed
2025-09-10,EY477,ETD477,Etihad Airways,Abu Dhabi,AUH,OMAA,18:45,10:45,18:59,14min late,23:22,7min early,8h 22m,Landed
2025-09-10,8B5109,TNU5109,TransNusa,Jakarta,CGK,WIII,18:45,10:45,20:10,25min late,20:44,14min late,1h 34m,Landed
2025-09-10,CX782,CPA782,Cathay Pacific,Hong Kong,HKG,VHHH,18:45,10:45,18:43,2min early,23:25,39min early,4h 42m,Landed
2025-09-10,ID6415,BTK6415,Batik Air,Surabaya,SUB,WARR,18:45,10:45,19:49,4min late,19:35,50min late,46m,Landed
2025-09-10,QZ809,AWQ809,Indonesia AirAsia,Jakarta,CGK,WIII,18:50,10:50,19:38,48min late,20:09,24min late,1h 31m,Landed
2025-09-10,QG689,CTV689,Citilink,Jakarta,CGK,WIII,19:00,11:00,18:52,8min early,19:39,20min early,1h 47m,Landed
2025-09-10,TG440,THA440,Thai Airways International,Bangkok,BKK,VTBS,19:00,11:00,19:20,20min late,22:18,8min late,3h 57m,Landed
2025-09-10,JT27,LNI027,Lion Air,Jakarta,CGK,WIII,19:05,11:05,21:37,32min late,22:24,24min late,1h 47m,Landed
2025-09-10,AK379,AXM379,AirAsia,Kuala Lumpur,KUL,WMKK,19:15,11:15,19:32,17min late,22:29,9min late,2h 57m,Landed
2025-09-10,MH852,MAS852,Malaysia Airlines,Kuala Lumpur,KUL,WMKK,19:20,11:20,19:18,2min early,22:24,4min late,3h 6m,Landed
2025-09-10,QR963,QTR963,Qatar Airways,Doha,DOH,OTHH,19:20,11:20,22:01,41min late,23:11,28min early,6h 9m,Landed
2025-09-10,ID7310,BTK7310,Batik Air,Jakarta,HLP,WIHH,19:25,11:25,19:40,15min late,20:07,2min early,1h 26m,Landed
2025-09-10,QG699,CTV699,Citilink,Surabaya,SUB,WARR,19:30,11:30,19:30,on time,19:21,18min early,50m,Landed
2025-09-10,GA495,GIA495,Garuda Indonesia,Jakarta,CGK,WIII,19:30,11:30,21:17,47min late,21:42,12min late,1h 24m,Landed
2025-09-10,JT11,,Lion Air,Jakarta,CGK,WIII,19:35,11:35,,,,,1h 55m,Cancelled
2025-09-10,8B969,TNU969,Business Air,Guangzhou,CAN,ZGGG,19:40,11:40,19:50,10min late,19:51,8min early,0m,Landed
2025-09-10,TR287,TGW287,Scoot,Singapore,SIN,WSSS,19:40,11:40,20:15,35min late,22:23,8min late,2h 8m,Landed
2025-09-10,EK369,UAE369,Emirates,Dubai,DXB,OMDB,19:45,11:45,19:47,2min late,00:43,6min early,8h 56m,Landed
2025-09-10,JT923,LNI923,Lion Air,Surabaya,SUB,WARR,19:45,11:45,22:01,16min late,21:43,58min late,42m,Landed
2025-09-10,ID6413,,Batik Air,Surabaya,SUB,WARR,19:50,11:50,,,,,1h 0m,Cancelled
2025-09-10,JT271,LNI271,Lion Air,Semarang,SRG,WIIS,19:50,11:50,21:50,0min late,21:56,41min late,1h 6m,Landed
2025-09-10,SQ945,SIA945,Singapore Airlines,Singapore,SIN,WSSS,20:00,12:00,20:24,24min late,22:38,1min early,2h 14m,Landed
2025-09-10,GA415,GIA415,Garuda Indonesia,Jakarta,CGK,WIII,20:00,12:00,19:53,6min early,20:40,19min early,1h 47m,Landed
2025-09-10,ID6517,BTK6517,Batik Air,Jakarta,CGK,WIII,20:00,12:00,22:51,51min late,23:30,35min late,1h 39m,Landed
2025-09-10,QG9692,,Citilink,Surabaya,SUB,WARR,20:20,12:20,20:44,24min late,20:29,on time,45m,Landed
2025-09-10,QG342,CTV342,Citilink,Makassar,UPG,WAAA,20:30,12:30,21:13,43min late,22:16,11min late,1h 2m,Landed
2025-09-10,KL836,KLM836,KLM Royal Dutch Airlines,Singapore,SIN,WSSS,20:35,12:35,20:36,on time,23:02,7min early,2h 26m,Landed
2025-09-10,GA463,GIA463,Garuda Indonesia,Jakarta,HLP,WIHH,20:40,12:40,21:11,31min late,21:45,10min late,1h 34m,Landed
2025-09-10,OD177,MXD177,Malindo Air,Melbourne,MEL,YMML,21:00,13:00,23:08,8min late,05:57,17min late,4h 49m,Landed
2025-09-10,JQ107,JST107,Jetstar Airways,Perth,PER,YPPH,21:10,13:10,21:11,on time,00:45,9min early,3h 34m,Landed
2025-09-10,GA425,GIA425,Garuda Indonesia,Jakarta,CGK,WIII,21:15,13:15,21:33,18min late,22:12,2min late,1h 39m,Landed
2025-09-10,TK67,THY067,Turkish Airlines,Istanbul,IST,LTFM,21:20,13:20,21:24,4min late,04:27,47min early,12h 2m,Landed
2025-09-10,JQ34,JST034,Jetstar Airways,Melbourne,MEL,YMML,21:20,13:20,22:33,13min late,05:30,35min late,4h 57m,Landed
2025-09-10,AK375,AXM375,AirAsia,Kuala Lumpur,KUL,WMKK,21:25,13:25,22:31,6min late,01:38,8min late,3h 6m,Landed
2025-09-10,JT15,LNI015,Lion Air,Jakarta,CGK,WIII,21:30,13:30,23:58,28min late,00:53,3min late,1h 55m,Landed
2025-09-10,JQ117,JST117,Jetstar Airways,Perth,PER,YPPH,21:30,13:30,22:05,35min late,01:38,18min late,3h 33m,Landed
2025-09-10,ID6760,BTK6760,Batik Air,Makassar,UPG,WAAA,21:30,13:30,21:36,6min late,22:33,16min early,57m,Landed
2025-09-10,SQ947,SIA947,Singapore Airlines,Singapore,SIN,WSSS,21:35,13:35,21:46,11min late,23:58,7min early,2h 12m,Landed
2025-09-10,QZ819,AWQ819,Indonesia AirAsia,Jakarta,CGK,WIII,21:40,13:40,22:52,12min late,23:26,56min late,1h 34m,Landed
2025-09-10,IP105,PAS105,Pelita Air Service,Jakarta,CGK,WIII,21:40,13:40,21:28,11min early,22:08,21min early,1h 40m,Landed
2025-09-10,QG685,,Citilink,Jakarta,CGK,WIII,21:55,13:55,21:55,,22:31,23min early,1h 36m,Landed
2025-09-10,QZ546,AWQ546,Indonesia AirAsia,Perth,PER,YPPH,21:55,13:55,22:21,26min late,22:22,17min early,1m,Landed
2025-09-10,GA718,GIA718,Garuda Indonesia,Melbourne,MEL,YMML,22:05,14:05,22:28,23min late,00:29,0min early,0m,Landed
2025-09-10,QF44,QFA044,Qantas,Sydney,SYD,YSSY,22:10,14:10,22:35,25min late,06:25,20min late,5h 50m,Landed
2025-09-10,OD171,MXD171,Malindo Air,Sydney,SYD,YSSY,22:15,14:15,22:40,25min late,05:58,6min early,5h 17m,Landed
2025-09-10,IN2801,,Nam Air,Jakarta,CGK,WIII,22:25,14:25,22:25,,23:05,,1h 40m,Landed
2025-09-10,JQ38,JST038,Jetstar Airways,Sydney,SYD,YSSY,22:35,14:35,22:58,23min late,06:44,14min late,5h 46m,Landed
2025-09-10,7C2712,JJA2712,Jeju Air,Seoul,ICN,RKSI,22:45,14:45,23:12,27min late,07:24,14min late,7h 12m,Landed
2025-09-10,QZ811,AWQ811,Indonesia AirAsia,Jakarta,CGK,WIII,22:50,14:50,23:02,12min late,23:29,10min early,1h 27m,Landed
2025-09-10,QF46,QFA046,Qantas,Melbourne,MEL,YMML,23:05,15:05,23:41,36min late,06:40,on time,4h 59m,Landed
2025-09-10,JT3020,,Lion Air,Seoul,ICN,RKSI,23:05,15:05,23:05,on time,07:06,3min early,7h 1m,Landed
2025-09-10,VA96,VOZ096,Virgin Australia,Melbourne,MEL,YMML,23:05,15:05,23:11,6min late,06:23,16min early,5h 12m,Landed
2025-09-10,VA82,VOZ082,Virgin Australia,Gold Coast,OOL,YBCG,23:20,15:20,00:11,51min late,07:07,12min late,4h 55m,Landed
2025-09-10,GA714,GIA714,Garuda Indonesia,Sydney,SYD,YSSY,23:25,15:25,00:26,1min late,08:01,51min late,5h 34m,Landed
2025-09-10,JQ91,JST091,Jetstar Airways,Cairns,CNS,YBCS,23:30,15:30,00:22,52min late,06:33,33min late,4h 10m,Landed
2025-09-10,JQ36,JST036,Jetstar Airways,Melbourne,MEL,YMML,23:30,15:30,20:33,56min early,07:25,20min late,8h 52m,Landed
2025-09-10,VA68,VOZ068,Virgin Australia,Sydney,SYD,YSSY,23:35,15:35,00:29,54min late,08:08,23min late,5h 39m,Landed
2025-09-10,QZ420,AWQ420,Indonesia AirAsia,Adelaide,ADL,YPAD,23:45,15:45,00:06,21min late,06:09,15min early,4h 32m,Landed
2025-09-10,JQ94,JST094,Jetstar Airways,Gold Coast,OOL,YBCG,23:45,15:45,01:17,32min late,08:24,9min late,5h 7m,Landed
2025-09-10,QZ542,AWQ542,Indonesia AirAsia,Cairns,CNS,YBCS,23:45,15:45,00:12,27min late,06:26,9min early,4h 13m,Landed
2025-09-10,KE634,KAL634,Korean Air Lines,Seoul,ICN,RKSI,23:45,15:45,23:41,4min early,07:56,1min late,7h 15m,Landed
2025-09-10,SV857,SVA857,Saudi Arabian Airlines,Singapore,SIN,WSSS,23:45,15:45,00:04,19min late,00:04,10min early,0m,Landed
2025-09-10,JQ128,JST128,Jetstar Airways,Adelaide,ADL,YPAD,23:55,15:55,00:51,56min late,06:40,30min late,4h 19m,Landed
2025-09-11,BX602,ABL602,Air Busan,Busan,PUS,RKPK,00:05,16:05,03:36,31min late,08:37,27min late,4h 1m,Landed
2025-09-11,GA880,GIA880,Garuda Indonesia,Tokyo,NRT,RJAA,00:20,16:20,20:59,20min early,08:39,10min early,10h 39m,Landed
2025-09-11,CZ626,CSN626,China Southern Airlines,Guangzhou,CAN,ZGGG,00:30,16:30,00:14,15min early,05:07,42min early,4h 52m,Landed
2025-09-11,MF892,CXA892,Xiamen Airlines,Xiamen,XMN,ZSAM,00:30,16:30,00:26,3min early,05:53,11min early,5h 26m,Landed
2025-09-11,EK399,UAE399,Emirates,Dubai,DXB,OMDB,00:35,16:35,05:41,6min late,05:26,8min early,3h 45m,Landed
2025-09-11,QR961,QTR961,Qatar Airways,Doha,DOH,OTHH,00:35,16:35,00:33,2min early,04:30,24min early,8h 57m,Landed
2025-09-11,KE630,KAL630,Korean Air Lines,Seoul,ICN,RKSI,00:50,16:50,01:25,35min late,09:05,14min early,6h 40m,Landed
2025-09-11,PR538,PAL538,Philippine Airlines,Manila,MNL,RPLL,00:55,16:55,01:37,42min late,05:16,26min late,3h 39m,Landed
2025-09-11,MU5030,CES5030,China Eastern Airlines,Shanghai,PVG,ZSPD,00:55,16:55,00:41,14min early,07:34,20min early,6h 53m,Landed
2025-09-11,5J282,CEB282,CEBU Pacific Air,Manila,MNL,RPLL,01:00,17:00,01:18,18min late,04:59,25min early,3h 41m,Landed
2025-09-11,SJ726,,Sriwijaya Air,Makassar,UPG,WAAA,01:00,17:00,,,,,1h 20m,
2025-09-11,QZ548,AWQ548,Indonesia AirAsia,Perth,PER,YPPH,01:05,17:05,00:43,21min early,04:18,36min early,3h 34m,Landed
2025-09-11,GA870,GIA870,Garuda Indonesia,Seoul,ICN,RKSI,01:15,17:15,01:10,5min early,09:01,13min early,6h 51m,Landed
2025-09-11,8B5888,TNU5888,TransNusa,Manado,MDC,WAMM,01:30,17:30,01:30,on time,03:35,29min early,2h 5m,Landed
2025-09-11,JT944,,Lion Air,Makassar,UPG,WAAA,07:00,23:00,07:00,on time,08:23,3min late,1h 23m,Landed
2025-09-11,JT929,LNI929,Lion Air,Surabaya,SUB,WARR,07:00,23:00,07:31,31min late,07:06,6min late,34m,Landed
2025-09-11,JT746,LNI746,Lion Air,Makassar,UPG,WAAA,07:00,23:00,07:17,17min late,08:18,1min early,1h 1m,Landed
2025-09-11,QZ550,AWQ550,Indonesia AirAsia,Kuala Lumpur,KUL,WMKK,07:00,23:00,07:14,14min late,09:47,12min early,2h 33m,Landed
2025-09-11,GA401,GIA401,Garuda Indonesia,Jakarta,CGK,WIII,07:00,23:00,07:09,9min late,07:46,13min early,1h 37m,Landed
2025-09-11,JT856,,Lion Air,Surabaya,SUB,WARR,07:00,23:00,07:00,on time,06:57,3min early,57m,Landed
2025-09-11,QZ534,AWQ534,Indonesia AirAsia,Perth,PER,YPPH,07:05,23:05,07:05,on time,10:40,19min early,3h 35m,Landed
2025-09-11,QG690,CTV690,Citilink,Surabaya,SUB,WARR,07:05,23:05,07:36,31min late,07:11,6min late,35m,Landed
2025-09-11,QZ502,AWQ502,Indonesia AirAsia,Singapore,SIN,WSSS,07:10,23:10,08:17,7min late,10:31,41min late,2h 14m,Landed
2025-09-11,SQ949,SIA949,Singapore Airlines,Singapore,SIN,WSSS,07:10,23:10,07:28,18min late,09:35,24min early,2h 6m,Landed
2025-09-11,QZ644,AWQ644,Indonesia AirAsia,Labuan Bajo,LBJ,WATO,07:10,23:10,07:13,3min late,08:00,14min early,47m,Landed
2025-09-11,QG663,CTV663,Citilink,Jakarta,CGK,WIII,07:45,23:45,07:49,4min late,08:30,4min early,1h 41m,Landed
2025-09-11,IW1854,WON1854,Wings Air,Lombok,LOP,WADL,08:00,00:00,08:05,5min late,08:30,14min early,24m,Landed
2025-09-11,JT21,LNI021,Lion Air,Jakarta,CGK,WIII,08:05,00:05,08:37,32min late,09:13,13min late,1h 36m,Landed
2025-09-11,HX706,CRK706,Hong Kong Airlines,Hong Kong,HKG,VHHH,08:15,00:15,08:50,35min late,13:40,20min late,4h 50m,Landed
2025-09-11,IW1850,WON1850,Wings Air,Lombok,LOP,WADL,08:35,00:35,09:07,32min late,09:31,11min late,24m,Landed
2025-09-11,5J280,CEB280,CEBU Pacific Air,Manila,MNL,RPLL,08:35,00:35,09:13,38min late,13:04,14min late,3h 51m,Landed
2025-09-11,CZ8482,CSN8482,China Southern Airlines,Guangzhou,CAN,ZGGG,08:40,00:40,08:51,11min late,13:38,11min early,4h 46m,Landed
2025-09-11,QZ504,AWQ504,Indonesia AirAsia,Singapore,SIN,WSSS,09:00,01:00,10:28,28min late,12:49,4min late,2h 21m,Landed
2025-09-11,8B80,TNU080,Business Air,Perth,PER,YPPH,09:05,01:05,09:03,1min early,12:40,14min early,3h 36m,Landed
2025-09-11,IW1832,WON1832,Wings Air,Tambolaka,TMC,WADT,09:10,01:10,10:14,4min late,10:27,7min early,12m,Landed
2025-09-11,IW1856,WON1856,Wings Air,Lombok,LOP,WADL,09:10,01:10,09:23,13min late,09:48,6min early,24m,Landed
2025-09-11,IN640,LKN640,NAM Air,Tambolaka,TMC,WADT,09:10,01:10,09:20,10min late,10:04,5min early,44m,Landed
2025-09-11,8B5105,TNU5105,Business Air,Jakarta,CGK,WIII,09:10,01:10,09:15,5min late,09:42,17min early,1h 26m,Landed
2025-09-11,ID6007,BTK6007,Batik Air,Perth,PER,YPPH,09:25,01:25,10:10,45min late,13:43,28min late,3h 32m,Landed
2025-09-11,QG500,CTV500,Citilink,Dili,DIL,WPDL,09:30,01:30,09:26,3min early,12:17,2min early,1h 50m,Landed
2025-09-11,JT31,,Lion Air,Jakarta,CGK,WIII,09:30,01:30,,,,,1h 55m,Cancelled
2025-09-11,QZ803,AWQ803,Indonesia AirAsia,Jakarta,CGK,WIII,09:40,01:40,09:53,13min late,10:25,4min early,1h 31m,Landed
2025-09-11,QR965,QTR965,Qatar Airways,Doha,DOH,OTHH,09:55,01:55,10:11,16min late,14:08,11min early,8h 57m,Landed
2025-09-11,JT3569,LNI3569,Lion Air,Yogyakarta,YIA,WAHI,09:55,01:55,10:01,6min late,10:14,10min early,1h 13m,Landed
2025-09-11,IW1882,WON1882,Wings Air,Sumbawa Besar,SWQ,WADS,10:00,02:00,10:58,58min late,11:41,41min late,43m,Landed
2025-09-11,JT270,LNI270,Lion Air,Kupang,KOE,WATT,10:00,02:00,10:33,33min late,11:57,17min late,1h 23m,Landed
2025-09-11,AI2146,AIC2146,Air India,Delhi,DEL,VIDP,10:00,02:00,12:45,45min late,15:00,34min early,4h 44m,Landed
2025-09-11,SQ935,SIA935,Singapore Airlines,Singapore,SIN,WSSS,10:05,02:05,10:14,9min late,12:21,23min early,2h 7m,Landed
2025-09-11,8B5101,TNU5101,Business Air,Jakarta,CGK,WIII,10:25,02:25,10:23,2min early,10:59,15min early,1h 36m,Landed
2025-09-11,JT33,LNI033,Lion Air,Jakarta,CGK,WIII,10:30,02:30,10:53,23min late,11:25,on time,1h 31m,Landed
2025-09-11,8G182,DTL182,Mid Africa Aviation,Dili,DIL,WPDL,10:35,02:35,10:45,10min late,13:21,8min early,1h 36m,Landed
2025-09-11,JT805,LNI805,Lion Air,Surabaya,SUB,WARR,10:35,02:35,11:00,25min late,10:40,5min late,40m,Landed
2025-09-11,JT927,LNI927,Lion Air,Surakarta,SOC,WAHQ,10:40,02:40,11:14,34min late,11:14,14min late,59m,Landed
2025-09-11,TR281,TGW281,Scoot,Singapore,SIN,WSSS,10:50,02:50,11:21,31min late,13:37,7min late,2h 15m,Landed
2025-09-11,QG197,CTV197,Citilink,Jakarta,HLP,WIHH,11:10,03:10,11:01,8min early,11:28,31min early,1h 26m,Landed
2025-09-11,6E1606,IGO1606,IndiGo,Bangalore,BLR,VOBL,11:20,03:20,11:10,10min early,14:44,25min early,6h 4m,Landed
2025-09-11,GA427,GIA427,Garuda Indonesia,Jakarta,CGK,WIII,11:25,03:25,11:29,4min late,12:07,17min early,1h 37m,Landed
2025-09-11,QZ780,AWQ780,Indonesia AirAsia,Balikpapan,BPN,WALL,11:25,03:25,11:28,3min late,12:48,16min early,1h 20m,Landed
2025-09-11,JQ111,JST111,Jetstar Airways,Perth,PER,YPPH,11:30,03:30,11:30,on time,15:08,6min early,3h 38m,Landed
2025-09-11,JQ109,JST109,Jetstar Airways,Perth,PER,YPPH,11:40,03:40,12:43,3min late,16:11,46min late,3h 28m,Landed
2025-09-11,JQ32,JST032,Jetstar Airways,Melbourne,MEL,YMML,11:55,03:55,11:52,3min early,19:07,22min early,5h 15m,Landed
2025-09-11,OD192,MXD192,Malindo Air,Kuala Lumpur,KUL,WMKK,11:55,03:55,12:58,3min late,15:35,30min late,2h 37m,Landed
2025-09-11,JQ40,JST040,Jetstar Airways,Sydney,SYD,YSSY,11:55,03:55,11:51,4min early,19:13,36min early,5h 22m,Landed
2025-09-11,FD397,AIQ397,Thai AirAsia,Bangkok,DMK,VTBD,12:00,04:00,13:35,35min late,16:30,55min late,3h 54m,Landed
2025-09-11,GA407,GIA407,Garuda Indonesia,Jakarta,CGK,WIII,12:00,04:00,12:04,4min late,12:37,17min early,1h 33m,Landed
2025-09-11,QZ540,AWQ540,Indonesia AirAsia,Darwin,DRW,YPDN,12:05,04:05,12:22,17min late,16:11,3min early,2h 18m,Landed
2025-09-11,GA253,GIA253,Garuda Indonesia,Yogyakarta,YIA,WAHI,12:05,04:05,12:26,21min late,12:38,16min early,1h 12m,Landed
2025-09-11,SQ937,SIA937,Singapore Airlines,Singapore,SIN,WSSS,12:10,04:10,12:20,10min late,14:46,9min early,2h 25m,Landed
2025-09-11,QG9696,CTV9696,Citilink,Surabaya,SUB,WARR,12:15,04:15,12:09,5min early,12:00,19min early,50m,Landed
2025-09-11,OD178,MXD178,Malindo Air,Kuala Lumpur,KUL,WMKK,12:25,04:25,13:34,9min late,16:08,33min late,2h 34m,Landed
2025-09-11,D7795,XAX795,AirAsia X,Kuala Lumpur,KUL,WMKK,12:30,04:30,12:29,on time,15:06,38min early,2h 37m,Landed
2025-09-11,IW1848,WON1848,Wings Air,Lombok,LOP,WADL,12:45,04:45,12:46,1min late,13:09,20min early,23m,Landed
2025-09-11,IP103,PAS103,Pelita Air Service,Jakarta,CGK,WIII,12:45,04:45,12:36,8min early,13:13,26min early,1h 36m,Landed
2025-09-11,ID7308,BTK7308,Batik Air,Jakarta,HLP,WIHH,12:50,04:50,13:10,20min late,13:38,3min late,1h 28m,Landed
2025-09-11,MH714,MAS714,Malaysia Airlines,Kuala Lumpur,KUL,WMKK,12:55,04:55,13:20,25min late,16:18,18min late,2h 58m,Landed
2025-09-11,8B82,TNU082,Business Air,Perth,PER,YPPH,12:55,04:55,13:18,23min late,13:18,36min early,0m,Landed
2025-09-11,SQ939,SIA939,Singapore Airlines,Singapore,SIN,WSSS,13:05,05:05,13:13,8min late,15:40,9min early,2h 26m,Landed
2025-09-11,VJ900,VJC900,VietJet Air,Hanoi,HAN,VVNB,13:10,05:10,13:29,19min late,17:15,4min early,4h 46m,Landed
2025-09-11,JT35,,Lion Air,Jakarta,CGK,WIII,13:10,05:10,,,,,1h 55m,Cancelled
2025-09-11,JQ58,JST058,Jetstar Airways,Brisbane,BNE,YBBN,13:15,05:15,13:29,14min late,20:28,16min early,4h 59m,Landed
2025-09-11,OD172,MXD172,Malindo Air,Kuala Lumpur,KUL,WMKK,13:15,05:15,14:37,22min late,17:18,53min late,2h 41m,Landed
2025-09-11,IW1834,WON1834,Wings Air,Tambolaka,TMC,WADT,13:20,05:20,16:45,25min late,16:55,10min late,10m,Landed
2025-09-11,JT660,LNI660,Lion Air,Balikpapan,BPN,WALL,13:25,05:25,13:37,12min late,14:55,14min early,1h 18m,Landed
2025-09-11,D7799,XAX799,AirAsia X,Kuala Lumpur,KUL,WMKK,13:35,05:35,14:18,43min late,16:59,9min late,2h 41m,Landed
2025-09-11,GA409,GIA409,Garuda Indonesia,Jakarta,CGK,WIII,13:35,05:35,13:54,19min late,14:28,6min early,1h 34m,Landed
2025-09-11,IW1826,WON1826,Wings Air,Bima,BMU,WADB,13:40,05:40,15:28,48min late,16:34,29min late,1h 5m,Landed
2025-09-11,QZ506,AWQ506,Indonesia AirAsia,Singapore,SIN,WSSS,13:45,05:45,17:15,30min late,19:34,54min late,2h 18m,Landed
2025-09-11,8B5107,TNU5107,Business Air,Jakarta,CGK,WIII,13:50,05:50,14:03,13min late,14:34,5min early,1h 30m,Landed
2025-09-11,IW1964,WON1964,Wings Air,Lombok,LOP,WADL,13:55,05:55,14:08,13min late,14:38,1min early,29m,Landed
2025-09-11,JT919,LNI919,Lion Air,Surabaya,SUB,WARR,13:55,05:55,14:48,53min late,14:31,36min late,42m,Landed
2025-09-11,QZ544,AWQ544,Indonesia AirAsia,Perth,PER,YPPH,13:55,05:55,14:26,31min late,18:23,28min late,3h 57m,Landed
2025-09-11,QG687,CTV687,Citilink,Jakarta,CGK,WIII,13:55,05:55,13:45,10min early,14:40,14min early,1h 55m,Landed
2025-09-11,JT25,LNI025,Lion Air,Jakarta,CGK,WIII,14:00,06:00,14:06,6min late,14:40,14min early,1h 34m,Landed
2025-09-11,TR289,TGW289,Scoot,Singapore,SIN,WSSS,14:00,06:00,14:21,21min late,16:58,2min early,2h 36m,Landed
2025-09-11,VJ894,VJC894,VietJet Air,Ho Chi Minh City,SGN,VVTS,14:05,06:05,14:14,9min late,16:47,7min early,3h 33m,Landed
2025-09-11,ID8517,BTK8517,Batik Air,Jakarta,CGK,WIII,14:10,06:10,14:44,34min late,15:15,10min late,1h 30m,Landed
2025-09-11,JT569,LNI569,Lion Air,Yogyakarta,YIA,WAHI,14:10,06:10,14:32,22min late,14:46,6min late,1h 14m,Landed
2025-09-11,ID7637,BTK7637,Batik Air,Bangkok,DMK,VTBD,14:15,06:15,14:40,25min late,17:47,2min late,4h 7m,Landed
2025-09-11,JT23,,Lion Air,Jakarta,CGK,WIII,14:35,06:35,,,,,1h 55m,Cancelled
2025-09-11,IW1884,WON1884,Wings Air,Waingapu,WGP,WADW,14:40,06:40,14:51,11min late,16:16,13min early,1h 24m,Landed
2025-09-11,QG681,CTV681,Citilink,Jakarta,CGK,WIII,14:40,06:40,14:51,11min late,15:35,on time,1h 44m,Landed
2025-09-11,JT740,LNI740,Lion Air,Makassar,UPG,WAAA,14:40,06:40,15:02,22min late,16:07,7min late,1h 5m,Landed
2025-09-11,QZ244,AWQ244,Indonesia AirAsia,Bangkok,DMK,VTBD,14:45,06:45,15:01,16min late,18:28,18min late,4h 26m,Landed
2025-09-11,AK377,AXM377,AirAsia,Kuala Lumpur,KUL,WMKK,14:45,06:45,15:50,5min late,18:55,0min late,3h 5m,Landed
2025-09-11,OD307,MXD307,Malindo Air,Kuala Lumpur,KUL,WMKK,14:50,06:50,15:12,22min late,17:53,3min late,2h 41m,Landed
2025-09-11,JT924,LNI924,Lion Air,Kupang,KOE,WATT,14:55,06:55,15:39,44min late,17:03,28min late,1h 23m,Landed
2025-09-11,JQ44,JST044,Jetstar Airways,Melbourne,MEL,YMML,14:55,06:55,14:54,on time,22:14,15min early,5h 20m,Landed
2025-09-11,JT844,LNI844,Lion Air,Banjarmasin,BDJ,WAOO,15:00,07:00,15:22,22min late,16:23,1min early,1h 1m,Landed
2025-09-11,IN643,,NAM Air,Tambolaka,TMC,WADT,15:00,07:00,,,,,1h 0m,
2025-09-11,8B5103,,TransNusa,Jakarta,CGK,WIII,15:10,07:10,,,,,1h 45m,
2025-09-11,VA50,VOZ050,Virgin Australia,Brisbane,BNE,YBBN,15:15,07:15,15:40,25min late,23:03,3min late,5h 23m,Landed
2025-09-11,GA842,GIA842,Garuda Indonesia,Singapore,SIN,WSSS,15:15,07:15,15:18,3min late,18:05,5min late,2h 47m,Landed
2025-09-11,VJ898,VJC898,VietJet Air,Ho Chi Minh City,SGN,VVTS,15:30,07:30,16:09,39min late,18:44,24min late,3h 35m,Landed
2025-09-11,CI772,CAL772,China Airlines,Taipei,TPE,RCTP,15:40,07:40,18:36,56min late,20:37,27min early,2h 1m,Landed
2025-09-11,IU703,,SW Italia,Surabaya,SUB,WARR,15:40,07:40,,,,,1h 0m,Cancelled
2025-09-11,IP109,PAS109,Pelita Air Service,Jakarta,CGK,WIII,15:45,07:45,15:55,10min late,16:39,4min late,1h 44m,Landed
2025-09-11,QZ646,AWQ646,Indonesia AirAsia,Labuan Bajo,LBJ,WATO,15:45,07:45,15:51,6min late,16:49,10min early,57m,Landed
2025-09-11,JQ43,JST043,Jetstar Airways,Singapore,SIN,WSSS,15:50,07:50,15:53,3min late,18:28,1min early,2h 35m,Landed
2025-09-11,VA92,VOZ092,Virgin Australia,Melbourne,MEL,YMML,15:50,07:50,15:53,3min late,23:17,7min early,5h 24m,Landed
2025-09-11,GA411,GIA411,Garuda Indonesia,Jakarta,CGK,WIII,15:55,07:55,16:29,34min late,17:08,8min late,1h 39m,Landed
2025-09-11,ID8335,BTK8335,Batik Air,Labuan Bajo,LBJ,WATO,15:55,07:55,11:44,10min early,12:36,28min early,52m,Landed
2025-09-11,VN640,HVN640,Vietnam Airlines,Ho Chi Minh City,SGN,VVTS,16:00,08:00,16:15,15min late,18:50,10min late,3h 34m,Landed
2025-09-11,QZ807,AWQ807,Indonesia AirAsia,Jakarta,CGK,WIII,16:10,08:10,16:26,16min late,17:05,9min early,1h 39m,Landed
2025-09-11,QG195,CTV195,Citilink,Jakarta,HLP,WIHH,16:10,08:10,16:15,5min late,17:03,3min late,1h 48m,Landed
2025-09-11,CX784,CPA784,Cathay Pacific,Hong Kong,HKG,VHHH,16:10,08:10,16:08,2min early,20:35,49min early,4h 27m,Landed
2025-09-11,QZ536,AWQ536,Indonesia AirAsia,Perth,PER,YPPH,16:15,08:15,16:14,on time,20:14,4min late,4h 0m,Landed
2025-09-11,MH850,MAS850,Malaysia Airlines,Kuala Lumpur,KUL,WMKK,16:25,08:25,16:31,6min late,19:33,1min early,3h 2m,Landed
2025-09-11,BR256,EVA256,EVA Airways,Taipei,TPE,RCTP,16:30,08:30,16:32,2min late,21:56,3min early,5h 24m,Landed
2025-09-11,QG669,CTV669,Citilink,Surabaya,SUB,WARR,16:35,08:35,17:01,26min late,17:03,18min late,1h 2m,Landed
2025-09-11,IU743,SJV743,SW Italia,Jakarta,CGK,WIII,16:35,08:35,19:45,10min late,20:16,46min late,1h 30m,Landed
2025-09-11,JT744,,Lion Air,Makassar,UPG,WAAA,16:40,08:40,,,,,1h 20m,Cancelled
2025-09-11,QZ246,AWQ246,Indonesia AirAsia,Phuket,HKT,VTSP,16:40,08:40,16:49,9min late,19:12,27min early,3h 23m,Landed
2025-09-11,IU273,,SW Italia,Pontianak,PNK,WIOO,16:50,08:50,,,,,2h 0m,Cancelled
2025-09-11,GA7036,GIA7036,Garuda Indonesia,Labuan Bajo,LBJ,WATO,16:50,08:50,16:56,6min late,17:51,8min early,55m,Landed
2025-09-11,HO1356,DKH1356,Juneyao Airlines,Shanghai,PVG,ZSPD,16:50,08:50,17:34,44min late,23:42,2min late,6h 8m,Landed
2025-09-11,QZ556,AWQ556,Indonesia AirAsia,Kuala Lumpur,KUL,WMKK,16:55,08:55,15:31,23min early,21:56,46min late,6h 24m,Landed
2025-09-11,TG432,THA432,Thai Airways International,Bangkok,BKK,VTBS,16:55,08:55,17:00,5min late,19:41,23min early,3h 41m,Landed
2025-09-11,ID6335,BTK6335,Batik Air,Labuan Bajo,LBJ,WATO,17:00,09:00,17:18,18min late,18:09,on time,50m,Landed
2025-09-11,VJ998,VJC998,VietJet Air,Hanoi,HAN,VVNB,17:30,09:30,18:02,32min late,21:33,11min early,4h 31m,Landed
2025-09-11,GA419,GIA419,Garuda Indonesia,Jakarta,CGK,WIII,17:35,09:35,17:42,7min late,18:02,32min early,1h 20m,Landed
2025-09-11,IU759,,SW Italia,Jakarta,CGK,WIII,17:35,09:35,,,,,1h 55m,Cancelled
2025-09-11,GA349,GIA349,Garuda Indonesia,Surabaya,SUB,WARR,17:35,09:35,17:33,2min early,17:17,27min early,44m,Landed
2025-09-11,IN281,,NAM Air,Jakarta,CGK,WIII,17:45,09:45,,,,,1h 40m,
2025-09-11,NZ291,ANZ291,Air New Zealand,Auckland,AKL,NZAA,17:50,09:50,17:46,4min early,04:56,33min early,7h 10m,Landed
2025-09-11,OD193,MXD193,Malindo Air,Perth,PER,YPPH,18:10,10:10,18:08,1min early,21:53,8min late,3h 44m,Landed
2025-09-11,JT567,,Lion Air,Yogyakarta,YIA,WAHI,18:25,10:25,,,,,1h 30m,Cancelled
2025-09-11,GA417,GIA417,Garuda Indonesia,Jakarta,CGK,WIII,18:30,10:30,18:57,27min late,19:37,7min late,1h 40m,Landed
2025-09-11,IN283,LKN283,Nam Air,Jakarta,CGK,WIII,18:30,10:30,18:39,9min late,19:05,4min early,1h 25m,Landed
2025-09-11,SL259,TLM259,Thai Lion Air,Bangkok,DMK,VTBD,18:40,10:40,19:39,59min late,22:31,31min late,3h 52m,Landed
2025-09-11,JT925,LNI925,Lion Air,Surakarta,SOC,WAHQ,18:40,10:40,18:54,14min late,18:54,5min early,59m,Landed
2025-09-11,8B5109,,Business Air,Jakarta,CGK,WIII,18:45,10:45,,,,,1h 45m,
2025-09-11,ID6415,BTK6415,Batik Air,Surabaya,SUB,WARR,18:45,10:45,19:34,49min late,19:16,31min late,42m,Landed
2025-09-11,CX782,CPA782,Cathay Pacific,Hong Kong,HKG,VHHH,18:45,10:45,18:45,on time,23:26,38min early,4h 41m,Landed
2025-09-11,EY477,ETD477,Etihad Airways,Abu Dhabi,AUH,OMAA,18:45,10:45,18:47,2min late,14:47,42min early,0m,Landed
2025-09-11,QZ809,AWQ809,Indonesia AirAsia,Jakarta,CGK,WIII,18:50,10:50,18:59,9min late,19:29,15min early,1h 30m,Landed
2025-09-11,TG440,THA440,Thai Airways International,Bangkok,BKK,VTBS,19:00,11:00,19:17,17min late,22:04,5min early,3h 47m,Landed
2025-09-11,QG689,CTV689,Citilink,Jakarta,CGK,WIII,19:00,11:00,18:55,5min early,19:46,13min early,1h 51m,Landed
2025-09-11,JT27,LNI027,Lion Air,Jakarta,CGK,WIII,19:05,11:05,21:06,1min late,21:39,39min late,1h 32m,Landed
2025-09-11,AK379,AXM379,AirAsia,Kuala Lumpur,KUL,WMKK,19:15,11:15,19:14,on time,22:14,5min early,3h 0m,Landed
2025-09-11,QR963,QTR963,Qatar Airways,Doha,DOH,OTHH,19:20,11:20,19:12,8min early,23:11,28min early,8h 59m,Landed
2025-09-11,MH852,MAS852,Malaysia Airlines,Kuala Lumpur,KUL,WMKK,19:20,11:20,19:22,2min late,22:21,1min late,2h 59m,Landed
2025-09-11,ID7310,BTK7310,Batik Air,Jakarta,HLP,WIHH,19:25,11:25,19:52,27min late,20:10,on time,1h 18m,Landed
2025-09-11,QG699,CTV699,Citilink,Surabaya,SUB,WARR,19:30,11:30,19:37,7min late,19:27,12min early,50m,Landed
2025-09-11,JT11,LNI011,Lion Air,Jakarta,CGK,WIII,19:35,11:35,20:36,1min late,21:05,35min late,1h 28m,Landed
2025-09-11,8B969,TNU969,Business Air,Guangzhou,CAN,ZGGG,19:40,11:40,19:47,7min late,00:29,30min early,4h 42m,Landed
2025-09-11,TR287,TGW287,Scoot,Singapore,SIN,WSSS,19:40,11:40,20:05,25min late,22:19,4min late,2h 14m,Landed
2025-09-11,JT923,,Lion Air,Surabaya,SUB,WARR,19:45,11:45,,,,,1h 0m,Cancelled
2025-09-11,EK369,UAE369,Emirates,Dubai,DXB,OMDB,19:45,11:45,20:02,17min late,16:03,46min early,0m,Landed
2025-09-11,JT271,LNI271,Lion Air,Semarang,SRG,WIIS,19:50,11:50,20:32,42min late,20:31,16min late,58m,Landed
2025-09-11,ID6413,BTK6413,Batik Air,Surabaya,SUB,WARR,19:50,11:50,21:13,23min late,20:50,0min late,37m,Landed
2025-09-11,GA415,GIA415,Garuda Indonesia,Jakarta,CGK,WIII,20:00,12:00,20:45,45min late,21:10,10min late,1h 25m,Landed
2025-09-11,SQ945,SIA945,Singapore Airlines,Singapore,SIN,WSSS,20:00,12:00,20:24,24min late,22:34,6min early,2h 10m,Landed
2025-09-11,QG9692,CTV9692,Citilink,Surabaya,SUB,WARR,20:20,12:20,20:12,8min early,20:22,7min early,1h 10m,Landed
2025-09-11,QG342,CTV342,Citilink,Makassar,UPG,WAAA,20:30,12:30,21:19,49min late,22:29,24min late,1h 9m,Landed
2025-09-11,KL836,KLM836,KLM Royal Dutch Airlines,Singapore,SIN,WSSS,20:35,12:35,20:32,3min early,22:56,13min early,2h 24m,Landed
2025-09-11,GA463,GIA463,Garuda Indonesia,Jakarta,HLP,WIHH,20:40,12:40,21:22,42min late,21:56,21min late,1h 34m,Landed
2025-09-11,OD177,MXD177,Malindo Air,Melbourne,MEL,YMML,21:00,13:00,16:46,13min early,04:14,25min early,9h 28m,Landed
2025-09-11,GA425,GIA425,Garuda Indonesia,Jakarta,CGK,WIII,21:15,13:15,21:40,25min late,22:14,4min late,1h 34m,Landed
2025-09-11,TK67,THY067,Turkish Airlines,Istanbul,IST,LTFM,21:20,13:20,21:28,8min late,04:36,38min early,12h 8m,Landed
2025-09-11,JQ34,JST034,Jetstar Airways,Melbourne,MEL,YMML,21:20,13:20,21:59,39min late,05:18,23min late,5h 19m,Landed
2025-09-11,AK375,AXM375,AirAsia,Kuala Lumpur,KUL,WMKK,21:25,13:25,21:36,11min late,00:31,1min late,2h 55m,Landed
2025-09-11,JQ117,JST117,Jetstar Airways,Perth,PER,YPPH,21:30,13:30,22:27,57min late,02:16,56min late,3h 49m,Landed
2025-09-11,ID6760,BTK6760,Batik Air,Makassar,UPG,WAAA,21:30,13:30,21:33,3min late,22:31,18min early,58m,Landed
2025-09-11,JT15,,Lion Air,Jakarta,CGK,WIII,21:30,13:30,,,,,1h 55m,Cancelled
2025-09-11,SQ947,SIA947,Singapore Airlines,Singapore,SIN,WSSS,21:35,13:35,21:46,11min late,23:52,12min early,2h 6m,Landed
2025-09-11,QZ819,AWQ819,Indonesia AirAsia,Jakarta,CGK,WIII,21:40,13:40,22:30,50min late,22:56,26min late,1h 26m,Landed
2025-09-11,IP105,PAS105,Pelita Air Service,Jakarta,CGK,WIII,21:40,13:40,21:38,2min early,22:04,25min early,1h 26m,Landed
2025-09-11,QZ546,AWQ546,Indonesia AirAsia,Perth,PER,YPPH,21:55,13:55,22:05,10min late,22:06,33min early,0m,Landed
2025-09-11,OD157,MXD157,Malindo Air,Brisbane,BNE,YBBN,22:00,14:00,22:47,47min late,05:42,7min early,4h 55m,Landed
2025-09-11,GA718,GIA718,Garuda Indonesia,Melbourne,MEL,YMML,22:05,14:05,22:17,12min late,05:39,9min late,5h 22m,Landed
2025-09-11,JQ60,JST060,Jetstar Airways,Brisbane,BNE,YBBN,22:10,14:10,22:18,8min late,05:22,17min early,5h 4m,Landed
2025-09-11,QF44,QFA044,Qantas,Sydney,SYD,YSSY,22:10,14:10,22:28,18min late,06:04,on time,5h 36m,Landed
2025-09-11,OD171,MXD171,Malindo Air,Sydney,SYD,YSSY,22:15,14:15,22:58,43min late,06:30,25min late,5h 32m,Landed
2025-09-11,IN2801,,NAM Air,Jakarta,CGK,WIII,22:25,14:25,,,,,1h 40m,
2025-09-11,JQ38,JST038,Jetstar Airways,Sydney,SYD,YSSY,22:35,14:35,22:39,4min late,06:15,14min early,5h 36m,Landed
2025-09-11,7C2712,JJA2712,Jeju Air,Seoul,ICN,RKSI,22:45,14:45,00:39,54min late,06:56,13min early,5h 16m,Landed
2025-09-11,QZ811,AWQ811,Indonesia AirAsia,Jakarta,CGK,WIII,22:50,14:50,23:58,8min late,00:21,41min late,1h 23m,Landed
2025-09-11,VA96,VOZ096,Virgin Australia,Melbourne,MEL,YMML,23:05,15:05,23:02,3min early,06:20,19min early,5h 18m,Landed
2025-09-11,JT3020,,Lion Air,Seoul,ICN,RKSI,23:05,15:05,23:05,on time,07:10,on time,7h 5m,Landed
2025-09-11,VA82,VOZ082,Virgin Australia,Gold Coast,OOL,YBCG,23:20,15:20,00:17,57min late,07:21,26min late,5h 3m,Landed
2025-09-11,GA714,GIA714,Garuda Indonesia,Sydney,SYD,YSSY,23:25,15:25,23:36,11min late,06:47,22min early,5h 11m,Landed
2025-09-11,JQ36,JST036,Jetstar Airways,Melbourne,MEL,YMML,23:30,15:30,23:34,4min late,06:50,14min early,5h 16m,Landed
2025-09-11,VA68,VOZ068,Virgin Australia,Sydney,SYD,YSSY,23:35,15:35,00:00,25min late,05:46,58min early,3h 46m,Landed
2025-09-11,KE634,KAL634,Korean Air Lines,Seoul,ICN,RKSI,23:45,15:45,23:42,3min early,07:48,6min early,7h 6m,Landed
2025-09-11,JQ128,JST128,Jetstar Airways,Adelaide,ADL,YPAD,23:55,15:55,23:50,5min early,06:07,7min early,4h 47m,Landed
2025-09-12,BX602,ABL602,Air Busan,Busan,PUS,RKPK,00:05,16:05,00:29,24min late,07:50,19min early,6h 20m,Landed
2025-09-12,GA880,GIA880,Garuda Indonesia,Tokyo,NRT,RJAA,00:20,16:20,00:35,15min late,08:41,8min early,7h 5m,Landed
2025-09-12,CZ626,CSN626,China Southern Airlines,Guangzhou,CAN,ZGGG,00:30,16:30,00:43,13min late,05:30,19min early,4h 47m,Landed
2025-09-12,MF892,CXA892,Xiamen Airlines,Xiamen,XMN,ZSAM,00:30,16:30,00:22,8min early,05:52,12min early,5h 30m,Landed
2025-09-12,EK399,UAE399,Emirates,Dubai,DXB,OMDB,00:35,16:35,00:27,8min early,05:14,20min early,8h 47m,Landed
2025-09-12,QR961,QTR961,Qatar Airways,Doha,DOH,OTHH,00:35,16:35,00:26,9min early,04:26,28min early,9h 0m,Landed
2025-09-12,KE630,KAL630,Korean Air Lines,Seoul,ICN,RKSI,00:50,16:50,00:57,7min late,08:33,46min early,6h 36m,Landed
2025-09-12,PR538,PAL538,Philippine Airlines,Manila,MNL,RPLL,00:55,16:55,00:47,8min early,04:31,18min early,3h 44m,Landed
2025-09-12,MU5030,CES5030,China Eastern Airlines,Shanghai,PVG,ZSPD,00:55,16:55,00:50,5min early,07:10,49min early,6h 20m,Landed
2025-09-12,JQ107,JST107,Jetstar Airways,Perth,PER,YPPH,01:00,17:00,00:53,6min early,04:26,3min early,3h 33m,Landed
2025-09-12,GA870,GIA870,Garuda Indonesia,Seoul,ICN,RKSI,01:15,17:15,01:10,5min early,09:01,13min early,6h 51m,Landed
2025-09-12,8B5888,TNU5888,TransNusa,Manado,MDC,WAMM,01:30,17:30,01:30,on time,03:35,29min early,2h 5m,Landed
2025-09-12,JQ82,JST082,Jetstar Airways,Darwin,DRW,YPDN,07:00,23:00,07:17,17min late,08:47,27min early,0m,Landed
2025-09-12,JT856,,Lion Air,Surabaya,SUB,WARR,07:00,23:00,07:00,on time,06:57,3min early,57m,Landed
2025-09-12,QZ550,AWQ550,Indonesia AirAsia,Kuala Lumpur,KUL,WMKK,07:00,23:00,07:14,14min late,09:47,12min early,2h 33m,Landed
2025-09-12,JT944,,Lion Air,Makassar,UPG,WAAA,07:00,23:00,07:00,on time,08:16,3min early,1h 16m,Landed
2025-09-12,JT746,LNI746,Lion Air,Makassar,UPG,WAAA,07:00,23:00,07:21,21min late,08:20,on time,59m,Landed
2025-09-12,JT929,LNI929,Lion Air,Surabaya,SUB,WARR,07:00,23:00,07:28,28min late,07:04,4min late,35m,Landed
2025-09-12,GA401,GIA401,Garuda Indonesia,Jakarta,CGK,WIII,07:00,23:00,07:09,9min late,07:46,13min early,1h 37m,Landed
2025-09-12,QG690,CTV690,Citilink,Surabaya,SUB,WARR,07:05,23:05,07:06,1min late,06:45,19min early,39m,Landed
2025-09-12,QZ534,AWQ534,Indonesia AirAsia,Perth,PER,YPPH,07:05,23:05,07:35,30min late,11:10,10min late,3h 34m,Landed
2025-09-12,SQ949,SIA949,Singapore Airlines,Singapore,SIN,WSSS,07:10,23:10,07:33,23min late,07:33,26min early,0m,Landed
2025-09-12,QZ644,AWQ644,Indonesia AirAsia,Labuan Bajo,LBJ,WATO,07:10,23:10,07:24,14min late,07:25,49min early,0m,Landed
2025-09-12,QZ502,AWQ502,Indonesia AirAsia,Singapore,SIN,WSSS,07:10,23:10,07:27,17min late,09:42,7min early,2h 15m,Landed
2025-09-12,QZ813,AWQ813,Indonesia AirAsia,Jakarta,CGK,WIII,07:15,23:15,07:31,16min late,07:59,11min early,1h 27m,Landed
2025-09-12,QG663,CTV663,Citilink,Jakarta,CGK,WIII,07:45,23:45,08:32,47min late,09:03,28min late,1h 31m,Landed
2025-09-12,IW3330,WON3330,Wings Air,,,,08:00,00:00,08:06,6min late,10:35,4min early,2h 28m,Landed
2025-09-12,IW1854,WON1854,Wings Air,Lombok,LOP,WADL,08:00,00:00,08:04,4min late,08:29,15min early,24m,Landed
2025-09-12,JT21,,Lion Air,Jakarta,CGK,WIII,08:05,00:05,,,,,1h 55m,Cancelled
2025-09-12,HX706,CRK706,Hong Kong Airlines,Hong Kong,HKG,VHHH,08:15,00:15,08:23,8min late,13:16,3min early,4h 53m,Landed
2025-09-12,QZ817,AWQ817,Indonesia AirAsia,Jakarta,CGK,WIII,08:30,00:30,08:34,4min late,09:05,14min early,1h 31m,Landed
2025-09-12,IW1850,WON1850,Wings Air,Lombok,LOP,WADL,08:35,00:35,08:46,11min late,09:12,7min early,26m,Landed
2025-09-12,CZ8482,CSN8482,China Southern Airlines,Guangzhou,CAN,ZGGG,08:40,00:40,08:52,12min late,13:41,8min early,4h 49m,Landed
2025-09-12,QZ504,AWQ504,Indonesia AirAsia,Singapore,SIN,WSSS,09:00,01:00,08:56,4min early,11:12,33min early,2h 16m,Landed
2025-09-12,8B80,TNU080,Business Air,Perth,PER,YPPH,09:05,01:05,09:05,on time,12:37,17min early,3h 32m,Landed
2025-09-12,IN640,LKN640,Nam Air,Tambolaka,TMC,WADT,09:10,01:10,09:39,29min late,10:21,11min late,41m,Landed
2025-09-12,8B5105,TNU5105,Business Air,Jakarta,CGK,WIII,09:10,01:10,09:14,4min late,09:39,20min early,1h 25m,Landed
2025-09-12,IW1832,WON1832,Wings Air,Tambolaka,TMC,WADT,09:10,01:10,09:15,5min late,10:19,15min early,1h 3m,Landed
2025-09-12,ID6007,BTK6007,Batik Air,Perth,PER,YPPH,09:25,01:25,09:43,18min late,13:17,2min late,3h 33m,Landed
2025-09-12,JT31,LNI031,Lion Air,Jakarta,CGK,WIII,09:30,01:30,10:10,40min late,10:38,13min late,1h 28m,Landed
2025-09-12,QG500,CTV500,Citilink,Dili,DIL,WPDL,09:30,01:30,09:20,9min early,12:07,12min early,1h 47m,Landed
2025-09-12,QZ803,AWQ803,Indonesia AirAsia,Jakarta,CGK,WIII,09:40,01:40,09:42,2min late,10:07,22min early,1h 25m,Landed
2025-09-12,JT3569,LNI3569,Lion Air,Yogyakarta,YIA,WAHI,09:55,01:55,10:02,7min late,10:12,12min early,1h 9m,Landed
2025-09-12,QR965,QTR965,Qatar Airways,Doha,DOH,OTHH,09:55,01:55,15:20,25min late,14:33,13min late,4h 12m,Landed
2025-09-12,IW1882,WON1882,Wings Air,Sumbawa Besar,SWQ,WADS,10:00,02:00,10:26,26min late,11:12,12min late,45m,Landed
2025-09-12,AI2146,AIC2146,Air India,Delhi,DEL,VIDP,10:00,02:00,10:06,6min late,14:46,48min early,7h 10m,Landed
2025-09-12,JT270,LNI270,Lion Air,Kupang,KOE,WATT,10:00,02:00,10:16,16min late,11:41,1min late,1h 24m,Landed
2025-09-12,SQ935,SIA935,Singapore Airlines,Singapore,SIN,WSSS,10:05,02:05,10:32,27min late,12:51,6min late,2h 19m,Landed
2025-09-12,SU297,AFL297,Aeroflot,Moscow,SVO,UUEE,10:05,02:05,10:35,30min late,17:34,40min early,11h 59m,Landed
2025-09-12,IU368,SJV368,SW Italia,Medan,KNO,WIMM,10:20,02:20,10:39,19min late,12:40,14min early,3h 0m,Landed
2025-09-12,8B5101,TNU5101,Business Air,Jakarta,CGK,WIII,10:25,02:25,10:32,7min late,11:08,6min early,1h 36m,Landed
2025-09-12,JT33,LNI033,Lion Air,Jakarta,CGK,WIII,10:30,02:30,10:48,18min late,11:18,6min early,1h 30m,Landed
2025-09-12,QZ815,AWQ815,Indonesia AirAsia,Jakarta,CGK,WIII,10:35,02:35,10:46,11min late,11:11,18min early,1h 25m,Landed
2025-09-12,JT805,LNI805,Lion Air,Surabaya,SUB,WARR,10:35,02:35,11:25,50min late,11:05,30min late,39m,Landed
2025-09-12,8G182,DTL182,Mid Africa Aviation,Dili,DIL,WPDL,10:35,02:35,10:50,15min late,13:26,3min early,1h 35m,Landed
2025-09-12,TR281,TGW281,Scoot,Singapore,SIN,WSSS,10:50,02:50,10:53,3min late,13:13,17min early,2h 19m,Landed
2025-09-12,QG197,CTV197,Citilink,Jakarta,HLP,WIHH,11:10,03:10,11:00,9min early,11:44,15min early,1h 44m,Landed
2025-09-12,JQ126,JST126,Jetstar Airways,Adelaide,ADL,YPAD,11:15,03:15,11:10,5min early,17:50,20min late,5h 10m,Landed
2025-09-12,6E1606,IGO1606,IndiGo,Bangalore,BLR,VOBL,11:20,03:20,11:29,9min late,14:54,15min early,5h 55m,Landed
2025-09-12,GA620,GIA620,Garuda Indonesia,Makassar,UPG,WAAA,11:20,03:20,11:29,9min late,12:50,on time,1h 21m,Landed
2025-09-12,JQ109,JST109,Jetstar Airways,Perth,PER,YPPH,11:40,03:40,11:27,13min early,15:15,9min early,3h 48m,Landed
2025-09-12,JQ32,JST032,Jetstar Airways,Melbourne,MEL,YMML,11:55,03:55,11:54,on time,19:30,on time,5h 36m,Landed
2025-09-12,OD192,MXD192,Malindo Air,Kuala Lumpur,KUL,WMKK,11:55,03:55,12:42,47min late,15:26,21min late,2h 44m,Landed
2025-09-12,FD397,AIQ397,Thai AirAsia,Bangkok,DMK,VTBD,12:00,04:00,12:42,42min late,15:46,11min late,4h 4m,Landed
2025-09-12,GA407,GIA407,Garuda Indonesia,Jakarta,CGK,WIII,12:00,04:00,12:14,14min late,11:14,40min early,0m,Landed
2025-09-12,QZ618,AWQ618,Indonesia AirAsia,Banjarmasin,BDJ,WAOO,12:05,04:05,12:24,19min late,13:24,5min early,59m,Landed
2025-09-12,GA253,GIA253,Garuda Indonesia,Yogyakarta,YIA,WAHI,12:05,04:05,12:18,13min late,12:28,26min early,1h 10m,Landed
2025-09-12,SQ937,SIA937,Singapore Airlines,Singapore,SIN,WSSS,12:10,04:10,12:31,21min late,14:55,on time,2h 23m,Landed
2025-09-12,QG9696,CTV9696,Citilink,Surabaya,SUB,WARR,12:15,04:15,12:07,7min early,12:03,16min early,56m,Landed
2025-09-12,JQ40,JST040,Jetstar Airways,Sydney,SYD,YSSY,12:20,04:20,12:12,8min early,19:46,28min early,5h 34m,Landed
2025-09-12,IN7742,LKN7742,NAM Air,Tambolaka,TMC,WADT,12:20,04:20,12:49,29min late,13:32,12min late,43m,Landed
2025-09-12,SJ742,,Sriwijaya Air,Tambolaka,TMC,WADT,12:20,04:20,,,,,1h 0m,
2025-09-12,D7795,XAX795,AirAsia X,Kuala Lumpur,KUL,WMKK,12:30,04:30,12:54,24min late,15:33,11min early,2h 39m,Landed
2025-09-12,QZ805,AWQ805,Indonesia AirAsia,Jakarta,CGK,WIII,12:40,04:40,13:49,9min late,14:18,38min late,1h 29m,Landed
2025-09-12,OD158,MXD158,Malindo Air,Kuala Lumpur,KUL,WMKK,12:45,04:45,14:01,16min late,16:38,43min late,2h 36m,Landed
2025-09-12,IP103,PAS103,Pelita Air Service,Jakarta,CGK,WIII,12:45,04:45,14:12,27min late,13:22,18min early,9m,Landed
2025-09-12,IW1848,WON1848,Wings Air,Lombok,LOP,WADL,12:45,04:45,13:55,10min late,14:20,50min late,24m,Landed
2025-09-12,ID7308,BTK7308,Batik Air,Jakarta,HLP,WIHH,12:50,04:50,15:02,12min late,16:25,50min late,2h 22m,Landed
2025-09-12,8B82,TNU082,Business Air,Perth,PER,YPPH,12:55,04:55,13:01,6min late,16:33,21min early,3h 31m,Landed
2025-09-12,MH714,MAS714,Malaysia Airlines,Kuala Lumpur,KUL,WMKK,12:55,04:55,13:32,37min late,16:20,20min late,2h 48m,Landed
2025-09-12,SQ939,SIA939,Singapore Airlines,Singapore,SIN,WSSS,13:05,05:05,13:10,5min late,15:20,30min early,2h 10m,Landed
2025-09-12,VJ900,VJC900,VietJet Air,Hanoi,HAN,VVNB,13:10,05:10,13:13,3min late,16:53,26min early,4h 39m,Landed
2025-09-12,JT35,,Lion Air,Jakarta,CGK,WIII,13:10,05:10,,,,,1h 55m,
2025-09-12,JQ58,JST058,Jetstar Airways,Brisbane,BNE,YBBN,13:15,05:15,13:38,23min late,20:46,1min late,5h 8m,Landed
2025-09-12,OD172,MXD172,Malindo Air,Kuala Lumpur,KUL,WMKK,13:15,05:15,15:07,52min late,17:47,22min late,2h 40m,Landed
2025-09-12,IW1834,WON1834,Wings Air,Tambolaka,TMC,WADT,13:20,05:20,14:31,11min late,15:36,51min late,1h 5m,Landed
2025-09-12,JT660,LNI660,Lion Air,Balikpapan,BPN,WALL,13:25,05:25,13:31,6min late,14:50,19min early,1h 19m,Landed
2025-09-12,OD178,MXD178,Malindo Air,Kuala Lumpur,KUL,WMKK,13:25,05:25,13:45,20min late,16:21,13min early,2h 36m,Landed
2025-09-12,GA409,GIA409,Garuda Indonesia,Jakarta,CGK,WIII,13:25,05:25,14:13,48min late,14:36,11min late,1h 22m,Landed
2025-09-12,D7799,XAX799,AirAsia X,Kuala Lumpur,KUL,WMKK,13:35,05:35,14:18,43min late,16:58,8min late,2h 40m,Landed
2025-09-12,IW1826,WON1826,Wings Air,Bima,BMU,WADB,13:40,05:40,14:08,28min late,15:05,on time,57m,Landed
2025-09-12,QZ506,AWQ506,Indonesia AirAsia,Singapore,SIN,WSSS,13:45,05:45,13:51,6min late,16:14,25min early,2h 23m,Landed
2025-09-12,ID7135,BTK7135,Batik Air,Singapore,SIN,WSSS,13:45,05:45,16:30,45min late,18:45,5min late,2h 15m,Landed
2025-09-12,TR289,TGW289,Scoot,Singapore,SIN,WSSS,14:00,06:00,14:57,57min late,17:12,12min late,2h 15m,Landed
2025-09-12,JT25,,Lion Air,Jakarta,CGK,WIII,14:00,06:00,,,,,1h 55m,Cancelled
2025-09-12,VJ894,VJC894,VietJet Air,Ho Chi Minh City,SGN,VVTS,14:05,06:05,15:12,7min late,17:29,34min late,3h 16m,Landed
2025-09-12,QG687,CTV687,Citilink,Jakarta,CGK,WIII,14:10,06:10,14:12,2min late,15:10,on time,1h 58m,Landed
2025-09-12,JT569,LNI569,Lion Air,Yogyakarta,YIA,WAHI,14:10,06:10,14:40,30min late,14:51,11min late,1h 10m,Landed
2025-09-12,QZ246,AWQ246,Indonesia AirAsia,Phuket,HKT,VTSP,14:15,06:15,16:52,37min late,17:43,28min late,1h 51m,Landed
2025-09-12,ID7637,BTK7637,Batik Air,Bangkok,DMK,VTBD,14:15,06:15,15:44,29min late,18:43,58min late,3h 59m,Landed
2025-09-12,JT23,LNI023,Lion Air,Jakarta,CGK,WIII,14:35,06:35,16:32,57min late,16:57,27min late,1h 25m,Landed
2025-09-12,IW1884,WON1884,Wings Air,Waingapu,WGP,WADW,14:40,06:40,15:08,28min late,16:34,4min late,1h 26m,Landed
2025-09-12,JT740,LNI740,Lion Air,Makassar,UPG,WAAA,14:40,06:40,12:27,12min early,15:58,58min late,3h 31m,Landed
2025-09-12,QG681,CTV681,Citilink,Jakarta,CGK,WIII,14:40,06:40,14:48,8min late,15:38,3min late,1h 50m,Landed
2025-09-12,JT273,LNI273,Lion Air,Semarang,SRG,WIIS,14:40,06:40,15:21,41min late,15:18,13min late,57m,Landed
2025-09-12,AK377,AXM377,AirAsia,Kuala Lumpur,KUL,WMKK,14:45,06:45,16:17,32min late,19:14,19min late,2h 57m,Landed
2025-09-12,OD307,MXD307,Malindo Air,Kuala Lumpur,KUL,WMKK,14:50,06:50,15:23,33min late,18:06,16min late,2h 42m,Landed
2025-09-12,JQ44,JST044,Jetstar Airways,Melbourne,MEL,YMML,14:55,06:55,15:52,57min late,23:52,22min late,6h 0m,Landed
2025-09-12,JT924,LNI924,Lion Air,Kupang,KOE,WATT,14:55,06:55,15:56,1min late,17:23,48min late,1h 27m,Landed
2025-09-12,JT844,LNI844,Lion Air,Banjarmasin,BDJ,WAOO,15:00,07:00,16:11,11min late,17:13,48min late,1h 1m,Landed
2025-09-12,QZ244,AWQ244,Indonesia AirAsia,Bangkok,DMK,VTBD,15:10,07:10,15:51,41min late,18:53,23min late,4h 2m,Landed
2025-09-12,8B5103,,TransNusa,Jakarta,CGK,WIII,15:10,07:10,,,,,1h 45m,
2025-09-12,GA842,GIA842,Garuda Indonesia,Singapore,SIN,WSSS,15:15,07:15,16:04,49min late,18:18,18min late,2h 14m,Landed
2025-09-12,VA50,VOZ050,Virgin Australia,Brisbane,BNE,YBBN,15:15,07:15,15:33,18min late,23:09,9min late,5h 36m,Landed
2025-09-12,VJ898,VJC898,VietJet Air,Ho Chi Minh City,SGN,VVTS,15:30,07:30,16:25,55min late,18:39,19min late,3h 13m,Landed
2025-09-12,CI772,CAL772,China Airlines,Taipei,TPE,RCTP,15:40,07:40,15:53,13min late,21:16,11min late,5h 23m,Landed
2025-09-12,IU703,SJV703,SW Italia,Surabaya,SUB,WARR,15:40,07:40,17:15,35min late,16:55,15min late,40m,Landed
2025-09-12,IP109,PAS109,Pelita Air Service,Jakarta,CGK,WIII,15:45,07:45,16:24,39min late,16:49,14min late,1h 25m,Landed
2025-09-12,QZ646,AWQ646,Indonesia AirAsia,Labuan Bajo,LBJ,WATO,15:45,07:45,16:16,31min late,17:05,5min late,48m,Landed
2025-09-12,VA92,VOZ092,Virgin Australia,Melbourne,MEL,YMML,15:50,07:50,15:59,9min late,23:59,34min late,6h 0m,Landed
2025-09-12,JQ43,JST043,Jetstar Airways,Singapore,SIN,WSSS,15:50,07:50,16:15,25min late,18:27,2min early,2h 12m,Landed
2025-09-12,GA411,GIA411,Garuda Indonesia,Jakarta,CGK,WIII,15:55,07:55,16:28,33min late,17:02,2min late,1h 34m,Landed
2025-09-12,ID8335,BTK8335,Batik Air,Labuan Bajo,LBJ,WATO,15:55,07:55,12:04,50min early,12:56,8min early,51m,Landed
2025-09-12,SJ717,,Sriwijaya Air,Makassar,UPG,WAAA,16:00,08:00,,,,,1h 20m,
2025-09-12,VN640,HVN640,Vietnam Airlines,Ho Chi Minh City,SGN,VVTS,16:00,08:00,16:51,51min late,19:04,24min late,3h 13m,Landed
2025-09-12,CX784,CPA784,Cathay Pacific,Hong Kong,HKG,VHHH,16:10,08:10,17:52,42min late,21:02,22min early,3h 10m,Landed
2025-09-12,QZ807,AWQ807,Indonesia AirAsia,Jakarta,CGK,WIII,16:10,08:10,16:44,34min late,17:09,5min early,1h 25m,Landed
2025-09-12,QG195,CTV195,Citilink,Jakarta,HLP,WIHH,16:10,08:10,16:37,27min late,17:11,11min late,1h 34m,Landed
2025-09-12,QZ536,AWQ536,Indonesia AirAsia,Perth,PER,YPPH,16:15,08:15,17:30,15min late,21:02,52min late,3h 32m,Landed
2025-09-12,MH850,MAS850,Malaysia Airlines,Kuala Lumpur,KUL,WMKK,16:25,08:25,17:00,35min late,20:06,31min late,3h 6m,Landed
2025-09-12,GA427,GIA427,Garuda Indonesia,Jakarta,CGK,WIII,16:30,08:30,16:53,23min late,17:30,on time,1h 37m,Landed
2025-09-12,BR256,EVA256,EVA Airways,Taipei,TPE,RCTP,16:30,08:30,16:31,on time,21:48,11min early,5h 17m,Landed
2025-09-12,IU743,SJV743,SW Italia,Jakarta,CGK,WIII,16:35,08:35,19:40,5min late,20:04,34min late,1h 24m,Landed
2025-09-12,QG669,CTV669,Citilink,Surabaya,SUB,WARR,16:35,08:35,16:39,4min late,16:39,5min early,1h 0m,Landed
2025-09-12,JT744,LNI744,Lion Air,Makassar,UPG,WAAA,16:40,08:40,17:47,7min late,18:46,16min late,58m,Landed
2025-09-12,GA421,GIA421,Garuda Indonesia,Jakarta,CGK,WIII,16:40,08:40,17:17,37min late,17:39,on time,1h 22m,Landed
2025-09-12,QZ642,AWQ642,Indonesia AirAsia,Labuan Bajo,LBJ,WATO,16:45,08:45,16:59,14min late,17:47,7min early,48m,Landed
2025-09-12,IU273,SJV273,SW Italia,Pontianak,PNK,WIOO,16:50,08:50,17:41,51min late,18:22,32min late,1h 41m,Landed
2025-09-12,HO1356,DKH1356,Juneyao Airlines,Shanghai,PVG,ZSPD,16:50,08:50,17:21,31min late,23:37,2min early,6h 15m,Landed
2025-09-12,TG432,THA432,Thai Airways International,Bangkok,BKK,VTBS,16:55,08:55,16:59,4min late,19:37,27min early,3h 38m,Landed
2025-09-12,ID6335,BTK6335,Batik Air,Labuan Bajo,LBJ,WATO,17:00,09:00,12:04,55min early,12:56,13min early,51m,Landed
2025-09-12,VJ998,VJC998,VietJet Air,Hanoi,HAN,VVNB,17:30,09:30,17:33,3min late,21:15,29min early,4h 42m,Landed
2025-09-12,GA419,GIA419,Garuda Indonesia,Jakarta,CGK,WIII,17:35,09:35,18:04,29min late,18:41,6min late,1h 37m,Landed
2025-09-12,GA349,GIA349,Garuda Indonesia,Surabaya,SUB,WARR,17:35,09:35,17:39,4min late,17:25,19min early,46m,Landed
2025-09-12,IU759,SJV759,SW Italia,Jakarta,CGK,WIII,17:35,09:35,20:20,45min late,20:45,15min late,1h 24m,Landed
2025-09-12,D7793,XAX793,AirAsia X,Kuala Lumpur,KUL,WMKK,17:40,09:40,17:54,14min late,20:24,30min early,2h 30m,Landed
2025-09-12,NZ291,ANZ291,Air New Zealand,Auckland,AKL,NZAA,17:50,09:50,17:53,3min late,05:00,29min early,7h 7m,Landed
2025-09-12,OD193,MXD193,Malindo Air,Perth,PER,YPPH,18:10,10:10,14:18,51min early,22:05,20min late,7h 47m,Landed
2025-09-12,JT567,LNI567,Lion Air,Yogyakarta,YIA,WAHI,18:25,10:25,18:45,20min late,18:56,1min late,1h 10m,Landed
2025-09-12,GA417,GIA417,Garuda Indonesia,Jakarta,CGK,WIII,18:30,10:30,18:55,25min late,19:32,2min late,1h 37m,Landed
2025-09-12,IN281,LKN281,Nam Air,Jakarta,CGK,WIII,18:30,10:30,19:26,56min late,19:51,41min late,1h 25m,Landed
2025-09-12,JT925,LNI925,Lion Air,Surakarta,SOC,WAHQ,18:40,10:40,20:27,47min late,20:26,26min late,59m,Landed
2025-09-12,ID6415,BTK6415,Batik Air,Surabaya,SUB,WARR,18:45,10:45,19:46,1min late,19:28,43min late,41m,Landed
2025-09-12,8B5109,TNU5109,Business Air,Jakarta,CGK,WIII,18:45,10:45,20:33,48min late,21:01,31min late,1h 27m,Landed
2025-09-12,EY477,ETD477,Etihad Airways,Abu Dhabi,AUH,OMAA,18:45,10:45,18:57,12min late,14:57,32min early,0m,Landed
2025-09-12,CX782,CPA782,Cathay Pacific,Hong Kong,HKG,VHHH,18:45,10:45,18:35,10min early,23:25,39min early,4h 50m,Landed
2025-09-12,QZ809,AWQ809,Indonesia AirAsia,Jakarta,CGK,WIII,18:50,10:50,19:20,30min late,19:45,on time,1h 25m,Landed
2025-09-12,QG689,CTV689,Citilink,Jakarta,CGK,WIII,19:00,11:00,19:06,6min late,19:38,21min early,1h 31m,Landed
2025-09-12,IU527,SJV527,SW Italia,Manado,MDC,WAMM,19:00,11:00,19:10,10min late,21:20,19min early,2h 10m,Landed
2025-09-12,TG440,THA440,Thai Airways International,Bangkok,BKK,VTBS,19:00,11:00,19:35,35min late,22:22,12min late,3h 47m,Landed
2025-09-12,JT27,LNI027,Lion Air,Jakarta,CGK,WIII,19:05,11:05,20:32,27min late,20:59,59min late,1h 26m,Landed
2025-09-12,AK379,AXM379,AirAsia,Kuala Lumpur,KUL,WMKK,19:15,11:15,19:53,38min late,22:50,30min late,2h 57m,Landed
2025-09-12,MH852,MAS852,Malaysia Airlines,Kuala Lumpur,KUL,WMKK,19:20,11:20,19:39,19min late,22:39,19min late,3h 0m,Landed
2025-09-12,QR963,QTR963,Qatar Airways,Doha,DOH,OTHH,19:20,11:20,19:32,12min late,23:35,4min early,9h 3m,Landed
2025-09-12,ID7310,BTK7310,Batik Air,Jakarta,HLP,WIHH,19:25,11:25,20:38,13min late,21:07,57min late,1h 28m,Landed
2025-09-12,QG699,CTV699,Citilink,Surabaya,SUB,WARR,19:30,11:30,19:37,7min late,19:21,18min early,44m,Landed
2025-09-12,8B969,TNU969,Business Air,Guangzhou,CAN,ZGGG,19:40,11:40,19:58,18min late,19:58,1min early,0m,Landed
2025-09-12,TR287,TGW287,Scoot,Singapore,SIN,WSSS,19:40,11:40,20:10,30min late,22:20,5min late,2h 10m,Landed
2025-09-12,EK369,UAE369,Emirates,Dubai,DXB,OMDB,19:45,11:45,20:14,29min late,00:35,14min early,8h 20m,Landed
2025-09-12,JT923,,Lion Air,Surabaya,SUB,WARR,19:45,11:45,,,,,1h 0m,Cancelled
2025-09-12,JT271,LNI271,Lion Air,Semarang,SRG,WIIS,19:50,11:50,20:45,55min late,20:44,29min late,58m,Landed
2025-09-12,ID6413,BTK6413,Batik Air,Surabaya,SUB,WARR,19:50,11:50,22:08,18min late,21:47,57min late,38m,Landed
2025-09-12,ID6517,BTK6517,Batik Air,Jakarta,CGK,WIII,20:00,12:00,20:36,36min late,21:06,11min late,1h 29m,Landed
2025-09-12,GA415,GIA415,Garuda Indonesia,Jakarta,CGK,WIII,20:00,12:00,20:06,6min late,20:43,16min early,1h 37m,Landed
2025-09-12,SQ945,SIA945,Singapore Airlines,Singapore,SIN,WSSS,20:00,12:00,20:18,18min late,22:28,12min early,2h 10m,Landed
2025-09-12,QG9692,CTV9692,Citilink,Surabaya,SUB,WARR,20:20,12:20,20:13,7min early,20:20,9min early,1h 7m,Landed
2025-09-12,QG342,CTV342,Citilink,Makassar,UPG,WAAA,20:30,12:30,21:23,53min late,22:31,26min late,1h 8m,Landed
2025-09-12,KL836,KLM836,KLM Royal Dutch Airlines,Singapore,SIN,WSSS,20:35,12:35,20:36,on time,22:57,12min early,2h 21m,Landed
2025-09-12,GA463,GIA463,Garuda Indonesia,Jakarta,HLP,WIHH,20:40,12:40,21:11,31min late,21:36,1min late,1h 25m,Landed
2025-09-12,OD177,MXD177,Malindo Air,Melbourne,MEL,YMML,21:00,13:00,17:05,54min early,05:07,27min late,10h 2m,Landed
2025-09-12,JQ107,JST107,Jetstar Airways,Perth,PER,YPPH,21:10,13:10,01:04,54min late,04:30,35min late,3h 26m,Landed
2025-09-12,GA425,GIA425,Garuda Indonesia,Jakarta,CGK,WIII,21:15,13:15,21:36,21min late,22:09,on time,1h 32m,Landed
2025-09-12,TK67,THY067,Turkish Airlines,Istanbul,IST,LTFM,21:20,13:20,21:19,on time,04:23,51min early,12h 4m,Landed
2025-09-12,JQ34,JST034,Jetstar Airways,Melbourne,MEL,YMML,21:20,13:20,21:24,4min late,05:25,30min late,6h 1m,Landed
2025-09-12,OD171,MXD171,Malindo Air,Sydney,SYD,YSSY,21:20,13:20,16:42,37min early,06:03,1min early,11h 20m,Landed
2025-09-12,AK375,AXM375,AirAsia,Kuala Lumpur,KUL,WMKK,21:25,13:25,00:19,54min late,03:14,44min late,2h 54m,Landed
2025-09-12,JT15,,Lion Air,Jakarta,CGK,WIII,21:30,13:30,,,,,1h 55m,Cancelled
2025-09-12,JQ117,JST117,Jetstar Airways,Perth,PER,YPPH,21:30,13:30,21:42,12min late,01:20,on time,3h 38m,Landed
2025-09-12,ID6760,BTK6760,Batik Air,Makassar,UPG,WAAA,21:30,13:30,21:54,24min late,22:54,4min late,1h 0m,Landed
2025-09-12,SQ947,SIA947,Singapore Airlines,Singapore,SIN,WSSS,21:35,13:35,21:48,13min late,00:01,4min early,2h 13m,Landed
2025-09-12,QZ819,AWQ819,Indonesia AirAsia,Jakarta,CGK,WIII,21:40,13:40,21:54,14min late,22:27,2min early,1h 33m,Landed
2025-09-12,IP105,PAS105,Pelita Air Service,Jakarta,CGK,WIII,21:40,13:40,21:46,6min late,22:12,17min early,1h 26m,Landed
2025-09-12,QG685,CTV685,Citilink,Jakarta,CGK,WIII,21:55,13:55,22:13,18min late,22:50,4min early,1h 37m,Landed
2025-09-12,QZ546,AWQ546,Indonesia AirAsia,Perth,PER,YPPH,21:55,13:55,22:14,19min late,22:14,25min early,0m,Landed
2025-09-12,GA718,GIA718,Garuda Indonesia,Melbourne,MEL,YMML,22:05,14:05,22:35,30min late,06:21,51min late,5h 46m,Landed
2025-09-12,QF44,QFA044,Qantas,Sydney,SYD,YSSY,22:10,14:10,22:12,2min late,06:16,11min late,6h 4m,Landed
2025-09-12,SV857,SVA857,Saudi Arabian Airlines,Singapore,SIN,WSSS,22:15,14:15,22:16,on time,00:39,5min early,2h 23m,Landed
2025-09-12,IN2801,,NAM Air,Jakarta,CGK,WIII,22:25,14:25,,,,,1h 40m,
2025-09-12,JQ38,JST038,Jetstar Airways,Sydney,SYD,YSSY,22:35,14:35,22:36,on time,06:24,5min early,5h 48m,Landed
2025-09-12,7C2712,JJA2712,Jeju Air,Seoul,ICN,RKSI,22:45,14:45,02:42,57min late,07:20,10min late,3h 37m,Landed
2025-09-12,QZ811,AWQ811,Indonesia AirAsia,Jakarta,CGK,WIII,22:50,14:50,00:07,17min late,00:30,50min late,1h 23m,Landed
2025-09-12,VA96,VOZ096,Virgin Australia,Melbourne,MEL,YMML,23:05,15:05,22:59,6min early,06:56,16min late,5h 57m,Landed
2025-09-12,QF46,QFA046,Qantas,Melbourne,MEL,YMML,23:05,15:05,23:06,on time,06:59,19min late,5h 53m,Landed
2025-09-12,JT3020,,Lion Air,Seoul,ICN,RKSI,23:05,15:05,23:05,on time,07:06,3min early,7h 1m,Landed
2025-09-12,VA82,VOZ082,Virgin Australia,Gold Coast,OOL,YBCG,23:20,15:20,23:26,6min late,06:49,5min early,5h 23m,Landed
2025-09-12,GA714,GIA714,Garuda Indonesia,Sydney,SYD,YSSY,23:25,15:25,23:37,12min late,07:19,9min late,5h 41m,Landed
2025-09-12,JQ91,JST091,Jetstar Airways,Cairns,CNS,YBCS,23:30,15:30,23:25,5min early,05:38,21min early,4h 13m,Landed
2025-09-12,JQ36,JST036,Jetstar Airways,Melbourne,MEL,YMML,23:30,15:30,23:49,19min late,07:40,35min late,5h 51m,Landed
2025-09-12,VA68,VOZ068,Virgin Australia,Sydney,SYD,YSSY,23:35,15:35,23:33,2min early,07:27,17min early,5h 54m,Landed
2025-09-12,KE634,KAL634,Korean Air Lines,Seoul,ICN,RKSI,23:45,15:45,23:35,10min early,07:39,15min early,7h 4m,Landed
2025-09-12,QZ420,AWQ420,Indonesia AirAsia,Adelaide,ADL,YPAD,23:45,15:45,00:02,17min late,06:28,3min late,4h 56m,Landed
2025-09-12,JQ94,JST094,Jetstar Airways,Gold Coast,OOL,YBCG,23:45,15:45,00:21,36min late,07:30,15min late,5h 8m,Landed
2025-09-12,QZ542,AWQ542,Indonesia AirAsia,Cairns,CNS,YBCS,23:45,15:45,00:05,20min late,06:20,14min early,4h 14m,Landed
2025-09-12,JQ128,JST128,Jetstar Airways,Adelaide,ADL,YPAD,23:55,15:55,00:04,9min late,06:21,11min late,4h 46m,Landed
2025-09-13,BX602,ABL602,Air Busan,Busan,PUS,RKPK,00:05,16:05,00:29,24min late,07:50,19min early,6h 20m,Landed
2025-09-13,GA880,GIA880,Garuda Indonesia,Tokyo,NRT,RJAA,00:20,16:20,02:35,15min late,09:05,15min late,5h 29m,Landed
2025-09-13,MF892,CXA892,Xiamen Airlines,Xiamen,XMN,ZSAM,00:30,16:30,00:10,20min early,05:45,19min early,5h 35m,Landed
2025-09-13,CZ626,CSN626,China Southern Airlines,Guangzhou,CAN,ZGGG,00:30,16:30,00:32,2min late,05:10,39min early,4h 38m,Landed
2025-09-13,QR961,QTR961,Qatar Airways,Doha,DOH,OTHH,00:35,16:35,00:19,16min early,04:10,44min early,8h 51m,Landed
2025-09-13,EK399,UAE399,Emirates,Dubai,DXB,OMDB,00:35,16:35,00:29,6min early,05:19,15min early,8h 50m,Landed
2025-09-13,KE630,KAL630,Korean Air Lines,Seoul,ICN,RKSI,00:50,16:50,00:49,on time,08:17,2min early,6h 28m,Landed
2025-09-13,PR538,PAL538,Philippine Airlines,Manila,MNL,RPLL,00:55,16:55,00:55,on time,04:33,16min early,3h 38m,Landed
2025-09-13,MU5030,CES5030,China Eastern Airlines,Shanghai,PVG,ZSPD,00:55,16:55,01:15,20min late,07:33,21min early,6h 18m,Landed
2025-09-13,5J282,CEB282,CEBU Pacific Air,Manila,MNL,RPLL,01:00,17:00,01:13,13min late,04:48,36min early,3h 35m,Landed
2025-09-13,JQ107,JST107,Jetstar Airways,Perth,PER,YPPH,01:00,17:00,00:53,6min early,04:26,3min early,3h 33m,Landed
2025-09-13,SJ726,,Sriwijaya Air,Makassar,UPG,WAAA,01:00,17:00,,,,,1h 20m,
2025-09-13,QZ548,AWQ548,Indonesia AirAsia,Perth,PER,YPPH,01:05,17:05,00:47,17min early,04:09,45min early,3h 21m,Landed
2025-09-13,GA870,GIA870,Garuda Indonesia,Seoul,ICN,RKSI,01:15,17:15,01:34,19min late,02:34,40min early,0m,Landed
2025-09-13,8B5888,,Business Air,Manado,MDC,WAMM,01:30,17:30,,,,,2h 35m,
2025-09-13,JT746,LNI746,Lion Air,Makassar,UPG,WAAA,07:00,23:00,07:17,17min late,08:19,on time,1h 1m,Landed
2025-09-13,GA401,GIA401,Garuda Indonesia,Jakarta,CGK,WIII,07:00,23:00,07:14,14min late,06:14,45min early,0m,Landed
2025-09-13,JT944,,Lion Air,Makassar,UPG,WAAA,07:00,23:00,07:00,on time,08:22,2min late,1h 22m,Landed
2025-09-13,QZ550,AWQ550,Indonesia AirAsia,Kuala Lumpur,KUL,WMKK,07:00,23:00,07:02,2min late,09:38,21min early,2h 35m,Landed
2025-09-13,JT929,LNI929,Lion Air,Surabaya,SUB,WARR,07:00,23:00,07:07,7min late,06:46,13min early,39m,Landed
2025-09-13,QZ534,AWQ534,Indonesia AirAsia,Perth,PER,YPPH,07:05,23:05,07:00,4min early,10:27,32min early,3h 26m,Landed
2025-09-13,QG690,CTV690,Citilink,Surabaya,SUB,WARR,07:05,23:05,07:10,5min late,06:50,14min early,40m,Landed
2025-09-13,QZ502,AWQ502,Indonesia AirAsia,Singapore,SIN,WSSS,07:10,23:10,10:35,25min late,13:08,18min late,2h 32m,Landed
2025-09-13,QZ644,AWQ644,Indonesia AirAsia,Labuan Bajo,LBJ,WATO,07:10,23:10,07:05,4min early,07:55,19min early,50m,Landed
2025-09-13,SQ949,SIA949,Singapore Airlines,Singapore,SIN,WSSS,07:10,23:10,07:13,3min late,09:39,20min early,2h 26m,Landed
2025-09-13,QG663,CTV663,Citilink,Jakarta,CGK,WIII,07:45,23:45,08:09,24min late,08:38,3min late,1h 29m,Landed
2025-09-13,IW1854,WON1854,Wings Air,Lombok,LOP,WADL,08:00,00:00,08:00,on time,08:25,19min early,25m,Landed
2025-09-13,JT21,LNI021,Lion Air,Jakarta,CGK,WIII,08:05,00:05,08:43,38min late,09:11,11min late,1h 28m,Landed
2025-09-13,HX706,CRK706,Hong Kong Airlines,Hong Kong,HKG,VHHH,08:15,00:15,08:27,12min late,13:10,9min early,4h 43m,Landed
2025-09-13,5J280,CEB280,CEBU Pacific Air,Manila,MNL,RPLL,08:35,00:35,08:59,24min late,12:41,8min early,3h 42m,Landed
2025-09-13,IW1850,WON1850,Wings Air,Lombok,LOP,WADL,08:35,00:35,09:04,29min late,09:28,8min late,24m,Landed
2025-09-13,CZ8482,CSN8482,China Southern Airlines,Guangzhou,CAN,ZGGG,08:40,00:40,08:55,15min late,13:43,7min early,4h 47m,Landed
2025-09-13,QZ504,AWQ504,Indonesia AirAsia,Singapore,SIN,WSSS,09:00,01:00,10:35,35min late,13:08,23min late,2h 32m,Landed
2025-09-13,8B80,TNU080,Business Air,Perth,PER,YPPH,09:05,01:05,08:51,13min early,12:14,40min early,3h 23m,Landed
2025-09-13,8B5105,TNU5105,Business Air,Jakarta,CGK,WIII,09:10,01:10,09:11,1min late,09:39,20min early,1h 27m,Landed
2025-09-13,IW1856,WON1856,Wings Air,Lombok,LOP,WADL,09:10,01:10,09:54,44min late,10:18,23min late,24m,Landed
2025-09-13,IW1832,WON1832,Wings Air,Tambolaka,TMC,WADT,09:10,01:10,09:34,24min late,10:40,5min late,1h 5m,Landed
2025-09-13,IN640,LKN640,NAM Air,Tambolaka,TMC,WADT,09:10,01:10,09:16,6min late,10:01,8min early,45m,Landed
2025-09-13,ID6007,BTK6007,Batik Air,Perth,PER,YPPH,09:25,01:25,09:39,14min late,13:00,14min early,3h 21m,Landed
2025-09-13,JT31,,Lion Air,Jakarta,CGK,WIII,09:30,01:30,,,,,1h 55m,Cancelled
2025-09-13,QG500,CTV500,Citilink,Dili,DIL,WPDL,09:30,01:30,09:28,1min early,12:13,6min early,1h 45m,Landed
2025-09-13,QZ803,AWQ803,Indonesia AirAsia,Jakarta,CGK,WIII,09:40,01:40,09:43,3min late,10:10,19min early,1h 27m,Landed
2025-09-13,QR965,QTR965,Qatar Airways,Doha,DOH,OTHH,09:55,01:55,09:59,4min late,14:02,17min early,9h 3m,Landed
2025-09-13,JT3569,LNI3569,Lion Air,Yogyakarta,YIA,WAHI,09:55,01:55,10:01,6min late,10:18,6min early,1h 16m,Landed
2025-09-13,AI2146,AIC2146,Air India,Delhi,DEL,VIDP,10:00,02:00,09:55,5min early,14:52,42min early,7h 27m,Landed
2025-09-13,JT270,LNI270,Lion Air,Kupang,KOE,WATT,10:00,02:00,10:05,5min late,11:29,10min early,1h 23m,Landed
2025-09-13,IW1882,WON1882,Wings Air,Sumbawa Besar,SWQ,WADS,10:00,02:00,11:47,47min late,11:12,12min late,,Landed
2025-09-13,SQ935,SIA935,Singapore Airlines,Singapore,SIN,WSSS,10:05,02:05,10:30,25min late,12:54,9min late,2h 24m,Landed
2025-09-13,8B5101,TNU5101,Business Air,Jakarta,CGK,WIII,10:25,02:25,11:45,20min late,10:54,20min early,9m,Landed
2025-09-13,JT33,LNI033,Lion Air,Jakarta,CGK,WIII,10:30,02:30,10:50,20min late,11:02,22min early,1h 12m,Landed
2025-09-13,8G182,DTL182,Mid Africa Aviation,Dili,DIL,WPDL,10:35,02:35,10:58,23min late,13:36,6min late,1h 37m,Landed
2025-09-13,JT805,LNI805,Lion Air,Surabaya,SUB,WARR,10:35,02:35,10:44,9min late,10:24,10min early,40m,Landed
2025-09-13,TR281,TGW281,Scoot,Singapore,SIN,WSSS,10:50,02:50,11:03,13min late,13:26,4min early,2h 22m,Landed
2025-09-13,QG9193,CTV9193,Citilink,Jakarta,HLP,WIHH,11:10,03:10,11:16,6min late,12:00,on time,1h 43m,Landed
2025-09-13,6E1606,IGO1606,IndiGo,Bangalore,BLR,VOBL,11:20,03:20,11:16,4min early,14:48,21min early,6h 2m,Landed
2025-09-13,QZ780,AWQ780,Indonesia AirAsia,Balikpapan,BPN,WALL,11:25,03:25,11:26,1min late,12:41,23min early,1h 15m,Landed
2025-09-13,JQ111,JST111,Jetstar Airways,Perth,PER,YPPH,11:30,03:30,11:25,5min early,14:49,25min early,3h 24m,Landed
2025-09-13,JQ109,JST109,Jetstar Airways,Perth,PER,YPPH,11:40,03:40,12:29,49min late,15:56,31min late,3h 27m,Landed
2025-09-13,JQ32,JST032,Jetstar Airways,Melbourne,MEL,YMML,11:55,03:55,11:45,10min early,19:09,20min early,5h 24m,Landed
2025-09-13,OD192,MXD192,Malindo Air,Kuala Lumpur,KUL,WMKK,11:55,03:55,13:51,56min late,16:32,27min late,2h 41m,Landed
2025-09-13,JQ40,JST040,Jetstar Airways,Sydney,SYD,YSSY,11:55,03:55,12:29,34min late,20:39,49min late,6h 10m,Landed
2025-09-13,GA407,GIA407,Garuda Indonesia,Jakarta,CGK,WIII,12:00,04:00,11:45,14min early,12:30,24min early,1h 45m,Landed
2025-09-13,FD397,AIQ397,Thai AirAsia,Bangkok,DMK,VTBD,12:00,04:00,12:36,36min late,15:36,1min late,4h 0m,Landed
2025-09-13,GA253,GIA253,Garuda Indonesia,Yogyakarta,YIA,WAHI,12:05,04:05,12:30,25min late,12:43,11min early,1h 13m,Landed
2025-09-13,QZ540,AWQ540,Indonesia AirAsia,Darwin,DRW,YPDN,12:05,04:05,12:48,43min late,16:42,27min late,2h 24m,Landed
2025-09-13,SQ937,SIA937,Singapore Airlines,Singapore,SIN,WSSS,12:10,04:10,12:59,49min late,15:14,19min late,2h 15m,Landed
2025-09-13,QG9696,CTV9696,Citilink,Surabaya,SUB,WARR,12:15,04:15,12:24,9min late,12:17,2min early,52m,Landed
2025-09-13,OD178,MXD178,Malindo Air,Kuala Lumpur,KUL,WMKK,12:25,04:25,12:55,30min late,15:38,3min late,2h 43m,Landed
2025-09-13,D7795,XAX795,AirAsia X,Kuala Lumpur,KUL,WMKK,12:30,04:30,16:44,14min late,19:24,39min late,2h 39m,Landed
2025-09-13,QZ805,AWQ805,Indonesia AirAsia,Jakarta,CGK,WIII,12:40,04:40,14:21,41min late,15:10,30min late,1h 48m,Landed
2025-09-13,IP103,PAS103,Pelita Air Service,Jakarta,CGK,WIII,12:45,04:45,13:05,20min late,13:33,6min early,1h 28m,Landed
2025-09-13,IW1848,WON1848,Wings Air,Lombok,LOP,WADL,12:45,04:45,14:02,17min late,15:45,15min late,1h 43m,Landed
2025-09-13,ID7308,BTK7308,Batik Air,Jakarta,HLP,WIHH,12:50,04:50,13:04,14min late,13:38,3min late,1h 33m,Landed
2025-09-13,MH714,MAS714,Malaysia Airlines,Kuala Lumpur,KUL,WMKK,12:55,04:55,13:55,60min late,17:17,17min late,3h 22m,Landed
2025-09-13,8B82,TNU082,Business Air,Perth,PER,YPPH,12:55,04:55,13:08,13min late,16:28,26min early,3h 20m,Landed
2025-09-13,SQ939,SIA939,Singapore Airlines,Singapore,SIN,WSSS,13:05,05:05,14:06,1min late,16:22,32min late,2h 16m,Landed
2025-09-13,VA84,VOZ084,Virgin Australia,Gold Coast,OOL,YBCG,13:10,05:10,13:12,2min late,20:45,on time,5h 33m,Landed
2025-09-13,JT35,LNI035,Lion Air,Jakarta,CGK,WIII,13:10,05:10,14:41,31min late,15:11,6min late,1h 30m,Landed
2025-09-13,VJ900,VJC900,VietJet Air,Hanoi,HAN,VVNB,13:10,05:10,13:20,10min late,16:53,26min early,4h 33m,Landed
2025-09-13,JQ58,JST058,Jetstar Airways,Brisbane,BNE,YBBN,13:15,05:15,14:07,52min late,21:53,8min late,5h 46m,Landed
2025-09-13,IW1834,WON1834,Wings Air,Tambolaka,TMC,WADT,13:20,05:20,13:52,32min late,15:01,16min late,1h 9m,Landed
2025-09-13,GA409,GIA409,Garuda Indonesia,Jakarta,CGK,WIII,13:25,05:25,14:36,11min late,15:10,45min late,1h 34m,Landed
2025-09-13,JT660,LNI660,Lion Air,Balikpapan,BPN,WALL,13:25,05:25,14:38,13min late,16:00,50min late,1h 22m,Landed
2025-09-13,D7799,XAX799,AirAsia X,Kuala Lumpur,KUL,WMKK,13:35,05:35,14:44,9min late,17:27,37min late,2h 43m,Landed
2025-09-13,IW1826,WON1826,Wings Air,Bima,BMU,WADB,13:40,05:40,15:15,35min late,16:20,15min late,1h 5m,Landed
2025-09-13,QZ506,AWQ506,Indonesia AirAsia,Singapore,SIN,WSSS,13:45,05:45,17:57,12min late,20:20,40min late,2h 22m,Landed
2025-09-13,8B5107,TNU5107,Business Air,Jakarta,CGK,WIII,13:50,05:50,14:54,4min late,15:25,45min late,1h 31m,Landed
2025-09-13,QZ544,AWQ544,Indonesia AirAsia,Perth,PER,YPPH,13:55,05:55,15:51,56min late,19:10,15min late,3h 19m,Landed
2025-09-13,JT919,LNI919,Lion Air,Surabaya,SUB,WARR,13:55,05:55,15:28,33min late,15:15,20min late,47m,Landed
2025-09-13,IW1964,WON1964,Wings Air,Lombok,LOP,WADL,13:55,05:55,15:44,49min late,16:09,29min late,25m,Landed
2025-09-13,TR289,TGW289,Scoot,Singapore,SIN,WSSS,14:00,06:00,15:09,9min late,17:31,31min late,2h 22m,Landed
2025-09-13,JT25,LNI025,Lion Air,Jakarta,CGK,WIII,14:00,06:00,17:46,46min late,18:13,18min late,1h 27m,Landed
2025-09-13,VJ894,VJC894,VietJet Air,Ho Chi Minh City,SGN,VVTS,14:05,06:05,15:03,58min late,17:15,20min late,3h 12m,Landed
2025-09-13,QG687,CTV687,Citilink,Jakarta,CGK,WIII,14:10,06:10,14:52,42min late,15:38,28min late,1h 45m,Landed
2025-09-13,JT569,LNI569,Lion Air,Yogyakarta,YIA,WAHI,14:10,06:10,14:50,40min late,15:00,20min late,1h 10m,Landed
2025-09-13,ID8517,BTK8517,Batik Air,Jakarta,CGK,WIII,14:10,06:10,15:40,30min late,16:07,2min late,1h 27m,Landed
2025-09-13,ID7637,BTK7637,Batik Air,Bangkok,DMK,VTBD,14:15,06:15,15:18,3min late,18:19,34min late,4h 0m,Landed
2025-09-13,JT23,,Lion Air,Jakarta,CGK,WIII,14:35,06:35,,,,,1h 55m,Cancelled
2025-09-13,QG681,CTV681,Citilink,Jakarta,CGK,WIII,14:40,06:40,15:45,5min late,16:36,1min late,1h 51m,Landed
2025-09-13,IW1884,WON1884,Wings Air,Waingapu,WGP,WADW,14:40,06:40,15:21,41min late,16:47,17min late,1h 25m,Landed
2025-09-13,JT740,LNI740,Lion Air,Makassar,UPG,WAAA,14:40,06:40,17:37,57min late,18:42,42min late,1h 4m,Landed
2025-09-13,QZ244,AWQ244,Indonesia AirAsia,Bangkok,DMK,VTBD,14:45,06:45,15:37,52min late,18:34,24min late,3h 57m,Landed
2025-09-13,AK377,AXM377,AirAsia,Kuala Lumpur,KUL,WMKK,14:45,06:45,17:58,13min late,21:16,21min late,3h 18m,Landed
2025-09-13,OD307,MXD307,Malindo Air,Kuala Lumpur,KUL,WMKK,14:50,06:50,16:18,28min late,19:01,11min late,2h 42m,Landed
2025-09-13,JQ44,JST044,Jetstar Airways,Melbourne,MEL,YMML,14:55,06:55,14:55,on time,22:36,6min late,5h 41m,Landed
2025-09-13,JT844,LNI844,Lion Air,Banjarmasin,BDJ,WAOO,15:00,07:00,16:06,6min late,17:10,45min late,1h 4m,Landed
2025-09-13,8B5103,,TransNusa,Jakarta,CGK,WIII,15:10,07:10,,,,,1h 45m,
2025-09-13,GA842,GIA842,Garuda Indonesia,Singapore,SIN,WSSS,15:15,07:15,16:27,12min late,18:48,48min late,2h 21m,Landed
2025-09-13,VA50,VOZ050,Virgin Australia,Brisbane,BNE,YBBN,15:15,07:15,15:48,33min late,23:50,50min late,6h 2m,Landed
2025-09-13,OD172,MXD172,Malindo Air,Kuala Lumpur,KUL,WMKK,15:20,07:20,16:01,41min late,18:37,7min late,2h 35m,Landed
2025-09-13,VJ898,VJC898,VietJet Air,Ho Chi Minh City,SGN,VVTS,15:30,07:30,16:31,1min late,18:42,22min late,3h 11m,Landed
2025-09-13,CI772,CAL772,China Airlines,Taipei,TPE,RCTP,15:40,07:40,16:32,52min late,21:38,33min late,5h 6m,Landed
2025-09-13,IU703,SJV703,SW Italia,Surabaya,SUB,WARR,15:40,07:40,17:53,13min late,17:34,54min late,41m,Landed
2025-09-13,QZ646,AWQ646,Indonesia AirAsia,Labuan Bajo,LBJ,WATO,15:45,07:45,16:28,43min late,17:21,21min late,52m,Landed
2025-09-13,IP109,PAS109,Pelita Air Service,Jakarta,CGK,WIII,15:45,07:45,16:24,39min late,16:55,20min late,1h 31m,Landed
2025-09-13,VA92,VOZ092,Virgin Australia,Melbourne,MEL,YMML,15:50,07:50,16:15,25min late,23:53,28min late,5h 38m,Landed
2025-09-13,JQ43,JST043,Jetstar Airways,Singapore,SIN,WSSS,15:50,07:50,16:11,21min late,18:25,4min early,2h 13m,Landed
2025-09-13,QZ246,AWQ246,Indonesia AirAsia,Phuket,HKT,VTSP,15:50,07:50,16:12,22min late,18:55,10min late,3h 42m,Landed
2025-09-13,ID8335,,Batik Air,Labuan Bajo,LBJ,WATO,15:55,07:55,12:39,15min early,13:30,34min early,50m,Landed
2025-09-13,GA411,GIA411,Garuda Indonesia,Jakarta,CGK,WIII,15:55,07:55,17:55,0min late,18:22,22min late,1h 27m,Landed
2025-09-13,VN640,HVN640,Vietnam Airlines,Ho Chi Minh City,SGN,VVTS,16:00,08:00,18:13,13min late,20:34,54min late,3h 20m,Landed
2025-09-13,QG195,CTV195,Citilink,Jakarta,HLP,WIHH,16:10,08:10,16:41,31min late,17:13,13min late,1h 32m,Landed
2025-09-13,QZ807,AWQ807,Indonesia AirAsia,Jakarta,CGK,WIII,16:10,08:10,17:49,39min late,18:17,2min late,1h 28m,Landed
2025-09-13,CX784,CPA784,Cathay Pacific,Hong Kong,HKG,VHHH,16:10,08:10,18:03,53min late,20:54,30min early,2h 51m,Landed
2025-09-13,QZ536,AWQ536,Indonesia AirAsia,Perth,PER,YPPH,16:15,08:15,16:48,33min late,20:04,5min early,3h 16m,Landed
2025-09-13,MH850,MAS850,Malaysia Airlines,Kuala Lumpur,KUL,WMKK,16:25,08:25,17:32,7min late,20:43,8min late,3h 11m,Landed
2025-09-13,BR256,EVA256,EVA Airways,Taipei,TPE,RCTP,16:30,08:30,17:28,58min late,22:58,58min late,5h 30m,Landed
2025-09-13,IU743,SJV743,SW Italia,Jakarta,CGK,WIII,16:35,08:35,19:22,47min late,19:47,17min late,1h 25m,Landed
2025-09-13,QG669,CTV669,Citilink,Surabaya,SUB,WARR,16:35,08:35,17:33,58min late,17:52,7min late,1h 19m,Landed
2025-09-13,IU273,,SW Italia,Pontianak,PNK,WIOO,16:50,08:50,,,,,2h 0m,Cancelled
2025-09-13,HO1356,DKH1356,Juneyao Airlines,Shanghai,PVG,ZSPD,16:50,08:50,18:53,3min late,01:05,25min late,6h 12m,Landed
2025-09-13,TG432,THA432,Thai Airways International,Bangkok,BKK,VTBS,16:55,08:55,18:47,52min late,21:31,26min late,3h 44m,Landed
2025-09-13,QZ556,AWQ556,Indonesia AirAsia,Kuala Lumpur,KUL,WMKK,16:55,08:55,19:49,54min late,22:23,13min late,2h 33m,Landed
2025-09-13,ID6335,BTK6335,Batik Air,Labuan Bajo,LBJ,WATO,17:00,09:00,17:41,41min late,18:33,23min late,51m,Landed
2025-09-13,VJ998,VJC998,VietJet Air,Hanoi,HAN,VVNB,17:30,09:30,18:23,53min late,22:06,21min late,4h 43m,Landed
2025-09-13,IU759,SJV759,SW Italia,Jakarta,CGK,WIII,17:35,09:35,19:12,37min late,19:41,11min late,1h 28m,Landed
2025-09-13,GA419,GIA419,Garuda Indonesia,Jakarta,CGK,WIII,17:35,09:35,18:21,46min late,18:58,23min late,1h 37m,Landed
2025-09-13,GA349,GIA349,Garuda Indonesia,Surabaya,SUB,WARR,17:35,09:35,18:34,59min late,18:12,27min late,38m,Landed
2025-09-13,IN281,,NAM Air,Jakarta,CGK,WIII,17:45,09:45,,,,,1h 40m,
2025-09-13,NZ291,ANZ291,Air New Zealand,Auckland,AKL,NZAA,17:50,09:50,18:11,21min late,06:16,46min late,8h 5m,Landed
2025-09-13,OD193,MXD193,Malindo Air,Perth,PER,YPPH,18:10,10:10,14:55,14min early,23:03,18min late,8h 7m,Landed
2025-09-13,JT567,,Lion Air,Yogyakarta,YIA,WAHI,18:25,10:25,,,,,1h 30m,Cancelled
2025-09-13,IN283,LKN283,NAM Air,Jakarta,CGK,WIII,18:30,10:30,21:47,17min late,22:14,4min late,1h 26m,Landed
2025-09-13,GA417,GIA417,Garuda Indonesia,Jakarta,CGK,WIII,18:30,10:30,19:08,38min late,19:28,1min early,1h 20m,Landed
2025-09-13,SL259,TLM259,Thai Lion Air,Bangkok,DMK,VTBD,18:40,10:40,20:08,28min late,23:00,0min late,3h 52m,Landed
2025-09-13,JT925,LNI925,Lion Air,Surakarta,SOC,WAHQ,18:40,10:40,19:32,52min late,19:32,32min late,1h 0m,Landed
2025-09-13,EY477,ETD477,Etihad Airways,Abu Dhabi,AUH,OMAA,18:45,10:45,19:06,21min late,23:32,2min late,8h 25m,Landed
2025-09-13,CX782,CPA782,Cathay Pacific,Hong Kong,HKG,VHHH,18:45,10:45,18:37,8min early,23:13,51min early,4h 36m,Landed
2025-09-13,8B5109,TNU5109,TransNusa,Jakarta,CGK,WIII,18:45,10:45,22:58,13min late,23:23,53min late,1h 24m,Landed
2025-09-13,ID6415,,Batik Air,Surabaya,SUB,WARR,18:45,10:45,,,,,1h 0m,Cancelled
2025-09-13,QZ809,AWQ809,Indonesia AirAsia,Jakarta,CGK,WIII,18:50,10:50,19:38,48min late,20:01,16min late,1h 23m,Landed
2025-09-13,QG689,CTV689,Citilink,Jakarta,CGK,WIII,19:00,11:00,19:21,21min late,19:56,3min early,1h 35m,Landed
2025-09-13,TG440,THA440,Thai Airways International,Bangkok,BKK,VTBS,19:00,11:00,19:33,33min late,22:19,9min late,3h 46m,Landed
2025-09-13,JT27,,Lion Air,Jakarta,CGK,WIII,19:05,11:05,,,,,1h 55m,Cancelled
2025-09-13,AK379,AXM379,AirAsia,Kuala Lumpur,KUL,WMKK,19:15,11:15,20:01,46min late,22:57,37min late,2h 56m,Landed
2025-09-13,MH852,MAS852,Malaysia Airlines,Kuala Lumpur,KUL,WMKK,19:20,11:20,19:54,34min late,23:02,42min late,3h 8m,Landed
2025-09-13,QR963,QTR963,Qatar Airways,Doha,DOH,OTHH,19:20,11:20,19:31,11min late,23:21,18min early,8h 50m,Landed
2025-09-13,ID7310,BTK7310,Batik Air,Jakarta,HLP,WIHH,19:25,11:25,20:04,39min late,20:15,5min late,1h 10m,Landed
2025-09-13,QG699,CTV699,Citilink,Surabaya,SUB,WARR,19:30,11:30,19:50,20min late,19:30,9min early,40m,Landed
2025-09-13,JT11,,Lion Air,Jakarta,CGK,WIII,19:35,11:35,,,,,1h 55m,Cancelled
2025-09-13,8B969,TNU969,Business Air,Guangzhou,CAN,ZGGG,19:40,11:40,19:58,18min late,00:47,12min early,4h 49m,Landed
2025-09-13,TR287,TGW287,Scoot,Singapore,SIN,WSSS,19:40,11:40,20:04,24min late,22:28,13min late,2h 24m,Landed
2025-09-13,JT923,,Lion Air,Surabaya,SUB,WARR,19:45,11:45,,,,,1h 0m,Cancelled
2025-09-13,EK369,UAE369,Emirates,Dubai,DXB,OMDB,19:45,11:45,19:40,5min early,00:26,23min early,8h 46m,Landed
2025-09-13,JT271,LNI271,Lion Air,Semarang,SRG,WIIS,19:50,11:50,19:52,2min late,19:51,23min early,59m,Landed
2025-09-13,ID6413,BTK6413,Batik Air,Surabaya,SUB,WARR,19:50,11:50,21:34,44min late,21:14,24min late,39m,Landed
2025-09-13,GA415,GIA415,Garuda Indonesia,Jakarta,CGK,WIII,20:00,12:00,20:22,22min late,20:57,2min early,1h 35m,Landed
2025-09-13,SQ945,SIA945,Singapore Airlines,Singapore,SIN,WSSS,20:00,12:00,20:41,41min late,22:55,15min late,2h 14m,Landed
2025-09-13,QG9692,CTV9692,Citilink,Surabaya,SUB,WARR,20:20,12:20,20:42,22min late,20:31,1min late,49m,Landed
2025-09-13,KL836,KLM836,KLM Royal Dutch Airlines,Singapore,SIN,WSSS,20:35,12:35,21:00,25min late,23:20,10min late,2h 20m,Landed
2025-09-13,GA463,GIA463,Garuda Indonesia,Jakarta,HLP,WIHH,20:40,12:40,20:44,4min late,21:22,12min early,1h 37m,Landed
2025-09-13,OD177,MXD177,Malindo Air,Melbourne,MEL,YMML,21:00,13:00,21:05,5min late,05:22,42min late,6h 16m,Landed
2025-09-13,GA425,GIA425,Garuda Indonesia,Jakarta,CGK,WIII,21:15,13:15,22:20,5min late,23:00,50min late,1h 39m,Landed
2025-09-13,JQ34,JST034,Jetstar Airways,Melbourne,MEL,YMML,21:20,13:20,21:05,15min early,04:20,34min early,5h 15m,Landed
2025-09-13,TK67,THY067,Turkish Airlines,Istanbul,IST,LTFM,21:20,13:20,21:18,1min early,04:29,45min early,12h 10m,Landed
2025-09-13,AK375,AXM375,AirAsia,Kuala Lumpur,KUL,WMKK,21:25,13:25,22:03,38min late,01:10,40min late,3h 7m,Landed
2025-09-13,JQ117,JST117,Jetstar Airways,Perth,PER,YPPH,21:30,13:30,22:01,31min late,01:39,19min late,3h 38m,Landed
2025-09-13,ID6760,BTK6760,Batik Air,Makassar,UPG,WAAA,21:30,13:30,21:39,9min late,22:35,14min early,56m,Landed
2025-09-13,JT15,LNI015,Lion Air,Jakarta,CGK,WIII,21:30,13:30,21:51,21min late,22:20,4min early,1h 29m,Landed
2025-09-13,SQ947,SIA947,Singapore Airlines,Singapore,SIN,WSSS,21:35,13:35,21:43,8min late,23:56,9min early,2h 12m,Landed
2025-09-13,IP105,PAS105,Pelita Air Service,Jakarta,CGK,WIII,21:40,13:40,21:45,5min late,22:10,19min early,1h 24m,Landed
2025-09-13,QZ819,AWQ819,Indonesia AirAsia,Jakarta,CGK,WIII,21:40,13:40,22:15,35min late,22:39,9min late,1h 24m,Landed
2025-09-13,QZ546,AWQ546,Indonesia AirAsia,Perth,PER,YPPH,21:55,13:55,22:00,5min late,22:00,39min early,0m,Landed
2025-09-13,OD157,MXD157,Malindo Air,Brisbane,BNE,YBBN,22:00,14:00,22:36,36min late,06:23,33min late,5h 47m,Landed
2025-09-13,GA718,GIA718,Garuda Indonesia,Melbourne,MEL,YMML,22:05,14:05,22:15,10min late,05:46,16min late,5h 30m,Landed
2025-09-13,JQ60,JST060,Jetstar Airways,Brisbane,BNE,YBBN,22:10,14:10,22:11,on time,05:51,11min late,5h 40m,Landed
2025-09-13,QF44,QFA044,Qantas,Sydney,SYD,YSSY,22:10,14:10,22:33,23min late,06:08,3min late,5h 35m,Landed
2025-09-13,OD171,MXD171,Malindo Air,Sydney,SYD,YSSY,22:15,14:15,18:43,31min early,06:49,44min late,10h 6m,Landed
2025-09-13,QG342,CTV342,Citilink,Makassar,UPG,WAAA,22:20,14:20,21:49,30min early,23:01,43min early,1h 11m,Landed
2025-09-13,IN2801,,NAM Air,Jakarta,CGK,WIII,22:25,14:25,,,,,1h 40m,
2025-09-13,JQ38,JST038,Jetstar Airways,Sydney,SYD,YSSY,22:35,14:35,22:38,3min late,06:12,17min early,5h 33m,Landed
2025-09-13,7C2712,JJA2712,Jeju Air,Seoul,ICN,RKSI,22:45,14:45,03:43,58min late,07:32,22min late,2h 49m,Landed
2025-09-13,QZ811,AWQ811,Indonesia AirAsia,Jakarta,CGK,WIII,22:50,14:50,00:24,34min late,00:41,1min late,1h 17m,Landed
2025-09-13,QF46,QFA046,Qantas,Melbourne,MEL,YMML,23:05,15:05,22:59,6min early,06:20,19min early,5h 21m,Landed
2025-09-13,JT3020,,Lion Air,Seoul,ICN,RKSI,23:05,15:05,23:05,on time,07:13,3min late,7h 8m,Landed
2025-09-13,VA82,VOZ082,Virgin Australia,Gold Coast,OOL,YBCG,23:20,15:20,23:21,on time,07:14,19min late,5h 53m,Landed
2025-09-13,GA714,GIA714,Garuda Indonesia,Sydney,SYD,YSSY,23:25,15:25,23:32,7min late,07:14,4min late,5h 41m,Landed
2025-09-13,JQ36,JST036,Jetstar Airways,Melbourne,MEL,YMML,23:30,15:30,23:36,6min late,07:03,1min early,5h 27m,Landed
2025-09-13,VA68,VOZ068,Virgin Australia,Sydney,SYD,YSSY,23:35,15:35,23:34,on time,07:41,3min early,6h 7m,Landed
2025-09-13,QZ542,AWQ542,Indonesia AirAsia,Cairns,CNS,YBCS,23:45,15:45,23:43,1min early,06:18,1min early,,Landed
2025-09-13,KE634,KAL634,Korean Air Lines,Seoul,ICN,RKSI,23:45,15:45,05:06,21min late,07:26,28min early,1h 19m,Landed
2025-09-13,JQ128,JST128,Jetstar Airways,Adelaide,ADL,YPAD,23:55,15:55,23:55,on time,06:00,14min early,4h 35m,Landed
2025-09-14,BX602,ABL602,Air Busan,Busan,PUS,RKPK,00:05,16:05,03:56,51min late,08:21,11min late,3h 24m,Landed
2025-09-14,GA880,GIA880,Garuda Indonesia,Tokyo,NRT,RJAA,00:20,16:20,00:45,25min late,08:38,11min early,6h 53m,Landed
2025-09-14,MF892,CXA892,Xiamen Airlines,Xiamen,XMN,ZSAM,00:30,16:30,00:28,2min early,05:59,5min early,5h 31m,Landed
2025-09-14,CZ626,CSN626,China Southern Airlines,Guangzhou,CAN,ZGGG,00:30,16:30,00:50,20min late,05:45,4min early,4h 54m,Landed
2025-09-14,EK399,UAE399,Emirates,Dubai,DXB,OMDB,00:35,16:35,05:28,53min late,05:41,6min late,4h 12m,Landed
2025-09-14,QR961,QTR961,Qatar Airways,Doha,DOH,OTHH,00:35,16:35,00:19,16min early,04:10,44min early,8h 51m,Landed
2025-09-14,KE630,KAL630,Korean Air Lines,Seoul,ICN,RKSI,00:50,16:50,03:16,26min late,08:25,54min early,4h 8m,Landed
2025-09-14,PR538,PAL538,Philippine Airlines,Manila,MNL,RPLL,00:55,16:55,00:39,16min early,04:31,18min early,3h 52m,Landed
2025-09-14,MU5030,CES5030,China Eastern Airlines,Shanghai,PVG,ZSPD,00:55,16:55,00:58,3min late,07:24,35min early,6h 25m,Landed
2025-09-14,QZ548,AWQ548,Indonesia AirAsia,Perth,PER,YPPH,01:05,17:05,00:16,48min early,03:30,24min early,3h 14m,Landed
2025-09-14,GA870,GIA870,Garuda Indonesia,Seoul,ICN,RKSI,01:15,17:15,01:49,34min late,09:29,14min late,6h 40m,Landed
2025-09-14,8B5888,,Business Air,Manado,MDC,WAMM,01:30,17:30,,,,,2h 35m,
2025-09-14,GA401,GIA401,Garuda Indonesia,Jakarta,CGK,WIII,07:00,23:00,07:14,14min late,07:48,11min early,1h 34m,Landed
2025-09-14,JT929,LNI929,Lion Air,Surabaya,SUB,WARR,07:00,23:00,08:19,19min late,08:10,10min late,51m,Landed
2025-09-14,QZ550,AWQ550,Indonesia AirAsia,Kuala Lumpur,KUL,WMKK,07:00,23:00,07:23,23min late,09:51,8min early,2h 27m,Landed
2025-09-14,JT944,,Lion Air,Makassar,UPG,WAAA,07:00,23:00,07:00,on time,08:16,3min early,1h 16m,Landed
2025-09-14,JT856,,Lion Air,Surabaya,SUB,WARR,07:00,23:00,07:00,on time,06:58,2min early,58m,Landed
2025-09-14,JT746,LNI746,Lion Air,Makassar,UPG,WAAA,07:00,23:00,07:37,37min late,08:35,15min late,58m,Landed
2025-09-14,JQ82,JST082,Jetstar Airways,Darwin,DRW,YPDN,07:00,23:00,06:53,7min early,11:13,1min early,2h 50m,Landed
2025-09-14,QG690,CTV690,Citilink,Surabaya,SUB,WARR,07:05,23:05,07:08,3min late,06:45,19min early,36m,Landed
2025-09-14,QZ502,AWQ502,Indonesia AirAsia,Singapore,SIN,WSSS,07:10,23:10,07:34,24min late,09:50,on time,2h 15m,Landed
2025-09-14,SQ949,SIA949,Singapore Airlines,Singapore,SIN,WSSS,07:10,23:10,07:18,8min late,09:27,33min early,2h 8m,Landed
2025-09-14,QZ644,AWQ644,Indonesia AirAsia,Labuan Bajo,LBJ,WATO,07:10,23:10,07:02,7min early,07:53,21min early,51m,Landed
2025-09-14,QZ813,AWQ813,Indonesia AirAsia,Jakarta,CGK,WIII,07:15,23:15,07:31,16min late,06:31,38min early,0m,Landed
2025-09-14,QG663,CTV663,Citilink,Jakarta,CGK,WIII,07:45,23:45,08:01,16min late,08:31,3min early,1h 29m,Landed
2025-09-14,IW1854,WON1854,Wings Air,Lombok,LOP,WADL,08:00,00:00,08:11,11min late,08:34,10min early,23m,Landed
2025-09-14,JT21,LNI021,Lion Air,Jakarta,CGK,WIII,08:05,00:05,08:37,32min late,09:04,4min late,1h 27m,Landed
2025-09-14,HX706,CRK706,Hong Kong Airlines,Hong Kong,HKG,VHHH,08:15,00:15,08:20,5min late,13:04,15min early,4h 44m,Landed
2025-09-14,QZ817,AWQ817,Indonesia AirAsia,Jakarta,CGK,WIII,08:30,00:30,08:39,9min late,09:03,16min early,1h 24m,Landed
2025-09-14,5J280,CEB280,CEBU Pacific Air,Manila,MNL,RPLL,08:35,00:35,08:53,18min late,12:38,11min early,3h 45m,Landed
2025-09-14,IW1850,WON1850,Wings Air,Lombok,LOP,WADL,08:35,00:35,08:56,21min late,09:18,1min early,22m,Landed
2025-09-14,CZ8482,CSN8482,China Southern Airlines,Guangzhou,CAN,ZGGG,08:40,00:40,10:32,52min late,13:26,23min early,2h 54m,Landed
2025-09-14,QZ504,AWQ504,Indonesia AirAsia,Singapore,SIN,WSSS,09:00,01:00,08:50,9min early,11:18,26min early,2h 27m,Landed
2025-09-14,8B80,TNU080,Business Air,Perth,PER,YPPH,09:05,01:05,09:18,13min late,12:35,19min early,3h 17m,Landed
2025-09-14,IN640,LKN640,NAM Air,Tambolaka,TMC,WADT,09:10,01:10,09:28,18min late,10:12,2min late,43m,Landed
2025-09-14,8B5105,,TransNusa,Jakarta,CGK,WIII,09:10,01:10,,,,,1h 50m,
2025-09-14,IW1856,WON1856,Wings Air,Lombok,LOP,WADL,09:10,01:10,09:12,2min late,09:35,19min early,23m,Landed
2025-09-14,IW1832,WON1832,Wings Air,Tambolaka,TMC,WADT,09:10,01:10,09:20,10min late,10:24,10min early,1h 4m,Landed
2025-09-14,ID6007,BTK6007,Batik Air,Perth,PER,YPPH,09:25,01:25,09:51,26min late,13:15,on time,3h 24m,Landed
2025-09-14,JT31,,Lion Air,Jakarta,CGK,WIII,09:30,01:30,09:30,,09:58,26min early,1h 28m,Landed
2025-09-14,QG500,CTV500,Citilink,Dili,DIL,WPDL,09:30,01:30,09:33,3min late,12:23,3min late,1h 50m,Landed
2025-09-14,QR965,QTR965,Qatar Airways,Doha,DOH,OTHH,09:55,01:55,11:26,31min late,13:37,42min early,7h 10m,Landed
2025-09-14,JT3569,LNI3569,Lion Air,Yogyakarta,YIA,WAHI,09:55,01:55,10:02,7min late,10:10,14min early,1h 8m,Landed
2025-09-14,AI2146,AIC2146,Air India,Delhi,DEL,VIDP,10:00,02:00,09:56,4min early,14:44,50min early,7h 18m,Landed
2025-09-14,IW1882,WQN1882,Wings Air,Sumbawa Besar,SWQ,WADS,10:00,02:00,10:06,6min late,10:47,12min early,41m,Landed
2025-09-14,JT270,LNI270,Lion Air,Kupang,KOE,WATT,10:00,02:00,23:11,11min late,11:43,3min late,,Landed
2025-09-14,SQ935,SIA935,Singapore Airlines,Singapore,SIN,WSSS,10:05,02:05,10:31,26min late,12:36,8min early,2h 5m,Landed
2025-09-14,SU297,AFL297,Aeroflot,Moscow,SVO,UUEE,10:05,02:05,10:48,43min late,17:53,51min early,12h 5m,Landed
2025-09-14,8B5101,,Business Air,Jakarta,CGK,WIII,10:25,02:25,,,,,1h 50m,
2025-09-14,JT33,LNI033,Lion Air,Jakarta,CGK,WIII,10:30,02:30,10:40,10min late,11:10,14min early,1h 29m,Landed
2025-09-14,JT805,LNI805,Lion Air,Surabaya,SUB,WARR,10:35,02:35,11:19,44min late,11:02,27min late,43m,Landed
2025-09-14,QZ815,AWQ815,Indonesia AirAsia,Jakarta,CGK,WIII,10:35,02:35,10:37,2min late,11:07,22min early,1h 30m,Landed
2025-09-14,JT927,LNI927,Lion Air,Surakarta,SOC,WAHQ,10:40,02:40,11:01,21min late,11:01,1min late,59m,Landed
2025-09-14,TR281,TGW281,Scoot,Singapore,SIN,WSSS,10:50,02:50,11:06,16min late,13:17,12min early,2h 10m,Landed
2025-09-14,QG197,CTV197,Citilink,Jakarta,HLP,WIHH,11:10,03:10,11:04,5min early,11:37,22min early,1h 33m,Landed
2025-09-14,JQ126,JST126,Jetstar Airways,Adelaide,ADL,YPAD,11:15,03:15,11:14,on time,17:15,14min early,4h 31m,Landed
2025-09-14,GA620,GIA620,Garuda Indonesia,Makassar,UPG,WAAA,11:20,03:20,11:23,3min late,12:25,24min early,1h 2m,Landed
2025-09-14,6E1606,IGO1606,IndiGo,Bangalore,BLR,VOBL,11:20,03:20,11:26,6min late,14:56,13min early,6h 0m,Landed
2025-09-14,JQ109,JST109,Jetstar Airways,Perth,PER,YPPH,11:40,03:40,11:34,5min early,14:50,34min early,3h 15m,Landed
2025-09-14,OD307,MXD307,Malindo Air,Kuala Lumpur,KUL,WMKK,11:45,03:45,12:05,20min late,14:44,on time,2h 38m,Landed
2025-09-14,GA407,GIA407,Garuda Indonesia,Jakarta,CGK,WIII,11:50,03:50,12:15,25min late,11:15,29min early,0m,Landed
2025-09-14,JQ32,JST032,Jetstar Airways,Melbourne,MEL,YMML,11:55,03:55,11:42,13min early,18:58,31min early,5h 16m,Landed
2025-09-14,OD192,MXD192,Malindo Air,Kuala Lumpur,KUL,WMKK,11:55,03:55,12:21,26min late,14:51,13min early,2h 30m,Landed
2025-09-14,JQ40,JST040,Jetstar Airways,Sydney,SYD,YSSY,11:55,03:55,11:53,2min early,19:37,12min early,5h 44m,Landed
2025-09-14,FD397,AIQ397,Thai AirAsia,Bangkok,DMK,VTBD,12:00,04:00,12:39,39min late,15:34,on time,3h 55m,Landed
2025-09-14,QZ618,AWQ618,Indonesia AirAsia,Banjarmasin,BDJ,WAOO,12:05,04:05,13:48,43min late,14:48,18min late,59m,Landed
2025-09-14,GA253,GIA253,Garuda Indonesia,Yogyakarta,YIA,WAHI,12:05,04:05,12:24,19min late,12:49,5min early,1h 25m,Landed
2025-09-14,SQ937,SIA937,Singapore Airlines,Singapore,SIN,WSSS,12:10,04:10,12:42,32min late,15:01,6min late,2h 19m,Landed
2025-09-14,QG9696,CTV9696,Citilink,Surabaya,SUB,WARR,12:15,04:15,12:14,on time,12:10,9min early,56m,Landed
2025-09-14,IN7742,LKN7742,NAM Air,Tambolaka,TMC,WADT,12:20,04:20,18:59,39min late,19:42,22min late,43m,Landed
2025-09-14,SJ742,,Sriwijaya Air,Tambolaka,TMC,WADT,12:20,04:20,,,,,1h 0m,
2025-09-14,D7795,XAX795,AirAsia X,Kuala Lumpur,KUL,WMKK,12:30,04:30,13:06,36min late,15:35,9min early,2h 28m,Landed
2025-09-14,QZ805,AWQ805,Indonesia AirAsia,Jakarta,CGK,WIII,12:40,04:40,13:11,31min late,13:42,2min late,1h 31m,Landed
2025-09-14,IP103,PAS103,Pelita Air Service,Jakarta,CGK,WIII,12:45,04:45,12:54,9min late,13:22,17min early,1h 27m,Landed
2025-09-14,OD158,MXD158,Malindo Air,Kuala Lumpur,KUL,WMKK,12:45,04:45,13:05,20min late,15:43,11min early,2h 38m,Landed
2025-09-14,IW1848,WON1848,Wings Air,Lombok,LOP,WADL,12:45,04:45,14:17,32min late,14:41,11min late,24m,Landed
2025-09-14,ID7308,BTK7308,Batik Air,Jakarta,HLP,WIHH,12:50,04:50,13:10,20min late,13:41,6min late,1h 31m,Landed
2025-09-14,MH714,MAS714,Malaysia Airlines,Kuala Lumpur,KUL,WMKK,12:55,04:55,13:35,40min late,16:25,25min late,2h 50m,Landed
2025-09-14,8B82,TNU082,Business Air,Perth,PER,YPPH,12:55,04:55,13:20,25min late,16:33,21min early,3h 12m,Landed
2025-09-14,SQ939,SIA939,Singapore Airlines,Singapore,SIN,WSSS,13:05,05:05,13:29,24min late,15:43,7min early,2h 14m,Landed
2025-09-14,JT35,LNI035,Lion Air,Jakarta,CGK,WIII,13:10,05:10,14:32,22min late,15:05,0min late,1h 33m,Landed
2025-09-14,VJ900,VJC900,VietJet Air,Hanoi,HAN,VVNB,13:10,05:10,13:32,22min late,17:06,13min early,4h 33m,Landed
2025-09-14,JQ58,JST058,Jetstar Airways,Brisbane,BNE,YBBN,13:15,05:15,13:13,2min early,21:06,21min late,5h 53m,Landed
2025-09-14,OD172,MXD172,Malindo Air,Kuala Lumpur,KUL,WMKK,13:15,05:15,14:37,22min late,17:19,54min late,2h 41m,Landed
2025-09-14,IW1834,,Wings Air,Tambolaka,TMC,WADT,13:20,05:20,13:20,,14:26,18min early,1h 6m,Landed
2025-09-14,8G182,DTL182,Mid Africa Aviation,Dili,DIL,WPDL,13:25,05:25,13:51,26min late,16:30,10min late,1h 39m,Landed
2025-09-14,GA409,GIA409,Garuda Indonesia,Jakarta,CGK,WIII,13:25,05:25,13:47,22min late,14:35,10min late,1h 48m,Landed
2025-09-14,JT660,LNI660,Lion Air,Balikpapan,BPN,WALL,13:25,05:25,13:36,11min late,14:57,12min early,1h 20m,Landed
2025-09-14,OD178,MXD178,Malindo Air,Kuala Lumpur,KUL,WMKK,13:25,05:25,13:55,30min late,16:39,4min late,2h 43m,Landed
2025-09-14,D7799,XAX799,AirAsia X,Kuala Lumpur,KUL,WMKK,13:35,05:35,15:37,2min late,18:08,18min late,2h 30m,Landed
2025-09-14,IW1826,WON1826,Wings Air,Bima,BMU,WADB,13:40,05:40,15:25,45min late,16:29,24min late,1h 4m,Landed
2025-09-14,QZ506,AWQ506,Indonesia AirAsia,Singapore,SIN,WSSS,13:45,05:45,14:02,17min late,16:24,15min early,2h 22m,Landed
2025-09-14,ID7135,BTK7135,Batik Air,Singapore,SIN,WSSS,13:45,05:45,14:24,39min late,16:54,14min late,2h 29m,Landed
2025-09-14,8B5107,TNU5107,Business Air,Jakarta,CGK,WIII,13:50,05:50,14:31,41min late,15:01,21min late,1h 30m,Landed
2025-09-14,TR289,TGW289,Scoot,Singapore,SIN,WSSS,14:00,06:00,16:37,37min late,19:05,5min late,2h 27m,Landed
2025-09-14,JT25,LNI025,Lion Air,Jakarta,CGK,WIII,14:00,06:00,14:26,26min late,14:57,2min late,1h 30m,Landed
2025-09-14,VJ894,VJC894,VietJet Air,Ho Chi Minh City,SGN,VVTS,14:05,06:05,14:23,18min late,16:44,10min early,3h 21m,Landed
2025-09-14,JT569,LNI569,Lion Air,Yogyakarta,YIA,WAHI,14:10,06:10,14:35,25min late,14:48,8min late,1h 12m,Landed
2025-09-14,ID7637,BTK7637,Batik Air,Bangkok,DMK,VTBD,14:15,06:15,14:55,40min late,17:51,6min late,3h 55m,Landed
2025-09-14,JT23,,Lion Air,Jakarta,CGK,WIII,14:35,06:35,,,,,1h 55m,
2025-09-14,QG681,CTV681,Citilink,Jakarta,CGK,WIII,14:40,06:40,14:45,5min late,15:37,2min late,1h 52m,Landed
2025-09-14,JT273,,Lion Air,Semarang,SRG,WIIS,14:40,06:40,15:04,24min late,15:08,3min late,1h 4m,Landed
2025-09-14,JT740,LNI740,Lion Air,Makassar,UPG,WAAA,14:40,06:40,16:45,5min late,17:49,49min late,1h 4m,Landed
2025-09-14,IW1884,WON1884,Wings Air,Waingapu,WGP,WADW,14:40,06:40,14:42,2min late,16:04,25min early,1h 22m,Landed
2025-09-14,AK377,AXM377,AirAsia,Kuala Lumpur,KUL,WMKK,14:45,06:45,15:02,17min late,17:58,3min late,2h 56m,Landed
2025-09-14,JT924,LNI924,Lion Air,Kupang,KOE,WATT,14:55,06:55,15:49,54min late,17:23,48min late,1h 33m,Landed
2025-09-14,IU368,SJV368,SW Italia,Medan,KNO,WIMM,14:55,06:55,15:15,20min late,17:20,9min early,3h 5m,Landed
2025-09-14,JQ44,JST044,Jetstar Airways,Melbourne,MEL,YMML,14:55,06:55,15:07,12min late,22:04,25min early,4h 56m,Landed
2025-09-14,JT844,LNI844,Lion Air,Banjarmasin,BDJ,WAOO,15:00,07:00,15:22,22min late,16:25,on time,1h 3m,Landed
2025-09-14,JT3273,LNI3273,Lion Air,Semarang,SRG,WIIS,15:03,07:03,15:03,on time,15:05,2min early,1h 1m,Landed
2025-09-14,QZ244,AWQ244,Indonesia AirAsia,Bangkok,DMK,VTBD,15:10,07:10,15:45,35min late,18:48,18min late,4h 3m,Landed
2025-09-14,8B5103,,TransNusa,Jakarta,CGK,WIII,15:10,07:10,,,,,1h 45m,
2025-09-14,VA50,VOZ050,Virgin Australia,Brisbane,BNE,YBBN,15:15,07:15,15:08,7min early,23:04,4min late,5h 56m,Landed
2025-09-14,GA842,GIA842,Garuda Indonesia,Singapore,SIN,WSSS,15:15,07:15,15:31,16min late,17:55,4min early,2h 24m,Landed
2025-09-14,VJ898,VJC898,VietJet Air,Ho Chi Minh City,SGN,VVTS,15:30,07:30,15:51,21min late,18:18,1min early,3h 27m,Landed
2025-09-14,CI772,CAL772,China Airlines,Taipei,TPE,RCTP,15:40,07:40,16:11,31min late,21:29,24min late,5h 18m,Landed
2025-09-14,IU703,SJV703,SW Italia,Surabaya,SUB,WARR,15:40,07:40,16:51,11min late,16:34,54min late,43m,Landed
2025-09-14,IP109,PAS109,Pelita Air Service,Jakarta,CGK,WIII,15:45,07:45,15:59,14min late,16:30,4min early,1h 31m,Landed
2025-09-14,QZ646,AWQ646,Indonesia AirAsia,Labuan Bajo,LBJ,WATO,15:45,07:45,15:55,10min late,16:44,15min early,48m,Landed
2025-09-14,VA92,VOZ092,Virgin Australia,Melbourne,MEL,YMML,15:50,07:50,15:50,on time,23:05,19min early,5h 15m,Landed
2025-09-14,JQ43,JST043,Jetstar Airways,Singapore,SIN,WSSS,15:50,07:50,15:44,6min early,18:31,1min late,2h 47m,Landed
2025-09-14,GA411,GIA411,Garuda Indonesia,Jakarta,CGK,WIII,15:55,07:55,16:14,19min late,16:44,15min early,1h 29m,Landed
2025-09-14,ID8335,BTK8335,Batik Air,Labuan Bajo,LBJ,WATO,15:55,07:55,12:50,4min early,13:42,22min early,52m,Landed
2025-09-14,SJ717,,Sriwijaya Air,Makassar,UPG,WAAA,16:00,08:00,,,,,1h 20m,
2025-09-14,GA421,GIA421,Garuda Indonesia,Jakarta,CGK,WIII,16:00,08:00,16:28,28min late,17:03,8min late,1h 35m,Landed
2025-09-14,VN640,HVN640,Vietnam Airlines,Ho Chi Minh City,SGN,VVTS,16:00,08:00,16:43,43min late,19:04,24min late,3h 20m,Landed
2025-09-14,QG195,CTV195,Citilink,Jakarta,HLP,WIHH,16:10,08:10,16:26,16min late,16:55,4min early,1h 28m,Landed
2025-09-14,QZ807,AWQ807,Indonesia AirAsia,Jakarta,CGK,WIII,16:10,08:10,16:16,6min late,16:44,30min early,1h 28m,Landed
2025-09-14,CX784,CPA784,Cathay Pacific,Hong Kong,HKG,VHHH,16:10,08:10,16:02,8min early,20:41,43min early,4h 39m,Landed
2025-09-14,QZ536,AWQ536,Indonesia AirAsia,Perth,PER,YPPH,16:15,08:15,16:33,18min late,19:48,21min early,3h 15m,Landed
2025-09-14,MH850,MAS850,Malaysia Airlines,Kuala Lumpur,KUL,WMKK,16:25,08:25,16:29,4min late,19:51,16min late,3h 22m,Landed
2025-09-14,BR256,EVA256,EVA Airways,Taipei,TPE,RCTP,16:30,08:30,16:32,2min late,21:54,5min early,5h 22m,Landed
2025-09-14,QG669,CTV669,Citilink,Surabaya,SUB,WARR,16:35,08:35,16:24,11min early,16:21,23min early,57m,Landed
2025-09-14,IU743,SJV743,SW Italia,Jakarta,CGK,WIII,16:35,08:35,17:40,5min late,18:11,41min late,1h 31m,Landed
2025-09-14,QZ246,AWQ246,Indonesia AirAsia,Phuket,HKT,VTSP,16:40,08:40,17:30,50min late,20:04,24min late,3h 33m,Landed
2025-09-14,JT744,LNI744,Lion Air,Makassar,UPG,WAAA,16:40,08:40,17:44,4min late,18:44,44min late,1h 0m,Landed
2025-09-14,QZ642,AWQ642,Indonesia AirAsia,Labuan Bajo,LBJ,WATO,16:45,08:45,17:23,38min late,18:19,19min late,56m,Landed
2025-09-14,GA7036,GIA7036,Garuda Indonesia,Labuan Bajo,LBJ,WATO,16:50,08:50,17:19,29min late,18:17,17min late,58m,Landed
2025-09-14,HO1356,DKH1356,Juneyao Airlines,Shanghai,PVG,ZSPD,16:50,08:50,17:21,31min late,23:29,10min early,6h 7m,Landed
2025-09-14,IU273,SJV273,SW Italia,Pontianak,PNK,WIOO,16:50,08:50,18:38,48min late,19:21,31min late,1h 43m,Landed
2025-09-14,TG432,THA432,Thai Airways International,Bangkok,BKK,VTBS,16:55,08:55,16:59,4min late,19:42,22min early,3h 43m,Landed
2025-09-14,ID6335,BTK6335,Batik Air,Labuan Bajo,LBJ,WATO,17:00,09:00,12:50,9min early,13:42,27min early,52m,Landed
2025-09-14,VJ998,VJC998,VietJet Air,Hanoi,HAN,VVNB,17:30,09:30,17:37,7min late,21:17,27min early,4h 40m,Landed
2025-09-14,IU759,SJV759,SW Italia,Jakarta,CGK,WIII,17:35,09:35,18:12,37min late,18:56,26min late,1h 43m,Landed
2025-09-14,GA349,GIA349,Garuda Indonesia,Surabaya,SUB,WARR,17:35,09:35,17:49,14min late,17:39,5min early,50m,Landed
2025-09-14,GA419,GIA419,Garuda Indonesia,Jakarta,CGK,WIII,17:35,09:35,18:10,35min late,18:40,5min late,1h 30m,Landed
2025-09-14,D7793,XAX793,AirAsia X,Kuala Lumpur,KUL,WMKK,17:40,09:40,17:55,15min late,20:33,21min early,2h 38m,Landed
2025-09-14,NZ291,ANZ291,Air New Zealand,Auckland,AKL,NZAA,17:50,09:50,17:46,4min early,05:13,16min early,7h 27m,Landed
2025-09-14,OD193,MXD193,Malindo Air,Perth,PER,YPPH,18:10,10:10,19:38,28min late,22:46,1min late,3h 8m,Landed
2025-09-14,JT567,LNI567,Lion Air,Yogyakarta,YIA,WAHI,18:25,10:25,18:55,30min late,19:11,16min late,1h 16m,Landed
2025-09-14,GA417,GIA417,Garuda Indonesia,Jakarta,CGK,WIII,18:30,10:30,19:21,51min late,19:53,23min late,1h 32m,Landed
2025-09-14,IN281,LKN281,Nam Air,Jakarta,CGK,WIII,18:30,10:30,22:24,54min late,22:49,39min late,1h 25m,Landed
2025-09-14,SL259,TLM259,Thai Lion Air,Bangkok,DMK,VTBD,18:40,10:40,20:09,29min late,23:06,6min late,3h 57m,Landed
2025-09-14,JT925,LNI925,Lion Air,Surakarta,SOC,WAHQ,18:40,10:40,19:37,57min late,19:38,38min late,1h 1m,Landed
2025-09-14,ID6415,BTK6415,Batik Air,Surabaya,SUB,WARR,18:45,10:45,19:55,10min late,19:36,51min late,41m,Landed
2025-09-14,8B5109,TNU5109,Business Air,Jakarta,CGK,WIII,18:45,10:45,19:44,59min late,20:19,49min late,1h 35m,Landed
2025-09-14,EY477,ETD477,Etihad Airways,Abu Dhabi,AUH,OMAA,18:45,10:45,19:15,30min late,23:37,7min late,8h 21m,Landed
2025-09-14,CX782,CPA782,Cathay Pacific,Hong Kong,HKG,VHHH,18:45,10:45,18:46,on time,23:34,30min early,4h 48m,Landed
2025-09-14,QZ809,AWQ809,Indonesia AirAsia,Jakarta,CGK,WIII,18:50,10:50,19:52,2min late,20:24,39min late,1h 32m,Landed
2025-09-14,IU527,SJV527,SW Italia,Manado,MDC,WAMM,19:00,11:00,09:03,3min late,11:13,33min late,2h 10m,Landed
2025-09-14,QG689,CTV689,Citilink,Jakarta,CGK,WIII,19:00,11:00,19:29,29min late,20:05,5min late,1h 36m,Landed
2025-09-14,TG440,THA440,Thai Airways International,Bangkok,BKK,VTBS,19:00,11:00,19:31,31min late,22:36,26min late,4h 5m,Landed
2025-09-14,JT27,LNI027,Lion Air,Jakarta,CGK,WIII,19:05,11:05,20:28,23min late,20:59,59min late,1h 31m,Landed
2025-09-14,AK379,AXM379,AirAsia,Kuala Lumpur,KUL,WMKK,19:15,11:15,19:42,27min late,22:42,22min late,3h 0m,Landed
2025-09-14,QR963,QTR963,Qatar Airways,Doha,DOH,OTHH,19:20,11:20,19:39,19min late,23:45,5min late,9h 6m,Landed
2025-09-14,MH852,MAS852,Malaysia Airlines,Kuala Lumpur,KUL,WMKK,19:20,11:20,19:29,9min late,22:32,12min late,3h 3m,Landed
2025-09-14,ID7310,BTK7310,Batik Air,Jakarta,HLP,WIHH,19:25,11:25,19:42,17min late,20:12,2min late,1h 29m,Landed
2025-09-14,QG699,CTV699,Citilink,Surabaya,SUB,WARR,19:30,11:30,19:40,10min late,19:23,16min early,43m,Landed
2025-09-14,TR287,TGW287,Scoot,Singapore,SIN,WSSS,19:40,11:40,20:17,37min late,22:31,16min late,2h 13m,Landed
2025-09-14,8B969,TNU969,Business Air,Guangzhou,CAN,ZGGG,19:40,11:40,20:12,32min late,01:00,on time,4h 48m,Landed
2025-09-14,JT923,LNI923,Lion Air,Surabaya,SUB,WARR,19:45,11:45,21:29,44min late,21:11,26min late,42m,Landed
2025-09-14,EK369,UAE369,Emirates,Dubai,DXB,OMDB,19:45,11:45,21:35,50min late,00:55,5min late,7h 19m,Landed
2025-09-14,ID6413,BTK6413,Batik Air,Surabaya,SUB,WARR,19:50,11:50,20:44,54min late,20:26,36min late,41m,Landed
2025-09-14,JT271,LNI271,Lion Air,Semarang,SRG,WIIS,19:50,11:50,21:22,32min late,21:41,26min late,1h 18m,Landed
2025-09-14,ID8517,BTK8517,Batik Air,Jakarta,CGK,WIII,20:00,12:00,21:24,24min late,21:50,55min late,1h 26m,Landed
2025-09-14,GA415,GIA415,Garuda Indonesia,Jakarta,CGK,WIII,20:00,12:00,20:06,6min late,20:47,12min early,1h 41m,Landed
2025-09-14,SQ945,SIA945,Singapore Airlines,Singapore,SIN,WSSS,20:00,12:00,20:34,34min late,22:50,10min late,2h 16m,Landed
2025-09-14,QG9692,CTV9692,Citilink,Surabaya,SUB,WARR,20:20,12:20,20:11,9min early,19:57,32min early,46m,Landed
2025-09-14,GA427,GIA427,Garuda Indonesia,Jakarta,CGK,WIII,20:30,12:30,20:37,7min late,21:13,16min early,1h 35m,Landed
2025-09-14,QG342,CTV342,Citilink,Makassar,UPG,WAAA,20:30,12:30,21:02,32min late,22:06,1min late,1h 3m,Landed
2025-09-14,KL836,,KLM Royal Dutch Airlines,Singapore,SIN,WSSS,20:35,12:35,21:10,35min late,23:32,22min late,2h 22m,Landed
2025-09-14,GA463,GIA463,Garuda Indonesia,Jakarta,HLP,WIHH,20:40,12:40,21:34,54min late,21:58,23min late,1h 23m,Landed
2025-09-14,OD177,MXD177,Malindo Air,Melbourne,MEL,YMML,21:00,13:00,18:45,14min early,06:02,22min late,9h 17m,Landed
2025-09-14,GA425,GIA425,Garuda Indonesia,Jakarta,CGK,WIII,21:15,13:15,21:40,25min late,22:08,1min early,1h 27m,Landed
2025-09-14,TK67,THY067,Turkish Airlines,Istanbul,IST,LTFM,21:20,13:20,21:12,7min early,04:21,53min early,12h 9m,Landed
2025-09-14,JQ34,JST034,Jetstar Airways,Melbourne,MEL,YMML,21:20,13:20,21:25,5min late,04:43,11min early,5h 18m,Landed
2025-09-14,OD171,MXD171,Malindo Air,Sydney,SYD,YSSY,21:20,13:20,16:41,38min early,06:00,35min late,11h 19m,Landed
2025-09-14,AK375,AXM375,AirAsia,Kuala Lumpur,KUL,WMKK,21:25,13:25,21:25,on time,00:31,1min late,3h 6m,Landed
2025-09-14,ID6760,BTK6760,Batik Air,Makassar,UPG,WAAA,21:30,13:30,22:01,31min late,23:01,11min late,59m,Landed
2025-09-14,JQ117,JST117,Jetstar Airways,Perth,PER,YPPH,21:30,13:30,21:25,5min early,01:05,14min early,3h 40m,Landed
2025-09-14,JT15,LNI015,Lion Air,Jakarta,CGK,WIII,21:30,13:30,23:07,37min late,23:47,22min late,1h 39m,Landed
2025-09-14,SQ947,SIA947,Singapore Airlines,Singapore,SIN,WSSS,21:35,13:35,22:05,30min late,00:13,8min late,2h 7m,Landed
2025-09-14,QZ819,AWQ819,Indonesia AirAsia,Jakarta,CGK,WIII,21:40,13:40,22:35,55min late,23:00,30min late,1h 25m,Landed
2025-09-14,IP105,PAS105,Pelita Air Service,Jakarta,CGK,WIII,21:40,13:40,21:56,16min late,22:21,8min early,1h 25m,Landed
2025-09-14,QG685,CTV685,Citilink,Jakarta,CGK,WIII,21:55,13:55,22:02,7min late,22:49,6min early,1h 47m,Landed
2025-09-14,QZ546,AWQ546,Indonesia AirAsia,Perth,PER,YPPH,21:55,13:55,22:08,13min late,01:25,14min early,3h 16m,Landed
2025-09-14,OD157,MXD157,Malindo Air,Brisbane,BNE,YBBN,22:00,14:00,23:26,26min late,06:48,58min late,5h 21m,Landed
2025-09-14,GA718,GIA718,Garuda Indonesia,Melbourne,MEL,YMML,22:05,14:05,22:16,11min late,05:14,15min early,4h 57m,Landed
2025-09-14,QF44,QFA044,Qantas,Sydney,SYD,YSSY,22:10,14:10,22:10,on time,06:03,1min early,5h 53m,Landed
2025-09-14,IN2801,,Nam Air,Jakarta,CGK,WIII,22:25,14:25,22:25,,23:05,,1h 40m,Landed
2025-09-14,JQ38,JST038,Jetstar Airways,Sydney,SYD,YSSY,22:35,14:35,22:33,2min early,06:18,11min early,5h 45m,Landed
2025-09-14,7C2712,JJA2712,Jeju Air,Seoul,ICN,RKSI,22:45,14:45,23:00,15min late,07:04,5min early,7h 3m,Landed
2025-09-14,QZ811,AWQ811,Indonesia AirAsia,Jakarta,CGK,WIII,22:50,14:50,01:00,10min late,01:33,53min late,1h 33m,Landed
2025-09-14,QF46,QFA046,Qantas,Melbourne,MEL,YMML,23:05,15:05,23:14,9min late,06:20,19min early,5h 6m,Landed
2025-09-14,VA96,VOZ096,Virgin Australia,Melbourne,MEL,YMML,23:05,15:05,22:49,16min early,05:55,44min early,5h 6m,Landed
2025-09-14,JT3020,,Lion Air,Seoul,ICN,RKSI,23:05,15:05,23:13,8min late,07:07,2min early,6h 53m,Landed
2025-09-14,VA82,VOZ082,Virgin Australia,Gold Coast,OOL,YBCG,23:20,15:20,23:21,on time,06:52,2min early,5h 31m,Landed
2025-09-14,GA714,GIA714,Garuda Indonesia,Sydney,SYD,YSSY,23:25,15:25,00:13,48min late,02:13,56min early,0m,Landed
2025-09-14,JQ36,JST036,Jetstar Airways,Melbourne,MEL,YMML,23:30,15:30,23:36,6min late,06:38,26min early,5h 2m,Landed
2025-09-14,VA68,VOZ068,Virgin Australia,Sydney,SYD,YSSY,23:35,15:35,00:29,54min late,07:01,43min early,4h 32m,Landed
2025-09-14,QZ420,AWQ420,Indonesia AirAsia,Adelaide,ADL,YPAD,23:45,15:45,23:59,14min late,06:01,23min early,4h 32m,Landed
2025-09-14,JQ94,JST094,Jetstar Airways,Gold Coast,OOL,YBCG,23:45,15:45,23:45,on time,07:15,on time,5h 30m,Landed
2025-09-14,KE634,KAL634,Korean Air Lines,Seoul,ICN,RKSI,23:45,15:45,23:44,on time,07:41,13min early,6h 57m,Landed
2025-09-14,QZ542,AWQ542,Indonesia AirAsia,Cairns,CNS,YBCS,23:45,15:45,23:52,7min late,01:52,42min early,0m,Landed
2025-09-14,JQ128,JST128,Jetstar Airways,Adelaide,ADL,YPAD,23:55,15:55,00:23,28min late,06:13,3min late,4h 19m,Landed
2025-09-15,BX602,ABL602,Air Busan,Busan,PUS,RKPK,00:05,16:05,00:25,20min late,07:53,16min early,6h 28m,Landed
2025-09-15,GA880,GIA880,Garuda Indonesia,Tokyo,NRT,RJAA,00:20,16:20,00:32,12min late,01:32,17min early,0m,Landed
2025-09-15,MF892,CXA892,Xiamen Airlines,Xiamen,XMN,ZSAM,00:30,16:30,00:32,2min late,06:02,2min early,5h 30m,Landed
2025-09-15,CZ626,CSN626,China Southern Airlines,Guangzhou,CAN,ZGGG,00:30,16:30,01:02,32min late,05:53,3min late,4h 51m,Landed
2025-09-15,QR961,QTR961,Qatar Airways,Doha,DOH,OTHH,00:35,16:35,00:34,on time,04:33,21min early,8h 59m,Landed
2025-09-15,EK399,UAE399,Emirates,Dubai,DXB,OMDB,00:35,16:35,00:44,9min late,05:16,18min early,8h 32m,Landed
2025-09-15,KE630,KAL630,Korean Air Lines,Seoul,ICN,RKSI,00:50,16:50,01:08,18min late,08:41,38min early,6h 33m,Landed
2025-09-15,PR538,PAL538,Philippine Airlines,Manila,MNL,RPLL,00:55,16:55,03:35,40min late,04:43,6min early,1h 7m,Landed
2025-09-15,MU5030,CES5030,China Eastern Airlines,Shanghai,PVG,ZSPD,00:55,16:55,01:24,29min late,07:50,9min early,6h 26m,Landed
2025-09-15,SJ726,,Sriwijaya Air,Makassar,UPG,WAAA,01:00,17:00,,,,,1h 20m,
2025-09-15,5J282,CEB282,CEBU Pacific Air,Manila,MNL,RPLL,01:00,17:00,01:16,16min late,04:54,30min early,3h 38m,Landed
2025-09-15,QZ548,AWQ548,Indonesia AirAsia,Perth,PER,YPPH,01:05,17:05,00:16,48min early,03:30,24min early,3h 14m,Landed
2025-09-15,GA870,GIA870,Garuda Indonesia,Seoul,ICN,RKSI,01:15,17:15,01:49,34min late,09:29,14min late,6h 40m,Landed
2025-09-15,8B5888,TNU5888,TransNusa,Manado,MDC,WAMM,01:30,17:30,01:28,1min early,03:35,29min early,2h 7m,Landed
2025-09-15,JT856,,Lion Air,Surabaya,SUB,WARR,07:00,23:00,07:00,on time,07:02,1min late,1h 2m,Landed
2025-09-15,JT929,LNI929,Lion Air,Surabaya,SUB,WARR,07:00,23:00,07:13,13min late,06:50,9min early,36m,Landed
2025-09-15,JT944,,Lion Air,Makassar,UPG,WAAA,07:00,23:00,07:00,on time,08:23,3min late,1h 23m,Landed
2025-09-15,JT746,LNI746,Lion Air,Makassar,UPG,WAAA,07:00,23:00,07:23,23min late,08:29,9min late,1h 5m,Landed
2025-09-15,QZ550,,Indonesia AirAsia,Kuala Lumpur,KUL,WMKK,07:00,23:00,,,,,3h 0m,Cancelled
2025-09-15,GA401,GIA401,Garuda Indonesia,Jakarta,CGK,WIII,07:00,23:00,07:31,31min late,08:04,4min late,1h 32m,Landed
2025-09-15,JQ82,JST082,Jetstar Airways,Darwin,DRW,YPDN,07:00,23:00,07:09,9min late,08:39,35min early,,Landed
2025-09-15,QZ534,AWQ534,Indonesia AirAsia,Perth,PER,YPPH,07:05,23:05,07:06,1min late,10:32,27min early,3h 25m,Landed
2025-09-15,QG690,CTV690,Citilink,Surabaya,SUB,WARR,07:05,23:05,07:01,3min early,06:41,23min early,40m,Landed
2025-09-15,QZ644,AWQ644,Indonesia AirAsia,Labuan Bajo,LBJ,WATO,07:10,23:10,07:16,6min late,07:16,58min early,0m,Landed
2025-09-15,QZ502,AWQ502,Indonesia AirAsia,Singapore,SIN,WSSS,07:10,23:10,07:42,32min late,10:03,13min late,2h 21m,Landed
2025-09-15,SQ949,SIA949,Singapore Airlines,Singapore,SIN,WSSS,07:10,23:10,07:22,12min late,09:32,27min early,2h 10m,Landed
2025-09-15,QG663,CTV663,Citilink,Jakarta,CGK,WIII,07:45,23:45,07:59,14min late,08:34,on time,1h 35m,Landed
2025-09-15,IW3330,WON3330,Wings Air,,,,08:00,00:00,08:19,19min late,10:45,5min late,2h 25m,Landed
2025-09-15,IW1854,WON1854,Wings Air,Lombok,LOP,WADL,08:00,00:00,08:10,10min late,08:33,11min early,22m,Landed
2025-09-15,JT21,LNI021,Lion Air,Jakarta,CGK,WIII,08:05,00:05,08:26,21min late,08:54,5min early,1h 27m,Landed
2025-09-15,HX706,CRK706,Hong Kong Airlines,Hong Kong,HKG,VHHH,08:15,00:15,08:20,5min late,13:10,9min early,4h 50m,Landed
2025-09-15,IW1850,WON1850,Wings Air,Lombok,LOP,WADL,08:35,00:35,09:09,34min late,09:30,10min late,21m,Landed
2025-09-15,5J280,CEB280,CEBU Pacific Air,Manila,MNL,RPLL,08:35,00:35,09:18,43min late,13:05,15min late,3h 47m,Landed
2025-09-15,CZ8482,CSN8482,China Southern Airlines,Guangzhou,CAN,ZGGG,08:40,00:40,08:45,5min late,13:32,17min early,4h 47m,Landed
2025-09-15,8B80,TNU080,Business Air,Perth,PER,YPPH,09:05,01:05,09:07,2min late,12:22,32min early,3h 15m,Landed
2025-09-15,IN640,LKN640,NAM Air,Tambolaka,TMC,WADT,09:10,01:10,09:16,6min late,10:01,8min early,45m,Landed
2025-09-15,IW1832,WON1832,Wings Air,Tambolaka,TMC,WADT,09:10,01:10,09:32,22min late,10:36,1min late,1h 4m,Landed
2025-09-15,8B5105,TNU5105,Business Air,Jakarta,CGK,WIII,09:10,01:10,09:22,12min late,09:49,10min early,1h 27m,Landed
2025-09-15,ID6007,BTK6007,Batik Air,Perth,PER,YPPH,09:25,01:25,09:36,11min late,12:53,21min early,3h 17m,Landed
2025-09-15,QG500,CTV500,Citilink,Dili,DIL,WPDL,09:30,01:30,09:23,6min early,12:07,12min early,1h 44m,Landed
2025-09-15,JT31,,Lion Air,Jakarta,CGK,WIII,09:30,01:30,,,,,1h 55m,Cancelled
2025-09-15,QZ803,AWQ803,Indonesia AirAsia,Jakarta,CGK,WIII,09:40,01:40,10:48,8min late,11:18,48min late,1h 29m,Landed
2025-09-15,QR965,QTR965,Qatar Airways,Doha,DOH,OTHH,09:55,01:55,09:53,2min early,13:51,28min early,8h 58m,Landed
2025-09-15,JT3569,LNI3569,Lion Air,Yogyakarta,YIA,WAHI,09:55,01:55,09:56,1min late,10:19,5min early,1h 23m,Landed
2025-09-15,AI2146,AIC2146,Air India,Delhi,DEL,VIDP,10:00,02:00,09:59,on time,15:07,27min early,7h 38m,Landed
2025-09-15,JT270,LNI270,Lion Air,Kupang,KOE,WATT,10:00,02:00,10:22,22min late,11:48,8min late,1h 26m,Landed
2025-09-15,IW1882,WON1882,Wings Air,Sumbawa Besar,SWQ,WADS,10:00,02:00,10:01,1min late,10:52,7min early,51m,Landed
2025-09-15,SQ935,SIA935,Singapore Airlines,Singapore,SIN,WSSS,10:05,02:05,10:26,21min late,12:39,5min early,2h 13m,Landed
2025-09-15,8B5101,TNU5101,Business Air,Jakarta,CGK,WIII,10:25,02:25,10:40,15min late,11:10,4min early,1h 30m,Landed
2025-09-15,JT33,LNI033,Lion Air,Jakarta,CGK,WIII,10:30,02:30,12:45,15min late,13:18,53min late,1h 33m,Landed
2025-09-15,QZ815,AWQ815,Indonesia AirAsia,Jakarta,CGK,WIII,10:35,02:35,12:49,14min late,13:19,49min late,1h 30m,Landed
2025-09-15,8G182,DTL182,Mid Africa Aviation,Dili,DIL,WPDL,10:35,02:35,11:34,59min late,14:11,41min late,1h 37m,Landed
2025-09-15,JT805,LNI805,Lion Air,Surabaya,SUB,WARR,10:35,02:35,10:55,20min late,10:42,7min late,46m,Landed
2025-09-15,JT927,,Lion Air,Surakarta,SOC,WAHQ,10:40,02:40,,,,,1h 20m,Cancelled
2025-09-15,TR281,TGW281,Scoot,Singapore,SIN,WSSS,10:50,02:50,11:02,12min late,13:30,on time,2h 27m,Landed
2025-09-15,QG9193,CTV9193,Citilink,Jakarta,HLP,WIHH,11:10,03:10,11:10,on time,11:48,11min early,1h 37m,Landed
2025-09-15,JQ126,JST126,Jetstar Airways,Adelaide,ADL,YPAD,11:15,03:15,11:24,9min late,17:15,14min early,4h 21m,Landed
2025-09-15,6E1606,IGO1606,IndiGo,Bangalore,BLR,VOBL,11:20,03:20,11:04,16min early,14:43,26min early,6h 9m,Landed
2025-09-15,QZ780,AWQ780,Indonesia AirAsia,Balikpapan,BPN,WALL,11:25,03:25,11:23,1min early,12:40,24min early,1h 16m,Landed
2025-09-15,JQ109,JST109,Jetstar Airways,Perth,PER,YPPH,11:40,03:40,11:57,17min late,15:23,1min early,3h 26m,Landed
2025-09-15,OD192,MXD192,Malindo Air,Kuala Lumpur,KUL,WMKK,11:55,03:55,12:08,13min late,14:43,21min early,2h 34m,Landed
2025-09-15,JQ32,JST032,Jetstar Airways,Melbourne,MEL,YMML,11:55,03:55,11:52,3min early,19:14,15min early,5h 22m,Landed
2025-09-15,GA407,GIA407,Garuda Indonesia,Jakarta,CGK,WIII,12:00,04:00,12:12,12min late,13:04,9min late,1h 52m,Landed
2025-09-15,FD397,AIQ397,Thai AirAsia,Bangkok,DMK,VTBD,12:00,04:00,12:41,41min late,15:40,5min late,3h 59m,Landed
2025-09-15,GA253,GIA253,Garuda Indonesia,Yogyakarta,YIA,WAHI,12:05,04:05,12:19,14min late,12:33,21min early,1h 13m,Landed
2025-09-15,SQ937,SIA937,Singapore Airlines,Singapore,SIN,WSSS,12:10,04:10,13:03,53min late,15:17,22min late,2h 13m,Landed
2025-09-15,QG9696,CTV9696,Citilink,Surabaya,SUB,WARR,12:15,04:15,12:26,11min late,12:22,2min late,56m,Landed
2025-09-15,SJ742,,Sriwijaya Air,Tambolaka,TMC,WADT,12:20,04:20,,,,,1h 0m,
2025-09-15,JQ40,JST040,Jetstar Airways,Sydney,SYD,YSSY,12:20,04:20,12:08,12min early,19:39,35min early,5h 31m,Landed
2025-09-15,IN7742,LKN7742,NAM Air,Tambolaka,TMC,WADT,12:20,04:20,12:52,32min late,13:35,15min late,43m,Landed
2025-09-15,OD178,MXD178,Malindo Air,Kuala Lumpur,KUL,WMKK,12:25,04:25,13:42,17min late,16:17,42min late,2h 34m,Landed
2025-09-15,D7795,XAX795,AirAsia X,Kuala Lumpur,KUL,WMKK,12:30,04:30,12:57,27min late,15:33,11min early,2h 36m,Landed
2025-09-15,IW1848,WON1848,Wings Air,Lombok,LOP,WADL,12:45,04:45,13:32,47min late,13:54,24min late,22m,Landed
2025-09-15,IP103,PAS103,Pelita Air Service,Jakarta,CGK,WIII,12:45,04:45,13:21,36min late,14:01,21min late,1h 40m,Landed
2025-09-15,OD158,MXD158,Malindo Air,Kuala Lumpur,KUL,WMKK,12:45,04:45,13:56,11min late,16:33,38min late,2h 37m,Landed
2025-09-15,ID7308,BTK7308,Batik Air,Jakarta,HLP,WIHH,12:50,04:50,13:05,15min late,13:33,1min early,1h 28m,Landed
2025-09-15,MH714,MAS714,Malaysia Airlines,Kuala Lumpur,KUL,WMKK,12:55,04:55,13:37,42min late,16:33,33min late,2h 55m,Landed
2025-09-15,8B82,TNU082,Business Air,Perth,PER,YPPH,12:55,04:55,13:14,19min late,16:34,20min early,3h 19m,Landed
2025-09-15,SQ939,SIA939,Singapore Airlines,Singapore,SIN,WSSS,13:05,05:05,13:25,20min late,15:41,8min early,2h 16m,Landed
2025-09-15,VJ900,VJC900,VietJet Air,Hanoi,HAN,VVNB,13:10,05:10,13:10,on time,16:45,34min early,4h 35m,Landed
2025-09-15,JT35,,Lion Air,Jakarta,CGK,WIII,13:10,05:10,,,,,1h 55m,Cancelled
2025-09-15,JQ58,JST058,Jetstar Airways,Brisbane,BNE,YBBN,13:15,05:15,13:03,12min early,20:35,9min early,5h 32m,Landed
2025-09-15,IW1834,WON1834,Wings Air,Tambolaka,TMC,WADT,13:20,05:20,13:35,15min late,14:40,5min early,1h 4m,Landed
2025-09-15,GA409,GIA409,Garuda Indonesia,Jakarta,CGK,WIII,13:25,05:25,13:31,6min late,14:19,5min early,1h 48m,Landed
2025-09-15,JT660,LNI660,Lion Air,Balikpapan,BPN,WALL,13:25,05:25,13:59,34min late,15:26,16min late,1h 27m,Landed
2025-09-15,D7799,XAX799,AirAsia X,Kuala Lumpur,KUL,WMKK,13:35,05:35,14:26,51min late,17:04,14min late,2h 38m,Landed
2025-09-15,IW1826,WON1826,Wings Air,Bima,BMU,WADB,13:40,05:40,15:37,57min late,16:41,36min late,1h 3m,Landed
2025-09-15,ID7135,BTK7135,Batik Air,Singapore,SIN,WSSS,13:45,05:45,13:52,7min late,16:12,27min early,2h 19m,Landed
2025-09-15,QZ506,AWQ506,Indonesia AirAsia,Singapore,SIN,WSSS,13:45,05:45,17:45,0min late,20:06,26min late,2h 20m,Landed
2025-09-15,8B5107,TNU5107,Business Air,Jakarta,CGK,WIII,13:50,05:50,14:11,21min late,14:43,3min late,1h 32m,Landed
2025-09-15,JT919,LNI919,Lion Air,Surabaya,SUB,WARR,13:55,05:55,14:48,53min late,14:32,37min late,43m,Landed
2025-09-15,QZ544,AWQ544,Indonesia AirAsia,Perth,PER,YPPH,13:55,05:55,16:16,21min late,19:38,43min late,3h 21m,Landed
2025-09-15,TR289,TGW289,Scoot,Singapore,SIN,WSSS,14:00,06:00,14:13,13min late,16:33,27min early,2h 19m,Landed
2025-09-15,JT25,LNI025,Lion Air,Jakarta,CGK,WIII,14:00,06:00,15:27,27min late,16:02,7min late,1h 34m,Landed
2025-09-15,VJ894,VJC894,VietJet Air,Ho Chi Minh City,SGN,VVTS,14:05,06:05,15:07,2min late,17:21,26min late,3h 14m,Landed
2025-09-15,JT569,LNI569,Lion Air,Yogyakarta,YIA,WAHI,14:10,06:10,14:55,45min late,15:03,23min late,1h 8m,Landed
2025-09-15,ID7637,BTK7637,Batik Air,Bangkok,DMK,VTBD,14:15,06:15,14:33,18min late,17:27,17min early,3h 54m,Landed
2025-09-15,QZ246,AWQ246,Indonesia AirAsia,Phuket,HKT,VTSP,14:15,06:15,14:30,15min late,17:09,5min early,3h 39m,Landed
2025-09-15,JT23,,Lion Air,Jakarta,CGK,WIII,14:35,06:35,,,,,1h 55m,Cancelled
2025-09-15,JT273,LNI273,Lion Air,Semarang,SRG,WIIS,14:40,06:40,14:44,4min late,14:43,21min early,58m,Landed
2025-09-15,JT740,LNI740,Lion Air,Makassar,UPG,WAAA,14:40,06:40,16:51,11min late,18:06,1min late,1h 15m,Landed
2025-09-15,IW1884,WON1884,Wings Air,Waingapu,WGP,WADW,14:40,06:40,15:51,11min late,16:58,28min late,1h 6m,Landed
2025-09-15,QG681,CTV681,Citilink,Jakarta,CGK,WIII,14:40,06:40,15:04,24min late,15:51,16min late,1h 47m,Landed
2025-09-15,AK377,AXM377,AirAsia,Kuala Lumpur,KUL,WMKK,14:45,06:45,14:53,8min late,17:43,11min early,2h 50m,Landed
2025-09-15,OD307,MXD307,Malindo Air,Kuala Lumpur,KUL,WMKK,14:50,06:50,16:24,34min late,18:56,6min late,2h 32m,Landed
2025-09-15,JQ44,JST044,Jetstar Airways,Melbourne,MEL,YMML,14:55,06:55,14:57,2min late,22:07,22min early,5h 10m,Landed
2025-09-15,JT924,LNI924,Lion Air,Kupang,KOE,WATT,14:55,06:55,16:00,5min late,17:18,43min late,1h 17m,Landed
2025-09-15,JT844,LNI844,Lion Air,Banjarmasin,BDJ,WAOO,15:00,07:00,15:19,19min late,16:13,11min early,54m,Landed
2025-09-15,QZ244,AWQ244,Indonesia AirAsia,Bangkok,DMK,VTBD,15:10,07:10,15:22,12min late,18:18,11min early,3h 55m,Landed
2025-09-15,8B5103,,TransNusa,Jakarta,CGK,WIII,15:10,07:10,,,,,1h 45m,
2025-09-15,VA50,VOZ050,Virgin Australia,Brisbane,BNE,YBBN,15:15,07:15,15:31,16min late,23:18,18min late,5h 47m,Landed
2025-09-15,GA842,GIA842,Garuda Indonesia,Singapore,SIN,WSSS,15:15,07:15,15:33,18min late,18:01,on time,2h 27m,Landed
2025-09-15,OD172,MXD172,Malindo Air,Kuala Lumpur,KUL,WMKK,15:20,07:20,15:45,25min late,18:15,14min early,2h 30m,Landed
2025-09-15,VJ898,VJC898,VietJet Air,Ho Chi Minh City,SGN,VVTS,15:30,07:30,15:59,29min late,18:24,4min late,3h 25m,Landed
2025-09-15,CI772,CAL772,China Airlines,Taipei,TPE,RCTP,15:40,07:40,15:29,11min early,20:33,31min early,5h 4m,Landed
2025-09-15,IU703,SJV703,SW Italia,Surabaya,SUB,WARR,15:40,07:40,16:01,21min late,15:29,10min early,27m,Landed
2025-09-15,IP109,PAS109,Pelita Air Service,Jakarta,CGK,WIII,15:45,07:45,15:54,9min late,16:24,10min early,1h 30m,Landed
2025-09-15,QZ646,AWQ646,Indonesia AirAsia,Labuan Bajo,LBJ,WATO,15:45,07:45,16:07,22min late,16:58,1min early,50m,Landed
2025-09-15,JQ43,JST043,Jetstar Airways,Singapore,SIN,WSSS,15:50,07:50,16:05,15min late,18:24,5min early,2h 18m,Landed
2025-09-15,IU368,,SW Italia,Medan,KNO,WIMM,15:50,07:50,,,,,3h 35m,Cancelled
2025-09-15,VA92,VOZ092,Virgin Australia,Melbourne,MEL,YMML,15:50,07:50,16:22,32min late,23:36,11min late,5h 14m,Landed
2025-09-15,ID8335,BTK8335,Batik Air,Labuan Bajo,LBJ,WATO,15:55,07:55,11:55,59min early,12:53,11min early,57m,Landed
2025-09-15,VN640,HVN640,Vietnam Airlines,Ho Chi Minh City,SGN,VVTS,16:00,08:00,16:17,17min late,18:36,3min early,3h 19m,Landed
2025-09-15,SJ717,,Sriwijaya Air,Makassar,UPG,WAAA,16:00,08:00,,,,,1h 20m,
2025-09-15,QZ807,AWQ807,Indonesia AirAsia,Jakarta,CGK,WIII,16:10,08:10,16:23,13min late,17:06,8min early,1h 43m,Landed
2025-09-15,QG195,CTV195,Citilink,Jakarta,HLP,WIHH,16:10,08:10,16:26,16min late,16:56,3min early,1h 30m,Landed
2025-09-15,CX784,CPA784,Cathay Pacific,Hong Kong,HKG,VHHH,16:10,08:10,16:45,35min late,21:18,6min early,4h 33m,Landed
2025-09-15,MH850,MAS850,Malaysia Airlines,Kuala Lumpur,KUL,WMKK,16:25,08:25,16:30,5min late,19:30,5min early,3h 0m,Landed
2025-09-15,BR256,EVA256,EVA Airways,Taipei,TPE,RCTP,16:30,08:30,16:24,6min early,21:20,39min early,4h 56m,Landed
2025-09-15,QG669,CTV669,Citilink,Surabaya,SUB,WARR,16:35,08:35,16:24,11min early,16:20,24min early,56m,Landed
2025-09-15,IU743,SJV743,SW Italia,Jakarta,CGK,WIII,16:35,08:35,18:41,6min late,19:09,39min late,1h 28m,Landed
2025-09-15,JT744,LNI744,Lion Air,Makassar,UPG,WAAA,16:40,08:40,16:54,14min late,17:57,2min early,1h 3m,Landed
2025-09-15,GA7036,GIA7036,Garuda Indonesia,Labuan Bajo,LBJ,WATO,16:50,08:50,16:51,1min late,17:53,6min early,1h 2m,Landed
2025-09-15,IU273,,SW Italia,Pontianak,PNK,WIOO,16:50,08:50,,,,,2h 0m,Cancelled
2025-09-15,HO1356,DKH1356,Juneyao Airlines,Shanghai,PVG,ZSPD,16:50,08:50,17:41,51min late,23:52,12min late,6h 10m,Landed
2025-09-15,TG432,THA432,Thai Airways International,Bangkok,BKK,VTBS,16:55,08:55,17:18,23min late,20:00,4min early,3h 42m,Landed
2025-09-15,QZ556,,Indonesia AirAsia,Kuala Lumpur,KUL,WMKK,16:55,08:55,,,,,3h 15m,Cancelled
2025-09-15,ID6335,BTK6335,Batik Air,Labuan Bajo,LBJ,WATO,17:00,09:00,16:43,16min early,17:40,29min early,56m,Landed
2025-09-15,VJ998,VJC998,VietJet Air,Hanoi,HAN,VVNB,17:30,09:30,17:38,8min late,21:16,28min early,4h 38m,Landed
2025-09-15,IU759,SJV759,SW Italia,Jakarta,CGK,WIII,17:35,09:35,19:25,50min late,19:55,25min late,1h 29m,Landed
2025-09-15,GA419,GIA419,Garuda Indonesia,Jakarta,CGK,WIII,17:35,09:35,18:13,38min late,18:51,16min late,1h 38m,Landed
2025-09-15,GA349,GIA349,Garuda Indonesia,Surabaya,SUB,WARR,17:35,09:35,18:09,34min late,17:54,9min late,45m,Landed
2025-09-15,QZ554,AWQ554,Indonesia AirAsia,Kuala Lumpur,KUL,WMKK,17:40,09:40,19:50,10min late,22:31,46min late,2h 41m,Landed
2025-09-15,OD193,MXD193,Malindo Air,Perth,PER,YPPH,18:10,10:10,14:57,12min early,22:37,52min late,7h 40m,Landed
2025-09-15,JT567,,Lion Air,Yogyakarta,YIA,WAHI,18:25,10:25,,,,,1h 30m,Cancelled
2025-09-15,IN281,LKN281,Nam Air,Jakarta,CGK,WIII,18:30,10:30,18:44,14min late,19:12,2min late,1h 28m,Landed
2025-09-15,GA417,GIA417,Garuda Indonesia,Jakarta,CGK,WIII,18:30,10:30,18:42,12min late,19:28,1min early,1h 45m,Landed
2025-09-15,JT925,LNI925,Lion Air,Surakarta,SOC,WAHQ,18:40,10:40,20:05,25min late,20:10,10min late,1h 4m,Landed
2025-09-15,CX782,CPA782,Cathay Pacific,Hong Kong,HKG,VHHH,18:45,10:45,18:39,6min early,23:24,40min early,4h 45m,Landed
2025-09-15,8B5109,,TransNusa,Jakarta,CGK,WIII,18:45,10:45,,,,,1h 45m,
2025-09-15,ID6415,BTK6415,Batik Air,Surabaya,SUB,WARR,18:45,10:45,19:11,26min late,18:54,9min late,42m,Landed
2025-09-15,EY477,ETD477,Etihad Airways,Abu Dhabi,AUH,OMAA,18:45,10:45,19:00,15min late,23:23,6min early,8h 23m,Landed
2025-09-15,QZ809,AWQ809,Indonesia AirAsia,Jakarta,CGK,WIII,18:50,10:50,19:12,22min late,19:44,on time,1h 32m,Landed
2025-09-15,QG689,CTV689,Citilink,Jakarta,CGK,WIII,19:00,11:00,18:52,7min early,19:40,19min early,1h 47m,Landed
2025-09-15,IU527,SJV527,SW Italia,Manado,MDC,WAMM,19:00,11:00,19:43,43min late,21:55,15min late,2h 11m,Landed
2025-09-15,TG440,THA440,Thai Airways International,Bangkok,BKK,VTBS,19:00,11:00,19:22,22min late,22:10,on time,3h 48m,Landed
2025-09-15,JT27,LNI027,Lion Air,Jakarta,CGK,WIII,19:05,11:05,19:52,47min late,20:22,22min late,1h 30m,Landed
2025-09-15,AK379,AXM379,AirAsia,Kuala Lumpur,KUL,WMKK,19:15,11:15,19:52,37min late,22:44,24min late,2h 52m,Landed
2025-09-15,QR963,QTR963,Qatar Airways,Doha,DOH,OTHH,19:20,11:20,19:28,8min late,23:32,7min early,9h 4m,Landed
2025-09-15,MH852,MAS852,Malaysia Airlines,Kuala Lumpur,KUL,WMKK,19:20,11:20,19:15,5min early,22:09,10min early,2h 54m,Landed
2025-09-15,ID7310,BTK7310,Batik Air,Jakarta,HLP,WIHH,19:25,11:25,20:07,42min late,20:30,20min late,1h 22m,Landed
2025-09-15,QG699,CTV699,Citilink,Surabaya,SUB,WARR,19:30,11:30,19:36,6min late,19:02,37min early,25m,Landed
2025-09-15,JT11,LNI011,Lion Air,Jakarta,CGK,WIII,19:35,11:35,21:54,19min late,22:33,3min late,1h 38m,Landed
2025-09-15,TR287,TGW287,Scoot,Singapore,SIN,WSSS,19:40,11:40,19:54,14min late,22:10,5min early,2h 15m,Landed
2025-09-15,8B969,TNU969,Business Air,Guangzhou,CAN,ZGGG,19:40,11:40,20:04,24min late,00:47,12min early,4h 43m,Landed
2025-09-15,EK369,UAE369,Emirates,Dubai,DXB,OMDB,19:45,11:45,21:31,46min late,00:22,27min early,6h 51m,Landed
2025-09-15,JT923,,Lion Air,Surabaya,SUB,WARR,19:45,11:45,,,,,1h 0m,Cancelled
2025-09-15,JT271,LNI271,Lion Air,Semarang,SRG,WIIS,19:50,11:50,20:52,2min late,20:47,32min late,55m,Landed
2025-09-15,ID6413,BTK6413,Batik Air,Surabaya,SUB,WARR,19:50,11:50,20:33,43min late,20:14,24min late,41m,Landed
2025-09-15,SQ945,SIA945,Singapore Airlines,Singapore,SIN,WSSS,20:00,12:00,20:17,17min late,22:27,13min early,2h 10m,Landed
2025-09-15,ID6517,BTK6517,Batik Air,Jakarta,CGK,WIII,20:00,12:00,21:09,9min late,21:37,42min late,1h 27m,Landed
2025-09-15,GA415,GIA415,Garuda Indonesia,Jakarta,CGK,WIII,20:00,12:00,20:11,11min late,20:55,4min early,1h 43m,Landed
2025-09-15,QG9692,CTV9692,Citilink,Surabaya,SUB,WARR,20:20,12:20,20:05,15min early,20:14,15min early,1h 9m,Landed
2025-09-15,KL836,KLM836,KLM Royal Dutch Airlines,Singapore,SIN,WSSS,20:35,12:35,20:35,on time,22:55,14min early,2h 20m,Landed
2025-09-15,GA463,GIA463,Garuda Indonesia,Jakarta,HLP,WIHH,20:40,12:40,21:08,28min late,21:42,2min late,1h 34m,Landed
2025-09-15,OD177,MXD177,Malindo Air,Melbourne,MEL,YMML,21:00,13:00,17:41,18min early,04:55,15min late,9h 14m,Landed
2025-09-15,JQ107,JST107,Jetstar Airways,Perth,PER,YPPH,21:10,13:10,21:25,15min late,00:48,6min early,3h 22m,Landed
2025-09-15,GA425,GIA425,Garuda Indonesia,Jakarta,CGK,WIII,21:15,13:15,21:22,7min late,22:03,6min early,1h 41m,Landed
2025-09-15,OD171,MXD171,Malindo Air,Sydney,SYD,YSSY,21:20,13:20,21:57,37min late,06:12,47min late,6h 15m,Landed
2025-09-15,TK67,THY067,Turkish Airlines,Istanbul,IST,LTFM,21:20,13:20,21:33,13min late,04:38,36min early,12h 5m,Landed
2025-09-15,JQ34,JST034,Jetstar Airways,Melbourne,MEL,YMML,21:20,13:20,21:35,15min late,04:30,24min early,4h 55m,Landed
2025-09-15,AK375,AXM375,AirAsia,Kuala Lumpur,KUL,WMKK,21:25,13:25,23:31,6min late,02:28,58min late,2h 57m,Landed
2025-09-15,JT15,,Lion Air,Jakarta,CGK,WIII,21:30,13:30,,,,,1h 55m,Cancelled
2025-09-15,JQ117,JST117,Jetstar Airways,Perth,PER,YPPH,21:30,13:30,21:43,13min late,01:10,9min early,3h 27m,Landed
2025-09-15,ID6760,BTK6760,Batik Air,Makassar,UPG,WAAA,21:30,13:30,21:43,13min late,22:40,9min early,56m,Landed
2025-09-15,SQ947,SIA947,Singapore Airlines,Singapore,SIN,WSSS,21:35,13:35,21:32,2min early,23:56,8min early,2h 24m,Landed
2025-09-15,QZ819,AWQ819,Indonesia AirAsia,Jakarta,CGK,WIII,21:40,13:40,21:42,2min late,22:11,18min early,1h 29m,Landed
2025-09-15,IP105,PAS105,Pelita Air Service,Jakarta,CGK,WIII,21:40,13:40,21:38,2min early,22:07,22min early,1h 29m,Landed
2025-09-15,QZ546,AWQ546,Indonesia AirAsia,Perth,PER,YPPH,21:55,13:55,21:19,35min early,04:22,42min late,7h 3m,Landed
2025-09-15,GA718,GIA718,Garuda Indonesia,Melbourne,MEL,YMML,22:05,14:05,22:14,9min late,05:09,20min early,4h 55m,Landed
2025-09-15,JQ60,JST060,Jetstar Airways,Brisbane,BNE,YBBN,22:10,14:10,22:19,9min late,05:40,on time,5h 21m,Landed
2025-09-15,QF44,QFA044,Qantas,Sydney,SYD,YSSY,22:10,14:10,22:21,11min late,06:12,7min late,5h 51m,Landed
2025-09-15,SV857,SVA857,Saudi Arabian Airlines,Singapore,SIN,WSSS,22:15,14:15,22:23,8min late,00:34,10min early,2h 11m,Landed
2025-09-15,IN2801,LKN2801,NAM Air,Jakarta,CGK,WIII,22:25,14:25,23:59,34min late,00:26,21min late,1h 27m,Landed
2025-09-15,JQ38,JST038,Jetstar Airways,Sydney,SYD,YSSY,22:35,14:35,23:48,13min late,07:01,31min late,5h 13m,Landed
2025-09-15,7C2712,JJA2712,Jeju Air,Seoul,ICN,RKSI,22:45,14:45,02:06,21min late,06:58,11min early,3h 52m,Landed
2025-09-15,QZ811,AWQ811,Indonesia AirAsia,Jakarta,CGK,WIII,22:50,14:50,23:24,34min late,23:50,10min late,1h 26m,Landed
2025-09-15,QF46,QFA046,Qantas,Melbourne,MEL,YMML,23:05,15:05,23:58,53min late,07:05,25min late,5h 7m,Landed
2025-09-15,JT3020,,Lion Air,Seoul,ICN,RKSI,23:05,15:05,23:05,on time,07:11,1min late,7h 6m,Landed
2025-09-15,VA96,VOZ096,Virgin Australia,Melbourne,MEL,YMML,23:05,15:05,23:35,30min late,06:37,2min early,5h 2m,Landed
2025-09-15,VA82,VOZ082,Virgin Australia,Gold Coast,OOL,YBCG,23:20,15:20,00:46,26min late,08:26,31min late,5h 40m,Landed
2025-09-15,GA714,GIA714,Garuda Indonesia,Sydney,SYD,YSSY,23:25,15:25,23:40,15min late,06:55,14min early,5h 15m,Landed
2025-09-15,JQ36,JST036,Jetstar Airways,Melbourne,MEL,YMML,23:30,15:30,23:31,on time,06:23,41min early,4h 52m,Landed
2025-09-15,JQ91,JST091,Jetstar Airways,Cairns,CNS,YBCS,23:30,15:30,23:42,12min late,06:05,5min late,4h 23m,Landed
2025-09-15,VA68,VOZ068,Virgin Australia,Sydney,SYD,YSSY,23:35,15:35,00:17,42min late,07:46,1min late,5h 29m,Landed
2025-09-15,KE634,KAL634,Korean Air Lines,Seoul,ICN,RKSI,23:45,15:45,23:53,8min late,07:57,2min late,7h 4m,Landed
2025-09-15,QZ420,AWQ420,Indonesia AirAsia,Adelaide,ADL,YPAD,23:45,15:45,00:13,28min late,06:01,23min early,4h 18m,Landed
2025-09-15,JQ128,JST128,Jetstar Airways,Adelaide,ADL,YPAD,23:55,15:55,00:30,35min late,06:10,on time,4h 10m,Landed
2025-09-16,BX602,ABL602,Air Busan,Busan,PUS,RKPK,00:05,16:05,00:25,20min late,07:53,16min early,6h 28m,Landed
2025-09-16,GA880,GIA880,Garuda Indonesia,Tokyo,NRT,RJAA,00:20,16:20,00:30,10min late,01:30,19min early,0m,Landed
2025-09-16,QZ548,AWQ548,Indonesia AirAsia,Perth,PER,YPPH,00:25,16:25,00:13,11min early,03:39,35min early,3h 26m,Landed
2025-09-16,CZ626,CSN626,China Southern Airlines,Guangzhou,CAN,ZGGG,00:30,16:30,00:51,21min late,05:34,15min early,4h 42m,Landed
2025-09-16,MF892,CXA892,Xiamen Airlines,Xiamen,XMN,ZSAM,00:30,16:30,00:16,14min early,05:52,12min early,5h 36m,Landed
2025-09-16,EK399,UAE399,Emirates,Dubai,DXB,OMDB,00:35,16:35,05:00,25min late,04:55,39min early,3h 54m,Landed
2025-09-16,QR961,QTR961,Qatar Airways,Doha,DOH,OTHH,00:35,16:35,00:28,7min early,04:20,34min early,8h 52m,Landed
2025-09-16,KE630,KAL630,Korean Air Lines,Seoul,ICN,RKSI,00:50,16:50,02:28,38min late,09:01,18min early,5h 32m,Landed
2025-09-16,PR538,PAL538,Philippine Airlines,Manila,MNL,RPLL,00:55,16:55,01:05,10min late,04:52,2min late,3h 47m,Landed
2025-09-16,MU5030,CES5030,China Eastern Airlines,Shanghai,PVG,ZSPD,00:55,16:55,00:51,4min early,07:18,36min early,6h 27m,Landed
2025-09-16,5J282,CEB282,CEBU Pacific Air,Manila,MNL,RPLL,01:00,17:00,01:16,16min late,04:54,30min early,3h 38m,Landed
2025-09-16,SJ726,,Sriwijaya Air,Makassar,UPG,WAAA,01:00,17:00,,,,,1h 20m,
2025-09-16,QZ548,AWQ548,Indonesia AirAsia,Perth,PER,YPPH,01:05,17:05,01:19,14min late,05:09,14min late,3h 50m,Landed
2025-09-16,GA870,GIA870,Garuda Indonesia,Seoul,ICN,RKSI,01:15,17:15,01:18,3min late,09:14,on time,6h 56m,Landed
2025-09-16,8B5888,,TransNusa,Manado,MDC,WAMM,01:30,17:30,,,,,2h 35m,
2025-09-16,QZ550,AWQ550,Indonesia AirAsia,Kuala Lumpur,KUL,WMKK,07:00,23:00,08:36,36min late,11:10,10min late,2h 33m,Landed
2025-09-16,JT944,,Lion Air,Makassar,UPG,WAAA,07:00,23:00,07:00,on time,08:19,on time,1h 19m,Landed
2025-09-16,GA401,GIA401,Garuda Indonesia,Jakarta,CGK,WIII,07:00,23:00,07:07,7min late,07:43,16min early,1h 35m,Landed
2025-09-16,JT929,,Lion Air,Surabaya,SUB,WARR,07:00,23:00,,,,,1h 0m,Cancelled
2025-09-16,JT746,LNI746,Lion Air,Makassar,UPG,WAAA,07:00,23:00,07:24,24min late,08:25,5min late,1h 1m,Landed
2025-09-16,JT856,,Lion Air,Surabaya,SUB,WARR,07:00,23:00,,,,,1h 1m,
2025-09-16,QG690,CTV690,Citilink,Surabaya,SUB,WARR,07:05,23:05,07:03,1min early,06:40,24min early,36m,Landed
2025-09-16,QZ502,AWQ502,Indonesia AirAsia,Singapore,SIN,WSSS,07:10,23:10,07:14,4min late,09:29,20min early,2h 15m,Landed
2025-09-16,SQ949,SIA949,Singapore Airlines,Singapore,SIN,WSSS,07:10,23:10,07:33,23min late,09:45,14min early,2h 11m,Landed
2025-09-16,QZ644,AWQ644,Indonesia AirAsia,Labuan Bajo,LBJ,WATO,07:10,23:10,07:18,8min late,08:06,8min early,48m,Landed
2025-09-16,QG663,CTV663,Citilink,Jakarta,CGK,WIII,07:45,23:45,07:48,3min late,08:19,15min early,1h 31m,Landed
2025-09-16,IW1854,WON1854,Wings Air,Lombok,LOP,WADL,08:00,00:00,08:03,3min late,08:27,17min early,23m,Landed
2025-09-16,JT21,LNI021,Lion Air,Jakarta,CGK,WIII,08:05,00:05,10:35,30min late,11:04,4min late,1h 28m,Landed
2025-09-16,HX706,CRK706,Hong Kong Airlines,Hong Kong,HKG,VHHH,08:15,00:15,08:14,on time,13:06,13min early,4h 52m,Landed
2025-09-16,IW1850,WON1850,Wings Air,Lombok,LOP,WADL,08:35,00:35,08:37,2min late,09:01,18min early,23m,Landed
2025-09-16,5J280,CEB280,CEBU Pacific Air,Manila,MNL,RPLL,08:35,00:35,08:57,22min late,12:38,11min early,3h 41m,Landed
2025-09-16,CZ8482,CSN8482,China Southern Airlines,Guangzhou,CAN,ZGGG,08:40,00:40,08:49,9min late,13:39,10min early,4h 50m,Landed
2025-09-16,8B80,TNU080,Business Air,Perth,PER,YPPH,09:05,01:05,09:04,on time,12:53,1min early,3h 48m,Landed
2025-09-16,IN640,LKN640,NAM Air,Tambolaka,TMC,WADT,09:10,01:10,09:11,on time,09:51,18min early,40m,Landed
2025-09-16,IW1832,WON1832,Wings Air,Tambolaka,TMC,WADT,09:10,01:10,09:59,49min late,11:06,31min late,1h 7m,Landed
2025-09-16,IW1856,WON1856,Wings Air,Lombok,LOP,WADL,09:10,01:10,09:33,23min late,10:03,8min late,30m,Landed
2025-09-16,8B5105,TNU5105,Business Air,Jakarta,CGK,WIII,09:10,01:10,09:08,1min early,09:36,23min early,1h 28m,Landed
2025-09-16,ID6007,BTK6007,Batik Air,Perth,PER,YPPH,09:25,01:25,11:04,39min late,14:31,16min late,3h 26m,Landed
2025-09-16,JT31,,Lion Air,Jakarta,CGK,WIII,09:30,01:30,,,,,1h 55m,Cancelled
2025-09-16,QG500,CTV500,Citilink,Dili,DIL,WPDL,09:30,01:30,09:20,9min early,12:02,17min early,1h 41m,Landed
2025-09-16,QZ803,AWQ803,Indonesia AirAsia,Jakarta,CGK,WIII,09:40,01:40,09:41,1min late,10:13,16min early,1h 32m,Landed
2025-09-16,QR965,QTR965,Qatar Airways,Doha,DOH,OTHH,09:55,01:55,10:08,13min late,13:55,24min early,8h 47m,Landed
2025-09-16,JT3569,LNI3569,Lion Air,Yogyakarta,YIA,WAHI,09:55,01:55,10:06,11min late,10:14,10min early,1h 8m,Landed
2025-09-16,JT270,LNI270,Lion Air,Kupang,KOE,WATT,10:00,02:00,10:15,15min late,11:39,on time,1h 23m,Landed
2025-09-16,IW1882,WON1882,Wings Air,Sumbawa Besar,SWQ,WADS,10:00,02:00,10:10,10min late,10:53,6min early,42m,Landed
2025-09-16,AI2146,AIC2146,Air India,Delhi,DEL,VIDP,10:00,02:00,10:08,8min late,15:10,24min early,7h 32m,Landed
2025-09-16,SQ935,SIA935,Singapore Airlines,Singapore,SIN,WSSS,10:05,02:05,11:14,9min late,13:30,45min late,2h 16m,Landed
2025-09-16,8B5101,TNU5101,Business Air,Jakarta,CGK,WIII,10:25,02:25,10:20,4min early,10:59,15min early,1h 38m,Landed
2025-09-16,JT33,LNI033,Lion Air,Jakarta,CGK,WIII,10:30,02:30,10:52,22min late,11:26,1min late,1h 33m,Landed
2025-09-16,8G182,DTL182,Mid Africa Aviation,Dili,DIL,WPDL,10:35,02:35,10:40,5min late,13:18,11min early,1h 37m,Landed
2025-09-16,JT805,LNI805,Lion Air,Surabaya,SUB,WARR,10:35,02:35,11:32,57min late,11:14,39min late,42m,Landed
2025-09-16,TR281,TGW281,Scoot,Singapore,SIN,WSSS,10:50,02:50,11:24,34min late,13:36,6min late,2h 11m,Landed
2025-09-16,QG9193,CTV9193,Citilink,Jakarta,HLP,WIHH,11:10,03:10,11:04,6min early,11:45,14min early,1h 41m,Landed
2025-09-16,6E1606,IGO1606,IndiGo,Bangalore,BLR,VOBL,11:20,03:20,11:29,9min late,14:38,31min early,5h 39m,Landed
2025-09-16,QZ780,AWQ780,Indonesia AirAsia,Balikpapan,BPN,WALL,11:25,03:25,11:24,on time,12:43,21min early,1h 19m,Landed
2025-09-16,JQ111,JST111,Jetstar Airways,Perth,PER,YPPH,11:30,03:30,12:13,43min late,15:40,25min late,3h 26m,Landed
2025-09-16,JQ109,JST109,Jetstar Airways,Perth,PER,YPPH,11:40,03:40,12:09,29min late,15:31,6min late,3h 22m,Landed
2025-09-16,OD192,MXD192,Malindo Air,Kuala Lumpur,KUL,WMKK,11:55,03:55,12:42,47min late,15:18,13min late,2h 35m,Landed
2025-09-16,JQ40,JST040,Jetstar Airways,Sydney,SYD,YSSY,11:55,03:55,11:57,2min late,19:11,38min early,5h 14m,Landed
2025-09-16,JQ32,JST032,Jetstar Airways,Melbourne,MEL,YMML,11:55,03:55,11:50,5min early,18:57,32min early,5h 7m,Landed
2025-09-16,FD397,AIQ397,Thai AirAsia,Bangkok,DMK,VTBD,12:00,04:00,12:57,57min late,15:49,14min late,3h 52m,Landed
2025-09-16,GA407,GIA407,Garuda Indonesia,Jakarta,CGK,WIII,12:00,04:00,12:01,1min late,12:37,17min early,1h 35m,Landed
2025-09-16,QZ540,AWQ540,Indonesia AirAsia,Darwin,DRW,YPDN,12:05,04:05,12:31,26min late,16:23,8min late,2h 22m,Landed
2025-09-16,GA253,GIA253,Garuda Indonesia,Yogyakarta,YIA,WAHI,12:05,04:05,12:16,11min late,12:27,27min early,1h 11m,Landed
2025-09-16,SQ937,SIA937,Singapore Airlines,Singapore,SIN,WSSS,12:10,04:10,12:24,14min late,14:49,5min early,2h 24m,Landed
2025-09-16,OD178,MXD178,Malindo Air,Kuala Lumpur,KUL,WMKK,12:25,04:25,12:38,13min late,15:12,22min early,2h 34m,Landed
2025-09-16,D7795,XAX795,AirAsia X,Kuala Lumpur,KUL,WMKK,12:30,04:30,12:53,23min late,15:22,22min early,2h 29m,Landed
2025-09-16,QZ805,AWQ805,Indonesia AirAsia,Jakarta,CGK,WIII,12:40,04:40,12:36,4min early,13:02,37min early,1h 26m,Landed
2025-09-16,IP103,PAS103,Pelita Air Service,Jakarta,CGK,WIII,12:45,04:45,13:41,56min late,14:04,24min late,1h 23m,Landed
2025-09-16,IW1848,WON1848,Wings Air,Lombok,LOP,WADL,12:45,04:45,12:49,4min late,13:14,16min early,24m,Landed
2025-09-16,ID7308,BTK7308,Batik Air,Jakarta,HLP,WIHH,12:50,04:50,12:59,9min late,13:56,21min late,1h 56m,Landed
2025-09-16,8B82,TNU082,Business Air,Perth,PER,YPPH,12:55,04:55,13:10,15min late,16:34,20min early,3h 24m,Landed
2025-09-16,MH714,MAS714,Malaysia Airlines,Kuala Lumpur,KUL,WMKK,12:55,04:55,13:10,15min late,16:04,4min late,2h 54m,Landed
2025-09-16,SQ939,SIA939,Singapore Airlines,Singapore,SIN,WSSS,13:05,05:05,13:18,13min late,15:33,16min early,2h 15m,Landed
2025-09-16,JT35,LNI035,Lion Air,Jakarta,CGK,WIII,13:10,05:10,13:57,47min late,14:21,16min late,1h 23m,Landed
2025-09-16,VJ900,VJC900,VietJet Air,Hanoi,HAN,VVNB,13:10,05:10,13:23,13min late,17:02,17min early,4h 39m,Landed
2025-09-16,JQ58,JST058,Jetstar Airways,Brisbane,BNE,YBBN,13:15,05:15,13:13,2min early,20:32,12min early,5h 19m,Landed
2025-09-16,IW1834,WON1834,Wings Air,Tambolaka,TMC,WADT,13:20,05:20,13:52,32min late,12:58,46min early,,Landed
2025-09-16,GA409,GIA409,Garuda Indonesia,Jakarta,CGK,WIII,13:25,05:25,14:06,41min late,14:42,17min late,1h 35m,Landed
2025-09-16,JT660,LNI660,Lion Air,Balikpapan,BPN,WALL,13:25,05:25,13:34,9min late,14:51,18min early,1h 16m,Landed
2025-09-16,D7799,XAX799,AirAsia X,Kuala Lumpur,KUL,WMKK,13:35,05:35,13:49,14min late,16:12,37min early,2h 23m,Landed
2025-09-16,IW1826,WON1826,Wings Air,Bima,BMU,WADB,13:40,05:40,14:17,37min late,15:21,16min late,1h 4m,Landed
2025-09-16,8B5107,TNU5107,Business Air,Jakarta,CGK,WIII,13:50,05:50,14:00,10min late,14:26,13min early,1h 26m,Landed
2025-09-16,JT919,LNI919,Lion Air,Surabaya,SUB,WARR,13:55,05:55,15:13,18min late,14:57,2min late,43m,Landed
2025-09-16,QZ544,AWQ544,Indonesia AirAsia,Perth,PER,YPPH,13:55,05:55,16:24,29min late,16:24,30min early,0m,Landed
2025-09-16,IW1964,WON1964,Wings Air,Lombok,LOP,WADL,13:55,05:55,17:41,46min late,18:04,24min late,23m,Landed
2025-09-16,JT25,,Lion Air,Jakarta,CGK,WIII,14:00,06:00,,,,,1h 55m,Cancelled
2025-09-16,TR289,TGW289,Scoot,Singapore,SIN,WSSS,14:00,06:00,14:13,13min late,16:32,28min early,2h 18m,Landed
2025-09-16,VJ894,VJC894,VietJet Air,Ho Chi Minh City,SGN,VVTS,14:05,06:05,14:11,6min late,16:28,26min early,3h 17m,Landed
2025-09-16,QG687,CTV687,Citilink,Jakarta,CGK,WIII,14:10,06:10,14:22,12min late,14:34,36min early,1h 12m,Landed
2025-09-16,JT569,,Lion Air,Yogyakarta,YIA,WAHI,14:10,06:10,,,,,1h 30m,Cancelled
2025-09-16,ID8517,BTK8517,Batik Air,Jakarta,CGK,WIII,14:10,06:10,14:47,37min late,13:48,16min early,0m,Landed
2025-09-16,ID7637,BTK7637,Batik Air,Bangkok,DMK,VTBD,14:15,06:15,14:35,20min late,17:37,7min early,4h 1m,Landed
2025-09-16,JT23,LNI023,Lion Air,Jakarta,CGK,WIII,14:35,06:35,15:09,34min late,15:35,5min late,1h 26m,Landed
2025-09-16,QG681,CTV681,Citilink,Jakarta,CGK,WIII,14:40,06:40,14:55,15min late,15:18,16min early,1h 22m,Landed
2025-09-16,IW1884,WON1884,Wings Air,Waingapu,WGP,WADW,14:40,06:40,14:58,18min late,16:24,5min early,1h 26m,Landed
2025-09-16,JT740,LNI740,Lion Air,Makassar,UPG,WAAA,14:40,06:40,14:27,12min early,15:29,30min early,1h 1m,Landed
2025-09-16,AK377,AXM377,AirAsia,Kuala Lumpur,KUL,WMKK,14:45,06:45,19:01,16min late,21:55,0min late,2h 54m,Landed
2025-09-16,OD307,MXD307,Malindo Air,Kuala Lumpur,KUL,WMKK,14:50,06:50,19:28,38min late,22:05,15min late,2h 36m,Landed
2025-09-16,JQ44,JST044,Jetstar Airways,Melbourne,MEL,YMML,14:55,06:55,15:29,34min late,22:24,5min early,4h 54m,Landed
2025-09-16,JT844,,Lion Air,Banjarmasin,BDJ,WAOO,15:00,07:00,,,,,1h 25m,Cancelled
2025-09-16,8B5103,,Business Air,Jakarta,CGK,WIII,15:10,07:10,,,,,1h 45m,
2025-09-16,GA842,GIA842,Garuda Indonesia,Singapore,SIN,WSSS,15:15,07:15,15:24,9min late,17:50,10min early,2h 26m,Landed
2025-09-16,VA50,VOZ050,Virgin Australia,Brisbane,BNE,YBBN,15:15,07:15,15:09,6min early,22:43,17min early,5h 34m,Landed
2025-09-16,OD172,MXD172,Malindo Air,Kuala Lumpur,KUL,WMKK,15:20,07:20,15:35,15min late,15:35,54min early,0m,Landed
2025-09-16,VJ898,VJC898,VietJet Air,Ho Chi Minh City,SGN,VVTS,15:30,07:30,15:43,13min late,17:58,21min early,3h 15m,Landed
2025-09-16,CI772,CAL772,China Airlines,Taipei,TPE,RCTP,15:40,07:40,16:07,27min late,20:54,10min early,4h 47m,Landed
2025-09-16,IU703,,SW Italia,Surabaya,SUB,WARR,15:40,07:40,,,,,1h 0m,Cancelled
2025-09-16,QZ646,AWQ646,Indonesia AirAsia,Labuan Bajo,LBJ,WATO,15:45,07:45,15:50,5min late,16:41,18min early,51m,Landed
2025-09-16,IP109,PAS109,Pelita Air Service,Jakarta,CGK,WIII,15:45,07:45,15:47,2min late,16:15,19min early,1h 28m,Landed
2025-09-16,JQ43,JST043,Jetstar Airways,Singapore,SIN,WSSS,15:50,07:50,17:00,10min late,19:14,44min late,2h 13m,Landed
2025-09-16,VA92,VOZ092,Virgin Australia,Melbourne,MEL,YMML,15:50,07:50,16:51,1min late,23:44,19min late,4h 53m,Landed
2025-09-16,GA411,GIA411,Garuda Indonesia,Jakarta,CGK,WIII,15:55,07:55,16:03,8min late,16:32,27min early,1h 28m,Landed
2025-09-16,ID8335,BTK8335,Batik Air,Labuan Bajo,LBJ,WATO,15:55,07:55,17:13,18min late,18:04,59min late,50m,Landed
2025-09-16,VN640,HVN640,Vietnam Airlines,Ho Chi Minh City,SGN,VVTS,16:00,08:00,16:22,22min late,18:41,1min late,3h 18m,Landed
2025-09-16,QG195,CTV195,Citilink,Jakarta,HLP,WIHH,16:10,08:10,16:12,2min late,16:43,16min early,1h 30m,Landed
2025-09-16,QZ807,AWQ807,Indonesia AirAsia,Jakarta,CGK,WIII,16:10,08:10,,,,,1h 48m,Diverted
2025-09-16,CX784,CPA784,Cathay Pacific,Hong Kong,HKG,VHHH,16:10,08:10,16:14,4min late,20:29,55min early,4h 15m,Landed
2025-09-16,QZ536,AWQ536,Indonesia AirAsia,Perth,PER,YPPH,16:15,08:15,16:41,26min late,20:15,5min late,3h 33m,Landed
2025-09-16,MH850,MAS850,Malaysia Airlines,Kuala Lumpur,KUL,WMKK,16:25,08:25,16:39,14min late,19:17,17min early,2h 37m,Landed
2025-09-16,BR256,EVA256,EVA Airways,Taipei,TPE,RCTP,16:30,08:30,16:56,26min late,21:56,3min early,4h 59m,Landed
2025-09-16,IU743,,SW Italia,Jakarta,CGK,WIII,16:35,08:35,,,,,1h 55m,Cancelled
2025-09-16,QG669,CTV669,Citilink,Surabaya,SUB,WARR,16:35,08:35,16:37,2min late,16:19,25min early,42m,Landed
2025-09-16,QZ246,AWQ246,Indonesia AirAsia,Phuket,HKT,VTSP,16:40,08:40,16:58,18min late,19:28,11min early,3h 30m,Landed
2025-09-16,IU273,,SW Italia,Pontianak,PNK,WIOO,16:50,08:50,,,,,2h 0m,Cancelled
2025-09-16,HO1356,DKH1356,Juneyao Airlines,Shanghai,PVG,ZSPD,16:50,08:50,16:43,6min early,22:56,43min early,6h 12m,Landed
2025-09-16,QZ556,AWQ556,Indonesia AirAsia,Kuala Lumpur,KUL,WMKK,16:55,08:55,18:37,42min late,21:20,10min late,2h 43m,Landed
2025-09-16,TG432,THA432,Thai Airways International,Bangkok,BKK,VTBS,16:55,08:55,16:47,7min early,19:34,30min early,3h 47m,Landed
2025-09-16,ID6335,BTK6335,Batik Air,Labuan Bajo,LBJ,WATO,17:00,09:00,17:16,16min late,18:58,48min late,1h 42m,Landed
2025-09-16,VJ998,VJC998,VietJet Air,Hanoi,HAN,VVNB,17:30,09:30,17:37,7min late,21:15,29min early,4h 37m,Landed
2025-09-16,GA419,GIA419,Garuda Indonesia,Jakarta,CGK,WIII,17:35,09:35,17:22,12min early,18:16,18min early,1h 54m,Landed
2025-09-16,GA349,GIA349,Garuda Indonesia,Surabaya,SUB,WARR,17:35,09:35,17:45,10min late,17:32,12min early,47m,Landed
2025-09-16,IU759,SJV759,SW Italia,Jakarta,CGK,WIII,17:35,09:35,18:31,56min late,19:06,36min late,1h 35m,Landed
2025-09-16,IN281,,NAM Air,Jakarta,CGK,WIII,17:45,09:45,,,,,1h 40m,
2025-09-16,NZ291,ANZ291,Air New Zealand,Auckland,AKL,NZAA,17:50,09:50,18:01,11min late,04:54,36min early,6h 52m,Landed
2025-09-16,OD193,MXD193,Malindo Air,Perth,PER,YPPH,18:10,10:10,19:30,20min late,22:49,4min late,3h 19m,Landed
2025-09-16,JT567,LNI567,Lion Air,Yogyakarta,YIA,WAHI,18:25,10:25,18:36,11min late,17:36,18min early,0m,Landed
2025-09-16,IN283,LKN283,NAM Air,Jakarta,CGK,WIII,18:30,10:30,18:45,15min late,19:16,6min late,1h 31m,Landed
2025-09-16,GA417,GIA417,Garuda Indonesia,Jakarta,CGK,WIII,18:30,10:30,19:02,32min late,19:31,1min late,1h 29m,Landed
2025-09-16,SL259,TLM259,Thai Lion Air,Bangkok,DMK,VTBD,18:40,10:40,19:24,44min late,22:15,15min late,3h 51m,Landed
2025-09-16,JT925,LNI925,Lion Air,Surakarta,SOC,WAHQ,18:40,10:40,18:43,3min late,18:46,13min early,1h 3m,Landed
2025-09-16,ID6415,,Batik Air,Surabaya,SUB,WARR,18:45,10:45,,,,,1h 0m,Cancelled
2025-09-16,EY477,ETD477,Etihad Airways,Abu Dhabi,AUH,OMAA,18:45,10:45,18:53,8min late,14:53,36min early,0m,Landed
2025-09-16,CX782,CPA782,Cathay Pacific,Hong Kong,HKG,VHHH,18:45,10:45,18:39,5min early,23:20,44min early,4h 41m,Landed
2025-09-16,8B5109,TNU5109,Business Air,Jakarta,CGK,WIII,18:45,10:45,19:42,57min late,20:12,42min late,1h 30m,Landed
2025-09-16,QZ809,AWQ809,Indonesia AirAsia,Jakarta,CGK,WIII,18:50,10:50,19:23,33min late,19:58,13min late,1h 35m,Landed
2025-09-16,TG440,THA440,Thai Airways International,Bangkok,BKK,VTBS,19:00,11:00,19:17,17min late,22:03,6min early,3h 46m,Landed
2025-09-16,QG689,,Citilink,Jakarta,CGK,WIII,19:00,11:00,22:09,9min late,20:00,,2h 0m,Landed
2025-09-16,JT27,,Lion Air,Jakarta,CGK,WIII,19:05,11:05,,,,,1h 55m,Cancelled
2025-09-16,AK379,AXM379,AirAsia,Kuala Lumpur,KUL,WMKK,19:15,11:15,19:30,15min late,22:24,4min late,2h 54m,Landed
2025-09-16,MH852,MAS852,Malaysia Airlines,Kuala Lumpur,KUL,WMKK,19:20,11:20,19:20,on time,22:18,1min early,2h 58m,Landed
2025-09-16,QR963,QTR963,Qatar Airways,Doha,DOH,OTHH,19:20,11:20,19:19,on time,23:24,15min early,9h 5m,Landed
2025-09-16,ID7310,,Batik Air,Jakarta,HLP,WIHH,19:25,11:25,,,,,1h 45m,Cancelled
2025-09-16,GA495,GIA495,Garuda Indonesia,Jakarta,CGK,WIII,19:30,11:30,19:38,8min late,20:08,21min early,1h 30m,Landed
2025-09-16,QG699,CTV699,Citilink,Surabaya,SUB,WARR,19:30,11:30,19:36,6min late,19:24,15min early,48m,Landed
2025-09-16,JT11,LNI011,Lion Air,Jakarta,CGK,WIII,19:35,11:35,20:15,40min late,20:43,13min late,1h 28m,Landed
2025-09-16,TR287,TGW287,Scoot,Singapore,SIN,WSSS,19:40,11:40,19:48,8min late,22:00,15min early,2h 12m,Landed
2025-09-16,8B969,TNU969,Business Air,Guangzhou,CAN,ZGGG,19:40,11:40,19:52,12min late,00:44,15min early,4h 51m,Landed
2025-09-16,EK369,UAE369,Emirates,Dubai,DXB,OMDB,19:45,11:45,19:59,14min late,00:18,31min early,8h 18m,Landed
2025-09-16,JT923,LNI923,Lion Air,Surabaya,SUB,WARR,19:45,11:45,20:12,27min late,19:51,6min late,39m,Landed
2025-09-16,JT271,LNI271,Lion Air,Semarang,SRG,WIIS,19:50,11:50,20:08,18min late,20:10,4min early,1h 2m,Landed
2025-09-16,ID6413,BTK6413,Batik Air,Surabaya,SUB,WARR,19:50,11:50,20:23,33min late,20:05,15min late,41m,Landed
2025-09-16,GA415,GIA415,Garuda Indonesia,Jakarta,CGK,WIII,20:00,12:00,20:04,4min late,20:31,28min early,1h 26m,Landed
2025-09-16,SQ945,SIA945,Singapore Airlines,Singapore,SIN,WSSS,20:00,12:00,20:30,30min late,22:40,on time,2h 10m,Landed
2025-09-16,QG9692,CTV9692,Citilink,Surabaya,SUB,WARR,20:20,12:20,20:27,7min late,20:08,21min early,41m,Landed
2025-09-16,QG342,CTV342,Citilink,Makassar,UPG,WAAA,20:30,12:30,11:47,42min early,13:01,3min early,1h 14m,Landed
2025-09-16,KL836,KLM836,KLM Royal Dutch Airlines,Singapore,SIN,WSSS,20:35,12:35,20:30,5min early,22:53,16min early,2h 23m,Landed
2025-09-16,GA463,GIA463,Garuda Indonesia,Jakarta,HLP,WIHH,20:40,12:40,21:03,23min late,21:39,4min late,1h 35m,Landed
2025-09-16,OD177,MXD177,Malindo Air,Melbourne,MEL,YMML,21:00,13:00,21:18,18min late,04:59,19min late,5h 40m,Landed
2025-09-16,GA425,GIA425,Garuda Indonesia,Jakarta,CGK,WIII,21:15,13:15,21:24,9min late,21:57,12min early,1h 33m,Landed
2025-09-16,JQ34,JST034,Jetstar Airways,Melbourne,MEL,YMML,21:20,13:20,21:40,20min late,04:41,13min early,5h 1m,Landed
2025-09-16,TK67,THY067,Turkish Airlines,Istanbul,IST,LTFM,21:20,13:20,22:07,47min late,05:14,on time,12h 6m,Landed
2025-09-16,AK375,AXM375,AirAsia,Kuala Lumpur,KUL,WMKK,21:25,13:25,23:59,34min late,02:59,29min late,3h 0m,Landed
2025-09-16,JQ117,JST117,Jetstar Airways,Perth,PER,YPPH,21:30,13:30,22:05,35min late,01:36,16min late,3h 31m,Landed
2025-09-16,ID6760,BTK6760,Batik Air,Makassar,UPG,WAAA,21:30,13:30,23:09,39min late,00:13,23min late,1h 4m,Landed
2025-09-16,JT15,,Lion Air,Jakarta,CGK,WIII,21:30,13:30,,,,,1h 55m,Cancelled
2025-09-16,SQ947,SIA947,Singapore Airlines,Singapore,SIN,WSSS,21:35,13:35,21:41,6min late,23:55,10min early,2h 14m,Landed
2025-09-16,IP105,PAS105,Pelita Air Service,Jakarta,CGK,WIII,21:40,13:40,21:26,13min early,22:00,29min early,1h 33m,Landed
2025-09-16,QZ819,AWQ819,Indonesia AirAsia,Jakarta,CGK,WIII,21:40,13:40,23:45,5min late,00:10,40min late,1h 24m,Landed
2025-09-16,QG685,CTV685,Citilink,Jakarta,CGK,WIII,21:55,13:55,21:56,1min late,22:32,22min early,1h 36m,Landed
2025-09-16,QZ546,AWQ546,Indonesia AirAsia,Perth,PER,YPPH,21:55,13:55,22:12,17min late,01:42,2min late,3h 30m,Landed
2025-09-16,OD157,MXD157,Malindo Air,Brisbane,BNE,YBBN,22:00,14:00,22:26,26min late,05:37,12min early,5h 11m,Landed
2025-09-16,GA718,GIA718,Garuda Indonesia,Melbourne,MEL,YMML,22:05,14:05,22:18,13min late,05:05,24min early,4h 47m,Landed
2025-09-16,JQ60,JST060,Jetstar Airways,Brisbane,BNE,YBBN,22:10,14:10,22:13,3min late,05:26,13min early,5h 13m,Landed
2025-09-16,QF44,QFA044,Qantas,Sydney,SYD,YSSY,22:10,14:10,22:31,21min late,06:05,on time,5h 34m,Landed
2025-09-16,OD171,MXD171,Malindo Air,Sydney,SYD,YSSY,22:15,14:15,22:37,22min late,06:00,5min early,5h 22m,Landed
2025-09-16,IN2801,,NAM Air,Jakarta,CGK,WIII,22:25,14:25,22:25,,23:05,,1h 40m,Landed
2025-09-16,JQ38,JST038,Jetstar Airways,Sydney,SYD,YSSY,22:35,14:35,22:25,10min early,06:02,27min early,5h 37m,Landed
2025-09-16,7C2712,JJA2712,Jeju Air,Seoul,ICN,RKSI,22:45,14:45,00:59,14min late,07:41,31min late,5h 41m,Landed
2025-09-16,QZ811,AWQ811,Indonesia AirAsia,Jakarta,CGK,WIII,22:50,14:50,23:35,45min late,23:59,19min late,1h 24m,Landed
2025-09-16,JT3020,,Lion Air,Seoul,ICN,RKSI,23:05,15:05,,,,,7h 5m,
2025-09-16,VA96,VOZ096,Virgin Australia,Melbourne,MEL,YMML,23:05,15:05,23:09,4min late,06:08,31min early,4h 59m,Landed
2025-09-16,VA82,VOZ082,Virgin Australia,Gold Coast,OOL,YBCG,23:20,15:20,23:18,2min early,06:41,13min early,5h 23m,Landed
2025-09-16,GA714,GIA714,Garuda Indonesia,Sydney,SYD,YSSY,23:25,15:25,23:44,19min late,06:52,17min early,5h 7m,Landed
2025-09-16,JQ36,JST036,Jetstar Airways,Melbourne,MEL,YMML,23:30,15:30,01:01,31min late,08:01,56min late,5h 0m,Landed
2025-09-16,VA68,VOZ068,Virgin Australia,Sydney,SYD,YSSY,23:35,15:35,23:40,5min late,06:59,45min early,5h 19m,Landed
2025-09-16,KE634,KAL634,Korean Air Lines,Seoul,ICN,RKSI,23:45,15:45,03:05,20min late,08:29,34min late,4h 24m,Landed
2025-09-16,JQ128,JST128,Jetstar Airways,Adelaide,ADL,YPAD,23:55,15:55,23:43,12min early,06:01,13min early,4h 48m,Landed
2025-09-17,BX602,ABL602,Air Busan,Busan,PUS,RKPK,00:05,16:05,00:37,32min late,07:55,14min early,6h 17m,Landed
2025-09-17,GA880,GIA880,Garuda Indonesia,Tokyo,NRT,RJAA,00:20,16:20,00:18,2min early,08:23,26min early,7h 5m,Landed
2025-09-17,QZ548,AWQ548,Indonesia AirAsia,Perth,PER,YPPH,00:25,16:25,00:13,11min early,03:39,35min early,3h 26m,Landed
2025-09-17,CZ626,CSN626,China Southern Airlines,Guangzhou,CAN,ZGGG,00:30,16:30,00:54,24min late,05:39,10min early,4h 45m,Landed
2025-09-17,MF892,CXA892,Xiamen Airlines,Xiamen,XMN,ZSAM,00:30,16:30,00:28,2min early,06:06,1min late,5h 38m,Landed
2025-09-17,EK399,UAE399,Emirates,Dubai,DXB,OMDB,00:35,16:35,00:29,6min early,05:02,32min early,8h 33m,Landed
2025-09-17,QR961,QTR961,Qatar Airways,Doha,DOH,OTHH,00:35,16:35,00:22,13min early,04:14,40min early,8h 52m,Landed
2025-09-17,KE630,KAL630,Korean Air Lines,Seoul,ICN,RKSI,00:50,16:50,01:02,12min late,08:38,41min early,6h 36m,Landed
2025-09-17,PR538,PAL538,Philippine Airlines,Manila,MNL,RPLL,00:55,16:55,00:54,on time,04:29,20min early,3h 35m,Landed
2025-09-17,MU5030,CES5030,China Eastern Airlines,Shanghai,PVG,ZSPD,00:55,16:55,01:01,6min late,07:21,38min early,6h 20m,Landed
2025-09-17,5J282,CEB282,CEBU Pacific Air,Manila,MNL,RPLL,01:00,17:00,00:52,8min early,04:26,58min early,3h 34m,Landed
2025-09-17,GA870,GIA870,Garuda Indonesia,Seoul,ICN,RKSI,01:15,17:15,01:18,3min late,09:14,on time,6h 56m,Landed
2025-09-17,8B5888,,TransNusa,Manado,MDC,WAMM,01:30,17:30,,,,,2h 35m,
2025-09-17,JT746,LNI746,Lion Air,Makassar,UPG,WAAA,07:00,23:00,07:18,18min late,08:22,2min late,1h 4m,Landed
2025-09-17,JT929,,Lion Air,Surabaya,SUB,WARR,07:00,23:00,,,,,1h 0m,Cancelled
2025-09-17,JT944,,Lion Air,Makassar,UPG,WAAA,07:00,23:00,,,,,1h 20m,
2025-09-17,JT856,,Lion Air,Surabaya,SUB,WARR,07:00,23:00,,,,,1h 1m,
2025-09-17,JQ82,JST082,Jetstar Airways,Darwin,DRW,YPDN,07:00,23:00,07:22,22min late,08:52,22min early,0m,Landed
2025-09-17,GA401,GIA401,Garuda Indonesia,Jakarta,CGK,WIII,07:00,23:00,07:09,9min late,07:48,11min early,1h 39m,Landed
2025-09-17,QZ550,AWQ550,Indonesia AirAsia,Kuala Lumpur,KUL,WMKK,07:00,23:00,07:20,20min late,09:54,5min early,2h 34m,Landed
2025-09-17,QZ534,AWQ534,Indonesia AirAsia,Perth,PER,YPPH,07:05,23:05,07:46,41min late,11:38,38min late,3h 52m,Landed
2025-09-17,QG690,CTV690,Citilink,Surabaya,SUB,WARR,07:05,23:05,07:05,on time,06:44,20min early,39m,Landed
2025-09-17,SQ949,SIA949,Singapore Airlines,Singapore,SIN,WSSS,07:10,23:10,07:27,17min late,09:38,22min early,2h 10m,Landed
2025-09-17,QZ502,AWQ502,Indonesia AirAsia,Singapore,SIN,WSSS,07:10,23:10,07:06,3min early,09:29,20min early,2h 23m,Landed
2025-09-17,QZ644,AWQ644,Indonesia AirAsia,Labuan Bajo,LBJ,WATO,07:10,23:10,07:12,2min late,08:03,11min early,50m,Landed
2025-09-17,QZ813,AWQ813,Indonesia AirAsia,Jakarta,CGK,WIII,07:15,23:15,07:16,1min late,07:44,25min early,1h 28m,Landed
2025-09-17,QG663,CTV663,Citilink,Jakarta,CGK,WIII,07:45,23:45,07:46,1min late,08:20,14min early,1h 34m,Landed
2025-09-17,IW1854,WON1854,Wings Air,Lombok,LOP,WADL,08:00,00:00,08:11,11min late,08:34,10min early,23m,Landed
2025-09-17,JT21,LNI021,Lion Air,Jakarta,CGK,WIII,08:05,00:05,08:22,17min late,08:50,9min early,1h 27m,Landed
2025-09-17,HX706,CRK706,Hong Kong Airlines,Hong Kong,HKG,VHHH,08:15,00:15,08:09,5min early,12:58,21min early,4h 49m,Landed
2025-09-17,IW1850,WON1850,Wings Air,Lombok,LOP,WADL,08:35,00:35,08:59,24min late,09:21,1min late,22m,Landed
2025-09-17,5J280,CEB280,CEBU Pacific Air,Manila,MNL,RPLL,08:35,00:35,08:49,14min late,12:34,15min early,3h 45m,Landed
2025-09-17,CZ8482,CSN8482,China Southern Airlines,Guangzhou,CAN,ZGGG,08:40,00:40,09:34,54min late,14:33,43min late,4h 59m,Landed
2025-09-17,8B80,TNU080,Business Air,Perth,PER,YPPH,09:05,01:05,09:05,on time,12:47,7min early,3h 41m,Landed
2025-09-17,8B5105,TNU5105,Business Air,Jakarta,CGK,WIII,09:10,01:10,08:55,14min early,09:11,48min early,1h 15m,Landed
2025-09-17,IN640,LKN640,NAM Air,Tambolaka,TMC,WADT,09:10,01:10,09:12,2min late,09:55,14min early,43m,Landed
2025-09-17,IW1832,WON1832,Wings Air,Tambolaka,TMC,WADT,09:10,01:10,10:23,13min late,11:30,55min late,1h 6m,Landed
2025-09-17,IW1856,WON1856,Wings Air,Lombok,LOP,WADL,09:10,01:10,09:25,15min late,09:48,6min early,22m,Landed
2025-09-17,ID6007,BTK6007,Batik Air,Perth,PER,YPPH,09:25,01:25,10:22,57min late,13:55,40min late,3h 33m,Landed
2025-09-17,QG500,CTV500,Citilink,Dili,DIL,WPDL,09:30,01:30,09:22,7min early,12:14,5min early,1h 52m,Landed
2025-09-17,JT31,,Lion Air,Jakarta,CGK,WIII,09:30,01:30,,,,,1h 55m,Cancelled
2025-09-17,QZ803,AWQ803,Indonesia AirAsia,Jakarta,CGK,WIII,09:40,01:40,09:43,3min late,10:14,15min early,1h 31m,Landed
2025-09-17,QR965,QTR965,Qatar Airways,Doha,DOH,OTHH,09:55,01:55,12:21,26min late,14:04,15min early,6h 42m,Landed
2025-09-17,JT3569,LNI3569,Lion Air,Yogyakarta,YIA,WAHI,09:55,01:55,09:59,4min late,10:06,18min early,1h 7m,Landed
2025-09-17,AI2146,AIC2146,Air India,Delhi,DEL,VIDP,10:00,02:00,,,,,7h 39m,Diverted
2025-09-17,IW1882,WON1882,Wings Air,Sumbawa Besar,SWQ,WADS,10:00,02:00,10:32,32min late,11:14,14min late,42m,Landed
2025-09-17,JT270,LNI270,Lion Air,Kupang,KOE,WATT,10:00,02:00,15:12,12min late,16:32,52min late,1h 20m,Landed
2025-09-17,SQ935,SIA935,Singapore Airlines,Singapore,SIN,WSSS,10:05,02:05,10:19,14min late,12:50,5min late,2h 30m,Landed
2025-09-17,SU297,AFL297,Aeroflot,Moscow,SVO,UUEE,10:05,02:05,10:35,30min late,17:43,31min early,12h 7m,Landed
2025-09-17,8B5101,TNU5101,Business Air,Jakarta,CGK,WIII,10:25,02:25,10:41,16min late,11:09,5min early,1h 28m,Landed
2025-09-17,JT33,LNI033,Lion Air,Jakarta,CGK,WIII,10:30,02:30,10:50,20min late,11:19,5min early,1h 28m,Landed
2025-09-17,JT805,LNI805,Lion Air,Surabaya,SUB,WARR,10:35,02:35,10:53,18min late,10:17,17min early,23m,Landed
2025-09-17,QZ815,AWQ815,Indonesia AirAsia,Jakarta,CGK,WIII,10:35,02:35,10:42,7min late,11:15,14min early,1h 33m,Landed
2025-09-17,8G182,DTL182,Mid Africa Aviation,Dili,DIL,WPDL,10:35,02:35,10:47,12min late,13:29,on time,1h 42m,Landed
2025-09-17,TR281,TGW281,Scoot,Singapore,SIN,WSSS,10:50,02:50,11:22,32min late,13:35,5min late,2h 13m,Landed
2025-09-17,QG9193,CTV9193,Citilink,Jakarta,HLP,WIHH,11:10,03:10,11:05,4min early,11:44,15min early,1h 38m,Landed
2025-09-17,JQ126,JST126,Jetstar Airways,Adelaide,ADL,YPAD,11:15,03:15,11:21,6min late,17:21,8min early,4h 30m,Landed
2025-09-17,6E1606,IGO1606,IndiGo,Bangalore,BLR,VOBL,11:20,03:20,17:04,44min late,14:47,22min early,12m,Landed
2025-09-17,JQ109,JST109,Jetstar Airways,Perth,PER,YPPH,11:40,03:40,11:39,on time,15:08,16min early,3h 29m,Landed
2025-09-17,JQ32,JST032,Jetstar Airways,Melbourne,MEL,YMML,11:55,03:55,12:03,8min late,19:08,21min early,5h 5m,Landed
2025-09-17,OD192,MXD192,Malindo Air,Kuala Lumpur,KUL,WMKK,11:55,03:55,12:04,9min late,14:44,20min early,2h 39m,Landed
2025-09-17,FD397,AIQ397,Thai AirAsia,Bangkok,DMK,VTBD,12:00,04:00,12:38,38min late,15:27,7min early,3h 49m,Landed
2025-09-17,GA407,GIA407,Garuda Indonesia,Jakarta,CGK,WIII,12:00,04:00,12:01,1min late,12:45,9min early,1h 44m,Landed
2025-09-17,QZ618,AWQ618,Indonesia AirAsia,Banjarmasin,BDJ,WAOO,12:05,04:05,11:52,12min early,12:55,34min early,1h 2m,Landed
2025-09-17,GA253,GIA253,Garuda Indonesia,Yogyakarta,YIA,WAHI,12:05,04:05,12:15,10min late,12:33,21min early,1h 17m,Landed
2025-09-17,SQ937,SIA937,Singapore Airlines,Singapore,SIN,WSSS,12:10,04:10,12:44,34min late,14:57,2min late,2h 13m,Landed
2025-09-17,IN7742,LKN7742,NAM Air,Tambolaka,TMC,WADT,12:20,04:20,12:23,3min late,13:02,17min early,39m,Landed
2025-09-17,SJ742,,Sriwijaya Air,Tambolaka,TMC,WADT,12:20,04:20,,,,,1h 0m,
2025-09-17,JQ40,JST040,Jetstar Airways,Sydney,SYD,YSSY,12:20,04:20,12:21,on time,19:38,36min early,5h 17m,Landed
2025-09-17,D7795,XAX795,AirAsia X,Kuala Lumpur,KUL,WMKK,12:30,04:30,12:54,24min late,15:31,13min early,2h 36m,Landed
2025-09-17,QZ805,AWQ805,Indonesia AirAsia,Jakarta,CGK,WIII,12:40,04:40,14:35,55min late,15:08,28min late,1h 33m,Landed
2025-09-17,OD158,MXD158,Malindo Air,Kuala Lumpur,KUL,WMKK,12:45,04:45,13:02,17min late,15:38,16min early,2h 35m,Landed
2025-09-17,IP103,PAS103,Pelita Air Service,Jakarta,CGK,WIII,12:45,04:45,12:48,3min late,13:23,17min early,1h 34m,Landed
2025-09-17,IW1848,WON1848,Wings Air,Lombok,LOP,WADL,12:45,04:45,13:58,13min late,14:27,57min late,29m,Landed
2025-09-17,ID7308,BTK7308,Batik Air,Jakarta,HLP,WIHH,12:50,04:50,14:32,42min late,15:03,28min late,1h 31m,Landed
2025-09-17,8B82,TNU082,Business Air,Perth,PER,YPPH,12:55,04:55,11:23,31min early,17:18,23min late,5h 55m,Landed
2025-09-17,MH714,MAS714,Malaysia Airlines,Kuala Lumpur,KUL,WMKK,12:55,04:55,14:25,30min late,17:06,6min late,2h 41m,Landed
2025-09-17,SQ939,SIA939,Singapore Airlines,Singapore,SIN,WSSS,13:05,05:05,13:17,12min late,15:33,16min early,2h 16m,Landed
2025-09-17,JT35,,Lion Air,Jakarta,CGK,WIII,13:10,05:10,,,,,1h 55m,Cancelled
2025-09-17,VJ900,VJC900,VietJet Air,Hanoi,HAN,VVNB,13:10,05:10,13:06,3min early,16:52,27min early,4h 46m,Landed
2025-09-17,OD172,MXD172,Malindo Air,Kuala Lumpur,KUL,WMKK,13:15,05:15,13:38,23min late,16:18,6min early,2h 40m,Landed
2025-09-17,JQ58,JST058,Jetstar Airways,Brisbane,BNE,YBBN,13:15,05:15,13:45,30min late,20:51,6min late,5h 6m,Landed
2025-09-17,IW1834,WON1834,Wings Air,Tambolaka,TMC,WADT,13:20,05:20,14:03,43min late,14:36,8min early,33m,Landed
2025-09-17,OD178,MXD178,Malindo Air,Kuala Lumpur,KUL,WMKK,13:25,05:25,13:52,27min late,16:27,7min early,2h 34m,Landed
2025-09-17,GA409,GIA409,Garuda Indonesia,Jakarta,CGK,WIII,13:25,05:25,14:07,42min late,14:38,13min late,1h 31m,Landed
2025-09-17,JT660,,Lion Air,Balikpapan,BPN,WALL,13:25,05:25,,,,,1h 45m,Cancelled
2025-09-17,D7799,XAX799,AirAsia X,Kuala Lumpur,KUL,WMKK,13:35,05:35,13:29,5min early,16:03,46min early,2h 34m,Landed
2025-09-17,IW1826,WON1826,Wings Air,Bima,BMU,WADB,13:40,05:40,15:20,40min late,16:23,18min late,1h 3m,Landed
2025-09-17,ID7135,BTK7135,Batik Air,Singapore,SIN,WSSS,13:45,05:45,14:26,41min late,16:46,6min late,2h 19m,Landed
2025-09-17,8B5107,,Business Air,Jakarta,CGK,WIII,13:50,05:50,,,,,1h 50m,
2025-09-17,QZ544,AWQ544,Indonesia AirAsia,Perth,PER,YPPH,13:55,05:55,14:10,15min late,17:38,16min early,3h 27m,Landed
2025-09-17,JT25,LNI025,Lion Air,Jakarta,CGK,WIII,14:00,06:00,14:55,55min late,15:30,35min late,1h 35m,Landed
2025-09-17,TR289,TGW289,Scoot,Singapore,SIN,WSSS,14:00,06:00,14:05,5min late,16:30,30min early,2h 24m,Landed
2025-09-17,VJ894,VJC894,VietJet Air,Ho Chi Minh City,SGN,VVTS,14:05,06:05,14:10,5min late,17:04,9min late,3h 54m,Landed
2025-09-17,JT569,LNI569,Lion Air,Yogyakarta,YIA,WAHI,14:10,06:10,14:18,8min late,14:37,2min early,1h 19m,Landed
2025-09-17,ID7637,BTK7637,Batik Air,Bangkok,DMK,VTBD,14:15,06:15,14:58,43min late,17:55,10min late,3h 57m,Landed
2025-09-17,JT23,,Lion Air,Jakarta,CGK,WIII,14:35,06:35,,,,,1h 55m,Cancelled
2025-09-17,JT740,LNI740,Lion Air,Makassar,UPG,WAAA,14:40,06:40,15:06,26min late,16:17,17min late,1h 11m,Landed
2025-09-17,JT273,,Lion Air,Semarang,SRG,WIIS,14:40,06:40,,,,,1h 25m,Cancelled
2025-09-17,IW1884,WON1884,Wings Air,Waingapu,WGP,WADW,14:40,06:40,14:45,5min late,16:01,28min early,1h 15m,Landed
2025-09-17,QG681,CTV681,Citilink,Jakarta,CGK,WIII,14:40,06:40,14:57,17min late,15:41,6min late,1h 43m,Landed
2025-09-17,AK377,AXM377,AirAsia,Kuala Lumpur,KUL,WMKK,14:45,06:45,15:03,18min late,17:52,2min early,2h 49m,Landed
2025-09-17,JT924,LNI924,Lion Air,Kupang,KOE,WATT,14:55,06:55,17:20,25min late,18:40,5min late,1h 20m,Landed
2025-09-17,JT844,LNI844,Lion Air,Banjarmasin,BDJ,WAOO,15:00,07:00,15:30,30min late,16:33,8min late,1h 2m,Landed
2025-09-17,8B5103,,TransNusa,Jakarta,CGK,WIII,15:10,07:10,,,,,1h 45m,
2025-09-17,GA842,GIA842,Garuda Indonesia,Singapore,SIN,WSSS,15:15,07:15,15:37,22min late,18:06,6min late,2h 29m,Landed
2025-09-17,VA50,VOZ050,Virgin Australia,Brisbane,BNE,YBBN,15:15,07:15,15:13,2min early,22:32,27min early,5h 19m,Landed
2025-09-17,VJ898,VJC898,VietJet Air,Ho Chi Minh City,SGN,VVTS,15:30,07:30,15:39,9min late,18:08,12min early,3h 29m,Landed
2025-09-17,IU703,SJV703,SW Italia,Surabaya,SUB,WARR,15:40,07:40,15:48,8min late,15:29,10min early,41m,Landed
2025-09-17,CI772,CAL772,China Airlines,Taipei,TPE,RCTP,15:40,07:40,15:58,18min late,21:03,1min early,5h 5m,Landed
2025-09-17,QZ646,AWQ646,Indonesia AirAsia,Labuan Bajo,LBJ,WATO,15:45,07:45,16:02,17min late,16:53,6min early,51m,Landed
2025-09-17,IP109,PAS109,Pelita Air Service,Jakarta,CGK,WIII,15:45,07:45,16:05,20min late,16:34,on time,1h 29m,Landed
2025-09-17,OD307,MXD307,Malindo Air,Kuala Lumpur,KUL,WMKK,15:50,07:50,16:28,38min late,19:05,15min late,2h 37m,Landed
2025-09-17,VA92,VOZ092,Virgin Australia,Melbourne,MEL,YMML,15:50,07:50,15:51,on time,23:29,4min late,5h 38m,Landed
2025-09-17,JQ43,JST043,Jetstar Airways,Singapore,SIN,WSSS,15:50,07:50,16:24,34min late,18:45,15min late,2h 21m,Landed
2025-09-17,GA411,GIA411,Garuda Indonesia,Jakarta,CGK,WIII,15:55,07:55,16:08,13min late,16:47,12min early,1h 39m,Landed
2025-09-17,JQ44,JST044,Jetstar Airways,Melbourne,MEL,YMML,15:55,07:55,16:17,22min late,23:10,19min early,4h 53m,Landed
2025-09-17,ID8335,BTK8335,Batik Air,Labuan Bajo,LBJ,WATO,15:55,07:55,10:38,16min early,11:29,35min early,51m,Landed
2025-09-17,VN640,HVN640,Vietnam Airlines,Ho Chi Minh City,SGN,VVTS,16:00,08:00,16:37,37min late,19:01,21min late,3h 23m,Landed
2025-09-17,SJ717,,Sriwijaya Air,Makassar,UPG,WAAA,16:00,08:00,,,,,1h 20m,
2025-09-17,QZ807,AWQ807,Indonesia AirAsia,Jakarta,CGK,WIII,16:10,08:10,16:12,2min late,16:42,32min early,1h 30m,Landed
2025-09-17,CX784,CPA784,Cathay Pacific,Hong Kong,HKG,VHHH,16:10,08:10,16:15,5min late,20:52,32min early,4h 37m,Landed
2025-09-17,QG195,CTV195,Citilink,Jakarta,HLP,WIHH,16:10,08:10,16:31,21min late,17:48,48min late,2h 16m,Landed
2025-09-17,QZ536,AWQ536,Indonesia AirAsia,Perth,PER,YPPH,16:15,08:15,16:28,13min late,19:43,26min early,3h 14m,Landed
2025-09-17,MH850,MAS850,Malaysia Airlines,Kuala Lumpur,KUL,WMKK,16:25,08:25,16:33,8min late,19:23,11min early,2h 50m,Landed
2025-09-17,BR256,EVA256,EVA Airways,Taipei,TPE,RCTP,16:30,08:30,16:29,on time,21:26,33min early,4h 57m,Landed
2025-09-17,QG669,CTV669,Citilink,Surabaya,SUB,WARR,16:35,08:35,16:24,11min early,16:19,25min early,55m,Landed
2025-09-17,IU743,SJV743,SW Italia,Jakarta,CGK,WIII,16:35,08:35,17:50,15min late,18:19,49min late,1h 29m,Landed
2025-09-17,JT744,LNI744,Lion Air,Makassar,UPG,WAAA,16:40,08:40,18:04,24min late,18:04,4min late,0m,Landed
2025-09-17,QZ642,AWQ642,Indonesia AirAsia,Labuan Bajo,LBJ,WATO,16:45,08:45,17:15,30min late,18:07,12min late,51m,Landed
2025-09-17,IU273,,SW Italia,Pontianak,PNK,WIOO,16:50,08:50,,,,,2h 10m,Cancelled
2025-09-17,HO1356,DKH1356,Juneyao Airlines,Shanghai,PVG,ZSPD,16:50,08:50,16:56,6min late,23:08,31min early,6h 12m,Landed
2025-09-17,TG432,THA432,Thai Airways International,Bangkok,BKK,VTBS,16:55,08:55,16:51,3min early,19:55,9min early,4h 4m,Landed
2025-09-17,QZ556,AWQ556,Indonesia AirAsia,Kuala Lumpur,KUL,WMKK,16:55,08:55,17:04,9min late,19:43,26min early,2h 38m,Landed
2025-09-17,ID6335,BTK6335,Batik Air,Labuan Bajo,LBJ,WATO,17:00,09:00,11:58,1min early,12:50,19min early,51m,Landed
2025-09-17,VJ998,VJC998,VietJet Air,Hanoi,HAN,VVNB,17:30,09:30,17:40,10min late,21:11,33min early,4h 31m,Landed
2025-09-17,IU759,,SW Italia,Jakarta,CGK,WIII,17:35,09:35,,,,,1h 55m,Cancelled
2025-09-17,GA419,GIA419,Garuda Indonesia,Jakarta,CGK,WIII,17:35,09:35,17:45,10min late,18:15,19min early,1h 30m,Landed
2025-09-17,GA349,GIA349,Garuda Indonesia,Surabaya,SUB,WARR,17:35,09:35,17:37,2min late,17:24,20min early,46m,Landed
2025-09-17,D7793,XAX793,AirAsia X,Kuala Lumpur,KUL,WMKK,17:40,09:40,17:47,7min late,20:23,31min early,2h 36m,Landed
2025-09-17,NZ291,ANZ291,Air New Zealand,Auckland,AKL,NZAA,17:50,09:50,17:44,6min early,04:57,32min early,7h 13m,Landed
2025-09-17,OD193,MXD193,Malindo Air,Perth,PER,YPPH,18:10,10:10,18:56,46min late,22:09,24min late,3h 13m,Landed
2025-09-17,JT567,LNI567,Lion Air,Yogyakarta,YIA,WAHI,18:25,10:25,18:46,21min late,18:54,on time,1h 8m,Landed
2025-09-17,GA417,GIA417,Garuda Indonesia,Jakarta,CGK,WIII,18:30,10:30,18:54,24min late,19:27,2min early,1h 32m,Landed
2025-09-17,IN281,LKN281,Nam Air,Jakarta,CGK,WIII,18:30,10:30,18:27,3min early,18:53,16min early,1h 26m,Landed
2025-09-17,JT925,LNI925,Lion Air,Surakarta,SOC,WAHQ,18:40,10:40,18:50,10min late,18:52,7min early,1h 2m,Landed
2025-09-17,8B5109,TNU5109,TransNusa,Jakarta,CGK,WIII,18:45,10:45,19:57,12min late,20:23,53min late,1h 25m,Landed
2025-09-17,ID6415,BTK6415,Batik Air,Surabaya,SUB,WARR,18:45,10:45,20:08,23min late,20:11,26min late,1h 2m,Landed
2025-09-17,CX782,CPA782,Cathay Pacific,Hong Kong,HKG,VHHH,18:45,10:45,19:02,17min late,23:37,28min early,4h 34m,Landed
2025-09-17,EY477,ETD477,Etihad Airways,Abu Dhabi,AUH,OMAA,18:45,10:45,18:43,2min early,23:31,1min late,8h 48m,Landed
2025-09-17,QZ809,AWQ809,Indonesia AirAsia,Jakarta,CGK,WIII,18:50,10:50,19:12,22min late,19:41,3min early,1h 28m,Landed
2025-09-17,QG689,CTV689,Citilink,Jakarta,CGK,WIII,19:00,11:00,19:08,8min late,19:38,21min early,1h 29m,Landed
2025-09-17,TG440,THA440,Thai Airways International,Bangkok,BKK,VTBS,19:00,11:00,19:14,14min late,22:33,23min late,4h 18m,Landed
2025-09-17,JT27,LNI027,Lion Air,Jakarta,CGK,WIII,19:05,11:05,21:48,43min late,22:18,18min late,1h 29m,Landed
2025-09-17,AK379,AXM379,AirAsia,Kuala Lumpur,KUL,WMKK,19:15,11:15,19:51,36min late,22:27,7min late,2h 35m,Landed
2025-09-17,QR963,QTR963,Qatar Airways,Doha,DOH,OTHH,19:20,11:20,19:32,12min late,23:32,7min early,9h 0m,Landed
2025-09-17,MH852,MAS852,Malaysia Airlines,Kuala Lumpur,KUL,WMKK,19:20,11:20,19:35,15min late,22:15,4min early,2h 40m,Landed
2025-09-17,ID7310,BTK7310,Batik Air,Jakarta,HLP,WIHH,19:25,11:25,21:59,34min late,22:22,12min late,1h 23m,Landed
2025-09-17,QG699,CTV699,Citilink,Surabaya,SUB,WARR,19:30,11:30,19:22,8min early,19:15,24min early,53m,Landed
2025-09-17,GA495,GIA495,Garuda Indonesia,Jakarta,CGK,WIII,19:30,11:30,19:45,15min late,20:17,12min early,1h 32m,Landed
2025-09-17,JT11,,Lion Air,Jakarta,CGK,WIII,19:35,11:35,,,,,1h 55m,Cancelled
2025-09-17,8B969,TNU969,Business Air,Guangzhou,CAN,ZGGG,19:40,11:40,19:49,9min late,00:35,24min early,4h 45m,Landed
2025-09-17,TR287,TGW287,Scoot,Singapore,SIN,WSSS,19:40,11:40,20:02,22min late,22:17,2min late,2h 14m,Landed
2025-09-17,JT923,LNI923,Lion Air,Surabaya,SUB,WARR,19:45,11:45,20:43,58min late,20:40,55min late,56m,Landed
2025-09-17,EK369,UAE369,Emirates,Dubai,DXB,OMDB,19:45,11:45,19:41,4min early,00:36,13min early,8h 55m,Landed
2025-09-17,ID6413,,Batik Air,Surabaya,SUB,WARR,19:50,11:50,,,,,1h 0m,Cancelled
2025-09-17,JT271,LNI271,Lion Air,Semarang,SRG,WIIS,19:50,11:50,22:16,26min late,22:19,4min late,1h 3m,Landed
2025-09-17,GA415,GIA415,Garuda Indonesia,Jakarta,CGK,WIII,20:00,12:00,20:17,17min late,20:49,10min early,1h 32m,Landed
2025-09-17,ID6517,BTK6517,Batik Air,Jakarta,CGK,WIII,20:00,12:00,22:18,18min late,22:50,55min late,1h 32m,Landed
2025-09-17,SQ945,SIA945,Singapore Airlines,Singapore,SIN,WSSS,20:00,12:00,20:19,19min late,22:32,7min early,2h 13m,Landed
2025-09-17,QG9692,CTV9692,Citilink,Surabaya,SUB,WARR,20:20,12:20,20:22,2min late,20:21,8min early,58m,Landed
2025-09-17,QG342,CTV342,Citilink,Makassar,UPG,WAAA,20:30,12:30,11:55,34min early,13:18,46min early,1h 23m,Landed
2025-09-17,KL836,KLM836,KLM Royal Dutch Airlines,Singapore,SIN,WSSS,20:35,12:35,20:37,2min late,22:51,18min early,2h 13m,Landed
2025-09-17,GA463,GIA463,Garuda Indonesia,Jakarta,HLP,WIHH,20:40,12:40,21:28,48min late,21:53,18min late,1h 25m,Landed
2025-09-17,OD177,MXD177,Malindo Air,Melbourne,MEL,YMML,21:00,13:00,21:24,24min late,04:26,13min early,5h 2m,Landed
2025-09-17,JQ107,JST107,Jetstar Airways,Perth,PER,YPPH,21:10,13:10,21:38,28min late,01:02,7min late,3h 24m,Landed
2025-09-17,GA425,,Garuda Indonesia,Jakarta,CGK,WIII,21:15,13:15,22:30,15min late,23:04,54min late,1h 34m,Landed
2025-09-17,JQ34,JST034,Jetstar Airways,Melbourne,MEL,YMML,21:20,13:20,22:25,5min late,05:32,37min late,5h 7m,Landed
2025-09-17,TK67,THY067,Turkish Airlines,Istanbul,IST,LTFM,21:20,13:20,21:20,on time,04:38,36min early,12h 18m,Landed
2025-09-17,OD171,MXD171,Malindo Air,Sydney,SYD,YSSY,21:20,13:20,22:03,43min late,06:07,42min late,6h 3m,Landed
2025-09-17,AK375,AXM375,AirAsia,Kuala Lumpur,KUL,WMKK,21:25,13:25,22:18,53min late,01:26,56min late,3h 8m,Landed
2025-09-17,ID6760,BTK6760,Batik Air,Makassar,UPG,WAAA,21:30,13:30,22:44,14min late,23:40,50min late,56m,Landed
2025-09-17,JT15,LNI015,Lion Air,Jakarta,CGK,WIII,21:30,13:30,22:55,25min late,23:23,58min late,1h 28m,Landed
2025-09-17,JQ117,JST117,Jetstar Airways,Perth,PER,YPPH,21:30,13:30,21:40,10min late,00:58,21min early,3h 18m,Landed
2025-09-17,SQ947,SIA947,Singapore Airlines,Singapore,SIN,WSSS,21:35,13:35,21:45,10min late,23:58,6min early,2h 13m,Landed
2025-09-17,QZ819,AWQ819,Indonesia AirAsia,Jakarta,CGK,WIII,21:40,13:40,22:52,12min late,23:17,47min late,1h 25m,Landed
2025-09-17,IP105,PAS105,Pelita Air Service,Jakarta,CGK,WIII,21:40,13:40,21:38,2min early,22:05,24min early,1h 27m,Landed
2025-09-17,QZ546,AWQ546,Indonesia AirAsia,Perth,PER,YPPH,21:55,13:55,22:08,13min late,01:18,21min early,3h 9m,Landed
2025-09-17,QG685,,Citilink,Jakarta,CGK,WIII,21:55,13:55,22:05,10min late,23:07,12min late,2h 2m,Landed
2025-09-17,GA718,GIA718,Garuda Indonesia,Melbourne,MEL,YMML,22:05,14:05,22:26,21min late,05:27,3min early,5h 0m,Landed
2025-09-17,QF44,QFA044,Qantas,Sydney,SYD,YSSY,22:10,14:10,22:42,32min late,06:16,11min late,5h 34m,Landed
2025-09-17,IN2801,,NAM Air,Jakarta,CGK,WIII,22:25,14:25,22:25,,23:05,,1h 40m,Landed
2025-09-17,JQ38,JST038,Jetstar Airways,Sydney,SYD,YSSY,22:35,14:35,22:25,10min early,06:06,23min early,5h 41m,Landed
2025-09-17,7C2712,JJA2712,Jeju Air,Seoul,ICN,RKSI,22:45,14:45,23:07,22min late,07:07,2min early,7h 0m,Landed
2025-09-17,QZ811,AWQ811,Indonesia AirAsia,Jakarta,CGK,WIII,22:50,14:50,23:31,41min late,00:13,33min late,1h 41m,Landed
2025-09-17,QF46,QFA046,Qantas,Melbourne,MEL,YMML,23:05,15:05,23:37,32min late,06:48,8min late,5h 11m,Landed
2025-09-17,VA96,VOZ096,Virgin Australia,Melbourne,MEL,YMML,23:05,15:05,23:20,15min late,06:27,12min early,5h 7m,Landed
2025-09-17,JT3020,,Lion Air,Seoul,ICN,RKSI,23:05,15:05,,,,,7h 5m,
2025-09-17,VA82,VOZ082,Virgin Australia,Gold Coast,OOL,YBCG,23:20,15:20,23:39,19min late,06:47,7min early,5h 8m,Landed
2025-09-17,GA714,GIA714,Garuda Indonesia,Sydney,SYD,YSSY,23:25,15:25,23:59,34min late,07:17,7min late,5h 18m,Landed
2025-09-17,JQ91,JST091,Jetstar Airways,Cairns,CNS,YBCS,23:30,15:30,23:58,28min late,06:19,19min late,4h 21m,Landed
2025-09-17,JQ36,JST036,Jetstar Airways,Melbourne,MEL,YMML,23:30,15:30,00:12,42min late,07:12,7min late,4h 59m,Landed
2025-09-17,VA68,VOZ068,Virgin Australia,Sydney,SYD,YSSY,23:35,15:35,23:57,22min late,07:28,16min early,5h 31m,Landed
2025-09-17,QZ542,AWQ542,Indonesia AirAsia,Cairns,CNS,YBCS,23:45,15:45,00:28,43min late,06:55,20min late,4h 26m,Landed
2025-09-17,KE634,KAL634,Korean Air Lines,Seoul,ICN,RKSI,23:45,15:45,23:46,on time,08:04,9min late,7h 18m,Landed
2025-09-17,QZ420,AWQ420,Indonesia AirAsia,Adelaide,ADL,YPAD,23:45,15:45,00:08,23min late,01:38,46min early,0m,Landed
2025-09-17,JQ94,JST094,Jetstar Airways,Gold Coast,OOL,YBCG,23:45,15:45,00:12,27min late,07:33,18min late,5h 21m,Landed
2025-09-17,SV857,SVA857,Saudi Arabian Airlines,Singapore,SIN,WSSS,23:45,15:45,00:05,20min late,02:15,on time,2h 9m,Landed
2025-09-17,JQ128,JST128,Jetstar Airways,Adelaide,ADL,YPAD,23:55,15:55,00:44,49min late,06:25,15min late,4h 10m,Landed
2025-09-18,BX602,ABL602,Air Busan,Busan,PUS,RKPK,00:05,16:05,00:37,32min late,07:55,14min early,6h 17m,Landed
2025-09-18,GA880,,Garuda Indonesia,Tokyo,NRT,RJAA,00:20,16:20,,,,,7h 30m,Cancelled
2025-09-18,CZ626,CSN626,China Southern Airlines,Guangzhou,CAN,ZGGG,00:30,16:30,00:34,4min late,05:20,29min early,4h 46m,Landed
2025-09-18,MF892,CXA892,Xiamen Airlines,Xiamen,XMN,ZSAM,00:30,16:30,00:36,6min late,05:59,5min early,5h 22m,Landed
2025-09-18,QR961,QTR961,Qatar Airways,Doha,DOH,OTHH,00:35,16:35,00:31,4min early,04:39,15min early,9h 8m,Landed
2025-09-18,EK399,UAE399,Emirates,Dubai,DXB,OMDB,00:35,16:35,00:39,4min late,05:27,7min early,8h 48m,Landed
2025-09-18,KE630,KAL630,Korean Air Lines,Seoul,ICN,RKSI,00:50,16:50,01:25,35min late,09:02,17min early,6h 36m,Landed
2025-09-18,MU5030,CES5030,China Eastern Airlines,Shanghai,PVG,ZSPD,00:55,16:55,00:46,8min early,07:48,6min early,7h 2m,Landed
2025-09-18,PR538,PAL538,Philippine Airlines,Manila,MNL,RPLL,00:55,16:55,00:56,1min late,04:31,18min early,3h 35m,Landed
2025-09-18,SJ726,,Sriwijaya Air,Makassar,UPG,WAAA,01:00,17:00,,,,,1h 20m,
2025-09-18,5J282,CEB282,CEBU Pacific Air,Manila,MNL,RPLL,01:00,17:00,00:52,8min early,04:26,58min early,3h 34m,Landed
2025-09-18,QZ548,AWQ548,Indonesia AirAsia,Perth,PER,YPPH,01:05,17:05,01:01,3min early,01:22,32min early,20m,Landed
2025-09-18,GA870,GIA870,Garuda Indonesia,Seoul,ICN,RKSI,01:15,17:15,01:20,5min late,09:14,on time,6h 53m,Landed
2025-09-18,8B5888,TNU5888,TransNusa,Manado,MDC,WAMM,01:30,17:30,01:34,4min late,03:49,15min early,2h 15m,Landed
2025-09-18,JT944,,Lion Air,Makassar,UPG,WAAA,07:00,23:00,,,,,1h 20m,
2025-09-18,JT746,LNI746,Lion Air,Makassar,UPG,WAAA,07:00,23:00,07:20,20min late,07:20,59min early,0m,Landed
2025-09-18,QZ550,AWQ550,Indonesia AirAsia,Kuala Lumpur,KUL,WMKK,07:00,23:00,11:44,44min late,14:27,27min late,2h 43m,Landed
2025-09-18,GA401,GIA401,Garuda Indonesia,Jakarta,CGK,WIII,07:00,23:00,07:07,7min late,07:45,14min early,1h 37m,Landed
2025-09-18,JT929,LNI929,Lion Air,Surabaya,SUB,WARR,07:00,23:00,07:11,11min late,06:48,11min early,37m,Landed
2025-09-18,JT856,,Lion Air,Surabaya,SUB,WARR,07:00,23:00,10:12,12min late,10:47,46min late,1h 34m,Landed
2025-09-18,QZ534,AWQ534,Indonesia AirAsia,Perth,PER,YPPH,07:05,23:05,07:03,1min early,10:46,13min early,3h 42m,Landed
2025-09-18,QG690,CTV690,Citilink,Surabaya,SUB,WARR,07:05,23:05,07:00,4min early,06:42,22min early,42m,Landed
2025-09-18,QZ644,AWQ644,Indonesia AirAsia,Labuan Bajo,LBJ,WATO,07:10,23:10,07:14,4min late,08:02,12min early,48m,Landed
2025-09-18,SQ949,SIA949,Singapore Airlines,Singapore,SIN,WSSS,07:10,23:10,07:14,4min late,09:36,23min early,2h 21m,Landed
2025-09-18,QG663,CTV663,Citilink,Jakarta,CGK,WIII,07:45,23:45,07:45,on time,08:21,13min early,1h 35m,Landed
2025-09-18,IW1854,WON1854,Wings Air,Lombok,LOP,WADL,08:00,00:00,08:02,2min late,08:24,20min early,22m,Landed
2025-09-18,JT21,LNI021,Lion Air,Jakarta,CGK,WIII,08:05,00:05,08:48,43min late,09:20,20min late,1h 32m,Landed
2025-09-18,HX706,CRK706,Hong Kong Airlines,Hong Kong,HKG,VHHH,08:15,00:15,08:18,3min late,13:17,2min early,4h 59m,Landed
2025-09-18,IW1850,WON1850,Wings Air,Lombok,LOP,WADL,08:35,00:35,09:10,35min late,09:32,12min late,21m,Landed
2025-09-18,5J280,CEB280,CEBU Pacific Air,Manila,MNL,RPLL,08:35,00:35,09:55,20min late,13:38,48min late,3h 43m,Landed
2025-09-18,CZ8482,CSN8482,China Southern Airlines,Guangzhou,CAN,ZGGG,08:40,00:40,08:50,10min late,13:36,13min early,4h 45m,Landed
2025-09-18,8B80,TNU080,Business Air,Perth,PER,YPPH,09:05,01:05,08:55,9min early,12:39,15min early,3h 43m,Landed
2025-09-18,IN640,LKN640,NAM Air,Tambolaka,TMC,WADT,09:10,01:10,09:17,7min late,09:58,11min early,41m,Landed
2025-09-18,8B5105,TNU5105,Business Air,Jakarta,CGK,WIII,09:10,01:10,09:21,11min late,09:52,7min early,1h 30m,Landed
2025-09-18,IW1832,WON1832,Wings Air,Tambolaka,TMC,WADT,09:10,01:10,09:33,23min late,10:37,2min late,1h 4m,Landed
2025-09-18,IW1856,WON1856,Wings Air,Lombok,LOP,WADL,09:10,01:10,09:35,25min late,09:58,3min late,23m,Landed
2025-09-18,ID6007,BTK6007,Batik Air,Perth,PER,YPPH,09:25,01:25,09:52,27min late,13:09,5min early,3h 16m,Landed
2025-09-18,JT31,,Lion Air,Jakarta,CGK,WIII,09:30,01:30,,,,,1h 55m,Cancelled
2025-09-18,QG500,CTV500,Citilink,Dili,DIL,WPDL,09:30,01:30,09:22,7min early,12:06,13min early,1h 44m,Landed
2025-09-18,QZ803,AWQ803,Indonesia AirAsia,Jakarta,CGK,WIII,09:40,01:40,09:42,2min late,10:15,14min early,1h 33m,Landed
2025-09-18,QR965,QTR965,Qatar Airways,Doha,DOH,OTHH,09:55,01:55,10:20,25min late,14:26,6min late,9h 6m,Landed
2025-09-18,JT3569,LNI3569,Lion Air,Yogyakarta,YIA,WAHI,09:55,01:55,10:01,6min late,10:15,9min early,1h 13m,Landed
2025-09-18,IW1882,WON1882,Wings Air,Sumbawa Besar,SWQ,WADS,10:00,02:00,11:23,23min late,12:04,4min late,40m,Landed
2025-09-18,AI2146,AIC2146,Air India,Delhi,DEL,VIDP,10:00,02:00,17:38,38min late,05:48,13min late,14h 40m,Landed
2025-09-18,JT270,LNI270,Lion Air,Kupang,KOE,WATT,10:00,02:00,10:45,45min late,12:15,35min late,1h 29m,Landed
2025-09-18,VA9943,VOZ9943,Virgin Australia,Seletar,XSP,WSSL,10:00,02:00,10:43,43min late,13:06,26min late,2h 23m,Landed
2025-09-18,SQ935,SIA935,Singapore Airlines,Singapore,SIN,WSSS,10:05,02:05,10:59,54min late,13:14,29min late,2h 15m,Landed
2025-09-18,8B5101,TNU5101,Business Air,Jakarta,CGK,WIII,10:25,02:25,10:48,23min late,11:23,8min late,1h 35m,Landed
2025-09-18,JT33,,Lion Air,Jakarta,CGK,WIII,10:30,02:30,,,,,1h 55m,Cancelled
2025-09-18,JT805,LNI805,Lion Air,Surabaya,SUB,WARR,10:35,02:35,11:05,30min late,10:45,10min late,40m,Landed
2025-09-18,8G182,DTL182,Mid Africa Aviation,Dili,DIL,WPDL,10:35,02:35,10:50,15min late,13:27,2min early,1h 37m,Landed
2025-09-18,JT927,,Lion Air,Surakarta,SOC,WAHQ,10:40,02:40,,,,,1h 20m,Cancelled
2025-09-18,TR281,TGW281,Scoot,Singapore,SIN,WSSS,10:50,02:50,11:13,23min late,13:28,2min early,2h 15m,Landed
2025-09-18,QG197,CTV197,Citilink,Jakarta,HLP,WIHH,11:10,03:10,14:24,14min late,15:01,1min late,1h 36m,Landed
2025-09-18,6E1606,IGO1606,IndiGo,Bangalore,BLR,VOBL,11:20,03:20,11:34,14min late,15:19,9min late,6h 14m,Landed
2025-09-18,QZ780,AWQ780,Indonesia AirAsia,Balikpapan,BPN,WALL,11:25,03:25,11:33,8min late,12:38,26min early,1h 4m,Landed
2025-09-18,GA427,GIA427,Garuda Indonesia,Jakarta,CGK,WIII,11:25,03:25,11:39,14min late,12:14,10min early,1h 35m,Landed
2025-09-18,JQ111,JST111,Jetstar Airways,Perth,PER,YPPH,11:30,03:30,11:34,4min late,14:58,16min early,3h 24m,Landed
2025-09-18,JQ109,JST109,Jetstar Airways,Perth,PER,YPPH,11:40,03:40,15:34,54min late,18:57,32min late,3h 23m,Landed
2025-09-18,OD192,MXD192,Malindo Air,Kuala Lumpur,KUL,WMKK,11:55,03:55,11:39,15min early,15:41,36min late,4h 2m,Landed
2025-09-18,JQ32,JST032,Jetstar Airways,Melbourne,MEL,YMML,11:55,03:55,14:55,0min late,22:10,40min late,5h 15m,Landed
2025-09-18,JQ40,JST040,Jetstar Airways,Sydney,SYD,YSSY,11:55,03:55,12:34,39min late,20:00,10min late,5h 26m,Landed
2025-09-18,FD397,AIQ397,Thai AirAsia,Bangkok,DMK,VTBD,12:00,04:00,13:00,0min late,16:05,30min late,4h 5m,Landed
2025-09-18,GA407,GIA407,Garuda Indonesia,Jakarta,CGK,WIII,12:00,04:00,12:22,22min late,13:02,7min late,1h 39m,Landed
2025-09-18,QZ540,AWQ540,Indonesia AirAsia,Darwin,DRW,YPDN,12:05,04:05,12:24,19min late,16:20,5min late,2h 25m,Landed
2025-09-18,GA253,GIA253,Garuda Indonesia,Yogyakarta,YIA,WAHI,12:05,04:05,13:09,4min late,13:23,28min late,1h 13m,Landed
2025-09-18,SQ937,SIA937,Singapore Airlines,Singapore,SIN,WSSS,12:10,04:10,13:22,12min late,15:42,47min late,2h 19m,Landed
2025-09-18,IN7742,LKN7742,NAM Air,Tambolaka,TMC,WADT,12:20,04:20,13:45,25min late,14:27,7min late,41m,Landed
2025-09-18,SJ7420,,Sriwijaya Air,Tambolaka,TMC,WADT,12:20,04:20,,,,,1h 0m,
2025-09-18,OD178,MXD178,Malindo Air,Kuala Lumpur,KUL,WMKK,12:25,04:25,11:39,45min early,16:19,44min late,4h 40m,Landed
2025-09-18,D7795,XAX795,AirAsia X,Kuala Lumpur,KUL,WMKK,12:30,04:30,23:22,52min late,01:57,12min late,2h 35m,Landed
2025-09-18,IW1848,WON1848,Wings Air,Lombok,LOP,WADL,12:45,04:45,13:37,52min late,14:01,31min late,24m,Landed
2025-09-18,IP103,PAS103,Pelita Air Service,Jakarta,CGK,WIII,12:45,04:45,13:41,56min late,14:12,32min late,1h 31m,Landed
2025-09-18,ID7308,BTK7308,Batik Air,Jakarta,HLP,WIHH,12:50,04:50,14:36,46min late,15:33,58min late,1h 56m,Landed
2025-09-18,8B82,TNU082,Business Air,Perth,PER,YPPH,12:55,04:55,13:18,23min late,16:28,26min early,3h 10m,Landed
2025-09-18,SQ939,SIA939,Singapore Airlines,Singapore,SIN,WSSS,13:05,05:05,13:58,53min late,16:12,22min late,2h 14m,Landed
2025-09-18,MH714,MAS714,Malaysia Airlines,Kuala Lumpur,KUL,WMKK,13:05,05:05,14:01,56min late,16:50,40min late,2h 49m,Landed
2025-09-18,JT35,LNI035,Lion Air,Jakarta,CGK,WIII,13:10,05:10,15:27,17min late,16:10,5min late,1h 43m,Landed
2025-09-18,VJ900,VJC900,VietJet Air,Hanoi,HAN,VVNB,13:10,05:10,13:27,17min late,17:32,12min late,5h 5m,Landed
2025-09-18,JQ58,JST058,Jetstar Airways,Brisbane,BNE,YBBN,13:15,05:15,13:49,34min late,20:56,11min late,5h 7m,Landed
2025-09-18,IW1834,,Wings Air,Tambolaka,TMC,WADT,13:20,05:20,,,,,1h 25m,Cancelled
2025-09-18,JT660,LNI660,Lion Air,Balikpapan,BPN,WALL,13:25,05:25,14:22,57min late,15:43,33min late,1h 20m,Landed
2025-09-18,D7799,XAX799,AirAsia X,Kuala Lumpur,KUL,WMKK,13:35,05:35,14:15,40min late,16:55,5min late,2h 39m,Landed
2025-09-18,GA409,GIA409,Garuda Indonesia,Jakarta,CGK,WIII,13:35,05:35,14:58,23min late,15:29,54min late,1h 31m,Landed
2025-09-18,IW1826,WON1826,Wings Air,Bima,BMU,WADB,13:40,05:40,15:47,7min late,16:50,45min late,1h 2m,Landed
2025-09-18,8B5107,TNU5107,Business Air,Jakarta,CGK,WIII,13:50,05:50,14:53,3min late,15:21,41min late,1h 28m,Landed
2025-09-18,IW1964,WON1964,Wings Air,Lombok,LOP,WADL,13:55,05:55,15:39,44min late,16:04,24min late,24m,Landed
2025-09-18,QZ544,AWQ544,Indonesia AirAsia,Perth,PER,YPPH,13:55,05:55,14:33,38min late,17:58,3min late,3h 25m,Landed
2025-09-18,JT919,,Lion Air,Surabaya,SUB,WARR,13:55,05:55,,,,,1h 0m,Cancelled
2025-09-18,QG687,CTV687,Citilink,Jakarta,CGK,WIII,13:55,05:55,14:10,15min late,15:24,29min late,2h 14m,Landed
2025-09-18,TR289,TGW289,Scoot,Singapore,SIN,WSSS,14:00,06:00,14:57,57min late,17:27,27min late,2h 29m,Landed
2025-09-18,JT25,LNI025,Lion Air,Jakarta,CGK,WIII,14:00,06:00,15:22,22min late,16:02,7min late,1h 39m,Landed
2025-09-18,VJ894,VJC894,VietJet Air,Ho Chi Minh City,SGN,VVTS,14:05,06:05,14:28,23min late,16:54,on time,3h 25m,Landed
2025-09-18,JT569,LNI569,Lion Air,Yogyakarta,YIA,WAHI,14:10,06:10,15:36,26min late,15:48,8min late,1h 12m,Landed
2025-09-18,ID8517,BTK8517,Batik Air,Jakarta,CGK,WIII,14:10,06:10,14:53,43min late,15:27,22min late,1h 34m,Landed
2025-09-18,ID7637,BTK7637,Batik Air,Bangkok,DMK,VTBD,14:15,06:15,14:39,24min late,17:45,on time,4h 5m,Landed
2025-09-18,JT23,,Lion Air,Jakarta,CGK,WIII,14:35,06:35,,,,,1h 55m,Cancelled
2025-09-18,JT740,LNI740,Lion Air,Makassar,UPG,WAAA,14:40,06:40,16:36,56min late,17:38,38min late,1h 1m,Landed
2025-09-18,QG681,CTV681,Citilink,Jakarta,CGK,WIII,14:40,06:40,14:48,8min late,15:51,16min late,2h 3m,Landed
2025-09-18,IW1884,WON1884,Wings Air,Waingapu,WGP,WADW,14:40,06:40,15:07,27min late,16:33,3min late,1h 26m,Landed
2025-09-18,AK377,AXM377,AirAsia,Kuala Lumpur,KUL,WMKK,14:45,06:45,15:54,9min late,18:58,3min late,3h 4m,Landed
2025-09-18,OD307,MXD307,Malindo Air,Kuala Lumpur,KUL,WMKK,14:50,06:50,15:17,27min late,17:54,4min late,2h 36m,Landed
2025-09-18,JQ44,JST044,Jetstar Airways,Melbourne,MEL,YMML,14:55,06:55,15:28,33min late,22:42,12min late,5h 14m,Landed
2025-09-18,JT924,LNI924,Lion Air,Kupang,KOE,WATT,14:55,06:55,16:02,7min late,17:24,49min late,1h 21m,Landed
2025-09-18,IN643,LKN643,NAM Air,Tambolaka,TMC,WADT,15:00,07:00,17:17,17min late,18:01,11min late,43m,Landed
2025-09-18,JT844,LNI844,Lion Air,Banjarmasin,BDJ,WAOO,15:00,07:00,15:44,44min late,16:42,17min late,58m,Landed
2025-09-18,8B5103,,TransNusa,Jakarta,CGK,WIII,15:10,07:10,,,,,1h 45m,
2025-09-18,VA50,VOZ050,Virgin Australia,Brisbane,BNE,YBBN,15:15,07:15,15:26,11min late,23:09,9min late,5h 43m,Landed
2025-09-18,GA842,GIA842,Garuda Indonesia,Singapore,SIN,WSSS,15:15,07:15,15:31,16min late,17:56,3min early,2h 25m,Landed
2025-09-18,OD172,MXD172,Malindo Air,Kuala Lumpur,KUL,WMKK,15:20,07:20,16:06,46min late,18:46,16min late,2h 40m,Landed
2025-09-18,VJ898,VJC898,VietJet Air,Ho Chi Minh City,SGN,VVTS,15:30,07:30,16:20,50min late,18:48,28min late,3h 28m,Landed
2025-09-18,IU703,SJV703,SW Italia,Surabaya,SUB,WARR,15:40,07:40,16:07,27min late,15:54,14min late,46m,Landed
2025-09-18,CI772,CAL772,China Airlines,Taipei,TPE,RCTP,15:40,07:40,15:47,7min late,21:05,on time,5h 18m,Landed
2025-09-18,QZ646,AWQ646,Indonesia AirAsia,Labuan Bajo,LBJ,WATO,15:45,07:45,15:59,14min late,15:59,0min early,0m,Landed
2025-09-18,IP109,PAS109,Pelita Air Service,Jakarta,CGK,WIII,15:45,07:45,16:09,24min late,16:46,11min late,1h 36m,Landed
2025-09-18,JQ43,JST043,Jetstar Airways,Singapore,SIN,WSSS,15:50,07:50,16:14,24min late,18:28,1min early,2h 14m,Landed
2025-09-18,VA92,VOZ092,Virgin Australia,Melbourne,MEL,YMML,15:50,07:50,16:40,50min late,23:39,14min late,4h 58m,Landed
2025-09-18,GA411,GIA411,Garuda Indonesia,Jakarta,CGK,WIII,15:55,07:55,17:23,28min late,18:02,2min late,1h 39m,Landed
2025-09-18,ID8335,BTK8335,Batik Air,Labuan Bajo,LBJ,WATO,15:55,07:55,12:09,45min early,12:59,5min early,49m,Landed
2025-09-18,VN640,HVN640,Vietnam Airlines,Ho Chi Minh City,SGN,VVTS,16:00,08:00,17:19,19min late,19:51,11min late,3h 32m,Landed
2025-09-18,SJ7161,,Sriwijaya Air,Makassar,UPG,WAAA,16:00,08:00,,,,,1h 20m,
2025-09-18,QG195,CTV195,Citilink,Jakarta,HLP,WIHH,16:10,08:10,16:23,13min late,16:53,6min early,1h 30m,Landed
2025-09-18,CX784,CPA784,Cathay Pacific,Hong Kong,HKG,VHHH,16:10,08:10,16:01,9min early,20:51,33min early,4h 50m,Landed
2025-09-18,QZ807,AWQ807,Indonesia AirAsia,Jakarta,CGK,WIII,16:10,08:10,16:15,5min late,16:47,27min early,1h 31m,Landed
2025-09-18,QZ536,AWQ536,Indonesia AirAsia,Perth,PER,YPPH,16:15,08:15,17:15,0min late,20:28,18min late,3h 13m,Landed
2025-09-18,MH850,MAS850,Malaysia Airlines,Kuala Lumpur,KUL,WMKK,16:25,08:25,16:50,25min late,19:41,6min late,2h 50m,Landed
2025-09-18,BR256,EVA256,EVA Airways,Taipei,TPE,RCTP,16:30,08:30,16:47,17min late,21:36,23min early,4h 49m,Landed
2025-09-18,IU743,SJV743,SW Italia,Jakarta,CGK,WIII,16:35,08:35,17:31,56min late,18:07,37min late,1h 36m,Landed
2025-09-18,QG669,CTV669,Citilink,Surabaya,SUB,WARR,16:35,08:35,16:44,9min late,16:29,15min early,45m,Landed
2025-09-18,QZ246,AWQ246,Indonesia AirAsia,Phuket,HKT,VTSP,16:40,08:40,17:20,40min late,19:51,11min late,3h 31m,Landed
2025-09-18,JT744,LNI744,Lion Air,Makassar,UPG,WAAA,16:40,08:40,16:52,12min late,17:54,5min early,1h 1m,Landed
2025-09-18,GA7036,GIA7036,Garuda Indonesia,Labuan Bajo,LBJ,WATO,16:50,08:50,16:57,7min late,17:51,8min early,53m,Landed
2025-09-18,HO1356,DKH1356,Juneyao Airlines,Shanghai,PVG,ZSPD,16:50,08:50,17:54,4min late,00:09,29min late,6h 14m,Landed
2025-09-18,QZ556,AWQ556,Indonesia AirAsia,Kuala Lumpur,KUL,WMKK,16:55,08:55,19:14,19min late,21:54,44min late,2h 40m,Landed
2025-09-18,TG432,THA432,Thai Airways International,Bangkok,BKK,VTBS,16:55,08:55,16:59,4min late,19:47,17min early,3h 47m,Landed
2025-09-18,ID6335,BTK6335,Batik Air,Labuan Bajo,LBJ,WATO,17:00,09:00,12:09,50min early,12:59,10min early,49m,Landed
2025-09-18,IU273,,SW Italia,Pontianak,PNK,WIOO,17:00,09:00,,,,,2h 0m,Cancelled
2025-09-18,VJ998,VJC998,VietJet Air,Hanoi,HAN,VVNB,17:30,09:30,17:28,2min early,21:03,41min early,4h 35m,Landed
2025-09-18,GA349,GIA349,Garuda Indonesia,Surabaya,SUB,WARR,17:35,09:35,18:03,28min late,17:44,on time,41m,Landed
2025-09-18,GA419,GIA419,Garuda Indonesia,Jakarta,CGK,WIII,17:35,09:35,17:52,17min late,18:28,6min early,1h 35m,Landed
2025-09-18,IU759,,SW Italia,Jakarta,CGK,WIII,17:35,09:35,,,,,1h 55m,Cancelled
2025-09-18,IN281,,NAM Air,Jakarta,CGK,WIII,17:45,09:45,,,,,1h 40m,
2025-09-18,NZ291,,Air New Zealand,Auckland,AKL,NZAA,17:50,09:50,,,,,7h 40m,Cancelled
2025-09-18,OD193,MXD193,Malindo Air,Perth,PER,YPPH,18:10,10:10,20:22,12min late,23:34,49min late,3h 11m,Landed
2025-09-18,JT567,,Lion Air,Yogyakarta,YIA,WAHI,18:25,10:25,,,,,1h 30m,Cancelled
2025-09-18,IN283,LKN283,NAM Air,Jakarta,CGK,WIII,18:30,10:30,20:36,6min late,21:10,0min late,1h 34m,Landed
2025-09-18,GA417,GIA417,Garuda Indonesia,Jakarta,CGK,WIII,18:30,10:30,18:59,29min late,19:33,3min late,1h 33m,Landed
2025-09-18,JT925,LNI925,Lion Air,Surakarta,SOC,WAHQ,18:40,10:40,19:56,16min late,19:55,55min late,58m,Landed
2025-09-18,SL259,TLM259,Thai Lion Air,Bangkok,DMK,VTBD,18:40,10:40,20:32,52min late,23:28,28min late,3h 56m,Landed
2025-09-18,CX782,CPA782,Cathay Pacific,Hong Kong,HKG,VHHH,18:45,10:45,18:39,6min early,23:17,47min early,4h 38m,Landed
2025-09-18,ID6415,BTK6415,Batik Air,Surabaya,SUB,WARR,18:45,10:45,19:21,36min late,19:06,21min late,44m,Landed
2025-09-18,EY477,,Etihad Airways,Abu Dhabi,AUH,OMAA,18:45,10:45,09:23,38min late,13:54,24min late,8h 30m,Landed
2025-09-18,8B5109,,TransNusa,Jakarta,CGK,WIII,18:45,10:45,,,,,1h 45m,
2025-09-18,QZ809,AWQ809,Indonesia AirAsia,Jakarta,CGK,WIII,18:50,10:50,18:52,2min late,19:25,19min early,1h 33m,Landed
2025-09-18,TG440,THA440,Thai Airways International,Bangkok,BKK,VTBS,19:00,11:00,19:10,10min late,22:14,4min late,4h 3m,Landed
2025-09-18,QG689,CTV689,Citilink,Jakarta,CGK,WIII,19:00,11:00,19:07,7min late,19:42,17min early,1h 35m,Landed
2025-09-18,JT27,LNI027,Lion Air,Jakarta,CGK,WIII,19:05,11:05,20:18,13min late,20:41,41min late,1h 22m,Landed
2025-09-18,AK379,AXM379,AirAsia,Kuala Lumpur,KUL,WMKK,19:15,11:15,22:33,18min late,01:11,51min late,2h 38m,Landed
2025-09-18,QR963,QTR963,Qatar Airways,Doha,DOH,OTHH,19:20,11:20,19:22,2min late,23:30,9min early,9h 8m,Landed
2025-09-18,MH852,MAS852,Malaysia Airlines,Kuala Lumpur,KUL,WMKK,19:20,11:20,19:41,21min late,22:23,3min late,2h 42m,Landed
2025-09-18,ID7310,BTK7310,Batik Air,Jakarta,HLP,WIHH,19:25,11:25,18:07,17min early,18:32,37min early,1h 24m,Landed
2025-09-18,GA4952,GIA4952,Garuda Indonesia,Jakarta,CGK,WIII,19:30,11:30,19:50,20min late,20:20,9min early,1h 30m,Landed
2025-09-18,QG699,CTV699,Citilink,Surabaya,SUB,WARR,19:30,11:30,19:28,1min early,19:15,24min early,46m,Landed
2025-09-18,JT11,LNI011,Lion Air,Jakarta,CGK,WIII,19:35,11:35,20:53,18min late,21:29,59min late,1h 35m,Landed
2025-09-18,TR287,TGW287,Scoot,Singapore,SIN,WSSS,19:40,11:40,19:52,12min late,22:02,12min early,2h 10m,Landed
2025-09-18,8B969,TNU969,Business Air,Guangzhou,CAN,ZGGG,19:40,11:40,19:54,14min late,00:46,13min early,4h 52m,Landed
2025-09-18,JT923,,Lion Air,Surabaya,SUB,WARR,19:45,11:45,,,,,1h 0m,Cancelled
2025-09-18,EK369,UAE369,Emirates,Dubai,DXB,OMDB,19:45,11:45,19:51,6min late,00:45,4min early,8h 54m,Landed
2025-09-18,ID6413,BTK6413,Batik Air,Surabaya,SUB,WARR,19:50,11:50,19:59,9min late,19:39,10min early,40m,Landed
2025-09-18,JT271,LNI271,Lion Air,Semarang,SRG,WIIS,19:50,11:50,21:56,6min late,21:57,42min late,1h 1m,Landed
2025-09-18,GA415,GIA415,Garuda Indonesia,Jakarta,CGK,WIII,20:00,12:00,20:01,1min late,20:35,24min early,1h 34m,Landed
2025-09-18,SQ945,SIA945,Singapore Airlines,Singapore,SIN,WSSS,20:00,12:00,20:15,15min late,22:26,13min early,2h 11m,Landed
2025-09-18,QG9692,CTV9692,Citilink,Surabaya,SUB,WARR,20:20,12:20,20:28,8min late,20:15,14min early,47m,Landed
2025-09-18,QG342,CTV342,Citilink,Makassar,UPG,WAAA,20:30,12:30,12:12,17min early,13:19,45min early,1h 6m,Landed
2025-09-18,KL836,KLM836,KLM Royal Dutch Airlines,Singapore,SIN,WSSS,20:35,12:35,20:59,24min late,23:04,5min early,2h 4m,Landed
2025-09-18,GA463,GIA463,Garuda Indonesia,Jakarta,HLP,WIHH,20:40,12:40,21:30,50min late,21:58,23min late,1h 28m,Landed
2025-09-18,OD177,MXD177,Malindo Air,Melbourne,MEL,YMML,21:00,13:00,21:09,9min late,04:49,9min late,5h 39m,Landed
2025-09-18,GA425,GIA425,Garuda Indonesia,Jakarta,CGK,WIII,21:15,13:15,21:46,31min late,22:21,11min late,1h 35m,Landed
2025-09-18,TK67,THY067,Turkish Airlines,Istanbul,IST,LTFM,21:20,13:20,21:20,on time,04:47,28min early,12h 27m,Landed
2025-09-18,JQ34,JST034,Jetstar Airways,Melbourne,MEL,YMML,21:20,13:20,21:35,15min late,04:37,17min early,5h 2m,Landed
2025-09-18,AK375,AXM375,AirAsia,Kuala Lumpur,KUL,WMKK,21:25,13:25,23:53,28min late,02:34,4min late,2h 41m,Landed
2025-09-18,JQ117,JST117,Jetstar Airways,Perth,PER,YPPH,21:30,13:30,00:17,47min late,03:37,17min late,3h 20m,Landed
2025-09-18,ID6760,,Batik Air,Makassar,UPG,WAAA,21:30,13:30,,,,,1h 20m,Cancelled
2025-09-18,JT15,,Lion Air,Jakarta,CGK,WIII,21:30,13:30,,,,,1h 55m,Cancelled
2025-09-18,SQ947,SIA947,Singapore Airlines,Singapore,SIN,WSSS,21:35,13:35,21:43,8min late,23:54,10min early,2h 11m,Landed
2025-09-18,QZ819,AWQ819,Indonesia AirAsia,Jakarta,CGK,WIII,21:40,13:40,22:05,25min late,22:33,3min late,1h 28m,Landed
2025-09-18,IP105,PAS105,Pelita Air Service,Jakarta,CGK,WIII,21:40,13:40,21:52,12min late,22:31,1min late,1h 38m,Landed
2025-09-18,QZ546,AWQ546,Indonesia AirAsia,Perth,PER,YPPH,21:55,13:55,22:06,11min late,01:25,14min early,3h 19m,Landed
2025-09-18,OD157,MXD157,Malindo Air,Brisbane,BNE,YBBN,22:00,14:00,22:26,26min late,05:42,7min early,5h 15m,Landed
2025-09-18,GA718,GIA718,Garuda Indonesia,Melbourne,MEL,YMML,22:05,14:05,22:21,16min late,05:27,2min early,5h 5m,Landed
2025-09-18,JQ60,JST060,Jetstar Airways,Brisbane,BNE,YBBN,22:10,14:10,22:14,4min late,05:16,23min early,5h 1m,Landed
2025-09-18,QF44,QFA044,Qantas,Sydney,SYD,YSSY,22:10,14:10,22:21,11min late,06:01,3min early,5h 40m,Landed
2025-09-18,OD171,MXD171,Malindo Air,Sydney,SYD,YSSY,22:15,14:15,22:44,29min late,06:11,6min late,5h 27m,Landed
2025-09-18,IN2801,,Nam Air,Jakarta,CGK,WIII,22:25,14:25,22:25,,23:05,,1h 40m,Landed
2025-09-18,JQ38,JST038,Jetstar Airways,Sydney,SYD,YSSY,22:35,14:35,22:41,6min late,06:02,28min early,5h 20m,Landed
2025-09-18,7C2712,JJA2712,Jeju Air,Seoul,ICN,RKSI,22:45,14:45,23:03,18min late,06:58,11min early,6h 55m,Landed
2025-09-18,QZ811,AWQ811,Indonesia AirAsia,Jakarta,CGK,WIII,22:50,14:50,23:17,27min late,23:31,9min early,1h 13m,Landed
2025-09-18,VA96,VOZ096,Virgin Australia,Melbourne,MEL,YMML,23:05,15:05,23:21,16min late,06:29,10min early,5h 8m,Landed
2025-09-18,JT3020,,Lion Air,Seoul,ICN,RKSI,23:05,15:05,,,,,7h 5m,
2025-09-18,VA82,VOZ082,Virgin Australia,Gold Coast,OOL,YBCG,23:20,15:20,23:28,8min late,06:40,14min early,5h 12m,Landed
2025-09-18,GA714,GIA714,Garuda Indonesia,Sydney,SYD,YSSY,23:25,15:25,00:24,59min late,07:39,29min late,5h 15m,Landed
2025-09-18,JQ36,JST036,Jetstar Airways,Melbourne,MEL,YMML,23:30,15:30,23:48,18min late,06:41,23min early,4h 53m,Landed
2025-09-18,VA68,VOZ068,Virgin Australia,Sydney,SYD,YSSY,23:35,15:35,23:47,12min late,07:09,35min early,5h 22m,Landed
2025-09-18,KE634,KAL634,Korean Air Lines,Seoul,ICN,RKSI,23:45,15:45,00:20,35min late,08:26,31min late,7h 5m,Landed
2025-09-18,JQ128,JST128,Jetstar Airways,Adelaide,ADL,YPAD,23:55,15:55,00:10,15min late,06:07,7min early,4h 26m,Landed
2025-09-19,BX602,ABL602,Air Busan,Busan,PUS,RKPK,00:05,16:05,00:28,23min late,08:02,7min early,6h 33m,Landed
2025-09-19,GA880,,Garuda Indonesia,Tokyo,NRT,RJAA,00:20,16:20,,,,,7h 30m,Cancelled
2025-09-19,CZ626,CSN626,China Southern Airlines,Guangzhou,CAN,ZGGG,00:30,16:30,01:03,33min late,06:00,10min late,4h 57m,Landed
2025-09-19,MF892,CXA892,Xiamen Airlines,Xiamen,XMN,ZSAM,00:30,16:30,01:28,58min late,06:54,49min late,5h 25m,Landed
2025-09-19,EK399,UAE399,Emirates,Dubai,DXB,OMDB,00:35,16:35,00:48,13min late,05:37,2min late,8h 49m,Landed
2025-09-19,QR961,QTR961,Qatar Airways,Doha,DOH,OTHH,00:35,16:35,00:26,9min early,04:23,31min early,8h 57m,Landed
2025-09-19,KE630,KAL630,Korean Air Lines,Seoul,ICN,RKSI,00:50,16:50,00:41,9min early,08:30,49min early,6h 49m,Landed
2025-09-19,MU5030,CES5030,China Eastern Airlines,Shanghai,PVG,ZSPD,00:55,16:55,01:18,23min late,07:15,44min early,5h 56m,Landed
2025-09-19,PR538,PAL538,Philippine Airlines,Manila,MNL,RPLL,00:55,16:55,01:20,25min late,04:58,8min late,3h 37m,Landed
2025-09-19,5J282,CEB282,CEBU Pacific Air,Manila,MNL,RPLL,01:00,17:00,01:12,12min late,04:55,29min early,3h 43m,Landed
2025-09-19,SJ726,,Sriwijaya Air,Makassar,UPG,WAAA,01:00,17:00,,,,,1h 20m,
2025-09-19,QZ548,AWQ548,Indonesia AirAsia,Perth,PER,YPPH,01:05,17:05,00:12,52min early,04:04,50min early,3h 51m,Landed
2025-09-19,GA870,GIA870,Garuda Indonesia,Seoul,ICN,RKSI,01:15,17:15,01:20,5min late,09:14,on time,6h 53m,Landed
2025-09-19,8B5888,TNU5888,TransNusa,Manado,MDC,WAMM,01:30,17:30,01:34,4min late,03:49,15min early,2h 15m,Landed
2025-09-19,JT856,,Lion Air,Surabaya,SUB,WARR,07:00,23:00,10:12,12min late,10:47,46min late,1h 34m,Landed
2025-09-19,JT944,,Lion Air,Makassar,UPG,WAAA,07:00,23:00,,,,,1h 20m,
2025-09-19,QZ550,AWQ550,Indonesia AirAsia,Kuala Lumpur,KUL,WMKK,07:00,23:00,11:44,44min late,14:27,27min late,2h 43m,Landed
2025-09-19,JT746,LNI746,Lion Air,Makassar,UPG,WAAA,07:00,23:00,07:31,31min late,08:34,14min late,1h 3m,Landed
2025-09-19,JT929,LNI929,Lion Air,Surabaya,SUB,WARR,07:00,23:00,07:16,16min late,06:59,on time,42m,Landed
2025-09-19,JQ82,JST082,Jetstar Airways,Darwin,DRW,YPDN,07:00,23:00,07:02,2min late,10:55,19min early,2h 22m,Landed
2025-09-19,GA401,GIA401,Garuda Indonesia,Jakarta,CGK,WIII,07:00,23:00,07:20,20min late,07:51,8min early,1h 31m,Landed
2025-09-19,QG690,CTV690,Citilink,Surabaya,SUB,WARR,07:05,23:05,06:52,13min early,06:48,16min early,56m,Landed
2025-09-19,QZ644,AWQ644,Indonesia AirAsia,Labuan Bajo,LBJ,WATO,07:10,23:10,07:12,2min late,08:02,12min early,49m,Landed
2025-09-19,QZ502,AWQ502,Indonesia AirAsia,Singapore,SIN,WSSS,07:10,23:10,08:04,54min late,10:21,31min late,2h 16m,Landed
2025-09-19,SQ949,SIA949,Singapore Airlines,Singapore,SIN,WSSS,07:10,23:10,07:23,13min late,09:34,25min early,2h 11m,Landed
2025-09-19,QZ813,AWQ813,Indonesia AirAsia,Jakarta,CGK,WIII,07:15,23:15,07:29,14min late,07:50,19min early,1h 21m,Landed
2025-09-19,QG663,CTV663,Citilink,Jakarta,CGK,WIII,07:45,23:45,07:46,1min late,08:14,20min early,1h 27m,Landed
2025-09-19,IW1854,WON1854,Wings Air,Lombok,LOP,WADL,08:00,00:00,08:09,9min late,08:33,11min early,24m,Landed
2025-09-19,IW3330,WON3330,Wings Air,,,,08:00,00:00,08:21,21min late,10:52,12min late,2h 30m,Landed
2025-09-19,JT21,LNI021,Lion Air,Jakarta,CGK,WIII,08:05,00:05,08:48,43min late,09:02,2min late,1h 13m,Landed
2025-09-19,HX706,CRK706,Hong Kong Airlines,Hong Kong,HKG,VHHH,08:15,00:15,08:35,20min late,13:14,5min early,4h 38m,Landed
2025-09-19,QZ817,AWQ817,Indonesia AirAsia,Jakarta,CGK,WIII,08:30,00:30,08:33,3min late,08:48,31min early,1h 14m,Landed
2025-09-19,IW1850,WON1850,Wings Air,Lombok,LOP,WADL,08:35,00:35,08:51,16min late,09:16,3min early,24m,Landed
2025-09-19,5J280,CEB280,CEBU Pacific Air,Manila,MNL,RPLL,08:35,00:35,08:56,21min late,12:47,2min early,3h 51m,Landed
2025-09-19,CZ8482,CSN8482,China Southern Airlines,Guangzhou,CAN,ZGGG,08:40,00:40,08:50,10min late,13:30,19min early,4h 40m,Landed
2025-09-19,8B80,TNU080,Business Air,Perth,PER,YPPH,09:05,01:05,09:03,1min early,12:20,34min early,3h 17m,Landed
2025-09-19,8B5105,TNU5105,Business Air,Jakarta,CGK,WIII,09:10,01:10,09:11,1min late,09:23,36min early,1h 12m,Landed
2025-09-19,IN640,LKN640,Nam Air,Tambolaka,TMC,WADT,09:10,01:10,09:18,8min late,10:02,7min early,43m,Landed
2025-09-19,IW1832,WON1832,Wings Air,Tambolaka,TMC,WADT,09:10,01:10,09:16,6min late,10:23,11min early,1h 7m,Landed
2025-09-19,ID6007,BTK6007,Batik Air,Perth,PER,YPPH,09:25,01:25,09:57,32min late,13:11,3min early,3h 14m,Landed
2025-09-19,QG500,CTV500,Citilink,Dili,DIL,WPDL,09:30,01:30,09:28,1min early,12:08,11min early,1h 40m,Landed
2025-09-19,JT31,,Lion Air,Jakarta,CGK,WIII,09:30,01:30,,,,,1h 55m,Cancelled
2025-09-19,QZ803,AWQ803,Indonesia AirAsia,Jakarta,CGK,WIII,09:40,01:40,09:40,on time,09:55,34min early,1h 14m,Landed
2025-09-19,QR965,QTR965,Qatar Airways,Doha,DOH,OTHH,09:55,01:55,09:55,on time,13:46,33min early,8h 51m,Landed
2025-09-19,JT3569,LNI3569,Lion Air,Yogyakarta,YIA,WAHI,09:55,01:55,10:04,9min late,10:16,8min early,1h 12m,Landed
2025-09-19,JT270,LNI270,Lion Air,Kupang,KOE,WATT,10:00,02:00,10:13,13min late,11:36,3min early,1h 22m,Landed
2025-09-19,AI2146,AIC2146,Air India,Delhi,DEL,VIDP,10:00,02:00,09:53,7min early,14:41,53min early,7h 18m,Landed
2025-09-19,IW1882,WON1882,Wings Air,Sumbawa Besar,SWQ,WADS,10:00,02:00,10:32,32min late,11:15,15min late,42m,Landed
2025-09-19,SU297,AFL297,Aeroflot,Moscow,SVO,UUEE,10:05,02:05,10:23,18min late,17:51,23min early,12h 28m,Landed
2025-09-19,SQ935,SIA935,Singapore Airlines,Singapore,SIN,WSSS,10:05,02:05,10:43,38min late,12:54,9min late,2h 10m,Landed
2025-09-19,8B5101,TNU5101,Business Air,Jakarta,CGK,WIII,10:25,02:25,10:27,2min late,10:42,32min early,1h 14m,Landed
2025-09-19,JT33,LNI033,Lion Air,Jakarta,CGK,WIII,10:30,02:30,10:36,6min late,11:05,19min early,1h 28m,Landed
2025-09-19,QZ815,AWQ815,Indonesia AirAsia,Jakarta,CGK,WIII,10:35,02:35,10:41,6min late,10:53,36min early,1h 12m,Landed
2025-09-19,8G182,DTL182,Mid Africa Aviation,Dili,DIL,WPDL,10:35,02:35,11:28,53min late,14:05,35min late,1h 37m,Landed
2025-09-19,JT805,LNI805,Lion Air,Surabaya,SUB,WARR,10:35,02:35,10:49,14min late,10:45,10min late,56m,Landed
2025-09-19,TR281,TGW281,Scoot,Singapore,SIN,WSSS,10:50,02:50,11:02,12min late,13:12,17min early,2h 9m,Landed
2025-09-19,QG197,CTV197,Citilink,Jakarta,HLP,WIHH,11:10,03:10,11:12,2min late,11:44,15min early,1h 32m,Landed
2025-09-19,JQ126,JST126,Jetstar Airways,Adelaide,ADL,YPAD,11:15,03:15,11:36,21min late,17:24,5min early,4h 18m,Landed
2025-09-19,GA620,GIA620,Garuda Indonesia,Makassar,UPG,WAAA,11:20,03:20,11:32,12min late,12:39,10min early,1h 7m,Landed
2025-09-19,6E1606,IGO1606,IndiGo,Bangalore,BLR,VOBL,11:20,03:20,11:14,5min early,14:45,24min early,6h 0m,Landed
2025-09-19,JQ109,JST109,Jetstar Airways,Perth,PER,YPPH,11:40,03:40,12:44,4min late,16:03,38min late,3h 18m,Landed
2025-09-19,OD192,MXD192,Malindo Air,Kuala Lumpur,KUL,WMKK,11:55,03:55,16:16,21min late,18:55,50min late,2h 39m,Landed
2025-09-19,JQ32,JST032,Jetstar Airways,Melbourne,MEL,YMML,11:55,03:55,12:37,42min late,19:37,7min late,5h 0m,Landed
2025-09-19,FD397,AIQ397,Thai AirAsia,Bangkok,DMK,VTBD,12:00,04:00,12:40,40min late,15:38,3min late,3h 57m,Landed
2025-09-19,GA407,,Garuda Indonesia,Jakarta,CGK,WIII,12:00,04:00,12:10,10min late,12:51,3min early,1h 41m,Landed
2025-09-19,GA253,GIA253,Garuda Indonesia,Yogyakarta,YIA,WAHI,12:05,04:05,12:13,8min late,12:22,32min early,1h 8m,Landed
2025-09-19,QZ618,AWQ618,Indonesia AirAsia,Banjarmasin,BDJ,WAOO,12:05,04:05,12:21,16min late,13:22,7min early,1h 1m,Landed
2025-09-19,SQ937,SIA937,Singapore Airlines,Singapore,SIN,WSSS,12:10,04:10,12:17,7min late,14:27,27min early,2h 10m,Landed
2025-09-19,SJ742,,Sriwijaya Air,Tambolaka,TMC,WADT,12:20,04:20,,,,,1h 0m,
2025-09-19,IN7742,LKN7742,NAM Air,Tambolaka,TMC,WADT,12:20,04:20,13:01,41min late,13:43,23min late,42m,Landed
2025-09-19,JQ40,JST040,Jetstar Airways,Sydney,SYD,YSSY,12:20,04:20,12:16,4min early,19:46,28min early,5h 30m,Landed
2025-09-19,D7795,XAX795,AirAsia X,Kuala Lumpur,KUL,WMKK,12:30,04:30,12:28,1min early,15:08,36min early,2h 39m,Landed
2025-09-19,QZ805,AWQ805,Indonesia AirAsia,Jakarta,CGK,WIII,12:40,04:40,14:18,38min late,14:53,13min late,1h 34m,Landed
2025-09-19,IW1848,WON1848,Wings Air,Lombok,LOP,WADL,12:45,04:45,15:22,37min late,14:36,6min late,,Landed
2025-09-19,OD158,MXD158,Malindo Air,Kuala Lumpur,KUL,WMKK,12:45,04:45,12:57,12min late,15:40,14min early,2h 42m,Landed
2025-09-19,IP103,PAS103,Pelita Air Service,Jakarta,CGK,WIII,12:45,04:45,12:52,7min late,13:22,17min early,1h 30m,Landed
2025-09-19,ID7308,BTK7308,Batik Air,Jakarta,HLP,WIHH,12:50,04:50,13:13,23min late,13:36,1min late,1h 23m,Landed
2025-09-19,8B82,TNU082,Business Air,Perth,PER,YPPH,12:55,04:55,13:03,8min late,16:18,36min early,3h 15m,Landed
2025-09-19,SQ939,SIA939,Singapore Airlines,Singapore,SIN,WSSS,13:05,05:05,13:15,10min late,15:39,10min early,2h 23m,Landed
2025-09-19,MH714,MAS714,Malaysia Airlines,Kuala Lumpur,KUL,WMKK,13:05,05:05,13:26,21min late,16:08,1min early,2h 42m,Landed
2025-09-19,JT35,LNI035,Lion Air,Jakarta,CGK,WIII,13:10,05:10,14:15,5min late,14:49,44min late,1h 33m,Landed
2025-09-19,VJ900,VJC900,VietJet Air,Hanoi,HAN,VVNB,13:10,05:10,13:05,4min early,16:43,36min early,4h 37m,Landed
2025-09-19,OD172,MXD172,Malindo Air,Kuala Lumpur,KUL,WMKK,13:15,05:15,13:53,38min late,16:34,9min late,2h 41m,Landed
2025-09-19,JQ58,JST058,Jetstar Airways,Brisbane,BNE,YBBN,13:15,05:15,13:10,5min early,20:35,9min early,5h 25m,Landed
2025-09-19,IW1834,WON1834,Wings Air,Tambolaka,TMC,WADT,13:20,05:20,13:36,16min late,14:43,1min early,1h 6m,Landed
2025-09-19,JT660,LNI660,Lion Air,Balikpapan,BPN,WALL,13:25,05:25,13:40,15min late,14:59,10min early,1h 18m,Landed
2025-09-19,GA409,GIA409,Garuda Indonesia,Jakarta,CGK,WIII,13:25,05:25,13:48,23min late,14:23,2min early,1h 34m,Landed
2025-09-19,OD178,MXD178,Malindo Air,Kuala Lumpur,KUL,WMKK,13:25,05:25,14:08,43min late,16:52,17min late,2h 43m,Landed
2025-09-19,D7799,XAX799,AirAsia X,Kuala Lumpur,KUL,WMKK,13:35,05:35,13:45,10min late,16:28,21min early,2h 42m,Landed
2025-09-19,IW1826,WON1826,Wings Air,Bima,BMU,WADB,13:40,05:40,15:13,33min late,16:26,21min late,1h 13m,Landed
2025-09-19,ID7135,BTK7135,Batik Air,Singapore,SIN,WSSS,13:45,05:45,14:35,50min late,17:02,22min late,2h 27m,Landed
2025-09-19,8B5107,TNU5107,Business Air,Jakarta,CGK,WIII,13:50,05:50,14:03,13min late,14:35,5min early,1h 31m,Landed
2025-09-19,JT919,LNI919,Lion Air,Surabaya,SUB,WARR,13:55,05:55,14:57,2min late,14:38,43min late,41m,Landed
2025-09-19,TR289,TGW289,Scoot,Singapore,SIN,WSSS,14:00,06:00,14:26,26min late,16:43,16min early,2h 16m,Landed
2025-09-19,JT25,,Lion Air,Jakarta,CGK,WIII,14:00,06:00,,,,,1h 55m,
2025-09-19,VJ894,VJC894,VietJet Air,Ho Chi Minh City,SGN,VVTS,14:05,06:05,14:30,25min late,16:56,1min late,3h 26m,Landed
2025-09-19,JT569,LNI569,Lion Air,Yogyakarta,YIA,WAHI,14:10,06:10,15:21,11min late,15:30,50min late,1h 9m,Landed
2025-09-19,QG687,CTV687,Citilink,Jakarta,CGK,WIII,14:10,06:10,14:42,32min late,15:18,8min late,1h 36m,Landed
2025-09-19,ID7637,BTK7637,Batik Air,Bangkok,DMK,VTBD,14:15,06:15,15:09,54min late,18:09,24min late,3h 59m,Landed
2025-09-19,QZ246,AWQ246,Indonesia AirAsia,Phuket,HKT,VTSP,14:15,06:15,14:38,23min late,17:07,7min early,3h 29m,Landed
2025-09-19,JT23,LNI023,Lion Air,Jakarta,CGK,WIII,14:35,06:35,15:53,18min late,16:29,59min late,1h 36m,Landed
2025-09-19,QG681,CTV681,Citilink,Jakarta,CGK,WIII,14:40,06:40,15:17,37min late,15:50,15min late,1h 33m,Landed
2025-09-19,IW1884,WON1884,Wings Air,Waingapu,WGP,WADW,14:40,06:40,16:00,20min late,17:10,40min late,1h 9m,Landed
2025-09-19,JT740,LNI740,Lion Air,Makassar,UPG,WAAA,14:40,06:40,14:45,5min late,15:48,11min early,1h 2m,Landed
2025-09-19,JT273,LNI273,Lion Air,Semarang,SRG,WIIS,14:40,06:40,15:06,26min late,15:13,8min late,1h 6m,Landed
2025-09-19,AK377,AXM377,AirAsia,Kuala Lumpur,KUL,WMKK,14:45,06:45,16:38,53min late,19:18,23min late,2h 40m,Landed
2025-09-19,OD307,MXD307,Malindo Air,Kuala Lumpur,KUL,WMKK,14:50,06:50,15:40,50min late,18:19,29min late,2h 39m,Landed
2025-09-19,JQ44,JST044,Jetstar Airways,Melbourne,MEL,YMML,14:55,06:55,15:22,27min late,22:41,11min late,5h 19m,Landed
2025-09-19,JT924,LNI924,Lion Air,Kupang,KOE,WATT,14:55,06:55,15:36,41min late,17:09,34min late,1h 32m,Landed
2025-09-19,JT844,LNI844,Lion Air,Banjarmasin,BDJ,WAOO,15:00,07:00,16:18,18min late,17:19,54min late,1h 0m,Landed
2025-09-19,8B5103,,TransNusa,Jakarta,CGK,WIII,15:10,07:10,,,,,1h 45m,
2025-09-19,GA842,GIA842,Garuda Indonesia,Singapore,SIN,WSSS,15:15,07:15,16:03,48min late,18:18,18min late,2h 15m,Landed
2025-09-19,VA50,VOZ050,Virgin Australia,Brisbane,BNE,YBBN,15:15,07:15,15:50,35min late,23:07,7min late,5h 17m,Landed
2025-09-19,VJ898,VJC898,VietJet Air,Ho Chi Minh City,SGN,VVTS,15:30,07:30,16:19,49min late,18:35,15min late,3h 16m,Landed
2025-09-19,IU703,SJV703,SW Italia,Surabaya,SUB,WARR,15:40,07:40,17:19,39min late,17:00,20min late,40m,Landed
2025-09-19,CI772,CAL772,China Airlines,Taipei,TPE,RCTP,15:40,07:40,16:10,30min late,21:01,3min early,4h 50m,Landed
2025-09-19,IP109,PAS109,Pelita Air Service,Jakarta,CGK,WIII,15:45,07:45,16:05,20min late,16:39,4min late,1h 33m,Landed
2025-09-19,QZ646,AWQ646,Indonesia AirAsia,Labuan Bajo,LBJ,WATO,15:45,07:45,15:57,12min late,16:47,12min early,50m,Landed
2025-09-19,VA92,VOZ092,Virgin Australia,Melbourne,MEL,YMML,15:50,07:50,17:20,30min late,00:31,6min late,5h 11m,Landed
2025-09-19,JQ43,JST043,Jetstar Airways,Singapore,SIN,WSSS,15:50,07:50,16:12,22min late,18:24,5min early,2h 11m,Landed
2025-09-19,ID8335,BTK8335,Batik Air,Labuan Bajo,LBJ,WATO,15:55,07:55,16:37,42min late,17:27,22min late,50m,Landed
2025-09-19,VN640,HVN640,Vietnam Airlines,Ho Chi Minh City,SGN,VVTS,16:00,08:00,16:28,28min late,18:52,12min late,3h 24m,Landed
2025-09-19,IU368,,SW Italia,Medan,KNO,WIMM,16:00,08:00,,,,,3h 35m,Cancelled
2025-09-19,SJ717,,Sriwijaya Air,Makassar,UPG,WAAA,16:00,08:00,,,,,1h 20m,
2025-09-19,QG195,CTV195,Citilink,Jakarta,HLP,WIHH,16:10,08:10,16:59,49min late,17:25,25min late,1h 25m,Landed
2025-09-19,QZ807,AWQ807,Indonesia AirAsia,Jakarta,CGK,WIII,16:10,08:10,16:44,34min late,17:14,on time,1h 30m,Landed
2025-09-19,QG669,CTV669,Citilink,Surabaya,SUB,WARR,16:10,08:10,17:01,51min late,16:50,30min late,49m,Landed
2025-09-19,CX784,CPA784,Cathay Pacific,Hong Kong,HKG,VHHH,16:10,08:10,16:16,6min late,21:03,21min early,4h 47m,Landed
2025-09-19,QZ536,AWQ536,Indonesia AirAsia,Perth,PER,YPPH,16:15,08:15,16:34,19min late,19:53,16min early,3h 19m,Landed
2025-09-19,MH850,MAS850,Malaysia Airlines,Kuala Lumpur,KUL,WMKK,16:25,08:25,16:56,31min late,19:41,6min late,2h 45m,Landed
2025-09-19,GA427,GIA427,Garuda Indonesia,Jakarta,CGK,WIII,16:30,08:30,16:48,18min late,17:20,9min early,1h 31m,Landed
2025-09-19,BR256,EVA256,EVA Airways,Taipei,TPE,RCTP,16:30,08:30,16:52,22min late,22:04,4min late,5h 11m,Landed
2025-09-19,GA411,GIA411,Garuda Indonesia,Jakarta,CGK,WIII,16:35,08:35,17:27,52min late,17:59,59min late,1h 31m,Landed
2025-09-19,IU743,SJV743,SW Italia,Jakarta,CGK,WIII,16:35,08:35,18:04,29min late,18:36,6min late,1h 32m,Landed
2025-09-19,JT744,LNI744,Lion Air,Makassar,UPG,WAAA,16:40,08:40,17:42,2min late,18:46,46min late,1h 4m,Landed
2025-09-19,GA421,GIA421,Garuda Indonesia,Jakarta,CGK,WIII,16:40,08:40,17:16,36min late,17:45,5min late,1h 29m,Landed
2025-09-19,QZ642,AWQ642,Indonesia AirAsia,Labuan Bajo,LBJ,WATO,16:45,08:45,16:42,2min early,17:37,17min early,54m,Landed
2025-09-19,HO1356,DKH1356,Juneyao Airlines,Shanghai,PVG,ZSPD,16:50,08:50,18:10,20min late,00:20,40min late,6h 9m,Landed
2025-09-19,TG432,THA432,Thai Airways International,Bangkok,BKK,VTBS,16:55,08:55,17:17,22min late,20:01,3min early,3h 43m,Landed
2025-09-19,IU273,,SW Italia,Pontianak,PNK,WIOO,17:00,09:00,,,,,2h 0m,Cancelled
2025-09-19,ID6335,BTK6335,Batik Air,Labuan Bajo,LBJ,WATO,17:00,09:00,17:23,23min late,18:13,3min late,50m,Landed
2025-09-19,VJ998,VJC998,VietJet Air,Hanoi,HAN,VVNB,17:30,09:30,17:47,17min late,21:18,26min early,4h 31m,Landed
2025-09-19,IU759,,SW Italia,Jakarta,CGK,WIII,17:35,09:35,,,,,1h 55m,Cancelled
2025-09-19,GA419,GIA419,Garuda Indonesia,Jakarta,CGK,WIII,17:35,09:35,18:00,25min late,18:33,1min early,1h 32m,Landed
2025-09-19,GA349,GIA349,Garuda Indonesia,Surabaya,SUB,WARR,17:35,09:35,17:38,3min late,17:21,23min early,42m,Landed
2025-09-19,D7793,XAX793,AirAsia X,Kuala Lumpur,KUL,WMKK,17:40,09:40,18:32,52min late,21:12,17min late,2h 39m,Landed
2025-09-19,NZ291,ANZ291,Air New Zealand,Auckland,AKL,NZAA,17:50,09:50,18:06,16min late,05:23,6min early,7h 16m,Landed
2025-09-19,OD193,MXD193,Malindo Air,Perth,PER,YPPH,18:10,10:10,18:29,19min late,21:47,2min late,3h 18m,Landed
2025-09-19,JT567,LNI567,Lion Air,Yogyakarta,YIA,WAHI,18:25,10:25,19:33,8min late,19:44,49min late,1h 10m,Landed
2025-09-19,GA417,GIA417,Garuda Indonesia,Jakarta,CGK,WIII,18:30,10:30,19:23,53min late,19:46,16min late,1h 22m,Landed
2025-09-19,IN281,LKN281,Nam Air,Jakarta,CGK,WIII,18:30,10:30,18:39,9min late,19:12,2min late,1h 33m,Landed
2025-09-19,JT925,LNI925,Lion Air,Surakarta,SOC,WAHQ,18:40,10:40,19:20,40min late,19:16,16min late,56m,Landed
2025-09-19,8B5109,TNU5109,Business Air,Jakarta,CGK,WIII,18:45,10:45,19:52,7min late,20:26,56min late,1h 33m,Landed
2025-09-19,CX782,CPA782,Cathay Pacific,Hong Kong,HKG,VHHH,18:45,10:45,18:40,5min early,23:29,35min early,4h 49m,Landed
2025-09-19,ID6415,BTK6415,Batik Air,Surabaya,SUB,WARR,18:45,10:45,19:35,50min late,19:14,29min late,39m,Landed
2025-09-19,EY477,ETD477,Etihad Airways,Abu Dhabi,AUH,OMAA,18:45,10:45,20:24,39min late,00:56,26min late,8h 32m,Landed
2025-09-19,QZ809,AWQ809,Indonesia AirAsia,Jakarta,CGK,WIII,18:50,10:50,19:04,14min late,19:39,5min early,1h 34m,Landed
2025-09-19,QG689,CTV689,Citilink,Jakarta,CGK,WIII,19:00,11:00,19:08,8min late,19:40,19min early,1h 31m,Landed
2025-09-19,IU527,SJV527,SW Italia,Manado,MDC,WAMM,19:00,11:00,19:16,16min late,21:30,9min early,2h 13m,Landed
2025-09-19,TG440,THA440,Thai Airways International,Bangkok,BKK,VTBS,19:00,11:00,19:22,22min late,22:22,12min late,4h 0m,Landed
2025-09-19,JT27,LNI027,Lion Air,Jakarta,CGK,WIII,19:05,11:05,21:52,47min late,22:26,26min late,1h 34m,Landed
2025-09-19,AK379,AXM379,AirAsia,Kuala Lumpur,KUL,WMKK,19:15,11:15,20:13,58min late,22:51,31min late,2h 38m,Landed
2025-09-19,MH852,MAS852,Malaysia Airlines,Kuala Lumpur,KUL,WMKK,19:20,11:20,19:26,6min late,22:07,12min early,2h 41m,Landed
2025-09-19,QR963,QTR963,Qatar Airways,Doha,DOH,OTHH,19:20,11:20,19:29,9min late,23:26,13min early,8h 57m,Landed
2025-09-19,ID7310,BTK7310,Batik Air,Jakarta,HLP,WIHH,19:25,11:25,19:49,24min late,20:16,6min late,1h 27m,Landed
2025-09-19,QG699,CTV699,Citilink,Surabaya,SUB,WARR,19:30,11:30,19:37,7min late,19:22,17min early,44m,Landed
2025-09-19,JT11,LNI011,Lion Air,Jakarta,CGK,WIII,19:35,11:35,21:57,22min late,22:32,2min late,1h 34m,Landed
2025-09-19,8B969,,TransNusa,Guangzhou,CAN,ZGGG,19:40,11:40,,,,,5h 20m,
2025-09-19,TR287,TGW287,Scoot,Singapore,SIN,WSSS,19:40,11:40,20:00,20min late,22:12,2min early,2h 11m,Landed
2025-09-19,JT923,,Lion Air,Surabaya,SUB,WARR,19:45,11:45,,,,,1h 0m,Cancelled
2025-09-19,EK369,UAE369,Emirates,Dubai,DXB,OMDB,19:45,11:45,20:06,21min late,00:30,19min early,8h 24m,Landed
2025-09-19,JT271,LNI271,Lion Air,Semarang,SRG,WIIS,19:50,11:50,20:28,38min late,20:32,17min late,1h 3m,Landed
2025-09-19,ID6413,BTK6413,Batik Air,Surabaya,SUB,WARR,19:50,11:50,20:26,36min late,19:53,3min late,26m,Landed
2025-09-19,ID6517,BTK6517,Batik Air,Jakarta,CGK,WIII,20:00,12:00,22:06,6min late,22:35,40min late,1h 29m,Landed
2025-09-19,GA415,GIA415,Garuda Indonesia,Jakarta,CGK,WIII,20:00,12:00,22:19,19min late,22:54,9min late,1h 34m,Landed
2025-09-19,SQ945,SIA945,Singapore Airlines,Singapore,SIN,WSSS,20:00,12:00,20:15,15min late,22:31,8min early,2h 16m,Landed
2025-09-19,QG9692,CTV9692,Citilink,Surabaya,SUB,WARR,20:20,12:20,20:30,10min late,20:27,2min early,57m,Landed
2025-09-19,QG342,CTV342,Citilink,Makassar,UPG,WAAA,20:30,12:30,11:56,34min early,13:06,58min early,1h 10m,Landed
2025-09-19,KL836,KLM836,KLM Royal Dutch Airlines,Singapore,SIN,WSSS,20:35,12:35,20:57,22min late,23:04,5min early,2h 7m,Landed
2025-09-19,GA463,GIA463,Garuda Indonesia,Jakarta,HLP,WIHH,20:40,12:40,20:53,13min late,21:23,11min early,1h 30m,Landed
2025-09-19,OD177,MXD177,Malindo Air,Melbourne,MEL,YMML,21:00,13:00,23:42,42min late,06:54,14min late,5h 11m,Landed
2025-09-19,JQ107,JST107,Jetstar Airways,Perth,PER,YPPH,21:10,13:10,23:04,54min late,02:27,32min late,3h 23m,Landed
2025-09-19,GA425,GIA425,Garuda Indonesia,Jakarta,CGK,WIII,21:15,13:15,21:23,8min late,21:57,12min early,1h 33m,Landed
2025-09-19,OD171,MXD171,Malindo Air,Sydney,SYD,YSSY,21:20,13:20,21:34,14min late,06:02,37min late,6h 28m,Landed
2025-09-19,TK67,THY067,Turkish Airlines,Istanbul,IST,LTFM,21:20,13:20,21:21,1min late,04:17,57min early,11h 55m,Landed
2025-09-19,JQ34,JST034,Jetstar Airways,Melbourne,MEL,YMML,21:20,13:20,22:44,24min late,05:55,0min late,5h 11m,Landed
2025-09-19,AK375,AXM375,AirAsia,Kuala Lumpur,KUL,WMKK,21:25,13:25,22:30,5min late,01:08,38min late,2h 38m,Landed
2025-09-19,JT15,,Lion Air,Jakarta,CGK,WIII,21:30,13:30,,,,,1h 55m,Cancelled
2025-09-19,JQ117,JST117,Jetstar Airways,Perth,PER,YPPH,21:30,13:30,22:21,51min late,02:02,42min late,3h 41m,Landed
2025-09-19,ID6760,BTK6760,Batik Air,Makassar,UPG,WAAA,21:30,13:30,21:38,8min late,22:36,13min early,58m,Landed
2025-09-19,SQ947,SIA947,Singapore Airlines,Singapore,SIN,WSSS,21:35,13:35,21:50,15min late,00:00,4min early,2h 10m,Landed
2025-09-19,IP105,PAS105,Pelita Air Service,Jakarta,CGK,WIII,21:40,13:40,21:36,3min early,22:06,23min early,1h 29m,Landed
2025-09-19,QZ819,AWQ819,Indonesia AirAsia,Jakarta,CGK,WIII,21:40,13:40,22:45,5min late,23:12,42min late,1h 26m,Landed
2025-09-19,QZ546,AWQ546,Indonesia AirAsia,Perth,PER,YPPH,21:55,13:55,00:21,26min late,03:37,57min late,3h 16m,Landed
2025-09-19,QG685,CTV685,Citilink,Jakarta,CGK,WIII,21:55,13:55,22:49,54min late,23:19,24min late,1h 30m,Landed
2025-09-19,GA718,GIA718,Garuda Indonesia,Melbourne,MEL,YMML,22:05,14:05,22:37,32min late,05:52,22min late,5h 14m,Landed
2025-09-19,QF44,QFA044,Qantas,Sydney,SYD,YSSY,22:10,14:10,22:25,15min late,06:08,3min late,5h 43m,Landed
2025-09-19,SV857,SVA857,Saudi Arabian Airlines,Singapore,SIN,WSSS,22:15,14:15,22:33,18min late,00:42,2min early,2h 9m,Landed
2025-09-19,IN2801,,NAM Air,Jakarta,CGK,WIII,22:25,14:25,22:25,,23:05,,1h 40m,Landed
2025-09-19,JQ38,JST038,Jetstar Airways,Sydney,SYD,YSSY,22:35,14:35,22:46,11min late,06:17,12min early,5h 31m,Landed
2025-09-19,7C2712,JJA2712,Jeju Air,Seoul,ICN,RKSI,22:45,14:45,23:26,41min late,07:33,23min late,7h 6m,Landed
2025-09-19,QZ811,AWQ811,Indonesia AirAsia,Jakarta,CGK,WIII,22:50,14:50,00:14,24min late,00:43,3min late,1h 29m,Landed
2025-09-19,QF46,QFA046,Qantas,Melbourne,MEL,YMML,23:05,15:05,23:50,45min late,07:06,26min late,5h 16m,Landed
2025-09-19,VA96,VOZ096,Virgin Australia,Melbourne,MEL,YMML,23:05,15:05,23:45,40min late,07:16,36min late,5h 31m,Landed
2025-09-19,JT3020,,Lion Air,Seoul,ICN,RKSI,23:05,15:05,,,,,7h 5m,
2025-09-19,VA82,VOZ082,Virgin Australia,Gold Coast,OOL,YBCG,23:20,15:20,00:19,59min late,07:29,34min late,5h 10m,Landed
2025-09-19,GA714,GIA714,Garuda Indonesia,Sydney,SYD,YSSY,23:25,15:25,23:37,12min late,06:52,17min early,5h 14m,Landed
2025-09-19,JQ91,JST091,Jetstar Airways,Cairns,CNS,YBCS,23:30,15:30,23:39,9min late,05:54,5min early,4h 15m,Landed
2025-09-19,JQ36,JST036,Jetstar Airways,Melbourne,MEL,YMML,23:30,15:30,00:17,47min late,07:27,22min late,5h 9m,Landed
2025-09-19,VA68,VOZ068,Virgin Australia,Sydney,SYD,YSSY,23:35,15:35,00:44,9min late,08:07,22min late,5h 22m,Landed
2025-09-19,JQ94,JST094,Jetstar Airways,Gold Coast,OOL,YBCG,23:45,15:45,00:16,31min late,07:30,15min late,5h 14m,Landed
2025-09-19,QZ420,AWQ420,Indonesia AirAsia,Adelaide,ADL,YPAD,23:45,15:45,00:31,46min late,06:38,13min late,4h 36m,Landed
2025-09-19,KE634,KAL634,Korean Air Lines,Seoul,ICN,RKSI,23:45,15:45,00:10,25min late,08:05,10min late,6h 55m,Landed
2025-09-19,JQ128,JST128,Jetstar Airways,Adelaide,ADL,YPAD,23:55,15:55,00:40,45min late,06:36,26min late,4h 26m,Landed
2025-09-20,BX602,ABL602,Air Busan,Busan,PUS,RKPK,00:05,16:05,00:28,23min late,08:02,7min early,6h 33m,Landed
2025-09-20,MF892,CXA892,Xiamen Airlines,Xiamen,XMN,ZSAM,00:30,16:30,00:34,4min late,05:47,17min early,5h 13m,Landed
2025-09-20,CZ626,CSN626,China Southern Airlines,Guangzhou,CAN,ZGGG,00:30,16:30,00:28,1min early,05:30,19min early,5h 2m,Landed
2025-09-20,EK399,UAE399,Emirates,Dubai,DXB,OMDB,00:35,16:35,00:27,8min early,05:16,18min early,8h 49m,Landed
2025-09-20,QR961,QTR961,Qatar Airways,Doha,DOH,OTHH,00:35,16:35,00:27,8min early,04:21,33min early,8h 54m,Landed
2025-09-20,KE630,KAL630,Korean Air Lines,Seoul,ICN,RKSI,00:50,16:50,00:54,4min late,08:32,47min early,6h 37m,Landed
2025-09-20,PR538,PAL538,Philippine Airlines,Manila,MNL,RPLL,00:55,16:55,01:08,13min late,04:40,9min early,3h 32m,Landed
2025-09-20,MU5030,CES5030,China Eastern Airlines,Shanghai,PVG,ZSPD,00:55,16:55,00:56,1min late,07:15,39min early,6h 18m,Landed
2025-09-20,SJ726,,Sriwijaya Air,Makassar,UPG,WAAA,01:00,17:00,,,,,1h 20m,
2025-09-20,5J282,CEB282,CEBU Pacific Air,Manila,MNL,RPLL,01:00,17:00,01:12,12min late,04:55,29min early,3h 43m,Landed
2025-09-20,QZ548,AWQ548,Indonesia AirAsia,Perth,PER,YPPH,01:05,17:05,00:17,47min early,03:31,23min early,3h 14m,Landed
2025-09-20,GA870,GIA870,Garuda Indonesia,Seoul,ICN,RKSI,01:15,17:15,01:28,13min late,09:27,12min late,6h 58m,Landed
2025-09-20,GA880,GIA880,Garuda Indonesia,Tokyo,NRT,RJAA,01:25,17:25,01:47,22min late,09:41,51min late,6h 53m,Landed
2025-09-20,8B5888,,TransNusa,Manado,MDC,WAMM,01:30,17:30,,,,,2h 35m,
2025-09-20,GA880,GIA880,Garuda Indonesia,Tokyo,NRT,RJAA,07:00,23:00,07:24,24min late,16:00,10min late,7h 35m,Landed
2025-09-20,JT746,LNI746,Lion Air,Makassar,UPG,WAAA,07:00,23:00,07:03,3min late,08:07,12min early,1h 3m,Landed
2025-09-20,JT929,LNI929,Lion Air,Surabaya,SUB,WARR,07:00,23:00,07:01,1min late,06:42,17min early,40m,Landed
2025-09-20,QZ550,AWQ550,Indonesia AirAsia,Kuala Lumpur,KUL,WMKK,07:00,23:00,08:06,6min late,10:41,41min late,2h 35m,Landed
2025-09-20,JT944,,Lion Air,Makassar,UPG,WAAA,07:00,23:00,,,,,1h 20m,
2025-09-20,GA401,GIA401,Garuda Indonesia,Jakarta,CGK,WIII,07:00,23:00,07:06,6min late,07:40,19min early,1h 33m,Landed
2025-09-20,JT856,,Lion Air,Surabaya,SUB,WARR,07:00,23:00,,,,,1h 1m,
2025-09-20,QG690,CTV690,Citilink,Surabaya,SUB,WARR,07:05,23:05,07:10,5min late,06:52,12min early,42m,Landed
2025-09-20,QZ534,AWQ534,Indonesia AirAsia,Perth,PER,YPPH,07:05,23:05,,,,,3h 55m,Cancelled
2025-09-20,SQ949,SIA949,Singapore Airlines,Singapore,SIN,WSSS,07:10,23:10,07:15,5min late,09:26,33min early,2h 10m,Landed
2025-09-20,QZ644,AWQ644,Indonesia AirAsia,Labuan Bajo,LBJ,WATO,07:10,23:10,07:13,3min late,08:03,11min early,49m,Landed
2025-09-20,QG663,CTV663,Citilink,Jakarta,CGK,WIII,07:45,23:45,07:42,2min early,08:13,21min early,1h 30m,Landed
2025-09-20,IW1854,WON1854,Wings Air,Lombok,LOP,WADL,08:00,00:00,08:00,on time,08:22,22min early,22m,Landed
2025-09-20,JT21,LNI021,Lion Air,Jakarta,CGK,WIII,08:05,00:05,08:33,28min late,09:06,6min late,1h 32m,Landed
2025-09-20,HX706,CRK706,Hong Kong Airlines,Hong Kong,HKG,VHHH,08:15,00:15,08:13,2min early,13:16,4min early,5h 3m,Landed
2025-09-20,IW1850,WON1850,Wings Air,Lombok,LOP,WADL,08:35,00:35,08:47,12min late,09:10,9min early,22m,Landed
2025-09-20,5J280,CEB280,CEBU Pacific Air,Manila,MNL,RPLL,08:35,00:35,08:38,3min late,12:28,21min early,3h 50m,Landed
2025-09-20,CZ8482,CSN8482,China Southern Airlines,Guangzhou,CAN,ZGGG,08:40,00:40,09:25,45min late,14:10,20min late,4h 44m,Landed
2025-09-20,8B80,TNU080,Business Air,Perth,PER,YPPH,09:05,01:05,09:00,4min early,12:18,37min early,3h 17m,Landed
2025-09-20,IW1832,WON1832,Wings Air,Tambolaka,TMC,WADT,09:10,01:10,09:19,9min late,10:29,5min early,1h 9m,Landed
2025-09-20,8B5105,TNU5105,Business Air,Jakarta,CGK,WIII,09:10,01:10,09:23,13min late,09:58,1min early,1h 35m,Landed
2025-09-20,IW1856,WON1856,Wings Air,Lombok,LOP,WADL,09:10,01:10,09:31,21min late,09:57,2min late,26m,Landed
2025-09-20,IN640,LKN640,Nam Air,Tambolaka,TMC,WADT,09:10,01:10,09:27,17min late,10:12,2min late,45m,Landed
2025-09-20,ID6007,BTK6007,Batik Air,Perth,PER,YPPH,09:25,01:25,09:44,19min late,12:57,17min early,3h 13m,Landed
2025-09-20,JT31,LNI031,Lion Air,Jakarta,CGK,WIII,09:30,01:30,09:50,20min late,10:23,1min early,1h 33m,Landed
2025-09-20,QG500,CTV500,Citilink,Dili,DIL,WPDL,09:30,01:30,09:35,5min late,12:16,3min early,1h 41m,Landed
2025-09-20,QZ803,AWQ803,Indonesia AirAsia,Jakarta,CGK,WIII,09:40,01:40,09:37,2min early,10:09,20min early,1h 32m,Landed
2025-09-20,JT3569,LNI3569,Lion Air,Yogyakarta,YIA,WAHI,09:55,01:55,10:02,7min late,10:12,12min early,1h 10m,Landed
2025-09-20,QR965,QTR965,Qatar Airways,Doha,DOH,OTHH,09:55,01:55,09:54,on time,13:50,29min early,8h 56m,Landed
2025-09-20,JT270,LNI270,Lion Air,Kupang,KOE,WATT,10:00,02:00,10:05,5min late,11:33,6min early,1h 27m,Landed
2025-09-20,AI2146,AIC2146,Air India,Delhi,DEL,VIDP,10:00,02:00,10:36,36min late,15:17,17min early,7h 11m,Landed
2025-09-20,IW1882,WON1882,Wings Air,Sumbawa Besar,SWQ,WADS,10:00,02:00,10:52,52min late,11:36,36min late,44m,Landed
2025-09-20,SQ935,SIA935,Singapore Airlines,Singapore,SIN,WSSS,10:05,02:05,10:16,11min late,12:26,18min early,2h 9m,Landed
2025-09-20,8B5101,TNU5101,Business Air,Jakarta,CGK,WIII,10:25,02:25,10:24,on time,10:57,17min early,1h 32m,Landed
2025-09-20,JT33,,Lion Air,Jakarta,CGK,WIII,10:30,02:30,14:42,12min late,11:25,,1h 55m,Landed
2025-09-20,JT805,LNI805,Lion Air,Surabaya,SUB,WARR,10:35,02:35,10:46,11min late,10:23,11min early,36m,Landed
2025-09-20,8G182,DTL182,Mid Africa Aviation,Dili,DIL,WPDL,10:35,02:35,10:55,20min late,13:39,9min late,1h 43m,Landed
2025-09-20,TR281,TGW281,Scoot,Singapore,SIN,WSSS,10:50,02:50,11:02,12min late,13:15,14min early,2h 12m,Landed
2025-09-20,QG9193,,Citilink,Jakarta,HLP,WIHH,11:10,03:10,,,,,1h 50m,
2025-09-20,QG197,CTV197,Citilink,Jakarta,HLP,WIHH,11:10,03:10,11:48,38min late,12:16,16min late,1h 28m,Landed
2025-09-20,6E1606,IGO1606,IndiGo,Bangalore,BLR,VOBL,11:20,03:20,11:14,5min early,14:45,24min early,6h 0m,Landed
2025-09-20,QZ780,AWQ780,Indonesia AirAsia,Balikpapan,BPN,WALL,11:25,03:25,11:26,1min late,12:45,19min early,1h 18m,Landed
2025-09-20,JQ111,JST111,Jetstar Airways,Perth,PER,YPPH,11:30,03:30,11:29,on time,14:51,23min early,3h 22m,Landed
2025-09-20,JQ109,JST109,Jetstar Airways,Perth,PER,YPPH,11:40,03:40,11:46,6min late,15:09,15min early,3h 23m,Landed
2025-09-20,JQ40,JST040,Jetstar Airways,Sydney,SYD,YSSY,11:55,03:55,12:24,29min late,19:48,1min early,5h 24m,Landed
2025-09-20,OD192,MXD192,Malindo Air,Kuala Lumpur,KUL,WMKK,11:55,03:55,12:46,51min late,15:29,24min late,2h 43m,Landed
2025-09-20,JQ32,JST032,Jetstar Airways,Melbourne,MEL,YMML,11:55,03:55,11:53,2min early,19:27,2min early,5h 34m,Landed
2025-09-20,FD397,AIQ397,Thai AirAsia,Bangkok,DMK,VTBD,12:00,04:00,12:29,29min late,15:24,10min early,3h 55m,Landed
2025-09-20,GA407,GIA407,Garuda Indonesia,Jakarta,CGK,WIII,12:00,04:00,12:09,9min late,12:41,13min early,1h 31m,Landed
2025-09-20,GA253,GIA253,Garuda Indonesia,Yogyakarta,YIA,WAHI,12:05,04:05,12:17,12min late,12:28,26min early,1h 11m,Landed
2025-09-20,QZ540,AWQ540,Indonesia AirAsia,Darwin,DRW,YPDN,12:05,04:05,12:33,28min late,16:34,19min late,2h 30m,Landed
2025-09-20,SQ937,SIA937,Singapore Airlines,Singapore,SIN,WSSS,12:10,04:10,12:21,11min late,14:35,19min early,2h 14m,Landed
2025-09-20,SJ7420,,Sriwijaya Air,Tambolaka,TMC,WADT,12:20,04:20,,,,,1h 0m,
2025-09-20,OD178,MXD178,Malindo Air,Kuala Lumpur,KUL,WMKK,12:25,04:25,13:52,27min late,16:32,57min late,2h 40m,Landed
2025-09-20,D7795,XAX795,AirAsia X,Kuala Lumpur,KUL,WMKK,12:30,04:30,13:02,32min late,15:44,on time,2h 42m,Landed
2025-09-20,QZ805,AWQ805,Indonesia AirAsia,Jakarta,CGK,WIII,12:40,04:40,13:00,20min late,13:42,2min late,1h 42m,Landed
2025-09-20,IW1848,WON1848,Wings Air,Lombok,LOP,WADL,12:45,04:45,12:50,5min late,13:14,15min early,24m,Landed
2025-09-20,IP103,PAS103,Pelita Air Service,Jakarta,CGK,WIII,12:45,04:45,12:58,13min late,13:32,7min early,1h 34m,Landed
2025-09-20,ID7308,BTK7308,Batik Air,Jakarta,HLP,WIHH,12:50,04:50,13:18,28min late,13:25,9min early,1h 6m,Landed
2025-09-20,8B82,TNU082,Business Air,Perth,PER,YPPH,12:55,04:55,13:05,10min late,16:21,33min early,3h 16m,Landed
2025-09-20,MH714,MAS714,Malaysia Airlines,Kuala Lumpur,KUL,WMKK,13:05,05:05,13:29,24min late,16:10,on time,2h 40m,Landed
2025-09-20,SQ939,SIA939,Singapore Airlines,Singapore,SIN,WSSS,13:05,05:05,13:35,30min late,15:46,3min early,2h 11m,Landed
2025-09-20,VA84,VOZ084,Virgin Australia,Gold Coast,OOL,YBCG,13:10,05:10,14:58,48min late,22:20,35min late,5h 22m,Landed
2025-09-20,JT35,LNI035,Lion Air,Jakarta,CGK,WIII,13:10,05:10,14:21,11min late,14:54,49min late,1h 33m,Landed
2025-09-20,VJ900,VJC900,VietJet Air,Hanoi,HAN,VVNB,13:10,05:10,12:53,17min early,16:33,46min early,4h 40m,Landed
2025-09-20,JQ58,JST058,Jetstar Airways,Brisbane,BNE,YBBN,13:15,05:15,13:20,5min late,20:21,23min early,5h 0m,Landed
2025-09-20,IW1834,,Wings Air,Tambolaka,TMC,WADT,13:20,05:20,,,,,1h 25m,
2025-09-20,GA409,GIA409,Garuda Indonesia,Jakarta,CGK,WIII,13:25,05:25,14:14,49min late,14:49,24min late,1h 34m,Landed
2025-09-20,JT660,LNI660,Lion Air,Balikpapan,BPN,WALL,13:25,05:25,13:24,on time,14:43,26min early,1h 18m,Landed
2025-09-20,D7799,XAX799,AirAsia X,Kuala Lumpur,KUL,WMKK,13:35,05:35,13:33,1min early,16:13,36min early,2h 40m,Landed
2025-09-20,IW1826,WON1826,Wings Air,Bima,BMU,WADB,13:40,05:40,15:13,33min late,16:20,15min late,1h 7m,Landed
2025-09-20,8B5107,TNU5107,Business Air,Jakarta,CGK,WIII,13:50,05:50,14:25,35min late,15:00,20min late,1h 34m,Landed
2025-09-20,IW1964,WON1964,Wings Air,Lombok,LOP,WADL,13:55,05:55,15:45,50min late,16:07,27min late,22m,Landed
2025-09-20,JT919,LNI919,Lion Air,Surabaya,SUB,WARR,13:55,05:55,15:41,46min late,15:22,27min late,40m,Landed
2025-09-20,QZ544,AWQ544,Indonesia AirAsia,Perth,PER,YPPH,13:55,05:55,14:05,10min late,17:23,31min early,3h 18m,Landed
2025-09-20,JT25,LNI025,Lion Air,Jakarta,CGK,WIII,14:00,06:00,14:46,46min late,15:17,22min late,1h 31m,Landed
2025-09-20,TR289,TGW289,Scoot,Singapore,SIN,WSSS,14:00,06:00,14:18,18min late,16:34,25min early,2h 15m,Landed
2025-09-20,VJ894,VJC894,VietJet Air,Ho Chi Minh City,SGN,VVTS,14:05,06:05,14:28,23min late,16:42,12min early,3h 14m,Landed
2025-09-20,QG687,CTV687,Citilink,Jakarta,CGK,WIII,14:10,06:10,14:35,25min late,15:08,1min early,1h 33m,Landed
2025-09-20,ID8517,BTK8517,Batik Air,Jakarta,CGK,WIII,14:10,06:10,15:15,5min late,15:45,40min late,1h 30m,Landed
2025-09-20,JT569,LNI569,Lion Air,Yogyakarta,YIA,WAHI,14:10,06:10,14:31,21min late,14:39,on time,1h 8m,Landed
2025-09-20,ID7637,BTK7637,Batik Air,Bangkok,DMK,VTBD,14:15,06:15,14:37,22min late,17:32,12min early,3h 55m,Landed
2025-09-20,JT23,,Lion Air,Jakarta,CGK,WIII,14:35,06:35,17:50,15min late,15:30,,1h 55m,Landed
2025-09-20,JT740,LNI740,Lion Air,Makassar,UPG,WAAA,14:40,06:40,15:08,28min late,16:14,14min late,1h 6m,Landed
2025-09-20,IW1884,WON1884,Wings Air,Waingapu,WGP,WADW,14:40,06:40,16:24,44min late,16:47,17min late,23m,Landed
2025-09-20,QG681,CTV681,Citilink,Jakarta,CGK,WIII,14:40,06:40,15:00,20min late,15:32,2min early,1h 31m,Landed
2025-09-20,AK377,AXM377,AirAsia,Kuala Lumpur,KUL,WMKK,14:45,06:45,16:29,44min late,19:08,13min late,2h 38m,Landed
2025-09-20,JQ44,JST044,Jetstar Airways,Melbourne,MEL,YMML,14:55,06:55,15:04,9min late,22:18,11min early,5h 14m,Landed
2025-09-20,JT844,LNI844,Lion Air,Banjarmasin,BDJ,WAOO,15:00,07:00,16:27,27min late,17:29,4min late,1h 1m,Landed
2025-09-20,8B5103,,Business Air,Jakarta,CGK,WIII,15:10,07:10,14:25,44min early,15:00,54min early,1h 34m,Landed
2025-09-20,VA50,VOZ050,Virgin Australia,Brisbane,BNE,YBBN,15:15,07:15,15:06,9min early,22:26,33min early,5h 20m,Landed
2025-09-20,GA842,GIA842,Garuda Indonesia,Singapore,SIN,WSSS,15:15,07:15,15:29,14min late,17:46,13min early,2h 17m,Landed
2025-09-20,OD172,MXD172,Malindo Air,Kuala Lumpur,KUL,WMKK,15:20,07:20,15:38,18min late,18:14,15min early,2h 36m,Landed
2025-09-20,VJ898,VJC898,VietJet Air,Ho Chi Minh City,SGN,VVTS,15:30,07:30,15:50,20min late,17:58,21min early,3h 8m,Landed
2025-09-20,CI772,CAL772,China Airlines,Taipei,TPE,RCTP,15:40,07:40,15:53,13min late,20:46,18min early,4h 53m,Landed
2025-09-20,IU703,,SW Italia,Surabaya,SUB,WARR,15:40,07:40,,,,,1h 0m,Cancelled
2025-09-20,QZ646,AWQ646,Indonesia AirAsia,Labuan Bajo,LBJ,WATO,15:45,07:45,15:58,13min late,16:51,8min early,52m,Landed
2025-09-20,IP109,PAS109,Pelita Air Service,Jakarta,CGK,WIII,15:45,07:45,15:56,11min late,16:30,4min early,1h 33m,Landed
2025-09-20,JQ43,JST043,Jetstar Airways,Singapore,SIN,WSSS,15:50,07:50,16:04,14min late,18:16,13min early,2h 11m,Landed
2025-09-20,QZ246,AWQ246,Indonesia AirAsia,Phuket,HKT,VTSP,15:50,07:50,16:07,17min late,18:33,11min early,3h 25m,Landed
2025-09-20,OD307,MXD307,Malindo Air,Kuala Lumpur,KUL,WMKK,15:50,07:50,16:14,24min late,18:47,2min early,2h 33m,Landed
2025-09-20,VA92,VOZ092,Virgin Australia,Melbourne,MEL,YMML,15:50,07:50,15:51,on time,23:30,5min late,5h 39m,Landed
2025-09-20,GA411,GIA411,Garuda Indonesia,Jakarta,CGK,WIII,15:55,07:55,16:10,15min late,16:46,13min early,1h 36m,Landed
2025-09-20,ID8335,BTK8335,Batik Air,Labuan Bajo,LBJ,WATO,15:55,07:55,16:41,46min late,17:34,29min late,53m,Landed
2025-09-20,VN640,HVN640,Vietnam Airlines,Ho Chi Minh City,SGN,VVTS,16:00,08:00,16:20,20min late,18:34,5min early,3h 14m,Landed
2025-09-20,SJ7161,,Sriwijaya Air,Makassar,UPG,WAAA,16:00,08:00,,,,,1h 20m,
2025-09-20,CX784,CPA784,Cathay Pacific,Hong Kong,HKG,VHHH,16:10,08:10,17:54,44min late,22:32,7min late,4h 38m,Landed
2025-09-20,QG195,CTV195,Citilink,Jakarta,HLP,WIHH,16:10,08:10,16:16,6min late,16:51,8min early,1h 35m,Landed
2025-09-20,QZ536,AWQ536,Indonesia AirAsia,Perth,PER,YPPH,16:15,08:15,16:43,28min late,20:02,7min early,3h 18m,Landed
2025-09-20,MH850,MAS850,Malaysia Airlines,Kuala Lumpur,KUL,WMKK,16:25,08:25,16:39,14min late,19:18,16min early,2h 38m,Landed
2025-09-20,BR256,EVA256,EVA Airways,Taipei,TPE,RCTP,16:30,08:30,16:37,7min late,21:36,23min early,4h 58m,Landed
2025-09-20,QG669,CTV669,Citilink,Surabaya,SUB,WARR,16:35,08:35,16:35,on time,16:13,31min early,38m,Landed
2025-09-20,IU743,SJV743,SW Italia,Jakarta,CGK,WIII,16:35,08:35,17:16,41min late,17:44,14min late,1h 28m,Landed
2025-09-20,JT744,LNI744,Lion Air,Makassar,UPG,WAAA,16:40,08:40,17:13,33min late,18:17,17min late,1h 3m,Landed
2025-09-20,IN7742,LKN7742,NAM Air,Tambolaka,TMC,WADT,16:45,08:45,17:44,59min late,18:28,43min late,43m,Landed
2025-09-20,HO1356,DKH1356,Juneyao Airlines,Shanghai,PVG,ZSPD,16:50,08:50,16:53,3min late,22:56,43min early,6h 2m,Landed
2025-09-20,QZ556,AWQ556,Indonesia AirAsia,Kuala Lumpur,KUL,WMKK,16:55,08:55,19:29,34min late,22:06,56min late,2h 36m,Landed
2025-09-20,TG432,THA432,Thai Airways International,Bangkok,BKK,VTBS,16:55,08:55,16:55,on time,19:34,30min early,3h 39m,Landed
2025-09-20,IU273,,SW Italia,Pontianak,PNK,WIOO,17:00,09:00,,,,,2h 0m,Cancelled
2025-09-20,ID6335,BTK6335,Batik Air,Labuan Bajo,LBJ,WATO,17:00,09:00,17:11,11min late,18:12,2min late,1h 0m,Landed
2025-09-20,VJ998,VJC998,VietJet Air,Hanoi,HAN,VVNB,17:30,09:30,17:31,1min late,21:26,18min early,4h 54m,Landed
2025-09-20,IU759,SJV759,SW Italia,Jakarta,CGK,WIII,17:35,09:35,21:19,44min late,21:49,19min late,1h 29m,Landed
2025-09-20,GA419,GIA419,Garuda Indonesia,Jakarta,CGK,WIII,17:35,09:35,18:44,9min late,19:18,43min late,1h 33m,Landed
2025-09-20,GA349,GIA349,Garuda Indonesia,Surabaya,SUB,WARR,17:35,09:35,18:36,1min late,18:23,38min late,46m,Landed
2025-09-20,IN281,,NAM Air,Jakarta,CGK,WIII,17:45,09:45,,,,,1h 40m,
2025-09-20,NZ291,ANZ291,Air New Zealand,Auckland,AKL,NZAA,17:50,09:50,17:49,on time,05:11,18min early,7h 22m,Landed
2025-09-20,OD193,MXD193,Malindo Air,Perth,PER,YPPH,18:10,10:10,22:31,21min late,01:45,0min late,3h 14m,Landed
2025-09-20,GA417,GIA417,Garuda Indonesia,Jakarta,CGK,WIII,18:30,10:30,18:46,16min late,19:20,10min early,1h 33m,Landed
2025-09-20,SL259,TLM259,Thai Lion Air,Bangkok,DMK,VTBD,18:40,10:40,19:27,47min late,22:14,14min late,3h 47m,Landed
2025-09-20,JT925,LNI925,Lion Air,Surakarta,SOC,WAHQ,18:40,10:40,18:40,on time,18:39,20min early,59m,Landed
2025-09-20,ID6415,BTK6415,Batik Air,Surabaya,SUB,WARR,18:45,10:45,19:08,23min late,18:34,10min early,25m,Landed
2025-09-20,8B5109,TNU5109,Business Air,Jakarta,CGK,WIII,18:45,10:45,19:06,21min late,19:38,8min late,1h 32m,Landed
2025-09-20,EY477,ETD477,Etihad Airways,Abu Dhabi,AUH,OMAA,18:45,10:45,18:41,4min early,23:17,12min early,8h 36m,Landed
2025-09-20,CX782,CPA782,Cathay Pacific,Hong Kong,HKG,VHHH,18:45,10:45,18:42,3min early,23:46,18min early,5h 4m,Landed
2025-09-20,QZ809,AWQ809,Indonesia AirAsia,Jakarta,CGK,WIII,18:50,10:50,20:40,50min late,21:08,23min late,1h 28m,Landed
2025-09-20,QG689,CTV689,Citilink,Jakarta,CGK,WIII,19:00,11:00,19:11,11min late,19:47,12min early,1h 35m,Landed
2025-09-20,TG440,THA440,Thai Airways International,Bangkok,BKK,VTBS,19:00,11:00,19:16,16min late,22:05,4min early,3h 48m,Landed
2025-09-20,JT27,,Lion Air,Jakarta,CGK,WIII,19:05,11:05,,,,,1h 55m,
2025-09-20,AK379,AXM379,AirAsia,Kuala Lumpur,KUL,WMKK,19:15,11:15,22:33,18min late,01:16,56min late,2h 43m,Landed
2025-09-20,MH852,MAS852,Malaysia Airlines,Kuala Lumpur,KUL,WMKK,19:20,11:20,19:20,on time,22:00,19min early,2h 40m,Landed
2025-09-20,QR963,QTR963,Qatar Airways,Doha,DOH,OTHH,19:20,11:20,19:26,6min late,23:21,18min early,8h 55m,Landed
2025-09-20,ID7310,BTK7310,Batik Air,Jakarta,HLP,WIHH,19:25,11:25,19:40,15min late,20:00,9min early,1h 20m,Landed
2025-09-20,QG699,,Citilink,Surabaya,SUB,WARR,19:30,11:30,,,,,1h 10m,
2025-09-20,JT11,LNI011,Lion Air,Jakarta,CGK,WIII,19:35,11:35,20:36,1min late,21:06,36min late,1h 29m,Landed
2025-09-20,8B969,TNU969,Business Air,Guangzhou,CAN,ZGGG,19:40,11:40,19:47,7min late,00:54,5min early,5h 7m,Landed
2025-09-20,TR287,TGW287,Scoot,Singapore,SIN,WSSS,19:40,11:40,19:53,13min late,22:07,7min early,2h 13m,Landed
2025-09-20,JT923,LNI923,Lion Air,Surabaya,SUB,WARR,19:45,11:45,20:01,16min late,19:49,4min late,48m,Landed
2025-09-20,EK369,UAE369,Emirates,Dubai,DXB,OMDB,19:45,11:45,19:51,6min late,00:39,10min early,8h 48m,Landed
2025-09-20,ID6413,,Batik Air,Surabaya,SUB,WARR,19:50,11:50,,,,,1h 0m,Cancelled
2025-09-20,JT271,LNI271,Lion Air,Semarang,SRG,WIIS,19:50,11:50,19:57,7min late,19:58,16min early,1h 0m,Landed
2025-09-20,IN283,LKN283,NAM Air,Jakarta,CGK,WIII,20:00,12:00,20:42,42min late,21:14,34min late,1h 32m,Landed
2025-09-20,SQ945,SIA945,Singapore Airlines,Singapore,SIN,WSSS,20:00,12:00,20:15,15min late,22:29,10min early,2h 13m,Landed
2025-09-20,GA415,GIA415,Garuda Indonesia,Jakarta,CGK,WIII,20:00,12:00,20:14,14min late,20:45,14min early,1h 31m,Landed
2025-09-20,QG9692,CTV9692,Citilink,Surabaya,SUB,WARR,20:20,12:20,20:28,8min late,20:11,18min early,42m,Landed
2025-09-20,KL836,KLM836,KLM Royal Dutch Airlines,Singapore,SIN,WSSS,20:35,12:35,20:52,17min late,22:56,13min early,2h 3m,Landed
2025-09-20,GA463,GIA463,Garuda Indonesia,Jakarta,HLP,WIHH,20:40,12:40,20:58,18min late,21:21,13min early,1h 23m,Landed
2025-09-20,OD177,MXD177,Malindo Air,Melbourne,MEL,YMML,21:00,13:00,22:37,37min late,05:54,14min late,5h 17m,Landed
2025-09-20,GA425,GIA425,Garuda Indonesia,Jakarta,CGK,WIII,21:15,13:15,21:25,10min late,21:56,13min early,1h 30m,Landed
2025-09-20,JQ34,JST034,Jetstar Airways,Melbourne,MEL,YMML,21:20,13:20,21:32,12min late,04:44,10min early,5h 11m,Landed
2025-09-20,TK67,THY067,Turkish Airlines,Istanbul,IST,LTFM,21:20,13:20,04:45,25min late,04:17,57min early,4h 32m,Landed
2025-09-20,OD157,MXD157,Malindo Air,Brisbane,BNE,YBBN,21:25,13:25,21:44,19min late,05:08,6min early,5h 24m,Landed
2025-09-20,AK375,AXM375,AirAsia,Kuala Lumpur,KUL,WMKK,21:25,13:25,22:18,53min late,01:01,31min late,2h 42m,Landed
2025-09-20,ID6760,BTK6760,Batik Air,Makassar,UPG,WAAA,21:30,13:30,21:39,9min late,22:35,14min early,55m,Landed
2025-09-20,JT15,,Lion Air,Jakarta,CGK,WIII,21:30,13:30,,,,,1h 55m,
2025-09-20,JQ117,JST117,Jetstar Airways,Perth,PER,YPPH,21:30,13:30,21:39,9min late,01:00,19min early,3h 21m,Landed
2025-09-20,SQ947,SIA947,Singapore Airlines,Singapore,SIN,WSSS,21:35,13:35,21:46,11min late,23:56,8min early,2h 10m,Landed
2025-09-20,QZ819,AWQ819,Indonesia AirAsia,Jakarta,CGK,WIII,21:40,13:40,22:26,46min late,22:58,28min late,1h 31m,Landed
2025-09-20,IP105,PAS105,Pelita Air Service,Jakarta,CGK,WIII,21:40,13:40,21:42,2min late,22:11,18min early,1h 29m,Landed
2025-09-20,QZ546,AWQ546,Indonesia AirAsia,Perth,PER,YPPH,21:55,13:55,22:12,17min late,01:28,11min early,3h 15m,Landed
2025-09-20,GA718,GIA718,Garuda Indonesia,Melbourne,MEL,YMML,22:05,14:05,22:10,5min late,05:24,5min early,5h 13m,Landed
2025-09-20,QF44,QFA044,Qantas,Sydney,SYD,YSSY,22:10,14:10,22:55,45min late,06:46,41min late,5h 51m,Landed
2025-09-20,JQ60,JST060,Jetstar Airways,Brisbane,BNE,YBBN,22:10,14:10,22:21,11min late,05:34,5min early,5h 13m,Landed
2025-09-20,OD171,MXD171,Malindo Air,Sydney,SYD,YSSY,22:15,14:15,22:15,on time,05:53,26min early,5h 38m,Landed
2025-09-20,QG342,CTV342,Citilink,Makassar,UPG,WAAA,22:20,14:20,12:05,14min early,13:25,19min early,1h 19m,Landed
2025-09-20,IN2801,,NAM Air,Jakarta,CGK,WIII,22:25,14:25,,,,,1h 40m,
2025-09-20,JQ38,JST038,Jetstar Airways,Sydney,SYD,YSSY,22:35,14:35,,,,,5h 55m,Cancelled
2025-09-20,7C2712,JJA2712,Jeju Air,Seoul,ICN,RKSI,22:45,14:45,22:56,11min late,06:52,17min early,6h 56m,Landed
2025-09-20,QZ811,AWQ811,Indonesia AirAsia,Jakarta,CGK,WIII,22:50,14:50,23:53,3min late,00:03,23min late,1h 10m,Landed
2025-09-20,JT3020,,Lion Air,Seoul,ICN,RKSI,23:05,15:05,,,,,7h 5m,
2025-09-20,QF46,QFA046,Qantas,Melbourne,MEL,YMML,23:05,15:05,23:10,5min late,06:24,15min early,5h 13m,Landed
2025-09-20,VA82,VOZ082,Virgin Australia,Gold Coast,OOL,YBCG,23:20,15:20,23:55,35min late,07:06,11min late,5h 11m,Landed
2025-09-20,GA714,GIA714,Garuda Indonesia,Sydney,SYD,YSSY,23:25,15:25,23:47,22min late,07:21,11min late,5h 34m,Landed
2025-09-20,JQ36,JST036,Jetstar Airways,Melbourne,MEL,YMML,23:30,15:30,23:32,2min late,06:39,25min early,5h 6m,Landed
2025-09-20,VA68,VOZ068,Virgin Australia,Sydney,SYD,YSSY,23:35,15:35,00:09,34min late,07:41,3min early,5h 32m,Landed
2025-09-20,KE634,KAL634,Korean Air Lines,Seoul,ICN,RKSI,23:45,15:45,23:44,on time,07:38,16min early,6h 54m,Landed
2025-09-20,JQ128,JST128,Jetstar Airways,Adelaide,ADL,YPAD,23:55,15:55,00:04,9min late,06:04,10min early,4h 29m,Landed
2025-09-21,BX602,ABL602,Air Busan,Busan,PUS,RKPK,00:05,16:05,00:31,26min late,08:07,2min early,6h 36m,Landed
2025-09-21,GA880,GIA880,Garuda Indonesia,Tokyo,NRT,RJAA,00:20,16:20,00:36,16min late,09:09,19min late,7h 33m,Landed
2025-09-21,CZ626,CSN626,China Southern Airlines,Guangzhou,CAN,ZGGG,00:30,16:30,00:33,3min late,05:22,27min early,4h 49m,Landed
2025-09-21,MF892,CXA892,Xiamen Airlines,Xiamen,XMN,ZSAM,00:30,16:30,00:44,14min late,06:00,4min early,5h 15m,Landed
2025-09-21,QR961,QTR961,Qatar Airways,Doha,DOH,OTHH,00:35,16:35,00:52,17min late,04:44,10min early,8h 52m,Landed
2025-09-21,EK399,UAE399,Emirates,Dubai,DXB,OMDB,00:35,16:35,00:29,6min early,05:14,20min early,8h 45m,Landed
2025-09-21,KE630,KAL630,Korean Air Lines,Seoul,ICN,RKSI,00:50,16:50,01:18,28min late,08:55,24min early,6h 36m,Landed
2025-09-21,MU5030,CES5030,China Eastern Airlines,Shanghai,PVG,ZSPD,00:55,16:55,00:42,13min early,07:14,45min early,6h 32m,Landed
2025-09-21,PR538,PAL538,Philippine Airlines,Manila,MNL,RPLL,00:55,16:55,01:04,9min late,04:39,10min early,3h 35m,Landed
2025-09-21,QZ548,AWQ548,Indonesia AirAsia,Perth,PER,YPPH,01:05,17:05,00:19,45min early,03:47,7min early,3h 28m,Landed
2025-09-21,GA870,GIA870,Garuda Indonesia,Seoul,ICN,RKSI,01:15,17:15,01:21,6min late,09:47,32min late,7h 25m,Landed
2025-09-21,GA880,GIA880,Garuda Indonesia,Tokyo,NRT,RJAA,01:25,17:25,01:47,22min late,09:41,51min late,6h 53m,Landed
2025-09-21,8B5888,TNU5888,Business Air,Manado,MDC,WAMM,01:30,17:30,01:26,3min early,03:37,27min early,2h 10m,Landed
2025-09-21,JT746,LNI746,Lion Air,Makassar,UPG,WAAA,07:00,23:00,07:03,3min late,08:02,17min early,59m,Landed
2025-09-21,JT944,,Lion Air,Makassar,UPG,WAAA,07:00,23:00,,,,,1h 20m,
2025-09-21,GA401,GIA401,Garuda Indonesia,Jakarta,CGK,WIII,07:00,23:00,07:02,2min late,07:33,26min early,1h 31m,Landed
2025-09-21,JT929,LNI929,Lion Air,Surabaya,SUB,WARR,07:00,23:00,07:07,7min late,06:46,13min early,38m,Landed
2025-09-21,JQ82,JST082,Jetstar Airways,Darwin,DRW,YPDN,07:00,23:00,07:21,21min late,11:28,13min late,2h 37m,Landed
2025-09-21,QZ550,AWQ550,Indonesia AirAsia,Kuala Lumpur,KUL,WMKK,07:00,23:00,08:06,6min late,10:41,41min late,2h 35m,Landed
2025-09-21,JT856,,Lion Air,Surabaya,SUB,WARR,07:00,23:00,,,,,1h 1m,
2025-09-21,QG690,CTV690,Citilink,Surabaya,SUB,WARR,07:05,23:05,07:13,8min late,06:50,14min early,36m,Landed
2025-09-21,QZ644,AWQ644,Indonesia AirAsia,Labuan Bajo,LBJ,WATO,07:10,23:10,08:54,44min late,09:46,31min late,52m,Landed
2025-09-21,SQ949,SIA949,Singapore Airlines,Singapore,SIN,WSSS,07:10,23:10,07:16,6min late,09:24,35min early,2h 7m,Landed
2025-09-21,QZ502,AWQ502,Indonesia AirAsia,Singapore,SIN,WSSS,07:10,23:10,07:30,20min late,09:46,3min early,2h 16m,Landed
2025-09-21,QZ813,AWQ813,Indonesia AirAsia,Jakarta,CGK,WIII,07:15,23:15,07:25,10min late,08:01,8min early,1h 35m,Landed
2025-09-21,QG663,CTV663,Citilink,Jakarta,CGK,WIII,07:45,23:45,07:43,1min early,08:16,18min early,1h 33m,Landed
2025-09-21,IW1854,WON1854,Wings Air,Lombok,LOP,WADL,08:00,00:00,07:58,1min early,08:19,25min early,21m,Landed
2025-09-21,JT21,,Lion Air,Jakarta,CGK,WIII,08:05,00:05,,,,,1h 55m,Cancelled
2025-09-21,HX706,CRK706,Hong Kong Airlines,Hong Kong,HKG,VHHH,08:15,00:15,08:16,on time,13:14,5min early,4h 58m,Landed
2025-09-21,QZ817,AWQ817,Indonesia AirAsia,Jakarta,CGK,WIII,08:30,00:30,11:26,56min late,11:46,26min late,1h 20m,Landed
2025-09-21,IW1850,WON1850,Wings Air,Lombok,LOP,WADL,08:35,00:35,09:54,19min late,10:18,58min late,23m,Landed
2025-09-21,5J280,CEB280,CEBU Pacific Air,Manila,MNL,RPLL,08:35,00:35,08:44,9min late,12:30,19min early,3h 45m,Landed
2025-09-21,CZ8482,CSN8482,China Southern Airlines,Guangzhou,CAN,ZGGG,08:40,00:40,09:31,51min late,14:21,31min late,4h 49m,Landed
2025-09-21,8B80,TNU080,Business Air,Perth,PER,YPPH,09:05,01:05,09:13,8min late,12:32,22min early,3h 19m,Landed
2025-09-21,IW1832,WON1832,Wings Air,Tambolaka,TMC,WADT,09:10,01:10,09:43,33min late,10:50,15min late,1h 6m,Landed
2025-09-21,8B5105,,TransNusa,Jakarta,CGK,WIII,09:10,01:10,,,,,1h 50m,
2025-09-21,IW1856,WON1856,Wings Air,Lombok,LOP,WADL,09:10,01:10,09:23,13min late,09:45,9min early,21m,Landed
2025-09-21,IN640,LKN640,Nam Air,Tambolaka,TMC,WADT,09:10,01:10,09:18,8min late,10:03,6min early,44m,Landed
2025-09-21,ID6007,BTK6007,Batik Air,Perth,PER,YPPH,09:25,01:25,09:47,22min late,13:06,8min early,3h 19m,Landed
2025-09-21,QG500,CTV500,Citilink,Dili,DIL,WPDL,09:30,01:30,09:28,1min early,12:11,8min early,1h 42m,Landed
2025-09-21,JT31,,Lion Air,Jakarta,CGK,WIII,09:30,01:30,,,,,1h 55m,
2025-09-21,QZ803,AWQ803,Indonesia AirAsia,Jakarta,CGK,WIII,09:40,01:40,09:40,on time,09:53,37min early,1h 12m,Landed
2025-09-21,QR965,QTR965,Qatar Airways,Doha,DOH,OTHH,09:55,01:55,10:09,14min late,14:08,11min early,8h 59m,Landed
2025-09-21,JT3569,LNI3569,Lion Air,Yogyakarta,YIA,WAHI,09:55,01:55,10:01,6min late,10:10,14min early,1h 9m,Landed
2025-09-21,IW1882,WON1882,Wings Air,Sumbawa Besar,SWQ,WADS,10:00,02:00,10:31,31min late,11:13,13min late,42m,Landed
2025-09-21,JT270,LNI270,Lion Air,Kupang,KOE,WATT,10:00,02:00,10:07,7min late,11:33,6min early,1h 26m,Landed
2025-09-21,AI2146,AIC2146,Air India,Delhi,DEL,VIDP,10:00,02:00,09:51,9min early,14:39,55min early,7h 18m,Landed
2025-09-21,SQ935,SIA935,Singapore Airlines,Singapore,SIN,WSSS,10:05,02:05,10:57,52min late,13:22,37min late,2h 25m,Landed
2025-09-21,SU297,AFL297,Aeroflot,Moscow,SVO,UUEE,10:05,02:05,10:26,21min late,17:38,6min early,12h 12m,Landed
2025-09-21,8B5101,TNU5101,Business Air,Jakarta,CGK,WIII,10:25,02:25,10:27,2min late,11:01,13min early,1h 33m,Landed
2025-09-21,JT33,LNI033,Lion Air,Jakarta,CGK,WIII,10:30,02:30,11:43,13min late,12:17,52min late,1h 33m,Landed
2025-09-21,JT805,,Lion Air,Surabaya,SUB,WARR,10:35,02:35,13:56,21min late,13:38,3min late,42m,Landed
2025-09-21,QZ815,AWQ815,Indonesia AirAsia,Jakarta,CGK,WIII,10:35,02:35,12:30,55min late,13:05,35min late,1h 35m,Landed
2025-09-21,JT927,LNI927,Lion Air,Surakarta,SOC,WAHQ,10:40,02:40,11:35,55min late,11:34,34min late,59m,Landed
2025-09-21,TR281,TGW281,Scoot,Singapore,SIN,WSSS,10:50,02:50,11:02,12min late,13:12,17min early,2h 9m,Landed
2025-09-21,QG197,CTV197,Citilink,Jakarta,HLP,WIHH,11:10,03:10,11:14,4min late,11:50,9min early,1h 36m,Landed
2025-09-21,JQ126,JST126,Jetstar Airways,Adelaide,ADL,YPAD,11:15,03:15,11:22,7min late,17:21,8min early,4h 29m,Landed
2025-09-21,6E1606,IGO1606,IndiGo,Bangalore,BLR,VOBL,11:20,03:20,11:24,4min late,14:44,25min early,5h 50m,Landed
2025-09-21,GA620,GIA620,Garuda Indonesia,Makassar,UPG,WAAA,11:20,03:20,11:20,on time,12:33,16min early,1h 12m,Landed
2025-09-21,JQ109,JST109,Jetstar Airways,Perth,PER,YPPH,11:40,03:40,11:59,19min late,15:18,6min early,3h 18m,Landed
2025-09-21,JQ40,JST040,Jetstar Airways,Sydney,SYD,YSSY,11:55,03:55,12:09,14min late,19:34,15min early,5h 24m,Landed
2025-09-21,JQ32,JST032,Jetstar Airways,Melbourne,MEL,YMML,11:55,03:55,11:52,3min early,19:19,10min early,5h 27m,Landed
2025-09-21,OD192,MXD192,Malindo Air,Kuala Lumpur,KUL,WMKK,11:55,03:55,12:18,23min late,14:57,7min early,2h 38m,Landed
2025-09-21,FD397,AIQ397,Thai AirAsia,Bangkok,DMK,VTBD,12:00,04:00,12:55,55min late,15:50,15min late,3h 55m,Landed
2025-09-21,GA407,GIA407,Garuda Indonesia,Jakarta,CGK,WIII,12:00,04:00,12:05,5min late,12:38,16min early,1h 33m,Landed
2025-09-21,GA253,GIA253,Garuda Indonesia,Yogyakarta,YIA,WAHI,12:05,04:05,12:23,18min late,12:33,21min early,1h 9m,Landed
2025-09-21,QZ618,AWQ618,Indonesia AirAsia,Banjarmasin,BDJ,WAOO,12:05,04:05,12:20,15min late,13:22,7min early,1h 1m,Landed
2025-09-21,SQ937,SIA937,Singapore Airlines,Singapore,SIN,WSSS,12:10,04:10,12:42,32min late,15:04,9min late,2h 22m,Landed
2025-09-21,QG9696,CTV9696,Citilink,Surabaya,SUB,WARR,12:15,04:15,12:16,1min late,11:58,21min early,42m,Landed
2025-09-21,IN7742,LKN7742,NAM Air,Tambolaka,TMC,WADT,12:20,04:20,12:13,6min early,12:50,29min early,37m,Landed
2025-09-21,SJ742,,Sriwijaya Air,Tambolaka,TMC,WADT,12:20,04:20,,,,,1h 0m,
2025-09-21,OD178,MXD178,Malindo Air,Kuala Lumpur,KUL,WMKK,12:25,04:25,12:24,on time,15:07,27min early,2h 42m,Landed
2025-09-21,JQ1038,JST1038,Jetstar Airways,Sydney,SYD,YSSY,12:30,04:30,12:49,19min late,20:10,14min early,5h 21m,Landed
2025-09-21,D7795,XAX795,AirAsia X,Kuala Lumpur,KUL,WMKK,12:30,04:30,12:46,16min late,15:26,18min early,2h 40m,Landed
2025-09-21,QZ805,AWQ805,Indonesia AirAsia,Jakarta,CGK,WIII,12:40,04:40,12:59,19min late,13:28,11min early,1h 29m,Landed
2025-09-21,IP103,PAS103,Pelita Air Service,Jakarta,CGK,WIII,12:45,04:45,13:08,23min late,13:21,18min early,1h 12m,Landed
2025-09-21,IW1848,WON1848,Wings Air,Lombok,LOP,WADL,12:45,04:45,12:51,6min late,13:13,16min early,21m,Landed
2025-09-21,ID7308,BTK7308,Batik Air,Jakarta,HLP,WIHH,12:50,04:50,13:13,23min late,13:39,4min late,1h 25m,Landed
2025-09-21,8B82,TNU082,Business Air,Perth,PER,YPPH,12:55,04:55,13:18,23min late,16:40,14min early,3h 22m,Landed
2025-09-21,MH714,MAS714,Malaysia Airlines,Kuala Lumpur,KUL,WMKK,13:05,05:05,14:58,53min late,17:38,28min late,2h 40m,Landed
2025-09-21,SQ939,SIA939,Singapore Airlines,Singapore,SIN,WSSS,13:05,05:05,13:24,19min late,15:36,13min early,2h 11m,Landed
2025-09-21,JT35,,Lion Air,Jakarta,CGK,WIII,13:10,05:10,,,,,1h 55m,Cancelled
2025-09-21,VJ900,VJC900,VietJet Air,Hanoi,HAN,VVNB,13:10,05:10,13:16,6min late,17:03,16min early,4h 47m,Landed
2025-09-21,JQ58,JST058,Jetstar Airways,Brisbane,BNE,YBBN,13:15,05:15,13:28,13min late,20:33,11min early,5h 4m,Landed
2025-09-21,OD172,MXD172,Malindo Air,Kuala Lumpur,KUL,WMKK,13:15,05:15,13:47,32min late,16:28,3min late,2h 40m,Landed
2025-09-21,IW1834,WON1834,Wings Air,Tambolaka,TMC,WADT,13:20,05:20,13:39,19min late,14:47,2min late,1h 8m,Landed
2025-09-21,8G182,DTL182,Mid Africa Aviation,Dili,DIL,WPDL,13:25,05:25,13:35,10min late,16:23,3min late,1h 48m,Landed
2025-09-21,JT660,LNI660,Lion Air,Balikpapan,BPN,WALL,13:25,05:25,13:22,2min early,14:37,32min early,1h 14m,Landed
2025-09-21,D7799,XAX799,AirAsia X,Kuala Lumpur,KUL,WMKK,13:35,05:35,14:11,36min late,16:49,on time,2h 38m,Landed
2025-09-21,GA409,GIA409,Garuda Indonesia,Jakarta,CGK,WIII,13:35,05:35,15:15,40min late,15:46,11min late,1h 30m,Landed
2025-09-21,IW1826,WON1826,Wings Air,Bima,BMU,WADB,13:40,05:40,16:56,16min late,17:37,32min late,41m,Landed
2025-09-21,ID7135,BTK7135,Batik Air,Singapore,SIN,WSSS,13:45,05:45,14:03,18min late,16:21,18min early,2h 17m,Landed
2025-09-21,OD158,MXD158,Malindo Air,Kuala Lumpur,KUL,WMKK,13:50,05:50,14:31,41min late,17:15,15min late,2h 43m,Landed
2025-09-21,TR289,TGW289,Scoot,Singapore,SIN,WSSS,14:00,06:00,14:15,15min late,16:23,36min early,2h 7m,Landed
2025-09-21,JT25,LNI025,Lion Air,Jakarta,CGK,WIII,14:00,06:00,14:24,24min late,15:01,6min late,1h 36m,Landed
2025-09-21,VJ894,VJC894,VietJet Air,Ho Chi Minh City,SGN,VVTS,14:05,06:05,14:19,14min late,16:38,16min early,3h 19m,Landed
2025-09-21,JT569,LNI569,Lion Air,Yogyakarta,YIA,WAHI,14:10,06:10,14:27,17min late,14:47,7min late,1h 20m,Landed
2025-09-21,ID7637,BTK7637,Batik Air,Bangkok,DMK,VTBD,14:15,06:15,15:05,50min late,17:57,12min late,3h 52m,Landed
2025-09-21,JT23,LNI023,Lion Air,Jakarta,CGK,WIII,14:35,06:35,15:12,37min late,15:33,3min late,1h 21m,Landed
2025-09-21,QG681,CTV681,Citilink,Jakarta,CGK,WIII,14:40,06:40,14:55,15min late,15:31,3min early,1h 36m,Landed
2025-09-21,IW1884,WON1884,Wings Air,Waingapu,WGP,WADW,14:40,06:40,15:00,20min late,16:29,on time,1h 28m,Landed
2025-09-21,JT273,LNI273,Lion Air,Semarang,SRG,WIIS,14:40,06:40,14:51,11min late,14:50,14min early,59m,Landed
2025-09-21,JT740,LNI740,Lion Air,Makassar,UPG,WAAA,14:40,06:40,15:22,42min late,16:20,20min late,58m,Landed
2025-09-21,AK377,AXM377,AirAsia,Kuala Lumpur,KUL,WMKK,14:45,06:45,15:03,18min late,17:44,10min early,2h 40m,Landed
2025-09-21,OD307,MXD307,Malindo Air,Kuala Lumpur,KUL,WMKK,14:50,06:50,17:22,32min late,20:07,17min late,2h 44m,Landed
2025-09-21,JQ44,JST044,Jetstar Airways,Melbourne,MEL,YMML,14:55,06:55,15:02,7min late,22:35,5min late,5h 33m,Landed
2025-09-21,JT924,LNI924,Lion Air,Kupang,KOE,WATT,14:55,06:55,15:57,2min late,17:24,49min late,1h 26m,Landed
2025-09-21,JT844,LNI844,Lion Air,Banjarmasin,BDJ,WAOO,15:00,07:00,15:33,33min late,16:30,5min late,57m,Landed
2025-09-21,IU368,SJV368,SW Italia,Medan,KNO,WIMM,15:00,07:00,15:27,27min late,17:26,9min early,2h 58m,Landed
2025-09-21,8B5103,,TransNusa,Jakarta,CGK,WIII,15:10,07:10,,,,,1h 45m,
2025-09-21,VA50,VOZ050,Virgin Australia,Brisbane,BNE,YBBN,15:15,07:15,15:10,5min early,22:52,7min early,5h 42m,Landed
2025-09-21,GA842,GIA842,Garuda Indonesia,Singapore,SIN,WSSS,15:15,07:15,15:41,26min late,18:02,2min late,2h 20m,Landed
2025-09-21,VJ898,VJC898,VietJet Air,Ho Chi Minh City,SGN,VVTS,15:30,07:30,15:45,15min late,18:08,11min early,3h 22m,Landed
2025-09-21,IU703,SJV703,SW Italia,Surabaya,SUB,WARR,15:40,07:40,16:32,52min late,16:15,35min late,42m,Landed
2025-09-21,CI772,CAL772,China Airlines,Taipei,TPE,RCTP,15:40,07:40,15:47,7min late,20:38,26min early,4h 51m,Landed
2025-09-21,QZ646,AWQ646,Indonesia AirAsia,Labuan Bajo,LBJ,WATO,15:45,07:45,15:51,6min late,16:43,16min early,52m,Landed
2025-09-21,IP109,PAS109,Pelita Air Service,Jakarta,CGK,WIII,15:45,07:45,15:54,9min late,16:27,7min early,1h 33m,Landed
2025-09-21,VA92,VOZ092,Virgin Australia,Melbourne,MEL,YMML,15:50,07:50,16:22,32min late,23:32,7min late,5h 10m,Landed
2025-09-21,JQ43,JST043,Jetstar Airways,Singapore,SIN,WSSS,15:50,07:50,16:01,11min late,18:12,17min early,2h 11m,Landed
2025-09-21,ID8335,BTK8335,Batik Air,Labuan Bajo,LBJ,WATO,15:55,07:55,13:03,51min early,14:01,3min early,58m,Landed
2025-09-21,GA411,GIA411,Garuda Indonesia,Jakarta,CGK,WIII,15:55,07:55,16:18,23min late,16:53,6min early,1h 34m,Landed
2025-09-21,VN640,HVN640,Vietnam Airlines,Ho Chi Minh City,SGN,VVTS,16:00,08:00,16:24,24min late,18:43,3min late,3h 18m,Landed
2025-09-21,GA421,GIA421,Garuda Indonesia,Jakarta,CGK,WIII,16:00,08:00,16:48,48min late,17:20,25min late,1h 32m,Landed
2025-09-21,SJ717,,Sriwijaya Air,Makassar,UPG,WAAA,16:00,08:00,,,,,1h 20m,
2025-09-21,QG195,CTV195,Citilink,Jakarta,HLP,WIHH,16:10,08:10,16:26,16min late,17:21,21min late,1h 54m,Landed
2025-09-21,CX784,CPA784,Cathay Pacific,Hong Kong,HKG,VHHH,16:10,08:10,17:00,50min late,21:52,27min late,4h 52m,Landed
2025-09-21,QZ807,AWQ807,Indonesia AirAsia,Jakarta,CGK,WIII,16:10,08:10,16:34,24min late,17:05,9min early,1h 30m,Landed
2025-09-21,QZ536,AWQ536,Indonesia AirAsia,Perth,PER,YPPH,16:15,08:15,16:29,14min late,19:45,24min early,3h 16m,Landed
2025-09-21,MH850,MAS850,Malaysia Airlines,Kuala Lumpur,KUL,WMKK,16:25,08:25,16:38,13min late,19:21,13min early,2h 42m,Landed
2025-09-21,BR256,EVA256,EVA Airways,Taipei,TPE,RCTP,16:30,08:30,16:50,20min late,22:01,1min late,5h 11m,Landed
2025-09-21,IU743,SJV743,SW Italia,Jakarta,CGK,WIII,16:35,08:35,17:20,45min late,17:50,20min late,1h 30m,Landed
2025-09-21,QG669,CTV669,Citilink,Surabaya,SUB,WARR,16:35,08:35,16:44,9min late,16:27,17min early,43m,Landed
2025-09-21,JT744,LNI744,Lion Air,Makassar,UPG,WAAA,16:40,08:40,16:54,14min late,17:53,6min early,58m,Landed
2025-09-21,QZ246,AWQ246,Indonesia AirAsia,Phuket,HKT,VTSP,16:40,08:40,17:13,33min late,19:37,2min early,3h 23m,Landed
2025-09-21,QZ642,AWQ642,Indonesia AirAsia,Labuan Bajo,LBJ,WATO,16:45,08:45,17:16,31min late,18:08,8min late,52m,Landed
2025-09-21,GA7036,GIA7036,Garuda Indonesia,Labuan Bajo,LBJ,WATO,16:50,08:50,16:58,8min late,17:56,3min early,58m,Landed
2025-09-21,HO1356,DKH1356,Juneyao Airlines,Shanghai,PVG,ZSPD,16:50,08:50,16:52,2min late,23:04,36min early,6h 11m,Landed
2025-09-21,TG432,THA432,Thai Airways International,Bangkok,BKK,VTBS,16:55,08:55,17:00,5min late,19:44,20min early,3h 44m,Landed
2025-09-21,IU273,SJV273,SW Italia,Pontianak,PNK,WIOO,17:00,09:00,18:24,24min late,18:55,55min late,1h 30m,Landed
2025-09-21,ID6335,BTK6335,Batik Air,Labuan Bajo,LBJ,WATO,17:00,09:00,13:03,56min early,14:01,8min early,58m,Landed
2025-09-21,VJ998,VJC998,VietJet Air,Hanoi,HAN,VVNB,17:30,09:30,17:35,5min late,21:12,32min early,4h 37m,Landed
2025-09-21,IU759,,SW Italia,Jakarta,CGK,WIII,17:35,09:35,,,,,1h 55m,
2025-09-21,GA419,GIA419,Garuda Indonesia,Jakarta,CGK,WIII,17:35,09:35,17:47,12min late,18:20,14min early,1h 33m,Landed
2025-09-21,GA349,GIA349,Garuda Indonesia,Surabaya,SUB,WARR,17:35,09:35,17:39,4min late,17:25,19min early,46m,Landed
2025-09-21,D7793,XAX793,AirAsia X,Kuala Lumpur,KUL,WMKK,17:40,09:40,17:52,12min late,20:37,17min early,2h 44m,Landed
2025-09-21,NZ291,ANZ291,Air New Zealand,Auckland,AKL,NZAA,17:50,09:50,18:21,31min late,05:33,3min late,7h 12m,Landed
2025-09-21,OD193,MXD193,Malindo Air,Perth,PER,YPPH,18:10,10:10,18:30,20min late,21:48,3min late,3h 18m,Landed
2025-09-21,JT567,LNI567,Lion Air,Yogyakarta,YIA,WAHI,18:25,10:25,19:03,38min late,19:15,20min late,1h 11m,Landed
2025-09-21,GA417,GIA417,Garuda Indonesia,Jakarta,CGK,WIII,18:30,10:30,19:11,41min late,19:45,15min late,1h 33m,Landed
2025-09-21,IN281,LKN281,Nam Air,Jakarta,CGK,WIII,18:30,10:30,18:49,19min late,19:26,16min late,1h 36m,Landed
2025-09-21,SL259,TLM259,Thai Lion Air,Bangkok,DMK,VTBD,18:40,10:40,19:13,33min late,22:08,8min late,3h 55m,Landed
2025-09-21,JT925,LNI925,Lion Air,Surakarta,SOC,WAHQ,18:40,10:40,18:56,16min late,18:55,4min early,59m,Landed
2025-09-21,CX782,CPA782,Cathay Pacific,Hong Kong,HKG,VHHH,18:45,10:45,18:36,9min early,23:20,44min early,4h 44m,Landed
2025-09-21,ID6415,BTK6415,Batik Air,Surabaya,SUB,WARR,18:45,10:45,19:32,47min late,19:15,30min late,43m,Landed
2025-09-21,8B5109,TNU5109,Business Air,Jakarta,CGK,WIII,18:45,10:45,19:01,16min late,19:36,6min late,1h 34m,Landed
2025-09-21,EY477,ETD477,Etihad Airways,Abu Dhabi,AUH,OMAA,18:45,10:45,18:35,10min early,23:18,11min early,8h 43m,Landed
2025-09-21,QZ809,AWQ809,Indonesia AirAsia,Jakarta,CGK,WIII,18:50,10:50,18:59,9min late,19:35,9min early,1h 35m,Landed
2025-09-21,TG440,THA440,Thai Airways International,Bangkok,BKK,VTBS,19:00,11:00,19:06,6min late,22:00,9min early,3h 54m,Landed
2025-09-21,QG689,CTV689,Citilink,Jakarta,CGK,WIII,19:00,11:00,19:22,22min late,19:51,8min early,1h 29m,Landed
2025-09-21,IU527,SJV527,SW Italia,Manado,MDC,WAMM,19:00,11:00,19:24,24min late,21:28,11min early,2h 3m,Landed
2025-09-21,JT27,LNI027,Lion Air,Jakarta,CGK,WIII,19:05,11:05,22:09,4min late,22:25,25min late,1h 15m,Landed
2025-09-21,AK379,AXM379,AirAsia,Kuala Lumpur,KUL,WMKK,19:15,11:15,20:54,39min late,23:40,20min late,2h 46m,Landed
2025-09-21,QR963,QTR963,Qatar Airways,Doha,DOH,OTHH,19:20,11:20,19:12,8min early,23:09,30min early,8h 57m,Landed
2025-09-21,MH852,MAS852,Malaysia Airlines,Kuala Lumpur,KUL,WMKK,19:20,11:20,20:08,48min late,22:51,31min late,2h 42m,Landed
2025-09-21,ID7310,BTK7310,Batik Air,Jakarta,HLP,WIHH,19:25,11:25,19:38,13min late,20:02,7min early,1h 24m,Landed
2025-09-21,QG699,CTV699,Citilink,Surabaya,SUB,WARR,19:30,11:30,19:29,on time,19:09,30min early,39m,Landed
2025-09-21,JT11,,Lion Air,Jakarta,CGK,WIII,19:35,11:35,,,,,1h 55m,
2025-09-21,TR287,TGW287,Scoot,Singapore,SIN,WSSS,19:40,11:40,20:22,42min late,22:32,17min late,2h 10m,Landed
2025-09-21,8B969,TNU969,Business Air,Guangzhou,CAN,ZGGG,19:40,11:40,19:41,on time,00:40,19min early,4h 59m,Landed
2025-09-21,JT923,LNI923,Lion Air,Surabaya,SUB,WARR,19:45,11:45,20:05,20min late,19:47,2min late,42m,Landed
2025-09-21,EK369,UAE369,Emirates,Dubai,DXB,OMDB,19:45,11:45,19:39,6min early,00:21,28min early,8h 42m,Landed
2025-09-21,JT271,LNI271,Lion Air,Semarang,SRG,WIIS,19:50,11:50,20:52,2min late,20:50,35min late,58m,Landed
2025-09-21,ID6413,BTK6413,Batik Air,Surabaya,SUB,WARR,19:50,11:50,20:56,6min late,20:24,34min late,27m,Landed
2025-09-21,ID8517,BTK8517,Batik Air,Jakarta,CGK,WIII,20:00,12:00,21:40,40min late,22:14,19min late,1h 33m,Landed
2025-09-21,SQ945,SIA945,Singapore Airlines,Singapore,SIN,WSSS,20:00,12:00,20:15,15min late,22:21,18min early,2h 6m,Landed
2025-09-21,GA415,GIA415,Garuda Indonesia,Jakarta,CGK,WIII,20:00,12:00,21:42,42min late,22:26,26min late,1h 43m,Landed
2025-09-21,QG9692,CTV9692,Citilink,Surabaya,SUB,WARR,20:20,12:20,20:27,7min late,19:52,37min early,24m,Landed
2025-09-21,GA427,GIA427,Garuda Indonesia,Jakarta,CGK,WIII,20:30,12:30,20:43,13min late,21:34,4min late,1h 50m,Landed
2025-09-21,KL836,KLM836,KLM Royal Dutch Airlines,Singapore,SIN,WSSS,20:35,12:35,20:47,12min late,22:57,12min early,2h 10m,Landed
2025-09-21,GA463,GIA463,Garuda Indonesia,Jakarta,HLP,WIHH,20:40,12:40,22:05,25min late,22:29,54min late,1h 23m,Landed
2025-09-21,OD177,MXD177,Malindo Air,Melbourne,MEL,YMML,21:00,13:00,22:47,47min late,05:55,15min late,5h 7m,Landed
2025-09-21,GA425,GIA425,Garuda Indonesia,Jakarta,CGK,WIII,21:15,13:15,21:24,9min late,21:39,30min early,1h 15m,Landed
2025-09-21,JQ34,JST034,Jetstar Airways,Melbourne,MEL,YMML,21:20,13:20,21:36,16min late,04:41,13min early,5h 5m,Landed
2025-09-21,TK67,THY067,Turkish Airlines,Istanbul,IST,LTFM,21:20,13:20,21:19,on time,04:21,53min early,12h 1m,Landed
2025-09-21,OD157,MXD157,Malindo Air,Brisbane,BNE,YBBN,21:25,13:25,21:33,8min late,05:07,7min early,5h 34m,Landed
2025-09-21,AK375,AXM375,AirAsia,Kuala Lumpur,KUL,WMKK,21:25,13:25,01:28,3min late,04:05,35min late,2h 37m,Landed
2025-09-21,ID6760,BTK6760,Batik Air,Makassar,UPG,WAAA,21:30,13:30,21:38,8min late,22:38,11min early,1h 0m,Landed
2025-09-21,JT15,LNI015,Lion Air,Jakarta,CGK,WIII,21:30,13:30,22:02,32min late,22:21,3min early,1h 19m,Landed
2025-09-21,JQ117,JST117,Jetstar Airways,Perth,PER,YPPH,21:30,13:30,21:36,6min late,01:06,13min early,3h 30m,Landed
2025-09-21,SQ947,SIA947,Singapore Airlines,Singapore,SIN,WSSS,21:35,13:35,21:44,9min late,23:54,10min early,2h 9m,Landed
2025-09-21,QZ819,AWQ819,Indonesia AirAsia,Jakarta,CGK,WIII,21:40,13:40,21:57,17min late,22:18,11min early,1h 21m,Landed
2025-09-21,IP105,PAS105,Pelita Air Service,Jakarta,CGK,WIII,21:40,13:40,21:49,9min late,22:16,13min early,1h 26m,Landed
2025-09-21,QZ546,AWQ546,Indonesia AirAsia,Perth,PER,YPPH,21:55,13:55,22:16,21min late,01:41,1min late,3h 24m,Landed
2025-09-21,QG685,CTV685,Citilink,Jakarta,CGK,WIII,21:55,13:55,22:37,42min late,23:07,12min late,1h 30m,Landed
2025-09-21,GA718,GIA718,Garuda Indonesia,Melbourne,MEL,YMML,22:05,14:05,22:23,18min late,05:37,7min late,5h 13m,Landed
2025-09-21,QF44,QFA044,Qantas,Sydney,SYD,YSSY,22:10,14:10,22:07,3min early,06:01,3min early,5h 54m,Landed
2025-09-21,OD171,MXD171,Malindo Air,Sydney,SYD,YSSY,22:15,14:15,22:31,16min late,06:01,18min early,5h 30m,Landed
2025-09-21,IN2801,,Nam Air,Jakarta,CGK,WIII,22:25,14:25,22:25,,23:05,,1h 40m,Landed
2025-09-21,JQ38,JST038,Jetstar Airways,Sydney,SYD,YSSY,22:35,14:35,22:27,8min early,06:10,19min early,5h 43m,Landed
2025-09-21,7C2712,JJA2712,Jeju Air,Seoul,ICN,RKSI,22:45,14:45,23:13,28min late,07:23,13min late,7h 9m,Landed
2025-09-21,QZ811,AWQ811,Indonesia AirAsia,Jakarta,CGK,WIII,22:50,14:50,23:08,18min late,23:37,2min early,1h 28m,Landed
2025-09-21,QF46,QFA046,Qantas,Melbourne,MEL,YMML,23:05,15:05,23:22,17min late,06:27,12min early,5h 5m,Landed
2025-09-21,VA96,VOZ096,Virgin Australia,Melbourne,MEL,YMML,23:05,15:05,22:59,6min early,06:17,22min early,5h 18m,Landed
2025-09-21,JT3020,,Lion Air,Seoul,ICN,RKSI,23:05,15:05,,,,,7h 5m,
2025-09-21,VA82,VOZ082,Virgin Australia,Gold Coast,OOL,YBCG,23:20,15:20,23:46,26min late,07:03,8min late,5h 16m,Landed
2025-09-21,GA714,GIA714,Garuda Indonesia,Sydney,SYD,YSSY,23:25,15:25,00:02,37min late,07:32,22min late,5h 29m,Landed
2025-09-21,JQ36,JST036,Jetstar Airways,Melbourne,MEL,YMML,23:30,15:30,23:57,27min late,07:17,12min late,5h 20m,Landed
2025-09-21,VA68,VOZ068,Virgin Australia,Sydney,SYD,YSSY,23:35,15:35,23:36,1min late,07:01,43min early,5h 25m,Landed
2025-09-21,JQ94,JST094,Jetstar Airways,Gold Coast,OOL,YBCG,23:45,15:45,00:24,39min late,07:35,20min late,5h 11m,Landed
2025-09-21,QZ420,AWQ420,Indonesia AirAsia,Adelaide,ADL,YPAD,23:45,15:45,00:06,21min late,06:16,8min early,4h 39m,Landed
2025-09-21,KE634,KAL634,Korean Air Lines,Seoul,ICN,RKSI,23:45,15:45,23:51,6min late,07:47,7min early,6h 55m,Landed
2025-09-21,JQ128,JST128,Jetstar Airways,Adelaide,ADL,YPAD,23:55,15:55,00:11,16min late,06:16,6min late,4h 35m,Landed
2025-09-22,BX602,ABL602,Air Busan,Busan,PUS,RKPK,00:05,16:05,00:23,18min late,07:58,11min early,6h 35m,Landed
2025-09-22,GA880,GIA880,Garuda Indonesia,Tokyo,NRT,RJAA,00:20,16:20,00:44,24min late,08:34,15min early,6h 50m,Landed
2025-09-22,MF892,CXA892,Xiamen Airlines,Xiamen,XMN,ZSAM,00:30,16:30,00:38,8min late,06:11,6min late,5h 32m,Landed
2025-09-22,CZ626,CSN626,China Southern Airlines,Guangzhou,CAN,ZGGG,00:30,16:30,00:28,1min early,05:21,28min early,4h 53m,Landed
2025-09-22,QR961,QTR961,Qatar Airways,Doha,DOH,OTHH,00:35,16:35,00:25,10min early,04:27,27min early,9h 2m,Landed
2025-09-22,EK399,UAE399,Emirates,Dubai,DXB,OMDB,00:35,16:35,00:37,2min late,05:14,20min early,8h 37m,Landed
2025-09-22,KE630,KAL630,Korean Air Lines,Seoul,ICN,RKSI,00:50,16:50,01:25,35min late,09:09,10min early,6h 43m,Landed
2025-09-22,MU5030,CES5030,China Eastern Airlines,Shanghai,PVG,ZSPD,00:55,16:55,00:52,2min early,07:49,10min early,6h 56m,Landed
2025-09-22,PR538,PAL538,Philippine Airlines,Manila,MNL,RPLL,00:55,16:55,01:01,6min late,04:42,7min early,3h 41m,Landed
2025-09-22,5J282,CEB282,CEBU Pacific Air,Manila,MNL,RPLL,01:00,17:00,01:11,11min late,04:59,25min early,3h 48m,Landed
2025-09-22,SJ726,,Sriwijaya Air,Makassar,UPG,WAAA,01:00,17:00,,,,,1h 20m,
2025-09-22,QZ548,AWQ548,Indonesia AirAsia,Perth,PER,YPPH,01:05,17:05,01:04,on time,04:39,16min early,3h 34m,Landed
2025-09-22,GA870,GIA870,Garuda Indonesia,Seoul,ICN,RKSI,01:15,17:15,01:21,6min late,09:47,32min late,7h 25m,Landed
2025-09-22,8B5888,TNU5888,Business Air,Manado,MDC,WAMM,01:30,17:30,01:26,3min early,03:37,27min early,2h 10m,Landed
2025-09-22,GA401,GIA401,Garuda Indonesia,Jakarta,CGK,WIII,06:30,22:30,06:47,17min late,07:16,13min early,1h 29m,Landed
2025-09-22,JT746,LNI746,Lion Air,Makassar,UPG,WAAA,07:00,23:00,07:17,17min late,08:18,1min early,1h 1m,Landed
2025-09-22,JT856,,Lion Air,Surabaya,SUB,WARR,07:00,23:00,10:09,9min late,07:01,,1h 1m,Landed
2025-09-22,JT929,LNI929,Lion Air,Surabaya,SUB,WARR,07:00,23:00,07:11,11min late,06:48,11min early,36m,Landed
2025-09-22,JT944,,Lion Air,Makassar,UPG,WAAA,07:00,23:00,,,,,1h 20m,
2025-09-22,JQ82,JST082,Jetstar Airways,Darwin,DRW,YPDN,07:00,23:00,06:59,on time,10:52,22min early,2h 23m,Landed
2025-09-22,QG690,CTV690,Citilink,Surabaya,SUB,WARR,07:05,23:05,07:19,14min late,06:57,7min early,37m,Landed
2025-09-22,QZ534,AWQ534,Indonesia AirAsia,Perth,PER,YPPH,07:05,23:05,07:15,10min late,10:50,9min early,3h 35m,Landed
2025-09-22,QZ644,AWQ644,Indonesia AirAsia,Labuan Bajo,LBJ,WATO,07:10,23:10,07:06,3min early,07:56,18min early,49m,Landed
2025-09-22,SQ949,SIA949,Singapore Airlines,Singapore,SIN,WSSS,07:10,23:10,07:24,14min late,09:34,25min early,2h 9m,Landed
2025-09-22,QZ502,AWQ502,Indonesia AirAsia,Singapore,SIN,WSSS,07:10,23:10,07:23,13min late,09:36,13min early,2h 13m,Landed
2025-09-22,QG663,CTV663,Citilink,Jakarta,CGK,WIII,07:45,23:45,07:42,2min early,08:12,22min early,1h 29m,Landed
2025-09-22,IW3330,WON3330,Wings Air,,,,08:00,00:00,08:07,7min late,10:38,1min early,2h 31m,Landed
2025-09-22,IW1854,WON1854,Wings Air,Lombok,LOP,WADL,08:00,00:00,08:12,12min late,08:37,7min early,24m,Landed
2025-09-22,JT21,LNI021,Lion Air,Jakarta,CGK,WIII,08:05,00:05,08:16,11min late,08:51,8min early,1h 35m,Landed
2025-09-22,HX706,CRK706,Hong Kong Airlines,Hong Kong,HKG,VHHH,08:15,00:15,08:37,22min late,13:35,15min late,4h 58m,Landed
2025-09-22,5J280,CEB280,CEBU Pacific Air,Manila,MNL,RPLL,08:35,00:35,08:33,1min early,12:26,23min early,3h 53m,Landed
2025-09-22,IW1850,WON1850,Wings Air,Lombok,LOP,WADL,08:35,00:35,08:52,17min late,09:16,3min early,24m,Landed
2025-09-22,CZ8482,CSN8482,China Southern Airlines,Guangzhou,CAN,ZGGG,08:40,00:40,09:00,20min late,13:53,3min late,4h 52m,Landed
2025-09-22,QZ504,AWQ504,Indonesia AirAsia,Singapore,SIN,WSSS,09:00,01:00,09:03,3min late,11:16,28min early,2h 13m,Landed
2025-09-22,8B80,TNU080,Business Air,Perth,PER,YPPH,09:05,01:05,09:14,9min late,12:43,11min early,3h 28m,Landed
2025-09-22,8B5105,TNU5105,Business Air,Jakarta,CGK,WIII,09:10,01:10,09:12,2min late,09:42,17min early,1h 29m,Landed
2025-09-22,IN640,LKN640,NAM Air,Tambolaka,TMC,WADT,09:10,01:10,11:51,41min late,12:39,29min late,48m,Landed
2025-09-22,IW1832,WON1832,Wings Air,Tambolaka,TMC,WADT,09:10,01:10,10:00,50min late,11:06,31min late,1h 6m,Landed
2025-09-22,ID6007,BTK6007,Batik Air,Perth,PER,YPPH,09:25,01:25,09:35,10min late,13:00,14min early,3h 25m,Landed
2025-09-22,JT31,,Lion Air,Jakarta,CGK,WIII,09:30,01:30,,,,,1h 55m,Cancelled
2025-09-22,QG500,CTV500,Citilink,Dili,DIL,WPDL,09:30,01:30,09:30,on time,12:11,8min early,1h 40m,Landed
2025-09-22,QZ803,AWQ803,Indonesia AirAsia,Jakarta,CGK,WIII,09:40,01:40,09:42,2min late,10:16,13min early,1h 33m,Landed
2025-09-22,JT3569,LNI3569,Lion Air,Yogyakarta,YIA,WAHI,09:55,01:55,10:21,26min late,10:30,5min late,1h 8m,Landed
2025-09-22,QR965,QTR965,Qatar Airways,Doha,DOH,OTHH,09:55,01:55,09:54,on time,13:54,25min early,9h 0m,Landed
2025-09-22,IW1882,WON1882,Wings Air,Sumbawa Besar,SWQ,WADS,10:00,02:00,10:02,2min late,10:46,13min early,44m,Landed
2025-09-22,AI2146,AIC2146,Air India,Delhi,DEL,VIDP,10:00,02:00,11:30,30min late,15:38,3min late,6h 38m,Landed
2025-09-22,JT270,LNI270,Lion Air,Kupang,KOE,WATT,10:00,02:00,10:04,4min late,11:34,5min early,1h 29m,Landed
2025-09-22,SQ935,SIA935,Singapore Airlines,Singapore,SIN,WSSS,10:05,02:05,10:29,24min late,12:44,on time,2h 14m,Landed
2025-09-22,8B5101,TNU5101,Business Air,Jakarta,CGK,WIII,10:25,02:25,10:32,7min late,11:07,7min early,1h 35m,Landed
2025-09-22,JT33,LNI033,Lion Air,Jakarta,CGK,WIII,10:30,02:30,11:00,30min late,11:32,7min late,1h 31m,Landed
2025-09-22,QZ815,AWQ815,Indonesia AirAsia,Jakarta,CGK,WIII,10:35,02:35,10:39,4min late,11:15,14min early,1h 36m,Landed
2025-09-22,JT805,LNI805,Lion Air,Surabaya,SUB,WARR,10:35,02:35,10:55,20min late,10:37,2min late,41m,Landed
2025-09-22,8G182,DTL182,Mid Africa Aviation,Dili,DIL,WPDL,10:35,02:35,11:43,8min late,14:24,54min late,1h 41m,Landed
2025-09-22,JT927,,Lion Air,Surakarta,SOC,WAHQ,10:40,02:40,,,,,1h 20m,Cancelled
2025-09-22,TR281,TGW281,Scoot,Singapore,SIN,WSSS,10:50,02:50,11:39,49min late,13:50,20min late,2h 10m,Landed
2025-09-22,QG197,CTV197,Citilink,Jakarta,HLP,WIHH,11:10,03:10,11:21,11min late,12:11,11min late,1h 50m,Landed
2025-09-22,JQ126,JST126,Jetstar Airways,Adelaide,ADL,YPAD,11:15,03:15,11:24,9min late,17:24,5min early,4h 29m,Landed
2025-09-22,6E1606,IGO1606,IndiGo,Bangalore,BLR,VOBL,11:20,03:20,11:37,17min late,15:04,5min early,5h 57m,Landed
2025-09-22,QZ780,AWQ780,Indonesia AirAsia,Balikpapan,BPN,WALL,11:25,03:25,11:35,10min late,12:55,9min early,1h 20m,Landed
2025-09-22,JQ109,JST109,Jetstar Airways,Perth,PER,YPPH,11:40,03:40,13:12,32min late,16:31,6min late,3h 18m,Landed
2025-09-22,QG342,CTV342,Citilink,Makassar,UPG,WAAA,11:55,03:55,11:54,on time,13:16,3min early,1h 22m,Landed
2025-09-22,OD192,MXD192,Malindo Air,Kuala Lumpur,KUL,WMKK,11:55,03:55,12:22,27min late,15:01,3min early,2h 38m,Landed
2025-09-22,JQ32,JST032,Jetstar Airways,Melbourne,MEL,YMML,11:55,03:55,11:55,on time,19:19,10min early,5h 24m,Landed
2025-09-22,FD397,AIQ397,Thai AirAsia,Bangkok,DMK,VTBD,12:00,04:00,12:46,46min late,15:49,14min late,4h 2m,Landed
2025-09-22,GA407,GIA407,Garuda Indonesia,Jakarta,CGK,WIII,12:00,04:00,12:05,5min late,12:39,15min early,1h 34m,Landed
2025-09-22,GA253,GIA253,Garuda Indonesia,Yogyakarta,YIA,WAHI,12:05,04:05,12:52,47min late,13:00,5min late,1h 8m,Landed
2025-09-22,SQ937,SIA937,Singapore Airlines,Singapore,SIN,WSSS,12:10,04:10,12:33,23min late,14:43,11min early,2h 9m,Landed
2025-09-22,SJ742,,Sriwijaya Air,Tambolaka,TMC,WADT,12:20,04:20,,,,,1h 0m,
2025-09-22,IN7742,LKN7742,NAM Air,Tambolaka,TMC,WADT,12:20,04:20,12:54,34min late,13:41,21min late,46m,Landed
2025-09-22,JQ40,JST040,Jetstar Airways,Sydney,SYD,YSSY,12:20,04:20,12:15,5min early,20:18,3min late,6h 3m,Landed
2025-09-22,OD178,MXD178,Malindo Air,Kuala Lumpur,KUL,WMKK,12:25,04:25,12:41,16min late,15:20,14min early,2h 39m,Landed
2025-09-22,D7795,XAX795,AirAsia X,Kuala Lumpur,KUL,WMKK,12:30,04:30,12:43,13min late,15:30,14min early,2h 47m,Landed
2025-09-22,IW1848,WON1848,Wings Air,Lombok,LOP,WADL,12:45,04:45,13:22,37min late,13:51,21min late,29m,Landed
2025-09-22,IP103,PAS103,Pelita Air Service,Jakarta,CGK,WIII,12:45,04:45,13:08,23min late,13:36,3min early,1h 28m,Landed
2025-09-22,ID7308,BTK7308,Batik Air,Jakarta,HLP,WIHH,12:50,04:50,13:31,41min late,13:59,24min late,1h 27m,Landed
2025-09-22,8B82,TNU082,Business Air,Perth,PER,YPPH,12:55,04:55,13:00,5min late,16:23,31min early,3h 23m,Landed
2025-09-22,SQ939,SIA939,Singapore Airlines,Singapore,SIN,WSSS,13:05,05:05,13:05,on time,15:14,35min early,2h 9m,Landed
2025-09-22,MH714,MAS714,Malaysia Airlines,Kuala Lumpur,KUL,WMKK,13:05,05:05,13:18,13min late,15:58,11min early,2h 40m,Landed
2025-09-22,JT35,,Lion Air,Jakarta,CGK,WIII,13:10,05:10,,,,,1h 55m,Cancelled
2025-09-22,VJ900,VJC900,VietJet Air,Hanoi,HAN,VVNB,13:10,05:10,13:16,6min late,17:24,4min late,5h 8m,Landed
2025-09-22,OD172,MXD172,Malindo Air,Kuala Lumpur,KUL,WMKK,13:15,05:15,13:27,12min late,16:09,15min early,2h 41m,Landed
2025-09-22,JQ58,JST058,Jetstar Airways,Brisbane,BNE,YBBN,13:15,05:15,13:29,14min late,20:30,14min early,5h 0m,Landed
2025-09-22,IW1834,WON1834,Wings Air,Tambolaka,TMC,WADT,13:20,05:20,15:20,0min late,16:12,27min late,51m,Landed
2025-09-22,GA409,GIA409,Garuda Indonesia,Jakarta,CGK,WIII,13:25,05:25,14:03,38min late,14:32,7min late,1h 28m,Landed
2025-09-22,JT660,LNI660,Lion Air,Balikpapan,BPN,WALL,13:25,05:25,13:41,16min late,14:56,13min early,1h 14m,Landed
2025-09-22,D7799,XAX799,AirAsia X,Kuala Lumpur,KUL,WMKK,13:35,05:35,13:45,10min late,16:24,25min early,2h 38m,Landed
2025-09-22,IW1826,WON1826,Wings Air,Bima,BMU,WADB,13:40,05:40,15:29,49min late,16:40,35min late,1h 11m,Landed
2025-09-22,ID7135,BTK7135,Batik Air,Singapore,SIN,WSSS,13:45,05:45,14:13,28min late,16:33,6min early,2h 20m,Landed
2025-09-22,8B5107,TNU5107,TransNusa,Jakarta,CGK,WIII,13:50,05:50,14:07,17min late,14:41,1min late,1h 33m,Landed
2025-09-22,OD158,MXD158,Malindo Air,Kuala Lumpur,KUL,WMKK,13:50,05:50,14:14,24min late,16:55,4min early,2h 40m,Landed
2025-09-22,JT919,,Lion Air,Surabaya,SUB,WARR,13:55,05:55,,,,,1h 0m,Cancelled
2025-09-22,QG687,CTV687,Citilink,Jakarta,CGK,WIII,13:55,05:55,14:18,23min late,14:31,23min early,1h 13m,Landed
2025-09-22,IW1964,WON1964,Wings Air,Lombok,LOP,WADL,13:55,05:55,15:11,16min late,15:38,58min late,27m,Landed
2025-09-22,TR289,TGW289,Scoot,Singapore,SIN,WSSS,14:00,06:00,15:48,48min late,18:05,5min late,2h 17m,Landed
2025-09-22,JT25,LNI025,Lion Air,Jakarta,CGK,WIII,14:00,06:00,14:24,24min late,14:34,20min early,1h 9m,Landed
2025-09-22,VJ894,VJC894,VietJet Air,Ho Chi Minh City,SGN,VVTS,14:05,06:05,14:16,11min late,16:52,2min early,3h 36m,Landed
2025-09-22,JT569,LNI569,Lion Air,Yogyakarta,YIA,WAHI,14:10,06:10,14:54,44min late,15:03,23min late,1h 8m,Landed
2025-09-22,ID7637,BTK7637,Batik Air,Bangkok,DMK,VTBD,14:15,06:15,14:32,17min late,17:36,8min early,4h 3m,Landed
2025-09-22,QZ246,AWQ246,Indonesia AirAsia,Phuket,HKT,VTSP,14:15,06:15,14:22,7min late,16:53,21min early,3h 31m,Landed
2025-09-22,JT23,,Lion Air,Jakarta,CGK,WIII,14:35,06:35,,,,,1h 55m,Cancelled
2025-09-22,JT740,LNI740,Lion Air,Makassar,UPG,WAAA,14:40,06:40,16:58,18min late,18:05,5min late,1h 7m,Landed
2025-09-22,JT273,LNI273,Lion Air,Semarang,SRG,WIIS,14:40,06:40,16:13,33min late,15:57,52min late,44m,Landed
2025-09-22,QG681,CTV681,Citilink,Jakarta,CGK,WIII,14:40,06:40,15:08,28min late,15:41,6min late,1h 33m,Landed
2025-09-22,IW1884,WON1884,Wings Air,Waingapu,WGP,WADW,14:40,06:40,15:27,47min late,16:57,27min late,1h 29m,Landed
2025-09-22,AK377,AXM377,AirAsia,Kuala Lumpur,KUL,WMKK,14:45,06:45,15:05,20min late,17:49,5min early,2h 44m,Landed
2025-09-22,OD307,MXD307,Malindo Air,Kuala Lumpur,KUL,WMKK,14:50,06:50,16:31,41min late,19:07,17min late,2h 35m,Landed
2025-09-22,JQ44,JST044,Jetstar Airways,Melbourne,MEL,YMML,14:55,06:55,14:51,4min early,22:13,16min early,5h 22m,Landed
2025-09-22,JT924,LNI924,Lion Air,Kupang,KOE,WATT,14:55,06:55,15:17,22min late,16:28,6min early,1h 10m,Landed
2025-09-22,JT844,LNI844,Lion Air,Banjarmasin,BDJ,WAOO,15:00,07:00,15:23,23min late,16:26,1min late,1h 3m,Landed
2025-09-22,8B5103,,Business Air,Jakarta,CGK,WIII,15:10,07:10,10:32,38min early,11:07,47min early,1h 35m,Landed
2025-09-22,VA50,VOZ050,Virgin Australia,Brisbane,BNE,YBBN,15:15,07:15,15:34,19min late,22:42,17min early,5h 8m,Landed
2025-09-22,GA842,GIA842,Garuda Indonesia,Singapore,SIN,WSSS,15:15,07:15,15:40,25min late,17:59,on time,2h 18m,Landed
2025-09-22,VJ898,VJC898,VietJet Air,Ho Chi Minh City,SGN,VVTS,15:30,07:30,15:44,14min late,18:28,8min late,3h 44m,Landed
2025-09-22,CI772,CAL772,China Airlines,Taipei,TPE,RCTP,15:40,07:40,15:55,15min late,22:12,7min late,6h 16m,Landed
2025-09-22,IU703,SJV703,SW Italia,Surabaya,SUB,WARR,15:40,07:40,15:57,17min late,15:39,on time,41m,Landed
2025-09-22,IP109,PAS109,Pelita Air Service,Jakarta,CGK,WIII,15:45,07:45,16:04,19min late,16:33,1min early,1h 28m,Landed
2025-09-22,QZ646,AWQ646,Indonesia AirAsia,Labuan Bajo,LBJ,WATO,15:45,07:45,15:59,14min late,16:51,8min early,51m,Landed
2025-09-22,JQ43,JST043,Jetstar Airways,Singapore,SIN,WSSS,15:50,07:50,15:52,2min late,18:09,20min early,2h 16m,Landed
2025-09-22,VA92,VOZ092,Virgin Australia,Melbourne,MEL,YMML,15:50,07:50,15:48,2min early,23:13,11min early,5h 25m,Landed
2025-09-22,GA411,GIA411,Garuda Indonesia,Jakarta,CGK,WIII,15:55,07:55,16:20,25min late,16:50,9min early,1h 30m,Landed
2025-09-22,ID8335,BTK8335,Batik Air,Labuan Bajo,LBJ,WATO,15:55,07:55,16:43,48min late,17:43,38min late,59m,Landed
2025-09-22,IU368,,SW Italia,Medan,KNO,WIMM,16:00,08:00,,,,,3h 35m,Cancelled
2025-09-22,VN640,HVN640,Vietnam Airlines,Ho Chi Minh City,SGN,VVTS,16:00,08:00,16:18,18min late,18:39,on time,3h 21m,Landed
2025-09-22,SJ717,,Sriwijaya Air,Makassar,UPG,WAAA,16:00,08:00,,,,,1h 20m,
2025-09-22,QG195,CTV195,Citilink,Jakarta,HLP,WIHH,16:10,08:10,16:24,14min late,16:49,10min early,1h 25m,Landed
2025-09-22,CX784,CPA784,Cathay Pacific,Hong Kong,HKG,VHHH,16:10,08:10,15:59,11min early,20:37,47min early,4h 38m,Landed
2025-09-22,QZ807,AWQ807,Indonesia AirAsia,Jakarta,CGK,WIII,16:10,08:10,16:36,26min late,16:47,27min early,1h 11m,Landed
2025-09-22,QZ536,AWQ536,Indonesia AirAsia,Perth,PER,YPPH,16:15,08:15,16:34,19min late,19:54,15min early,3h 20m,Landed
2025-09-22,MH850,MAS850,Malaysia Airlines,Kuala Lumpur,KUL,WMKK,16:25,08:25,16:41,16min late,19:19,15min early,2h 38m,Landed
2025-09-22,BR256,EVA256,EVA Airways,Taipei,TPE,RCTP,16:30,08:30,16:55,25min late,22:37,37min late,5h 42m,Landed
2025-09-22,QG669,CTV669,Citilink,Surabaya,SUB,WARR,16:35,08:35,16:46,11min late,16:30,14min early,44m,Landed
2025-09-22,IU743,SJV743,SW Italia,Jakarta,CGK,WIII,16:35,08:35,17:25,50min late,17:52,22min late,1h 26m,Landed
2025-09-22,JT744,LNI744,Lion Air,Makassar,UPG,WAAA,16:40,08:40,17:59,19min late,19:04,4min late,1h 5m,Landed
2025-09-22,GA7036,GIA7036,Garuda Indonesia,Labuan Bajo,LBJ,WATO,16:50,08:50,17:18,28min late,18:14,14min late,56m,Landed
2025-09-22,HO1356,DKH1356,Juneyao Airlines,Shanghai,PVG,ZSPD,16:50,08:50,16:50,on time,23:06,33min early,6h 15m,Landed
2025-09-22,TG432,THA432,Thai Airways International,Bangkok,BKK,VTBS,16:55,08:55,17:15,20min late,19:52,12min early,3h 37m,Landed
2025-09-22,QZ556,AWQ556,Indonesia AirAsia,Kuala Lumpur,KUL,WMKK,16:55,08:55,17:01,6min late,19:43,26min early,2h 41m,Landed
2025-09-22,IU273,,SW Italia,Pontianak,PNK,WIOO,17:00,09:00,,,,,2h 0m,Cancelled
2025-09-22,ID6335,BTK6335,Batik Air,Labuan Bajo,LBJ,WATO,17:00,09:00,11:58,1min early,12:56,13min early,58m,Landed
2025-09-22,VJ998,VJC998,VietJet Air,Hanoi,HAN,VVNB,17:30,09:30,17:34,4min late,21:25,19min early,4h 51m,Landed
2025-09-22,GA419,GIA419,Garuda Indonesia,Jakarta,CGK,WIII,17:35,09:35,17:43,8min late,18:14,20min early,1h 30m,Landed
2025-09-22,IU759,,SW Italia,Jakarta,CGK,WIII,17:35,09:35,,,,,1h 55m,Cancelled
2025-09-22,GA349,GIA349,Garuda Indonesia,Surabaya,SUB,WARR,17:35,09:35,17:51,16min late,17:15,29min early,24m,Landed
2025-09-22,QZ554,AWQ554,Indonesia AirAsia,Kuala Lumpur,KUL,WMKK,17:40,09:40,17:40,on time,20:20,24min early,2h 40m,Landed
2025-09-22,OD193,MXD193,Malindo Air,Perth,PER,YPPH,18:10,10:10,19:14,4min late,22:37,32min late,3h 22m,Landed
2025-09-22,IN281,LKN281,NAM Air,Jakarta,CGK,WIII,18:30,10:30,22:34,4min late,23:04,54min late,1h 30m,Landed
2025-09-22,GA417,GIA417,Garuda Indonesia,Jakarta,CGK,WIII,18:30,10:30,19:17,47min late,19:42,12min late,1h 25m,Landed
2025-09-22,GA4171,GIA4171,Garuda Indonesia,Jakarta,CGK,WIII,18:39,10:39,18:42,3min late,19:17,4min late,1h 35m,Landed
2025-09-22,JT925,LNI925,Lion Air,Surakarta,SOC,WAHQ,18:40,10:40,19:10,30min late,19:06,6min late,55m,Landed
2025-09-22,CX782,CPA782,Cathay Pacific,Hong Kong,HKG,VHHH,18:45,10:45,19:07,22min late,23:58,6min early,4h 51m,Landed
2025-09-22,ID6415,,Batik Air,Surabaya,SUB,WARR,18:45,10:45,,,,,1h 0m,Cancelled
2025-09-22,8B5109,,Business Air,Jakarta,CGK,WIII,18:45,10:45,,,,,1h 45m,
2025-09-22,EY477,ETD477,Etihad Airways,Abu Dhabi,AUH,OMAA,18:45,10:45,18:45,on time,23:15,14min early,8h 30m,Landed
2025-09-22,QZ809,AWQ809,Indonesia AirAsia,Jakarta,CGK,WIII,18:50,10:50,18:43,6min early,19:16,28min early,1h 32m,Landed
2025-09-22,TG440,THA440,Thai Airways International,Bangkok,BKK,VTBS,19:00,11:00,19:06,6min late,21:58,12min early,3h 51m,Landed
2025-09-22,IU527,SJV527,SW Italia,Manado,MDC,WAMM,19:00,11:00,19:32,32min late,21:47,7min late,2h 15m,Landed
2025-09-22,QG689,CTV689,Citilink,Jakarta,CGK,WIII,19:00,11:00,19:07,7min late,19:37,22min early,1h 29m,Landed
2025-09-22,JT27,LNI027,Lion Air,Jakarta,CGK,WIII,19:05,11:05,20:30,25min late,21:00,0min late,1h 29m,Landed
2025-09-22,AK379,AXM379,AirAsia,Kuala Lumpur,KUL,WMKK,19:15,11:15,19:28,13min late,22:11,8min early,2h 43m,Landed
2025-09-22,MH852,MAS852,Malaysia Airlines,Kuala Lumpur,KUL,WMKK,19:20,11:20,19:20,on time,21:56,23min early,2h 36m,Landed
2025-09-22,QR963,QTR963,Qatar Airways,Doha,DOH,OTHH,19:20,11:20,19:39,19min late,23:26,13min early,8h 46m,Landed
2025-09-22,ID7310,BTK7310,Batik Air,Jakarta,HLP,WIHH,19:25,11:25,19:45,20min late,20:04,5min early,1h 19m,Landed
2025-09-22,QG699,CTV699,Citilink,Surabaya,SUB,WARR,19:30,11:30,19:56,26min late,19:20,19min early,24m,Landed
2025-09-22,JT11,LNI011,Lion Air,Jakarta,CGK,WIII,19:35,11:35,20:25,50min late,20:41,11min late,1h 15m,Landed
2025-09-22,TR287,TGW287,Scoot,Singapore,SIN,WSSS,19:40,11:40,19:53,13min late,22:05,10min early,2h 11m,Landed
2025-09-22,8B969,TNU969,Business Air,Guangzhou,CAN,ZGGG,19:40,11:40,19:49,9min late,00:50,9min early,5h 1m,Landed
2025-09-22,JT923,LNI923,Lion Air,Surabaya,SUB,WARR,19:45,11:45,21:35,50min late,21:20,30min late,45m,Landed
2025-09-22,EK369,UAE369,Emirates,Dubai,DXB,OMDB,19:45,11:45,20:17,32min late,00:38,11min early,8h 20m,Landed
2025-09-22,JT271,LNI271,Lion Air,Semarang,SRG,WIIS,19:50,11:50,20:00,10min late,19:43,31min early,42m,Landed
2025-09-22,ID6413,BTK6413,Batik Air,Surabaya,SUB,WARR,19:50,11:50,20:53,3min late,20:18,28min late,25m,Landed
2025-09-22,GA415,GIA415,Garuda Indonesia,Jakarta,CGK,WIII,20:00,12:00,20:43,43min late,21:14,14min late,1h 30m,Landed
2025-09-22,ID6517,BTK6517,Batik Air,Jakarta,CGK,WIII,20:00,12:00,21:28,28min late,21:39,44min late,1h 11m,Landed
2025-09-22,SQ945,SIA945,Singapore Airlines,Singapore,SIN,WSSS,20:00,12:00,20:20,20min late,22:32,7min early,2h 12m,Landed
2025-09-22,QG9692,,Citilink,Surabaya,SUB,WARR,20:20,12:20,,,,,1h 10m,
2025-09-22,KL836,KLM836,KLM Royal Dutch Airlines,Singapore,SIN,WSSS,20:35,12:35,21:21,46min late,23:28,18min late,2h 7m,Landed
2025-09-22,GA463,GIA463,Garuda Indonesia,Jakarta,HLP,WIHH,20:40,12:40,20:51,11min late,22:13,38min late,2h 22m,Landed
2025-09-22,OD177,MXD177,Malindo Air,Melbourne,MEL,YMML,21:00,13:00,23:30,30min late,06:53,13min late,5h 23m,Landed
2025-09-22,JQ107,JST107,Jetstar Airways,Perth,PER,YPPH,21:10,13:10,20:59,11min early,00:18,36min early,3h 19m,Landed
2025-09-22,GA425,GIA425,Garuda Indonesia,Jakarta,CGK,WIII,21:15,13:15,21:33,18min late,22:10,,1h 55m,Landed
2025-09-22,JQ34,JST034,Jetstar Airways,Melbourne,MEL,YMML,21:20,13:20,21:58,38min late,05:21,26min late,5h 22m,Landed
2025-09-22,OD171,MXD171,Malindo Air,Sydney,SYD,YSSY,21:20,13:20,21:54,34min late,06:06,41min late,6h 11m,Landed
2025-09-22,TK67,THY067,Turkish Airlines,Istanbul,IST,LTFM,21:20,13:20,21:13,6min early,04:14,0min early,12h 1m,Landed
2025-09-22,AK375,AXM375,AirAsia,Kuala Lumpur,KUL,WMKK,21:25,13:25,22:09,44min late,00:46,16min late,2h 36m,Landed
2025-09-22,ID6760,BTK6760,Batik Air,Makassar,UPG,WAAA,21:30,13:30,21:37,7min late,22:35,14min early,57m,Landed
2025-09-22,JQ117,JST117,Jetstar Airways,Perth,PER,YPPH,21:30,13:30,22:51,21min late,02:06,46min late,3h 15m,Landed
2025-09-22,JT15,,Lion Air,Jakarta,CGK,WIII,21:30,13:30,,,,,1h 55m,Cancelled
2025-09-22,SQ947,SIA947,Singapore Airlines,Singapore,SIN,WSSS,21:35,13:35,21:48,13min late,23:58,6min early,2h 10m,Landed
2025-09-22,IP105,PAS105,Pelita Air Service,Jakarta,CGK,WIII,21:40,13:40,21:42,2min late,22:11,18min early,1h 28m,Landed
2025-09-22,QZ819,AWQ819,Indonesia AirAsia,Jakarta,CGK,WIII,21:40,13:40,21:41,1min late,23:14,44min late,2h 33m,Landed
2025-09-22,QZ546,AWQ546,Indonesia AirAsia,Perth,PER,YPPH,21:55,13:55,22:13,18min late,01:37,2min early,3h 23m,Landed
2025-09-22,GA718,GIA718,Garuda Indonesia,Melbourne,MEL,YMML,22:05,14:05,22:16,11min late,05:39,9min late,5h 23m,Landed
2025-09-22,JQ60,JST060,Jetstar Airways,Brisbane,BNE,YBBN,22:10,14:10,22:30,20min late,05:27,12min early,4h 57m,Landed
2025-09-22,QF44,QFA044,Qantas,Sydney,SYD,YSSY,22:10,14:10,22:19,9min late,06:01,3min early,5h 41m,Landed
2025-09-22,SV857,SVA857,Saudi Arabian Airlines,Singapore,SIN,WSSS,22:15,14:15,22:22,7min late,00:28,16min early,2h 6m,Landed
2025-09-22,IN2801,,NAM Air,Jakarta,CGK,WIII,22:25,14:25,,,,,1h 40m,
2025-09-22,JQ38,JST038,Jetstar Airways,Sydney,SYD,YSSY,22:35,14:35,22:38,3min late,06:11,18min early,5h 33m,Landed
2025-09-22,7C2712,JJA2712,Jeju Air,Seoul,ICN,RKSI,22:45,14:45,23:03,18min late,07:20,10min late,7h 16m,Landed
2025-09-22,QZ811,AWQ811,Indonesia AirAsia,Jakarta,CGK,WIII,22:50,14:50,22:59,9min late,23:40,on time,1h 41m,Landed
2025-09-22,VA96,VOZ096,Virgin Australia,Melbourne,MEL,YMML,23:05,15:05,23:06,on time,06:36,3min early,5h 30m,Landed
2025-09-22,QF46,QFA046,Qantas,Melbourne,MEL,YMML,23:05,15:05,23:07,2min late,06:32,8min early,5h 24m,Landed
2025-09-22,VA82,VOZ082,Virgin Australia,Gold Coast,OOL,YBCG,23:20,15:20,23:48,28min late,06:51,3min early,5h 2m,Landed
2025-09-22,GA714,GIA714,Garuda Indonesia,Sydney,SYD,YSSY,23:25,15:25,23:44,19min late,07:15,5min late,5h 30m,Landed
2025-09-22,JQ91,JST091,Jetstar Airways,Cairns,CNS,YBCS,23:30,15:30,23:39,9min late,05:48,11min early,4h 8m,Landed
2025-09-22,JQ36,JST036,Jetstar Airways,Melbourne,MEL,YMML,23:30,15:30,23:50,20min late,07:10,5min late,5h 20m,Landed
2025-09-22,VA68,VOZ068,Virgin Australia,Sydney,SYD,YSSY,23:35,15:35,23:57,22min late,07:25,19min early,5h 27m,Landed
2025-09-22,QZ420,AWQ420,Indonesia AirAsia,Adelaide,ADL,YPAD,23:45,15:45,00:15,30min late,06:37,12min late,4h 52m,Landed
2025-09-22,KE634,KAL634,Korean Air Lines,Seoul,ICN,RKSI,23:45,15:45,23:54,9min late,07:56,1min late,7h 2m,Landed
2025-09-22,JQ128,JST128,Jetstar Airways,Adelaide,ADL,YPAD,23:55,15:55,23:59,4min late,06:08,1min early,4h 38m,Landed
2025-09-23,BX602,ABL602,Air Busan,Busan,PUS,RKPK,00:05,16:05,00:23,18min late,07:58,11min early,6h 35m,Landed
2025-09-23,GA880,GIA880,Garuda Indonesia,Tokyo,NRT,RJAA,00:20,16:20,00:28,8min late,08:51,1min late,7h 22m,Landed
2025-09-23,QZ548,AWQ548,Indonesia AirAsia,Perth,PER,YPPH,00:25,16:25,00:17,8min early,03:49,25min early,3h 32m,Landed
2025-09-23,CZ626,,China Southern Airlines,Guangzhou,CAN,ZGGG,00:30,16:30,00:30,on time,05:20,29min early,4h 50m,Landed
2025-09-23,MF892,CXA892,Xiamen Airlines,Xiamen,XMN,ZSAM,00:30,16:30,01:28,58min late,06:53,48min late,5h 25m,Landed
2025-09-23,QR961,QTR961,Qatar Airways,Doha,DOH,OTHH,00:35,16:35,01:01,26min late,05:04,9min late,9h 3m,Landed
2025-09-23,EK399,UAE399,Emirates,Dubai,DXB,OMDB,00:35,16:35,00:27,8min early,05:14,20min early,8h 47m,Landed
2025-09-23,KE630,KAL630,Korean Air Lines,Seoul,ICN,RKSI,00:50,16:50,01:18,28min late,09:05,14min early,6h 46m,Landed
2025-09-23,MU5030,CES5030,China Eastern Airlines,Shanghai,PVG,ZSPD,00:55,16:55,01:43,48min late,08:36,41min late,6h 53m,Landed
2025-09-23,PR538,PAL538,Philippine Airlines,Manila,MNL,RPLL,00:55,16:55,01:13,18min late,04:54,4min late,3h 40m,Landed
2025-09-23,SJ726,,Sriwijaya Air,Makassar,UPG,WAAA,01:00,17:00,,,,,1h 20m,
2025-09-23,5J282,CEB282,CEBU Pacific Air,Manila,MNL,RPLL,01:00,17:00,01:11,11min late,04:59,25min early,3h 48m,Landed
2025-09-23,QZ548,AWQ548,Indonesia AirAsia,Perth,PER,YPPH,01:05,17:05,01:04,on time,04:39,16min early,3h 34m,Landed
2025-09-23,GA870,GIA870,Garuda Indonesia,Seoul,ICN,RKSI,01:15,17:15,01:21,6min late,09:16,1min late,6h 55m,Landed
2025-09-23,8B5888,,TransNusa,Manado,MDC,WAMM,01:30,17:30,,,,,2h 35m,
2025-09-23,JT746,LNI746,Lion Air,Makassar,UPG,WAAA,07:00,23:00,07:17,17min late,08:22,2min late,1h 5m,Landed
2025-09-23,GA401,GIA401,Garuda Indonesia,Jakarta,CGK,WIII,07:00,23:00,07:13,13min late,07:29,30min early,1h 16m,Landed
2025-09-23,JT944,,Lion Air,Makassar,UPG,WAAA,07:00,23:00,,,,,1h 20m,
2025-09-23,JT929,LNI929,Lion Air,Surabaya,SUB,WARR,07:00,23:00,07:07,7min late,06:43,16min early,35m,Landed
2025-09-23,QZ550,AWQ550,Indonesia AirAsia,Kuala Lumpur,KUL,WMKK,07:00,23:00,08:07,7min late,10:46,46min late,2h 38m,Landed
2025-09-23,JT856,,Lion Air,Surabaya,SUB,WARR,07:00,23:00,,,,,1h 1m,
2025-09-23,QG690,CTV690,Citilink,Surabaya,SUB,WARR,07:05,23:05,07:11,6min late,06:47,17min early,36m,Landed
2025-09-23,QZ534,AWQ534,Indonesia AirAsia,Perth,PER,YPPH,07:05,23:05,07:06,1min late,10:31,28min early,3h 25m,Landed
2025-09-23,QZ644,AWQ644,Indonesia AirAsia,Labuan Bajo,LBJ,WATO,07:10,23:10,07:56,46min late,08:45,30min late,49m,Landed
2025-09-23,QZ502,AWQ502,Indonesia AirAsia,Singapore,SIN,WSSS,07:10,23:10,07:19,9min late,09:36,13min early,2h 16m,Landed
2025-09-23,SQ949,SIA949,Singapore Airlines,Singapore,SIN,WSSS,07:10,23:10,07:22,12min late,09:35,24min early,2h 12m,Landed
2025-09-23,QG663,CTV663,Citilink,Jakarta,CGK,WIII,07:45,23:45,07:48,3min late,08:23,11min early,1h 35m,Landed
2025-09-23,IW1854,WON1854,Wings Air,Lombok,LOP,WADL,08:00,00:00,08:19,19min late,08:43,1min early,24m,Landed
2025-09-23,JT21,,Lion Air,Jakarta,CGK,WIII,08:05,00:05,,,,,1h 55m,Cancelled
2025-09-23,HX706,CRK706,Hong Kong Airlines,Hong Kong,HKG,VHHH,08:15,00:15,08:29,14min late,13:19,on time,4h 49m,Landed
2025-09-23,IW1850,WON1850,Wings Air,Lombok,LOP,WADL,08:35,00:35,09:11,36min late,09:34,14min late,23m,Landed
2025-09-23,5J280,CEB280,CEBU Pacific Air,Manila,MNL,RPLL,08:35,00:35,08:51,16min late,12:59,9min late,4h 8m,Landed
2025-09-23,CZ8482,CSN8482,China Southern Airlines,Guangzhou,CAN,ZGGG,08:40,00:40,09:20,40min late,14:15,25min late,4h 55m,Landed
2025-09-23,8B80,TNU080,Business Air,Perth,PER,YPPH,09:05,01:05,09:04,on time,12:34,20min early,3h 30m,Landed
2025-09-23,IN640,LKN640,NAM Air,Tambolaka,TMC,WADT,09:10,01:10,11:39,29min late,12:26,16min late,47m,Landed
2025-09-23,8B5105,TNU5105,Business Air,Jakarta,CGK,WIII,09:10,01:10,09:06,3min early,09:40,19min early,1h 33m,Landed
2025-09-23,IW1832,,Wings Air,Tambolaka,TMC,WADT,09:10,01:10,,,,,1h 25m,Cancelled
2025-09-23,IW1856,WON1856,Wings Air,Lombok,LOP,WADL,09:10,01:10,09:15,5min late,09:39,15min early,24m,Landed
2025-09-23,ID6007,BTK6007,Batik Air,Perth,PER,YPPH,09:25,01:25,09:41,16min late,13:09,5min early,3h 27m,Landed
2025-09-23,JT31,LNI031,Lion Air,Jakarta,CGK,WIII,09:30,01:30,11:32,2min late,12:03,38min late,1h 30m,Landed
2025-09-23,QG500,CTV500,Citilink,Dili,DIL,WPDL,09:30,01:30,09:27,2min early,12:07,12min early,1h 39m,Landed
2025-09-23,QZ803,AWQ803,Indonesia AirAsia,Jakarta,CGK,WIII,09:40,01:40,09:45,5min late,10:29,on time,1h 44m,Landed
2025-09-23,QR965,QTR965,Qatar Airways,Doha,DOH,OTHH,09:55,01:55,10:11,16min late,14:09,10min early,8h 58m,Landed
2025-09-23,JT3569,LNI3569,Lion Air,Yogyakarta,YIA,WAHI,09:55,01:55,09:52,2min early,10:03,21min early,1h 11m,Landed
2025-09-23,IW1882,WON1882,Wings Air,Sumbawa Besar,SWQ,WADS,10:00,02:00,10:19,19min late,11:06,6min late,46m,Landed
2025-09-23,JT270,LNI270,Lion Air,Kupang,KOE,WATT,10:00,02:00,10:28,28min late,11:52,12min late,1h 24m,Landed
2025-09-23,AI2146,AIC2146,Air India,Delhi,DEL,VIDP,10:00,02:00,10:12,12min late,14:57,37min early,7h 14m,Landed
2025-09-23,SQ935,SIA935,Singapore Airlines,Singapore,SIN,WSSS,10:05,02:05,10:17,12min late,12:29,15min early,2h 11m,Landed
2025-09-23,8B5101,TNU5101,Business Air,Jakarta,CGK,WIII,10:25,02:25,10:35,10min late,11:07,7min early,1h 31m,Landed
2025-09-23,JT33,LNI033,Lion Air,Jakarta,CGK,WIII,10:30,02:30,14:21,51min late,14:50,25min late,1h 29m,Landed
2025-09-23,JT805,,Lion Air,Surabaya,SUB,WARR,10:35,02:35,,,,,1h 0m,Cancelled
2025-09-23,8G182,DTL182,Mid Africa Aviation,Dili,DIL,WPDL,10:35,02:35,11:09,34min late,13:54,24min late,1h 44m,Landed
2025-09-23,TR281,TGW281,Scoot,Singapore,SIN,WSSS,10:50,02:50,10:57,7min late,13:14,15min early,2h 16m,Landed
2025-09-23,QG197,CTV197,Citilink,Jakarta,HLP,WIHH,11:10,03:10,11:44,34min late,12:12,12min late,1h 28m,Landed
2025-09-23,6E1606,IGO1606,IndiGo,Bangalore,BLR,VOBL,11:20,03:20,11:10,9min early,14:44,25min early,6h 4m,Landed
2025-09-23,QZ780,AWQ780,Indonesia AirAsia,Balikpapan,BPN,WALL,11:25,03:25,11:30,5min late,12:53,11min early,1h 23m,Landed
2025-09-23,JQ111,JST111,Jetstar Airways,Perth,PER,YPPH,11:30,03:30,11:41,11min late,15:15,on time,3h 34m,Landed
2025-09-23,JQ109,JST109,Jetstar Airways,Perth,PER,YPPH,11:40,03:40,11:41,on time,14:59,25min early,3h 18m,Landed
2025-09-23,QG342,CTV342,Citilink,Makassar,UPG,WAAA,11:55,03:55,11:56,1min late,13:18,1min early,1h 22m,Landed
2025-09-23,OD192,MXD192,Malindo Air,Kuala Lumpur,KUL,WMKK,11:55,03:55,13:01,6min late,15:53,48min late,2h 52m,Landed
2025-09-23,JQ40,JST040,Jetstar Airways,Sydney,SYD,YSSY,11:55,03:55,12:00,5min late,19:31,18min early,5h 31m,Landed
2025-09-23,JQ32,JST032,Jetstar Airways,Melbourne,MEL,YMML,11:55,03:55,12:17,22min late,19:35,5min late,5h 18m,Landed
2025-09-23,FD397,AIQ397,Thai AirAsia,Bangkok,DMK,VTBD,12:00,04:00,12:22,22min late,15:24,10min early,4h 1m,Landed
2025-09-23,GA407,GIA407,Garuda Indonesia,Jakarta,CGK,WIII,12:00,04:00,12:12,12min late,12:43,11min early,1h 31m,Landed
2025-09-23,GA253,GIA253,Garuda Indonesia,Yogyakarta,YIA,WAHI,12:05,04:05,12:26,21min late,12:37,18min early,1h 10m,Landed
2025-09-23,QZ540,AWQ540,Indonesia AirAsia,Darwin,DRW,YPDN,12:05,04:05,12:38,33min late,16:33,18min late,2h 24m,Landed
2025-09-23,SQ937,SIA937,Singapore Airlines,Singapore,SIN,WSSS,12:10,04:10,12:20,10min late,14:36,18min early,2h 15m,Landed
2025-09-23,OD178,MXD178,Malindo Air,Kuala Lumpur,KUL,WMKK,12:25,04:25,13:57,32min late,16:46,11min late,2h 49m,Landed
2025-09-23,D7795,XAX795,AirAsia X,Kuala Lumpur,KUL,WMKK,12:30,04:30,12:29,on time,15:12,32min early,2h 43m,Landed
2025-09-23,QZ805,AWQ805,Indonesia AirAsia,Jakarta,CGK,WIII,12:40,04:40,13:33,53min late,13:59,19min late,1h 26m,Landed
2025-09-23,IW1848,WON1848,Wings Air,Lombok,LOP,WADL,12:45,04:45,12:50,5min late,13:19,10min early,29m,Landed
2025-09-23,IP103,PAS103,Pelita Air Service,Jakarta,CGK,WIII,12:45,04:45,13:04,19min late,13:31,8min early,1h 27m,Landed
2025-09-23,ID7308,BTK7308,Batik Air,Jakarta,HLP,WIHH,12:50,04:50,13:20,30min late,13:46,11min late,1h 25m,Landed
2025-09-23,8B82,TNU082,Business Air,Perth,PER,YPPH,12:55,04:55,12:59,4min late,16:18,36min early,3h 19m,Landed
2025-09-23,MH714,MAS714,Malaysia Airlines,Kuala Lumpur,KUL,WMKK,13:05,05:05,14:10,5min late,17:00,50min late,2h 50m,Landed
2025-09-23,SQ939,SIA939,Singapore Airlines,Singapore,SIN,WSSS,13:05,05:05,13:24,19min late,15:36,13min early,2h 12m,Landed
2025-09-23,VJ900,VJC900,VietJet Air,Hanoi,HAN,VVNB,13:10,05:10,13:17,7min late,17:04,15min early,4h 46m,Landed
2025-09-23,JT35,,Lion Air,Jakarta,CGK,WIII,13:10,05:10,,,,,1h 55m,Cancelled
2025-09-23,JQ58,JST058,Jetstar Airways,Brisbane,BNE,YBBN,13:15,05:15,13:31,16min late,20:28,16min early,4h 56m,Landed
2025-09-23,IW1834,WON1834,Wings Air,Tambolaka,TMC,WADT,13:20,05:20,14:05,45min late,15:19,34min late,1h 14m,Landed
2025-09-23,JT660,LNI660,Lion Air,Balikpapan,BPN,WALL,13:25,05:25,13:36,11min late,14:54,15min early,1h 18m,Landed
2025-09-23,GA409,GIA409,Garuda Indonesia,Jakarta,CGK,WIII,13:30,05:30,14:29,59min late,15:02,37min late,1h 33m,Landed
2025-09-23,D7799,XAX799,AirAsia X,Kuala Lumpur,KUL,WMKK,13:35,05:35,13:47,12min late,16:36,13min early,2h 48m,Landed
2025-09-23,IW1826,WON1826,Wings Air,Bima,BMU,WADB,13:40,05:40,15:01,21min late,16:08,3min late,1h 7m,Landed
2025-09-23,8B5107,TNU5107,Business Air,Jakarta,CGK,WIII,13:50,05:50,14:32,42min late,15:05,25min late,1h 33m,Landed
2025-09-23,QZ544,AWQ544,Indonesia AirAsia,Perth,PER,YPPH,13:55,05:55,14:13,18min late,17:45,9min early,3h 31m,Landed
2025-09-23,JT919,LNI919,Lion Air,Surabaya,SUB,WARR,13:55,05:55,14:23,28min late,14:16,21min late,52m,Landed
2025-09-23,IW1964,WON1964,Wings Air,Lombok,LOP,WADL,13:55,05:55,15:19,24min late,15:47,7min late,27m,Landed
2025-09-23,JT25,LNI025,Lion Air,Jakarta,CGK,WIII,14:00,06:00,15:42,42min late,16:29,34min late,1h 46m,Landed
2025-09-23,TR289,TGW289,Scoot,Singapore,SIN,WSSS,14:00,06:00,14:40,40min late,16:56,3min early,2h 16m,Landed
2025-09-23,VJ894,VJC894,VietJet Air,Ho Chi Minh City,SGN,VVTS,14:05,06:05,14:18,13min late,16:40,14min early,3h 22m,Landed
2025-09-23,ID8517,BTK8517,Batik Air,Jakarta,CGK,WIII,14:10,06:10,15:11,1min late,15:44,39min late,1h 33m,Landed
2025-09-23,JT569,LNI569,Lion Air,Yogyakarta,YIA,WAHI,14:10,06:10,14:42,32min late,14:36,3min early,53m,Landed
2025-09-23,QG687,CTV687,Citilink,Jakarta,CGK,WIII,14:10,06:10,14:36,26min late,15:09,on time,1h 32m,Landed
2025-09-23,ID7637,BTK7637,Batik Air,Bangkok,DMK,VTBD,14:15,06:15,14:46,31min late,17:53,8min late,4h 7m,Landed
2025-09-23,JT23,,Lion Air,Jakarta,CGK,WIII,14:35,06:35,,,,,1h 55m,Cancelled
2025-09-23,JT740,LNI740,Lion Air,Makassar,UPG,WAAA,14:40,06:40,15:38,58min late,16:43,43min late,1h 5m,Landed
2025-09-23,IW1884,WON1884,Wings Air,Waingapu,WGP,WADW,14:40,06:40,14:57,17min late,16:18,11min early,1h 21m,Landed
2025-09-23,QG681,CTV681,Citilink,Jakarta,CGK,WIII,14:40,06:40,15:09,29min late,15:38,3min late,1h 28m,Landed
2025-09-23,AK377,AXM377,AirAsia,Kuala Lumpur,KUL,WMKK,14:45,06:45,16:46,1min late,19:30,35min late,2h 44m,Landed
2025-09-23,OD307,MXD307,Malindo Air,Kuala Lumpur,KUL,WMKK,14:50,06:50,14:52,2min late,17:32,17min early,2h 40m,Landed
2025-09-23,JQ44,JST044,Jetstar Airways,Melbourne,MEL,YMML,14:55,06:55,14:51,4min early,22:23,6min early,5h 32m,Landed
2025-09-23,JT844,LNI844,Lion Air,Banjarmasin,BDJ,WAOO,15:00,07:00,15:27,27min late,16:33,8min late,1h 5m,Landed
2025-09-23,8B5103,,TransNusa,Jakarta,CGK,WIII,15:10,07:10,,,,,1h 45m,
2025-09-23,VA50,VOZ050,Virgin Australia,Brisbane,BNE,YBBN,15:15,07:15,15:55,40min late,22:53,6min early,4h 58m,Landed
2025-09-23,GA842,GIA842,Garuda Indonesia,Singapore,SIN,WSSS,15:15,07:15,15:25,10min late,17:41,18min early,2h 15m,Landed
2025-09-23,OD172,MXD172,Malindo Air,Kuala Lumpur,KUL,WMKK,15:20,07:20,15:34,14min late,18:13,16min early,2h 39m,Landed
2025-09-23,VJ898,VJC898,VietJet Air,Ho Chi Minh City,SGN,VVTS,15:30,07:30,15:24,6min early,17:45,34min early,3h 21m,Landed
2025-09-23,CI772,CAL772,China Airlines,Taipei,TPE,RCTP,15:40,07:40,00:18,38min late,05:24,19min late,5h 6m,Landed
2025-09-23,IU703,SJV703,SW Italia,Surabaya,SUB,WARR,15:40,07:40,16:03,23min late,15:45,5min late,42m,Landed
2025-09-23,IP109,PAS109,Pelita Air Service,Jakarta,CGK,WIII,15:45,07:45,15:46,1min late,16:21,13min early,1h 34m,Landed
2025-09-23,QZ646,AWQ646,Indonesia AirAsia,Labuan Bajo,LBJ,WATO,15:45,07:45,15:49,4min late,16:45,14min early,55m,Landed
2025-09-23,JQ43,JST043,Jetstar Airways,Singapore,SIN,WSSS,15:50,07:50,16:09,19min late,18:21,8min early,2h 12m,Landed
2025-09-23,VA92,VOZ092,Virgin Australia,Melbourne,MEL,YMML,15:50,07:50,15:59,9min late,23:10,14min early,5h 11m,Landed
2025-09-23,GA411,GIA411,Garuda Indonesia,Jakarta,CGK,WIII,15:55,07:55,16:17,22min late,16:48,11min early,1h 31m,Landed
2025-09-23,ID8335,BTK8335,Batik Air,Labuan Bajo,LBJ,WATO,15:55,07:55,16:11,16min late,17:04,on time,53m,Landed
2025-09-23,VN640,HVN640,Vietnam Airlines,Ho Chi Minh City,SGN,VVTS,16:00,08:00,16:04,4min late,18:27,12min early,3h 22m,Landed
2025-09-23,QZ807,AWQ807,Indonesia AirAsia,Jakarta,CGK,WIII,16:10,08:10,16:26,16min late,16:56,18min early,1h 30m,Landed
2025-09-23,QG195,CTV195,Citilink,Jakarta,HLP,WIHH,16:10,08:10,16:19,9min late,16:51,8min early,1h 31m,Landed
2025-09-23,CX784,,Cathay Pacific,Hong Kong,HKG,VHHH,16:10,08:10,,,,,5h 15m,Cancelled
2025-09-23,QZ536,AWQ536,Indonesia AirAsia,Perth,PER,YPPH,16:15,08:15,16:13,1min early,19:47,22min early,3h 33m,Landed
2025-09-23,MH850,MAS850,Malaysia Airlines,Kuala Lumpur,KUL,WMKK,16:25,08:25,16:57,32min late,19:45,10min late,2h 47m,Landed
2025-09-23,BR256,EVA256,EVA Airways,Taipei,TPE,RCTP,16:30,08:30,17:46,16min late,22:49,49min late,5h 3m,Landed
2025-09-23,IU743,SJV743,SW Italia,Jakarta,CGK,WIII,16:35,08:35,17:35,0min late,18:07,37min late,1h 31m,Landed
2025-09-23,QG669,CTV669,Citilink,Surabaya,SUB,WARR,16:35,08:35,16:33,1min early,16:15,29min early,41m,Landed
2025-09-23,JT744,,Lion Air,Makassar,UPG,WAAA,16:40,08:40,,,,,1h 20m,Cancelled
2025-09-23,QZ246,AWQ246,Indonesia AirAsia,Phuket,HKT,VTSP,16:40,08:40,16:52,12min late,19:25,14min early,3h 32m,Landed
2025-09-23,HO1356,,Juneyao Airlines,Shanghai,PVG,ZSPD,16:50,08:50,,,,,6h 50m,
2025-09-23,TG432,THA432,Thai Airways International,Bangkok,BKK,VTBS,16:55,08:55,16:54,on time,19:36,28min early,3h 41m,Landed
2025-09-23,QZ556,AWQ556,Indonesia AirAsia,Kuala Lumpur,KUL,WMKK,16:55,08:55,18:33,38min late,21:13,3min late,2h 40m,Landed
2025-09-23,ID6335,BTK6335,Batik Air,Labuan Bajo,LBJ,WATO,17:00,09:00,11:55,4min early,12:51,18min early,55m,Landed
2025-09-23,IU273,,SW Italia,Pontianak,PNK,WIOO,17:00,09:00,,,,,2h 0m,Cancelled
2025-09-23,VJ998,VJC998,VietJet Air,Hanoi,HAN,VVNB,17:30,09:30,17:27,2min early,21:09,35min early,4h 42m,Landed
2025-09-23,IU759,,SW Italia,Jakarta,CGK,WIII,17:35,09:35,,,,,1h 55m,Cancelled
2025-09-23,GA419,GIA419,Garuda Indonesia,Jakarta,CGK,WIII,17:35,09:35,17:53,18min late,18:26,9min early,1h 32m,Landed
2025-09-23,GA349,GIA349,Garuda Indonesia,Surabaya,SUB,WARR,17:35,09:35,17:49,14min late,17:40,4min early,50m,Landed
2025-09-23,IN281,,NAM Air,Jakarta,CGK,WIII,17:45,09:45,,,,,1h 40m,
2025-09-23,NZ291,ANZ291,Air New Zealand,Auckland,AKL,NZAA,17:50,09:50,17:51,on time,05:15,14min early,7h 24m,Landed
2025-09-23,OD193,MXD193,Malindo Air,Perth,PER,YPPH,18:10,10:10,18:35,25min late,21:47,17min early,3h 12m,Landed
2025-09-23,IN283,LKN283,NAM Air,Jakarta,CGK,WIII,18:30,10:30,19:16,46min late,19:49,39min late,1h 33m,Landed
2025-09-23,GA417,GIA417,Garuda Indonesia,Jakarta,CGK,WIII,18:30,10:30,19:14,44min late,19:27,2min early,1h 13m,Landed
2025-09-23,SL259,TLM259,Thai Lion Air,Bangkok,DMK,VTBD,18:40,10:40,19:00,20min late,22:00,on time,3h 59m,Landed
2025-09-23,JT925,LNI925,Lion Air,Surakarta,SOC,WAHQ,18:40,10:40,18:57,17min late,18:54,5min early,57m,Landed
2025-09-23,CX782,,Cathay Pacific,Hong Kong,HKG,VHHH,18:45,10:45,,,,,5h 20m,Cancelled
2025-09-23,EY477,ETD477,Etihad Airways,Abu Dhabi,AUH,OMAA,18:45,10:45,18:43,2min early,23:16,13min early,8h 33m,Landed
2025-09-23,8B5109,TNU5109,TransNusa,Jakarta,CGK,WIII,18:45,10:45,21:10,25min late,21:37,7min late,1h 26m,Landed
2025-09-23,ID6415,,Batik Air,Surabaya,SUB,WARR,18:45,10:45,,,,,1h 0m,Cancelled
2025-09-23,TG440,THA440,Thai Airways International,Bangkok,BKK,VTBS,19:00,11:00,19:03,3min late,22:02,7min early,3h 58m,Landed
2025-09-23,QG689,CTV689,Citilink,Jakarta,CGK,WIII,19:00,11:00,19:05,5min late,19:37,22min early,1h 32m,Landed
2025-09-23,JT27,LNI027,Lion Air,Jakarta,CGK,WIII,19:05,11:05,19:21,16min late,19:36,23min early,1h 14m,Landed
2025-09-23,AK379,AXM379,AirAsia,Kuala Lumpur,KUL,WMKK,19:15,11:15,19:39,24min late,22:28,8min late,2h 48m,Landed
2025-09-23,MH852,MAS852,Malaysia Airlines,Kuala Lumpur,KUL,WMKK,19:20,11:20,19:29,9min late,22:12,7min early,2h 42m,Landed
2025-09-23,QR963,QTR963,Qatar Airways,Doha,DOH,OTHH,19:20,11:20,19:52,32min late,23:50,10min late,8h 58m,Landed
2025-09-23,ID7310,BTK7310,Batik Air,Jakarta,HLP,WIHH,19:25,11:25,19:58,33min late,20:23,13min late,1h 24m,Landed
2025-09-23,GA495,GIA495,Garuda Indonesia,Jakarta,CGK,WIII,19:30,11:30,20:06,36min late,20:16,13min early,1h 9m,Landed
2025-09-23,QG699,CTV699,Citilink,Surabaya,SUB,WARR,19:30,11:30,19:18,11min early,18:43,56min early,25m,Landed
2025-09-23,JT11,LNI011,Lion Air,Jakarta,CGK,WIII,19:35,11:35,22:04,29min late,22:15,55min late,1h 10m,Landed
2025-09-23,TR287,TGW287,Scoot,Singapore,SIN,WSSS,19:40,11:40,20:16,36min late,22:26,11min late,2h 9m,Landed
2025-09-23,8B969,,TransNusa,Guangzhou,CAN,ZGGG,19:40,11:40,,,,,5h 20m,
2025-09-23,EK369,UAE369,Emirates,Dubai,DXB,OMDB,19:45,11:45,19:36,9min early,00:41,8min early,9h 5m,Landed
2025-09-23,JT923,,Lion Air,Surabaya,SUB,WARR,19:45,11:45,,,,,1h 0m,Cancelled
2025-09-23,JT271,LNI271,Lion Air,Semarang,SRG,WIIS,19:50,11:50,20:26,36min late,20:25,10min late,58m,Landed
2025-09-23,ID6413,BTK6413,Batik Air,Surabaya,SUB,WARR,19:50,11:50,20:24,34min late,20:09,19min late,45m,Landed
2025-09-23,SQ945,SIA945,Singapore Airlines,Singapore,SIN,WSSS,20:00,12:00,20:19,19min late,22:30,9min early,2h 10m,Landed
2025-09-23,GA415,GIA415,Garuda Indonesia,Jakarta,CGK,WIII,20:00,12:00,20:56,56min late,21:10,10min late,1h 14m,Landed
2025-09-23,QG9692,CTV9692,Citilink,Surabaya,SUB,WARR,20:20,12:20,20:30,10min late,20:12,17min early,42m,Landed
2025-09-23,KL836,KLM836,KLM Royal Dutch Airlines,Singapore,SIN,WSSS,20:35,12:35,21:03,28min late,23:10,on time,2h 7m,Landed
2025-09-23,GA463,GIA463,Garuda Indonesia,Jakarta,HLP,WIHH,20:40,12:40,21:06,26min late,21:31,3min early,1h 24m,Landed
2025-09-23,OD177,MXD177,Malindo Air,Melbourne,MEL,YMML,21:00,13:00,21:24,24min late,04:39,on time,5h 14m,Landed
2025-09-23,GA425,GIA425,Garuda Indonesia,Jakarta,CGK,WIII,21:15,13:15,21:29,14min late,21:56,13min early,1h 26m,Landed
2025-09-23,JQ34,JST034,Jetstar Airways,Melbourne,MEL,YMML,21:20,13:20,21:51,31min late,05:01,6min late,5h 10m,Landed
2025-09-23,TK67,THY067,Turkish Airlines,Istanbul,IST,LTFM,21:20,13:20,21:19,on time,04:32,42min early,12h 13m,Landed
2025-09-23,OD157,MXD157,Malindo Air,Brisbane,BNE,YBBN,21:25,13:25,21:53,28min late,05:16,1min late,5h 23m,Landed
2025-09-23,AK375,AXM375,AirAsia,Kuala Lumpur,KUL,WMKK,21:25,13:25,22:29,4min late,01:15,45min late,2h 46m,Landed
2025-09-23,JQ117,JST117,Jetstar Airways,Perth,PER,YPPH,21:30,13:30,21:37,7min late,00:52,27min early,3h 14m,Landed
2025-09-23,JT15,,Lion Air,Jakarta,CGK,WIII,21:30,13:30,,,,,1h 55m,Cancelled
2025-09-23,ID6760,BTK6760,Batik Air,Makassar,UPG,WAAA,21:30,13:30,21:48,18min late,22:54,4min late,1h 5m,Landed
2025-09-23,SQ947,SIA947,Singapore Airlines,Singapore,SIN,WSSS,21:35,13:35,21:43,8min late,23:55,9min early,2h 11m,Landed
2025-09-23,QZ819,AWQ819,Indonesia AirAsia,Jakarta,CGK,WIII,21:40,13:40,22:06,26min late,22:18,11min early,1h 12m,Landed
2025-09-23,IP105,PAS105,Pelita Air Service,Jakarta,CGK,WIII,21:40,13:40,21:55,15min late,22:07,22min early,1h 11m,Landed
2025-09-23,QG685,CTV685,Citilink,Jakarta,CGK,WIII,21:55,13:55,22:12,17min late,22:23,31min early,1h 11m,Landed
2025-09-23,QZ546,AWQ546,Indonesia AirAsia,Perth,PER,YPPH,21:55,13:55,22:10,15min late,01:37,2min early,3h 27m,Landed
2025-09-23,GA718,GIA718,Garuda Indonesia,Melbourne,MEL,YMML,22:05,14:05,22:20,15min late,05:27,2min early,5h 7m,Landed
2025-09-23,JQ60,JST060,Jetstar Airways,Brisbane,BNE,YBBN,22:10,14:10,22:31,21min late,05:28,11min early,4h 56m,Landed
2025-09-23,QF44,QFA044,Qantas,Sydney,SYD,YSSY,22:10,14:10,22:09,on time,06:00,4min early,5h 51m,Landed
2025-09-23,OD171,MXD171,Malindo Air,Sydney,SYD,YSSY,22:15,14:15,11:59,44min late,19:00,55min late,5h 0m,Landed
2025-09-23,IN2801,,NAM Air,Jakarta,CGK,WIII,22:25,14:25,22:25,,23:05,,1h 40m,Landed
2025-09-23,JQ38,JST038,Jetstar Airways,Sydney,SYD,YSSY,22:35,14:35,22:30,5min early,06:08,22min early,5h 38m,Landed
2025-09-23,7C2712,JJA2712,Jeju Air,Seoul,ICN,RKSI,22:45,14:45,22:53,8min late,07:06,3min early,7h 13m,Landed
2025-09-23,QZ811,AWQ811,Indonesia AirAsia,Jakarta,CGK,WIII,22:50,14:50,23:50,0min late,00:14,34min late,1h 24m,Landed
2025-09-23,VA96,VOZ096,Virgin Australia,Melbourne,MEL,YMML,23:05,15:05,23:06,on time,06:21,18min early,5h 15m,Landed
2025-09-23,VA82,VOZ082,Virgin Australia,Gold Coast,OOL,YBCG,23:20,15:20,23:53,33min late,06:52,2min early,4h 59m,Landed
2025-09-23,GA714,GIA714,Garuda Indonesia,Sydney,SYD,YSSY,23:25,15:25,23:31,6min late,06:53,16min early,5h 22m,Landed
2025-09-23,JQ36,JST036,Jetstar Airways,Melbourne,MEL,YMML,23:30,15:30,00:09,39min late,07:15,10min late,5h 6m,Landed
2025-09-23,VA68,VOZ068,Virgin Australia,Sydney,SYD,YSSY,23:35,15:35,23:43,8min late,07:09,35min early,5h 26m,Landed
2025-09-23,KE634,KAL634,Korean Air Lines,Seoul,ICN,RKSI,23:45,15:45,23:48,3min late,07:53,1min early,7h 5m,Landed
2025-09-23,JQ128,JST128,Jetstar Airways,Adelaide,ADL,YPAD,23:55,15:55,23:57,2min late,06:15,on time,4h 47m,Landed
2025-09-24,BX602,ABL602,Air Busan,Busan,PUS,RKPK,00:05,16:05,00:14,9min late,07:48,21min early,6h 33m,Landed
2025-09-24,GA880,GIA880,Garuda Indonesia,Tokyo,NRT,RJAA,00:20,16:20,00:30,10min late,08:48,1min early,7h 17m,Landed
2025-09-24,QZ548,AWQ548,Indonesia AirAsia,Perth,PER,YPPH,00:25,16:25,00:17,8min early,03:49,25min early,3h 32m,Landed
2025-09-24,CZ626,CSN626,China Southern Airlines,Guangzhou,CAN,ZGGG,00:30,16:30,00:40,10min late,05:20,29min early,4h 40m,Landed
2025-09-24,MF892,CXA892,Xiamen Airlines,Xiamen,XMN,ZSAM,00:30,16:30,00:59,29min late,06:20,15min late,5h 20m,Landed
2025-09-24,EK399,UAE399,Emirates,Dubai,DXB,OMDB,00:35,16:35,06:16,41min late,05:46,11min late,3h 29m,Landed
2025-09-24,QR961,QTR961,Qatar Airways,Doha,DOH,OTHH,00:35,16:35,00:45,10min late,04:43,11min early,8h 58m,Landed
2025-09-24,KE630,KAL630,Korean Air Lines,Seoul,ICN,RKSI,00:50,16:50,00:58,8min late,08:27,52min early,6h 29m,Landed
2025-09-24,PR538,PAL538,Philippine Airlines,Manila,MNL,RPLL,00:55,16:55,01:20,25min late,05:01,11min late,3h 41m,Landed
2025-09-24,MU5030,CES5030,China Eastern Airlines,Shanghai,PVG,ZSPD,00:55,16:55,00:56,on time,07:34,25min early,6h 38m,Landed
2025-09-24,SJ726,,Sriwijaya Air,Makassar,UPG,WAAA,01:00,17:00,,,,,1h 20m,
2025-09-24,5J282,CEB282,CEBU Pacific Air,Manila,MNL,RPLL,01:00,17:00,01:04,4min late,04:53,31min early,3h 49m,Landed
2025-09-24,QZ548,AWQ548,Indonesia AirAsia,Perth,PER,YPPH,01:05,17:05,00:46,18min early,04:05,49min early,3h 19m,Landed
2025-09-24,GA870,GIA870,Garuda Indonesia,Seoul,ICN,RKSI,01:15,17:15,01:21,6min late,09:16,1min late,6h 55m,Landed
2025-09-24,8B5888,,TransNusa,Manado,MDC,WAMM,01:30,17:30,,,,,2h 35m,
2025-09-24,JT856,,Lion Air,Surabaya,SUB,WARR,07:00,23:00,,,,,1h 1m,
2025-09-24,JT746,LNI746,Lion Air,Makassar,UPG,WAAA,07:00,23:00,07:17,17min late,08:22,2min late,1h 5m,Landed
2025-09-24,JQ82,JST082,Jetstar Airways,Darwin,DRW,YPDN,07:00,23:00,07:05,5min late,10:55,19min early,2h 19m,Landed
2025-09-24,GA401,GIA401,Garuda Indonesia,Jakarta,CGK,WIII,07:00,23:00,07:01,1min late,07:18,41min early,1h 17m,Landed
2025-09-24,QZ550,AWQ550,Indonesia AirAsia,Kuala Lumpur,KUL,WMKK,07:00,23:00,08:07,7min late,10:46,46min late,2h 38m,Landed
2025-09-24,JT929,LNI929,Lion Air,Surabaya,SUB,WARR,07:00,23:00,07:07,7min late,06:43,16min early,35m,Landed
2025-09-24,JT944,,Lion Air,Makassar,UPG,WAAA,07:00,23:00,,,,,1h 20m,
2025-09-24,QG690,CTV690,Citilink,Surabaya,SUB,WARR,07:05,23:05,07:19,14min late,06:59,5min early,39m,Landed
2025-09-24,QZ534,AWQ534,Indonesia AirAsia,Perth,PER,YPPH,07:05,23:05,07:03,1min early,10:38,21min early,3h 34m,Landed
2025-09-24,QZ644,AWQ644,Indonesia AirAsia,Labuan Bajo,LBJ,WATO,07:10,23:10,07:13,3min late,08:02,12min early,48m,Landed
2025-09-24,SQ949,SIA949,Singapore Airlines,Singapore,SIN,WSSS,07:10,23:10,07:21,11min late,09:36,23min early,2h 15m,Landed
2025-09-24,QZ502,AWQ502,Indonesia AirAsia,Singapore,SIN,WSSS,07:10,23:10,07:15,5min late,09:35,14min early,2h 20m,Landed
2025-09-24,QZ813,AWQ813,Indonesia AirAsia,Jakarta,CGK,WIII,07:15,23:15,07:11,3min early,07:43,26min early,1h 32m,Landed
2025-09-24,QG663,CTV663,Citilink,Jakarta,CGK,WIII,07:45,23:45,07:46,1min late,08:02,32min early,1h 16m,Landed
2025-09-24,IW1854,WON1854,Wings Air,Lombok,LOP,WADL,08:00,00:00,07:59,on time,08:21,23min early,22m,Landed
2025-09-24,JT21,LNI021,Lion Air,Jakarta,CGK,WIII,08:05,00:05,08:19,14min late,08:52,7min early,1h 33m,Landed
2025-09-24,HX706,,Hong Kong Airlines,Hong Kong,HKG,VHHH,08:15,00:15,,,,,5h 5m,Cancelled
2025-09-24,IW1850,WON1850,Wings Air,Lombok,LOP,WADL,08:35,00:35,08:43,8min late,09:06,13min early,23m,Landed
2025-09-24,5J280,CEB280,CEBU Pacific Air,Manila,MNL,RPLL,08:35,00:35,08:34,on time,12:11,38min early,3h 37m,Landed
2025-09-24,CZ8482,,China Southern Airlines,Guangzhou,CAN,ZGGG,08:40,00:40,,,,,5h 10m,Cancelled
2025-09-24,QZ504,AWQ504,Indonesia AirAsia,Singapore,SIN,WSSS,09:00,01:00,11:27,27min late,13:52,7min late,2h 24m,Landed
2025-09-24,8B80,TNU080,Business Air,Perth,PER,YPPH,09:05,01:05,09:00,4min early,12:42,12min early,3h 42m,Landed
2025-09-24,IN640,LKN640,Nam Air,Tambolaka,TMC,WADT,09:10,01:10,09:13,3min late,10:00,9min early,46m,Landed
2025-09-24,IW1856,WON1856,Wings Air,Lombok,LOP,WADL,09:10,01:10,09:32,22min late,09:59,4min late,27m,Landed
2025-09-24,8B5105,TNU5105,Business Air,Jakarta,CGK,WIII,09:10,01:10,08:24,45min early,08:58,1min early,1h 34m,Landed
2025-09-24,IW1832,WON1832,Wings Air,Tambolaka,TMC,WADT,09:10,01:10,09:34,24min late,10:44,9min late,1h 10m,Landed
2025-09-24,ID6007,BTK6007,Batik Air,Perth,PER,YPPH,09:25,01:25,09:53,28min late,13:22,7min late,3h 28m,Landed
2025-09-24,QG500,CTV500,Citilink,Dili,DIL,WPDL,09:30,01:30,09:24,5min early,12:13,6min early,1h 49m,Landed
2025-09-24,JT31,,Lion Air,Jakarta,CGK,WIII,09:30,01:30,,,,,1h 55m,Cancelled
2025-09-24,QZ803,AWQ803,Indonesia AirAsia,Jakarta,CGK,WIII,09:40,01:40,09:41,1min late,10:16,13min early,1h 35m,Landed
2025-09-24,QR965,QTR965,Qatar Airways,Doha,DOH,OTHH,09:55,01:55,09:56,on time,14:03,16min early,9h 7m,Landed
2025-09-24,JT3569,LNI3569,Lion Air,Yogyakarta,YIA,WAHI,09:55,01:55,10:00,5min late,10:11,13min early,1h 11m,Landed
2025-09-24,AI2146,AIC2146,Air India,Delhi,DEL,VIDP,10:00,02:00,10:10,10min late,14:58,36min early,7h 18m,Landed
2025-09-24,JT270,LNI270,Lion Air,Kupang,KOE,WATT,10:00,02:00,10:18,18min late,11:55,15min late,1h 36m,Landed
2025-09-24,IW1882,WON1882,Wings Air,Sumbawa Besar,SWQ,WADS,10:00,02:00,11:38,38min late,12:30,30min late,51m,Landed
2025-09-24,SU297,AFL297,Aeroflot,Moscow,SVO,UUEE,10:05,02:05,10:22,17min late,17:29,45min early,12h 7m,Landed
2025-09-24,SQ935,SIA935,Singapore Airlines,Singapore,SIN,WSSS,10:05,02:05,10:30,25min late,12:41,3min early,2h 10m,Landed
2025-09-24,8B5101,TNU5101,Business Air,Jakarta,CGK,WIII,10:25,02:25,10:34,9min late,11:07,7min early,1h 32m,Landed
2025-09-24,JT33,LNI033,Lion Air,Jakarta,CGK,WIII,10:30,02:30,11:22,52min late,11:55,30min late,1h 33m,Landed
2025-09-24,QZ815,AWQ815,Indonesia AirAsia,Jakarta,CGK,WIII,10:35,02:35,10:38,3min late,11:13,16min early,1h 35m,Landed
2025-09-24,JT805,LNI805,Lion Air,Surabaya,SUB,WARR,10:35,02:35,10:48,13min late,10:32,2min early,44m,Landed
2025-09-24,8G182,DTL182,Mid Africa Aviation,Dili,DIL,WPDL,10:35,02:35,10:42,7min late,13:25,4min early,1h 43m,Landed
2025-09-24,TR281,TGW281,Scoot,Singapore,SIN,WSSS,10:50,02:50,11:09,19min late,13:31,1min late,2h 22m,Landed
2025-09-24,QG197,CTV197,Citilink,Jakarta,HLP,WIHH,11:10,03:10,11:16,6min late,11:46,13min early,1h 30m,Landed
2025-09-24,JQ126,JST126,Jetstar Airways,Adelaide,ADL,YPAD,11:15,03:15,11:43,28min late,17:36,6min late,4h 22m,Landed
2025-09-24,6E1606,IGO1606,IndiGo,Bangalore,BLR,VOBL,11:20,03:20,11:20,on time,14:51,18min early,6h 1m,Landed
2025-09-24,JQ109,JST109,Jetstar Airways,Perth,PER,YPPH,11:40,03:40,12:08,28min late,15:31,6min late,3h 23m,Landed
2025-09-24,OD192,MXD192,Malindo Air,Kuala Lumpur,KUL,WMKK,11:55,03:55,12:23,28min late,15:03,1min early,2h 39m,Landed
2025-09-24,JQ32,JST032,Jetstar Airways,Melbourne,MEL,YMML,11:55,03:55,11:49,6min early,19:28,1min early,5h 39m,Landed
2025-09-24,QG342,CTV342,Citilink,Makassar,UPG,WAAA,11:55,03:55,11:55,on time,13:47,27min late,1h 51m,Landed
2025-09-24,FD397,AIQ397,Thai AirAsia,Bangkok,DMK,VTBD,12:00,04:00,12:25,25min late,15:27,7min early,4h 1m,Landed
2025-09-24,GA407,GIA407,Garuda Indonesia,Jakarta,CGK,WIII,12:00,04:00,12:10,10min late,12:22,32min early,1h 12m,Landed
2025-09-24,QZ618,AWQ618,Indonesia AirAsia,Banjarmasin,BDJ,WAOO,12:05,04:05,12:19,14min late,13:22,7min early,1h 2m,Landed
2025-09-24,GA253,GIA253,Garuda Indonesia,Yogyakarta,YIA,WAHI,12:05,04:05,12:29,24min late,12:42,12min early,1h 13m,Landed
2025-09-24,SQ937,SIA937,Singapore Airlines,Singapore,SIN,WSSS,12:10,04:10,12:33,23min late,15:00,5min late,2h 26m,Landed
2025-09-24,JQ40,JST040,Jetstar Airways,Sydney,SYD,YSSY,12:20,04:20,12:20,on time,19:49,25min early,5h 29m,Landed
2025-09-24,SJ742,,Sriwijaya Air,Tambolaka,TMC,WADT,12:20,04:20,,,,,1h 0m,
2025-09-24,IN7742,LKN7742,NAM Air,Tambolaka,TMC,WADT,12:20,04:20,12:36,16min late,13:50,30min late,1h 13m,Landed
2025-09-24,OD178,MXD178,Malindo Air,Kuala Lumpur,KUL,WMKK,12:25,04:25,12:47,22min late,15:27,7min early,2h 40m,Landed
2025-09-24,QZ805,AWQ805,Indonesia AirAsia,Jakarta,CGK,WIII,12:40,04:40,12:55,15min late,13:08,31min early,1h 13m,Landed
2025-09-24,IP103,PAS103,Pelita Air Service,Jakarta,CGK,WIII,12:45,04:45,12:58,13min late,13:11,28min early,1h 12m,Landed
2025-09-24,IW1848,WON1848,Wings Air,Lombok,LOP,WADL,12:45,04:45,15:28,43min late,15:52,22min late,24m,Landed
2025-09-24,ID7308,BTK7308,Batik Air,Jakarta,HLP,WIHH,12:50,04:50,13:10,20min late,13:31,3min early,1h 21m,Landed
2025-09-24,8B82,TNU082,Business Air,Perth,PER,YPPH,12:55,04:55,13:30,35min late,16:43,11min early,3h 13m,Landed
2025-09-24,SQ939,SIA939,Singapore Airlines,Singapore,SIN,WSSS,13:05,05:05,13:34,29min late,15:51,1min late,2h 17m,Landed
2025-09-24,MH714,MAS714,Malaysia Airlines,Kuala Lumpur,KUL,WMKK,13:05,05:05,13:27,22min late,16:12,2min late,2h 44m,Landed
2025-09-24,VJ900,VJC900,VietJet Air,Hanoi,HAN,VVNB,13:10,05:10,13:08,1min early,16:47,32min early,4h 38m,Landed
2025-09-24,JT35,,Lion Air,Jakarta,CGK,WIII,13:10,05:10,,,,,1h 55m,Cancelled
2025-09-24,OD172,MXD172,Malindo Air,Kuala Lumpur,KUL,WMKK,13:15,05:15,01:58,43min late,04:39,14min late,2h 40m,Landed
2025-09-24,JQ58,JST058,Jetstar Airways,Brisbane,BNE,YBBN,13:15,05:15,13:21,6min late,20:15,29min early,4h 53m,Landed
2025-09-24,IW1834,WON1834,Wings Air,Tambolaka,TMC,WADT,13:20,05:20,15:43,23min late,16:49,4min late,1h 6m,Landed
2025-09-24,GA409,GIA409,Garuda Indonesia,Jakarta,CGK,WIII,13:25,05:25,13:51,26min late,14:10,14min early,1h 19m,Landed
2025-09-24,JT660,,Lion Air,Balikpapan,BPN,WALL,13:25,05:25,,,,,1h 45m,Cancelled
2025-09-24,D7799,XAX799,AirAsia X,Kuala Lumpur,KUL,WMKK,13:35,05:35,14:23,48min late,17:05,15min late,2h 41m,Landed
2025-09-24,IW1826,WON1826,Wings Air,Bima,BMU,WADB,13:40,05:40,13:53,13min late,14:56,8min early,1h 3m,Landed
2025-09-24,ID7135,BTK7135,Batik Air,Singapore,SIN,WSSS,13:45,05:45,14:12,27min late,16:30,9min early,2h 17m,Landed
2025-09-24,8B5107,,TransNusa,Jakarta,CGK,WIII,13:50,05:50,,,,,1h 50m,
2025-09-24,OD158,MXD158,Malindo Air,Kuala Lumpur,KUL,WMKK,13:50,05:50,14:57,7min late,17:47,47min late,2h 49m,Landed
2025-09-24,JT919,LNI919,Lion Air,Surabaya,SUB,WARR,13:55,05:55,15:11,16min late,14:51,56min late,40m,Landed
2025-09-24,QG687,CTV687,Citilink,Jakarta,CGK,WIII,13:55,05:55,14:49,54min late,15:07,12min late,1h 18m,Landed
2025-09-24,TR289,TGW289,Scoot,Singapore,SIN,WSSS,14:00,06:00,14:17,17min late,16:35,25min early,2h 17m,Landed
2025-09-24,JT25,LNI025,Lion Air,Jakarta,CGK,WIII,14:00,06:00,15:07,7min late,15:22,27min late,1h 15m,Landed
2025-09-24,VJ894,VJC894,VietJet Air,Ho Chi Minh City,SGN,VVTS,14:05,06:05,14:05,on time,16:23,31min early,3h 17m,Landed
2025-09-24,JT569,LNI569,Lion Air,Yogyakarta,YIA,WAHI,14:10,06:10,14:33,23min late,14:49,9min late,1h 16m,Landed
2025-09-24,ID7637,BTK7637,Batik Air,Bangkok,DMK,VTBD,14:15,06:15,15:04,49min late,18:07,22min late,4h 2m,Landed
2025-09-24,QZ246,AWQ246,Indonesia AirAsia,Phuket,HKT,VTSP,14:15,06:15,15:38,23min late,17:52,37min late,3h 14m,Landed
2025-09-24,JT23,LNI023,Lion Air,Jakarta,CGK,WIII,14:35,06:35,16:52,17min late,17:23,53min late,1h 31m,Landed
2025-09-24,JT273,LNI273,Lion Air,Semarang,SRG,WIIS,14:40,06:40,15:14,34min late,15:15,10min late,1h 0m,Landed
2025-09-24,QG681,CTV681,Citilink,Jakarta,CGK,WIII,14:40,06:40,15:25,45min late,15:40,5min late,1h 15m,Landed
2025-09-24,IW1884,WON1884,Wings Air,Waingapu,WGP,WADW,14:40,06:40,14:46,6min late,16:08,21min early,1h 22m,Landed
2025-09-24,JT740,LNI740,Lion Air,Makassar,UPG,WAAA,14:40,06:40,15:32,52min late,16:39,39min late,1h 7m,Landed
2025-09-24,AK377,AXM377,AirAsia,Kuala Lumpur,KUL,WMKK,14:45,06:45,15:35,50min late,18:22,27min late,2h 46m,Landed
2025-09-24,OD307,MXD307,Malindo Air,Kuala Lumpur,KUL,WMKK,14:50,06:50,17:42,52min late,20:45,55min late,3h 3m,Landed
2025-09-24,JT924,LNI924,Lion Air,Kupang,KOE,WATT,14:55,06:55,15:56,1min late,17:16,41min late,1h 20m,Landed
2025-09-24,JT844,LNI844,Lion Air,Banjarmasin,BDJ,WAOO,15:00,07:00,16:12,12min late,17:13,48min late,1h 1m,Landed
2025-09-24,8B5103,,TransNusa,Jakarta,CGK,WIII,15:10,07:10,,,,,1h 45m,
2025-09-24,VA50,VOZ050,Virgin Australia,Brisbane,BNE,YBBN,15:15,07:15,16:00,45min late,22:53,6min early,4h 52m,Landed
2025-09-24,GA842,GIA842,Garuda Indonesia,Singapore,SIN,WSSS,15:15,07:15,15:41,26min late,18:03,3min late,2h 21m,Landed
2025-09-24,VJ898,VJC898,VietJet Air,Ho Chi Minh City,SGN,VVTS,15:30,07:30,16:25,55min late,18:47,27min late,3h 21m,Landed
2025-09-24,IU703,SJV703,SW Italia,Surabaya,SUB,WARR,15:40,07:40,17:17,37min late,17:06,26min late,49m,Landed
2025-09-24,CI772,CAL772,China Airlines,Taipei,TPE,RCTP,15:40,07:40,15:53,13min late,21:09,4min late,5h 16m,Landed
2025-09-24,IP109,PAS109,Pelita Air Service,Jakarta,CGK,WIII,15:45,07:45,16:05,20min late,16:36,1min late,1h 31m,Landed
2025-09-24,QZ646,AWQ646,Indonesia AirAsia,Labuan Bajo,LBJ,WATO,15:45,07:45,16:14,29min late,17:15,15min late,1h 1m,Landed
2025-09-24,VA92,VOZ092,Virgin Australia,Melbourne,MEL,YMML,15:50,07:50,16:27,37min late,23:53,28min late,5h 25m,Landed
2025-09-24,JQ43,JST043,Jetstar Airways,Singapore,SIN,WSSS,15:50,07:50,16:08,18min late,18:25,4min early,2h 17m,Landed
2025-09-24,JQ44,JST044,Jetstar Airways,Melbourne,MEL,YMML,15:55,07:55,16:03,8min late,23:29,on time,5h 26m,Landed
2025-09-24,GA411,GIA411,Garuda Indonesia,Jakarta,CGK,WIII,15:55,07:55,16:20,25min late,16:34,25min early,1h 14m,Landed
2025-09-24,ID8335,BTK8335,Batik Air,Labuan Bajo,LBJ,WATO,15:55,07:55,17:26,31min late,18:21,16min late,54m,Landed
2025-09-24,SJ717,,Sriwijaya Air,Makassar,UPG,WAAA,16:00,08:00,,,,,1h 20m,
2025-09-24,VN640,HVN640,Vietnam Airlines,Ho Chi Minh City,SGN,VVTS,16:00,08:00,16:34,34min late,18:49,9min late,3h 14m,Landed
2025-09-24,CX784,,Cathay Pacific,Hong Kong,HKG,VHHH,16:10,08:10,,,,,5h 15m,Cancelled
2025-09-24,QG195,CTV195,Citilink,Jakarta,HLP,WIHH,16:10,08:10,16:32,22min late,17:02,2min late,1h 29m,Landed
2025-09-24,QZ536,AWQ536,Indonesia AirAsia,Perth,PER,YPPH,16:15,08:15,16:37,22min late,19:59,10min early,3h 22m,Landed
2025-09-24,MH850,MAS850,Malaysia Airlines,Kuala Lumpur,KUL,WMKK,16:25,08:25,17:00,35min late,19:45,10min late,2h 44m,Landed
2025-09-24,BR256,EVA256,EVA Airways,Taipei,TPE,RCTP,16:30,08:30,16:41,11min late,21:54,5min early,5h 13m,Landed
2025-09-24,QG669,CTV669,Citilink,Surabaya,SUB,WARR,16:35,08:35,17:15,40min late,17:00,15min late,45m,Landed
2025-09-24,IU743,SJV743,SW Italia,Jakarta,CGK,WIII,16:35,08:35,19:05,30min late,19:40,10min late,1h 34m,Landed
2025-09-24,JT744,LNI744,Lion Air,Makassar,UPG,WAAA,16:40,08:40,17:45,5min late,18:50,50min late,1h 5m,Landed
2025-09-24,QZ642,AWQ642,Indonesia AirAsia,Labuan Bajo,LBJ,WATO,16:45,08:45,16:44,on time,17:36,18min early,52m,Landed
2025-09-24,HO1356,DKH1356,Juneyao Airlines,Shanghai,PVG,ZSPD,16:50,08:50,17:19,29min late,23:09,30min early,5h 50m,Landed
2025-09-24,TG432,THA432,Thai Airways International,Bangkok,BKK,VTBS,16:55,08:55,16:57,2min late,19:36,28min early,3h 39m,Landed
2025-09-24,IU273,SJV273,SW Italia,Pontianak,PNK,WIOO,17:00,09:00,17:34,34min late,18:28,28min late,1h 54m,Landed
2025-09-24,ID6335,BTK6335,Batik Air,Labuan Bajo,LBJ,WATO,17:00,09:00,17:30,30min late,18:34,24min late,1h 3m,Landed
2025-09-24,VJ998,VJC998,VietJet Air,Hanoi,HAN,VVNB,17:30,09:30,17:52,22min late,21:23,21min early,4h 30m,Landed
2025-09-24,GA419,GIA419,Garuda Indonesia,Jakarta,CGK,WIII,17:35,09:35,17:48,13min late,18:21,13min early,1h 32m,Landed
2025-09-24,IU759,SJV759,SW Italia,Jakarta,CGK,WIII,17:35,09:35,22:09,34min late,22:47,17min late,1h 37m,Landed
2025-09-24,GA349,GIA349,Garuda Indonesia,Surabaya,SUB,WARR,17:35,09:35,17:35,on time,17:27,17min early,51m,Landed
2025-09-24,D7793,XAX793,AirAsia X,Kuala Lumpur,KUL,WMKK,17:40,09:40,17:57,17min late,20:34,20min early,2h 37m,Landed
2025-09-24,NZ291,ANZ291,Air New Zealand,Auckland,AKL,NZAA,17:50,09:50,18:02,12min late,05:22,7min early,7h 20m,Landed
2025-09-24,OD193,MXD193,Malindo Air,Perth,PER,YPPH,18:10,10:10,18:38,28min late,22:01,3min early,3h 23m,Landed
2025-09-24,JT567,LNI567,Lion Air,Yogyakarta,YIA,WAHI,18:25,10:25,19:00,35min late,19:11,16min late,1h 11m,Landed
2025-09-24,IN281,LKN281,Nam Air,Jakarta,CGK,WIII,18:30,10:30,18:43,13min late,19:00,9min early,1h 17m,Landed
2025-09-24,GA417,GIA417,Garuda Indonesia,Jakarta,CGK,WIII,18:30,10:30,19:08,38min late,19:23,6min early,1h 14m,Landed
2025-09-24,JT925,LNI925,Lion Air,Surakarta,SOC,WAHQ,18:40,10:40,19:24,44min late,19:12,12min late,47m,Landed
2025-09-24,ID6415,BTK6415,Batik Air,Surabaya,SUB,WARR,18:45,10:45,19:35,50min late,19:16,31min late,41m,Landed
2025-09-24,8B5109,TNU5109,Business Air,Jakarta,CGK,WIII,18:45,10:45,20:07,22min late,20:45,15min late,1h 37m,Landed
2025-09-24,CX782,,Cathay Pacific,Hong Kong,HKG,VHHH,18:45,10:45,,,,,5h 20m,Cancelled
2025-09-24,EY477,ETD477,Etihad Airways,Abu Dhabi,AUH,OMAA,18:45,10:45,18:39,6min early,23:24,5min early,8h 45m,Landed
2025-09-24,QZ809,AWQ809,Indonesia AirAsia,Jakarta,CGK,WIII,18:50,10:50,18:56,6min late,19:31,13min early,1h 34m,Landed
2025-09-24,QG689,CTV689,Citilink,Jakarta,CGK,WIII,19:00,11:00,19:12,12min late,19:30,29min early,1h 17m,Landed
2025-09-24,TG440,THA440,Thai Airways International,Bangkok,BKK,VTBS,19:00,11:00,19:17,17min late,22:07,2min early,3h 49m,Landed
2025-09-24,JT27,,Lion Air,Jakarta,CGK,WIII,19:05,11:05,,,,,1h 55m,Cancelled
2025-09-24,AK379,AXM379,AirAsia,Kuala Lumpur,KUL,WMKK,19:15,11:15,19:54,39min late,22:40,20min late,2h 45m,Landed
2025-09-24,QR963,QTR963,Qatar Airways,Doha,DOH,OTHH,19:20,11:20,19:24,4min late,23:35,4min early,9h 11m,Landed
2025-09-24,MH852,MAS852,Malaysia Airlines,Kuala Lumpur,KUL,WMKK,19:20,11:20,19:42,22min late,22:29,9min late,2h 46m,Landed
2025-09-24,ID7310,BTK7310,Batik Air,Jakarta,HLP,WIHH,19:25,11:25,21:01,36min late,21:27,17min late,1h 26m,Landed
2025-09-24,GA495,GIA495,Garuda Indonesia,Jakarta,CGK,WIII,19:30,11:30,19:47,17min late,20:01,28min early,1h 14m,Landed
2025-09-24,QG699,CTV699,Citilink,Surabaya,SUB,WARR,19:30,11:30,19:44,14min late,19:32,7min early,48m,Landed
2025-09-24,JT11,LNI011,Lion Air,Jakarta,CGK,WIII,19:35,11:35,21:02,27min late,21:18,48min late,1h 15m,Landed
2025-09-24,TR287,TGW287,Scoot,Singapore,SIN,WSSS,19:40,11:40,19:52,12min late,22:07,7min early,2h 14m,Landed
2025-09-24,8B969,TNU969,Business Air,Guangzhou,CAN,ZGGG,19:40,11:40,20:38,58min late,01:43,43min late,5h 4m,Landed
2025-09-24,EK369,UAE369,Emirates,Dubai,DXB,OMDB,19:45,11:45,19:40,5min early,00:30,19min early,8h 50m,Landed
2025-09-24,JT923,,Lion Air,Surabaya,SUB,WARR,19:45,11:45,,,,,1h 0m,Cancelled
2025-09-24,ID6413,,Batik Air,Surabaya,SUB,WARR,19:50,11:50,,,,,1h 0m,Cancelled
2025-09-24,JT271,LNI271,Lion Air,Semarang,SRG,WIIS,19:50,11:50,20:42,52min late,20:32,17min late,49m,Landed
2025-09-24,ID6517,BTK6517,Batik Air,Jakarta,CGK,WIII,20:00,12:00,22:13,13min late,22:35,40min late,1h 21m,Landed
2025-09-24,GA415,GIA415,Garuda Indonesia,Jakarta,CGK,WIII,20:00,12:00,20:34,34min late,20:50,9min early,1h 16m,Landed
2025-09-24,SQ945,SIA945,Singapore Airlines,Singapore,SIN,WSSS,20:00,12:00,20:17,17min late,22:25,14min early,2h 8m,Landed
2025-09-24,QG9692,CTV9692,Citilink,Surabaya,SUB,WARR,20:20,12:20,20:21,1min late,20:04,25min early,42m,Landed
2025-09-24,KL836,KLM836,KLM Royal Dutch Airlines,Singapore,SIN,WSSS,20:35,12:35,20:55,20min late,23:07,2min early,2h 11m,Landed
2025-09-24,GA463,GIA463,Garuda Indonesia,Jakarta,HLP,WIHH,20:40,12:40,21:08,28min late,21:38,3min late,1h 29m,Landed
2025-09-24,OD177,MXD177,Malindo Air,Melbourne,MEL,YMML,21:00,13:00,23:06,6min late,06:19,39min late,5h 13m,Landed
2025-09-24,JQ107,JST107,Jetstar Airways,Perth,PER,YPPH,21:10,13:10,21:46,36min late,01:11,16min late,3h 25m,Landed
2025-09-24,GA425,GIA425,Garuda Indonesia,Jakarta,CGK,WIII,21:15,13:15,22:01,46min late,22:38,28min late,1h 37m,Landed
2025-09-24,JQ34,JST034,Jetstar Airways,Melbourne,MEL,YMML,21:20,13:20,21:34,14min late,04:45,9min early,5h 11m,Landed
2025-09-24,OD171,MXD171,Malindo Air,Sydney,SYD,YSSY,21:20,13:20,21:31,11min late,06:02,37min late,6h 31m,Landed
2025-09-24,TK67,THY067,Turkish Airlines,Istanbul,IST,LTFM,21:20,13:20,21:18,1min early,04:24,50min early,12h 5m,Landed
2025-09-24,AK375,AXM375,AirAsia,Kuala Lumpur,KUL,WMKK,21:25,13:25,22:06,41min late,00:48,18min late,2h 42m,Landed
2025-09-24,JQ117,JST117,Jetstar Airways,Perth,PER,YPPH,21:30,13:30,21:59,29min late,01:26,6min late,3h 27m,Landed
2025-09-24,JT15,,Lion Air,Jakarta,CGK,WIII,21:30,13:30,,,,,1h 55m,Cancelled
2025-09-24,ID6760,BTK6760,Batik Air,Makassar,UPG,WAAA,21:30,13:30,21:40,10min late,22:43,6min early,1h 3m,Landed
2025-09-24,SQ947,SIA947,Singapore Airlines,Singapore,SIN,WSSS,21:35,13:35,21:49,14min late,00:06,1min late,2h 16m,Landed
2025-09-24,QZ819,AWQ819,Indonesia AirAsia,Jakarta,CGK,WIII,21:40,13:40,22:24,44min late,22:40,10min late,1h 16m,Landed
2025-09-24,IP105,PAS105,Pelita Air Service,Jakarta,CGK,WIII,21:40,13:40,21:45,5min late,22:23,6min early,1h 37m,Landed
2025-09-24,QG685,CTV685,Citilink,Jakarta,CGK,WIII,21:55,13:55,22:28,33min late,22:45,9min early,1h 16m,Landed
2025-09-24,QZ546,AWQ546,Indonesia AirAsia,Perth,PER,YPPH,21:55,13:55,22:21,26min late,01:40,on time,3h 19m,Landed
2025-09-24,GA718,GIA718,Garuda Indonesia,Melbourne,MEL,YMML,22:05,14:05,22:30,25min late,06:07,37min late,5h 36m,Landed
2025-09-24,QF44,QFA044,Qantas,Sydney,SYD,YSSY,22:10,14:10,22:55,45min late,06:12,7min late,5h 17m,Landed
2025-09-24,IN2801,,Nam Air,Jakarta,CGK,WIII,22:25,14:25,,,,,1h 40m,
2025-09-24,JQ38,JST038,Jetstar Airways,Sydney,SYD,YSSY,22:35,14:35,22:49,14min late,06:15,14min early,5h 26m,Landed
2025-09-24,7C2712,JJA2712,Jeju Air,Seoul,ICN,RKSI,22:45,14:45,23:10,25min late,07:19,9min late,7h 8m,Landed
2025-09-24,QZ811,AWQ811,Indonesia AirAsia,Jakarta,CGK,WIII,22:50,14:50,23:03,13min late,23:30,9min early,1h 26m,Landed
2025-09-24,VA96,VOZ096,Virgin Australia,Melbourne,MEL,YMML,23:05,15:05,23:22,17min late,07:22,42min late,6h 0m,Landed
2025-09-24,QF46,QFA046,Qantas,Melbourne,MEL,YMML,23:05,15:05,23:35,30min late,06:44,4min late,5h 9m,Landed
2025-09-24,VA82,VOZ082,Virgin Australia,Gold Coast,OOL,YBCG,23:20,15:20,00:01,41min late,07:06,11min late,5h 5m,Landed
2025-09-24,GA714,GIA714,Garuda Indonesia,Sydney,SYD,YSSY,23:25,15:25,23:48,23min late,07:25,15min late,5h 37m,Landed
2025-09-24,JQ91,JST091,Jetstar Airways,Cairns,CNS,YBCS,23:30,15:30,23:43,13min late,05:44,15min early,4h 1m,Landed
2025-09-24,JQ36,JST036,Jetstar Airways,Melbourne,MEL,YMML,23:30,15:30,00:03,33min late,07:21,16min late,5h 17m,Landed
2025-09-24,VA68,VOZ068,Virgin Australia,Sydney,SYD,YSSY,23:35,15:35,23:57,22min late,07:31,13min early,5h 34m,Landed
2025-09-24,QZ420,AWQ420,Indonesia AirAsia,Adelaide,ADL,YPAD,23:45,15:45,00:10,25min late,06:20,4min early,4h 39m,Landed
2025-09-24,SV857,SVA857,Saudi Arabian Airlines,Singapore,SIN,WSSS,23:45,15:45,23:59,14min late,02:09,5min early,2h 9m,Landed
2025-09-24,JQ94,JST094,Jetstar Airways,Gold Coast,OOL,YBCG,23:45,15:45,00:33,48min late,07:41,26min late,5h 7m,Landed
2025-09-24,KE634,KAL634,Korean Air Lines,Seoul,ICN,RKSI,23:45,15:45,23:55,10min late,07:46,8min early,6h 51m,Landed
2025-09-24,JQ128,JST128,Jetstar Airways,Adelaide,ADL,YPAD,23:55,15:55,00:15,20min late,06:15,5min late,4h 30m,Landed
2025-09-25,BX602,ABL602,Air Busan,Busan,PUS,RKPK,00:05,16:05,00:14,9min late,07:48,21min early,6h 33m,Landed
2025-09-25,TW158,TWB158,T'Way Air,Cheongju,CJJ,RKTU,00:15,16:15,01:24,9min late,09:18,8min late,6h 53m,Landed
2025-09-25,GA880,GIA880,Garuda Indonesia,Tokyo,NRT,RJAA,00:20,16:20,00:39,19min late,08:46,3min early,7h 6m,Landed
2025-09-25,MF892,CXA892,Xiamen Airlines,Xiamen,XMN,ZSAM,00:30,16:30,01:45,15min late,07:09,4min late,5h 23m,Landed
2025-09-25,CZ626,CSN626,China Southern Airlines,Guangzhou,CAN,ZGGG,00:30,16:30,00:45,15min late,05:30,19min early,4h 45m,Landed
2025-09-25,QR961,QTR961,Qatar Airways,Doha,DOH,OTHH,00:35,16:35,00:32,3min early,04:37,17min early,9h 5m,Landed
2025-09-25,EK399,UAE399,Emirates,Dubai,DXB,OMDB,00:35,16:35,00:42,7min late,05:29,5min early,8h 47m,Landed
2025-09-25,KE630,KAL630,Korean Air Lines,Seoul,ICN,RKSI,00:50,16:50,01:15,25min late,08:54,25min early,6h 38m,Landed
2025-09-25,PR538,PAL538,Philippine Airlines,Manila,MNL,RPLL,00:55,16:55,01:04,9min late,04:44,5min early,3h 39m,Landed
2025-09-25,MU5030,CES5029,China Eastern Airlines,Shanghai,PVG,ZSPD,00:55,16:55,01:28,33min late,07:59,4min late,6h 30m,Landed
2025-09-25,5J282,CEB282,CEBU Pacific Air,Manila,MNL,RPLL,01:00,17:00,01:04,4min late,04:53,31min early,3h 49m,Landed
2025-09-25,SJ726,,Sriwijaya Air,Makassar,UPG,WAAA,01:00,17:00,,,,,1h 20m,
2025-09-25,QZ548,AWQ548,Indonesia AirAsia,Perth,PER,YPPH,01:05,17:05,00:14,50min early,03:42,12min early,3h 28m,Landed
2025-09-25,GA870,GIA870,Garuda Indonesia,Seoul,ICN,RKSI,01:15,17:15,01:21,6min late,09:28,13min late,7h 6m,Landed
2025-09-25,8B5888,TNU5888,Business Air,Manado,MDC,WAMM,01:30,17:30,01:32,2min late,03:39,25min early,2h 7m,Landed
2025-09-25,JT929,LNI929,Lion Air,Surabaya,SUB,WARR,07:00,23:00,07:07,7min late,06:43,16min early,35m,Landed
2025-09-25,JT944,,Lion Air,Makassar,UPG,WAAA,07:00,23:00,,,,,1h 20m,
2025-09-25,QZ550,AWQ550,Indonesia AirAsia,Kuala Lumpur,KUL,WMKK,07:00,23:00,07:26,26min late,10:12,12min late,2h 45m,Landed
2025-09-25,JT746,LNI746,Lion Air,Makassar,UPG,WAAA,07:00,23:00,07:16,16min late,08:20,on time,1h 3m,Landed
2025-09-25,GA401,GIA401,Garuda Indonesia,Jakarta,CGK,WIII,07:00,23:00,07:23,23min late,08:09,9min late,1h 45m,Landed
2025-09-25,JT856,,Lion Air,Surabaya,SUB,WARR,07:00,23:00,,,,,1h 0m,
2025-09-25,JQ82,JST082,Jetstar Airways,Darwin,DRW,YPDN,07:00,23:00,07:04,4min late,10:51,23min early,2h 16m,Landed
2025-09-25,QG690,CTV690,Citilink,Surabaya,SUB,WARR,07:05,23:05,06:57,7min early,06:45,19min early,47m,Landed
2025-09-25,QZ534,AWQ534,Indonesia AirAsia,Perth,PER,YPPH,07:05,23:05,07:14,9min late,10:35,24min early,3h 21m,Landed
2025-09-25,QZ644,AWQ644,Indonesia AirAsia,Labuan Bajo,LBJ,WATO,07:10,23:10,07:09,on time,07:58,16min early,48m,Landed
2025-09-25,QZ502,AWQ502,Indonesia AirAsia,Singapore,SIN,WSSS,07:10,23:10,08:09,59min late,10:31,41min late,2h 22m,Landed
2025-09-25,SQ949,SIA949,Singapore Airlines,Singapore,SIN,WSSS,07:10,23:10,07:16,6min late,09:29,30min early,2h 13m,Landed
2025-09-25,QG663,CTV663,Citilink,Jakarta,CGK,WIII,07:45,23:45,07:47,2min late,08:33,1min early,1h 45m,Landed
2025-09-25,IW1854,WON1854,Wings Air,Lombok,LOP,WADL,08:00,00:00,08:13,13min late,08:46,1min late,32m,Landed
2025-09-25,JT21,LNI021,Lion Air,Jakarta,CGK,WIII,08:05,00:05,08:42,37min late,09:22,22min late,1h 40m,Landed
2025-09-25,HX706,CRK706,Hong Kong Airlines,Hong Kong,HKG,VHHH,08:15,00:15,18:08,53min late,22:55,4min early,4h 46m,Landed
2025-09-25,5J280,CEB280,CEBU Pacific Air,Manila,MNL,RPLL,08:35,00:35,08:52,17min late,12:37,12min early,3h 45m,Landed
2025-09-25,IW1850,WON1850,Wings Air,Lombok,LOP,WADL,08:35,00:35,09:23,48min late,09:47,27min late,23m,Landed
2025-09-25,CZ8482,CSN8482,China Southern Airlines,Guangzhou,CAN,ZGGG,08:40,00:40,09:47,7min late,14:46,56min late,4h 59m,Landed
2025-09-25,8B80,TNU080,Business Air,Perth,PER,YPPH,09:05,01:05,09:20,15min late,12:34,20min early,3h 14m,Landed
2025-09-25,IW1856,WON1856,Wings Air,Lombok,LOP,WADL,09:10,01:10,09:31,21min late,09:59,4min late,28m,Landed
2025-09-25,8B5105,TNU5105,Business Air,Jakarta,CGK,WIII,09:10,01:10,09:18,8min late,09:35,24min early,1h 17m,Landed
2025-09-25,IW1832,WON1832,Wings Air,Tambolaka,TMC,WADT,09:10,01:10,09:29,19min late,10:52,17min late,1h 23m,Landed
2025-09-25,IN640,LKN640,NAM Air,Tambolaka,TMC,WADT,09:10,01:10,09:03,6min early,09:46,23min early,43m,Landed
2025-09-25,ID6007,BTK6007,Batik Air,Perth,PER,YPPH,09:25,01:25,09:52,27min late,13:08,6min early,3h 16m,Landed
2025-09-25,QG500,CTV500,Citilink,Dili,DIL,WPDL,09:30,01:30,09:35,5min late,12:10,9min early,1h 35m,Landed
2025-09-25,JT31,,Lion Air,Jakarta,CGK,WIII,09:30,01:30,,,,,1h 55m,Cancelled
2025-09-25,QZ803,AWQ803,Indonesia AirAsia,Jakarta,CGK,WIII,09:40,01:40,09:43,3min late,10:16,13min early,1h 33m,Landed
2025-09-25,JT3569,LNI3569,Lion Air,Yogyakarta,YIA,WAHI,09:55,01:55,10:43,48min late,10:56,31min late,1h 13m,Landed
2025-09-25,QR965,QTR965,Qatar Airways,Doha,DOH,OTHH,09:55,01:55,15:14,19min late,14:18,1min early,4h 4m,Landed
2025-09-25,JT270,LNI270,Lion Air,Kupang,KOE,WATT,10:00,02:00,10:15,15min late,11:36,3min early,1h 20m,Landed
2025-09-25,AI2146,AIC2146,Air India,Delhi,DEL,VIDP,10:00,02:00,10:03,3min late,15:13,21min early,7h 39m,Landed
2025-09-25,IW1882,WON1882,Wings Air,Sumbawa Besar,SWQ,WADS,10:00,02:00,10:29,29min late,11:14,14min late,45m,Landed
2025-09-25,SQ935,SIA935,Singapore Airlines,Singapore,SIN,WSSS,10:05,02:05,10:25,20min late,12:41,3min early,2h 15m,Landed
2025-09-25,8B5101,TNU5101,Business Air,Jakarta,CGK,WIII,10:25,02:25,10:27,2min late,11:07,7min early,1h 40m,Landed
2025-09-25,JT33,,Lion Air,Jakarta,CGK,WIII,10:30,02:30,,,,,1h 55m,Cancelled
2025-09-25,JT805,LNI805,Lion Air,Surabaya,SUB,WARR,10:35,02:35,10:41,6min late,10:24,10min early,42m,Landed
2025-09-25,8G182,DTL182,Mid Africa Aviation,Dili,DIL,WPDL,10:35,02:35,10:39,4min late,13:16,13min early,1h 36m,Landed
2025-09-25,JT927,LNI927,Lion Air,Surakarta,SOC,WAHQ,10:40,02:40,10:59,19min late,10:59,on time,1h 0m,Landed
2025-09-25,TR281,TGW281,Scoot,Singapore,SIN,WSSS,10:50,02:50,11:01,11min late,13:16,13min early,2h 14m,Landed
2025-09-25,QG197,CTV197,Citilink,Jakarta,HLP,WIHH,11:10,03:10,11:43,33min late,12:16,16min late,1h 32m,Landed
2025-09-25,6E1606,IGO1606,IndiGo,Bangalore,BLR,VOBL,11:20,03:20,11:07,12min early,14:43,26min early,6h 6m,Landed
2025-09-25,GA427,GIA427,Garuda Indonesia,Jakarta,CGK,WIII,11:25,03:25,11:39,14min late,12:24,on time,1h 45m,Landed
2025-09-25,QZ780,AWQ780,Indonesia AirAsia,Balikpapan,BPN,WALL,11:25,03:25,11:28,3min late,12:49,15min early,1h 20m,Landed
2025-09-25,JQ111,JST111,Jetstar Airways,Perth,PER,YPPH,11:30,03:30,11:29,on time,14:56,18min early,3h 27m,Landed
2025-09-25,JQ109,JST109,Jetstar Airways,Perth,PER,YPPH,11:40,03:40,11:54,14min late,15:10,14min early,3h 15m,Landed
2025-09-25,JQ32,JST032,Jetstar Airways,Melbourne,MEL,YMML,11:55,03:55,11:49,6min early,18:55,34min early,5h 6m,Landed
2025-09-25,OD192,MXD192,Malindo Air,Kuala Lumpur,KUL,WMKK,11:55,03:55,12:49,54min late,15:30,25min late,2h 40m,Landed
2025-09-25,JQ40,JST040,Jetstar Airways,Sydney,SYD,YSSY,11:55,03:55,11:50,5min early,19:26,23min early,5h 36m,Landed
2025-09-25,QG342,CTV342,Citilink,Makassar,UPG,WAAA,11:55,03:55,11:35,19min early,12:37,42min early,1h 1m,Landed
2025-09-25,GA407,GIA407,Garuda Indonesia,Jakarta,CGK,WIII,12:00,04:00,12:08,8min late,12:42,12min early,1h 34m,Landed
2025-09-25,FD397,AIQ397,Thai AirAsia,Bangkok,DMK,VTBD,12:00,04:00,12:39,39min late,15:38,3min late,3h 59m,Landed
2025-09-25,GA253,GIA253,Garuda Indonesia,Yogyakarta,YIA,WAHI,12:05,04:05,12:20,15min late,12:29,25min early,1h 8m,Landed
2025-09-25,QZ540,AWQ540,Indonesia AirAsia,Darwin,DRW,YPDN,12:05,04:05,12:10,5min late,16:03,11min early,2h 23m,Landed
2025-09-25,SQ937,SIA937,Singapore Airlines,Singapore,SIN,WSSS,12:10,04:10,12:23,13min late,14:45,9min early,2h 22m,Landed
2025-09-25,SJ7420,,Sriwijaya Air,Tambolaka,TMC,WADT,12:20,04:20,,,,,1h 0m,
2025-09-25,OD178,MXD178,Malindo Air,Kuala Lumpur,KUL,WMKK,12:25,04:25,13:28,3min late,16:39,4min late,3h 11m,Landed
2025-09-25,D7795,XAX795,AirAsia X,Kuala Lumpur,KUL,WMKK,12:30,04:30,12:35,5min late,15:17,27min early,2h 41m,Landed
2025-09-25,IW1848,WON1848,Wings Air,Lombok,LOP,WADL,12:45,04:45,12:41,3min early,13:12,17min early,31m,Landed
2025-09-25,IP103,PAS103,Pelita Air Service,Jakarta,CGK,WIII,12:45,04:45,12:55,10min late,13:09,30min early,1h 14m,Landed
2025-09-25,ID7308,BTK7308,Batik Air,Jakarta,HLP,WIHH,12:50,04:50,13:09,19min late,14:20,45min late,2h 11m,Landed
2025-09-25,IN643,LKN643,NAM Air,Tambolaka,TMC,WADT,12:50,04:50,12:43,6min early,13:28,21min early,45m,Landed
2025-09-25,8B82,TNU082,Business Air,Perth,PER,YPPH,12:55,04:55,13:14,19min late,16:34,20min early,3h 20m,Landed
2025-09-25,MH714,MAS714,Malaysia Airlines,Kuala Lumpur,KUL,WMKK,13:05,05:05,13:25,20min late,16:18,8min late,2h 53m,Landed
2025-09-25,SQ939,SIA939,Singapore Airlines,Singapore,SIN,WSSS,13:05,05:05,13:56,51min late,16:14,24min late,2h 18m,Landed
2025-09-25,VJ900,VJC900,VietJet Air,Hanoi,HAN,VVNB,13:10,05:10,13:11,1min late,16:59,20min early,4h 48m,Landed
2025-09-25,JT35,LNI035,Lion Air,Jakarta,CGK,WIII,13:10,05:10,16:02,52min late,16:45,40min late,1h 43m,Landed
2025-09-25,JQ58,JST058,Jetstar Airways,Brisbane,BNE,YBBN,13:15,05:15,13:20,5min late,20:35,9min early,5h 14m,Landed
2025-09-25,IW1834,WON1834,Wings Air,Tambolaka,TMC,WADT,13:20,05:20,13:50,30min late,14:54,9min late,1h 3m,Landed
2025-09-25,JT660,LNI660,Lion Air,Balikpapan,BPN,WALL,13:25,05:25,16:30,5min late,17:49,39min late,1h 18m,Landed
2025-09-25,D7799,XAX799,AirAsia X,Kuala Lumpur,KUL,WMKK,13:35,05:35,13:39,4min late,16:22,27min early,2h 43m,Landed
2025-09-25,IW1826,WON1826,Wings Air,Bima,BMU,WADB,13:40,05:40,16:05,25min late,17:07,2min late,1h 2m,Landed
2025-09-25,8B5107,TNU5107,Business Air,Jakarta,CGK,WIII,13:50,05:50,14:09,19min late,14:45,5min late,1h 35m,Landed
2025-09-25,QZ544,AWQ544,Indonesia AirAsia,Perth,PER,YPPH,13:55,05:55,14:06,11min late,17:44,10min early,3h 38m,Landed
2025-09-25,IW1964,WON1964,Wings Air,Lombok,LOP,WADL,13:55,05:55,13:51,4min early,17:22,42min late,3h 31m,Landed
2025-09-25,JT919,LNI919,Lion Air,Surabaya,SUB,WARR,13:55,05:55,14:39,44min late,14:22,27min late,42m,Landed
2025-09-25,QG687,CTV687,Citilink,Jakarta,CGK,WIII,13:55,05:55,17:28,33min late,18:06,11min late,1h 37m,Landed
2025-09-25,TR289,TGW289,Scoot,Singapore,SIN,WSSS,14:00,06:00,14:23,23min late,16:38,21min early,2h 15m,Landed
2025-09-25,JT25,LNI025,Lion Air,Jakarta,CGK,WIII,14:00,06:00,15:20,20min late,15:55,0min late,1h 34m,Landed
2025-09-25,VJ894,VJC894,VietJet Air,Ho Chi Minh City,SGN,VVTS,14:05,06:05,14:20,15min late,16:47,7min early,3h 27m,Landed
2025-09-25,ID8517,BTK8517,Batik Air,Jakarta,CGK,WIII,14:10,06:10,14:31,21min late,15:05,on time,1h 33m,Landed
2025-09-25,JT569,LNI569,Lion Air,Yogyakarta,YIA,WAHI,14:10,06:10,15:51,41min late,16:06,26min late,1h 14m,Landed
2025-09-25,ID7637,BTK7637,Batik Air,Bangkok,DMK,VTBD,14:15,06:15,14:28,13min late,17:31,13min early,4h 3m,Landed
2025-09-25,JT23,,Lion Air,Jakarta,CGK,WIII,14:35,06:35,,,,,1h 55m,Cancelled
2025-09-25,JT740,LNI740,Lion Air,Makassar,UPG,WAAA,14:40,06:40,14:53,13min late,15:59,on time,1h 5m,Landed
2025-09-25,QG681,CTV681,Citilink,Jakarta,CGK,WIII,14:40,06:40,15:03,23min late,15:44,9min late,1h 41m,Landed
2025-09-25,IW1884,WON1884,Wings Air,Waingapu,WGP,WADW,14:40,06:40,16:20,40min late,08:16,46min late,15h 55m,Landed
2025-09-25,AK377,AXM377,AirAsia,Kuala Lumpur,KUL,WMKK,14:45,06:45,16:35,50min late,19:19,24min late,2h 44m,Landed
2025-09-25,OD307,MXD307,Malindo Air,Kuala Lumpur,KUL,WMKK,14:50,06:50,15:48,58min late,18:32,42min late,2h 43m,Landed
2025-09-25,JQ44,JST044,Jetstar Airways,Melbourne,MEL,YMML,14:55,06:55,16:06,11min late,23:14,44min late,5h 8m,Landed
2025-09-25,JT924,LNI924,Lion Air,Kupang,KOE,WATT,14:55,06:55,15:10,15min late,16:49,14min late,1h 39m,Landed
2025-09-25,JT844,LNI844,Lion Air,Banjarmasin,BDJ,WAOO,15:00,07:00,15:40,40min late,16:47,22min late,1h 6m,Landed
2025-09-25,8B5103,,TransNusa,Jakarta,CGK,WIII,15:10,07:10,14:09,0min early,14:45,9min early,1h 35m,Landed
2025-09-25,VA50,VOZ050,Virgin Australia,Brisbane,BNE,YBBN,15:15,07:15,15:43,28min late,23:10,10min late,5h 26m,Landed
2025-09-25,GA842,GIA842,Garuda Indonesia,Singapore,SIN,WSSS,15:15,07:15,15:34,19min late,18:04,4min late,2h 29m,Landed
2025-09-25,OD172,MXD172,Malindo Air,Kuala Lumpur,KUL,WMKK,15:20,07:20,15:30,10min late,18:24,5min early,2h 53m,Landed
2025-09-25,VJ898,VJC898,VietJet Air,Ho Chi Minh City,SGN,VVTS,15:30,07:30,15:56,26min late,18:23,3min late,3h 27m,Landed
2025-09-25,GA409,GIA409,Garuda Indonesia,Jakarta,CGK,WIII,15:35,07:35,16:28,53min late,17:00,25min late,1h 32m,Landed
2025-09-25,IU703,,SW Italia,Surabaya,SUB,WARR,15:40,07:40,,,,,1h 0m,Cancelled
2025-09-25,CI772,CAL772,China Airlines,Taipei,TPE,RCTP,15:40,07:40,16:09,29min late,21:03,1min early,4h 54m,Landed
2025-09-25,IP109,PAS109,Pelita Air Service,Jakarta,CGK,WIII,15:45,07:45,17:36,51min late,17:57,22min late,1h 21m,Landed
2025-09-25,QZ646,AWQ646,Indonesia AirAsia,Labuan Bajo,LBJ,WATO,15:45,07:45,15:58,13min late,16:47,12min early,48m,Landed
2025-09-25,VA92,VOZ092,Virgin Australia,Melbourne,MEL,YMML,15:50,07:50,16:13,23min late,23:10,14min early,4h 56m,Landed
2025-09-25,JQ43,JST043,Jetstar Airways,Singapore,SIN,WSSS,15:50,07:50,17:20,30min late,19:19,49min late,1h 59m,Landed
2025-09-25,GA411,GIA411,Garuda Indonesia,Jakarta,CGK,WIII,15:55,07:55,16:23,28min late,16:57,2min early,1h 34m,Landed
2025-09-25,ID8335,BTK8335,Batik Air,Labuan Bajo,LBJ,WATO,15:55,07:55,16:39,44min late,17:30,25min late,50m,Landed
2025-09-25,SJ7161,,Sriwijaya Air,Makassar,UPG,WAAA,16:00,08:00,16:00,,17:20,,1h 20m,Landed
2025-09-25,VN640,HVN640,Vietnam Airlines,Ho Chi Minh City,SGN,VVTS,16:00,08:00,16:45,45min late,19:21,41min late,3h 35m,Landed
2025-09-25,CX784,CPA784,Cathay Pacific,Hong Kong,HKG,VHHH,16:10,08:10,17:16,6min late,21:53,28min late,4h 37m,Landed
2025-09-25,QZ807,AWQ807,Indonesia AirAsia,Jakarta,CGK,WIII,16:10,08:10,16:49,39min late,17:23,8min late,1h 33m,Landed
2025-09-25,QG195,CTV195,Citilink,Jakarta,HLP,WIHH,16:10,08:10,16:43,33min late,17:34,34min late,1h 50m,Landed
2025-09-25,QZ536,AWQ536,Indonesia AirAsia,Perth,PER,YPPH,16:15,08:15,16:37,22min late,20:11,1min late,3h 33m,Landed
2025-09-25,MH850,MAS850,Malaysia Airlines,Kuala Lumpur,KUL,WMKK,16:25,08:25,16:32,7min late,19:19,15min early,2h 46m,Landed
2025-09-25,BR256,EVA256,EVA Airways,Taipei,TPE,RCTP,16:30,08:30,17:32,2min late,22:33,33min late,5h 1m,Landed
2025-09-25,IU743,,SW Italia,Jakarta,CGK,WIII,16:35,08:35,,,,,1h 55m,Cancelled
2025-09-25,QG669,CTV669,Citilink,Surabaya,SUB,WARR,16:35,08:35,17:15,40min late,16:42,2min early,27m,Landed
2025-09-25,JT744,LNI744,Lion Air,Makassar,UPG,WAAA,16:40,08:40,17:18,38min late,18:20,20min late,1h 1m,Landed
2025-09-25,QZ246,AWQ246,Indonesia AirAsia,Phuket,HKT,VTSP,16:40,08:40,17:16,36min late,19:51,11min late,3h 34m,Landed
2025-09-25,GA7036,GIA7036,Garuda Indonesia,Labuan Bajo,LBJ,WATO,16:50,08:50,17:24,34min late,18:16,16min late,52m,Landed
2025-09-25,HO1356,DKH1356,Juneyao Airlines,Shanghai,PVG,ZSPD,16:50,08:50,16:53,3min late,23:21,18min early,6h 28m,Landed
2025-09-25,QZ556,AWQ556,Indonesia AirAsia,Kuala Lumpur,KUL,WMKK,16:55,08:55,18:39,44min late,21:30,20min late,2h 50m,Landed
2025-09-25,TG432,THA432,Thai Airways International,Bangkok,BKK,VTBS,16:55,08:55,16:54,on time,19:38,26min early,3h 43m,Landed
2025-09-25,ID6335,BTK6335,Batik Air,Labuan Bajo,LBJ,WATO,17:00,09:00,17:39,39min late,18:34,24min late,54m,Landed
2025-09-25,VJ998,VJC998,VietJet Air,Hanoi,HAN,VVNB,17:30,09:30,17:52,22min late,21:37,7min early,4h 45m,Landed
2025-09-25,IU759,SJV759,SW Italia,Jakarta,CGK,WIII,17:35,09:35,19:44,9min late,20:15,45min late,1h 31m,Landed
2025-09-25,GA349,GIA349,Garuda Indonesia,Surabaya,SUB,WARR,17:35,09:35,17:49,14min late,17:35,9min early,45m,Landed
2025-09-25,GA419,GIA419,Garuda Indonesia,Jakarta,CGK,WIII,17:35,09:35,17:43,8min late,18:18,16min early,1h 35m,Landed
2025-09-25,IN281,,NAM Air,Jakarta,CGK,WIII,17:45,09:45,,,,,1h 40m,
2025-09-25,NZ291,ANZ291,Air New Zealand,Auckland,AKL,NZAA,17:50,09:50,19:33,43min late,07:03,33min late,7h 30m,Landed
2025-09-25,IN283,LKN283,Nam Air,Jakarta,CGK,WIII,18:30,10:30,18:31,1min late,19:10,on time,1h 38m,Landed
2025-09-25,OD193,MXD193,Malindo Air,Perth,PER,YPPH,18:30,10:30,20:07,37min late,23:29,24min late,3h 22m,Landed
2025-09-25,GA417,GIA417,Garuda Indonesia,Jakarta,CGK,WIII,18:30,10:30,18:57,27min late,19:34,4min late,1h 37m,Landed
2025-09-25,SL259,TLM259,Thai Lion Air,Bangkok,DMK,VTBD,18:40,10:40,19:35,55min late,22:41,41min late,4h 5m,Landed
2025-09-25,JT925,LNI925,Lion Air,Surakarta,SOC,WAHQ,18:40,10:40,19:22,42min late,19:22,22min late,59m,Landed
2025-09-25,CX782,CPA782,Cathay Pacific,Hong Kong,HKG,VHHH,18:45,10:45,19:55,10min late,00:48,43min late,4h 53m,Landed
2025-09-25,8B5109,,TransNusa,Jakarta,CGK,WIII,18:45,10:45,14:09,35min early,14:45,44min early,1h 35m,Landed
2025-09-25,EY477,ETD477,Etihad Airways,Abu Dhabi,AUH,OMAA,18:45,10:45,18:41,4min early,23:22,8min early,8h 41m,Landed
2025-09-25,ID6415,BTK6415,Batik Air,Surabaya,SUB,WARR,18:45,10:45,19:09,24min late,18:51,6min late,42m,Landed
2025-09-25,QZ809,AWQ809,Indonesia AirAsia,Jakarta,CGK,WIII,18:50,10:50,19:49,59min late,20:23,38min late,1h 34m,Landed
2025-09-25,TG440,THA440,Thai Airways International,Bangkok,BKK,VTBS,19:00,11:00,19:14,14min late,22:10,on time,3h 56m,Landed
2025-09-25,IU527,,SW Italia,Manado,MDC,WAMM,19:00,11:00,,,,,2h 40m,Cancelled
2025-09-25,QG689,CTV689,Citilink,Jakarta,CGK,WIII,19:00,11:00,19:01,1min late,19:39,20min early,1h 38m,Landed
2025-09-25,JT27,,Lion Air,Jakarta,CGK,WIII,19:05,11:05,,,,,1h 55m,Cancelled
2025-09-25,AK379,AXM379,AirAsia,Kuala Lumpur,KUL,WMKK,19:15,11:15,21:34,19min late,00:14,54min late,2h 39m,Landed
2025-09-25,MH852,MAS852,Malaysia Airlines,Kuala Lumpur,KUL,WMKK,19:20,11:20,19:39,19min late,22:24,4min late,2h 44m,Landed
2025-09-25,QR963,QTR963,Qatar Airways,Doha,DOH,OTHH,19:20,11:20,19:22,2min late,23:15,24min early,8h 52m,Landed
2025-09-25,ID7310,BTK7310,Batik Air,Jakarta,HLP,WIHH,19:25,11:25,20:00,35min late,20:26,16min late,1h 25m,Landed
2025-09-25,GA4952,GIA4952,Garuda Indonesia,Jakarta,CGK,WIII,19:30,11:30,19:53,23min late,20:32,2min late,1h 39m,Landed
2025-09-25,QG699,CTV699,Citilink,Surabaya,SUB,WARR,19:30,11:30,19:11,18min early,19:06,33min early,55m,Landed
2025-09-25,JT11,,Lion Air,Jakarta,CGK,WIII,19:35,11:35,,,,,1h 55m,Cancelled
2025-09-25,8B969,TNU969,Business Air,Guangzhou,CAN,ZGGG,19:40,11:40,19:48,8min late,00:43,16min early,4h 55m,Landed
2025-09-25,TR287,TGW287,Scoot,Singapore,SIN,WSSS,19:40,11:40,21:49,9min late,00:04,49min late,2h 14m,Landed
2025-09-25,JT923,LNI923,Lion Air,Surabaya,SUB,WARR,19:45,11:45,20:02,17min late,19:46,1min late,44m,Landed
2025-09-25,EK369,UAE369,Emirates,Dubai,DXB,OMDB,19:45,11:45,19:42,3min early,00:44,5min early,9h 2m,Landed
2025-09-25,JT271,LNI271,Lion Air,Semarang,SRG,WIIS,19:50,11:50,20:46,56min late,20:49,34min late,1h 2m,Landed
2025-09-25,ID6413,BTK6413,Batik Air,Surabaya,SUB,WARR,19:50,11:50,20:43,53min late,20:31,41min late,48m,Landed
2025-09-25,GA415,GIA415,Garuda Indonesia,Jakarta,CGK,WIII,20:00,12:00,20:09,9min late,20:46,13min early,1h 36m,Landed
2025-09-25,SQ945,SIA945,Singapore Airlines,Singapore,SIN,WSSS,20:00,12:00,20:14,14min late,22:26,13min early,2h 12m,Landed
2025-09-25,QG9692,CTV9692,Citilink,Surabaya,SUB,WARR,20:20,12:20,20:23,3min late,20:10,19min early,46m,Landed
2025-09-25,KL836,KLM836,KLM Royal Dutch Airlines,Singapore,SIN,WSSS,20:35,12:35,21:05,30min late,23:18,8min late,2h 12m,Landed
2025-09-25,GA463,GIA463,Garuda Indonesia,Jakarta,HLP,WIHH,20:40,12:40,21:01,21min late,21:30,4min early,1h 28m,Landed
2025-09-25,OD177,MXD177,Malindo Air,Melbourne,MEL,YMML,21:00,13:00,21:19,19min late,04:26,14min early,5h 6m,Landed
2025-09-25,GA425,GIA425,Garuda Indonesia,Jakarta,CGK,WIII,21:15,13:15,22:41,26min late,22:57,47min late,1h 16m,Landed
2025-09-25,TK67,THY067,Turkish Airlines,Istanbul,IST,LTFM,21:20,13:20,21:15,4min early,04:23,51min early,12h 7m,Landed
2025-09-25,JQ34,JST034,Jetstar Airways,Melbourne,MEL,YMML,21:20,13:20,22:54,34min late,05:42,47min late,4h 48m,Landed
2025-09-25,OD157,MXD157,Malindo Air,Brisbane,BNE,YBBN,21:25,13:25,22:08,43min late,05:39,24min late,5h 31m,Landed
2025-09-25,AK375,AXM375,AirAsia,Kuala Lumpur,KUL,WMKK,21:25,13:25,23:18,53min late,02:00,30min late,2h 42m,Landed
2025-09-25,ID6760,BTK6760,Batik Air,Makassar,UPG,WAAA,21:30,13:30,21:41,11min late,22:39,10min early,58m,Landed
2025-09-25,JT15,LNI015,Lion Air,Jakarta,CGK,WIII,21:30,13:30,22:57,27min late,23:22,57min late,1h 25m,Landed
2025-09-25,JQ117,JST117,Jetstar Airways,Perth,PER,YPPH,21:30,13:30,21:16,14min early,00:48,31min early,3h 32m,Landed
2025-09-25,SQ947,SIA947,Singapore Airlines,Singapore,SIN,WSSS,21:35,13:35,21:44,9min late,23:59,5min early,2h 14m,Landed
2025-09-25,IP105,PAS105,Pelita Air Service,Jakarta,CGK,WIII,21:40,13:40,21:47,7min late,22:22,7min early,1h 34m,Landed
2025-09-25,QZ819,AWQ819,Indonesia AirAsia,Jakarta,CGK,WIII,21:40,13:40,22:15,35min late,22:46,16min late,1h 31m,Landed
2025-09-25,QZ546,AWQ546,Indonesia AirAsia,Perth,PER,YPPH,21:55,13:55,22:11,16min late,01:35,4min early,3h 24m,Landed
2025-09-25,GA718,GIA718,Garuda Indonesia,Melbourne,MEL,YMML,22:05,14:05,22:25,20min late,05:28,1min early,5h 2m,Landed
2025-09-25,JQ60,JST060,Jetstar Airways,Brisbane,BNE,YBBN,22:10,14:10,22:17,7min late,05:28,11min early,5h 10m,Landed
2025-09-25,QF44,QFA044,Qantas,Sydney,SYD,YSSY,22:10,14:10,22:34,24min late,06:01,3min early,5h 26m,Landed
2025-09-25,OD171,MXD171,Malindo Air,Sydney,SYD,YSSY,22:15,14:15,22:52,37min late,06:16,11min late,5h 23m,Landed
2025-09-25,IN2801,,Nam Air,Jakarta,CGK,WIII,22:25,14:25,22:25,,23:05,,1h 40m,Landed
2025-09-25,JQ38,JST038,Jetstar Airways,Sydney,SYD,YSSY,22:35,14:35,22:30,5min early,06:07,22min early,5h 37m,Landed
2025-09-25,7C2712,JJA2712,Jeju Air,Seoul,ICN,RKSI,22:45,14:45,23:03,18min late,06:53,16min early,6h 49m,Landed
2025-09-25,VA96,VOZ096,Virgin Australia,Melbourne,MEL,YMML,23:05,15:05,23:12,7min late,06:06,33min early,4h 54m,Landed
2025-09-25,VA82,VOZ082,Virgin Australia,Gold Coast,OOL,YBCG,23:20,15:20,23:31,11min late,06:46,8min early,5h 14m,Landed
2025-09-25,GA714,GIA714,Garuda Indonesia,Sydney,SYD,YSSY,23:25,15:25,23:38,13min late,06:50,20min early,5h 12m,Landed
2025-09-25,JQ36,JST036,Jetstar Airways,Melbourne,MEL,YMML,23:30,15:30,01:19,49min late,08:14,9min late,4h 55m,Landed
2025-09-25,VA68,VOZ068,Virgin Australia,Sydney,SYD,YSSY,23:35,15:35,23:53,18min late,07:16,28min early,5h 22m,Landed
2025-09-25,KE634,KAL634,Korean Air Lines,Seoul,ICN,RKSI,23:45,15:45,23:42,2min early,07:42,12min early,7h 0m,Landed
2025-09-25,JQ128,JST128,Jetstar Airways,Adelaide,ADL,YPAD,23:55,15:55,00:10,15min late,06:08,6min early,4h 27m,Landed
2025-09-26,BX602,ABL602,Air Busan,Busan,PUS,RKPK,00:05,16:05,00:44,39min late,08:11,1min late,6h 26m,Landed
2025-09-26,TW158,TWB158,T'Way Air,Cheongju,CJJ,RKTU,00:15,16:15,01:24,9min late,09:18,8min late,6h 53m,Landed
2025-09-26,GA880,GIA880,Garuda Indonesia,Tokyo,NRT,RJAA,00:20,16:20,01:03,43min late,08:46,3min early,6h 43m,Landed
2025-09-26,MF892,CXA892,Xiamen Airlines,Xiamen,XMN,ZSAM,00:30,16:30,01:05,35min late,06:13,8min late,5h 8m,Landed
2025-09-26,CZ626,CSN626,China Southern Airlines,Guangzhou,CAN,ZGGG,00:30,16:30,00:52,22min late,05:31,18min early,4h 38m,Landed
2025-09-26,QR961,QTR961,Qatar Airways,Doha,DOH,OTHH,00:35,16:35,00:40,5min late,04:33,21min early,8h 53m,Landed
2025-09-26,EK399,UAE399,Emirates,Dubai,DXB,OMDB,00:35,16:35,00:28,7min early,05:15,19min early,8h 47m,Landed
2025-09-26,KE630,KAL630,Korean Air Lines,Seoul,ICN,RKSI,00:50,16:50,01:14,24min late,08:56,23min early,6h 41m,Landed
2025-09-26,PR538,PAL538,Philippine Airlines,Manila,MNL,RPLL,00:55,16:55,01:26,31min late,05:13,23min late,3h 47m,Landed
2025-09-26,MU5030,CES5030,China Eastern Airlines,Shanghai,PVG,ZSPD,00:55,16:55,01:17,22min late,09:02,2min late,7h 45m,Landed
2025-09-26,5J282,CEB282,CEBU Pacific Air,Manila,MNL,RPLL,01:00,17:00,01:19,19min late,04:55,29min early,3h 35m,Landed
2025-09-26,SJ726,,Sriwijaya Air,Makassar,UPG,WAAA,01:00,17:00,01:00,,02:20,,1h 20m,Landed
2025-09-26,QZ548,AWQ548,Indonesia AirAsia,Perth,PER,YPPH,01:05,17:05,00:14,50min early,03:42,12min early,3h 28m,Landed
2025-09-26,GA870,GIA870,Garuda Indonesia,Seoul,ICN,RKSI,01:15,17:15,01:21,6min late,09:28,13min late,7h 6m,Landed
2025-09-26,8B5888,TNU5888,Business Air,Manado,MDC,WAMM,01:30,17:30,01:32,2min late,03:39,25min early,2h 7m,Landed
2025-09-26,JT856,,Lion Air,Surabaya,SUB,WARR,07:00,23:00,,,,,1h 0m,
2025-09-26,JQ82,JST082,Jetstar Airways,Darwin,DRW,YPDN,07:00,23:00,07:04,4min late,10:51,23min early,2h 16m,Landed
2025-09-26,GA401,GIA401,Garuda Indonesia,Jakarta,CGK,WIII,07:00,23:00,07:23,23min late,08:09,9min late,1h 45m,Landed
2025-09-26,JT929,LNI929,Lion Air,Surabaya,SUB,WARR,07:00,23:00,07:18,18min late,06:55,4min early,37m,Landed
2025-09-26,JT746,LNI746,Lion Air,Makassar,UPG,WAAA,07:00,23:00,07:16,16min late,08:20,on time,1h 3m,Landed
2025-09-26,QZ550,AWQ550,Indonesia AirAsia,Kuala Lumpur,KUL,WMKK,07:00,23:00,11:04,4min late,13:48,48min late,2h 43m,Landed
2025-09-26,JT944,,Lion Air,Makassar,UPG,WAAA,07:00,23:00,,,,,1h 20m,
2025-09-26,QG690,CTV690,Citilink,Surabaya,SUB,WARR,07:05,23:05,07:08,3min late,06:49,15min early,41m,Landed
2025-09-26,QZ534,AWQ534,Indonesia AirAsia,Perth,PER,YPPH,07:05,23:05,07:12,7min late,10:42,17min early,3h 30m,Landed
2025-09-26,SQ949,SIA949,Singapore Airlines,Singapore,SIN,WSSS,07:10,23:10,07:28,18min late,09:38,21min early,2h 10m,Landed
2025-09-26,QZ502,AWQ502,Indonesia AirAsia,Singapore,SIN,WSSS,07:10,23:10,07:33,23min late,09:49,on time,2h 15m,Landed
2025-09-26,QZ644,AWQ644,Indonesia AirAsia,Labuan Bajo,LBJ,WATO,07:10,23:10,07:35,25min late,08:26,11min late,51m,Landed
2025-09-26,QZ813,AWQ813,Indonesia AirAsia,Jakarta,CGK,WIII,07:15,23:15,07:37,22min late,08:01,8min early,1h 24m,Landed
2025-09-26,QG663,CTV663,Citilink,Jakarta,CGK,WIII,07:45,23:45,07:41,4min early,08:37,2min late,1h 56m,Landed
2025-09-26,IW3330,WON3330,Wings Air,,,,08:00,00:00,08:07,7min late,10:33,6min early,2h 26m,Landed
2025-09-26,IW1854,WON1854,Wings Air,Lombok,LOP,WADL,08:00,00:00,08:03,3min late,08:27,17min early,23m,Landed
2025-09-26,JT21,LNI021,Lion Air,Jakarta,CGK,WIII,08:05,00:05,08:54,49min late,09:37,37min late,1h 42m,Landed
2025-09-26,HX706,CRK706,Hong Kong Airlines,Hong Kong,HKG,VHHH,08:15,00:15,08:21,6min late,13:25,5min late,5h 4m,Landed
2025-09-26,QZ817,AWQ817,Indonesia AirAsia,Jakarta,CGK,WIII,08:30,00:30,08:31,1min late,09:07,12min early,1h 35m,Landed
2025-09-26,5J280,CEB280,CEBU Pacific Air,Manila,MNL,RPLL,08:35,00:35,08:49,14min late,12:50,on time,4h 1m,Landed
2025-09-26,IW1850,WON1850,Wings Air,Lombok,LOP,WADL,08:35,00:35,09:26,51min late,09:52,32min late,25m,Landed
2025-09-26,CZ8482,CSN8482,China Southern Airlines,Guangzhou,CAN,ZGGG,08:40,00:40,08:56,16min late,13:43,6min early,4h 46m,Landed
2025-09-26,8B80,TNU080,Business Air,Perth,PER,YPPH,09:05,01:05,09:02,2min early,12:30,24min early,3h 28m,Landed
2025-09-26,8B5105,TNU5105,Business Air,Jakarta,CGK,WIII,09:10,01:10,09:20,10min late,10:01,1min late,1h 41m,Landed
2025-09-26,IN640,LKN640,NAM Air,Tambolaka,TMC,WADT,09:10,01:10,09:18,8min late,09:59,10min early,41m,Landed
2025-09-26,IW1832,WON1832,Wings Air,Tambolaka,TMC,WADT,09:10,01:10,09:22,12min late,10:26,8min early,1h 4m,Landed
2025-09-26,ID6007,BTK6007,Batik Air,Perth,PER,YPPH,09:25,01:25,09:32,7min late,12:55,19min early,3h 23m,Landed
2025-09-26,JT31,LNI031,Lion Air,Jakarta,CGK,WIII,09:30,01:30,10:01,31min late,10:38,13min late,1h 37m,Landed
2025-09-26,QG500,CTV500,Citilink,Dili,DIL,WPDL,09:30,01:30,09:29,on time,12:12,7min early,1h 42m,Landed
2025-09-26,QZ803,AWQ803,Indonesia AirAsia,Jakarta,CGK,WIII,09:40,01:40,09:41,1min late,10:05,24min early,1h 24m,Landed
2025-09-26,QR965,QTR965,Qatar Airways,Doha,DOH,OTHH,09:55,01:55,10:14,19min late,14:16,3min early,9h 2m,Landed
2025-09-26,JT3569,LNI3569,Lion Air,Yogyakarta,YIA,WAHI,09:55,01:55,10:05,10min late,10:14,10min early,1h 9m,Landed
2025-09-26,IW1882,WON1882,Wings Air,Sumbawa Besar,SWQ,WADS,10:00,02:00,08:47,12min early,11:06,6min late,2h 19m,Landed
2025-09-26,JT270,LNI270,Lion Air,Kupang,KOE,WATT,10:00,02:00,10:14,14min late,11:40,on time,1h 25m,Landed
2025-09-26,AI2146,AIC2146,Air India,Delhi,DEL,VIDP,10:00,02:00,10:12,12min late,14:57,37min early,7h 15m,Landed
2025-09-26,SQ935,SIA935,Singapore Airlines,Singapore,SIN,WSSS,10:05,02:05,10:18,13min late,12:46,1min late,2h 28m,Landed
2025-09-26,SU297,AFL297,Aeroflot,Moscow,SVO,UUEE,10:05,02:05,10:37,32min late,17:33,41min early,11h 56m,Landed
2025-09-26,8B5101,TNU5101,TransNusa,Jakarta,CGK,WIII,10:25,02:25,10:34,9min late,11:17,2min late,1h 42m,Landed
2025-09-26,JT33,LNI033,Lion Air,Jakarta,CGK,WIII,10:30,02:30,14:27,57min late,15:02,37min late,1h 35m,Landed
2025-09-26,JT805,LNI805,Lion Air,Surabaya,SUB,WARR,10:35,02:35,11:02,27min late,10:44,9min late,42m,Landed
2025-09-26,8G182,DTL182,Mid Africa Aviation,Dili,DIL,WPDL,10:35,02:35,10:48,13min late,13:27,2min early,1h 38m,Landed
2025-09-26,QZ815,AWQ815,Indonesia AirAsia,Jakarta,CGK,WIII,10:35,02:35,11:34,59min late,12:15,45min late,1h 40m,Landed
2025-09-26,TR281,TGW281,Scoot,Singapore,SIN,WSSS,10:50,02:50,11:06,16min late,13:23,6min early,2h 17m,Landed
2025-09-26,QG197,CTV197,Citilink,Jakarta,HLP,WIHH,11:10,03:10,11:18,8min late,12:28,28min late,2h 10m,Landed
2025-09-26,JQ126,JST126,Jetstar Airways,Adelaide,ADL,YPAD,11:15,03:15,11:32,17min late,17:15,14min early,4h 12m,Landed
2025-09-26,6E1606,IGO1606,IndiGo,Bangalore,BLR,VOBL,11:20,03:20,11:06,14min early,14:47,22min early,6h 11m,Landed
2025-09-26,GA620,GIA620,Garuda Indonesia,Makassar,UPG,WAAA,11:20,03:20,11:28,8min late,12:38,11min early,1h 10m,Landed
2025-09-26,JQ109,JST109,Jetstar Airways,Perth,PER,YPPH,11:40,03:40,12:31,51min late,16:02,37min late,3h 31m,Landed
2025-09-26,JQ32,JST032,Jetstar Airways,Melbourne,MEL,YMML,11:55,03:55,13:21,26min late,20:16,46min late,4h 55m,Landed
2025-09-26,OD192,MXD192,Malindo Air,Kuala Lumpur,KUL,WMKK,11:55,03:55,12:04,9min late,14:45,19min early,2h 40m,Landed
2025-09-26,GA407,GIA407,Garuda Indonesia,Jakarta,CGK,WIII,12:00,04:00,12:12,12min late,12:46,8min early,1h 34m,Landed
2025-09-26,FD397,AIQ397,Thai AirAsia,Bangkok,DMK,VTBD,12:00,04:00,12:21,21min late,15:34,on time,4h 13m,Landed
2025-09-26,QZ618,AWQ618,Indonesia AirAsia,Banjarmasin,BDJ,WAOO,12:05,04:05,12:41,36min late,13:42,12min late,1h 1m,Landed
2025-09-26,GA253,GIA253,Garuda Indonesia,Yogyakarta,YIA,WAHI,12:05,04:05,17:13,8min late,17:20,25min late,1h 7m,Landed
2025-09-26,SQ937,SIA937,Singapore Airlines,Singapore,SIN,WSSS,12:10,04:10,12:36,26min late,15:01,6min late,2h 25m,Landed
2025-09-26,JQ40,JST040,Jetstar Airways,Sydney,SYD,YSSY,12:20,04:20,12:16,3min early,19:18,56min early,5h 1m,Landed
2025-09-26,IN7742,,NAM Air,Tambolaka,TMC,WADT,12:20,04:20,,,,,1h 0m,
2025-09-26,SJ742,,Sriwijaya Air,Tambolaka,TMC,WADT,12:20,04:20,,,,,1h 0m,
2025-09-26,OD178,MXD178,Malindo Air,Kuala Lumpur,KUL,WMKK,12:25,04:25,12:29,4min late,15:14,20min early,2h 45m,Landed
2025-09-26,QZ805,AWQ805,Indonesia AirAsia,Jakarta,CGK,WIII,12:40,04:40,12:48,8min late,13:20,19min early,1h 32m,Landed
2025-09-26,IW1848,WON1848,Wings Air,Lombok,LOP,WADL,12:45,04:45,13:33,48min late,13:57,27min late,23m,Landed
2025-09-26,IP103,PAS103,Pelita Air Service,Jakarta,CGK,WIII,12:45,04:45,13:05,20min late,13:40,on time,1h 34m,Landed
2025-09-26,ID7308,BTK7308,Batik Air,Jakarta,HLP,WIHH,12:50,04:50,17:55,5min late,18:29,54min late,1h 34m,Landed
2025-09-26,8B82,TNU082,Business Air,Perth,PER,YPPH,12:55,04:55,14:33,38min late,17:55,0min late,3h 21m,Landed
2025-09-26,MH714,MAS714,Malaysia Airlines,Kuala Lumpur,KUL,WMKK,13:05,05:05,13:23,18min late,16:06,3min early,2h 42m,Landed
2025-09-26,SQ939,SIA939,Singapore Airlines,Singapore,SIN,WSSS,13:05,05:05,13:14,9min late,15:46,3min early,2h 31m,Landed
2025-09-26,VJ900,VJC900,VietJet Air,Hanoi,HAN,VVNB,13:10,05:10,13:10,on time,17:00,19min early,4h 50m,Landed
2025-09-26,JT35,LNI035,Lion Air,Jakarta,CGK,WIII,13:10,05:10,15:23,13min late,16:01,56min late,1h 38m,Landed
2025-09-26,JQ58,JST058,Jetstar Airways,Brisbane,BNE,YBBN,13:15,05:15,13:51,36min late,20:47,2min late,4h 56m,Landed
2025-09-26,OD172,MXD172,Malindo Air,Kuala Lumpur,KUL,WMKK,13:15,05:15,13:52,37min late,16:34,9min late,2h 41m,Landed
2025-09-26,IW1834,WON1834,Wings Air,Tambolaka,TMC,WADT,13:20,05:20,14:50,30min late,15:36,51min late,45m,Landed
2025-09-26,GA409,GIA409,Garuda Indonesia,Jakarta,CGK,WIII,13:25,05:25,14:11,46min late,14:47,22min late,1h 36m,Landed
2025-09-26,JT660,LNI660,Lion Air,Balikpapan,BPN,WALL,13:25,05:25,13:55,30min late,15:20,10min late,1h 24m,Landed
2025-09-26,D7799,XAX799,AirAsia X,Kuala Lumpur,KUL,WMKK,13:35,05:35,13:48,13min late,16:33,16min early,2h 44m,Landed
2025-09-26,IW1826,WON1826,Wings Air,Bima,BMU,WADB,13:40,05:40,15:58,18min late,17:02,57min late,1h 4m,Landed
2025-09-26,ID7135,BTK7135,Batik Air,Singapore,SIN,WSSS,13:45,05:45,16:12,27min late,18:27,47min late,2h 14m,Landed
2025-09-26,8B5107,TNU5107,TransNusa,Jakarta,CGK,WIII,13:50,05:50,18:48,58min late,19:07,27min late,1h 18m,Landed
2025-09-26,OD158,MXD158,Malindo Air,Kuala Lumpur,KUL,WMKK,13:50,05:50,14:14,24min late,17:04,4min late,2h 50m,Landed
2025-09-26,QZ544,AWQ544,Indonesia AirAsia,Perth,PER,YPPH,13:55,05:55,14:18,23min late,17:44,10min early,3h 25m,Landed
2025-09-26,IW1964,WON1964,Wings Air,Lombok,LOP,WADL,13:55,05:55,15:50,55min late,16:12,32min late,22m,Landed
2025-09-26,TR289,TGW289,Scoot,Singapore,SIN,WSSS,14:00,06:00,14:22,22min late,16:46,13min early,2h 24m,Landed
2025-09-26,JT25,LNI025,Lion Air,Jakarta,CGK,WIII,14:00,06:00,15:13,13min late,15:47,52min late,1h 34m,Landed
2025-09-26,VJ894,VJC894,VietJet Air,Ho Chi Minh City,SGN,VVTS,14:05,06:05,14:06,1min late,16:31,23min early,3h 24m,Landed
2025-09-26,JT569,,Lion Air,Yogyakarta,YIA,WAHI,14:10,06:10,,,,,1h 30m,Cancelled
2025-09-26,QG687,CTV687,Citilink,Jakarta,CGK,WIII,14:10,06:10,14:46,36min late,15:22,12min late,1h 35m,Landed
2025-09-26,QZ246,AWQ246,Indonesia AirAsia,Phuket,HKT,VTSP,14:15,06:15,14:25,10min late,17:05,9min early,3h 39m,Landed
2025-09-26,ID7637,BTK7637,Batik Air,Bangkok,DMK,VTBD,14:15,06:15,15:00,45min late,17:55,10min late,3h 54m,Landed
2025-09-26,JT23,,Lion Air,Jakarta,CGK,WIII,14:35,06:35,,,,,1h 55m,Cancelled
2025-09-26,JT740,LNI740,Lion Air,Makassar,UPG,WAAA,14:40,06:40,15:03,23min late,16:12,12min late,1h 8m,Landed
2025-09-26,QG681,CTV681,Citilink,Jakarta,CGK,WIII,14:40,06:40,15:17,37min late,15:53,18min late,1h 36m,Landed
2025-09-26,IW1884,WON1884,Wings Air,Waingapu,WGP,WADW,14:40,06:40,15:43,3min late,17:05,35min late,1h 21m,Landed
2025-09-26,JT273,LNI273,Lion Air,Semarang,SRG,WIIS,14:40,06:40,15:19,39min late,15:30,25min late,1h 10m,Landed
2025-09-26,AK377,AXM377,AirAsia,Kuala Lumpur,KUL,WMKK,14:45,06:45,15:07,22min late,17:50,4min early,2h 43m,Landed
2025-09-26,OD307,MXD307,Malindo Air,Kuala Lumpur,KUL,WMKK,14:50,06:50,15:10,20min late,17:51,1min late,2h 41m,Landed
2025-09-26,JQ44,JST044,Jetstar Airways,Melbourne,MEL,YMML,14:55,06:55,16:16,21min late,23:12,42min late,4h 56m,Landed
2025-09-26,JT924,LNI924,Lion Air,Kupang,KOE,WATT,14:55,06:55,17:12,17min late,17:25,50min late,13m,Landed
2025-09-26,JT844,LNI844,Lion Air,Banjarmasin,BDJ,WAOO,15:00,07:00,15:39,39min late,16:42,17min late,1h 2m,Landed
2025-09-26,8B5103,,TransNusa,Jakarta,CGK,WIII,15:10,07:10,,,,,1h 45m,
2025-09-26,GA842,GIA842,Garuda Indonesia,Singapore,SIN,WSSS,15:15,07:15,15:53,38min late,18:19,19min late,2h 25m,Landed
2025-09-26,VA50,VOZ050,Virgin Australia,Brisbane,BNE,YBBN,15:15,07:15,15:27,12min late,22:32,27min early,5h 5m,Landed
2025-09-26,VJ898,VJC898,VietJet Air,Ho Chi Minh City,SGN,VVTS,15:30,07:30,16:07,37min late,18:37,17min late,3h 30m,Landed
2025-09-26,CI772,CAL772,China Airlines,Taipei,TPE,RCTP,15:40,07:40,16:09,29min late,20:58,6min early,4h 49m,Landed
2025-09-26,IU703,SJV703,SW Italia,Surabaya,SUB,WARR,15:40,07:40,16:18,38min late,16:00,20min late,41m,Landed
2025-09-26,IP109,PAS109,Pelita Air Service,Jakarta,CGK,WIII,15:45,07:45,16:19,34min late,16:52,17min late,1h 33m,Landed
2025-09-26,VA92,VOZ092,Virgin Australia,Melbourne,MEL,YMML,15:50,07:50,16:23,33min late,23:26,1min late,5h 3m,Landed
2025-09-26,JQ43,JST043,Jetstar Airways,Singapore,SIN,WSSS,15:50,07:50,16:27,37min late,18:43,13min late,2h 16m,Landed
2025-09-26,GA411,GIA411,Garuda Indonesia,Jakarta,CGK,WIII,15:55,07:55,18:07,12min late,18:43,43min late,1h 35m,Landed
2025-09-26,ID8335,BTK8335,Batik Air,Labuan Bajo,LBJ,WATO,15:55,07:55,17:30,35min late,18:21,16min late,51m,Landed
2025-09-26,VN640,HVN640,Vietnam Airlines,Ho Chi Minh City,SGN,VVTS,16:00,08:00,16:47,47min late,19:03,23min late,3h 16m,Landed
2025-09-26,SJ717,,Sriwijaya Air,Makassar,UPG,WAAA,16:00,08:00,,,,,1h 20m,
2025-09-26,CX784,CPA784,Cathay Pacific,Hong Kong,HKG,VHHH,16:10,08:10,16:18,8min late,21:01,23min early,4h 43m,Landed
2025-09-26,QG195,CTV195,Citilink,Jakarta,HLP,WIHH,16:10,08:10,16:07,3min early,16:58,1min early,1h 51m,Landed
2025-09-26,QZ807,AWQ807,Indonesia AirAsia,Jakarta,CGK,WIII,16:10,08:10,16:25,15min late,17:00,14min early,1h 35m,Landed
2025-09-26,QZ536,AWQ536,Indonesia AirAsia,Perth,PER,YPPH,16:15,08:15,16:32,17min late,19:55,14min early,3h 22m,Landed
2025-09-26,MH850,MAS850,Malaysia Airlines,Kuala Lumpur,KUL,WMKK,16:25,08:25,16:50,25min late,19:37,2min late,2h 46m,Landed
2025-09-26,BR256,EVA256,EVA Airways,Taipei,TPE,RCTP,16:30,08:30,17:34,4min late,22:37,37min late,5h 3m,Landed
2025-09-26,GA427,GIA427,Garuda Indonesia,Jakarta,CGK,WIII,16:30,08:30,16:45,15min late,17:20,9min early,1h 34m,Landed
2025-09-26,QG669,CTV669,Citilink,Surabaya,SUB,WARR,16:35,08:35,16:55,20min late,16:42,2min early,47m,Landed
2025-09-26,IU743,SJV743,SW Italia,Jakarta,CGK,WIII,16:35,08:35,17:45,10min late,18:16,46min late,1h 31m,Landed
2025-09-26,GA421,GIA421,Garuda Indonesia,Jakarta,CGK,WIII,16:40,08:40,17:21,41min late,17:57,17min late,1h 35m,Landed
2025-09-26,JT744,LNI744,Lion Air,Makassar,UPG,WAAA,16:40,08:40,17:59,19min late,19:01,1min late,1h 1m,Landed
2025-09-26,QZ642,AWQ642,Indonesia AirAsia,Labuan Bajo,LBJ,WATO,16:45,08:45,16:59,14min late,17:51,3min early,52m,Landed
2025-09-26,HO1356,DKH1356,Juneyao Airlines,Shanghai,PVG,ZSPD,16:50,08:50,16:53,3min late,23:17,22min early,6h 23m,Landed
2025-09-26,TG432,THA432,Thai Airways International,Bangkok,BKK,VTBS,16:55,08:55,17:27,32min late,20:10,5min late,3h 42m,Landed
2025-09-26,ID6335,BTK6335,Batik Air,Labuan Bajo,LBJ,WATO,17:00,09:00,12:08,51min early,12:59,10min early,51m,Landed
2025-09-26,IU273,SJV273,SW Italia,Pontianak,PNK,WIOO,17:00,09:00,18:38,38min late,19:16,16min late,1h 37m,Landed
2025-09-26,VJ998,VJC998,VietJet Air,Hanoi,HAN,VVNB,17:30,09:30,23:00,30min late,00:13,28min late,2h 13m,Landed
2025-09-26,GA419,GIA419,Garuda Indonesia,Jakarta,CGK,WIII,17:35,09:35,19:50,15min late,20:23,48min late,1h 33m,Landed
2025-09-26,IU759,SJV759,SW Italia,Jakarta,CGK,WIII,17:35,09:35,18:30,55min late,18:46,16min late,1h 16m,Landed
2025-09-26,GA349,GIA349,Garuda Indonesia,Surabaya,SUB,WARR,17:35,09:35,21:51,16min late,21:39,54min late,47m,Landed
2025-09-26,D7793,XAX793,AirAsia X,Kuala Lumpur,KUL,WMKK,17:40,09:40,17:51,11min late,20:40,14min early,2h 49m,Landed
2025-09-26,NZ291,ANZ291,Air New Zealand,Auckland,AKL,NZAA,17:50,09:50,18:00,10min late,05:21,8min early,7h 21m,Landed
2025-09-26,JT567,LNI567,Lion Air,Yogyakarta,YIA,WAHI,18:25,10:25,18:55,30min late,19:04,9min late,1h 9m,Landed
2025-09-26,OD193,MXD193,Malindo Air,Perth,PER,YPPH,18:30,10:30,18:31,1min late,21:57,7min early,3h 25m,Landed
2025-09-26,IN281,LKN281,Nam Air,Jakarta,CGK,WIII,18:30,10:30,19:03,33min late,19:22,12min late,1h 19m,Landed
2025-09-26,GA417,GIA417,Garuda Indonesia,Jakarta,CGK,WIII,18:30,10:30,20:33,3min late,21:09,39min late,1h 35m,Landed
2025-09-26,JT925,LNI925,Lion Air,Surakarta,SOC,WAHQ,18:40,10:40,20:12,32min late,20:15,15min late,1h 3m,Landed
2025-09-26,8B5109,TNU5109,TransNusa,Jakarta,CGK,WIII,18:45,10:45,23:23,38min late,23:49,19min late,1h 26m,Landed
2025-09-26,ID6415,BTK6415,Batik Air,Surabaya,SUB,WARR,18:45,10:45,20:02,17min late,19:28,43min late,26m,Landed
2025-09-26,CX782,CPA782,Cathay Pacific,Hong Kong,HKG,VHHH,18:45,10:45,18:57,12min late,23:34,30min early,4h 37m,Landed
2025-09-26,EY477,ETD477,Etihad Airways,Abu Dhabi,AUH,OMAA,18:45,10:45,18:34,11min early,23:19,10min early,8h 45m,Landed
2025-09-26,QZ809,AWQ809,Indonesia AirAsia,Jakarta,CGK,WIII,18:50,10:50,18:59,9min late,19:19,25min early,1h 19m,Landed
2025-09-26,QG689,CTV689,Citilink,Jakarta,CGK,WIII,19:00,11:00,19:10,10min late,19:51,8min early,1h 40m,Landed
2025-09-26,IU527,SJV527,SW Italia,Manado,MDC,WAMM,19:00,11:00,19:46,46min late,22:02,52min late,2h 15m,Landed
2025-09-26,TG440,THA440,Thai Airways International,Bangkok,BKK,VTBS,19:00,11:00,19:14,14min late,22:15,5min late,4h 1m,Landed
2025-09-26,JT27,,Lion Air,Jakarta,CGK,WIII,19:05,11:05,,,,,1h 55m,Cancelled
2025-09-26,AK379,AXM379,AirAsia,Kuala Lumpur,KUL,WMKK,19:15,11:15,21:28,13min late,00:05,45min late,2h 36m,Landed
2025-09-26,MH852,MAS852,Malaysia Airlines,Kuala Lumpur,KUL,WMKK,19:20,11:20,19:57,37min late,22:47,27min late,2h 49m,Landed
2025-09-26,QR963,QTR963,Qatar Airways,Doha,DOH,OTHH,19:20,11:20,19:31,11min late,23:35,4min early,9h 4m,Landed
2025-09-26,ID7310,BTK7310,Batik Air,Jakarta,HLP,WIHH,19:25,11:25,22:45,20min late,23:06,56min late,1h 21m,Landed
2025-09-26,QG699,CTV699,Citilink,Surabaya,SUB,WARR,19:30,11:30,19:36,6min late,19:21,18min early,44m,Landed
2025-09-26,JT11,,Lion Air,Jakarta,CGK,WIII,19:35,11:35,,,,,1h 55m,Cancelled
2025-09-26,8B969,TNU969,Business Air,Guangzhou,CAN,ZGGG,19:40,11:40,23:41,1min late,04:25,25min late,4h 43m,Landed
2025-09-26,TR287,TGW287,Scoot,Singapore,SIN,WSSS,19:40,11:40,19:55,15min late,22:10,4min early,2h 15m,Landed
2025-09-26,JT923,LNI923,Lion Air,Surabaya,SUB,WARR,19:45,11:45,22:49,4min late,22:35,50min late,45m,Landed
2025-09-26,EK369,UAE369,Emirates,Dubai,DXB,OMDB,19:45,11:45,20:08,23min late,00:42,7min early,8h 33m,Landed
2025-09-26,ID6413,BTK6413,Batik Air,Surabaya,SUB,WARR,19:50,11:50,20:50,0min late,20:33,43min late,42m,Landed
2025-09-26,JT271,LNI271,Lion Air,Semarang,SRG,WIIS,19:50,11:50,20:57,7min late,21:07,52min late,1h 10m,Landed
2025-09-26,GA415,GIA415,Garuda Indonesia,Jakarta,CGK,WIII,20:00,12:00,21:11,11min late,21:46,46min late,1h 35m,Landed
2025-09-26,ID6517,BTK6517,Batik Air,Jakarta,CGK,WIII,20:00,12:00,21:35,35min late,21:57,2min late,1h 22m,Landed
2025-09-26,SQ945,SIA945,Singapore Airlines,Singapore,SIN,WSSS,20:00,12:00,20:29,29min late,22:39,on time,2h 9m,Landed
2025-09-26,QG9692,CTV9692,Citilink,Surabaya,SUB,WARR,20:20,12:20,20:25,5min late,20:04,25min early,38m,Landed
2025-09-26,QG342,CTV342,Citilink,Makassar,UPG,WAAA,20:30,12:30,12:01,28min early,13:13,6min early,1h 11m,Landed
2025-09-26,KL836,KLM836,KLM Royal Dutch Airlines,Singapore,SIN,WSSS,20:35,12:35,21:14,39min late,23:26,16min late,2h 11m,Landed
2025-09-26,OD177,MXD177,Malindo Air,Melbourne,MEL,YMML,21:00,13:00,21:39,39min late,04:42,2min late,5h 2m,Landed
2025-09-26,JQ107,JST107,Jetstar Airways,Perth,PER,YPPH,21:10,13:10,21:11,on time,00:51,3min early,3h 40m,Landed
2025-09-26,GA463,GIA463,Garuda Indonesia,Jakarta,HLP,WIHH,21:15,13:15,22:25,10min late,22:50,15min late,1h 25m,Landed
2025-09-26,GA425,GIA425,Garuda Indonesia,Jakarta,CGK,WIII,21:15,13:15,22:29,14min late,23:01,51min late,1h 32m,Landed
2025-09-26,JQ34,JST034,Jetstar Airways,Melbourne,MEL,YMML,21:20,13:20,00:12,52min late,07:09,14min late,4h 56m,Landed
2025-09-26,OD171,MXD171,Malindo Air,Sydney,SYD,YSSY,21:20,13:20,22:15,55min late,06:00,35min late,5h 45m,Landed
2025-09-26,AK375,AXM375,AirAsia,Kuala Lumpur,KUL,WMKK,21:25,13:25,23:08,43min late,01:50,20min late,2h 42m,Landed
2025-09-26,ID6760,BTK6760,Batik Air,Makassar,UPG,WAAA,21:30,13:30,21:42,12min late,22:35,14min early,53m,Landed
2025-09-26,JT15,LNI015,Lion Air,Jakarta,CGK,WIII,21:30,13:30,21:58,28min late,22:26,1min late,1h 27m,Landed
2025-09-26,JQ117,JST117,Jetstar Airways,Perth,PER,YPPH,21:30,13:30,22:24,54min late,01:52,32min late,3h 28m,Landed
2025-09-26,SQ947,SIA947,Singapore Airlines,Singapore,SIN,WSSS,21:35,13:35,21:53,18min late,00:04,on time,2h 10m,Landed
2025-09-26,IP105,PAS105,Pelita Air Service,Jakarta,CGK,WIII,21:40,13:40,21:47,7min late,22:23,6min early,1h 36m,Landed
2025-09-26,QZ819,AWQ819,Indonesia AirAsia,Jakarta,CGK,WIII,21:40,13:40,21:44,4min late,22:04,25min early,1h 19m,Landed
2025-09-26,QG685,CTV685,Citilink,Jakarta,CGK,WIII,21:55,13:55,22:36,41min late,23:16,21min late,1h 39m,Landed
2025-09-26,QZ546,AWQ546,Indonesia AirAsia,Perth,PER,YPPH,21:55,13:55,22:21,26min late,01:49,9min late,3h 27m,Landed
2025-09-26,GA718,GIA718,Garuda Indonesia,Melbourne,MEL,YMML,22:05,14:05,23:04,59min late,06:08,38min late,5h 4m,Landed
2025-09-26,QF44,QFA044,Qantas,Sydney,SYD,YSSY,22:10,14:10,22:17,7min late,06:06,1min late,5h 49m,Landed
2025-09-26,SV857,SVA857,Saudi Arabian Airlines,Singapore,SIN,WSSS,22:15,14:15,22:56,41min late,01:04,19min late,2h 7m,Landed
2025-09-26,IN2801,,NAM Air,Jakarta,CGK,WIII,22:25,14:25,22:25,,23:05,,1h 40m,Landed
2025-09-26,JQ38,JST038,Jetstar Airways,Sydney,SYD,YSSY,22:35,14:35,22:35,on time,06:20,9min early,5h 45m,Landed
2025-09-26,7C2712,JJA2712,Jeju Air,Seoul,ICN,RKSI,22:45,14:45,00:00,15min late,07:52,42min late,6h 51m,Landed
2025-09-26,QZ811,AWQ811,Indonesia AirAsia,Jakarta,CGK,WIII,22:50,14:50,23:11,21min late,23:38,1min early,1h 26m,Landed
2025-09-26,VA96,VOZ096,Virgin Australia,Melbourne,MEL,YMML,23:05,15:05,23:04,on time,06:29,10min early,5h 25m,Landed
2025-09-26,QF46,QFA046,Qantas,Melbourne,MEL,YMML,23:05,15:05,00:09,4min late,06:59,19min late,4h 49m,Landed
2025-09-26,3U3986,CSC3986,Sichuan Airlines,Lujia Town,TFU,ZUTF,23:05,15:05,23:16,11min late,05:20,29min early,6h 4m,Landed
2025-09-26,VA82,VOZ082,Virgin Australia,Gold Coast,OOL,YBCG,23:20,15:20,23:52,32min late,06:56,1min late,5h 3m,Landed
2025-09-26,GA714,GIA714,Garuda Indonesia,Sydney,SYD,YSSY,23:25,15:25,23:41,16min late,07:03,6min early,5h 21m,Landed
2025-09-26,JQ91,JST091,Jetstar Airways,Cairns,CNS,YBCS,23:30,15:30,01:08,38min late,07:09,9min late,4h 1m,Landed
2025-09-26,JQ36,JST036,Jetstar Airways,Melbourne,MEL,YMML,23:30,15:30,00:57,27min late,07:48,43min late,4h 50m,Landed
2025-09-26,VA68,VOZ068,Virgin Australia,Sydney,SYD,YSSY,23:35,15:35,00:29,54min late,07:42,2min early,5h 12m,Landed
2025-09-26,JQ94,JST094,Jetstar Airways,Gold Coast,OOL,YBCG,23:45,15:45,00:20,35min late,07:30,15min late,5h 10m,Landed
2025-09-26,KE634,KAL634,Korean Air Lines,Seoul,ICN,RKSI,23:45,15:45,23:45,on time,07:34,20min early,6h 49m,Landed
2025-09-26,QZ420,AWQ420,Indonesia AirAsia,Adelaide,ADL,YPAD,23:45,15:45,00:02,17min late,06:00,24min early,4h 28m,Landed
2025-09-26,JQ128,JST128,Jetstar Airways,Adelaide,ADL,YPAD,23:55,15:55,00:35,40min late,06:22,12min late,4h 16m,Landed
2025-09-27,BX602,ABL602,Air Busan,Busan,PUS,RKPK,00:05,16:05,00:44,39min late,08:11,1min late,6h 26m,Landed
2025-09-27,GA880,GIA880,Garuda Indonesia,Tokyo,NRT,RJAA,00:20,16:20,00:52,32min late,08:38,11min early,6h 45m,Landed
2025-09-27,MF892,CXA892,Xiamen Airlines,Xiamen,XMN,ZSAM,00:30,16:30,00:35,5min late,05:42,22min early,5h 6m,Landed
2025-09-27,CZ626,CSN626,China Southern Airlines,Guangzhou,CAN,ZGGG,00:30,16:30,00:53,23min late,05:40,9min early,4h 46m,Landed
2025-09-27,QR961,QTR961,Qatar Airways,Doha,DOH,OTHH,00:35,16:35,00:27,7min early,04:20,34min early,8h 52m,Landed
2025-09-27,EK399,UAE399,Emirates,Dubai,DXB,OMDB,00:35,16:35,00:31,4min early,05:11,23min early,8h 40m,Landed
2025-09-27,KE630,KAL630,Korean Air Lines,Seoul,ICN,RKSI,00:50,16:50,01:12,22min late,08:49,30min early,6h 37m,Landed
2025-09-27,MU5030,CES5030,China Eastern Airlines,Shanghai,PVG,ZSPD,00:55,16:55,01:00,5min late,07:14,40min early,6h 14m,Landed
2025-09-27,PR538,PAL538,Philippine Airlines,Manila,MNL,RPLL,00:55,16:55,01:14,19min late,04:46,3min early,3h 32m,Landed
2025-09-27,SJ726,,Sriwijaya Air,Makassar,UPG,WAAA,01:00,17:00,01:00,,02:20,,1h 20m,Landed
2025-09-27,5J282,CEB282,CEBU Pacific Air,Manila,MNL,RPLL,01:00,17:00,01:19,19min late,04:55,29min early,3h 35m,Landed
2025-09-27,QZ548,AWQ548,Indonesia AirAsia,Perth,PER,YPPH,01:05,17:05,00:13,51min early,03:33,21min early,3h 19m,Landed
2025-09-27,GA870,GIA870,Garuda Indonesia,Seoul,ICN,RKSI,01:15,17:15,01:31,16min late,09:18,3min late,6h 47m,Landed
2025-09-27,8B5888,,TransNusa,Manado,MDC,WAMM,01:30,17:30,,,,,2h 35m,
2025-09-27,QZ550,AWQ550,Indonesia AirAsia,Kuala Lumpur,KUL,WMKK,07:00,23:00,08:08,8min late,10:59,59min late,2h 51m,Landed
2025-09-27,JT746,LNI746,Lion Air,Makassar,UPG,WAAA,07:00,23:00,07:00,on time,08:05,15min early,1h 4m,Landed
2025-09-27,GA401,GIA401,Garuda Indonesia,Jakarta,CGK,WIII,07:00,23:00,07:28,28min late,07:48,11min early,1h 20m,Landed
2025-09-27,JT929,LNI929,Lion Air,Surabaya,SUB,WARR,07:00,23:00,07:22,22min late,06:49,10min early,26m,Landed
2025-09-27,JQ82,JST082,Jetstar Airways,Darwin,DRW,YPDN,07:00,23:00,07:16,16min late,11:05,9min early,2h 19m,Landed
2025-09-27,QZ534,AWQ534,Indonesia AirAsia,Perth,PER,YPPH,07:05,23:05,07:12,7min late,10:31,28min early,3h 19m,Landed
2025-09-27,QG690,CTV690,Citilink,Surabaya,SUB,WARR,07:05,23:05,08:53,48min late,09:18,13min late,1h 24m,Landed
2025-09-27,SQ949,SIA949,Singapore Airlines,Singapore,SIN,WSSS,07:10,23:10,07:20,10min late,09:31,28min early,2h 11m,Landed
2025-09-27,QZ644,AWQ644,Indonesia AirAsia,Labuan Bajo,LBJ,WATO,07:10,23:10,07:05,4min early,07:55,19min early,49m,Landed
2025-09-27,QZ502,AWQ502,Indonesia AirAsia,Singapore,SIN,WSSS,07:10,23:10,07:32,22min late,09:53,3min late,2h 21m,Landed
2025-09-27,QG663,CTV663,Citilink,Jakarta,CGK,WIII,07:45,23:45,07:43,1min early,08:03,31min early,1h 20m,Landed
2025-09-27,IW1854,WON1854,Wings Air,Lombok,LOP,WADL,08:00,00:00,09:34,34min late,08:24,20min early,,Landed
2025-09-27,JT21,LNI021,Lion Air,Jakarta,CGK,WIII,08:05,00:05,08:24,19min late,08:39,20min early,1h 15m,Landed
2025-09-27,HX706,CRK706,Hong Kong Airlines,Hong Kong,HKG,VHHH,08:15,00:15,09:25,10min late,14:08,48min late,4h 43m,Landed
2025-09-27,5J280,CEB280,CEBU Pacific Air,Manila,MNL,RPLL,08:35,00:35,08:36,1min late,12:10,39min early,3h 34m,Landed
2025-09-27,IW1850,WON1850,Wings Air,Lombok,LOP,WADL,08:35,00:35,08:39,4min late,09:02,17min early,23m,Landed
2025-09-27,CZ8482,CSN8482,China Southern Airlines,Guangzhou,CAN,ZGGG,08:40,00:40,09:06,26min late,14:02,12min late,4h 56m,Landed
2025-09-27,8B80,TNU080,Business Air,Perth,PER,YPPH,09:05,01:05,09:01,3min early,12:22,32min early,3h 21m,Landed
2025-09-27,8B5105,TNU5105,Business Air,Jakarta,CGK,WIII,09:10,01:10,09:19,9min late,09:37,22min early,1h 18m,Landed
2025-09-27,IN640,,NAM Air,Tambolaka,TMC,WADT,09:10,01:10,,,,,1h 0m,
2025-09-27,IW1856,WON1856,Wings Air,Lombok,LOP,WADL,09:10,01:10,09:28,18min late,09:53,1min early,24m,Landed
2025-09-27,IW1832,WON1832,Wings Air,Tambolaka,TMC,WADT,09:10,01:10,09:21,11min late,10:30,4min early,1h 8m,Landed
2025-09-27,ID6007,BTK6007,Batik Air,Perth,PER,YPPH,09:25,01:25,09:44,19min late,13:03,11min early,3h 19m,Landed
2025-09-27,QG500,CTV500,Citilink,Dili,DIL,WPDL,09:30,01:30,09:32,2min late,12:08,11min early,1h 35m,Landed
2025-09-27,JT31,,Lion Air,Jakarta,CGK,WIII,09:30,01:30,,,,,1h 55m,Cancelled
2025-09-27,QZ803,AWQ803,Indonesia AirAsia,Jakarta,CGK,WIII,09:40,01:40,09:39,on time,10:16,13min early,1h 36m,Landed
2025-09-27,QR965,QTR965,Qatar Airways,Doha,DOH,OTHH,09:55,01:55,09:54,on time,13:53,26min early,8h 59m,Landed
2025-09-27,JT3569,LNI3569,Lion Air,Yogyakarta,YIA,WAHI,09:55,01:55,09:58,3min late,10:06,18min early,1h 7m,Landed
2025-09-27,JT270,LNI270,Lion Air,Kupang,KOE,WATT,10:00,02:00,10:05,5min late,11:30,9min early,1h 25m,Landed
2025-09-27,IW1882,WON1882,Wings Air,Sumbawa Besar,SWQ,WADS,10:00,02:00,10:16,16min late,11:00,on time,43m,Landed
2025-09-27,AI2146,AIC2146,Air India,Delhi,DEL,VIDP,10:00,02:00,10:00,on time,15:06,28min early,7h 36m,Landed
2025-09-27,SQ935,SIA935,Singapore Airlines,Singapore,SIN,WSSS,10:05,02:05,10:21,16min late,12:32,12min early,2h 10m,Landed
2025-09-27,8B5101,TNU5101,Business Air,Jakarta,CGK,WIII,10:25,02:25,10:19,5min early,11:03,11min early,1h 44m,Landed
2025-09-27,JT33,LNI033,Lion Air,Jakarta,CGK,WIII,10:30,02:30,10:53,23min late,11:37,12min late,1h 43m,Landed
2025-09-27,JT805,LNI805,Lion Air,Surabaya,SUB,WARR,10:35,02:35,11:06,31min late,10:47,12min late,41m,Landed
2025-09-27,8G182,DTL182,Mid Africa Aviation,Dili,DIL,WPDL,10:35,02:35,10:47,12min late,13:24,5min early,1h 37m,Landed
2025-09-27,TR281,TGW281,Scoot,Singapore,SIN,WSSS,10:50,02:50,10:55,5min late,13:17,12min early,2h 21m,Landed
2025-09-27,QG197,CTV197,Citilink,Jakarta,HLP,WIHH,11:10,03:10,13:09,59min late,14:35,35min late,2h 25m,Landed
2025-09-27,6E1606,IGO1606,IndiGo,Bangalore,BLR,VOBL,11:20,03:20,10:57,23min early,14:40,29min early,6h 13m,Landed
2025-09-27,QZ780,AWQ780,Indonesia AirAsia,Balikpapan,BPN,WALL,11:25,03:25,11:42,17min late,12:58,6min early,1h 16m,Landed
2025-09-27,JQ111,JST111,Jetstar Airways,Perth,PER,YPPH,11:30,03:30,11:46,16min late,15:09,5min early,3h 23m,Landed
2025-09-27,JQ109,JST109,Jetstar Airways,Perth,PER,YPPH,11:40,03:40,12:06,26min late,15:31,6min late,3h 24m,Landed
2025-09-27,JQ40,JST040,Jetstar Airways,Sydney,SYD,YSSY,11:55,03:55,11:56,on time,19:25,24min early,5h 29m,Landed
2025-09-27,JQ32,JST032,Jetstar Airways,Melbourne,MEL,YMML,11:55,03:55,11:45,10min early,18:54,35min early,5h 9m,Landed
2025-09-27,OD192,MXD192,Malindo Air,Kuala Lumpur,KUL,WMKK,11:55,03:55,12:15,20min late,14:55,9min early,2h 40m,Landed
2025-09-27,QG342,CTV342,Citilink,Makassar,UPG,WAAA,11:55,03:55,12:13,18min late,13:26,6min late,1h 13m,Landed
2025-09-27,FD397,AIQ397,Thai AirAsia,Bangkok,DMK,VTBD,12:00,04:00,12:49,49min late,15:48,13min late,3h 59m,Landed
2025-09-27,GA407,GIA407,Garuda Indonesia,Jakarta,CGK,WIII,12:00,04:00,13:15,15min late,13:55,0min late,1h 40m,Landed
2025-09-27,QZ540,AWQ540,Indonesia AirAsia,Darwin,DRW,YPDN,12:05,04:05,12:25,20min late,16:16,1min late,2h 20m,Landed
2025-09-27,GA253,GIA253,Garuda Indonesia,Yogyakarta,YIA,WAHI,12:05,04:05,12:31,26min late,12:37,17min early,1h 6m,Landed
2025-09-27,SQ937,SIA937,Singapore Airlines,Singapore,SIN,WSSS,12:10,04:10,12:35,25min late,14:56,1min late,2h 21m,Landed
2025-09-27,SJ7420,,Sriwijaya Air,Tambolaka,TMC,WADT,12:20,04:20,12:20,,13:20,,1h 0m,Landed
2025-09-27,OD178,MXD178,Malindo Air,Kuala Lumpur,KUL,WMKK,12:25,04:25,12:51,26min late,15:36,1min late,2h 45m,Landed
2025-09-27,D7795,XAX795,AirAsia X,Kuala Lumpur,KUL,WMKK,12:30,04:30,12:39,9min late,15:21,23min early,2h 41m,Landed
2025-09-27,QZ805,AWQ805,Indonesia AirAsia,Jakarta,CGK,WIII,12:40,04:40,12:57,17min late,13:37,2min early,1h 40m,Landed
2025-09-27,IP103,PAS103,Pelita Air Service,Jakarta,CGK,WIII,12:45,04:45,13:00,15min late,13:22,17min early,1h 21m,Landed
2025-09-27,IW1848,WON1848,Wings Air,Lombok,LOP,WADL,12:45,04:45,12:54,9min late,13:18,11min early,24m,Landed
2025-09-27,ID7308,BTK7308,Batik Air,Jakarta,HLP,WIHH,12:50,04:50,18:08,18min late,18:38,3min late,1h 29m,Landed
2025-09-27,8B82,TNU082,TransNusa,Perth,PER,YPPH,12:55,04:55,13:07,12min late,16:24,30min early,3h 17m,Landed
2025-09-27,MH714,MAS714,Malaysia Airlines,Kuala Lumpur,KUL,WMKK,13:05,05:05,13:19,14min late,16:09,on time,2h 49m,Landed
2025-09-27,SQ939,SIA939,Singapore Airlines,Singapore,SIN,WSSS,13:05,05:05,13:04,on time,15:20,29min early,2h 16m,Landed
2025-09-27,VA84,VOZ084,Virgin Australia,Gold Coast,OOL,YBCG,13:10,05:10,15:02,52min late,21:44,59min late,4h 42m,Landed
2025-09-27,VJ900,VJC900,VietJet Air,Hanoi,HAN,VVNB,13:10,05:10,13:17,7min late,17:01,18min early,4h 44m,Landed
2025-09-27,JT35,LNI035,Lion Air,Jakarta,CGK,WIII,13:10,05:10,14:31,21min late,14:55,50min late,1h 24m,Landed
2025-09-27,JQ58,JST058,Jetstar Airways,Brisbane,BNE,YBBN,13:15,05:15,13:48,33min late,20:49,4min late,5h 1m,Landed
2025-09-27,IW1834,WON1834,Wings Air,Tambolaka,TMC,WADT,13:20,05:20,13:58,38min late,14:59,14min late,1h 0m,Landed
2025-09-27,JT660,LNI660,Lion Air,Balikpapan,BPN,WALL,13:25,05:25,13:39,14min late,15:17,7min late,1h 37m,Landed
2025-09-27,GA409,GIA409,Garuda Indonesia,Jakarta,CGK,WIII,13:25,05:25,14:26,1min late,15:01,36min late,1h 34m,Landed
2025-09-27,D7799,XAX799,AirAsia X,Kuala Lumpur,KUL,WMKK,13:35,05:35,13:46,11min late,16:30,19min early,2h 43m,Landed
2025-09-27,IW1826,WON1826,Wings Air,Bima,BMU,WADB,13:40,05:40,16:34,54min late,18:03,58min late,1h 29m,Landed
2025-09-27,8B5107,TNU5107,Business Air,Jakarta,CGK,WIII,13:50,05:50,14:37,47min late,15:12,32min late,1h 34m,Landed
2025-09-27,JT919,LNI919,Lion Air,Surabaya,SUB,WARR,13:55,05:55,14:49,54min late,14:31,36min late,42m,Landed
2025-09-27,QZ544,AWQ544,Indonesia AirAsia,Perth,PER,YPPH,13:55,05:55,14:08,13min late,17:29,25min early,3h 21m,Landed
2025-09-27,IW1964,WON1964,Wings Air,Lombok,LOP,WADL,13:55,05:55,14:02,7min late,14:26,13min early,24m,Landed
2025-09-27,JT25,LNI025,Lion Air,Jakarta,CGK,WIII,14:00,06:00,14:57,57min late,15:31,36min late,1h 33m,Landed
2025-09-27,TR289,TGW289,Scoot,Singapore,SIN,WSSS,14:00,06:00,14:06,6min late,16:20,39min early,2h 14m,Landed
2025-09-27,VJ848,VJC848,VietJet Air,Ho Chi Minh City,SGN,VVTS,14:00,06:00,14:13,13min late,16:55,5min late,3h 42m,Landed
2025-09-27,ID8517,BTK8517,Batik Air,Jakarta,CGK,WIII,14:10,06:10,14:50,40min late,15:27,22min late,1h 36m,Landed
2025-09-27,JT569,LNI569,Lion Air,Yogyakarta,YIA,WAHI,14:10,06:10,14:17,7min late,14:26,13min early,1h 9m,Landed
2025-09-27,QG687,CTV687,Citilink,Jakarta,CGK,WIII,14:10,06:10,15:10,0min late,15:50,40min late,1h 39m,Landed
2025-09-27,ID7637,BTK7637,Batik Air,Bangkok,DMK,VTBD,14:15,06:15,14:41,26min late,17:45,on time,4h 3m,Landed
2025-09-27,JT23,LNI023,Lion Air,Jakarta,CGK,WIII,14:35,06:35,15:46,11min late,16:22,52min late,1h 36m,Landed
2025-09-27,IW1884,WON1884,Wings Air,Waingapu,WGP,WADW,14:40,06:40,15:00,20min late,16:22,7min early,1h 21m,Landed
2025-09-27,QG681,CTV681,Citilink,Jakarta,CGK,WIII,14:40,06:40,15:08,28min late,15:43,8min late,1h 35m,Landed
2025-09-27,JT740,LNI740,Lion Air,Makassar,UPG,WAAA,14:40,06:40,15:20,40min late,16:18,18min late,58m,Landed
2025-09-27,AK377,AXM377,AirAsia,Kuala Lumpur,KUL,WMKK,14:45,06:45,15:13,28min late,18:08,13min late,2h 54m,Landed
2025-09-27,JQ44,JST044,Jetstar Airways,Melbourne,MEL,YMML,14:55,06:55,14:56,on time,22:16,13min early,5h 20m,Landed
2025-09-27,JT844,LNI844,Lion Air,Banjarmasin,BDJ,WAOO,15:00,07:00,15:21,21min late,16:21,3min early,59m,Landed
2025-09-27,8B5103,,TransNusa,Jakarta,CGK,WIII,15:10,07:10,14:37,32min early,15:12,42min early,1h 34m,Landed
2025-09-27,VA50,VOZ050,Virgin Australia,Brisbane,BNE,YBBN,15:15,07:15,15:35,20min late,22:40,19min early,5h 4m,Landed
2025-09-27,GA842,GIA842,Garuda Indonesia,Singapore,SIN,WSSS,15:15,07:15,15:29,14min late,18:05,5min late,2h 35m,Landed
2025-09-27,OD172,MXD172,Malindo Air,Kuala Lumpur,KUL,WMKK,15:20,07:20,15:44,24min late,18:25,4min early,2h 41m,Landed
2025-09-27,VJ898,VJC898,VietJet Air,Ho Chi Minh City,SGN,VVTS,15:30,07:30,15:37,7min late,18:13,6min early,3h 35m,Landed
2025-09-27,CI772,CAL772,China Airlines,Taipei,TPE,RCTP,15:40,07:40,16:18,38min late,21:07,2min late,4h 48m,Landed
2025-09-27,IU703,,SW Italia,Surabaya,SUB,WARR,15:40,07:40,,,,,1h 0m,Cancelled
2025-09-27,IP109,PAS109,Pelita Air Service,Jakarta,CGK,WIII,15:45,07:45,16:38,53min late,16:58,23min late,1h 19m,Landed
2025-09-27,QZ646,AWQ646,Indonesia AirAsia,Labuan Bajo,LBJ,WATO,15:45,07:45,15:49,4min late,16:46,13min early,56m,Landed
2025-09-27,VA92,VOZ092,Virgin Australia,Melbourne,MEL,YMML,15:50,07:50,16:29,39min late,23:22,2min early,4h 52m,Landed
2025-09-27,JQ43,JST043,Jetstar Airways,Singapore,SIN,WSSS,15:50,07:50,15:56,6min late,18:29,on time,2h 32m,Landed
2025-09-27,OD307,MXD307,Malindo Air,Kuala Lumpur,KUL,WMKK,15:50,07:50,16:25,35min late,19:11,21min late,2h 46m,Landed
2025-09-27,QZ246,AWQ246,Indonesia AirAsia,Phuket,HKT,VTSP,15:50,07:50,16:14,24min late,18:42,2min early,3h 27m,Landed
2025-09-27,GA411,GIA411,Garuda Indonesia,Jakarta,CGK,WIII,15:55,07:55,16:27,32min late,17:04,4min late,1h 37m,Landed
2025-09-27,ID8335,BTK8335,Batik Air,Labuan Bajo,LBJ,WATO,15:55,07:55,12:11,43min early,13:03,1min early,52m,Landed
2025-09-27,VN640,HVN640,Vietnam Airlines,Ho Chi Minh City,SGN,VVTS,16:00,08:00,16:07,7min late,18:41,1min late,3h 33m,Landed
2025-09-27,SJ7161,,Sriwijaya Air,Makassar,UPG,WAAA,16:00,08:00,16:00,,17:20,,1h 20m,Landed
2025-09-27,CX784,CPA784,Cathay Pacific,Hong Kong,HKG,VHHH,16:10,08:10,16:07,3min early,20:42,42min early,4h 35m,Landed
2025-09-27,QZ807,AWQ807,Indonesia AirAsia,Jakarta,CGK,WIII,16:10,08:10,16:40,30min late,17:17,2min late,1h 36m,Landed
2025-09-27,QG195,CTV195,Citilink,Jakarta,HLP,WIHH,16:10,08:10,16:34,24min late,17:08,8min late,1h 34m,Landed
2025-09-27,QZ536,AWQ536,Indonesia AirAsia,Perth,PER,YPPH,16:15,08:15,16:36,21min late,19:56,13min early,3h 20m,Landed
2025-09-27,MH850,MAS850,Malaysia Airlines,Kuala Lumpur,KUL,WMKK,16:25,08:25,16:42,17min late,19:36,1min late,2h 53m,Landed
2025-09-27,BR256,EVA256,EVA Airways,Taipei,TPE,RCTP,16:30,08:30,17:19,49min late,22:13,13min late,4h 53m,Landed
2025-09-27,IU743,,SW Italia,Jakarta,CGK,WIII,16:35,08:35,,,,,1h 55m,Cancelled
2025-09-27,QG669,CTV669,Citilink,Surabaya,SUB,WARR,16:35,08:35,16:45,10min late,16:36,8min early,51m,Landed
2025-09-27,JT744,LNI744,Lion Air,Makassar,UPG,WAAA,16:40,08:40,20:03,23min late,21:04,4min late,1h 1m,Landed
2025-09-27,HO1356,DKH1356,Juneyao Airlines,Shanghai,PVG,ZSPD,16:50,08:50,19:36,46min late,01:49,9min late,6h 12m,Landed
2025-09-27,TG432,THA432,Thai Airways International,Bangkok,BKK,VTBS,16:55,08:55,16:54,on time,19:46,18min early,3h 51m,Landed
2025-09-27,QZ556,AWQ556,Indonesia AirAsia,Kuala Lumpur,KUL,WMKK,16:55,08:55,18:37,42min late,21:23,13min late,2h 45m,Landed
2025-09-27,ID6335,BTK6335,Batik Air,Labuan Bajo,LBJ,WATO,17:00,09:00,12:11,48min early,13:03,6min early,52m,Landed
2025-09-27,VJ998,VJC998,VietJet Air,Hanoi,HAN,VVNB,17:30,09:30,17:24,6min early,20:56,48min early,4h 32m,Landed
2025-09-27,GA349,GIA349,Garuda Indonesia,Surabaya,SUB,WARR,17:35,09:35,17:40,5min late,17:30,14min early,50m,Landed
2025-09-27,GA419,GIA419,Garuda Indonesia,Jakarta,CGK,WIII,17:35,09:35,17:42,7min late,18:04,30min early,1h 21m,Landed
2025-09-27,IU759,SJV759,SW Italia,Jakarta,CGK,WIII,17:35,09:35,18:34,59min late,18:51,21min late,1h 17m,Landed
2025-09-27,IN281,,NAM Air,Jakarta,CGK,WIII,17:45,09:45,17:45,,18:25,,1h 40m,Landed
2025-09-27,NZ291,ANZ291,Air New Zealand,Auckland,AKL,NZAA,17:50,09:50,18:14,24min late,06:14,15min early,7h 0m,Landed
2025-09-27,IN283,LKN283,NAM Air,Jakarta,CGK,WIII,18:30,10:30,21:22,52min late,22:04,54min late,1h 41m,Landed
2025-09-27,GA417,GIA417,Garuda Indonesia,Jakarta,CGK,WIII,18:30,10:30,19:10,40min late,19:46,16min late,1h 35m,Landed
2025-09-27,OD193,MXD193,Malindo Air,Perth,PER,YPPH,18:30,10:30,18:44,14min late,22:03,1min early,3h 19m,Landed
2025-09-27,JT925,LNI925,Lion Air,Surakarta,SOC,WAHQ,18:40,10:40,20:51,11min late,20:48,48min late,57m,Landed
2025-09-27,SL259,TLM259,Thai Lion Air,Bangkok,DMK,VTBD,18:40,10:40,19:23,43min late,22:16,16min late,3h 53m,Landed
2025-09-27,CX782,CPA782,Cathay Pacific,Hong Kong,HKG,VHHH,18:45,10:45,19:57,12min late,00:09,4min late,4h 12m,Landed
2025-09-27,EY477,ETD477,Etihad Airways,Abu Dhabi,AUH,OMAA,18:45,10:45,18:42,3min early,23:16,13min early,8h 34m,Landed
2025-09-27,8B5109,TNU5109,TransNusa,Jakarta,CGK,WIII,18:45,10:45,21:04,19min late,21:38,8min late,1h 33m,Landed
2025-09-27,ID6415,BTK6415,Batik Air,Surabaya,SUB,WARR,18:45,10:45,19:27,42min late,19:07,22min late,39m,Landed
2025-09-27,QZ809,AWQ809,Indonesia AirAsia,Jakarta,CGK,WIII,18:50,10:50,19:30,40min late,19:47,2min late,1h 16m,Landed
2025-09-27,QG689,CTV689,Citilink,Jakarta,CGK,WIII,19:00,11:00,19:33,33min late,20:04,4min late,1h 31m,Landed
2025-09-27,TG440,THA440,Thai Airways International,Bangkok,BKK,VTBS,19:00,11:00,19:17,17min late,22:16,6min late,3h 58m,Landed
2025-09-27,JT27,,Lion Air,Jakarta,CGK,WIII,19:05,11:05,,,,,1h 55m,Cancelled
2025-09-27,AK379,AXM379,AirAsia,Kuala Lumpur,KUL,WMKK,19:15,11:15,23:12,57min late,01:54,34min late,2h 41m,Landed
2025-09-27,MH852,MAS852,Malaysia Airlines,Kuala Lumpur,KUL,WMKK,19:20,11:20,19:39,19min late,22:27,7min late,2h 48m,Landed
2025-09-27,QR963,QTR963,Qatar Airways,Doha,DOH,OTHH,19:20,11:20,19:39,19min late,23:29,10min early,8h 49m,Landed
2025-09-27,ID7310,BTK7310,Batik Air,Jakarta,HLP,WIHH,19:25,11:25,21:15,50min late,21:41,31min late,1h 26m,Landed
2025-09-27,QG699,CTV699,Citilink,Surabaya,SUB,WARR,19:30,11:30,19:43,13min late,19:09,30min early,26m,Landed
2025-09-27,JT11,,Lion Air,Jakarta,CGK,WIII,19:35,11:35,,,,,1h 55m,Cancelled
2025-09-27,TR287,TGW287,Scoot,Singapore,SIN,WSSS,19:40,11:40,19:59,19min late,22:15,on time,2h 15m,Landed
2025-09-27,8B969,TNU969,Business Air,Guangzhou,CAN,ZGGG,19:40,11:40,22:35,55min late,03:21,21min late,4h 46m,Landed
2025-09-27,JT923,,Lion Air,Surabaya,SUB,WARR,19:45,11:45,,,,,1h 0m,Cancelled
2025-09-27,EK369,UAE369,Emirates,Dubai,DXB,OMDB,19:45,11:45,20:07,22min late,00:41,8min early,8h 34m,Landed
2025-09-27,JT271,LNI271,Lion Air,Semarang,SRG,WIIS,19:50,11:50,20:01,11min late,20:00,14min early,58m,Landed
2025-09-27,ID6413,BTK6413,Batik Air,Surabaya,SUB,WARR,19:50,11:50,20:55,5min late,20:41,51min late,46m,Landed
2025-09-27,SQ945,SIA945,Singapore Airlines,Singapore,SIN,WSSS,20:00,12:00,20:10,10min late,22:24,16min early,2h 13m,Landed
2025-09-27,GA415,GIA415,Garuda Indonesia,Jakarta,CGK,WIII,20:00,12:00,20:28,28min late,21:02,2min late,1h 34m,Landed
2025-09-27,QG9692,CTV9692,Citilink,Surabaya,SUB,WARR,20:20,12:20,20:23,3min late,20:06,23min early,43m,Landed
2025-09-27,KL836,KLM836,KLM Royal Dutch Airlines,Singapore,SIN,WSSS,20:35,12:35,21:00,25min late,23:07,2min early,2h 6m,Landed
2025-09-27,GA463,GIA463,Garuda Indonesia,Jakarta,HLP,WIHH,20:40,12:40,21:42,2min late,21:59,24min late,1h 16m,Landed
2025-09-27,OD177,MXD177,Malindo Air,Melbourne,MEL,YMML,21:00,13:00,21:20,20min late,04:22,17min early,5h 2m,Landed
2025-09-27,GA425,GIA425,Garuda Indonesia,Jakarta,CGK,WIII,21:15,13:15,21:32,17min late,22:06,3min early,1h 33m,Landed
2025-09-27,JQ34,JST034,Jetstar Airways,Melbourne,MEL,YMML,21:20,13:20,23:01,41min late,06:08,13min late,5h 7m,Landed
2025-09-27,TK67,THY067,Turkish Airlines,Istanbul,IST,LTFM,21:20,13:20,21:28,8min late,04:47,27min early,12h 19m,Landed
2025-09-27,OD157,MXD157,Malindo Air,Brisbane,BNE,YBBN,21:25,13:25,21:46,21min late,04:59,15min early,5h 13m,Landed
2025-09-27,AK375,AXM375,AirAsia,Kuala Lumpur,KUL,WMKK,21:25,13:25,23:47,22min late,02:28,58min late,2h 41m,Landed
2025-09-27,JQ117,JST117,Jetstar Airways,Perth,PER,YPPH,21:30,13:30,21:31,on time,01:03,16min early,3h 32m,Landed
2025-09-27,ID6760,BTK6760,Batik Air,Makassar,UPG,WAAA,21:30,13:30,23:41,11min late,00:42,52min late,1h 0m,Landed
2025-09-27,JT15,LNI015,Lion Air,Jakarta,CGK,WIII,21:30,13:30,22:41,11min late,23:19,54min late,1h 37m,Landed
2025-09-27,SQ947,SIA947,Singapore Airlines,Singapore,SIN,WSSS,21:35,13:35,22:16,41min late,00:29,24min late,2h 13m,Landed
2025-09-27,QZ819,AWQ819,Indonesia AirAsia,Jakarta,CGK,WIII,21:40,13:40,22:08,28min late,22:44,14min late,1h 35m,Landed
2025-09-27,IP105,PAS105,Pelita Air Service,Jakarta,CGK,WIII,21:40,13:40,21:51,11min late,22:24,5min early,1h 33m,Landed
2025-09-27,QZ546,AWQ546,Indonesia AirAsia,Perth,PER,YPPH,21:55,13:55,22:05,10min late,01:26,13min early,3h 21m,Landed
2025-09-27,GA718,GIA718,Garuda Indonesia,Melbourne,MEL,YMML,22:05,14:05,22:19,14min late,05:33,3min late,5h 13m,Landed
2025-09-27,JQ60,JST060,Jetstar Airways,Brisbane,BNE,YBBN,22:10,14:10,22:24,14min late,05:16,23min early,4h 52m,Landed
2025-09-27,QF44,QFA044,Qantas,Sydney,SYD,YSSY,22:10,14:10,22:58,48min late,06:18,13min late,5h 20m,Landed
2025-09-27,OD171,MXD171,Malindo Air,Sydney,SYD,YSSY,22:15,14:15,22:32,17min late,06:04,on time,5h 32m,Landed
2025-09-27,IN2801,,Nam Air,Jakarta,CGK,WIII,22:25,14:25,22:25,,23:05,,1h 40m,Landed
2025-09-27,JQ38,JST038,Jetstar Airways,Sydney,SYD,YSSY,22:35,14:35,22:32,3min early,06:26,3min early,5h 54m,Landed
2025-09-27,7C2712,JJA2712,Jeju Air,Seoul,ICN,RKSI,22:45,14:45,23:25,40min late,07:18,8min late,6h 53m,Landed
2025-09-27,QZ811,AWQ811,Indonesia AirAsia,Jakarta,CGK,WIII,22:50,14:50,23:16,26min late,23:48,8min late,1h 32m,Landed
2025-09-27,QF46,QFA046,Qantas,Melbourne,MEL,YMML,23:05,15:05,23:11,6min late,06:35,4min early,5h 24m,Landed
2025-09-27,3U3986,CSC3986,Sichuan Airlines,Lujia Town,TFU,ZUTF,23:05,15:05,23:27,22min late,05:27,22min early,6h 0m,Landed
2025-09-27,VA82,VOZ082,Virgin Australia,Gold Coast,OOL,YBCG,23:20,15:20,23:39,19min late,06:45,9min early,5h 6m,Landed
2025-09-27,GA714,GIA714,Garuda Indonesia,Sydney,SYD,YSSY,23:25,15:25,23:33,8min late,07:29,19min late,5h 56m,Landed
2025-09-27,JQ36,JST036,Jetstar Airways,Melbourne,MEL,YMML,23:30,15:30,00:23,53min late,07:29,24min late,5h 6m,Landed
2025-09-27,VA68,VOZ068,Virgin Australia,Sydney,SYD,YSSY,23:35,15:35,00:56,21min late,08:11,26min late,5h 15m,Landed
2025-09-27,KE634,KAL634,Korean Air Lines,Seoul,ICN,RKSI,23:45,15:45,00:02,17min late,07:37,17min early,6h 34m,Landed
2025-09-27,JQ128,JST128,Jetstar Airways,Adelaide,ADL,YPAD,23:55,15:55,23:58,3min late,06:05,9min early,4h 37m,Landed
2025-09-28,BX602,ABL602,Air Busan,Busan,PUS,RKPK,00:05,16:05,00:25,20min late,07:43,26min early,6h 17m,Landed
2025-09-28,TW158,TWB158,T'Way Air,Cheongju,CJJ,RKTU,00:15,16:15,00:59,44min late,08:44,34min late,6h 44m,Landed
2025-09-28,GA880,GIA880,Garuda Indonesia,Tokyo,NRT,RJAA,00:20,16:20,00:34,14min late,08:41,8min early,7h 7m,Landed
2025-09-28,CZ626,CSN626,China Southern Airlines,Guangzhou,CAN,ZGGG,00:30,16:30,00:38,8min late,05:14,35min early,4h 36m,Landed
2025-09-28,MF892,CXA892,Xiamen Airlines,Xiamen,XMN,ZSAM,00:30,16:30,00:39,9min late,05:37,27min early,4h 57m,Landed
2025-09-28,QR961,QTR961,Qatar Airways,Doha,DOH,OTHH,00:35,16:35,00:24,11min early,04:23,31min early,8h 59m,Landed
2025-09-28,EK399,UAE399,Emirates,Dubai,DXB,OMDB,00:35,16:35,00:48,13min late,05:30,4min early,8h 42m,Landed
2025-09-28,KE630,KAL630,Korean Air Lines,Seoul,ICN,RKSI,00:50,16:50,01:10,20min late,08:56,23min early,6h 46m,Landed
2025-09-28,MU5030,CES5030,China Eastern Airlines,Shanghai,PVG,ZSPD,00:55,16:55,01:02,7min late,07:15,44min early,6h 12m,Landed
2025-09-28,PR538,PAL538,Philippine Airlines,Manila,MNL,RPLL,00:55,16:55,01:09,14min late,04:43,6min early,3h 33m,Landed
2025-09-28,QZ548,AWQ548,Indonesia AirAsia,Perth,PER,YPPH,01:05,17:05,01:14,9min late,04:51,3min early,3h 37m,Landed
2025-09-28,GA870,GIA870,Garuda Indonesia,Seoul,ICN,RKSI,01:15,17:15,01:25,10min late,09:08,6min early,6h 42m,Landed
2025-09-28,8B5888,,TransNusa,Manado,MDC,WAMM,01:30,17:30,,,,,2h 35m,
2025-09-28,QZ550,AWQ550,Indonesia AirAsia,Kuala Lumpur,KUL,WMKK,07:00,23:00,10:25,25min late,13:14,14min late,2h 48m,Landed
2025-09-28,JT929,LNI929,Lion Air,Surabaya,SUB,WARR,07:00,23:00,07:22,22min late,06:49,10min early,26m,Landed
2025-09-28,GA401,GIA401,Garuda Indonesia,Jakarta,CGK,WIII,07:00,23:00,07:28,28min late,07:48,11min early,1h 20m,Landed
2025-09-28,JT746,LNI746,Lion Air,Makassar,UPG,WAAA,07:00,23:00,07:18,18min late,08:21,1min late,1h 2m,Landed
2025-09-28,JQ82,JST082,Jetstar Airways,Darwin,DRW,YPDN,07:00,23:00,07:16,16min late,11:05,9min early,2h 19m,Landed
2025-09-28,QZ534,AWQ534,Indonesia AirAsia,Perth,PER,YPPH,07:05,23:05,07:24,19min late,10:44,15min early,3h 19m,Landed
2025-09-28,QG690,CTV690,Citilink,Surabaya,SUB,WARR,07:05,23:05,07:26,21min late,06:54,10min early,28m,Landed
2025-09-28,QZ644,AWQ644,Indonesia AirAsia,Labuan Bajo,LBJ,WATO,07:10,23:10,07:11,1min late,08:01,13min early,49m,Landed
2025-09-28,SQ949,SIA949,Singapore Airlines,Singapore,SIN,WSSS,07:10,23:10,07:38,28min late,09:51,8min early,2h 12m,Landed
2025-09-28,QZ502,AWQ502,Indonesia AirAsia,Singapore,SIN,WSSS,07:10,23:10,07:34,24min late,09:55,5min late,2h 21m,Landed
2025-09-28,QZ813,AWQ813,Indonesia AirAsia,Jakarta,CGK,WIII,07:15,23:15,07:29,14min late,08:08,1min early,1h 38m,Landed
2025-09-28,QG663,CTV663,Citilink,Jakarta,CGK,WIII,07:45,23:45,07:47,2min late,08:34,on time,1h 46m,Landed
2025-09-28,IW1854,WON1854,Wings Air,Lombok,LOP,WADL,08:00,00:00,08:03,3min late,08:25,19min early,22m,Landed
2025-09-28,JT21,LNI021,Lion Air,Jakarta,CGK,WIII,08:05,00:05,08:17,12min late,08:35,24min early,1h 18m,Landed
2025-09-28,HX706,CRK706,Hong Kong Airlines,Hong Kong,HKG,VHHH,08:15,00:15,08:29,14min late,13:20,on time,4h 50m,Landed
2025-09-28,QZ817,AWQ817,Indonesia AirAsia,Jakarta,CGK,WIII,08:30,00:30,08:36,6min late,09:15,4min early,1h 39m,Landed
2025-09-28,5J280,CEB280,CEBU Pacific Air,Manila,MNL,RPLL,08:35,00:35,08:42,7min late,12:24,25min early,3h 41m,Landed
2025-09-28,IW1850,WON1850,Wings Air,Lombok,LOP,WADL,08:35,00:35,08:49,14min late,09:14,5min early,25m,Landed
2025-09-28,CZ8482,CSN8482,China Southern Airlines,Guangzhou,CAN,ZGGG,08:40,00:40,09:00,20min late,13:46,3min early,4h 46m,Landed
2025-09-28,8B80,TNU080,Business Air,Perth,PER,YPPH,09:05,01:05,09:09,4min late,12:26,28min early,3h 17m,Landed
2025-09-28,8B5105,,TransNusa,Jakarta,CGK,WIII,09:10,01:10,14:37,27min late,15:13,13min late,1h 36m,Landed
2025-09-28,IN640,LKN640,NAM Air,Tambolaka,TMC,WADT,09:10,01:10,09:29,19min late,10:13,3min late,44m,Landed
2025-09-28,IW1856,WON1856,Wings Air,Lombok,LOP,WADL,09:10,01:10,10:45,35min late,11:11,16min late,26m,Landed
2025-09-28,IW1832,WON1832,Wings Air,Tambolaka,TMC,WADT,09:10,01:10,14:08,58min late,15:17,42min late,1h 8m,Landed
2025-09-28,ID6007,BTK6007,Batik Air,Perth,PER,YPPH,09:25,01:25,09:21,3min early,12:39,35min early,3h 18m,Landed
2025-09-28,QG500,CTV500,Citilink,Dili,DIL,WPDL,09:30,01:30,09:32,2min late,12:08,11min early,1h 36m,Landed
2025-09-28,JT31,,Lion Air,Jakarta,CGK,WIII,09:30,01:30,,,,,1h 55m,
2025-09-28,QZ803,AWQ803,Indonesia AirAsia,Jakarta,CGK,WIII,09:40,01:40,09:36,3min early,10:21,8min early,1h 45m,Landed
2025-09-28,QR965,QTR965,Qatar Airways,Doha,DOH,OTHH,09:55,01:55,09:47,8min early,13:45,34min early,8h 58m,Landed
2025-09-28,JT3569,LNI3569,Lion Air,Yogyakarta,YIA,WAHI,09:55,01:55,10:03,8min late,10:14,10min early,1h 11m,Landed
2025-09-28,JT270,LNI270,Lion Air,Kupang,KOE,WATT,10:00,02:00,10:09,9min late,11:33,6min early,1h 24m,Landed
2025-09-28,IW1882,WON1882,Wings Air,Sumbawa Besar,SWQ,WADS,10:00,02:00,11:14,14min late,11:58,58min late,44m,Landed
2025-09-28,AI2146,AIC2146,Air India,Delhi,DEL,VIDP,10:00,02:00,10:02,2min late,15:04,30min early,7h 32m,Landed
2025-09-28,SU297,AFL297,Aeroflot,Moscow,SVO,UUEE,10:05,02:05,10:28,23min late,17:41,3min early,12h 13m,Landed
2025-09-28,SQ935,SIA935,Singapore Airlines,Singapore,SIN,WSSS,10:05,02:05,10:31,26min late,12:53,8min late,2h 21m,Landed
2025-09-28,8B5101,TNU5101,Business Air,Jakarta,CGK,WIII,10:25,02:25,10:34,9min late,11:16,1min late,1h 42m,Landed
2025-09-28,JT33,,Lion Air,Jakarta,CGK,WIII,10:30,02:30,,,,,1h 55m,
2025-09-28,QZ815,AWQ815,Indonesia AirAsia,Jakarta,CGK,WIII,10:35,02:35,11:46,11min late,12:27,57min late,1h 41m,Landed
2025-09-28,JT805,LNI805,Lion Air,Surabaya,SUB,WARR,10:35,02:35,11:22,47min late,11:07,32min late,44m,Landed
2025-09-28,JT927,LNI927,Lion Air,Surakarta,SOC,WAHQ,10:40,02:40,11:11,31min late,11:13,13min late,1h 2m,Landed
2025-09-28,TR281,TGW281,Scoot,Singapore,SIN,WSSS,10:50,02:50,11:06,16min late,13:21,8min early,2h 14m,Landed
2025-09-28,QG197,CTV197,Citilink,Jakarta,HLP,WIHH,11:10,03:10,11:31,21min late,12:13,13min late,1h 42m,Landed
2025-09-28,JQ126,JST126,Jetstar Airways,Adelaide,ADL,YPAD,11:15,03:15,11:33,18min late,17:28,1min early,4h 25m,Landed
2025-09-28,6E1606,IGO1606,IndiGo,Bangalore,BLR,VOBL,11:20,03:20,11:18,1min early,14:50,19min early,6h 2m,Landed
2025-09-28,GA620,GIA620,Garuda Indonesia,Makassar,UPG,WAAA,11:20,03:20,11:38,18min late,12:51,1min late,1h 12m,Landed
2025-09-28,JQ109,JST109,Jetstar Airways,Perth,PER,YPPH,11:40,03:40,11:49,9min late,15:10,15min early,3h 20m,Landed
2025-09-28,OD192,MXD192,Malindo Air,Kuala Lumpur,KUL,WMKK,11:55,03:55,12:46,51min late,15:31,26min late,2h 45m,Landed
2025-09-28,QG342,CTV342,Citilink,Makassar,UPG,WAAA,11:55,03:55,11:53,1min early,13:15,4min early,1h 21m,Landed
2025-09-28,JQ32,JST032,Jetstar Airways,Melbourne,MEL,YMML,11:55,03:55,11:46,9min early,18:53,36min early,5h 7m,Landed
2025-09-28,JQ40,JST040,Jetstar Airways,Sydney,SYD,YSSY,11:55,03:55,12:53,58min late,20:06,16min late,5h 13m,Landed
2025-09-28,FD397,AIQ397,Thai AirAsia,Bangkok,DMK,VTBD,12:00,04:00,12:14,14min late,15:14,20min early,4h 0m,Landed
2025-09-28,GA407,GIA407,Garuda Indonesia,Jakarta,CGK,WIII,12:00,04:00,12:05,5min late,12:48,1min early,1h 42m,Landed
2025-09-28,QZ618,AWQ618,Indonesia AirAsia,Banjarmasin,BDJ,WAOO,12:05,04:05,12:33,28min late,13:35,5min late,1h 2m,Landed
2025-09-28,GA253,GIA253,Garuda Indonesia,Yogyakarta,YIA,WAHI,12:05,04:05,12:10,5min late,12:28,26min early,1h 17m,Landed
2025-09-28,SQ937,SIA937,Singapore Airlines,Singapore,SIN,WSSS,12:10,04:10,12:20,10min late,14:33,21min early,2h 12m,Landed
2025-09-28,SJ742,,Sriwijaya Air,Tambolaka,TMC,WADT,12:20,04:20,,,,,1h 0m,
2025-09-28,IN7742,,NAM Air,Tambolaka,TMC,WADT,12:20,04:20,,,,,1h 0m,
2025-09-28,OD178,MXD178,Malindo Air,Kuala Lumpur,KUL,WMKK,12:25,04:25,12:48,23min late,15:31,3min early,2h 43m,Landed
2025-09-28,D7795,XAX795,AirAsia X,Kuala Lumpur,KUL,WMKK,12:30,04:30,12:41,11min late,15:24,20min early,2h 43m,Landed
2025-09-28,QZ805,AWQ805,Indonesia AirAsia,Jakarta,CGK,WIII,12:40,04:40,13:06,26min late,13:43,3min late,1h 37m,Landed
2025-09-28,IP103,PAS103,Pelita Air Service,Jakarta,CGK,WIII,12:45,04:45,13:36,51min late,14:14,34min late,1h 37m,Landed
2025-09-28,IW1848,WON1848,Wings Air,Lombok,LOP,WADL,12:45,04:45,14:30,45min late,14:53,23min late,23m,Landed
2025-09-28,ID7308,BTK7308,Batik Air,Jakarta,HLP,WIHH,12:50,04:50,18:03,13min late,18:35,0min late,1h 31m,Landed
2025-09-28,8B82,TNU082,Business Air,Perth,PER,YPPH,12:55,04:55,13:01,6min late,16:19,35min early,3h 18m,Landed
2025-09-28,SQ939,SIA939,Singapore Airlines,Singapore,SIN,WSSS,13:05,05:05,13:16,11min late,15:39,10min early,2h 22m,Landed
2025-09-28,MH714,MAS714,Malaysia Airlines,Kuala Lumpur,KUL,WMKK,13:05,05:05,13:12,7min late,15:59,10min early,2h 46m,Landed
2025-09-28,VJ900,VJC900,VietJet Air,Hanoi,HAN,VVNB,13:10,05:10,13:20,10min late,17:08,11min early,4h 48m,Landed
2025-09-28,JT35,LNI035,Lion Air,Jakarta,CGK,WIII,13:10,05:10,14:19,9min late,14:53,48min late,1h 34m,Landed
2025-09-28,OD172,MXD172,Malindo Air,Kuala Lumpur,KUL,WMKK,13:15,05:15,13:41,26min late,16:29,4min late,2h 48m,Landed
2025-09-28,JQ58,JST058,Jetstar Airways,Brisbane,BNE,YBBN,13:15,05:15,13:44,29min late,20:37,7min early,4h 52m,Landed
2025-09-28,IW1834,WON1834,Wings Air,Tambolaka,TMC,WADT,13:20,05:20,14:08,48min late,15:17,32min late,1h 8m,Landed
2025-09-28,8G182,DTL182,Mid Africa Aviation,Dili,DIL,WPDL,13:25,05:25,13:57,32min late,16:37,17min late,1h 40m,Landed
2025-09-28,GA409,GIA409,Garuda Indonesia,Jakarta,CGK,WIII,13:25,05:25,14:22,57min late,14:45,20min late,1h 23m,Landed
2025-09-28,JT660,LNI660,Lion Air,Balikpapan,BPN,WALL,13:25,05:25,13:49,24min late,15:13,3min late,1h 24m,Landed
2025-09-28,VA9542,VOZ9542,Virgin Australia,Gold Coast,OOL,YBCG,13:30,05:30,13:51,21min late,20:55,9min early,5h 4m,Landed
2025-09-28,D7799,XAX799,AirAsia X,Kuala Lumpur,KUL,WMKK,13:35,05:35,13:53,18min late,16:34,15min early,2h 41m,Landed
2025-09-28,IW1826,WON1826,Wings Air,Bima,BMU,WADB,13:40,05:40,15:10,30min late,16:15,10min late,1h 4m,Landed
2025-09-28,ID7135,BTK7135,Batik Air,Singapore,SIN,WSSS,13:45,05:45,14:14,29min late,16:34,5min early,2h 19m,Landed
2025-09-28,OD158,MXD158,Malindo Air,Kuala Lumpur,KUL,WMKK,13:50,05:50,14:33,43min late,17:16,16min late,2h 42m,Landed
2025-09-28,8B5107,TNU5107,Business Air,Jakarta,CGK,WIII,13:50,05:50,14:37,47min late,15:13,33min late,1h 36m,Landed
2025-09-28,TR289,TGW289,Scoot,Singapore,SIN,WSSS,14:00,06:00,14:11,11min late,16:31,28min early,2h 19m,Landed
2025-09-28,JT25,LNI025,Lion Air,Jakarta,CGK,WIII,14:00,06:00,14:56,56min late,15:33,38min late,1h 37m,Landed
2025-09-28,VJ848,VJC848,VietJet Air,Ho Chi Minh City,SGN,VVTS,14:00,06:00,14:00,on time,16:34,15min early,3h 33m,Landed
2025-09-28,JT569,LNI569,Lion Air,Yogyakarta,YIA,WAHI,14:10,06:10,14:40,30min late,14:51,11min late,1h 11m,Landed
2025-09-28,ID7637,BTK7637,Batik Air,Bangkok,DMK,VTBD,14:15,06:15,15:24,9min late,18:22,37min late,3h 58m,Landed
2025-09-28,JT23,LNI023,Lion Air,Jakarta,CGK,WIII,14:35,06:35,17:19,44min late,17:38,8min late,1h 18m,Landed
2025-09-28,JT740,LNI740,Lion Air,Makassar,UPG,WAAA,14:40,06:40,15:47,7min late,16:46,46min late,59m,Landed
2025-09-28,QG681,CTV681,Citilink,Jakarta,CGK,WIII,14:40,06:40,14:59,19min late,15:36,1min late,1h 36m,Landed
2025-09-28,IW1884,WON1884,Wings Air,Waingapu,WGP,WADW,14:40,06:40,15:16,36min late,07:33,3min late,16h 16m,Landed
2025-09-28,JT273,LNI273,Lion Air,Semarang,SRG,WIIS,14:40,06:40,14:51,11min late,14:56,8min early,1h 4m,Landed
2025-09-28,AK377,AXM377,AirAsia,Kuala Lumpur,KUL,WMKK,14:45,06:45,16:01,16min late,18:45,50min late,2h 44m,Landed
2025-09-28,OD307,MXD307,Malindo Air,Kuala Lumpur,KUL,WMKK,14:50,06:50,15:36,46min late,18:23,33min late,2h 46m,Landed
2025-09-28,JQ44,JST044,Jetstar Airways,Melbourne,MEL,YMML,14:55,06:55,14:48,7min early,22:09,20min early,5h 21m,Landed
2025-09-28,JT924,LNI924,Lion Air,Kupang,KOE,WATT,14:55,06:55,17:23,28min late,18:43,8min late,1h 20m,Landed
2025-09-28,JT844,LNI844,Lion Air,Banjarmasin,BDJ,WAOO,15:00,07:00,15:59,59min late,16:59,34min late,1h 0m,Landed
2025-09-28,8B5103,,TransNusa,Jakarta,CGK,WIII,15:10,07:10,,,,,1h 45m,
2025-09-28,GA842,GIA842,Garuda Indonesia,Singapore,SIN,WSSS,15:15,07:15,15:50,35min late,18:40,40min late,2h 49m,Landed
2025-09-28,VA50,VOZ050,Virgin Australia,Brisbane,BNE,YBBN,15:15,07:15,15:39,24min late,22:43,16min early,5h 3m,Landed
2025-09-28,IU527,SJV527,SW Italia,Manado,MDC,WAMM,15:30,07:30,17:17,47min late,19:29,19min late,2h 11m,Landed
2025-09-28,VJ898,VJC898,VietJet Air,Ho Chi Minh City,SGN,VVTS,15:30,07:30,15:57,27min late,18:14,5min early,3h 17m,Landed
2025-09-28,IU703,SJV703,SW Italia,Surabaya,SUB,WARR,15:40,07:40,16:05,25min late,15:47,7min late,42m,Landed
2025-09-28,CI772,CAL772,China Airlines,Taipei,TPE,RCTP,15:40,07:40,15:54,14min late,20:55,9min early,5h 0m,Landed
2025-09-28,IP109,PAS109,Pelita Air Service,Jakarta,CGK,WIII,15:45,07:45,16:22,37min late,17:00,25min late,1h 37m,Landed
2025-09-28,QZ646,AWQ646,Indonesia AirAsia,Labuan Bajo,LBJ,WATO,15:45,07:45,16:03,18min late,16:58,1min early,54m,Landed
2025-09-28,VA92,VOZ092,Virgin Australia,Melbourne,MEL,YMML,15:50,07:50,16:18,28min late,23:17,7min early,4h 59m,Landed
2025-09-28,JQ43,JST043,Jetstar Airways,Singapore,SIN,WSSS,15:50,07:50,16:06,16min late,18:46,16min late,2h 39m,Landed
2025-09-28,ID8335,BTK8335,Batik Air,Labuan Bajo,LBJ,WATO,15:55,07:55,16:14,19min late,17:07,2min late,52m,Landed
2025-09-28,GA411,GIA411,Garuda Indonesia,Jakarta,CGK,WIII,15:55,07:55,18:11,16min late,18:42,42min late,1h 31m,Landed
2025-09-28,SJ717,,Sriwijaya Air,Makassar,UPG,WAAA,16:00,08:00,,,,,1h 20m,
2025-09-28,VN640,HVN640,Vietnam Airlines,Ho Chi Minh City,SGN,VVTS,16:00,08:00,16:27,27min late,19:01,21min late,3h 34m,Landed
2025-09-28,GA421,GIA421,Garuda Indonesia,Jakarta,CGK,WIII,16:00,08:00,16:41,41min late,17:20,25min late,1h 39m,Landed
2025-09-28,QG195,CTV195,Citilink,Jakarta,HLP,WIHH,16:10,08:10,16:37,27min late,17:21,21min late,1h 44m,Landed
2025-09-28,QZ807,AWQ807,Indonesia AirAsia,Jakarta,CGK,WIII,16:10,08:10,16:54,44min late,17:25,10min late,1h 31m,Landed
2025-09-28,CX784,CPA784,Cathay Pacific,Hong Kong,HKG,VHHH,16:10,08:10,16:03,7min early,20:55,29min early,4h 52m,Landed
2025-09-28,QZ536,AWQ536,Indonesia AirAsia,Perth,PER,YPPH,16:15,08:15,16:43,28min late,20:00,9min early,3h 17m,Landed
2025-09-28,MH850,MAS850,Malaysia Airlines,Kuala Lumpur,KUL,WMKK,16:25,08:25,17:14,49min late,20:02,27min late,2h 47m,Landed
2025-09-28,BR256,EVA256,EVA Airways,Taipei,TPE,RCTP,16:30,08:30,16:49,19min late,21:49,10min early,4h 59m,Landed
2025-09-28,QG669,CTV669,Citilink,Surabaya,SUB,WARR,16:35,08:35,16:47,12min late,16:36,8min early,49m,Landed
2025-09-28,IU743,SJV743,SW Italia,Jakarta,CGK,WIII,16:35,08:35,18:42,7min late,19:22,52min late,1h 40m,Landed
2025-09-28,JT744,LNI744,Lion Air,Makassar,UPG,WAAA,16:40,08:40,17:30,50min late,18:38,38min late,1h 8m,Landed
2025-09-28,QZ246,AWQ246,Indonesia AirAsia,Phuket,HKT,VTSP,16:40,08:40,16:56,16min late,19:28,11min early,3h 32m,Landed
2025-09-28,QZ642,AWQ642,Indonesia AirAsia,Labuan Bajo,LBJ,WATO,16:45,08:45,17:41,56min late,18:33,33min late,51m,Landed
2025-09-28,GA7036,GIA7036,Garuda Indonesia,Labuan Bajo,LBJ,WATO,16:50,08:50,17:34,44min late,18:21,21min late,47m,Landed
2025-09-28,HO1356,DKH1356,Juneyao Airlines,Shanghai,PVG,ZSPD,16:50,08:50,17:18,28min late,23:29,10min early,6h 11m,Landed
2025-09-28,QZ556,AWQ556,Indonesia AirAsia,Kuala Lumpur,KUL,WMKK,16:55,08:55,17:38,43min late,20:22,12min late,2h 44m,Landed
2025-09-28,TG432,THA432,Thai Airways International,Bangkok,BKK,VTBS,16:55,08:55,16:59,4min late,19:47,17min early,3h 48m,Landed
2025-09-28,ID6335,BTK6335,Batik Air,Labuan Bajo,LBJ,WATO,17:00,09:00,18:55,55min late,19:48,38min late,53m,Landed
2025-09-28,IU273,SJV273,SW Italia,Pontianak,PNK,WIOO,17:00,09:00,21:46,46min late,22:27,27min late,1h 41m,Landed
2025-09-28,VJ998,VJC998,VietJet Air,Hanoi,HAN,VVNB,17:30,09:30,17:56,26min late,21:40,4min early,4h 44m,Landed
2025-09-28,IU759,SJV759,SW Italia,Jakarta,CGK,WIII,17:35,09:35,23:15,40min late,23:43,13min late,1h 27m,Landed
2025-09-28,GA349,GIA349,Garuda Indonesia,Surabaya,SUB,WARR,17:35,09:35,18:24,49min late,17:59,14min late,34m,Landed
2025-09-28,GA419,GIA419,Garuda Indonesia,Jakarta,CGK,WIII,17:35,09:35,18:20,45min late,19:02,27min late,1h 41m,Landed
2025-09-28,D7793,XAX793,AirAsia X,Kuala Lumpur,KUL,WMKK,17:40,09:40,17:52,12min late,20:34,20min early,2h 41m,Landed
2025-09-28,NZ291,ANZ291,Air New Zealand,Auckland,AKL,NZAA,17:50,09:50,18:00,10min late,06:19,10min early,7h 19m,Landed
2025-09-28,JT567,LNI567,Lion Air,Yogyakarta,YIA,WAHI,18:25,10:25,19:00,35min late,19:11,16min late,1h 10m,Landed
2025-09-28,IN281,LKN281,Nam Air,Jakarta,CGK,WIII,18:30,10:30,18:46,16min late,19:06,3min early,1h 20m,Landed
2025-09-28,OD193,MXD193,Malindo Air,Perth,PER,YPPH,18:30,10:30,18:57,27min late,22:12,7min late,3h 15m,Landed
2025-09-28,GA417,GIA417,Garuda Indonesia,Jakarta,CGK,WIII,18:30,10:30,20:28,58min late,20:59,29min late,1h 31m,Landed
2025-09-28,JT925,LNI925,Lion Air,Surakarta,SOC,WAHQ,18:40,10:40,19:05,25min late,19:05,5min late,59m,Landed
2025-09-28,SL259,TLM259,Thai Lion Air,Bangkok,DMK,VTBD,18:40,10:40,19:31,51min late,22:34,34min late,4h 3m,Landed
2025-09-28,EY477,ETD477,Etihad Airways,Abu Dhabi,AUH,OMAA,18:45,10:45,18:56,11min late,23:31,1min late,8h 34m,Landed
2025-09-28,ID6415,BTK6415,Batik Air,Surabaya,SUB,WARR,18:45,10:45,19:34,49min late,19:19,34min late,45m,Landed
2025-09-28,CX782,CPA782,Cathay Pacific,Hong Kong,HKG,VHHH,18:45,10:45,18:59,14min late,23:30,34min early,4h 31m,Landed
2025-09-28,8B5109,TNU5109,Business Air,Jakarta,CGK,WIII,18:45,10:45,19:44,59min late,20:21,51min late,1h 37m,Landed
2025-09-28,QZ809,AWQ809,Indonesia AirAsia,Jakarta,CGK,WIII,18:50,10:50,19:12,22min late,19:52,7min late,1h 39m,Landed
2025-09-28,TG440,THA440,Thai Airways International,Bangkok,BKK,VTBS,19:00,11:00,19:20,20min late,22:20,10min late,3h 59m,Landed
2025-09-28,QG689,CTV689,Citilink,Jakarta,CGK,WIII,19:00,11:00,19:15,15min late,19:54,5min early,1h 39m,Landed
2025-09-28,JT27,,Lion Air,Jakarta,CGK,WIII,19:05,11:05,,,,,1h 55m,
2025-09-28,GA4172,GIA4172,Garuda Indonesia,Jakarta,CGK,WIII,19:10,11:10,21:05,55min late,21:35,30min late,1h 29m,Landed
2025-09-28,AK379,AXM379,AirAsia,Kuala Lumpur,KUL,WMKK,19:15,11:15,20:01,46min late,22:47,27min late,2h 45m,Landed
2025-09-28,MH852,MAS852,Malaysia Airlines,Kuala Lumpur,KUL,WMKK,19:20,11:20,19:40,20min late,22:23,3min late,2h 43m,Landed
2025-09-28,QR963,QTR963,Qatar Airways,Doha,DOH,OTHH,19:20,11:20,19:30,10min late,23:26,13min early,8h 55m,Landed
2025-09-28,ID7310,BTK7310,Batik Air,Jakarta,HLP,WIHH,19:25,11:25,23:07,42min late,23:35,25min late,1h 27m,Landed
2025-09-28,QG699,CTV699,Citilink,Surabaya,SUB,WARR,19:30,11:30,19:32,2min late,19:14,25min early,41m,Landed
2025-09-28,JT11,LNI011,Lion Air,Jakarta,CGK,WIII,19:35,11:35,22:37,2min late,23:04,34min late,1h 27m,Landed
2025-09-28,TR287,TGW287,Scoot,Singapore,SIN,WSSS,19:40,11:40,19:50,10min late,22:11,3min early,2h 20m,Landed
2025-09-28,8B969,TNU969,Business Air,Guangzhou,CAN,ZGGG,19:40,11:40,19:43,3min late,00:27,32min early,4h 44m,Landed
2025-09-28,EK369,UAE369,Emirates,Dubai,DXB,OMDB,19:45,11:45,19:53,8min late,00:50,on time,8h 57m,Landed
2025-09-28,JT923,LNI923,Lion Air,Surabaya,SUB,WARR,19:45,11:45,20:18,33min late,20:01,16min late,42m,Landed
2025-09-28,JT271,LNI271,Lion Air,Semarang,SRG,WIIS,19:50,11:50,21:42,52min late,21:43,28min late,1h 1m,Landed
2025-09-28,ID6413,BTK6413,Batik Air,Surabaya,SUB,WARR,19:50,11:50,22:29,39min late,22:08,18min late,38m,Landed
2025-09-28,GA415,GIA415,Garuda Indonesia,Jakarta,CGK,WIII,20:00,12:00,20:16,16min late,20:36,23min early,1h 19m,Landed
2025-09-28,ID8517,BTK8517,Batik Air,Jakarta,CGK,WIII,20:00,12:00,22:53,53min late,23:08,13min late,1h 14m,Landed
2025-09-28,SQ945,SIA945,Singapore Airlines,Singapore,SIN,WSSS,20:00,12:00,20:08,8min late,22:24,15min early,2h 16m,Landed
2025-09-28,GA427,GIA427,Garuda Indonesia,Jakarta,CGK,WIII,20:30,12:30,20:39,9min late,21:06,23min early,1h 27m,Landed
2025-09-28,KL836,KLM836,KLM Royal Dutch Airlines,Singapore,SIN,WSSS,20:35,12:35,21:08,33min late,23:17,7min late,2h 9m,Landed
2025-09-28,GA463,GIA463,Garuda Indonesia,Jakarta,HLP,WIHH,20:40,12:40,21:16,36min late,21:43,8min late,1h 27m,Landed
2025-09-28,OD177,MXD177,Malindo Air,Melbourne,MEL,YMML,21:00,13:00,21:18,18min late,04:20,19min early,5h 2m,Landed
2025-09-28,GA425,GIA425,Garuda Indonesia,Jakarta,CGK,WIII,21:15,13:15,23:09,54min late,23:38,28min late,1h 29m,Landed
2025-09-28,JQ34,JST034,Jetstar Airways,Melbourne,MEL,YMML,21:20,13:20,21:49,29min late,04:48,7min early,4h 58m,Landed
2025-09-28,TK67,THY067,Turkish Airlines,Istanbul,IST,LTFM,21:20,13:20,21:26,6min late,05:07,7min early,12h 41m,Landed
2025-09-28,AK375,AXM375,AirAsia,Kuala Lumpur,KUL,WMKK,21:25,13:25,00:16,51min late,02:56,26min late,2h 40m,Landed
2025-09-28,OD157,MXD157,Malindo Air,Brisbane,BNE,YBBN,21:25,13:25,21:34,9min late,04:48,26min early,5h 14m,Landed
2025-09-28,JQ117,JST117,Jetstar Airways,Perth,PER,YPPH,21:30,13:30,22:09,39min late,01:34,14min late,3h 25m,Landed
2025-09-28,JT15,LNI015,Lion Air,Jakarta,CGK,WIII,21:30,13:30,22:21,51min late,22:48,23min late,1h 27m,Landed
2025-09-28,ID6760,BTK6760,Batik Air,Makassar,UPG,WAAA,21:30,13:30,23:33,3min late,00:29,39min late,56m,Landed
2025-09-28,SQ947,SIA947,Singapore Airlines,Singapore,SIN,WSSS,21:35,13:35,21:57,22min late,00:12,7min late,2h 14m,Landed
2025-09-28,QZ819,AWQ819,Indonesia AirAsia,Jakarta,CGK,WIII,21:40,13:40,22:04,24min late,22:31,1min late,1h 26m,Landed
2025-09-28,IP105,PAS105,Pelita Air Service,Jakarta,CGK,WIII,21:40,13:40,21:53,13min late,22:21,8min early,1h 28m,Landed
2025-09-28,QZ546,AWQ546,Indonesia AirAsia,Perth,PER,YPPH,21:55,13:55,22:09,14min late,01:38,1min early,3h 28m,Landed
2025-09-28,GA718,GIA718,Garuda Indonesia,Melbourne,MEL,YMML,22:05,14:05,22:43,38min late,05:44,14min late,5h 1m,Landed
2025-09-28,QF44,QFA044,Qantas,Sydney,SYD,YSSY,22:10,14:10,22:36,26min late,06:31,26min late,5h 55m,Landed
2025-09-28,OD171,MXD171,Malindo Air,Sydney,SYD,YSSY,22:15,14:15,23:00,45min late,06:18,13min late,5h 18m,Landed
2025-09-28,IN2801,,NAM Air,Jakarta,CGK,WIII,22:25,14:25,22:25,,23:05,,1h 40m,Landed
2025-09-28,JQ38,JST038,Jetstar Airways,Sydney,SYD,YSSY,22:35,14:35,23:18,43min late,06:35,5min late,5h 17m,Landed
2025-09-28,7C2712,JJA2712,Jeju Air,Seoul,ICN,RKSI,22:45,14:45,23:11,26min late,07:15,5min late,7h 3m,Landed
2025-09-28,QZ811,AWQ811,Indonesia AirAsia,Jakarta,CGK,WIII,22:50,14:50,23:06,16min late,23:24,15min early,1h 18m,Landed
2025-09-28,3U3986,CSC3986,Sichuan Airlines,Lujia Town,TFU,ZUTF,23:05,15:05,23:23,18min late,05:34,15min early,6h 10m,Landed
2025-09-28,QF46,QFA046,Qantas,Melbourne,MEL,YMML,23:05,15:05,23:58,53min late,07:12,32min late,5h 14m,Landed
2025-09-28,VA96,VOZ096,Virgin Australia,Melbourne,MEL,YMML,23:05,15:05,23:08,3min late,06:12,27min early,5h 4m,Landed
2025-09-28,VA82,VOZ082,Virgin Australia,Gold Coast,OOL,YBCG,23:20,15:20,00:14,54min late,07:22,27min late,5h 8m,Landed
2025-09-28,GA714,GIA714,Garuda Indonesia,Sydney,SYD,YSSY,23:25,15:25,23:56,31min late,07:09,on time,5h 13m,Landed
2025-09-28,JQ36,JST036,Jetstar Airways,Melbourne,MEL,YMML,23:30,15:30,23:47,17min late,06:54,10min early,5h 7m,Landed
2025-09-28,VA68,VOZ068,Virgin Australia,Sydney,SYD,YSSY,23:35,15:35,00:01,26min late,07:22,22min early,5h 20m,Landed
2025-09-28,QZ420,AWQ420,Indonesia AirAsia,Adelaide,ADL,YPAD,23:45,15:45,00:11,26min late,06:11,13min early,4h 29m,Landed
2025-09-28,KE634,KAL634,Korean Air Lines,Seoul,ICN,RKSI,23:45,15:45,23:44,on time,07:50,4min early,7h 6m,Landed
2025-09-28,JQ94,JST094,Jetstar Airways,Gold Coast,OOL,YBCG,23:45,15:45,00:43,58min late,07:45,30min late,5h 2m,Landed
2025-09-28,JQ128,JST128,Jetstar Airways,Adelaide,ADL,YPAD,23:55,15:55,00:45,50min late,06:27,17min late,4h 11m,Landed
2025-09-29,BX602,ABL602,Air Busan,Busan,PUS,RKPK,00:05,16:05,00:24,19min late,07:46,23min early,6h 22m,Landed
2025-09-29,TW158,TWB158,T'Way Air,Cheongju,CJJ,RKTU,00:15,16:15,00:59,44min late,08:44,34min late,6h 44m,Landed
2025-09-29,GA880,GIA880,Garuda Indonesia,Tokyo,NRT,RJAA,00:20,16:20,00:34,14min late,08:43,6min early,7h 8m,Landed
2025-09-29,MF892,CXA892,Xiamen Airlines,Xiamen,XMN,ZSAM,00:30,16:30,00:20,9min early,05:05,59min early,4h 44m,Landed
2025-09-29,CZ626,CSN626,China Southern Airlines,Guangzhou,CAN,ZGGG,00:30,16:30,00:36,6min late,05:31,18min early,4h 55m,Landed
2025-09-29,QR961,QTR961,Qatar Airways,Doha,DOH,OTHH,00:35,16:35,00:38,3min late,04:43,11min early,9h 5m,Landed
2025-09-29,EK399,UAE399,Emirates,Dubai,DXB,OMDB,00:35,16:35,,,,,8h 45m,Diverted
2025-09-29,KE630,KAL630,Korean Air Lines,Seoul,ICN,RKSI,00:50,16:50,01:04,14min late,08:49,30min early,6h 45m,Landed
2025-09-29,MU5030,CES5030,China Eastern Airlines,Shanghai,PVG,ZSPD,00:55,16:55,00:52,3min early,07:06,53min early,6h 14m,Landed
2025-09-29,PR538,PAL538,Philippine Airlines,Manila,MNL,RPLL,00:55,16:55,01:40,45min late,05:10,20min late,3h 29m,Landed
2025-09-29,5J282,CEB282,CEBU Pacific Air,Manila,MNL,RPLL,01:00,17:00,01:07,7min late,04:47,37min early,3h 39m,Landed
2025-09-29,QZ548,AWQ548,Indonesia AirAsia,Perth,PER,YPPH,01:05,17:05,01:14,9min late,04:51,3min early,3h 37m,Landed
2025-09-29,GA870,GIA870,Garuda Indonesia,Seoul,ICN,RKSI,01:15,17:15,01:25,10min late,09:08,6min early,6h 42m,Landed
2025-09-29,8B5888,TNU5888,Business Air,Manado,MDC,WAMM,01:30,17:30,01:27,2min early,03:41,23min early,2h 14m,Landed
2025-09-29,GA401,GIA401,Garuda Indonesia,Jakarta,CGK,WIII,06:30,22:30,07:01,31min late,07:35,5min late,1h 34m,Landed
2025-09-29,JT929,LNI929,Lion Air,Surabaya,SUB,WARR,07:00,23:00,07:02,2min late,06:27,32min early,24m,Landed
2025-09-29,JQ82,JST082,Jetstar Airways,Darwin,DRW,YPDN,07:00,23:00,07:04,4min late,10:49,25min early,2h 15m,Landed
2025-09-29,JT746,LNI746,Lion Air,Makassar,UPG,WAAA,07:00,23:00,07:16,16min late,08:17,2min early,1h 1m,Landed
2025-09-29,QG690,CTV690,Citilink,Surabaya,SUB,WARR,07:05,23:05,07:13,8min late,06:57,7min early,44m,Landed
2025-09-29,QZ534,AWQ534,Indonesia AirAsia,Perth,PER,YPPH,07:05,23:05,07:28,23min late,11:06,6min late,3h 38m,Landed
2025-09-29,QZ644,AWQ644,Indonesia AirAsia,Labuan Bajo,LBJ,WATO,07:10,23:10,07:23,13min late,08:14,on time,50m,Landed
2025-09-29,QZ502,AWQ502,Indonesia AirAsia,Singapore,SIN,WSSS,07:10,23:10,07:35,25min late,10:05,15min late,2h 30m,Landed
2025-09-29,SQ949,SIA949,Singapore Airlines,Singapore,SIN,WSSS,07:10,23:10,08:31,21min late,10:43,43min late,2h 12m,Landed
2025-09-29,QG663,CTV663,Citilink,Jakarta,CGK,WIII,07:45,23:45,07:43,1min early,08:13,21min early,1h 30m,Landed
2025-09-29,IW1854,WON1854,Wings Air,Lombok,LOP,WADL,08:00,00:00,08:04,4min late,08:28,16min early,23m,Landed
2025-09-29,IW3330,WON3330,Wings Air,,,,08:00,00:00,08:28,28min late,11:02,22min late,2h 34m,Landed
2025-09-29,JT21,LNI021,Lion Air,Jakarta,CGK,WIII,08:05,00:05,08:21,16min late,09:18,18min late,1h 56m,Landed
2025-09-29,HX706,CRK706,Hong Kong Airlines,Hong Kong,HKG,VHHH,08:15,00:15,08:39,24min late,13:23,3min late,4h 43m,Landed
2025-09-29,5J280,CEB280,CEBU Pacific Air,Manila,MNL,RPLL,08:35,00:35,08:44,9min late,12:25,24min early,3h 41m,Landed
2025-09-29,IW1850,WON1850,Wings Air,Lombok,LOP,WADL,08:35,00:35,08:57,22min late,09:21,1min late,23m,Landed
2025-09-29,CZ8482,CSN8482,China Southern Airlines,Guangzhou,CAN,ZGGG,08:40,00:40,08:51,11min late,13:41,8min early,4h 49m,Landed
2025-09-29,QZ504,AWQ504,Indonesia AirAsia,Singapore,SIN,WSSS,09:00,01:00,09:06,6min late,11:29,15min early,2h 22m,Landed
2025-09-29,8B80,TNU080,Business Air,Perth,PER,YPPH,09:05,01:05,09:10,5min late,12:25,29min early,3h 14m,Landed
2025-09-29,IN640,LKN640,NAM Air,Tambolaka,TMC,WADT,09:10,01:10,09:38,28min late,10:21,11min late,43m,Landed
2025-09-29,8B5105,TNU5105,Business Air,Jakarta,CGK,WIII,09:10,01:10,09:08,1min early,09:26,33min early,1h 17m,Landed
2025-09-29,IW1832,WON1832,Wings Air,Tambolaka,TMC,WADT,09:10,01:10,09:22,12min late,10:38,3min late,1h 16m,Landed
2025-09-29,ID6007,BTK6007,Batik Air,Perth,PER,YPPH,09:25,01:25,09:42,17min late,12:59,15min early,3h 17m,Landed
2025-09-29,JT31,,Lion Air,Jakarta,CGK,WIII,09:30,01:30,,,,,1h 55m,Cancelled
2025-09-29,QG500,CTV500,Citilink,Dili,DIL,WPDL,09:30,01:30,09:27,2min early,12:05,14min early,1h 37m,Landed
2025-09-29,QZ803,AWQ803,Indonesia AirAsia,Jakarta,CGK,WIII,09:40,01:40,09:46,6min late,10:09,20min early,1h 22m,Landed
2025-09-29,QR965,QTR965,Qatar Airways,Doha,DOH,OTHH,09:55,01:55,10:17,22min late,14:08,11min early,8h 50m,Landed
2025-09-29,JT3569,LNI3569,Lion Air,Yogyakarta,YIA,WAHI,09:55,01:55,09:59,4min late,10:09,15min early,1h 9m,Landed
2025-09-29,IW1882,WON1882,Wings Air,Sumbawa Besar,SWQ,WADS,10:00,02:00,10:21,21min late,11:07,7min late,46m,Landed
2025-09-29,AI2146,AIC2146,Air India,Delhi,DEL,VIDP,10:00,02:00,10:01,on time,15:25,9min early,7h 54m,Landed
2025-09-29,JT270,LNI270,Lion Air,Kupang,KOE,WATT,10:00,02:00,10:06,6min late,11:32,7min early,1h 25m,Landed
2025-09-29,SQ935,SIA935,Singapore Airlines,Singapore,SIN,WSSS,10:05,02:05,10:25,20min late,12:40,4min early,2h 14m,Landed
2025-09-29,8B5101,TNU5101,Business Air,Jakarta,CGK,WIII,10:25,02:25,10:20,4min early,10:53,21min early,1h 33m,Landed
2025-09-29,JT33,LNI033,Lion Air,Jakarta,CGK,WIII,10:30,02:30,10:38,8min late,11:05,19min early,1h 26m,Landed
2025-09-29,JT805,LNI805,Lion Air,Surabaya,SUB,WARR,10:35,02:35,11:27,52min late,10:54,19min late,26m,Landed
2025-09-29,8G182,DTL182,Mid Africa Aviation,Dili,DIL,WPDL,10:35,02:35,11:05,30min late,13:39,9min late,1h 33m,Landed
2025-09-29,QZ815,AWQ815,Indonesia AirAsia,Jakarta,CGK,WIII,10:35,02:35,10:55,20min late,11:31,1min late,1h 35m,Landed
2025-09-29,JT927,LNI927,Lion Air,Surakarta,SOC,WAHQ,10:40,02:40,10:46,6min late,10:45,14min early,58m,Landed
2025-09-29,TR281,TGW281,Scoot,Singapore,SIN,WSSS,10:50,02:50,10:59,9min late,13:15,14min early,2h 16m,Landed
2025-09-29,QG197,CTV197,Citilink,Jakarta,HLP,WIHH,11:10,03:10,12:19,9min late,12:38,38min late,1h 19m,Landed
2025-09-29,JQ126,JST126,Jetstar Airways,Adelaide,ADL,YPAD,11:15,03:15,11:34,19min late,17:20,9min early,4h 16m,Landed
2025-09-29,6E1606,IGO1606,IndiGo,Bangalore,BLR,VOBL,11:20,03:20,11:22,2min late,15:03,6min early,6h 10m,Landed
2025-09-29,QZ780,AWQ780,Indonesia AirAsia,Balikpapan,BPN,WALL,11:25,03:25,12:14,49min late,13:56,51min late,1h 42m,Landed
2025-09-29,JQ109,JST109,Jetstar Airways,Perth,PER,YPPH,11:40,03:40,11:40,on time,14:50,34min early,3h 9m,Landed
2025-09-29,JQ32,JST032,Jetstar Airways,Melbourne,MEL,YMML,11:55,03:55,,,,,5h 35m,Cancelled
2025-09-29,OD192,MXD192,Malindo Air,Kuala Lumpur,KUL,WMKK,11:55,03:55,12:07,12min late,14:54,10min early,2h 47m,Landed
2025-09-29,QG342,CTV342,Citilink,Makassar,UPG,WAAA,11:55,03:55,12:47,52min late,13:59,39min late,1h 12m,Landed
2025-09-29,GA407,GIA407,Garuda Indonesia,Jakarta,CGK,WIII,12:00,04:00,12:05,5min late,12:36,18min early,1h 30m,Landed
2025-09-29,FD397,AIQ397,Thai AirAsia,Bangkok,DMK,VTBD,12:00,04:00,12:24,24min late,15:16,18min early,3h 52m,Landed
2025-09-29,GA253,GIA253,Garuda Indonesia,Yogyakarta,YIA,WAHI,12:05,04:05,12:38,33min late,12:52,2min early,1h 14m,Landed
2025-09-29,SQ937,SIA937,Singapore Airlines,Singapore,SIN,WSSS,12:10,04:10,12:27,17min late,14:37,17min early,2h 10m,Landed
2025-09-29,SJ742,,Sriwijaya Air,Tambolaka,TMC,WADT,12:20,04:20,,,,,1h 0m,
2025-09-29,JQ40,JST040,Jetstar Airways,Sydney,SYD,YSSY,12:20,04:20,12:14,6min early,19:37,37min early,5h 23m,Landed
2025-09-29,IN7742,,NAM Air,Tambolaka,TMC,WADT,12:20,04:20,,,,,1h 0m,
2025-09-29,OD178,MXD178,Malindo Air,Kuala Lumpur,KUL,WMKK,12:25,04:25,12:49,24min late,15:34,on time,2h 45m,Landed
2025-09-29,IP103,PAS103,Pelita Air Service,Jakarta,CGK,WIII,12:45,04:45,12:55,10min late,13:25,14min early,1h 29m,Landed
2025-09-29,IW1848,WON1848,Wings Air,Lombok,LOP,WADL,12:45,04:45,13:25,40min late,13:50,20min late,24m,Landed
2025-09-29,ID7308,BTK7308,Batik Air,Jakarta,HLP,WIHH,12:50,04:50,10:51,58min early,11:15,19min early,1h 24m,Landed
2025-09-29,8B82,TNU082,Business Air,Perth,PER,YPPH,12:55,04:55,12:59,4min late,16:14,40min early,3h 15m,Landed
2025-09-29,MH714,MAS714,Malaysia Airlines,Kuala Lumpur,KUL,WMKK,13:05,05:05,13:29,24min late,16:10,on time,2h 40m,Landed
2025-09-29,SQ939,SIA939,Singapore Airlines,Singapore,SIN,WSSS,13:05,05:05,13:12,7min late,15:30,19min early,2h 17m,Landed
2025-09-29,VJ900,VJC900,VietJet Air,Hanoi,HAN,VVNB,13:10,05:10,13:01,8min early,16:48,31min early,4h 47m,Landed
2025-09-29,JT35,LNI035,Lion Air,Jakarta,CGK,WIII,13:10,05:10,14:16,6min late,14:49,44min late,1h 32m,Landed
2025-09-29,JQ58,JST058,Jetstar Airways,Brisbane,BNE,YBBN,13:15,05:15,13:32,17min late,20:35,9min early,5h 2m,Landed
2025-09-29,OD172,MXD172,Malindo Air,Kuala Lumpur,KUL,WMKK,13:15,05:15,13:45,30min late,16:28,3min late,2h 43m,Landed
2025-09-29,IW1834,WON1834,Wings Air,Tambolaka,TMC,WADT,13:20,05:20,13:34,14min late,14:42,2min early,1h 7m,Landed
2025-09-29,JT660,LNI660,Lion Air,Balikpapan,BPN,WALL,13:25,05:25,13:57,32min late,15:20,10min late,1h 23m,Landed
2025-09-29,D7799,XAX799,AirAsia X,Kuala Lumpur,KUL,WMKK,13:35,05:35,13:47,12min late,16:33,16min early,2h 45m,Landed
2025-09-29,GA409,GIA409,Garuda Indonesia,Jakarta,CGK,WIII,13:40,05:40,14:20,40min late,14:53,13min late,1h 32m,Landed
2025-09-29,IW1826,WON1826,Wings Air,Bima,BMU,WADB,13:40,05:40,14:29,49min late,15:50,45min late,1h 20m,Landed
2025-09-29,ID7135,BTK7135,Batik Air,Singapore,SIN,WSSS,13:45,05:45,14:11,26min late,16:30,9min early,2h 19m,Landed
2025-09-29,OD158,MXD158,Malindo Air,Kuala Lumpur,KUL,WMKK,13:50,05:50,14:05,15min late,16:50,9min early,2h 44m,Landed
2025-09-29,8B5107,TNU5107,TransNusa,Jakarta,CGK,WIII,13:50,05:50,14:02,12min late,14:16,23min early,1h 14m,Landed
2025-09-29,QG687,CTV687,Citilink,Jakarta,CGK,WIII,13:55,05:55,14:22,27min late,14:55,on time,1h 33m,Landed
2025-09-29,JT919,LNI919,Lion Air,Surabaya,SUB,WARR,13:55,05:55,14:39,44min late,14:18,23min late,39m,Landed
2025-09-29,IW1964,WON1964,Wings Air,Lombok,LOP,WADL,13:55,05:55,15:16,21min late,15:41,1min late,25m,Landed
2025-09-29,JT25,,Lion Air,Jakarta,CGK,WIII,14:00,06:00,,,,,1h 55m,Cancelled
2025-09-29,TR289,TGW289,Scoot,Singapore,SIN,WSSS,14:00,06:00,15:51,51min late,18:09,9min late,2h 17m,Landed
2025-09-29,VJ848,VJC848,VietJet Air,Ho Chi Minh City,SGN,VVTS,14:00,06:00,14:09,9min late,16:42,7min early,3h 32m,Landed
2025-09-29,JT569,LNI569,Lion Air,Yogyakarta,YIA,WAHI,14:10,06:10,14:26,16min late,14:38,1min early,1h 12m,Landed
2025-09-29,ID7637,BTK7637,Batik Air,Bangkok,DMK,VTBD,14:15,06:15,15:39,24min late,18:44,59min late,4h 4m,Landed
2025-09-29,QZ246,AWQ246,Indonesia AirAsia,Phuket,HKT,VTSP,14:15,06:15,14:33,18min late,17:00,14min early,3h 27m,Landed
2025-09-29,JT23,LNI023,Lion Air,Jakarta,CGK,WIII,14:35,06:35,15:28,53min late,15:57,27min late,1h 29m,Landed
2025-09-29,IW1884,WON1884,Wings Air,Waingapu,WGP,WADW,14:40,06:40,15:41,1min late,17:07,37min late,1h 25m,Landed
2025-09-29,JT740,LNI740,Lion Air,Makassar,UPG,WAAA,14:40,06:40,15:35,55min late,16:44,44min late,1h 8m,Landed
2025-09-29,JT273,LNI273,Lion Air,Semarang,SRG,WIIS,14:40,06:40,15:10,30min late,15:10,5min late,59m,Landed
2025-09-29,QG681,CTV681,Citilink,Jakarta,CGK,WIII,14:40,06:40,15:19,39min late,15:37,2min late,1h 18m,Landed
2025-09-29,AK377,AXM377,AirAsia,Kuala Lumpur,KUL,WMKK,14:45,06:45,18:05,20min late,20:54,59min late,2h 49m,Landed
2025-09-29,OD307,MXD307,Malindo Air,Kuala Lumpur,KUL,WMKK,14:50,06:50,15:55,5min late,18:38,48min late,2h 43m,Landed
2025-09-29,JQ44,JST044,Jetstar Airways,Melbourne,MEL,YMML,14:55,06:55,15:01,6min late,22:19,10min early,5h 18m,Landed
2025-09-29,JT924,LNI924,Lion Air,Kupang,KOE,WATT,14:55,06:55,15:31,36min late,16:48,13min late,1h 16m,Landed
2025-09-29,JT844,LNI844,Lion Air,Banjarmasin,BDJ,WAOO,15:00,07:00,15:58,58min late,17:09,44min late,1h 11m,Landed
2025-09-29,8B5103,,TransNusa,Jakarta,CGK,WIII,15:10,07:10,,,,,1h 45m,
2025-09-29,VA50,VOZ050,Virgin Australia,Brisbane,BNE,YBBN,15:15,07:15,15:37,22min late,22:40,19min early,5h 2m,Landed
2025-09-29,GA842,GIA842,Garuda Indonesia,Singapore,SIN,WSSS,15:15,07:15,15:43,28min late,18:07,7min late,2h 23m,Landed
2025-09-29,VJ898,VJC898,VietJet Air,Ho Chi Minh City,SGN,VVTS,15:30,07:30,16:10,40min late,18:34,14min late,3h 23m,Landed
2025-09-29,IU527,SJV527,SW Italia,Manado,MDC,WAMM,15:30,07:30,15:49,19min late,18:02,7min early,2h 13m,Landed
2025-09-29,CI772,CAL772,China Airlines,Taipei,TPE,RCTP,15:40,07:40,15:46,6min late,20:41,23min early,4h 54m,Landed
2025-09-29,IU703,SJV703,SW Italia,Surabaya,SUB,WARR,15:40,07:40,16:48,8min late,16:30,50min late,41m,Landed
2025-09-29,QZ646,AWQ646,Indonesia AirAsia,Labuan Bajo,LBJ,WATO,15:45,07:45,16:26,41min late,17:16,16min late,50m,Landed
2025-09-29,IP109,PAS109,Pelita Air Service,Jakarta,CGK,WIII,15:45,07:45,16:01,16min late,16:30,4min early,1h 28m,Landed
2025-09-29,VA92,VOZ092,Virgin Australia,Melbourne,MEL,YMML,15:50,07:50,16:14,24min late,23:38,13min late,5h 24m,Landed
2025-09-29,JQ43,JST043,Jetstar Airways,Singapore,SIN,WSSS,15:50,07:50,16:15,25min late,18:40,10min late,2h 25m,Landed
2025-09-29,ID8335,BTK8335,Batik Air,Labuan Bajo,LBJ,WATO,15:55,07:55,16:52,57min late,17:46,41min late,54m,Landed
2025-09-29,GA411,GIA411,Garuda Indonesia,Jakarta,CGK,WIII,15:55,07:55,16:07,12min late,16:32,27min early,1h 24m,Landed
2025-09-29,VN640,HVN640,Vietnam Airlines,Ho Chi Minh City,SGN,VVTS,16:00,08:00,16:25,25min late,18:56,16min late,3h 31m,Landed
2025-09-29,SJ717,,Sriwijaya Air,Makassar,UPG,WAAA,16:00,08:00,,,,,1h 20m,
2025-09-29,QZ807,AWQ807,Indonesia AirAsia,Jakarta,CGK,WIII,16:10,08:10,16:44,34min late,17:20,5min late,1h 35m,Landed
2025-09-29,CX784,CPA784,Cathay Pacific,Hong Kong,HKG,VHHH,16:10,08:10,15:58,12min early,20:45,39min early,4h 47m,Landed
2025-09-29,QG195,CTV195,Citilink,Jakarta,HLP,WIHH,16:10,08:10,17:37,27min late,18:13,13min late,1h 35m,Landed
2025-09-29,QZ536,AWQ536,Indonesia AirAsia,Perth,PER,YPPH,16:15,08:15,16:41,26min late,20:04,5min early,3h 23m,Landed
2025-09-29,MH850,MAS850,Malaysia Airlines,Kuala Lumpur,KUL,WMKK,16:25,08:25,17:19,54min late,20:01,26min late,2h 41m,Landed
2025-09-29,BR256,EVA256,EVA Airways,Taipei,TPE,RCTP,16:30,08:30,16:56,26min late,21:59,on time,5h 3m,Landed
2025-09-29,QG669,CTV669,Citilink,Surabaya,SUB,WARR,16:35,08:35,16:53,18min late,16:39,5min early,46m,Landed
2025-09-29,IU743,SJV743,SW Italia,Jakarta,CGK,WIII,16:35,08:35,17:30,55min late,17:54,24min late,1h 24m,Landed
2025-09-29,JT744,LNI744,Lion Air,Makassar,UPG,WAAA,16:40,08:40,17:00,20min late,17:58,1min early,58m,Landed
2025-09-29,GA7036,GIA7036,Garuda Indonesia,Labuan Bajo,LBJ,WATO,16:50,08:50,17:23,33min late,18:23,23min late,59m,Landed
2025-09-29,HO1356,DKH1356,Juneyao Airlines,Shanghai,PVG,ZSPD,16:50,08:50,17:55,5min late,00:10,30min late,6h 15m,Landed
2025-09-29,QZ556,AWQ556,Indonesia AirAsia,Kuala Lumpur,KUL,WMKK,16:55,08:55,17:21,26min late,20:11,1min late,2h 49m,Landed
2025-09-29,TG432,THA432,Thai Airways International,Bangkok,BKK,VTBS,16:55,08:55,17:17,22min late,20:00,4min early,3h 42m,Landed
2025-09-29,ID6335,BTK6335,Batik Air,Labuan Bajo,LBJ,WATO,17:00,09:00,17:26,26min late,18:27,17min late,1h 1m,Landed
2025-09-29,VJ998,VJC998,VietJet Air,Hanoi,HAN,VVNB,17:30,09:30,17:41,11min late,21:31,13min early,4h 50m,Landed
2025-09-29,GA349,GIA349,Garuda Indonesia,Surabaya,SUB,WARR,17:35,09:35,18:07,32min late,17:41,3min early,34m,Landed
2025-09-29,IU759,,SW Italia,Jakarta,CGK,WIII,17:35,09:35,,,,,1h 55m,Cancelled
2025-09-29,GA419,GIA419,Garuda Indonesia,Jakarta,CGK,WIII,17:35,09:35,17:51,16min late,18:30,4min early,1h 39m,Landed
2025-09-29,QZ554,AWQ554,Indonesia AirAsia,Kuala Lumpur,KUL,WMKK,17:40,09:40,17:58,18min late,20:40,4min early,2h 41m,Landed
2025-09-29,IN281,LKN281,Nam Air,Jakarta,CGK,WIII,18:30,10:30,18:42,12min late,19:21,11min late,1h 38m,Landed
2025-09-29,OD193,MXD193,Malindo Air,Perth,PER,YPPH,18:30,10:30,19:04,34min late,22:26,21min late,3h 22m,Landed
2025-09-29,GA417,GIA417,Garuda Indonesia,Jakarta,CGK,WIII,18:30,10:30,19:17,47min late,19:52,22min late,1h 34m,Landed
2025-09-29,JT925,LNI925,Lion Air,Surakarta,SOC,WAHQ,18:40,10:40,19:00,20min late,19:23,23min late,1h 22m,Landed
2025-09-29,EY477,ETD477,Etihad Airways,Abu Dhabi,AUH,OMAA,18:45,10:45,18:40,5min early,23:42,12min late,9h 2m,Landed
2025-09-29,ID6415,BTK6415,Batik Air,Surabaya,SUB,WARR,18:45,10:45,18:54,9min late,18:37,7min early,43m,Landed
2025-09-29,CX782,CPA782,Cathay Pacific,Hong Kong,HKG,VHHH,18:45,10:45,18:35,10min early,23:06,58min early,4h 31m,Landed
2025-09-29,8B5109,,TransNusa,Jakarta,CGK,WIII,18:45,10:45,,,,,1h 45m,
2025-09-29,QZ809,AWQ809,Indonesia AirAsia,Jakarta,CGK,WIII,18:50,10:50,19:47,57min late,20:29,44min late,1h 42m,Landed
2025-09-29,TG440,THA440,Thai Airways International,Bangkok,BKK,VTBS,19:00,11:00,19:23,23min late,22:25,15min late,4h 1m,Landed
2025-09-29,QG689,CTV689,Citilink,Jakarta,CGK,WIII,19:00,11:00,19:38,38min late,20:10,10min late,1h 32m,Landed
2025-09-29,JT27,,Lion Air,Jakarta,CGK,WIII,19:05,11:05,,,,,1h 55m,Cancelled
2025-09-29,AK379,AXM379,AirAsia,Kuala Lumpur,KUL,WMKK,19:15,11:15,20:18,3min late,23:08,48min late,2h 49m,Landed
2025-09-29,MH852,MAS852,Malaysia Airlines,Kuala Lumpur,KUL,WMKK,19:20,11:20,19:28,8min late,22:21,1min late,2h 53m,Landed
2025-09-29,QR963,QTR963,Qatar Airways,Doha,DOH,OTHH,19:20,11:20,19:46,26min late,23:52,12min late,9h 6m,Landed
2025-09-29,ID7310,BTK7310,Batik Air,Jakarta,HLP,WIHH,19:25,11:25,20:46,21min late,21:13,43min late,1h 27m,Landed
2025-09-29,QG699,CTV699,Citilink,Surabaya,SUB,WARR,19:30,11:30,19:40,10min late,19:29,10min early,49m,Landed
2025-09-29,JT11,LNI011,Lion Air,Jakarta,CGK,WIII,19:35,11:35,20:16,41min late,20:44,14min late,1h 27m,Landed
2025-09-29,8B969,TNU969,Business Air,Guangzhou,CAN,ZGGG,19:40,11:40,19:44,4min late,00:37,22min early,4h 53m,Landed
2025-09-29,TR287,TGW287,Scoot,Singapore,SIN,WSSS,19:40,11:40,22:47,7min late,01:05,50min late,2h 18m,Landed
2025-09-29,JT923,,Lion Air,Surabaya,SUB,WARR,19:45,11:45,,,,,1h 0m,Cancelled
2025-09-29,EK369,UAE369,Emirates,Dubai,DXB,OMDB,19:45,11:45,19:45,on time,00:54,4min late,9h 9m,Landed
2025-09-29,JT271,LNI271,Lion Air,Semarang,SRG,WIIS,19:50,11:50,20:28,38min late,20:28,13min late,1h 0m,Landed
2025-09-29,ID6413,BTK6413,Batik Air,Surabaya,SUB,WARR,19:50,11:50,21:12,22min late,20:49,59min late,36m,Landed
2025-09-29,ID6517,BTK6517,Batik Air,Jakarta,CGK,WIII,20:00,12:00,21:08,8min late,21:48,1min early,1h 39m,Landed
2025-09-29,SQ945,SIA945,Singapore Airlines,Singapore,SIN,WSSS,20:00,12:00,20:25,25min late,22:37,2min early,2h 12m,Landed
2025-09-29,GA415,GIA415,Garuda Indonesia,Jakarta,CGK,WIII,20:00,12:00,20:23,23min late,20:43,16min early,1h 20m,Landed
2025-09-29,QG9692,CTV9692,Citilink,Surabaya,SUB,WARR,20:20,12:20,20:30,10min late,20:00,29min early,29m,Landed
2025-09-29,KL836,KLM836,KLM Royal Dutch Airlines,Singapore,SIN,WSSS,20:35,12:35,20:51,16min late,23:03,6min early,2h 11m,Landed
2025-09-29,GA463,GIA463,Garuda Indonesia,Jakarta,HLP,WIHH,20:40,12:40,21:00,20min late,21:31,3min early,1h 30m,Landed
2025-09-29,OD177,MXD177,Malindo Air,Melbourne,MEL,YMML,21:00,13:00,21:25,25min late,04:15,25min early,4h 49m,Landed
2025-09-29,JQ107,JST107,Jetstar Airways,Perth,PER,YPPH,21:10,13:10,21:02,8min early,00:33,21min early,3h 31m,Landed
2025-09-29,JQ34,JST034,Jetstar Airways,Melbourne,MEL,YMML,21:20,13:20,21:43,23min late,04:36,18min early,4h 53m,Landed
2025-09-29,OD171,MXD171,Malindo Air,Sydney,SYD,YSSY,21:20,13:20,22:21,1min late,06:11,46min late,5h 49m,Landed
2025-09-29,AK375,AXM375,AirAsia,Kuala Lumpur,KUL,WMKK,21:25,13:25,01:31,6min late,04:13,43min late,2h 41m,Landed
2025-09-29,JQ117,JST117,Jetstar Airways,Perth,PER,YPPH,21:30,13:30,21:21,9min early,00:59,20min early,3h 38m,Landed
2025-09-29,ID6760,BTK6760,Batik Air,Makassar,UPG,WAAA,21:30,13:30,22:34,4min late,23:38,3min late,1h 3m,Landed
2025-09-29,JT15,LNI015,Lion Air,Jakarta,CGK,WIII,21:30,13:30,22:17,47min late,22:43,18min late,1h 25m,Landed
2025-09-29,SQ947,SIA947,Singapore Airlines,Singapore,SIN,WSSS,21:35,13:35,21:34,on time,23:46,18min early,2h 11m,Landed
2025-09-29,IP105,PAS105,Pelita Air Service,Jakarta,CGK,WIII,21:40,13:40,21:41,1min late,22:20,9min early,1h 38m,Landed
2025-09-29,QZ819,AWQ819,Indonesia AirAsia,Jakarta,CGK,WIII,21:40,13:40,22:52,12min late,23:38,8min late,1h 46m,Landed
2025-09-29,QZ546,AWQ546,Indonesia AirAsia,Perth,PER,YPPH,21:55,13:55,22:07,12min late,01:29,10min early,3h 22m,Landed
2025-09-29,GA718,GIA718,Garuda Indonesia,Melbourne,MEL,YMML,22:05,14:05,22:45,40min late,05:44,14min late,4h 58m,Landed
2025-09-29,JQ60,JST060,Jetstar Airways,Brisbane,BNE,YBBN,22:10,14:10,22:43,33min late,05:41,1min late,4h 58m,Landed
2025-09-29,QF44,QFA044,Qantas,Sydney,SYD,YSSY,22:10,14:10,22:36,26min late,06:01,4min early,5h 24m,Landed
2025-09-29,SV857,SVA857,Saudi Arabian Airlines,Singapore,SIN,WSSS,22:15,14:15,22:30,15min late,00:45,on time,2h 14m,Landed
2025-09-29,IN2801,,Nam Air,Jakarta,CGK,WIII,22:25,14:25,,,,,1h 40m,
2025-09-29,JQ38,JST038,Jetstar Airways,Sydney,SYD,YSSY,22:35,14:35,22:32,3min early,06:12,17min early,5h 40m,Landed
2025-09-29,7C2712,JJA2712,Jeju Air,Seoul,ICN,RKSI,22:45,14:45,23:45,0min late,07:41,31min late,6h 56m,Landed
2025-09-29,QZ811,AWQ811,Indonesia AirAsia,Jakarta,CGK,WIII,22:50,14:50,00:25,35min late,01:02,22min late,1h 36m,Landed
2025-09-29,GA425,GIA425,Garuda Indonesia,Jakarta,CGK,WIII,23:00,15:00,23:12,12min late,00:00,5min late,1h 48m,Landed
2025-09-29,VA96,VOZ096,Virgin Australia,Melbourne,MEL,YMML,23:05,15:05,00:29,24min late,07:31,51min late,5h 2m,Landed
2025-09-29,QF46,QFA046,Qantas,Melbourne,MEL,YMML,23:05,15:05,23:26,21min late,06:20,19min early,4h 53m,Landed
2025-09-29,3U3986,CSC3986,Sichuan Airlines,Lujia Town,TFU,ZUTF,23:05,15:05,23:04,on time,05:15,34min early,6h 10m,Landed
2025-09-29,VA82,VOZ082,Virgin Australia,Gold Coast,OOL,YBCG,23:20,15:20,00:01,41min late,07:04,9min late,5h 3m,Landed
2025-09-29,GA714,GIA714,Garuda Indonesia,Sydney,SYD,YSSY,23:25,15:25,00:00,35min late,07:21,11min late,5h 21m,Landed
2025-09-29,JQ91,JST091,Jetstar Airways,Cairns,CNS,YBCS,23:30,15:30,23:46,16min late,05:53,6min early,4h 7m,Landed
2025-09-29,JQ36,JST036,Jetstar Airways,Melbourne,MEL,YMML,23:30,15:30,00:04,34min late,06:54,10min early,4h 50m,Landed
2025-09-29,VA68,VOZ068,Virgin Australia,Sydney,SYD,YSSY,23:35,15:35,00:12,37min late,07:35,9min early,5h 23m,Landed
2025-09-29,QZ420,AWQ420,Indonesia AirAsia,Adelaide,ADL,YPAD,23:45,15:45,00:05,20min late,06:07,17min early,4h 31m,Landed
2025-09-29,KE634,KAL634,Korean Air Lines,Seoul,ICN,RKSI,23:45,15:45,23:39,6min early,07:31,23min early,6h 52m,Landed
2025-09-29,JQ128,JST128,Jetstar Airways,Adelaide,ADL,YPAD,23:55,15:55,00:20,25min late,06:15,5min late,4h 24m,Landed
2025-09-30,BX602,ABL602,Air Busan,Busan,PUS,RKPK,00:05,16:05,00:24,19min late,07:46,23min early,6h 22m,Landed
2025-09-30,GA880,GIA880,Garuda Indonesia,Tokyo,NRT,RJAA,00:20,16:20,00:33,13min late,08:45,4min early,7h 11m,Landed
2025-09-30,QZ548,AWQ548,Indonesia AirAsia,Perth,PER,YPPH,00:25,16:25,00:47,22min late,04:06,8min early,3h 19m,Landed
2025-09-30,MF892,CXA892,Xiamen Airlines,Xiamen,XMN,ZSAM,00:30,16:30,00:25,4min early,05:33,31min early,5h 7m,Landed
2025-09-30,CZ626,CSN626,China Southern Airlines,Guangzhou,CAN,ZGGG,00:30,16:30,00:42,12min late,05:27,22min early,4h 44m,Landed
2025-09-30,QR961,QTR961,Qatar Airways,Doha,DOH,OTHH,00:35,16:35,00:40,5min late,04:51,3min early,9h 11m,Landed
2025-09-30,EK399,UAE399,Emirates,Dubai,DXB,OMDB,00:35,16:35,07:12,37min late,05:59,24min late,2h 46m,Landed
2025-09-30,KE630,KAL630,Korean Air Lines,Seoul,ICN,RKSI,00:50,16:50,00:59,9min late,09:14,5min early,7h 15m,Landed
2025-09-30,MU5030,CES5030,China Eastern Airlines,Shanghai,PVG,ZSPD,00:55,16:55,00:50,5min early,07:16,38min early,6h 26m,Landed
2025-09-30,PR538,PAL538,Philippine Airlines,Manila,MNL,RPLL,00:55,16:55,01:31,36min late,05:03,13min late,3h 32m,Landed
2025-09-30,5J282,CEB282,CEBU Pacific Air,Manila,MNL,RPLL,01:00,17:00,01:07,7min late,04:47,37min early,3h 39m,Landed
2025-09-30,SJ726,,Sriwijaya Air,Makassar,UPG,WAAA,01:00,17:00,,,,,1h 20m,
2025-09-30,QZ548,AWQ548,Indonesia AirAsia,Perth,PER,YPPH,01:05,17:05,01:17,12min late,04:43,11min early,3h 25m,Landed
2025-09-30,GA870,GIA870,Garuda Indonesia,Seoul,ICN,RKSI,01:15,17:15,01:27,12min late,09:20,5min late,6h 52m,Landed
2025-09-30,8B5888,,TransNusa,Manado,MDC,WAMM,01:30,17:30,,,,,2h 35m,
2025-09-30,GA401,GIA401,Garuda Indonesia,Jakarta,CGK,WIII,07:00,23:00,07:15,15min late,07:59,on time,1h 43m,Landed
2025-09-30,JT746,LNI746,Lion Air,Makassar,UPG,WAAA,07:00,23:00,07:00,on time,07:47,32min early,46m,Landed
2025-09-30,JT929,LNI929,Lion Air,Surabaya,SUB,WARR,07:00,23:00,07:24,24min late,07:03,3min late,39m,Landed
2025-09-30,QZ550,AWQ550,Indonesia AirAsia,Kuala Lumpur,KUL,WMKK,07:00,23:00,08:05,5min late,10:56,56min late,2h 50m,Landed
2025-09-30,JQ82,JST082,Jetstar Airways,Darwin,DRW,YPDN,07:00,23:00,07:20,20min late,11:03,11min early,2h 12m,Landed
2025-09-30,QG690,CTV690,Citilink,Surabaya,SUB,WARR,07:05,23:05,07:12,7min late,06:58,6min early,46m,Landed
2025-09-30,QZ534,AWQ534,Indonesia AirAsia,Perth,PER,YPPH,07:05,23:05,07:23,18min late,10:43,16min early,3h 19m,Landed
2025-09-30,QZ502,AWQ502,Indonesia AirAsia,Singapore,SIN,WSSS,07:10,23:10,07:21,11min late,09:48,1min early,2h 27m,Landed
2025-09-30,SQ949,SIA949,Singapore Airlines,Singapore,SIN,WSSS,07:10,23:10,07:31,21min late,09:41,18min early,2h 10m,Landed
2025-09-30,QZ644,AWQ644,Indonesia AirAsia,Labuan Bajo,LBJ,WATO,07:10,23:10,07:26,16min late,08:16,1min late,49m,Landed
2025-09-30,QG663,CTV663,Citilink,Jakarta,CGK,WIII,07:45,23:45,07:49,4min late,08:13,21min early,1h 23m,Landed
2025-09-30,IW1854,WON1854,Wings Air,Lombok,LOP,WADL,08:00,00:00,08:14,14min late,08:37,7min early,22m,Landed
2025-09-30,JT21,LNI021,Lion Air,Jakarta,CGK,WIII,08:05,00:05,08:27,22min late,08:51,8min early,1h 24m,Landed
2025-09-30,HX706,CRK706,Hong Kong Airlines,Hong Kong,HKG,VHHH,08:15,00:15,08:33,18min late,13:35,15min late,5h 2m,Landed
2025-09-30,5J280,CEB280,CEBU Pacific Air,Manila,MNL,RPLL,08:35,00:35,08:51,16min late,12:43,6min early,3h 51m,Landed
2025-09-30,IW1850,WON1850,Wings Air,Lombok,LOP,WADL,08:35,00:35,08:53,18min late,09:15,4min early,22m,Landed
2025-09-30,CZ8482,CSN8482,China Southern Airlines,Guangzhou,CAN,ZGGG,08:40,00:40,08:36,3min early,13:28,21min early,4h 52m,Landed
2025-09-30,8B80,TNU080,Business Air,Perth,PER,YPPH,09:05,01:05,09:09,4min late,12:31,23min early,3h 21m,Landed
2025-09-30,8B5105,TNU5105,Business Air,Jakarta,CGK,WIII,09:10,01:10,09:18,8min late,09:53,6min early,1h 35m,Landed
2025-09-30,IW1856,WON1856,Wings Air,Lombok,LOP,WADL,09:10,01:10,09:13,3min late,09:37,17min early,23m,Landed
2025-09-30,IW1832,WON1832,Wings Air,Tambolaka,TMC,WADT,09:10,01:10,09:24,14min late,10:29,5min early,1h 4m,Landed
2025-09-30,IN640,LKN640,Nam Air,Tambolaka,TMC,WADT,09:10,01:10,09:16,6min late,10:01,8min early,44m,Landed
2025-09-30,ID6007,BTK6007,Batik Air,Perth,PER,YPPH,09:25,01:25,09:46,21min late,13:04,10min early,3h 18m,Landed
2025-09-30,QG500,CTV500,Citilink,Dili,DIL,WPDL,09:30,01:30,09:32,2min late,12:07,12min early,1h 35m,Landed
2025-09-30,JT31,,Lion Air,Jakarta,CGK,WIII,09:30,01:30,,,,,1h 55m,Cancelled
2025-09-30,QZ803,AWQ803,Indonesia AirAsia,Jakarta,CGK,WIII,09:40,01:40,09:41,1min late,10:01,28min early,1h 19m,Landed
2025-09-30,QR965,QTR965,Qatar Airways,Doha,DOH,OTHH,09:55,01:55,10:17,22min late,14:28,8min late,9h 10m,Landed
2025-09-30,JT3569,LNI3569,Lion Air,Yogyakarta,YIA,WAHI,09:55,01:55,10:11,16min late,10:23,1min early,1h 11m,Landed
2025-09-30,IW1882,WON1882,Wings Air,Sumbawa Besar,SWQ,WADS,10:00,02:00,10:31,31min late,11:16,16min late,45m,Landed
2025-09-30,AI2146,AIC2146,Air India,Delhi,DEL,VIDP,10:00,02:00,10:03,3min late,15:24,10min early,7h 50m,Landed
2025-09-30,JT270,LNI270,Lion Air,Kupang,KOE,WATT,10:00,02:00,10:01,1min late,11:22,17min early,1h 21m,Landed
2025-09-30,SQ935,SIA935,Singapore Airlines,Singapore,SIN,WSSS,10:05,02:05,11:40,35min late,14:00,15min late,2h 20m,Landed
2025-09-30,8B5101,TNU5101,Business Air,Jakarta,CGK,WIII,10:25,02:25,10:23,1min early,11:12,2min early,1h 49m,Landed
2025-09-30,JT33,LNI033,Lion Air,Jakarta,CGK,WIII,10:30,02:30,11:03,33min late,11:40,15min late,1h 37m,Landed
2025-09-30,JT805,,Lion Air,Surabaya,SUB,WARR,10:35,02:35,,,,,1h 0m,Cancelled
2025-09-30,8G182,DTL182,Mid Africa Aviation,Dili,DIL,WPDL,10:35,02:35,10:48,13min late,13:27,2min early,1h 38m,Landed
2025-09-30,TR281,TGW281,Scoot,Singapore,SIN,WSSS,10:50,02:50,11:18,28min late,13:34,4min late,2h 15m,Landed
2025-09-30,JQ1032,JST1032,Jetstar Airways,Melbourne,MEL,YMML,11:00,03:00,12:20,20min late,19:13,53min late,4h 53m,Landed
2025-09-30,QG197,CTV197,Citilink,Jakarta,HLP,WIHH,11:10,03:10,,,,,1h 35m,Diverted
2025-09-30,6E1606,IGO1606,IndiGo,Bangalore,BLR,VOBL,11:20,03:20,11:06,13min early,14:48,21min early,6h 12m,Landed
2025-09-30,QZ780,AWQ780,Indonesia AirAsia,Balikpapan,BPN,WALL,11:25,03:25,11:30,5min late,12:44,20min early,1h 14m,Landed
2025-09-30,JQ111,JST111,Jetstar Airways,Perth,PER,YPPH,11:30,03:30,11:35,5min late,15:02,12min early,3h 27m,Landed
2025-09-30,JQ109,JST109,Jetstar Airways,Perth,PER,YPPH,11:40,03:40,12:02,22min late,15:19,5min early,3h 16m,Landed
2025-09-30,GA407,GIA407,Garuda Indonesia,Jakarta,CGK,WIII,11:50,03:50,11:58,8min late,12:41,3min early,1h 43m,Landed
2025-09-30,JQ40,JST040,Jetstar Airways,Sydney,SYD,YSSY,11:55,03:55,12:48,53min late,19:50,on time,5h 1m,Landed
2025-09-30,JQ32,JST032,Jetstar Airways,Melbourne,MEL,YMML,11:55,03:55,14:10,15min late,20:59,29min late,4h 48m,Landed
2025-09-30,OD192,MXD192,Malindo Air,Kuala Lumpur,KUL,WMKK,11:55,03:55,12:12,17min late,14:54,10min early,2h 42m,Landed
2025-09-30,QG342,CTV342,Citilink,Makassar,UPG,WAAA,11:55,03:55,11:51,3min early,13:12,7min early,1h 21m,Landed
2025-09-30,FD397,AIQ397,Thai AirAsia,Bangkok,DMK,VTBD,12:00,04:00,12:17,17min late,15:30,4min early,4h 13m,Landed
2025-09-30,QZ540,AWQ540,Indonesia AirAsia,Darwin,DRW,YPDN,12:05,04:05,12:13,8min late,16:06,9min early,2h 22m,Landed
2025-09-30,GA253,GIA253,Garuda Indonesia,Yogyakarta,YIA,WAHI,12:05,04:05,12:10,5min late,12:20,34min early,1h 10m,Landed
2025-09-30,SQ937,SIA937,Singapore Airlines,Singapore,SIN,WSSS,12:10,04:10,12:57,47min late,15:25,30min late,2h 28m,Landed
2025-09-30,OD178,MXD178,Malindo Air,Kuala Lumpur,KUL,WMKK,12:25,04:25,13:07,42min late,15:55,20min late,2h 48m,Landed
2025-09-30,D7795,XAX795,AirAsia X,Kuala Lumpur,KUL,WMKK,12:30,04:30,12:44,14min late,15:35,9min early,2h 50m,Landed
2025-09-30,QZ805,AWQ805,Indonesia AirAsia,Jakarta,CGK,WIII,12:40,04:40,12:55,15min late,13:13,26min early,1h 17m,Landed
2025-09-30,IP103,PAS103,Pelita Air Service,Jakarta,CGK,WIII,12:45,04:45,13:10,25min late,13:44,4min late,1h 34m,Landed
2025-09-30,IW1848,WON1848,Wings Air,Lombok,LOP,WADL,12:45,04:45,13:28,43min late,13:54,24min late,25m,Landed
2025-09-30,ID7308,BTK7308,Batik Air,Jakarta,HLP,WIHH,12:50,04:50,18:07,17min late,18:28,53min late,1h 20m,Landed
2025-09-30,8B82,TNU082,Business Air,Perth,PER,YPPH,12:55,04:55,13:08,13min late,16:26,28min early,3h 18m,Landed
2025-09-30,MH714,MAS714,Malaysia Airlines,Kuala Lumpur,KUL,WMKK,13:05,05:05,13:17,12min late,16:03,6min early,2h 45m,Landed
2025-09-30,SQ939,SIA939,Singapore Airlines,Singapore,SIN,WSSS,13:05,05:05,18:11,6min late,20:23,33min late,2h 12m,Landed
2025-09-30,JT35,,Lion Air,Jakarta,CGK,WIII,13:10,05:10,,,,,1h 55m,Cancelled
2025-09-30,VJ900,VJC900,VietJet Air,Hanoi,HAN,VVNB,13:10,05:10,,,,,6h 24m,Diverted
2025-09-30,JQ58,JST058,Jetstar Airways,Brisbane,BNE,YBBN,13:15,05:15,13:44,29min late,20:44,on time,4h 59m,Landed
2025-09-30,IW1834,WON1834,Wings Air,Tambolaka,TMC,WADT,13:20,05:20,13:21,1min late,14:13,31min early,52m,Landed
2025-09-30,GA409,GIA409,Garuda Indonesia,Jakarta,CGK,WIII,13:25,05:25,13:58,33min late,14:35,10min late,1h 37m,Landed
2025-09-30,JT660,LNI660,Lion Air,Balikpapan,BPN,WALL,13:25,05:25,13:40,15min late,15:00,9min early,1h 19m,Landed
2025-09-30,D7799,XAX799,AirAsia X,Kuala Lumpur,KUL,WMKK,13:35,05:35,14:02,27min late,16:40,9min early,2h 37m,Landed
2025-09-30,IW1826,WON1826,Wings Air,Bima,BMU,WADB,13:40,05:40,14:25,45min late,15:30,25min late,1h 4m,Landed
2025-09-30,8B5107,TNU5107,TransNusa,Jakarta,CGK,WIII,13:50,05:50,18:03,13min late,18:49,9min late,1h 45m,Landed
2025-09-30,IW1964,WON1964,Wings Air,Lombok,LOP,WADL,13:55,05:55,14:13,18min late,14:42,2min late,29m,Landed
2025-09-30,JT919,LNI919,Lion Air,Surabaya,SUB,WARR,13:55,05:55,14:29,34min late,14:11,16min late,42m,Landed
2025-09-30,QZ544,AWQ544,Indonesia AirAsia,Perth,PER,YPPH,13:55,05:55,14:20,25min late,17:39,15min early,3h 19m,Landed
2025-09-30,TR289,TGW289,Scoot,Singapore,SIN,WSSS,14:00,06:00,14:15,15min late,16:43,16min early,2h 27m,Landed
2025-09-30,VJ848,VJC848,VietJet Air,Ho Chi Minh City,SGN,VVTS,14:00,06:00,14:07,7min late,16:44,5min early,3h 37m,Landed
2025-09-30,JT25,LNI025,Lion Air,Jakarta,CGK,WIII,14:00,06:00,14:34,34min late,15:09,14min late,1h 35m,Landed
2025-09-30,ID8517,BTK8517,Batik Air,Jakarta,CGK,WIII,14:10,06:10,15:05,55min late,15:39,34min late,1h 34m,Landed
2025-09-30,QG687,CTV687,Citilink,Jakarta,CGK,WIII,14:10,06:10,14:39,29min late,15:16,6min late,1h 37m,Landed
2025-09-30,JT569,LNI569,Lion Air,Yogyakarta,YIA,WAHI,14:10,06:10,14:24,14min late,14:37,2min early,1h 13m,Landed
2025-09-30,ID7637,BTK7637,Batik Air,Bangkok,DMK,VTBD,14:15,06:15,14:37,22min late,17:36,8min early,3h 59m,Landed
2025-09-30,JT740,LNI740,Lion Air,Makassar,UPG,WAAA,14:40,06:40,15:25,45min late,16:27,27min late,1h 2m,Landed
2025-09-30,IW1884,WON1884,Wings Air,Waingapu,WGP,WADW,14:40,06:40,14:46,6min late,16:05,24min early,1h 19m,Landed
2025-09-30,QG681,CTV681,Citilink,Jakarta,CGK,WIII,14:40,06:40,15:10,30min late,15:45,10min late,1h 35m,Landed
2025-09-30,AK377,AXM377,AirAsia,Kuala Lumpur,KUL,WMKK,14:45,06:45,17:30,45min late,20:21,26min late,2h 50m,Landed
2025-09-30,OD307,MXD307,Malindo Air,Kuala Lumpur,KUL,WMKK,14:50,06:50,14:58,8min late,17:40,9min early,2h 41m,Landed
2025-09-30,JQ44,JST044,Jetstar Airways,Melbourne,MEL,YMML,14:55,06:55,22:22,27min late,05:24,54min late,5h 2m,Landed
2025-09-30,JT844,LNI844,Lion Air,Banjarmasin,BDJ,WAOO,15:00,07:00,15:20,20min late,16:20,4min early,1h 0m,Landed
2025-09-30,8B5103,,Business Air,Jakarta,CGK,WIII,15:10,07:10,,,,,1h 45m,
2025-09-30,GA842,GIA842,Garuda Indonesia,Singapore,SIN,WSSS,15:15,07:15,15:35,20min late,18:24,24min late,2h 48m,Landed
2025-09-30,VA50,VOZ050,Virgin Australia,Brisbane,BNE,YBBN,15:15,07:15,15:42,27min late,22:39,21min early,4h 56m,Landed
2025-09-30,OD172,MXD172,Malindo Air,Kuala Lumpur,KUL,WMKK,15:20,07:20,15:30,10min late,18:16,13min early,2h 45m,Landed
2025-09-30,VJ898,VJC898,VietJet Air,Ho Chi Minh City,SGN,VVTS,15:30,07:30,15:40,10min late,17:56,23min early,3h 16m,Landed
2025-09-30,CI772,CAL772,China Airlines,Taipei,TPE,RCTP,15:40,07:40,15:55,15min late,20:39,25min early,4h 43m,Landed
2025-09-30,IU703,SJV703,SW Italia,Surabaya,SUB,WARR,15:40,07:40,15:51,11min late,15:31,8min early,40m,Landed
2025-09-30,QZ646,AWQ646,Indonesia AirAsia,Labuan Bajo,LBJ,WATO,15:45,07:45,15:57,12min late,16:48,11min early,50m,Landed
2025-09-30,IP109,PAS109,Pelita Air Service,Jakarta,CGK,WIII,15:45,07:45,16:03,18min late,16:53,18min late,1h 49m,Landed
2025-09-30,VA92,VOZ092,Virgin Australia,Melbourne,MEL,YMML,15:50,07:50,16:18,28min late,23:49,24min late,5h 31m,Landed
2025-09-30,JQ43,JST043,Jetstar Airways,Singapore,SIN,WSSS,15:50,07:50,16:06,16min late,18:40,10min late,2h 33m,Landed
2025-09-30,ID8335,BTK8335,Batik Air,Labuan Bajo,LBJ,WATO,15:55,07:55,16:35,40min late,17:24,19min late,49m,Landed
2025-09-30,GA411,GIA411,Garuda Indonesia,Jakarta,CGK,WIII,15:55,07:55,17:48,53min late,18:18,18min late,1h 29m,Landed
2025-09-30,VN640,HVN640,Vietnam Airlines,Ho Chi Minh City,SGN,VVTS,16:00,08:00,17:00,0min late,19:20,40min late,3h 20m,Landed
2025-09-30,CX784,CPA784,Cathay Pacific,Hong Kong,HKG,VHHH,16:10,08:10,17:29,19min late,22:13,48min late,4h 44m,Landed
2025-09-30,QZ807,AWQ807,Indonesia AirAsia,Jakarta,CGK,WIII,16:10,08:10,16:50,40min late,17:37,22min late,1h 47m,Landed
2025-09-30,QG195,CTV195,Citilink,Jakarta,HLP,WIHH,16:10,08:10,16:28,18min late,16:42,17min early,1h 14m,Landed
2025-09-30,QZ536,AWQ536,Indonesia AirAsia,Perth,PER,YPPH,16:15,08:15,16:17,2min late,19:53,16min early,3h 35m,Landed
2025-09-30,MH850,MAS850,Malaysia Airlines,Kuala Lumpur,KUL,WMKK,16:25,08:25,16:58,33min late,19:43,8min late,2h 45m,Landed
2025-09-30,BR256,EVA256,EVA Airways,Taipei,TPE,RCTP,16:30,08:30,16:55,25min late,21:49,10min early,4h 54m,Landed
2025-09-30,QG669,CTV669,Citilink,Surabaya,SUB,WARR,16:35,08:35,16:43,8min late,16:32,12min early,48m,Landed
2025-09-30,IU743,SJV743,SW Italia,Jakarta,CGK,WIII,16:35,08:35,17:17,42min late,18:06,36min late,1h 49m,Landed
2025-09-30,QZ246,AWQ246,Indonesia AirAsia,Phuket,HKT,VTSP,16:40,08:40,16:48,8min late,19:17,22min early,3h 29m,Landed
2025-09-30,JT744,LNI744,Lion Air,Makassar,UPG,WAAA,16:40,08:40,17:18,38min late,18:20,20min late,1h 1m,Landed
2025-09-30,HO1356,DKH1356,Juneyao Airlines,Shanghai,PVG,ZSPD,16:50,08:50,17:22,32min late,23:38,1min early,6h 15m,Landed
2025-09-30,TG432,THA432,Thai Airways International,Bangkok,BKK,VTBS,16:55,08:55,17:27,32min late,20:09,4min late,3h 41m,Landed
2025-09-30,QZ556,AWQ556,Indonesia AirAsia,Kuala Lumpur,KUL,WMKK,16:55,08:55,17:14,19min late,20:02,7min early,2h 48m,Landed
2025-09-30,ID6335,BTK6335,Batik Air,Labuan Bajo,LBJ,WATO,17:00,09:00,17:34,34min late,18:25,15min late,50m,Landed
2025-09-30,VJ998,VJC998,VietJet Air,Hanoi,HAN,VVNB,17:30,09:30,19:06,36min late,23:45,0min late,5h 38m,Landed
2025-09-30,GA419,GIA419,Garuda Indonesia,Jakarta,CGK,WIII,17:35,09:35,18:05,30min late,18:52,17min late,1h 47m,Landed
2025-09-30,GA349,GIA349,Garuda Indonesia,Surabaya,SUB,WARR,17:35,09:35,17:50,15min late,17:35,9min early,45m,Landed
2025-09-30,IU759,,SW Italia,Jakarta,CGK,WIII,17:35,09:35,,,,,1h 55m,Cancelled
2025-09-30,IN281,,NAM Air,Jakarta,CGK,WIII,17:45,09:45,,,,,1h 40m,
2025-09-30,NZ291,ANZ291,Air New Zealand,Auckland,AKL,NZAA,17:50,09:50,18:38,48min late,06:33,3min late,6h 55m,Landed
2025-09-30,GA417,GIA417,Garuda Indonesia,Jakarta,CGK,WIII,18:30,10:30,18:42,12min late,19:15,14min early,1h 33m,Landed
2025-09-30,IN283,LKN283,NAM Air,Jakarta,CGK,WIII,18:30,10:30,18:49,19min late,19:25,15min late,1h 36m,Landed
2025-09-30,OD193,MXD193,Malindo Air,Perth,PER,YPPH,18:30,10:30,18:47,17min late,22:01,3min early,3h 13m,Landed
2025-09-30,JT925,LNI925,Lion Air,Surakarta,SOC,WAHQ,18:40,10:40,18:52,12min late,18:52,8min early,59m,Landed
2025-09-30,SL259,TLM259,Thai Lion Air,Bangkok,DMK,VTBD,18:40,10:40,19:15,35min late,22:14,14min late,3h 58m,Landed
2025-09-30,ID6415,,Batik Air,Surabaya,SUB,WARR,18:45,10:45,,,,,1h 0m,Cancelled
2025-09-30,CX782,CPA782,Cathay Pacific,Hong Kong,HKG,VHHH,18:45,10:45,18:35,10min early,23:10,54min early,4h 35m,Landed
2025-09-30,8B5109,TNU5109,Business Air,Jakarta,CGK,WIII,18:45,10:45,19:46,1min late,20:25,55min late,1h 39m,Landed
2025-09-30,EY477,ETD477,Etihad Airways,Abu Dhabi,AUH,OMAA,18:45,10:45,18:43,2min early,23:35,5min late,8h 52m,Landed
2025-09-30,QZ809,AWQ809,Indonesia AirAsia,Jakarta,CGK,WIII,18:50,10:50,18:58,8min late,19:31,13min early,1h 33m,Landed
2025-09-30,TG440,THA440,Thai Airways International,Bangkok,BKK,VTBS,19:00,11:00,19:10,10min late,21:56,13min early,3h 46m,Landed
2025-09-30,QG689,CTV689,Citilink,Jakarta,CGK,WIII,19:00,11:00,19:34,34min late,20:05,5min late,1h 31m,Landed
2025-09-30,JT27,,Lion Air,Jakarta,CGK,WIII,19:05,11:05,,,,,1h 55m,
2025-09-30,AK379,AXM379,AirAsia,Kuala Lumpur,KUL,WMKK,19:15,11:15,21:17,2min late,23:59,39min late,2h 42m,Landed
2025-09-30,MH852,MAS852,Malaysia Airlines,Kuala Lumpur,KUL,WMKK,19:20,11:20,19:51,31min late,22:28,8min late,2h 37m,Landed
2025-09-30,QR963,QTR963,Qatar Airways,Doha,DOH,OTHH,19:20,11:20,19:44,24min late,00:08,28min late,9h 24m,Landed
2025-09-30,ID7310,,Batik Air,Jakarta,HLP,WIHH,19:25,11:25,,,,,1h 45m,Cancelled
2025-09-30,QG699,CTV699,Citilink,Surabaya,SUB,WARR,19:30,11:30,19:32,2min late,19:14,25min early,41m,Landed
2025-09-30,GA495,GIA495,Garuda Indonesia,Jakarta,CGK,WIII,19:30,11:30,19:42,12min late,20:18,11min early,1h 35m,Landed
2025-09-30,JT11,,Lion Air,Jakarta,CGK,WIII,19:35,11:35,,,,,1h 55m,Cancelled
2025-09-30,TR287,TGW287,Scoot,Singapore,SIN,WSSS,19:40,11:40,19:49,9min late,22:08,7min early,2h 18m,Landed
2025-09-30,8B969,TNU969,Business Air,Guangzhou,CAN,ZGGG,19:40,11:40,22:32,52min late,03:11,11min late,4h 39m,Landed
2025-09-30,JT923,,Lion Air,Surabaya,SUB,WARR,19:45,11:45,,,,,1h 0m,Cancelled
2025-09-30,EK369,UAE369,Emirates,Dubai,DXB,OMDB,19:45,11:45,20:09,24min late,00:50,on time,8h 40m,Landed
2025-09-30,JT271,LNI271,Lion Air,Semarang,SRG,WIIS,19:50,11:50,20:24,34min late,20:26,11min late,1h 1m,Landed
2025-09-30,ID6413,BTK6413,Batik Air,Surabaya,SUB,WARR,19:50,11:50,20:40,50min late,20:09,19min late,29m,Landed
2025-09-30,SQ945,SIA945,Singapore Airlines,Singapore,SIN,WSSS,20:00,12:00,20:20,20min late,22:40,on time,2h 19m,Landed
2025-09-30,GA415,GIA415,Garuda Indonesia,Jakarta,CGK,WIII,20:00,12:00,20:16,16min late,20:47,12min early,1h 31m,Landed
2025-09-30,QG9692,CTV9692,Citilink,Surabaya,SUB,WARR,20:20,12:20,20:26,6min late,20:14,15min early,47m,Landed
2025-09-30,KL836,KLM836,KLM Royal Dutch Airlines,Singapore,SIN,WSSS,20:35,12:35,20:42,7min late,22:53,16min early,2h 11m,Landed
2025-09-30,GA463,GIA463,Garuda Indonesia,Jakarta,HLP,WIHH,20:40,12:40,22:58,18min late,23:26,51min late,1h 28m,Landed
2025-09-30,OD177,MXD177,Malindo Air,Melbourne,MEL,YMML,21:00,13:00,21:31,31min late,04:30,9min early,4h 59m,Landed
2025-09-30,JQ34,JST034,Jetstar Airways,Melbourne,MEL,YMML,21:20,13:20,23:17,57min late,06:19,24min late,5h 2m,Landed
2025-09-30,TK67,THY067,Turkish Airlines,Istanbul,IST,LTFM,21:20,13:20,21:47,27min late,05:31,16min late,12h 44m,Landed
2025-09-30,AK375,AXM375,AirAsia,Kuala Lumpur,KUL,WMKK,21:25,13:25,00:49,24min late,03:28,58min late,2h 39m,Landed
2025-09-30,OD157,MXD157,Malindo Air,Brisbane,BNE,YBBN,21:25,13:25,21:54,29min late,05:08,6min early,5h 13m,Landed
2025-09-30,JT15,LNI015,Lion Air,Jakarta,CGK,WIII,21:30,13:30,22:50,20min late,23:17,52min late,1h 26m,Landed
2025-09-30,JQ117,JST117,Jetstar Airways,Perth,PER,YPPH,21:30,13:30,22:07,37min late,01:40,20min late,3h 33m,Landed
2025-09-30,ID6760,BTK6760,Batik Air,Makassar,UPG,WAAA,21:30,13:30,21:51,21min late,22:55,5min late,1h 4m,Landed
2025-09-30,SQ947,SIA947,Singapore Airlines,Singapore,SIN,WSSS,21:35,13:35,22:54,19min late,00:58,53min late,2h 4m,Landed
2025-09-30,QG9694,CTV9694,Citilink,Surabaya,SUB,WARR,21:38,13:38,21:38,on time,21:25,on time,46m,Landed
2025-09-30,IP105,PAS105,Pelita Air Service,Jakarta,CGK,WIII,21:40,13:40,22:07,27min late,22:36,6min late,1h 28m,Landed
2025-09-30,QZ819,AWQ819,Indonesia AirAsia,Jakarta,CGK,WIII,21:40,13:40,23:00,20min late,23:26,56min late,1h 26m,Landed
2025-09-30,QZ546,AWQ546,Indonesia AirAsia,Perth,PER,YPPH,21:55,13:55,21:59,4min late,01:15,24min early,3h 16m,Landed
2025-09-30,GA718,GIA718,Garuda Indonesia,Melbourne,MEL,YMML,22:05,14:05,22:43,38min late,05:51,21min late,5h 7m,Landed
2025-09-30,QF44,QFA044,Qantas,Sydney,SYD,YSSY,22:10,14:10,22:58,48min late,06:27,22min late,5h 29m,Landed
2025-09-30,JQ60,JST060,Jetstar Airways,Brisbane,BNE,YBBN,22:10,14:10,23:41,31min late,06:43,3min late,5h 1m,Landed
2025-09-30,OD171,MXD171,Malindo Air,Sydney,SYD,YSSY,22:15,14:15,23:13,58min late,06:31,26min late,5h 18m,Landed
2025-09-30,IN2801,,NAM Air,Jakarta,CGK,WIII,22:25,14:25,,,,,1h 40m,
2025-09-30,JQ38,JST038,Jetstar Airways,Sydney,SYD,YSSY,22:35,14:35,01:14,39min late,08:40,10min late,5h 26m,Landed
2025-09-30,7C2712,JJA2712,Jeju Air,Seoul,ICN,RKSI,22:45,14:45,23:21,36min late,07:26,16min late,7h 5m,Landed
2025-09-30,QG685,CTV685,Citilink,Jakarta,CGK,WIII,22:50,14:50,23:19,29min late,23:45,4min early,1h 26m,Landed
2025-09-30,GA425,GIA425,Garuda Indonesia,Jakarta,CGK,WIII,23:00,15:00,23:51,51min late,00:19,24min late,1h 27m,Landed
2025-09-30,3U3986,CSC3986,Sichuan Airlines,Lujia Town,TFU,ZUTF,23:05,15:05,23:23,18min late,05:39,10min early,6h 16m,Landed
2025-09-30,VA96,,Virgin Australia,Melbourne,MEL,YMML,23:05,15:05,,,,,5h 35m,Cancelled
2025-09-30,VA82,VOZ082,Virgin Australia,Gold Coast,OOL,YBCG,23:20,15:20,01:29,9min late,08:36,41min late,5h 7m,Landed
2025-09-30,GA714,GIA714,Garuda Indonesia,Sydney,SYD,YSSY,23:25,15:25,00:22,57min late,07:44,34min late,5h 21m,Landed
2025-09-30,JQ36,JST036,Jetstar Airways,Melbourne,MEL,YMML,23:30,15:30,00:11,41min late,07:18,13min late,5h 7m,Landed
2025-09-30,VA68,VOZ068,Virgin Australia,Sydney,SYD,YSSY,23:35,15:35,00:20,45min late,07:40,4min early,5h 20m,Landed
2025-09-30,KE634,KAL634,Korean Air Lines,Seoul,ICN,RKSI,23:45,15:45,00:01,16min late,08:08,13min late,7h 6m,Landed
2025-09-30,JQ128,JST128,Jetstar Airways,Adelaide,ADL,YPAD,23:55,15:55,01:13,18min late,07:17,2min late,4h 34m,Landed
