tanggal,flight_iata,flight_icao,airline,tujuan,tujuan_iata,tujuan_icao,jadwal_lokal,jadwal_utc,berangkat_aktual,delay_berangkat,tiba_aktual,delay_tiba,durasi,status
2026-01-01,BX602,ABL602,Air Busan,Busan,PUS,RKPK,00:05,16:05,00:40,35min late,08:07,22min early,6h 26m,Landed
2026-01-01,TW158,TWB158,T'Way Air,Cheongju,CJJ,RKTU,00:15,16:15,00:53,38min late,08:08,1min early,6h 14m,Landed
2026-01-01,8B84,TNU084,Business Air,Perth,PER,YPPH,00:20,16:20,00:22,2min late,03:46,18min early,3h 24m,Landed
2026-01-01,EK399,UAE399,Emirates,Dubai,DXB,OMDB,00:25,16:25,00:35,10min late,05:30,14min early,8h 55m,Landed
2026-01-01,QR961,QTR961,Qatar Airways,Doha,DOH,OTHH,00:30,16:30,00:34,4min late,04:56,13min early,9h 21m,Landed
2026-01-01,MF892,CXA892,Xiamen Airlines,Xiamen,XMN,ZSAM,00:30,16:30,00:20,10min early,05:57,7min early,5h 37m,Landed
2026-01-01,CZ626,CSN626,China Southern Airlines,Guangzhou,CAN,ZGGG,00:40,16:40,23:16,23min early,05:39,10min early,6h 22m,Landed
2026-01-01,GA880,GIA880,Garuda Indonesia,Tokyo,NRT,RJAA,00:50,16:50,00:52,2min late,08:20,29min early,6h 27m,Landed
2026-01-01,GA870,GIA870,Garuda Indonesia,Seoul,ICN,RKSI,00:50,16:50,01:00,10min late,08:32,17min early,6h 32m,Landed
2026-01-01,MU5030,CES5030,China Eastern Airlines,Shanghai,PVG,ZSPD,00:55,16:55,01:08,13min late,07:17,7min late,6h 9m,Landed
2026-01-01,5J282,CEB282,CEBU Pacific Air,Manila,MNL,RPLL,01:00,17:00,01:00,on time,04:38,36min early,3h 37m,Landed
2026-01-01,QZ548,AWQ548,Indonesia AirAsia,Perth,PER,YPPH,01:00,17:00,01:03,3min late,04:22,17min early,3h 19m,Landed
2026-01-01,SJ726,,Sriwijaya Air,Makassar,UPG,WAAA,01:00,17:00,,,,,1h 20m,
2026-01-01,PR538,PAL538,Philippine Airlines,Manila,MNL,RPLL,01:10,17:10,00:59,11min early,04:40,29min early,3h 41m,Landed
2026-01-01,KE434,KAL434,Korean Air Lines,Seoul,ICN,RKSI,01:20,17:20,01:19,on time,08:48,31min early,6h 29m,Landed
2026-01-01,8B5888,TNU5888,Business Air,Manado,MDC,WAMM,01:30,17:30,01:42,12min late,03:50,24min early,2h 8m,Landed
2026-01-01,GA6864,GIA6864,Garuda Indonesia,Sorong,SOQ,WASS,01:39,17:39,01:39,on time,05:37,2min late,2h 58m,Landed
2026-01-01,GA401,GIA401,Garuda Indonesia,Jakarta,CGK,WIII,07:00,23:00,07:05,5min late,07:33,26min early,1h 28m,Landed
2026-01-01,JT929,LNI929,Lion Air,Surabaya,SUB,WARR,07:00,23:00,07:21,21min late,06:54,6min early,33m,Landed
2026-01-01,JT746,LNI746,Lion Air,Makassar,UPG,WAAA,07:00,23:00,07:27,27min late,08:30,5min late,1h 2m,Landed
2026-01-01,QZ534,AWQ534,Indonesia AirAsia,Perth,PER,YPPH,07:00,23:00,07:15,15min late,10:41,8min early,3h 25m,Landed
2026-01-01,QZ813,AWQ813,Indonesia AirAsia,Jakarta,CGK,WIII,07:00,23:00,07:12,12min late,12:39,49min late,6h 27m,Landed
2026-01-01,QG690,CTV690,Citilink,Surabaya,SUB,WARR,07:05,23:05,07:03,1min early,06:42,27min early,39m,Landed
2026-01-01,QZ550,AWQ550,Indonesia AirAsia,Kuala Lumpur,KUL,WMKK,07:15,23:15,07:09,5min early,14:13,3min late,7h 4m,Landed
2026-01-01,SQ949,SIA949,Singapore Airlines,Singapore,SIN,WSSS,07:20,23:20,07:24,4min late,09:27,32min early,2h 2m,Landed
2026-01-01,8B551,TNU551,Business Air,Singapore,SIN,WSSS,07:30,23:30,07:30,on time,09:43,11min early,2h 13m,Landed
2026-01-01,ID6333,BTK6333,Batik Air,Labuan Bajo,LBJ,WATO,07:55,23:55,07:58,3min late,08:51,18min early,53m,Landed
2026-01-01,JT21,LNI021,Lion Air,Jakarta,CGK,WIII,08:05,00:05,08:15,10min late,08:42,17min early,1h 26m,Landed
2026-01-01,QG9691,CTV9691,Citilink,Surabaya,SUB,WARR,08:05,00:05,08:08,3min late,07:43,26min early,34m,Landed
2026-01-01,HX706,CRK706,Hong Kong Airlines,Hong Kong,HKG,VHHH,08:15,00:15,08:14,on time,13:14,on time,5h 0m,Landed
2026-01-01,5J280,CEB280,CEBU Pacific Air,Manila,MNL,RPLL,08:35,00:35,08:22,13min early,12:11,38min early,3h 49m,Landed
2026-01-01,CZ8482,CSN8482,China Southern Airlines,Guangzhou,CAN,ZGGG,08:35,00:35,08:39,4min late,13:36,28min early,4h 57m,Landed
2026-01-01,IW1854,WON1854,Wings Air,Lombok,LOP,WADL,08:45,00:45,08:47,2min late,09:16,18min early,28m,Landed
2026-01-01,IW1882,WON1882,Wings Air,Sumbawa Besar,SWQ,WADS,08:55,00:55,09:03,8min late,09:46,13min early,43m,Landed
2026-01-01,IN640,LKN640,Nam Air,Tambolaka,TMC,WADT,09:10,01:10,09:49,39min late,10:36,26min late,46m,Landed
2026-01-01,8B5105,TNU5105,Business Air,Jakarta,CGK,WIII,09:15,01:15,08:12,2min early,10:06,6min late,2h 54m,Landed
2026-01-01,QZ504,AWQ504,Indonesia AirAsia,Singapore,SIN,WSSS,09:25,01:25,09:23,1min early,11:42,22min early,2h 19m,Landed
2026-01-01,IW1848,WON1848,Wings Air,Lombok,LOP,WADL,09:25,01:25,09:43,18min late,10:11,3min early,27m,Landed
2026-01-01,JT3805,LNI3805,Lion Air,Surabaya,SUB,WARR,09:30,01:30,09:59,29min late,09:35,5min late,36m,Landed
2026-01-01,ID6007,BTK6007,Batik Air,Perth,PER,YPPH,09:30,01:30,09:47,17min late,13:03,11min early,3h 15m,Landed
2026-01-01,QG500,CTV500,Citilink,Dili,DIL,WPDL,09:30,01:30,09:06,23min early,11:56,23min early,1h 49m,Landed
2026-01-01,QG663,CTV663,Citilink,Jakarta,CGK,WIII,09:35,01:35,09:41,6min late,10:28,1min early,1h 46m,Landed
2026-01-01,8B80,TNU080,Business Air,Perth,PER,YPPH,09:40,01:40,09:51,11min late,13:15,9min early,3h 24m,Landed
2026-01-01,QZ803,AWQ803,Indonesia AirAsia,Jakarta,CGK,WIII,09:40,01:40,09:54,14min late,10:16,13min early,1h 22m,Landed
2026-01-01,QR965,QTR965,Qatar Airways,Doha,DOH,OTHH,09:45,01:45,21:13,28min late,22:15,50min late,6h 1m,Landed
2026-01-01,AI2146,AIC2146,Air India,Delhi,DEL,VIDP,10:00,02:00,09:59,on time,15:32,32min late,8h 3m,Landed
2026-01-01,JT3569,LNI3569,Lion Air,Yogyakarta,YIA,WAHI,10:00,02:00,10:07,7min late,08:55,34min early,,Landed
2026-01-01,JQ111,JST111,Jetstar Airways,Perth,PER,YPPH,10:20,02:20,10:22,2min late,13:47,22min early,3h 25m,Landed
2026-01-01,8B5101,TNU5101,Business Air,Jakarta,CGK,WIII,10:30,02:30,10:35,5min late,11:03,11min early,1h 28m,Landed
2026-01-01,JQ1042,JST1042,Jetstar Airways,Melbourne,MEL,YMML,10:30,02:30,10:56,26min late,19:11,21min late,5h 15m,Landed
2026-01-01,SQ935,SIA935,Singapore Airlines,Singapore,SIN,WSSS,10:30,02:30,11:11,41min late,13:22,12min late,2h 11m,Landed
2026-01-01,JT805,LNI805,Lion Air,Surabaya,SUB,WARR,10:35,02:35,10:46,11min late,10:22,12min early,36m,Landed
2026-01-01,8G182,DTL182,Mid Africa Aviation,Dili,DIL,WPDL,10:35,02:35,09:30,4min early,13:22,7min early,2h 51m,Landed
2026-01-01,JT927,LNI927,Lion Air,Surakarta,SOC,WAHQ,10:40,02:40,11:28,48min late,11:25,25min late,57m,Landed
2026-01-01,TR281,TGW281,Scoot,Singapore,SIN,WSSS,11:10,03:10,11:20,10min late,13:36,13min early,2h 16m,Landed
2026-01-01,IW1856,WON1856,Wings Air,Lombok,LOP,WADL,11:10,03:10,11:54,44min late,12:20,20min late,25m,Landed
2026-01-01,QG197,CTV197,Citilink,Jakarta,HLP,WIHH,11:10,03:10,10:53,17min early,11:40,19min early,1h 47m,Landed
2026-01-01,JQ40,JST040,Jetstar Airways,Sydney,SYD,YSSY,11:15,03:15,11:21,6min late,19:53,21min early,5h 32m,Landed
2026-01-01,GA620,GIA620,Garuda Indonesia,Makassar,UPG,WAAA,11:20,03:20,11:24,4min late,12:31,18min early,1h 6m,Landed
2026-01-01,QZ780,AWQ780,Indonesia AirAsia,Balikpapan,BPN,WALL,11:20,03:20,11:44,24min late,13:04,on time,1h 20m,Landed
2026-01-01,6E1606,IGO1606,IndiGo,Bangalore,BLR,VOBL,11:30,03:30,10:04,25min early,15:14,20min early,7h 40m,Landed
2026-01-01,JQ32,JST032,Jetstar Airways,Melbourne,MEL,YMML,11:30,03:30,11:21,9min early,19:42,27min early,5h 21m,Landed
2026-01-01,QG9685,CTV9685,Citilink,Jakarta,CGK,WIII,11:35,03:35,11:28,7min early,12:17,12min early,1h 49m,Landed
2026-01-01,QZ646,AWQ646,Indonesia AirAsia,Labuan Bajo,LBJ,WATO,11:40,03:40,11:50,10min late,12:43,11min early,52m,Landed
2026-01-01,IW1964,WON1964,Wings Air,Lombok,LOP,WADL,11:40,03:40,11:58,18min late,12:25,4min early,27m,Landed
2026-01-01,JQ109,JST109,Jetstar Airways,Perth,PER,YPPH,11:45,03:45,12:31,46min late,15:48,13min late,3h 16m,Landed
2026-01-01,ID6331,BTK6331,Batik Air,Labuan Bajo,LBJ,WATO,11:45,03:45,12:01,16min late,13:02,2min late,1h 0m,Landed
2026-01-01,IW1850,WON1850,Wings Air,Lombok,LOP,WADL,11:50,03:50,12:03,13min late,12:30,9min early,27m,Landed
2026-01-01,GA407,GIA407,Garuda Indonesia,Jakarta,CGK,WIII,11:55,03:55,12:17,22min late,12:54,on time,1h 37m,Landed
2026-01-01,QZ540,AWQ540,Indonesia AirAsia,Darwin,DRW,YPDN,12:00,04:00,12:50,50min late,16:43,28min late,2h 23m,Landed
2026-01-01,FD397,AIQ397,Thai AirAsia,Bangkok,DMK,VTBD,12:00,04:00,12:15,15min late,15:15,4min early,4h 0m,Landed
2026-01-01,GA253,GIA253,Garuda Indonesia,Yogyakarta,YIA,WAHI,12:05,04:05,12:20,15min late,12:30,24min early,1h 10m,Landed
2026-01-01,SQ937,SIA937,Singapore Airlines,Singapore,SIN,WSSS,12:05,04:05,12:22,17min late,14:36,18min early,2h 13m,Landed
2026-01-01,OD192,MXD192,Malindo Air,Kuala Lumpur,KUL,WMKK,12:10,04:10,12:46,36min late,15:18,1min early,2h 32m,Landed
2026-01-01,OD178,MXD178,Malindo Air,Kuala Lumpur,KUL,WMKK,12:15,04:15,12:27,12min late,14:57,27min early,2h 29m,Landed
2026-01-01,IP103,PAS103,Pelita Air Service,Jakarta,CGK,WIII,12:45,04:45,12:46,1min late,13:21,13min early,1h 34m,Landed
2026-01-01,OD158,MXD158,Malindo Air,Kuala Lumpur,KUL,WMKK,12:45,04:45,13:07,22min late,15:44,10min early,2h 37m,Landed
2026-01-01,IN643,LKN643,Nam Air,Tambolaka,TMC,WADT,12:50,04:50,13:08,18min late,13:52,2min late,44m,Landed
2026-01-01,QG9687,CTV9687,Citilink,Jakarta,CGK,WIII,12:53,04:53,12:46,6min early,13:40,2min late,1h 53m,Landed
2026-01-01,SQ939,SIA939,Singapore Airlines,Singapore,SIN,WSSS,13:00,05:00,13:34,34min late,15:45,4min early,2h 11m,Landed
2026-01-01,AK365,AXM365,AirAsia,Kuala Lumpur,KUL,WMKK,13:05,05:05,13:30,25min late,18:17,7min late,4h 47m,Landed
2026-01-01,JT33,LNI033,Lion Air,Jakarta,CGK,WIII,13:05,05:05,13:24,19min late,13:58,1min early,1h 34m,Landed
2026-01-01,MH714,MAS714,Malaysia Airlines,Kuala Lumpur,KUL,WMKK,13:10,05:10,13:50,40min late,16:26,21min late,2h 35m,Landed
2026-01-01,VJ900,VJC900,VietJet Air,Hanoi,HAN,VVNB,13:10,05:10,13:21,11min late,16:58,21min early,4h 37m,Landed
2026-01-01,GA409,GIA409,Garuda Indonesia,Jakarta,CGK,WIII,13:25,05:25,13:53,28min late,14:32,7min late,1h 38m,Landed
2026-01-01,JQ58,JST058,Jetstar Airways,Brisbane,BNE,YBBN,13:30,05:30,13:46,16min late,20:53,31min early,5h 6m,Landed
2026-01-01,JT660,LNI660,Lion Air,Balikpapan,BPN,WALL,13:30,05:30,14:21,51min late,18:05,50min late,3h 43m,Landed
2026-01-01,SJ7161,SJY7161,Sriwijaya Air,Makassar,UPG,WAAA,13:45,05:45,15:12,27min late,15:05,,1h 20m,Landed
2026-01-01,SJ7420,,Sriwijaya Air,Tambolaka,TMC,WADT,13:45,05:45,,,,,1h 0m,
2026-01-01,8B5107,TNU5107,Business Air,Jakarta,CGK,WIII,13:50,05:50,14:47,57min late,15:21,46min late,1h 34m,Landed
2026-01-01,JT919,LNI919,Lion Air,Surabaya,SUB,WARR,13:55,05:55,14:18,23min late,13:55,on time,37m,Landed
2026-01-01,JT25,,Lion Air,Jakarta,CGK,WIII,14:00,06:00,14:29,29min late,14:58,3min late,1h 29m,Landed
2026-01-01,6E1612,IGO1612,IndiGo,Bhubaneswar,BBI,VEBS,14:00,06:00,14:04,4min late,17:18,21min early,5h 44m,Landed
2026-01-01,QZ544,AWQ544,Indonesia AirAsia,Perth,PER,YPPH,14:00,06:00,15:15,15min late,18:31,41min late,3h 16m,Landed
2026-01-01,8B82,TNU082,Business Air,Perth,PER,YPPH,14:00,06:00,14:50,50min late,18:09,29min late,3h 19m,Landed
2026-01-01,QG687,CTV687,Citilink,Jakarta,CGK,WIII,14:00,06:00,14:15,15min late,14:48,6min early,1h 33m,Landed
2026-01-01,VJ894,VJC894,VietJet Air,Ho Chi Minh City,SGN,VVTS,14:05,06:05,13:57,7min early,16:25,39min early,3h 28m,Landed
2026-01-01,ID6517,BTK6517,Batik Air,Jakarta,CGK,WIII,14:15,06:15,14:33,18min late,15:02,7min early,1h 29m,Landed
2026-01-01,JT569,LNI569,Lion Air,Yogyakarta,YIA,WAHI,14:15,06:15,14:54,39min late,13:38,6min early,,Landed
2026-01-01,ID7308,BTK7308,Batik Air,Jakarta,HLP,WIHH,14:20,06:20,14:42,22min late,15:08,1min early,1h 25m,Landed
2026-01-01,QZ246,AWQ246,Indonesia AirAsia,Phuket,HKT,VTSP,14:25,06:25,16:20,55min late,18:51,36min late,3h 30m,Landed
2026-01-01,TR289,TGW289,Scoot,Singapore,SIN,WSSS,14:35,06:35,13:15,19min early,17:07,22min early,3h 52m,Landed
2026-01-01,JT740,LNI740,Lion Air,Makassar,UPG,WAAA,14:40,06:40,15:48,8min late,19:18,13min late,3h 30m,Landed
2026-01-01,JT273,LNI273,Lion Air,Semarang,SRG,WIIS,14:40,06:40,14:21,18min early,17:05,5min late,3h 43m,Landed
2026-01-01,JT23,,Lion Air,Jakarta,CGK,WIII,14:45,06:45,15:38,53min late,16:06,26min late,1h 28m,Landed
2026-01-01,JQ43,JST043,Jetstar Airways,Singapore,SIN,WSSS,14:50,06:50,14:50,on time,17:21,33min early,2h 30m,Landed
2026-01-01,OD307,MXD307,Malindo Air,Kuala Lumpur,KUL,WMKK,14:50,06:50,15:10,20min late,17:46,8min early,2h 36m,Landed
2026-01-01,JT924,LNI924,Lion Air,Kupang,KOE,WATT,14:55,06:55,15:28,33min late,16:54,9min late,1h 25m,Landed
2026-01-01,JQ44,JST044,Jetstar Airways,Melbourne,MEL,YMML,14:55,06:55,15:06,11min late,23:07,27min early,5h 0m,Landed
2026-01-01,JT844,LNI844,Lion Air,Banjarmasin,BDJ,WAOO,15:00,07:00,15:57,57min late,17:00,30min late,1h 2m,Landed
2026-01-01,VA48,VOZ048,Virgin Australia,Brisbane,BNE,YBBN,15:00,07:00,15:27,27min late,23:08,13min late,5h 41m,Landed
2026-01-01,OD172,MXD172,Malindo Air,Kuala Lumpur,KUL,WMKK,15:05,07:05,15:23,18min late,18:04,10min early,2h 41m,Landed
2026-01-01,QG681,CTV681,Citilink,Jakarta,CGK,WIII,15:10,07:10,15:31,21min late,16:24,19min late,1h 52m,Landed
2026-01-01,ID6509,BTK6509,Batik Air,Jakarta,CGK,WIII,15:15,07:15,15:34,19min late,16:07,2min early,1h 33m,Landed
2026-01-01,QG9665,CTV9665,Citilink,Jakarta,CGK,WIII,15:15,07:15,15:14,on time,15:56,13min early,1h 41m,Landed
2026-01-01,GA842,GIA842,Garuda Indonesia,Singapore,SIN,WSSS,15:15,07:15,15:17,2min late,17:36,23min early,2h 18m,Landed
2026-01-01,QZ909,AWQ909,Indonesia AirAsia,Jakarta,CGK,WIII,15:20,07:20,15:40,20min late,14:24,50min early,,Landed
2026-01-01,AK377,AXM377,AirAsia,Kuala Lumpur,KUL,WMKK,15:25,07:25,16:16,51min late,19:22,57min late,3h 6m,Landed
2026-01-01,VJ898,VJC898,VietJet Air,Ho Chi Minh City,SGN,VVTS,15:35,07:35,15:53,18min late,18:11,13min early,3h 18m,Landed
2026-01-01,QG669,CTV669,Citilink,Surabaya,SUB,WARR,15:40,07:40,15:45,5min late,15:42,2min early,57m,Landed
2026-01-01,GA411,GIA411,Garuda Indonesia,Jakarta,CGK,WIII,15:40,07:40,15:59,19min late,16:41,3min early,1h 42m,Landed
2026-01-01,QZ536,AWQ536,Indonesia AirAsia,Perth,PER,YPPH,16:00,08:00,16:30,30min late,19:44,on time,3h 14m,Landed
2026-01-01,IP109,PAS109,Pelita Air Service,Jakarta,CGK,WIII,16:00,08:00,16:27,27min late,16:57,7min late,1h 30m,Landed
2026-01-01,VN640,HVN640,Vietnam Airlines,Ho Chi Minh City,SGN,VVTS,16:05,08:05,16:23,18min late,18:44,10min early,3h 21m,Landed
2026-01-01,QG661,CTV661,Citilink,Jakarta,CGK,WIII,16:05,08:05,16:01,4min early,16:52,7min early,1h 51m,Landed
2026-01-01,TG432,THA432,Thai Airways International,Bangkok,BKK,VTBS,16:10,08:10,16:10,on time,19:05,19min early,3h 55m,Landed
2026-01-01,QZ807,AWQ807,Indonesia AirAsia,Jakarta,CGK,WIII,16:10,08:10,16:25,15min late,17:08,1min early,1h 43m,Landed
2026-01-01,IU703,SJV703,SW Italia,Surabaya,SUB,WARR,16:10,08:10,16:45,35min late,16:23,13min late,38m,Landed
2026-01-01,GA427,GIA427,Garuda Indonesia,Jakarta,CGK,WIII,16:10,08:10,16:25,15min late,17:01,3min early,1h 36m,Landed
2026-01-01,QZ556,AWQ556,Indonesia AirAsia,Kuala Lumpur,KUL,WMKK,16:15,08:15,16:40,25min late,19:28,18min late,2h 48m,Landed
2026-01-01,CX784,CPA784,Cathay Pacific,Hong Kong,HKG,VHHH,16:20,08:20,16:37,17min late,21:12,12min early,4h 34m,Landed
2026-01-01,MH850,MAS850,Malaysia Airlines,Kuala Lumpur,KUL,WMKK,16:25,08:25,16:31,6min late,19:30,4min early,2h 59m,Landed
2026-01-01,IW1852,WON1852,Wings Air,Lombok,LOP,WADL,16:30,08:30,16:42,12min late,17:07,12min early,24m,Landed
2026-01-01,BR256,EVA256,EVA Airways,Taipei,TPE,RCTP,16:40,08:40,16:40,on time,22:09,24min late,5h 29m,Landed
2026-01-01,JT744,,Lion Air,Makassar,UPG,WAAA,16:40,08:40,,,,,1h 25m,
2026-01-01,GA349,GIA349,Garuda Indonesia,Surabaya,SUB,WARR,16:55,08:55,17:09,14min late,16:56,13min early,47m,Landed
2026-01-01,ID6335,BTK6335,Batik Air,Labuan Bajo,LBJ,WATO,17:00,09:00,17:21,21min late,18:15,on time,53m,Landed
2026-01-01,GA419,GIA419,Garuda Indonesia,Jakarta,CGK,WIII,17:25,09:25,17:35,10min late,18:13,11min early,1h 37m,Landed
2026-01-01,VJ998,VJC998,VietJet Air,Hanoi,HAN,VVNB,17:25,09:25,17:13,12min early,20:38,56min early,4h 25m,Landed
2026-01-01,HO1356,DKH1356,Juneyao Airlines,Shanghai,PVG,ZSPD,17:25,09:25,17:45,20min late,23:50,on time,6h 5m,Landed
2026-01-01,TR211,TGW211,Scoot,Singapore,SIN,WSSS,17:35,09:35,18:40,5min late,20:52,7min late,2h 12m,Landed
2026-01-01,IP107,PAS107,Pelita Air Service,Jakarta,CGK,WIII,17:40,09:40,18:15,35min late,18:45,15min late,1h 30m,Landed
2026-01-01,OD193,MXD193,Malindo Air,Perth,PER,YPPH,18:10,10:10,18:44,34min late,22:04,19min late,3h 20m,Landed
2026-01-01,IN281,LKN281,Nam Air,Jakarta,CGK,WIII,18:30,10:30,18:44,14min late,19:13,3min late,1h 29m,Landed
2026-01-01,GA417,GIA417,Garuda Indonesia,Jakarta,CGK,WIII,18:30,10:30,19:12,42min late,19:33,3min late,1h 21m,Landed
2026-01-01,JT567,LNI567,Lion Air,Yogyakarta,YIA,WAHI,18:30,10:30,19:32,2min late,19:46,46min late,1h 14m,Landed
2026-01-01,IN283,,NAM Air,Jakarta,CGK,WIII,18:30,10:30,,,,,1h 40m,
2026-01-01,IP111,PAS111,Pelita Air Service,Jakarta,CGK,WIII,18:35,10:35,18:58,23min late,19:27,2min late,1h 29m,Landed
2026-01-01,JT925,LNI925,Lion Air,Surakarta,SOC,WAHQ,18:40,10:40,19:16,36min late,19:19,19min late,1h 3m,Landed
2026-01-01,SL259,TLM259,Thai Lion Air,Bangkok,DMK,VTBD,18:40,10:40,19:24,44min late,22:15,15min late,3h 51m,Landed
2026-01-01,CX782,CPA782,Cathay Pacific,Hong Kong,HKG,VHHH,18:40,10:40,17:20,19min early,23:35,9min early,6h 14m,Landed
2026-01-01,ID6415,BTK6415,Batik Air,Surabaya,SUB,WARR,18:45,10:45,19:20,35min late,18:59,14min late,38m,Landed
2026-01-01,EY477,ETD477,Etihad Airways,Abu Dhabi,AUH,OMAA,18:45,10:45,18:54,9min late,23:43,1min early,8h 49m,Landed
2026-01-01,QR963,QTR963,Qatar Airways,Doha,DOH,OTHH,18:50,10:50,19:03,13min late,23:44,14min late,9h 41m,Landed
2026-01-01,6E1608,IGO1608,IndiGo,Chennai,MAA,VOMM,18:50,10:50,16:56,53min early,03:56,26min late,13h 29m,Landed
2026-01-01,QZ809,AWQ809,Indonesia AirAsia,Jakarta,CGK,WIII,18:50,10:50,19:28,38min late,19:52,2min late,1h 24m,Landed
2026-01-01,TG440,THA440,Thai Airways International,Bangkok,BKK,VTBS,19:00,11:00,19:26,26min late,22:26,11min late,4h 0m,Landed
2026-01-01,AK379,AXM379,AirAsia,Kuala Lumpur,KUL,WMKK,19:15,11:15,19:35,20min late,22:31,11min late,2h 56m,Landed
2026-01-01,MH852,MAS852,Malaysia Airlines,Kuala Lumpur,KUL,WMKK,19:15,11:15,19:23,8min late,22:17,2min late,2h 54m,Landed
2026-01-01,ID7310,BTK7310,Batik Air,Jakarta,HLP,WIHH,19:25,11:25,19:37,12min late,20:00,14min early,1h 22m,Landed
2026-01-01,QG699,CTV699,Citilink,Surabaya,SUB,WARR,19:25,11:25,19:43,18min late,19:54,24min late,1h 11m,Landed
2026-01-01,QG689,CTV689,Citilink,Jakarta,CGK,WIII,19:30,11:30,19:27,3min early,20:15,9min early,1h 48m,Landed
2026-01-01,GA463,GIA463,Garuda Indonesia,Jakarta,HLP,WIHH,19:30,11:30,19:51,21min late,20:20,4min early,1h 28m,Landed
2026-01-01,JT923,LNI923,Lion Air,Surabaya,SUB,WARR,19:45,11:45,21:17,32min late,20:59,14min late,41m,Landed
2026-01-01,8B969,TNU969,Business Air,Guangzhou,CAN,ZGGG,19:45,11:45,20:09,24min late,00:52,12min early,4h 43m,Landed
2026-01-01,EK369,UAE369,Emirates,Dubai,DXB,OMDB,19:50,11:50,20:38,48min late,01:20,10min late,8h 41m,Landed
2026-01-01,JT271,LNI271,Lion Air,Semarang,SRG,WIIS,19:50,11:50,20:21,31min late,20:22,12min late,1h 0m,Landed
2026-01-01,JT11,LNI011,Lion Air,Jakarta,CGK,WIII,19:55,11:55,21:14,19min late,21:43,53min late,1h 29m,Landed
2026-01-01,TR283,TGW283,Scoot,Singapore,SIN,WSSS,20:05,12:05,20:56,51min late,23:13,33min late,2h 17m,Landed
2026-01-01,QG195,CTV195,Citilink,Jakarta,HLP,WIHH,20:10,12:10,20:02,8min early,20:53,6min early,1h 51m,Landed
2026-01-01,SQ945,SIA945,Singapore Airlines,Singapore,SIN,WSSS,20:15,12:15,21:10,55min late,23:27,32min late,2h 17m,Landed
2026-01-01,GA718,GIA718,Garuda Indonesia,Melbourne,MEL,YMML,20:20,12:20,20:59,39min late,05:10,10min late,5h 11m,Landed
2026-01-01,JQ34,JST034,Jetstar Airways,Melbourne,MEL,YMML,20:20,12:20,20:16,4min early,04:32,22min early,5h 16m,Landed
2026-01-01,ID6413,BTK6413,Batik Air,Surabaya,SUB,WARR,20:30,12:30,20:52,22min late,20:39,9min late,47m,Landed
2026-01-01,QG342,CTV342,Citilink,Makassar,UPG,WAAA,20:35,12:35,14:07,27min early,17:49,10min early,3h 42m,Landed
2026-01-01,QG9697,CTV9697,Citilink,Surabaya,SUB,WARR,20:40,12:40,22:19,39min late,22:15,30min late,56m,Landed
2026-01-01,GA415,GIA415,Garuda Indonesia,Jakarta,CGK,WIII,20:45,12:45,21:05,20min late,21:46,1min late,1h 41m,Landed
2026-01-01,IP105,PAS105,Pelita Air Service,Jakarta,CGK,WIII,20:50,12:50,21:03,13min late,21:33,6min early,1h 30m,Landed
2026-01-01,OD177,MXD177,Malindo Air,Melbourne,MEL,YMML,20:55,12:55,21:21,26min late,05:31,8min early,5h 10m,Landed
2026-01-01,OD171,MXD171,Malindo Air,Sydney,SYD,YSSY,21:10,13:10,13:53,16min early,06:40,25min late,13h 47m,Landed
2026-01-01,TK67,THY067,Turkish Airlines,Istanbul,IST,LTFM,21:10,13:10,21:21,11min late,05:24,15min early,13h 3m,Landed
2026-01-01,QG9667,CTV9667,Citilink,Jakarta,CGK,WIII,21:10,13:10,21:35,25min late,22:25,10min late,1h 50m,Landed
2026-01-01,QZ819,AWQ819,Indonesia AirAsia,Jakarta,CGK,WIII,21:15,13:15,22:46,31min late,23:12,7min late,1h 26m,Landed
2026-01-01,QF44,QFA044,Qantas,Sydney,SYD,YSSY,21:20,13:20,21:20,on time,06:01,13min early,5h 41m,Landed
2026-01-01,GA425,GIA425,Garuda Indonesia,Jakarta,CGK,WIII,21:30,13:30,21:45,15min late,07:41,6min late,10h 56m,Landed
2026-01-01,JQ60,JST060,Jetstar Airways,Brisbane,BNE,YBBN,21:30,13:30,22:31,1min late,05:57,37min late,5h 26m,Landed
2026-01-01,SJ273,SJY273,Sriwijaya Air,Jakarta,CGK,WIII,21:35,13:35,23:21,46min late,23:51,36min late,1h 29m,Landed
2026-01-01,KL836,KLM836,KLM Royal Dutch Airlines,Singapore,SIN,WSSS,21:40,13:40,23:00,20min late,01:21,11min late,2h 21m,Landed
2026-01-01,SQ947,SIA947,Singapore Airlines,Singapore,SIN,WSSS,21:40,13:40,22:01,21min late,00:13,6min early,2h 11m,Landed
2026-01-01,JQ117,JST117,Jetstar Airways,Perth,PER,YPPH,21:45,13:45,22:05,20min late,01:21,6min late,3h 16m,Landed
2026-01-01,QZ546,AWQ546,Indonesia AirAsia,Perth,PER,YPPH,21:55,13:55,22:05,10min late,01:21,13min early,3h 16m,Landed
2026-01-01,AK375,AXM375,AirAsia,Kuala Lumpur,KUL,WMKK,21:55,13:55,22:34,39min late,01:06,6min late,2h 31m,Landed
2026-01-01,VA94,VOZ094,Virgin Australia,Melbourne,MEL,YMML,22:00,14:00,22:25,25min late,06:34,5min early,5h 9m,Landed
2026-01-01,IU759,SJV759,SW Italia,Jakarta,CGK,WIII,22:05,14:05,22:12,7min late,22:40,19min early,1h 28m,Landed
2026-01-01,OD157,MXD157,Malindo Air,Brisbane,BNE,YBBN,22:10,14:10,22:39,29min late,06:02,2min late,5h 22m,Landed
2026-01-01,QZ811,AWQ811,Indonesia AirAsia,Jakarta,CGK,WIII,22:15,14:15,22:43,28min late,23:08,3min late,1h 25m,Landed
2026-01-01,JQ38,JST038,Jetstar Airways,Sydney,SYD,YSSY,22:20,14:20,22:17,3min early,07:01,23min early,5h 44m,Landed
2026-01-01,VA66,VOZ066,Virgin Australia,Sydney,SYD,YSSY,22:30,14:30,22:43,13min late,07:32,7min early,5h 49m,Landed
2026-01-01,JT15,LNI015,Lion Air,Jakarta,CGK,WIII,22:40,14:40,23:43,3min late,00:17,42min late,1h 34m,Landed
2026-01-01,JQ128,JST128,Jetstar Airways,Adelaide,ADL,YPAD,22:50,14:50,23:21,31min late,06:32,17min late,4h 41m,Landed
2026-01-01,QG9669,CTV9669,Citilink,Jakarta,CGK,WIII,23:05,15:05,23:13,8min late,00:01,2min late,1h 48m,Landed
2026-01-01,7C2712,JJA2712,Jeju Air,Seoul,ICN,RKSI,23:05,15:05,23:07,2min late,07:01,8min early,6h 54m,Landed
2026-01-01,8B5109,TNU5109,Business Air,Jakarta,CGK,WIII,23:10,15:10,23:08,1min early,23:39,10min early,1h 31m,Landed
2026-01-01,3U3986,CSC3986,Sichuan Airlines,Lujia Town,TFU,ZUTF,23:10,15:10,23:29,19min late,06:00,9min early,6h 30m,Landed
2026-01-01,VA82,VOZ082,Virgin Australia,Gold Coast,OOL,YBCG,23:20,15:20,15:46,33min early,06:50,19min early,13h 3m,Landed
2026-01-01,GA714,GIA714,Garuda Indonesia,Sydney,SYD,YSSY,23:35,15:35,23:38,3min late,08:10,24min early,5h 32m,Landed
2026-01-01,JQ42,JST042,Jetstar Airways,Melbourne,MEL,YMML,23:40,15:40,23:54,14min late,08:16,13min early,5h 21m,Landed
2026-01-01,KE432,KAL432,Korean Air Lines,Seoul,ICN,RKSI,23:50,15:50,23:50,on time,07:24,20min early,6h 34m,Landed
2026-01-02,BX602,ABL602,Air Busan,Busan,PUS,RKPK,00:05,16:05,00:37,32min late,08:19,11min early,6h 41m,Landed
2026-01-02,TW158,TWB158,T'Way Air,Cheongju,CJJ,RKTU,00:15,16:15,00:53,38min late,08:08,1min early,6h 14m,Landed
2026-01-02,EK399,UAE399,Emirates,Dubai,DXB,OMDB,00:25,16:25,00:44,19min late,05:50,5min late,9h 6m,Landed
2026-01-02,QR961,QTR961,Qatar Airways,Doha,DOH,OTHH,00:30,16:30,00:45,15min late,04:59,10min early,9h 14m,Landed
2026-01-02,MF892,CXA892,Xiamen Airlines,Xiamen,XMN,ZSAM,00:30,16:30,00:22,8min early,05:52,12min early,5h 30m,Landed
2026-01-02,CZ626,CSN626,China Southern Airlines,Guangzhou,CAN,ZGGG,00:40,16:40,22:51,48min early,05:41,8min early,6h 49m,Landed
2026-01-02,GA870,GIA870,Garuda Indonesia,Seoul,ICN,RKSI,00:50,16:50,01:00,10min late,08:32,17min early,6h 32m,Landed
2026-01-02,GA880,GIA880,Garuda Indonesia,Tokyo,NRT,RJAA,00:50,16:50,01:00,10min late,08:31,18min early,6h 30m,Landed
2026-01-02,MU5030,CES5030,China Eastern Airlines,Shanghai,PVG,ZSPD,00:55,16:55,01:08,13min late,07:17,7min late,6h 9m,Landed
2026-01-02,QZ548,AWQ548,Indonesia AirAsia,Perth,PER,YPPH,01:00,17:00,01:03,3min late,04:22,17min early,3h 19m,Landed
2026-01-02,PR538,PAL538,Philippine Airlines,Manila,MNL,RPLL,01:10,17:10,00:59,11min early,04:40,29min early,3h 41m,Landed
2026-01-02,KE434,KAL434,Korean Air Lines,Seoul,ICN,RKSI,01:20,17:20,01:19,on time,08:48,31min early,6h 29m,Landed
2026-01-02,8B5888,TNU5888,Business Air,Manado,MDC,WAMM,01:30,17:30,01:42,12min late,03:50,24min early,2h 8m,Landed
2026-01-02,GA6864,GIA6864,Garuda Indonesia,Sorong,SOQ,WASS,01:39,17:39,01:39,on time,05:37,2min late,2h 58m,Landed
2026-01-02,GA401,GIA401,Garuda Indonesia,Jakarta,CGK,WIII,07:00,23:00,07:06,6min late,07:50,9min early,1h 43m,Landed
2026-01-02,JT929,LNI929,Lion Air,Surabaya,SUB,WARR,07:00,23:00,07:16,16min late,06:55,5min early,39m,Landed
2026-01-02,QZ534,AWQ534,Indonesia AirAsia,Perth,PER,YPPH,07:00,23:00,07:29,29min late,10:59,9min late,3h 29m,Landed
2026-01-02,JT746,LNI746,Lion Air,Makassar,UPG,WAAA,07:00,23:00,07:33,33min late,08:34,9min late,1h 1m,Landed
2026-01-02,QZ813,AWQ813,Indonesia AirAsia,Jakarta,CGK,WIII,07:00,23:00,07:12,12min late,12:39,49min late,6h 27m,Landed
2026-01-02,QG690,CTV690,Citilink,Surabaya,SUB,WARR,07:05,23:05,07:18,13min late,07:01,8min early,43m,Landed
2026-01-02,JQ82,JST082,Jetstar Airways,Darwin,DRW,YPDN,07:05,23:05,07:14,9min late,11:03,11min early,2h 19m,Landed
2026-01-02,QZ644,AWQ644,Indonesia AirAsia,Labuan Bajo,LBJ,WATO,07:10,23:10,07:10,on time,08:01,23min early,51m,Landed
2026-01-02,QZ550,AWQ550,Indonesia AirAsia,Kuala Lumpur,KUL,WMKK,07:15,23:15,07:20,5min late,13:58,48min late,6h 37m,Landed
2026-01-02,SQ949,SIA949,Singapore Airlines,Singapore,SIN,WSSS,07:20,23:20,07:27,7min late,09:38,21min early,2h 11m,Landed
2026-01-02,8B551,TNU551,Business Air,Singapore,SIN,WSSS,07:30,23:30,07:41,11min late,09:56,1min late,2h 14m,Landed
2026-01-02,ID6333,BTK6333,Batik Air,Labuan Bajo,LBJ,WATO,07:55,23:55,07:54,on time,08:46,23min early,52m,Landed
2026-01-02,QG9691,CTV9691,Citilink,Surabaya,SUB,WARR,08:05,00:05,07:47,17min early,07:38,31min early,51m,Landed
2026-01-02,IW1832,WON1832,Wings Air,Tambolaka,TMC,WADT,08:05,00:05,08:27,22min late,09:36,1min late,1h 9m,Landed
2026-01-02,JT21,LNI021,Lion Air,Jakarta,CGK,WIII,08:05,00:05,08:13,8min late,08:42,17min early,1h 28m,Landed
2026-01-02,HX706,CRK706,Hong Kong Airlines,Hong Kong,HKG,VHHH,08:15,00:15,08:15,on time,13:13,1min early,4h 58m,Landed
2026-01-02,GA710,GIA710,Garuda Indonesia,Melbourne,MEL,YMML,08:20,00:20,08:44,24min late,16:41,18min early,4h 57m,Landed
2026-01-02,CZ8482,CSN8482,China Southern Airlines,Guangzhou,CAN,ZGGG,08:35,00:35,08:58,23min late,13:44,4min late,4h 45m,Landed
2026-01-02,5J280,CEB280,CEBU Pacific Air,Manila,MNL,RPLL,08:35,00:35,09:01,26min late,12:58,8min late,3h 57m,Landed
2026-01-02,IW1882,WON1882,Wings Air,Sumbawa Besar,SWQ,WADS,08:55,00:55,09:51,56min late,10:32,32min late,41m,Landed
2026-01-02,IW3330,WON3330,Wings Air,,,,09:00,01:00,09:26,26min late,11:48,3min late,2h 22m,Landed
2026-01-02,IN640,LKN640,NAM Air,Tambolaka,TMC,WADT,09:10,01:10,09:38,28min late,10:20,10min late,42m,Landed
2026-01-02,SJ740,,Sriwijaya Air,Waingapu,WGP,WADW,09:10,01:10,,,,,1h 20m,
2026-01-02,8B5105,TNU5105,Business Air,Jakarta,CGK,WIII,09:15,01:15,09:24,9min late,09:50,9min early,1h 26m,Landed
2026-01-02,IW1848,WON1848,Wings Air,Lombok,LOP,WADL,09:25,01:25,10:00,35min late,10:34,19min late,34m,Landed
2026-01-02,QZ504,AWQ504,Indonesia AirAsia,Singapore,SIN,WSSS,09:25,01:25,09:22,3min early,11:39,26min early,2h 17m,Landed
2026-01-02,ID6007,BTK6007,Batik Air,Perth,PER,YPPH,09:30,01:30,07:26,3min early,13:04,10min early,5h 38m,Landed
2026-01-02,QG500,CTV500,Citilink,Dili,DIL,WPDL,09:30,01:30,09:25,4min early,12:10,9min early,1h 44m,Landed
2026-01-02,JT3805,LNI3805,Lion Air,Surabaya,SUB,WARR,09:30,01:30,09:44,14min late,09:27,2min early,42m,Landed
2026-01-02,QG663,CTV663,Citilink,Jakarta,CGK,WIII,09:35,01:35,09:48,13min late,10:41,11min late,1h 53m,Landed
2026-01-02,8B80,TNU080,Business Air,Perth,PER,YPPH,09:40,01:40,09:49,9min late,13:07,17min early,3h 18m,Landed
2026-01-02,QZ803,AWQ803,Indonesia AirAsia,Jakarta,CGK,WIII,09:40,01:40,09:41,on time,10:12,17min early,1h 31m,Landed
2026-01-02,QR965,QTR965,Qatar Airways,Doha,DOH,OTHH,09:45,01:45,09:39,6min early,14:14,10min early,9h 35m,Landed
2026-01-02,JT270,LNI270,Lion Air,Kupang,KOE,WATT,10:00,02:00,10:20,20min late,11:46,3min early,1h 25m,Landed
2026-01-02,JT3569,LNI3569,Lion Air,Yogyakarta,YIA,WAHI,10:00,02:00,10:09,9min late,10:15,15min early,1h 5m,Landed
2026-01-02,SU297,AFL297,Aeroflot,Moscow,SVO,UUEE,10:05,02:05,16:07,2min late,00:15,20min late,13h 8m,Landed
2026-01-02,JQ126,JST126,Jetstar Airways,Adelaide,ADL,YPAD,10:15,02:15,10:32,17min late,17:36,8min early,4h 34m,Landed
2026-01-02,8B5101,TNU5101,Business Air,Jakarta,CGK,WIII,10:30,02:30,10:54,24min late,11:24,9min late,1h 30m,Landed
2026-01-02,SQ935,SIA935,Singapore Airlines,Singapore,SIN,WSSS,10:30,02:30,10:44,14min late,13:01,9min early,2h 17m,Landed
2026-01-02,QZ815,AWQ815,Indonesia AirAsia,Jakarta,CGK,WIII,10:35,02:35,10:52,17min late,11:18,11min early,1h 26m,Landed
2026-01-02,JT805,LNI805,Lion Air,Surabaya,SUB,WARR,10:35,02:35,11:11,36min late,10:49,14min late,37m,Landed
2026-01-02,8G182,DTL182,Mid Africa Aviation,Dili,DIL,WPDL,10:35,02:35,10:38,3min late,13:20,9min early,1h 41m,Landed
2026-01-02,JT927,LNI927,Lion Air,Surakarta,SOC,WAHQ,10:40,02:40,11:43,3min late,11:54,54min late,1h 10m,Landed
2026-01-02,TR281,TGW281,Scoot,Singapore,SIN,WSSS,11:10,03:10,11:28,18min late,13:40,9min early,2h 12m,Landed
2026-01-02,QG197,CTV197,Citilink,Jakarta,HLP,WIHH,11:10,03:10,14:02,52min late,11:39,20min early,,Landed
2026-01-02,JQ40,JST040,Jetstar Airways,Sydney,SYD,YSSY,11:15,03:15,11:07,8min early,19:34,40min early,5h 27m,Landed
2026-01-02,GA620,GIA620,Garuda Indonesia,Makassar,UPG,WAAA,11:20,03:20,11:54,34min late,13:03,13min late,1h 9m,Landed
2026-01-02,6E1606,IGO1606,IndiGo,Bangalore,BLR,VOBL,11:30,03:30,11:05,25min early,15:39,4min late,7h 4m,Landed
2026-01-02,JQ32,JST032,Jetstar Airways,Melbourne,MEL,YMML,11:30,03:30,11:23,7min early,19:30,39min early,5h 7m,Landed
2026-01-02,OD172,MXD172,Malindo Air,Kuala Lumpur,KUL,WMKK,11:35,03:35,13:01,26min late,15:57,12min late,2h 56m,Landed
2026-01-02,QG9685,CTV9685,Citilink,Jakarta,CGK,WIII,11:35,03:35,11:29,6min early,12:23,6min early,1h 54m,Landed
2026-01-02,QZ646,AWQ646,Indonesia AirAsia,Labuan Bajo,LBJ,WATO,11:40,03:40,11:59,19min late,12:58,3min late,59m,Landed
2026-01-02,IW1902,WON1902,Wings Air,Jember,JBB,WARE,11:40,03:40,12:49,9min late,12:27,27min late,37m,Landed
2026-01-02,IW1964,WON1964,Wings Air,Lombok,LOP,WADL,11:40,03:40,12:03,23min late,12:33,3min late,30m,Landed
2026-01-02,ID6331,BTK6331,Batik Air,Labuan Bajo,LBJ,WATO,11:45,03:45,12:02,17min late,13:04,4min late,1h 2m,Landed
2026-01-02,JQ109,JST109,Jetstar Airways,Perth,PER,YPPH,11:45,03:45,11:31,14min early,14:57,38min early,3h 26m,Landed
2026-01-02,GA407,GIA407,Garuda Indonesia,Jakarta,CGK,WIII,11:55,03:55,12:26,31min late,12:54,on time,1h 28m,Landed
2026-01-02,FD397,AIQ397,Thai AirAsia,Bangkok,DMK,VTBD,12:00,04:00,12:35,35min late,15:28,8min late,3h 52m,Landed
2026-01-02,SQ937,SIA937,Singapore Airlines,Singapore,SIN,WSSS,12:05,04:05,12:24,19min late,14:41,13min early,2h 17m,Landed
2026-01-02,QZ618,AWQ618,Indonesia AirAsia,Banjarmasin,BDJ,WAOO,12:05,04:05,12:13,8min late,13:16,23min early,1h 3m,Landed
2026-01-02,GA253,GIA253,Garuda Indonesia,Yogyakarta,YIA,WAHI,12:05,04:05,12:28,23min late,12:31,23min early,1h 2m,Landed
2026-01-02,SJ742,SJY742,Sriwijaya Air,Tambolaka,TMC,WADT,12:10,04:10,12:40,30min late,13:31,21min late,51m,Landed
2026-01-02,OD192,MXD192,Malindo Air,Kuala Lumpur,KUL,WMKK,12:10,04:10,12:36,26min late,15:16,3min early,2h 40m,Landed
2026-01-02,OD178,MXD178,Malindo Air,Kuala Lumpur,KUL,WMKK,12:15,04:15,12:42,27min late,15:16,8min early,2h 34m,Landed
2026-01-02,QZ805,AWQ805,Indonesia AirAsia,Jakarta,CGK,WIII,12:40,04:40,13:16,36min late,18:40,5min late,6h 23m,Landed
2026-01-02,OD158,MXD158,Malindo Air,Kuala Lumpur,KUL,WMKK,12:45,04:45,13:42,57min late,19:35,40min late,5h 53m,Landed
2026-01-02,IP103,PAS103,Pelita Air Service,Jakarta,CGK,WIII,12:45,04:45,12:45,on time,13:18,16min early,1h 33m,Landed
2026-01-02,SQ939,SIA939,Singapore Airlines,Singapore,SIN,WSSS,13:00,05:00,13:01,1min late,15:27,22min early,2h 26m,Landed
2026-01-02,JT33,LNI033,Lion Air,Jakarta,CGK,WIII,13:05,05:05,14:18,13min late,14:49,49min late,1h 31m,Landed
2026-01-02,AK365,AXM365,AirAsia,Kuala Lumpur,KUL,WMKK,13:05,05:05,13:45,40min late,18:34,24min late,4h 49m,Landed
2026-01-02,VJ900,VJC900,VietJet Air,Hanoi,HAN,VVNB,13:10,05:10,13:15,5min late,20:29,9min late,8h 13m,Landed
2026-01-02,MH714,MAS714,Malaysia Airlines,Kuala Lumpur,KUL,WMKK,13:10,05:10,13:38,28min late,16:14,9min late,2h 36m,Landed
2026-01-02,GA409,GIA409,Garuda Indonesia,Jakarta,CGK,WIII,13:25,05:25,13:48,23min late,14:27,2min late,1h 38m,Landed
2026-01-02,JQ58,JST058,Jetstar Airways,Brisbane,BNE,YBBN,13:30,05:30,13:33,3min late,20:42,42min early,5h 9m,Landed
2026-01-02,JT660,LNI660,Lion Air,Balikpapan,BPN,WALL,13:30,05:30,14:26,56min late,18:13,58min late,3h 46m,Landed
2026-01-02,8B5107,TNU5107,Business Air,Jakarta,CGK,WIII,13:50,05:50,14:15,25min late,17:47,12min late,4h 32m,Landed
2026-01-02,JT919,LNI919,Lion Air,Surabaya,SUB,WARR,13:55,05:55,15:05,10min late,14:41,46min late,36m,Landed
2026-01-02,JT25,,Lion Air,Jakarta,CGK,WIII,14:00,06:00,15:21,21min late,15:48,53min late,1h 27m,Landed
2026-01-02,QZ544,AWQ544,Indonesia AirAsia,Perth,PER,YPPH,14:00,06:00,16:01,1min late,19:18,28min late,3h 17m,Landed
2026-01-02,6E1612,IGO1612,IndiGo,Bhubaneswar,BBI,VEBS,14:00,06:00,16:38,38min late,19:57,17min late,5h 48m,Landed
2026-01-02,QG687,CTV687,Citilink,Jakarta,CGK,WIII,14:00,06:00,14:12,12min late,14:51,3min early,1h 39m,Landed
2026-01-02,8B82,TNU082,Business Air,Perth,PER,YPPH,14:00,06:00,14:42,42min late,18:06,26min late,3h 24m,Landed
2026-01-02,VJ894,VJC894,VietJet Air,Ho Chi Minh City,SGN,VVTS,14:05,06:05,14:08,3min late,16:29,35min early,3h 20m,Landed
2026-01-02,JT569,LNI569,Lion Air,Yogyakarta,YIA,WAHI,14:15,06:15,13:16,58min early,14:46,1min late,2h 30m,Landed
2026-01-02,ID7308,BTK7308,Batik Air,Jakarta,HLP,WIHH,14:20,06:20,14:38,18min late,15:06,3min early,1h 27m,Landed
2026-01-02,QZ506,AWQ506,Indonesia AirAsia,Singapore,SIN,WSSS,14:25,06:25,15:28,3min late,17:58,38min late,2h 30m,Landed
2026-01-02,TR289,TGW289,Scoot,Singapore,SIN,WSSS,14:35,06:35,14:53,18min late,17:13,17min early,2h 19m,Landed
2026-01-02,JT740,LNI740,Lion Air,Makassar,UPG,WAAA,14:40,06:40,16:26,46min late,17:30,25min late,1h 3m,Landed
2026-01-02,JT273,LNI273,Lion Air,Semarang,SRG,WIIS,14:40,06:40,16:10,30min late,16:07,7min late,57m,Landed
2026-01-02,JT23,,Lion Air,Jakarta,CGK,WIII,14:45,06:45,17:23,38min late,17:55,15min late,1h 32m,Landed
2026-01-02,OD307,MXD307,Malindo Air,Kuala Lumpur,KUL,WMKK,14:50,06:50,15:13,23min late,17:52,2min early,2h 38m,Landed
2026-01-02,JQ43,JST043,Jetstar Airways,Singapore,SIN,WSSS,14:50,06:50,15:10,20min late,17:33,21min early,2h 23m,Landed
2026-01-02,JQ44,JST044,Jetstar Airways,Melbourne,MEL,YMML,14:55,06:55,15:14,19min late,23:10,24min early,4h 56m,Landed
2026-01-02,JT924,LNI924,Lion Air,Kupang,KOE,WATT,14:55,06:55,15:24,29min late,16:50,5min late,1h 26m,Landed
2026-01-02,JT844,LNI844,Lion Air,Banjarmasin,BDJ,WAOO,15:00,07:00,16:20,20min late,17:23,53min late,1h 2m,Landed
2026-01-02,VA48,VOZ048,Virgin Australia,Brisbane,BNE,YBBN,15:00,07:00,15:29,29min late,23:07,12min late,5h 38m,Landed
2026-01-02,QZ246,AWQ246,Indonesia AirAsia,Phuket,HKT,VTSP,15:05,07:05,16:33,28min late,19:02,22min late,3h 29m,Landed
2026-01-02,AI2148,AIC2148,Air India,Delhi,DEL,VIDP,15:10,07:10,15:31,21min late,20:17,12min late,7h 15m,Landed
2026-01-02,QG681,CTV681,Citilink,Jakarta,CGK,WIII,15:10,07:10,15:29,19min late,16:12,7min late,1h 42m,Landed
2026-01-02,ID6509,BTK6509,Batik Air,Jakarta,CGK,WIII,15:15,07:15,15:56,41min late,16:25,15min late,1h 29m,Landed
2026-01-02,QG9665,CTV9665,Citilink,Jakarta,CGK,WIII,15:15,07:15,15:15,on time,16:09,on time,1h 54m,Landed
2026-01-02,GA842,GIA842,Garuda Indonesia,Singapore,SIN,WSSS,15:15,07:15,15:36,21min late,18:05,5min late,2h 29m,Landed
2026-01-02,AK377,AXM377,AirAsia,Kuala Lumpur,KUL,WMKK,15:25,07:25,19:01,36min late,22:22,57min late,3h 21m,Landed
2026-01-02,VJ898,VJC898,VietJet Air,Ho Chi Minh City,SGN,VVTS,15:35,07:35,15:52,17min late,18:16,8min early,3h 24m,Landed
2026-01-02,GA411,GIA411,Garuda Indonesia,Jakarta,CGK,WIII,15:40,07:40,16:19,39min late,16:45,on time,1h 26m,Landed
2026-01-02,SJ717,SJY717,Sriwijaya Air,Makassar,UPG,WAAA,15:40,07:40,16:41,1min late,17:46,46min late,1h 4m,Landed
2026-01-02,IW1850,WON1850,Wings Air,Lombok,LOP,WADL,15:40,07:40,16:30,50min late,16:57,27min late,26m,Landed
2026-01-02,IP109,PAS109,Pelita Air Service,Jakarta,CGK,WIII,16:00,08:00,16:23,23min late,16:51,1min late,1h 28m,Landed
2026-01-02,QZ536,AWQ536,Indonesia AirAsia,Perth,PER,YPPH,16:00,08:00,16:37,37min late,19:54,9min late,3h 17m,Landed
2026-01-02,QG661,CTV661,Citilink,Jakarta,CGK,WIII,16:05,08:05,16:33,28min late,17:31,31min late,1h 58m,Landed
2026-01-02,VN640,HVN640,Vietnam Airlines,Ho Chi Minh City,SGN,VVTS,16:05,08:05,16:23,18min late,18:50,4min early,3h 27m,Landed
2026-01-02,GA427,GIA427,Garuda Indonesia,Jakarta,CGK,WIII,16:10,08:10,16:39,29min late,17:06,1min late,1h 27m,Landed
2026-01-02,IU703,SJV703,SW Italia,Surabaya,SUB,WARR,16:10,08:10,16:58,48min late,16:33,23min late,34m,Landed
2026-01-02,TG432,THA432,Thai Airways International,Bangkok,BKK,VTBS,16:10,08:10,16:17,7min late,19:05,19min early,3h 48m,Landed
2026-01-02,QZ807,AWQ807,Indonesia AirAsia,Jakarta,CGK,WIII,16:10,08:10,17:23,13min late,16:04,5min early,,Landed
2026-01-02,CX784,CPA784,Cathay Pacific,Hong Kong,HKG,VHHH,16:20,08:20,16:30,10min late,21:31,6min late,5h 1m,Landed
2026-01-02,MH850,MAS850,Malaysia Airlines,Kuala Lumpur,KUL,WMKK,16:25,08:25,16:33,8min late,19:24,10min early,2h 51m,Landed
2026-01-02,IW1852,WON1852,Wings Air,Lombok,LOP,WADL,16:30,08:30,16:54,24min late,17:20,on time,25m,Landed
2026-01-02,BR256,EVA256,EVA Airways,Taipei,TPE,RCTP,16:40,08:40,16:50,10min late,23:05,20min late,6h 15m,Landed
2026-01-02,JT744,LNI744,Lion Air,Makassar,UPG,WAAA,16:40,08:40,17:00,20min late,17:58,6min early,58m,Landed
2026-01-02,GA349,GIA349,Garuda Indonesia,Surabaya,SUB,WARR,16:55,08:55,17:20,25min late,16:58,11min early,38m,Landed
2026-01-02,IU273,SJV273,SW Italia,Pontianak,PNK,WIOO,17:00,09:00,18:25,25min late,18:55,50min late,1h 30m,Landed
2026-01-02,ID6335,BTK6335,Batik Air,Labuan Bajo,LBJ,WATO,17:00,09:00,17:15,15min late,18:10,4min early,55m,Landed
2026-01-02,VJ998,VJC998,VietJet Air,Hanoi,HAN,VVNB,17:25,09:25,17:45,20min late,21:23,11min early,4h 38m,Landed
2026-01-02,GA419,GIA419,Garuda Indonesia,Jakarta,CGK,WIII,17:25,09:25,18:09,44min late,18:40,15min late,1h 31m,Landed
2026-01-02,HO1356,DKH1356,Juneyao Airlines,Shanghai,PVG,ZSPD,17:25,09:25,17:38,13min late,23:35,14min early,5h 57m,Landed
2026-01-02,TR211,TGW211,Scoot,Singapore,SIN,WSSS,17:35,09:35,18:05,30min late,20:28,17min early,2h 23m,Landed
2026-01-02,IP107,PAS107,Pelita Air Service,Jakarta,CGK,WIII,17:40,09:40,18:27,47min late,18:55,25min late,1h 28m,Landed
2026-01-02,AK368,AXM368,AirAsia,Kuala Lumpur,KUL,WMKK,17:45,09:45,18:17,32min late,21:02,12min late,2h 45m,Landed
2026-01-02,OD193,MXD193,Malindo Air,Perth,PER,YPPH,18:10,10:10,19:05,55min late,22:21,36min late,3h 16m,Landed
2026-01-02,GA417,GIA417,Garuda Indonesia,Jakarta,CGK,WIII,18:30,10:30,19:46,16min late,20:14,44min late,1h 28m,Landed
2026-01-02,JT567,LNI567,Lion Air,Yogyakarta,YIA,WAHI,18:30,10:30,19:37,7min late,19:43,43min late,1h 5m,Landed
2026-01-02,IN281,LKN281,Nam Air,Jakarta,CGK,WIII,18:30,10:30,16:33,56min early,16:31,38min early,58m,Landed
2026-01-02,IP111,PAS111,Pelita Air Service,Jakarta,CGK,WIII,18:35,10:35,19:34,59min late,20:00,35min late,1h 26m,Landed
2026-01-02,JT925,LNI925,Lion Air,Surakarta,SOC,WAHQ,18:40,10:40,20:27,47min late,20:26,26min late,58m,Landed
2026-01-02,CX782,CPA782,Cathay Pacific,Hong Kong,HKG,VHHH,18:40,10:40,18:41,on time,23:36,8min early,4h 55m,Landed
2026-01-02,ID6415,BTK6415,Batik Air,Surabaya,SUB,WARR,18:45,10:45,19:18,33min late,19:04,19min late,46m,Landed
2026-01-02,EY477,ETD477,Etihad Airways,Abu Dhabi,AUH,OMAA,18:45,10:45,19:08,23min late,23:49,4min late,8h 41m,Landed
2026-01-02,6E1608,IGO1608,IndiGo,Chennai,MAA,VOMM,18:50,10:50,22:13,23min late,01:47,17min late,6h 4m,Landed
2026-01-02,QZ809,AWQ809,Indonesia AirAsia,Jakarta,CGK,WIII,18:50,10:50,20:46,56min late,21:15,25min late,1h 29m,Landed
2026-01-02,NZ291,ANZ291,Air New Zealand,Auckland,AKL,NZAA,18:50,10:50,09:15,34min early,07:57,2min late,17h 41m,Landed
2026-01-02,QR963,QTR963,Qatar Airways,Doha,DOH,OTHH,18:50,10:50,18:51,on time,23:39,9min late,9h 48m,Landed
2026-01-02,TG440,THA440,Thai Airways International,Bangkok,BKK,VTBS,19:00,11:00,19:35,35min late,22:23,8min late,3h 48m,Landed
2026-01-02,GA4032,GIA4032,Garuda Indonesia,Jakarta,CGK,WIII,19:00,11:00,20:23,23min late,20:54,54min late,1h 31m,Landed
2026-01-02,AK379,AXM379,AirAsia,Kuala Lumpur,KUL,WMKK,19:15,11:15,21:33,18min late,07:39,19min late,10h 6m,Landed
2026-01-02,MH852,MAS852,Malaysia Airlines,Kuala Lumpur,KUL,WMKK,19:15,11:15,20:34,19min late,23:35,20min late,3h 1m,Landed
2026-01-02,QG699,CTV699,Citilink,Surabaya,SUB,WARR,19:25,11:25,19:30,5min late,19:46,16min late,1h 16m,Landed
2026-01-02,ID7310,BTK7310,Batik Air,Jakarta,HLP,WIHH,19:25,11:25,19:49,24min late,20:13,1min early,1h 23m,Landed
2026-01-02,GA4212,GIA4212,Garuda Indonesia,Jakarta,CGK,WIII,19:30,11:30,20:03,33min late,20:34,4min late,1h 31m,Landed
2026-01-02,QG689,CTV689,Citilink,Jakarta,CGK,WIII,19:30,11:30,19:46,16min late,20:41,16min late,1h 55m,Landed
2026-01-02,GA463,GIA463,Garuda Indonesia,Jakarta,HLP,WIHH,19:30,11:30,20:56,26min late,21:28,3min late,1h 31m,Landed
2026-01-02,8B969,TNU969,Business Air,Guangzhou,CAN,ZGGG,19:45,11:45,20:05,20min late,00:59,5min early,4h 54m,Landed
2026-01-02,JQ107,JST107,Jetstar Airways,Perth,PER,YPPH,19:45,11:45,19:44,on time,23:15,4min early,3h 31m,Landed
2026-01-02,JT923,LNI923,Lion Air,Surabaya,SUB,WARR,19:45,11:45,21:30,45min late,21:08,23min late,37m,Landed
2026-01-02,EK369,UAE369,Emirates,Dubai,DXB,OMDB,19:50,11:50,20:19,29min late,01:19,9min late,8h 59m,Landed
2026-01-02,JT271,LNI271,Lion Air,Semarang,SRG,WIIS,19:50,11:50,20:31,41min late,20:33,23min late,1h 2m,Landed
2026-01-02,JT11,LNI011,Lion Air,Jakarta,CGK,WIII,19:55,11:55,21:28,33min late,21:56,6min late,1h 28m,Landed
2026-01-02,TR283,TGW283,Scoot,Singapore,SIN,WSSS,20:05,12:05,20:41,36min late,22:58,18min late,2h 17m,Landed
2026-01-02,SL259,TLM259,Thai Lion Air,Bangkok,DMK,VTBD,20:05,12:05,22:08,3min late,00:58,33min late,3h 50m,Landed
2026-01-02,QG195,CTV195,Citilink,Jakarta,HLP,WIHH,20:10,12:10,20:15,5min late,21:20,20min late,2h 5m,Landed
2026-01-02,SQ945,SIA945,Singapore Airlines,Singapore,SIN,WSSS,20:15,12:15,20:55,40min late,23:10,15min late,2h 15m,Landed
2026-01-02,GA718,GIA718,Garuda Indonesia,Melbourne,MEL,YMML,20:20,12:20,20:36,16min late,04:56,3min early,5h 19m,Landed
2026-01-02,JQ34,JST034,Jetstar Airways,Melbourne,MEL,YMML,20:20,12:20,21:52,32min late,06:18,23min late,5h 26m,Landed
2026-01-02,ID6517,BTK6517,Batik Air,Jakarta,CGK,WIII,20:30,12:30,21:11,41min late,21:41,16min late,1h 29m,Landed
2026-01-02,ID6413,BTK6413,Batik Air,Surabaya,SUB,WARR,20:30,12:30,21:18,48min late,20:57,27min late,39m,Landed
2026-01-02,QG9697,CTV9697,Citilink,Surabaya,SUB,WARR,20:40,12:40,20:40,on time,20:48,3min late,1h 8m,Landed
2026-01-02,GA415,GIA415,Garuda Indonesia,Jakarta,CGK,WIII,20:45,12:45,21:50,5min late,22:25,40min late,1h 35m,Landed
2026-01-02,QG342,CTV342,Citilink,Makassar,UPG,WAAA,20:50,12:50,14:02,47min early,15:23,1min early,1h 21m,Landed
2026-01-02,IP105,PAS105,Pelita Air Service,Jakarta,CGK,WIII,20:50,12:50,21:03,13min late,21:33,6min early,1h 30m,Landed
2026-01-02,OD177,MXD177,Malindo Air,Melbourne,MEL,YMML,20:55,12:55,22:15,20min late,06:20,40min late,5h 4m,Landed
2026-01-02,TK67,THY067,Turkish Airlines,Istanbul,IST,LTFM,21:10,13:10,21:25,15min late,05:18,21min early,12h 52m,Landed
2026-01-02,OD171,MXD171,Malindo Air,Sydney,SYD,YSSY,21:10,13:10,22:35,25min late,06:47,32min late,5h 12m,Landed
2026-01-02,QG9667,CTV9667,Citilink,Jakarta,CGK,WIII,21:10,13:10,21:58,48min late,22:34,19min late,1h 35m,Landed
2026-01-02,IU368,SJV368,SW Italia,Medan,KNO,WIMM,21:13,13:13,21:11,1min early,23:13,on time,3h 1m,Landed
2026-01-02,QZ819,AWQ819,Indonesia AirAsia,Jakarta,CGK,WIII,21:15,13:15,23:30,15min late,00:01,56min late,1h 30m,Landed
2026-01-02,QF44,QFA044,Qantas,Sydney,SYD,YSSY,21:20,13:20,22:13,53min late,06:41,26min late,5h 28m,Landed
2026-01-02,GA425,GIA425,Garuda Indonesia,Jakarta,CGK,WIII,21:30,13:30,22:21,51min late,23:02,27min late,1h 41m,Landed
2026-01-02,ID6760,BTK6760,Batik Air,Makassar,UPG,WAAA,21:30,13:30,21:54,24min late,22:54,on time,1h 0m,Landed
2026-01-02,SJ273,,Sriwijaya Air,Jakarta,CGK,WIII,21:35,13:35,02:15,40min late,22:15,,1h 40m,Landed
2026-01-02,SQ947,SIA947,Singapore Airlines,Singapore,SIN,WSSS,21:40,13:40,22:14,34min late,00:32,12min late,2h 18m,Landed
2026-01-02,KL836,KLM836,KLM Royal Dutch Airlines,Singapore,SIN,WSSS,21:40,13:40,22:12,32min late,00:47,37min late,2h 35m,Landed
2026-01-02,JQ117,JST117,Jetstar Airways,Perth,PER,YPPH,21:45,13:45,22:16,31min late,01:44,29min late,3h 28m,Landed
2026-01-02,QZ546,AWQ546,Indonesia AirAsia,Perth,PER,YPPH,21:55,13:55,22:45,50min late,02:03,28min late,3h 18m,Landed
2026-01-02,AK375,AXM375,AirAsia,Kuala Lumpur,KUL,WMKK,21:55,13:55,00:49,54min late,03:39,39min late,2h 50m,Landed
2026-01-02,TK311,THY311,Turkish Airlines,Istanbul,IST,LTFM,22:00,14:00,22:17,17min late,06:04,20min early,12h 46m,Landed
2026-01-02,VA94,VOZ094,Virgin Australia,Melbourne,MEL,YMML,22:00,14:00,23:05,5min late,07:05,25min late,4h 59m,Landed
2026-01-02,IU759,SJV759,SW Italia,Jakarta,CGK,WIII,22:05,14:05,22:25,20min late,22:49,10min early,1h 24m,Landed
2026-01-02,SV857,SVA857,Saudi Arabian Airlines,Singapore,SIN,WSSS,22:05,14:05,22:41,36min late,00:49,4min late,2h 7m,Landed
2026-01-02,QF46,QFA046,Qantas,Melbourne,MEL,YMML,22:05,14:05,22:33,28min late,06:46,4min early,5h 13m,Landed
2026-01-02,OD157,MXD157,Malindo Air,Brisbane,BNE,YBBN,22:10,14:10,23:25,15min late,06:43,43min late,5h 18m,Landed
2026-01-02,QZ811,AWQ811,Indonesia AirAsia,Jakarta,CGK,WIII,22:15,14:15,23:43,28min late,00:10,5min late,1h 27m,Landed
2026-01-02,JQ38,JST038,Jetstar Airways,Sydney,SYD,YSSY,22:20,14:20,23:50,30min late,08:03,33min late,5h 13m,Landed
2026-01-02,JQ89,JST089,Jetstar Airways,Newcastle,NTL,YWLM,22:20,14:20,22:51,31min late,07:12,2min early,5h 21m,Landed
2026-01-02,VA66,VOZ066,Virgin Australia,Sydney,SYD,YSSY,22:30,14:30,22:39,9min late,07:11,28min early,5h 32m,Landed
2026-01-02,JT15,LNI015,Lion Air,Jakarta,CGK,WIII,22:40,14:40,00:25,45min late,00:54,19min late,1h 29m,Landed
2026-01-02,JQ128,JST128,Jetstar Airways,Adelaide,ADL,YPAD,22:50,14:50,23:47,57min late,06:48,33min late,4h 31m,Landed
2026-01-02,QG9669,CTV9669,Citilink,Jakarta,CGK,WIII,23:05,15:05,23:04,on time,00:02,3min late,1h 58m,Landed
2026-01-02,7C2712,JJA2712,Jeju Air,Seoul,ICN,RKSI,23:05,15:05,23:19,14min late,07:10,on time,6h 51m,Landed
2026-01-02,JQ91,JST091,Jetstar Airways,Cairns,CNS,YBCS,23:10,15:10,23:24,14min late,05:59,14min late,4h 35m,Landed
2026-01-02,8B5109,TNU5109,TransNusa,Jakarta,CGK,WIII,23:10,15:10,00:09,59min late,00:34,44min late,1h 24m,Landed
2026-01-02,3U3986,CSC3986,Sichuan Airlines,Lujia Town,TFU,ZUTF,23:10,15:10,23:40,30min late,06:01,8min early,6h 21m,Landed
2026-01-02,IU527,SJV527,SW Italia,Manado,MDC,WAMM,23:20,15:20,02:20,0min late,04:33,38min late,2h 13m,Landed
2026-01-02,VA82,VOZ082,Virgin Australia,Gold Coast,OOL,YBCG,23:20,15:20,23:18,2min early,07:02,7min early,5h 44m,Landed
2026-01-02,GA714,GIA714,Garuda Indonesia,Sydney,SYD,YSSY,23:35,15:35,23:53,18min late,08:25,9min early,5h 32m,Landed
2026-01-02,JQ42,JST042,Jetstar Airways,Melbourne,MEL,YMML,23:40,15:40,00:11,31min late,08:18,11min early,5h 7m,Landed
2026-01-02,QZ420,AWQ420,Indonesia AirAsia,Adelaide,ADL,YPAD,23:45,15:45,00:47,2min late,07:59,34min late,4h 42m,Landed
2026-01-02,KE432,KAL432,Korean Air Lines,Seoul,ICN,RKSI,23:50,15:50,23:59,9min late,07:24,20min early,6h 25m,Landed
2026-01-02,JQ94,JST094,Jetstar Airways,Gold Coast,OOL,YBCG,23:55,15:55,23:54,on time,07:16,8min early,5h 22m,Landed
2026-01-03,BX602,ABL602,Air Busan,Busan,PUS,RKPK,00:05,16:05,00:37,32min late,08:19,11min early,6h 41m,Landed
2026-01-03,8B84,TNU084,Business Air,Perth,PER,YPPH,00:20,16:20,00:45,25min late,04:02,2min early,3h 17m,Landed
2026-01-03,EK399,UAE399,Emirates,Dubai,DXB,OMDB,00:25,16:25,01:26,1min late,05:53,8min late,8h 27m,Landed
2026-01-03,QR961,QTR961,Qatar Airways,Doha,DOH,OTHH,00:30,16:30,00:23,6min early,04:38,31min early,9h 14m,Landed
2026-01-03,MF892,CXA892,Xiamen Airlines,Xiamen,XMN,ZSAM,00:30,16:30,00:23,7min early,05:46,18min early,5h 23m,Landed
2026-01-03,CZ626,CSN626,China Southern Airlines,Guangzhou,CAN,ZGGG,00:40,16:40,00:37,2min early,05:23,27min early,4h 45m,Landed
2026-01-03,GA880,GIA880,Garuda Indonesia,Tokyo,NRT,RJAA,00:50,16:50,01:20,30min late,08:44,5min early,6h 24m,Landed
2026-01-03,GA870,GIA870,Garuda Indonesia,Seoul,ICN,RKSI,00:50,16:50,00:53,3min late,08:44,5min early,6h 51m,Landed
2026-01-03,MU5030,CES5030,China Eastern Airlines,Shanghai,PVG,ZSPD,00:55,16:55,00:54,on time,07:07,2min early,6h 13m,Landed
2026-01-03,5J282,CEB282,CEBU Pacific Air,Manila,MNL,RPLL,01:00,17:00,01:59,59min late,05:59,44min late,4h 0m,Landed
2026-01-03,SJ726,,Sriwijaya Air,Makassar,UPG,WAAA,01:00,17:00,,,,,1h 20m,
2026-01-03,QZ548,AWQ548,Indonesia AirAsia,Perth,PER,YPPH,01:00,17:00,02:02,2min late,05:18,38min late,3h 16m,Landed
2026-01-03,PR538,PAL538,Philippine Airlines,Manila,MNL,RPLL,01:10,17:10,01:57,47min late,05:41,31min late,3h 44m,Landed
2026-01-03,KE434,KAL434,Korean Air Lines,Seoul,ICN,RKSI,01:20,17:20,01:28,8min late,09:07,12min early,6h 39m,Landed
2026-01-03,8B5888,TNU5888,TransNusa,Manado,MDC,WAMM,01:30,17:30,01:33,3min late,03:53,21min early,2h 19m,Landed
2026-01-03,GA401,GIA401,Garuda Indonesia,Jakarta,CGK,WIII,07:00,23:00,07:11,11min late,07:46,13min early,1h 34m,Landed
2026-01-03,JT929,LNI929,Lion Air,Surabaya,SUB,WARR,07:00,23:00,07:24,24min late,07:06,5min late,42m,Landed
2026-01-03,JT746,LNI746,Lion Air,Makassar,UPG,WAAA,07:00,23:00,07:07,7min late,16:14,49min late,9h 7m,Landed
2026-01-03,QZ534,AWQ534,Indonesia AirAsia,Perth,PER,YPPH,07:00,23:00,07:03,3min late,10:20,29min early,3h 17m,Landed
2026-01-03,QG690,CTV690,Citilink,Surabaya,SUB,WARR,07:05,23:05,07:10,5min late,06:47,22min early,37m,Landed
2026-01-03,QZ550,AWQ550,Indonesia AirAsia,Kuala Lumpur,KUL,WMKK,07:15,23:15,07:19,4min late,14:21,11min late,7h 2m,Landed
2026-01-03,SQ949,SIA949,Singapore Airlines,Singapore,SIN,WSSS,07:20,23:20,07:27,7min late,09:41,18min early,2h 13m,Landed
2026-01-03,8B551,TNU551,Business Air,Singapore,SIN,WSSS,07:30,23:30,07:37,7min late,09:49,5min early,2h 12m,Landed
2026-01-03,ID6333,BTK6333,Batik Air,Labuan Bajo,LBJ,WATO,07:55,23:55,08:06,11min late,09:00,9min early,53m,Landed
2026-01-03,QG9691,CTV9691,Citilink,Surabaya,SUB,WARR,08:05,00:05,08:01,3min early,07:52,17min early,51m,Landed
2026-01-03,IW1832,WON1832,Wings Air,Tambolaka,TMC,WADT,08:05,00:05,08:14,9min late,11:11,36min late,2h 57m,Landed
2026-01-03,JT21,LNI021,Lion Air,Jakarta,CGK,WIII,08:05,00:05,08:17,12min late,08:44,15min early,1h 26m,Landed
2026-01-03,HX706,CRK706,Hong Kong Airlines,Hong Kong,HKG,VHHH,08:15,00:15,06:55,19min early,12:58,17min early,6h 2m,Landed
2026-01-03,5J280,CEB280,CEBU Pacific Air,Manila,MNL,RPLL,08:35,00:35,08:33,2min early,12:38,11min early,4h 5m,Landed
2026-01-03,CZ8482,CSN8482,China Southern Airlines,Guangzhou,CAN,ZGGG,08:35,00:35,08:56,21min late,13:45,19min early,4h 49m,Landed
2026-01-03,IW1854,WON1854,Wings Air,Lombok,LOP,WADL,08:45,00:45,10:09,24min late,10:36,1min late,27m,Landed
2026-01-03,IW1882,WON1882,Wings Air,Sumbawa Besar,SWQ,WADS,08:55,00:55,09:00,5min late,09:46,13min early,46m,Landed
2026-01-03,IN640,LKN640,Nam Air,Tambolaka,TMC,WADT,09:10,01:10,09:35,25min late,10:28,18min late,53m,Landed
2026-01-03,8B5105,TNU5105,Business Air,Jakarta,CGK,WIII,09:15,01:15,07:13,1min early,10:05,5min late,3h 52m,Landed
2026-01-03,QZ504,AWQ504,Indonesia AirAsia,Singapore,SIN,WSSS,09:25,01:25,09:40,15min late,11:57,7min early,2h 16m,Landed
2026-01-03,IW1848,WON1848,Wings Air,Lombok,LOP,WADL,09:25,01:25,10:06,41min late,10:32,17min late,25m,Landed
2026-01-03,JT3805,LNI3805,Lion Air,Surabaya,SUB,WARR,09:30,01:30,09:42,12min late,09:19,10min early,36m,Landed
2026-01-03,ID6007,BTK6007,Batik Air,Perth,PER,YPPH,09:30,01:30,13:18,48min late,13:22,7min late,3m,Landed
2026-01-03,QG500,CTV500,Citilink,Dili,DIL,WPDL,09:30,01:30,09:26,3min early,12:18,1min early,1h 52m,Landed
2026-01-03,QG663,CTV663,Citilink,Jakarta,CGK,WIII,09:35,01:35,09:35,on time,10:24,5min early,1h 49m,Landed
2026-01-03,QZ803,AWQ803,Indonesia AirAsia,Jakarta,CGK,WIII,09:40,01:40,09:54,14min late,10:24,5min early,1h 30m,Landed
2026-01-03,8B80,TNU080,Business Air,Perth,PER,YPPH,09:40,01:40,09:49,9min late,13:04,20min early,3h 15m,Landed
2026-01-03,QR965,QTR965,Qatar Airways,Doha,DOH,OTHH,09:45,01:45,09:45,on time,14:05,19min early,9h 20m,Landed
2026-01-03,JT270,LNI270,Lion Air,Kupang,KOE,WATT,10:00,02:00,10:23,23min late,11:48,1min early,1h 25m,Landed
2026-01-03,AI2146,AIC2146,Air India,Delhi,DEL,VIDP,10:00,02:00,10:02,2min late,15:13,13min late,7h 41m,Landed
2026-01-03,JT3569,LNI3569,Lion Air,Yogyakarta,YIA,WAHI,10:00,02:00,10:18,18min late,10:21,8min early,1h 2m,Landed
2026-01-03,SU297,AFL297,Aeroflot,Moscow,SVO,UUEE,10:05,02:05,10:55,50min late,18:40,45min late,12h 45m,Landed
2026-01-03,JQ111,JST111,Jetstar Airways,Perth,PER,YPPH,10:20,02:20,10:10,10min early,13:37,32min early,3h 27m,Landed
2026-01-03,8B5101,TNU5101,Business Air,Jakarta,CGK,WIII,10:30,02:30,10:41,11min late,11:11,3min early,1h 30m,Landed
2026-01-03,SQ935,SIA935,Singapore Airlines,Singapore,SIN,WSSS,10:30,02:30,10:36,6min late,12:46,24min early,2h 10m,Landed
2026-01-03,JT805,LNI805,Lion Air,Surabaya,SUB,WARR,10:35,02:35,11:06,31min late,10:43,8min late,37m,Landed
2026-01-03,8G182,DTL182,Mid Africa Aviation,Dili,DIL,WPDL,10:35,02:35,09:39,55min early,13:22,7min early,2h 43m,Landed
2026-01-03,JT927,LNI927,Lion Air,Surakarta,SOC,WAHQ,10:40,02:40,11:10,30min late,11:08,8min late,58m,Landed
2026-01-03,GA4114,GIA4114,Garuda Indonesia,Jakarta,CGK,WIII,10:55,02:55,11:03,8min late,11:44,10min early,1h 41m,Landed
2026-01-03,TR281,TGW281,Scoot,Singapore,SIN,WSSS,11:10,03:10,11:26,16min late,13:39,11min early,2h 13m,Landed
2026-01-03,IW1856,WON1856,Wings Air,Lombok,LOP,WADL,11:10,03:10,13:06,56min late,13:30,30min late,24m,Landed
2026-01-03,QG197,CTV197,Citilink,Jakarta,HLP,WIHH,11:10,03:10,11:00,10min early,11:41,18min early,1h 41m,Landed
2026-01-03,JQ40,JST040,Jetstar Airways,Sydney,SYD,YSSY,11:15,03:15,11:21,6min late,20:10,4min early,5h 49m,Landed
2026-01-03,QZ780,AWQ780,Indonesia AirAsia,Balikpapan,BPN,WALL,11:20,03:20,12:00,40min late,13:17,12min late,1h 16m,Landed
2026-01-03,JQ32,JST032,Jetstar Airways,Melbourne,MEL,YMML,11:30,03:30,11:33,3min late,19:50,19min early,5h 17m,Landed
2026-01-03,6E1606,IGO1606,IndiGo,Bangalore,BLR,VOBL,11:30,03:30,12:02,32min late,15:57,22min late,6h 25m,Landed
2026-01-03,QG9685,CTV9685,Citilink,Jakarta,CGK,WIII,11:35,03:35,11:27,8min early,12:10,19min early,1h 43m,Landed
2026-01-03,OD172,MXD172,Malindo Air,Kuala Lumpur,KUL,WMKK,11:35,03:35,13:06,31min late,15:37,52min late,2h 30m,Landed
2026-01-03,QZ646,AWQ646,Indonesia AirAsia,Labuan Bajo,LBJ,WATO,11:40,03:40,15:30,50min late,16:23,28min late,52m,Landed
2026-01-03,IW1964,WON1964,Wings Air,Lombok,LOP,WADL,11:40,03:40,11:57,17min late,11:11,18min early,,Landed
2026-01-03,ID6331,BTK6331,Batik Air,Labuan Bajo,LBJ,WATO,11:45,03:45,11:49,4min late,12:42,17min early,53m,Landed
2026-01-03,JQ109,JST109,Jetstar Airways,Perth,PER,YPPH,11:45,03:45,11:44,on time,15:08,26min early,3h 24m,Landed
2026-01-03,IW1850,WON1850,Wings Air,Lombok,LOP,WADL,11:50,03:50,11:51,on time,12:21,18min early,30m,Landed
2026-01-03,GA407,GIA407,Garuda Indonesia,Jakarta,CGK,WIII,11:55,03:55,12:28,33min late,13:02,7min late,1h 33m,Landed
2026-01-03,QZ540,AWQ540,Indonesia AirAsia,Darwin,DRW,YPDN,12:00,04:00,12:42,42min late,16:35,20min late,2h 23m,Landed
2026-01-03,FD397,AIQ397,Thai AirAsia,Bangkok,DMK,VTBD,12:00,04:00,12:25,25min late,15:28,8min late,4h 3m,Landed
2026-01-03,SQ937,SIA937,Singapore Airlines,Singapore,SIN,WSSS,12:05,04:05,12:12,7min late,14:20,35min early,2h 7m,Landed
2026-01-03,GA253,GIA253,Garuda Indonesia,Yogyakarta,YIA,WAHI,12:05,04:05,12:36,31min late,12:47,7min early,1h 11m,Landed
2026-01-03,OD192,MXD192,Malindo Air,Kuala Lumpur,KUL,WMKK,12:10,04:10,12:24,14min late,15:20,on time,2h 55m,Landed
2026-01-03,OD178,MXD178,Malindo Air,Kuala Lumpur,KUL,WMKK,12:15,04:15,12:32,17min late,15:05,19min early,2h 32m,Landed
2026-01-03,QZ805,AWQ805,Indonesia AirAsia,Jakarta,CGK,WIII,12:40,04:40,13:44,4min late,14:10,35min late,1h 26m,Landed
2026-01-03,OD158,MXD158,Malindo Air,Kuala Lumpur,KUL,WMKK,12:45,04:45,13:37,52min late,20:15,20min late,6h 38m,Landed
2026-01-03,IP103,PAS103,Pelita Air Service,Jakarta,CGK,WIII,12:45,04:45,12:44,on time,13:16,18min early,1h 32m,Landed
2026-01-03,SQ939,SIA939,Singapore Airlines,Singapore,SIN,WSSS,13:00,05:00,15:58,58min late,18:13,23min late,2h 14m,Landed
2026-01-03,AK365,AXM365,AirAsia,Kuala Lumpur,KUL,WMKK,13:05,05:05,13:28,23min late,18:23,13min late,4h 54m,Landed
2026-01-03,JT33,LNI033,Lion Air,Jakarta,CGK,WIII,13:05,05:05,16:46,41min late,17:18,18min late,1h 32m,Landed
2026-01-03,VJ900,VJC900,VietJet Air,Hanoi,HAN,VVNB,13:10,05:10,13:41,31min late,17:31,11min late,4h 49m,Landed
2026-01-03,MH714,MAS714,Malaysia Airlines,Kuala Lumpur,KUL,WMKK,13:10,05:10,15:15,5min late,18:15,10min late,2h 59m,Landed
2026-01-03,GA409,GIA409,Garuda Indonesia,Jakarta,CGK,WIII,13:25,05:25,13:53,28min late,14:32,7min late,1h 38m,Landed
2026-01-03,JQ58,JST058,Jetstar Airways,Brisbane,BNE,YBBN,13:30,05:30,13:46,16min late,20:52,32min early,5h 6m,Landed
2026-01-03,JT660,LNI660,Lion Air,Balikpapan,BPN,WALL,13:30,05:30,13:57,27min late,19:01,46min late,5h 4m,Landed
2026-01-03,SJ7420,SJY7420,Sriwijaya Air,Tambolaka,TMC,WADT,13:45,05:45,15:15,30min late,16:02,17min late,46m,Landed
2026-01-03,8B5107,TNU5107,Business Air,Jakarta,CGK,WIII,13:50,05:50,14:40,50min late,15:05,30min late,1h 25m,Landed
2026-01-03,JT919,LNI919,Lion Air,Surabaya,SUB,WARR,13:55,05:55,14:47,52min late,14:24,29min late,37m,Landed
2026-01-03,QZ544,AWQ544,Indonesia AirAsia,Perth,PER,YPPH,14:00,06:00,16:50,50min late,20:09,19min late,3h 19m,Landed
2026-01-03,JT25,,Lion Air,Jakarta,CGK,WIII,14:00,06:00,14:51,51min late,15:18,23min late,1h 27m,Landed
2026-01-03,6E1612,IGO1612,IndiGo,Bhubaneswar,BBI,VEBS,14:00,06:00,14:42,42min late,18:29,49min late,6h 17m,Landed
2026-01-03,8B82,TNU082,Business Air,Perth,PER,YPPH,14:00,06:00,13:19,40min early,17:41,1min late,4h 22m,Landed
2026-01-03,QG687,CTV687,Citilink,Jakarta,CGK,WIII,14:00,06:00,14:09,9min late,14:45,9min early,1h 36m,Landed
2026-01-03,VJ894,VJC894,VietJet Air,Ho Chi Minh City,SGN,VVTS,14:05,06:05,14:16,11min late,16:45,19min early,3h 28m,Landed
2026-01-03,JT569,LNI569,Lion Air,Yogyakarta,YIA,WAHI,14:15,06:15,14:43,28min late,14:50,5min late,1h 7m,Landed
2026-01-03,ID6517,BTK6517,Batik Air,Jakarta,CGK,WIII,14:15,06:15,14:30,15min late,15:01,8min early,1h 31m,Landed
2026-01-03,ID7308,BTK7308,Batik Air,Jakarta,HLP,WIHH,14:20,06:20,14:36,16min late,15:00,9min early,1h 23m,Landed
2026-01-03,QZ246,AWQ246,Indonesia AirAsia,Phuket,HKT,VTSP,14:25,06:25,19:28,3min late,17:03,11min early,,Landed
2026-01-03,TR289,TGW289,Scoot,Singapore,SIN,WSSS,14:35,06:35,15:07,32min late,17:31,on time,2h 24m,Landed
2026-01-03,JT273,LNI273,Lion Air,Semarang,SRG,WIIS,14:40,06:40,13:57,42min early,18:01,1min late,5h 4m,Landed
2026-01-03,JT740,LNI740,Lion Air,Makassar,UPG,WAAA,14:40,06:40,16:35,55min late,17:35,30min late,1h 0m,Landed
2026-01-03,JT23,,Lion Air,Jakarta,CGK,WIII,14:45,06:45,16:43,58min late,17:15,35min late,1h 32m,Landed
2026-01-03,OD307,MXD307,Malindo Air,Kuala Lumpur,KUL,WMKK,14:50,06:50,15:50,0min late,18:26,31min late,2h 36m,Landed
2026-01-03,JQ43,JST043,Jetstar Airways,Singapore,SIN,WSSS,14:50,06:50,14:54,4min late,17:27,27min early,2h 33m,Landed
2026-01-03,JT924,LNI924,Lion Air,Kupang,KOE,WATT,14:55,06:55,15:37,42min late,17:00,15min late,1h 23m,Landed
2026-01-03,JQ44,JST044,Jetstar Airways,Melbourne,MEL,YMML,14:55,06:55,15:03,8min late,23:08,26min early,5h 5m,Landed
2026-01-03,VA48,VOZ048,Virgin Australia,Brisbane,BNE,YBBN,15:00,07:00,15:34,34min late,23:30,35min late,5h 56m,Landed
2026-01-03,JT844,LNI844,Lion Air,Banjarmasin,BDJ,WAOO,15:00,07:00,16:33,33min late,17:35,5min late,1h 1m,Landed
2026-01-03,AI2148,AIC2148,Air India,Delhi,DEL,VIDP,15:10,07:10,15:43,33min late,20:40,35min late,7h 27m,Landed
2026-01-03,QG681,CTV681,Citilink,Jakarta,CGK,WIII,15:10,07:10,15:00,10min early,15:53,11min early,1h 53m,Landed
2026-01-03,QG9665,CTV9665,Citilink,Jakarta,CGK,WIII,15:15,07:15,15:07,8min early,16:02,7min early,1h 55m,Landed
2026-01-03,GA842,GIA842,Garuda Indonesia,Singapore,SIN,WSSS,15:15,07:15,15:33,18min late,18:05,5min late,2h 32m,Landed
2026-01-03,ID6509,BTK6509,Batik Air,Jakarta,CGK,WIII,15:15,07:15,16:38,23min late,17:07,57min late,1h 28m,Landed
2026-01-03,QZ909,AWQ909,Indonesia AirAsia,Jakarta,CGK,WIII,15:20,07:20,19:36,16min late,19:58,43min late,1h 22m,Landed
2026-01-03,AK377,AXM377,AirAsia,Kuala Lumpur,KUL,WMKK,15:25,07:25,19:00,35min late,21:56,31min late,2h 56m,Landed
2026-01-03,VJ898,VJC898,VietJet Air,Ho Chi Minh City,SGN,VVTS,15:35,07:35,16:23,48min late,18:45,20min late,3h 21m,Landed
2026-01-03,GA411,GIA411,Garuda Indonesia,Jakarta,CGK,WIII,15:40,07:40,16:09,29min late,16:45,on time,1h 36m,Landed
2026-01-03,QG669,CTV669,Citilink,Surabaya,SUB,WARR,15:40,07:40,15:35,5min early,15:54,9min late,1h 19m,Landed
2026-01-03,IP109,PAS109,Pelita Air Service,Jakarta,CGK,WIII,16:00,08:00,16:12,12min late,16:40,9min early,1h 28m,Landed
2026-01-03,QZ536,AWQ536,Indonesia AirAsia,Perth,PER,YPPH,16:00,08:00,16:16,16min late,19:36,8min early,3h 20m,Landed
2026-01-03,VN640,HVN640,Vietnam Airlines,Ho Chi Minh City,SGN,VVTS,16:05,08:05,16:28,23min late,18:59,4min late,3h 31m,Landed
2026-01-03,QG661,CTV661,Citilink,Jakarta,CGK,WIII,16:05,08:05,16:00,5min early,16:54,5min early,1h 54m,Landed
2026-01-03,QZ807,AWQ807,Indonesia AirAsia,Jakarta,CGK,WIII,16:10,08:10,16:37,27min late,17:10,on time,1h 33m,Landed
2026-01-03,TG432,THA432,Thai Airways International,Bangkok,BKK,VTBS,16:10,08:10,16:22,12min late,19:01,23min early,3h 39m,Landed
2026-01-03,QZ556,AWQ556,Indonesia AirAsia,Kuala Lumpur,KUL,WMKK,16:15,08:15,16:51,36min late,19:19,9min late,2h 28m,Landed
2026-01-03,CX784,CPA784,Cathay Pacific,Hong Kong,HKG,VHHH,16:20,08:20,16:33,13min late,21:12,12min early,4h 39m,Landed
2026-01-03,MH850,MAS850,Malaysia Airlines,Kuala Lumpur,KUL,WMKK,16:25,08:25,17:06,41min late,19:55,20min late,2h 49m,Landed
2026-01-03,IW1852,WON1852,Wings Air,Lombok,LOP,WADL,16:30,08:30,17:49,19min late,18:20,0min late,31m,Landed
2026-01-03,BR256,EVA256,EVA Airways,Taipei,TPE,RCTP,16:40,08:40,17:08,28min late,22:35,50min late,5h 27m,Landed
2026-01-03,JT744,LNI744,Lion Air,Makassar,UPG,WAAA,16:40,08:40,17:31,51min late,18:34,29min late,1h 2m,Landed
2026-01-03,GA349,GIA349,Garuda Indonesia,Surabaya,SUB,WARR,16:55,08:55,17:43,48min late,17:29,19min late,45m,Landed
2026-01-03,ID6335,BTK6335,Batik Air,Labuan Bajo,LBJ,WATO,17:00,09:00,17:36,36min late,18:29,14min late,52m,Landed
2026-01-03,SJ7161,SJY7161,Sriwijaya Air,Makassar,UPG,WAAA,17:15,09:15,19:04,49min late,20:05,30min late,1h 0m,Landed
2026-01-03,GA419,GIA419,Garuda Indonesia,Jakarta,CGK,WIII,17:25,09:25,17:47,22min late,18:24,on time,1h 37m,Landed
2026-01-03,VJ998,VJC998,VietJet Air,Hanoi,HAN,VVNB,17:25,09:25,17:29,4min late,21:11,23min early,4h 42m,Landed
2026-01-03,HO1356,DKH1356,Juneyao Airlines,Shanghai,PVG,ZSPD,17:25,09:25,18:27,2min late,00:24,34min late,5h 56m,Landed
2026-01-03,TR211,TGW211,Scoot,Singapore,SIN,WSSS,17:35,09:35,17:40,5min late,19:55,49min early,2h 15m,Landed
2026-01-03,IP107,PAS107,Pelita Air Service,Jakarta,CGK,WIII,17:40,09:40,17:54,14min late,18:21,8min early,1h 27m,Landed
2026-01-03,OD193,MXD193,Malindo Air,Perth,PER,YPPH,18:10,10:10,18:31,21min late,21:47,2min late,3h 16m,Landed
2026-01-03,JT567,LNI567,Lion Air,Yogyakarta,YIA,WAHI,18:30,10:30,19:23,53min late,19:33,33min late,1h 10m,Landed
2026-01-03,IN283,,Nam Air,Jakarta,CGK,WIII,18:30,10:30,,,,,1h 40m,
2026-01-03,GA417,GIA417,Garuda Indonesia,Jakarta,CGK,WIII,18:30,10:30,19:00,30min late,19:29,on time,1h 29m,Landed
2026-01-03,IN281,LKN281,Nam Air,Jakarta,CGK,WIII,18:30,10:30,19:21,51min late,19:45,35min late,1h 23m,Landed
2026-01-03,IP111,PAS111,Pelita Air Service,Jakarta,CGK,WIII,18:35,10:35,18:36,on time,19:08,16min early,1h 32m,Landed
2026-01-03,JT925,LNI925,Lion Air,Surakarta,SOC,WAHQ,18:40,10:40,19:38,58min late,19:34,34min late,56m,Landed
2026-01-03,SL259,TLM259,Thai Lion Air,Bangkok,DMK,VTBD,18:40,10:40,19:29,49min late,22:21,21min late,3h 51m,Landed
2026-01-03,CX782,CPA782,Cathay Pacific,Hong Kong,HKG,VHHH,18:40,10:40,19:38,58min late,00:26,41min late,4h 47m,Landed
2026-01-03,ID6415,BTK6415,Batik Air,Surabaya,SUB,WARR,18:45,10:45,19:31,46min late,19:07,22min late,35m,Landed
2026-01-03,EY477,ETD477,Etihad Airways,Abu Dhabi,AUH,OMAA,18:45,10:45,18:51,6min late,23:31,13min early,8h 39m,Landed
2026-01-03,6E1608,IGO1608,IndiGo,Chennai,MAA,VOMM,18:50,10:50,23:43,53min late,03:00,30min late,5h 47m,Landed
2026-01-03,QZ809,AWQ809,Indonesia AirAsia,Jakarta,CGK,WIII,18:50,10:50,19:45,55min late,20:13,23min late,1h 27m,Landed
2026-01-03,QR963,QTR963,Qatar Airways,Doha,DOH,OTHH,18:50,10:50,19:00,10min late,23:28,1min early,9h 28m,Landed
2026-01-03,TG440,THA440,Thai Airways International,Bangkok,BKK,VTBS,19:00,11:00,19:52,52min late,22:38,23min late,3h 46m,Landed
2026-01-03,AK379,AXM379,AirAsia,Kuala Lumpur,KUL,WMKK,19:15,11:15,21:50,35min late,00:47,27min late,2h 57m,Landed
2026-01-03,MH852,MAS852,Malaysia Airlines,Kuala Lumpur,KUL,WMKK,19:15,11:15,19:31,16min late,22:21,6min late,2h 49m,Landed
2026-01-03,ID7310,BTK7310,Batik Air,Jakarta,HLP,WIHH,19:25,11:25,19:36,11min late,20:01,13min early,1h 25m,Landed
2026-01-03,QG699,CTV699,Citilink,Surabaya,SUB,WARR,19:25,11:25,19:55,30min late,19:44,14min late,49m,Landed
2026-01-03,QG689,CTV689,Citilink,Jakarta,CGK,WIII,19:30,11:30,20:08,38min late,20:59,34min late,1h 51m,Landed
2026-01-03,JT923,LNI923,Lion Air,Surabaya,SUB,WARR,19:45,11:45,20:34,49min late,20:09,24min late,35m,Landed
2026-01-03,8B969,TNU969,Business Air,Guangzhou,CAN,ZGGG,19:45,11:45,19:57,12min late,12:50,45min late,16h 53m,Landed
2026-01-03,JT271,LNI271,Lion Air,Semarang,SRG,WIIS,19:50,11:50,20:45,55min late,20:41,31min late,56m,Landed
2026-01-03,EK369,UAE369,Emirates,Dubai,DXB,OMDB,19:50,11:50,19:59,9min late,00:55,14min early,8h 55m,Landed
2026-01-03,JT11,LNI011,Lion Air,Jakarta,CGK,WIII,19:55,11:55,23:00,5min late,23:28,38min late,1h 27m,Landed
2026-01-03,TR283,TGW283,Scoot,Singapore,SIN,WSSS,20:05,12:05,20:13,8min late,22:23,17min early,2h 10m,Landed
2026-01-03,QG195,CTV195,Citilink,Jakarta,HLP,WIHH,20:10,12:10,20:41,31min late,21:12,12min late,1h 30m,Landed
2026-01-03,IU703,SJV703,SW Italia,Surabaya,SUB,WARR,20:14,12:14,20:12,2min early,19:48,2min early,36m,Landed
2026-01-03,SQ945,SIA945,Singapore Airlines,Singapore,SIN,WSSS,20:15,12:15,20:24,9min late,22:33,22min early,2h 9m,Landed
2026-01-03,JQ34,JST034,Jetstar Airways,Melbourne,MEL,YMML,20:20,12:20,18:53,26min early,04:39,15min early,6h 45m,Landed
2026-01-03,GA718,GIA718,Garuda Indonesia,Melbourne,MEL,YMML,20:20,12:20,20:51,31min late,05:12,12min late,5h 20m,Landed
2026-01-03,ID6413,BTK6413,Batik Air,Surabaya,SUB,WARR,20:30,12:30,22:18,48min late,21:49,19min late,31m,Landed
2026-01-03,QG9697,CTV9697,Citilink,Surabaya,SUB,WARR,20:40,12:40,20:56,16min late,20:36,8min early,40m,Landed
2026-01-03,GA415,GIA415,Garuda Indonesia,Jakarta,CGK,WIII,20:45,12:45,21:02,17min late,21:41,3min early,1h 38m,Landed
2026-01-03,IP105,PAS105,Pelita Air Service,Jakarta,CGK,WIII,20:50,12:50,20:58,8min late,21:25,14min early,1h 26m,Landed
2026-01-03,OD177,MXD177,Malindo Air,Melbourne,MEL,YMML,20:55,12:55,21:12,17min late,05:21,18min early,5h 8m,Landed
2026-01-03,TK67,THY067,Turkish Airlines,Istanbul,IST,LTFM,21:10,13:10,21:32,22min late,05:22,17min early,12h 49m,Landed
2026-01-03,QG9667,CTV9667,Citilink,Jakarta,CGK,WIII,21:10,13:10,21:04,6min early,21:52,23min early,1h 48m,Landed
2026-01-03,OD171,MXD171,Malindo Air,Sydney,SYD,YSSY,21:10,13:10,22:09,59min late,06:31,16min late,5h 21m,Landed
2026-01-03,QZ819,AWQ819,Indonesia AirAsia,Jakarta,CGK,WIII,21:15,13:15,22:28,13min late,22:53,48min late,1h 25m,Landed
2026-01-03,QF44,QFA044,Qantas,Sydney,SYD,YSSY,21:20,13:20,20:18,1min early,06:18,3min late,7h 0m,Landed
2026-01-03,ID6760,BTK6760,Batik Air,Makassar,UPG,WAAA,21:30,13:30,21:52,22min late,22:54,on time,1h 2m,Landed
2026-01-03,JQ60,JST060,Jetstar Airways,Brisbane,BNE,YBBN,21:30,13:30,20:15,14min early,05:01,18min early,6h 45m,Landed
2026-01-03,GA425,GIA425,Garuda Indonesia,Jakarta,CGK,WIII,21:30,13:30,22:03,33min late,22:39,4min late,1h 36m,Landed
2026-01-03,SJ273,SJY273,Sriwijaya Air,Jakarta,CGK,WIII,21:35,13:35,00:20,45min late,22:15,,1h 40m,Landed
2026-01-03,SQ947,SIA947,Singapore Airlines,Singapore,SIN,WSSS,21:40,13:40,21:48,8min late,00:02,18min early,2h 13m,Landed
2026-01-03,KL836,KLM836,KLM Royal Dutch Airlines,Singapore,SIN,WSSS,21:40,13:40,22:26,46min late,00:27,17min late,2h 1m,Landed
2026-01-03,JQ117,JST117,Jetstar Airways,Perth,PER,YPPH,21:45,13:45,22:51,6min late,02:07,52min late,3h 16m,Landed
2026-01-03,AK375,AXM375,AirAsia,Kuala Lumpur,KUL,WMKK,21:55,13:55,21:49,5min early,01:55,55min late,4h 6m,Landed
2026-01-03,QZ546,AWQ546,Indonesia AirAsia,Perth,PER,YPPH,21:55,13:55,00:14,19min late,03:30,55min late,3h 16m,Landed
2026-01-03,IU273,SJV273,SW Italia,Pontianak,PNK,WIOO,21:56,13:56,21:54,1min early,22:31,1min early,1h 36m,Landed
2026-01-03,IU759,,SW Italia,Jakarta,CGK,WIII,22:05,14:05,,,,,1h 55m,
2026-01-03,QF46,QFA046,Qantas,Melbourne,MEL,YMML,22:05,14:05,22:36,31min late,06:35,14min early,4h 59m,Landed
2026-01-03,OD157,MXD157,Malindo Air,Brisbane,BNE,YBBN,22:10,14:10,22:21,11min late,05:33,26min early,5h 12m,Landed
2026-01-03,GA4292,GIA4292,Garuda Indonesia,Jakarta,CGK,WIII,22:15,14:15,22:39,24min late,23:14,on time,1h 35m,Landed
2026-01-03,QZ811,AWQ811,Indonesia AirAsia,Jakarta,CGK,WIII,22:15,14:15,22:53,38min late,23:17,12min late,1h 24m,Landed
2026-01-03,VA84,VOZ084,Virgin Australia,Gold Coast,OOL,YBCG,22:20,14:20,22:34,14min late,06:04,5min early,5h 29m,Landed
2026-01-03,JQ38,JST038,Jetstar Airways,Sydney,SYD,YSSY,22:20,14:20,22:45,25min late,07:00,29min early,5h 15m,Landed
2026-01-03,QG342,CTV342,Citilink,Makassar,UPG,WAAA,22:20,14:20,14:05,14min early,15:33,11min early,1h 27m,Landed
2026-01-03,VA66,VOZ066,Virgin Australia,Sydney,SYD,YSSY,22:30,14:30,22:56,26min late,07:24,15min early,5h 28m,Landed
2026-01-03,JT15,LNI015,Lion Air,Jakarta,CGK,WIII,22:40,14:40,00:12,32min late,00:40,5min late,1h 27m,Landed
2026-01-03,JQ128,JST128,Jetstar Airways,Adelaide,ADL,YPAD,22:50,14:50,22:58,8min late,06:01,13min early,4h 33m,Landed
2026-01-03,QG9669,CTV9669,Citilink,Jakarta,CGK,WIII,23:05,15:05,23:05,on time,23:57,1min early,1h 52m,Landed
2026-01-03,7C2712,JJA2712,Jeju Air,Seoul,ICN,RKSI,23:05,15:05,23:33,28min late,07:12,2min late,6h 39m,Landed
2026-01-03,8B5109,TNU5109,Business Air,Jakarta,CGK,WIII,23:10,15:10,00:19,9min late,00:55,5min late,1h 35m,Landed
2026-01-03,JQ91,JST091,Jetstar Airways,Cairns,CNS,YBCS,23:10,15:10,23:16,6min late,05:42,2min early,4h 26m,Landed
2026-01-03,3U3986,CSC3986,Sichuan Airlines,Lujia Town,TFU,ZUTF,23:10,15:10,21:49,20min early,15:32,22min late,17h 43m,Landed
2026-01-03,VA82,VOZ082,Virgin Australia,Gold Coast,OOL,YBCG,23:20,15:20,01:11,51min late,08:41,31min late,5h 29m,Landed
2026-01-03,GA714,GIA714,Garuda Indonesia,Sydney,SYD,YSSY,23:35,15:35,23:38,3min late,08:24,10min early,5h 46m,Landed
2026-01-03,JQ42,JST042,Jetstar Airways,Melbourne,MEL,YMML,23:40,15:40,23:49,9min late,08:20,9min early,5h 31m,Landed
2026-01-03,KE432,KAL432,Korean Air Lines,Seoul,ICN,RKSI,23:50,15:50,23:46,4min early,07:27,17min early,6h 41m,Landed
2026-01-04,BX602,ABL602,Air Busan,Busan,PUS,RKPK,00:05,16:05,00:36,31min late,07:43,46min early,6h 6m,Landed
2026-01-04,TW158,TWB158,T'Way Air,Cheongju,CJJ,RKTU,00:15,16:15,01:16,1min late,08:42,32min late,6h 26m,Landed
2026-01-04,8B84,TNU084,Business Air,Perth,PER,YPPH,00:20,16:20,00:45,25min late,04:02,2min early,3h 17m,Landed
2026-01-04,EK399,UAE399,Emirates,Dubai,DXB,OMDB,00:25,16:25,00:51,26min late,05:45,on time,8h 53m,Landed
2026-01-04,QR961,QTR961,Qatar Airways,Doha,DOH,OTHH,00:30,16:30,00:37,7min late,04:49,20min early,9h 12m,Landed
2026-01-04,MF892,CXA892,Xiamen Airlines,Xiamen,XMN,ZSAM,00:30,16:30,00:27,3min early,05:55,9min early,5h 28m,Landed
2026-01-04,CZ626,CSN626,China Southern Airlines,Guangzhou,CAN,ZGGG,00:40,16:40,22:59,40min early,05:19,30min early,6h 20m,Landed
2026-01-04,GA880,GIA880,Garuda Indonesia,Tokyo,NRT,RJAA,00:50,16:50,01:09,19min late,08:35,14min early,6h 26m,Landed
2026-01-04,GA870,GIA870,Garuda Indonesia,Seoul,ICN,RKSI,00:50,16:50,01:02,12min late,08:27,22min early,6h 25m,Landed
2026-01-04,MU5030,CES5030,China Eastern Airlines,Shanghai,PVG,ZSPD,00:55,16:55,01:19,24min late,07:12,2min late,5h 53m,Landed
2026-01-04,QZ548,AWQ548,Indonesia AirAsia,Perth,PER,YPPH,01:00,17:00,02:02,2min late,05:18,38min late,3h 16m,Landed
2026-01-04,PR538,PAL538,Philippine Airlines,Manila,MNL,RPLL,01:10,17:10,01:57,47min late,05:41,31min late,3h 44m,Landed
2026-01-04,KE434,KAL434,Korean Air Lines,Seoul,ICN,RKSI,01:20,17:20,01:14,6min early,08:41,38min early,6h 27m,Landed
2026-01-04,GA686,GIA686,Garuda Indonesia,Sorong,SOQ,WASS,01:30,17:30,01:47,17min late,05:38,1min early,2h 51m,Landed
2026-01-04,8B5888,,TransNusa,Manado,MDC,WAMM,01:30,17:30,,,,,2h 45m,
2026-01-04,QZ813,AWQ813,Indonesia AirAsia,Jakarta,CGK,WIII,07:00,23:00,07:03,3min late,09:55,5min late,3h 52m,Landed
2026-01-04,GA401,GIA401,Garuda Indonesia,Jakarta,CGK,WIII,07:00,23:00,07:19,19min late,07:55,4min early,1h 36m,Landed
2026-01-04,JT929,LNI929,Lion Air,Surabaya,SUB,WARR,07:00,23:00,07:24,24min late,06:59,1min early,35m,Landed
2026-01-04,JT746,LNI746,Lion Air,Makassar,UPG,WAAA,07:00,23:00,07:28,28min late,08:29,4min late,1h 1m,Landed
2026-01-04,QZ534,AWQ534,Indonesia AirAsia,Perth,PER,YPPH,07:00,23:00,07:14,14min late,10:32,17min early,3h 17m,Landed
2026-01-04,QG690,CTV690,Citilink,Surabaya,SUB,WARR,07:05,23:05,07:15,10min late,07:05,4min early,49m,Landed
2026-01-04,JQ82,JST082,Jetstar Airways,Darwin,DRW,YPDN,07:05,23:05,07:12,7min late,11:06,8min early,2h 24m,Landed
2026-01-04,QZ644,AWQ644,Indonesia AirAsia,Labuan Bajo,LBJ,WATO,07:10,23:10,07:10,on time,08:25,,1h 15m,Landed
2026-01-04,QZ550,AWQ550,Indonesia AirAsia,Kuala Lumpur,KUL,WMKK,07:15,23:15,07:17,2min late,13:42,32min late,6h 25m,Landed
2026-01-04,SQ949,SIA949,Singapore Airlines,Singapore,SIN,WSSS,07:20,23:20,07:41,21min late,09:53,6min early,2h 11m,Landed
2026-01-04,8B551,TNU551,Business Air,Singapore,SIN,WSSS,07:30,23:30,07:33,3min late,09:51,3min early,2h 18m,Landed
2026-01-04,ID6333,BTK6333,Batik Air,Labuan Bajo,LBJ,WATO,07:55,23:55,08:03,8min late,08:58,11min early,55m,Landed
2026-01-04,QG9691,CTV9691,Citilink,Surabaya,SUB,WARR,08:05,00:05,08:08,3min late,07:56,13min early,47m,Landed
2026-01-04,IW1832,WON1832,Wings Air,Tambolaka,TMC,WADT,08:05,00:05,08:36,31min late,09:41,6min late,1h 5m,Landed
2026-01-04,JT21,LNI021,Lion Air,Jakarta,CGK,WIII,08:05,00:05,08:19,14min late,08:49,10min early,1h 29m,Landed
2026-01-04,HX706,CRK706,Hong Kong Airlines,Hong Kong,HKG,VHHH,08:15,00:15,08:26,11min late,13:19,4min late,4h 53m,Landed
2026-01-04,GA710,GIA710,Garuda Indonesia,Melbourne,MEL,YMML,08:20,00:20,08:22,2min late,16:51,8min early,5h 28m,Landed
2026-01-04,5J280,CEB280,CEBU Pacific Air,Manila,MNL,RPLL,08:35,00:35,08:39,4min late,12:34,15min early,3h 55m,Landed
2026-01-04,CZ8482,CSN8482,China Southern Airlines,Guangzhou,CAN,ZGGG,08:35,00:35,08:43,8min late,18:31,36min late,9h 47m,Landed
2026-01-04,IW1854,WON1854,Wings Air,Lombok,LOP,WADL,08:45,00:45,09:06,21min late,09:32,2min early,26m,Landed
2026-01-04,IW1882,WON1882,Wings Air,Sumbawa Besar,SWQ,WADS,08:55,00:55,08:56,1min late,09:39,20min early,43m,Landed
2026-01-04,IN640,LKN640,Nam Air,Tambolaka,TMC,WADT,09:10,01:10,09:33,23min late,10:18,8min late,45m,Landed
2026-01-04,8B5105,TNU5105,Business Air,Jakarta,CGK,WIII,09:15,01:15,09:10,5min early,09:31,28min early,1h 21m,Landed
2026-01-04,IW1848,WON1848,Wings Air,Lombok,LOP,WADL,09:25,01:25,10:23,58min late,10:49,34min late,26m,Landed
2026-01-04,QZ504,AWQ504,Indonesia AirAsia,Singapore,SIN,WSSS,09:25,01:25,09:39,14min late,11:55,10min early,2h 16m,Landed
2026-01-04,JT3805,LNI3805,Lion Air,Surabaya,SUB,WARR,09:30,01:30,12:06,36min late,11:41,11min late,35m,Landed
2026-01-04,QG500,CTV500,Citilink,Dili,DIL,WPDL,09:30,01:30,12:41,11min late,15:31,11min late,1h 50m,Landed
2026-01-04,ID6007,BTK6007,Batik Air,Perth,PER,YPPH,09:30,01:30,09:45,15min late,12:59,15min early,3h 13m,Landed
2026-01-04,QG663,CTV663,Citilink,Jakarta,CGK,WIII,09:35,01:35,09:39,4min late,10:24,5min early,1h 45m,Landed
2026-01-04,QZ803,AWQ803,Indonesia AirAsia,Jakarta,CGK,WIII,09:40,01:40,13:41,1min late,16:43,13min late,4h 2m,Landed
2026-01-04,8B80,TNU080,Business Air,Perth,PER,YPPH,09:40,01:40,09:49,9min late,13:02,22min early,3h 13m,Landed
2026-01-04,QR965,QTR965,Qatar Airways,Doha,DOH,OTHH,09:45,01:45,10:08,23min late,14:24,on time,9h 16m,Landed
2026-01-04,JT3569,LNI3569,Lion Air,Yogyakarta,YIA,WAHI,10:00,02:00,10:28,28min late,12:39,9min late,3h 10m,Landed
2026-01-04,JT270,LNI270,Lion Air,Kupang,KOE,WATT,10:00,02:00,10:30,30min late,11:59,9min late,1h 29m,Landed
2026-01-04,AI2146,AIC2146,Air India,Delhi,DEL,VIDP,10:00,02:00,09:58,2min early,15:03,3min late,7h 35m,Landed
2026-01-04,SU297,AFL297,Aeroflot,Moscow,SVO,UUEE,10:05,02:05,10:26,21min late,18:21,26min late,12h 55m,Landed
2026-01-04,JQ126,JST126,Jetstar Airways,Adelaide,ADL,YPAD,10:15,02:15,10:25,10min late,17:48,3min late,4h 53m,Landed
2026-01-04,8B5101,,TransNusa,Jakarta,CGK,WIII,10:30,02:30,,,,,1h 45m,
2026-01-04,SQ935,SIA935,Singapore Airlines,Singapore,SIN,WSSS,10:30,02:30,10:48,18min late,12:57,13min early,2h 9m,Landed
2026-01-04,JT805,LNI805,Lion Air,Surabaya,SUB,WARR,10:35,02:35,14:53,18min late,14:32,57min late,38m,Landed
2026-01-04,QZ815,AWQ815,Indonesia AirAsia,Jakarta,CGK,WIII,10:35,02:35,13:44,9min late,18:39,9min late,5h 55m,Landed
2026-01-04,JT927,LNI927,Lion Air,Surakarta,SOC,WAHQ,10:40,02:40,10:53,13min late,10:50,9min early,56m,Landed
2026-01-04,IW1856,WON1856,Wings Air,Lombok,LOP,WADL,11:10,03:10,11:58,48min late,12:29,29min late,31m,Landed
2026-01-04,QG197,CTV197,Citilink,Jakarta,HLP,WIHH,11:10,03:10,11:05,5min early,11:49,10min early,1h 44m,Landed
2026-01-04,TR281,TGW281,Scoot,Singapore,SIN,WSSS,11:10,03:10,11:16,6min late,13:32,17min early,2h 16m,Landed
2026-01-04,JQ40,JST040,Jetstar Airways,Sydney,SYD,YSSY,11:15,03:15,11:16,on time,19:59,15min early,5h 43m,Landed
2026-01-04,GA620,GIA620,Garuda Indonesia,Makassar,UPG,WAAA,11:20,03:20,11:40,20min late,12:46,3min early,1h 6m,Landed
2026-01-04,JQ32,JST032,Jetstar Airways,Melbourne,MEL,YMML,11:30,03:30,11:37,7min late,20:05,4min early,5h 28m,Landed
2026-01-04,6E1606,IGO1606,IndiGo,Bangalore,BLR,VOBL,11:30,03:30,11:15,15min early,14:59,35min early,6h 14m,Landed
2026-01-04,QG9685,CTV9685,Citilink,Jakarta,CGK,WIII,11:35,03:35,14:06,31min late,14:42,12min late,1h 36m,Landed
2026-01-04,OD172,MXD172,Malindo Air,Kuala Lumpur,KUL,WMKK,11:35,03:35,12:40,5min late,15:15,30min late,2h 34m,Landed
2026-01-04,IW1964,WON1964,Wings Air,Lombok,LOP,WADL,11:40,03:40,12:24,44min late,11:28,1min early,,Landed
2026-01-04,QZ646,AWQ646,Indonesia AirAsia,Labuan Bajo,LBJ,WATO,11:40,03:40,11:59,19min late,12:50,5min early,50m,Landed
2026-01-04,ID6331,BTK6331,Batik Air,Labuan Bajo,LBJ,WATO,11:45,03:45,10:35,9min early,14:00,0min late,3h 24m,Landed
2026-01-04,JQ109,JST109,Jetstar Airways,Perth,PER,YPPH,11:45,03:45,11:37,8min early,15:00,34min early,3h 23m,Landed
2026-01-04,IW1850,WON1850,Wings Air,Lombok,LOP,WADL,11:50,03:50,12:04,14min late,12:35,4min early,31m,Landed
2026-01-04,GA407,GIA407,Garuda Indonesia,Jakarta,CGK,WIII,11:55,03:55,12:11,16min late,12:45,9min early,1h 33m,Landed
2026-01-04,FD397,AIQ397,Thai AirAsia,Bangkok,DMK,VTBD,12:00,04:00,12:22,22min late,15:15,4min early,3h 53m,Landed
2026-01-04,QZ618,AWQ618,Indonesia AirAsia,Banjarmasin,BDJ,WAOO,12:05,04:05,12:08,3min late,13:10,29min early,1h 1m,Landed
2026-01-04,SQ937,SIA937,Singapore Airlines,Singapore,SIN,WSSS,12:05,04:05,12:35,30min late,14:59,4min late,2h 24m,Landed
2026-01-04,GA253,GIA253,Garuda Indonesia,Yogyakarta,YIA,WAHI,12:05,04:05,12:31,26min late,12:39,15min early,1h 7m,Landed
2026-01-04,SJ742,SJY742,Sriwijaya Air,Tambolaka,TMC,WADT,12:10,04:10,12:51,41min late,13:41,31min late,49m,Landed
2026-01-04,OD192,MXD192,Malindo Air,Kuala Lumpur,KUL,WMKK,12:10,04:10,12:45,35min late,23:09,49min late,10h 23m,Landed
2026-01-04,OD178,MXD178,Malindo Air,Kuala Lumpur,KUL,WMKK,12:15,04:15,17:07,52min late,15:07,17min early,,Landed
2026-01-04,QZ805,AWQ805,Indonesia AirAsia,Jakarta,CGK,WIII,12:40,04:40,15:13,33min late,15:34,59min late,1h 20m,Landed
2026-01-04,IP103,PAS103,Pelita Air Service,Jakarta,CGK,WIII,12:45,04:45,12:47,2min late,13:16,18min early,1h 29m,Landed
2026-01-04,OD158,MXD158,Malindo Air,Kuala Lumpur,KUL,WMKK,12:45,04:45,13:15,30min late,19:58,3min late,6h 43m,Landed
2026-01-04,SQ939,SIA939,Singapore Airlines,Singapore,SIN,WSSS,13:00,05:00,13:22,22min late,15:43,6min early,2h 21m,Landed
2026-01-04,JT33,LNI033,Lion Air,Jakarta,CGK,WIII,13:05,05:05,16:42,37min late,17:11,11min late,1h 28m,Landed
2026-01-04,AK365,AXM365,AirAsia,Kuala Lumpur,KUL,WMKK,13:05,05:05,13:56,51min late,18:54,44min late,4h 58m,Landed
2026-01-04,MH714,MAS714,Malaysia Airlines,Kuala Lumpur,KUL,WMKK,13:10,05:10,13:51,41min late,16:33,28min late,2h 42m,Landed
2026-01-04,VJ900,VJC900,VietJet Air,Hanoi,HAN,VVNB,13:10,05:10,13:34,24min late,17:07,12min early,4h 32m,Landed
2026-01-04,GA409,GIA409,Garuda Indonesia,Jakarta,CGK,WIII,13:15,05:15,13:55,40min late,14:20,5min late,1h 25m,Landed
2026-01-04,8G182,DTL182,Mid Africa Aviation,Dili,DIL,WPDL,13:25,05:25,13:37,12min late,16:18,1min early,1h 41m,Landed
2026-01-04,JT660,LNI660,Lion Air,Balikpapan,BPN,WALL,13:30,05:30,14:13,43min late,18:12,57min late,3h 59m,Landed
2026-01-04,JQ58,JST058,Jetstar Airways,Brisbane,BNE,YBBN,13:30,05:30,13:48,18min late,21:02,22min early,5h 14m,Landed
2026-01-04,ID7135,BTK7135,Batik Air,Singapore,SIN,WSSS,13:35,05:35,13:58,23min late,16:16,13min early,2h 17m,Landed
2026-01-04,8B5107,TNU5107,Business Air,Jakarta,CGK,WIII,13:50,05:50,14:09,19min late,14:30,4min early,1h 21m,Landed
2026-01-04,JT919,LNI919,Lion Air,Surabaya,SUB,WARR,13:55,05:55,,,,,1h 0m,Diverted
2026-01-04,QG342,CTV342,Citilink,Makassar,UPG,WAAA,13:55,05:55,14:05,10min late,15:20,on time,1h 15m,Landed
2026-01-04,JT25,,Lion Air,Jakarta,CGK,WIII,14:00,06:00,14:55,55min late,15:21,26min late,1h 26m,Landed
2026-01-04,6E1612,IGO1612,IndiGo,Bhubaneswar,BBI,VEBS,14:00,06:00,14:34,34min late,18:00,20min late,5h 56m,Landed
2026-01-04,8B82,TNU082,Business Air,Perth,PER,YPPH,14:00,06:00,14:30,30min late,17:49,9min late,3h 19m,Landed
2026-01-04,QG687,CTV687,Citilink,Jakarta,CGK,WIII,14:00,06:00,15:13,13min late,16:05,10min late,1h 52m,Landed
2026-01-04,QZ544,AWQ544,Indonesia AirAsia,Perth,PER,YPPH,14:00,06:00,16:50,50min late,20:03,13min late,3h 13m,Landed
2026-01-04,VJ894,VJC894,VietJet Air,Ho Chi Minh City,SGN,VVTS,14:05,06:05,13:12,52min early,16:44,20min early,4h 31m,Landed
2026-01-04,JT569,LNI569,Lion Air,Yogyakarta,YIA,WAHI,14:15,06:15,18:16,1min late,18:23,38min late,1h 7m,Landed
2026-01-04,ID7308,BTK7308,Batik Air,Jakarta,HLP,WIHH,14:20,06:20,16:23,3min late,16:49,39min late,1h 25m,Landed
2026-01-04,QZ506,AWQ506,Indonesia AirAsia,Singapore,SIN,WSSS,14:25,06:25,13:41,43min early,17:43,23min late,4h 2m,Landed
2026-01-04,JT273,LNI273,Lion Air,Semarang,SRG,WIIS,14:40,06:40,18:26,46min late,18:26,26min late,1h 0m,Landed
2026-01-04,JT740,LNI740,Lion Air,Makassar,UPG,WAAA,14:40,06:40,18:05,25min late,19:07,2min late,1h 2m,Landed
2026-01-04,JT23,,Lion Air,Jakarta,CGK,WIII,14:45,06:45,16:00,15min late,16:30,50min late,1h 30m,Landed
2026-01-04,JQ43,JST043,Jetstar Airways,Singapore,SIN,WSSS,14:50,06:50,14:50,on time,17:50,4min early,3h 0m,Landed
2026-01-04,OD307,MXD307,Malindo Air,Kuala Lumpur,KUL,WMKK,14:50,06:50,15:40,50min late,18:27,32min late,2h 46m,Landed
2026-01-04,JQ44,JST044,Jetstar Airways,Melbourne,MEL,YMML,14:55,06:55,15:04,9min late,23:22,12min early,5h 17m,Landed
2026-01-04,JT924,LNI924,Lion Air,Kupang,KOE,WATT,14:55,06:55,20:02,7min late,17:05,20min late,,Landed
2026-01-04,VA48,VOZ048,Virgin Australia,Brisbane,BNE,YBBN,15:00,07:00,15:26,26min late,23:18,23min late,5h 52m,Landed
2026-01-04,JT844,LNI844,Lion Air,Banjarmasin,BDJ,WAOO,15:00,07:00,17:34,34min late,18:35,5min late,1h 0m,Landed
2026-01-04,QZ246,AWQ246,Indonesia AirAsia,Phuket,HKT,VTSP,15:05,07:05,16:51,46min late,19:22,42min late,3h 30m,Landed
2026-01-04,AI2148,AIC2148,Air India,Delhi,DEL,VIDP,15:10,07:10,13:12,57min early,20:03,1min early,9h 20m,Landed
2026-01-04,QG681,CTV681,Citilink,Jakarta,CGK,WIII,15:10,07:10,17:50,40min late,18:46,41min late,1h 56m,Landed
2026-01-04,QG9665,CTV9665,Citilink,Jakarta,CGK,WIII,15:15,07:15,16:17,2min late,17:06,56min late,1h 49m,Landed
2026-01-04,ID6509,BTK6509,Batik Air,Jakarta,CGK,WIII,15:15,07:15,16:14,59min late,16:41,31min late,1h 26m,Landed
2026-01-04,GA842,GIA842,Garuda Indonesia,Singapore,SIN,WSSS,15:15,07:15,15:30,15min late,18:03,3min late,2h 33m,Landed
2026-01-04,QZ909,AWQ909,Indonesia AirAsia,Jakarta,CGK,WIII,15:20,07:20,16:47,27min late,17:16,1min late,1h 29m,Landed
2026-01-04,AK377,AXM377,AirAsia,Kuala Lumpur,KUL,WMKK,15:25,07:25,15:25,on time,18:32,7min late,3h 7m,Landed
2026-01-04,VJ898,VJC898,VietJet Air,Ho Chi Minh City,SGN,VVTS,15:35,07:35,16:08,33min late,18:29,4min late,3h 21m,Landed
2026-01-04,QG669,CTV669,Citilink,Surabaya,SUB,WARR,15:40,07:40,15:30,10min early,15:37,7min early,1h 7m,Landed
2026-01-04,GA411,GIA411,Garuda Indonesia,Jakarta,CGK,WIII,15:40,07:40,16:02,22min late,16:38,6min early,1h 36m,Landed
2026-01-04,SJ717,SJY717,Sriwijaya Air,Makassar,UPG,WAAA,15:40,07:40,16:38,58min late,17:00,,1h 20m,Landed
2026-01-04,IU368,SJV368,SW Italia,Medan,KNO,WIMM,16:00,08:00,17:16,16min late,19:15,45min late,2h 58m,Landed
2026-01-04,IP109,PAS109,Pelita Air Service,Jakarta,CGK,WIII,16:00,08:00,16:17,17min late,16:49,on time,1h 32m,Landed
2026-01-04,QZ536,AWQ536,Indonesia AirAsia,Perth,PER,YPPH,16:00,08:00,15:57,2min early,23:17,32min late,7h 20m,Landed
2026-01-04,VN640,HVN640,Vietnam Airlines,Ho Chi Minh City,SGN,VVTS,16:05,08:05,16:21,16min late,18:55,on time,3h 34m,Landed
2026-01-04,QG661,CTV661,Citilink,Jakarta,CGK,WIII,16:05,08:05,17:15,10min late,17:42,42min late,1h 27m,Landed
2026-01-04,GA427,GIA427,Garuda Indonesia,Jakarta,CGK,WIII,16:10,08:10,16:56,46min late,17:26,21min late,1h 29m,Landed
2026-01-04,TG432,THA432,Thai Airways International,Bangkok,BKK,VTBS,16:10,08:10,16:32,22min late,19:12,12min early,3h 39m,Landed
2026-01-04,IU703,SJV703,SW Italia,Surabaya,SUB,WARR,16:10,08:10,15:14,55min early,14:49,20min early,35m,Landed
2026-01-04,QZ807,AWQ807,Indonesia AirAsia,Jakarta,CGK,WIII,16:10,08:10,16:55,45min late,17:22,12min late,1h 27m,Landed
2026-01-04,CX784,CPA784,Cathay Pacific,Hong Kong,HKG,VHHH,16:20,08:20,16:15,5min early,21:00,24min early,4h 45m,Landed
2026-01-04,MH850,MAS850,Malaysia Airlines,Kuala Lumpur,KUL,WMKK,16:25,08:25,16:30,5min late,19:43,8min late,3h 13m,Landed
2026-01-04,IW1852,WON1852,Wings Air,Lombok,LOP,WADL,16:30,08:30,18:23,53min late,19:00,40min late,36m,Landed
2026-01-04,JT744,LNI744,Lion Air,Makassar,UPG,WAAA,16:40,08:40,17:35,55min late,19:51,46min late,2h 16m,Landed
2026-01-04,BR256,EVA256,EVA Airways,Taipei,TPE,RCTP,16:40,08:40,16:37,3min early,22:20,35min late,5h 43m,Landed
2026-01-04,GA349,GIA349,Garuda Indonesia,Surabaya,SUB,WARR,16:55,08:55,17:06,11min late,17:20,10min late,1h 14m,Landed
2026-01-04,ID6335,BTK6335,Batik Air,Labuan Bajo,LBJ,WATO,17:00,09:00,19:16,16min late,20:10,55min late,54m,Landed
2026-01-04,IU273,SJV273,SW Italia,Pontianak,PNK,WIOO,17:00,09:00,18:33,33min late,19:15,10min late,1h 41m,Landed
2026-01-04,GA419,GIA419,Garuda Indonesia,Jakarta,CGK,WIII,17:25,09:25,17:40,15min late,18:10,14min early,1h 30m,Landed
2026-01-04,VJ998,VJC998,VietJet Air,Hanoi,HAN,VVNB,17:25,09:25,18:41,16min late,22:36,1min late,4h 55m,Landed
2026-01-04,HO1356,DKH1356,Juneyao Airlines,Shanghai,PVG,ZSPD,17:25,09:25,17:42,17min late,23:33,16min early,5h 50m,Landed
2026-01-04,TR211,TGW211,Scoot,Singapore,SIN,WSSS,17:35,09:35,18:02,27min late,20:19,26min early,2h 17m,Landed
2026-01-04,IP107,PAS107,Pelita Air Service,Jakarta,CGK,WIII,17:40,09:40,17:49,9min late,18:15,14min early,1h 26m,Landed
2026-01-04,AK368,AXM368,AirAsia,Kuala Lumpur,KUL,WMKK,17:45,09:45,17:49,4min late,20:35,14min early,2h 45m,Landed
2026-01-04,OD193,MXD193,Malindo Air,Perth,PER,YPPH,18:10,10:10,18:37,27min late,21:47,2min late,3h 10m,Landed
2026-01-04,IN281,LKN281,Nam Air,Jakarta,CGK,WIII,18:30,10:30,18:44,14min late,19:16,6min late,1h 32m,Landed
2026-01-04,GA417,GIA417,Garuda Indonesia,Jakarta,CGK,WIII,18:30,10:30,19:01,31min late,19:32,2min late,1h 31m,Landed
2026-01-04,JT567,LNI567,Lion Air,Yogyakarta,YIA,WAHI,18:30,10:30,00:11,41min late,19:00,,1h 30m,Landed
2026-01-04,IP111,PAS111,Pelita Air Service,Jakarta,CGK,WIII,18:35,10:35,19:06,31min late,19:29,4min late,1h 23m,Landed
2026-01-04,JT925,LNI925,Lion Air,Surakarta,SOC,WAHQ,18:40,10:40,21:30,50min late,19:00,,1h 20m,Landed
2026-01-04,CX782,CPA782,Cathay Pacific,Hong Kong,HKG,VHHH,18:40,10:40,18:56,16min late,23:39,5min early,4h 43m,Landed
2026-01-04,ID6415,BTK6415,Batik Air,Surabaya,SUB,WARR,18:45,10:45,19:44,59min late,19:20,35min late,35m,Landed
2026-01-04,EY477,ETD477,Etihad Airways,Abu Dhabi,AUH,OMAA,18:45,10:45,18:52,7min late,23:50,5min late,8h 58m,Landed
2026-01-04,NZ291,ANZ291,Air New Zealand,Auckland,AKL,NZAA,18:50,10:50,18:56,6min late,07:20,34min early,7h 24m,Landed
2026-01-04,6E1608,IGO1608,IndiGo,Chennai,MAA,VOMM,18:50,10:50,21:15,25min late,00:19,49min late,5h 34m,Landed
2026-01-04,QR963,QTR963,Qatar Airways,Doha,DOH,OTHH,18:50,10:50,19:20,30min late,23:51,21min late,9h 31m,Landed
2026-01-04,QZ809,AWQ809,Indonesia AirAsia,Jakarta,CGK,WIII,18:50,10:50,20:35,45min late,21:07,17min late,1h 31m,Landed
2026-01-04,TG440,THA440,Thai Airways International,Bangkok,BKK,VTBS,19:00,11:00,19:32,32min late,22:27,12min late,3h 55m,Landed
2026-01-04,MH852,MAS852,Malaysia Airlines,Kuala Lumpur,KUL,WMKK,19:15,11:15,19:39,24min late,22:36,21min late,2h 57m,Landed
2026-01-04,AK379,AXM379,AirAsia,Kuala Lumpur,KUL,WMKK,19:15,11:15,20:59,44min late,01:03,43min late,4h 4m,Landed
2026-01-04,ID7310,BTK7310,Batik Air,Jakarta,HLP,WIHH,19:25,11:25,21:32,7min late,21:56,41min late,1h 24m,Landed
2026-01-04,QG699,CTV699,Citilink,Surabaya,SUB,WARR,19:25,11:25,20:43,18min late,20:48,18min late,1h 5m,Landed
2026-01-04,GA4212,GIA4212,Garuda Indonesia,Jakarta,CGK,WIII,19:30,11:30,20:41,11min late,21:06,36min late,1h 25m,Landed
2026-01-04,QG689,CTV689,Citilink,Jakarta,CGK,WIII,19:30,11:30,19:29,on time,20:19,5min early,1h 50m,Landed
2026-01-04,GA463,GIA463,Garuda Indonesia,Jakarta,HLP,WIHH,19:30,11:30,20:07,37min late,20:37,12min late,1h 30m,Landed
2026-01-04,8B969,TNU969,Business Air,Guangzhou,CAN,ZGGG,19:45,11:45,19:55,10min late,00:36,28min early,4h 40m,Landed
2026-01-04,JT923,LNI923,Lion Air,Surabaya,SUB,WARR,19:45,11:45,19:45,,19:45,,1h 0m,Landed
2026-01-04,EK369,UAE369,Emirates,Dubai,DXB,OMDB,19:50,11:50,20:21,31min late,01:10,on time,8h 48m,Landed
2026-01-04,JT271,LNI271,Lion Air,Semarang,SRG,WIIS,19:50,11:50,20:38,48min late,20:42,32min late,1h 3m,Landed
2026-01-04,JT11,LNI011,Lion Air,Jakarta,CGK,WIII,19:55,11:55,21:01,6min late,21:27,37min late,1h 25m,Landed
2026-01-04,TR283,TGW283,Scoot,Singapore,SIN,WSSS,20:05,12:05,20:28,23min late,22:41,on time,2h 13m,Landed
2026-01-04,QG195,CTV195,Citilink,Jakarta,HLP,WIHH,20:10,12:10,20:13,3min late,21:12,12min late,1h 59m,Landed
2026-01-04,SQ945,SIA945,Singapore Airlines,Singapore,SIN,WSSS,20:15,12:15,20:56,41min late,23:22,27min late,2h 26m,Landed
2026-01-04,JQ34,JST034,Jetstar Airways,Melbourne,MEL,YMML,20:20,12:20,20:26,6min late,05:23,28min late,5h 57m,Landed
2026-01-04,GA718,GIA718,Garuda Indonesia,Melbourne,MEL,YMML,20:20,12:20,21:05,45min late,05:37,37min late,5h 31m,Landed
2026-01-04,ID6517,BTK6517,Batik Air,Jakarta,CGK,WIII,20:30,12:30,22:41,11min late,23:04,39min late,1h 23m,Landed
2026-01-04,ID6413,BTK6413,Batik Air,Surabaya,SUB,WARR,20:30,12:30,22:10,40min late,21:49,19min late,39m,Landed
2026-01-04,QG9697,CTV9697,Citilink,Surabaya,SUB,WARR,20:40,12:40,23:14,34min late,23:02,17min late,48m,Landed
2026-01-04,GA415,GIA415,Garuda Indonesia,Jakarta,CGK,WIII,20:45,12:45,22:27,42min late,22:52,7min late,1h 25m,Landed
2026-01-04,IP105,PAS105,Pelita Air Service,Jakarta,CGK,WIII,20:50,12:50,21:09,19min late,21:37,2min early,1h 28m,Landed
2026-01-04,OD177,MXD177,Malindo Air,Melbourne,MEL,YMML,20:55,12:55,21:32,37min late,05:59,19min late,5h 27m,Landed
2026-01-04,SL259,TLM259,Thai Lion Air,Bangkok,DMK,VTBD,21:05,13:05,15:59,5min early,00:36,11min late,9h 36m,Landed
2026-01-04,OD171,MXD171,Malindo Air,Sydney,SYD,YSSY,21:10,13:10,21:48,38min late,06:40,25min late,5h 51m,Landed
2026-01-04,TK67,THY067,Turkish Airlines,Istanbul,IST,LTFM,21:10,13:10,21:09,on time,16:39,59min late,,Landed
2026-01-04,QG9667,CTV9667,Citilink,Jakarta,CGK,WIII,21:10,13:10,21:10,on time,22:11,3min early,2h 1m,Landed
2026-01-04,QZ819,AWQ819,Indonesia AirAsia,Jakarta,CGK,WIII,21:15,13:15,23:09,54min late,23:36,31min late,1h 27m,Landed
2026-01-04,QF44,QFA044,Qantas,Sydney,SYD,YSSY,21:20,13:20,22:33,13min late,07:08,53min late,5h 35m,Landed
2026-01-04,GA425,GIA425,Garuda Indonesia,Jakarta,CGK,WIII,21:30,13:30,21:52,22min late,22:28,6min early,1h 36m,Landed
2026-01-04,ID6760,BTK6760,Batik Air,Makassar,UPG,WAAA,21:30,13:30,23:31,1min late,00:34,39min late,1h 3m,Landed
2026-01-04,SJ273,SJY273,Sriwijaya Air,Jakarta,CGK,WIII,21:35,13:35,01:08,33min late,22:15,,1h 40m,Landed
2026-01-04,KL836,KLM836,KLM Royal Dutch Airlines,Singapore,SIN,WSSS,21:40,13:40,22:06,26min late,00:13,3min late,2h 7m,Landed
2026-01-04,SQ947,SIA947,Singapore Airlines,Singapore,SIN,WSSS,21:40,13:40,22:20,40min late,00:34,14min late,2h 14m,Landed
2026-01-04,JQ117,JST117,Jetstar Airways,Perth,PER,YPPH,21:45,13:45,21:36,9min early,01:15,on time,3h 39m,Landed
2026-01-04,QZ546,AWQ546,Indonesia AirAsia,Perth,PER,YPPH,21:55,13:55,22:53,58min late,02:05,30min late,3h 12m,Landed
2026-01-04,AK375,AXM375,AirAsia,Kuala Lumpur,KUL,WMKK,21:55,13:55,22:35,40min late,01:23,23min late,2h 48m,Landed
2026-01-04,VA94,VOZ094,Virgin Australia,Melbourne,MEL,YMML,22:00,14:00,22:22,22min late,07:06,26min late,5h 44m,Landed
2026-01-04,IU759,SJV759,SW Italia,Jakarta,CGK,WIII,22:05,14:05,23:20,15min late,23:45,45min late,1h 25m,Landed
2026-01-04,QF46,QFA046,Qantas,Melbourne,MEL,YMML,22:05,14:05,22:04,on time,06:55,5min late,5h 51m,Landed
2026-01-04,OD157,MXD157,Malindo Air,Brisbane,BNE,YBBN,22:10,14:10,23:21,11min late,06:30,30min late,5h 8m,Landed
2026-01-04,QZ811,AWQ811,Indonesia AirAsia,Jakarta,CGK,WIII,22:15,14:15,23:41,26min late,00:03,58min late,1h 21m,Landed
2026-01-04,GA4292,GIA4292,Garuda Indonesia,Jakarta,CGK,WIII,22:15,14:15,23:16,1min late,23:42,27min late,1h 26m,Landed
2026-01-04,JQ38,JST038,Jetstar Airways,Sydney,SYD,YSSY,22:20,14:20,22:34,14min late,07:23,1min early,5h 49m,Landed
2026-01-04,VA66,VOZ066,Virgin Australia,Sydney,SYD,YSSY,22:30,14:30,22:41,11min late,07:48,8min late,6h 7m,Landed
2026-01-04,JT15,,Lion Air,Jakarta,CGK,WIII,22:40,14:40,00:17,37min late,00:53,18min late,1h 36m,Landed
2026-01-04,JQ128,JST128,Jetstar Airways,Adelaide,ADL,YPAD,22:50,14:50,22:50,on time,06:23,8min late,5h 3m,Landed
2026-01-04,7C2712,JJA2712,Jeju Air,Seoul,ICN,RKSI,23:05,15:05,23:39,34min late,07:26,16min late,6h 47m,Landed
2026-01-04,QG9669,CTV9669,Citilink,Jakarta,CGK,WIII,23:05,15:05,23:39,34min late,00:26,27min late,1h 47m,Landed
2026-01-04,8B5109,TNU5109,Business Air,Jakarta,CGK,WIII,23:10,15:10,23:34,24min late,23:55,5min late,1h 21m,Landed
2026-01-04,3U3986,CSC3986,Sichuan Airlines,Lujia Town,TFU,ZUTF,23:10,15:10,23:29,19min late,05:53,16min early,6h 24m,Landed
2026-01-04,VA82,VOZ082,Virgin Australia,Gold Coast,OOL,YBCG,23:20,15:20,23:54,34min late,07:31,21min late,5h 37m,Landed
2026-01-04,IU527,SJV527,SW Italia,Manado,MDC,WAMM,23:20,15:20,02:22,2min late,04:34,39min late,2h 11m,Landed
2026-01-04,GA714,GIA714,Garuda Indonesia,Sydney,SYD,YSSY,23:35,15:35,23:42,7min late,08:31,3min early,5h 48m,Landed
2026-01-04,JQ42,JST042,Jetstar Airways,Melbourne,MEL,YMML,23:40,15:40,00:13,33min late,08:26,3min early,5h 13m,Landed
2026-01-04,QZ420,AWQ420,Indonesia AirAsia,Adelaide,ADL,YPAD,23:45,15:45,01:33,48min late,08:54,29min late,4h 50m,Landed
2026-01-04,KE432,KAL432,Korean Air Lines,Seoul,ICN,RKSI,23:50,15:50,23:57,7min late,07:23,21min early,6h 25m,Landed
2026-01-04,JQ94,JST094,Jetstar Airways,Gold Coast,OOL,YBCG,23:55,15:55,00:13,18min late,07:39,14min late,5h 25m,Landed
2026-01-05,BX602,ABL602,Air Busan,Busan,PUS,RKPK,00:05,16:05,00:27,22min late,08:02,27min early,6h 35m,Landed
2026-01-05,TW158,TWB158,T'Way Air,Cheongju,CJJ,RKTU,00:15,16:15,01:16,1min late,08:42,32min late,6h 26m,Landed
2026-01-05,EK399,UAE399,Emirates,Dubai,DXB,OMDB,00:25,16:25,00:46,21min late,05:47,2min late,9h 1m,Landed
2026-01-05,QR961,QTR961,Qatar Airways,Doha,DOH,OTHH,00:30,16:30,01:16,46min late,06:00,50min late,9h 44m,Landed
2026-01-05,MF892,CXA892,Xiamen Airlines,Xiamen,XMN,ZSAM,00:30,16:30,00:22,8min early,05:53,11min early,5h 31m,Landed
2026-01-05,CZ626,CSN626,China Southern Airlines,Guangzhou,CAN,ZGGG,00:40,16:40,00:51,11min late,05:51,1min late,5h 0m,Landed
2026-01-05,GA880,GIA880,Garuda Indonesia,Tokyo,NRT,RJAA,00:50,16:50,02:00,10min late,09:23,33min late,6h 23m,Landed
2026-01-05,GA870,GIA870,Garuda Indonesia,Seoul,ICN,RKSI,00:50,16:50,01:56,6min late,09:30,40min late,6h 33m,Landed
2026-01-05,MU5030,CES5030,China Eastern Airlines,Shanghai,PVG,ZSPD,00:55,16:55,01:09,14min late,07:13,3min late,6h 4m,Landed
2026-01-05,QZ548,AWQ548,Indonesia AirAsia,Perth,PER,YPPH,01:00,17:00,02:40,40min late,05:56,16min late,3h 16m,Landed
2026-01-05,5J282,CEB282,CEBU Pacific Air,Manila,MNL,RPLL,01:00,17:00,00:58,2min early,04:57,17min early,3h 59m,Landed
2026-01-05,PR538,PAL538,Philippine Airlines,Manila,MNL,RPLL,01:10,17:10,01:05,5min early,05:00,9min early,3h 55m,Landed
2026-01-05,KE434,KAL434,Korean Air Lines,Seoul,ICN,RKSI,01:20,17:20,01:24,4min late,08:50,29min early,6h 26m,Landed
2026-01-05,8B5888,TNU5888,Business Air,Manado,MDC,WAMM,01:30,17:30,01:41,11min late,03:53,21min early,2h 11m,Landed
2026-01-05,GA401,GIA401,Garuda Indonesia,Jakarta,CGK,WIII,06:30,22:30,06:35,5min late,07:07,22min early,1h 32m,Landed
2026-01-05,JT929,LNI929,Lion Air,Surabaya,SUB,WARR,07:00,23:00,07:22,22min late,06:56,4min early,34m,Landed
2026-01-05,JT746,LNI746,Lion Air,Makassar,UPG,WAAA,07:00,23:00,07:44,44min late,16:47,22min late,9h 3m,Landed
2026-01-05,QZ534,AWQ534,Indonesia AirAsia,Perth,PER,YPPH,07:00,23:00,07:05,5min late,10:28,21min early,3h 23m,Landed
2026-01-05,QG690,CTV690,Citilink,Surabaya,SUB,WARR,07:05,23:05,07:38,33min late,07:14,4min late,36m,Landed
2026-01-05,JQ82,JST082,Jetstar Airways,Darwin,DRW,YPDN,07:05,23:05,07:19,14min late,11:10,4min early,2h 21m,Landed
2026-01-05,QZ550,AWQ550,Indonesia AirAsia,Kuala Lumpur,KUL,WMKK,07:15,23:15,07:14,on time,14:10,0min late,6h 56m,Landed
2026-01-05,SQ949,SIA949,Singapore Airlines,Singapore,SIN,WSSS,07:20,23:20,07:34,14min late,09:42,18min early,2h 7m,Landed
2026-01-05,8B551,TNU551,Business Air,Singapore,SIN,WSSS,07:30,23:30,07:46,16min late,10:00,5min late,2h 14m,Landed
2026-01-05,ID6333,BTK6333,Batik Air,Labuan Bajo,LBJ,WATO,07:55,23:55,08:07,12min late,08:59,10min early,51m,Landed
2026-01-05,IW1832,WON1832,Wings Air,Tambolaka,TMC,WADT,08:05,00:05,08:34,29min late,09:45,10min late,1h 10m,Landed
2026-01-05,JT21,LNI021,Lion Air,Jakarta,CGK,WIII,08:05,00:05,08:48,43min late,09:13,13min late,1h 25m,Landed
2026-01-05,QG9691,CTV9691,Citilink,Surabaya,SUB,WARR,08:05,00:05,08:10,5min late,07:57,12min early,47m,Landed
2026-01-05,HX706,CRK706,Hong Kong Airlines,Hong Kong,HKG,VHHH,08:15,00:15,08:26,11min late,13:32,17min late,5h 6m,Landed
2026-01-05,GA710,GIA710,Garuda Indonesia,Melbourne,MEL,YMML,08:20,00:20,08:31,11min late,17:02,2min late,5h 31m,Landed
2026-01-05,5J280,CEB280,CEBU Pacific Air,Manila,MNL,RPLL,08:35,00:35,08:39,4min late,12:42,7min early,4h 3m,Landed
2026-01-05,CZ8482,CSN8482,China Southern Airlines,Guangzhou,CAN,ZGGG,08:35,00:35,08:41,6min late,13:40,14min early,4h 59m,Landed
2026-01-05,IW1882,WON1882,Wings Air,Sumbawa Besar,SWQ,WADS,08:55,00:55,08:54,on time,09:42,17min early,48m,Landed
2026-01-05,IW3330,WON3330,Wings Air,,,,09:00,01:00,09:22,22min late,11:52,7min late,2h 30m,Landed
2026-01-05,SJ740,,Sriwijaya Air,Waingapu,WGP,WADW,09:10,01:10,09:10,,10:30,,1h 20m,Landed
2026-01-05,IN640,LKN640,NAM Air,Tambolaka,TMC,WADT,09:10,01:10,10:04,54min late,10:53,43min late,49m,Landed
2026-01-05,8B5105,TNU5105,Business Air,Jakarta,CGK,WIII,09:15,01:15,09:29,14min late,09:57,2min early,1h 28m,Landed
2026-01-05,IW1848,WON1848,Wings Air,Lombok,LOP,WADL,09:25,01:25,09:59,34min late,10:30,15min late,30m,Landed
2026-01-05,QZ504,AWQ504,Indonesia AirAsia,Singapore,SIN,WSSS,09:25,01:25,09:20,4min early,11:35,29min early,2h 14m,Landed
2026-01-05,JT3805,LNI3805,Lion Air,Surabaya,SUB,WARR,09:30,01:30,11:49,19min late,11:23,53min late,34m,Landed
2026-01-05,QG500,CTV500,Citilink,Dili,DIL,WPDL,09:30,01:30,09:36,6min late,12:28,8min late,1h 52m,Landed
2026-01-05,ID6007,BTK6007,Batik Air,Perth,PER,YPPH,09:30,01:30,09:46,16min late,13:06,8min early,3h 20m,Landed
2026-01-05,QG663,CTV663,Citilink,Jakarta,CGK,WIII,09:35,01:35,09:39,4min late,10:24,5min early,1h 45m,Landed
2026-01-05,QZ803,AWQ803,Indonesia AirAsia,Jakarta,CGK,WIII,09:40,01:40,09:56,16min late,10:26,3min early,1h 30m,Landed
2026-01-05,8B80,TNU080,Business Air,Perth,PER,YPPH,09:40,01:40,09:58,18min late,13:12,12min early,3h 14m,Landed
2026-01-05,QR965,QTR965,Qatar Airways,Doha,DOH,OTHH,09:45,01:45,10:19,34min late,14:29,4min late,9h 10m,Landed
2026-01-05,AI2146,AIC2146,Air India,Delhi,DEL,VIDP,10:00,02:00,10:04,4min late,14:57,2min early,7h 23m,Landed
2026-01-05,JT3569,LNI3569,Lion Air,Yogyakarta,YIA,WAHI,10:00,02:00,10:14,14min late,10:19,10min early,1h 4m,Landed
2026-01-05,JT270,LNI270,Lion Air,Kupang,KOE,WATT,10:00,02:00,10:09,9min late,11:34,15min early,1h 25m,Landed
2026-01-05,JQ126,JST126,Jetstar Airways,Adelaide,ADL,YPAD,10:15,02:15,10:15,on time,17:40,4min early,4h 55m,Landed
2026-01-05,8B5101,TNU5101,Business Air,Jakarta,CGK,WIII,10:30,02:30,10:40,10min late,11:04,10min early,1h 24m,Landed
2026-01-05,SQ935,SIA935,Singapore Airlines,Singapore,SIN,WSSS,10:30,02:30,10:34,4min late,12:48,21min early,2h 13m,Landed
2026-01-05,QZ815,AWQ815,Indonesia AirAsia,Jakarta,CGK,WIII,10:35,02:35,10:45,10min late,11:11,18min early,1h 26m,Landed
2026-01-05,8G182,DTL182,Mid Africa Aviation,Dili,DIL,WPDL,10:35,02:35,10:42,7min late,13:24,5min early,1h 41m,Landed
2026-01-05,JT805,LNI805,Lion Air,Surabaya,SUB,WARR,10:35,02:35,11:07,32min late,10:43,8min late,36m,Landed
2026-01-05,JT927,LNI927,Lion Air,Surakarta,SOC,WAHQ,10:40,02:40,11:03,23min late,11:02,2min late,59m,Landed
2026-01-05,TR281,TGW281,Scoot,Singapore,SIN,WSSS,11:10,03:10,11:30,20min late,13:37,13min early,2h 7m,Landed
2026-01-05,QG197,CTV197,Citilink,Jakarta,HLP,WIHH,11:10,03:10,11:02,8min early,11:47,12min early,1h 45m,Landed
2026-01-05,JQ40,JST040,Jetstar Airways,Sydney,SYD,YSSY,11:15,03:15,11:10,5min early,20:06,8min early,5h 56m,Landed
2026-01-05,QZ780,AWQ780,Indonesia AirAsia,Balikpapan,BPN,WALL,11:20,03:20,12:09,49min late,13:29,24min late,1h 19m,Landed
2026-01-05,6E1606,IGO1606,IndiGo,Bangalore,BLR,VOBL,11:30,03:30,11:30,on time,15:11,23min early,6h 11m,Landed
2026-01-05,JQ32,JST032,Jetstar Airways,Melbourne,MEL,YMML,11:30,03:30,12:16,46min late,20:37,27min late,5h 20m,Landed
2026-01-05,OD172,MXD172,Malindo Air,Kuala Lumpur,KUL,WMKK,11:35,03:35,17:01,26min late,14:49,4min late,,Landed
2026-01-05,OD309,MXD309,Malindo Air,Kuala Lumpur,KUL,WMKK,11:35,03:35,16:18,43min late,18:03,18min late,1h 45m,Landed
2026-01-05,IW1964,WON1964,Wings Air,Lombok,LOP,WADL,11:40,03:40,12:20,40min late,13:03,33min late,43m,Landed
2026-01-05,IW1902,WON1902,Wings Air,Jember,JBB,WARE,11:40,03:40,11:53,13min late,11:25,34min early,32m,Landed
2026-01-05,QZ646,AWQ646,Indonesia AirAsia,Labuan Bajo,LBJ,WATO,11:40,03:40,13:50,10min late,14:45,50min late,54m,Landed
2026-01-05,ID6331,BTK6331,Batik Air,Labuan Bajo,LBJ,WATO,11:45,03:45,11:55,10min late,12:54,5min early,59m,Landed
2026-01-05,JQ109,JST109,Jetstar Airways,Perth,PER,YPPH,11:45,03:45,11:30,14min early,16:12,37min late,4h 41m,Landed
2026-01-05,GA407,GIA407,Garuda Indonesia,Jakarta,CGK,WIII,11:55,03:55,12:05,10min late,12:40,14min early,1h 34m,Landed
2026-01-05,IU368,SJV368,SW Italia,Medan,KNO,WIMM,12:00,04:00,12:39,39min late,14:36,6min late,2h 57m,Landed
2026-01-05,FD397,AIQ397,Thai AirAsia,Bangkok,DMK,VTBD,12:00,04:00,12:32,32min late,15:26,6min late,3h 54m,Landed
2026-01-05,SQ937,SIA937,Singapore Airlines,Singapore,SIN,WSSS,12:05,04:05,12:45,40min late,15:03,8min late,2h 18m,Landed
2026-01-05,GA253,GIA253,Garuda Indonesia,Yogyakarta,YIA,WAHI,12:05,04:05,12:48,43min late,12:55,on time,1h 7m,Landed
2026-01-05,SJ742,SJY742,Sriwijaya Air,Tambolaka,TMC,WADT,12:10,04:10,12:52,42min late,13:39,29min late,47m,Landed
2026-01-05,OD192,MXD192,Malindo Air,Kuala Lumpur,KUL,WMKK,12:10,04:10,12:26,16min late,15:00,19min early,2h 34m,Landed
2026-01-05,OD178,MXD178,Malindo Air,Kuala Lumpur,KUL,WMKK,12:15,04:15,12:38,23min late,15:12,12min early,2h 34m,Landed
2026-01-05,OD158,MXD158,Malindo Air,Kuala Lumpur,KUL,WMKK,12:45,04:45,13:45,0min late,20:45,50min late,7h 0m,Landed
2026-01-05,IP103,PAS103,Pelita Air Service,Jakarta,CGK,WIII,12:45,04:45,12:50,5min late,13:17,17min early,1h 27m,Landed
2026-01-05,SQ939,SIA939,Singapore Airlines,Singapore,SIN,WSSS,13:00,05:00,13:23,23min late,15:21,28min early,1h 57m,Landed
2026-01-05,JT33,LNI033,Lion Air,Jakarta,CGK,WIII,13:05,05:05,18:09,4min late,18:39,39min late,1h 29m,Landed
2026-01-05,AK365,AXM365,AirAsia,Kuala Lumpur,KUL,WMKK,13:05,05:05,13:10,5min late,15:53,16min early,2h 43m,Landed
2026-01-05,MH714,MAS714,Malaysia Airlines,Kuala Lumpur,KUL,WMKK,13:10,05:10,13:33,23min late,16:11,6min late,2h 37m,Landed
2026-01-05,VJ900,VJC900,VietJet Air,Hanoi,HAN,VVNB,13:10,05:10,14:44,34min late,18:18,58min late,4h 33m,Landed
2026-01-05,GA409,GIA409,Garuda Indonesia,Jakarta,CGK,WIII,13:25,05:25,14:01,36min late,14:29,4min late,1h 28m,Landed
2026-01-05,JT660,LNI660,Lion Air,Balikpapan,BPN,WALL,13:30,05:30,14:08,38min late,17:52,37min late,3h 43m,Landed
2026-01-05,JQ58,JST058,Jetstar Airways,Brisbane,BNE,YBBN,13:30,05:30,13:40,10min late,20:54,30min early,5h 13m,Landed
2026-01-05,8B5107,TNU5107,Business Air,Jakarta,CGK,WIII,13:50,05:50,14:29,39min late,14:53,18min late,1h 24m,Landed
2026-01-05,JT919,LNI919,Lion Air,Surabaya,SUB,WARR,13:55,05:55,15:27,32min late,15:03,8min late,36m,Landed
2026-01-05,QG342,CTV342,Citilink,Makassar,UPG,WAAA,13:55,05:55,14:20,25min late,15:27,7min late,1h 7m,Landed
2026-01-05,8B82,TNU082,Business Air,Perth,PER,YPPH,14:00,06:00,13:21,38min early,17:57,17min late,4h 35m,Landed
2026-01-05,JT25,,Lion Air,Jakarta,CGK,WIII,14:00,06:00,16:56,56min late,17:23,28min late,1h 27m,Landed
2026-01-05,QZ544,AWQ544,Indonesia AirAsia,Perth,PER,YPPH,14:00,06:00,13:58,1min early,16:18,31min early,2h 19m,Landed
2026-01-05,QG687,CTV687,Citilink,Jakarta,CGK,WIII,14:00,06:00,14:15,15min late,14:45,9min early,1h 30m,Landed
2026-01-05,6E1612,IGO1612,IndiGo,Bhubaneswar,BBI,VEBS,14:00,06:00,15:19,19min late,18:56,16min late,6h 7m,Landed
2026-01-05,VJ894,VJC894,VietJet Air,Ho Chi Minh City,SGN,VVTS,14:05,06:05,14:11,6min late,16:26,38min early,3h 15m,Landed
2026-01-05,JT569,LNI569,Lion Air,Yogyakarta,YIA,WAHI,14:15,06:15,14:38,23min late,15:00,15min late,1h 22m,Landed
2026-01-05,ID7308,BTK7308,Batik Air,Jakarta,HLP,WIHH,14:20,06:20,14:44,24min late,15:06,3min early,1h 21m,Landed
2026-01-05,QZ506,AWQ506,Indonesia AirAsia,Singapore,SIN,WSSS,14:25,06:25,15:23,58min late,17:47,27min late,2h 24m,Landed
2026-01-05,TR289,TGW289,Scoot,Singapore,SIN,WSSS,14:35,06:35,14:50,15min late,17:10,20min early,2h 19m,Landed
2026-01-05,JT740,LNI740,Lion Air,Makassar,UPG,WAAA,14:40,06:40,15:10,30min late,17:31,26min late,2h 21m,Landed
2026-01-05,JT273,LNI273,Lion Air,Semarang,SRG,WIIS,14:40,06:40,16:15,35min late,16:12,12min late,56m,Landed
2026-01-05,JT23,,Lion Air,Jakarta,CGK,WIII,14:45,06:45,15:48,3min late,16:17,37min late,1h 29m,Landed
2026-01-05,JQ43,JST043,Jetstar Airways,Singapore,SIN,WSSS,14:50,06:50,15:12,22min late,17:42,12min early,2h 30m,Landed
2026-01-05,OD307,MXD307,Malindo Air,Kuala Lumpur,KUL,WMKK,14:50,06:50,16:17,27min late,18:49,54min late,2h 31m,Landed
2026-01-05,JT924,LNI924,Lion Air,Kupang,KOE,WATT,14:55,06:55,16:38,43min late,18:05,20min late,1h 27m,Landed
2026-01-05,JQ44,JST044,Jetstar Airways,Melbourne,MEL,YMML,14:55,06:55,15:10,15min late,23:27,7min early,5h 17m,Landed
2026-01-05,VA48,VOZ048,Virgin Australia,Brisbane,BNE,YBBN,15:00,07:00,15:08,8min late,22:53,1min early,5h 45m,Landed
2026-01-05,JT844,LNI844,Lion Air,Banjarmasin,BDJ,WAOO,15:00,07:00,17:19,19min late,18:23,53min late,1h 4m,Landed
2026-01-05,QZ246,AWQ246,Indonesia AirAsia,Phuket,HKT,VTSP,15:05,07:05,16:27,22min late,18:55,15min late,3h 28m,Landed
2026-01-05,AI2148,AIC2148,Air India,Delhi,DEL,VIDP,15:10,07:10,15:15,5min late,19:53,11min early,7h 8m,Landed
2026-01-05,QG681,CTV681,Citilink,Jakarta,CGK,WIII,15:10,07:10,15:08,2min early,16:03,1min early,1h 55m,Landed
2026-01-05,ID6509,BTK6509,Batik Air,Jakarta,CGK,WIII,15:15,07:15,16:04,49min late,16:38,28min late,1h 34m,Landed
2026-01-05,GA842,GIA842,Garuda Indonesia,Singapore,SIN,WSSS,15:15,07:15,15:40,25min late,17:59,on time,2h 19m,Landed
2026-01-05,AK377,AXM377,AirAsia,Kuala Lumpur,KUL,WMKK,15:25,07:25,16:08,43min late,19:12,47min late,3h 4m,Landed
2026-01-05,VJ898,VJC898,VietJet Air,Ho Chi Minh City,SGN,VVTS,15:35,07:35,16:43,8min late,19:07,42min late,3h 24m,Landed
2026-01-05,QG669,CTV669,Citilink,Surabaya,SUB,WARR,15:40,07:40,15:42,2min late,15:29,15min early,47m,Landed
2026-01-05,GA411,GIA411,Garuda Indonesia,Jakarta,CGK,WIII,15:40,07:40,16:53,13min late,17:18,33min late,1h 25m,Landed
2026-01-05,IW1850,WON1850,Wings Air,Lombok,LOP,WADL,15:40,07:40,16:06,26min late,16:35,5min late,29m,Landed
2026-01-05,CI772,CAL772,China Airlines,Taipei,TPE,RCTP,15:45,07:45,16:02,17min late,21:01,3min early,4h 59m,Landed
2026-01-05,SJ717,SJY717,Sriwijaya Air,Makassar,UPG,WAAA,16:00,08:00,17:01,1min late,18:02,42min late,1h 0m,Landed
2026-01-05,QZ536,AWQ536,Indonesia AirAsia,Perth,PER,YPPH,16:00,08:00,16:50,50min late,20:11,26min late,3h 21m,Landed
2026-01-05,IP109,PAS109,Pelita Air Service,Jakarta,CGK,WIII,16:00,08:00,16:25,25min late,16:50,on time,1h 25m,Landed
2026-01-05,VN640,HVN640,Vietnam Airlines,Ho Chi Minh City,SGN,VVTS,16:05,08:05,16:31,26min late,18:55,on time,3h 24m,Landed
2026-01-05,QG661,CTV661,Citilink,Jakarta,CGK,WIII,16:05,08:05,16:17,12min late,17:15,15min late,1h 58m,Landed
2026-01-05,IU703,SJV703,SW Italia,Surabaya,SUB,WARR,16:10,08:10,17:28,18min late,17:14,4min late,46m,Landed
2026-01-05,QZ807,AWQ807,Indonesia AirAsia,Jakarta,CGK,WIII,16:10,08:10,17:17,7min late,17:46,36min late,1h 29m,Landed
2026-01-05,TG432,THA432,Thai Airways International,Bangkok,BKK,VTBS,16:10,08:10,16:21,11min late,19:04,20min early,3h 43m,Landed
2026-01-05,CX784,CPA784,Cathay Pacific,Hong Kong,HKG,VHHH,16:20,08:20,16:57,37min late,21:24,on time,4h 27m,Landed
2026-01-05,MH850,MAS850,Malaysia Airlines,Kuala Lumpur,KUL,WMKK,16:25,08:25,17:10,45min late,20:05,30min late,2h 55m,Landed
2026-01-05,IW1852,WON1852,Wings Air,Lombok,LOP,WADL,16:30,08:30,16:59,29min late,17:29,9min late,30m,Landed
2026-01-05,BR256,EVA256,EVA Airways,Taipei,TPE,RCTP,16:40,08:40,17:03,23min late,22:37,52min late,5h 34m,Landed
2026-01-05,JT744,LNI744,Lion Air,Makassar,UPG,WAAA,16:40,08:40,18:20,40min late,19:20,15min late,1h 0m,Landed
2026-01-05,GA349,GIA349,Garuda Indonesia,Surabaya,SUB,WARR,16:55,08:55,17:51,56min late,17:33,23min late,42m,Landed
2026-01-05,IU273,SJV273,SW Italia,Pontianak,PNK,WIOO,17:00,09:00,18:33,33min late,19:11,6min late,1h 37m,Landed
2026-01-05,ID6335,BTK6335,Batik Air,Labuan Bajo,LBJ,WATO,17:00,09:00,17:39,39min late,18:34,19min late,54m,Landed
2026-01-05,VJ998,VJC998,VietJet Air,Hanoi,HAN,VVNB,17:25,09:25,17:55,30min late,21:45,10min late,4h 50m,Landed
2026-01-05,GA419,GIA419,Garuda Indonesia,Jakarta,CGK,WIII,17:25,09:25,18:05,40min late,18:33,8min late,1h 27m,Landed
2026-01-05,HO1356,DKH1356,Juneyao Airlines,Shanghai,PVG,ZSPD,17:25,09:25,17:35,10min late,23:40,9min early,6h 4m,Landed
2026-01-05,TR211,TGW211,Scoot,Singapore,SIN,WSSS,17:35,09:35,17:59,24min late,20:14,31min early,2h 15m,Landed
2026-01-05,IP107,PAS107,Pelita Air Service,Jakarta,CGK,WIII,17:40,09:40,18:09,29min late,18:32,2min late,1h 23m,Landed
2026-01-05,OD193,MXD193,Malindo Air,Perth,PER,YPPH,18:10,10:10,18:29,19min late,21:46,1min late,3h 17m,Landed
2026-01-05,IN281,LKN281,Nam Air,Jakarta,CGK,WIII,18:30,10:30,20:29,59min late,21:00,50min late,1h 31m,Landed
2026-01-05,GA417,GIA417,Garuda Indonesia,Jakarta,CGK,WIII,18:30,10:30,18:55,25min late,19:29,on time,1h 34m,Landed
2026-01-05,JT567,LNI567,Lion Air,Yogyakarta,YIA,WAHI,18:30,10:30,19:19,49min late,19:28,28min late,1h 9m,Landed
2026-01-05,IP111,PAS111,Pelita Air Service,Jakarta,CGK,WIII,18:35,10:35,18:42,7min late,19:07,17min early,1h 25m,Landed
2026-01-05,CX782,CPA782,Cathay Pacific,Hong Kong,HKG,VHHH,18:40,10:40,18:37,3min early,23:17,27min early,4h 40m,Landed
2026-01-05,SL259,TLM259,Thai Lion Air,Bangkok,DMK,VTBD,18:40,10:40,19:11,31min late,22:11,11min late,4h 0m,Landed
2026-01-05,JT925,LNI925,Lion Air,Surakarta,SOC,WAHQ,18:40,10:40,20:37,57min late,20:36,36min late,58m,Landed
2026-01-05,ID6415,BTK6415,Batik Air,Surabaya,SUB,WARR,18:45,10:45,19:06,21min late,18:40,4min early,33m,Landed
2026-01-05,EY477,ETD477,Etihad Airways,Abu Dhabi,AUH,OMAA,18:45,10:45,19:23,38min late,00:04,19min late,8h 41m,Landed
2026-01-05,QR963,QTR963,Qatar Airways,Doha,DOH,OTHH,18:50,10:50,19:34,44min late,00:01,31min late,9h 27m,Landed
2026-01-05,6E1608,IGO1608,IndiGo,Chennai,MAA,VOMM,18:50,10:50,18:54,4min late,00:02,32min late,7h 38m,Landed
2026-01-05,QZ809,AWQ809,Indonesia AirAsia,Jakarta,CGK,WIII,18:50,10:50,19:54,4min late,20:25,35min late,1h 31m,Landed
2026-01-05,TG440,THA440,Thai Airways International,Bangkok,BKK,VTBS,19:00,11:00,19:42,42min late,22:34,19min late,3h 52m,Landed
2026-01-05,MH852,MAS852,Malaysia Airlines,Kuala Lumpur,KUL,WMKK,19:15,11:15,19:59,44min late,22:51,36min late,2h 52m,Landed
2026-01-05,AK379,AXM379,AirAsia,Kuala Lumpur,KUL,WMKK,19:15,11:15,19:48,33min late,22:50,30min late,3h 2m,Landed
2026-01-05,ID7310,BTK7310,Batik Air,Jakarta,HLP,WIHH,19:25,11:25,21:06,41min late,21:25,10min late,1h 19m,Landed
2026-01-05,QG699,CTV699,Citilink,Surabaya,SUB,WARR,19:25,11:25,20:21,56min late,20:23,53min late,1h 1m,Landed
2026-01-05,GA4212,GIA4212,Garuda Indonesia,Jakarta,CGK,WIII,19:30,11:30,19:53,23min late,20:28,2min early,1h 34m,Landed
2026-01-05,QG689,CTV689,Citilink,Jakarta,CGK,WIII,19:30,11:30,19:29,on time,20:18,6min early,1h 49m,Landed
2026-01-05,8B969,TNU969,Business Air,Guangzhou,CAN,ZGGG,19:45,11:45,19:37,8min early,00:28,36min early,4h 51m,Landed
2026-01-05,JT923,LNI923,Lion Air,Surabaya,SUB,WARR,19:45,11:45,22:59,14min late,22:33,48min late,34m,Landed
2026-01-05,EK369,UAE369,Emirates,Dubai,DXB,OMDB,19:50,11:50,20:09,19min late,00:58,11min early,8h 48m,Landed
2026-01-05,JT271,LNI271,Lion Air,Semarang,SRG,WIIS,19:50,11:50,22:10,20min late,22:08,58min late,57m,Landed
2026-01-05,JT11,LNI011,Lion Air,Jakarta,CGK,WIII,19:55,11:55,21:23,28min late,21:49,59min late,1h 26m,Landed
2026-01-05,TR283,TGW283,Scoot,Singapore,SIN,WSSS,20:05,12:05,20:29,24min late,22:37,3min early,2h 8m,Landed
2026-01-05,QG195,CTV195,Citilink,Jakarta,HLP,WIHH,20:10,12:10,20:13,3min late,21:09,9min late,1h 56m,Landed
2026-01-05,SQ945,SIA945,Singapore Airlines,Singapore,SIN,WSSS,20:15,12:15,16:39,35min early,23:03,8min late,6h 23m,Landed
2026-01-05,GA718,GIA718,Garuda Indonesia,Melbourne,MEL,YMML,20:20,12:20,20:47,27min late,05:16,16min late,5h 29m,Landed
2026-01-05,JQ34,JST034,Jetstar Airways,Melbourne,MEL,YMML,20:20,12:20,20:52,32min late,07:14,19min late,7h 22m,Landed
2026-01-05,IU527,SJV527,SW Italia,Manado,MDC,WAMM,20:25,12:25,21:41,16min late,23:58,58min late,2h 17m,Landed
2026-01-05,ID6413,BTK6413,Batik Air,Surabaya,SUB,WARR,20:30,12:30,23:16,46min late,22:52,22min late,35m,Landed
2026-01-05,ID6517,BTK6517,Batik Air,Jakarta,CGK,WIII,20:30,12:30,21:09,39min late,21:35,10min late,1h 26m,Landed
2026-01-05,QG9697,CTV9697,Citilink,Surabaya,SUB,WARR,20:40,12:40,20:45,5min late,20:36,8min early,50m,Landed
2026-01-05,JQ107,JST107,Jetstar Airways,Perth,PER,YPPH,20:45,12:45,20:46,on time,00:11,8min early,3h 25m,Landed
2026-01-05,GA415,GIA415,Garuda Indonesia,Jakarta,CGK,WIII,20:45,12:45,21:13,28min late,21:44,on time,1h 31m,Landed
2026-01-05,IP105,PAS105,Pelita Air Service,Jakarta,CGK,WIII,20:50,12:50,21:19,29min late,21:44,4min late,1h 25m,Landed
2026-01-05,OD177,MXD177,Malindo Air,Melbourne,MEL,YMML,20:55,12:55,22:25,30min late,06:51,11min late,5h 26m,Landed
2026-01-05,OD157,MXD157,Malindo Air,Brisbane,BNE,YBBN,21:00,13:00,18:58,1min early,05:04,10min early,8h 5m,Landed
2026-01-05,QG9667,CTV9667,Citilink,Jakarta,CGK,WIII,21:10,13:10,21:20,10min late,22:15,5min late,1h 55m,Landed
2026-01-05,OD171,MXD171,Malindo Air,Sydney,SYD,YSSY,21:10,13:10,22:03,53min late,06:54,39min late,5h 51m,Landed
2026-01-05,TK67,THY067,Turkish Airlines,Istanbul,IST,LTFM,21:10,13:10,21:46,36min late,05:36,3min early,12h 49m,Landed
2026-01-05,QZ819,AWQ819,Indonesia AirAsia,Jakarta,CGK,WIII,21:15,13:15,22:01,46min late,22:26,21min late,1h 25m,Landed
2026-01-05,QF44,QFA044,Qantas,Sydney,SYD,YSSY,21:20,13:20,21:15,5min early,06:17,2min late,6h 2m,Landed
2026-01-05,GA425,GIA425,Garuda Indonesia,Jakarta,CGK,WIII,21:30,13:30,21:53,23min late,22:27,7min early,1h 33m,Landed
2026-01-05,JQ60,JST060,Jetstar Airways,Brisbane,BNE,YBBN,21:30,13:30,20:02,27min early,05:16,3min early,7h 14m,Landed
2026-01-05,ID6760,BTK6760,Batik Air,Makassar,UPG,WAAA,21:30,13:30,21:57,27min late,22:59,4min late,1h 1m,Landed
2026-01-05,SJ273,SJY273,Sriwijaya Air,Jakarta,CGK,WIII,21:35,13:35,00:18,43min late,00:45,30min late,1h 27m,Landed
2026-01-05,SQ947,SIA947,Singapore Airlines,Singapore,SIN,WSSS,21:40,13:40,00:51,11min late,03:10,50min late,2h 18m,Landed
2026-01-05,KL836,KLM836,KLM Royal Dutch Airlines,Singapore,SIN,WSSS,21:40,13:40,23:49,9min late,02:10,0min late,2h 21m,Landed
2026-01-05,JQ117,JST117,Jetstar Airways,Perth,PER,YPPH,21:45,13:45,,,,,3h 30m,Cancelled
2026-01-05,AK375,AXM375,AirAsia,Kuala Lumpur,KUL,WMKK,21:55,13:55,23:14,19min late,01:57,57min late,2h 43m,Landed
2026-01-05,QZ546,AWQ546,Indonesia AirAsia,Perth,PER,YPPH,21:55,13:55,22:20,25min late,01:37,2min late,3h 16m,Landed
2026-01-05,VA94,VOZ094,Virgin Australia,Melbourne,MEL,YMML,22:00,14:00,21:57,3min early,06:42,2min late,5h 45m,Landed
2026-01-05,IU759,SJV759,SW Italia,Jakarta,CGK,WIII,22:05,14:05,23:06,1min late,23:26,26min late,1h 20m,Landed
2026-01-05,SV857,SVA857,Saudi Arabian Airlines,Singapore,SIN,WSSS,22:05,14:05,22:20,15min late,00:42,2min early,2h 21m,Landed
2026-01-05,QF46,QFA046,Qantas,Melbourne,MEL,YMML,22:05,14:05,22:07,2min late,07:01,11min late,5h 54m,Landed
2026-01-05,QZ811,AWQ811,Indonesia AirAsia,Jakarta,CGK,WIII,22:15,14:15,23:01,46min late,23:23,18min late,1h 22m,Landed
2026-01-05,GA4292,GIA4292,Garuda Indonesia,Jakarta,CGK,WIII,22:15,14:15,22:44,29min late,23:20,5min late,1h 36m,Landed
2026-01-05,QG9689,CTV9689,Citilink,Jakarta,CGK,WIII,22:15,14:15,22:13,2min early,23:12,2min late,1h 59m,Landed
2026-01-05,JQ89,JST089,Jetstar Airways,Newcastle,NTL,YWLM,22:20,14:20,23:43,23min late,08:41,26min late,5h 57m,Landed
2026-01-05,JQ38,JST038,Jetstar Airways,Sydney,SYD,YSSY,22:20,14:20,22:38,18min late,07:41,11min late,6h 3m,Landed
2026-01-05,VA66,VOZ066,Virgin Australia,Sydney,SYD,YSSY,22:30,14:30,23:04,34min late,08:04,24min late,6h 0m,Landed
2026-01-05,JT15,LNI015,Lion Air,Jakarta,CGK,WIII,22:40,14:40,,,,,1h 55m,
2026-01-05,JQ128,JST128,Jetstar Airways,Adelaide,ADL,YPAD,22:50,14:50,22:55,5min late,06:15,on time,4h 50m,Landed
2026-01-05,7C2712,JJA2712,Jeju Air,Seoul,ICN,RKSI,23:05,15:05,23:25,20min late,07:27,17min late,7h 2m,Landed
2026-01-05,3U3986,CSC3986,Sichuan Airlines,Lujia Town,TFU,ZUTF,23:10,15:10,23:26,16min late,05:48,21min early,6h 22m,Landed
2026-01-05,8B5109,TNU5109,Business Air,Jakarta,CGK,WIII,23:10,15:10,23:57,47min late,00:22,32min late,1h 25m,Landed
2026-01-05,JQ91,JST091,Jetstar Airways,Cairns,CNS,YBCS,23:10,15:10,00:09,59min late,06:33,48min late,4h 23m,Landed
2026-01-05,VA82,VOZ082,Virgin Australia,Gold Coast,OOL,YBCG,23:20,15:20,23:13,7min early,06:55,14min early,5h 42m,Landed
2026-01-05,GA714,GIA714,Garuda Indonesia,Sydney,SYD,YSSY,23:35,15:35,23:52,17min late,08:51,16min late,5h 59m,Landed
2026-01-05,JQ42,JST042,Jetstar Airways,Melbourne,MEL,YMML,23:40,15:40,23:48,8min late,08:23,6min early,5h 35m,Landed
2026-01-05,QZ420,AWQ420,Indonesia AirAsia,Adelaide,ADL,YPAD,23:45,15:45,00:02,17min late,07:16,8min early,4h 43m,Landed
2026-01-05,KE432,KAL432,Korean Air Lines,Seoul,ICN,RKSI,23:50,15:50,00:01,11min late,07:41,3min early,6h 40m,Landed
2026-01-06,BX602,ABL602,Air Busan,Busan,PUS,RKPK,00:05,16:05,00:27,22min late,08:02,27min early,6h 35m,Landed
2026-01-06,QZ548,AWQ548,Indonesia AirAsia,Perth,PER,YPPH,00:15,16:15,00:13,1min early,03:35,19min early,3h 22m,Landed
2026-01-06,TW158,TWB158,T'Way Air,Cheongju,CJJ,RKTU,00:15,16:15,00:33,18min late,08:04,5min early,6h 30m,Landed
2026-01-06,8B84,TNU084,Business Air,Perth,PER,YPPH,00:20,16:20,00:20,on time,03:31,33min early,3h 11m,Landed
2026-01-06,EK399,UAE399,Emirates,Dubai,DXB,OMDB,00:25,16:25,00:42,17min late,05:45,on time,9h 3m,Landed
2026-01-06,QR961,QTR961,Qatar Airways,Doha,DOH,OTHH,00:30,16:30,00:30,on time,04:50,19min early,9h 20m,Landed
2026-01-06,MF892,CXA892,Xiamen Airlines,Xiamen,XMN,ZSAM,00:30,16:30,00:30,on time,06:01,3min early,5h 31m,Landed
2026-01-06,CZ626,CSN626,China Southern Airlines,Guangzhou,CAN,ZGGG,00:40,16:40,22:45,54min early,05:46,3min early,7h 0m,Landed
2026-01-06,GA870,GIA870,Garuda Indonesia,Seoul,ICN,RKSI,00:50,16:50,01:56,6min late,09:30,40min late,6h 33m,Landed
2026-01-06,GA880,GIA880,Garuda Indonesia,Tokyo,NRT,RJAA,00:50,16:50,00:58,8min late,08:42,7min early,6h 43m,Landed
2026-01-06,MU5030,CES5030,China Eastern Airlines,Shanghai,PVG,ZSPD,00:55,16:55,00:57,2min late,07:16,6min late,6h 19m,Landed
2026-01-06,5J282,CEB282,CEBU Pacific Air,Manila,MNL,RPLL,01:00,17:00,00:58,2min early,04:57,17min early,3h 59m,Landed
2026-01-06,SJ726,,Sriwijaya Air,Makassar,UPG,WAAA,01:00,17:00,,,,,1h 20m,
2026-01-06,QZ548,AWQ548,Indonesia AirAsia,Perth,PER,YPPH,01:00,17:00,01:37,37min late,04:49,9min late,3h 12m,Landed
2026-01-06,PR538,PAL538,Philippine Airlines,Manila,MNL,RPLL,01:10,17:10,01:19,9min late,05:06,3min early,3h 47m,Landed
2026-01-06,KE434,KAL434,Korean Air Lines,Seoul,ICN,RKSI,01:20,17:20,01:08,12min early,08:47,32min early,6h 39m,Landed
2026-01-06,8B5888,,Business Air,Manado,MDC,WAMM,01:30,17:30,,,,,2h 45m,
2026-01-06,GA401,GIA401,Garuda Indonesia,Jakarta,CGK,WIII,07:00,23:00,07:05,5min late,07:39,20min early,1h 33m,Landed
2026-01-06,JT929,,Lion Air,Surabaya,SUB,WARR,07:00,23:00,,,,,1h 1m,
2026-01-06,QZ534,AWQ534,Indonesia AirAsia,Perth,PER,YPPH,07:00,23:00,07:11,11min late,10:45,4min early,3h 34m,Landed
2026-01-06,JT746,LNI746,Lion Air,Makassar,UPG,WAAA,07:00,23:00,07:25,25min late,15:57,32min late,8h 31m,Landed
2026-01-06,QZ813,AWQ813,Indonesia AirAsia,Jakarta,CGK,WIII,07:00,23:00,07:37,37min late,08:00,10min late,1h 23m,Landed
2026-01-06,QG690,CTV690,Citilink,Surabaya,SUB,WARR,07:05,23:05,07:14,9min late,07:02,7min early,48m,Landed
2026-01-06,QZ550,AWQ550,Indonesia AirAsia,Kuala Lumpur,KUL,WMKK,07:15,23:15,07:21,6min late,13:55,45min late,6h 33m,Landed
2026-01-06,SQ949,SIA949,Singapore Airlines,Singapore,SIN,WSSS,07:20,23:20,07:27,7min late,09:42,17min early,2h 14m,Landed
2026-01-06,8B551,TNU551,Business Air,Singapore,SIN,WSSS,07:30,23:30,07:38,8min late,09:55,on time,2h 17m,Landed
2026-01-06,ID6333,BTK6333,Batik Air,Labuan Bajo,LBJ,WATO,07:55,23:55,12:35,40min late,13:30,20min late,55m,Landed
2026-01-06,JT21,LNI021,Lion Air,Jakarta,CGK,WIII,08:05,00:05,08:20,15min late,08:48,11min early,1h 28m,Landed
2026-01-06,IW1832,WON1832,Wings Air,Tambolaka,TMC,WADT,08:05,00:05,08:36,31min late,09:47,12min late,1h 11m,Landed
2026-01-06,QG9691,CTV9691,Citilink,Surabaya,SUB,WARR,08:05,00:05,07:59,5min early,07:45,24min early,46m,Landed
2026-01-06,HX706,CRK706,Hong Kong Airlines,Hong Kong,HKG,VHHH,08:15,00:15,08:15,on time,13:28,13min late,5h 13m,Landed
2026-01-06,CZ8482,CSN8482,China Southern Airlines,Guangzhou,CAN,ZGGG,08:35,00:35,08:46,11min late,13:43,11min early,4h 57m,Landed
2026-01-06,5J280,CEB280,CEBU Pacific Air,Manila,MNL,RPLL,08:35,00:35,08:42,7min late,12:45,4min early,4h 3m,Landed
2026-01-06,IW1854,WON1854,Wings Air,Lombok,LOP,WADL,08:45,00:45,08:58,13min late,09:30,4min early,32m,Landed
2026-01-06,IW1882,WON1882,Wings Air,Sumbawa Besar,SWQ,WADS,08:55,00:55,09:03,8min late,09:46,13min early,42m,Landed
2026-01-06,JT927,LNI927,Lion Air,Surakarta,SOC,WAHQ,08:55,00:55,09:07,12min late,09:07,7min early,1h 0m,Landed
2026-01-06,IN640,LKN640,NAM Air,Tambolaka,TMC,WADT,09:10,01:10,09:39,29min late,10:21,11min late,42m,Landed
2026-01-06,8B5105,TNU5105,Business Air,Jakarta,CGK,WIII,09:15,01:15,09:35,20min late,09:56,3min early,1h 21m,Landed
2026-01-06,QZ504,AWQ504,Indonesia AirAsia,Singapore,SIN,WSSS,09:25,01:25,09:27,2min late,11:52,12min early,2h 25m,Landed
2026-01-06,IW1848,WON1848,Wings Air,Lombok,LOP,WADL,09:25,01:25,10:09,44min late,10:41,26min late,31m,Landed
2026-01-06,QG500,CTV500,Citilink,Dili,DIL,WPDL,09:30,01:30,09:23,6min early,12:19,on time,1h 55m,Landed
2026-01-06,ID6007,BTK6007,Batik Air,Perth,PER,YPPH,09:30,01:30,09:56,26min late,13:12,2min early,3h 15m,Landed
2026-01-06,JT31,LNI031,Lion Air,Jakarta,CGK,WIII,09:35,01:35,10:54,19min late,11:32,2min late,1h 38m,Landed
2026-01-06,QG663,CTV663,Citilink,Jakarta,CGK,WIII,09:35,01:35,09:31,4min early,10:10,19min early,1h 39m,Landed
2026-01-06,QZ803,AWQ803,Indonesia AirAsia,Jakarta,CGK,WIII,09:40,01:40,10:01,21min late,10:25,4min early,1h 24m,Landed
2026-01-06,8B80,TNU080,Business Air,Perth,PER,YPPH,09:40,01:40,09:41,on time,12:57,27min early,3h 16m,Landed
2026-01-06,QR965,QTR965,Qatar Airways,Doha,DOH,OTHH,09:45,01:45,10:01,16min late,14:23,1min early,9h 21m,Landed
2026-01-06,AI2146,AIC2146,Air India,Delhi,DEL,VIDP,10:00,02:00,10:00,on time,15:12,12min late,7h 42m,Landed
2026-01-06,JT3569,LNI3569,Lion Air,Yogyakarta,YIA,WAHI,10:00,02:00,10:18,18min late,10:25,4min early,1h 6m,Landed
2026-01-06,JT270,LNI270,Lion Air,Kupang,KOE,WATT,10:00,02:00,10:29,29min late,11:57,7min late,1h 27m,Landed
2026-01-06,JQ111,JST111,Jetstar Airways,Perth,PER,YPPH,10:20,02:20,10:28,8min late,13:37,32min early,3h 9m,Landed
2026-01-06,8B5101,,TransNusa,Jakarta,CGK,WIII,10:30,02:30,,,,,1h 45m,
2026-01-06,SQ935,SIA935,Singapore Airlines,Singapore,SIN,WSSS,10:30,02:30,12:16,46min late,14:47,37min late,2h 30m,Landed
2026-01-06,JT805,LNI805,Lion Air,Surabaya,SUB,WARR,10:35,02:35,10:43,8min late,12:47,12min late,3h 4m,Landed
2026-01-06,JT33,LNI033,Lion Air,Jakarta,CGK,WIII,10:35,02:35,15:51,16min late,16:19,49min late,1h 28m,Landed
2026-01-06,8G182,DTL182,Mid Africa Aviation,Dili,DIL,WPDL,10:35,02:35,10:50,15min late,13:35,5min late,1h 45m,Landed
2026-01-06,IW1856,WON1856,Wings Air,Lombok,LOP,WADL,11:10,03:10,11:40,30min late,12:09,9min late,29m,Landed
2026-01-06,QG197,CTV197,Citilink,Jakarta,HLP,WIHH,11:10,03:10,11:05,5min early,11:46,13min early,1h 41m,Landed
2026-01-06,TR281,TGW281,Scoot,Singapore,SIN,WSSS,11:10,03:10,11:15,5min late,13:26,24min early,2h 11m,Landed
2026-01-06,JQ40,JST040,Jetstar Airways,Sydney,SYD,YSSY,11:15,03:15,11:08,7min early,20:00,14min early,5h 52m,Landed
2026-01-06,QZ780,AWQ780,Indonesia AirAsia,Balikpapan,BPN,WALL,11:20,03:20,11:27,7min late,12:47,17min early,1h 19m,Landed
2026-01-06,6E1606,IGO1606,IndiGo,Bangalore,BLR,VOBL,11:30,03:30,11:32,2min late,15:09,25min early,6h 7m,Landed
2026-01-06,JQ32,JST032,Jetstar Airways,Melbourne,MEL,YMML,11:30,03:30,12:48,18min late,21:12,2min late,5h 24m,Landed
2026-01-06,OD172,MXD172,Malindo Air,Kuala Lumpur,KUL,WMKK,11:35,03:35,18:11,36min late,21:11,26min late,3h 0m,Landed
2026-01-06,OD309,MXD309,Malindo Air,Kuala Lumpur,KUL,WMKK,11:35,03:35,11:54,19min late,14:42,2min early,2h 48m,Landed
2026-01-06,QZ646,AWQ646,Indonesia AirAsia,Labuan Bajo,LBJ,WATO,11:40,03:40,11:46,6min late,12:35,19min early,48m,Landed
2026-01-06,IW1964,WON1964,Wings Air,Lombok,LOP,WADL,11:40,03:40,15:38,58min late,16:08,38min late,29m,Landed
2026-01-06,ID6331,BTK6331,Batik Air,Labuan Bajo,LBJ,WATO,11:45,03:45,12:35,50min late,13:30,30min late,55m,Landed
2026-01-06,JQ109,JST109,Jetstar Airways,Perth,PER,YPPH,11:45,03:45,11:55,10min late,15:19,15min early,3h 24m,Landed
2026-01-06,IW1850,WON1850,Wings Air,Lombok,LOP,WADL,11:50,03:50,12:01,11min late,12:29,10min early,27m,Landed
2026-01-06,GA407,GIA407,Garuda Indonesia,Jakarta,CGK,WIII,11:55,03:55,15:12,17min late,12:46,8min early,,Landed
2026-01-06,QZ540,AWQ540,Indonesia AirAsia,Darwin,DRW,YPDN,12:00,04:00,12:01,1min late,15:56,18min early,2h 24m,Landed
2026-01-06,FD397,AIQ397,Thai AirAsia,Bangkok,DMK,VTBD,12:00,04:00,12:29,29min late,15:25,5min late,3h 56m,Landed
2026-01-06,GA253,GIA253,Garuda Indonesia,Yogyakarta,YIA,WAHI,12:05,04:05,12:22,17min late,12:32,22min early,1h 10m,Landed
2026-01-06,SQ937,SIA937,Singapore Airlines,Singapore,SIN,WSSS,12:05,04:05,12:46,41min late,15:11,16min late,2h 25m,Landed
2026-01-06,OD192,MXD192,Malindo Air,Kuala Lumpur,KUL,WMKK,12:10,04:10,12:36,26min late,15:19,on time,2h 43m,Landed
2026-01-06,OD178,MXD178,Malindo Air,Kuala Lumpur,KUL,WMKK,12:15,04:15,12:37,22min late,15:30,5min late,2h 52m,Landed
2026-01-06,QZ805,AWQ805,Indonesia AirAsia,Jakarta,CGK,WIII,12:40,04:40,15:48,8min late,17:55,20min late,3h 7m,Landed
2026-01-06,IP103,PAS103,Pelita Air Service,Jakarta,CGK,WIII,12:45,04:45,12:54,9min late,13:24,10min early,1h 30m,Landed
2026-01-06,JT740,LNI740,Lion Air,Makassar,UPG,WAAA,12:55,04:55,14:09,14min late,15:20,0min late,1h 11m,Landed
2026-01-06,SQ939,SIA939,Singapore Airlines,Singapore,SIN,WSSS,13:00,05:00,13:24,24min late,15:38,11min early,2h 14m,Landed
2026-01-06,AK365,AXM365,AirAsia,Kuala Lumpur,KUL,WMKK,13:05,05:05,13:43,38min late,16:26,16min late,2h 42m,Landed
2026-01-06,VJ900,VJC900,VietJet Air,Hanoi,HAN,VVNB,13:10,05:10,13:27,17min late,17:11,8min early,4h 43m,Landed
2026-01-06,MH714,MAS714,Malaysia Airlines,Kuala Lumpur,KUL,WMKK,13:10,05:10,13:34,24min late,16:05,on time,2h 31m,Landed
2026-01-06,JT35,LNI035,Lion Air,Jakarta,CGK,WIII,13:15,05:15,13:53,38min late,14:20,10min late,1h 27m,Landed
2026-01-06,GA409,GIA409,Garuda Indonesia,Jakarta,CGK,WIII,13:25,05:25,13:42,17min late,14:14,10min early,1h 32m,Landed
2026-01-06,JQ58,JST058,Jetstar Airways,Brisbane,BNE,YBBN,13:30,05:30,14:10,40min late,21:25,on time,5h 14m,Landed
2026-01-06,JT660,LNI660,Lion Air,Balikpapan,BPN,WALL,13:30,05:30,14:18,48min late,17:39,24min late,3h 21m,Landed
2026-01-06,OD158,MXD158,Malindo Air,Kuala Lumpur,KUL,WMKK,13:50,05:50,17:30,40min late,20:10,10min late,2h 40m,Landed
2026-01-06,JT919,LNI919,Lion Air,Surabaya,SUB,WARR,13:55,05:55,18:09,14min late,17:47,52min late,37m,Landed
2026-01-06,QG342,CTV342,Citilink,Makassar,UPG,WAAA,13:55,05:55,14:23,28min late,15:45,25min late,1h 22m,Landed
2026-01-06,JT25,,Lion Air,Jakarta,CGK,WIII,14:00,06:00,,,,,1h 55m,
2026-01-06,QG687,CTV687,Citilink,Jakarta,CGK,WIII,14:00,06:00,14:02,2min late,14:32,22min early,1h 29m,Landed
2026-01-06,8B82,TNU082,Business Air,Perth,PER,YPPH,14:00,06:00,14:32,32min late,17:55,15min late,3h 23m,Landed
2026-01-06,QZ544,AWQ544,Indonesia AirAsia,Perth,PER,YPPH,14:00,06:00,16:46,46min late,20:13,23min late,3h 27m,Landed
2026-01-06,6E1612,IGO1612,IndiGo,Bhubaneswar,BBI,VEBS,14:00,06:00,15:06,6min late,18:15,35min late,5h 39m,Landed
2026-01-06,VJ894,VJC894,VietJet Air,Ho Chi Minh City,SGN,VVTS,14:05,06:05,14:13,8min late,17:04,on time,3h 51m,Landed
2026-01-06,ID6517,BTK6517,Batik Air,Jakarta,CGK,WIII,14:15,06:15,15:31,16min late,15:57,47min late,1h 26m,Landed
2026-01-06,JT569,LNI569,Lion Air,Yogyakarta,YIA,WAHI,14:15,06:15,14:50,35min late,14:55,10min late,1h 5m,Landed
2026-01-06,ID7308,BTK7308,Batik Air,Jakarta,HLP,WIHH,14:20,06:20,14:43,23min late,15:07,2min early,1h 23m,Landed
2026-01-06,QZ246,AWQ246,Indonesia AirAsia,Phuket,HKT,VTSP,14:25,06:25,15:02,37min late,17:32,17min late,3h 30m,Landed
2026-01-06,TR289,TGW289,Scoot,Singapore,SIN,WSSS,14:35,06:35,13:17,17min early,16:53,37min early,3h 35m,Landed
2026-01-06,JT273,LNI273,Lion Air,Semarang,SRG,WIIS,14:40,06:40,13:18,21min early,15:29,29min late,3h 11m,Landed
2026-01-06,JT23,,Lion Air,Jakarta,CGK,WIII,14:45,06:45,,,,,1h 55m,
2026-01-06,OD307,MXD307,Malindo Air,Kuala Lumpur,KUL,WMKK,14:50,06:50,15:48,58min late,18:19,24min late,2h 31m,Landed
2026-01-06,JQ43,JST043,Jetstar Airways,Singapore,SIN,WSSS,14:50,06:50,15:20,30min late,17:48,6min early,2h 27m,Landed
2026-01-06,JQ44,JST044,Jetstar Airways,Melbourne,MEL,YMML,14:55,06:55,14:46,9min early,23:15,19min early,5h 29m,Landed
2026-01-06,JT924,LNI924,Lion Air,Kupang,KOE,WATT,14:55,06:55,16:00,5min late,17:23,38min late,1h 22m,Landed
2026-01-06,VA48,VOZ048,Virgin Australia,Brisbane,BNE,YBBN,15:00,07:00,15:17,17min late,22:29,25min early,5h 12m,Landed
2026-01-06,JT844,LNI844,Lion Air,Banjarmasin,BDJ,WAOO,15:00,07:00,15:45,45min late,16:54,24min late,1h 8m,Landed
2026-01-06,QG681,CTV681,Citilink,Jakarta,CGK,WIII,15:10,07:10,14:55,15min early,15:52,12min early,1h 57m,Landed
2026-01-06,ID6509,BTK6509,Batik Air,Jakarta,CGK,WIII,15:15,07:15,15:59,44min late,16:29,19min late,1h 30m,Landed
2026-01-06,GA842,GIA842,Garuda Indonesia,Singapore,SIN,WSSS,15:15,07:15,15:35,20min late,18:03,3min late,2h 28m,Landed
2026-01-06,AK377,AXM377,AirAsia,Kuala Lumpur,KUL,WMKK,15:25,07:25,15:47,22min late,18:38,13min late,2h 51m,Landed
2026-01-06,VJ898,VJC898,VietJet Air,Ho Chi Minh City,SGN,VVTS,15:35,07:35,16:11,36min late,18:40,15min late,3h 29m,Landed
2026-01-06,GA411,GIA411,Garuda Indonesia,Jakarta,CGK,WIII,15:40,07:40,16:07,27min late,16:40,4min early,1h 33m,Landed
2026-01-06,QG669,CTV669,Citilink,Surabaya,SUB,WARR,15:40,07:40,15:30,10min early,15:38,6min early,1h 8m,Landed
2026-01-06,CI772,CAL772,China Airlines,Taipei,TPE,RCTP,15:45,07:45,15:43,2min early,21:07,2min late,5h 24m,Landed
2026-01-06,VA92,VOZ092,Virgin Australia,Melbourne,MEL,YMML,15:50,07:50,16:05,15min late,00:34,4min late,5h 29m,Landed
2026-01-06,IP109,PAS109,Pelita Air Service,Jakarta,CGK,WIII,16:00,08:00,16:16,16min late,16:38,11min early,1h 22m,Landed
2026-01-06,QZ536,AWQ536,Indonesia AirAsia,Perth,PER,YPPH,16:00,08:00,16:25,25min late,19:51,6min late,3h 26m,Landed
2026-01-06,VN640,HVN640,Vietnam Airlines,Ho Chi Minh City,SGN,VVTS,16:05,08:05,16:37,32min late,18:57,2min late,3h 20m,Landed
2026-01-06,QG661,CTV661,Citilink,Jakarta,CGK,WIII,16:05,08:05,16:11,6min late,17:01,1min late,1h 50m,Landed
2026-01-06,IU703,SJV703,SW Italia,Surabaya,SUB,WARR,16:10,08:10,16:27,17min late,16:09,on time,42m,Landed
2026-01-06,QZ807,AWQ807,Indonesia AirAsia,Jakarta,CGK,WIII,16:10,08:10,16:41,31min late,17:11,1min late,1h 30m,Landed
2026-01-06,TG432,THA432,Thai Airways International,Bangkok,BKK,VTBS,16:10,08:10,16:19,9min late,19:00,24min early,3h 40m,Landed
2026-01-06,QZ556,AWQ556,Indonesia AirAsia,Kuala Lumpur,KUL,WMKK,16:15,08:15,16:49,34min late,19:23,13min late,2h 34m,Landed
2026-01-06,CX784,CPA784,Cathay Pacific,Hong Kong,HKG,VHHH,16:20,08:20,16:20,on time,21:21,3min early,5h 1m,Landed
2026-01-06,MH850,MAS850,Malaysia Airlines,Kuala Lumpur,KUL,WMKK,16:25,08:25,16:32,7min late,19:33,1min early,3h 1m,Landed
2026-01-06,IW1852,WON1852,Wings Air,Lombok,LOP,WADL,16:30,08:30,16:57,27min late,17:28,8min late,30m,Landed
2026-01-06,IU743,,SW Italia,Jakarta,CGK,WIII,16:35,08:35,,,,,1h 55m,
2026-01-06,BR256,EVA256,EVA Airways,Taipei,TPE,RCTP,16:40,08:40,15:30,9min early,22:28,43min late,6h 58m,Landed
2026-01-06,JT744,LNI744,Lion Air,Makassar,UPG,WAAA,16:40,08:40,17:34,54min late,18:38,33min late,1h 3m,Landed
2026-01-06,GA349,GIA349,Garuda Indonesia,Surabaya,SUB,WARR,16:55,08:55,16:59,4min late,16:48,21min early,49m,Landed
2026-01-06,ID6335,BTK6335,Batik Air,Labuan Bajo,LBJ,WATO,17:00,09:00,17:19,19min late,18:15,on time,55m,Landed
2026-01-06,JQ1117,JST1117,Jetstar Airways,Perth,PER,YPPH,17:15,09:15,17:21,6min late,20:38,5min late,3h 17m,Landed
2026-01-06,GA419,GIA419,Garuda Indonesia,Jakarta,CGK,WIII,17:25,09:25,17:53,28min late,18:26,1min late,1h 32m,Landed
2026-01-06,VJ998,VJC998,VietJet Air,Hanoi,HAN,VVNB,17:25,09:25,17:28,3min late,21:21,13min early,4h 53m,Landed
2026-01-06,HO1356,DKH1356,Juneyao Airlines,Shanghai,PVG,ZSPD,17:25,09:25,17:38,13min late,23:37,12min early,5h 59m,Landed
2026-01-06,TR211,TGW211,Scoot,Singapore,SIN,WSSS,17:35,09:35,18:31,56min late,20:55,10min late,2h 24m,Landed
2026-01-06,IU759,SJV759,SW Italia,Jakarta,CGK,WIII,17:40,09:40,18:33,53min late,18:57,22min late,1h 24m,Landed
2026-01-06,IP107,PAS107,Pelita Air Service,Jakarta,CGK,WIII,17:40,09:40,17:50,10min late,18:23,6min early,1h 33m,Landed
2026-01-06,OD193,MXD193,Malindo Air,Perth,PER,YPPH,18:10,10:10,18:52,42min late,22:12,27min late,3h 20m,Landed
2026-01-06,SJ7161,SJY7161,Sriwijaya Air,Makassar,UPG,WAAA,18:25,10:25,19:28,3min late,20:30,45min late,1h 2m,Landed
2026-01-06,IN283,,NAM Air,Jakarta,CGK,WIII,18:30,10:30,,,,,1h 40m,
2026-01-06,GA417,GIA417,Garuda Indonesia,Jakarta,CGK,WIII,18:30,10:30,18:58,28min late,19:29,on time,1h 31m,Landed
2026-01-06,JT567,LNI567,Lion Air,Yogyakarta,YIA,WAHI,18:30,10:30,19:16,46min late,19:19,19min late,1h 2m,Landed
2026-01-06,IN281,LKN281,Nam Air,Jakarta,CGK,WIII,18:30,10:30,19:02,32min late,19:32,22min late,1h 30m,Landed
2026-01-06,IP111,PAS111,Pelita Air Service,Jakarta,CGK,WIII,18:35,10:35,18:42,7min late,19:12,12min early,1h 30m,Landed
2026-01-06,SL259,TLM259,Thai Lion Air,Bangkok,DMK,VTBD,18:40,10:40,19:21,41min late,22:19,19min late,3h 58m,Landed
2026-01-06,CX782,CPA782,Cathay Pacific,Hong Kong,HKG,VHHH,18:40,10:40,18:36,4min early,23:23,21min early,4h 47m,Landed
2026-01-06,ID6415,BTK6415,Batik Air,Surabaya,SUB,WARR,18:45,10:45,19:09,24min late,18:46,1min late,36m,Landed
2026-01-06,EY477,ETD477,Etihad Airways,Abu Dhabi,AUH,OMAA,18:45,10:45,18:59,14min late,23:49,4min late,8h 49m,Landed
2026-01-06,QR963,QTR963,Qatar Airways,Doha,DOH,OTHH,18:50,10:50,19:01,11min late,23:35,5min late,9h 34m,Landed
2026-01-06,QZ809,AWQ809,Indonesia AirAsia,Jakarta,CGK,WIII,18:50,10:50,21:48,58min late,22:14,24min late,1h 25m,Landed
2026-01-06,6E1608,IGO1608,IndiGo,Chennai,MAA,VOMM,18:50,10:50,20:59,9min late,00:29,59min late,6h 0m,Landed
2026-01-06,TG440,THA440,Thai Airways International,Bangkok,BKK,VTBS,19:00,11:00,20:19,19min late,23:06,51min late,3h 47m,Landed
2026-01-06,8B5107,TNU5107,TransNusa,Jakarta,CGK,WIII,19:06,11:06,19:06,on time,19:35,on time,1h 29m,Landed
2026-01-06,JT3027,,Lion Air,Jakarta,CGK,WIII,19:15,11:15,,,,,1h 55m,
2026-01-06,MH852,MAS852,Malaysia Airlines,Kuala Lumpur,KUL,WMKK,19:15,11:15,19:43,28min late,22:35,20min late,2h 52m,Landed
2026-01-06,AK379,AXM379,AirAsia,Kuala Lumpur,KUL,WMKK,19:15,11:15,20:30,15min late,23:27,7min late,2h 57m,Landed
2026-01-06,QG699,CTV699,Citilink,Surabaya,SUB,WARR,19:25,11:25,19:22,3min early,19:14,15min early,52m,Landed
2026-01-06,ID7310,BTK7310,Batik Air,Jakarta,HLP,WIHH,19:25,11:25,19:36,11min late,19:56,18min early,1h 20m,Landed
2026-01-06,GA4212,GIA4212,Garuda Indonesia,Jakarta,CGK,WIII,19:30,11:30,19:58,28min late,20:26,3min early,1h 28m,Landed
2026-01-06,QG689,CTV689,Citilink,Jakarta,CGK,WIII,19:30,11:30,19:30,on time,20:12,13min early,1h 42m,Landed
2026-01-06,GA463,GIA463,Garuda Indonesia,Jakarta,HLP,WIHH,19:30,11:30,20:06,36min late,20:31,6min late,1h 25m,Landed
2026-01-06,JT11,LNI011,Lion Air,Jakarta,CGK,WIII,19:35,11:35,17:44,50min early,18:14,15min early,1h 29m,Landed
2026-01-06,8B969,TNU969,Business Air,Guangzhou,CAN,ZGGG,19:45,11:45,19:48,3min late,00:57,7min early,5h 9m,Landed
2026-01-06,JT923,LNI923,Lion Air,Surabaya,SUB,WARR,19:45,11:45,22:11,26min late,21:58,13min late,46m,Landed
2026-01-06,JT271,LNI271,Lion Air,Semarang,SRG,WIIS,19:50,11:50,20:50,0min late,20:42,32min late,52m,Landed
2026-01-06,EK369,UAE369,Emirates,Dubai,DXB,OMDB,19:50,11:50,20:11,21min late,01:12,2min late,9h 1m,Landed
2026-01-06,TR283,TGW283,Scoot,Singapore,SIN,WSSS,20:05,12:05,20:23,18min late,22:31,8min early,2h 7m,Landed
2026-01-06,QG195,CTV195,Citilink,Jakarta,HLP,WIHH,20:10,12:10,20:08,2min early,20:51,8min early,1h 43m,Landed
2026-01-06,SQ945,SIA945,Singapore Airlines,Singapore,SIN,WSSS,20:15,12:15,20:33,18min late,22:54,on time,2h 21m,Landed
2026-01-06,GA718,GIA718,Garuda Indonesia,Melbourne,MEL,YMML,20:20,12:20,20:37,17min late,04:57,2min early,5h 19m,Landed
2026-01-06,JQ34,JST034,Jetstar Airways,Melbourne,MEL,YMML,20:20,12:20,22:01,41min late,06:09,14min late,5h 8m,Landed
2026-01-06,ID6413,BTK6413,Batik Air,Surabaya,SUB,WARR,20:30,12:30,21:26,56min late,21:04,34min late,37m,Landed
2026-01-06,QG9697,CTV9697,Citilink,Surabaya,SUB,WARR,20:40,12:40,20:31,9min early,20:27,17min early,56m,Landed
2026-01-06,GA415,GIA415,Garuda Indonesia,Jakarta,CGK,WIII,20:45,12:45,21:21,36min late,21:51,6min late,1h 30m,Landed
2026-01-06,IP105,PAS105,Pelita Air Service,Jakarta,CGK,WIII,20:50,12:50,21:02,12min late,21:24,15min early,1h 22m,Landed
2026-01-06,OD177,MXD177,Malindo Air,Melbourne,MEL,YMML,20:55,12:55,21:25,30min late,05:44,4min late,5h 19m,Landed
2026-01-06,OD171,MXD171,Malindo Air,Sydney,SYD,YSSY,21:10,13:10,21:56,46min late,06:35,20min late,5h 39m,Landed
2026-01-06,TK67,THY067,Turkish Airlines,Istanbul,IST,LTFM,21:10,13:10,21:44,34min late,05:48,8min late,13h 4m,Landed
2026-01-06,QG9667,CTV9667,Citilink,Jakarta,CGK,WIII,21:10,13:10,21:20,10min late,22:19,9min late,1h 59m,Landed
2026-01-06,QZ819,AWQ819,Indonesia AirAsia,Jakarta,CGK,WIII,21:15,13:15,22:15,60min late,22:36,31min late,1h 21m,Landed
2026-01-06,QF44,QFA044,Qantas,Sydney,SYD,YSSY,21:20,13:20,21:16,4min early,06:15,on time,5h 59m,Landed
2026-01-06,GA425,GIA425,Garuda Indonesia,Jakarta,CGK,WIII,21:30,13:30,21:53,23min late,22:31,3min early,1h 38m,Landed
2026-01-06,ID6760,BTK6760,Batik Air,Makassar,UPG,WAAA,21:30,13:30,21:56,26min late,05:11,16min late,7h 14m,Landed
2026-01-06,JQ60,JST060,Jetstar Airways,Brisbane,BNE,YBBN,21:30,13:30,21:46,16min late,05:23,3min late,5h 37m,Landed
2026-01-06,SJ273,SJY273,Sriwijaya Air,Jakarta,CGK,WIII,21:35,13:35,22:48,13min late,23:09,54min late,1h 21m,Landed
2026-01-06,SQ947,SIA947,Singapore Airlines,Singapore,SIN,WSSS,21:40,13:40,22:09,29min late,00:23,3min late,2h 14m,Landed
2026-01-06,KL836,KLM836,KLM Royal Dutch Airlines,Singapore,SIN,WSSS,21:40,13:40,22:55,15min late,01:21,11min late,2h 26m,Landed
2026-01-06,JQ117,JST117,Jetstar Airways,Perth,PER,YPPH,21:45,13:45,22:32,47min late,02:07,52min late,3h 35m,Landed
2026-01-06,QZ546,AWQ546,Indonesia AirAsia,Perth,PER,YPPH,21:55,13:55,22:19,24min late,01:33,1min early,3h 14m,Landed
2026-01-06,AK375,AXM375,AirAsia,Kuala Lumpur,KUL,WMKK,21:55,13:55,23:11,16min late,02:06,6min late,2h 55m,Landed
2026-01-06,JT925,LNI925,Lion Air,Surakarta,SOC,WAHQ,21:58,13:58,,,,,58m,
2026-01-06,VA94,VOZ094,Virgin Australia,Melbourne,MEL,YMML,22:00,14:00,22:27,27min late,06:35,4min early,5h 7m,Landed
2026-01-06,TK311,THY311,Turkish Airlines,Istanbul,IST,LTFM,22:00,14:00,22:22,22min late,06:32,7min late,13h 9m,Landed
2026-01-06,OD157,MXD157,Malindo Air,Brisbane,BNE,YBBN,22:10,14:10,22:36,26min late,05:54,5min early,5h 17m,Landed
2026-01-06,QZ811,AWQ811,Indonesia AirAsia,Jakarta,CGK,WIII,22:15,14:15,22:39,24min late,23:02,2min early,1h 22m,Landed
2026-01-06,JQ38,JST038,Jetstar Airways,Sydney,SYD,YSSY,22:20,14:20,22:20,on time,07:15,14min early,5h 55m,Landed
2026-01-06,VA66,VOZ066,Virgin Australia,Sydney,SYD,YSSY,22:30,14:30,22:31,on time,07:23,16min early,5h 52m,Landed
2026-01-06,JT15,LNI015,Lion Air,Jakarta,CGK,WIII,22:35,14:35,23:38,3min late,23:59,29min late,1h 20m,Landed
2026-01-06,JQ128,JST128,Jetstar Airways,Adelaide,ADL,YPAD,22:50,14:50,22:56,6min late,06:06,8min early,4h 40m,Landed
2026-01-06,7C2712,JJA2712,Jeju Air,Seoul,ICN,RKSI,23:05,15:05,22:58,7min early,07:09,on time,7h 11m,Landed
2026-01-06,8B5109,TNU5109,Business Air,Jakarta,CGK,WIII,23:10,15:10,23:31,21min late,23:55,5min late,1h 24m,Landed
2026-01-06,3U3986,CSC3986,Sichuan Airlines,Lujia Town,TFU,ZUTF,23:10,15:10,23:24,14min late,05:51,18min early,6h 27m,Landed
2026-01-06,VA82,VOZ082,Virgin Australia,Gold Coast,OOL,YBCG,23:20,15:20,23:18,2min early,06:57,12min early,5h 39m,Landed
2026-01-06,GA714,GIA714,Garuda Indonesia,Sydney,SYD,YSSY,23:35,15:35,23:40,5min late,08:23,11min early,5h 42m,Landed
2026-01-06,JQ42,JST042,Jetstar Airways,Melbourne,MEL,YMML,23:40,15:40,23:49,9min late,08:08,21min early,5h 18m,Landed
2026-01-06,KE432,KAL432,Korean Air Lines,Seoul,ICN,RKSI,23:50,15:50,23:42,8min early,07:46,1min late,7h 4m,Landed
2026-01-07,QZ548,AWQ548,Indonesia AirAsia,Perth,PER,YPPH,00:15,16:15,00:13,1min early,03:35,19min early,3h 22m,Landed
2026-01-07,TW158,TWB158,T'Way Air,Cheongju,CJJ,RKTU,00:15,16:15,00:33,18min late,08:04,5min early,6h 30m,Landed
2026-01-07,8B84,TNU084,Business Air,Perth,PER,YPPH,00:20,16:20,00:20,on time,03:31,33min early,3h 11m,Landed
2026-01-07,EK399,UAE399,Emirates,Dubai,DXB,OMDB,00:25,16:25,00:42,17min late,05:45,on time,9h 3m,Landed
2026-01-07,MF892,CXA892,Xiamen Airlines,Xiamen,XMN,ZSAM,00:30,16:30,00:30,on time,06:01,3min early,5h 31m,Landed
2026-01-07,QR961,QTR961,Qatar Airways,Doha,DOH,OTHH,00:30,16:30,00:30,on time,04:50,19min early,9h 20m,Landed
2026-01-07,CZ626,CSN626,China Southern Airlines,Guangzhou,CAN,ZGGG,00:40,16:40,22:45,54min early,05:46,3min early,7h 0m,Landed
2026-01-07,GA880,GIA880,Garuda Indonesia,Tokyo,NRT,RJAA,00:50,16:50,00:58,8min late,08:42,7min early,6h 43m,Landed
2026-01-07,MU5030,CES5030,China Eastern Airlines,Shanghai,PVG,ZSPD,00:55,16:55,00:57,2min late,07:16,6min late,6h 19m,Landed
2026-01-07,PR538,PAL538,Philippine Airlines,Manila,MNL,RPLL,01:10,17:10,01:19,9min late,05:06,3min early,3h 47m,Landed
2026-01-07,KE434,KAL434,Korean Air Lines,Seoul,ICN,RKSI,01:20,17:20,01:08,12min early,08:47,32min early,6h 39m,Landed
2026-01-07,8B5888,,Business Air,Manado,MDC,WAMM,01:30,17:30,,,,,2h 45m,
2026-01-07,GA401,GIA401,Garuda Indonesia,Jakarta,CGK,WIII,07:00,23:00,07:05,5min late,07:39,20min early,1h 33m,Landed
2026-01-07,QZ534,AWQ534,Indonesia AirAsia,Perth,PER,YPPH,07:00,23:00,07:11,11min late,10:45,4min early,3h 34m,Landed
2026-01-07,QZ813,AWQ813,Indonesia AirAsia,Jakarta,CGK,WIII,07:00,23:00,07:37,37min late,08:00,10min late,1h 23m,Landed
2026-01-07,JT929,LNI929,Lion Air,Surabaya,SUB,WARR,07:00,23:00,07:22,22min late,06:58,2min early,36m,Landed
2026-01-07,JT746,LNI746,Lion Air,Makassar,UPG,WAAA,07:00,23:00,07:39,39min late,08:40,15min late,1h 0m,Landed
2026-01-07,JQ82,JST082,Jetstar Airways,Darwin,DRW,YPDN,07:05,23:05,07:30,25min late,11:23,8min late,2h 23m,Landed
2026-01-07,QG690,CTV690,Citilink,Surabaya,SUB,WARR,07:05,23:05,07:27,22min late,07:06,3min early,39m,Landed
2026-01-07,QZ644,AWQ644,Indonesia AirAsia,Labuan Bajo,LBJ,WATO,07:10,23:10,07:34,24min late,08:26,1min late,52m,Landed
2026-01-07,QZ550,AWQ550,Indonesia AirAsia,Kuala Lumpur,KUL,WMKK,07:15,23:15,07:18,3min late,10:01,8min early,2h 43m,Landed
2026-01-07,SQ949,SIA949,Singapore Airlines,Singapore,SIN,WSSS,07:20,23:20,07:41,21min late,10:01,1min late,2h 19m,Landed
2026-01-07,8B551,TNU551,Business Air,Singapore,SIN,WSSS,07:30,23:30,07:46,16min late,10:10,15min late,2h 24m,Landed
2026-01-07,ID6333,BTK6333,Batik Air,Labuan Bajo,LBJ,WATO,07:55,23:55,08:10,15min late,09:07,2min early,56m,Landed
2026-01-07,IW1832,WON1832,Wings Air,Tambolaka,TMC,WADT,08:05,00:05,08:23,18min late,11:08,33min late,2h 45m,Landed
2026-01-07,QG9691,CTV9691,Citilink,Surabaya,SUB,WARR,08:05,00:05,08:08,3min late,07:07,2min early,,Landed
2026-01-07,JT21,LNI021,Lion Air,Jakarta,CGK,WIII,08:05,00:05,08:28,23min late,08:55,4min early,1h 26m,Landed
2026-01-07,HX706,CRK706,Hong Kong Airlines,Hong Kong,HKG,VHHH,08:15,00:15,08:25,10min late,13:15,on time,4h 50m,Landed
2026-01-07,GA710,GIA710,Garuda Indonesia,Melbourne,MEL,YMML,08:20,00:20,11:41,21min late,20:00,0min late,5h 19m,Landed
2026-01-07,CZ8482,CSN8482,China Southern Airlines,Guangzhou,CAN,ZGGG,08:35,00:35,08:42,7min late,13:37,17min early,4h 54m,Landed
2026-01-07,5J280,CEB280,CEBU Pacific Air,Manila,MNL,RPLL,08:35,00:35,08:39,4min late,12:35,14min early,3h 56m,Landed
2026-01-07,IW1854,WON1854,Wings Air,Lombok,LOP,WADL,08:45,00:45,08:50,5min late,09:38,3min late,47m,Landed
2026-01-07,IW1882,WON1882,Wings Air,Sumbawa Besar,SWQ,WADS,08:55,00:55,09:03,8min late,09:44,15min early,40m,Landed
2026-01-07,JT927,,Lion Air,Surakarta,SOC,WAHQ,08:55,00:55,,,,,1h 20m,
2026-01-07,SJ740,,Sriwijaya Air,Waingapu,WGP,WADW,09:10,01:10,09:10,,10:30,,1h 20m,Landed
2026-01-07,IN640,LKN640,Nam Air,Tambolaka,TMC,WADT,09:10,01:10,09:33,23min late,10:24,14min late,51m,Landed
2026-01-07,8B5105,TNU5105,Business Air,Jakarta,CGK,WIII,09:15,01:15,09:23,8min late,09:50,9min early,1h 27m,Landed
2026-01-07,IW1848,WON1848,Wings Air,Lombok,LOP,WADL,09:25,01:25,10:43,18min late,11:13,58min late,30m,Landed
2026-01-07,QZ504,AWQ504,Indonesia AirAsia,Singapore,SIN,WSSS,09:25,01:25,09:27,2min late,11:45,19min early,2h 18m,Landed
2026-01-07,ID6007,BTK6007,Batik Air,Perth,PER,YPPH,09:30,01:30,09:31,1min late,12:48,26min early,3h 17m,Landed
2026-01-07,QG500,CTV500,Citilink,Dili,DIL,WPDL,09:30,01:30,09:23,6min early,12:13,6min early,1h 49m,Landed
2026-01-07,JT31,,Lion Air,Jakarta,CGK,WIII,09:35,01:35,,,,,1h 55m,
2026-01-07,QG663,CTV663,Citilink,Jakarta,CGK,WIII,09:35,01:35,09:37,2min late,10:22,7min early,1h 45m,Landed
2026-01-07,QZ803,AWQ803,Indonesia AirAsia,Jakarta,CGK,WIII,09:40,01:40,09:58,18min late,10:25,4min early,1h 27m,Landed
2026-01-07,8B80,TNU080,Business Air,Perth,PER,YPPH,09:40,01:40,09:49,9min late,13:07,17min early,3h 18m,Landed
2026-01-07,QR965,QTR965,Qatar Airways,Doha,DOH,OTHH,09:45,01:45,09:58,13min late,14:16,8min early,9h 17m,Landed
2026-01-07,JT3569,LNI3569,Lion Air,Yogyakarta,YIA,WAHI,10:00,02:00,10:22,22min late,10:30,on time,1h 7m,Landed
2026-01-07,JT270,LNI270,Lion Air,Kupang,KOE,WATT,10:00,02:00,11:17,17min late,12:47,57min late,1h 30m,Landed
2026-01-07,SU297,AFL297,Aeroflot,Moscow,SVO,UUEE,10:05,02:05,10:58,53min late,18:34,39min late,12h 35m,Landed
2026-01-07,JQ126,JST126,Jetstar Airways,Adelaide,ADL,YPAD,10:15,02:15,10:03,12min early,17:19,25min early,4h 46m,Landed
2026-01-07,8B5101,TNU5101,TransNusa,Jakarta,CGK,WIII,10:30,02:30,13:19,49min late,13:46,31min late,1h 27m,Landed
2026-01-07,SQ935,SIA935,Singapore Airlines,Singapore,SIN,WSSS,10:30,02:30,10:42,12min late,12:57,13min early,2h 15m,Landed
2026-01-07,JT33,LNI033,Lion Air,Jakarta,CGK,WIII,10:35,02:35,12:01,26min late,12:27,57min late,1h 26m,Landed
2026-01-07,JT805,LNI805,Lion Air,Surabaya,SUB,WARR,10:35,02:35,11:28,53min late,11:02,27min late,33m,Landed
2026-01-07,8G182,DTL182,Mid Africa Aviation,Dili,DIL,WPDL,10:35,02:35,11:01,26min late,13:40,10min late,1h 38m,Landed
2026-01-07,QZ815,AWQ815,Indonesia AirAsia,Jakarta,CGK,WIII,10:35,02:35,11:11,36min late,09:40,49min early,,Landed
2026-01-07,QG197,CTV197,Citilink,Jakarta,HLP,WIHH,11:10,03:10,11:07,3min early,11:50,9min early,1h 43m,Landed
2026-01-07,IW1856,WON1856,Wings Air,Lombok,LOP,WADL,11:10,03:10,11:56,46min late,12:29,29min late,32m,Landed
2026-01-07,TR281,TGW281,Scoot,Singapore,SIN,WSSS,11:10,03:10,11:21,11min late,13:43,7min early,2h 22m,Landed
2026-01-07,JQ40,JST040,Jetstar Airways,Sydney,SYD,YSSY,11:15,03:15,11:22,7min late,20:06,8min early,5h 44m,Landed
2026-01-07,JQ32,JST032,Jetstar Airways,Melbourne,MEL,YMML,11:30,03:30,11:47,17min late,20:08,1min early,5h 21m,Landed
2026-01-07,6E1606,IGO1606,IndiGo,Bangalore,BLR,VOBL,11:30,03:30,11:22,8min early,15:13,21min early,6h 21m,Landed
2026-01-07,OD172,MXD172,Malindo Air,Kuala Lumpur,KUL,WMKK,11:35,03:35,12:03,28min late,14:43,1min early,2h 39m,Landed
2026-01-07,OD309,MXD309,Malindo Air,Kuala Lumpur,KUL,WMKK,11:35,03:35,11:55,20min late,14:30,14min early,2h 35m,Landed
2026-01-07,QZ646,AWQ646,Indonesia AirAsia,Labuan Bajo,LBJ,WATO,11:40,03:40,12:45,5min late,13:37,42min late,51m,Landed
2026-01-07,IW1902,WON1902,Wings Air,Jember,JBB,WARE,11:40,03:40,11:46,6min late,11:13,46min early,27m,Landed
2026-01-07,IW1964,WON1964,Wings Air,Lombok,LOP,WADL,11:40,03:40,12:14,34min late,11:08,21min early,,Landed
2026-01-07,ID6331,BTK6331,Batik Air,Labuan Bajo,LBJ,WATO,11:45,03:45,12:55,10min late,15:00,0min late,2h 4m,Landed
2026-01-07,JQ109,JST109,Jetstar Airways,Perth,PER,YPPH,11:45,03:45,12:03,18min late,15:29,5min early,3h 26m,Landed
2026-01-07,GA407,GIA407,Garuda Indonesia,Jakarta,CGK,WIII,11:55,03:55,14:31,36min late,15:03,8min late,1h 31m,Landed
2026-01-07,FD397,AIQ397,Thai AirAsia,Bangkok,DMK,VTBD,12:00,04:00,12:23,23min late,15:26,6min late,4h 3m,Landed
2026-01-07,SQ937,SIA937,Singapore Airlines,Singapore,SIN,WSSS,12:05,04:05,12:41,36min late,15:10,15min late,2h 28m,Landed
2026-01-07,GA253,GIA253,Garuda Indonesia,Yogyakarta,YIA,WAHI,12:05,04:05,12:33,28min late,12:48,6min early,1h 14m,Landed
2026-01-07,QZ618,AWQ618,Indonesia AirAsia,Banjarmasin,BDJ,WAOO,12:05,04:05,12:18,13min late,13:21,18min early,1h 3m,Landed
2026-01-07,OD192,MXD192,Malindo Air,Kuala Lumpur,KUL,WMKK,12:10,04:10,12:30,20min late,14:54,25min early,2h 23m,Landed
2026-01-07,SJ742,SJY742,Sriwijaya Air,Tambolaka,TMC,WADT,12:10,04:10,13:17,7min late,14:04,54min late,47m,Landed
2026-01-07,OD178,MXD178,Malindo Air,Kuala Lumpur,KUL,WMKK,12:15,04:15,12:46,31min late,14:58,26min early,2h 12m,Landed
2026-01-07,QZ805,AWQ805,Indonesia AirAsia,Jakarta,CGK,WIII,12:40,04:40,13:27,47min late,13:58,23min late,1h 30m,Landed
2026-01-07,OD158,MXD158,Malindo Air,Kuala Lumpur,KUL,WMKK,12:45,04:45,13:03,18min late,20:32,37min late,7h 29m,Landed
2026-01-07,IP103,PAS103,Pelita Air Service,Jakarta,CGK,WIII,12:45,04:45,12:53,8min late,13:16,18min early,1h 22m,Landed
2026-01-07,JT740,LNI740,Lion Air,Makassar,UPG,WAAA,12:55,04:55,13:24,29min late,17:49,29min late,4h 25m,Landed
2026-01-07,SQ939,SIA939,Singapore Airlines,Singapore,SIN,WSSS,13:00,05:00,13:14,14min late,15:39,10min early,2h 25m,Landed
2026-01-07,AK365,AXM365,AirAsia,Kuala Lumpur,KUL,WMKK,13:05,05:05,13:35,30min late,18:50,40min late,5h 14m,Landed
2026-01-07,MH714,MAS714,Malaysia Airlines,Kuala Lumpur,KUL,WMKK,13:10,05:10,14:02,52min late,16:35,30min late,2h 32m,Landed
2026-01-07,VJ900,VJC900,VietJet Air,Hanoi,HAN,VVNB,13:10,05:10,13:10,on time,16:53,26min early,4h 43m,Landed
2026-01-07,JT35,LNI035,Lion Air,Jakarta,CGK,WIII,13:15,05:15,15:48,33min late,16:18,8min late,1h 30m,Landed
2026-01-07,GA409,GIA409,Garuda Indonesia,Jakarta,CGK,WIII,13:25,05:25,15:40,15min late,16:06,41min late,1h 25m,Landed
2026-01-07,JQ58,JST058,Jetstar Airways,Brisbane,BNE,YBBN,13:30,05:30,13:52,22min late,21:08,16min early,5h 15m,Landed
2026-01-07,JT660,LNI660,Lion Air,Balikpapan,BPN,WALL,13:30,05:30,14:12,42min late,18:27,12min late,4h 15m,Landed
2026-01-07,JT919,LNI919,Lion Air,Surabaya,SUB,WARR,13:55,05:55,15:08,13min late,14:45,50min late,37m,Landed
2026-01-07,QG342,CTV342,Citilink,Makassar,UPG,WAAA,13:55,05:55,14:21,26min late,15:55,35min late,1h 34m,Landed
2026-01-07,6E1612,IGO1612,IndiGo,Bhubaneswar,BBI,VEBS,14:00,06:00,14:36,36min late,18:20,40min late,6h 14m,Landed
2026-01-07,QG687,CTV687,Citilink,Jakarta,CGK,WIII,14:00,06:00,14:26,26min late,15:03,8min late,1h 36m,Landed
2026-01-07,8B82,TNU082,Business Air,Perth,PER,YPPH,14:00,06:00,14:40,40min late,18:06,26min late,3h 26m,Landed
2026-01-07,QZ544,AWQ544,Indonesia AirAsia,Perth,PER,YPPH,14:00,06:00,17:12,12min late,20:28,38min late,3h 15m,Landed
2026-01-07,JT25,,Lion Air,Jakarta,CGK,WIII,14:00,06:00,,,,,1h 55m,
2026-01-07,VJ894,VJC894,VietJet Air,Ho Chi Minh City,SGN,VVTS,14:05,06:05,12:55,9min early,16:57,7min early,5h 1m,Landed
2026-01-07,JT569,LNI569,Lion Air,Yogyakarta,YIA,WAHI,14:15,06:15,14:42,27min late,14:49,4min late,1h 6m,Landed
2026-01-07,ID7308,BTK7308,Batik Air,Jakarta,HLP,WIHH,14:20,06:20,15:43,23min late,16:07,57min late,1h 23m,Landed
2026-01-07,QZ506,AWQ506,Indonesia AirAsia,Singapore,SIN,WSSS,14:25,06:25,13:40,44min early,17:34,14min late,3h 54m,Landed
2026-01-07,BX602,ABL602,Air Busan,Busan,PUS,RKPK,00:05,16:05,00:16,11min late,07:41,48min early,6h 25m,Landed
2026-01-07,QZ548,AWQ548,Indonesia AirAsia,Perth,PER,YPPH,00:15,16:15,00:13,1min early,03:35,19min early,3h 22m,Landed
2026-01-07,TW158,TWB158,T'Way Air,Cheongju,CJJ,RKTU,00:15,16:15,00:33,18min late,08:04,5min early,6h 30m,Landed
2026-01-07,8B84,TNU084,Business Air,Perth,PER,YPPH,00:20,16:20,00:51,31min late,04:07,2min late,3h 16m,Landed
2026-01-07,EK399,UAE399,Emirates,Dubai,DXB,OMDB,00:25,16:25,00:36,11min late,05:35,10min early,8h 58m,Landed
2026-01-07,MF892,CXA892,Xiamen Airlines,Xiamen,XMN,ZSAM,00:30,16:30,00:53,23min late,06:08,3min late,5h 15m,Landed
2026-01-07,QR961,QTR961,Qatar Airways,Doha,DOH,OTHH,00:30,16:30,00:39,9min late,05:06,3min early,9h 27m,Landed
2026-01-07,CZ626,CSN626,China Southern Airlines,Guangzhou,CAN,ZGGG,00:40,16:40,00:41,1min late,05:33,16min early,4h 51m,Landed
2026-01-07,GA880,GIA880,Garuda Indonesia,Tokyo,NRT,RJAA,00:50,16:50,02:19,29min late,09:40,50min late,6h 21m,Landed
2026-01-07,MU5030,CES5030,China Eastern Airlines,Shanghai,PVG,ZSPD,00:55,16:55,01:03,8min late,07:27,17min late,6h 24m,Landed
2026-01-07,5J282,CEB282,CEBU Pacific Air,Manila,MNL,RPLL,01:00,17:00,01:30,30min late,05:35,20min late,4h 5m,Landed
2026-01-07,QZ548,AWQ548,Indonesia AirAsia,Perth,PER,YPPH,01:00,17:00,01:14,14min late,04:25,14min early,3h 11m,Landed
2026-01-07,SJ726,,Sriwijaya Air,Makassar,UPG,WAAA,01:00,17:00,01:00,,02:20,,1h 20m,Landed
2026-01-07,PR538,PAL538,Philippine Airlines,Manila,MNL,RPLL,01:10,17:10,01:19,9min late,05:06,3min early,3h 47m,Landed
2026-01-07,KE434,KAL434,Korean Air Lines,Seoul,ICN,RKSI,01:20,17:20,01:08,12min early,08:47,32min early,6h 39m,Landed
2026-01-07,8B5888,,Business Air,Manado,MDC,WAMM,01:30,17:30,,,,,2h 45m,
2026-01-07,GA401,GIA401,Garuda Indonesia,Jakarta,CGK,WIII,07:00,23:00,07:05,5min late,07:39,20min early,1h 33m,Landed
2026-01-07,QZ534,AWQ534,Indonesia AirAsia,Perth,PER,YPPH,07:00,23:00,07:11,11min late,10:45,4min early,3h 34m,Landed
2026-01-07,QZ813,AWQ813,Indonesia AirAsia,Jakarta,CGK,WIII,07:00,23:00,07:37,37min late,08:00,10min late,1h 23m,Landed
2026-01-07,JT929,LNI929,Lion Air,Surabaya,SUB,WARR,07:00,23:00,07:22,22min late,06:58,2min early,36m,Landed
2026-01-07,JT746,LNI746,Lion Air,Makassar,UPG,WAAA,07:00,23:00,07:39,39min late,08:40,15min late,1h 0m,Landed
2026-01-07,JQ82,JST082,Jetstar Airways,Darwin,DRW,YPDN,07:05,23:05,07:30,25min late,11:23,8min late,2h 23m,Landed
2026-01-07,QG690,CTV690,Citilink,Surabaya,SUB,WARR,07:05,23:05,07:27,22min late,07:06,3min early,39m,Landed
2026-01-07,QZ644,AWQ644,Indonesia AirAsia,Labuan Bajo,LBJ,WATO,07:10,23:10,07:34,24min late,08:26,1min late,52m,Landed
2026-01-07,QZ550,AWQ550,Indonesia AirAsia,Kuala Lumpur,KUL,WMKK,07:15,23:15,07:18,3min late,10:01,8min early,2h 43m,Landed
2026-01-07,SQ949,SIA949,Singapore Airlines,Singapore,SIN,WSSS,07:20,23:20,07:41,21min late,10:01,1min late,2h 19m,Landed
2026-01-07,8B551,TNU551,Business Air,Singapore,SIN,WSSS,07:30,23:30,07:46,16min late,10:10,15min late,2h 24m,Landed
2026-01-07,ID6333,BTK6333,Batik Air,Labuan Bajo,LBJ,WATO,07:55,23:55,08:10,15min late,09:07,2min early,56m,Landed
2026-01-07,IW1832,WON1832,Wings Air,Tambolaka,TMC,WADT,08:05,00:05,08:23,18min late,11:08,33min late,2h 45m,Landed
2026-01-07,QG9691,CTV9691,Citilink,Surabaya,SUB,WARR,08:05,00:05,08:08,3min late,07:07,2min early,,Landed
2026-01-07,JT21,LNI021,Lion Air,Jakarta,CGK,WIII,08:05,00:05,08:28,23min late,08:55,4min early,1h 26m,Landed
2026-01-07,HX706,CRK706,Hong Kong Airlines,Hong Kong,HKG,VHHH,08:15,00:15,08:25,10min late,13:15,on time,4h 50m,Landed
2026-01-07,GA710,GIA710,Garuda Indonesia,Melbourne,MEL,YMML,08:20,00:20,11:41,21min late,20:00,0min late,5h 19m,Landed
2026-01-07,CZ8482,CSN8482,China Southern Airlines,Guangzhou,CAN,ZGGG,08:35,00:35,08:42,7min late,13:37,17min early,4h 54m,Landed
2026-01-07,5J280,CEB280,CEBU Pacific Air,Manila,MNL,RPLL,08:35,00:35,08:39,4min late,12:35,14min early,3h 56m,Landed
2026-01-07,IW1854,WON1854,Wings Air,Lombok,LOP,WADL,08:45,00:45,08:50,5min late,09:38,3min late,47m,Landed
2026-01-07,IW1882,WON1882,Wings Air,Sumbawa Besar,SWQ,WADS,08:55,00:55,09:03,8min late,09:44,15min early,40m,Landed
2026-01-07,JT927,,Lion Air,Surakarta,SOC,WAHQ,08:55,00:55,,,,,1h 20m,
2026-01-07,SJ740,,Sriwijaya Air,Waingapu,WGP,WADW,09:10,01:10,09:10,,10:30,,1h 20m,Landed
2026-01-07,IN640,LKN640,Nam Air,Tambolaka,TMC,WADT,09:10,01:10,09:33,23min late,10:24,14min late,51m,Landed
2026-01-07,8B5105,TNU5105,Business Air,Jakarta,CGK,WIII,09:15,01:15,09:23,8min late,09:50,9min early,1h 27m,Landed
2026-01-07,IW1848,WON1848,Wings Air,Lombok,LOP,WADL,09:25,01:25,10:43,18min late,11:13,58min late,30m,Landed
2026-01-07,QZ504,AWQ504,Indonesia AirAsia,Singapore,SIN,WSSS,09:25,01:25,09:27,2min late,11:45,19min early,2h 18m,Landed
2026-01-07,ID6007,BTK6007,Batik Air,Perth,PER,YPPH,09:30,01:30,09:31,1min late,12:48,26min early,3h 17m,Landed
2026-01-07,QG500,CTV500,Citilink,Dili,DIL,WPDL,09:30,01:30,09:23,6min early,12:13,6min early,1h 49m,Landed
2026-01-07,JT31,,Lion Air,Jakarta,CGK,WIII,09:35,01:35,,,,,1h 55m,
2026-01-07,QG663,CTV663,Citilink,Jakarta,CGK,WIII,09:35,01:35,09:37,2min late,10:22,7min early,1h 45m,Landed
2026-01-07,QZ803,AWQ803,Indonesia AirAsia,Jakarta,CGK,WIII,09:40,01:40,09:58,18min late,10:25,4min early,1h 27m,Landed
2026-01-07,8B80,TNU080,Business Air,Perth,PER,YPPH,09:40,01:40,09:49,9min late,13:07,17min early,3h 18m,Landed
2026-01-07,QR965,QTR965,Qatar Airways,Doha,DOH,OTHH,09:45,01:45,09:58,13min late,14:16,8min early,9h 17m,Landed
2026-01-07,JT3569,LNI3569,Lion Air,Yogyakarta,YIA,WAHI,10:00,02:00,10:22,22min late,10:30,on time,1h 7m,Landed
2026-01-07,JT270,LNI270,Lion Air,Kupang,KOE,WATT,10:00,02:00,11:17,17min late,12:47,57min late,1h 30m,Landed
2026-01-07,SU297,AFL297,Aeroflot,Moscow,SVO,UUEE,10:05,02:05,10:58,53min late,18:34,39min late,12h 35m,Landed
2026-01-07,JQ126,JST126,Jetstar Airways,Adelaide,ADL,YPAD,10:15,02:15,10:03,12min early,17:19,25min early,4h 46m,Landed
2026-01-07,8B5101,TNU5101,TransNusa,Jakarta,CGK,WIII,10:30,02:30,13:19,49min late,13:46,31min late,1h 27m,Landed
2026-01-07,SQ935,SIA935,Singapore Airlines,Singapore,SIN,WSSS,10:30,02:30,10:42,12min late,12:57,13min early,2h 15m,Landed
2026-01-07,JT33,LNI033,Lion Air,Jakarta,CGK,WIII,10:35,02:35,12:01,26min late,12:27,57min late,1h 26m,Landed
2026-01-07,JT805,LNI805,Lion Air,Surabaya,SUB,WARR,10:35,02:35,11:28,53min late,11:02,27min late,33m,Landed
2026-01-07,8G182,DTL182,Mid Africa Aviation,Dili,DIL,WPDL,10:35,02:35,11:01,26min late,13:40,10min late,1h 38m,Landed
2026-01-07,QZ815,AWQ815,Indonesia AirAsia,Jakarta,CGK,WIII,10:35,02:35,11:11,36min late,09:40,49min early,,Landed
2026-01-07,QG197,CTV197,Citilink,Jakarta,HLP,WIHH,11:10,03:10,11:07,3min early,11:50,9min early,1h 43m,Landed
2026-01-07,IW1856,WON1856,Wings Air,Lombok,LOP,WADL,11:10,03:10,11:56,46min late,12:29,29min late,32m,Landed
2026-01-07,TR281,TGW281,Scoot,Singapore,SIN,WSSS,11:10,03:10,11:21,11min late,13:43,7min early,2h 22m,Landed
2026-01-07,JQ40,JST040,Jetstar Airways,Sydney,SYD,YSSY,11:15,03:15,11:22,7min late,20:06,8min early,5h 44m,Landed
2026-01-07,JQ32,JST032,Jetstar Airways,Melbourne,MEL,YMML,11:30,03:30,11:47,17min late,20:08,1min early,5h 21m,Landed
2026-01-07,6E1606,IGO1606,IndiGo,Bangalore,BLR,VOBL,11:30,03:30,11:22,8min early,15:13,21min early,6h 21m,Landed
2026-01-07,OD172,MXD172,Malindo Air,Kuala Lumpur,KUL,WMKK,11:35,03:35,12:03,28min late,14:43,1min early,2h 39m,Landed
2026-01-07,OD309,MXD309,Malindo Air,Kuala Lumpur,KUL,WMKK,11:35,03:35,11:55,20min late,14:30,14min early,2h 35m,Landed
2026-01-07,QZ646,AWQ646,Indonesia AirAsia,Labuan Bajo,LBJ,WATO,11:40,03:40,12:45,5min late,13:37,42min late,51m,Landed
2026-01-07,IW1902,WON1902,Wings Air,Jember,JBB,WARE,11:40,03:40,11:46,6min late,11:13,46min early,27m,Landed
2026-01-07,IW1964,WON1964,Wings Air,Lombok,LOP,WADL,11:40,03:40,12:14,34min late,11:08,21min early,,Landed
2026-01-07,ID6331,BTK6331,Batik Air,Labuan Bajo,LBJ,WATO,11:45,03:45,12:55,10min late,15:00,0min late,2h 4m,Landed
2026-01-07,JQ109,JST109,Jetstar Airways,Perth,PER,YPPH,11:45,03:45,12:03,18min late,15:29,5min early,3h 26m,Landed
2026-01-07,GA407,GIA407,Garuda Indonesia,Jakarta,CGK,WIII,11:55,03:55,14:31,36min late,15:03,8min late,1h 31m,Landed
2026-01-07,FD397,AIQ397,Thai AirAsia,Bangkok,DMK,VTBD,12:00,04:00,12:23,23min late,15:26,6min late,4h 3m,Landed
2026-01-07,SQ937,SIA937,Singapore Airlines,Singapore,SIN,WSSS,12:05,04:05,12:41,36min late,15:10,15min late,2h 28m,Landed
2026-01-07,GA253,GIA253,Garuda Indonesia,Yogyakarta,YIA,WAHI,12:05,04:05,12:33,28min late,12:48,6min early,1h 14m,Landed
2026-01-07,QZ618,AWQ618,Indonesia AirAsia,Banjarmasin,BDJ,WAOO,12:05,04:05,12:18,13min late,13:21,18min early,1h 3m,Landed
2026-01-07,OD192,MXD192,Malindo Air,Kuala Lumpur,KUL,WMKK,12:10,04:10,12:30,20min late,14:54,25min early,2h 23m,Landed
2026-01-07,SJ742,SJY742,Sriwijaya Air,Tambolaka,TMC,WADT,12:10,04:10,13:17,7min late,14:04,54min late,47m,Landed
2026-01-07,OD178,MXD178,Malindo Air,Kuala Lumpur,KUL,WMKK,12:15,04:15,12:46,31min late,14:58,26min early,2h 12m,Landed
2026-01-07,QZ805,AWQ805,Indonesia AirAsia,Jakarta,CGK,WIII,12:40,04:40,13:27,47min late,13:58,23min late,1h 30m,Landed
2026-01-07,OD158,MXD158,Malindo Air,Kuala Lumpur,KUL,WMKK,12:45,04:45,13:03,18min late,20:32,37min late,7h 29m,Landed
2026-01-07,IP103,PAS103,Pelita Air Service,Jakarta,CGK,WIII,12:45,04:45,12:53,8min late,13:16,18min early,1h 22m,Landed
2026-01-07,JT740,LNI740,Lion Air,Makassar,UPG,WAAA,12:55,04:55,13:24,29min late,17:49,29min late,4h 25m,Landed
2026-01-07,SQ939,SIA939,Singapore Airlines,Singapore,SIN,WSSS,13:00,05:00,13:14,14min late,15:39,10min early,2h 25m,Landed
2026-01-07,AK365,AXM365,AirAsia,Kuala Lumpur,KUL,WMKK,13:05,05:05,13:35,30min late,18:50,40min late,5h 14m,Landed
2026-01-07,MH714,MAS714,Malaysia Airlines,Kuala Lumpur,KUL,WMKK,13:10,05:10,14:02,52min late,16:35,30min late,2h 32m,Landed
2026-01-07,VJ900,VJC900,VietJet Air,Hanoi,HAN,VVNB,13:10,05:10,13:10,on time,16:53,26min early,4h 43m,Landed
2026-01-07,JT35,LNI035,Lion Air,Jakarta,CGK,WIII,13:15,05:15,15:48,33min late,16:18,8min late,1h 30m,Landed
2026-01-07,GA409,GIA409,Garuda Indonesia,Jakarta,CGK,WIII,13:25,05:25,15:40,15min late,16:06,41min late,1h 25m,Landed
2026-01-07,JQ58,JST058,Jetstar Airways,Brisbane,BNE,YBBN,13:30,05:30,13:52,22min late,21:08,16min early,5h 15m,Landed
2026-01-07,JT660,LNI660,Lion Air,Balikpapan,BPN,WALL,13:30,05:30,14:12,42min late,18:27,12min late,4h 15m,Landed
2026-01-07,JT919,LNI919,Lion Air,Surabaya,SUB,WARR,13:55,05:55,15:08,13min late,14:45,50min late,37m,Landed
2026-01-07,QG342,CTV342,Citilink,Makassar,UPG,WAAA,13:55,05:55,14:21,26min late,15:55,35min late,1h 34m,Landed
2026-01-07,6E1612,IGO1612,IndiGo,Bhubaneswar,BBI,VEBS,14:00,06:00,14:36,36min late,18:20,40min late,6h 14m,Landed
2026-01-07,QG687,CTV687,Citilink,Jakarta,CGK,WIII,14:00,06:00,14:26,26min late,15:03,8min late,1h 36m,Landed
2026-01-07,8B82,TNU082,Business Air,Perth,PER,YPPH,14:00,06:00,14:40,40min late,18:06,26min late,3h 26m,Landed
2026-01-07,QZ544,AWQ544,Indonesia AirAsia,Perth,PER,YPPH,14:00,06:00,17:12,12min late,20:28,38min late,3h 15m,Landed
2026-01-07,JT25,,Lion Air,Jakarta,CGK,WIII,14:00,06:00,,,,,1h 55m,
2026-01-07,VJ894,VJC894,VietJet Air,Ho Chi Minh City,SGN,VVTS,14:05,06:05,12:55,9min early,16:57,7min early,5h 1m,Landed
2026-01-07,JT569,LNI569,Lion Air,Yogyakarta,YIA,WAHI,14:15,06:15,14:42,27min late,14:49,4min late,1h 6m,Landed
2026-01-07,ID7308,BTK7308,Batik Air,Jakarta,HLP,WIHH,14:20,06:20,15:43,23min late,16:07,57min late,1h 23m,Landed
2026-01-07,QZ506,AWQ506,Indonesia AirAsia,Singapore,SIN,WSSS,14:25,06:25,13:40,44min early,17:34,14min late,3h 54m,Landed
2026-01-07,TR289,TGW289,Scoot,Singapore,SIN,WSSS,14:35,06:35,14:56,21min late,17:25,5min early,2h 29m,Landed
2026-01-07,JT273,,Lion Air,Semarang,SRG,WIIS,14:40,06:40,14:12,27min early,17:27,27min late,4h 15m,Landed
2026-01-07,JT23,,Lion Air,Jakarta,CGK,WIII,14:45,06:45,,,,,1h 55m,
2026-01-07,JQ43,JST043,Jetstar Airways,Singapore,SIN,WSSS,14:50,06:50,15:57,7min late,18:29,34min late,2h 32m,Landed
2026-01-07,OD307,MXD307,Malindo Air,Kuala Lumpur,KUL,WMKK,14:50,06:50,15:34,44min late,18:13,18min late,2h 38m,Landed
2026-01-07,JT924,LNI924,Lion Air,Kupang,KOE,WATT,14:55,06:55,15:11,16min late,16:38,6min early,1h 27m,Landed
2026-01-07,JQ44,JST044,Jetstar Airways,Melbourne,MEL,YMML,14:55,06:55,15:02,7min late,23:33,1min early,5h 31m,Landed
2026-01-07,JT844,LNI844,Lion Air,Banjarmasin,BDJ,WAOO,15:00,07:00,15:41,41min late,16:42,12min late,1h 0m,Landed
2026-01-07,VA48,VOZ048,Virgin Australia,Brisbane,BNE,YBBN,15:00,07:00,15:15,15min late,22:55,on time,5h 40m,Landed
2026-01-07,QZ246,AWQ246,Indonesia AirAsia,Phuket,HKT,VTSP,15:05,07:05,16:49,44min late,19:14,34min late,3h 25m,Landed
2026-01-07,AI2148,AIC2148,Air India,Delhi,DEL,VIDP,15:10,07:10,15:03,7min early,20:06,1min late,7h 33m,Landed
2026-01-07,QG681,CTV681,Citilink,Jakarta,CGK,WIII,15:10,07:10,15:04,6min early,15:59,5min early,1h 55m,Landed
2026-01-07,ID6509,BTK6509,Batik Air,Jakarta,CGK,WIII,15:15,07:15,15:52,37min late,16:21,11min late,1h 28m,Landed
2026-01-07,GA842,GIA842,Garuda Indonesia,Singapore,SIN,WSSS,15:15,07:15,15:55,40min late,18:26,26min late,2h 31m,Landed
2026-01-07,AK377,AXM377,AirAsia,Kuala Lumpur,KUL,WMKK,15:25,07:25,16:13,48min late,19:01,36min late,2h 48m,Landed
2026-01-07,VJ898,VJC898,VietJet Air,Ho Chi Minh City,SGN,VVTS,15:35,07:35,16:58,23min late,19:21,56min late,3h 23m,Landed
2026-01-07,QG669,CTV669,Citilink,Surabaya,SUB,WARR,15:40,07:40,15:33,7min early,15:37,7min early,1h 4m,Landed
2026-01-07,SJ717,SJY717,Sriwijaya Air,Makassar,UPG,WAAA,15:40,07:40,17:27,47min late,18:27,27min late,1h 0m,Landed
2026-01-07,GA411,GIA411,Garuda Indonesia,Jakarta,CGK,WIII,15:40,07:40,18:08,28min late,18:40,55min late,1h 31m,Landed
2026-01-07,IW1850,WON1850,Wings Air,Lombok,LOP,WADL,15:40,07:40,07:25,45min late,16:36,6min late,,Landed
2026-01-07,CI772,CAL772,China Airlines,Taipei,TPE,RCTP,15:45,07:45,15:59,14min late,21:04,on time,5h 4m,Landed
2026-01-07,QZ536,AWQ536,Indonesia AirAsia,Perth,PER,YPPH,16:00,08:00,16:56,56min late,20:11,26min late,3h 15m,Landed
2026-01-07,IP109,PAS109,Pelita Air Service,Jakarta,CGK,WIII,16:00,08:00,16:12,12min late,16:40,9min early,1h 28m,Landed
2026-01-07,QG661,CTV661,Citilink,Jakarta,CGK,WIII,16:05,08:05,16:10,5min late,17:04,4min late,1h 54m,Landed
2026-01-07,VN640,HVN640,Vietnam Airlines,Ho Chi Minh City,SGN,VVTS,16:05,08:05,16:28,23min late,18:46,8min early,3h 18m,Landed
2026-01-07,IU703,SJV703,SW Italia,Surabaya,SUB,WARR,16:10,08:10,17:00,50min late,16:40,30min late,40m,Landed
2026-01-07,QZ807,AWQ807,Indonesia AirAsia,Jakarta,CGK,WIII,16:10,08:10,16:41,31min late,17:05,4min early,1h 24m,Landed
2026-01-07,TG432,THA432,Thai Airways International,Bangkok,BKK,VTBS,16:10,08:10,16:05,5min early,18:49,35min early,3h 44m,Landed
2026-01-07,CX784,CPA784,Cathay Pacific,Hong Kong,HKG,VHHH,16:20,08:20,16:10,10min early,21:10,14min early,5h 0m,Landed
2026-01-07,MH850,MAS850,Malaysia Airlines,Kuala Lumpur,KUL,WMKK,16:25,08:25,16:34,9min late,19:39,4min late,3h 5m,Landed
2026-01-07,IW1852,WON1852,Wings Air,Lombok,LOP,WADL,16:30,08:30,18:14,44min late,18:45,25min late,31m,Landed
2026-01-07,IU743,SJV743,SW Italia,Jakarta,CGK,WIII,16:35,08:35,18:00,25min late,18:27,57min late,1h 27m,Landed
2026-01-07,JT744,LNI744,Lion Air,Makassar,UPG,WAAA,16:40,08:40,17:38,58min late,18:41,36min late,1h 2m,Landed
2026-01-07,BR256,EVA256,EVA Airways,Taipei,TPE,RCTP,16:40,08:40,16:44,4min late,22:17,32min late,5h 33m,Landed
2026-01-07,GA349,GIA349,Garuda Indonesia,Surabaya,SUB,WARR,16:55,08:55,17:18,23min late,17:05,4min early,47m,Landed
2026-01-07,IU273,SJV273,SW Italia,Pontianak,PNK,WIOO,17:00,09:00,17:55,55min late,18:30,25min late,1h 35m,Landed
2026-01-07,ID6335,BTK6335,Batik Air,Labuan Bajo,LBJ,WATO,17:00,09:00,17:22,22min late,18:17,2min late,54m,Landed
2026-01-07,VJ998,VJC998,VietJet Air,Hanoi,HAN,VVNB,17:25,09:25,17:42,17min late,21:16,18min early,4h 34m,Landed
2026-01-07,GA419,GIA419,Garuda Indonesia,Jakarta,CGK,WIII,17:25,09:25,18:42,17min late,19:08,43min late,1h 26m,Landed
2026-01-07,HO1356,DKH1356,Juneyao Airlines,Shanghai,PVG,ZSPD,17:25,09:25,17:34,9min late,23:26,23min early,5h 52m,Landed
2026-01-07,TR211,TGW211,Scoot,Singapore,SIN,WSSS,17:35,09:35,19:34,59min late,21:58,13min late,2h 24m,Landed
2026-01-07,IP107,PAS107,Pelita Air Service,Jakarta,CGK,WIII,17:40,09:40,18:04,24min late,18:30,on time,1h 26m,Landed
2026-01-07,IU759,SJV759,SW Italia,Jakarta,CGK,WIII,17:40,09:40,19:21,41min late,19:54,19min late,1h 32m,Landed
2026-01-07,AK368,AXM368,AirAsia,Kuala Lumpur,KUL,WMKK,17:45,09:45,17:39,6min early,20:25,24min early,2h 46m,Landed
2026-01-07,OD193,MXD193,Malindo Air,Perth,PER,YPPH,18:10,10:10,21:12,2min late,00:30,45min late,3h 18m,Landed
2026-01-07,GA417,GIA417,Garuda Indonesia,Jakarta,CGK,WIII,18:30,10:30,20:18,48min late,20:48,18min late,1h 30m,Landed
2026-01-07,IN281,LKN281,Nam Air,Jakarta,CGK,WIII,18:30,10:30,19:02,32min late,19:32,22min late,1h 30m,Landed
2026-01-07,JT567,,Lion Air,Yogyakarta,YIA,WAHI,18:30,10:30,,,,,1h 30m,
2026-01-07,IP111,PAS111,Pelita Air Service,Jakarta,CGK,WIII,18:35,10:35,18:55,20min late,19:25,on time,1h 30m,Landed
2026-01-07,CX782,CPA782,Cathay Pacific,Hong Kong,HKG,VHHH,18:40,10:40,18:51,11min late,23:32,12min early,4h 41m,Landed
2026-01-07,SL259,TLM259,Thai Lion Air,Bangkok,DMK,VTBD,18:40,10:40,20:11,31min late,23:10,10min late,3h 59m,Landed
2026-01-07,JT925,LNI925,Lion Air,Surakarta,SOC,WAHQ,18:40,10:40,19:10,30min late,19:10,10min late,1h 0m,Landed
2026-01-07,ID6415,BTK6415,Batik Air,Surabaya,SUB,WARR,18:45,10:45,18:58,13min late,18:36,8min early,37m,Landed
2026-01-07,EY477,ETD477,Etihad Airways,Abu Dhabi,AUH,OMAA,18:45,10:45,18:51,6min late,23:37,7min early,8h 46m,Landed
2026-01-07,6E1608,IGO1608,IndiGo,Chennai,MAA,VOMM,18:50,10:50,19:40,50min late,23:09,39min late,5h 59m,Landed
2026-01-07,NZ291,ANZ291,Air New Zealand,Auckland,AKL,NZAA,18:50,10:50,19:42,52min late,08:44,49min late,8h 2m,Landed
2026-01-07,QZ809,AWQ809,Indonesia AirAsia,Jakarta,CGK,WIII,18:50,10:50,19:40,50min late,20:00,10min late,1h 20m,Landed
2026-01-07,QR963,QTR963,Qatar Airways,Doha,DOH,OTHH,18:50,10:50,19:43,53min late,00:05,35min late,9h 21m,Landed
2026-01-07,TG440,THA440,Thai Airways International,Bangkok,BKK,VTBS,19:00,11:00,19:32,32min late,22:29,14min late,3h 57m,Landed
2026-01-07,8B5107,TNU5107,Business Air,Jakarta,CGK,WIII,19:13,11:13,19:15,2min late,19:40,on time,1h 25m,Landed
2026-01-07,AK379,AXM379,AirAsia,Kuala Lumpur,KUL,WMKK,19:15,11:15,22:03,48min late,00:57,37min late,2h 54m,Landed
2026-01-07,MH852,MAS852,Malaysia Airlines,Kuala Lumpur,KUL,WMKK,19:15,11:15,19:31,16min late,22:35,20min late,3h 4m,Landed
2026-01-07,JT3027,,Lion Air,Jakarta,CGK,WIII,19:15,11:15,,,,,1h 55m,
2026-01-07,QG699,CTV699,Citilink,Surabaya,SUB,WARR,19:25,11:25,19:34,9min late,19:52,22min late,1h 18m,Landed
2026-01-07,ID7310,BTK7310,Batik Air,Jakarta,HLP,WIHH,19:25,11:25,21:11,46min late,21:33,18min late,1h 21m,Landed
2026-01-07,QG689,CTV689,Citilink,Jakarta,CGK,WIII,19:30,11:30,19:50,20min late,20:46,21min late,1h 56m,Landed
2026-01-07,GA4212,GIA4212,Garuda Indonesia,Jakarta,CGK,WIII,19:30,11:30,20:31,1min late,20:55,25min late,1h 23m,Landed
2026-01-07,GA463,GIA463,Garuda Indonesia,Jakarta,HLP,WIHH,19:30,11:30,21:25,55min late,21:46,21min late,1h 20m,Landed
2026-01-07,JT11,,Lion Air,Jakarta,CGK,WIII,19:35,11:35,,,,,1h 55m,
2026-01-07,JT923,LNI923,Lion Air,Surabaya,SUB,WARR,19:45,11:45,20:34,49min late,20:09,24min late,35m,Landed
2026-01-07,8B969,TNU969,Business Air,Guangzhou,CAN,ZGGG,19:45,11:45,17:48,56min early,16:21,16min late,22h 32m,Landed
2026-01-07,JT271,LNI271,Lion Air,Semarang,SRG,WIIS,19:50,11:50,20:27,37min late,20:23,13min late,56m,Landed
2026-01-07,EK369,UAE369,Emirates,Dubai,DXB,OMDB,19:50,11:50,20:19,29min late,01:07,2min early,8h 48m,Landed
2026-01-07,TR283,TGW283,Scoot,Singapore,SIN,WSSS,20:05,12:05,20:23,18min late,22:30,10min early,2h 7m,Landed
2026-01-07,QG195,CTV195,Citilink,Jakarta,HLP,WIHH,20:10,12:10,20:15,5min late,21:16,16min late,2h 1m,Landed
2026-01-07,SQ945,SIA945,Singapore Airlines,Singapore,SIN,WSSS,20:15,12:15,19:10,4min early,23:21,26min late,4h 11m,Landed
2026-01-07,JQ34,JST034,Jetstar Airways,Melbourne,MEL,YMML,20:20,12:20,22:16,56min late,06:43,48min late,5h 27m,Landed
2026-01-07,GA718,GIA718,Garuda Indonesia,Melbourne,MEL,YMML,20:20,12:20,20:49,29min late,05:07,7min late,5h 18m,Landed
2026-01-07,ID6517,BTK6517,Batik Air,Jakarta,CGK,WIII,20:30,12:30,21:42,12min late,22:11,46min late,1h 29m,Landed
2026-01-07,ID6413,BTK6413,Batik Air,Surabaya,SUB,WARR,20:30,12:30,22:37,7min late,22:15,45min late,38m,Landed
2026-01-07,QG9697,CTV9697,Citilink,Surabaya,SUB,WARR,20:40,12:40,20:53,13min late,20:32,12min early,39m,Landed
2026-01-07,GA415,GIA415,Garuda Indonesia,Jakarta,CGK,WIII,20:45,12:45,23:00,15min late,23:29,44min late,1h 28m,Landed
2026-01-07,JQ107,JST107,Jetstar Airways,Perth,PER,YPPH,20:45,12:45,20:44,on time,00:13,6min early,3h 29m,Landed
2026-01-07,IP105,,Pelita Air Service,Jakarta,CGK,WIII,20:50,12:50,21:19,29min late,21:40,,1h 50m,Landed
2026-01-07,OD177,MXD177,Malindo Air,Melbourne,MEL,YMML,20:55,12:55,21:25,30min late,05:40,on time,5h 15m,Landed
2026-01-07,OD157,MXD157,Malindo Air,Brisbane,BNE,YBBN,21:00,13:00,21:30,30min late,05:05,9min early,5h 34m,Landed
2026-01-07,OD171,MXD171,Malindo Air,Sydney,SYD,YSSY,21:10,13:10,22:07,57min late,06:51,36min late,5h 44m,Landed
2026-01-07,TK67,THY067,Turkish Airlines,Istanbul,IST,LTFM,21:10,13:10,21:15,5min late,05:32,7min early,13h 16m,Landed
2026-01-07,QZ819,AWQ819,Indonesia AirAsia,Jakarta,CGK,WIII,21:15,13:15,22:07,52min late,22:27,22min late,1h 20m,Landed
2026-01-07,QF44,QFA044,Qantas,Sydney,SYD,YSSY,21:20,13:20,21:16,4min early,06:07,8min early,5h 51m,Landed
2026-01-07,ID6760,BTK6760,Batik Air,Makassar,UPG,WAAA,21:30,13:30,21:46,16min late,22:45,9min early,59m,Landed
2026-01-07,GA425,GIA425,Garuda Indonesia,Jakarta,CGK,WIII,21:30,13:30,22:13,43min late,22:36,1min late,1h 23m,Landed
2026-01-07,QG9667,CTV9667,Citilink,Jakarta,CGK,WIII,21:34,13:34,21:24,10min early,22:09,2min late,1h 44m,Landed
2026-01-07,SJ273,SJY273,Sriwijaya Air,Jakarta,CGK,WIII,21:35,13:35,23:11,36min late,23:45,30min late,1h 34m,Landed
2026-01-07,SQ947,SIA947,Singapore Airlines,Singapore,SIN,WSSS,21:40,13:40,21:56,16min late,00:13,7min early,2h 17m,Landed
2026-01-07,KL836,KLM836,KLM Royal Dutch Airlines,Singapore,SIN,WSSS,21:40,13:40,21:48,8min late,00:10,on time,2h 22m,Landed
2026-01-07,JQ117,JST117,Jetstar Airways,Perth,PER,YPPH,21:45,13:45,22:38,53min late,02:00,45min late,3h 22m,Landed
2026-01-07,QZ546,AWQ546,Indonesia AirAsia,Perth,PER,YPPH,21:55,13:55,22:16,21min late,01:34,on time,3h 18m,Landed
2026-01-07,AK375,AXM375,AirAsia,Kuala Lumpur,KUL,WMKK,21:55,13:55,23:23,28min late,01:41,41min late,2h 17m,Landed
2026-01-07,VA94,VOZ094,Virgin Australia,Melbourne,MEL,YMML,22:00,14:00,22:00,on time,06:33,6min early,5h 33m,Landed
2026-01-07,QF46,QFA046,Qantas,Melbourne,MEL,YMML,22:05,14:05,23:56,51min late,08:25,35min late,5h 29m,Landed
2026-01-07,SV857,SVA857,Saudi Arabian Airlines,Singapore,SIN,WSSS,22:05,14:05,22:08,3min late,00:40,4min early,2h 32m,Landed
2026-01-07,QZ811,AWQ811,Indonesia AirAsia,Jakarta,CGK,WIII,22:15,14:15,22:52,37min late,23:15,10min late,1h 22m,Landed
2026-01-07,JQ89,JST089,Jetstar Airways,Newcastle,NTL,YWLM,22:20,14:20,23:31,11min late,08:09,54min late,5h 37m,Landed
2026-01-07,JQ38,JST038,Jetstar Airways,Sydney,SYD,YSSY,22:20,14:20,22:19,on time,07:25,on time,6h 6m,Landed
2026-01-07,VA66,VOZ066,Virgin Australia,Sydney,SYD,YSSY,22:30,14:30,22:28,2min early,07:29,10min early,6h 1m,Landed
2026-01-07,JT15,LNI015,Lion Air,Jakarta,CGK,WIII,22:35,14:35,00:36,1min late,01:03,33min late,1h 27m,Landed
2026-01-07,JQ128,JST128,Jetstar Airways,Adelaide,ADL,YPAD,22:50,14:50,01:03,13min late,08:20,5min late,4h 47m,Landed
2026-01-07,7C2712,JJA2712,Jeju Air,Seoul,ICN,RKSI,23:05,15:05,23:01,4min early,07:09,on time,7h 8m,Landed
2026-01-07,8B5109,TNU5109,TransNusa,Jakarta,CGK,WIII,23:10,15:10,22:15,54min early,22:43,6min early,1h 27m,Landed
2026-01-07,JQ91,JST091,Jetstar Airways,Cairns,CNS,YBCS,23:10,15:10,23:19,9min late,06:02,17min late,4h 43m,Landed
2026-01-07,3U3986,CSC3986,Sichuan Airlines,Lujia Town,TFU,ZUTF,23:10,15:10,23:18,8min late,05:40,29min early,6h 22m,Landed
2026-01-07,VA82,VOZ082,Virgin Australia,Gold Coast,OOL,YBCG,23:20,15:20,23:20,on time,07:02,7min early,5h 42m,Landed
2026-01-07,GA714,GIA714,Garuda Indonesia,Sydney,SYD,YSSY,23:35,15:35,23:49,14min late,08:51,16min late,6h 1m,Landed
2026-01-07,JQ42,JST042,Jetstar Airways,Melbourne,MEL,YMML,23:40,15:40,00:24,44min late,08:45,15min late,5h 20m,Landed
2026-01-07,QZ420,AWQ420,Indonesia AirAsia,Adelaide,ADL,YPAD,23:45,15:45,00:27,42min late,07:36,11min late,4h 39m,Landed
2026-01-07,KE432,KAL432,Korean Air Lines,Seoul,ICN,RKSI,23:50,15:50,23:52,2min late,07:46,1min late,6h 54m,Landed
2026-01-07,JQ94,JST094,Jetstar Airways,Gold Coast,OOL,YBCG,23:55,15:55,23:56,on time,07:29,4min late,5h 33m,Landed
2026-01-08,BX602,ABL602,Air Busan,Busan,PUS,RKPK,00:05,16:05,00:16,11min late,07:41,48min early,6h 25m,Landed
2026-01-08,TW158,TWB158,T'Way Air,Cheongju,CJJ,RKTU,00:15,16:15,01:02,47min late,08:35,25min late,6h 32m,Landed
2026-01-08,8B84,TNU084,Business Air,Perth,PER,YPPH,00:20,16:20,00:51,31min late,04:07,2min late,3h 16m,Landed
2026-01-08,EK399,UAE399,Emirates,Dubai,DXB,OMDB,00:25,16:25,00:29,4min late,05:35,9min early,9h 5m,Landed
2026-01-08,QR961,QTR961,Qatar Airways,Doha,DOH,OTHH,00:30,16:30,02:27,57min late,06:33,23min late,9h 6m,Landed
2026-01-08,MF892,CXA892,Xiamen Airlines,Xiamen,XMN,ZSAM,00:30,16:30,00:13,17min early,05:42,22min early,5h 29m,Landed
2026-01-08,CZ626,CSN626,China Southern Airlines,Guangzhou,CAN,ZGGG,00:40,16:40,00:48,8min late,05:41,8min early,4h 53m,Landed
2026-01-08,GA880,GIA880,Garuda Indonesia,Tokyo,NRT,RJAA,00:50,16:50,01:23,33min late,08:45,4min early,6h 21m,Landed
2026-01-08,GA870,GIA870,Garuda Indonesia,Seoul,ICN,RKSI,00:50,16:50,00:56,6min late,08:45,4min early,6h 49m,Landed
2026-01-08,MU5030,CES5030,China Eastern Airlines,Shanghai,PVG,ZSPD,00:55,16:55,01:00,5min late,07:26,16min late,6h 26m,Landed
2026-01-08,QZ548,AWQ548,Indonesia AirAsia,Perth,PER,YPPH,01:00,17:00,18:20,39min early,04:41,1min late,10h 21m,Landed
2026-01-08,5J282,CEB282,CEBU Pacific Air,Manila,MNL,RPLL,01:00,17:00,01:30,30min late,05:35,20min late,4h 5m,Landed
2026-01-08,SJ726,,Sriwijaya Air,Makassar,UPG,WAAA,01:00,17:00,01:00,,02:20,,1h 20m,Landed
2026-01-08,PR538,PAL538,Philippine Airlines,Manila,MNL,RPLL,01:10,17:10,01:06,3min early,04:45,24min early,3h 38m,Landed
2026-01-08,KE434,KAL434,Korean Air Lines,Seoul,ICN,RKSI,01:20,17:20,01:17,3min early,09:02,17min early,6h 45m,Landed
2026-01-08,8B5888,TNU5888,Business Air,Manado,MDC,WAMM,01:30,17:30,01:57,27min late,04:11,3min early,2h 14m,Landed
2026-01-08,QZ534,AWQ534,Indonesia AirAsia,Perth,PER,YPPH,07:00,23:00,07:02,2min late,10:22,27min early,3h 20m,Landed
2026-01-08,GA401,GIA401,Garuda Indonesia,Jakarta,CGK,WIII,07:00,23:00,07:12,12min late,07:43,16min early,1h 30m,Landed
2026-01-08,JT929,LNI929,Lion Air,Surabaya,SUB,WARR,07:00,23:00,07:07,7min late,06:43,17min early,35m,Landed
2026-01-08,JT746,LNI746,Lion Air,Makassar,UPG,WAAA,07:00,23:00,07:25,25min late,11:06,41min late,3h 40m,Landed
2026-01-08,QZ813,AWQ813,Indonesia AirAsia,Jakarta,CGK,WIII,07:00,23:00,07:17,17min late,07:48,1min early,1h 31m,Landed
2026-01-08,QG690,CTV690,Citilink,Surabaya,SUB,WARR,07:05,23:05,07:20,15min late,06:59,10min early,39m,Landed
2026-01-08,QZ550,AWQ550,Indonesia AirAsia,Kuala Lumpur,KUL,WMKK,07:15,23:15,07:02,12min early,13:28,18min late,6h 26m,Landed
2026-01-08,SQ949,SIA949,Singapore Airlines,Singapore,SIN,WSSS,07:20,23:20,07:37,17min late,09:57,2min early,2h 19m,Landed
2026-01-08,8B551,TNU551,Business Air,Singapore,SIN,WSSS,07:30,23:30,08:17,47min late,10:32,37min late,2h 15m,Landed
2026-01-08,ID6333,BTK6333,Batik Air,Labuan Bajo,LBJ,WATO,07:55,23:55,12:06,11min late,13:10,0min late,1h 3m,Landed
2026-01-08,IW1832,WON1832,Wings Air,Tambolaka,TMC,WADT,08:05,00:05,10:09,4min late,11:15,40min late,1h 6m,Landed
2026-01-08,JT21,LNI021,Lion Air,Jakarta,CGK,WIII,08:05,00:05,11:54,49min late,12:22,22min late,1h 28m,Landed
2026-01-08,QG9691,CTV9691,Citilink,Surabaya,SUB,WARR,08:05,00:05,11:41,36min late,11:54,44min late,1h 13m,Landed
2026-01-08,HX706,CRK706,Hong Kong Airlines,Hong Kong,HKG,VHHH,08:15,00:15,09:43,28min late,14:24,9min late,4h 41m,Landed
2026-01-08,CZ8482,CSN8482,China Southern Airlines,Guangzhou,CAN,ZGGG,08:35,00:35,12:27,52min late,17:22,17min late,4h 55m,Landed
2026-01-08,5J280,CEB280,CEBU Pacific Air,Manila,MNL,RPLL,08:35,00:35,14:04,29min late,18:08,18min late,4h 3m,Landed
2026-01-08,IW1854,WON1854,Wings Air,Lombok,LOP,WADL,08:45,00:45,10:49,4min late,11:20,45min late,30m,Landed
2026-01-08,IW1882,WON1882,Wings Air,Sumbawa Besar,SWQ,WADS,08:55,00:55,11:40,45min late,12:24,24min late,43m,Landed
2026-01-08,IN640,LKN640,NAM Air,Tambolaka,TMC,WADT,09:10,01:10,09:58,48min late,10:45,35min late,46m,Landed
2026-01-08,8B5105,TNU5105,TransNusa,Jakarta,CGK,WIII,09:15,01:15,14:39,24min late,00:21,21min late,10h 42m,Landed
2026-01-08,IW1848,WON1848,Wings Air,Lombok,LOP,WADL,09:25,01:25,11:26,1min late,11:55,40min late,28m,Landed
2026-01-08,QZ504,AWQ504,Indonesia AirAsia,Singapore,SIN,WSSS,09:25,01:25,09:54,29min late,12:39,34min late,2h 45m,Landed
2026-01-08,ID6007,BTK6007,Batik Air,Perth,PER,YPPH,09:30,01:30,10:23,53min late,13:39,24min late,3h 16m,Landed
2026-01-08,QG500,CTV500,Citilink,Dili,DIL,WPDL,09:30,01:30,12:40,10min late,15:35,15min late,1h 54m,Landed
2026-01-08,JT31,LNI031,Lion Air,Jakarta,CGK,WIII,09:35,01:35,14:32,57min late,15:11,41min late,1h 38m,Landed
2026-01-08,QG663,CTV663,Citilink,Jakarta,CGK,WIII,09:35,01:35,10:44,9min late,11:37,7min late,1h 53m,Landed
2026-01-08,QZ803,AWQ803,Indonesia AirAsia,Jakarta,CGK,WIII,09:40,01:40,11:26,46min late,11:57,27min late,1h 30m,Landed
2026-01-08,8B80,TNU080,Business Air,Perth,PER,YPPH,09:40,01:40,12:57,17min late,16:22,57min late,3h 24m,Landed
2026-01-08,QR965,QTR965,Qatar Airways,Doha,DOH,OTHH,09:45,01:45,14:17,32min late,23:27,2min late,14h 10m,Landed
2026-01-08,AI2146,AIC2146,Air India,Delhi,DEL,VIDP,10:00,02:00,,,,,7h 30m,
2026-01-08,JT270,LNI270,Lion Air,Kupang,KOE,WATT,10:00,02:00,10:30,30min late,11:57,7min late,1h 26m,Landed
2026-01-08,JT3569,LNI3569,Lion Air,Yogyakarta,YIA,WAHI,10:00,02:00,10:35,35min late,10:43,13min late,1h 8m,Landed
2026-01-08,JQ111,JST111,Jetstar Airways,Perth,PER,YPPH,10:20,02:20,11:01,41min late,14:30,20min late,3h 29m,Landed
2026-01-08,8B5101,TNU5101,Business Air,Jakarta,CGK,WIII,10:30,02:30,12:29,59min late,12:55,40min late,1h 26m,Landed
2026-01-08,SQ935,SIA935,Singapore Airlines,Singapore,SIN,WSSS,10:30,02:30,11:00,30min late,13:22,12min late,2h 22m,Landed
2026-01-08,JT805,LNI805,Lion Air,Surabaya,SUB,WARR,10:35,02:35,11:19,44min late,10:55,20min late,36m,Landed
2026-01-08,JT33,LNI033,Lion Air,Jakarta,CGK,WIII,10:35,02:35,13:08,33min late,13:38,8min late,1h 29m,Landed
2026-01-08,8G182,DTL182,Mid Africa Aviation,Dili,DIL,WPDL,10:35,02:35,11:02,27min late,13:46,16min late,1h 43m,Landed
2026-01-08,JT927,,Lion Air,Surakarta,SOC,WAHQ,10:40,02:40,,,,,1h 20m,
2026-01-08,QG197,CTV197,Citilink,Jakarta,HLP,WIHH,11:10,03:10,11:22,12min late,12:13,13min late,1h 51m,Landed
2026-01-08,TR281,TGW281,Scoot,Singapore,SIN,WSSS,11:10,03:10,11:36,26min late,13:51,1min late,2h 15m,Landed
2026-01-08,IW1856,WON1856,Wings Air,Lombok,LOP,WADL,11:10,03:10,07:08,58min late,14:41,41min late,,Landed
2026-01-08,JQ40,JST040,Jetstar Airways,Sydney,SYD,YSSY,11:15,03:15,13:43,28min late,22:13,58min late,5h 30m,Landed
2026-01-08,QZ780,AWQ780,Indonesia AirAsia,Balikpapan,BPN,WALL,11:20,03:20,12:13,53min late,13:35,30min late,1h 21m,Landed
2026-01-08,GA620,GIA620,Garuda Indonesia,Makassar,UPG,WAAA,11:20,03:20,11:48,28min late,13:03,13min late,1h 15m,Landed
2026-01-08,JQ32,JST032,Jetstar Airways,Melbourne,MEL,YMML,11:30,03:30,12:01,31min late,20:35,25min late,5h 34m,Landed
2026-01-08,6E1606,IGO1606,IndiGo,Bangalore,BLR,VOBL,11:30,03:30,11:52,22min late,15:37,2min late,6h 14m,Landed
2026-01-08,OD172,MXD172,Malindo Air,Kuala Lumpur,KUL,WMKK,11:35,03:35,13:01,26min late,15:39,54min late,2h 38m,Landed
2026-01-08,OD309,MXD309,Malindo Air,Kuala Lumpur,KUL,WMKK,11:35,03:35,12:14,39min late,14:59,14min late,2h 45m,Landed
2026-01-08,IW1964,WON1964,Wings Air,Lombok,LOP,WADL,11:40,03:40,14:40,0min late,15:13,43min late,32m,Landed
2026-01-08,QZ646,AWQ646,Indonesia AirAsia,Labuan Bajo,LBJ,WATO,11:40,03:40,12:10,30min late,14:00,5min late,1h 50m,Landed
2026-01-08,JQ109,JST109,Jetstar Airways,Perth,PER,YPPH,11:45,03:45,12:25,40min late,15:37,2min late,3h 11m,Landed
2026-01-08,IW1850,WON1850,Wings Air,Lombok,LOP,WADL,11:50,03:50,14:06,16min late,14:36,56min late,30m,Landed
2026-01-08,GA407,GIA407,Garuda Indonesia,Jakarta,CGK,WIII,11:55,03:55,12:35,40min late,13:12,17min late,1h 36m,Landed
2026-01-08,QZ540,AWQ540,Indonesia AirAsia,Darwin,DRW,YPDN,12:00,04:00,12:42,42min late,16:39,24min late,2h 27m,Landed
2026-01-08,FD397,AIQ397,Thai AirAsia,Bangkok,DMK,VTBD,12:00,04:00,12:50,50min late,15:49,29min late,3h 59m,Landed
2026-01-08,GA253,GIA253,Garuda Indonesia,Yogyakarta,YIA,WAHI,12:05,04:05,13:07,2min late,15:24,29min late,3h 17m,Landed
2026-01-08,SQ937,SIA937,Singapore Airlines,Singapore,SIN,WSSS,12:05,04:05,12:39,34min late,14:57,2min late,2h 17m,Landed
2026-01-08,OD192,MXD192,Malindo Air,Kuala Lumpur,KUL,WMKK,12:10,04:10,11:09,0min early,18:39,19min late,7h 29m,Landed
2026-01-08,OD178,MXD178,Malindo Air,Kuala Lumpur,KUL,WMKK,12:15,04:15,12:42,27min late,15:27,2min late,2h 45m,Landed
2026-01-08,IP103,PAS103,Pelita Air Service,Jakarta,CGK,WIII,12:45,04:45,13:13,28min late,13:48,13min late,1h 34m,Landed
2026-01-08,IN643,LKN643,NAM Air,Tambolaka,TMC,WADT,12:50,04:50,13:17,27min late,14:03,13min late,46m,Landed
2026-01-08,SQ939,SIA939,Singapore Airlines,Singapore,SIN,WSSS,13:00,05:00,13:37,37min late,15:48,1min early,2h 11m,Landed
2026-01-08,AK365,AXM365,AirAsia,Kuala Lumpur,KUL,WMKK,13:05,05:05,13:47,42min late,16:27,17min late,2h 40m,Landed
2026-01-08,VJ900,VJC900,VietJet Air,Hanoi,HAN,VVNB,13:10,05:10,13:30,20min late,17:06,13min early,4h 35m,Landed
2026-01-08,MH714,MAS714,Malaysia Airlines,Kuala Lumpur,KUL,WMKK,13:10,05:10,14:50,40min late,17:27,22min late,2h 37m,Landed
2026-01-08,JT35,,Lion Air,Jakarta,CGK,WIII,13:15,05:15,,,,,1h 55m,
2026-01-08,ID6331,BTK6331,Batik Air,Labuan Bajo,LBJ,WATO,13:20,05:20,13:20,on time,14:25,on time,1h 4m,Landed
2026-01-08,GA409,GIA409,Garuda Indonesia,Jakarta,CGK,WIII,13:25,05:25,14:13,48min late,17:31,6min late,4h 18m,Landed
2026-01-08,JT660,LNI660,Lion Air,Balikpapan,BPN,WALL,13:30,05:30,16:35,5min late,20:13,58min late,3h 38m,Landed
2026-01-08,JQ58,JST058,Jetstar Airways,Brisbane,BNE,YBBN,13:30,05:30,14:02,32min late,21:21,3min early,5h 19m,Landed
2026-01-08,SJ7420,SJY7420,Sriwijaya Air,Tambolaka,TMC,WADT,13:45,05:45,15:25,40min late,16:20,35min late,55m,Landed
2026-01-08,OD158,MXD158,Malindo Air,Kuala Lumpur,KUL,WMKK,13:50,05:50,14:27,37min late,17:11,11min late,2h 44m,Landed
2026-01-08,8B5107,TNU5107,Business Air,Jakarta,CGK,WIII,13:50,05:50,13:50,,18:54,19min late,6h 4m,Landed
2026-01-08,JT919,LNI919,Lion Air,Surabaya,SUB,WARR,13:55,05:55,14:57,2min late,14:35,40min late,38m,Landed
2026-01-08,JT25,,Lion Air,Jakarta,CGK,WIII,14:00,06:00,,,,,1h 55m,
2026-01-08,6E1612,IGO1612,IndiGo,Bhubaneswar,BBI,VEBS,14:00,06:00,14:23,23min late,17:29,10min early,5h 36m,Landed
2026-01-08,QG687,CTV687,Citilink,Jakarta,CGK,WIII,14:00,06:00,14:31,31min late,15:08,13min late,1h 37m,Landed
2026-01-08,QZ544,AWQ544,Indonesia AirAsia,Perth,PER,YPPH,14:00,06:00,14:35,35min late,18:01,11min late,3h 26m,Landed
2026-01-08,8B82,TNU082,Business Air,Perth,PER,YPPH,14:00,06:00,15:32,32min late,18:52,12min late,3h 20m,Landed
2026-01-08,VJ894,VJC894,VietJet Air,Ho Chi Minh City,SGN,VVTS,14:05,06:05,14:37,32min late,17:13,8min late,3h 36m,Landed
2026-01-08,JT569,LNI569,Lion Air,Yogyakarta,YIA,WAHI,14:15,06:15,14:46,31min late,17:15,30min late,3h 29m,Landed
2026-01-08,ID6517,BTK6517,Batik Air,Jakarta,CGK,WIII,14:15,06:15,15:34,19min late,16:03,53min late,1h 29m,Landed
2026-01-08,ID7308,BTK7308,Batik Air,Jakarta,HLP,WIHH,14:20,06:20,15:20,60min late,15:45,35min late,1h 25m,Landed
2026-01-08,QZ246,AWQ246,Indonesia AirAsia,Phuket,HKT,VTSP,14:25,06:25,16:08,43min late,18:38,23min late,3h 30m,Landed
2026-01-08,TR289,TGW289,Scoot,Singapore,SIN,WSSS,14:35,06:35,15:16,41min late,17:53,23min late,2h 37m,Landed
2026-01-08,JT740,LNI740,Lion Air,Makassar,UPG,WAAA,14:40,06:40,15:38,58min late,16:50,45min late,1h 12m,Landed
2026-01-08,JT273,,Lion Air,Semarang,SRG,WIIS,14:40,06:40,16:35,55min late,19:13,13min late,3h 38m,Landed
2026-01-08,JT23,,Lion Air,Jakarta,CGK,WIII,14:45,06:45,,,,,1h 55m,
2026-01-08,OD307,MXD307,Malindo Air,Kuala Lumpur,KUL,WMKK,14:50,06:50,15:42,52min late,18:22,27min late,2h 39m,Landed
2026-01-08,JQ43,JST043,Jetstar Airways,Singapore,SIN,WSSS,14:50,06:50,14:53,3min late,17:53,1min early,3h 0m,Landed
2026-01-08,JT924,LNI924,Lion Air,Kupang,KOE,WATT,14:55,06:55,16:00,5min late,17:27,42min late,1h 26m,Landed
2026-01-08,JQ44,JST044,Jetstar Airways,Melbourne,MEL,YMML,14:55,06:55,15:26,31min late,23:41,6min late,5h 15m,Landed
2026-01-08,JT844,LNI844,Lion Air,Banjarmasin,BDJ,WAOO,15:00,07:00,16:19,19min late,17:37,7min late,1h 18m,Landed
2026-01-08,VA48,VOZ048,Virgin Australia,Brisbane,BNE,YBBN,15:00,07:00,14:53,7min early,22:38,16min early,5h 45m,Landed
2026-01-08,QG681,CTV681,Citilink,Jakarta,CGK,WIII,15:10,07:10,18:06,56min late,18:43,38min late,1h 37m,Landed
2026-01-08,ID6509,BTK6509,Batik Air,Jakarta,CGK,WIII,15:15,07:15,18:00,45min late,18:31,21min late,1h 30m,Landed
2026-01-08,GA842,GIA842,Garuda Indonesia,Singapore,SIN,WSSS,15:15,07:15,15:47,32min late,18:22,22min late,2h 35m,Landed
2026-01-08,AK377,AXM377,AirAsia,Kuala Lumpur,KUL,WMKK,15:25,07:25,14:40,44min early,18:33,8min late,3h 53m,Landed
2026-01-08,VJ898,,VietJet Air,Ho Chi Minh City,SGN,VVTS,15:35,07:35,15:35,,18:21,3min early,3h 46m,Landed
2026-01-08,GA411,GIA411,Garuda Indonesia,Jakarta,CGK,WIII,15:40,07:40,17:21,41min late,17:59,14min late,1h 38m,Landed
2026-01-08,QG669,CTV669,Citilink,Surabaya,SUB,WARR,15:40,07:40,17:23,43min late,17:13,28min late,50m,Landed
2026-01-08,CI772,CAL772,China Airlines,Taipei,TPE,RCTP,15:45,07:45,15:30,15min early,20:51,14min early,5h 21m,Landed
2026-01-08,VA92,VOZ092,Virgin Australia,Melbourne,MEL,YMML,15:50,07:50,16:01,11min late,00:45,15min late,5h 44m,Landed
2026-01-08,IP109,PAS109,Pelita Air Service,Jakarta,CGK,WIII,16:00,08:00,16:07,7min late,16:39,10min early,1h 32m,Landed
2026-01-08,QZ536,AWQ536,Indonesia AirAsia,Perth,PER,YPPH,16:00,08:00,16:55,55min late,20:06,21min late,3h 11m,Landed
2026-01-08,QG661,CTV661,Citilink,Jakarta,CGK,WIII,16:05,08:05,16:10,5min late,17:04,4min late,1h 54m,Landed
2026-01-08,VN640,HVN640,Vietnam Airlines,Ho Chi Minh City,SGN,VVTS,16:05,08:05,16:15,10min late,18:40,14min early,3h 25m,Landed
2026-01-08,GA427,GIA427,Garuda Indonesia,Jakarta,CGK,WIII,16:10,08:10,16:38,28min late,17:09,4min late,1h 31m,Landed
2026-01-08,TG432,THA432,Thai Airways International,Bangkok,BKK,VTBS,16:10,08:10,16:03,7min early,18:55,29min early,3h 52m,Landed
2026-01-08,QZ807,AWQ807,Indonesia AirAsia,Jakarta,CGK,WIII,16:10,08:10,17:03,53min late,17:28,18min late,1h 25m,Landed
2026-01-08,IU703,SJV703,SW Italia,Surabaya,SUB,WARR,16:10,08:10,16:43,33min late,16:34,24min late,51m,Landed
2026-01-08,QZ556,AWQ556,Indonesia AirAsia,Kuala Lumpur,KUL,WMKK,16:15,08:15,17:28,13min late,20:09,59min late,2h 41m,Landed
2026-01-08,CX784,CPA784,Cathay Pacific,Hong Kong,HKG,VHHH,16:20,08:20,16:11,9min early,21:03,21min early,4h 52m,Landed
2026-01-08,MH850,MAS850,Malaysia Airlines,Kuala Lumpur,KUL,WMKK,16:25,08:25,16:40,15min late,19:35,on time,2h 55m,Landed
2026-01-08,IW1852,WON1852,Wings Air,Lombok,LOP,WADL,16:30,08:30,17:42,12min late,18:12,52min late,29m,Landed
2026-01-08,IU743,SJV743,SW Italia,Jakarta,CGK,WIII,16:35,08:35,17:21,46min late,18:03,33min late,1h 42m,Landed
2026-01-08,BR256,EVA256,EVA Airways,Taipei,TPE,RCTP,16:40,08:40,17:10,30min late,22:38,53min late,5h 28m,Landed
2026-01-08,JT744,LNI744,Lion Air,Makassar,UPG,WAAA,16:40,08:40,17:11,31min late,19:13,8min late,2h 2m,Landed
2026-01-08,GA349,GIA349,Garuda Indonesia,Surabaya,SUB,WARR,16:55,08:55,17:51,56min late,17:47,37min late,56m,Landed
2026-01-08,ID6335,BTK6335,Batik Air,Labuan Bajo,LBJ,WATO,17:00,09:00,17:38,38min late,18:33,18min late,54m,Landed
2026-01-08,SJ7161,SJY7161,Sriwijaya Air,Makassar,UPG,WAAA,17:15,09:15,19:26,11min late,18:35,,1h 20m,Landed
2026-01-08,GA419,GIA419,Garuda Indonesia,Jakarta,CGK,WIII,17:25,09:25,18:27,2min late,19:04,39min late,1h 37m,Landed
2026-01-08,VJ998,VJC998,VietJet Air,Hanoi,HAN,VVNB,17:25,09:25,17:35,10min late,21:34,on time,4h 59m,Landed
2026-01-08,HO1356,DKH1356,Juneyao Airlines,Shanghai,PVG,ZSPD,17:25,09:25,17:46,21min late,23:46,3min early,6h 0m,Landed
2026-01-08,TR211,TGW211,Scoot,Singapore,SIN,WSSS,17:35,09:35,19:02,27min late,21:21,36min late,2h 19m,Landed
2026-01-08,IP107,PAS107,Pelita Air Service,Jakarta,CGK,WIII,17:40,09:40,18:13,33min late,18:48,18min late,1h 35m,Landed
2026-01-08,IU759,SJV759,SW Italia,Jakarta,CGK,WIII,17:40,09:40,18:32,52min late,19:08,33min late,1h 36m,Landed
2026-01-08,QG9667,CTV9667,Citilink,Jakarta,CGK,WIII,17:54,09:54,17:42,12min early,18:34,3min late,1h 51m,Landed
2026-01-08,OD193,MXD193,Malindo Air,Perth,PER,YPPH,18:10,10:10,19:18,8min late,22:29,44min late,3h 11m,Landed
2026-01-08,IN283,,NAM Air,Jakarta,CGK,WIII,18:30,10:30,,,,,1h 40m,
2026-01-08,IN281,LKN281,Nam Air,Jakarta,CGK,WIII,18:30,10:30,19:13,43min late,19:50,40min late,1h 37m,Landed
2026-01-08,GA417,GIA417,Garuda Indonesia,Jakarta,CGK,WIII,18:30,10:30,18:59,29min late,19:32,2min late,1h 33m,Landed
2026-01-08,JT567,,Lion Air,Yogyakarta,YIA,WAHI,18:30,10:30,,,,,1h 30m,
2026-01-08,IP111,PAS111,Pelita Air Service,Jakarta,CGK,WIII,18:35,10:35,19:03,28min late,19:37,12min late,1h 34m,Landed
2026-01-08,JT925,LNI925,Lion Air,Surakarta,SOC,WAHQ,18:40,10:40,19:35,55min late,19:34,34min late,59m,Landed
2026-01-08,SL259,TLM259,Thai Lion Air,Bangkok,DMK,VTBD,18:40,10:40,19:18,38min late,22:13,13min late,3h 55m,Landed
2026-01-08,CX782,CPA782,Cathay Pacific,Hong Kong,HKG,VHHH,18:40,10:40,18:46,6min late,23:30,14min early,4h 44m,Landed
2026-01-08,ID6415,BTK6415,Batik Air,Surabaya,SUB,WARR,18:45,10:45,20:20,35min late,20:09,24min late,48m,Landed
2026-01-08,EY477,ETD477,Etihad Airways,Abu Dhabi,AUH,OMAA,18:45,10:45,18:51,6min late,23:34,10min early,8h 43m,Landed
2026-01-08,QZ809,AWQ809,Indonesia AirAsia,Jakarta,CGK,WIII,18:50,10:50,21:03,13min late,21:27,37min late,1h 23m,Landed
2026-01-08,6E1608,IGO1608,IndiGo,Chennai,MAA,VOMM,18:50,10:50,19:51,1min late,23:23,53min late,6h 1m,Landed
2026-01-08,QR963,QTR963,Qatar Airways,Doha,DOH,OTHH,18:50,10:50,19:21,31min late,00:02,32min late,9h 40m,Landed
2026-01-08,TG440,THA440,Thai Airways International,Bangkok,BKK,VTBS,19:00,11:00,19:28,28min late,22:28,13min late,4h 0m,Landed
2026-01-08,MH852,MAS852,Malaysia Airlines,Kuala Lumpur,KUL,WMKK,19:15,11:15,19:30,15min late,22:25,10min late,2h 55m,Landed
2026-01-08,AK379,AXM379,AirAsia,Kuala Lumpur,KUL,WMKK,19:15,11:15,19:25,10min late,22:20,on time,2h 55m,Landed
2026-01-08,JT3027,,Lion Air,Jakarta,CGK,WIII,19:15,11:15,,,,,1h 55m,
2026-01-08,ID7310,BTK7310,Batik Air,Jakarta,HLP,WIHH,19:25,11:25,19:39,14min late,20:09,5min early,1h 30m,Landed
2026-01-08,QG699,CTV699,Citilink,Surabaya,SUB,WARR,19:25,11:25,20:03,38min late,20:03,33min late,59m,Landed
2026-01-08,GA463,GIA463,Garuda Indonesia,Jakarta,HLP,WIHH,19:30,11:30,20:14,44min late,20:46,21min late,1h 32m,Landed
2026-01-08,QG689,CTV689,Citilink,Jakarta,CGK,WIII,19:30,11:30,19:40,10min late,20:38,13min late,1h 58m,Landed
2026-01-08,JT11,LNI011,Lion Air,Jakarta,CGK,WIII,19:35,11:35,20:32,57min late,21:03,33min late,1h 30m,Landed
2026-01-08,JT923,LNI923,Lion Air,Surabaya,SUB,WARR,19:45,11:45,07:07,22min late,06:40,55min late,33m,Landed
2026-01-08,8B969,TNU969,Business Air,Guangzhou,CAN,ZGGG,19:45,11:45,19:50,5min late,00:40,24min early,4h 50m,Landed
2026-01-08,EK369,UAE369,Emirates,Dubai,DXB,OMDB,19:50,11:50,19:52,2min late,01:08,1min early,9h 16m,Landed
2026-01-08,JT271,LNI271,Lion Air,Semarang,SRG,WIIS,19:50,11:50,20:43,53min late,21:12,2min late,1h 28m,Landed
2026-01-08,TR283,TGW283,Scoot,Singapore,SIN,WSSS,20:05,12:05,20:25,20min late,22:31,9min early,2h 6m,Landed
2026-01-08,QG195,CTV195,Citilink,Jakarta,HLP,WIHH,20:10,12:10,20:10,on time,20:59,on time,1h 49m,Landed
2026-01-08,SQ945,SIA945,Singapore Airlines,Singapore,SIN,WSSS,20:15,12:15,20:42,27min late,22:54,on time,2h 12m,Landed
2026-01-08,GA718,GIA718,Garuda Indonesia,Melbourne,MEL,YMML,20:20,12:20,20:37,17min late,05:07,7min late,5h 30m,Landed
2026-01-08,JQ34,JST034,Jetstar Airways,Melbourne,MEL,YMML,20:20,12:20,20:50,30min late,05:19,24min late,5h 29m,Landed
2026-01-08,ID6413,BTK6413,Batik Air,Surabaya,SUB,WARR,20:30,12:30,21:16,46min late,20:50,20min late,34m,Landed
2026-01-08,QG342,CTV342,Citilink,Makassar,UPG,WAAA,20:35,12:35,17:54,40min early,19:17,42min early,1h 22m,Landed
2026-01-08,QG9697,,Citilink,Surabaya,SUB,WARR,20:40,12:40,23:42,2min late,20:45,,1h 5m,Landed
2026-01-08,GA415,GIA415,Garuda Indonesia,Jakarta,CGK,WIII,20:45,12:45,23:10,25min late,23:41,56min late,1h 31m,Landed
2026-01-08,IP105,PAS105,Pelita Air Service,Jakarta,CGK,WIII,20:50,12:50,20:53,3min late,21:24,15min early,1h 31m,Landed
2026-01-08,OD177,MXD177,Malindo Air,Melbourne,MEL,YMML,20:55,12:55,21:26,31min late,05:47,7min late,5h 21m,Landed
2026-01-08,OD171,MXD171,Malindo Air,Sydney,SYD,YSSY,21:10,13:10,21:40,30min late,06:22,7min late,5h 42m,Landed
2026-01-08,TK67,THY067,Turkish Airlines,Istanbul,IST,LTFM,21:10,13:10,21:33,23min late,05:47,7min late,13h 13m,Landed
2026-01-08,QZ819,AWQ819,Indonesia AirAsia,Jakarta,CGK,WIII,21:15,13:15,22:16,1min late,22:43,38min late,1h 27m,Landed
2026-01-08,QF44,QFA044,Qantas,Sydney,SYD,YSSY,21:20,13:20,21:26,6min late,06:15,on time,5h 49m,Landed
2026-01-08,JQ60,JST060,Jetstar Airways,Brisbane,BNE,YBBN,21:30,13:30,21:39,9min late,05:19,on time,5h 40m,Landed
2026-01-08,GA425,GIA425,Garuda Indonesia,Jakarta,CGK,WIII,21:30,13:30,22:14,44min late,22:47,12min late,1h 33m,Landed
2026-01-08,ID6760,BTK6760,Batik Air,Makassar,UPG,WAAA,21:30,13:30,21:48,18min late,22:51,3min early,1h 2m,Landed
2026-01-08,SJ273,,Sriwijaya Air,Jakarta,CGK,WIII,21:35,13:35,23:30,55min late,22:15,,1h 40m,Landed
2026-01-08,KL836,KLM836,KLM Royal Dutch Airlines,Singapore,SIN,WSSS,21:40,13:40,21:52,12min late,00:08,1min early,2h 16m,Landed
2026-01-08,SQ947,SIA947,Singapore Airlines,Singapore,SIN,WSSS,21:40,13:40,21:55,15min late,00:28,8min late,2h 33m,Landed
2026-01-08,JQ117,JST117,Jetstar Airways,Perth,PER,YPPH,21:45,13:45,22:16,31min late,01:41,26min late,3h 25m,Landed
2026-01-08,QZ546,AWQ546,Indonesia AirAsia,Perth,PER,YPPH,21:55,13:55,22:07,12min late,01:23,11min early,3h 16m,Landed
2026-01-08,AK375,AXM375,AirAsia,Kuala Lumpur,KUL,WMKK,21:55,13:55,22:12,17min late,01:02,2min late,2h 50m,Landed
2026-01-08,VA94,VOZ094,Virgin Australia,Melbourne,MEL,YMML,22:00,14:00,21:54,6min early,06:34,5min early,5h 40m,Landed
2026-01-08,OD157,MXD157,Malindo Air,Brisbane,BNE,YBBN,22:10,14:10,23:26,16min late,06:54,54min late,5h 27m,Landed
2026-01-08,QZ811,AWQ811,Indonesia AirAsia,Jakarta,CGK,WIII,22:15,14:15,22:38,23min late,23:05,on time,1h 27m,Landed
2026-01-08,JQ38,JST038,Jetstar Airways,Sydney,SYD,YSSY,22:20,14:20,22:12,8min early,07:11,13min early,5h 59m,Landed
2026-01-08,VA66,VOZ066,Virgin Australia,Sydney,SYD,YSSY,22:30,14:30,22:35,5min late,07:35,4min early,6h 0m,Landed
2026-01-08,JT15,,Lion Air,Jakarta,CGK,WIII,22:35,14:35,,,,,1h 55m,
2026-01-08,JQ128,JST128,Jetstar Airways,Adelaide,ADL,YPAD,22:50,14:50,22:45,5min early,06:06,8min early,4h 51m,Landed
2026-01-08,7C2712,JJA2712,Jeju Air,Seoul,ICN,RKSI,23:05,15:05,22:56,9min early,07:05,4min early,7h 9m,Landed
2026-01-08,8B5109,,TransNusa,Jakarta,CGK,WIII,23:10,15:10,,,,,1h 40m,
2026-01-08,3U3986,CSC3986,Sichuan Airlines,Lujia Town,TFU,ZUTF,23:10,15:10,21:26,43min early,13:29,19min late,16h 2m,Landed
2026-01-08,VA82,VOZ082,Virgin Australia,Gold Coast,OOL,YBCG,23:20,15:20,23:32,12min late,07:15,5min late,5h 43m,Landed
2026-01-08,GA714,GIA714,Garuda Indonesia,Sydney,SYD,YSSY,23:35,15:35,23:47,12min late,08:29,5min early,5h 41m,Landed
2026-01-08,JQ42,JST042,Jetstar Airways,Melbourne,MEL,YMML,23:40,15:40,23:49,9min late,08:32,2min late,5h 43m,Landed
2026-01-08,KE432,KAL432,Korean Air Lines,Seoul,ICN,RKSI,23:50,15:50,23:51,on time,07:34,10min early,6h 43m,Landed
2026-01-09,BX602,ABL602,Air Busan,Busan,PUS,RKPK,00:05,16:05,00:35,30min late,08:04,25min early,6h 29m,Landed
2026-01-09,TW158,TWB158,T'Way Air,Cheongju,CJJ,RKTU,00:15,16:15,01:02,47min late,08:35,25min late,6h 32m,Landed
2026-01-09,JQ107,JST107,Jetstar Airways,Perth,PER,YPPH,00:15,16:15,00:12,3min early,03:42,6min late,3h 30m,Landed
2026-01-09,EK399,UAE399,Emirates,Dubai,DXB,OMDB,00:25,16:25,00:58,33min late,05:37,7min early,8h 39m,Landed
2026-01-09,QR961,QTR961,Qatar Airways,Doha,DOH,OTHH,00:30,16:30,01:24,54min late,05:29,19min late,9h 5m,Landed
2026-01-09,MF892,CXA892,Xiamen Airlines,Xiamen,XMN,ZSAM,00:30,16:30,00:34,4min late,06:19,14min late,5h 45m,Landed
2026-01-09,CZ626,CSN626,China Southern Airlines,Guangzhou,CAN,ZGGG,00:40,16:40,01:03,23min late,06:00,10min late,4h 57m,Landed
2026-01-09,GA880,GIA880,Garuda Indonesia,Tokyo,NRT,RJAA,00:50,16:50,01:05,15min late,08:38,11min early,6h 33m,Landed
2026-01-09,GA870,GIA870,Garuda Indonesia,Seoul,ICN,RKSI,00:50,16:50,00:51,1min late,08:33,16min early,6h 41m,Landed
2026-01-09,MU5030,CES5030,China Eastern Airlines,Shanghai,PVG,ZSPD,00:55,16:55,01:02,7min late,07:26,16min late,6h 24m,Landed
2026-01-09,QZ548,AWQ548,Indonesia AirAsia,Perth,PER,YPPH,01:00,17:00,18:20,39min early,04:41,1min late,10h 21m,Landed
2026-01-09,5J282,CEB282,CEBU Pacific Air,Manila,MNL,RPLL,01:00,17:00,01:43,43min late,05:45,30min late,4h 2m,Landed
2026-01-09,PR538,PAL538,Philippine Airlines,Manila,MNL,RPLL,01:10,17:10,01:06,3min early,04:45,24min early,3h 38m,Landed
2026-01-09,KE434,KAL434,Korean Air Lines,Seoul,ICN,RKSI,01:20,17:20,01:17,3min early,09:02,17min early,6h 45m,Landed
2026-01-09,8B5888,TNU5888,Business Air,Manado,MDC,WAMM,01:30,17:30,01:57,27min late,04:11,3min early,2h 14m,Landed
2026-01-09,QZ534,AWQ534,Indonesia AirAsia,Perth,PER,YPPH,07:00,23:00,07:02,2min late,10:22,27min early,3h 20m,Landed
2026-01-09,GA401,GIA401,Garuda Indonesia,Jakarta,CGK,WIII,07:00,23:00,07:09,9min late,07:45,14min early,1h 36m,Landed
2026-01-09,JT746,LNI746,Lion Air,Makassar,UPG,WAAA,07:00,23:00,07:25,25min late,11:06,41min late,3h 40m,Landed
2026-01-09,QZ813,AWQ813,Indonesia AirAsia,Jakarta,CGK,WIII,07:00,23:00,07:17,17min late,07:48,1min early,1h 31m,Landed
2026-01-09,JT929,LNI929,Lion Air,Surabaya,SUB,WARR,07:00,23:00,07:07,7min late,06:43,17min early,35m,Landed
2026-01-09,QG690,CTV690,Citilink,Surabaya,SUB,WARR,07:05,23:05,07:13,8min late,06:49,20min early,35m,Landed
2026-01-09,JQ82,JST082,Jetstar Airways,Darwin,DRW,YPDN,07:05,23:05,07:05,on time,10:57,17min early,2h 21m,Landed
2026-01-09,QZ644,AWQ644,Indonesia AirAsia,Labuan Bajo,LBJ,WATO,07:10,23:10,07:36,26min late,08:28,3min late,52m,Landed
2026-01-09,QZ550,AWQ550,Indonesia AirAsia,Kuala Lumpur,KUL,WMKK,07:15,23:15,07:21,6min late,13:55,45min late,6h 34m,Landed
2026-01-09,SQ949,SIA949,Singapore Airlines,Singapore,SIN,WSSS,07:20,23:20,07:23,3min late,09:38,22min early,2h 14m,Landed
2026-01-09,8B551,TNU551,Business Air,Singapore,SIN,WSSS,07:30,23:30,07:37,7min late,09:54,on time,2h 16m,Landed
2026-01-09,ID6333,BTK6333,Batik Air,Labuan Bajo,LBJ,WATO,07:55,23:55,07:55,on time,08:48,21min early,52m,Landed
2026-01-09,JT21,LNI021,Lion Air,Jakarta,CGK,WIII,08:05,00:05,08:11,6min late,08:41,18min early,1h 29m,Landed
2026-01-09,QG9691,,Citilink,Surabaya,SUB,WARR,08:05,00:05,,,,,1h 5m,
2026-01-09,IW1858,,Wings Air,Lombok,LOP,WADL,08:05,00:05,08:10,5min late,08:55,,50m,Landed
2026-01-09,HX706,CRK706,Hong Kong Airlines,Hong Kong,HKG,VHHH,08:15,00:15,07:14,0min early,13:25,10min late,6h 11m,Landed
2026-01-09,GA710,GIA710,Garuda Indonesia,Melbourne,MEL,YMML,08:20,00:20,08:34,14min late,16:46,13min early,5h 12m,Landed
2026-01-09,CZ8482,CSN8482,China Southern Airlines,Guangzhou,CAN,ZGGG,08:35,00:35,13:10,35min late,13:19,21min early,9m,Landed
2026-01-09,5J280,CEB280,CEBU Pacific Air,Manila,MNL,RPLL,08:35,00:35,08:59,24min late,12:56,6min late,3h 57m,Landed
2026-01-09,IW1882,WON1882,Wings Air,Sumbawa Besar,SWQ,WADS,08:55,00:55,09:57,2min late,10:41,41min late,44m,Landed
2026-01-09,IW3330,,Wings Air,,,,09:00,01:00,09:00,,11:25,19min early,2h 25m,Landed
2026-01-09,IN640,LKN640,NAM Air,Tambolaka,TMC,WADT,09:10,01:10,09:20,10min late,10:09,on time,49m,Landed
2026-01-09,SJ740,,Sriwijaya Air,Waingapu,WGP,WADW,09:10,01:10,09:10,,10:30,,1h 20m,Landed
2026-01-09,8B5105,TNU5105,Business Air,Jakarta,CGK,WIII,09:15,01:15,10:39,24min late,11:06,6min late,1h 26m,Landed
2026-01-09,QZ504,AWQ504,Indonesia AirAsia,Singapore,SIN,WSSS,09:25,01:25,09:27,2min late,11:41,23min early,2h 14m,Landed
2026-01-09,IW1848,WON1848,Wings Air,Lombok,LOP,WADL,09:25,01:25,10:26,1min late,10:54,39min late,28m,Landed
2026-01-09,ID6007,BTK6007,Batik Air,Perth,PER,YPPH,09:30,01:30,09:32,2min late,12:46,28min early,3h 13m,Landed
2026-01-09,QG500,CTV500,Citilink,Dili,DIL,WPDL,09:30,01:30,09:22,7min early,12:17,2min early,1h 55m,Landed
2026-01-09,JT31,,Lion Air,Jakarta,CGK,WIII,09:35,01:35,,,,,1h 55m,
2026-01-09,QG663,CTV663,Citilink,Jakarta,CGK,WIII,09:35,01:35,09:35,on time,10:26,3min early,1h 51m,Landed
2026-01-09,ID6324,BTK6324,Batik Air,Tambolaka,TMC,WADT,09:40,01:40,09:54,14min late,10:42,12min early,48m,Landed
2026-01-09,8B80,TNU080,Business Air,Perth,PER,YPPH,09:40,01:40,09:43,3min late,12:55,29min early,3h 12m,Landed
2026-01-09,QZ803,AWQ803,Indonesia AirAsia,Jakarta,CGK,WIII,09:40,01:40,09:39,on time,10:05,24min early,1h 26m,Landed
2026-01-09,QR965,QTR965,Qatar Airways,Doha,DOH,OTHH,09:45,01:45,10:11,26min late,14:27,2min late,9h 16m,Landed
2026-01-09,JT270,LNI270,Lion Air,Kupang,KOE,WATT,10:00,02:00,10:05,5min late,11:32,17min early,1h 27m,Landed
2026-01-09,JT3569,LNI3569,Lion Air,Yogyakarta,YIA,WAHI,10:00,02:00,11:56,56min late,12:03,33min late,1h 7m,Landed
2026-01-09,SU297,AFL297,Aeroflot,Moscow,SVO,UUEE,10:05,02:05,10:34,29min late,18:01,6min late,12h 26m,Landed
2026-01-09,JQ126,JST126,Jetstar Airways,Adelaide,ADL,YPAD,10:15,02:15,10:10,5min early,17:28,16min early,4h 48m,Landed
2026-01-09,IU368,SJV368,SW Italia,Medan,KNO,WIMM,10:20,02:20,10:46,26min late,12:47,2min early,3h 1m,Landed
2026-01-09,8B5101,TNU5101,Business Air,Jakarta,CGK,WIII,10:30,02:30,13:18,48min late,13:54,39min late,1h 35m,Landed
2026-01-09,SQ935,SIA935,Singapore Airlines,Singapore,SIN,WSSS,10:30,02:30,10:44,14min late,12:53,17min early,2h 9m,Landed
2026-01-09,JT805,LNI805,Lion Air,Surabaya,SUB,WARR,10:35,02:35,11:34,59min late,11:09,34min late,35m,Landed
2026-01-09,QZ815,AWQ815,Indonesia AirAsia,Jakarta,CGK,WIII,10:35,02:35,11:09,34min late,11:33,3min late,1h 24m,Landed
2026-01-09,8G182,DTL182,Mid Africa Aviation,Dili,DIL,WPDL,10:35,02:35,09:25,9min early,13:22,7min early,2h 56m,Landed
2026-01-09,JT33,LNI033,Lion Air,Jakarta,CGK,WIII,10:35,02:35,11:15,40min late,11:45,15min late,1h 29m,Landed
2026-01-09,JT927,LNI927,Lion Air,Surakarta,SOC,WAHQ,10:40,02:40,10:56,16min late,10:56,3min early,59m,Landed
2026-01-09,QG197,CTV197,Citilink,Jakarta,HLP,WIHH,11:10,03:10,13:05,55min late,11:55,4min early,,Landed
2026-01-09,TR281,TGW281,Scoot,Singapore,SIN,WSSS,11:10,03:10,11:37,27min late,14:08,18min late,2h 31m,Landed
2026-01-09,JQ40,JST040,Jetstar Airways,Sydney,SYD,YSSY,11:15,03:15,11:35,20min late,20:24,9min late,5h 49m,Landed
2026-01-09,GA620,GIA620,Garuda Indonesia,Makassar,UPG,WAAA,11:20,03:20,11:32,12min late,12:43,6min early,1h 11m,Landed
2026-01-09,JQ32,JST032,Jetstar Airways,Melbourne,MEL,YMML,11:30,03:30,11:49,19min late,20:24,14min late,5h 35m,Landed
2026-01-09,6E1606,IGO1606,IndiGo,Bangalore,BLR,VOBL,11:30,03:30,11:21,9min early,15:01,34min early,6h 10m,Landed
2026-01-09,OD309,,Malindo Air,Kuala Lumpur,KUL,WMKK,11:35,03:35,,,,,3h 10m,
2026-01-09,OD172,MXD172,Malindo Air,Kuala Lumpur,KUL,WMKK,11:35,03:35,11:50,15min late,14:24,20min early,2h 34m,Landed
2026-01-09,QZ646,AWQ646,Indonesia AirAsia,Labuan Bajo,LBJ,WATO,11:40,03:40,11:39,on time,12:31,23min early,52m,Landed
2026-01-09,IW1964,WON1964,Wings Air,Lombok,LOP,WADL,11:40,03:40,15:04,24min late,15:33,3min late,28m,Landed
2026-01-09,IW1902,WON1902,Wings Air,Jember,JBB,WARE,11:40,03:40,11:48,8min late,11:18,41min early,30m,Landed
2026-01-09,ID6331,BTK6331,Batik Air,Labuan Bajo,LBJ,WATO,11:45,03:45,11:51,6min late,12:45,14min early,54m,Landed
2026-01-09,JQ109,JST109,Jetstar Airways,Perth,PER,YPPH,11:45,03:45,11:58,13min late,15:19,15min early,3h 21m,Landed
2026-01-09,GA407,GIA407,Garuda Indonesia,Jakarta,CGK,WIII,11:55,03:55,12:07,12min late,12:44,10min early,1h 37m,Landed
2026-01-09,FD397,AIQ397,Thai AirAsia,Bangkok,DMK,VTBD,12:00,04:00,12:15,15min late,15:17,2min early,4h 2m,Landed
2026-01-09,GA253,GIA253,Garuda Indonesia,Yogyakarta,YIA,WAHI,12:05,04:05,12:26,21min late,12:37,17min early,1h 11m,Landed
2026-01-09,SQ937,SIA937,Singapore Airlines,Singapore,SIN,WSSS,12:05,04:05,12:22,17min late,14:52,3min early,2h 29m,Landed
2026-01-09,QZ618,AWQ618,Indonesia AirAsia,Banjarmasin,BDJ,WAOO,12:05,04:05,12:36,31min late,13:45,5min late,1h 8m,Landed
2026-01-09,SJ742,SJY742,Sriwijaya Air,Tambolaka,TMC,WADT,12:10,04:10,14:11,1min late,16:51,41min late,2h 39m,Landed
2026-01-09,OD192,MXD192,Malindo Air,Kuala Lumpur,KUL,WMKK,12:10,04:10,12:33,23min late,15:02,17min early,2h 29m,Landed
2026-01-09,OD178,MXD178,Malindo Air,Kuala Lumpur,KUL,WMKK,12:15,04:15,12:36,21min late,15:09,15min early,2h 33m,Landed
2026-01-09,QZ805,AWQ805,Indonesia AirAsia,Jakarta,CGK,WIII,12:40,04:40,13:01,21min late,13:31,3min early,1h 30m,Landed
2026-01-09,OD158,MXD158,Malindo Air,Kuala Lumpur,KUL,WMKK,12:45,04:45,13:29,44min late,16:08,13min late,2h 39m,Landed
2026-01-09,IP103,PAS103,Pelita Air Service,Jakarta,CGK,WIII,12:45,04:45,13:16,31min late,13:55,20min late,1h 39m,Landed
2026-01-09,SQ939,SIA939,Singapore Airlines,Singapore,SIN,WSSS,13:00,05:00,13:13,13min late,15:44,5min early,2h 31m,Landed
2026-01-09,AK365,AXM365,AirAsia,Kuala Lumpur,KUL,WMKK,13:05,05:05,13:23,18min late,18:09,59min late,4h 45m,Landed
2026-01-09,MH714,MAS714,Malaysia Airlines,Kuala Lumpur,KUL,WMKK,13:10,05:10,13:38,28min late,16:20,15min late,2h 41m,Landed
2026-01-09,VJ900,VJC900,VietJet Air,Hanoi,HAN,VVNB,13:10,05:10,13:07,3min early,16:51,28min early,4h 44m,Landed
2026-01-09,JT35,LNI035,Lion Air,Jakarta,CGK,WIII,13:15,05:15,14:22,7min late,14:53,43min late,1h 30m,Landed
2026-01-09,GA409,GIA409,Garuda Indonesia,Jakarta,CGK,WIII,13:25,05:25,13:44,19min late,14:27,2min late,1h 43m,Landed
2026-01-09,JT660,LNI660,Lion Air,Balikpapan,BPN,WALL,13:30,05:30,13:48,18min late,15:14,on time,1h 26m,Landed
2026-01-09,JQ58,JST058,Jetstar Airways,Brisbane,BNE,YBBN,13:30,05:30,13:33,3min late,20:56,28min early,5h 23m,Landed
2026-01-09,JT919,LNI919,Lion Air,Surabaya,SUB,WARR,13:55,05:55,,,,,1h 0m,
2026-01-09,QG342,CTV342,Citilink,Makassar,UPG,WAAA,13:55,05:55,13:55,on time,15:34,14min late,1h 39m,Landed
2026-01-09,6E1612,IGO1612,IndiGo,Bhubaneswar,BBI,VEBS,14:00,06:00,15:34,34min late,18:54,14min late,5h 49m,Landed
2026-01-09,JT25,,Lion Air,Jakarta,CGK,WIII,14:00,06:00,,,,,1h 55m,
2026-01-09,8B82,TNU082,Business Air,Perth,PER,YPPH,14:00,06:00,14:20,20min late,17:39,on time,3h 19m,Landed
2026-01-09,QZ544,AWQ544,Indonesia AirAsia,Perth,PER,YPPH,14:00,06:00,14:08,8min late,17:20,29min early,3h 11m,Landed
2026-01-09,QG687,CTV687,Citilink,Jakarta,CGK,WIII,14:00,06:00,14:11,11min late,14:46,8min early,1h 34m,Landed
2026-01-09,VJ894,VJC894,VietJet Air,Ho Chi Minh City,SGN,VVTS,14:05,06:05,14:38,33min late,17:04,on time,3h 26m,Landed
2026-01-09,JT569,LNI569,Lion Air,Yogyakarta,YIA,WAHI,14:15,06:15,16:12,57min late,16:21,36min late,1h 9m,Landed
2026-01-09,ID7308,BTK7308,Batik Air,Jakarta,HLP,WIHH,14:20,06:20,14:43,23min late,15:10,on time,1h 26m,Landed
2026-01-09,QZ506,AWQ506,Indonesia AirAsia,Singapore,SIN,WSSS,14:25,06:25,14:47,22min late,17:21,on time,2h 33m,Landed
2026-01-09,JT273,LNI273,Lion Air,Semarang,SRG,WIIS,14:40,06:40,17:28,48min late,17:33,33min late,1h 5m,Landed
2026-01-09,JT740,LNI740,Lion Air,Makassar,UPG,WAAA,14:40,06:40,15:12,32min late,16:16,11min late,1h 3m,Landed
2026-01-09,JT23,,Lion Air,Jakarta,CGK,WIII,14:45,06:45,15:03,18min late,15:34,5min early,1h 31m,Landed
2026-01-09,JQ43,JST043,Jetstar Airways,Singapore,SIN,WSSS,14:50,06:50,14:57,7min late,17:35,19min early,2h 38m,Landed
2026-01-09,OD307,MXD307,Malindo Air,Kuala Lumpur,KUL,WMKK,14:50,06:50,15:18,28min late,18:01,6min late,2h 42m,Landed
2026-01-09,JT924,LNI924,Lion Air,Kupang,KOE,WATT,14:55,06:55,15:28,33min late,16:55,10min late,1h 27m,Landed
2026-01-09,JQ44,JST044,Jetstar Airways,Melbourne,MEL,YMML,14:55,06:55,15:09,14min late,23:14,20min early,5h 5m,Landed
2026-01-09,JT844,LNI844,Lion Air,Banjarmasin,BDJ,WAOO,15:00,07:00,15:43,43min late,16:48,18min late,1h 4m,Landed
2026-01-09,VA48,VOZ048,Virgin Australia,Brisbane,BNE,YBBN,15:00,07:00,15:11,11min late,23:13,18min late,6h 2m,Landed
2026-01-09,JT11,LNI011,Lion Air,Jakarta,CGK,WIII,15:01,07:01,14:59,1min early,15:30,1min early,1h 31m,Landed
2026-01-09,QZ246,AWQ246,Indonesia AirAsia,Phuket,HKT,VTSP,15:05,07:05,16:52,47min late,19:11,31min late,3h 19m,Landed
2026-01-09,AI2148,AIC2148,Air India,Delhi,DEL,VIDP,15:10,07:10,10:48,21min early,15:27,37min early,7h 9m,Landed
2026-01-09,QG681,CTV681,Citilink,Jakarta,CGK,WIII,15:10,07:10,15:12,2min late,16:02,2min early,1h 49m,Landed
2026-01-09,ID6509,BTK6509,Batik Air,Jakarta,CGK,WIII,15:15,07:15,15:36,21min late,16:14,4min late,1h 37m,Landed
2026-01-09,GA842,GIA842,Garuda Indonesia,Singapore,SIN,WSSS,15:15,07:15,15:33,18min late,18:19,19min late,2h 46m,Landed
2026-01-09,AK377,AXM377,AirAsia,Kuala Lumpur,KUL,WMKK,15:25,07:25,15:46,21min late,18:32,7min late,2h 46m,Landed
2026-01-09,VJ898,VJC898,VietJet Air,Ho Chi Minh City,SGN,VVTS,15:35,07:35,15:53,18min late,18:32,7min late,3h 39m,Landed
2026-01-09,IW1850,WON1850,Wings Air,Lombok,LOP,WADL,15:40,07:40,16:05,25min late,16:40,10min late,34m,Landed
2026-01-09,GA411,GIA411,Garuda Indonesia,Jakarta,CGK,WIII,15:40,07:40,16:16,36min late,16:52,7min late,1h 36m,Landed
2026-01-09,SJ717,SJY717,Sriwijaya Air,Makassar,UPG,WAAA,15:40,07:40,18:07,27min late,17:00,,1h 20m,Landed
2026-01-09,QG669,CTV669,Citilink,Surabaya,SUB,WARR,15:40,07:40,16:06,26min late,16:03,18min late,57m,Landed
2026-01-09,IP109,PAS109,Pelita Air Service,Jakarta,CGK,WIII,16:00,08:00,16:23,23min late,16:49,on time,1h 26m,Landed
2026-01-09,QZ536,AWQ536,Indonesia AirAsia,Perth,PER,YPPH,16:00,08:00,16:26,26min late,19:39,5min early,3h 13m,Landed
2026-01-09,VN640,HVN640,Vietnam Airlines,Ho Chi Minh City,SGN,VVTS,16:05,08:05,17:31,26min late,20:02,7min late,3h 30m,Landed
2026-01-09,QG661,CTV661,Citilink,Jakarta,CGK,WIII,16:05,08:05,16:12,7min late,17:08,8min late,1h 56m,Landed
2026-01-09,GA427,GIA427,Garuda Indonesia,Jakarta,CGK,WIII,16:10,08:10,16:29,19min late,17:09,4min late,1h 40m,Landed
2026-01-09,IU703,SJV703,SW Italia,Surabaya,SUB,WARR,16:10,08:10,17:17,7min late,17:14,4min late,57m,Landed
2026-01-09,QZ807,AWQ807,Indonesia AirAsia,Jakarta,CGK,WIII,16:10,08:10,16:47,37min late,17:14,4min late,1h 27m,Landed
2026-01-09,TG432,THA432,Thai Airways International,Bangkok,BKK,VTBS,16:10,08:10,16:36,26min late,19:14,10min early,3h 38m,Landed
2026-01-09,CX784,CPA784,Cathay Pacific,Hong Kong,HKG,VHHH,16:20,08:20,16:36,16min late,21:22,2min early,4h 46m,Landed
2026-01-09,MH850,MAS850,Malaysia Airlines,Kuala Lumpur,KUL,WMKK,16:25,08:25,16:22,3min early,19:17,17min early,2h 55m,Landed
2026-01-09,IW1852,WON1852,Wings Air,Lombok,LOP,WADL,16:30,08:30,16:42,12min late,17:06,13min early,24m,Landed
2026-01-09,IU743,SJV743,SW Italia,Jakarta,CGK,WIII,16:35,08:35,17:23,48min late,17:48,18min late,1h 25m,Landed
2026-01-09,JT744,LNI744,Lion Air,Makassar,UPG,WAAA,16:40,08:40,17:01,21min late,18:04,on time,1h 3m,Landed
2026-01-09,BR256,EVA256,EVA Airways,Taipei,TPE,RCTP,16:40,08:40,17:04,24min late,22:35,50min late,5h 31m,Landed
2026-01-09,GA349,GIA349,Garuda Indonesia,Surabaya,SUB,WARR,16:55,08:55,17:38,43min late,17:52,42min late,1h 14m,Landed
2026-01-09,ID6335,BTK6335,Batik Air,Labuan Bajo,LBJ,WATO,17:00,09:00,17:26,26min late,18:19,4min late,52m,Landed
2026-01-09,IU273,SJV273,SW Italia,Pontianak,PNK,WIOO,17:00,09:00,19:11,11min late,19:59,54min late,1h 48m,Landed
2026-01-09,GA419,GIA419,Garuda Indonesia,Jakarta,CGK,WIII,17:25,09:25,18:02,37min late,18:36,11min late,1h 34m,Landed
2026-01-09,VJ998,VJC998,VietJet Air,Hanoi,HAN,VVNB,17:25,09:25,17:51,26min late,21:27,7min early,4h 36m,Landed
2026-01-09,HO1356,DKH1356,Juneyao Airlines,Shanghai,PVG,ZSPD,17:25,09:25,17:49,24min late,00:02,12min late,6h 13m,Landed
2026-01-09,TR211,TGW211,Scoot,Singapore,SIN,WSSS,17:35,09:35,18:30,55min late,20:54,9min late,2h 24m,Landed
2026-01-09,IP107,PAS107,Pelita Air Service,Jakarta,CGK,WIII,17:40,09:40,17:58,18min late,18:33,3min late,1h 35m,Landed
2026-01-09,IU759,SJV759,SW Italia,Jakarta,CGK,WIII,17:40,09:40,19:29,49min late,20:00,25min late,1h 31m,Landed
2026-01-09,AK368,AXM368,AirAsia,Kuala Lumpur,KUL,WMKK,17:45,09:45,17:27,18min early,20:33,16min early,3h 6m,Landed
2026-01-09,OD193,MXD193,Malindo Air,Perth,PER,YPPH,18:10,10:10,18:31,21min late,21:44,on time,3h 12m,Landed
2026-01-09,IN281,LKN281,Nam Air,Jakarta,CGK,WIII,18:30,10:30,19:04,34min late,19:39,29min late,1h 35m,Landed
2026-01-09,GA417,GIA417,Garuda Indonesia,Jakarta,CGK,WIII,18:30,10:30,18:56,26min late,19:36,6min late,1h 40m,Landed
2026-01-09,JT567,,Lion Air,Yogyakarta,YIA,WAHI,18:30,10:30,,,,,1h 30m,
2026-01-09,IP111,PAS111,Pelita Air Service,Jakarta,CGK,WIII,18:35,10:35,19:00,25min late,19:37,12min late,1h 37m,Landed
2026-01-09,JT925,LNI925,Lion Air,Surakarta,SOC,WAHQ,18:40,10:40,22:15,35min late,22:15,15min late,59m,Landed
2026-01-09,CX782,CPA782,Cathay Pacific,Hong Kong,HKG,VHHH,18:40,10:40,18:40,on time,23:15,29min early,4h 35m,Landed
2026-01-09,EY477,ETD477,Etihad Airways,Abu Dhabi,AUH,OMAA,18:45,10:45,19:06,21min late,23:45,on time,8h 38m,Landed
2026-01-09,ID6415,BTK6415,Batik Air,Surabaya,SUB,WARR,18:45,10:45,19:09,24min late,18:52,7min late,42m,Landed
2026-01-09,QZ809,AWQ809,Indonesia AirAsia,Jakarta,CGK,WIII,18:50,10:50,19:56,6min late,20:32,42min late,1h 36m,Landed
2026-01-09,6E1608,IGO1608,IndiGo,Chennai,MAA,VOMM,18:50,10:50,19:22,32min late,22:53,23min late,6h 0m,Landed
2026-01-09,QR963,QTR963,Qatar Airways,Doha,DOH,OTHH,18:50,10:50,19:23,33min late,23:51,21min late,9h 28m,Landed
2026-01-09,NZ291,ANZ291,Air New Zealand,Auckland,AKL,NZAA,18:50,10:50,19:38,48min late,08:06,11min late,7h 28m,Landed
2026-01-09,TG440,THA440,Thai Airways International,Bangkok,BKK,VTBS,19:00,11:00,19:22,22min late,22:36,21min late,4h 14m,Landed
2026-01-09,IU527,SJV527,SW Italia,Manado,MDC,WAMM,19:00,11:00,20:18,18min late,22:31,56min late,2h 12m,Landed
2026-01-09,MH852,MAS852,Malaysia Airlines,Kuala Lumpur,KUL,WMKK,19:15,11:15,19:30,15min late,22:37,22min late,3h 7m,Landed
2026-01-09,JT3027,,Lion Air,Jakarta,CGK,WIII,19:15,11:15,,,,,1h 55m,
2026-01-09,AK379,AXM379,AirAsia,Kuala Lumpur,KUL,WMKK,19:15,11:15,19:05,10min early,22:11,8min early,3h 6m,Landed
2026-01-09,QG699,CTV699,Citilink,Surabaya,SUB,WARR,19:25,11:25,20:01,36min late,20:03,33min late,1h 1m,Landed
2026-01-09,ID7310,BTK7310,Batik Air,Jakarta,HLP,WIHH,19:25,11:25,20:27,2min late,20:50,35min late,1h 23m,Landed
2026-01-09,QG689,CTV689,Citilink,Jakarta,CGK,WIII,19:30,11:30,19:43,13min late,20:55,30min late,2h 12m,Landed
2026-01-09,GA463,GIA463,Garuda Indonesia,Jakarta,HLP,WIHH,19:30,11:30,20:38,8min late,21:07,42min late,1h 29m,Landed
2026-01-09,JQ107,JST107,Jetstar Airways,Perth,PER,YPPH,19:45,11:45,00:27,42min late,03:47,27min late,3h 19m,Landed
2026-01-09,8B969,TNU969,Business Air,Guangzhou,CAN,ZGGG,19:45,11:45,19:47,2min late,00:34,30min early,4h 47m,Landed
2026-01-09,JT923,LNI923,Lion Air,Surabaya,SUB,WARR,19:45,11:45,21:04,19min late,20:41,56min late,36m,Landed
2026-01-09,JT271,LNI271,Lion Air,Semarang,SRG,WIIS,19:50,11:50,20:46,56min late,20:46,36min late,59m,Landed
2026-01-09,EK369,UAE369,Emirates,Dubai,DXB,OMDB,19:50,11:50,19:47,3min early,01:02,7min early,9h 15m,Landed
2026-01-09,SL259,TLM259,Thai Lion Air,Bangkok,DMK,VTBD,20:05,12:05,14:38,26min early,23:41,16min late,10h 3m,Landed
2026-01-09,TR283,TGW283,Scoot,Singapore,SIN,WSSS,20:05,12:05,20:30,25min late,22:41,on time,2h 10m,Landed
2026-01-09,QG195,CTV195,Citilink,Jakarta,HLP,WIHH,20:10,12:10,20:13,3min late,21:17,17min late,2h 4m,Landed
2026-01-09,SQ945,SIA945,Singapore Airlines,Singapore,SIN,WSSS,20:15,12:15,20:51,36min late,23:16,21min late,2h 25m,Landed
2026-01-09,GA718,GIA718,Garuda Indonesia,Melbourne,MEL,YMML,20:20,12:20,20:54,34min late,05:02,2min late,5h 7m,Landed
2026-01-09,JQ34,JST034,Jetstar Airways,Melbourne,MEL,YMML,20:20,12:20,23:24,4min late,07:38,43min late,5h 13m,Landed
2026-01-09,ID6413,BTK6413,Batik Air,Surabaya,SUB,WARR,20:30,12:30,22:20,50min late,21:57,27min late,36m,Landed
2026-01-09,ID6517,BTK6517,Batik Air,Jakarta,CGK,WIII,20:30,12:30,21:14,44min late,21:50,25min late,1h 36m,Landed
2026-01-09,QG9697,,Citilink,Surabaya,SUB,WARR,20:40,12:40,,,,,1h 5m,
2026-01-09,GA415,GIA415,Garuda Indonesia,Jakarta,CGK,WIII,20:45,12:45,21:53,8min late,22:28,43min late,1h 35m,Landed
2026-01-09,IP105,PAS105,Pelita Air Service,Jakarta,CGK,WIII,20:50,12:50,21:08,18min late,21:44,4min late,1h 36m,Landed
2026-01-09,OD177,MXD177,Malindo Air,Melbourne,MEL,YMML,20:55,12:55,21:27,32min late,05:43,3min late,5h 15m,Landed
2026-01-09,OD157,MXD157,Malindo Air,Brisbane,BNE,YBBN,21:00,13:00,21:22,22min late,05:10,4min early,5h 48m,Landed
2026-01-09,8B5107,TNU5107,TransNusa,Jakarta,CGK,WIII,21:01,13:01,21:04,2min late,21:42,2min late,1h 37m,Landed
2026-01-09,OD171,MXD171,Malindo Air,Sydney,SYD,YSSY,21:10,13:10,22:00,50min late,06:37,22min late,5h 37m,Landed
2026-01-09,TK67,THY067,Turkish Airlines,Istanbul,IST,LTFM,21:10,13:10,21:47,37min late,05:41,1min late,12h 54m,Landed
2026-01-09,QZ819,AWQ819,Indonesia AirAsia,Jakarta,CGK,WIII,21:15,13:15,22:26,11min late,22:55,50min late,1h 29m,Landed
2026-01-09,QF44,QFA044,Qantas,Sydney,SYD,YSSY,21:20,13:20,21:33,13min late,06:34,19min late,6h 1m,Landed
2026-01-09,GA425,GIA425,Garuda Indonesia,Jakarta,CGK,WIII,21:30,13:30,00:09,39min late,00:40,5min late,1h 30m,Landed
2026-01-09,ID6760,BTK6760,Batik Air,Makassar,UPG,WAAA,21:30,13:30,22:13,43min late,23:08,13min late,54m,Landed
2026-01-09,SJ273,SJY273,Sriwijaya Air,Jakarta,CGK,WIII,21:35,13:35,23:17,42min late,23:45,30min late,1h 27m,Landed
2026-01-09,KL836,KLM836,KLM Royal Dutch Airlines,Singapore,SIN,WSSS,21:40,13:40,22:02,22min late,00:42,32min late,2h 40m,Landed
2026-01-09,SQ947,SIA947,Singapore Airlines,Singapore,SIN,WSSS,21:40,13:40,20:32,7min early,00:42,22min late,4h 10m,Landed
2026-01-09,JQ117,JST117,Jetstar Airways,Perth,PER,YPPH,21:45,13:45,21:41,4min early,01:17,2min late,3h 36m,Landed
2026-01-09,QZ546,AWQ546,Indonesia AirAsia,Perth,PER,YPPH,21:55,13:55,22:39,44min late,01:59,24min late,3h 20m,Landed
2026-01-09,AK375,AXM375,AirAsia,Kuala Lumpur,KUL,WMKK,21:55,13:55,22:17,22min late,01:15,15min late,2h 58m,Landed
2026-01-09,TK311,THY311,Turkish Airlines,Istanbul,IST,LTFM,22:00,14:00,22:30,30min late,06:16,8min early,12h 46m,Landed
2026-01-09,VA94,VOZ094,Virgin Australia,Melbourne,MEL,YMML,22:00,14:00,22:30,30min late,07:08,28min late,5h 38m,Landed
2026-01-09,QF46,QFA046,Qantas,Melbourne,MEL,YMML,22:05,14:05,22:59,54min late,07:07,17min late,5h 8m,Landed
2026-01-09,SV857,SVA857,Saudi Arabian Airlines,Singapore,SIN,WSSS,22:05,14:05,23:33,28min late,01:45,0min late,2h 12m,Landed
2026-01-09,QZ811,AWQ811,Indonesia AirAsia,Jakarta,CGK,WIII,22:15,14:15,00:02,47min late,00:32,27min late,1h 30m,Landed
2026-01-09,JQ38,JST038,Jetstar Airways,Sydney,SYD,YSSY,22:20,14:20,22:44,24min late,07:49,19min late,6h 5m,Landed
2026-01-09,JQ89,JST089,Jetstar Airways,Newcastle,NTL,YWLM,22:20,14:20,23:49,29min late,08:43,28min late,5h 54m,Landed
2026-01-09,VA66,VOZ066,Virgin Australia,Sydney,SYD,YSSY,22:30,14:30,22:29,on time,07:36,3min early,6h 7m,Landed
2026-01-09,JT15,LNI015,Lion Air,Jakarta,CGK,WIII,22:35,14:35,23:08,33min late,23:37,7min late,1h 28m,Landed
2026-01-09,JQ128,JST128,Jetstar Airways,Adelaide,ADL,YPAD,22:50,14:50,23:17,27min late,06:34,19min late,4h 47m,Landed
2026-01-09,7C2712,JJA2712,Jeju Air,Seoul,ICN,RKSI,23:05,15:05,23:09,4min late,06:53,16min early,6h 44m,Landed
2026-01-09,3U3986,CSC3986,Sichuan Airlines,Lujia Town,TFU,ZUTF,23:10,15:10,23:12,2min late,05:44,26min early,6h 31m,Landed
2026-01-09,JQ91,JST091,Jetstar Airways,Cairns,CNS,YBCS,23:10,15:10,23:18,8min late,05:48,3min late,4h 30m,Landed
2026-01-09,8B5109,TNU5109,Business Air,Jakarta,CGK,WIII,23:10,15:10,21:26,43min early,21:58,51min early,1h 31m,Landed
2026-01-09,VA82,VOZ082,Virgin Australia,Gold Coast,OOL,YBCG,23:20,15:20,23:40,20min late,07:32,22min late,5h 52m,Landed
2026-01-09,GA714,GIA714,Garuda Indonesia,Sydney,SYD,YSSY,23:35,15:35,05:56,21min late,08:55,20min late,,Landed
2026-01-09,JQ42,JST042,Jetstar Airways,Melbourne,MEL,YMML,23:40,15:40,00:38,58min late,08:46,16min late,5h 8m,Landed
2026-01-09,QZ420,AWQ420,Indonesia AirAsia,Adelaide,ADL,YPAD,23:45,15:45,00:10,25min late,07:09,15min early,4h 29m,Landed
2026-01-09,KE432,KAL432,Korean Air Lines,Seoul,ICN,RKSI,23:50,15:50,00:04,14min late,07:22,22min early,6h 17m,Landed
2026-01-09,JQ94,JST094,Jetstar Airways,Gold Coast,OOL,YBCG,23:55,15:55,23:59,4min late,07:53,28min late,5h 54m,Landed
2026-01-10,BX602,ABL602,Air Busan,Busan,PUS,RKPK,00:05,16:05,00:35,30min late,08:04,25min early,6h 29m,Landed
2026-01-10,JQ107,JST107,Jetstar Airways,Perth,PER,YPPH,00:15,16:15,00:12,3min early,03:42,6min late,3h 30m,Landed
2026-01-10,8B84,TNU084,Business Air,Perth,PER,YPPH,00:20,16:20,00:38,18min late,03:57,7min early,3h 19m,Landed
2026-01-10,EK399,UAE399,Emirates,Dubai,DXB,OMDB,00:25,16:25,00:35,10min late,05:24,20min early,8h 48m,Landed
2026-01-10,QR961,QTR961,Qatar Airways,Doha,DOH,OTHH,00:30,16:30,00:59,29min late,05:16,6min late,9h 17m,Landed
2026-01-10,MF892,CXA892,Xiamen Airlines,Xiamen,XMN,ZSAM,00:30,16:30,00:15,15min early,05:36,28min early,5h 21m,Landed
2026-01-10,CZ626,CSN626,China Southern Airlines,Guangzhou,CAN,ZGGG,00:40,16:40,00:45,5min late,05:32,17min early,4h 46m,Landed
2026-01-10,GA880,GIA880,Garuda Indonesia,Tokyo,NRT,RJAA,00:50,16:50,01:13,23min late,08:44,5min early,6h 30m,Landed
2026-01-10,GA870,GIA870,Garuda Indonesia,Seoul,ICN,RKSI,00:50,16:50,00:49,on time,08:33,16min early,6h 44m,Landed
2026-01-10,MU5030,CES5030,China Eastern Airlines,Shanghai,PVG,ZSPD,00:55,16:55,01:11,16min late,07:21,11min late,6h 10m,Landed
2026-01-10,SJ726,,Sriwijaya Air,Makassar,UPG,WAAA,01:00,17:00,01:00,,02:20,,1h 20m,Landed
2026-01-10,QZ548,AWQ548,Indonesia AirAsia,Perth,PER,YPPH,01:00,17:00,01:13,13min late,04:28,11min early,3h 15m,Landed
2026-01-10,5J282,CEB282,CEBU Pacific Air,Manila,MNL,RPLL,01:00,17:00,01:43,43min late,05:45,30min late,4h 2m,Landed
2026-01-10,PR538,PAL538,Philippine Airlines,Manila,MNL,RPLL,01:10,17:10,00:53,17min early,04:35,34min early,3h 42m,Landed
2026-01-10,KE434,KAL434,Korean Air Lines,Seoul,ICN,RKSI,01:20,17:20,01:24,4min late,09:04,15min early,6h 40m,Landed
2026-01-10,8B5888,,TransNusa,Manado,MDC,WAMM,01:30,17:30,,,,,2h 45m,
2026-01-10,GA686,GIA686,Garuda Indonesia,Sorong,SOQ,WASS,01:30,17:30,01:43,13min late,14:33,53min late,11h 50m,Landed
2026-01-10,GA401,GIA401,Garuda Indonesia,Jakarta,CGK,WIII,07:00,23:00,07:20,20min late,07:57,2min early,1h 36m,Landed
2026-01-10,JT746,LNI746,Lion Air,Makassar,UPG,WAAA,07:00,23:00,07:26,26min late,08:29,4min late,1h 2m,Landed
2026-01-10,QZ534,AWQ534,Indonesia AirAsia,Perth,PER,YPPH,07:00,23:00,07:15,15min late,10:38,11min early,3h 23m,Landed
2026-01-10,JT929,LNI929,Lion Air,Surabaya,SUB,WARR,07:00,23:00,07:24,24min late,07:00,on time,36m,Landed
2026-01-10,QG690,CTV690,Citilink,Surabaya,SUB,WARR,07:05,23:05,07:06,1min late,06:53,16min early,47m,Landed
2026-01-10,QZ550,AWQ550,Indonesia AirAsia,Kuala Lumpur,KUL,WMKK,07:15,23:15,07:10,4min early,09:43,26min early,2h 33m,Landed
2026-01-10,SQ949,SIA949,Singapore Airlines,Singapore,SIN,WSSS,07:20,23:20,07:33,13min late,09:51,9min early,2h 17m,Landed
2026-01-10,8B551,TNU551,Business Air,Singapore,SIN,WSSS,07:30,23:30,07:29,on time,09:43,12min early,2h 13m,Landed
2026-01-10,ID6333,BTK6333,Batik Air,Labuan Bajo,LBJ,WATO,07:55,23:55,08:17,22min late,09:13,3min late,55m,Landed
2026-01-10,GA4072,GIA4072,Garuda Indonesia,Jakarta,CGK,WIII,08:05,00:05,08:12,7min late,08:44,20min early,1h 32m,Landed
2026-01-10,IW1858,WON1858,Wings Air,Lombok,LOP,WADL,08:05,00:05,08:29,24min late,08:58,3min late,28m,Landed
2026-01-10,JT21,LNI021,Lion Air,Jakarta,CGK,WIII,08:05,00:05,08:31,26min late,08:57,2min early,1h 25m,Landed
2026-01-10,HX706,CRK706,Hong Kong Airlines,Hong Kong,HKG,VHHH,08:15,00:15,12:47,32min late,13:16,1min late,29m,Landed
2026-01-10,5J280,CEB280,CEBU Pacific Air,Manila,MNL,RPLL,08:35,00:35,08:19,16min early,12:31,18min early,4h 12m,Landed
2026-01-10,CZ8482,CSN8482,China Southern Airlines,Guangzhou,CAN,ZGGG,08:35,00:35,07:02,32min early,18:33,28min late,11h 30m,Landed
2026-01-10,IW1854,WON1854,Wings Air,Lombok,LOP,WADL,08:45,00:45,08:58,13min late,09:28,6min early,30m,Landed
2026-01-10,IW1882,WON1882,Wings Air,Sumbawa Besar,SWQ,WADS,08:55,00:55,09:06,11min late,09:45,14min early,39m,Landed
2026-01-10,IN640,LKN640,NAM Air,Tambolaka,TMC,WADT,09:10,01:10,09:18,8min late,10:05,4min early,47m,Landed
2026-01-10,8B5105,TNU5105,Business Air,Jakarta,CGK,WIII,09:15,01:15,09:25,10min late,09:48,11min early,1h 23m,Landed
2026-01-10,IW1848,WON1848,Wings Air,Lombok,LOP,WADL,09:25,01:25,09:59,34min late,10:34,19min late,35m,Landed
2026-01-10,QZ504,AWQ504,Indonesia AirAsia,Singapore,SIN,WSSS,09:25,01:25,09:27,2min late,11:50,14min early,2h 22m,Landed
2026-01-10,ID6007,BTK6007,Batik Air,Perth,PER,YPPH,09:30,01:30,09:40,10min late,13:01,13min early,3h 20m,Landed
2026-01-10,QG500,CTV500,Citilink,Dili,DIL,WPDL,09:30,01:30,09:28,1min early,12:22,2min late,1h 54m,Landed
2026-01-10,QG663,CTV663,Citilink,Jakarta,CGK,WIII,09:35,01:35,14:12,37min late,14:43,13min late,1h 30m,Landed
2026-01-10,ID6324,BTK6324,Batik Air,Tambolaka,TMC,WADT,09:40,01:40,09:54,14min late,10:39,15min early,44m,Landed
2026-01-10,QZ803,AWQ803,Indonesia AirAsia,Jakarta,CGK,WIII,09:40,01:40,09:42,2min late,10:14,15min early,1h 32m,Landed
2026-01-10,8B80,TNU080,Business Air,Perth,PER,YPPH,09:40,01:40,09:48,8min late,13:04,20min early,3h 16m,Landed
2026-01-10,QR965,QTR965,Qatar Airways,Doha,DOH,OTHH,09:45,01:45,10:11,26min late,14:28,3min late,9h 16m,Landed
2026-01-10,JT270,LNI270,Lion Air,Kupang,KOE,WATT,10:00,02:00,10:25,25min late,11:56,6min late,1h 30m,Landed
2026-01-10,AI2146,AIC2146,Air India,Delhi,DEL,VIDP,10:00,02:00,14:29,29min late,19:13,13min late,7h 13m,Landed
2026-01-10,JT3569,LNI3569,Lion Air,Yogyakarta,YIA,WAHI,10:00,02:00,10:23,23min late,10:30,on time,1h 7m,Landed
2026-01-10,SU297,AFL297,Aeroflot,Moscow,SVO,UUEE,10:05,02:05,11:26,21min late,18:27,32min late,12h 1m,Landed
2026-01-10,JQ111,JST111,Jetstar Airways,Perth,PER,YPPH,10:20,02:20,10:05,15min early,13:33,36min early,3h 28m,Landed
2026-01-10,8B5101,TNU5101,TransNusa,Jakarta,CGK,WIII,10:30,02:30,13:20,50min late,13:46,31min late,1h 26m,Landed
2026-01-10,SQ935,SIA935,Singapore Airlines,Singapore,SIN,WSSS,10:30,02:30,11:10,40min late,13:24,14min late,2h 14m,Landed
2026-01-10,8G182,DTL182,Mid Africa Aviation,Dili,DIL,WPDL,10:35,02:35,10:26,8min early,13:08,21min early,1h 42m,Landed
2026-01-10,JT33,,Lion Air,Jakarta,CGK,WIII,10:35,02:35,,,,,1h 55m,
2026-01-10,JT805,LNI805,Lion Air,Surabaya,SUB,WARR,10:35,02:35,10:46,11min late,10:21,13min early,35m,Landed
2026-01-10,IW1856,WON1856,Wings Air,Lombok,LOP,WADL,11:10,03:10,11:53,43min late,12:33,33min late,40m,Landed
2026-01-10,QG197,CTV197,Citilink,Jakarta,HLP,WIHH,11:10,03:10,11:30,20min late,12:12,12min late,1h 42m,Landed
2026-01-10,TR281,TGW281,Scoot,Singapore,SIN,WSSS,11:10,03:10,12:01,51min late,14:16,26min late,2h 14m,Landed
2026-01-10,JQ40,JST040,Jetstar Airways,Sydney,SYD,YSSY,11:15,03:15,11:34,19min late,20:12,2min early,5h 38m,Landed
2026-01-10,QZ780,AWQ780,Indonesia AirAsia,Balikpapan,BPN,WALL,11:20,03:20,11:22,2min late,12:39,25min early,1h 17m,Landed
2026-01-10,JQ32,JST032,Jetstar Airways,Melbourne,MEL,YMML,11:30,03:30,13:56,26min late,22:04,54min late,5h 8m,Landed
2026-01-10,6E1606,IGO1606,IndiGo,Bangalore,BLR,VOBL,11:30,03:30,09:48,41min early,15:08,26min early,7h 50m,Landed
2026-01-10,OD172,MXD172,Malindo Air,Kuala Lumpur,KUL,WMKK,11:35,03:35,12:27,52min late,02:35,50min late,14h 8m,Landed
2026-01-10,IW1964,WON1964,Wings Air,Lombok,LOP,WADL,11:40,03:40,12:32,52min late,13:00,30min late,28m,Landed
2026-01-10,QZ646,AWQ646,Indonesia AirAsia,Labuan Bajo,LBJ,WATO,11:40,03:40,11:51,11min late,12:48,6min early,57m,Landed
2026-01-10,JQ109,JST109,Jetstar Airways,Perth,PER,YPPH,11:45,03:45,12:19,34min late,15:34,on time,3h 14m,Landed
2026-01-10,ID6331,BTK6331,Batik Air,Labuan Bajo,LBJ,WATO,11:45,03:45,11:45,on time,12:37,22min early,52m,Landed
2026-01-10,IW1850,WON1850,Wings Air,Lombok,LOP,WADL,11:50,03:50,12:56,6min late,13:24,44min late,28m,Landed
2026-01-10,GA407,GIA407,Garuda Indonesia,Jakarta,CGK,WIII,11:55,03:55,12:12,17min late,17:19,24min late,6h 7m,Landed
2026-01-10,JT31,LNI031,Lion Air,Jakarta,CGK,WIII,11:55,03:55,17:52,57min late,18:23,33min late,1h 31m,Landed
2026-01-10,QZ540,AWQ540,Indonesia AirAsia,Darwin,DRW,YPDN,12:00,04:00,12:08,8min late,16:34,19min late,2h 56m,Landed
2026-01-10,FD397,AIQ397,Thai AirAsia,Bangkok,DMK,VTBD,12:00,04:00,12:38,38min late,15:45,25min late,4h 6m,Landed
2026-01-10,SQ937,SIA937,Singapore Airlines,Singapore,SIN,WSSS,12:05,04:05,13:03,58min late,15:16,21min late,2h 13m,Landed
2026-01-10,GA253,GIA253,Garuda Indonesia,Yogyakarta,YIA,WAHI,12:05,04:05,12:51,46min late,15:14,19min late,3h 23m,Landed
2026-01-10,OD192,MXD192,Malindo Air,Kuala Lumpur,KUL,WMKK,12:10,04:10,15:46,36min late,18:15,55min late,2h 29m,Landed
2026-01-10,OD178,MXD178,Malindo Air,Kuala Lumpur,KUL,WMKK,12:15,04:15,12:47,32min late,15:27,2min late,2h 40m,Landed
2026-01-10,QZ805,AWQ805,Indonesia AirAsia,Jakarta,CGK,WIII,12:40,04:40,13:10,30min late,13:40,5min late,1h 30m,Landed
2026-01-10,IP103,PAS103,Pelita Air Service,Jakarta,CGK,WIII,12:45,04:45,12:59,14min late,13:32,2min early,1h 33m,Landed
2026-01-10,SQ939,SIA939,Singapore Airlines,Singapore,SIN,WSSS,13:00,05:00,13:38,38min late,15:50,on time,2h 12m,Landed
2026-01-10,AK365,AXM365,AirAsia,Kuala Lumpur,KUL,WMKK,13:05,05:05,12:24,40min early,18:05,55min late,5h 41m,Landed
2026-01-10,VJ900,VJC900,VietJet Air,Hanoi,HAN,VVNB,13:10,05:10,13:30,20min late,17:12,7min early,4h 41m,Landed
2026-01-10,MH714,MAS714,Malaysia Airlines,Kuala Lumpur,KUL,WMKK,13:10,05:10,14:00,50min late,16:50,45min late,2h 49m,Landed
2026-01-10,JT35,LNI035,Lion Air,Jakarta,CGK,WIII,13:15,05:15,14:06,51min late,14:34,24min late,1h 27m,Landed
2026-01-10,GA409,GIA409,Garuda Indonesia,Jakarta,CGK,WIII,13:25,05:25,13:43,18min late,14:31,6min late,1h 48m,Landed
2026-01-10,JQ58,JST058,Jetstar Airways,Brisbane,BNE,YBBN,13:30,05:30,13:47,17min late,21:13,11min early,5h 25m,Landed
2026-01-10,JT660,LNI660,Lion Air,Balikpapan,BPN,WALL,13:30,05:30,14:18,48min late,18:01,46min late,3h 43m,Landed
2026-01-10,ID6509,BTK6509,Batik Air,Jakarta,CGK,WIII,13:45,05:45,14:16,31min late,14:46,6min late,1h 29m,Landed
2026-01-10,SJ7420,SJY7420,Sriwijaya Air,Tambolaka,TMC,WADT,13:45,05:45,15:50,5min late,16:35,50min late,45m,Landed
2026-01-10,OD158,MXD158,Malindo Air,Kuala Lumpur,KUL,WMKK,13:50,05:50,14:09,19min late,16:46,13min early,2h 37m,Landed
2026-01-10,JT919,LNI919,Lion Air,Surabaya,SUB,WARR,13:55,05:55,14:26,31min late,14:03,8min late,37m,Landed
2026-01-10,8B82,TNU082,Business Air,Perth,PER,YPPH,14:00,06:00,14:32,32min late,17:57,17min late,3h 24m,Landed
2026-01-10,6E1612,IGO1612,IndiGo,Bhubaneswar,BBI,VEBS,14:00,06:00,14:56,56min late,18:15,35min late,5h 48m,Landed
2026-01-10,QG687,CTV687,Citilink,Jakarta,CGK,WIII,14:00,06:00,14:50,50min late,15:40,45min late,1h 50m,Landed
2026-01-10,QZ544,AWQ544,Indonesia AirAsia,Perth,PER,YPPH,14:00,06:00,14:47,47min late,18:10,20min late,3h 22m,Landed
2026-01-10,VJ894,VJC894,VietJet Air,Ho Chi Minh City,SGN,VVTS,14:05,06:05,14:04,on time,16:25,39min early,3h 21m,Landed
2026-01-10,JT569,LNI569,Lion Air,Yogyakarta,YIA,WAHI,14:15,06:15,14:46,31min late,14:54,9min late,1h 8m,Landed
2026-01-10,ID6517,BTK6517,Batik Air,Jakarta,CGK,WIII,14:15,06:15,14:41,26min late,15:15,5min late,1h 34m,Landed
2026-01-10,ID7308,BTK7308,Batik Air,Jakarta,HLP,WIHH,14:20,06:20,14:55,35min late,15:20,10min late,1h 24m,Landed
2026-01-10,QZ246,AWQ246,Indonesia AirAsia,Phuket,HKT,VTSP,14:25,06:25,14:41,16min late,17:08,6min early,3h 27m,Landed
2026-01-10,JT740,LNI740,Lion Air,Makassar,UPG,WAAA,14:40,06:40,16:08,28min late,19:41,36min late,3h 32m,Landed
2026-01-10,JT23,,Lion Air,Jakarta,CGK,WIII,14:45,06:45,,,,,1h 55m,
2026-01-10,OD307,MXD307,Malindo Air,Kuala Lumpur,KUL,WMKK,14:50,06:50,15:24,34min late,17:53,1min early,2h 28m,Landed
2026-01-10,JQ43,JST043,Jetstar Airways,Singapore,SIN,WSSS,14:50,06:50,15:30,40min late,17:58,3min late,2h 28m,Landed
2026-01-10,JT924,LNI924,Lion Air,Kupang,KOE,WATT,14:55,06:55,15:25,30min late,16:56,11min late,1h 30m,Landed
2026-01-10,JQ44,JST044,Jetstar Airways,Melbourne,MEL,YMML,14:55,06:55,15:01,6min late,23:26,9min early,5h 25m,Landed
2026-01-10,JT844,LNI844,Lion Air,Banjarmasin,BDJ,WAOO,15:00,07:00,15:45,45min late,16:52,22min late,1h 7m,Landed
2026-01-10,VA48,VOZ048,Virgin Australia,Brisbane,BNE,YBBN,15:00,07:00,15:12,12min late,23:11,16min late,5h 59m,Landed
2026-01-10,AI2148,AIC2148,Air India,Delhi,DEL,VIDP,15:10,07:10,15:24,14min late,20:26,21min late,7h 32m,Landed
2026-01-10,QG681,CTV681,Citilink,Jakarta,CGK,WIII,15:10,07:10,15:52,42min late,16:50,45min late,1h 58m,Landed
2026-01-10,GA842,GIA842,Garuda Indonesia,Singapore,SIN,WSSS,15:15,07:15,15:38,23min late,18:08,8min late,2h 29m,Landed
2026-01-10,AK377,AXM377,AirAsia,Kuala Lumpur,KUL,WMKK,15:25,07:25,15:56,31min late,21:58,33min late,6h 1m,Landed
2026-01-10,VJ898,VJC898,VietJet Air,Ho Chi Minh City,SGN,VVTS,15:35,07:35,15:49,14min late,18:11,13min early,3h 21m,Landed
2026-01-10,QG669,CTV669,Citilink,Surabaya,SUB,WARR,15:40,07:40,15:44,4min late,16:02,17min late,1h 18m,Landed
2026-01-10,GA411,GIA411,Garuda Indonesia,Jakarta,CGK,WIII,15:40,07:40,16:29,49min late,17:02,17min late,1h 33m,Landed
2026-01-10,CI772,CAL772,China Airlines,Taipei,TPE,RCTP,15:45,07:45,15:44,on time,20:50,14min early,5h 6m,Landed
2026-01-10,VA92,VOZ092,Virgin Australia,Melbourne,MEL,YMML,15:50,07:50,16:14,24min late,00:45,15min late,5h 31m,Landed
2026-01-10,IP109,PAS109,Pelita Air Service,Jakarta,CGK,WIII,16:00,08:00,16:23,23min late,16:54,4min late,1h 31m,Landed
2026-01-10,QZ536,AWQ536,Indonesia AirAsia,Perth,PER,YPPH,16:00,08:00,16:27,27min late,19:45,on time,3h 18m,Landed
2026-01-10,VN640,HVN640,Vietnam Airlines,Ho Chi Minh City,SGN,VVTS,16:05,08:05,16:14,9min late,18:42,12min early,3h 28m,Landed
2026-01-10,QG661,CTV661,Citilink,Jakarta,CGK,WIII,16:05,08:05,19:59,54min late,20:59,59min late,2h 0m,Landed
2026-01-10,TG432,THA432,Thai Airways International,Bangkok,BKK,VTBS,16:10,08:10,16:09,on time,18:51,33min early,3h 41m,Landed
2026-01-10,IU703,SJV703,SW Italia,Surabaya,SUB,WARR,16:10,08:10,16:10,on time,16:10,,1h 0m,Landed
2026-01-10,QZ807,AWQ807,Indonesia AirAsia,Jakarta,CGK,WIII,16:10,08:10,16:40,30min late,17:11,1min late,1h 31m,Landed
2026-01-10,QZ556,AWQ556,Indonesia AirAsia,Kuala Lumpur,KUL,WMKK,16:15,08:15,16:37,22min late,19:09,on time,2h 31m,Landed
2026-01-10,CX784,CPA784,Cathay Pacific,Hong Kong,HKG,VHHH,16:20,08:20,16:19,on time,21:21,3min early,5h 2m,Landed
2026-01-10,MH850,MAS850,Malaysia Airlines,Kuala Lumpur,KUL,WMKK,16:25,08:25,16:35,10min late,19:29,5min early,2h 54m,Landed
2026-01-10,IW1852,WON1852,Wings Air,Lombok,LOP,WADL,16:30,08:30,16:46,16min late,17:14,5min early,28m,Landed
2026-01-10,IU743,SJV743,SW Italia,Jakarta,CGK,WIII,16:35,08:35,17:15,40min late,17:46,16min late,1h 30m,Landed
2026-01-10,BR256,EVA256,EVA Airways,Taipei,TPE,RCTP,16:40,08:40,16:39,on time,21:52,7min late,5h 13m,Landed
2026-01-10,JT744,LNI744,Lion Air,Makassar,UPG,WAAA,16:40,08:40,17:29,49min late,18:33,28min late,1h 4m,Landed
2026-01-10,GA349,GIA349,Garuda Indonesia,Surabaya,SUB,WARR,16:55,08:55,17:37,42min late,17:20,10min late,43m,Landed
2026-01-10,ID6335,BTK6335,Batik Air,Labuan Bajo,LBJ,WATO,17:00,09:00,17:18,18min late,18:12,2min early,54m,Landed
2026-01-10,JT25,,Lion Air,Jakarta,CGK,WIII,17:15,09:15,,,,,1h 55m,
2026-01-10,SJ7161,SJY7161,Sriwijaya Air,Makassar,UPG,WAAA,17:15,09:15,19:18,3min late,18:35,,1h 20m,Landed
2026-01-10,GA419,GIA419,Garuda Indonesia,Jakarta,CGK,WIII,17:25,09:25,17:50,25min late,18:27,2min late,1h 37m,Landed
2026-01-10,VJ998,VJC998,VietJet Air,Hanoi,HAN,VVNB,17:25,09:25,17:20,4min early,21:05,29min early,4h 44m,Landed
2026-01-10,HO1356,DKH1356,Juneyao Airlines,Shanghai,PVG,ZSPD,17:25,09:25,16:00,24min early,23:28,21min early,7h 27m,Landed
2026-01-10,TR211,TGW211,Scoot,Singapore,SIN,WSSS,17:35,09:35,18:07,32min late,20:27,18min early,2h 19m,Landed
2026-01-10,IP107,PAS107,Pelita Air Service,Jakarta,CGK,WIII,17:40,09:40,18:08,28min late,18:41,11min late,1h 32m,Landed
2026-01-10,IU759,SJV759,SW Italia,Jakarta,CGK,WIII,17:40,09:40,19:36,56min late,20:07,32min late,1h 31m,Landed
2026-01-10,8B5107,TNU5107,Business Air,Jakarta,CGK,WIII,18:02,10:02,18:05,3min late,18:34,on time,1h 29m,Landed
2026-01-10,OD193,MXD193,Malindo Air,Perth,PER,YPPH,18:10,10:10,18:38,28min late,21:57,12min late,3h 19m,Landed
2026-01-10,IN281,LKN281,Nam Air,Jakarta,CGK,WIII,18:30,10:30,19:04,34min late,19:35,25min late,1h 30m,Landed
2026-01-10,IN283,,NAM Air,Jakarta,CGK,WIII,18:30,10:30,,,,,1h 40m,
2026-01-10,GA417,GIA417,Garuda Indonesia,Jakarta,CGK,WIII,18:30,10:30,18:43,13min late,19:25,4min early,1h 42m,Landed
2026-01-10,IP111,PAS111,Pelita Air Service,Jakarta,CGK,WIII,18:35,10:35,18:52,17min late,19:28,3min late,1h 36m,Landed
2026-01-10,CX782,CPA782,Cathay Pacific,Hong Kong,HKG,VHHH,18:40,10:40,19:11,31min late,00:02,17min late,4h 51m,Landed
2026-01-10,JT3027,,Lion Air,Jakarta,CGK,WIII,18:40,10:40,,,,,1h 55m,
2026-01-10,JT925,LNI925,Lion Air,Surakarta,SOC,WAHQ,18:40,10:40,19:37,57min late,19:35,35min late,58m,Landed
2026-01-10,SL259,TLM259,Thai Lion Air,Bangkok,DMK,VTBD,18:40,10:40,19:12,32min late,22:04,4min late,3h 52m,Landed
2026-01-10,EY477,ETD477,Etihad Airways,Abu Dhabi,AUH,OMAA,18:45,10:45,11:05,39min early,23:29,15min early,16h 23m,Landed
2026-01-10,ID6415,BTK6415,Batik Air,Surabaya,SUB,WARR,18:45,10:45,18:59,14min late,18:36,8min early,36m,Landed
2026-01-10,QZ809,AWQ809,Indonesia AirAsia,Jakarta,CGK,WIII,18:50,10:50,20:21,31min late,20:50,0min late,1h 29m,Landed
2026-01-10,6E1608,IGO1608,IndiGo,Chennai,MAA,VOMM,18:50,10:50,19:45,55min late,22:48,18min late,5h 32m,Landed
2026-01-10,QR963,QTR963,Qatar Airways,Doha,DOH,OTHH,18:50,10:50,19:12,22min late,23:31,1min late,9h 19m,Landed
2026-01-10,TG440,THA440,Thai Airways International,Bangkok,BKK,VTBS,19:00,11:00,19:55,55min late,22:46,31min late,3h 51m,Landed
2026-01-10,MH852,MAS852,Malaysia Airlines,Kuala Lumpur,KUL,WMKK,19:15,11:15,19:56,41min late,22:43,28min late,2h 46m,Landed
2026-01-10,AK379,AXM379,AirAsia,Kuala Lumpur,KUL,WMKK,19:15,11:15,19:30,15min late,22:26,6min late,2h 56m,Landed
2026-01-10,QG699,CTV699,Citilink,Surabaya,SUB,WARR,19:25,11:25,20:11,46min late,20:06,36min late,54m,Landed
2026-01-10,ID7310,BTK7310,Batik Air,Jakarta,HLP,WIHH,19:25,11:25,20:10,45min late,20:35,20min late,1h 24m,Landed
2026-01-10,QG689,CTV689,Citilink,Jakarta,CGK,WIII,19:30,11:30,21:13,43min late,21:45,20min late,1h 31m,Landed
2026-01-10,8B969,TNU969,Business Air,Guangzhou,CAN,ZGGG,19:45,11:45,19:56,11min late,00:46,18min early,4h 49m,Landed
2026-01-10,JT923,LNI923,Lion Air,Surabaya,SUB,WARR,19:45,11:45,20:46,1min late,20:22,37min late,35m,Landed
2026-01-10,EK369,UAE369,Emirates,Dubai,DXB,OMDB,19:50,11:50,22:25,35min late,02:45,35min late,8h 20m,Landed
2026-01-10,JT271,LNI271,Lion Air,Semarang,SRG,WIIS,19:50,11:50,20:37,47min late,20:35,25min late,57m,Landed
2026-01-10,TR283,TGW283,Scoot,Singapore,SIN,WSSS,20:05,12:05,20:29,24min late,22:39,on time,2h 9m,Landed
2026-01-10,QG195,CTV195,Citilink,Jakarta,HLP,WIHH,20:10,12:10,20:10,on time,21:04,4min late,1h 54m,Landed
2026-01-10,SQ945,SIA945,Singapore Airlines,Singapore,SIN,WSSS,20:15,12:15,20:32,17min late,22:45,10min early,2h 12m,Landed
2026-01-10,JQ34,JST034,Jetstar Airways,Melbourne,MEL,YMML,20:20,12:20,20:04,15min early,05:47,52min late,6h 43m,Landed
2026-01-10,GA718,GIA718,Garuda Indonesia,Melbourne,MEL,YMML,20:20,12:20,20:43,23min late,04:56,3min early,5h 13m,Landed
2026-01-10,ID6413,BTK6413,Batik Air,Surabaya,SUB,WARR,20:30,12:30,21:49,19min late,21:24,54min late,34m,Landed
2026-01-10,GA415,GIA415,Garuda Indonesia,Jakarta,CGK,WIII,20:45,12:45,21:23,38min late,21:54,9min late,1h 31m,Landed
2026-01-10,IP105,PAS105,Pelita Air Service,Jakarta,CGK,WIII,20:50,12:50,21:04,14min late,21:31,8min early,1h 26m,Landed
2026-01-10,OD177,MXD177,Malindo Air,Melbourne,MEL,YMML,20:55,12:55,21:18,23min late,05:34,5min early,5h 16m,Landed
2026-01-10,OD171,MXD171,Malindo Air,Sydney,SYD,YSSY,21:10,13:10,22:13,3min late,06:53,38min late,5h 40m,Landed
2026-01-10,TK67,THY067,Turkish Airlines,Istanbul,IST,LTFM,21:10,13:10,19:39,30min early,05:20,19min early,14h 41m,Landed
2026-01-10,JT11,,Lion Air,Jakarta,CGK,WIII,21:15,13:15,,,,,1h 55m,
2026-01-10,QZ819,AWQ819,Indonesia AirAsia,Jakarta,CGK,WIII,21:15,13:15,22:03,48min late,22:30,25min late,1h 27m,Landed
2026-01-10,QF44,QFA044,Qantas,Sydney,SYD,YSSY,21:20,13:20,21:23,3min late,06:14,on time,5h 51m,Landed
2026-01-10,ID6760,BTK6760,Batik Air,Makassar,UPG,WAAA,21:30,13:30,19:55,34min early,09:19,24min late,13h 24m,Landed
2026-01-10,JQ60,JST060,Jetstar Airways,Brisbane,BNE,YBBN,21:30,13:30,22:42,12min late,06:08,48min late,5h 26m,Landed
2026-01-10,GA425,GIA425,Garuda Indonesia,Jakarta,CGK,WIII,21:30,13:30,21:55,25min late,22:32,2min early,1h 37m,Landed
2026-01-10,SJ273,SJY273,Sriwijaya Air,Jakarta,CGK,WIII,21:35,13:35,23:42,7min late,00:14,59min late,1h 32m,Landed
2026-01-10,KL836,KLM836,KLM Royal Dutch Airlines,Singapore,SIN,WSSS,21:40,13:40,22:55,15min late,01:12,2min late,2h 17m,Landed
2026-01-10,SQ947,SIA947,Singapore Airlines,Singapore,SIN,WSSS,21:40,13:40,21:51,11min late,00:11,9min early,2h 19m,Landed
2026-01-10,JQ117,JST117,Jetstar Airways,Perth,PER,YPPH,21:45,13:45,21:49,4min late,01:18,3min late,3h 29m,Landed
2026-01-10,AK375,AXM375,AirAsia,Kuala Lumpur,KUL,WMKK,21:55,13:55,22:27,32min late,01:29,29min late,3h 2m,Landed
2026-01-10,QZ546,AWQ546,Indonesia AirAsia,Perth,PER,YPPH,21:55,13:55,22:18,23min late,01:40,5min late,3h 22m,Landed
2026-01-10,QF46,QFA046,Qantas,Melbourne,MEL,YMML,22:05,14:05,23:08,3min late,07:30,40min late,5h 22m,Landed
2026-01-10,OD157,MXD157,Malindo Air,Brisbane,BNE,YBBN,22:10,14:10,22:42,32min late,06:17,17min late,5h 34m,Landed
2026-01-10,QZ811,AWQ811,Indonesia AirAsia,Jakarta,CGK,WIII,22:15,14:15,22:36,21min late,22:59,5min early,1h 22m,Landed
2026-01-10,QG342,CTV342,Citilink,Makassar,UPG,WAAA,22:20,14:20,14:13,6min early,15:38,6min early,1h 25m,Landed
2026-01-10,JQ38,JST038,Jetstar Airways,Sydney,SYD,YSSY,22:20,14:20,22:19,on time,07:19,10min early,6h 0m,Landed
2026-01-10,VA84,VOZ084,Virgin Australia,Gold Coast,OOL,YBCG,22:20,14:20,22:09,11min early,06:11,1min late,6h 2m,Landed
2026-01-10,VA66,VOZ066,Virgin Australia,Sydney,SYD,YSSY,22:30,14:30,23:52,22min late,08:42,2min late,5h 50m,Landed
2026-01-10,JT15,LNI015,Lion Air,Jakarta,CGK,WIII,22:35,14:35,23:28,53min late,23:56,26min late,1h 27m,Landed
2026-01-10,JQ128,JST128,Jetstar Airways,Adelaide,ADL,YPAD,22:50,14:50,23:37,47min late,06:47,32min late,4h 40m,Landed
2026-01-10,7C2712,JJA2712,Jeju Air,Seoul,ICN,RKSI,23:05,15:05,23:42,37min late,07:38,28min late,6h 56m,Landed
2026-01-10,8B5109,TNU5109,Business Air,Jakarta,CGK,WIII,23:10,15:10,23:30,20min late,23:58,8min late,1h 27m,Landed
2026-01-10,JQ91,JST091,Jetstar Airways,Cairns,CNS,YBCS,23:10,15:10,23:06,4min early,05:53,8min late,4h 47m,Landed
2026-01-10,3U3986,CSC3986,Sichuan Airlines,Lujia Town,TFU,ZUTF,23:10,15:10,00:31,21min late,06:44,34min late,6h 12m,Landed
2026-01-10,VA82,VOZ082,Virgin Australia,Gold Coast,OOL,YBCG,23:20,15:20,23:27,7min late,07:03,6min early,5h 36m,Landed
2026-01-10,GA714,GIA714,Garuda Indonesia,Sydney,SYD,YSSY,23:35,15:35,23:40,5min late,08:28,6min early,5h 47m,Landed
2026-01-10,JQ42,JST042,Jetstar Airways,Melbourne,MEL,YMML,23:40,15:40,23:54,14min late,08:03,26min early,5h 9m,Landed
2026-01-10,KE432,KAL432,Korean Air Lines,Seoul,ICN,RKSI,23:50,15:50,00:26,36min late,08:01,16min late,6h 34m,Landed
2026-01-11,BX602,ABL602,Air Busan,Busan,PUS,RKPK,00:05,16:05,00:50,45min late,08:09,20min early,6h 19m,Landed
2026-01-11,TW158,TWB158,T'Way Air,Cheongju,CJJ,RKTU,00:15,16:15,01:45,30min late,09:22,12min late,6h 36m,Landed
2026-01-11,8B84,TNU084,Business Air,Perth,PER,YPPH,00:20,16:20,00:38,18min late,03:57,7min early,3h 19m,Landed
2026-01-11,EK399,UAE399,Emirates,Dubai,DXB,OMDB,00:25,16:25,00:45,20min late,05:37,7min early,8h 51m,Landed
2026-01-11,QR961,QTR961,Qatar Airways,Doha,DOH,OTHH,00:30,16:30,00:36,6min late,05:00,9min early,9h 24m,Landed
2026-01-11,MF892,CXA892,Xiamen Airlines,Xiamen,XMN,ZSAM,00:30,16:30,00:27,3min early,05:53,11min early,5h 26m,Landed
2026-01-11,CZ626,CSN626,China Southern Airlines,Guangzhou,CAN,ZGGG,00:40,16:40,00:28,11min early,05:20,29min early,4h 52m,Landed
2026-01-11,GA880,GIA880,Garuda Indonesia,Tokyo,NRT,RJAA,00:50,16:50,01:03,13min late,08:25,24min early,6h 22m,Landed
2026-01-11,GA870,GIA870,Garuda Indonesia,Seoul,ICN,RKSI,00:50,16:50,21:52,57min early,08:41,8min early,9h 48m,Landed
2026-01-11,MU5030,CES5030,China Eastern Airlines,Shanghai,PVG,ZSPD,00:55,16:55,00:58,3min late,07:24,14min late,6h 26m,Landed
2026-01-11,QZ548,AWQ548,Indonesia AirAsia,Perth,PER,YPPH,01:00,17:00,01:11,11min late,04:24,15min early,3h 13m,Landed
2026-01-11,PR538,PAL538,Philippine Airlines,Manila,MNL,RPLL,01:10,17:10,01:21,11min late,05:08,1min early,3h 47m,Landed
2026-01-11,KE434,KAL434,Korean Air Lines,Seoul,ICN,RKSI,01:20,17:20,01:11,9min early,08:49,30min early,6h 38m,Landed
2026-01-11,8B5888,TNU5888,TransNusa,Manado,MDC,WAMM,01:30,17:30,01:34,4min late,03:54,20min early,2h 19m,Landed
2026-01-11,GA686,GIA686,Garuda Indonesia,Sorong,SOQ,WASS,01:30,17:30,01:43,13min late,14:33,53min late,11h 50m,Landed
2026-01-11,GA401,GIA401,Garuda Indonesia,Jakarta,CGK,WIII,06:30,22:30,06:41,11min late,07:22,7min early,1h 40m,Landed
2026-01-11,QZ813,AWQ813,Indonesia AirAsia,Jakarta,CGK,WIII,07:00,23:00,07:12,12min late,07:41,8min early,1h 28m,Landed
2026-01-11,GA401,GIA401,Garuda Indonesia,Jakarta,CGK,WIII,07:00,23:00,07:10,10min late,07:37,22min early,1h 27m,Landed
2026-01-11,JT746,LNI746,Lion Air,Makassar,UPG,WAAA,07:00,23:00,09:13,13min late,08:23,1min early,,Landed
2026-01-11,JT929,,Lion Air,Surabaya,SUB,WARR,07:00,23:00,,,,,1h 1m,
2026-01-11,QZ534,AWQ534,Indonesia AirAsia,Perth,PER,YPPH,07:00,23:00,07:15,15min late,10:33,16min early,3h 18m,Landed
2026-01-11,QG690,CTV690,Citilink,Surabaya,SUB,WARR,07:05,23:05,07:20,15min late,06:58,11min early,38m,Landed
2026-01-11,JQ82,JST082,Jetstar Airways,Darwin,DRW,YPDN,07:05,23:05,07:06,1min late,10:58,16min early,2h 21m,Landed
2026-01-11,QZ644,AWQ644,Indonesia AirAsia,Labuan Bajo,LBJ,WATO,07:10,23:10,07:21,11min late,08:14,10min early,52m,Landed
2026-01-11,QZ550,AWQ550,Indonesia AirAsia,Kuala Lumpur,KUL,WMKK,07:15,23:15,07:17,2min late,09:44,25min early,2h 27m,Landed
2026-01-11,SQ949,SIA949,Singapore Airlines,Singapore,SIN,WSSS,07:20,23:20,07:31,11min late,09:45,14min early,2h 14m,Landed
2026-01-11,8B551,TNU551,Business Air,Singapore,SIN,WSSS,07:30,23:30,07:25,4min early,09:36,18min early,2h 11m,Landed
2026-01-11,ID6333,BTK6333,Batik Air,Labuan Bajo,LBJ,WATO,07:55,23:55,08:04,9min late,09:02,7min early,57m,Landed
2026-01-11,QG9691,CTV9691,Citilink,Surabaya,SUB,WARR,08:05,00:05,08:02,2min early,07:52,17min early,49m,Landed
2026-01-11,JT21,LNI021,Lion Air,Jakarta,CGK,WIII,08:05,00:05,10:28,23min late,11:00,0min late,1h 31m,Landed
2026-01-11,IW1858,,Wings Air,Lombok,LOP,WADL,08:05,00:05,20:15,10min late,08:55,,50m,Landed
2026-01-11,HX706,CRK706,Hong Kong Airlines,Hong Kong,HKG,VHHH,08:15,00:15,08:14,on time,13:04,10min early,4h 50m,Landed
2026-01-11,GA710,GIA710,Garuda Indonesia,Melbourne,MEL,YMML,08:20,00:20,08:20,on time,17:02,2min late,5h 41m,Landed
2026-01-11,5J280,CEB280,CEBU Pacific Air,Manila,MNL,RPLL,08:35,00:35,08:40,5min late,12:45,4min early,4h 5m,Landed
2026-01-11,CZ8482,CSN8482,China Southern Airlines,Guangzhou,CAN,ZGGG,08:35,00:35,08:42,7min late,13:23,31min early,4h 40m,Landed
2026-01-11,IW1854,WON1854,Wings Air,Lombok,LOP,WADL,08:45,00:45,08:48,3min late,09:19,15min early,30m,Landed
2026-01-11,IW1882,WON1882,Wings Air,Sumbawa Besar,SWQ,WADS,08:55,00:55,09:20,25min late,10:11,11min late,50m,Landed
2026-01-11,IN640,LKN640,NAM Air,Tambolaka,TMC,WADT,09:10,01:10,10:06,56min late,10:56,46min late,49m,Landed
2026-01-11,8B5105,TNU5105,Business Air,Jakarta,CGK,WIII,09:15,01:15,09:32,17min late,09:57,2min early,1h 25m,Landed
2026-01-11,IW1848,WON1848,Wings Air,Lombok,LOP,WADL,09:25,01:25,10:36,11min late,11:06,51min late,29m,Landed
2026-01-11,QZ504,AWQ504,Indonesia AirAsia,Singapore,SIN,WSSS,09:25,01:25,09:44,19min late,11:55,9min early,2h 11m,Landed
2026-01-11,ID6007,BTK6007,Batik Air,Perth,PER,YPPH,09:30,01:30,10:00,30min late,13:18,3min late,3h 18m,Landed
2026-01-11,QG500,CTV500,Citilink,Dili,DIL,WPDL,09:30,01:30,09:41,11min late,12:38,18min late,1h 57m,Landed
2026-01-11,QG663,CTV663,Citilink,Jakarta,CGK,WIII,09:35,01:35,09:50,15min late,10:43,13min late,1h 53m,Landed
2026-01-11,QZ803,AWQ803,Indonesia AirAsia,Jakarta,CGK,WIII,09:40,01:40,09:56,16min late,10:22,7min early,1h 26m,Landed
2026-01-11,ID6324,BTK6324,Batik Air,Tambolaka,TMC,WADT,09:40,01:40,09:58,18min late,10:49,5min early,51m,Landed
2026-01-11,8B80,TNU080,Business Air,Perth,PER,YPPH,09:40,01:40,09:46,6min late,13:08,16min early,3h 22m,Landed
2026-01-11,QR965,QTR965,Qatar Airways,Doha,DOH,OTHH,09:45,01:45,10:11,26min late,14:29,4min late,9h 17m,Landed
2026-01-11,AI2146,AIC2146,Air India,Delhi,DEL,VIDP,10:00,02:00,10:00,on time,15:03,3min late,7h 33m,Landed
2026-01-11,JT3569,LNI3569,Lion Air,Yogyakarta,YIA,WAHI,10:00,02:00,10:14,14min late,10:18,11min early,1h 4m,Landed
2026-01-11,JT270,LNI270,Lion Air,Kupang,KOE,WATT,10:00,02:00,12:08,8min late,13:38,48min late,1h 29m,Landed
2026-01-11,SU297,AFL297,Aeroflot,Moscow,SVO,UUEE,10:05,02:05,10:55,50min late,18:01,1min late,12h 6m,Landed
2026-01-11,JQ126,JST126,Jetstar Airways,Adelaide,ADL,YPAD,10:15,02:15,10:10,5min early,17:38,6min early,4h 58m,Landed
2026-01-11,8B5101,,TransNusa,Jakarta,CGK,WIII,10:30,02:30,,,,,1h 45m,
2026-01-11,SQ935,SIA935,Singapore Airlines,Singapore,SIN,WSSS,10:30,02:30,10:43,13min late,13:01,9min early,2h 18m,Landed
2026-01-11,JT33,,Lion Air,Jakarta,CGK,WIII,10:35,02:35,,,,,1h 55m,
2026-01-11,QZ815,AWQ815,Indonesia AirAsia,Jakarta,CGK,WIII,10:35,02:35,10:44,9min late,11:13,16min early,1h 29m,Landed
2026-01-11,JT805,LNI805,Lion Air,Surabaya,SUB,WARR,10:35,02:35,13:44,9min late,10:35,,1h 0m,Landed
2026-01-11,JT927,LNI927,Lion Air,Surakarta,SOC,WAHQ,10:40,02:40,14:37,57min late,14:37,37min late,1h 0m,Landed
2026-01-11,IW1856,WON1856,Wings Air,Lombok,LOP,WADL,11:10,03:10,11:44,34min late,12:15,15min late,31m,Landed
2026-01-11,TR281,TGW281,Scoot,Singapore,SIN,WSSS,11:10,03:10,11:39,29min late,14:11,21min late,2h 31m,Landed
2026-01-11,QG197,CTV197,Citilink,Jakarta,HLP,WIHH,11:10,03:10,11:05,5min early,12:01,1min late,1h 56m,Landed
2026-01-11,JQ40,JST040,Jetstar Airways,Sydney,SYD,YSSY,11:15,03:15,11:23,8min late,20:19,4min late,5h 56m,Landed
2026-01-11,GA620,GIA620,Garuda Indonesia,Makassar,UPG,WAAA,11:20,03:20,11:31,11min late,12:47,2min early,1h 15m,Landed
2026-01-11,6E1606,IGO1606,IndiGo,Bangalore,BLR,VOBL,11:30,03:30,11:25,4min early,14:49,45min early,5h 53m,Landed
2026-01-11,JQ32,JST032,Jetstar Airways,Melbourne,MEL,YMML,11:30,03:30,11:23,7min early,19:46,23min early,5h 23m,Landed
2026-01-11,OD172,MXD172,Malindo Air,Kuala Lumpur,KUL,WMKK,11:35,03:35,12:52,17min late,20:06,21min late,7h 13m,Landed
2026-01-11,IW1964,WON1964,Wings Air,Lombok,LOP,WADL,11:40,03:40,15:39,59min late,16:09,39min late,30m,Landed
2026-01-11,QZ646,AWQ646,Indonesia AirAsia,Labuan Bajo,LBJ,WATO,11:40,03:40,11:46,6min late,12:40,14min early,53m,Landed
2026-01-11,JQ109,JST109,Jetstar Airways,Perth,PER,YPPH,11:45,03:45,11:40,5min early,15:18,16min early,3h 38m,Landed
2026-01-11,ID6331,BTK6331,Batik Air,Labuan Bajo,LBJ,WATO,11:45,03:45,10:33,11min early,13:46,46min late,3h 13m,Landed
2026-01-11,IW1850,WON1850,Wings Air,Lombok,LOP,WADL,11:50,03:50,12:38,48min late,13:11,31min late,32m,Landed
2026-01-11,GA407,GIA407,Garuda Indonesia,Jakarta,CGK,WIII,11:55,03:55,12:00,5min late,12:50,4min early,1h 50m,Landed
2026-01-11,FD397,AIQ397,Thai AirAsia,Bangkok,DMK,VTBD,12:00,04:00,12:34,34min late,15:25,5min late,3h 51m,Landed
2026-01-11,GA253,GIA253,Garuda Indonesia,Yogyakarta,YIA,WAHI,12:05,04:05,12:30,25min late,12:48,6min early,1h 17m,Landed
2026-01-11,SQ937,SIA937,Singapore Airlines,Singapore,SIN,WSSS,12:05,04:05,12:46,41min late,15:05,10min late,2h 18m,Landed
2026-01-11,QZ618,AWQ618,Indonesia AirAsia,Banjarmasin,BDJ,WAOO,12:05,04:05,12:30,25min late,13:36,3min early,1h 6m,Landed
2026-01-11,OD192,MXD192,Malindo Air,Kuala Lumpur,KUL,WMKK,12:10,04:10,12:22,12min late,14:58,21min early,2h 35m,Landed
2026-01-11,SJ742,SJY742,Sriwijaya Air,Tambolaka,TMC,WADT,12:10,04:10,12:31,21min late,13:24,14min late,52m,Landed
2026-01-11,OD178,MXD178,Malindo Air,Kuala Lumpur,KUL,WMKK,12:15,04:15,12:21,6min late,14:54,30min early,2h 32m,Landed
2026-01-11,QZ805,AWQ805,Indonesia AirAsia,Jakarta,CGK,WIII,12:40,04:40,13:03,23min late,14:01,26min late,1h 57m,Landed
2026-01-11,IP103,PAS103,Pelita Air Service,Jakarta,CGK,WIII,12:45,04:45,13:00,15min late,13:50,15min late,1h 49m,Landed
2026-01-11,OD158,MXD158,Malindo Air,Kuala Lumpur,KUL,WMKK,12:45,04:45,13:05,20min late,15:37,17min early,2h 32m,Landed
2026-01-11,SQ939,SIA939,Singapore Airlines,Singapore,SIN,WSSS,13:00,05:00,13:10,10min late,15:30,19min early,2h 20m,Landed
2026-01-11,AK365,AXM365,AirAsia,Kuala Lumpur,KUL,WMKK,13:05,05:05,13:42,37min late,18:07,57min late,4h 25m,Landed
2026-01-11,MH714,MAS714,Malaysia Airlines,Kuala Lumpur,KUL,WMKK,13:10,05:10,14:18,8min late,17:11,6min late,2h 53m,Landed
2026-01-11,VJ900,VJC900,VietJet Air,Hanoi,HAN,VVNB,13:10,05:10,13:17,7min late,16:52,27min early,4h 35m,Landed
2026-01-11,JT35,LNI035,Lion Air,Jakarta,CGK,WIII,13:15,05:15,19:32,17min late,20:05,55min late,1h 32m,Landed
2026-01-11,GA409,GIA409,Garuda Indonesia,Jakarta,CGK,WIII,13:25,05:25,13:57,32min late,14:40,15min late,1h 43m,Landed
2026-01-11,8G182,DTL182,Mid Africa Aviation,Dili,DIL,WPDL,13:25,05:25,13:31,6min late,16:15,4min early,1h 44m,Landed
2026-01-11,JQ58,JST058,Jetstar Airways,Brisbane,BNE,YBBN,13:30,05:30,11:37,52min early,21:04,20min early,7h 27m,Landed
2026-01-11,JT660,LNI660,Lion Air,Balikpapan,BPN,WALL,13:30,05:30,17:22,52min late,18:42,27min late,1h 20m,Landed
2026-01-11,ID6509,BTK6509,Batik Air,Jakarta,CGK,WIII,13:45,05:45,14:41,56min late,15:19,39min late,1h 38m,Landed
2026-01-11,8B5107,TNU5107,Business Air,Jakarta,CGK,WIII,13:50,05:50,13:50,on time,19:10,35min late,6h 20m,Landed
2026-01-11,JT919,LNI919,Lion Air,Surabaya,SUB,WARR,13:55,05:55,17:48,53min late,17:28,33min late,40m,Landed
2026-01-11,8B82,TNU082,Business Air,Perth,PER,YPPH,14:00,06:00,14:20,20min late,17:32,7min early,3h 12m,Landed
2026-01-11,QG687,CTV687,Citilink,Jakarta,CGK,WIII,14:00,06:00,13:51,9min early,15:11,16min late,2h 20m,Landed
2026-01-11,6E1612,IGO1612,IndiGo,Bhubaneswar,BBI,VEBS,14:00,06:00,14:25,25min late,18:59,19min late,7h 4m,Landed
2026-01-11,QZ544,AWQ544,Indonesia AirAsia,Perth,PER,YPPH,14:00,06:00,14:03,3min late,17:27,22min early,3h 24m,Landed
2026-01-11,VJ894,VJC894,VietJet Air,Ho Chi Minh City,SGN,VVTS,14:05,06:05,14:07,2min late,16:23,41min early,3h 15m,Landed
2026-01-11,ID6517,BTK6517,Batik Air,Jakarta,CGK,WIII,14:15,06:15,15:50,35min late,16:29,19min late,1h 38m,Landed
2026-01-11,JT569,,Lion Air,Yogyakarta,YIA,WAHI,14:15,06:15,,,,,1h 30m,
2026-01-11,ID7308,BTK7308,Batik Air,Jakarta,HLP,WIHH,14:20,06:20,16:10,50min late,16:40,30min late,1h 29m,Landed
2026-01-11,QZ506,AWQ506,Indonesia AirAsia,Singapore,SIN,WSSS,14:25,06:25,14:47,22min late,17:06,14min early,2h 19m,Landed
2026-01-11,JT273,LNI273,Lion Air,Semarang,SRG,WIIS,14:40,06:40,16:18,38min late,18:07,7min late,2h 49m,Landed
2026-01-11,JT740,LNI740,Lion Air,Makassar,UPG,WAAA,14:40,06:40,18:02,22min late,19:01,56min late,58m,Landed
2026-01-11,JT23,,Lion Air,Jakarta,CGK,WIII,14:45,06:45,,,,,1h 55m,
2026-01-11,OD307,MXD307,Malindo Air,Kuala Lumpur,KUL,WMKK,14:50,06:50,15:57,7min late,18:40,45min late,2h 43m,Landed
2026-01-11,JQ43,JST043,Jetstar Airways,Singapore,SIN,WSSS,14:50,06:50,14:43,7min early,17:21,33min early,2h 38m,Landed
2026-01-11,JQ44,JST044,Jetstar Airways,Melbourne,MEL,YMML,14:55,06:55,14:50,5min early,23:18,16min early,5h 28m,Landed
2026-01-11,JT924,LNI924,Lion Air,Kupang,KOE,WATT,14:55,06:55,15:23,28min late,16:47,2min late,1h 24m,Landed
2026-01-11,VA48,VOZ048,Virgin Australia,Brisbane,BNE,YBBN,15:00,07:00,15:09,9min late,22:56,on time,5h 47m,Landed
2026-01-11,JT844,LNI844,Lion Air,Banjarmasin,BDJ,WAOO,15:00,07:00,15:34,34min late,16:37,7min late,1h 2m,Landed
2026-01-11,QZ246,AWQ246,Indonesia AirAsia,Phuket,HKT,VTSP,15:05,07:05,16:15,10min late,18:36,56min late,3h 21m,Landed
2026-01-11,QG681,CTV681,Citilink,Jakarta,CGK,WIII,15:10,07:10,15:02,8min early,15:48,16min early,1h 46m,Landed
2026-01-11,AI2148,AIC2148,Air India,Delhi,DEL,VIDP,15:10,07:10,14:53,17min early,19:58,6min early,7h 35m,Landed
2026-01-11,GA842,GIA842,Garuda Indonesia,Singapore,SIN,WSSS,15:15,07:15,15:46,31min late,18:18,18min late,2h 32m,Landed
2026-01-11,AK377,AXM377,AirAsia,Kuala Lumpur,KUL,WMKK,15:25,07:25,16:03,38min late,19:14,49min late,3h 11m,Landed
2026-01-11,VJ898,VJC898,VietJet Air,Ho Chi Minh City,SGN,VVTS,15:35,07:35,16:06,31min late,18:22,2min early,3h 16m,Landed
2026-01-11,SJ717,SJY717,Sriwijaya Air,Makassar,UPG,WAAA,15:40,07:40,17:00,20min late,17:00,,1h 20m,Landed
2026-01-11,GA411,GIA411,Garuda Indonesia,Jakarta,CGK,WIII,15:40,07:40,15:11,28min early,17:46,1min late,3h 34m,Landed
2026-01-11,QG669,CTV669,Citilink,Surabaya,SUB,WARR,15:40,07:40,16:18,38min late,16:20,35min late,1h 2m,Landed
2026-01-11,CI772,CAL772,China Airlines,Taipei,TPE,RCTP,15:45,07:45,15:45,on time,21:16,11min late,5h 31m,Landed
2026-01-11,VA92,VOZ092,Virgin Australia,Melbourne,MEL,YMML,15:50,07:50,15:46,4min early,00:32,2min late,5h 46m,Landed
2026-01-11,QZ556,AWQ556,Indonesia AirAsia,Kuala Lumpur,KUL,WMKK,15:55,07:55,17:28,33min late,20:06,56min late,2h 38m,Landed
2026-01-11,QZ536,AWQ536,Indonesia AirAsia,Perth,PER,YPPH,16:00,08:00,17:02,2min late,20:18,33min late,3h 16m,Landed
2026-01-11,IP109,PAS109,Pelita Air Service,Jakarta,CGK,WIII,16:00,08:00,16:56,56min late,17:29,39min late,1h 33m,Landed
2026-01-11,VN640,HVN640,Vietnam Airlines,Ho Chi Minh City,SGN,VVTS,16:05,08:05,16:49,44min late,19:11,16min late,3h 22m,Landed
2026-01-11,QG661,CTV661,Citilink,Jakarta,CGK,WIII,16:05,08:05,17:17,12min late,18:35,35min late,2h 18m,Landed
2026-01-11,GA427,GIA427,Garuda Indonesia,Jakarta,CGK,WIII,16:10,08:10,17:20,10min late,17:48,43min late,1h 28m,Landed
2026-01-11,IU703,SJV703,SW Italia,Surabaya,SUB,WARR,16:10,08:10,17:44,34min late,17:27,17min late,42m,Landed
2026-01-11,QZ807,AWQ807,Indonesia AirAsia,Jakarta,CGK,WIII,16:10,08:10,18:01,51min late,18:28,18min late,1h 27m,Landed
2026-01-11,TG432,THA432,Thai Airways International,Bangkok,BKK,VTBS,16:10,08:10,16:37,27min late,19:11,13min early,3h 33m,Landed
2026-01-11,CX784,CPA784,Cathay Pacific,Hong Kong,HKG,VHHH,16:20,08:20,17:07,47min late,22:01,36min late,4h 54m,Landed
2026-01-11,MH850,MAS850,Malaysia Airlines,Kuala Lumpur,KUL,WMKK,16:25,08:25,17:18,53min late,20:37,2min late,3h 19m,Landed
2026-01-11,IW1852,WON1852,Wings Air,Lombok,LOP,WADL,16:30,08:30,17:26,56min late,17:55,35min late,29m,Landed
2026-01-11,IU743,SJV743,SW Italia,Jakarta,CGK,WIII,16:35,08:35,19:47,12min late,20:18,48min late,1h 30m,Landed
2026-01-11,BR256,EVA256,EVA Airways,Taipei,TPE,RCTP,16:40,08:40,17:05,25min late,22:40,55min late,5h 35m,Landed
2026-01-11,JT744,,Lion Air,Makassar,UPG,WAAA,16:40,08:40,,,,,1h 25m,
2026-01-11,GA349,GIA349,Garuda Indonesia,Surabaya,SUB,WARR,16:55,08:55,18:13,18min late,17:54,44min late,40m,Landed
2026-01-11,IU273,SJV273,SW Italia,Pontianak,PNK,WIOO,17:00,09:00,18:07,7min late,18:42,37min late,1h 35m,Landed
2026-01-11,ID6335,BTK6335,Batik Air,Labuan Bajo,LBJ,WATO,17:00,09:00,17:46,46min late,18:40,25min late,53m,Landed
2026-01-11,JT25,,Lion Air,Jakarta,CGK,WIII,17:15,09:15,,,,,1h 55m,
2026-01-11,VJ998,VJC998,VietJet Air,Hanoi,HAN,VVNB,17:25,09:25,18:11,46min late,21:47,12min late,4h 36m,Landed
2026-01-11,GA419,GIA419,Garuda Indonesia,Jakarta,CGK,WIII,17:25,09:25,18:18,53min late,18:45,20min late,1h 27m,Landed
2026-01-11,HO1356,DKH1356,Juneyao Airlines,Shanghai,PVG,ZSPD,17:25,09:25,17:56,31min late,23:56,6min late,5h 59m,Landed
2026-01-11,TR211,TGW211,Scoot,Singapore,SIN,WSSS,17:35,09:35,18:19,44min late,20:38,7min early,2h 19m,Landed
2026-01-11,IP107,PAS107,Pelita Air Service,Jakarta,CGK,WIII,17:40,09:40,18:23,43min late,18:51,21min late,1h 28m,Landed
2026-01-11,AK368,AXM368,AirAsia,Kuala Lumpur,KUL,WMKK,17:45,09:45,18:27,42min late,21:11,21min late,2h 44m,Landed
2026-01-11,OD193,MXD193,Malindo Air,Perth,PER,YPPH,18:10,10:10,19:11,1min late,22:24,39min late,3h 13m,Landed
2026-01-11,IN281,LKN281,Nam Air,Jakarta,CGK,WIII,18:30,10:30,18:52,22min late,18:59,10min early,1h 7m,Landed
2026-01-11,GA417,GIA417,Garuda Indonesia,Jakarta,CGK,WIII,18:30,10:30,21:00,30min late,21:31,1min late,1h 30m,Landed
2026-01-11,JT567,LNI567,Lion Air,Yogyakarta,YIA,WAHI,18:30,10:30,21:59,29min late,22:06,6min late,1h 7m,Landed
2026-01-11,IP111,PAS111,Pelita Air Service,Jakarta,CGK,WIII,18:35,10:35,18:58,23min late,19:34,9min late,1h 36m,Landed
2026-01-11,CX782,CPA782,Cathay Pacific,Hong Kong,HKG,VHHH,18:40,10:40,18:48,8min late,23:16,28min early,4h 28m,Landed
2026-01-11,JT3027,,Lion Air,Jakarta,CGK,WIII,18:40,10:40,,,,,1h 55m,
2026-01-11,JT925,LNI925,Lion Air,Surakarta,SOC,WAHQ,18:40,10:40,22:32,52min late,22:31,31min late,58m,Landed
2026-01-11,EY477,ETD477,Etihad Airways,Abu Dhabi,AUH,OMAA,18:45,10:45,18:47,2min late,23:32,12min early,8h 45m,Landed
2026-01-11,ID6415,BTK6415,Batik Air,Surabaya,SUB,WARR,18:45,10:45,19:14,29min late,19:00,15min late,45m,Landed
2026-01-11,QR963,QTR963,Qatar Airways,Doha,DOH,OTHH,18:50,10:50,20:32,42min late,00:47,17min late,9h 14m,Landed
2026-01-11,6E1608,IGO1608,IndiGo,Chennai,MAA,VOMM,18:50,10:50,20:19,29min late,23:37,7min late,5h 47m,Landed
2026-01-11,QZ809,AWQ809,Indonesia AirAsia,Jakarta,CGK,WIII,18:50,10:50,20:32,42min late,20:56,6min late,1h 23m,Landed
2026-01-11,NZ291,ANZ291,Air New Zealand,Auckland,AKL,NZAA,18:50,10:50,19:12,22min late,07:54,on time,7h 42m,Landed
2026-01-11,TG440,THA440,Thai Airways International,Bangkok,BKK,VTBS,19:00,11:00,19:19,19min late,22:12,2min early,3h 53m,Landed
2026-01-11,JT31,LNI031,Lion Air,Jakarta,CGK,WIII,19:02,11:02,,,,,1h 35m,
2026-01-11,MH852,MAS852,Malaysia Airlines,Kuala Lumpur,KUL,WMKK,19:15,11:15,19:24,9min late,22:26,11min late,3h 2m,Landed
2026-01-11,AK379,AXM379,AirAsia,Kuala Lumpur,KUL,WMKK,19:15,11:15,19:39,24min late,22:35,15min late,2h 56m,Landed
2026-01-11,QG699,CTV699,Citilink,Surabaya,SUB,WARR,19:25,11:25,21:18,53min late,21:13,43min late,55m,Landed
2026-01-11,ID7310,BTK7310,Batik Air,Jakarta,HLP,WIHH,19:25,11:25,19:41,16min late,20:06,8min early,1h 25m,Landed
2026-01-11,GA463,,Garuda Indonesia,Jakarta,HLP,WIHH,19:30,11:30,,,,,1h 55m,Cancelled
2026-01-11,GA4212,GIA4212,Garuda Indonesia,Jakarta,CGK,WIII,19:30,11:30,21:23,53min late,21:55,25min late,1h 32m,Landed
2026-01-11,QG689,CTV689,Citilink,Jakarta,CGK,WIII,19:30,11:30,20:15,45min late,21:10,45min late,1h 55m,Landed
2026-01-11,JT923,LNI923,Lion Air,Surabaya,SUB,WARR,19:45,11:45,20:46,1min late,20:30,45min late,44m,Landed
2026-01-11,8B969,TNU969,Business Air,Guangzhou,CAN,ZGGG,19:45,11:45,19:50,5min late,00:44,21min early,4h 54m,Landed
2026-01-11,JT271,LNI271,Lion Air,Semarang,SRG,WIIS,19:50,11:50,20:26,36min late,20:22,12min late,55m,Landed
2026-01-11,EK369,UAE369,Emirates,Dubai,DXB,OMDB,19:50,11:50,20:12,22min late,00:58,11min early,8h 45m,Landed
2026-01-11,TR283,TGW283,Scoot,Singapore,SIN,WSSS,20:05,12:05,20:18,13min late,22:38,2min early,2h 20m,Landed
2026-01-11,SL259,TLM259,Thai Lion Air,Bangkok,DMK,VTBD,20:05,12:05,20:35,30min late,23:27,2min late,3h 51m,Landed
2026-01-11,QG195,CTV195,Citilink,Jakarta,HLP,WIHH,20:10,12:10,21:11,1min late,21:59,59min late,1h 48m,Landed
2026-01-11,SQ945,SIA945,Singapore Airlines,Singapore,SIN,WSSS,20:15,12:15,21:17,2min late,23:29,34min late,2h 12m,Landed
2026-01-11,JQ34,JST034,Jetstar Airways,Melbourne,MEL,YMML,20:20,12:20,20:31,11min late,04:56,1min late,5h 25m,Landed
2026-01-11,GA718,GIA718,Garuda Indonesia,Melbourne,MEL,YMML,20:20,12:20,21:06,46min late,05:27,27min late,5h 21m,Landed
2026-01-11,ID6413,BTK6413,Batik Air,Surabaya,SUB,WARR,20:30,12:30,21:36,6min late,21:14,44min late,37m,Landed
2026-01-11,QG9697,CTV9697,Citilink,Surabaya,SUB,WARR,20:40,12:40,21:30,50min late,21:23,38min late,53m,Landed
2026-01-11,GA415,GIA415,Garuda Indonesia,Jakarta,CGK,WIII,20:45,12:45,21:23,38min late,21:55,10min late,1h 32m,Landed
2026-01-11,QG342,CTV342,Citilink,Makassar,UPG,WAAA,20:50,12:50,14:03,46min early,15:49,35min early,1h 46m,Landed
2026-01-11,IP105,PAS105,Pelita Air Service,Jakarta,CGK,WIII,20:50,12:50,21:55,5min late,22:20,40min late,1h 25m,Landed
2026-01-11,OD177,MXD177,Malindo Air,Melbourne,MEL,YMML,20:55,12:55,21:30,35min late,05:42,2min late,5h 12m,Landed
2026-01-11,IU759,SJV759,SW Italia,Jakarta,CGK,WIII,20:59,12:59,20:57,2min early,21:25,1min early,1h 27m,Landed
2026-01-11,OD157,MXD157,Malindo Air,Brisbane,BNE,YBBN,21:00,13:00,21:47,47min late,05:35,20min late,5h 48m,Landed
2026-01-11,OD171,MXD171,Malindo Air,Sydney,SYD,YSSY,21:10,13:10,22:17,7min late,06:53,38min late,5h 36m,Landed
2026-01-11,TK67,THY067,Turkish Airlines,Istanbul,IST,LTFM,21:10,13:10,14:05,55min late,22:48,8min late,13h 43m,Landed
2026-01-11,QG9667,CTV9667,Citilink,Jakarta,CGK,WIII,21:10,13:10,21:19,9min late,22:13,3min late,1h 54m,Landed
2026-01-11,GA4152,GIA4152,Garuda Indonesia,Jakarta,CGK,WIII,21:13,13:13,21:15,1min late,21:43,on time,1h 28m,Landed
2026-01-11,JT11,LNI011,Lion Air,Jakarta,CGK,WIII,21:15,13:15,22:14,59min late,22:43,33min late,1h 28m,Landed
2026-01-11,QZ819,AWQ819,Indonesia AirAsia,Jakarta,CGK,WIII,21:15,13:15,23:00,45min late,23:25,20min late,1h 25m,Landed
2026-01-11,QF44,QFA044,Qantas,Sydney,SYD,YSSY,21:20,13:20,21:19,on time,06:10,5min early,5h 51m,Landed
2026-01-11,ID6760,BTK6760,Batik Air,Makassar,UPG,WAAA,21:30,13:30,22:01,31min late,23:01,6min late,1h 0m,Landed
2026-01-11,GA425,GIA425,Garuda Indonesia,Jakarta,CGK,WIII,21:30,13:30,22:08,38min late,22:37,2min late,1h 29m,Landed
2026-01-11,SJ273,SJY273,Sriwijaya Air,Jakarta,CGK,WIII,21:35,13:35,23:44,9min late,00:12,57min late,1h 27m,Landed
2026-01-11,KL836,KLM836,KLM Royal Dutch Airlines,Singapore,SIN,WSSS,21:40,13:40,21:58,18min late,00:19,9min late,2h 21m,Landed
2026-01-11,SQ947,SIA947,Singapore Airlines,Singapore,SIN,WSSS,21:40,13:40,22:24,44min late,00:43,23min late,2h 18m,Landed
2026-01-11,JQ117,JST117,Jetstar Airways,Perth,PER,YPPH,21:45,13:45,21:56,11min late,01:31,16min late,3h 35m,Landed
2026-01-11,QZ546,AWQ546,Indonesia AirAsia,Perth,PER,YPPH,21:55,13:55,22:42,47min late,02:09,34min late,3h 27m,Landed
2026-01-11,AK375,AXM375,AirAsia,Kuala Lumpur,KUL,WMKK,21:55,13:55,22:06,11min late,01:07,7min late,3h 1m,Landed
2026-01-11,VA94,VOZ094,Virgin Australia,Melbourne,MEL,YMML,22:00,14:00,22:18,18min late,06:43,3min late,5h 25m,Landed
2026-01-11,QF46,QFA046,Qantas,Melbourne,MEL,YMML,22:05,14:05,22:09,4min late,06:47,2min early,5h 38m,Landed
2026-01-11,QZ811,AWQ811,Indonesia AirAsia,Jakarta,CGK,WIII,22:15,14:15,11:27,12min late,12:15,10min late,1h 48m,Landed
2026-01-11,JQ38,JST038,Jetstar Airways,Sydney,SYD,YSSY,22:20,14:20,21:02,17min early,08:03,38min late,8h 1m,Landed
2026-01-11,VA66,VOZ066,Virgin Australia,Sydney,SYD,YSSY,22:30,14:30,21:00,29min early,07:24,15min early,7h 23m,Landed
2026-01-11,JT15,,Lion Air,Jakarta,CGK,WIII,22:35,14:35,,,,,1h 55m,
2026-01-11,JQ128,JST128,Jetstar Airways,Adelaide,ADL,YPAD,22:50,14:50,22:49,on time,06:05,9min early,4h 46m,Landed
2026-01-11,7C2712,JJA2712,Jeju Air,Seoul,ICN,RKSI,23:05,15:05,23:03,2min early,07:16,6min late,7h 13m,Landed
2026-01-11,8B5109,TNU5109,Business Air,Jakarta,CGK,WIII,23:10,15:10,00:45,35min late,01:11,21min late,1h 26m,Landed
2026-01-11,3U3986,CSC3986,Sichuan Airlines,Lujia Town,TFU,ZUTF,23:10,15:10,23:21,11min late,05:44,26min early,6h 22m,Landed
2026-01-11,VA82,VOZ082,Virgin Australia,Gold Coast,OOL,YBCG,23:20,15:20,23:21,on time,07:10,on time,5h 49m,Landed
2026-01-11,GA714,GIA714,Garuda Indonesia,Sydney,SYD,YSSY,23:35,15:35,23:42,7min late,08:36,1min late,5h 54m,Landed
2026-01-11,JQ42,JST042,Jetstar Airways,Melbourne,MEL,YMML,23:40,15:40,23:53,13min late,08:12,17min early,5h 19m,Landed
2026-01-11,QZ420,AWQ420,Indonesia AirAsia,Adelaide,ADL,YPAD,23:45,15:45,00:03,18min late,07:12,12min early,4h 39m,Landed
2026-01-11,KE432,KAL432,Korean Air Lines,Seoul,ICN,RKSI,23:50,15:50,23:52,2min late,07:35,9min early,6h 43m,Landed
2026-01-11,JQ94,JST094,Jetstar Airways,Gold Coast,OOL,YBCG,23:55,15:55,00:23,28min late,08:09,44min late,5h 45m,Landed
2026-01-12,BX602,ABL602,Air Busan,Busan,PUS,RKPK,00:05,16:05,00:51,46min late,08:15,14min early,6h 24m,Landed
2026-01-12,TW158,TWB158,T'Way Air,Cheongju,CJJ,RKTU,00:15,16:15,01:45,30min late,09:22,12min late,6h 36m,Landed
2026-01-12,EK399,UAE399,Emirates,Dubai,DXB,OMDB,00:25,16:25,00:26,1min late,05:30,14min early,9h 3m,Landed
2026-01-12,QR961,QTR961,Qatar Airways,Doha,DOH,OTHH,00:30,16:30,01:11,41min late,05:37,27min late,9h 26m,Landed
2026-01-12,MF892,CXA892,Xiamen Airlines,Xiamen,XMN,ZSAM,00:30,16:30,00:32,2min late,05:53,11min early,5h 21m,Landed
2026-01-12,CZ626,CSN626,China Southern Airlines,Guangzhou,CAN,ZGGG,00:40,16:40,00:43,3min late,05:37,12min early,4h 53m,Landed
2026-01-12,GA870,GIA870,Garuda Indonesia,Seoul,ICN,RKSI,00:50,16:50,01:06,16min late,08:56,6min late,6h 49m,Landed
2026-01-12,GA880,GIA880,Garuda Indonesia,Tokyo,NRT,RJAA,00:50,16:50,01:01,11min late,08:46,3min early,6h 44m,Landed
2026-01-12,MU5030,CES5030,China Eastern Airlines,Shanghai,PVG,ZSPD,00:55,16:55,23:34,21min early,10:38,28min late,11h 4m,Landed
2026-01-12,QZ548,AWQ548,Indonesia AirAsia,Perth,PER,YPPH,01:00,17:00,22:53,6min early,06:10,30min late,7h 16m,Landed
2026-01-12,5J282,CEB282,CEBU Pacific Air,Manila,MNL,RPLL,01:00,17:00,01:12,12min late,04:56,18min early,3h 44m,Landed
2026-01-12,PR538,PAL538,Philippine Airlines,Manila,MNL,RPLL,01:10,17:10,01:21,11min late,05:08,1min early,3h 47m,Landed
2026-01-12,KE434,KAL434,Korean Air Lines,Seoul,ICN,RKSI,01:20,17:20,01:11,9min early,08:49,30min early,6h 38m,Landed
2026-01-12,8B5888,TNU5888,TransNusa,Manado,MDC,WAMM,01:30,17:30,01:34,4min late,03:54,20min early,2h 19m,Landed
2026-01-12,GA401,GIA401,Garuda Indonesia,Jakarta,CGK,WIII,06:30,22:30,06:41,11min late,07:22,7min early,1h 40m,Landed
2026-01-12,QZ534,AWQ534,Indonesia AirAsia,Perth,PER,YPPH,07:00,23:00,07:20,20min late,10:43,6min early,3h 22m,Landed
2026-01-12,JT746,LNI746,Lion Air,Makassar,UPG,WAAA,07:00,23:00,07:11,11min late,17:11,46min late,10h 0m,Landed
2026-01-12,JT929,LNI929,Lion Air,Surabaya,SUB,WARR,07:00,23:00,06:57,2min early,06:33,27min early,36m,Landed
2026-01-12,QG690,CTV690,Citilink,Surabaya,SUB,WARR,07:05,23:05,07:16,11min late,06:56,13min early,40m,Landed
2026-01-12,JQ82,JST082,Jetstar Airways,Darwin,DRW,YPDN,07:05,23:05,07:06,1min late,10:58,16min early,2h 21m,Landed
2026-01-12,QZ550,AWQ550,Indonesia AirAsia,Kuala Lumpur,KUL,WMKK,07:15,23:15,07:26,11min late,10:06,3min early,2h 40m,Landed
2026-01-12,SQ949,SIA949,Singapore Airlines,Singapore,SIN,WSSS,07:20,23:20,07:27,7min late,09:52,7min early,2h 24m,Landed
2026-01-12,8B551,TNU551,Business Air,Singapore,SIN,WSSS,07:30,23:30,07:31,1min late,09:46,8min early,2h 15m,Landed
2026-01-12,ID6333,BTK6333,Batik Air,Labuan Bajo,LBJ,WATO,07:55,23:55,07:53,1min early,08:44,25min early,51m,Landed
2026-01-12,QG9691,CTV9691,Citilink,Surabaya,SUB,WARR,08:05,00:05,08:02,2min early,07:46,23min early,43m,Landed
2026-01-12,JT21,LNI021,Lion Air,Jakarta,CGK,WIII,08:05,00:05,08:32,27min late,09:11,11min late,1h 38m,Landed
2026-01-12,IW1858,,Wings Air,Lombok,LOP,WADL,08:05,00:05,08:38,33min late,08:55,,50m,Landed
2026-01-12,HX706,CRK706,Hong Kong Airlines,Hong Kong,HKG,VHHH,08:15,00:15,08:17,2min late,13:05,9min early,4h 48m,Landed
2026-01-12,GA710,GIA710,Garuda Indonesia,Melbourne,MEL,YMML,08:20,00:20,08:39,19min late,16:50,9min early,5h 11m,Landed
2026-01-12,CZ8482,CSN8482,China Southern Airlines,Guangzhou,CAN,ZGGG,08:35,00:35,08:51,16min late,13:38,16min early,4h 46m,Landed
2026-01-12,5J280,CEB280,CEBU Pacific Air,Manila,MNL,RPLL,08:35,00:35,08:49,14min late,12:52,2min late,4h 3m,Landed
2026-01-12,IW1882,WON1882,Wings Air,Sumbawa Besar,SWQ,WADS,08:55,00:55,09:04,9min late,09:50,9min early,46m,Landed
2026-01-12,IW3330,WON3330,Wings Air,,,,09:00,01:00,09:08,8min late,11:29,15min early,2h 21m,Landed
2026-01-12,IN640,LKN640,NAM Air,Tambolaka,TMC,WADT,09:10,01:10,09:17,7min late,10:04,5min early,47m,Landed
2026-01-12,SJ740,,Sriwijaya Air,Waingapu,WGP,WADW,09:10,01:10,,,,,1h 20m,
2026-01-12,8B5105,TNU5105,Business Air,Jakarta,CGK,WIII,09:15,01:15,10:41,26min late,11:12,12min late,1h 31m,Landed
2026-01-12,IW1848,WON1848,Wings Air,Lombok,LOP,WADL,09:25,01:25,09:55,30min late,10:25,10min late,29m,Landed
2026-01-12,QZ504,AWQ504,Indonesia AirAsia,Singapore,SIN,WSSS,09:25,01:25,09:23,1min early,11:45,19min early,2h 21m,Landed
2026-01-12,QG500,CTV500,Citilink,Dili,DIL,WPDL,09:30,01:30,09:21,8min early,12:10,9min early,1h 49m,Landed
2026-01-12,ID6007,BTK6007,Batik Air,Perth,PER,YPPH,09:30,01:30,09:41,11min late,12:53,21min early,3h 11m,Landed
2026-01-12,QG663,CTV663,Citilink,Jakarta,CGK,WIII,09:35,01:35,09:50,15min late,10:49,19min late,1h 59m,Landed
2026-01-12,QZ803,AWQ803,Indonesia AirAsia,Jakarta,CGK,WIII,09:40,01:40,10:14,34min late,10:52,22min late,1h 38m,Landed
2026-01-12,ID6324,BTK6324,Batik Air,Tambolaka,TMC,WADT,09:40,01:40,09:28,11min early,10:16,38min early,47m,Landed
2026-01-12,8B80,TNU080,Business Air,Perth,PER,YPPH,09:40,01:40,10:02,22min late,13:10,14min early,3h 8m,Landed
2026-01-12,QR965,QTR965,Qatar Airways,Doha,DOH,OTHH,09:45,01:45,10:15,30min late,14:33,8min late,9h 18m,Landed
2026-01-12,AI2146,AIC2146,Air India,Delhi,DEL,VIDP,10:00,02:00,09:53,7min early,14:56,3min early,7h 33m,Landed
2026-01-12,JT3569,LNI3569,Lion Air,Yogyakarta,YIA,WAHI,10:00,02:00,10:30,30min late,10:38,8min late,1h 8m,Landed
2026-01-12,JT270,LNI270,Lion Air,Kupang,KOE,WATT,10:00,02:00,10:18,18min late,11:45,4min early,1h 27m,Landed
2026-01-12,JQ126,JST126,Jetstar Airways,Adelaide,ADL,YPAD,10:15,02:15,10:05,10min early,17:23,21min early,4h 48m,Landed
2026-01-12,8B5101,TNU5101,Business Air,Jakarta,CGK,WIII,10:30,02:30,13:03,33min late,14:16,1min late,2h 13m,Landed
2026-01-12,SQ935,SIA935,Singapore Airlines,Singapore,SIN,WSSS,10:30,02:30,10:35,5min late,12:43,27min early,2h 8m,Landed
2026-01-12,8G182,DTL182,Mid Africa Aviation,Dili,DIL,WPDL,10:35,02:35,10:45,10min late,13:26,3min early,1h 41m,Landed
2026-01-12,JT805,LNI805,Lion Air,Surabaya,SUB,WARR,10:35,02:35,11:37,2min late,13:22,47min late,2h 44m,Landed
2026-01-12,QZ815,AWQ815,Indonesia AirAsia,Jakarta,CGK,WIII,10:35,02:35,11:27,52min late,12:15,45min late,1h 48m,Landed
2026-01-12,JT33,,Lion Air,Jakarta,CGK,WIII,10:35,02:35,,,,,1h 55m,
2026-01-12,JT927,LNI927,Lion Air,Surakarta,SOC,WAHQ,10:40,02:40,11:06,26min late,11:03,3min late,57m,Landed
2026-01-12,TR281,TGW281,Scoot,Singapore,SIN,WSSS,11:10,03:10,11:20,10min late,13:28,21min early,2h 8m,Landed
2026-01-12,QG197,CTV197,Citilink,Jakarta,HLP,WIHH,11:10,03:10,11:22,12min late,11:49,10min early,1h 26m,Landed
2026-01-12,JQ40,JST040,Jetstar Airways,Sydney,SYD,YSSY,11:15,03:15,11:16,1min late,19:53,21min early,5h 37m,Landed
2026-01-12,QZ780,AWQ780,Indonesia AirAsia,Balikpapan,BPN,WALL,11:20,03:20,11:34,14min late,12:49,15min early,1h 15m,Landed
2026-01-12,6E1606,IGO1606,IndiGo,Bangalore,BLR,VOBL,11:30,03:30,11:25,4min early,14:41,53min early,5h 46m,Landed
2026-01-12,JQ32,JST032,Jetstar Airways,Melbourne,MEL,YMML,11:30,03:30,11:45,15min late,19:49,20min early,5h 4m,Landed
2026-01-12,OD172,MXD172,Malindo Air,Kuala Lumpur,KUL,WMKK,11:35,03:35,12:33,58min late,15:12,27min late,2h 38m,Landed
2026-01-12,IW1902,WON1902,Wings Air,Jember,JBB,WARE,11:40,03:40,11:46,6min late,11:18,41min early,31m,Landed
2026-01-12,IW1964,WON1964,Wings Air,Lombok,LOP,WADL,11:40,03:40,07:37,2min early,12:23,6min early,4h 46m,Landed
2026-01-12,QZ646,AWQ646,Indonesia AirAsia,Labuan Bajo,LBJ,WATO,11:40,03:40,11:53,13min late,14:47,52min late,2h 54m,Landed
2026-01-12,JQ109,JST109,Jetstar Airways,Perth,PER,YPPH,11:45,03:45,14:07,22min late,17:31,56min late,3h 24m,Landed
2026-01-12,ID6331,BTK6331,Batik Air,Labuan Bajo,LBJ,WATO,11:45,03:45,11:51,6min late,12:45,14min early,54m,Landed
2026-01-12,JT31,LNI031,Lion Air,Jakarta,CGK,WIII,11:55,03:55,16:54,59min late,17:30,40min late,1h 36m,Landed
2026-01-12,GA407,GIA407,Garuda Indonesia,Jakarta,CGK,WIII,11:55,03:55,12:12,17min late,13:04,9min late,1h 51m,Landed
2026-01-12,FD397,AIQ397,Thai AirAsia,Bangkok,DMK,VTBD,12:00,04:00,11:05,54min early,15:18,1min early,5h 13m,Landed
2026-01-12,GA253,GIA253,Garuda Indonesia,Yogyakarta,YIA,WAHI,12:05,04:05,13:11,6min late,13:17,22min late,1h 6m,Landed
2026-01-12,SQ937,SIA937,Singapore Airlines,Singapore,SIN,WSSS,12:05,04:05,12:26,21min late,14:34,21min early,2h 7m,Landed
2026-01-12,SJ742,,Sriwijaya Air,Tambolaka,TMC,WADT,12:10,04:10,12:10,on time,13:10,,1h 0m,Landed
2026-01-12,OD192,MXD192,Malindo Air,Kuala Lumpur,KUL,WMKK,12:10,04:10,12:24,14min late,14:57,22min early,2h 33m,Landed
2026-01-12,OD178,MXD178,Malindo Air,Kuala Lumpur,KUL,WMKK,12:15,04:15,12:18,3min late,14:53,31min early,2h 34m,Landed
2026-01-12,IP103,PAS103,Pelita Air Service,Jakarta,CGK,WIII,12:45,04:45,17:34,49min late,18:08,33min late,1h 33m,Landed
2026-01-12,SQ939,SIA939,Singapore Airlines,Singapore,SIN,WSSS,13:00,05:00,13:07,7min late,15:29,20min early,2h 22m,Landed
2026-01-12,AK365,AXM365,AirAsia,Kuala Lumpur,KUL,WMKK,13:05,05:05,14:09,4min late,16:58,48min late,2h 49m,Landed
2026-01-12,VJ900,VJC900,VietJet Air,Hanoi,HAN,VVNB,13:10,05:10,13:00,9min early,16:33,46min early,4h 33m,Landed
2026-01-12,MH714,MAS714,Malaysia Airlines,Kuala Lumpur,KUL,WMKK,13:10,05:10,13:24,14min late,16:03,1min early,2h 38m,Landed
2026-01-12,JT35,LNI035,Lion Air,Jakarta,CGK,WIII,13:15,05:15,,,,,1h 55m,
2026-01-12,GA409,GIA409,Garuda Indonesia,Jakarta,CGK,WIII,13:25,05:25,15:49,24min late,16:34,9min late,1h 44m,Landed
2026-01-12,JQ58,JST058,Jetstar Airways,Brisbane,BNE,YBBN,13:30,05:30,13:36,6min late,21:12,12min early,5h 36m,Landed
2026-01-12,JT660,LNI660,Lion Air,Balikpapan,BPN,WALL,13:30,05:30,17:02,32min late,20:56,41min late,3h 54m,Landed
2026-01-12,ID6509,BTK6509,Batik Air,Jakarta,CGK,WIII,13:45,05:45,13:54,9min late,14:33,6min early,1h 39m,Landed
2026-01-12,OD158,MXD158,Malindo Air,Kuala Lumpur,KUL,WMKK,13:50,05:50,13:57,7min late,16:26,33min early,2h 28m,Landed
2026-01-12,JT919,LNI919,Lion Air,Surabaya,SUB,WARR,13:55,05:55,15:40,45min late,15:10,15min late,30m,Landed
2026-01-12,QG342,CTV342,Citilink,Makassar,UPG,WAAA,13:55,05:55,13:52,2min early,15:32,12min late,1h 40m,Landed
2026-01-12,QZ544,AWQ544,Indonesia AirAsia,Perth,PER,YPPH,14:00,06:00,15:08,8min late,18:21,31min late,3h 13m,Landed
2026-01-12,6E1612,IGO1612,IndiGo,Bhubaneswar,BBI,VEBS,14:00,06:00,14:06,6min late,17:20,19min early,5h 44m,Landed
2026-01-12,8B82,TNU082,Business Air,Perth,PER,YPPH,14:00,06:00,14:10,10min late,17:23,16min early,3h 13m,Landed
2026-01-12,QG687,CTV687,Citilink,Jakarta,CGK,WIII,14:00,06:00,18:17,17min late,19:19,24min late,2h 2m,Landed
2026-01-12,VJ894,VJC894,VietJet Air,Ho Chi Minh City,SGN,VVTS,14:05,06:05,14:14,9min late,16:30,34min early,3h 16m,Landed
2026-01-12,ID6517,BTK6517,Batik Air,Jakarta,CGK,WIII,14:15,06:15,21:11,56min late,21:39,29min late,1h 27m,Landed
2026-01-12,JT569,LNI569,Lion Air,Yogyakarta,YIA,WAHI,14:15,06:15,15:43,28min late,15:51,6min late,1h 7m,Landed
2026-01-12,ID7308,BTK7308,Batik Air,Jakarta,HLP,WIHH,14:20,06:20,15:37,17min late,16:11,1min late,1h 34m,Landed
2026-01-12,QZ506,AWQ506,Indonesia AirAsia,Singapore,SIN,WSSS,14:25,06:25,15:51,26min late,18:12,52min late,2h 20m,Landed
2026-01-12,TR289,TGW289,Scoot,Singapore,SIN,WSSS,14:35,06:35,14:49,14min late,17:08,22min early,2h 18m,Landed
2026-01-12,JT740,LNI740,Lion Air,Makassar,UPG,WAAA,14:40,06:40,17:00,20min late,22:54,49min late,5h 54m,Landed
2026-01-12,JT273,,Lion Air,Semarang,SRG,WIIS,14:40,06:40,,,,,1h 20m,
2026-01-12,JT23,,Lion Air,Jakarta,CGK,WIII,14:45,06:45,,,,,1h 55m,
2026-01-12,JQ43,JST043,Jetstar Airways,Singapore,SIN,WSSS,14:50,06:50,14:48,2min early,17:31,23min early,2h 43m,Landed
2026-01-12,OD307,MXD307,Malindo Air,Kuala Lumpur,KUL,WMKK,14:50,06:50,15:34,44min late,18:09,14min late,2h 34m,Landed
2026-01-12,JQ44,JST044,Jetstar Airways,Melbourne,MEL,YMML,14:55,06:55,14:59,4min late,23:01,33min early,5h 1m,Landed
2026-01-12,JT924,LNI924,Lion Air,Kupang,KOE,WATT,14:55,06:55,15:19,24min late,16:49,4min late,1h 30m,Landed
2026-01-12,JT844,LNI844,Lion Air,Banjarmasin,BDJ,WAOO,15:00,07:00,16:56,56min late,18:08,38min late,1h 11m,Landed
2026-01-12,VA48,VOZ048,Virgin Australia,Brisbane,BNE,YBBN,15:00,07:00,14:55,5min early,22:52,2min early,5h 57m,Landed
2026-01-12,QZ246,AWQ246,Indonesia AirAsia,Phuket,HKT,VTSP,15:05,07:05,17:22,17min late,19:45,5min late,3h 22m,Landed
2026-01-12,QG681,CTV681,Citilink,Jakarta,CGK,WIII,15:10,07:10,16:11,1min late,16:49,44min late,1h 37m,Landed
2026-01-12,AI2148,AIC2148,Air India,Delhi,DEL,VIDP,15:10,07:10,15:05,4min early,20:03,1min early,7h 27m,Landed
2026-01-12,GA842,GIA842,Garuda Indonesia,Singapore,SIN,WSSS,15:15,07:15,15:55,40min late,18:28,28min late,2h 33m,Landed
2026-01-12,AK377,AXM377,AirAsia,Kuala Lumpur,KUL,WMKK,15:25,07:25,17:08,43min late,20:00,35min late,2h 52m,Landed
2026-01-12,VJ898,VJC898,VietJet Air,Ho Chi Minh City,SGN,VVTS,15:35,07:35,16:00,25min late,18:19,5min early,3h 19m,Landed
2026-01-12,IW1850,WON1850,Wings Air,Lombok,LOP,WADL,15:40,07:40,16:03,23min late,16:31,1min late,28m,Landed
2026-01-12,GA411,GIA411,Garuda Indonesia,Jakarta,CGK,WIII,15:40,07:40,17:57,17min late,19:03,18min late,2h 6m,Landed
2026-01-12,QG669,CTV669,Citilink,Surabaya,SUB,WARR,15:40,07:40,15:48,8min late,15:38,6min early,50m,Landed
2026-01-12,CI772,CAL772,China Airlines,Taipei,TPE,RCTP,15:45,07:45,16:33,48min late,21:41,36min late,5h 8m,Landed
2026-01-12,VA92,VOZ092,Virgin Australia,Melbourne,MEL,YMML,15:50,07:50,16:33,43min late,00:49,19min late,5h 16m,Landed
2026-01-12,IP109,PAS109,Pelita Air Service,Jakarta,CGK,WIII,16:00,08:00,17:54,54min late,19:01,11min late,2h 7m,Landed
2026-01-12,SJ717,SJY717,Sriwijaya Air,Makassar,UPG,WAAA,16:00,08:00,15:47,12min early,16:51,28min early,1h 4m,Landed
2026-01-12,QZ536,AWQ536,Indonesia AirAsia,Perth,PER,YPPH,16:00,08:00,16:35,35min late,19:50,5min late,3h 15m,Landed
2026-01-12,QG661,CTV661,Citilink,Jakarta,CGK,WIII,16:05,08:05,18:19,14min late,19:38,38min late,2h 19m,Landed
2026-01-12,VN640,HVN640,Vietnam Airlines,Ho Chi Minh City,SGN,VVTS,16:05,08:05,14:52,12min early,18:33,21min early,4h 41m,Landed
2026-01-12,IU703,SJV703,SW Italia,Surabaya,SUB,WARR,16:10,08:10,17:36,26min late,17:15,5min late,38m,Landed
2026-01-12,QZ807,AWQ807,Indonesia AirAsia,Jakarta,CGK,WIII,16:10,08:10,19:13,3min late,19:59,49min late,1h 45m,Landed
2026-01-12,TG432,THA432,Thai Airways International,Bangkok,BKK,VTBS,16:10,08:10,16:20,10min late,19:08,16min early,3h 47m,Landed
2026-01-12,CX784,CPA784,Cathay Pacific,Hong Kong,HKG,VHHH,16:20,08:20,16:32,12min late,21:12,12min early,4h 40m,Landed
2026-01-12,MH850,MAS850,Malaysia Airlines,Kuala Lumpur,KUL,WMKK,16:25,08:25,16:39,14min late,19:35,on time,2h 56m,Landed
2026-01-12,IW1852,WON1852,Wings Air,Lombok,LOP,WADL,16:30,08:30,16:27,2min early,16:58,21min early,30m,Landed
2026-01-12,JT744,,Lion Air,Makassar,UPG,WAAA,16:40,08:40,,,,,1h 25m,
2026-01-12,BR256,EVA256,EVA Airways,Taipei,TPE,RCTP,16:40,08:40,17:09,29min late,22:26,41min late,5h 17m,Landed
2026-01-12,GA349,GIA349,Garuda Indonesia,Surabaya,SUB,WARR,16:55,08:55,19:02,7min late,18:40,30min late,37m,Landed
2026-01-12,ID6335,BTK6335,Batik Air,Labuan Bajo,LBJ,WATO,17:00,09:00,17:34,34min late,18:31,16min late,56m,Landed
2026-01-12,JT25,,Lion Air,Jakarta,CGK,WIII,17:15,09:15,,,,,1h 55m,
2026-01-12,VJ998,VJC998,VietJet Air,Hanoi,HAN,VVNB,17:25,09:25,17:27,2min late,20:57,37min early,4h 30m,Landed
2026-01-12,GA419,GIA419,Garuda Indonesia,Jakarta,CGK,WIII,17:25,09:25,17:44,19min late,18:55,30min late,2h 11m,Landed
2026-01-12,HO1356,DKH1356,Juneyao Airlines,Shanghai,PVG,ZSPD,17:25,09:25,17:40,15min late,23:50,on time,6h 10m,Landed
2026-01-12,TR211,TGW211,Scoot,Singapore,SIN,WSSS,17:35,09:35,18:03,28min late,20:24,21min early,2h 21m,Landed
2026-01-12,IP107,PAS107,Pelita Air Service,Jakarta,CGK,WIII,17:40,09:40,20:34,54min late,21:00,30min late,1h 26m,Landed
2026-01-12,IU759,SJV759,SW Italia,Jakarta,CGK,WIII,17:40,09:40,22:02,22min late,22:29,54min late,1h 26m,Landed
2026-01-12,OD193,MXD193,Malindo Air,Perth,PER,YPPH,18:10,10:10,18:49,39min late,22:02,17min late,3h 13m,Landed
2026-01-12,IN281,LKN281,Nam Air,Jakarta,CGK,WIII,18:30,10:30,18:54,24min late,19:43,33min late,1h 49m,Landed
2026-01-12,GA417,GIA417,Garuda Indonesia,Jakarta,CGK,WIII,18:30,10:30,21:26,56min late,21:57,27min late,1h 31m,Landed
2026-01-12,IP111,PAS111,Pelita Air Service,Jakarta,CGK,WIII,18:35,10:35,22:20,45min late,22:48,23min late,1h 27m,Landed
2026-01-12,CX782,CPA782,Cathay Pacific,Hong Kong,HKG,VHHH,18:40,10:40,18:48,8min late,23:20,24min early,4h 31m,Landed
2026-01-12,SL259,TLM259,Thai Lion Air,Bangkok,DMK,VTBD,18:40,10:40,21:22,42min late,00:11,11min late,3h 48m,Landed
2026-01-12,JT3027,,Lion Air,Jakarta,CGK,WIII,18:40,10:40,,,,,1h 55m,
2026-01-12,JT925,LNI925,Lion Air,Surakarta,SOC,WAHQ,18:40,10:40,20:35,55min late,20:34,34min late,59m,Landed
2026-01-12,EY477,ETD477,Etihad Airways,Abu Dhabi,AUH,OMAA,18:45,10:45,18:46,1min late,23:22,22min early,8h 36m,Landed
2026-01-12,ID6415,BTK6415,Batik Air,Surabaya,SUB,WARR,18:45,10:45,20:39,54min late,20:17,32min late,38m,Landed
2026-01-12,6E1608,IGO1608,IndiGo,Chennai,MAA,VOMM,18:50,10:50,19:35,45min late,23:00,30min late,5h 55m,Landed
2026-01-12,QZ809,AWQ809,Indonesia AirAsia,Jakarta,CGK,WIII,18:50,10:50,19:15,25min late,23:01,11min late,4h 46m,Landed
2026-01-12,QR963,QTR963,Qatar Airways,Doha,DOH,OTHH,18:50,10:50,19:27,37min late,23:47,17min late,9h 19m,Landed
2026-01-12,TG440,THA440,Thai Airways International,Bangkok,BKK,VTBS,19:00,11:00,19:18,18min late,21:59,15min early,3h 41m,Landed
2026-01-12,AK379,AXM379,AirAsia,Kuala Lumpur,KUL,WMKK,19:15,11:15,19:36,21min late,22:22,2min late,2h 46m,Landed
2026-01-12,MH852,MAS852,Malaysia Airlines,Kuala Lumpur,KUL,WMKK,19:15,11:15,19:37,22min late,22:27,12min late,2h 50m,Landed
2026-01-12,QG699,CTV699,Citilink,Surabaya,SUB,WARR,19:25,11:25,19:35,10min late,19:24,5min early,48m,Landed
2026-01-12,ID7310,BTK7310,Batik Air,Jakarta,HLP,WIHH,19:25,11:25,19:37,12min late,20:01,13min early,1h 24m,Landed
2026-01-12,GA4212,GIA4212,Garuda Indonesia,Jakarta,CGK,WIII,19:30,11:30,18:00,29min early,21:23,53min late,4h 22m,Landed
2026-01-12,QG689,CTV689,Citilink,Jakarta,CGK,WIII,19:30,11:30,22:17,47min late,22:58,33min late,1h 41m,Landed
2026-01-12,JT923,,Lion Air,Surabaya,SUB,WARR,19:45,11:45,,,,,1h 0m,
2026-01-12,8B969,TNU969,Business Air,Guangzhou,CAN,ZGGG,19:45,11:45,20:41,56min late,01:16,11min late,4h 35m,Landed
2026-01-12,EK369,UAE369,Emirates,Dubai,DXB,OMDB,19:50,11:50,20:11,21min late,01:04,5min early,8h 53m,Landed
2026-01-12,JT271,LNI271,Lion Air,Semarang,SRG,WIIS,19:50,11:50,22:56,6min late,22:55,45min late,58m,Landed
2026-01-12,TR283,TGW283,Scoot,Singapore,SIN,WSSS,20:05,12:05,20:17,12min late,22:28,12min early,2h 11m,Landed
2026-01-12,QG195,CTV195,Citilink,Jakarta,HLP,WIHH,20:10,12:10,20:02,8min early,20:48,11min early,1h 46m,Landed
2026-01-12,SQ945,SIA945,Singapore Airlines,Singapore,SIN,WSSS,20:15,12:15,20:28,13min late,22:48,7min early,2h 20m,Landed
2026-01-12,GA718,GIA718,Garuda Indonesia,Melbourne,MEL,YMML,20:20,12:20,20:51,31min late,05:10,10min late,5h 19m,Landed
2026-01-12,JQ34,JST034,Jetstar Airways,Melbourne,MEL,YMML,20:20,12:20,22:04,44min late,06:30,35min late,5h 26m,Landed
2026-01-12,ID6413,BTK6413,Batik Air,Surabaya,SUB,WARR,20:30,12:30,23:00,30min late,22:36,6min late,36m,Landed
2026-01-12,QG9697,,Citilink,Surabaya,SUB,WARR,20:40,12:40,23:39,59min late,20:45,,1h 5m,Landed
2026-01-12,JQ107,JST107,Jetstar Airways,Perth,PER,YPPH,20:45,12:45,20:34,11min early,00:08,11min early,3h 34m,Landed
2026-01-12,GA415,GIA415,Garuda Indonesia,Jakarta,CGK,WIII,20:45,12:45,21:37,52min late,22:02,17min late,1h 25m,Landed
2026-01-12,8B5107,TNU5107,TransNusa,Jakarta,CGK,WIII,20:47,12:47,20:50,3min late,21:16,3min late,1h 25m,Landed
2026-01-12,IP105,PAS105,Pelita Air Service,Jakarta,CGK,WIII,20:50,12:50,22:32,42min late,22:59,19min late,1h 26m,Landed
2026-01-12,OD177,MXD177,Malindo Air,Melbourne,MEL,YMML,20:55,12:55,21:50,55min late,06:07,27min late,5h 17m,Landed
2026-01-12,OD171,MXD171,Malindo Air,Sydney,SYD,YSSY,21:10,13:10,22:14,4min late,06:57,42min late,5h 42m,Landed
2026-01-12,TK67,THY067,Turkish Airlines,Istanbul,IST,LTFM,21:10,13:10,07:55,45min late,05:18,21min early,2h 22m,Landed
2026-01-12,QG9667,CTV9667,Citilink,Jakarta,CGK,WIII,21:10,13:10,21:36,26min late,22:29,19min late,1h 53m,Landed
2026-01-12,QZ819,,Indonesia AirAsia,Jakarta,CGK,WIII,21:15,13:15,23:00,45min late,22:05,,1h 50m,Landed
2026-01-12,JT11,,Lion Air,Jakarta,CGK,WIII,21:15,13:15,,,,,1h 55m,
2026-01-12,QF44,QFA044,Qantas,Sydney,SYD,YSSY,21:20,13:20,22:04,44min late,07:02,47min late,5h 58m,Landed
2026-01-12,GA425,GIA425,Garuda Indonesia,Jakarta,CGK,WIII,21:30,13:30,22:27,57min late,22:51,16min late,1h 24m,Landed
2026-01-12,ID6760,BTK6760,Batik Air,Makassar,UPG,WAAA,21:30,13:30,21:39,9min late,22:41,13min early,1h 1m,Landed
2026-01-12,JQ60,JST060,Jetstar Airways,Brisbane,BNE,YBBN,21:30,13:30,21:37,7min late,05:41,21min late,6h 4m,Landed
2026-01-12,SJ273,,Sriwijaya Air,Jakarta,CGK,WIII,21:35,13:35,21:35,on time,22:15,,1h 40m,Landed
2026-01-12,SQ947,SIA947,Singapore Airlines,Singapore,SIN,WSSS,21:40,13:40,22:19,39min late,00:32,12min late,2h 12m,Landed
2026-01-12,KL836,,KLM Royal Dutch Airlines,Singapore,SIN,WSSS,21:40,13:40,,,,,2h 30m,Cancelled
2026-01-12,JQ117,JST117,Jetstar Airways,Perth,PER,YPPH,21:45,13:45,00:15,30min late,03:32,17min late,3h 16m,Landed
2026-01-12,QZ546,AWQ546,Indonesia AirAsia,Perth,PER,YPPH,21:55,13:55,22:09,14min late,01:20,14min early,3h 10m,Landed
2026-01-12,AK375,AXM375,AirAsia,Kuala Lumpur,KUL,WMKK,21:55,13:55,22:57,2min late,01:53,53min late,2h 56m,Landed
2026-01-12,VA94,VOZ094,Virgin Australia,Melbourne,MEL,YMML,22:00,14:00,22:46,46min late,07:24,44min late,5h 38m,Landed
2026-01-12,SV857,SVA857,Saudi Arabian Airlines,Singapore,SIN,WSSS,22:05,14:05,22:41,36min late,00:48,3min late,2h 7m,Landed
2026-01-12,QF46,QFA046,Qantas,Melbourne,MEL,YMML,22:05,14:05,22:10,5min late,06:49,on time,5h 39m,Landed
2026-01-12,OD157,MXD157,Malindo Air,Brisbane,BNE,YBBN,22:10,14:10,22:48,38min late,06:26,26min late,5h 38m,Landed
2026-01-12,QZ811,,Indonesia AirAsia,Jakarta,CGK,WIII,22:15,14:15,00:10,55min late,23:05,,1h 50m,Landed
2026-01-12,JQ89,JST089,Jetstar Airways,Newcastle,NTL,YWLM,22:20,14:20,22:46,26min late,07:43,28min late,5h 57m,Landed
2026-01-12,JQ38,JST038,Jetstar Airways,Sydney,SYD,YSSY,22:20,14:20,23:05,45min late,07:54,24min late,5h 49m,Landed
2026-01-12,VA66,VOZ066,Virgin Australia,Sydney,SYD,YSSY,22:30,14:30,22:37,7min late,07:45,5min late,6h 8m,Landed
2026-01-12,JT15,LNI015,Lion Air,Jakarta,CGK,WIII,22:35,14:35,01:09,34min late,01:37,7min late,1h 28m,Landed
2026-01-12,IU743,SJV743,SW Italia,Jakarta,CGK,WIII,22:47,14:47,22:47,on time,23:10,on time,1h 23m,Landed
2026-01-12,JQ128,JST128,Jetstar Airways,Adelaide,ADL,YPAD,22:50,14:50,00:17,27min late,07:25,10min late,4h 37m,Landed
2026-01-12,7C2712,JJA2712,Jeju Air,Seoul,ICN,RKSI,23:05,15:05,23:25,20min late,07:09,on time,6h 44m,Landed
2026-01-12,8B5109,TNU5109,TransNusa,Jakarta,CGK,WIII,23:10,15:10,21:47,22min early,22:13,36min early,1h 26m,Landed
2026-01-12,3U3986,CSC3986,Sichuan Airlines,Lujia Town,TFU,ZUTF,23:10,15:10,23:56,46min late,06:12,2min late,6h 16m,Landed
2026-01-12,JQ91,JST091,Jetstar Airways,Cairns,CNS,YBCS,23:10,15:10,23:30,20min late,05:56,11min late,4h 26m,Landed
2026-01-12,VA82,VOZ082,Virgin Australia,Gold Coast,OOL,YBCG,23:20,15:20,23:33,13min late,07:39,29min late,6h 6m,Landed
2026-01-12,GA714,,Garuda Indonesia,Sydney,SYD,YSSY,23:35,15:35,01:25,50min late,08:35,,6h 0m,Landed
2026-01-12,JQ42,JST042,Jetstar Airways,Melbourne,MEL,YMML,23:40,15:40,23:43,3min late,08:25,4min early,5h 42m,Landed
2026-01-12,QZ420,AWQ420,Indonesia AirAsia,Adelaide,ADL,YPAD,23:45,15:45,00:18,33min late,07:27,2min late,4h 38m,Landed
2026-01-12,KE432,KAL432,Korean Air Lines,Seoul,ICN,RKSI,23:50,15:50,00:39,49min late,08:08,23min late,6h 28m,Landed
2026-01-13,BX602,ABL602,Air Busan,Busan,PUS,RKPK,00:05,16:05,00:51,46min late,08:15,14min early,6h 24m,Landed
2026-01-13,QZ548,AWQ548,Indonesia AirAsia,Perth,PER,YPPH,00:15,16:15,00:17,2min late,03:32,22min early,3h 15m,Landed
2026-01-13,TW158,TWB158,T'Way Air,Cheongju,CJJ,RKTU,00:15,16:15,01:04,49min late,08:39,29min late,6h 34m,Landed
2026-01-13,8B84,TNU084,Business Air,Perth,PER,YPPH,00:20,16:20,00:29,9min late,03:42,22min early,3h 12m,Landed
2026-01-13,EK399,UAE399,Emirates,Dubai,DXB,OMDB,00:25,16:25,00:26,1min late,05:35,9min early,9h 8m,Landed
2026-01-13,QR961,QTR961,Qatar Airways,Doha,DOH,OTHH,00:30,16:30,00:42,12min late,05:08,1min early,9h 26m,Landed
2026-01-13,MF892,CXA892,Xiamen Airlines,Xiamen,XMN,ZSAM,00:30,16:30,00:20,10min early,05:55,9min early,5h 35m,Landed
2026-01-13,CZ626,CSN626,China Southern Airlines,Guangzhou,CAN,ZGGG,00:40,16:40,22:43,56min early,05:32,17min early,6h 49m,Landed
2026-01-13,GA880,GIA880,Garuda Indonesia,Tokyo,NRT,RJAA,00:50,16:50,01:09,19min late,08:39,10min early,6h 30m,Landed
2026-01-13,GA870,GIA870,Garuda Indonesia,Seoul,ICN,RKSI,00:50,16:50,01:06,16min late,08:56,6min late,6h 49m,Landed
2026-01-13,MU5030,CES5030,China Eastern Airlines,Shanghai,PVG,ZSPD,00:55,16:55,00:53,2min early,06:59,10min early,6h 6m,Landed
2026-01-13,SJ726,,Sriwijaya Air,Makassar,UPG,WAAA,01:00,17:00,01:00,,02:20,,1h 20m,Landed
2026-01-13,QZ548,AWQ548,Indonesia AirAsia,Perth,PER,YPPH,01:00,17:00,22:53,6min early,06:10,30min late,7h 16m,Landed
2026-01-13,5J282,CEB282,CEBU Pacific Air,Manila,MNL,RPLL,01:00,17:00,01:12,12min late,04:56,18min early,3h 44m,Landed
2026-01-13,PR538,PAL538,Philippine Airlines,Manila,MNL,RPLL,01:10,17:10,01:01,9min early,05:00,9min early,3h 59m,Landed
2026-01-13,KE434,KAL434,Korean Air Lines,Seoul,ICN,RKSI,01:20,17:20,01:11,9min early,08:50,29min early,6h 39m,Landed
2026-01-13,8B5888,,TransNusa,Manado,MDC,WAMM,01:30,17:30,,,,,2h 45m,
2026-01-13,JT929,LNI929,Lion Air,Surabaya,SUB,WARR,07:00,23:00,07:31,31min late,07:15,14min late,44m,Landed
2026-01-13,JT746,LNI746,Lion Air,Makassar,UPG,WAAA,07:00,23:00,07:20,20min late,17:51,26min late,10h 30m,Landed
2026-01-13,GA401,GIA401,Garuda Indonesia,Jakarta,CGK,WIII,07:00,23:00,07:17,17min late,07:44,15min early,1h 27m,Landed
2026-01-13,QZ534,AWQ534,Indonesia AirAsia,Perth,PER,YPPH,07:00,23:00,07:09,9min late,10:47,2min early,3h 38m,Landed
2026-01-13,QG690,CTV690,Citilink,Surabaya,SUB,WARR,07:05,23:05,07:39,34min late,07:26,16min late,47m,Landed
2026-01-13,QZ550,AWQ550,Indonesia AirAsia,Kuala Lumpur,KUL,WMKK,07:15,23:15,07:04,10min early,09:42,27min early,2h 37m,Landed
2026-01-13,SQ949,SIA949,Singapore Airlines,Singapore,SIN,WSSS,07:20,23:20,07:22,2min late,09:35,24min early,2h 12m,Landed
2026-01-13,8B551,TNU551,Business Air,Singapore,SIN,WSSS,07:30,23:30,07:27,2min early,09:38,16min early,2h 11m,Landed
2026-01-13,ID6333,BTK6333,Batik Air,Labuan Bajo,LBJ,WATO,07:55,23:55,07:53,1min early,08:44,25min early,50m,Landed
2026-01-13,JT21,LNI021,Lion Air,Jakarta,CGK,WIII,08:05,00:05,08:11,6min late,08:39,20min early,1h 27m,Landed
2026-01-13,QG9691,CTV9691,Citilink,Surabaya,SUB,WARR,08:05,00:05,08:00,4min early,07:50,19min early,50m,Landed
2026-01-13,IW1858,WON1858,Wings Air,Lombok,LOP,WADL,08:05,00:05,08:06,1min late,08:37,17min early,30m,Landed
2026-01-13,HX706,CRK706,Hong Kong Airlines,Hong Kong,HKG,VHHH,08:15,00:15,08:15,on time,13:11,3min early,4h 55m,Landed
2026-01-13,CZ8482,CSN8482,China Southern Airlines,Guangzhou,CAN,ZGGG,08:35,00:35,07:08,26min early,13:16,38min early,6h 7m,Landed
2026-01-13,5J280,CEB280,CEBU Pacific Air,Manila,MNL,RPLL,08:35,00:35,08:35,on time,12:30,19min early,3h 55m,Landed
2026-01-13,IW1854,WON1854,Wings Air,Lombok,LOP,WADL,08:45,00:45,08:37,7min early,09:08,26min early,30m,Landed
2026-01-13,IW1882,WON1882,Wings Air,Sumbawa Besar,SWQ,WADS,08:55,00:55,10:16,21min late,11:00,0min late,44m,Landed
2026-01-13,IN640,LKN640,NAM Air,Tambolaka,TMC,WADT,09:10,01:10,09:29,19min late,10:10,on time,40m,Landed
2026-01-13,8B5105,TNU5105,Business Air,Jakarta,CGK,WIII,09:15,01:15,09:20,5min late,09:43,16min early,1h 23m,Landed
2026-01-13,QZ504,AWQ504,Indonesia AirAsia,Singapore,SIN,WSSS,09:25,01:25,09:24,on time,11:39,25min early,2h 15m,Landed
2026-01-13,IW1848,WON1848,Wings Air,Lombok,LOP,WADL,09:25,01:25,09:49,24min late,10:19,4min late,30m,Landed
2026-01-13,ID6007,BTK6007,Batik Air,Perth,PER,YPPH,09:30,01:30,09:33,3min late,13:03,11min early,3h 29m,Landed
2026-01-13,QG500,CTV500,Citilink,Dili,DIL,WPDL,09:30,01:30,09:21,8min early,12:14,5min early,1h 53m,Landed
2026-01-13,QG663,CTV663,Citilink,Jakarta,CGK,WIII,09:35,01:35,09:28,7min early,10:09,20min early,1h 41m,Landed
2026-01-13,ID6324,BTK6324,Batik Air,Tambolaka,TMC,WADT,09:40,01:40,09:22,17min early,10:06,48min early,44m,Landed
2026-01-13,QZ803,AWQ803,Indonesia AirAsia,Jakarta,CGK,WIII,09:40,01:40,09:56,16min late,10:24,5min early,1h 28m,Landed
2026-01-13,8B80,TNU080,Business Air,Perth,PER,YPPH,09:40,01:40,10:04,24min late,13:24,on time,3h 20m,Landed
2026-01-13,QR965,QTR965,Qatar Airways,Doha,DOH,OTHH,09:45,01:45,10:12,27min late,14:37,12min late,9h 24m,Landed
2026-01-13,JT270,LNI270,Lion Air,Kupang,KOE,WATT,10:00,02:00,10:12,12min late,11:34,15min early,1h 22m,Landed
2026-01-13,AI2146,AIC2146,Air India,Delhi,DEL,VIDP,10:00,02:00,09:51,9min early,14:49,10min early,7h 28m,Landed
2026-01-13,JT3569,,Lion Air,Yogyakarta,YIA,WAHI,10:00,02:00,14:10,10min late,14:14,44min late,1h 4m,Landed
2026-01-13,JQ111,JST111,Jetstar Airways,Perth,PER,YPPH,10:20,02:20,10:15,5min early,13:39,30min early,3h 24m,Landed
2026-01-13,8B5101,TNU5101,Business Air,Jakarta,CGK,WIII,10:30,02:30,10:51,21min late,11:20,5min late,1h 29m,Landed
2026-01-13,SQ935,SIA935,Singapore Airlines,Singapore,SIN,WSSS,10:30,02:30,10:49,19min late,12:55,15min early,2h 6m,Landed
2026-01-13,JT805,LNI805,Lion Air,Surabaya,SUB,WARR,10:35,02:35,10:46,11min late,10:25,9min early,38m,Landed
2026-01-13,8G182,DTL182,Mid Africa Aviation,Dili,DIL,WPDL,10:35,02:35,10:44,9min late,13:32,2min late,1h 48m,Landed
2026-01-13,JT33,LNI033,Lion Air,Jakarta,CGK,WIII,10:35,02:35,15:03,28min late,15:31,1min late,1h 28m,Landed
2026-01-13,QG197,CTV197,Citilink,Jakarta,HLP,WIHH,11:10,03:10,13:59,49min late,11:39,20min early,,Landed
2026-01-13,IW1856,WON1856,Wings Air,Lombok,LOP,WADL,11:10,03:10,11:14,4min late,11:45,14min early,31m,Landed
2026-01-13,TR281,TGW281,Scoot,Singapore,SIN,WSSS,11:10,03:10,11:21,11min late,13:30,20min early,2h 9m,Landed
2026-01-13,JQ40,JST040,Jetstar Airways,Sydney,SYD,YSSY,11:15,03:15,11:22,7min late,19:58,16min early,5h 36m,Landed
2026-01-13,QZ780,AWQ780,Indonesia AirAsia,Balikpapan,BPN,WALL,11:20,03:20,11:40,20min late,13:02,2min early,1h 21m,Landed
2026-01-13,JQ32,JST032,Jetstar Airways,Melbourne,MEL,YMML,11:30,03:30,12:22,52min late,20:38,28min late,5h 16m,Landed
2026-01-13,6E1606,IGO1606,IndiGo,Bangalore,BLR,VOBL,11:30,03:30,11:21,8min early,15:02,32min early,6h 10m,Landed
2026-01-13,OD172,MXD172,Malindo Air,Kuala Lumpur,KUL,WMKK,11:35,03:35,12:41,6min late,15:25,40min late,2h 43m,Landed
2026-01-13,QZ646,AWQ646,Indonesia AirAsia,Labuan Bajo,LBJ,WATO,11:40,03:40,12:37,57min late,13:22,27min late,45m,Landed
2026-01-13,IW1964,WON1964,Wings Air,Lombok,LOP,WADL,11:40,03:40,14:56,16min late,15:29,59min late,32m,Landed
2026-01-13,ID6331,BTK6331,Batik Air,Labuan Bajo,LBJ,WATO,11:45,03:45,11:55,10min late,13:04,4min late,1h 8m,Landed
2026-01-13,JQ109,JST109,Jetstar Airways,Perth,PER,YPPH,11:45,03:45,11:38,7min early,14:53,41min early,3h 15m,Landed
2026-01-13,IW1850,WON1850,Wings Air,Lombok,LOP,WADL,11:50,03:50,15:42,52min late,16:12,32min late,30m,Landed
2026-01-13,GA407,GIA407,Garuda Indonesia,Jakarta,CGK,WIII,11:55,03:55,12:06,11min late,12:41,13min early,1h 34m,Landed
2026-01-13,JT31,LNI031,Lion Air,Jakarta,CGK,WIII,11:55,03:55,16:03,8min late,13:06,16min late,,Landed
2026-01-13,QZ540,AWQ540,Indonesia AirAsia,Darwin,DRW,YPDN,12:00,04:00,12:02,2min late,16:03,11min early,2h 30m,Landed
2026-01-13,FD397,AIQ397,Thai AirAsia,Bangkok,DMK,VTBD,12:00,04:00,12:30,30min late,15:27,7min late,3h 57m,Landed
2026-01-13,GA253,GIA253,Garuda Indonesia,Yogyakarta,YIA,WAHI,12:05,04:05,12:34,29min late,12:41,13min early,1h 6m,Landed
2026-01-13,SQ937,SIA937,Singapore Airlines,Singapore,SIN,WSSS,12:05,04:05,12:16,11min late,14:34,21min early,2h 17m,Landed
2026-01-13,OD192,MXD192,Malindo Air,Kuala Lumpur,KUL,WMKK,12:10,04:10,12:42,32min late,15:29,9min late,2h 47m,Landed
2026-01-13,OD178,MXD178,Malindo Air,Kuala Lumpur,KUL,WMKK,12:15,04:15,12:11,3min early,14:50,34min early,2h 39m,Landed
2026-01-13,OD158,MXD158,Malindo Air,Kuala Lumpur,KUL,WMKK,12:45,04:45,13:13,28min late,15:55,on time,2h 41m,Landed
2026-01-13,IP103,PAS103,Pelita Air Service,Jakarta,CGK,WIII,12:45,04:45,12:46,1min late,13:20,14min early,1h 34m,Landed
2026-01-13,SQ939,SIA939,Singapore Airlines,Singapore,SIN,WSSS,13:00,05:00,13:09,9min late,15:25,24min early,2h 16m,Landed
2026-01-13,AK365,AXM365,AirAsia,Kuala Lumpur,KUL,WMKK,13:05,05:05,13:07,2min late,17:48,38min late,4h 40m,Landed
2026-01-13,MH714,MAS714,Malaysia Airlines,Kuala Lumpur,KUL,WMKK,13:10,05:10,13:32,22min late,16:09,4min late,2h 36m,Landed
2026-01-13,VJ900,VJC900,VietJet Air,Hanoi,HAN,VVNB,13:10,05:10,13:21,11min late,17:13,6min early,4h 52m,Landed
2026-01-13,JT35,,Lion Air,Jakarta,CGK,WIII,13:15,05:15,,,,,1h 55m,
2026-01-13,GA409,GIA409,Garuda Indonesia,Jakarta,CGK,WIII,13:25,05:25,13:48,23min late,14:17,7min early,1h 29m,Landed
2026-01-13,JQ58,JST058,Jetstar Airways,Brisbane,BNE,YBBN,13:30,05:30,13:28,1min early,20:58,26min early,5h 30m,Landed
2026-01-13,JT660,LNI660,Lion Air,Balikpapan,BPN,WALL,13:30,05:30,14:20,50min late,18:48,33min late,4h 28m,Landed
2026-01-13,ID6509,BTK6509,Batik Air,Jakarta,CGK,WIII,13:45,05:45,13:52,7min late,14:20,19min early,1h 28m,Landed
2026-01-13,8B5107,TNU5107,Business Air,Jakarta,CGK,WIII,13:50,05:50,14:07,17min late,14:33,1min early,1h 26m,Landed
2026-01-13,JT919,LNI919,Lion Air,Surabaya,SUB,WARR,13:55,05:55,14:47,52min late,14:23,28min late,35m,Landed
2026-01-13,QG342,CTV342,Citilink,Makassar,UPG,WAAA,13:55,05:55,13:59,4min late,15:25,5min late,1h 26m,Landed
2026-01-13,6E1612,IGO1612,IndiGo,Bhubaneswar,BBI,VEBS,14:00,06:00,15:57,57min late,19:09,29min late,5h 42m,Landed
2026-01-13,QG687,CTV687,Citilink,Jakarta,CGK,WIII,14:00,06:00,13:52,8min early,14:36,18min early,1h 44m,Landed
2026-01-13,QZ544,AWQ544,Indonesia AirAsia,Perth,PER,YPPH,14:00,06:00,16:54,54min late,20:09,19min late,3h 15m,Landed
2026-01-13,8B82,TNU082,Business Air,Perth,PER,YPPH,14:00,06:00,13:09,50min early,17:24,15min early,4h 15m,Landed
2026-01-13,VJ894,,VietJet Air,Ho Chi Minh City,SGN,VVTS,14:05,06:05,14:05,on time,17:02,2min early,3h 57m,Landed
2026-01-13,ID6517,BTK6517,Batik Air,Jakarta,CGK,WIII,14:15,06:15,16:14,59min late,16:40,30min late,1h 25m,Landed
2026-01-13,JT569,LNI569,Lion Air,Yogyakarta,YIA,WAHI,14:15,06:15,14:11,3min early,14:18,26min early,1h 7m,Landed
2026-01-13,ID7308,BTK7308,Batik Air,Jakarta,HLP,WIHH,14:20,06:20,14:30,10min late,14:55,14min early,1h 24m,Landed
2026-01-13,QZ246,AWQ246,Indonesia AirAsia,Phuket,HKT,VTSP,14:25,06:25,16:21,56min late,18:54,39min late,3h 33m,Landed
2026-01-13,TR289,TGW289,Scoot,Singapore,SIN,WSSS,14:35,06:35,14:38,3min late,16:55,35min early,2h 17m,Landed
2026-01-13,JT740,LNI740,Lion Air,Makassar,UPG,WAAA,14:40,06:40,16:16,36min late,17:18,13min late,1h 2m,Landed
2026-01-13,JT23,,Lion Air,Jakarta,CGK,WIII,14:45,06:45,,,,,1h 55m,
2026-01-13,JQ43,JST043,Jetstar Airways,Singapore,SIN,WSSS,14:50,06:50,14:50,on time,17:10,44min early,2h 20m,Landed
2026-01-13,OD307,MXD307,Malindo Air,Kuala Lumpur,KUL,WMKK,14:50,06:50,15:28,38min late,17:53,1min early,2h 25m,Landed
2026-01-13,JQ44,JST044,Jetstar Airways,Melbourne,MEL,YMML,14:55,06:55,14:48,7min early,23:20,14min early,5h 32m,Landed
2026-01-13,JT844,LNI844,Lion Air,Banjarmasin,BDJ,WAOO,15:00,07:00,16:52,52min late,17:54,24min late,1h 1m,Landed
2026-01-13,VA48,VOZ048,Virgin Australia,Brisbane,BNE,YBBN,15:00,07:00,15:26,26min late,23:48,53min late,6h 22m,Landed
2026-01-13,QG681,CTV681,Citilink,Jakarta,CGK,WIII,15:10,07:10,14:57,13min early,15:46,18min early,1h 49m,Landed
2026-01-13,AK377,AXM377,AirAsia,Kuala Lumpur,KUL,WMKK,15:25,07:25,16:47,22min late,19:39,14min late,2h 52m,Landed
2026-01-13,VJ898,VJC898,VietJet Air,Ho Chi Minh City,SGN,VVTS,15:35,07:35,15:52,17min late,18:06,18min early,3h 14m,Landed
2026-01-13,QG669,CTV669,Citilink,Surabaya,SUB,WARR,15:40,07:40,15:34,5min early,15:20,24min early,46m,Landed
2026-01-13,GA411,GIA411,Garuda Indonesia,Jakarta,CGK,WIII,15:40,07:40,16:27,47min late,16:59,14min late,1h 32m,Landed
2026-01-13,CI772,CAL772,China Airlines,Taipei,TPE,RCTP,15:45,07:45,15:50,5min late,20:54,10min early,5h 4m,Landed
2026-01-13,VA92,VOZ092,Virgin Australia,Melbourne,MEL,YMML,15:50,07:50,16:19,29min late,00:39,9min late,5h 20m,Landed
2026-01-13,IP109,PAS109,Pelita Air Service,Jakarta,CGK,WIII,16:00,08:00,16:18,18min late,16:44,5min early,1h 26m,Landed
2026-01-13,QZ536,AWQ536,Indonesia AirAsia,Perth,PER,YPPH,16:00,08:00,16:44,44min late,19:56,11min late,3h 12m,Landed
2026-01-13,QG661,,Citilink,Jakarta,CGK,WIII,16:05,08:05,,,,,1h 55m,
2026-01-13,VN640,HVN640,Vietnam Airlines,Ho Chi Minh City,SGN,VVTS,16:05,08:05,16:08,3min late,18:26,28min early,3h 18m,Landed
2026-01-13,QZ807,AWQ807,Indonesia AirAsia,Jakarta,CGK,WIII,16:10,08:10,16:37,27min late,17:05,4min early,1h 28m,Landed
2026-01-13,IU703,SJV703,SW Italia,Surabaya,SUB,WARR,16:10,08:10,16:34,24min late,16:12,2min late,38m,Landed
2026-01-13,TG432,THA432,Thai Airways International,Bangkok,BKK,VTBS,16:10,08:10,16:10,on time,18:51,33min early,3h 41m,Landed
2026-01-13,QZ556,AWQ556,Indonesia AirAsia,Kuala Lumpur,KUL,WMKK,16:15,08:15,16:43,28min late,19:13,3min late,2h 30m,Landed
2026-01-13,CX784,CPA784,Cathay Pacific,Hong Kong,HKG,VHHH,16:20,08:20,16:30,10min late,21:25,on time,4h 55m,Landed
2026-01-13,MH850,MAS850,Malaysia Airlines,Kuala Lumpur,KUL,WMKK,16:25,08:25,16:30,5min late,19:35,on time,3h 5m,Landed
2026-01-13,IW1852,WON1852,Wings Air,Lombok,LOP,WADL,16:30,08:30,17:41,11min late,18:13,53min late,32m,Landed
2026-01-13,IU743,SJV743,SW Italia,Jakarta,CGK,WIII,16:35,08:35,,,,,1h 55m,
2026-01-13,BR256,EVA256,EVA Airways,Taipei,TPE,RCTP,16:40,08:40,17:05,25min late,21:50,5min late,4h 45m,Landed
2026-01-13,JT744,,Lion Air,Makassar,UPG,WAAA,16:40,08:40,,,,,1h 25m,
2026-01-13,GA349,GIA349,Garuda Indonesia,Surabaya,SUB,WARR,16:55,08:55,17:30,35min late,17:15,5min late,45m,Landed
2026-01-13,ID6335,BTK6335,Batik Air,Labuan Bajo,LBJ,WATO,17:00,09:00,16:59,on time,17:49,25min early,50m,Landed
2026-01-13,JT25,,Lion Air,Jakarta,CGK,WIII,17:15,09:15,,,,,1h 55m,
2026-01-13,GA419,GIA419,Garuda Indonesia,Jakarta,CGK,WIII,17:25,09:25,17:37,12min late,18:16,8min early,1h 39m,Landed
2026-01-13,HO1356,DKH1356,Juneyao Airlines,Shanghai,PVG,ZSPD,17:25,09:25,17:17,7min early,23:27,22min early,6h 9m,Landed
2026-01-13,VJ998,VJC998,VietJet Air,Hanoi,HAN,VVNB,17:25,09:25,17:27,2min late,21:04,30min early,4h 37m,Landed
2026-01-13,TR211,TGW211,Scoot,Singapore,SIN,WSSS,17:35,09:35,17:33,1min early,19:46,59min early,2h 12m,Landed
2026-01-13,IP107,PAS107,Pelita Air Service,Jakarta,CGK,WIII,17:40,09:40,17:45,5min late,18:14,15min early,1h 29m,Landed
2026-01-13,IU759,SJV759,SW Italia,Jakarta,CGK,WIII,17:40,09:40,18:36,56min late,19:02,27min late,1h 26m,Landed
2026-01-13,OD193,MXD193,Malindo Air,Perth,PER,YPPH,18:10,10:10,18:46,36min late,21:55,10min late,3h 8m,Landed
2026-01-13,IN281,LKN281,Nam Air,Jakarta,CGK,WIII,18:30,10:30,18:39,9min late,19:08,1min early,1h 29m,Landed
2026-01-13,GA417,GIA417,Garuda Indonesia,Jakarta,CGK,WIII,18:30,10:30,19:09,39min late,19:41,11min late,1h 32m,Landed
2026-01-13,IN283,,NAM Air,Jakarta,CGK,WIII,18:30,10:30,,,,,1h 40m,
2026-01-13,IP111,,Pelita Air Service,Jakarta,CGK,WIII,18:35,10:35,,,,,1h 50m,
2026-01-13,JT925,LNI925,Lion Air,Surakarta,SOC,WAHQ,18:40,10:40,18:56,16min late,18:59,on time,1h 3m,Landed
2026-01-13,JT3027,,Lion Air,Jakarta,CGK,WIII,18:40,10:40,,,,,1h 55m,
2026-01-13,CX782,CPA782,Cathay Pacific,Hong Kong,HKG,VHHH,18:40,10:40,18:42,2min late,23:06,38min early,4h 23m,Landed
2026-01-13,SL259,TLM259,Thai Lion Air,Bangkok,DMK,VTBD,18:40,10:40,19:02,22min late,21:52,7min early,3h 49m,Landed
2026-01-13,EY477,ETD477,Etihad Airways,Abu Dhabi,AUH,OMAA,18:45,10:45,18:58,13min late,23:44,on time,8h 45m,Landed
2026-01-13,ID6415,,Batik Air,Surabaya,SUB,WARR,18:45,10:45,,,,,1h 0m,Cancelled
2026-01-13,6E1608,IGO1608,IndiGo,Chennai,MAA,VOMM,18:50,10:50,19:15,25min late,22:38,8min late,5h 53m,Landed
2026-01-13,QZ809,AWQ809,Indonesia AirAsia,Jakarta,CGK,WIII,18:50,10:50,19:35,45min late,20:03,13min late,1h 28m,Landed
2026-01-13,QR963,QTR963,Qatar Airways,Doha,DOH,OTHH,18:50,10:50,19:36,46min late,00:10,40min late,9h 34m,Landed
2026-01-13,TG440,THA440,Thai Airways International,Bangkok,BKK,VTBS,19:00,11:00,19:30,30min late,22:17,2min late,3h 47m,Landed
2026-01-13,AK379,AXM379,AirAsia,Kuala Lumpur,KUL,WMKK,19:15,11:15,19:30,15min late,22:15,4min early,2h 45m,Landed
2026-01-13,MH852,MAS852,Malaysia Airlines,Kuala Lumpur,KUL,WMKK,19:15,11:15,19:57,42min late,22:55,40min late,2h 58m,Landed
2026-01-13,QG699,CTV699,Citilink,Surabaya,SUB,WARR,19:25,11:25,19:45,20min late,19:38,8min late,52m,Landed
2026-01-13,ID7310,BTK7310,Batik Air,Jakarta,HLP,WIHH,19:25,11:25,19:46,21min late,20:19,4min late,1h 33m,Landed
2026-01-13,QG689,CTV689,Citilink,Jakarta,CGK,WIII,19:30,11:30,19:36,6min late,20:33,8min late,1h 57m,Landed
2026-01-13,GA463,,Garuda Indonesia,Jakarta,HLP,WIHH,19:30,11:30,19:30,,20:25,,1h 55m,Landed
2026-01-13,JT923,,Lion Air,Surabaya,SUB,WARR,19:45,11:45,,,,,1h 0m,
2026-01-13,8B969,TNU969,Business Air,Guangzhou,CAN,ZGGG,19:45,11:45,19:49,4min late,00:37,27min early,4h 48m,Landed
2026-01-13,EK369,UAE369,Emirates,Dubai,DXB,OMDB,19:50,11:50,20:10,20min late,00:51,18min early,8h 41m,Landed
2026-01-13,JT271,LNI271,Lion Air,Semarang,SRG,WIIS,19:50,11:50,14:08,18min late,16:56,46min late,3h 48m,Landed
2026-01-13,TR283,TGW283,Scoot,Singapore,SIN,WSSS,20:05,12:05,20:16,11min late,22:20,20min early,2h 3m,Landed
2026-01-13,QG195,CTV195,Citilink,Jakarta,HLP,WIHH,20:10,12:10,20:30,20min late,21:26,26min late,1h 56m,Landed
2026-01-13,OD177,MXD177,Malindo Air,Melbourne,MEL,YMML,20:15,12:15,20:50,35min late,05:40,on time,5h 50m,Landed
2026-01-13,SQ945,SIA945,Singapore Airlines,Singapore,SIN,WSSS,20:15,12:15,20:41,26min late,22:53,2min early,2h 12m,Landed
2026-01-13,GA718,GIA718,Garuda Indonesia,Melbourne,MEL,YMML,20:20,12:20,09:43,36min early,05:25,25min late,16h 42m,Landed
2026-01-13,JQ34,JST034,Jetstar Airways,Melbourne,MEL,YMML,20:20,12:20,20:34,14min late,04:49,5min early,5h 15m,Landed
2026-01-13,ID6413,BTK6413,Batik Air,Surabaya,SUB,WARR,20:30,12:30,20:57,27min late,20:42,12min late,45m,Landed
2026-01-13,QG9697,,Citilink,Surabaya,SUB,WARR,20:40,12:40,23:46,6min late,20:45,,1h 5m,Landed
2026-01-13,GA415,GIA415,Garuda Indonesia,Jakarta,CGK,WIII,20:45,12:45,21:38,53min late,22:14,29min late,1h 36m,Landed
2026-01-13,IP105,PAS105,Pelita Air Service,Jakarta,CGK,WIII,20:50,12:50,21:06,16min late,21:31,8min early,1h 25m,Landed
2026-01-13,OD171,MXD171,Malindo Air,Sydney,SYD,YSSY,21:10,13:10,22:16,6min late,06:51,36min late,5h 34m,Landed
2026-01-13,TK67,THY067,Turkish Airlines,Istanbul,IST,LTFM,21:10,13:10,22:05,55min late,06:01,21min late,12h 55m,Landed
2026-01-13,QG9667,,Citilink,Jakarta,CGK,WIII,21:10,13:10,00:28,18min late,22:10,,2h 0m,Landed
2026-01-13,QZ819,AWQ819,Indonesia AirAsia,Jakarta,CGK,WIII,21:15,13:15,22:08,53min late,22:39,34min late,1h 31m,Landed
2026-01-13,JT11,,Lion Air,Jakarta,CGK,WIII,21:15,13:15,,,,,1h 55m,
2026-01-13,QF44,QFA044,Qantas,Sydney,SYD,YSSY,21:20,13:20,19:23,56min early,06:17,2min late,7h 53m,Landed
2026-01-13,JQ60,JST060,Jetstar Airways,Brisbane,BNE,YBBN,21:30,13:30,21:31,on time,05:39,19min late,6h 8m,Landed
2026-01-13,GA425,GIA425,Garuda Indonesia,Jakarta,CGK,WIII,21:30,13:30,21:31,1min late,22:07,27min early,1h 36m,Landed
2026-01-13,ID6760,,Batik Air,Makassar,UPG,WAAA,21:30,13:30,,,,,1h 25m,
2026-01-13,SJ273,,Sriwijaya Air,Jakarta,CGK,WIII,21:35,13:35,22:35,60min late,22:15,,1h 40m,Landed
2026-01-13,KL836,KLM836,KLM Royal Dutch Airlines,Singapore,SIN,WSSS,21:40,13:40,22:44,4min late,00:53,43min late,2h 9m,Landed
2026-01-13,SQ947,SIA947,Singapore Airlines,Singapore,SIN,WSSS,21:40,13:40,21:56,16min late,00:10,10min early,2h 13m,Landed
2026-01-13,JQ117,JST117,Jetstar Airways,Perth,PER,YPPH,21:45,13:45,21:45,on time,01:10,4min early,3h 25m,Landed
2026-01-13,QZ546,AWQ546,Indonesia AirAsia,Perth,PER,YPPH,21:55,13:55,22:10,15min late,01:23,11min early,3h 13m,Landed
2026-01-13,AK375,AXM375,AirAsia,Kuala Lumpur,KUL,WMKK,21:55,13:55,22:59,4min late,01:39,39min late,2h 40m,Landed
2026-01-13,VA94,VOZ094,Virgin Australia,Melbourne,MEL,YMML,22:00,14:00,21:48,12min early,06:34,5min early,5h 46m,Landed
2026-01-13,TK311,THY311,Turkish Airlines,Istanbul,IST,LTFM,22:00,14:00,22:44,44min late,06:44,19min late,12h 59m,Landed
2026-01-13,OD157,MXD157,Malindo Air,Brisbane,BNE,YBBN,22:10,14:10,22:59,49min late,06:33,33min late,5h 34m,Landed
2026-01-13,QZ811,AWQ811,Indonesia AirAsia,Jakarta,CGK,WIII,22:15,14:15,22:59,44min late,23:24,19min late,1h 25m,Landed
2026-01-13,JQ38,JST038,Jetstar Airways,Sydney,SYD,YSSY,22:20,14:20,23:25,5min late,08:12,42min late,5h 46m,Landed
2026-01-13,VA66,VOZ066,Virgin Australia,Sydney,SYD,YSSY,22:30,14:30,22:37,7min late,07:30,9min early,5h 53m,Landed
2026-01-13,JT15,LNI015,Lion Air,Jakarta,CGK,WIII,22:35,14:35,23:02,27min late,23:28,1min early,1h 25m,Landed
2026-01-13,JQ128,JST128,Jetstar Airways,Adelaide,ADL,YPAD,22:50,14:50,23:59,9min late,07:04,49min late,4h 34m,Landed
2026-01-13,7C2712,JJA2712,Jeju Air,Seoul,ICN,RKSI,23:05,15:05,23:13,8min late,07:22,12min late,7h 9m,Landed
2026-01-13,3U3986,CSC3986,Sichuan Airlines,Lujia Town,TFU,ZUTF,23:10,15:10,21:31,38min early,05:39,30min early,8h 8m,Landed
2026-01-13,8B5109,TNU5109,Business Air,Jakarta,CGK,WIII,23:10,15:10,23:34,24min late,23:59,9min late,1h 24m,Landed
2026-01-13,VA82,VOZ082,Virgin Australia,Gold Coast,OOL,YBCG,23:20,15:20,23:39,19min late,07:36,26min late,5h 57m,Landed
2026-01-13,GA714,GIA714,Garuda Indonesia,Sydney,SYD,YSSY,23:35,15:35,23:57,22min late,08:37,2min late,5h 39m,Landed
2026-01-13,JQ42,JST042,Jetstar Airways,Melbourne,MEL,YMML,23:40,15:40,23:48,8min late,08:32,2min late,5h 44m,Landed
2026-01-13,KE432,KAL432,Korean Air Lines,Seoul,ICN,RKSI,23:50,15:50,00:12,22min late,07:55,10min late,6h 43m,Landed
2026-01-14,BX602,ABL602,Air Busan,Busan,PUS,RKPK,00:05,16:05,00:37,32min late,08:06,23min early,6h 29m,Landed
2026-01-14,TW158,TWB158,T'Way Air,Cheongju,CJJ,RKTU,00:15,16:15,01:04,49min late,08:39,29min late,6h 34m,Landed
2026-01-14,QZ548,AWQ548,Indonesia AirAsia,Perth,PER,YPPH,00:15,16:15,00:17,2min late,03:32,22min early,3h 15m,Landed
2026-01-14,8B84,TNU084,Business Air,Perth,PER,YPPH,00:20,16:20,00:37,17min late,03:52,12min early,3h 15m,Landed
2026-01-14,EK399,UAE399,Emirates,Dubai,DXB,OMDB,00:25,16:25,00:32,7min late,05:34,10min early,9h 1m,Landed
2026-01-14,QR961,QTR961,Qatar Airways,Doha,DOH,OTHH,00:30,16:30,00:51,21min late,05:15,5min late,9h 23m,Landed
2026-01-14,MF892,CXA892,Xiamen Airlines,Xiamen,XMN,ZSAM,00:30,16:30,00:18,12min early,05:49,15min early,5h 31m,Landed
2026-01-14,CZ626,CSN626,China Southern Airlines,Guangzhou,CAN,ZGGG,00:40,16:40,00:45,5min late,05:24,25min early,4h 39m,Landed
2026-01-14,GA880,GIA880,Garuda Indonesia,Tokyo,NRT,RJAA,00:50,16:50,00:53,3min late,08:33,16min early,6h 40m,Landed
2026-01-14,MU5030,CES5030,China Eastern Airlines,Shanghai,PVG,ZSPD,00:55,16:55,01:24,29min late,07:39,29min late,6h 15m,Landed
2026-01-14,5J282,CEB282,CEBU Pacific Air,Manila,MNL,RPLL,01:00,17:00,01:11,11min late,04:47,27min early,3h 35m,Landed
2026-01-14,PR538,PAL538,Philippine Airlines,Manila,MNL,RPLL,01:10,17:10,01:01,9min early,05:00,9min early,3h 59m,Landed
2026-01-14,KE434,KAL434,Korean Air Lines,Seoul,ICN,RKSI,01:20,17:20,01:11,9min early,08:50,29min early,6h 39m,Landed
2026-01-14,8B5888,,TransNusa,Manado,MDC,WAMM,01:30,17:30,,,,,2h 45m,
2026-01-14,QZ534,AWQ534,Indonesia AirAsia,Perth,PER,YPPH,07:00,23:00,07:13,13min late,10:50,on time,3h 36m,Landed
2026-01-14,JT746,LNI746,Lion Air,Makassar,UPG,WAAA,07:00,23:00,07:20,20min late,17:51,26min late,10h 30m,Landed
2026-01-14,GA401,GIA401,Garuda Indonesia,Jakarta,CGK,WIII,07:00,23:00,07:17,17min late,07:44,15min early,1h 27m,Landed
2026-01-14,QZ813,AWQ813,Indonesia AirAsia,Jakarta,CGK,WIII,07:00,23:00,07:01,1min late,07:29,20min early,1h 27m,Landed
2026-01-14,JT929,LNI929,Lion Air,Surabaya,SUB,WARR,07:00,23:00,07:31,31min late,07:15,14min late,44m,Landed
2026-01-14,QG690,CTV690,Citilink,Surabaya,SUB,WARR,07:05,23:05,07:14,9min late,07:14,4min late,1h 0m,Landed
2026-01-14,JQ82,JST082,Jetstar Airways,Darwin,DRW,YPDN,07:05,23:05,07:08,3min late,11:03,11min early,2h 25m,Landed
2026-01-14,QZ644,AWQ644,Indonesia AirAsia,Labuan Bajo,LBJ,WATO,07:10,23:10,07:38,28min late,08:33,8min late,55m,Landed
2026-01-14,QZ550,AWQ550,Indonesia AirAsia,Kuala Lumpur,KUL,WMKK,07:15,23:15,07:26,11min late,13:36,26min late,6h 9m,Landed
2026-01-14,SQ949,SIA949,Singapore Airlines,Singapore,SIN,WSSS,07:20,23:20,07:22,2min late,09:43,16min early,2h 21m,Landed
2026-01-14,8B551,TNU551,Business Air,Singapore,SIN,WSSS,07:30,23:30,07:36,6min late,09:51,3min early,2h 14m,Landed
2026-01-14,ID6333,BTK6333,Batik Air,Labuan Bajo,LBJ,WATO,07:55,23:55,08:02,7min late,08:55,14min early,52m,Landed
2026-01-14,IW1858,WON1858,Wings Air,Lombok,LOP,WADL,08:05,00:05,08:13,8min late,08:41,13min early,28m,Landed
2026-01-14,QG9691,CTV9691,Citilink,Surabaya,SUB,WARR,08:05,00:05,08:03,1min early,07:56,13min early,52m,Landed
2026-01-14,JT21,LNI021,Lion Air,Jakarta,CGK,WIII,08:05,00:05,09:37,32min late,10:05,5min late,1h 28m,Landed
2026-01-14,HX706,CRK706,Hong Kong Airlines,Hong Kong,HKG,VHHH,08:15,00:15,10:50,35min late,15:44,29min late,4h 54m,Landed
2026-01-14,GA710,GIA710,Garuda Indonesia,Melbourne,MEL,YMML,08:20,00:20,10:02,42min late,18:35,35min late,5h 32m,Landed
2026-01-14,CZ8482,CSN8482,China Southern Airlines,Guangzhou,CAN,ZGGG,08:35,00:35,08:38,3min late,13:35,19min early,4h 56m,Landed
2026-01-14,5J280,CEB280,CEBU Pacific Air,Manila,MNL,RPLL,08:35,00:35,07:29,5min early,12:35,14min early,5h 6m,Landed
2026-01-14,IW1854,WON1854,Wings Air,Lombok,LOP,WADL,08:45,00:45,08:40,4min early,09:09,25min early,29m,Landed
2026-01-14,JT927,,Lion Air,Surakarta,SOC,WAHQ,08:55,00:55,,,,,1h 20m,
2026-01-14,IW1882,WON1882,Wings Air,Sumbawa Besar,SWQ,WADS,08:55,00:55,,,,,1h 10m,Diverted
2026-01-14,IN640,LKN640,NAM Air,Tambolaka,TMC,WADT,09:10,01:10,09:19,9min late,10:09,on time,50m,Landed
2026-01-14,SJ740,,Sriwijaya Air,Waingapu,WGP,WADW,09:10,01:10,,,,,1h 20m,
2026-01-14,8B5105,TNU5105,Business Air,Jakarta,CGK,WIII,09:15,01:15,09:47,32min late,10:11,11min late,1h 24m,Landed
2026-01-14,ID6324,BTK6324,Batik Air,Tambolaka,TMC,WADT,09:20,01:20,09:58,38min late,10:46,11min late,47m,Landed
2026-01-14,IW1848,WON1848,Wings Air,Lombok,LOP,WADL,09:25,01:25,09:54,29min late,10:26,11min late,32m,Landed
2026-01-14,QZ504,AWQ504,Indonesia AirAsia,Singapore,SIN,WSSS,09:25,01:25,09:40,15min late,11:58,6min early,2h 18m,Landed
2026-01-14,QG500,CTV500,Citilink,Dili,DIL,WPDL,09:30,01:30,09:20,9min early,12:17,2min early,1h 56m,Landed
2026-01-14,ID6007,BTK6007,Batik Air,Perth,PER,YPPH,09:30,01:30,07:21,8min early,13:12,2min early,5h 50m,Landed
2026-01-14,QG663,CTV663,Citilink,Jakarta,CGK,WIII,09:35,01:35,09:18,17min early,10:00,29min early,1h 42m,Landed
2026-01-14,QZ803,AWQ803,Indonesia AirAsia,Jakarta,CGK,WIII,09:40,01:40,10:20,40min late,10:48,18min late,1h 28m,Landed
2026-01-14,8B80,TNU080,Business Air,Perth,PER,YPPH,09:40,01:40,09:51,11min late,13:14,10min early,3h 22m,Landed
2026-01-14,QR965,QTR965,Qatar Airways,Doha,DOH,OTHH,09:45,01:45,10:04,19min late,14:31,6min late,9h 27m,Landed
2026-01-14,JT3569,LNI3569,Lion Air,Yogyakarta,YIA,WAHI,10:00,02:00,10:27,27min late,10:33,3min late,1h 6m,Landed
2026-01-14,JT270,LNI270,Lion Air,Kupang,KOE,WATT,10:00,02:00,10:41,41min late,12:09,19min late,1h 28m,Landed
2026-01-14,SU297,AFL297,Aeroflot,Moscow,SVO,UUEE,10:05,02:05,10:57,52min late,18:26,31min late,12h 28m,Landed
2026-01-14,JQ126,JST126,Jetstar Airways,Adelaide,ADL,YPAD,10:15,02:15,10:03,12min early,17:28,16min early,4h 55m,Landed
2026-01-14,8B5101,TNU5101,Business Air,Jakarta,CGK,WIII,10:30,02:30,14:24,54min late,14:46,31min late,1h 22m,Landed
2026-01-14,SQ935,SIA935,Singapore Airlines,Singapore,SIN,WSSS,10:30,02:30,10:39,9min late,12:45,25min early,2h 6m,Landed
2026-01-14,QZ815,AWQ815,Indonesia AirAsia,Jakarta,CGK,WIII,10:35,02:35,11:02,27min late,11:26,3min early,1h 24m,Landed
2026-01-14,JT805,LNI805,Lion Air,Surabaya,SUB,WARR,10:35,02:35,10:45,10min late,10:31,4min early,45m,Landed
2026-01-14,JT33,,Lion Air,Jakarta,CGK,WIII,10:35,02:35,,,,,1h 55m,
2026-01-14,8G182,DTL182,Mid Africa Aviation,Dili,DIL,WPDL,10:35,02:35,10:43,8min late,13:22,7min early,1h 39m,Landed
2026-01-14,IW1856,WON1856,Wings Air,Lombok,LOP,WADL,11:10,03:10,11:21,11min late,11:51,8min early,29m,Landed
2026-01-14,QG197,CTV197,Citilink,Jakarta,HLP,WIHH,11:10,03:10,11:01,9min early,12:06,6min late,2h 5m,Landed
2026-01-14,TR281,TGW281,Scoot,Singapore,SIN,WSSS,11:10,03:10,11:34,24min late,13:55,5min late,2h 21m,Landed
2026-01-14,JQ40,JST040,Jetstar Airways,Sydney,SYD,YSSY,11:15,03:15,10:12,2min early,20:17,2min late,7h 5m,Landed
2026-01-14,6E1606,IGO1606,IndiGo,Bangalore,BLR,VOBL,11:30,03:30,11:18,11min early,14:50,44min early,6h 2m,Landed
2026-01-14,JQ32,JST032,Jetstar Airways,Melbourne,MEL,YMML,11:30,03:30,11:21,9min early,19:37,32min early,5h 16m,Landed
2026-01-14,OD172,MXD172,Malindo Air,Kuala Lumpur,KUL,WMKK,11:35,03:35,12:35,0min late,15:05,20min late,2h 29m,Landed
2026-01-14,IW1902,,Wings Air,Jember,JBB,WARE,11:40,03:40,,,,,1h 20m,
2026-01-14,IW1964,WON1964,Wings Air,Lombok,LOP,WADL,11:40,03:40,12:02,22min late,12:31,1min late,28m,Landed
2026-01-14,QZ646,AWQ646,Indonesia AirAsia,Labuan Bajo,LBJ,WATO,11:40,03:40,11:40,on time,12:50,4min early,1h 10m,Landed
2026-01-14,ID6331,,Batik Air,Labuan Bajo,LBJ,WATO,11:45,03:45,,,,,1h 15m,Cancelled
2026-01-14,JQ109,JST109,Jetstar Airways,Perth,PER,YPPH,11:45,03:45,11:51,6min late,15:15,19min early,3h 24m,Landed
2026-01-14,GA407,GIA407,Garuda Indonesia,Jakarta,CGK,WIII,11:55,03:55,12:09,14min late,12:46,8min early,1h 37m,Landed
2026-01-14,JT31,LNI031,Lion Air,Jakarta,CGK,WIII,11:55,03:55,17:27,32min late,18:00,10min late,1h 33m,Landed
2026-01-14,FD397,AIQ397,Thai AirAsia,Bangkok,DMK,VTBD,12:00,04:00,12:23,23min late,15:17,2min early,3h 54m,Landed
2026-01-14,QZ618,AWQ618,Indonesia AirAsia,Banjarmasin,BDJ,WAOO,12:05,04:05,12:06,1min late,13:06,33min early,1h 0m,Landed
2026-01-14,SJ717,SJY717,Sriwijaya Air,Makassar,UPG,WAAA,12:05,04:05,14:56,51min late,16:03,38min late,1h 6m,Landed
2026-01-14,SQ937,SIA937,Singapore Airlines,Singapore,SIN,WSSS,12:05,04:05,12:37,32min late,14:50,5min early,2h 12m,Landed
2026-01-14,GA253,GIA253,Garuda Indonesia,Yogyakarta,YIA,WAHI,12:05,04:05,12:25,20min late,12:30,24min early,1h 5m,Landed
2026-01-14,SJ742,,Sriwijaya Air,Tambolaka,TMC,WADT,12:10,04:10,12:10,on time,13:10,,1h 0m,Landed
2026-01-14,OD192,MXD192,Malindo Air,Kuala Lumpur,KUL,WMKK,12:10,04:10,12:15,5min late,14:42,37min early,2h 27m,Landed
2026-01-14,IP103,PAS103,Pelita Air Service,Jakarta,CGK,WIII,12:45,04:45,12:42,2min early,13:25,9min early,1h 43m,Landed
2026-01-14,OD158,MXD158,Malindo Air,Kuala Lumpur,KUL,WMKK,12:45,04:45,12:49,4min late,15:19,35min early,2h 29m,Landed
2026-01-14,JT740,LNI740,Lion Air,Makassar,UPG,WAAA,12:55,04:55,13:03,8min late,06:14,54min late,17h 11m,Landed
2026-01-14,SQ939,SIA939,Singapore Airlines,Singapore,SIN,WSSS,13:00,05:00,13:11,11min late,15:25,24min early,2h 13m,Landed
2026-01-14,AK365,AXM365,AirAsia,Kuala Lumpur,KUL,WMKK,13:05,05:05,13:08,3min late,17:41,31min late,4h 32m,Landed
2026-01-14,VJ900,VJC900,VietJet Air,Hanoi,HAN,VVNB,13:10,05:10,13:18,8min late,16:54,25min early,4h 36m,Landed
2026-01-14,MH714,MAS714,Malaysia Airlines,Kuala Lumpur,KUL,WMKK,13:10,05:10,13:38,28min late,16:08,3min late,2h 30m,Landed
2026-01-14,JT35,LNI035,Lion Air,Jakarta,CGK,WIII,13:15,05:15,13:51,36min late,14:22,12min late,1h 31m,Landed
2026-01-14,OD178,MXD178,Malindo Air,Kuala Lumpur,KUL,WMKK,13:25,05:25,13:45,20min late,16:17,17min early,2h 32m,Landed
2026-01-14,GA409,GIA409,Garuda Indonesia,Jakarta,CGK,WIII,13:25,05:25,13:41,16min late,14:12,12min early,1h 30m,Landed
2026-01-14,JQ58,JST058,Jetstar Airways,Brisbane,BNE,YBBN,13:30,05:30,13:32,2min late,20:57,27min early,5h 24m,Landed
2026-01-14,JT660,LNI660,Lion Air,Balikpapan,BPN,WALL,13:30,05:30,14:08,38min late,15:32,17min late,1h 24m,Landed
2026-01-14,ID6509,BTK6509,Batik Air,Jakarta,CGK,WIII,13:45,05:45,13:47,2min late,14:18,21min early,1h 31m,Landed
2026-01-14,8B5107,TNU5107,Business Air,Jakarta,CGK,WIII,13:50,05:50,14:53,3min late,15:17,42min late,1h 24m,Landed
2026-01-14,JT919,LNI919,Lion Air,Surabaya,SUB,WARR,13:55,05:55,,,,,1h 0m,
2026-01-14,QG342,CTV342,Citilink,Makassar,UPG,WAAA,13:55,05:55,14:06,11min late,15:31,11min late,1h 25m,Landed
2026-01-14,6E1612,IGO1612,IndiGo,Bhubaneswar,BBI,VEBS,14:00,06:00,13:00,59min early,17:18,21min early,6h 48m,Landed
2026-01-14,8B82,TNU082,Business Air,Perth,PER,YPPH,14:00,06:00,14:27,27min late,17:56,16min late,3h 29m,Landed
2026-01-14,QG687,CTV687,Citilink,Jakarta,CGK,WIII,14:00,06:00,14:05,5min late,14:32,22min early,1h 27m,Landed
2026-01-14,QZ544,AWQ544,Indonesia AirAsia,Perth,PER,YPPH,14:00,06:00,15:39,39min late,19:19,29min late,3h 39m,Landed
2026-01-14,VJ894,VJC894,VietJet Air,Ho Chi Minh City,SGN,VVTS,14:05,06:05,14:02,2min early,16:18,46min early,3h 16m,Landed
2026-01-14,ID6517,BTK6517,Batik Air,Jakarta,CGK,WIII,14:15,06:15,15:34,19min late,16:10,60min late,1h 35m,Landed
2026-01-14,JT569,LNI569,Lion Air,Yogyakarta,YIA,WAHI,14:15,06:15,14:30,15min late,14:44,on time,1h 14m,Landed
2026-01-14,ID7308,BTK7308,Batik Air,Jakarta,HLP,WIHH,14:20,06:20,15:06,46min late,15:33,23min late,1h 27m,Landed
2026-01-14,QZ506,AWQ506,Indonesia AirAsia,Singapore,SIN,WSSS,14:25,06:25,14:35,10min late,16:53,27min early,2h 18m,Landed
2026-01-14,TR289,TGW289,Scoot,Singapore,SIN,WSSS,14:35,06:35,15:31,56min late,17:45,15min late,2h 14m,Landed
2026-01-14,JT273,,Lion Air,Semarang,SRG,WIIS,14:40,06:40,,,,,1h 20m,
2026-01-14,JT23,,Lion Air,Jakarta,CGK,WIII,14:45,06:45,,,,,1h 55m,
2026-01-14,JQ43,JST043,Jetstar Airways,Singapore,SIN,WSSS,14:50,06:50,14:48,2min early,17:23,31min early,2h 35m,Landed
2026-01-14,OD307,MXD307,Malindo Air,Kuala Lumpur,KUL,WMKK,14:50,06:50,15:20,30min late,17:50,4min early,2h 30m,Landed
2026-01-14,JQ44,JST044,Jetstar Airways,Melbourne,MEL,YMML,14:55,06:55,15:15,20min late,23:35,on time,5h 20m,Landed
2026-01-14,JT924,,Lion Air,Kupang,KOE,WATT,14:55,06:55,,,,,1h 50m,
2026-01-14,JT844,LNI844,Lion Air,Banjarmasin,BDJ,WAOO,15:00,07:00,15:38,38min late,16:41,11min late,1h 3m,Landed
2026-01-14,VA48,VOZ048,Virgin Australia,Brisbane,BNE,YBBN,15:00,07:00,14:57,3min early,22:48,6min early,5h 51m,Landed
2026-01-14,QZ246,AWQ246,Indonesia AirAsia,Phuket,HKT,VTSP,15:05,07:05,16:39,34min late,19:04,24min late,3h 25m,Landed
2026-01-14,AI2148,AIC2148,Air India,Delhi,DEL,VIDP,15:10,07:10,14:58,12min early,19:55,9min early,7h 27m,Landed
2026-01-14,QG681,CTV681,Citilink,Jakarta,CGK,WIII,15:10,07:10,15:05,5min early,15:49,15min early,1h 44m,Landed
2026-01-14,AK377,AXM377,AirAsia,Kuala Lumpur,KUL,WMKK,15:25,07:25,16:12,47min late,18:58,33min late,2h 46m,Landed
2026-01-14,VJ898,VJC898,VietJet Air,Ho Chi Minh City,SGN,VVTS,15:35,07:35,16:01,26min late,18:21,3min early,3h 20m,Landed
2026-01-14,IW1850,WON1850,Wings Air,Lombok,LOP,WADL,15:40,07:40,15:40,on time,16:17,12min early,37m,Landed
2026-01-14,GA411,GIA411,Garuda Indonesia,Jakarta,CGK,WIII,15:40,07:40,16:14,34min late,16:45,on time,1h 31m,Landed
2026-01-14,QG669,CTV669,Citilink,Surabaya,SUB,WARR,15:40,07:40,15:39,on time,15:28,16min early,48m,Landed
2026-01-14,CI772,CAL772,China Airlines,Taipei,TPE,RCTP,15:45,07:45,15:19,26min early,20:18,46min early,4h 59m,Landed
2026-01-14,VA92,VOZ092,Virgin Australia,Melbourne,MEL,YMML,15:50,07:50,15:43,7min early,00:01,28min early,5h 18m,Landed
2026-01-14,QZ556,AWQ556,Indonesia AirAsia,Kuala Lumpur,KUL,WMKK,15:55,07:55,16:22,27min late,18:47,22min early,2h 25m,Landed
2026-01-14,QZ536,AWQ536,Indonesia AirAsia,Perth,PER,YPPH,16:00,08:00,16:31,31min late,19:58,13min late,3h 27m,Landed
2026-01-14,IP109,PAS109,Pelita Air Service,Jakarta,CGK,WIII,16:00,08:00,16:13,13min late,16:43,6min early,1h 30m,Landed
2026-01-14,QG661,,Citilink,Jakarta,CGK,WIII,16:05,08:05,,,,,1h 55m,
2026-01-14,VN640,HVN640,Vietnam Airlines,Ho Chi Minh City,SGN,VVTS,16:05,08:05,16:16,11min late,18:38,16min early,3h 22m,Landed
2026-01-14,QZ807,AWQ807,Indonesia AirAsia,Jakarta,CGK,WIII,16:10,08:10,16:27,17min late,16:55,14min early,1h 28m,Landed
2026-01-14,TG432,THA432,Thai Airways International,Bangkok,BKK,VTBS,16:10,08:10,16:05,4min early,18:41,43min early,3h 35m,Landed
2026-01-14,IU703,,SW Italia,Surabaya,SUB,WARR,16:10,08:10,,,,,1h 0m,
2026-01-14,CX784,CPA784,Cathay Pacific,Hong Kong,HKG,VHHH,16:20,08:20,16:09,11min early,20:41,43min early,4h 32m,Landed
2026-01-14,MH850,MAS850,Malaysia Airlines,Kuala Lumpur,KUL,WMKK,16:25,08:25,16:25,on time,19:21,14min early,2h 56m,Landed
2026-01-14,IW1852,WON1852,Wings Air,Lombok,LOP,WADL,16:30,08:30,,,,,50m,Diverted
2026-01-14,IU743,,SW Italia,Jakarta,CGK,WIII,16:35,08:35,,,,,1h 55m,
2026-01-14,JT744,,Lion Air,Makassar,UPG,WAAA,16:40,08:40,,,,,1h 25m,
2026-01-14,BR256,EVA256,EVA Airways,Taipei,TPE,RCTP,16:40,08:40,16:30,10min early,21:27,17min early,4h 57m,Landed
2026-01-14,GA349,GIA349,Garuda Indonesia,Surabaya,SUB,WARR,16:55,08:55,17:00,5min late,16:50,19min early,50m,Landed
2026-01-14,IU273,SJV273,SW Italia,Pontianak,PNK,WIOO,17:00,09:00,17:38,38min late,18:14,9min late,1h 36m,Landed
2026-01-14,ID6335,BTK6335,Batik Air,Labuan Bajo,LBJ,WATO,17:00,09:00,17:16,16min late,18:16,1min late,59m,Landed
2026-01-14,JT25,,Lion Air,Jakarta,CGK,WIII,17:15,09:15,,,,,1h 55m,
2026-01-14,GA419,GIA419,Garuda Indonesia,Jakarta,CGK,WIII,17:25,09:25,17:35,10min late,18:13,11min early,1h 38m,Landed
2026-01-14,VJ998,VJC998,VietJet Air,Hanoi,HAN,VVNB,17:25,09:25,17:21,3min early,21:06,28min early,4h 44m,Landed
2026-01-14,HO1356,DKH1356,Juneyao Airlines,Shanghai,PVG,ZSPD,17:25,09:25,17:18,6min early,23:21,28min early,6h 2m,Landed
2026-01-14,TR211,TGW211,Scoot,Singapore,SIN,WSSS,17:35,09:35,17:55,20min late,20:12,33min early,2h 16m,Landed
2026-01-14,IP107,PAS107,Pelita Air Service,Jakarta,CGK,WIII,17:40,09:40,17:59,19min late,18:24,5min early,1h 25m,Landed
2026-01-14,IU759,SJV759,SW Italia,Jakarta,CGK,WIII,17:40,09:40,18:32,52min late,19:02,27min late,1h 30m,Landed
2026-01-14,AK368,AXM368,AirAsia,Kuala Lumpur,KUL,WMKK,17:45,09:45,19:04,19min late,21:58,8min late,2h 54m,Landed
2026-01-14,OD193,MXD193,Malindo Air,Perth,PER,YPPH,18:10,10:10,20:41,31min late,23:55,10min late,3h 14m,Landed
2026-01-14,IN281,LKN281,Nam Air,Jakarta,CGK,WIII,18:30,10:30,19:29,59min late,19:51,41min late,1h 22m,Landed
2026-01-14,GA417,GIA417,Garuda Indonesia,Jakarta,CGK,WIII,18:30,10:30,18:30,on time,19:09,20min early,1h 39m,Landed
2026-01-14,IP111,,Pelita Air Service,Jakarta,CGK,WIII,18:35,10:35,,,,,1h 50m,
2026-01-14,CX782,CPA782,Cathay Pacific,Hong Kong,HKG,VHHH,18:40,10:40,19:41,1min late,00:12,27min late,4h 30m,Landed
2026-01-14,JT925,LNI925,Lion Air,Surakarta,SOC,WAHQ,18:40,10:40,19:03,23min late,19:03,3min late,59m,Landed
2026-01-14,SL259,TLM259,Thai Lion Air,Bangkok,DMK,VTBD,18:40,10:40,18:53,13min late,21:44,16min early,3h 50m,Landed
2026-01-14,JT3027,,Lion Air,Jakarta,CGK,WIII,18:40,10:40,,,,,1h 55m,
2026-01-14,EY477,ETD477,Etihad Airways,Abu Dhabi,AUH,OMAA,18:45,10:45,18:50,5min late,23:33,11min early,8h 43m,Landed
2026-01-14,ID6415,BTK6415,Batik Air,Surabaya,SUB,WARR,18:45,10:45,19:15,30min late,18:51,6min late,35m,Landed
2026-01-14,NZ291,ANZ291,Air New Zealand,Auckland,AKL,NZAA,18:50,10:50,18:48,2min early,07:19,35min early,7h 31m,Landed
2026-01-14,QZ809,AWQ809,Indonesia AirAsia,Jakarta,CGK,WIII,18:50,10:50,19:51,1min late,20:17,27min late,1h 25m,Landed
2026-01-14,QR963,QTR963,Qatar Airways,Doha,DOH,OTHH,18:50,10:50,19:03,13min late,23:31,1min late,9h 28m,Landed
2026-01-14,6E1608,IGO1608,IndiGo,Chennai,MAA,VOMM,18:50,10:50,19:13,23min late,22:27,2min early,5h 43m,Landed
2026-01-14,TG440,THA440,Thai Airways International,Bangkok,BKK,VTBS,19:00,11:00,20:30,30min late,23:18,3min late,3h 48m,Landed
2026-01-14,MH852,MAS852,Malaysia Airlines,Kuala Lumpur,KUL,WMKK,19:15,11:15,19:24,9min late,22:15,on time,2h 51m,Landed
2026-01-14,AK379,AXM379,AirAsia,Kuala Lumpur,KUL,WMKK,19:15,11:15,19:32,17min late,22:15,4min early,2h 43m,Landed
2026-01-14,ID7310,BTK7310,Batik Air,Jakarta,HLP,WIHH,19:25,11:25,20:06,41min late,20:30,15min late,1h 23m,Landed
2026-01-14,QG699,CTV699,Citilink,Surabaya,SUB,WARR,19:25,11:25,19:24,on time,19:13,16min early,49m,Landed
2026-01-14,QG689,CTV689,Citilink,Jakarta,CGK,WIII,19:30,11:30,20:09,39min late,20:51,26min late,1h 42m,Landed
2026-01-14,GA4212,GIA4212,Garuda Indonesia,Jakarta,CGK,WIII,19:30,11:30,19:40,10min late,20:20,9min early,1h 40m,Landed
2026-01-14,JT923,,Lion Air,Surabaya,SUB,WARR,19:45,11:45,,,,,1h 0m,
2026-01-14,8B969,TNU969,Business Air,Guangzhou,CAN,ZGGG,19:45,11:45,19:37,8min early,00:28,36min early,4h 51m,Landed
2026-01-14,JT271,LNI271,Lion Air,Semarang,SRG,WIIS,19:50,11:50,20:09,19min late,20:08,1min early,59m,Landed
2026-01-14,EK369,UAE369,Emirates,Dubai,DXB,OMDB,19:50,11:50,20:03,13min late,00:55,14min early,8h 51m,Landed
2026-01-14,TR283,TGW283,Scoot,Singapore,SIN,WSSS,20:05,12:05,20:13,8min late,22:17,23min early,2h 3m,Landed
2026-01-14,QG195,,Citilink,Jakarta,HLP,WIHH,20:10,12:10,23:13,3min late,21:00,,1h 50m,Landed
2026-01-14,SQ945,SIA945,Singapore Airlines,Singapore,SIN,WSSS,20:15,12:15,18:49,25min early,22:29,25min early,3h 39m,Landed
2026-01-14,JQ34,JST034,Jetstar Airways,Melbourne,MEL,YMML,20:20,12:20,20:25,5min late,04:47,7min early,5h 22m,Landed
2026-01-14,GA718,GIA718,Garuda Indonesia,Melbourne,MEL,YMML,20:20,12:20,20:30,10min late,04:51,8min early,5h 20m,Landed
2026-01-14,ID6413,BTK6413,Batik Air,Surabaya,SUB,WARR,20:30,12:30,20:57,27min late,20:33,3min late,36m,Landed
2026-01-14,QG9697,,Citilink,Surabaya,SUB,WARR,20:40,12:40,23:51,11min late,20:45,,1h 5m,Landed
2026-01-14,GA415,GIA415,Garuda Indonesia,Jakarta,CGK,WIII,20:45,12:45,20:49,4min late,21:29,15min early,1h 40m,Landed
2026-01-14,JQ107,JST107,Jetstar Airways,Perth,PER,YPPH,20:45,12:45,21:36,51min late,00:47,27min late,3h 11m,Landed
2026-01-14,IP105,,Pelita Air Service,Jakarta,CGK,WIII,20:50,12:50,,,,,1h 50m,
2026-01-14,OD177,MXD177,Malindo Air,Melbourne,MEL,YMML,20:55,12:55,23:07,12min late,07:19,39min late,5h 12m,Landed
2026-01-14,OD171,MXD171,Malindo Air,Sydney,SYD,YSSY,21:10,13:10,21:50,40min late,06:21,6min late,5h 30m,Landed
2026-01-14,QG9667,,Citilink,Jakarta,CGK,WIII,21:10,13:10,00:11,1min late,22:10,,2h 0m,Landed
2026-01-14,TK67,THY067,Turkish Airlines,Istanbul,IST,LTFM,21:10,13:10,21:41,31min late,05:39,on time,12h 57m,Landed
2026-01-14,JT11,,Lion Air,Jakarta,CGK,WIII,21:15,13:15,,,,,1h 55m,
2026-01-14,QZ819,AWQ819,Indonesia AirAsia,Jakarta,CGK,WIII,21:15,13:15,21:56,41min late,22:19,14min late,1h 23m,Landed
2026-01-14,QF44,QFA044,Qantas,Sydney,SYD,YSSY,21:20,13:20,21:13,7min early,06:00,15min early,5h 47m,Landed
2026-01-14,ID6760,BTK6760,Batik Air,Makassar,UPG,WAAA,21:30,13:30,21:47,17min late,22:49,5min early,1h 1m,Landed
2026-01-14,GA425,GIA425,Garuda Indonesia,Jakarta,CGK,WIII,21:30,13:30,21:29,on time,22:02,32min early,1h 33m,Landed
2026-01-14,SJ273,SJY273,Sriwijaya Air,Jakarta,CGK,WIII,21:35,13:35,23:27,52min late,23:51,36min late,1h 23m,Landed
2026-01-14,SQ947,SIA947,Singapore Airlines,Singapore,SIN,WSSS,21:40,13:40,22:07,27min late,00:17,3min early,2h 10m,Landed
2026-01-14,KL836,KLM836,KLM Royal Dutch Airlines,Singapore,SIN,WSSS,21:40,13:40,21:50,10min late,00:05,4min early,2h 14m,Landed
2026-01-14,JQ117,JST117,Jetstar Airways,Perth,PER,YPPH,21:45,13:45,22:04,19min late,01:30,15min late,3h 26m,Landed
2026-01-14,QZ546,AWQ546,Indonesia AirAsia,Perth,PER,YPPH,21:55,13:55,22:03,8min late,01:18,16min early,3h 15m,Landed
2026-01-14,AK375,AXM375,AirAsia,Kuala Lumpur,KUL,WMKK,21:55,13:55,23:21,26min late,02:04,4min late,2h 43m,Landed
2026-01-14,TK311,THY311,Turkish Airlines,Istanbul,IST,LTFM,22:00,14:00,22:24,24min late,06:33,8min late,13h 9m,Landed
2026-01-14,VA94,VOZ094,Virgin Australia,Melbourne,MEL,YMML,22:00,14:00,21:54,6min early,06:25,14min early,5h 31m,Landed
2026-01-14,QF46,QFA046,Qantas,Melbourne,MEL,YMML,22:05,14:05,22:18,13min late,06:44,6min early,5h 26m,Landed
2026-01-14,SV857,SVA857,Saudi Arabian Airlines,Singapore,SIN,WSSS,22:05,14:05,22:09,4min late,00:27,17min early,2h 18m,Landed
2026-01-14,OD157,MXD157,Malindo Air,Brisbane,BNE,YBBN,22:10,14:10,22:38,28min late,06:13,13min late,5h 34m,Landed
2026-01-14,QZ811,AWQ811,Indonesia AirAsia,Jakarta,CGK,WIII,22:15,14:15,22:29,14min late,22:54,10min early,1h 25m,Landed
2026-01-14,JQ38,JST038,Jetstar Airways,Sydney,SYD,YSSY,22:20,14:20,22:29,9min late,07:28,3min late,5h 59m,Landed
2026-01-14,JQ89,JST089,Jetstar Airways,Newcastle,NTL,YWLM,22:20,14:20,22:36,16min late,07:25,10min late,5h 49m,Landed
2026-01-14,VA66,VOZ066,Virgin Australia,Sydney,SYD,YSSY,22:30,14:30,21:18,11min early,07:37,2min early,7h 18m,Landed
2026-01-14,JT15,LNI015,Lion Air,Jakarta,CGK,WIII,22:35,14:35,22:57,22min late,23:25,4min early,1h 27m,Landed
2026-01-14,JQ128,JST128,Jetstar Airways,Adelaide,ADL,YPAD,22:50,14:50,23:08,18min late,06:21,6min late,4h 43m,Landed
2026-01-14,7C2712,JJA2712,Jeju Air,Seoul,ICN,RKSI,23:05,15:05,23:22,17min late,07:14,4min late,6h 52m,Landed
2026-01-14,JQ91,JST091,Jetstar Airways,Cairns,CNS,YBCS,23:10,15:10,23:21,11min late,05:54,9min late,4h 33m,Landed
2026-01-14,8B5109,TNU5109,Business Air,Jakarta,CGK,WIII,23:10,15:10,23:50,40min late,00:19,29min late,1h 28m,Landed
2026-01-14,3U3986,CSC3986,Sichuan Airlines,Lujia Town,TFU,ZUTF,23:10,15:10,23:14,4min late,05:28,41min early,6h 14m,Landed
2026-01-14,VA82,VOZ082,Virgin Australia,Gold Coast,OOL,YBCG,23:20,15:20,23:09,11min early,07:05,4min early,5h 56m,Landed
2026-01-14,GA714,GIA714,Garuda Indonesia,Sydney,SYD,YSSY,23:35,15:35,23:43,8min late,08:38,3min late,5h 54m,Landed
2026-01-14,JQ42,JST042,Jetstar Airways,Melbourne,MEL,YMML,23:40,15:40,00:14,34min late,08:41,11min late,5h 27m,Landed
2026-01-14,QZ420,AWQ420,Indonesia AirAsia,Adelaide,ADL,YPAD,23:45,15:45,00:06,21min late,07:11,13min early,4h 35m,Landed
2026-01-14,KE432,KAL432,Korean Air Lines,Seoul,ICN,RKSI,23:50,15:50,00:03,13min late,07:56,11min late,6h 53m,Landed
2026-01-14,JQ94,JST094,Jetstar Airways,Gold Coast,OOL,YBCG,23:55,15:55,00:14,19min late,07:58,33min late,5h 43m,Landed
2026-01-15,BX602,ABL602,Air Busan,Busan,PUS,RKPK,00:05,16:05,00:37,32min late,08:06,23min early,6h 29m,Landed
2026-01-15,TW158,TWB158,T'Way Air,Cheongju,CJJ,RKTU,00:15,16:15,,,,,7h 10m,Diverted
2026-01-15,8B84,TNU084,Business Air,Perth,PER,YPPH,00:20,16:20,00:37,17min late,03:52,12min early,3h 15m,Landed
2026-01-15,EK399,UAE399,Emirates,Dubai,DXB,OMDB,00:25,16:25,00:17,8min early,05:32,12min early,9h 15m,Landed
2026-01-15,QR961,QTR961,Qatar Airways,Doha,DOH,OTHH,00:30,16:30,00:35,5min late,04:57,12min early,9h 22m,Landed
2026-01-15,MF892,CXA892,Xiamen Airlines,Xiamen,XMN,ZSAM,00:30,16:30,00:17,13min early,05:50,14min early,5h 33m,Landed
2026-01-15,CZ626,CSN626,China Southern Airlines,Guangzhou,CAN,ZGGG,00:40,16:40,00:39,on time,05:34,15min early,4h 54m,Landed
2026-01-15,GA880,GIA880,Garuda Indonesia,Tokyo,NRT,RJAA,00:50,16:50,01:03,13min late,08:30,19min early,6h 27m,Landed
2026-01-15,GA870,GIA870,Garuda Indonesia,Seoul,ICN,RKSI,00:50,16:50,00:57,7min late,08:33,16min early,6h 36m,Landed
2026-01-15,MU5030,CES5030,China Eastern Airlines,Shanghai,PVG,ZSPD,00:55,16:55,,,,,6h 15m,Diverted
2026-01-15,5J282,CEB282,CEBU Pacific Air,Manila,MNL,RPLL,01:00,17:00,01:11,11min late,04:47,27min early,3h 35m,Landed
2026-01-15,SJ726,,Sriwijaya Air,Makassar,UPG,WAAA,01:00,17:00,01:00,,02:20,,1h 20m,Landed
2026-01-15,QZ548,AWQ548,Indonesia AirAsia,Perth,PER,YPPH,01:00,17:00,01:16,16min late,04:37,2min early,3h 20m,Landed
2026-01-15,PR538,PAL538,Philippine Airlines,Manila,MNL,RPLL,01:10,17:10,00:46,23min early,04:27,42min early,3h 40m,Landed
2026-01-15,KE434,KAL434,Korean Air Lines,Seoul,ICN,RKSI,01:20,17:20,01:18,2min early,08:59,20min early,6h 41m,Landed
2026-01-15,8B5888,TNU5888,Business Air,Manado,MDC,WAMM,01:30,17:30,01:34,4min late,03:53,21min early,2h 19m,Landed
2026-01-15,QZ534,AWQ534,Indonesia AirAsia,Perth,PER,YPPH,07:00,23:00,07:20,20min late,10:47,2min early,3h 26m,Landed
2026-01-15,JT746,LNI746,Lion Air,Makassar,UPG,WAAA,07:00,23:00,07:10,10min late,08:07,17min early,56m,Landed
2026-01-15,GA401,GIA401,Garuda Indonesia,Jakarta,CGK,WIII,07:00,23:00,07:03,3min late,07:40,19min early,1h 37m,Landed
2026-01-15,JT929,LNI929,Lion Air,Surabaya,SUB,WARR,07:00,23:00,07:15,15min late,12:48,47min late,6h 33m,Landed
2026-01-15,QG690,CTV690,Citilink,Surabaya,SUB,WARR,07:05,23:05,07:14,9min late,07:06,3min early,52m,Landed
2026-01-15,QZ550,AWQ550,Indonesia AirAsia,Kuala Lumpur,KUL,WMKK,07:15,23:15,07:00,14min early,14:08,58min late,7h 7m,Landed
2026-01-15,SQ949,SIA949,Singapore Airlines,Singapore,SIN,WSSS,07:20,23:20,07:18,1min early,09:35,24min early,2h 16m,Landed
2026-01-15,8B551,TNU551,Business Air,Singapore,SIN,WSSS,07:30,23:30,07:32,2min late,09:48,6min early,2h 15m,Landed
2026-01-15,ID6333,,Batik Air,Labuan Bajo,LBJ,WATO,07:55,23:55,,,,,1h 15m,
2026-01-15,IW1858,WON1858,Wings Air,Lombok,LOP,WADL,08:05,00:05,08:21,16min late,08:51,3min early,30m,Landed
2026-01-15,JT21,LNI021,Lion Air,Jakarta,CGK,WIII,08:05,00:05,08:25,20min late,08:53,6min early,1h 28m,Landed
2026-01-15,QG9691,CTV9691,Citilink,Surabaya,SUB,WARR,08:05,00:05,07:56,8min early,07:49,20min early,53m,Landed
2026-01-15,HX706,CRK706,Hong Kong Airlines,Hong Kong,HKG,VHHH,08:15,00:15,08:18,3min late,13:02,12min early,4h 44m,Landed
2026-01-15,5J280,CEB280,CEBU Pacific Air,Manila,MNL,RPLL,08:35,00:35,08:44,9min late,12:50,on time,4h 6m,Landed
2026-01-15,CZ8482,CSN8482,China Southern Airlines,Guangzhou,CAN,ZGGG,08:35,00:35,08:45,10min late,13:42,22min early,4h 56m,Landed
2026-01-15,IW1854,,Wings Air,Lombok,LOP,WADL,08:45,00:45,08:45,,09:16,18min early,31m,Landed
2026-01-15,IW1882,WON1882,Wings Air,Sumbawa Besar,SWQ,WADS,08:55,00:55,10:01,6min late,10:47,47min late,46m,Landed
2026-01-15,IN640,LKN640,NAM Air,Tambolaka,TMC,WADT,09:10,01:10,10:13,3min late,10:59,49min late,45m,Landed
2026-01-15,8B5105,TNU5105,Business Air,Jakarta,CGK,WIII,09:15,01:15,09:19,4min late,09:42,17min early,1h 23m,Landed
2026-01-15,ID6324,BTK6324,Batik Air,Tambolaka,TMC,WADT,09:20,01:20,09:30,10min late,10:18,16min early,47m,Landed
2026-01-15,QZ504,AWQ504,Indonesia AirAsia,Singapore,SIN,WSSS,09:25,01:25,09:15,9min early,11:35,29min early,2h 20m,Landed
2026-01-15,IW1848,WON1848,Wings Air,Lombok,LOP,WADL,09:25,01:25,09:54,29min late,10:24,9min late,29m,Landed
2026-01-15,ID6007,BTK6007,Batik Air,Perth,PER,YPPH,09:30,01:30,09:44,14min late,13:00,14min early,3h 15m,Landed
2026-01-15,QG500,CTV500,Citilink,Dili,DIL,WPDL,09:30,01:30,09:23,6min early,12:17,2min early,1h 53m,Landed
2026-01-15,QG663,CTV663,Citilink,Jakarta,CGK,WIII,09:35,01:35,09:35,on time,10:23,7min early,1h 48m,Landed
2026-01-15,QZ803,AWQ803,Indonesia AirAsia,Jakarta,CGK,WIII,09:40,01:40,09:58,18min late,10:25,4min early,1h 27m,Landed
2026-01-15,8B80,TNU080,Business Air,Perth,PER,YPPH,09:40,01:40,09:41,on time,12:56,28min early,3h 15m,Landed
2026-01-15,QR965,QTR965,Qatar Airways,Doha,DOH,OTHH,09:45,01:45,09:43,1min early,14:13,11min early,9h 30m,Landed
2026-01-15,AI2146,AIC2146,Air India,Delhi,DEL,VIDP,10:00,02:00,09:57,3min early,15:07,7min late,7h 40m,Landed
2026-01-15,JT270,LNI270,Lion Air,Kupang,KOE,WATT,10:00,02:00,10:14,14min late,11:40,9min early,1h 26m,Landed
2026-01-15,JT3569,LNI3569,Lion Air,Yogyakarta,YIA,WAHI,10:00,02:00,10:12,12min late,10:17,12min early,1h 5m,Landed
2026-01-15,QG9671,CTV9671,Citilink,Jakarta,CGK,WIII,10:20,02:20,10:20,on time,11:11,8min early,1h 51m,Landed
2026-01-15,JQ111,JST111,Jetstar Airways,Perth,PER,YPPH,10:20,02:20,10:29,9min late,13:50,19min early,3h 21m,Landed
2026-01-15,8B5101,TNU5101,Business Air,Jakarta,CGK,WIII,10:30,02:30,10:49,19min late,11:17,2min late,1h 28m,Landed
2026-01-15,SQ935,SIA935,Singapore Airlines,Singapore,SIN,WSSS,10:30,02:30,10:36,6min late,12:48,22min early,2h 12m,Landed
2026-01-15,JT33,LNI033,Lion Air,Jakarta,CGK,WIII,10:35,02:35,15:23,48min late,15:54,24min late,1h 31m,Landed
2026-01-15,JT805,LNI805,Lion Air,Surabaya,SUB,WARR,10:35,02:35,11:46,11min late,11:27,52min late,40m,Landed
2026-01-15,8G182,DTL182,Mid Africa Aviation,Dili,DIL,WPDL,10:35,02:35,10:45,10min late,13:29,on time,1h 44m,Landed
2026-01-15,IW1856,WON1856,Wings Air,Lombok,LOP,WADL,11:10,03:10,11:59,49min late,12:30,30min late,30m,Landed
2026-01-15,QG197,CTV197,Citilink,Jakarta,HLP,WIHH,11:10,03:10,11:02,8min early,11:43,16min early,1h 41m,Landed
2026-01-15,TR281,TGW281,Scoot,Singapore,SIN,WSSS,11:10,03:10,11:42,32min late,13:59,9min late,2h 17m,Landed
2026-01-15,JQ40,JST040,Jetstar Airways,Sydney,SYD,YSSY,11:15,03:15,11:22,7min late,20:16,1min late,5h 54m,Landed
2026-01-15,QZ780,AWQ780,Indonesia AirAsia,Balikpapan,BPN,WALL,11:20,03:20,13:20,0min late,15:52,47min late,2h 31m,Landed
2026-01-15,GA620,GIA620,Garuda Indonesia,Makassar,UPG,WAAA,11:20,03:20,11:27,7min late,12:41,8min early,1h 13m,Landed
2026-01-15,6E1606,IGO1606,IndiGo,Bangalore,BLR,VOBL,11:30,03:30,11:29,on time,15:11,23min early,6h 11m,Landed
2026-01-15,JQ32,JST032,Jetstar Airways,Melbourne,MEL,YMML,11:30,03:30,12:29,59min late,21:04,54min late,5h 35m,Landed
2026-01-15,OD172,MXD172,Malindo Air,Kuala Lumpur,KUL,WMKK,11:35,03:35,12:21,46min late,14:53,8min late,2h 32m,Landed
2026-01-15,IW1964,WON1964,Wings Air,Lombok,LOP,WADL,11:40,03:40,12:32,52min late,13:12,42min late,39m,Landed
2026-01-15,QZ646,AWQ646,Indonesia AirAsia,Labuan Bajo,LBJ,WATO,11:40,03:40,11:52,12min late,12:40,14min early,48m,Landed
2026-01-15,ID6331,BTK6331,Batik Air,Labuan Bajo,LBJ,WATO,11:45,03:45,12:18,33min late,14:31,31min late,2h 12m,Landed
2026-01-15,JQ109,JST109,Jetstar Airways,Perth,PER,YPPH,11:45,03:45,11:55,10min late,15:07,27min early,3h 11m,Landed
2026-01-15,IW1850,WON1850,Wings Air,Lombok,LOP,WADL,11:50,03:50,12:54,4min late,13:26,46min late,31m,Landed
2026-01-15,JT31,,Lion Air,Jakarta,CGK,WIII,11:55,03:55,,,,,1h 55m,
2026-01-15,GA407,GIA407,Garuda Indonesia,Jakarta,CGK,WIII,11:55,03:55,12:14,19min late,12:56,1min late,1h 41m,Landed
2026-01-15,QZ540,AWQ540,Indonesia AirAsia,Darwin,DRW,YPDN,12:00,04:00,12:08,8min late,16:09,5min early,2h 30m,Landed
2026-01-15,FD397,AIQ397,Thai AirAsia,Bangkok,DMK,VTBD,12:00,04:00,12:39,39min late,15:24,4min late,3h 44m,Landed
2026-01-15,GA253,GIA253,Garuda Indonesia,Yogyakarta,YIA,WAHI,12:05,04:05,12:41,36min late,12:51,3min early,1h 9m,Landed
2026-01-15,SQ937,SIA937,Singapore Airlines,Singapore,SIN,WSSS,12:05,04:05,12:27,22min late,14:42,13min early,2h 14m,Landed
2026-01-15,OD192,MXD192,Malindo Air,Kuala Lumpur,KUL,WMKK,12:10,04:10,12:20,10min late,14:52,27min early,2h 32m,Landed
2026-01-15,OD178,MXD178,Malindo Air,Kuala Lumpur,KUL,WMKK,12:15,04:15,12:49,34min late,15:22,2min early,2h 32m,Landed
2026-01-15,SJ7420,,Sriwijaya Air,Tambolaka,TMC,WADT,12:20,04:20,12:20,,13:20,,1h 0m,Landed
2026-01-15,IP103,PAS103,Pelita Air Service,Jakarta,CGK,WIII,12:45,04:45,12:56,11min late,13:37,2min late,1h 40m,Landed
2026-01-15,OD158,MXD158,Malindo Air,Kuala Lumpur,KUL,WMKK,12:45,04:45,13:03,18min late,15:41,13min early,2h 38m,Landed
2026-01-15,IN643,,NAM Air,Tambolaka,TMC,WADT,12:50,04:50,,,,,1h 0m,
2026-01-15,SQ939,SIA939,Singapore Airlines,Singapore,SIN,WSSS,13:00,05:00,13:29,29min late,15:40,9min early,2h 10m,Landed
2026-01-15,AK365,AXM365,AirAsia,Kuala Lumpur,KUL,WMKK,13:05,05:05,13:22,17min late,18:23,13min late,5h 1m,Landed
2026-01-15,VJ900,VJC900,VietJet Air,Hanoi,HAN,VVNB,13:10,05:10,13:13,3min late,20:36,16min late,8h 22m,Landed
2026-01-15,MH714,MAS714,Malaysia Airlines,Kuala Lumpur,KUL,WMKK,13:10,05:10,13:42,32min late,16:22,17min late,2h 40m,Landed
2026-01-15,JT35,LNI035,Lion Air,Jakarta,CGK,WIII,13:15,05:15,13:31,16min late,14:00,9min early,1h 28m,Landed
2026-01-15,GA409,GIA409,Garuda Indonesia,Jakarta,CGK,WIII,13:25,05:25,13:45,20min late,14:16,8min early,1h 30m,Landed
2026-01-15,JQ58,JST058,Jetstar Airways,Brisbane,BNE,YBBN,13:30,05:30,13:38,8min late,21:07,17min early,5h 29m,Landed
2026-01-15,JT660,LNI660,Lion Air,Balikpapan,BPN,WALL,13:30,05:30,13:57,27min late,15:23,8min late,1h 25m,Landed
2026-01-15,ID6509,BTK6509,Batik Air,Jakarta,CGK,WIII,13:45,05:45,13:55,10min late,14:22,17min early,1h 26m,Landed
2026-01-15,8B5107,TNU5107,Business Air,Jakarta,CGK,WIII,13:50,05:50,13:59,9min late,14:24,10min early,1h 25m,Landed
2026-01-15,JT919,LNI919,Lion Air,Surabaya,SUB,WARR,13:55,05:55,14:35,40min late,14:19,24min late,44m,Landed
2026-01-15,6E1612,IGO1612,IndiGo,Bhubaneswar,BBI,VEBS,14:00,06:00,16:05,5min late,19:27,47min late,5h 52m,Landed
2026-01-15,QG687,CTV687,Citilink,Jakarta,CGK,WIII,14:00,06:00,14:06,6min late,14:40,14min early,1h 34m,Landed
2026-01-15,QZ544,AWQ544,Indonesia AirAsia,Perth,PER,YPPH,14:00,06:00,15:16,16min late,18:43,53min late,3h 27m,Landed
2026-01-15,8B82,TNU082,Business Air,Perth,PER,YPPH,14:00,06:00,13:20,39min early,17:48,8min late,4h 27m,Landed
2026-01-15,VJ894,VJC894,VietJet Air,Ho Chi Minh City,SGN,VVTS,14:05,06:05,14:03,1min early,16:25,39min early,3h 21m,Landed
2026-01-15,JT569,LNI569,Lion Air,Yogyakarta,YIA,WAHI,14:15,06:15,14:31,16min late,16:22,37min late,2h 51m,Landed
2026-01-15,ID6517,BTK6517,Batik Air,Jakarta,CGK,WIII,14:15,06:15,15:19,4min late,15:55,45min late,1h 36m,Landed
2026-01-15,ID7308,BTK7308,Batik Air,Jakarta,HLP,WIHH,14:20,06:20,14:38,18min late,15:07,2min early,1h 29m,Landed
2026-01-15,AK246,AWQ246,Indonesia AirAsia,Phuket,HKT,VTSP,14:25,06:25,15:58,33min late,18:25,10min late,3h 26m,Landed
2026-01-15,QZ246,AWQ246,Indonesia AirAsia,Phuket,HKT,VTSP,14:25,06:25,15:57,32min late,18:24,9min late,3h 26m,Landed
2026-01-15,TR289,TGW289,Scoot,Singapore,SIN,WSSS,14:35,06:35,16:06,31min late,18:27,57min late,2h 20m,Landed
2026-01-15,JT740,LNI740,Lion Air,Makassar,UPG,WAAA,14:40,06:40,14:57,17min late,15:52,12min early,55m,Landed
2026-01-15,JT23,,Lion Air,Jakarta,CGK,WIII,14:45,06:45,,,,,1h 55m,
2026-01-15,JQ43,JST043,Jetstar Airways,Singapore,SIN,WSSS,14:50,06:50,15:09,19min late,17:38,16min early,2h 29m,Landed
2026-01-15,OD307,MXD307,Malindo Air,Kuala Lumpur,KUL,WMKK,14:50,06:50,15:27,37min late,18:04,9min late,2h 36m,Landed
2026-01-15,JQ44,JST044,Jetstar Airways,Melbourne,MEL,YMML,14:55,06:55,15:07,12min late,23:24,10min early,5h 17m,Landed
2026-01-15,JT924,,Lion Air,Kupang,KOE,WATT,14:55,06:55,,,,,1h 50m,
2026-01-15,JT844,LNI844,Lion Air,Banjarmasin,BDJ,WAOO,15:00,07:00,15:41,41min late,16:43,13min late,1h 2m,Landed
2026-01-15,VA48,VOZ048,Virgin Australia,Brisbane,BNE,YBBN,15:00,07:00,14:45,15min early,22:36,18min early,5h 51m,Landed
2026-01-15,QG681,CTV681,Citilink,Jakarta,CGK,WIII,15:10,07:10,15:32,22min late,16:12,7min late,1h 39m,Landed
2026-01-15,AK377,AXM377,AirAsia,Kuala Lumpur,KUL,WMKK,15:25,07:25,17:10,45min late,20:06,41min late,2h 56m,Landed
2026-01-15,QG9694,CTV9694,Citilink,Surabaya,SUB,WARR,15:30,07:30,15:40,10min late,15:33,1min early,53m,Landed
2026-01-15,VJ898,VJC898,VietJet Air,Ho Chi Minh City,SGN,VVTS,15:35,07:35,16:19,44min late,18:53,28min late,3h 34m,Landed
2026-01-15,GA411,GIA411,Garuda Indonesia,Jakarta,CGK,WIII,15:40,07:40,16:32,52min late,17:03,18min late,1h 31m,Landed
2026-01-15,QG669,CTV669,Citilink,Surabaya,SUB,WARR,15:40,07:40,15:45,5min late,15:41,3min early,55m,Landed
2026-01-15,CI772,CAL772,China Airlines,Taipei,TPE,RCTP,15:45,07:45,15:34,11min early,20:44,20min early,5h 10m,Landed
2026-01-15,VA92,VOZ092,Virgin Australia,Melbourne,MEL,YMML,15:50,07:50,15:36,14min early,00:34,4min late,5h 58m,Landed
2026-01-15,QZ536,AWQ536,Indonesia AirAsia,Perth,PER,YPPH,16:00,08:00,16:24,24min late,19:45,on time,3h 21m,Landed
2026-01-15,SJ7161,,Sriwijaya Air,Makassar,UPG,WAAA,16:00,08:00,16:00,,17:20,,1h 20m,Landed
2026-01-15,IP109,PAS109,Pelita Air Service,Jakarta,CGK,WIII,16:00,08:00,16:34,34min late,17:06,16min late,1h 32m,Landed
2026-01-15,VN640,HVN640,Vietnam Airlines,Ho Chi Minh City,SGN,VVTS,16:05,08:05,16:22,17min late,18:51,3min early,3h 29m,Landed
2026-01-15,QG661,CTV661,Citilink,Jakarta,CGK,WIII,16:05,08:05,16:05,on time,16:57,2min early,1h 52m,Landed
2026-01-15,IU703,SJV703,SW Italia,Surabaya,SUB,WARR,16:10,08:10,17:55,45min late,17:39,29min late,44m,Landed
2026-01-15,GA427,GIA427,Garuda Indonesia,Jakarta,CGK,WIII,16:10,08:10,16:29,19min late,17:08,3min late,1h 39m,Landed
2026-01-15,TG432,THA432,Thai Airways International,Bangkok,BKK,VTBS,16:10,08:10,16:13,3min late,18:55,29min early,3h 42m,Landed
2026-01-15,QZ807,AWQ807,Indonesia AirAsia,Jakarta,CGK,WIII,16:10,08:10,16:44,34min late,17:12,2min late,1h 28m,Landed
2026-01-15,QZ556,AWQ556,Indonesia AirAsia,Kuala Lumpur,KUL,WMKK,16:15,08:15,17:39,24min late,20:23,13min late,2h 44m,Landed
2026-01-15,CX784,CPA784,Cathay Pacific,Hong Kong,HKG,VHHH,16:20,08:20,16:45,25min late,22:08,43min late,5h 23m,Landed
2026-01-15,MH850,MAS850,Malaysia Airlines,Kuala Lumpur,KUL,WMKK,16:25,08:25,16:51,26min late,19:57,22min late,3h 6m,Landed
2026-01-15,IW1852,WON1852,Wings Air,Lombok,LOP,WADL,16:30,08:30,17:33,3min late,18:04,44min late,30m,Landed
2026-01-15,IU743,,SW Italia,Jakarta,CGK,WIII,16:35,08:35,,,,,1h 55m,
2026-01-15,BR256,EVA256,EVA Airways,Taipei,TPE,RCTP,16:40,08:40,16:38,2min early,21:43,1min early,5h 5m,Landed
2026-01-15,JT744,LNI744,Lion Air,Makassar,UPG,WAAA,16:40,08:40,19:14,34min late,20:13,8min late,59m,Landed
2026-01-15,GA349,GIA349,Garuda Indonesia,Surabaya,SUB,WARR,16:55,08:55,17:38,43min late,17:30,20min late,52m,Landed
2026-01-15,ID6335,BTK6335,Batik Air,Labuan Bajo,LBJ,WATO,17:00,09:00,17:39,39min late,18:33,18min late,54m,Landed
2026-01-15,JT25,,Lion Air,Jakarta,CGK,WIII,17:15,09:15,,,,,1h 55m,
2026-01-15,VJ998,VJC998,VietJet Air,Hanoi,HAN,VVNB,17:25,09:25,17:44,19min late,21:28,6min early,4h 44m,Landed
2026-01-15,GA419,GIA419,Garuda Indonesia,Jakarta,CGK,WIII,17:25,09:25,19:00,35min late,19:28,3min late,1h 28m,Landed
2026-01-15,HO1356,DKH1356,Juneyao Airlines,Shanghai,PVG,ZSPD,17:25,09:25,17:47,22min late,23:46,3min early,5h 58m,Landed
2026-01-15,TR211,TGW211,Scoot,Singapore,SIN,WSSS,17:35,09:35,19:02,27min late,21:18,33min late,2h 16m,Landed
2026-01-15,IU759,SJV759,SW Italia,Jakarta,CGK,WIII,17:40,09:40,19:44,4min late,20:13,38min late,1h 29m,Landed
2026-01-15,IP107,PAS107,Pelita Air Service,Jakarta,CGK,WIII,17:40,09:40,17:54,14min late,18:27,2min early,1h 33m,Landed
2026-01-15,OD193,MXD193,Malindo Air,Perth,PER,YPPH,18:10,10:10,18:45,35min late,21:55,10min late,3h 10m,Landed
2026-01-15,IN281,LKN281,Nam Air,Jakarta,CGK,WIII,18:30,10:30,19:11,41min late,19:44,34min late,1h 32m,Landed
2026-01-15,GA417,GIA417,Garuda Indonesia,Jakarta,CGK,WIII,18:30,10:30,19:55,25min late,20:25,55min late,1h 30m,Landed
2026-01-15,IN283,,NAM Air,Jakarta,CGK,WIII,18:30,10:30,,,,,1h 40m,
2026-01-15,IP111,PAS111,Pelita Air Service,Jakarta,CGK,WIII,18:35,10:35,19:33,58min late,20:03,38min late,1h 30m,Landed
2026-01-15,JT3027,,Lion Air,Jakarta,CGK,WIII,18:40,10:40,,,,,1h 55m,
2026-01-15,JT925,LNI925,Lion Air,Surakarta,SOC,WAHQ,18:40,10:40,20:00,20min late,20:03,3min late,1h 3m,Landed
2026-01-15,CX782,CPA782,Cathay Pacific,Hong Kong,HKG,VHHH,18:40,10:40,13:11,28min early,23:47,2min late,10h 35m,Landed
2026-01-15,SL259,TLM259,Thai Lion Air,Bangkok,DMK,VTBD,18:40,10:40,19:21,41min late,22:13,13min late,3h 51m,Landed
2026-01-15,ID6415,BTK6415,Batik Air,Surabaya,SUB,WARR,18:45,10:45,19:26,41min late,19:03,18min late,37m,Landed
2026-01-15,EY477,ETD477,Etihad Airways,Abu Dhabi,AUH,OMAA,18:45,10:45,18:52,7min late,23:41,3min early,8h 49m,Landed
2026-01-15,QG9665,CTV9665,Citilink,Jakarta,CGK,WIII,18:50,10:50,19:13,23min late,20:14,24min late,2h 1m,Landed
2026-01-15,QR963,QTR963,Qatar Airways,Doha,DOH,OTHH,18:50,10:50,19:26,36min late,00:07,37min late,9h 40m,Landed
2026-01-15,6E1608,IGO1608,IndiGo,Chennai,MAA,VOMM,18:50,10:50,19:49,59min late,23:06,36min late,5h 46m,Landed
2026-01-15,QZ809,AWQ809,Indonesia AirAsia,Jakarta,CGK,WIII,18:50,10:50,20:04,14min late,20:36,46min late,1h 31m,Landed
2026-01-15,TG440,THA440,Thai Airways International,Bangkok,BKK,VTBS,19:00,11:00,19:29,29min late,22:18,3min late,3h 49m,Landed
2026-01-15,AK379,AXM379,AirAsia,Kuala Lumpur,KUL,WMKK,19:15,11:15,20:24,9min late,23:03,43min late,2h 39m,Landed
2026-01-15,MH852,MAS852,Malaysia Airlines,Kuala Lumpur,KUL,WMKK,19:15,11:15,20:12,57min late,23:01,46min late,2h 49m,Landed
2026-01-15,QG699,CTV699,Citilink,Surabaya,SUB,WARR,19:25,11:25,20:09,44min late,20:00,30min late,51m,Landed
2026-01-15,ID7310,BTK7310,Batik Air,Jakarta,HLP,WIHH,19:25,11:25,20:12,47min late,20:34,19min late,1h 22m,Landed
2026-01-15,QG689,CTV689,Citilink,Jakarta,CGK,WIII,19:30,11:30,20:30,60min late,21:35,10min late,2h 5m,Landed
2026-01-15,JT923,,Lion Air,Surabaya,SUB,WARR,19:45,11:45,,,,,1h 0m,
2026-01-15,8B969,TNU969,Business Air,Guangzhou,CAN,ZGGG,19:45,11:45,19:48,3min late,00:36,28min early,4h 48m,Landed
2026-01-15,JT271,LNI271,Lion Air,Semarang,SRG,WIIS,19:50,11:50,20:14,24min late,20:11,1min late,56m,Landed
2026-01-15,EK369,UAE369,Emirates,Dubai,DXB,OMDB,19:50,11:50,20:09,19min late,01:35,25min late,9h 25m,Landed
2026-01-15,TR283,TGW283,Scoot,Singapore,SIN,WSSS,20:05,12:05,20:31,26min late,22:37,3min early,2h 6m,Landed
2026-01-15,QG195,CTV195,Citilink,Jakarta,HLP,WIHH,20:10,12:10,20:30,20min late,21:18,18min late,1h 48m,Landed
2026-01-15,OD177,MXD177,Malindo Air,Melbourne,MEL,YMML,20:15,12:15,21:04,49min late,05:56,16min late,5h 52m,Landed
2026-01-15,SQ945,SIA945,Singapore Airlines,Singapore,SIN,WSSS,20:15,12:15,20:48,33min late,23:13,18min late,2h 25m,Landed
2026-01-15,JQ34,JST034,Jetstar Airways,Melbourne,MEL,YMML,20:20,12:20,23:57,37min late,08:21,26min late,5h 24m,Landed
2026-01-15,GA718,GIA718,Garuda Indonesia,Melbourne,MEL,YMML,20:20,12:20,20:40,20min late,05:03,3min late,5h 23m,Landed
2026-01-15,ID6413,BTK6413,Batik Air,Surabaya,SUB,WARR,20:30,12:30,21:20,50min late,20:54,24min late,34m,Landed
2026-01-15,QG342,CTV342,Citilink,Makassar,UPG,WAAA,20:35,12:35,13:59,35min early,15:26,33min early,1h 26m,Landed
2026-01-15,QG9697,CTV9697,Citilink,Surabaya,SUB,WARR,20:40,12:40,20:51,11min late,20:48,3min late,56m,Landed
2026-01-15,GA415,GIA415,Garuda Indonesia,Jakarta,CGK,WIII,20:45,12:45,21:10,25min late,21:46,1min late,1h 36m,Landed
2026-01-15,IP105,PAS105,Pelita Air Service,Jakarta,CGK,WIII,20:50,12:50,21:08,18min late,21:36,3min early,1h 28m,Landed
2026-01-15,TK67,THY067,Turkish Airlines,Istanbul,IST,LTFM,21:10,13:10,21:48,38min late,06:05,25min late,13h 16m,Landed
2026-01-15,OD171,MXD171,Malindo Air,Sydney,SYD,YSSY,21:10,13:10,21:59,49min late,06:38,23min late,5h 38m,Landed
2026-01-15,QG9667,CTV9667,Citilink,Jakarta,CGK,WIII,21:10,13:10,21:17,7min late,22:04,5min early,1h 47m,Landed
2026-01-15,JT11,,Lion Air,Jakarta,CGK,WIII,21:15,13:15,,,,,1h 55m,
2026-01-15,QZ819,AWQ819,Indonesia AirAsia,Jakarta,CGK,WIII,21:15,13:15,21:51,36min late,22:13,8min late,1h 22m,Landed
2026-01-15,QF44,QFA044,Qantas,Sydney,SYD,YSSY,21:20,13:20,21:17,3min early,06:07,8min early,5h 50m,Landed
2026-01-15,JQ60,JST060,Jetstar Airways,Brisbane,BNE,YBBN,21:30,13:30,21:26,4min early,05:06,13min early,5h 40m,Landed
2026-01-15,ID6760,BTK6760,Batik Air,Makassar,UPG,WAAA,21:30,13:30,21:52,22min late,23:00,5min late,1h 7m,Landed
2026-01-15,GA425,GIA425,Garuda Indonesia,Jakarta,CGK,WIII,21:30,13:30,21:40,10min late,22:18,16min early,1h 38m,Landed
2026-01-15,SJ273,SJY273,Sriwijaya Air,Jakarta,CGK,WIII,21:35,13:35,23:13,38min late,23:39,24min late,1h 26m,Landed
2026-01-15,KL836,KLM836,KLM Royal Dutch Airlines,Singapore,SIN,WSSS,21:40,13:40,22:14,34min late,00:21,11min late,2h 7m,Landed
2026-01-15,SQ947,SIA947,Singapore Airlines,Singapore,SIN,WSSS,21:40,13:40,20:37,2min early,00:24,4min late,3h 46m,Landed
2026-01-15,JQ117,JST117,Jetstar Airways,Perth,PER,YPPH,21:45,13:45,21:46,on time,01:17,2min late,3h 31m,Landed
2026-01-15,QZ546,AWQ546,Indonesia AirAsia,Perth,PER,YPPH,21:55,13:55,22:11,16min late,01:32,2min early,3h 21m,Landed
2026-01-15,AK375,AXM375,AirAsia,Kuala Lumpur,KUL,WMKK,21:55,13:55,23:45,50min late,02:33,33min late,2h 48m,Landed
2026-01-15,VA94,VOZ094,Virgin Australia,Melbourne,MEL,YMML,22:00,14:00,21:58,1min early,06:25,14min early,5h 27m,Landed
2026-01-15,OD157,MXD157,Malindo Air,Brisbane,BNE,YBBN,22:10,14:10,22:45,35min late,06:10,10min late,5h 24m,Landed
2026-01-15,QZ811,AWQ811,Indonesia AirAsia,Jakarta,CGK,WIII,22:15,14:15,00:02,47min late,00:27,22min late,1h 25m,Landed
2026-01-15,JQ38,JST038,Jetstar Airways,Sydney,SYD,YSSY,22:20,14:20,22:24,4min late,07:32,7min late,6h 8m,Landed
2026-01-15,VA66,VOZ066,Virgin Australia,Sydney,SYD,YSSY,22:30,14:30,22:25,5min early,07:14,25min early,5h 49m,Landed
2026-01-15,JT15,LNI015,Lion Air,Jakarta,CGK,WIII,22:35,14:35,00:24,49min late,00:51,21min late,1h 26m,Landed
2026-01-15,JQ128,JST128,Jetstar Airways,Adelaide,ADL,YPAD,22:50,14:50,23:57,7min late,07:07,52min late,4h 40m,Landed
2026-01-15,7C2712,JJA2712,Jeju Air,Seoul,ICN,RKSI,23:05,15:05,23:42,37min late,08:12,2min late,7h 30m,Landed
2026-01-15,3U3986,CSC3986,Sichuan Airlines,Lujia Town,TFU,ZUTF,23:10,15:10,23:10,on time,05:28,41min early,6h 17m,Landed
2026-01-15,8B5109,TNU5109,Business Air,Jakarta,CGK,WIII,23:10,15:10,23:41,31min late,00:06,16min late,1h 25m,Landed
2026-01-15,VA82,VOZ082,Virgin Australia,Gold Coast,OOL,YBCG,23:20,15:20,23:20,on time,07:07,2min early,5h 47m,Landed
2026-01-15,GA714,GIA714,Garuda Indonesia,Sydney,SYD,YSSY,23:35,15:35,23:46,11min late,08:35,on time,5h 48m,Landed
2026-01-15,JQ42,,Jetstar Airways,Melbourne,MEL,YMML,23:40,15:40,,,,,5h 50m,Cancelled
2026-01-15,KE432,KAL432,Korean Air Lines,Seoul,ICN,RKSI,23:50,15:50,22:22,27min early,07:49,4min late,8h 27m,Landed
2026-01-16,BX602,ABL602,Air Busan,Busan,PUS,RKPK,00:05,16:05,00:19,14min late,07:42,47min early,6h 23m,Landed
2026-01-16,TW158,TWB158,T'Way Air,Cheongju,CJJ,RKTU,00:15,16:15,,,,,7h 10m,Diverted
2026-01-16,EK399,UAE399,Emirates,Dubai,DXB,OMDB,00:25,16:25,00:26,1min late,05:35,9min early,9h 9m,Landed
2026-01-16,QR961,QTR961,Qatar Airways,Doha,DOH,OTHH,00:30,16:30,00:43,13min late,05:35,25min late,9h 52m,Landed
2026-01-16,MF892,CXA892,Xiamen Airlines,Xiamen,XMN,ZSAM,00:30,16:30,00:16,14min early,05:50,14min early,5h 34m,Landed
2026-01-16,CZ626,CSN626,China Southern Airlines,Guangzhou,CAN,ZGGG,00:40,16:40,00:40,on time,05:23,26min early,4h 42m,Landed
2026-01-16,GA870,GIA870,Garuda Indonesia,Seoul,ICN,RKSI,00:50,16:50,01:02,12min late,08:39,10min early,6h 37m,Landed
2026-01-16,GA880,GIA880,Garuda Indonesia,Tokyo,NRT,RJAA,00:50,16:50,18:20,29min early,09:10,20min late,13h 50m,Landed
2026-01-16,MU5030,CES5030,China Eastern Airlines,Shanghai,PVG,ZSPD,00:55,16:55,01:44,49min late,07:55,45min late,6h 11m,Landed
2026-01-16,QZ548,AWQ548,Indonesia AirAsia,Perth,PER,YPPH,01:00,17:00,01:40,40min late,04:50,10min late,3h 10m,Landed
2026-01-16,PR538,PAL538,Philippine Airlines,Manila,MNL,RPLL,01:10,17:10,00:46,23min early,04:27,42min early,3h 40m,Landed
2026-01-16,KE434,KAL434,Korean Air Lines,Seoul,ICN,RKSI,01:20,17:20,01:18,2min early,08:59,20min early,6h 41m,Landed
2026-01-16,8B5888,TNU5888,Business Air,Manado,MDC,WAMM,01:30,17:30,01:34,4min late,03:53,21min early,2h 19m,Landed
2026-01-16,QZ813,AWQ813,Indonesia AirAsia,Jakarta,CGK,WIII,07:00,23:00,07:07,7min late,07:35,14min early,1h 28m,Landed
2026-01-16,GA401,GIA401,Garuda Indonesia,Jakarta,CGK,WIII,07:00,23:00,07:03,3min late,07:40,19min early,1h 37m,Landed
2026-01-16,QZ534,AWQ534,Indonesia AirAsia,Perth,PER,YPPH,07:00,23:00,07:20,20min late,10:47,2min early,3h 26m,Landed
2026-01-16,JT929,LNI929,Lion Air,Surabaya,SUB,WARR,07:00,23:00,07:15,15min late,12:48,47min late,6h 33m,Landed
2026-01-16,JT746,LNI746,Lion Air,Makassar,UPG,WAAA,07:00,23:00,07:10,10min late,08:07,17min early,56m,Landed
2026-01-16,JQ82,JST082,Jetstar Airways,Darwin,DRW,YPDN,07:05,23:05,07:17,12min late,11:14,on time,2h 26m,Landed
2026-01-16,QG690,CTV690,Citilink,Surabaya,SUB,WARR,07:05,23:05,07:24,19min late,07:08,1min early,44m,Landed
2026-01-16,QZ644,AWQ644,Indonesia AirAsia,Labuan Bajo,LBJ,WATO,07:10,23:10,07:29,19min late,08:21,3min early,51m,Landed
2026-01-16,QZ550,AWQ550,Indonesia AirAsia,Kuala Lumpur,KUL,WMKK,07:15,23:15,07:22,7min late,09:54,16min early,2h 31m,Landed
2026-01-16,SQ949,SIA949,Singapore Airlines,Singapore,SIN,WSSS,07:20,23:20,07:35,15min late,09:57,2min early,2h 22m,Landed
2026-01-16,8B551,TNU551,Business Air,Singapore,SIN,WSSS,07:30,23:30,07:31,1min late,09:45,9min early,2h 14m,Landed
2026-01-16,ID6333,BTK6333,Batik Air,Labuan Bajo,LBJ,WATO,07:55,23:55,07:58,3min late,08:47,22min early,48m,Landed
2026-01-16,JQ1042,JST1042,Jetstar Airways,Melbourne,MEL,YMML,08:00,00:00,20:34,34min late,04:44,24min late,5h 9m,Landed
2026-01-16,QG9691,CTV9691,Citilink,Surabaya,SUB,WARR,08:05,00:05,08:02,2min early,07:49,20min early,46m,Landed
2026-01-16,IW1858,WON1858,Wings Air,Lombok,LOP,WADL,08:05,00:05,08:31,26min late,09:02,7min late,31m,Landed
2026-01-16,HX706,CRK706,Hong Kong Airlines,Hong Kong,HKG,VHHH,08:15,00:15,08:09,6min early,13:00,14min early,4h 51m,Landed
2026-01-16,GA710,GIA710,Garuda Indonesia,Melbourne,MEL,YMML,08:20,00:20,08:28,8min late,16:52,7min early,5h 24m,Landed
2026-01-16,5J280,CEB280,CEBU Pacific Air,Manila,MNL,RPLL,08:35,00:35,08:39,4min late,12:33,16min early,3h 54m,Landed
2026-01-16,CZ8482,CSN8482,China Southern Airlines,Guangzhou,CAN,ZGGG,08:35,00:35,13:03,28min late,10:28,48min late,21h 25m,Landed
2026-01-16,IW1882,WON1882,Wings Air,Sumbawa Besar,SWQ,WADS,08:55,00:55,09:06,11min late,09:49,10min early,43m,Landed
2026-01-16,IW3330,WON3330,Wings Air,,,,09:00,01:00,09:09,9min late,11:24,20min early,2h 15m,Landed
2026-01-16,SJ740,,Sriwijaya Air,Waingapu,WGP,WADW,09:10,01:10,09:10,,10:30,,1h 20m,Landed
2026-01-16,IN640,LKN640,NAM Air,Tambolaka,TMC,WADT,09:10,01:10,10:11,1min late,10:54,44min late,43m,Landed
2026-01-16,8B5105,TNU5105,Business Air,Jakarta,CGK,WIII,09:15,01:15,09:01,14min early,09:28,31min early,1h 27m,Landed
2026-01-16,ID6324,BTK6324,Batik Air,Tambolaka,TMC,WADT,09:20,01:20,09:43,23min late,10:29,5min early,45m,Landed
2026-01-16,IW1848,WON1848,Wings Air,Lombok,LOP,WADL,09:25,01:25,10:07,42min late,10:49,34min late,42m,Landed
2026-01-16,QZ504,AWQ504,Indonesia AirAsia,Singapore,SIN,WSSS,09:25,01:25,09:22,2min early,11:47,17min early,2h 24m,Landed
2026-01-16,QG500,CTV500,Citilink,Dili,DIL,WPDL,09:30,01:30,09:38,8min late,12:38,18min late,1h 59m,Landed
2026-01-16,ID6007,BTK6007,Batik Air,Perth,PER,YPPH,09:30,01:30,09:28,1min early,12:45,29min early,3h 17m,Landed
2026-01-16,QG663,CTV663,Citilink,Jakarta,CGK,WIII,09:35,01:35,09:27,8min early,10:11,18min early,1h 44m,Landed
2026-01-16,8B80,TNU080,Business Air,Perth,PER,YPPH,09:40,01:40,09:34,5min early,12:49,35min early,3h 15m,Landed
2026-01-16,QZ803,AWQ803,Indonesia AirAsia,Jakarta,CGK,WIII,09:40,01:40,10:04,24min late,10:31,1min late,1h 27m,Landed
2026-01-16,QR965,QTR965,Qatar Airways,Doha,DOH,OTHH,09:45,01:45,18:58,13min late,22:22,57min late,8h 23m,Landed
2026-01-16,JT3569,LNI3569,Lion Air,Yogyakarta,YIA,WAHI,10:00,02:00,10:39,39min late,10:46,16min late,1h 7m,Landed
2026-01-16,JT270,LNI270,Lion Air,Kupang,KOE,WATT,10:00,02:00,10:14,14min late,11:43,6min early,1h 29m,Landed
2026-01-16,SU297,AFL297,Aeroflot,Moscow,SVO,UUEE,10:05,02:05,10:31,26min late,17:57,2min late,12h 25m,Landed
2026-01-16,JQ126,JST126,Jetstar Airways,Adelaide,ADL,YPAD,10:15,02:15,10:02,13min early,17:23,21min early,4h 51m,Landed
2026-01-16,QG9671,CTV9671,Citilink,Jakarta,CGK,WIII,10:20,02:20,10:24,4min late,11:10,9min early,1h 46m,Landed
2026-01-16,8B5101,TNU5101,Business Air,Jakarta,CGK,WIII,10:30,02:30,11:21,51min late,11:48,33min late,1h 27m,Landed
2026-01-16,SQ935,SIA935,Singapore Airlines,Singapore,SIN,WSSS,10:30,02:30,10:44,14min late,12:54,16min early,2h 10m,Landed
2026-01-16,JT33,LNI033,Lion Air,Jakarta,CGK,WIII,10:35,02:35,12:44,9min late,13:15,45min late,1h 30m,Landed
2026-01-16,QZ815,AWQ815,Indonesia AirAsia,Jakarta,CGK,WIII,10:35,02:35,10:48,13min late,11:17,12min early,1h 29m,Landed
2026-01-16,8G182,DTL182,Mid Africa Aviation,Dili,DIL,WPDL,10:35,02:35,10:46,11min late,13:30,on time,1h 44m,Landed
2026-01-16,JT805,LNI805,Lion Air,Surabaya,SUB,WARR,10:35,02:35,10:50,15min late,10:35,on time,44m,Landed
2026-01-16,JT927,LNI927,Lion Air,Surakarta,SOC,WAHQ,10:40,02:40,11:00,20min late,17:47,47min late,7h 46m,Landed
2026-01-16,QG197,CTV197,Citilink,Jakarta,HLP,WIHH,11:10,03:10,11:18,8min late,11:47,12min early,1h 29m,Landed
2026-01-16,TR281,TGW281,Scoot,Singapore,SIN,WSSS,11:10,03:10,11:31,21min late,13:46,3min early,2h 14m,Landed
2026-01-16,JQ40,JST040,Jetstar Airways,Sydney,SYD,YSSY,11:15,03:15,11:14,on time,19:54,20min early,5h 40m,Landed
2026-01-16,GA620,GIA620,Garuda Indonesia,Makassar,UPG,WAAA,11:20,03:20,11:34,14min late,12:40,9min early,1h 6m,Landed
2026-01-16,JQ32,JST032,Jetstar Airways,Melbourne,MEL,YMML,11:30,03:30,11:40,10min late,20:00,9min early,5h 20m,Landed
2026-01-16,6E1606,IGO1606,IndiGo,Bangalore,BLR,VOBL,11:30,03:30,11:28,1min early,14:49,45min early,5h 51m,Landed
2026-01-16,OD172,MXD172,Malindo Air,Kuala Lumpur,KUL,WMKK,11:35,03:35,12:37,2min late,15:11,26min late,2h 33m,Landed
2026-01-16,IW1964,WON1964,Wings Air,Lombok,LOP,WADL,11:40,03:40,12:23,43min late,13:01,31min late,38m,Landed
2026-01-16,IW1902,WON1902,Wings Air,Jember,JBB,WARE,11:40,03:40,11:46,6min late,11:14,45min early,27m,Landed
2026-01-16,QZ646,AWQ646,Indonesia AirAsia,Labuan Bajo,LBJ,WATO,11:40,03:40,11:43,3min late,18:04,9min late,6h 21m,Landed
2026-01-16,ID6331,BTK6331,Batik Air,Labuan Bajo,LBJ,WATO,11:45,03:45,12:02,17min late,12:52,7min early,50m,Landed
2026-01-16,JQ109,JST109,Jetstar Airways,Perth,PER,YPPH,11:45,03:45,11:53,8min late,15:02,32min early,3h 9m,Landed
2026-01-16,JT31,LNI031,Lion Air,Jakarta,CGK,WIII,11:55,03:55,13:04,9min late,13:41,51min late,1h 37m,Landed
2026-01-16,GA407,GIA407,Garuda Indonesia,Jakarta,CGK,WIII,11:55,03:55,11:58,3min late,12:29,25min early,1h 31m,Landed
2026-01-16,FD397,AIQ397,Thai AirAsia,Bangkok,DMK,VTBD,12:00,04:00,12:20,20min late,15:14,5min early,3h 54m,Landed
2026-01-16,QZ618,AWQ618,Indonesia AirAsia,Banjarmasin,BDJ,WAOO,12:05,04:05,13:03,58min late,15:17,37min late,2h 14m,Landed
2026-01-16,SQ937,SIA937,Singapore Airlines,Singapore,SIN,WSSS,12:05,04:05,12:13,8min late,14:31,23min early,2h 18m,Landed
2026-01-16,GA253,GIA253,Garuda Indonesia,Yogyakarta,YIA,WAHI,12:05,04:05,12:36,31min late,14:54,59min late,3h 17m,Landed
2026-01-16,OD192,MXD192,Malindo Air,Kuala Lumpur,KUL,WMKK,12:10,04:10,12:34,24min late,15:02,17min early,2h 27m,Landed
2026-01-16,SJ742,,Sriwijaya Air,Tambolaka,TMC,WADT,12:10,04:10,12:10,on time,13:10,,1h 0m,Landed
2026-01-16,OD158,MXD158,Malindo Air,Kuala Lumpur,KUL,WMKK,12:45,04:45,13:00,15min late,15:32,22min early,2h 31m,Landed
2026-01-16,IP103,PAS103,Pelita Air Service,Jakarta,CGK,WIII,12:45,04:45,12:54,9min late,13:29,5min early,1h 35m,Landed
2026-01-16,SQ939,SIA939,Singapore Airlines,Singapore,SIN,WSSS,13:00,05:00,13:14,14min late,15:28,21min early,2h 14m,Landed
2026-01-16,AK365,AXM365,AirAsia,Kuala Lumpur,KUL,WMKK,13:05,05:05,13:35,30min late,22:23,13min late,8h 47m,Landed
2026-01-16,MH714,MAS714,Malaysia Airlines,Kuala Lumpur,KUL,WMKK,13:10,05:10,13:31,21min late,16:10,5min late,2h 39m,Landed
2026-01-16,VJ900,VJC900,VietJet Air,Hanoi,HAN,VVNB,13:10,05:10,13:10,on time,16:46,33min early,4h 35m,Landed
2026-01-16,JT35,LNI035,Lion Air,Jakarta,CGK,WIII,13:15,05:15,20:30,15min late,21:02,52min late,1h 31m,Landed
2026-01-16,OD178,MXD178,Malindo Air,Kuala Lumpur,KUL,WMKK,13:25,05:25,13:40,15min late,16:11,23min early,2h 30m,Landed
2026-01-16,GA409,GIA409,Garuda Indonesia,Jakarta,CGK,WIII,13:25,05:25,13:42,17min late,14:13,11min early,1h 31m,Landed
2026-01-16,JT660,LNI660,Lion Air,Balikpapan,BPN,WALL,13:30,05:30,13:37,7min late,17:31,16min late,3h 53m,Landed
2026-01-16,JQ58,JST058,Jetstar Airways,Brisbane,BNE,YBBN,13:30,05:30,11:05,24min early,20:55,29min early,7h 50m,Landed
2026-01-16,ID6509,BTK6509,Batik Air,Jakarta,CGK,WIII,13:45,05:45,13:45,on time,14:17,22min early,1h 31m,Landed
2026-01-16,8B5107,TNU5107,Business Air,Jakarta,CGK,WIII,13:50,05:50,13:58,8min late,14:22,12min early,1h 24m,Landed
2026-01-16,JT919,LNI919,Lion Air,Surabaya,SUB,WARR,13:55,05:55,14:13,18min late,13:50,4min early,37m,Landed
2026-01-16,QG342,CTV342,Citilink,Makassar,UPG,WAAA,13:55,05:55,14:09,14min late,15:38,18min late,1h 29m,Landed
2026-01-16,QG687,CTV687,Citilink,Jakarta,CGK,WIII,14:00,06:00,14:01,1min late,14:28,26min early,1h 27m,Landed
2026-01-16,8B82,TNU082,Business Air,Perth,PER,YPPH,14:00,06:00,14:20,20min late,17:33,6min early,3h 13m,Landed
2026-01-16,QZ544,AWQ544,Indonesia AirAsia,Perth,PER,YPPH,14:00,06:00,15:09,9min late,18:40,50min late,3h 31m,Landed
2026-01-16,6E1612,IGO1612,IndiGo,Bhubaneswar,BBI,VEBS,14:00,06:00,14:48,48min late,18:22,42min late,6h 4m,Landed
2026-01-16,VJ894,VJC894,VietJet Air,Ho Chi Minh City,SGN,VVTS,14:05,06:05,13:03,1min early,16:44,20min early,4h 40m,Landed
2026-01-16,JT569,LNI569,Lion Air,Yogyakarta,YIA,WAHI,14:15,06:15,15:12,57min late,15:20,35min late,1h 8m,Landed
2026-01-16,ID6517,BTK6517,Batik Air,Jakarta,CGK,WIII,14:15,06:15,15:18,3min late,15:47,37min late,1h 28m,Landed
2026-01-16,ID7308,BTK7308,Batik Air,Jakarta,HLP,WIHH,14:20,06:20,14:33,13min late,14:59,10min early,1h 25m,Landed
2026-01-16,QZ506,AWQ506,Indonesia AirAsia,Singapore,SIN,WSSS,14:25,06:25,15:29,4min late,18:02,42min late,2h 32m,Landed
2026-01-16,TR289,TGW289,Scoot,Singapore,SIN,WSSS,14:35,06:35,14:43,8min late,17:04,26min early,2h 20m,Landed
2026-01-16,JT740,LNI740,Lion Air,Makassar,UPG,WAAA,14:40,06:40,15:22,42min late,16:21,16min late,58m,Landed
2026-01-16,JT273,LNI273,Lion Air,Semarang,SRG,WIIS,14:40,06:40,15:15,35min late,15:16,16min late,1h 0m,Landed
2026-01-16,JT23,,Lion Air,Jakarta,CGK,WIII,14:45,06:45,,,,,1h 55m,
2026-01-16,JQ43,JST043,Jetstar Airways,Singapore,SIN,WSSS,14:50,06:50,14:48,2min early,17:32,22min early,2h 44m,Landed
2026-01-16,OD307,MXD307,Malindo Air,Kuala Lumpur,KUL,WMKK,14:50,06:50,15:48,58min late,18:32,37min late,2h 44m,Landed
2026-01-16,JQ44,JST044,Jetstar Airways,Melbourne,MEL,YMML,14:55,06:55,14:42,13min early,23:04,30min early,5h 22m,Landed
2026-01-16,JT924,LNI924,Lion Air,Kupang,KOE,WATT,14:55,06:55,15:52,57min late,17:19,34min late,1h 26m,Landed
2026-01-16,JT844,LNI844,Lion Air,Banjarmasin,BDJ,WAOO,15:00,07:00,15:59,59min late,17:02,32min late,1h 3m,Landed
2026-01-16,VA48,VOZ048,Virgin Australia,Brisbane,BNE,YBBN,15:00,07:00,17:06,6min late,00:44,49min late,5h 38m,Landed
2026-01-16,QZ246,AWQ246,Indonesia AirAsia,Phuket,HKT,VTSP,15:05,07:05,19:34,29min late,18:49,9min late,14m,Landed
2026-01-16,QG681,CTV681,Citilink,Jakarta,CGK,WIII,15:10,07:10,15:10,on time,16:12,7min late,2h 2m,Landed
2026-01-16,AI2148,AIC2148,Air India,Delhi,DEL,VIDP,15:10,07:10,16:11,1min late,21:11,6min late,7h 30m,Landed
2026-01-16,GA842,GIA842,Garuda Indonesia,Singapore,SIN,WSSS,15:15,07:15,15:36,21min late,18:15,15min late,2h 38m,Landed
2026-01-16,AK377,AXM377,AirAsia,Kuala Lumpur,KUL,WMKK,15:25,07:25,16:33,8min late,19:16,51min late,2h 43m,Landed
2026-01-16,JT21,LNI021,Lion Air,Jakarta,CGK,WIII,15:29,07:29,15:32,3min late,16:00,1min early,1h 27m,Landed
2026-01-16,VJ898,VJC898,VietJet Air,Ho Chi Minh City,SGN,VVTS,15:35,07:35,15:47,12min late,18:08,16min early,3h 21m,Landed
2026-01-16,SJ717,,Sriwijaya Air,Makassar,UPG,WAAA,15:40,07:40,15:40,,17:00,,1h 20m,Landed
2026-01-16,IW1850,WON1850,Wings Air,Lombok,LOP,WADL,15:40,07:40,16:04,24min late,16:41,11min late,37m,Landed
2026-01-16,GA411,GIA411,Garuda Indonesia,Jakarta,CGK,WIII,15:40,07:40,16:30,50min late,16:59,14min late,1h 29m,Landed
2026-01-16,QG669,CTV669,Citilink,Surabaya,SUB,WARR,15:40,07:40,15:40,on time,15:33,11min early,52m,Landed
2026-01-16,QZ536,AWQ536,Indonesia AirAsia,Perth,PER,YPPH,16:00,08:00,16:37,37min late,19:54,9min late,3h 17m,Landed
2026-01-16,IP109,PAS109,Pelita Air Service,Jakarta,CGK,WIII,16:00,08:00,16:07,7min late,16:39,10min early,1h 32m,Landed
2026-01-16,QG661,CTV661,Citilink,Jakarta,CGK,WIII,16:05,08:05,16:20,15min late,17:12,12min late,1h 52m,Landed
2026-01-16,VN640,HVN640,Vietnam Airlines,Ho Chi Minh City,SGN,VVTS,16:05,08:05,19:34,29min late,18:46,8min early,12m,Landed
2026-01-16,TG432,THA432,Thai Airways International,Bangkok,BKK,VTBS,16:10,08:10,16:17,7min late,18:57,27min early,3h 39m,Landed
2026-01-16,GA427,GIA427,Garuda Indonesia,Jakarta,CGK,WIII,16:10,08:10,16:32,22min late,17:07,2min late,1h 35m,Landed
2026-01-16,IU703,SJV703,SW Italia,Surabaya,SUB,WARR,16:10,08:10,16:39,29min late,16:19,9min late,40m,Landed
2026-01-16,QZ807,AWQ807,Indonesia AirAsia,Jakarta,CGK,WIII,16:10,08:10,16:34,24min late,17:07,2min early,1h 33m,Landed
2026-01-16,CX784,CPA784,Cathay Pacific,Hong Kong,HKG,VHHH,16:20,08:20,16:45,25min late,21:14,10min early,4h 29m,Landed
2026-01-16,MH850,MAS850,Malaysia Airlines,Kuala Lumpur,KUL,WMKK,16:25,08:25,16:40,15min late,19:24,10min early,2h 44m,Landed
2026-01-16,IW1852,WON1852,Wings Air,Lombok,LOP,WADL,16:30,08:30,16:38,8min late,17:12,7min early,34m,Landed
2026-01-16,IU743,SJV743,SW Italia,Jakarta,CGK,WIII,16:35,08:35,17:19,44min late,17:55,25min late,1h 36m,Landed
2026-01-16,BR256,EVA256,EVA Airways,Taipei,TPE,RCTP,16:40,08:40,16:38,2min early,21:48,3min late,5h 10m,Landed
2026-01-16,JT744,,Lion Air,Makassar,UPG,WAAA,16:40,08:40,,,,,1h 25m,
2026-01-16,GA349,GIA349,Garuda Indonesia,Surabaya,SUB,WARR,16:55,08:55,17:30,35min late,17:18,8min late,48m,Landed
2026-01-16,ID6335,BTK6335,Batik Air,Labuan Bajo,LBJ,WATO,17:00,09:00,17:18,18min late,18:09,5min early,50m,Landed
2026-01-16,IU273,SJV273,SW Italia,Pontianak,PNK,WIOO,17:00,09:00,19:33,33min late,20:13,8min late,1h 40m,Landed
2026-01-16,JT25,,Lion Air,Jakarta,CGK,WIII,17:15,09:15,,,,,1h 55m,
2026-01-16,GA419,GIA419,Garuda Indonesia,Jakarta,CGK,WIII,17:25,09:25,17:52,27min late,18:30,5min late,1h 38m,Landed
2026-01-16,VJ998,VJC998,VietJet Air,Hanoi,HAN,VVNB,17:25,09:25,20:12,47min late,05:14,39min late,10h 2m,Landed
2026-01-16,HO1356,DKH1356,Juneyao Airlines,Shanghai,PVG,ZSPD,17:25,09:25,19:18,53min late,01:13,23min late,5h 54m,Landed
2026-01-16,TR211,TGW211,Scoot,Singapore,SIN,WSSS,17:35,09:35,18:00,25min late,20:18,27min early,2h 18m,Landed
2026-01-16,IU759,,SW Italia,Jakarta,CGK,WIII,17:40,09:40,,,,,1h 55m,
2026-01-16,IP107,PAS107,Pelita Air Service,Jakarta,CGK,WIII,17:40,09:40,17:54,14min late,18:24,5min early,1h 30m,Landed
2026-01-16,AK368,AXM368,AirAsia,Kuala Lumpur,KUL,WMKK,17:45,09:45,17:36,9min early,20:29,20min early,2h 53m,Landed
2026-01-16,OD193,MXD193,Malindo Air,Perth,PER,YPPH,18:10,10:10,18:32,22min late,21:48,3min late,3h 15m,Landed
2026-01-16,GA417,GIA417,Garuda Indonesia,Jakarta,CGK,WIII,18:30,10:30,18:59,29min late,19:29,on time,1h 30m,Landed
2026-01-16,IN281,LKN281,Nam Air,Jakarta,CGK,WIII,18:30,10:30,18:38,8min late,19:08,1min early,1h 30m,Landed
2026-01-16,JT567,,Lion Air,Yogyakarta,YIA,WAHI,18:30,10:30,,,,,1h 30m,
2026-01-16,IP111,PAS111,Pelita Air Service,Jakarta,CGK,WIII,18:35,10:35,18:46,11min late,19:14,10min early,1h 28m,Landed
2026-01-16,JT3027,,Lion Air,Jakarta,CGK,WIII,18:40,10:40,,,,,1h 55m,
2026-01-16,JT925,LNI925,Lion Air,Surakarta,SOC,WAHQ,18:40,10:40,19:40,0min late,19:48,48min late,1h 8m,Landed
2026-01-16,CX782,CPA782,Cathay Pacific,Hong Kong,HKG,VHHH,18:40,10:40,20:02,22min late,00:22,37min late,4h 19m,Landed
2026-01-16,ID6415,,Batik Air,Surabaya,SUB,WARR,18:45,10:45,,,,,1h 0m,Cancelled
2026-01-16,EY477,ETD477,Etihad Airways,Abu Dhabi,AUH,OMAA,18:45,10:45,19:05,20min late,23:53,8min late,8h 47m,Landed
2026-01-16,6E1608,IGO1608,IndiGo,Chennai,MAA,VOMM,18:50,10:50,19:29,39min late,22:33,3min late,5h 33m,Landed
2026-01-16,QG9665,CTV9665,Citilink,Jakarta,CGK,WIII,18:50,10:50,19:21,31min late,19:54,4min late,1h 33m,Landed
2026-01-16,NZ291,ANZ291,Air New Zealand,Auckland,AKL,NZAA,18:50,10:50,18:56,6min late,07:41,13min early,7h 45m,Landed
2026-01-16,QR963,QTR963,Qatar Airways,Doha,DOH,OTHH,18:50,10:50,19:34,44min late,23:58,28min late,9h 24m,Landed
2026-01-16,QZ809,AWQ809,Indonesia AirAsia,Jakarta,CGK,WIII,18:50,10:50,19:46,56min late,20:18,28min late,1h 32m,Landed
2026-01-16,TG440,THA440,Thai Airways International,Bangkok,BKK,VTBS,19:00,11:00,19:10,10min late,21:54,20min early,3h 44m,Landed
2026-01-16,AK379,AXM379,AirAsia,Kuala Lumpur,KUL,WMKK,19:15,11:15,20:22,7min late,22:58,38min late,2h 36m,Landed
2026-01-16,MH852,MAS852,Malaysia Airlines,Kuala Lumpur,KUL,WMKK,19:15,11:15,19:30,15min late,22:24,9min late,2h 54m,Landed
2026-01-16,QG699,CTV699,Citilink,Surabaya,SUB,WARR,19:25,11:25,20:07,42min late,19:50,20min late,43m,Landed
2026-01-16,ID7310,BTK7310,Batik Air,Jakarta,HLP,WIHH,19:25,11:25,19:52,27min late,20:16,1min late,1h 24m,Landed
2026-01-16,GA4212,GIA4212,Garuda Indonesia,Jakarta,CGK,WIII,19:30,11:30,17:27,2min early,20:07,22min early,3h 40m,Landed
2026-01-16,QG689,CTV689,Citilink,Jakarta,CGK,WIII,19:30,11:30,20:25,55min late,21:01,36min late,1h 35m,Landed
2026-01-16,JQ107,,Jetstar Airways,Perth,PER,YPPH,19:45,11:45,,,,,3h 35m,Cancelled
2026-01-16,8B969,TNU969,Business Air,Guangzhou,CAN,ZGGG,19:45,11:45,20:09,24min late,00:59,5min early,4h 49m,Landed
2026-01-16,JT923,LNI923,Lion Air,Surabaya,SUB,WARR,19:45,11:45,21:11,26min late,20:50,5min late,39m,Landed
2026-01-16,EK369,UAE369,Emirates,Dubai,DXB,OMDB,19:50,11:50,19:57,7min late,01:18,8min late,9h 20m,Landed
2026-01-16,JT271,LNI271,Lion Air,Semarang,SRG,WIIS,19:50,11:50,19:24,25min early,20:16,6min late,1h 51m,Landed
2026-01-16,TR283,TGW283,Scoot,Singapore,SIN,WSSS,20:05,12:05,20:13,8min late,22:22,18min early,2h 8m,Landed
2026-01-16,SL259,TLM259,Thai Lion Air,Bangkok,DMK,VTBD,20:05,12:05,21:27,22min late,00:24,59min late,3h 56m,Landed
2026-01-16,QG195,CTV195,Citilink,Jakarta,HLP,WIHH,20:10,12:10,20:46,36min late,21:27,27min late,1h 41m,Landed
2026-01-16,SQ945,SIA945,Singapore Airlines,Singapore,SIN,WSSS,20:15,12:15,20:39,24min late,22:55,on time,2h 16m,Landed
2026-01-16,JQ34,JST034,Jetstar Airways,Melbourne,MEL,YMML,20:20,12:20,23:53,33min late,08:21,26min late,5h 28m,Landed
2026-01-16,GA718,GIA718,Garuda Indonesia,Melbourne,MEL,YMML,20:20,12:20,20:50,30min late,05:09,9min late,5h 18m,Landed
2026-01-16,ID6413,BTK6413,Batik Air,Surabaya,SUB,WARR,20:30,12:30,20:42,12min late,20:20,9min early,38m,Landed
2026-01-16,QG9697,CTV9697,Citilink,Surabaya,SUB,WARR,20:40,12:40,21:08,28min late,20:52,7min late,44m,Landed
2026-01-16,GA415,GIA415,Garuda Indonesia,Jakarta,CGK,WIII,20:45,12:45,20:45,on time,21:45,,2h 0m,Landed
2026-01-16,IP105,PAS105,Pelita Air Service,Jakarta,CGK,WIII,20:50,12:50,21:16,26min late,21:40,on time,1h 23m,Landed
2026-01-16,OD177,MXD177,Malindo Air,Melbourne,MEL,YMML,20:55,12:55,20:43,11min early,06:41,1min late,6h 57m,Landed
2026-01-16,QG9667,CTV9667,Citilink,Jakarta,CGK,WIII,21:10,13:10,21:30,20min late,22:15,5min late,1h 45m,Landed
2026-01-16,TK67,THY067,Turkish Airlines,Istanbul,IST,LTFM,21:10,13:10,22:24,14min late,06:33,53min late,13h 9m,Landed
2026-01-16,OD171,MXD171,Malindo Air,Sydney,SYD,YSSY,21:10,13:10,22:04,54min late,06:39,24min late,5h 35m,Landed
2026-01-16,JT11,LNI011,Lion Air,Jakarta,CGK,WIII,21:15,13:15,22:11,56min late,22:41,31min late,1h 30m,Landed
2026-01-16,QZ819,AWQ819,Indonesia AirAsia,Jakarta,CGK,WIII,21:15,13:15,23:05,50min late,23:27,22min late,1h 22m,Landed
2026-01-16,QF44,QFA044,Qantas,Sydney,SYD,YSSY,21:20,13:20,21:31,11min late,06:01,13min early,5h 29m,Landed
2026-01-16,GA425,GIA425,Garuda Indonesia,Jakarta,CGK,WIII,21:30,13:30,18:58,31min early,22:07,27min early,4h 8m,Landed
2026-01-16,ID6760,BTK6760,Batik Air,Makassar,UPG,WAAA,21:30,13:30,21:45,15min late,22:43,11min early,58m,Landed
2026-01-16,SJ273,SJY273,Sriwijaya Air,Jakarta,CGK,WIII,21:35,13:35,22:38,3min late,23:04,49min late,1h 25m,Landed
2026-01-16,KL836,KLM836,KLM Royal Dutch Airlines,Singapore,SIN,WSSS,21:40,13:40,21:50,10min late,00:01,8min early,2h 10m,Landed
2026-01-16,SQ947,SIA947,Singapore Airlines,Singapore,SIN,WSSS,21:40,13:40,22:33,53min late,00:47,27min late,2h 14m,Landed
2026-01-16,JQ117,JST117,Jetstar Airways,Perth,PER,YPPH,21:45,13:45,22:20,35min late,01:58,43min late,3h 38m,Landed
2026-01-16,AK375,AXM375,AirAsia,Kuala Lumpur,KUL,WMKK,21:55,13:55,23:47,52min late,02:33,33min late,2h 46m,Landed
2026-01-16,QZ546,AWQ546,Indonesia AirAsia,Perth,PER,YPPH,21:55,13:55,22:47,52min late,02:02,27min late,3h 15m,Landed
2026-01-16,VA94,VOZ094,Virgin Australia,Melbourne,MEL,YMML,22:00,14:00,22:41,41min late,07:06,26min late,5h 25m,Landed
2026-01-16,TK311,THY311,Turkish Airlines,Istanbul,IST,LTFM,22:00,14:00,22:16,16min late,06:18,6min early,13h 1m,Landed
2026-01-16,SV857,SVA857,Saudi Arabian Airlines,Singapore,SIN,WSSS,22:05,14:05,22:06,1min late,00:19,25min early,2h 13m,Landed
2026-01-16,QF46,QFA046,Qantas,Melbourne,MEL,YMML,22:05,14:05,22:18,13min late,06:53,3min late,5h 35m,Landed
2026-01-16,OD157,MXD157,Malindo Air,Brisbane,BNE,YBBN,22:10,14:10,23:11,1min late,06:46,46min late,5h 34m,Landed
2026-01-16,QZ811,AWQ811,Indonesia AirAsia,Jakarta,CGK,WIII,22:15,14:15,23:53,38min late,00:23,18min late,1h 29m,Landed
2026-01-16,JQ89,JST089,Jetstar Airways,Newcastle,NTL,YWLM,22:20,14:20,23:25,5min late,08:06,51min late,5h 41m,Landed
2026-01-16,JQ38,JST038,Jetstar Airways,Sydney,SYD,YSSY,22:20,14:20,22:21,on time,07:16,13min early,5h 55m,Landed
2026-01-16,VA66,VOZ066,Virgin Australia,Sydney,SYD,YSSY,22:30,14:30,22:30,on time,08:37,57min late,7h 7m,Landed
2026-01-16,JT15,,Lion Air,Jakarta,CGK,WIII,22:35,14:35,,,,,1h 55m,
2026-01-16,JQ128,JST128,Jetstar Airways,Adelaide,ADL,YPAD,22:50,14:50,23:34,44min late,06:48,33min late,4h 44m,Landed
2026-01-16,7C2712,JJA2712,Jeju Air,Seoul,ICN,RKSI,23:05,15:05,23:23,18min late,07:30,20min late,7h 7m,Landed
2026-01-16,JQ91,JST091,Jetstar Airways,Cairns,CNS,YBCS,23:10,15:10,23:24,14min late,06:03,18min late,4h 39m,Landed
2026-01-16,3U3986,CSC3986,Sichuan Airlines,Lujia Town,TFU,ZUTF,23:10,15:10,23:22,12min late,05:52,17min early,6h 29m,Landed
2026-01-16,8B5109,TNU5109,TransNusa,Jakarta,CGK,WIII,23:10,15:10,00:47,37min late,01:12,22min late,1h 25m,Landed
2026-01-16,VA82,VOZ082,Virgin Australia,Gold Coast,OOL,YBCG,23:20,15:20,23:26,6min late,07:18,8min late,5h 52m,Landed
2026-01-16,GA714,GIA714,Garuda Indonesia,Sydney,SYD,YSSY,23:35,15:35,23:32,2min early,08:55,20min late,6h 22m,Landed
2026-01-16,JQ42,JST042,Jetstar Airways,Melbourne,MEL,YMML,23:40,15:40,03:41,1min late,12:05,35min late,5h 24m,Landed
2026-01-16,QZ420,AWQ420,Indonesia AirAsia,Adelaide,ADL,YPAD,23:45,15:45,19:42,2min early,07:35,10min late,9h 23m,Landed
2026-01-16,KE432,KAL432,Korean Air Lines,Seoul,ICN,RKSI,23:50,15:50,00:01,11min late,07:46,1min late,6h 44m,Landed
2026-01-16,JQ94,JST094,Jetstar Airways,Gold Coast,OOL,YBCG,23:55,15:55,00:16,21min late,08:00,35min late,5h 44m,Landed
2026-01-17,BX602,ABL602,Air Busan,Busan,PUS,RKPK,00:05,16:05,00:19,14min late,07:42,47min early,6h 23m,Landed
2026-01-17,8B84,TNU084,Business Air,Perth,PER,YPPH,00:20,16:20,22:10,9min early,03:44,20min early,5h 34m,Landed
2026-01-17,EK399,UAE399,Emirates,Dubai,DXB,OMDB,00:25,16:25,00:37,12min late,05:40,4min early,9h 2m,Landed
2026-01-17,MF892,CXA892,Xiamen Airlines,Xiamen,XMN,ZSAM,00:30,16:30,00:33,3min late,05:50,14min early,5h 17m,Landed
2026-01-17,QR961,QTR961,Qatar Airways,Doha,DOH,OTHH,00:30,16:30,00:51,21min late,05:26,16min late,9h 34m,Landed
2026-01-17,CZ626,CSN626,China Southern Airlines,Guangzhou,CAN,ZGGG,00:40,16:40,00:44,4min late,18:24,34min late,17h 39m,Landed
2026-01-17,GA880,GIA880,Garuda Indonesia,Tokyo,NRT,RJAA,00:50,16:50,01:04,14min late,08:56,6min late,6h 52m,Landed
2026-01-17,GA870,GIA870,Garuda Indonesia,Seoul,ICN,RKSI,00:50,16:50,01:11,21min late,08:45,4min early,6h 34m,Landed
2026-01-17,MU5030,CES5030,China Eastern Airlines,Shanghai,PVG,ZSPD,00:55,16:55,01:47,52min late,07:44,34min late,5h 57m,Landed
2026-01-17,SJ726,,Sriwijaya Air,Makassar,UPG,WAAA,01:00,17:00,01:00,,02:20,,1h 20m,Landed
2026-01-17,QZ548,AWQ548,Indonesia AirAsia,Perth,PER,YPPH,01:00,17:00,01:02,2min late,04:16,23min early,3h 14m,Landed
2026-01-17,5J282,CEB282,CEBU Pacific Air,Manila,MNL,RPLL,01:00,17:00,01:18,18min late,05:17,2min late,3h 59m,Landed
2026-01-17,PR538,PAL538,Philippine Airlines,Manila,MNL,RPLL,01:10,17:10,01:21,11min late,05:00,9min early,3h 39m,Landed
2026-01-17,KE434,KAL434,Korean Air Lines,Seoul,ICN,RKSI,01:20,17:20,02:11,51min late,09:33,13min late,6h 21m,Landed
2026-01-17,8B5888,,TransNusa,Manado,MDC,WAMM,01:30,17:30,,,,,2h 45m,
2026-01-17,GA686,GIA686,Garuda Indonesia,Sorong,SOQ,WASS,01:30,17:30,01:42,12min late,05:32,7min early,2h 49m,Landed
2026-01-17,JT929,LNI929,Lion Air,Surabaya,SUB,WARR,07:00,23:00,07:01,1min late,06:39,22min early,37m,Landed
2026-01-17,JT746,LNI746,Lion Air,Makassar,UPG,WAAA,07:00,23:00,07:12,12min late,15:19,54min late,8h 7m,Landed
2026-01-17,GA401,GIA401,Garuda Indonesia,Jakarta,CGK,WIII,07:00,23:00,17:46,46min late,12:01,1min late,,Landed
2026-01-17,QZ534,AWQ534,Indonesia AirAsia,Perth,PER,YPPH,07:00,23:00,07:08,8min late,10:20,29min early,3h 12m,Landed
2026-01-17,QG690,CTV690,Citilink,Surabaya,SUB,WARR,07:05,23:05,07:16,11min late,07:03,6min early,46m,Landed
2026-01-17,QZ550,AWQ550,Indonesia AirAsia,Kuala Lumpur,KUL,WMKK,07:15,23:15,07:22,7min late,09:51,18min early,2h 28m,Landed
2026-01-17,SQ949,SIA949,Singapore Airlines,Singapore,SIN,WSSS,07:20,23:20,07:31,11min late,09:44,15min early,2h 12m,Landed
2026-01-17,8B551,TNU551,Business Air,Singapore,SIN,WSSS,07:30,23:30,07:20,9min early,09:33,21min early,2h 12m,Landed
2026-01-17,IW1858,WON1858,Wings Air,Lombok,LOP,WADL,08:05,00:05,08:42,37min late,09:10,15min late,28m,Landed
2026-01-17,JT21,LNI021,Lion Air,Jakarta,CGK,WIII,08:05,00:05,08:33,28min late,09:02,2min late,1h 29m,Landed
2026-01-17,QG9691,CTV9691,Citilink,Surabaya,SUB,WARR,08:05,00:05,08:04,on time,07:54,15min early,49m,Landed
2026-01-17,HX706,CRK706,Hong Kong Airlines,Hong Kong,HKG,VHHH,08:15,00:15,08:15,on time,13:10,4min early,4h 55m,Landed
2026-01-17,CZ8482,CSN8482,China Southern Airlines,Guangzhou,CAN,ZGGG,08:35,00:35,08:38,3min late,13:20,44min early,4h 41m,Landed
2026-01-17,5J280,CEB280,CEBU Pacific Air,Manila,MNL,RPLL,08:35,00:35,08:25,10min early,12:25,24min early,4h 0m,Landed
2026-01-17,IW1854,,Wings Air,Lombok,LOP,WADL,08:45,00:45,21:31,46min late,09:35,,50m,Landed
2026-01-17,IW1882,WON1882,Wings Air,Sumbawa Besar,SWQ,WADS,08:55,00:55,09:11,16min late,09:55,4min early,44m,Landed
2026-01-17,IN640,LKN640,Nam Air,Tambolaka,TMC,WADT,09:10,01:10,13:27,17min late,14:32,22min late,1h 4m,Landed
2026-01-17,8B5105,TNU5105,Business Air,Jakarta,CGK,WIII,09:15,01:15,09:18,3min late,09:49,10min early,1h 31m,Landed
2026-01-17,ID6324,BTK6324,Batik Air,Tambolaka,TMC,WADT,09:20,01:20,09:20,on time,10:26,8min early,1h 6m,Landed
2026-01-17,QZ504,AWQ504,Indonesia AirAsia,Singapore,SIN,WSSS,09:25,01:25,10:04,39min late,12:13,8min late,2h 9m,Landed
2026-01-17,IW1848,WON1848,Wings Air,Lombok,LOP,WADL,09:25,01:25,09:58,33min late,10:27,12min late,29m,Landed
2026-01-17,ID6007,BTK6007,Batik Air,Perth,PER,YPPH,09:30,01:30,09:45,15min late,13:07,7min early,3h 22m,Landed
2026-01-17,QG500,CTV500,Citilink,Dili,DIL,WPDL,09:30,01:30,09:25,4min early,12:23,3min late,1h 58m,Landed
2026-01-17,QG663,CTV663,Citilink,Jakarta,CGK,WIII,09:35,01:35,09:25,10min early,10:11,18min early,1h 46m,Landed
2026-01-17,QZ803,AWQ803,Indonesia AirAsia,Jakarta,CGK,WIII,09:40,01:40,10:12,32min late,10:39,9min late,1h 27m,Landed
2026-01-17,8B80,TNU080,Business Air,Perth,PER,YPPH,09:40,01:40,09:57,17min late,13:04,20min early,3h 7m,Landed
2026-01-17,QR965,QTR965,Qatar Airways,Doha,DOH,OTHH,09:45,01:45,10:08,23min late,22:23,58min late,17h 14m,Landed
2026-01-17,JT270,LNI270,Lion Air,Kupang,KOE,WATT,10:00,02:00,10:13,13min late,11:39,10min early,1h 26m,Landed
2026-01-17,AI2146,AIC2146,Air India,Delhi,DEL,VIDP,10:00,02:00,09:50,10min early,14:56,3min early,7h 36m,Landed
2026-01-17,JT3569,,Lion Air,Yogyakarta,YIA,WAHI,10:00,02:00,,,,,1h 30m,
2026-01-17,SU297,AFL297,Aeroflot,Moscow,SVO,UUEE,10:05,02:05,10:51,46min late,18:02,7min late,12h 10m,Landed
2026-01-17,JQ111,JST111,Jetstar Airways,Perth,PER,YPPH,10:20,02:20,10:14,6min early,13:37,32min early,3h 23m,Landed
2026-01-17,8B5101,TNU5101,Business Air,Jakarta,CGK,WIII,10:30,02:30,10:35,5min late,11:02,12min early,1h 27m,Landed
2026-01-17,SQ935,SIA935,Singapore Airlines,Singapore,SIN,WSSS,10:30,02:30,10:45,15min late,12:52,18min early,2h 7m,Landed
2026-01-17,JT805,LNI805,Lion Air,Surabaya,SUB,WARR,10:35,02:35,10:45,10min late,10:21,13min early,35m,Landed
2026-01-17,JT33,,Lion Air,Jakarta,CGK,WIII,10:35,02:35,10:35,,14:16,46min late,4h 41m,Landed
2026-01-17,8G182,DTL182,Mid Africa Aviation,Dili,DIL,WPDL,10:35,02:35,11:13,38min late,13:59,29min late,1h 45m,Landed
2026-01-17,QG197,CTV197,Citilink,Jakarta,HLP,WIHH,11:10,03:10,14:04,54min late,11:46,13min early,,Landed
2026-01-17,TR281,TGW281,Scoot,Singapore,SIN,WSSS,11:10,03:10,12:37,27min late,15:02,12min late,2h 24m,Landed
2026-01-17,IW1856,WON1856,Wings Air,Lombok,LOP,WADL,11:10,03:10,11:29,19min late,12:04,4min late,34m,Landed
2026-01-17,JQ40,JST040,Jetstar Airways,Sydney,SYD,YSSY,11:15,03:15,11:12,3min early,20:25,10min late,6h 13m,Landed
2026-01-17,QZ780,AWQ780,Indonesia AirAsia,Balikpapan,BPN,WALL,11:20,03:20,11:34,14min late,15:04,59min late,3h 29m,Landed
2026-01-17,JQ32,JST032,Jetstar Airways,Melbourne,MEL,YMML,11:30,03:30,12:47,17min late,21:17,7min late,5h 30m,Landed
2026-01-17,6E1606,IGO1606,IndiGo,Bangalore,BLR,VOBL,11:30,03:30,11:31,1min late,15:08,26min early,6h 7m,Landed
2026-01-17,OD172,MXD172,Malindo Air,Kuala Lumpur,KUL,WMKK,11:35,03:35,12:51,16min late,15:28,43min late,2h 37m,Landed
2026-01-17,IW1964,WON1964,Wings Air,Lombok,LOP,WADL,11:40,03:40,11:42,2min late,12:11,18min early,28m,Landed
2026-01-17,QZ646,AWQ646,Indonesia AirAsia,Labuan Bajo,LBJ,WATO,11:40,03:40,13:03,23min late,14:38,43min late,1h 35m,Landed
2026-01-17,ID6331,BTK6331,Batik Air,Labuan Bajo,LBJ,WATO,11:45,03:45,12:34,49min late,13:28,28min late,54m,Landed
2026-01-17,JQ109,JST109,Jetstar Airways,Perth,PER,YPPH,11:45,03:45,11:52,7min late,15:15,19min early,3h 23m,Landed
2026-01-17,IW1850,WON1850,Wings Air,Lombok,LOP,WADL,11:50,03:50,11:53,3min late,12:21,18min early,28m,Landed
2026-01-17,GA407,GIA407,Garuda Indonesia,Jakarta,CGK,WIII,11:55,03:55,13:45,50min late,14:15,20min late,1h 30m,Landed
2026-01-17,JT31,LNI031,Lion Air,Jakarta,CGK,WIII,11:55,03:55,12:22,27min late,12:46,3min early,1h 24m,Landed
2026-01-17,FD397,AIQ397,Thai AirAsia,Bangkok,DMK,VTBD,12:00,04:00,12:33,33min late,15:31,11min late,3h 57m,Landed
2026-01-17,QZ540,AWQ540,Indonesia AirAsia,Darwin,DRW,YPDN,12:00,04:00,12:27,27min late,16:23,8min late,2h 25m,Landed
2026-01-17,SQ937,SIA937,Singapore Airlines,Singapore,SIN,WSSS,12:05,04:05,12:03,1min early,14:25,30min early,2h 21m,Landed
2026-01-17,GA253,GIA253,Garuda Indonesia,Yogyakarta,YIA,WAHI,12:05,04:05,12:33,28min late,12:43,11min early,1h 9m,Landed
2026-01-17,SJ7420,,Sriwijaya Air,Tambolaka,TMC,WADT,12:10,04:10,12:10,,13:10,,1h 0m,Landed
2026-01-17,OD192,MXD192,Malindo Air,Kuala Lumpur,KUL,WMKK,12:10,04:10,12:13,3min late,14:47,32min early,2h 34m,Landed
2026-01-17,OD178,MXD178,Malindo Air,Kuala Lumpur,KUL,WMKK,12:15,04:15,12:27,12min late,15:01,23min early,2h 33m,Landed
2026-01-17,IP103,PAS103,Pelita Air Service,Jakarta,CGK,WIII,12:45,04:45,12:43,1min early,13:20,14min early,1h 37m,Landed
2026-01-17,OD158,MXD158,Malindo Air,Kuala Lumpur,KUL,WMKK,12:45,04:45,13:41,56min late,16:17,22min late,2h 36m,Landed
2026-01-17,SQ939,SIA939,Singapore Airlines,Singapore,SIN,WSSS,13:00,05:00,13:05,5min late,15:26,24min early,2h 20m,Landed
2026-01-17,AK365,AXM365,AirAsia,Kuala Lumpur,KUL,WMKK,13:05,05:05,13:25,20min late,17:59,49min late,4h 33m,Landed
2026-01-17,VJ900,VJC900,VietJet Air,Hanoi,HAN,VVNB,13:10,05:10,13:17,7min late,01:48,28min late,13h 31m,Landed
2026-01-17,MH714,MAS714,Malaysia Airlines,Kuala Lumpur,KUL,WMKK,13:10,05:10,13:21,11min late,15:57,7min early,2h 36m,Landed
2026-01-17,JT35,,Lion Air,Jakarta,CGK,WIII,13:15,05:15,,,,,1h 55m,
2026-01-17,GA409,GIA409,Garuda Indonesia,Jakarta,CGK,WIII,13:25,05:25,15:39,14min late,16:10,45min late,1h 31m,Landed
2026-01-17,JQ58,JST058,Jetstar Airways,Brisbane,BNE,YBBN,13:30,05:30,13:39,9min late,21:02,22min early,5h 22m,Landed
2026-01-17,JT660,LNI660,Lion Air,Balikpapan,BPN,WALL,13:30,05:30,13:47,17min late,17:32,17min late,3h 45m,Landed
2026-01-17,ID6509,BTK6509,Batik Air,Jakarta,CGK,WIII,13:45,05:45,13:53,8min late,14:23,16min early,1h 29m,Landed
2026-01-17,8B5107,TNU5107,Business Air,Jakarta,CGK,WIII,13:50,05:50,14:20,30min late,14:54,19min late,1h 34m,Landed
2026-01-17,QG342,CTV342,Citilink,Makassar,UPG,WAAA,13:55,05:55,14:04,9min late,15:29,9min late,1h 25m,Landed
2026-01-17,JT919,LNI919,Lion Air,Surabaya,SUB,WARR,13:55,05:55,14:14,19min late,13:51,3min early,36m,Landed
2026-01-17,QZ544,AWQ544,Indonesia AirAsia,Perth,PER,YPPH,14:00,06:00,16:21,21min late,19:32,42min late,3h 11m,Landed
2026-01-17,8B82,TNU082,Business Air,Perth,PER,YPPH,14:00,06:00,14:34,34min late,17:48,8min late,3h 13m,Landed
2026-01-17,QG687,CTV687,Citilink,Jakarta,CGK,WIII,14:00,06:00,14:19,19min late,14:50,4min early,1h 30m,Landed
2026-01-17,6E1612,IGO1612,IndiGo,Bhubaneswar,BBI,VEBS,14:00,06:00,15:18,18min late,18:49,9min late,6h 1m,Landed
2026-01-17,VJ894,VJC894,VietJet Air,Ho Chi Minh City,SGN,VVTS,14:05,06:05,14:07,2min late,16:34,30min early,3h 26m,Landed
2026-01-17,JT569,LNI569,Lion Air,Yogyakarta,YIA,WAHI,14:15,06:15,14:27,12min late,14:37,7min early,1h 10m,Landed
2026-01-17,ID6517,BTK6517,Batik Air,Jakarta,CGK,WIII,14:15,06:15,15:33,18min late,16:03,53min late,1h 29m,Landed
2026-01-17,ID7308,BTK7308,Batik Air,Jakarta,HLP,WIHH,14:20,06:20,14:35,15min late,15:07,2min early,1h 31m,Landed
2026-01-17,QZ246,AWQ246,Indonesia AirAsia,Phuket,HKT,VTSP,14:25,06:25,14:58,33min late,17:32,17min late,3h 34m,Landed
2026-01-17,TR289,TGW289,Scoot,Singapore,SIN,WSSS,14:35,06:35,14:40,5min late,17:01,29min early,2h 20m,Landed
2026-01-17,JT740,LNI740,Lion Air,Makassar,UPG,WAAA,14:40,06:40,14:46,6min late,15:48,16min early,1h 1m,Landed
2026-01-17,JT23,,Lion Air,Jakarta,CGK,WIII,14:45,06:45,,,,,1h 55m,
2026-01-17,JQ43,JST043,Jetstar Airways,Singapore,SIN,WSSS,14:50,06:50,14:55,5min late,17:39,15min early,2h 44m,Landed
2026-01-17,OD307,MXD307,Malindo Air,Kuala Lumpur,KUL,WMKK,14:50,06:50,15:11,21min late,17:41,13min early,2h 30m,Landed
2026-01-17,JQ44,JST044,Jetstar Airways,Melbourne,MEL,YMML,14:55,06:55,15:05,10min late,23:19,15min early,5h 14m,Landed
2026-01-17,JT844,LNI844,Lion Air,Banjarmasin,BDJ,WAOO,15:00,07:00,15:35,35min late,16:37,7min late,1h 1m,Landed
2026-01-17,VA48,VOZ048,Virgin Australia,Brisbane,BNE,YBBN,15:00,07:00,15:11,11min late,22:47,7min early,5h 36m,Landed
2026-01-17,QG681,CTV681,Citilink,Jakarta,CGK,WIII,15:10,07:10,14:55,15min early,15:50,14min early,1h 55m,Landed
2026-01-17,AI2148,AIC2148,Air India,Delhi,DEL,VIDP,15:10,07:10,15:30,20min late,20:13,8min late,7h 13m,Landed
2026-01-17,AK377,AXM377,AirAsia,Kuala Lumpur,KUL,WMKK,15:25,07:25,15:39,14min late,18:41,16min late,3h 2m,Landed
2026-01-17,VJ898,VJC898,VietJet Air,Ho Chi Minh City,SGN,VVTS,15:35,07:35,15:43,8min late,18:06,19min early,3h 22m,Landed
2026-01-17,GA411,GIA411,Garuda Indonesia,Jakarta,CGK,WIII,15:40,07:40,17:19,39min late,17:49,4min late,1h 29m,Landed
2026-01-17,QG669,CTV669,Citilink,Surabaya,SUB,WARR,15:40,07:40,15:44,4min late,15:39,5min early,55m,Landed
2026-01-17,CI772,CAL772,China Airlines,Taipei,TPE,RCTP,15:45,07:45,15:32,13min early,20:34,30min early,5h 2m,Landed
2026-01-17,VA92,VOZ092,Virgin Australia,Melbourne,MEL,YMML,15:50,07:50,15:52,2min late,00:20,9min early,5h 28m,Landed
2026-01-17,QZ536,AWQ536,Indonesia AirAsia,Perth,PER,YPPH,16:00,08:00,17:54,54min late,10:19,34min late,16h 24m,Landed
2026-01-17,IP109,PAS109,Pelita Air Service,Jakarta,CGK,WIII,16:00,08:00,16:12,12min late,16:43,6min early,1h 31m,Landed
2026-01-17,QG661,CTV661,Citilink,Jakarta,CGK,WIII,16:05,08:05,16:03,2min early,16:56,3min early,1h 53m,Landed
2026-01-17,VN640,HVN640,Vietnam Airlines,Ho Chi Minh City,SGN,VVTS,16:05,08:05,16:15,10min late,18:36,19min early,3h 20m,Landed
2026-01-17,QZ807,AWQ807,Indonesia AirAsia,Jakarta,CGK,WIII,16:10,08:10,16:24,14min late,16:58,11min early,1h 33m,Landed
2026-01-17,IU703,SJV703,SW Italia,Surabaya,SUB,WARR,16:10,08:10,16:30,20min late,16:09,on time,39m,Landed
2026-01-17,TG432,THA432,Thai Airways International,Bangkok,BKK,VTBS,16:10,08:10,16:13,3min late,18:53,31min early,3h 40m,Landed
2026-01-17,QZ556,AWQ556,Indonesia AirAsia,Kuala Lumpur,KUL,WMKK,16:15,08:15,16:18,3min late,19:07,2min early,2h 48m,Landed
2026-01-17,CX784,CPA784,Cathay Pacific,Hong Kong,HKG,VHHH,16:20,08:20,16:37,17min late,21:33,8min late,4h 56m,Landed
2026-01-17,MH850,MAS850,Malaysia Airlines,Kuala Lumpur,KUL,WMKK,16:25,08:25,16:22,3min early,19:34,on time,3h 12m,Landed
2026-01-17,IW1852,WON1852,Wings Air,Lombok,LOP,WADL,16:30,08:30,16:39,9min late,17:07,12min early,28m,Landed
2026-01-17,IU743,SJV743,SW Italia,Jakarta,CGK,WIII,16:35,08:35,17:00,25min late,17:28,1min early,1h 28m,Landed
2026-01-17,BR256,EVA256,EVA Airways,Taipei,TPE,RCTP,16:40,08:40,16:33,7min early,21:42,2min early,5h 9m,Landed
2026-01-17,JT744,,Lion Air,Makassar,UPG,WAAA,16:40,08:40,,,,,1h 25m,
2026-01-17,GA349,GIA349,Garuda Indonesia,Surabaya,SUB,WARR,16:55,08:55,17:17,22min late,16:53,16min early,36m,Landed
2026-01-17,ID6335,BTK6335,Batik Air,Labuan Bajo,LBJ,WATO,17:00,09:00,17:15,15min late,18:06,8min early,50m,Landed
2026-01-17,JT25,,Lion Air,Jakarta,CGK,WIII,17:15,09:15,,,,,1h 55m,
2026-01-17,HO1356,DKH1356,Juneyao Airlines,Shanghai,PVG,ZSPD,17:25,09:25,17:25,on time,23:15,34min early,5h 50m,Landed
2026-01-17,GA419,GIA419,Garuda Indonesia,Jakarta,CGK,WIII,17:25,09:25,17:46,21min late,18:27,2min late,1h 41m,Landed
2026-01-17,VJ998,VJC998,VietJet Air,Hanoi,HAN,VVNB,17:25,09:25,18:24,59min late,21:54,19min late,4h 30m,Landed
2026-01-17,TR211,TGW211,Scoot,Singapore,SIN,WSSS,17:35,09:35,17:39,4min late,19:58,47min early,2h 18m,Landed
2026-01-17,IP107,PAS107,Pelita Air Service,Jakarta,CGK,WIII,17:40,09:40,17:40,on time,18:12,17min early,1h 32m,Landed
2026-01-17,IU759,,SW Italia,Jakarta,CGK,WIII,17:40,09:40,,,,,1h 55m,
2026-01-17,OD193,MXD193,Malindo Air,Perth,PER,YPPH,18:10,10:10,18:35,25min late,21:47,2min late,3h 11m,Landed
2026-01-17,IN283,,NAM Air,Jakarta,CGK,WIII,18:30,10:30,,,,,1h 40m,
2026-01-17,IN281,LKN281,Nam Air,Jakarta,CGK,WIII,18:30,10:30,18:44,14min late,19:14,4min late,1h 30m,Landed
2026-01-17,GA417,GIA417,Garuda Indonesia,Jakarta,CGK,WIII,18:30,10:30,18:41,11min late,19:20,9min early,1h 39m,Landed
2026-01-17,IP111,PAS111,Pelita Air Service,Jakarta,CGK,WIII,18:35,10:35,18:52,17min late,19:27,2min late,1h 34m,Landed
2026-01-17,CX782,CPA782,Cathay Pacific,Hong Kong,HKG,VHHH,18:40,10:40,18:48,8min late,23:38,6min early,4h 50m,Landed
2026-01-17,SL259,TLM259,Thai Lion Air,Bangkok,DMK,VTBD,18:40,10:40,19:05,25min late,21:56,3min early,3h 51m,Landed
2026-01-17,JT3027,,Lion Air,Jakarta,CGK,WIII,18:40,10:40,21:40,0min late,22:09,34min late,1h 29m,Landed
2026-01-17,JT925,LNI925,Lion Air,Surakarta,SOC,WAHQ,18:40,10:40,18:55,15min late,18:57,2min early,1h 2m,Landed
2026-01-17,ID6415,,Batik Air,Surabaya,SUB,WARR,18:45,10:45,,,,,1h 0m,Cancelled
2026-01-17,EY477,ETD477,Etihad Airways,Abu Dhabi,AUH,OMAA,18:45,10:45,18:48,3min late,23:50,5min late,9h 1m,Landed
2026-01-17,QR963,QTR963,Qatar Airways,Doha,DOH,OTHH,18:50,10:50,19:10,20min late,00:02,32min late,9h 52m,Landed
2026-01-17,6E1608,IGO1608,IndiGo,Chennai,MAA,VOMM,18:50,10:50,19:17,27min late,22:30,on time,5h 43m,Landed
2026-01-17,QZ809,AWQ809,Indonesia AirAsia,Jakarta,CGK,WIII,18:50,10:50,19:13,23min late,19:39,10min early,1h 25m,Landed
2026-01-17,TG440,THA440,Thai Airways International,Bangkok,BKK,VTBS,19:00,11:00,18:59,on time,21:46,28min early,3h 46m,Landed
2026-01-17,AK379,AXM379,AirAsia,Kuala Lumpur,KUL,WMKK,19:15,11:15,19:39,24min late,22:37,17min late,2h 58m,Landed
2026-01-17,MH852,MAS852,Malaysia Airlines,Kuala Lumpur,KUL,WMKK,19:15,11:15,19:50,35min late,22:43,28min late,2h 53m,Landed
2026-01-17,QG699,CTV699,Citilink,Surabaya,SUB,WARR,19:25,11:25,19:33,8min late,19:26,3min early,53m,Landed
2026-01-17,ID7310,BTK7310,Batik Air,Jakarta,HLP,WIHH,19:25,11:25,19:27,2min late,19:52,22min early,1h 24m,Landed
2026-01-17,SJ7161,SJY7161,Sriwijaya Air,Makassar,UPG,WAAA,19:30,11:30,21:26,56min late,22:34,44min late,1h 8m,Landed
2026-01-17,QG689,CTV689,Citilink,Jakarta,CGK,WIII,19:30,11:30,19:30,on time,20:14,10min early,1h 44m,Landed
2026-01-17,JT923,,Lion Air,Surabaya,SUB,WARR,19:45,11:45,,,,,1h 0m,
2026-01-17,8B969,TNU969,Business Air,Guangzhou,CAN,ZGGG,19:45,11:45,19:42,3min early,00:41,23min early,4h 59m,Landed
2026-01-17,JT271,LNI271,Lion Air,Semarang,SRG,WIIS,19:50,11:50,20:00,10min late,20:00,9min early,59m,Landed
2026-01-17,EK369,UAE369,Emirates,Dubai,DXB,OMDB,19:50,11:50,20:09,19min late,01:07,2min early,8h 57m,Landed
2026-01-17,JQ1107,JST1107,Jetstar Airways,Perth,PER,YPPH,19:55,11:55,19:54,on time,23:08,2min early,3h 13m,Landed
2026-01-17,TR283,TGW283,Scoot,Singapore,SIN,WSSS,20:05,12:05,20:23,18min late,22:39,on time,2h 15m,Landed
2026-01-17,QG195,CTV195,Citilink,Jakarta,HLP,WIHH,20:10,12:10,20:01,9min early,20:48,11min early,1h 47m,Landed
2026-01-17,OD177,MXD177,Malindo Air,Melbourne,MEL,YMML,20:15,12:15,20:31,16min late,05:25,14min early,5h 53m,Landed
2026-01-17,SQ945,SIA945,Singapore Airlines,Singapore,SIN,WSSS,20:15,12:15,20:21,6min late,22:27,28min early,2h 5m,Landed
2026-01-17,GA718,GIA718,Garuda Indonesia,Melbourne,MEL,YMML,20:20,12:20,20:15,4min early,04:41,18min early,5h 26m,Landed
2026-01-17,JQ34,JST034,Jetstar Airways,Melbourne,MEL,YMML,20:20,12:20,21:21,1min late,05:46,51min late,5h 25m,Landed
2026-01-17,ID6413,BTK6413,Batik Air,Surabaya,SUB,WARR,20:30,12:30,20:39,9min late,20:21,8min early,41m,Landed
2026-01-17,QG9697,CTV9697,Citilink,Surabaya,SUB,WARR,20:40,12:40,20:35,4min early,20:27,17min early,52m,Landed
2026-01-17,GA415,GIA415,Garuda Indonesia,Jakarta,CGK,WIII,20:45,12:45,21:16,31min late,21:49,4min late,1h 33m,Landed
2026-01-17,IP105,,Pelita Air Service,Jakarta,CGK,WIII,20:50,12:50,,,,,1h 50m,
2026-01-17,QG9667,,Citilink,Jakarta,CGK,WIII,21:10,13:10,00:07,57min late,00:35,25min late,1h 28m,Landed
2026-01-17,OD171,MXD171,Malindo Air,Sydney,SYD,YSSY,21:10,13:10,21:18,8min late,06:00,14min early,5h 42m,Landed
2026-01-17,TK67,THY067,Turkish Airlines,Istanbul,IST,LTFM,21:10,13:10,21:18,8min late,05:24,15min early,13h 6m,Landed
2026-01-17,JT11,LNI011,Lion Air,Jakarta,CGK,WIII,21:15,13:15,21:50,35min late,22:22,12min late,1h 32m,Landed
2026-01-17,QZ819,AWQ819,Indonesia AirAsia,Jakarta,CGK,WIII,21:15,13:15,21:33,18min late,22:07,2min late,1h 34m,Landed
2026-01-17,QF44,QFA044,Qantas,Sydney,SYD,YSSY,21:20,13:20,01:04,44min late,09:46,31min late,5h 41m,Landed
2026-01-17,ID6760,,Batik Air,Makassar,UPG,WAAA,21:30,13:30,21:30,,01:26,31min late,3h 56m,Landed
2026-01-17,GA425,GIA425,Garuda Indonesia,Jakarta,CGK,WIII,21:30,13:30,21:32,2min late,22:13,21min early,1h 40m,Landed
2026-01-17,JQ60,JST060,Jetstar Airways,Brisbane,BNE,YBBN,21:30,13:30,22:13,43min late,05:44,24min late,5h 30m,Landed
2026-01-17,SJ273,SJY273,Sriwijaya Air,Jakarta,CGK,WIII,21:35,13:35,22:29,54min late,23:04,49min late,1h 34m,Landed
2026-01-17,KL836,KLM836,KLM Royal Dutch Airlines,Singapore,SIN,WSSS,21:40,13:40,21:37,2min early,23:51,18min early,2h 13m,Landed
2026-01-17,SQ947,SIA947,Singapore Airlines,Singapore,SIN,WSSS,21:40,13:40,21:49,9min late,23:59,21min early,2h 9m,Landed
2026-01-17,JQ117,JST117,Jetstar Airways,Perth,PER,YPPH,21:45,13:45,21:41,4min early,01:03,11min early,3h 22m,Landed
2026-01-17,QZ546,AWQ546,Indonesia AirAsia,Perth,PER,YPPH,21:55,13:55,22:04,9min late,01:15,19min early,3h 11m,Landed
2026-01-17,AK375,AXM375,AirAsia,Kuala Lumpur,KUL,WMKK,21:55,13:55,23:00,5min late,01:43,43min late,2h 43m,Landed
2026-01-17,TK311,THY311,Turkish Airlines,Istanbul,IST,LTFM,22:00,14:00,19:47,12min early,08:04,39min late,17h 17m,Landed
2026-01-17,QF46,QFA046,Qantas,Melbourne,MEL,YMML,22:05,14:05,22:06,on time,06:37,12min early,5h 31m,Landed
2026-01-17,OD157,MXD157,Malindo Air,Brisbane,BNE,YBBN,22:10,14:10,22:46,36min late,06:14,14min late,5h 27m,Landed
2026-01-17,QZ811,AWQ811,Indonesia AirAsia,Jakarta,CGK,WIII,22:15,14:15,22:39,24min late,23:12,7min late,1h 33m,Landed
2026-01-17,VA84,VOZ084,Virgin Australia,Gold Coast,OOL,YBCG,22:20,14:20,22:23,3min late,06:21,11min late,5h 58m,Landed
2026-01-17,JQ38,JST038,Jetstar Airways,Sydney,SYD,YSSY,22:20,14:20,22:46,26min late,07:30,on time,5h 44m,Landed
2026-01-17,VA66,VOZ066,Virgin Australia,Sydney,SYD,YSSY,22:30,14:30,23:07,37min late,08:10,30min late,6h 3m,Landed
2026-01-17,JT15,,Lion Air,Jakarta,CGK,WIII,22:35,14:35,,,,,1h 55m,
2026-01-17,JQ128,JST128,Jetstar Airways,Adelaide,ADL,YPAD,22:50,14:50,22:50,on time,06:08,6min early,4h 48m,Landed
2026-01-17,7C2712,JJA2712,Jeju Air,Seoul,ICN,RKSI,23:05,15:05,23:03,2min early,07:00,9min early,6h 57m,Landed
2026-01-17,8B5109,TNU5109,Business Air,Jakarta,CGK,WIII,23:10,15:10,00:55,45min late,01:22,32min late,1h 27m,Landed
2026-01-17,3U3986,CSC3986,Sichuan Airlines,Lujia Town,TFU,ZUTF,23:10,15:10,00:14,4min late,13:52,42min late,13h 38m,Landed
2026-01-17,JQ91,JST091,Jetstar Airways,Cairns,CNS,YBCS,23:10,15:10,23:46,36min late,06:28,43min late,4h 42m,Landed
2026-01-17,VA82,VOZ082,Virgin Australia,Gold Coast,OOL,YBCG,23:20,15:20,23:13,7min early,07:05,5min early,5h 52m,Landed
2026-01-17,GA714,GIA714,Garuda Indonesia,Sydney,SYD,YSSY,23:35,15:35,23:48,13min late,08:31,3min early,5h 43m,Landed
2026-01-17,JQ42,JST042,Jetstar Airways,Melbourne,MEL,YMML,23:40,15:40,00:08,28min late,08:10,19min early,5h 2m,Landed
2026-01-17,KE432,KAL432,Korean Air Lines,Seoul,ICN,RKSI,23:50,15:50,00:00,10min late,07:30,14min early,6h 29m,Landed
2026-01-18,BX602,ABL602,Air Busan,Busan,PUS,RKPK,00:05,16:05,00:19,14min late,07:39,50min early,6h 20m,Landed
2026-01-18,TW158,TWB158,T'Way Air,Cheongju,CJJ,RKTU,00:15,16:15,01:15,0min late,08:47,37min late,6h 31m,Landed
2026-01-18,8B84,TNU084,Business Air,Perth,PER,YPPH,00:20,16:20,22:10,9min early,03:44,20min early,5h 34m,Landed
2026-01-18,EK399,UAE399,Emirates,Dubai,DXB,OMDB,00:25,16:25,00:35,10min late,05:45,on time,9h 10m,Landed
2026-01-18,QR961,QTR961,Qatar Airways,Doha,DOH,OTHH,00:30,16:30,00:34,4min late,05:09,on time,9h 34m,Landed
2026-01-18,MF892,CXA892,Xiamen Airlines,Xiamen,XMN,ZSAM,00:30,16:30,00:37,7min late,06:08,3min late,5h 31m,Landed
2026-01-18,CZ626,CSN626,China Southern Airlines,Guangzhou,CAN,ZGGG,00:40,16:40,00:41,1min late,05:27,22min early,4h 46m,Landed
2026-01-18,GA870,GIA870,Garuda Indonesia,Seoul,ICN,RKSI,00:50,16:50,00:56,6min late,08:37,12min early,6h 41m,Landed
2026-01-18,GA880,GIA880,Garuda Indonesia,Tokyo,NRT,RJAA,00:50,16:50,01:13,23min late,09:09,19min late,6h 56m,Landed
2026-01-18,MU5030,CES5030,China Eastern Airlines,Shanghai,PVG,ZSPD,00:55,16:55,00:55,on time,06:54,15min early,5h 59m,Landed
2026-01-18,QZ548,AWQ548,Indonesia AirAsia,Perth,PER,YPPH,01:00,17:00,01:24,24min late,04:44,4min late,3h 20m,Landed
2026-01-18,PR538,PAL538,Philippine Airlines,Manila,MNL,RPLL,01:10,17:10,00:53,17min early,04:44,25min early,3h 51m,Landed
2026-01-18,KE434,KAL434,Korean Air Lines,Seoul,ICN,RKSI,01:20,17:20,01:27,7min late,08:57,22min early,6h 29m,Landed
2026-01-18,8B5888,,TransNusa,Manado,MDC,WAMM,01:30,17:30,,,,,2h 45m,
2026-01-18,GA686,GIA686,Garuda Indonesia,Sorong,SOQ,WASS,01:30,17:30,01:42,12min late,05:32,7min early,2h 49m,Landed
2026-01-18,GA401,GIA401,Garuda Indonesia,Jakarta,CGK,WIII,07:00,23:00,07:10,10min late,07:54,5min early,1h 43m,Landed
2026-01-18,JT929,LNI929,Lion Air,Surabaya,SUB,WARR,07:00,23:00,07:13,13min late,06:50,10min early,37m,Landed
2026-01-18,QZ813,AWQ813,Indonesia AirAsia,Jakarta,CGK,WIII,07:00,23:00,07:33,33min late,08:01,11min late,1h 28m,Landed
2026-01-18,JT746,LNI746,Lion Air,Makassar,UPG,WAAA,07:00,23:00,07:18,18min late,08:24,on time,1h 6m,Landed
2026-01-18,QZ534,AWQ534,Indonesia AirAsia,Perth,PER,YPPH,07:00,23:00,17:54,54min late,10:19,30min early,,Landed
2026-01-18,JQ82,JST082,Jetstar Airways,Darwin,DRW,YPDN,07:05,23:05,07:05,on time,10:54,20min early,2h 18m,Landed
2026-01-18,QG690,CTV690,Citilink,Surabaya,SUB,WARR,07:05,23:05,07:17,12min late,07:00,9min early,43m,Landed
2026-01-18,QZ644,AWQ644,Indonesia AirAsia,Labuan Bajo,LBJ,WATO,07:10,23:10,07:14,4min late,08:09,15min early,54m,Landed
2026-01-18,QZ550,AWQ550,Indonesia AirAsia,Kuala Lumpur,KUL,WMKK,07:15,23:15,07:09,5min early,14:12,2min late,7h 2m,Landed
2026-01-18,SQ949,SIA949,Singapore Airlines,Singapore,SIN,WSSS,07:20,23:20,07:31,11min late,09:48,11min early,2h 17m,Landed
2026-01-18,8B551,TNU551,Business Air,Singapore,SIN,WSSS,07:30,23:30,07:27,2min early,09:38,16min early,2h 11m,Landed
2026-01-18,ID6333,BTK6333,Batik Air,Labuan Bajo,LBJ,WATO,07:55,23:55,07:56,1min late,08:50,19min early,53m,Landed
2026-01-18,IW1858,WON1858,Wings Air,Lombok,LOP,WADL,08:05,00:05,08:23,18min late,08:53,1min early,30m,Landed
2026-01-18,QG9691,CTV9691,Citilink,Surabaya,SUB,WARR,08:05,00:05,07:56,8min early,07:43,26min early,46m,Landed
2026-01-18,JT21,LNI021,Lion Air,Jakarta,CGK,WIII,08:05,00:05,15:58,53min late,16:27,27min late,1h 28m,Landed
2026-01-18,HX706,CRK706,Hong Kong Airlines,Hong Kong,HKG,VHHH,08:15,00:15,08:10,4min early,13:04,10min early,4h 53m,Landed
2026-01-18,GA710,GIA710,Garuda Indonesia,Melbourne,MEL,YMML,08:20,00:20,10:48,28min late,19:14,14min late,5h 26m,Landed
2026-01-18,CZ8482,CSN8482,China Southern Airlines,Guangzhou,CAN,ZGGG,08:35,00:35,13:18,43min late,18:40,45min late,5h 22m,Landed
2026-01-18,5J280,CEB280,CEBU Pacific Air,Manila,MNL,RPLL,08:35,00:35,08:27,8min early,12:29,20min early,4h 2m,Landed
2026-01-18,IW1854,WON1854,Wings Air,Lombok,LOP,WADL,08:45,00:45,08:46,1min late,09:26,8min early,39m,Landed
2026-01-18,IW1882,WON1882,Wings Air,Sumbawa Besar,SWQ,WADS,08:55,00:55,08:50,4min early,09:34,25min early,44m,Landed
2026-01-18,IN640,,NAM Air,Tambolaka,TMC,WADT,09:10,01:10,,,,,1h 0m,
2026-01-18,8B5105,TNU5105,Business Air,Jakarta,CGK,WIII,09:15,01:15,09:18,3min late,09:41,18min early,1h 23m,Landed
2026-01-18,ID6324,BTK6324,Batik Air,Tambolaka,TMC,WADT,09:20,01:20,09:33,13min late,10:24,10min early,50m,Landed
2026-01-18,QZ504,AWQ504,Indonesia AirAsia,Singapore,SIN,WSSS,09:25,01:25,09:24,on time,11:43,21min early,2h 18m,Landed
2026-01-18,IW1848,WON1848,Wings Air,Lombok,LOP,WADL,09:25,01:25,10:06,41min late,10:40,25min late,34m,Landed
2026-01-18,QG500,CTV500,Citilink,Dili,DIL,WPDL,09:30,01:30,09:21,8min early,12:16,3min early,1h 55m,Landed
2026-01-18,ID6007,BTK6007,Batik Air,Perth,PER,YPPH,09:30,01:30,09:37,7min late,12:48,26min early,3h 11m,Landed
2026-01-18,QG663,CTV663,Citilink,Jakarta,CGK,WIII,09:35,01:35,09:21,14min early,10:03,26min early,1h 42m,Landed
2026-01-18,QZ803,AWQ803,Indonesia AirAsia,Jakarta,CGK,WIII,09:40,01:40,09:46,6min late,10:14,15min early,1h 28m,Landed
2026-01-18,8B80,TNU080,Business Air,Perth,PER,YPPH,09:40,01:40,10:23,43min late,13:33,8min late,3h 9m,Landed
2026-01-18,QR965,QTR965,Qatar Airways,Doha,DOH,OTHH,09:45,01:45,09:37,7min early,14:13,11min early,9h 36m,Landed
2026-01-18,AI2146,AIC2146,Air India,Delhi,DEL,VIDP,10:00,02:00,10:09,9min late,15:17,17min late,7h 37m,Landed
2026-01-18,JT270,LNI270,Lion Air,Kupang,KOE,WATT,10:00,02:00,10:21,21min late,11:49,on time,1h 28m,Landed
2026-01-18,JT3569,LNI3569,Lion Air,Yogyakarta,YIA,WAHI,10:00,02:00,10:28,28min late,12:47,17min late,3h 18m,Landed
2026-01-18,SU297,AFL297,Aeroflot,Moscow,SVO,UUEE,10:05,02:05,10:32,27min late,17:54,5min early,12h 21m,Landed
2026-01-18,JQ126,JST126,Jetstar Airways,Adelaide,ADL,YPAD,10:15,02:15,10:04,11min early,17:14,30min early,4h 40m,Landed
2026-01-18,QG9671,CTV9671,Citilink,Jakarta,CGK,WIII,10:20,02:20,10:29,9min late,11:05,14min early,1h 36m,Landed
2026-01-18,8B5101,,TransNusa,Jakarta,CGK,WIII,10:30,02:30,14:11,41min late,14:37,22min late,1h 25m,Landed
2026-01-18,SQ935,SIA935,Singapore Airlines,Singapore,SIN,WSSS,10:30,02:30,10:36,6min late,12:42,28min early,2h 5m,Landed
2026-01-18,QZ815,AWQ815,Indonesia AirAsia,Jakarta,CGK,WIII,10:35,02:35,10:40,5min late,11:10,19min early,1h 29m,Landed
2026-01-18,JT33,LNI033,Lion Air,Jakarta,CGK,WIII,10:35,02:35,10:59,24min late,11:28,1min early,1h 28m,Landed
2026-01-18,JT805,LNI805,Lion Air,Surabaya,SUB,WARR,10:35,02:35,10:44,9min late,10:26,8min early,41m,Landed
2026-01-18,JT927,LNI927,Lion Air,Surakarta,SOC,WAHQ,10:40,02:40,10:56,16min late,10:56,3min early,1h 0m,Landed
2026-01-18,IW1856,WON1856,Wings Air,Lombok,LOP,WADL,11:10,03:10,12:05,55min late,12:35,35min late,30m,Landed
2026-01-18,QG197,CTV197,Citilink,Jakarta,HLP,WIHH,11:10,03:10,11:10,on time,11:53,6min early,1h 43m,Landed
2026-01-18,TR281,TGW281,Scoot,Singapore,SIN,WSSS,11:10,03:10,11:18,8min late,13:22,28min early,2h 3m,Landed
2026-01-18,JQ40,JST040,Jetstar Airways,Sydney,SYD,YSSY,11:15,03:15,11:24,9min late,20:15,on time,5h 51m,Landed
2026-01-18,GA620,GIA620,Garuda Indonesia,Makassar,UPG,WAAA,11:20,03:20,11:39,19min late,12:55,5min late,1h 15m,Landed
2026-01-18,6E1606,IGO1606,IndiGo,Bangalore,BLR,VOBL,11:30,03:30,11:17,12min early,15:01,33min early,6h 13m,Landed
2026-01-18,JQ32,JST032,Jetstar Airways,Melbourne,MEL,YMML,11:30,03:30,11:23,7min early,19:46,23min early,5h 23m,Landed
2026-01-18,OD172,MXD172,Malindo Air,Kuala Lumpur,KUL,WMKK,11:35,03:35,11:48,13min late,14:22,22min early,2h 33m,Landed
2026-01-18,IW1964,WON1964,Wings Air,Lombok,LOP,WADL,11:40,03:40,15:36,56min late,16:03,33min late,27m,Landed
2026-01-18,QZ646,AWQ646,Indonesia AirAsia,Labuan Bajo,LBJ,WATO,11:40,03:40,11:43,3min late,12:38,16min early,55m,Landed
2026-01-18,JQ109,JST109,Jetstar Airways,Perth,PER,YPPH,11:45,03:45,11:28,17min early,14:49,45min early,3h 21m,Landed
2026-01-18,ID6331,BTK6331,Batik Air,Labuan Bajo,LBJ,WATO,11:45,03:45,11:51,6min late,12:46,13min early,54m,Landed
2026-01-18,IW1850,WON1850,Wings Air,Lombok,LOP,WADL,11:50,03:50,12:21,31min late,12:50,10min late,28m,Landed
2026-01-18,JT31,LNI031,Lion Air,Jakarta,CGK,WIII,11:55,03:55,12:24,29min late,13:11,21min late,1h 47m,Landed
2026-01-18,GA407,GIA407,Garuda Indonesia,Jakarta,CGK,WIII,11:55,03:55,12:03,8min late,12:37,17min early,1h 33m,Landed
2026-01-18,FD397,AIQ397,Thai AirAsia,Bangkok,DMK,VTBD,12:00,04:00,13:02,2min late,16:00,40min late,3h 57m,Landed
2026-01-18,SQ937,SIA937,Singapore Airlines,Singapore,SIN,WSSS,12:05,04:05,12:15,10min late,14:30,25min early,2h 14m,Landed
2026-01-18,QZ618,AWQ618,Indonesia AirAsia,Banjarmasin,BDJ,WAOO,12:05,04:05,12:27,22min late,13:29,10min early,1h 1m,Landed
2026-01-18,GA253,GIA253,Garuda Indonesia,Yogyakarta,YIA,WAHI,12:05,04:05,12:32,27min late,12:51,3min early,1h 19m,Landed
2026-01-18,OD192,MXD192,Malindo Air,Kuala Lumpur,KUL,WMKK,12:10,04:10,12:32,22min late,14:59,20min early,2h 27m,Landed
2026-01-18,SJ742,SJY742,Sriwijaya Air,Tambolaka,TMC,WADT,12:10,04:10,12:46,36min late,06:20,10min late,17h 34m,Landed
2026-01-18,OD158,MXD158,Malindo Air,Kuala Lumpur,KUL,WMKK,12:45,04:45,12:56,11min late,16:00,5min late,3h 4m,Landed
2026-01-18,IP103,PAS103,Pelita Air Service,Jakarta,CGK,WIII,12:45,04:45,12:42,2min early,13:30,4min early,1h 48m,Landed
2026-01-18,SQ939,SIA939,Singapore Airlines,Singapore,SIN,WSSS,13:00,05:00,13:01,1min late,15:16,33min early,2h 14m,Landed
2026-01-18,AK365,AXM365,AirAsia,Kuala Lumpur,KUL,WMKK,13:05,05:05,13:21,16min late,17:44,34min late,4h 22m,Landed
2026-01-18,VJ900,VJC900,VietJet Air,Hanoi,HAN,VVNB,13:10,05:10,14:18,8min late,17:57,37min late,4h 39m,Landed
2026-01-18,MH714,MAS714,Malaysia Airlines,Kuala Lumpur,KUL,WMKK,13:10,05:10,13:42,32min late,16:18,13min late,2h 36m,Landed
2026-01-18,JT35,LNI035,Lion Air,Jakarta,CGK,WIII,13:15,05:15,13:34,19min late,14:04,5min early,1h 30m,Landed
2026-01-18,GA409,GIA409,Garuda Indonesia,Jakarta,CGK,WIII,13:25,05:25,13:46,21min late,14:21,3min early,1h 35m,Landed
2026-01-18,8G182,DTL182,Mid Africa Aviation,Dili,DIL,WPDL,13:25,05:25,13:26,1min late,16:07,12min early,1h 40m,Landed
2026-01-18,OD178,MXD178,Malindo Air,Kuala Lumpur,KUL,WMKK,13:25,05:25,13:39,14min late,16:13,21min early,2h 33m,Landed
2026-01-18,JT660,LNI660,Lion Air,Balikpapan,BPN,WALL,13:30,05:30,14:02,32min late,17:37,22min late,3h 35m,Landed
2026-01-18,JQ58,JST058,Jetstar Airways,Brisbane,BNE,YBBN,13:30,05:30,13:49,19min late,21:14,10min early,5h 25m,Landed
2026-01-18,ID6509,BTK6509,Batik Air,Jakarta,CGK,WIII,13:45,05:45,13:55,10min late,14:24,15min early,1h 29m,Landed
2026-01-18,8B5107,TNU5107,Business Air,Jakarta,CGK,WIII,13:50,05:50,14:11,21min late,14:37,2min late,1h 25m,Landed
2026-01-18,QG342,CTV342,Citilink,Makassar,UPG,WAAA,13:55,05:55,14:06,11min late,15:35,15min late,1h 28m,Landed
2026-01-18,JT919,LNI919,Lion Air,Surabaya,SUB,WARR,13:55,05:55,14:22,27min late,13:59,4min late,37m,Landed
2026-01-18,QZ544,AWQ544,Indonesia AirAsia,Perth,PER,YPPH,14:00,06:00,15:30,30min late,18:45,55min late,3h 15m,Landed
2026-01-18,8B82,TNU082,Business Air,Perth,PER,YPPH,14:00,06:00,14:26,26min late,17:45,5min late,3h 19m,Landed
2026-01-18,QG687,CTV687,Citilink,Jakarta,CGK,WIII,14:00,06:00,13:59,on time,14:35,19min early,1h 36m,Landed
2026-01-18,6E1612,IGO1612,IndiGo,Bhubaneswar,BBI,VEBS,14:00,06:00,13:18,41min early,18:08,28min late,7h 20m,Landed
2026-01-18,VJ894,VJC894,VietJet Air,Ho Chi Minh City,SGN,VVTS,14:05,06:05,14:25,20min late,16:53,11min early,3h 28m,Landed
2026-01-18,ID6517,BTK6517,Batik Air,Jakarta,CGK,WIII,14:15,06:15,15:15,0min late,15:42,32min late,1h 27m,Landed
2026-01-18,JT569,LNI569,Lion Air,Yogyakarta,YIA,WAHI,14:15,06:15,15:28,13min late,15:35,50min late,1h 7m,Landed
2026-01-18,ID7308,BTK7308,Batik Air,Jakarta,HLP,WIHH,14:20,06:20,14:56,36min late,15:18,8min late,1h 21m,Landed
2026-01-18,QZ506,AWQ506,Indonesia AirAsia,Singapore,SIN,WSSS,14:25,06:25,15:46,21min late,18:16,56min late,2h 29m,Landed
2026-01-18,TR289,TGW289,Scoot,Singapore,SIN,WSSS,14:35,06:35,14:41,6min late,17:05,25min early,2h 23m,Landed
2026-01-18,JT740,LNI740,Lion Air,Makassar,UPG,WAAA,14:40,06:40,15:42,2min late,16:46,41min late,1h 4m,Landed
2026-01-18,JT273,LNI273,Lion Air,Semarang,SRG,WIIS,14:40,06:40,15:18,38min late,15:16,16min late,58m,Landed
2026-01-18,JT23,,Lion Air,Jakarta,CGK,WIII,14:45,06:45,,,,,1h 55m,
2026-01-18,JQ43,JST043,Jetstar Airways,Singapore,SIN,WSSS,14:50,06:50,14:53,3min late,17:35,19min early,2h 42m,Landed
2026-01-18,OD307,MXD307,Malindo Air,Kuala Lumpur,KUL,WMKK,14:50,06:50,15:07,17min late,17:52,2min early,2h 44m,Landed
2026-01-18,JQ44,JST044,Jetstar Airways,Melbourne,MEL,YMML,14:55,06:55,15:03,8min late,23:31,3min early,5h 28m,Landed
2026-01-18,JT924,LNI924,Lion Air,Kupang,KOE,WATT,14:55,06:55,15:53,58min late,17:17,32min late,1h 24m,Landed
2026-01-18,JT844,LNI844,Lion Air,Banjarmasin,BDJ,WAOO,15:00,07:00,15:48,48min late,16:49,19min late,1h 1m,Landed
2026-01-18,VA48,VOZ048,Virgin Australia,Brisbane,BNE,YBBN,15:00,07:00,15:02,2min late,23:07,12min late,6h 5m,Landed
2026-01-18,QZ246,AWQ246,Indonesia AirAsia,Phuket,HKT,VTSP,15:05,07:05,16:16,11min late,18:38,58min late,3h 21m,Landed
2026-01-18,AI2148,AIC2148,Air India,Delhi,DEL,VIDP,15:10,07:10,15:08,1min early,20:16,11min late,7h 37m,Landed
2026-01-18,QG681,CTV681,Citilink,Jakarta,CGK,WIII,15:10,07:10,15:08,2min early,16:13,8min late,2h 5m,Landed
2026-01-18,GA842,GIA842,Garuda Indonesia,Singapore,SIN,WSSS,15:15,07:15,15:43,28min late,18:09,9min late,2h 25m,Landed
2026-01-18,AK377,AXM377,AirAsia,Kuala Lumpur,KUL,WMKK,15:25,07:25,15:33,8min late,18:35,10min late,3h 2m,Landed
2026-01-18,QG9694,CTV9694,Citilink,Surabaya,SUB,WARR,15:30,07:30,15:47,17min late,15:38,3min late,51m,Landed
2026-01-18,VJ898,VJC898,VietJet Air,Ho Chi Minh City,SGN,VVTS,15:35,07:35,18:39,4min late,20:52,27min late,3h 12m,Landed
2026-01-18,QG669,CTV669,Citilink,Surabaya,SUB,WARR,15:40,07:40,16:10,30min late,16:09,24min late,59m,Landed
2026-01-18,SJ717,SJY717,Sriwijaya Air,Makassar,UPG,WAAA,15:40,07:40,16:11,31min late,17:14,14min late,1h 3m,Landed
2026-01-18,GA411,GIA411,Garuda Indonesia,Jakarta,CGK,WIII,15:40,07:40,16:19,39min late,16:52,7min late,1h 32m,Landed
2026-01-18,CI772,CAL772,China Airlines,Taipei,TPE,RCTP,15:45,07:45,15:44,on time,20:56,8min early,5h 12m,Landed
2026-01-18,IP109,PAS109,Pelita Air Service,Jakarta,CGK,WIII,16:00,08:00,16:06,6min late,16:34,15min early,1h 27m,Landed
2026-01-18,QZ536,AWQ536,Indonesia AirAsia,Perth,PER,YPPH,16:00,08:00,16:43,43min late,19:56,11min late,3h 13m,Landed
2026-01-18,VN640,HVN640,Vietnam Airlines,Ho Chi Minh City,SGN,VVTS,16:05,08:05,16:06,1min late,18:27,27min early,3h 21m,Landed
2026-01-18,QG661,CTV661,Citilink,Jakarta,CGK,WIII,16:05,08:05,16:04,on time,17:01,1min late,1h 57m,Landed
2026-01-18,IU703,SJV703,SW Italia,Surabaya,SUB,WARR,16:10,08:10,16:53,43min late,16:36,26min late,43m,Landed
2026-01-18,GA427,GIA427,Garuda Indonesia,Jakarta,CGK,WIII,16:10,08:10,16:34,24min late,17:06,1min late,1h 32m,Landed
2026-01-18,QZ807,AWQ807,Indonesia AirAsia,Jakarta,CGK,WIII,16:10,08:10,16:36,26min late,17:10,on time,1h 34m,Landed
2026-01-18,TG432,THA432,Thai Airways International,Bangkok,BKK,VTBS,16:10,08:10,16:16,6min late,18:58,26min early,3h 41m,Landed
2026-01-18,CX784,CPA784,Cathay Pacific,Hong Kong,HKG,VHHH,16:20,08:20,16:13,7min early,21:01,23min early,4h 48m,Landed
2026-01-18,MH850,MAS850,Malaysia Airlines,Kuala Lumpur,KUL,WMKK,16:25,08:25,16:32,7min late,19:34,on time,3h 2m,Landed
2026-01-18,IW1852,WON1852,Wings Air,Lombok,LOP,WADL,16:30,08:30,18:16,46min late,18:46,26min late,29m,Landed
2026-01-18,IU743,SJV743,SW Italia,Jakarta,CGK,WIII,16:35,08:35,19:20,45min late,19:51,21min late,1h 31m,Landed
2026-01-18,JT744,LNI744,Lion Air,Makassar,UPG,WAAA,16:40,08:40,21:07,27min late,22:13,8min late,1h 6m,Landed
2026-01-18,BR256,EVA256,EVA Airways,Taipei,TPE,RCTP,16:40,08:40,16:35,5min early,21:35,9min early,5h 0m,Landed
2026-01-18,GA349,GIA349,Garuda Indonesia,Surabaya,SUB,WARR,16:55,08:55,17:15,20min late,17:02,7min early,47m,Landed
2026-01-18,ID6335,BTK6335,Batik Air,Labuan Bajo,LBJ,WATO,17:00,09:00,17:23,23min late,18:18,3min late,54m,Landed
2026-01-18,IU273,SJV273,SW Italia,Pontianak,PNK,WIOO,17:00,09:00,17:13,13min late,17:49,15min early,1h 35m,Landed
2026-01-18,JT25,,Lion Air,Jakarta,CGK,WIII,17:15,09:15,17:32,17min late,21:00,50min late,4h 28m,Landed
2026-01-18,VJ998,VJC998,VietJet Air,Hanoi,HAN,VVNB,17:25,09:25,17:58,33min late,21:43,8min late,4h 45m,Landed
2026-01-18,GA419,GIA419,Garuda Indonesia,Jakarta,CGK,WIII,17:25,09:25,17:25,on time,18:09,15min early,1h 44m,Landed
2026-01-18,HO1356,DKH1356,Juneyao Airlines,Shanghai,PVG,ZSPD,17:25,09:25,18:10,45min late,00:06,16min late,5h 56m,Landed
2026-01-18,TR211,TGW211,Scoot,Singapore,SIN,WSSS,17:35,09:35,17:40,5min late,20:06,39min early,2h 25m,Landed
2026-01-18,IU759,SJV759,SW Italia,Jakarta,CGK,WIII,17:40,09:40,19:43,3min late,20:13,38min late,1h 30m,Landed
2026-01-18,IP107,PAS107,Pelita Air Service,Jakarta,CGK,WIII,17:40,09:40,17:38,1min early,18:11,18min early,1h 33m,Landed
2026-01-18,AK368,AXM368,AirAsia,Kuala Lumpur,KUL,WMKK,17:45,09:45,17:44,on time,20:39,10min early,2h 55m,Landed
2026-01-18,OD193,MXD193,Malindo Air,Perth,PER,YPPH,18:10,10:10,18:16,6min late,21:37,7min early,3h 20m,Landed
2026-01-18,IN281,LKN281,Nam Air,Jakarta,CGK,WIII,18:30,10:30,18:37,7min late,19:09,on time,1h 31m,Landed
2026-01-18,GA417,GIA417,Garuda Indonesia,Jakarta,CGK,WIII,18:30,10:30,18:59,29min late,19:42,12min late,1h 43m,Landed
2026-01-18,JT567,LNI567,Lion Air,Yogyakarta,YIA,WAHI,18:30,10:30,21:10,40min late,21:17,17min late,1h 7m,Landed
2026-01-18,IP111,PAS111,Pelita Air Service,Jakarta,CGK,WIII,18:35,10:35,19:20,45min late,19:44,19min late,1h 24m,Landed
2026-01-18,JT925,LNI925,Lion Air,Surakarta,SOC,WAHQ,18:40,10:40,19:48,8min late,19:48,48min late,1h 0m,Landed
2026-01-18,CX782,CPA782,Cathay Pacific,Hong Kong,HKG,VHHH,18:40,10:40,18:55,15min late,23:25,19min early,4h 29m,Landed
2026-01-18,JT3027,,Lion Air,Jakarta,CGK,WIII,18:40,10:40,21:36,56min late,22:05,30min late,1h 29m,Landed
2026-01-18,EY477,ETD477,Etihad Airways,Abu Dhabi,AUH,OMAA,18:45,10:45,18:54,9min late,23:47,2min late,8h 53m,Landed
2026-01-18,ID6415,BTK6415,Batik Air,Surabaya,SUB,WARR,18:45,10:45,19:12,27min late,19:05,20min late,52m,Landed
2026-01-18,6E1608,,IndiGo,Chennai,MAA,VOMM,18:50,10:50,14:08,18min late,22:30,,6h 10m,Landed
2026-01-18,QR963,QTR963,Qatar Airways,Doha,DOH,OTHH,18:50,10:50,19:06,16min late,23:48,18min late,9h 42m,Landed
2026-01-18,NZ291,ANZ291,Air New Zealand,Auckland,AKL,NZAA,18:50,10:50,19:41,51min late,08:22,27min late,7h 41m,Landed
2026-01-18,QG9665,CTV9665,Citilink,Jakarta,CGK,WIII,18:50,10:50,19:05,15min late,20:09,19min late,2h 4m,Landed
2026-01-18,QZ809,AWQ809,Indonesia AirAsia,Jakarta,CGK,WIII,18:50,10:50,19:57,7min late,20:31,41min late,1h 34m,Landed
2026-01-18,TG440,THA440,Thai Airways International,Bangkok,BKK,VTBS,19:00,11:00,19:27,27min late,22:23,8min late,3h 56m,Landed
2026-01-18,AK379,AXM379,AirAsia,Kuala Lumpur,KUL,WMKK,19:15,11:15,19:25,10min late,23:44,24min late,4h 19m,Landed
2026-01-18,MH852,MAS852,Malaysia Airlines,Kuala Lumpur,KUL,WMKK,19:15,11:15,19:26,11min late,22:30,15min late,3h 4m,Landed
2026-01-18,QG699,CTV699,Citilink,Surabaya,SUB,WARR,19:25,11:25,19:49,24min late,19:41,11min late,52m,Landed
2026-01-18,ID7310,BTK7310,Batik Air,Jakarta,HLP,WIHH,19:25,11:25,21:17,52min late,21:46,31min late,1h 28m,Landed
2026-01-18,QG689,CTV689,Citilink,Jakarta,CGK,WIII,19:30,11:30,19:39,9min late,20:28,3min late,1h 49m,Landed
2026-01-18,GA4212,GIA4212,Garuda Indonesia,Jakarta,CGK,WIII,19:30,11:30,20:48,18min late,21:14,44min late,1h 25m,Landed
2026-01-18,8B969,TNU969,Business Air,Guangzhou,CAN,ZGGG,19:45,11:45,19:50,5min late,00:55,9min early,5h 4m,Landed
2026-01-18,JT923,LNI923,Lion Air,Surabaya,SUB,WARR,19:45,11:45,20:54,9min late,20:31,46min late,37m,Landed
2026-01-18,JT271,LNI271,Lion Air,Semarang,SRG,WIIS,19:50,11:50,20:56,6min late,20:54,44min late,58m,Landed
2026-01-18,EK369,UAE369,Emirates,Dubai,DXB,OMDB,19:50,11:50,20:09,19min late,01:17,7min late,9h 8m,Landed
2026-01-18,SL259,TLM259,Thai Lion Air,Bangkok,DMK,VTBD,20:05,12:05,21:00,55min late,23:54,29min late,3h 54m,Landed
2026-01-18,TR283,TGW283,Scoot,Singapore,SIN,WSSS,20:05,12:05,20:32,27min late,22:37,3min early,2h 4m,Landed
2026-01-18,QG195,CTV195,Citilink,Jakarta,HLP,WIHH,20:10,12:10,21:40,30min late,22:37,37min late,1h 57m,Landed
2026-01-18,SQ945,SIA945,Singapore Airlines,Singapore,SIN,WSSS,20:15,12:15,20:36,21min late,22:47,8min early,2h 10m,Landed
2026-01-18,JQ34,JST034,Jetstar Airways,Melbourne,MEL,YMML,20:20,12:20,20:27,7min late,05:02,7min late,5h 35m,Landed
2026-01-18,GA718,GIA718,Garuda Indonesia,Melbourne,MEL,YMML,20:20,12:20,21:01,41min late,05:19,19min late,5h 18m,Landed
2026-01-18,ID6413,BTK6413,Batik Air,Surabaya,SUB,WARR,20:30,12:30,22:49,19min late,22:25,55min late,35m,Landed
2026-01-18,QG9697,CTV9697,Citilink,Surabaya,SUB,WARR,20:40,12:40,20:40,on time,20:32,12min early,52m,Landed
2026-01-18,GA415,GIA415,Garuda Indonesia,Jakarta,CGK,WIII,20:45,12:45,19:34,10min early,21:55,10min late,3h 21m,Landed
2026-01-18,IP105,PAS105,Pelita Air Service,Jakarta,CGK,WIII,20:50,12:50,21:16,26min late,21:40,on time,1h 24m,Landed
2026-01-18,OD177,MXD177,Malindo Air,Melbourne,MEL,YMML,20:55,12:55,21:56,1min late,06:21,41min late,5h 25m,Landed
2026-01-18,TK67,THY067,Turkish Airlines,Istanbul,IST,LTFM,21:10,13:10,21:41,31min late,05:51,11min late,13h 9m,Landed
2026-01-18,QG9667,CTV9667,Citilink,Jakarta,CGK,WIII,21:10,13:10,21:21,11min late,22:17,7min late,1h 56m,Landed
2026-01-18,OD171,MXD171,Malindo Air,Sydney,SYD,YSSY,21:10,13:10,21:52,42min late,06:31,16min late,5h 39m,Landed
2026-01-18,QZ819,AWQ819,Indonesia AirAsia,Jakarta,CGK,WIII,21:15,13:15,21:54,39min late,22:17,12min late,1h 22m,Landed
2026-01-18,JT11,LNI011,Lion Air,Jakarta,CGK,WIII,21:15,13:15,22:27,12min late,22:54,44min late,1h 27m,Landed
2026-01-18,QF44,QFA044,Qantas,Sydney,SYD,YSSY,21:20,13:20,21:10,10min early,06:04,11min early,5h 54m,Landed
2026-01-18,ID6760,BTK6760,Batik Air,Makassar,UPG,WAAA,21:30,13:30,00:25,55min late,01:24,29min late,58m,Landed
2026-01-18,GA425,GIA425,Garuda Indonesia,Jakarta,CGK,WIII,21:30,13:30,22:06,36min late,22:40,5min late,1h 34m,Landed
2026-01-18,SJ273,SJY273,Sriwijaya Air,Jakarta,CGK,WIII,21:35,13:35,22:55,20min late,23:24,9min late,1h 29m,Landed
2026-01-18,KL836,KLM836,KLM Royal Dutch Airlines,Singapore,SIN,WSSS,21:40,13:40,23:28,48min late,01:30,20min late,2h 2m,Landed
2026-01-18,SQ947,SIA947,Singapore Airlines,Singapore,SIN,WSSS,21:40,13:40,21:57,17min late,00:16,4min early,2h 18m,Landed
2026-01-18,JQ117,JST117,Jetstar Airways,Perth,PER,YPPH,21:45,13:45,21:52,7min late,01:25,10min late,3h 33m,Landed
2026-01-18,QZ546,AWQ546,Indonesia AirAsia,Perth,PER,YPPH,21:55,13:55,23:29,34min late,02:54,19min late,3h 24m,Landed
2026-01-18,AK375,AXM375,AirAsia,Kuala Lumpur,KUL,WMKK,21:55,13:55,22:08,13min late,01:03,3min late,2h 55m,Landed
2026-01-18,VA94,VOZ094,Virgin Australia,Melbourne,MEL,YMML,22:00,14:00,22:14,14min late,06:47,7min late,5h 33m,Landed
2026-01-18,QF46,QFA046,Qantas,Melbourne,MEL,YMML,22:05,14:05,21:49,16min early,06:34,15min early,5h 45m,Landed
2026-01-18,OD157,MXD157,Malindo Air,Brisbane,BNE,YBBN,22:10,14:10,21:49,20min early,06:50,50min late,7h 1m,Landed
2026-01-18,QZ811,AWQ811,Indonesia AirAsia,Jakarta,CGK,WIII,22:15,14:15,22:38,23min late,22:59,5min early,1h 21m,Landed
2026-01-18,JQ38,JST038,Jetstar Airways,Sydney,SYD,YSSY,22:20,14:20,22:25,5min late,07:15,9min early,5h 50m,Landed
2026-01-18,QG9675,CTV9675,Citilink,Jakarta,CGK,WIII,22:25,14:25,23:03,38min late,00:04,39min late,2h 1m,Landed
2026-01-18,VA66,VOZ066,Virgin Australia,Sydney,SYD,YSSY,22:30,14:30,22:55,25min late,07:51,11min late,5h 56m,Landed
2026-01-18,JT15,LNI015,Lion Air,Jakarta,CGK,WIII,22:35,14:35,,,,,1h 55m,
2026-01-18,JQ128,JST128,Jetstar Airways,Adelaide,ADL,YPAD,22:50,14:50,22:56,6min late,06:11,3min early,4h 45m,Landed
2026-01-18,7C2712,JJA2712,Jeju Air,Seoul,ICN,RKSI,23:05,15:05,22:56,9min early,06:51,18min early,6h 55m,Landed
2026-01-18,3U3986,CSC3986,Sichuan Airlines,Lujia Town,TFU,ZUTF,23:10,15:10,23:26,16min late,05:33,36min early,6h 7m,Landed
2026-01-18,8B5109,TNU5109,TransNusa,Jakarta,CGK,WIII,23:10,15:10,23:10,on time,23:50,,1h 40m,Landed
2026-01-18,VA82,VOZ082,Virgin Australia,Gold Coast,OOL,YBCG,23:20,15:20,15:49,30min early,07:18,8min late,13h 29m,Landed
2026-01-18,GA714,,Garuda Indonesia,Sydney,SYD,YSSY,23:35,15:35,,,,,6h 0m,Cancelled
2026-01-18,JQ42,JST042,Jetstar Airways,Melbourne,MEL,YMML,23:40,15:40,23:52,12min late,08:28,1min early,5h 36m,Landed
2026-01-18,QZ420,AWQ420,Indonesia AirAsia,Adelaide,ADL,YPAD,23:45,15:45,00:28,43min late,07:29,4min late,4h 31m,Landed
2026-01-18,KE432,KAL432,Korean Air Lines,Seoul,ICN,RKSI,23:50,15:50,15:35,14min early,07:41,3min early,15h 6m,Landed
2026-01-18,JQ94,JST094,Jetstar Airways,Gold Coast,OOL,YBCG,23:55,15:55,22:07,47min early,07:42,17min late,7h 35m,Landed
2026-01-19,BX602,ABL602,Air Busan,Busan,PUS,RKPK,00:05,16:05,00:44,39min late,08:00,29min early,6h 15m,Landed
2026-01-19,TW158,TWB158,T'Way Air,Cheongju,CJJ,RKTU,00:15,16:15,01:15,0min late,08:47,37min late,6h 31m,Landed
2026-01-19,EK399,UAE399,Emirates,Dubai,DXB,OMDB,00:25,16:25,00:23,1min early,05:35,9min early,9h 11m,Landed
2026-01-19,MF892,CXA892,Xiamen Airlines,Xiamen,XMN,ZSAM,00:30,16:30,00:13,17min early,05:38,26min early,5h 25m,Landed
2026-01-19,QR961,QTR961,Qatar Airways,Doha,DOH,OTHH,00:30,16:30,01:03,33min late,05:47,37min late,9h 44m,Landed
2026-01-19,CZ626,CSN626,China Southern Airlines,Guangzhou,CAN,ZGGG,00:40,16:40,00:36,3min early,05:22,27min early,4h 45m,Landed
2026-01-19,GA870,GIA870,Garuda Indonesia,Seoul,ICN,RKSI,00:50,16:50,00:48,1min early,08:34,15min early,6h 45m,Landed
2026-01-19,GA880,GIA880,Garuda Indonesia,Tokyo,NRT,RJAA,00:50,16:50,01:02,12min late,08:45,4min early,6h 43m,Landed
2026-01-19,MU5030,CES5030,China Eastern Airlines,Shanghai,PVG,ZSPD,00:55,16:55,00:47,8min early,06:45,24min early,5h 58m,Landed
2026-01-19,QZ548,AWQ548,Indonesia AirAsia,Perth,PER,YPPH,01:00,17:00,02:06,6min late,05:32,52min late,3h 26m,Landed
2026-01-19,5J282,CEB282,CEBU Pacific Air,Manila,MNL,RPLL,01:00,17:00,01:18,18min late,04:45,29min early,3h 27m,Landed
2026-01-19,SJ726,,Sriwijaya Air,Makassar,UPG,WAAA,01:00,17:00,,,,,1h 20m,
2026-01-19,PR538,PAL538,Philippine Airlines,Manila,MNL,RPLL,01:10,17:10,00:57,13min early,04:37,32min early,3h 40m,Landed
2026-01-19,KE434,KAL434,Korean Air Lines,Seoul,ICN,RKSI,01:20,17:20,01:16,4min early,08:45,34min early,6h 29m,Landed
2026-01-19,8B5888,TNU5888,Business Air,Manado,MDC,WAMM,01:30,17:30,01:52,22min late,04:02,13min early,2h 9m,Landed
2026-01-19,GA401,GIA401,Garuda Indonesia,Jakarta,CGK,WIII,06:30,22:30,06:46,16min late,07:23,6min early,1h 36m,Landed
2026-01-19,JT929,LNI929,Lion Air,Surabaya,SUB,WARR,07:00,23:00,07:28,28min late,07:05,4min late,37m,Landed
2026-01-19,JT746,LNI746,Lion Air,Makassar,UPG,WAAA,07:00,23:00,07:33,33min late,15:57,32min late,8h 23m,Landed
2026-01-19,QZ534,AWQ534,Indonesia AirAsia,Perth,PER,YPPH,07:00,23:00,07:11,11min late,11:04,14min late,3h 52m,Landed
2026-01-19,JQ82,JST082,Jetstar Airways,Darwin,DRW,YPDN,07:05,23:05,07:12,7min late,11:09,5min early,2h 27m,Landed
2026-01-19,QG690,CTV690,Citilink,Surabaya,SUB,WARR,07:05,23:05,07:19,14min late,07:03,6min early,44m,Landed
2026-01-19,QZ550,AWQ550,Indonesia AirAsia,Kuala Lumpur,KUL,WMKK,07:15,23:15,07:02,13min early,09:45,24min early,2h 43m,Landed
2026-01-19,SQ949,SIA949,Singapore Airlines,Singapore,SIN,WSSS,07:20,23:20,07:23,3min late,09:37,22min early,2h 14m,Landed
2026-01-19,8B551,TNU551,Business Air,Singapore,SIN,WSSS,07:30,23:30,07:31,1min late,09:42,13min early,2h 10m,Landed
2026-01-19,QG9691,CTV9691,Citilink,Surabaya,SUB,WARR,08:05,00:05,08:01,3min early,07:49,20min early,48m,Landed
2026-01-19,JT21,,Lion Air,Jakarta,CGK,WIII,08:05,00:05,,,,,1h 55m,
2026-01-19,IW1858,WON1858,Wings Air,Lombok,LOP,WADL,08:05,00:05,08:54,49min late,09:24,29min late,29m,Landed
2026-01-19,HX706,CRK706,Hong Kong Airlines,Hong Kong,HKG,VHHH,08:15,00:15,08:21,6min late,13:02,12min early,4h 40m,Landed
2026-01-19,GA710,GIA710,Garuda Indonesia,Melbourne,MEL,YMML,08:20,00:20,08:32,12min late,16:52,7min early,5h 20m,Landed
2026-01-19,CZ8482,CSN8482,China Southern Airlines,Guangzhou,CAN,ZGGG,08:35,00:35,16:04,29min late,13:23,31min early,,Landed
2026-01-19,5J280,CEB280,CEBU Pacific Air,Manila,MNL,RPLL,08:35,00:35,08:27,8min early,12:43,6min early,4h 16m,Landed
2026-01-19,IW1882,WON1882,Wings Air,Sumbawa Besar,SWQ,WADS,08:55,00:55,09:01,6min late,10:04,4min late,1h 2m,Landed
2026-01-19,IW3330,WON3330,Wings Air,,,,09:00,01:00,09:09,9min late,11:29,15min early,2h 19m,Landed
2026-01-19,IN6406,,Nam Air,Tambolaka,TMC,WADT,09:10,01:10,,,,,1h 0m,
2026-01-19,SJ740,,Sriwijaya Air,Waingapu,WGP,WADW,09:10,01:10,09:10,,10:30,,1h 20m,Landed
2026-01-19,IN640,LKN640,NAM Air,Tambolaka,TMC,WADT,09:10,01:10,09:27,17min late,10:13,3min late,46m,Landed
2026-01-19,8B5105,TNU5105,Business Air,Jakarta,CGK,WIII,09:15,01:15,09:10,4min early,09:39,20min early,1h 29m,Landed
2026-01-19,ID6324,BTK6324,Batik Air,Tambolaka,TMC,WADT,09:20,01:20,09:32,12min late,10:27,7min early,55m,Landed
2026-01-19,QZ504,AWQ504,Indonesia AirAsia,Singapore,SIN,WSSS,09:25,01:25,09:25,on time,11:41,24min early,2h 15m,Landed
2026-01-19,IW1848,WON1848,Wings Air,Lombok,LOP,WADL,09:25,01:25,10:12,47min late,10:42,27min late,30m,Landed
2026-01-19,ID6007,BTK6007,Batik Air,Perth,PER,YPPH,09:30,01:30,09:54,24min late,13:13,1min early,3h 19m,Landed
2026-01-19,QG500,CTV500,Citilink,Dili,DIL,WPDL,09:30,01:30,09:34,4min late,12:29,9min late,1h 55m,Landed
2026-01-19,QG663,CTV663,Citilink,Jakarta,CGK,WIII,09:35,01:35,09:37,2min late,10:35,5min late,1h 58m,Landed
2026-01-19,8B80,TNU080,Business Air,Perth,PER,YPPH,09:40,01:40,09:32,7min early,12:48,36min early,3h 15m,Landed
2026-01-19,QZ803,AWQ803,Indonesia AirAsia,Jakarta,CGK,WIII,09:40,01:40,09:49,9min late,10:11,18min early,1h 22m,Landed
2026-01-19,QR965,QTR965,Qatar Airways,Doha,DOH,OTHH,09:45,01:45,10:31,46min late,15:01,36min late,9h 30m,Landed
2026-01-19,AI2146,AIC2146,Air India,Delhi,DEL,VIDP,10:00,02:00,10:06,6min late,15:21,21min late,7h 45m,Landed
2026-01-19,IU122,SJV122,SW Italia,Yogyakarta,YIA,WAHI,10:00,02:00,10:23,23min late,10:27,2min early,1h 4m,Landed
2026-01-19,JT270,LNI270,Lion Air,Kupang,KOE,WATT,10:00,02:00,10:50,50min late,12:24,34min late,1h 33m,Landed
2026-01-19,JQ126,JST126,Jetstar Airways,Adelaide,ADL,YPAD,10:15,02:15,10:17,2min late,17:29,15min early,4h 42m,Landed
2026-01-19,SQ935,SIA935,Singapore Airlines,Singapore,SIN,WSSS,10:30,02:30,10:54,24min late,13:04,6min early,2h 9m,Landed
2026-01-19,8B5101,TNU5101,Business Air,Jakarta,CGK,WIII,10:30,02:30,10:42,12min late,11:09,5min early,1h 26m,Landed
2026-01-19,JT805,LNI805,Lion Air,Surabaya,SUB,WARR,10:35,02:35,11:14,39min late,10:49,14min late,34m,Landed
2026-01-19,8G182,DTL182,Mid Africa Aviation,Dili,DIL,WPDL,10:35,02:35,11:13,38min late,13:58,28min late,1h 44m,Landed
2026-01-19,JT33,LNI033,Lion Air,Jakarta,CGK,WIII,10:35,02:35,11:03,28min late,11:31,1min late,1h 28m,Landed
2026-01-19,QZ815,AWQ815,Indonesia AirAsia,Jakarta,CGK,WIII,10:35,02:35,10:59,24min late,11:22,7min early,1h 23m,Landed
2026-01-19,JT927,LNI927,Lion Air,Surakarta,SOC,WAHQ,10:40,02:40,11:34,54min late,11:32,32min late,58m,Landed
2026-01-19,QG197,CTV197,Citilink,Jakarta,HLP,WIHH,11:10,03:10,13:59,49min late,11:47,12min early,,Landed
2026-01-19,TR281,TGW281,Scoot,Singapore,SIN,WSSS,11:10,03:10,11:27,17min late,13:38,12min early,2h 10m,Landed
2026-01-19,JQ40,JST040,Jetstar Airways,Sydney,SYD,YSSY,11:15,03:15,11:19,4min late,20:00,14min early,5h 41m,Landed
2026-01-19,QZ780,AWQ780,Indonesia AirAsia,Balikpapan,BPN,WALL,11:20,03:20,11:45,25min late,13:03,2min early,1h 17m,Landed
2026-01-19,6E1606,IGO1606,IndiGo,Bangalore,BLR,VOBL,11:30,03:30,11:35,5min late,15:14,20min early,6h 9m,Landed
2026-01-19,JQ32,JST032,Jetstar Airways,Melbourne,MEL,YMML,11:30,03:30,12:12,42min late,20:35,25min late,5h 23m,Landed
2026-01-19,OD172,MXD172,Malindo Air,Kuala Lumpur,KUL,WMKK,11:35,03:35,12:04,29min late,14:53,8min late,2h 48m,Landed
2026-01-19,GA714,GIA714,Garuda Indonesia,Sydney,SYD,YSSY,11:40,03:40,12:30,50min late,21:05,47min late,5h 35m,Landed
2026-01-19,QZ646,AWQ646,Indonesia AirAsia,Labuan Bajo,LBJ,WATO,11:40,03:40,12:12,32min late,13:02,7min late,50m,Landed
2026-01-19,IW1964,WON1964,Wings Air,Lombok,LOP,WADL,11:40,03:40,12:47,7min late,13:17,47min late,30m,Landed
2026-01-19,IW1902,WON1902,Wings Air,Jember,JBB,WARE,11:40,03:40,12:00,20min late,11:40,19min early,39m,Landed
2026-01-19,ID6331,BTK6331,Batik Air,Labuan Bajo,LBJ,WATO,11:45,03:45,11:56,11min late,13:50,50min late,1h 53m,Landed
2026-01-19,JQ109,JST109,Jetstar Airways,Perth,PER,YPPH,11:45,03:45,12:37,52min late,15:48,13min late,3h 10m,Landed
2026-01-19,JT31,LNI031,Lion Air,Jakarta,CGK,WIII,11:55,03:55,12:30,35min late,12:57,7min late,1h 27m,Landed
2026-01-19,GA407,GIA407,Garuda Indonesia,Jakarta,CGK,WIII,11:55,03:55,12:10,15min late,12:44,10min early,1h 34m,Landed
2026-01-19,FD397,AIQ397,Thai AirAsia,Bangkok,DMK,VTBD,12:00,04:00,12:38,38min late,15:41,21min late,4h 3m,Landed
2026-01-19,SQ937,SIA937,Singapore Airlines,Singapore,SIN,WSSS,12:05,04:05,12:23,18min late,14:39,16min early,2h 15m,Landed
2026-01-19,GA253,GIA253,Garuda Indonesia,Yogyakarta,YIA,WAHI,12:05,04:05,12:45,40min late,12:52,2min early,1h 6m,Landed
2026-01-19,OD192,MXD192,Malindo Air,Kuala Lumpur,KUL,WMKK,12:10,04:10,12:35,25min late,15:18,1min early,2h 42m,Landed
2026-01-19,SJ742,,Sriwijaya Air,Tambolaka,TMC,WADT,12:10,04:10,12:10,on time,13:10,,1h 0m,Landed
2026-01-19,OD178,MXD178,Malindo Air,Kuala Lumpur,KUL,WMKK,12:15,04:15,12:33,18min late,15:10,14min early,2h 37m,Landed
2026-01-19,IP103,PAS103,Pelita Air Service,Jakarta,CGK,WIII,12:45,04:45,13:10,25min late,13:37,2min late,1h 27m,Landed
2026-01-19,OD158,MXD158,Malindo Air,Kuala Lumpur,KUL,WMKK,12:45,04:45,13:29,44min late,16:15,20min late,2h 45m,Landed
2026-01-19,SQ939,SIA939,Singapore Airlines,Singapore,SIN,WSSS,13:00,05:00,11:56,3min early,15:32,17min early,3h 36m,Landed
2026-01-19,AK365,AXM365,AirAsia,Kuala Lumpur,KUL,WMKK,13:05,05:05,13:46,41min late,16:23,13min late,2h 37m,Landed
2026-01-19,MH714,MAS714,Malaysia Airlines,Kuala Lumpur,KUL,WMKK,13:10,05:10,13:22,12min late,15:56,8min early,2h 34m,Landed
2026-01-19,JT35,,Lion Air,Jakarta,CGK,WIII,13:15,05:15,,,,,1h 55m,
2026-01-19,GA409,GIA409,Garuda Indonesia,Jakarta,CGK,WIII,13:25,05:25,13:38,13min late,14:16,8min early,1h 38m,Landed
2026-01-19,JQ58,JST058,Jetstar Airways,Brisbane,BNE,YBBN,13:30,05:30,13:35,5min late,20:55,29min early,5h 20m,Landed
2026-01-19,JT660,LNI660,Lion Air,Balikpapan,BPN,WALL,13:30,05:30,13:42,12min late,15:01,13min early,1h 19m,Landed
2026-01-19,ID6509,BTK6509,Batik Air,Jakarta,CGK,WIII,13:45,05:45,13:50,5min late,14:14,25min early,1h 24m,Landed
2026-01-19,8B5107,TNU5107,Business Air,Jakarta,CGK,WIII,13:50,05:50,14:21,31min late,14:50,15min late,1h 29m,Landed
2026-01-19,JT919,LNI919,Lion Air,Surabaya,SUB,WARR,13:55,05:55,14:38,43min late,14:17,22min late,38m,Landed
2026-01-19,QG342,CTV342,Citilink,Makassar,UPG,WAAA,14:00,06:00,13:59,on time,15:31,6min late,1h 31m,Landed
2026-01-19,6E1612,IGO1612,IndiGo,Bhubaneswar,BBI,VEBS,14:00,06:00,14:19,19min late,17:36,3min early,5h 46m,Landed
2026-01-19,QG687,CTV687,Citilink,Jakarta,CGK,WIII,14:00,06:00,14:03,3min late,14:32,22min early,1h 29m,Landed
2026-01-19,8B82,TNU082,Business Air,Perth,PER,YPPH,14:00,06:00,13:08,51min early,17:31,8min early,4h 22m,Landed
2026-01-19,QZ544,AWQ544,Indonesia AirAsia,Perth,PER,YPPH,14:00,06:00,14:44,44min late,18:08,18min late,3h 23m,Landed
2026-01-19,VJ894,VJC894,VietJet Air,Ho Chi Minh City,SGN,VVTS,14:05,06:05,14:17,12min late,16:46,18min early,3h 29m,Landed
2026-01-19,ID6517,BTK6517,Batik Air,Jakarta,CGK,WIII,14:15,06:15,14:54,39min late,15:27,17min late,1h 32m,Landed
2026-01-19,IU130,SJV130,SW Italia,Semarang,SRG,WIIS,14:15,06:15,14:38,23min late,14:29,5min early,50m,Landed
2026-01-19,ID7308,BTK7308,Batik Air,Jakarta,HLP,WIHH,14:20,06:20,15:58,38min late,16:22,12min late,1h 23m,Landed
2026-01-19,QZ506,AWQ506,Indonesia AirAsia,Singapore,SIN,WSSS,14:25,06:25,15:59,34min late,18:10,50min late,2h 11m,Landed
2026-01-19,TR289,TGW289,Scoot,Singapore,SIN,WSSS,14:35,06:35,15:45,10min late,18:06,36min late,2h 21m,Landed
2026-01-19,JT740,LNI740,Lion Air,Makassar,UPG,WAAA,14:40,06:40,16:33,53min late,17:33,28min late,1h 0m,Landed
2026-01-19,JT23,,Lion Air,Jakarta,CGK,WIII,14:45,06:45,,,,,1h 55m,
2026-01-19,OD307,MXD307,Malindo Air,Kuala Lumpur,KUL,WMKK,14:50,06:50,15:37,47min late,18:19,24min late,2h 42m,Landed
2026-01-19,JQ43,JST043,Jetstar Airways,Singapore,SIN,WSSS,14:50,06:50,14:37,13min early,17:28,26min early,2h 51m,Landed
2026-01-19,JT924,,Lion Air,Kupang,KOE,WATT,14:55,06:55,,,,,1h 50m,
2026-01-19,JQ44,JST044,Jetstar Airways,Melbourne,MEL,YMML,14:55,06:55,15:06,11min late,23:23,11min early,5h 16m,Landed
2026-01-19,IU120,SJV120,SW Italia,Yogyakarta,YIA,WAHI,15:00,07:00,15:27,27min late,15:30,on time,1h 3m,Landed
2026-01-19,JT844,LNI844,Lion Air,Banjarmasin,BDJ,WAOO,15:00,07:00,15:45,45min late,16:44,14min late,59m,Landed
2026-01-19,VA48,VOZ048,Virgin Australia,Brisbane,BNE,YBBN,15:00,07:00,15:01,on time,22:52,2min early,5h 51m,Landed
2026-01-19,QZ246,AWQ246,Indonesia AirAsia,Phuket,HKT,VTSP,15:05,07:05,16:41,36min late,19:06,26min late,3h 25m,Landed
2026-01-19,AI2148,AIC2148,Air India,Delhi,DEL,VIDP,15:10,07:10,15:25,15min late,20:22,17min late,7h 27m,Landed
2026-01-19,QG681,CTV681,Citilink,Jakarta,CGK,WIII,15:10,07:10,15:03,7min early,16:04,on time,2h 1m,Landed
2026-01-19,AK377,AXM377,AirAsia,Kuala Lumpur,KUL,WMKK,15:25,07:25,15:50,25min late,19:01,36min late,3h 11m,Landed
2026-01-19,GA411,GIA411,Garuda Indonesia,Jakarta,CGK,WIII,15:35,07:35,16:33,58min late,16:59,14min late,1h 26m,Landed
2026-01-19,VJ898,VJC898,VietJet Air,Ho Chi Minh City,SGN,VVTS,15:35,07:35,16:11,36min late,18:45,20min late,3h 33m,Landed
2026-01-19,QG669,CTV669,Citilink,Surabaya,SUB,WARR,15:40,07:40,15:52,12min late,15:46,1min late,53m,Landed
2026-01-19,IW1850,WON1850,Wings Air,Lombok,LOP,WADL,15:40,07:40,16:17,37min late,16:47,17min late,30m,Landed
2026-01-19,CI772,CAL772,China Airlines,Taipei,TPE,RCTP,15:45,07:45,15:31,14min early,20:41,23min early,5h 10m,Landed
2026-01-19,VA92,VOZ092,Virgin Australia,Melbourne,MEL,YMML,15:50,07:50,15:38,12min early,00:22,8min early,5h 44m,Landed
2026-01-19,IP109,PAS109,Pelita Air Service,Jakarta,CGK,WIII,16:00,08:00,16:23,23min late,16:53,3min late,1h 30m,Landed
2026-01-19,QZ536,AWQ536,Indonesia AirAsia,Perth,PER,YPPH,16:00,08:00,16:53,53min late,20:08,23min late,3h 15m,Landed
2026-01-19,SJ717,SJY717,Sriwijaya Air,Makassar,UPG,WAAA,16:00,08:00,15:42,17min early,05:48,28min late,14h 6m,Landed
2026-01-19,QG661,CTV661,Citilink,Jakarta,CGK,WIII,16:05,08:05,16:20,15min late,17:13,13min late,1h 53m,Landed
2026-01-19,VN640,HVN640,Vietnam Airlines,Ho Chi Minh City,SGN,VVTS,16:05,08:05,16:22,17min late,18:50,4min early,3h 27m,Landed
2026-01-19,QZ807,AWQ807,Indonesia AirAsia,Jakarta,CGK,WIII,16:10,08:10,16:41,31min late,17:05,4min early,1h 24m,Landed
2026-01-19,TG432,THA432,Thai Airways International,Bangkok,BKK,VTBS,16:10,08:10,16:25,15min late,19:14,10min early,3h 48m,Landed
2026-01-19,IU703,SJV703,SW Italia,Surabaya,SUB,WARR,16:10,08:10,17:16,6min late,17:04,54min late,47m,Landed
2026-01-19,CX784,CPA784,Cathay Pacific,Hong Kong,HKG,VHHH,16:20,08:20,16:38,18min late,21:16,8min early,4h 38m,Landed
2026-01-19,MH850,MAS850,Malaysia Airlines,Kuala Lumpur,KUL,WMKK,16:25,08:25,16:38,13min late,19:39,4min late,3h 1m,Landed
2026-01-19,IW1852,WON1852,Wings Air,Lombok,LOP,WADL,16:30,08:30,16:44,14min late,17:15,4min early,30m,Landed
2026-01-19,IU743,SJV743,SW Italia,Jakarta,CGK,WIII,16:35,08:35,17:34,59min late,17:59,29min late,1h 25m,Landed
2026-01-19,BR256,EVA256,EVA Airways,Taipei,TPE,RCTP,16:40,08:40,17:15,35min late,22:27,42min late,5h 12m,Landed
2026-01-19,JT744,LNI744,Lion Air,Makassar,UPG,WAAA,16:40,08:40,17:19,39min late,18:21,16min late,1h 2m,Landed
2026-01-19,GA349,GIA349,Garuda Indonesia,Surabaya,SUB,WARR,16:55,08:55,17:17,22min late,17:10,on time,53m,Landed
2026-01-19,ID6335,BTK6335,Batik Air,Labuan Bajo,LBJ,WATO,17:00,09:00,19:14,14min late,20:30,15min late,1h 15m,Landed
2026-01-19,JT25,,Lion Air,Jakarta,CGK,WIII,17:15,09:15,,,,,1h 55m,
2026-01-19,VJ998,VJC998,VietJet Air,Hanoi,HAN,VVNB,17:25,09:25,17:44,19min late,21:33,1min early,4h 49m,Landed
2026-01-19,GA419,GIA419,Garuda Indonesia,Jakarta,CGK,WIII,17:25,09:25,17:47,22min late,18:17,7min early,1h 30m,Landed
2026-01-19,HO1356,DKH1356,Juneyao Airlines,Shanghai,PVG,ZSPD,17:25,09:25,17:30,5min late,23:25,24min early,5h 55m,Landed
2026-01-19,TR211,TGW211,Scoot,Singapore,SIN,WSSS,17:35,09:35,18:07,32min late,20:19,26min early,2h 11m,Landed
2026-01-19,IU759,SJV759,SW Italia,Jakarta,CGK,WIII,17:40,09:40,18:29,49min late,19:09,34min late,1h 40m,Landed
2026-01-19,IP107,PAS107,Pelita Air Service,Jakarta,CGK,WIII,17:40,09:40,17:48,8min late,18:15,14min early,1h 27m,Landed
2026-01-19,OD193,MXD193,Malindo Air,Perth,PER,YPPH,18:10,10:10,19:52,42min late,23:03,18min late,3h 11m,Landed
2026-01-19,IU126,SJV126,SW Italia,Surakarta,SOC,WAHQ,18:10,10:10,18:09,on time,18:05,24min early,56m,Landed
2026-01-19,IN281,LKN281,Nam Air,Jakarta,CGK,WIII,18:30,10:30,19:11,41min late,19:37,27min late,1h 26m,Landed
2026-01-19,IP111,PAS111,Pelita Air Service,Jakarta,CGK,WIII,18:35,10:35,19:39,4min late,20:12,47min late,1h 32m,Landed
2026-01-19,GA417,GIA417,Garuda Indonesia,Jakarta,CGK,WIII,18:40,10:40,18:52,12min late,19:29,on time,1h 37m,Landed
2026-01-19,JT3027,,Lion Air,Jakarta,CGK,WIII,18:40,10:40,,,,,1h 55m,
2026-01-19,SL259,TLM259,Thai Lion Air,Bangkok,DMK,VTBD,18:40,10:40,19:19,39min late,22:18,18min late,3h 58m,Landed
2026-01-19,CX782,CPA782,Cathay Pacific,Hong Kong,HKG,VHHH,18:40,10:40,18:48,8min late,23:22,23min early,4h 34m,Landed
2026-01-19,EY477,ETD477,Etihad Airways,Abu Dhabi,AUH,OMAA,18:45,10:45,18:58,13min late,00:03,18min late,9h 5m,Landed
2026-01-19,ID6415,BTK6415,Batik Air,Surabaya,SUB,WARR,18:45,10:45,19:33,48min late,19:14,29min late,40m,Landed
2026-01-19,QZ809,AWQ809,Indonesia AirAsia,Jakarta,CGK,WIII,18:50,10:50,20:13,23min late,20:43,53min late,1h 29m,Landed
2026-01-19,6E1608,IGO1608,IndiGo,Chennai,MAA,VOMM,18:50,10:50,14:32,17min early,17:39,50min early,5h 37m,Landed
2026-01-19,QR963,QTR963,Qatar Airways,Doha,DOH,OTHH,18:50,10:50,19:10,20min late,23:58,28min late,9h 48m,Landed
2026-01-19,TG440,THA440,Thai Airways International,Bangkok,BKK,VTBS,19:00,11:00,19:28,28min late,22:32,17min late,4h 3m,Landed
2026-01-19,MH852,MAS852,Malaysia Airlines,Kuala Lumpur,KUL,WMKK,19:15,11:15,19:52,37min late,22:52,37min late,3h 0m,Landed
2026-01-19,AK379,AXM379,AirAsia,Kuala Lumpur,KUL,WMKK,19:15,11:15,19:15,on time,22:31,11min late,3h 16m,Landed
2026-01-19,QG699,CTV699,Citilink,Surabaya,SUB,WARR,19:25,11:25,20:07,42min late,20:15,45min late,1h 8m,Landed
2026-01-19,ID7310,BTK7310,Batik Air,Jakarta,HLP,WIHH,19:25,11:25,20:40,15min late,21:12,57min late,1h 32m,Landed
2026-01-19,QG689,CTV689,Citilink,Jakarta,CGK,WIII,19:30,11:30,19:30,on time,20:40,15min late,2h 10m,Landed
2026-01-19,GA4212,GIA4212,Garuda Indonesia,Jakarta,CGK,WIII,19:30,11:30,20:17,47min late,20:48,18min late,1h 31m,Landed
2026-01-19,8B969,TNU969,Business Air,Guangzhou,CAN,ZGGG,19:45,11:45,19:53,8min late,00:48,16min early,4h 55m,Landed
2026-01-19,JT923,,Lion Air,Surabaya,SUB,WARR,19:45,11:45,,,,,1h 0m,
2026-01-19,JT271,LNI271,Lion Air,Semarang,SRG,WIIS,19:50,11:50,20:06,16min late,20:03,6min early,56m,Landed
2026-01-19,EK369,UAE369,Emirates,Dubai,DXB,OMDB,19:50,11:50,19:54,4min late,00:52,17min early,8h 58m,Landed
2026-01-19,TR283,TGW283,Scoot,Singapore,SIN,WSSS,20:05,12:05,20:33,28min late,22:46,6min late,2h 12m,Landed
2026-01-19,QG195,CTV195,Citilink,Jakarta,HLP,WIHH,20:10,12:10,20:02,8min early,20:52,7min early,1h 50m,Landed
2026-01-19,SQ945,SIA945,Singapore Airlines,Singapore,SIN,WSSS,20:15,12:15,20:28,13min late,22:34,21min early,2h 5m,Landed
2026-01-19,GA718,GIA718,Garuda Indonesia,Melbourne,MEL,YMML,20:20,12:20,20:48,28min late,05:17,17min late,5h 29m,Landed
2026-01-19,JQ34,JST034,Jetstar Airways,Melbourne,MEL,YMML,20:20,12:20,20:30,10min late,05:14,19min late,5h 44m,Landed
2026-01-19,ID6413,BTK6413,Batik Air,Surabaya,SUB,WARR,20:30,12:30,20:55,25min late,20:37,7min late,41m,Landed
2026-01-19,QG9697,CTV9697,Citilink,Surabaya,SUB,WARR,20:40,12:40,20:26,14min early,20:36,8min early,1h 10m,Landed
2026-01-19,JQ107,JST107,Jetstar Airways,Perth,PER,YPPH,20:45,12:45,21:04,19min late,00:26,6min late,3h 22m,Landed
2026-01-19,GA415,GIA415,Garuda Indonesia,Jakarta,CGK,WIII,20:45,12:45,21:03,18min late,21:44,on time,1h 41m,Landed
2026-01-19,IP105,,Pelita Air Service,Jakarta,CGK,WIII,20:50,12:50,,,,,1h 50m,
2026-01-19,OD177,MXD177,Malindo Air,Melbourne,MEL,YMML,20:55,12:55,21:33,38min late,06:10,30min late,5h 37m,Landed
2026-01-19,8B5109,TNU5109,Business Air,Jakarta,CGK,WIII,21:06,13:06,21:06,on time,21:37,on time,1h 31m,Landed
2026-01-19,QG9667,CTV9667,Citilink,Jakarta,CGK,WIII,21:10,13:10,21:07,3min early,22:00,9min early,1h 53m,Landed
2026-01-19,TK67,THY067,Turkish Airlines,Istanbul,IST,LTFM,21:10,13:10,22:21,11min late,06:12,32min late,12h 50m,Landed
2026-01-19,OD171,MXD171,Malindo Air,Sydney,SYD,YSSY,21:10,13:10,21:44,34min late,06:27,12min late,5h 43m,Landed
2026-01-19,JT11,LNI011,Lion Air,Jakarta,CGK,WIII,21:15,13:15,21:37,22min late,22:11,1min late,1h 34m,Landed
2026-01-19,QZ819,AWQ819,Indonesia AirAsia,Jakarta,CGK,WIII,21:15,13:15,21:55,40min late,22:23,18min late,1h 28m,Landed
2026-01-19,QF44,QFA044,Qantas,Sydney,SYD,YSSY,21:20,13:20,03:05,45min late,11:38,23min late,5h 33m,Landed
2026-01-19,JQ60,JST060,Jetstar Airways,Brisbane,BNE,YBBN,21:30,13:30,21:35,5min late,05:17,2min early,5h 42m,Landed
2026-01-19,SJ273,SJY273,Sriwijaya Air,Jakarta,CGK,WIII,21:35,13:35,22:22,47min late,22:53,38min late,1h 30m,Landed
2026-01-19,SQ947,SIA947,Singapore Airlines,Singapore,SIN,WSSS,21:40,13:40,22:04,24min late,00:18,2min early,2h 13m,Landed
2026-01-19,GA425,GIA425,Garuda Indonesia,Jakarta,CGK,WIII,21:40,13:40,21:59,19min late,22:38,3min late,1h 39m,Landed
2026-01-19,KL836,KLM836,KLM Royal Dutch Airlines,Singapore,SIN,WSSS,21:40,13:40,21:37,2min early,23:54,15min early,2h 16m,Landed
2026-01-19,JQ117,JST117,Jetstar Airways,Perth,PER,YPPH,21:45,13:45,21:59,14min late,01:27,12min late,3h 28m,Landed
2026-01-19,AK375,AXM375,AirAsia,Kuala Lumpur,KUL,WMKK,21:55,13:55,22:30,35min late,01:23,23min late,2h 53m,Landed
2026-01-19,QZ546,AWQ546,Indonesia AirAsia,Perth,PER,YPPH,21:55,13:55,22:09,14min late,01:26,8min early,3h 17m,Landed
2026-01-19,VA94,VOZ094,Virgin Australia,Melbourne,MEL,YMML,22:00,14:00,21:55,5min early,06:43,3min late,5h 48m,Landed
2026-01-19,QF46,QFA046,Qantas,Melbourne,MEL,YMML,22:05,14:05,21:54,11min early,06:40,9min early,5h 46m,Landed
2026-01-19,SV857,SVA857,Saudi Arabian Airlines,Singapore,SIN,WSSS,22:05,14:05,22:07,2min late,00:27,17min early,2h 20m,Landed
2026-01-19,OD157,MXD157,Malindo Air,Brisbane,BNE,YBBN,22:10,14:10,22:51,41min late,06:21,21min late,5h 30m,Landed
2026-01-19,QZ811,AWQ811,Indonesia AirAsia,Jakarta,CGK,WIII,22:15,14:15,22:20,5min late,22:49,15min early,1h 29m,Landed
2026-01-19,JQ38,JST038,Jetstar Airways,Sydney,SYD,YSSY,22:20,14:20,22:26,6min late,07:20,9min early,5h 54m,Landed
2026-01-19,JQ89,JST089,Jetstar Airways,Newcastle,NTL,YWLM,22:20,14:20,22:50,30min late,07:34,19min late,5h 44m,Landed
2026-01-19,VA66,VOZ066,Virgin Australia,Sydney,SYD,YSSY,22:30,14:30,22:26,4min early,07:37,2min early,6h 11m,Landed
2026-01-19,JT15,,Lion Air,Jakarta,CGK,WIII,22:35,14:35,,,,,1h 55m,
2026-01-19,JQ128,JST128,Jetstar Airways,Adelaide,ADL,YPAD,22:50,14:50,23:11,21min late,06:34,19min late,4h 53m,Landed
2026-01-19,7C2712,JJA2712,Jeju Air,Seoul,ICN,RKSI,23:05,15:05,23:00,5min early,06:54,15min early,6h 54m,Landed
2026-01-19,JQ91,JST091,Jetstar Airways,Cairns,CNS,YBCS,23:10,15:10,23:36,26min late,06:02,17min late,4h 26m,Landed
2026-01-19,VA82,VOZ082,Virgin Australia,Gold Coast,OOL,YBCG,23:20,15:20,23:17,3min early,07:03,6min early,5h 46m,Landed
2026-01-19,JQ42,,Jetstar Airways,Melbourne,MEL,YMML,23:40,15:40,00:44,4min late,09:19,49min late,5h 35m,Landed
2026-01-19,QZ420,AWQ420,Indonesia AirAsia,Adelaide,ADL,YPAD,23:45,15:45,23:58,13min late,07:18,6min early,4h 49m,Landed
2026-01-19,KE432,KAL432,Korean Air Lines,Seoul,ICN,RKSI,23:50,15:50,00:11,21min late,07:36,8min early,6h 24m,Landed
2026-01-20,BX602,ABL602,Air Busan,Busan,PUS,RKPK,00:05,16:05,00:44,39min late,08:00,29min early,6h 15m,Landed
2026-01-20,TW158,TWB158,T'Way Air,Cheongju,CJJ,RKTU,00:15,16:15,00:54,39min late,08:25,15min late,6h 30m,Landed
2026-01-20,QZ548,AWQ548,Indonesia AirAsia,Perth,PER,YPPH,00:15,16:15,00:12,3min early,03:49,5min early,3h 37m,Landed
2026-01-20,8B84,TNU084,Business Air,Perth,PER,YPPH,00:20,16:20,00:28,8min late,03:52,12min early,3h 24m,Landed
2026-01-20,EK399,UAE399,Emirates,Dubai,DXB,OMDB,00:25,16:25,00:34,9min late,05:54,9min late,9h 19m,Landed
2026-01-20,QR961,QTR961,Qatar Airways,Doha,DOH,OTHH,00:30,16:30,00:21,9min early,05:01,8min early,9h 40m,Landed
2026-01-20,MF892,CXA892,Xiamen Airlines,Xiamen,XMN,ZSAM,00:30,16:30,09:48,18min late,15:19,14min late,5h 31m,Landed
2026-01-20,CZ626,CSN626,China Southern Airlines,Guangzhou,CAN,ZGGG,00:40,16:40,00:38,1min early,05:13,36min early,4h 35m,Landed
2026-01-20,GA880,GIA880,Garuda Indonesia,Tokyo,NRT,RJAA,00:50,16:50,01:02,12min late,08:35,14min early,6h 33m,Landed
2026-01-20,GA870,GIA870,Garuda Indonesia,Seoul,ICN,RKSI,00:50,16:50,00:48,1min early,08:34,15min early,6h 45m,Landed
2026-01-20,MU5030,CES5030,China Eastern Airlines,Shanghai,PVG,ZSPD,00:55,16:55,01:04,9min late,07:02,7min early,5h 58m,Landed
2026-01-20,QZ548,AWQ548,Indonesia AirAsia,Perth,PER,YPPH,01:00,17:00,02:06,6min late,05:32,52min late,3h 26m,Landed
2026-01-20,5J282,CEB282,CEBU Pacific Air,Manila,MNL,RPLL,01:00,17:00,01:18,18min late,04:45,29min early,3h 27m,Landed
2026-01-20,SJ726,,Sriwijaya Air,Makassar,UPG,WAAA,01:00,17:00,,,,,1h 20m,
2026-01-20,PR538,PAL538,Philippine Airlines,Manila,MNL,RPLL,01:10,17:10,00:57,13min early,04:40,29min early,3h 43m,Landed
2026-01-20,KE434,KAL434,Korean Air Lines,Seoul,ICN,RKSI,01:20,17:20,01:12,8min early,08:49,30min early,6h 37m,Landed
2026-01-20,8B5888,,TransNusa,Manado,MDC,WAMM,01:30,17:30,,,,,2h 45m,
2026-01-20,GA401,GIA401,Garuda Indonesia,Jakarta,CGK,WIII,07:00,23:00,07:22,22min late,08:08,8min late,1h 45m,Landed
2026-01-20,JT746,LNI746,Lion Air,Makassar,UPG,WAAA,07:00,23:00,07:05,5min late,08:09,15min early,1h 4m,Landed
2026-01-20,QZ534,AWQ534,Indonesia AirAsia,Perth,PER,YPPH,07:00,23:00,07:13,13min late,10:49,on time,3h 36m,Landed
2026-01-20,IU705,SJV705,SW Italia,Surabaya,SUB,WARR,07:00,23:00,07:20,20min late,06:57,3min early,37m,Landed
2026-01-20,QZ813,AWQ813,Indonesia AirAsia,Jakarta,CGK,WIII,07:00,23:00,07:16,16min late,07:45,4min early,1h 28m,Landed
2026-01-20,QG690,CTV690,Citilink,Surabaya,SUB,WARR,07:05,23:05,07:30,25min late,07:11,1min late,41m,Landed
2026-01-20,QZ550,AWQ550,Indonesia AirAsia,Kuala Lumpur,KUL,WMKK,07:15,23:15,07:11,3min early,18:06,56min late,10h 55m,Landed
2026-01-20,SQ949,SIA949,Singapore Airlines,Singapore,SIN,WSSS,07:20,23:20,07:25,5min late,09:34,25min early,2h 9m,Landed
2026-01-20,8B551,,Business Air,Singapore,SIN,WSSS,07:30,23:30,,,,,2h 25m,Cancelled
2026-01-20,JT21,,Lion Air,Jakarta,CGK,WIII,08:05,00:05,08:05,,11:46,46min late,4h 41m,Landed
2026-01-20,IW1858,WON1858,Wings Air,Lombok,LOP,WADL,08:05,00:05,09:07,2min late,09:37,42min late,30m,Landed
2026-01-20,HX706,CRK706,Hong Kong Airlines,Hong Kong,HKG,VHHH,08:15,00:15,08:21,6min late,13:06,8min early,4h 45m,Landed
2026-01-20,CZ8482,CSN8482,China Southern Airlines,Guangzhou,CAN,ZGGG,08:35,00:35,08:51,16min late,18:27,32min late,9h 36m,Landed
2026-01-20,5J280,CEB280,CEBU Pacific Air,Manila,MNL,RPLL,08:35,00:35,09:03,28min late,12:47,2min early,3h 43m,Landed
2026-01-20,IW1854,,Wings Air,Lombok,LOP,WADL,08:45,00:45,17:53,8min late,09:35,,50m,Landed
2026-01-20,IW1882,WON1882,Wings Air,Sumbawa Besar,SWQ,WADS,08:55,00:55,09:33,38min late,10:19,19min late,45m,Landed
2026-01-20,IN640,LKN640,NAM Air,Tambolaka,TMC,WADT,09:10,01:10,09:14,4min late,09:57,12min early,43m,Landed
2026-01-20,8B5105,TNU5105,Business Air,Jakarta,CGK,WIII,09:15,01:15,09:11,4min early,09:37,22min early,1h 26m,Landed
2026-01-20,ID6324,BTK6324,Batik Air,Tambolaka,TMC,WADT,09:20,01:20,09:21,on time,10:13,21min early,52m,Landed
2026-01-20,IW1848,WON1848,Wings Air,Lombok,LOP,WADL,09:25,01:25,09:46,21min late,10:15,on time,28m,Landed
2026-01-20,QZ504,AWQ504,Indonesia AirAsia,Singapore,SIN,WSSS,09:25,01:25,09:31,6min late,11:49,15min early,2h 17m,Landed
2026-01-20,QG500,CTV500,Citilink,Dili,DIL,WPDL,09:30,01:30,09:53,23min late,12:57,37min late,2h 3m,Landed
2026-01-20,ID6007,BTK6007,Batik Air,Perth,PER,YPPH,09:30,01:30,09:39,9min late,13:12,2min early,3h 33m,Landed
2026-01-20,QG663,CTV663,Citilink,Jakarta,CGK,WIII,09:35,01:35,09:50,15min late,10:48,18min late,1h 58m,Landed
2026-01-20,QZ803,AWQ803,Indonesia AirAsia,Jakarta,CGK,WIII,09:40,01:40,09:42,2min late,10:07,22min early,1h 25m,Landed
2026-01-20,8B80,TNU080,Business Air,Perth,PER,YPPH,09:40,01:40,09:52,12min late,13:22,2min early,3h 30m,Landed
2026-01-20,QR965,QTR965,Qatar Airways,Doha,DOH,OTHH,09:45,01:45,10:04,19min late,14:44,19min late,9h 39m,Landed
2026-01-20,AI2146,AIC2146,Air India,Delhi,DEL,VIDP,10:00,02:00,10:01,1min late,14:53,6min early,7h 21m,Landed
2026-01-20,IU122,SJV122,SW Italia,Yogyakarta,YIA,WAHI,10:00,02:00,10:15,15min late,10:17,12min early,1h 1m,Landed
2026-01-20,JT270,LNI270,Lion Air,Kupang,KOE,WATT,10:00,02:00,10:19,19min late,11:47,2min early,1h 28m,Landed
2026-01-20,JQ111,JST111,Jetstar Airways,Perth,PER,YPPH,10:20,02:20,10:18,2min early,13:55,14min early,3h 37m,Landed
2026-01-20,SQ935,SIA935,Singapore Airlines,Singapore,SIN,WSSS,10:30,02:30,10:33,3min late,12:41,29min early,2h 8m,Landed
2026-01-20,JT805,LNI805,Lion Air,Surabaya,SUB,WARR,10:35,02:35,10:46,11min late,10:21,13min early,35m,Landed
2026-01-20,8G182,DTL182,Mid Africa Aviation,Dili,DIL,WPDL,10:35,02:35,10:37,2min late,13:20,9min early,1h 43m,Landed
2026-01-20,JT33,LNI033,Lion Air,Jakarta,CGK,WIII,10:35,02:35,11:08,33min late,11:36,6min late,1h 28m,Landed
2026-01-20,IW1856,WON1856,Wings Air,Lombok,LOP,WADL,11:10,03:10,11:15,5min late,11:47,12min early,31m,Landed
2026-01-20,TR281,TGW281,Scoot,Singapore,SIN,WSSS,11:10,03:10,11:38,28min late,13:49,on time,2h 10m,Landed
2026-01-20,QG197,CTV197,Citilink,Jakarta,HLP,WIHH,11:10,03:10,11:01,9min early,11:48,11min early,1h 47m,Landed
2026-01-20,JQ40,JST040,Jetstar Airways,Sydney,SYD,YSSY,11:15,03:15,11:10,5min early,20:02,12min early,5h 52m,Landed
2026-01-20,QZ780,AWQ780,Indonesia AirAsia,Balikpapan,BPN,WALL,11:20,03:20,13:07,47min late,15:33,28min late,2h 25m,Landed
2026-01-20,6E1606,IGO1606,IndiGo,Bangalore,BLR,VOBL,11:30,03:30,09:55,34min early,14:58,36min early,7h 33m,Landed
2026-01-20,JQ32,JST032,Jetstar Airways,Melbourne,MEL,YMML,11:30,03:30,12:07,37min late,20:41,31min late,5h 33m,Landed
2026-01-20,OD172,MXD172,Malindo Air,Kuala Lumpur,KUL,WMKK,11:35,03:35,11:59,24min late,14:41,3min early,2h 41m,Landed
2026-01-20,IW1964,WON1964,Wings Air,Lombok,LOP,WADL,11:40,03:40,11:47,7min late,12:16,13min early,29m,Landed
2026-01-20,QZ646,AWQ646,Indonesia AirAsia,Labuan Bajo,LBJ,WATO,11:40,03:40,11:54,14min late,13:30,35min late,1h 35m,Landed
2026-01-20,ID6331,BTK6331,Batik Air,Labuan Bajo,LBJ,WATO,11:45,03:45,11:58,13min late,13:36,36min late,1h 38m,Landed
2026-01-20,JQ109,JST109,Jetstar Airways,Perth,PER,YPPH,11:45,03:45,12:17,32min late,15:34,on time,3h 17m,Landed
2026-01-20,IW1850,WON1850,Wings Air,Lombok,LOP,WADL,11:50,03:50,12:18,28min late,12:48,8min late,30m,Landed
2026-01-20,GA407,GIA407,Garuda Indonesia,Jakarta,CGK,WIII,11:55,03:55,12:06,11min late,12:55,on time,1h 49m,Landed
2026-01-20,JT31,LNI031,Lion Air,Jakarta,CGK,WIII,11:55,03:55,12:32,37min late,12:55,5min late,1h 23m,Landed
2026-01-20,QZ540,AWQ540,Indonesia AirAsia,Darwin,DRW,YPDN,12:00,04:00,12:04,4min late,16:05,9min early,2h 31m,Landed
2026-01-20,FD397,AIQ397,Thai AirAsia,Bangkok,DMK,VTBD,12:00,04:00,12:21,21min late,15:19,on time,3h 58m,Landed
2026-01-20,SQ937,SIA937,Singapore Airlines,Singapore,SIN,WSSS,12:05,04:05,12:22,17min late,14:41,13min early,2h 18m,Landed
2026-01-20,GA253,GIA253,Garuda Indonesia,Yogyakarta,YIA,WAHI,12:05,04:05,12:36,31min late,12:44,10min early,1h 7m,Landed
2026-01-20,OD192,MXD192,Malindo Air,Kuala Lumpur,KUL,WMKK,12:10,04:10,14:26,16min late,17:07,47min late,2h 41m,Landed
2026-01-20,OD178,MXD178,Malindo Air,Kuala Lumpur,KUL,WMKK,12:15,04:15,12:29,14min late,15:13,11min early,2h 43m,Landed
2026-01-20,OD158,MXD158,Malindo Air,Kuala Lumpur,KUL,WMKK,12:45,04:45,12:41,3min early,15:31,23min early,2h 50m,Landed
2026-01-20,IP103,PAS103,Pelita Air Service,Jakarta,CGK,WIII,12:45,04:45,12:49,4min late,13:21,13min early,1h 32m,Landed
2026-01-20,JT740,LNI740,Lion Air,Makassar,UPG,WAAA,12:55,04:55,12:25,29min early,13:27,52min early,1h 2m,Landed
2026-01-20,SQ939,SIA939,Singapore Airlines,Singapore,SIN,WSSS,13:00,05:00,14:16,16min late,16:24,34min late,2h 7m,Landed
2026-01-20,AK365,AXM365,AirAsia,Kuala Lumpur,KUL,WMKK,13:05,05:05,13:11,6min late,18:03,53min late,4h 52m,Landed
2026-01-20,MH714,MAS714,Malaysia Airlines,Kuala Lumpur,KUL,WMKK,13:10,05:10,14:08,58min late,16:41,36min late,2h 33m,Landed
2026-01-20,JT35,,Lion Air,Jakarta,CGK,WIII,13:15,05:15,,,,,1h 55m,
2026-01-20,GA409,GIA409,Garuda Indonesia,Jakarta,CGK,WIII,13:25,05:25,13:45,20min late,14:23,1min early,1h 38m,Landed
2026-01-20,JT660,LNI660,Lion Air,Balikpapan,BPN,WALL,13:30,05:30,13:47,17min late,15:06,8min early,1h 19m,Landed
2026-01-20,JQ58,JST058,Jetstar Airways,Brisbane,BNE,YBBN,13:30,05:30,13:37,7min late,20:52,32min early,5h 14m,Landed
2026-01-20,ID6509,BTK6509,Batik Air,Jakarta,CGK,WIII,13:45,05:45,14:01,16min late,14:27,12min early,1h 26m,Landed
2026-01-20,8B5101,TNU5101,TransNusa,Jakarta,CGK,WIII,13:49,05:49,13:49,on time,14:16,on time,1h 26m,Landed
2026-01-20,8B5107,TNU5107,Business Air,Jakarta,CGK,WIII,13:50,05:50,13:57,7min late,14:23,11min early,1h 26m,Landed
2026-01-20,JT919,LNI919,Lion Air,Surabaya,SUB,WARR,13:55,05:55,14:23,28min late,13:58,3min late,34m,Landed
2026-01-20,8B82,TNU082,Business Air,Perth,PER,YPPH,14:00,06:00,14:12,12min late,17:44,4min late,3h 31m,Landed
2026-01-20,6E1612,IGO1612,IndiGo,Bhubaneswar,BBI,VEBS,14:00,06:00,16:51,51min late,20:13,33min late,5h 52m,Landed
2026-01-20,QZ544,AWQ544,Indonesia AirAsia,Perth,PER,YPPH,14:00,06:00,14:39,39min late,18:06,16min late,3h 27m,Landed
2026-01-20,QG342,CTV342,Citilink,Makassar,UPG,WAAA,14:00,06:00,14:09,9min late,15:34,9min late,1h 24m,Landed
2026-01-20,QG687,CTV687,Citilink,Jakarta,CGK,WIII,14:00,06:00,14:10,10min late,14:41,13min early,1h 30m,Landed
2026-01-20,VJ894,VJC894,VietJet Air,Ho Chi Minh City,SGN,VVTS,14:05,06:05,14:14,9min late,16:33,31min early,3h 19m,Landed
2026-01-20,IU130,,SW Italia,Semarang,SRG,WIIS,14:15,06:15,,,,,1h 20m,
2026-01-20,ID6517,BTK6517,Batik Air,Jakarta,CGK,WIII,14:15,06:15,14:51,36min late,15:16,6min late,1h 24m,Landed
2026-01-20,ID7308,BTK7308,Batik Air,Jakarta,HLP,WIHH,14:20,06:20,16:59,39min late,17:50,40min late,1h 50m,Landed
2026-01-20,QZ246,AWQ246,Indonesia AirAsia,Phuket,HKT,VTSP,14:25,06:25,15:52,27min late,18:15,0min late,3h 23m,Landed
2026-01-20,TR289,TGW289,Scoot,Singapore,SIN,WSSS,14:35,06:35,15:30,55min late,17:57,27min late,2h 27m,Landed
2026-01-20,JT23,,Lion Air,Jakarta,CGK,WIII,14:45,06:45,,,,,1h 55m,
2026-01-20,JQ43,JST043,Jetstar Airways,Singapore,SIN,WSSS,14:50,06:50,14:48,2min early,17:46,8min early,2h 58m,Landed
2026-01-20,OD307,MXD307,Malindo Air,Kuala Lumpur,KUL,WMKK,14:50,06:50,15:10,20min late,17:50,4min early,2h 40m,Landed
2026-01-20,JQ44,JST044,Jetstar Airways,Melbourne,MEL,YMML,14:55,06:55,13:07,47min early,23:26,8min early,7h 18m,Landed
2026-01-20,JT844,LNI844,Lion Air,Banjarmasin,BDJ,WAOO,15:00,07:00,15:19,19min late,16:24,5min early,1h 5m,Landed
2026-01-20,IU120,SJV120,SW Italia,Yogyakarta,YIA,WAHI,15:00,07:00,16:14,14min late,16:19,49min late,1h 5m,Landed
2026-01-20,VA48,VOZ048,Virgin Australia,Brisbane,BNE,YBBN,15:00,07:00,14:56,4min early,22:47,7min early,5h 51m,Landed
2026-01-20,QG681,CTV681,Citilink,Jakarta,CGK,WIII,15:10,07:10,15:06,4min early,15:53,11min early,1h 47m,Landed
2026-01-20,AK377,AXM377,AirAsia,Kuala Lumpur,KUL,WMKK,15:25,07:25,16:14,49min late,19:11,46min late,2h 57m,Landed
2026-01-20,VJ898,VJC898,VietJet Air,Ho Chi Minh City,SGN,VVTS,15:35,07:35,15:35,on time,18:22,2min early,3h 47m,Landed
2026-01-20,QG669,CTV669,Citilink,Surabaya,SUB,WARR,15:40,07:40,15:57,17min late,15:48,3min late,50m,Landed
2026-01-20,GA411,GIA411,Garuda Indonesia,Jakarta,CGK,WIII,15:40,07:40,16:16,36min late,16:46,1min late,1h 30m,Landed
2026-01-20,CI772,CAL772,China Airlines,Taipei,TPE,RCTP,15:45,07:45,15:33,12min early,20:46,18min early,5h 13m,Landed
2026-01-20,VA92,VOZ092,Virgin Australia,Melbourne,MEL,YMML,15:50,07:50,15:43,7min early,00:30,on time,5h 47m,Landed
2026-01-20,QZ536,AWQ536,Indonesia AirAsia,Perth,PER,YPPH,16:00,08:00,16:50,50min late,20:32,47min late,3h 42m,Landed
2026-01-20,IP109,PAS109,Pelita Air Service,Jakarta,CGK,WIII,16:00,08:00,16:09,9min late,16:40,9min early,1h 31m,Landed
2026-01-20,QG661,,Citilink,Jakarta,CGK,WIII,16:05,08:05,16:05,,17:09,9min late,2h 4m,Landed
2026-01-20,VN640,HVN640,Vietnam Airlines,Ho Chi Minh City,SGN,VVTS,16:05,08:05,16:11,6min late,18:48,6min early,3h 37m,Landed
2026-01-20,TG432,THA432,Thai Airways International,Bangkok,BKK,VTBS,16:10,08:10,16:12,2min late,18:54,30min early,3h 42m,Landed
2026-01-20,IU703,SJV703,SW Italia,Surabaya,SUB,WARR,16:10,08:10,19:11,1min late,18:55,45min late,44m,Landed
2026-01-20,QZ807,AWQ807,Indonesia AirAsia,Jakarta,CGK,WIII,16:10,08:10,16:45,35min late,17:10,on time,1h 25m,Landed
2026-01-20,QZ556,AWQ556,Indonesia AirAsia,Kuala Lumpur,KUL,WMKK,16:15,08:15,16:24,9min late,18:50,19min early,2h 26m,Landed
2026-01-20,CX784,CPA784,Cathay Pacific,Hong Kong,HKG,VHHH,16:20,08:20,16:14,6min early,20:46,38min early,4h 32m,Landed
2026-01-20,MH850,MAS850,Malaysia Airlines,Kuala Lumpur,KUL,WMKK,16:25,08:25,16:25,on time,19:13,21min early,2h 48m,Landed
2026-01-20,IW1852,WON1852,Wings Air,Lombok,LOP,WADL,16:30,08:30,16:42,12min late,17:14,5min early,32m,Landed
2026-01-20,IU743,SJV743,SW Italia,Jakarta,CGK,WIII,16:35,08:35,18:08,33min late,18:42,12min late,1h 33m,Landed
2026-01-20,BR256,EVA256,EVA Airways,Taipei,TPE,RCTP,16:40,08:40,16:40,on time,21:57,12min late,5h 17m,Landed
2026-01-20,JT744,,Lion Air,Makassar,UPG,WAAA,16:40,08:40,,,,,1h 25m,
2026-01-20,GA349,GIA349,Garuda Indonesia,Surabaya,SUB,WARR,16:55,08:55,17:16,21min late,17:08,1min early,52m,Landed
2026-01-20,ID6335,BTK6335,Batik Air,Labuan Bajo,LBJ,WATO,17:00,09:00,17:29,29min late,18:22,7min late,52m,Landed
2026-01-20,JT25,,Lion Air,Jakarta,CGK,WIII,17:15,09:15,19:55,40min late,20:26,16min late,1h 31m,Landed
2026-01-20,HO1356,DKH1356,Juneyao Airlines,Shanghai,PVG,ZSPD,17:25,09:25,17:24,on time,23:15,34min early,5h 50m,Landed
2026-01-20,VJ998,VJC998,VietJet Air,Hanoi,HAN,VVNB,17:25,09:25,17:41,16min late,21:29,5min early,4h 48m,Landed
2026-01-20,GA419,GIA419,Garuda Indonesia,Jakarta,CGK,WIII,17:25,09:25,17:44,19min late,18:24,on time,1h 40m,Landed
2026-01-20,TR211,TGW211,Scoot,Singapore,SIN,WSSS,17:35,09:35,18:00,25min late,20:14,31min early,2h 14m,Landed
2026-01-20,IP107,PAS107,Pelita Air Service,Jakarta,CGK,WIII,17:40,09:40,17:51,11min late,18:20,9min early,1h 29m,Landed
2026-01-20,IU759,,SW Italia,Jakarta,CGK,WIII,17:40,09:40,,,,,1h 55m,
2026-01-20,OD193,MXD193,Malindo Air,Perth,PER,YPPH,18:10,10:10,18:31,21min late,21:51,6min late,3h 19m,Landed
2026-01-20,IU126,SJV126,SW Italia,Surakarta,SOC,WAHQ,18:10,10:10,18:24,14min late,18:29,on time,1h 4m,Landed
2026-01-20,IN283,,NAM Air,Jakarta,CGK,WIII,18:30,10:30,,,,,1h 40m,
2026-01-20,GA417,GIA417,Garuda Indonesia,Jakarta,CGK,WIII,18:30,10:30,18:37,7min late,19:12,17min early,1h 35m,Landed
2026-01-20,IN281,LKN281,Nam Air,Jakarta,CGK,WIII,18:30,10:30,18:45,15min late,19:18,8min late,1h 33m,Landed
2026-01-20,IP111,PAS111,Pelita Air Service,Jakarta,CGK,WIII,18:35,10:35,18:42,7min late,19:12,12min early,1h 30m,Landed
2026-01-20,JT3027,,Lion Air,Jakarta,CGK,WIII,18:40,10:40,,,,,1h 55m,
2026-01-20,SL259,TLM259,Thai Lion Air,Bangkok,DMK,VTBD,18:40,10:40,19:19,39min late,22:13,13min late,3h 53m,Landed
2026-01-20,CX782,CPA782,Cathay Pacific,Hong Kong,HKG,VHHH,18:40,10:40,20:30,50min late,00:43,58min late,4h 12m,Landed
2026-01-20,EY477,ETD477,Etihad Airways,Abu Dhabi,AUH,OMAA,18:45,10:45,18:49,4min late,23:52,7min late,9h 3m,Landed
2026-01-20,ID6415,BTK6415,Batik Air,Surabaya,SUB,WARR,18:45,10:45,19:00,15min late,18:43,1min early,42m,Landed
2026-01-20,6E1608,IGO1608,IndiGo,Chennai,MAA,VOMM,18:50,10:50,19:13,23min late,00:11,41min late,7h 28m,Landed
2026-01-20,QZ809,AWQ809,Indonesia AirAsia,Jakarta,CGK,WIII,18:50,10:50,19:37,47min late,20:05,15min late,1h 28m,Landed
2026-01-20,QR963,QTR963,Qatar Airways,Doha,DOH,OTHH,18:50,10:50,18:47,2min early,23:48,18min late,10h 1m,Landed
2026-01-20,TG440,THA440,Thai Airways International,Bangkok,BKK,VTBS,19:00,11:00,19:09,9min late,22:03,11min early,3h 54m,Landed
2026-01-20,AK379,AXM379,AirAsia,Kuala Lumpur,KUL,WMKK,19:15,11:15,19:37,22min late,22:27,7min late,2h 50m,Landed
2026-01-20,MH852,MAS852,Malaysia Airlines,Kuala Lumpur,KUL,WMKK,19:15,11:15,19:35,20min late,22:27,12min late,2h 52m,Landed
2026-01-20,QG699,CTV699,Citilink,Surabaya,SUB,WARR,19:25,11:25,19:25,on time,19:14,15min early,49m,Landed
2026-01-20,ID7310,BTK7310,Batik Air,Jakarta,HLP,WIHH,19:25,11:25,19:28,3min late,19:52,22min early,1h 24m,Landed
2026-01-20,QG689,CTV689,Citilink,Jakarta,CGK,WIII,19:30,11:30,19:29,on time,20:31,6min late,2h 2m,Landed
2026-01-20,8B969,TNU969,Business Air,Guangzhou,CAN,ZGGG,19:45,11:45,19:49,4min late,00:58,6min early,5h 9m,Landed
2026-01-20,JT923,,Lion Air,Surabaya,SUB,WARR,19:45,11:45,,,,,1h 0m,
2026-01-20,EK369,UAE369,Emirates,Dubai,DXB,OMDB,19:50,11:50,19:59,9min late,01:04,5min early,9h 5m,Landed
2026-01-20,JT271,LNI271,Lion Air,Semarang,SRG,WIIS,19:50,11:50,20:02,12min late,20:01,8min early,59m,Landed
2026-01-20,TR283,TGW283,Scoot,Singapore,SIN,WSSS,20:05,12:05,20:08,3min late,22:15,25min early,2h 7m,Landed
2026-01-20,QG195,CTV195,Citilink,Jakarta,HLP,WIHH,20:10,12:10,20:10,on time,21:15,15min late,2h 5m,Landed
2026-01-20,SQ945,SIA945,Singapore Airlines,Singapore,SIN,WSSS,20:15,12:15,18:56,18min early,22:29,25min early,3h 32m,Landed
2026-01-20,JQ34,JST034,Jetstar Airways,Melbourne,MEL,YMML,20:20,12:20,20:17,3min early,05:03,8min late,5h 46m,Landed
2026-01-20,GA718,GIA718,Garuda Indonesia,Melbourne,MEL,YMML,20:20,12:20,20:45,25min late,05:17,17min late,5h 32m,Landed
2026-01-20,ID6413,BTK6413,Batik Air,Surabaya,SUB,WARR,20:30,12:30,20:41,11min late,20:19,10min early,37m,Landed
2026-01-20,QG9697,,Citilink,Surabaya,SUB,WARR,20:40,12:40,23:51,11min late,23:31,46min late,40m,Landed
2026-01-20,GA415,GIA415,Garuda Indonesia,Jakarta,CGK,WIII,20:45,12:45,20:59,14min late,21:36,8min early,1h 37m,Landed
2026-01-20,IP105,PAS105,Pelita Air Service,Jakarta,CGK,WIII,20:50,12:50,20:51,on time,21:19,20min early,1h 28m,Landed
2026-01-20,OD177,MXD177,Malindo Air,Melbourne,MEL,YMML,20:55,12:55,21:39,44min late,06:08,28min late,5h 29m,Landed
2026-01-20,QG9667,,Citilink,Jakarta,CGK,WIII,21:10,13:10,00:13,3min late,00:41,31min late,1h 28m,Landed
2026-01-20,TK67,THY067,Turkish Airlines,Istanbul,IST,LTFM,21:10,13:10,21:13,3min late,05:23,16min early,13h 9m,Landed
2026-01-20,OD171,MXD171,Malindo Air,Sydney,SYD,YSSY,21:10,13:10,22:34,24min late,07:21,6min late,5h 47m,Landed
2026-01-20,QZ819,AWQ819,Indonesia AirAsia,Jakarta,CGK,WIII,21:15,13:15,23:02,47min late,23:33,28min late,1h 31m,Landed
2026-01-20,JT11,LNI011,Lion Air,Jakarta,CGK,WIII,21:15,13:15,21:27,12min late,21:56,13min early,1h 29m,Landed
2026-01-20,QF44,QFA044,Qantas,Sydney,SYD,YSSY,21:20,13:20,21:09,11min early,06:10,4min early,6h 1m,Landed
2026-01-20,JQ60,JST060,Jetstar Airways,Brisbane,BNE,YBBN,21:30,13:30,21:38,8min late,05:09,10min early,5h 31m,Landed
2026-01-20,GA425,GIA425,Garuda Indonesia,Jakarta,CGK,WIII,21:30,13:30,21:46,16min late,22:19,15min early,1h 33m,Landed
2026-01-20,SJ273,SJY273,Sriwijaya Air,Jakarta,CGK,WIII,21:35,13:35,23:18,43min late,23:47,32min late,1h 29m,Landed
2026-01-20,SQ947,SIA947,Singapore Airlines,Singapore,SIN,WSSS,21:40,13:40,22:08,28min late,00:22,2min late,2h 14m,Landed
2026-01-20,KL836,KLM836,KLM Royal Dutch Airlines,Singapore,SIN,WSSS,21:40,13:40,21:28,12min early,23:46,23min early,2h 18m,Landed
2026-01-20,JQ117,JST117,Jetstar Airways,Perth,PER,YPPH,21:45,13:45,21:55,10min late,01:45,30min late,3h 50m,Landed
2026-01-20,QZ546,AWQ546,Indonesia AirAsia,Perth,PER,YPPH,21:55,13:55,21:57,2min late,01:26,8min early,3h 28m,Landed
2026-01-20,AK375,AXM375,AirAsia,Kuala Lumpur,KUL,WMKK,21:55,13:55,22:43,48min late,01:33,33min late,2h 50m,Landed
2026-01-20,TK311,THY311,Turkish Airlines,Istanbul,IST,LTFM,22:00,14:00,21:52,7min early,05:45,39min early,12h 52m,Landed
2026-01-20,VA94,VOZ094,Virgin Australia,Melbourne,MEL,YMML,22:00,14:00,21:48,12min early,06:31,8min early,5h 43m,Landed
2026-01-20,OD157,MXD157,Malindo Air,Brisbane,BNE,YBBN,22:10,14:10,23:45,35min late,07:13,13min late,5h 28m,Landed
2026-01-20,QZ811,AWQ811,Indonesia AirAsia,Jakarta,CGK,WIII,22:15,14:15,22:47,32min late,23:09,4min late,1h 22m,Landed
2026-01-20,JQ38,JST038,Jetstar Airways,Sydney,SYD,YSSY,22:20,14:20,22:54,34min late,07:52,22min late,5h 57m,Landed
2026-01-20,VA66,VOZ066,Virgin Australia,Sydney,SYD,YSSY,22:30,14:30,22:31,on time,07:44,4min late,6h 13m,Landed
2026-01-20,JT15,,Lion Air,Jakarta,CGK,WIII,22:35,14:35,,,,,1h 55m,
2026-01-20,JQ128,JST128,Jetstar Airways,Adelaide,ADL,YPAD,22:50,14:50,22:43,7min early,06:11,3min early,4h 58m,Landed
2026-01-20,7C2712,JJA2712,Jeju Air,Seoul,ICN,RKSI,23:05,15:05,23:14,9min late,07:16,6min late,7h 2m,Landed
2026-01-20,3U3986,CSC3986,Sichuan Airlines,Lujia Town,TFU,ZUTF,23:10,15:10,23:12,2min late,05:27,42min early,6h 15m,Landed
2026-01-20,8B5109,TNU5109,TransNusa,Jakarta,CGK,WIII,23:10,15:10,00:20,10min late,00:42,52min late,1h 21m,Landed
2026-01-20,VA82,VOZ082,Virgin Australia,Gold Coast,OOL,YBCG,23:20,15:20,23:35,15min late,07:14,4min late,5h 39m,Landed
2026-01-20,GA714,GIA714,Garuda Indonesia,Sydney,SYD,YSSY,23:35,15:35,16:07,27min early,08:46,11min late,13h 38m,Landed
2026-01-20,JQ42,JST042,Jetstar Airways,Melbourne,MEL,YMML,23:40,15:40,23:58,18min late,08:28,1min early,5h 30m,Landed
2026-01-20,KE432,KAL432,Korean Air Lines,Seoul,ICN,RKSI,23:50,15:50,23:48,2min early,07:33,11min early,6h 45m,Landed
2026-01-21,BX602,ABL602,Air Busan,Busan,PUS,RKPK,00:05,16:05,01:27,22min late,08:34,4min late,6h 7m,Landed
2026-01-21,QZ548,AWQ548,Indonesia AirAsia,Perth,PER,YPPH,00:15,16:15,00:12,3min early,03:49,5min early,3h 37m,Landed
2026-01-21,TW158,TWB158,T'Way Air,Cheongju,CJJ,RKTU,00:15,16:15,00:54,39min late,08:25,15min late,6h 30m,Landed
2026-01-21,8B84,TNU084,Business Air,Perth,PER,YPPH,00:20,16:20,00:42,22min late,04:04,on time,3h 21m,Landed
2026-01-21,EK399,UAE399,Emirates,Dubai,DXB,OMDB,00:25,16:25,00:20,5min early,05:39,5min early,9h 19m,Landed
2026-01-21,QR961,QTR961,Qatar Airways,Doha,DOH,OTHH,00:30,16:30,00:37,7min late,05:29,19min late,9h 52m,Landed
2026-01-21,MF892,CXA892,Xiamen Airlines,Xiamen,XMN,ZSAM,00:30,16:30,00:42,12min late,06:04,on time,5h 22m,Landed
2026-01-21,CZ626,CSN626,China Southern Airlines,Guangzhou,CAN,ZGGG,00:40,16:40,01:02,22min late,05:43,6min early,4h 41m,Landed
2026-01-21,GA880,GIA880,Garuda Indonesia,Tokyo,NRT,RJAA,00:50,16:50,01:12,22min late,08:43,6min early,6h 31m,Landed
2026-01-21,MU5030,CES5030,China Eastern Airlines,Shanghai,PVG,ZSPD,00:55,16:55,01:17,22min late,07:13,3min late,5h 56m,Landed
2026-01-21,QZ548,AWQ548,Indonesia AirAsia,Perth,PER,YPPH,01:00,17:00,02:12,12min late,05:36,56min late,3h 24m,Landed
2026-01-21,PR538,PAL538,Philippine Airlines,Manila,MNL,RPLL,01:10,17:10,00:57,13min early,04:40,29min early,3h 43m,Landed
2026-01-21,KE434,KAL434,Korean Air Lines,Seoul,ICN,RKSI,01:20,17:20,01:12,8min early,08:49,30min early,6h 37m,Landed
2026-01-21,8B5888,,TransNusa,Manado,MDC,WAMM,01:30,17:30,,,,,2h 45m,
2026-01-21,IU705,SJV705,SW Italia,Surabaya,SUB,WARR,07:00,23:00,07:20,20min late,06:57,3min early,37m,Landed
2026-01-21,GA401,GIA401,Garuda Indonesia,Jakarta,CGK,WIII,07:00,23:00,07:18,18min late,07:55,4min early,1h 37m,Landed
2026-01-21,QZ813,AWQ813,Indonesia AirAsia,Jakarta,CGK,WIII,07:00,23:00,07:16,16min late,07:45,4min early,1h 28m,Landed
2026-01-21,JT746,LNI746,Lion Air,Makassar,UPG,WAAA,07:00,23:00,07:05,5min late,08:09,15min early,1h 4m,Landed
2026-01-21,QZ534,AWQ534,Indonesia AirAsia,Perth,PER,YPPH,07:00,23:00,07:27,27min late,11:04,14min late,3h 37m,Landed
2026-01-21,QG690,CTV690,Citilink,Surabaya,SUB,WARR,07:05,23:05,07:38,33min late,07:22,12min late,44m,Landed
2026-01-21,JQ82,JST082,Jetstar Airways,Darwin,DRW,YPDN,07:05,23:05,07:14,9min late,11:11,3min early,2h 26m,Landed
2026-01-21,QZ644,AWQ644,Indonesia AirAsia,Labuan Bajo,LBJ,WATO,07:10,23:10,07:40,30min late,08:32,7min late,52m,Landed
2026-01-21,QZ550,AWQ550,Indonesia AirAsia,Kuala Lumpur,KUL,WMKK,07:15,23:15,07:32,17min late,10:04,5min early,2h 32m,Landed
2026-01-21,SQ949,SIA949,Singapore Airlines,Singapore,SIN,WSSS,07:20,23:20,07:36,16min late,09:52,8min early,2h 15m,Landed
2026-01-21,8B551,TNU551,Business Air,Singapore,SIN,WSSS,07:30,23:30,07:41,11min late,10:01,6min late,2h 19m,Landed
2026-01-21,ID6333,BTK6333,Batik Air,Labuan Bajo,LBJ,WATO,07:55,23:55,07:59,4min late,08:51,18min early,51m,Landed
2026-01-21,JT21,LNI021,Lion Air,Jakarta,CGK,WIII,08:05,00:05,17:27,22min late,17:55,55min late,1h 27m,Landed
2026-01-21,IW1858,WON1858,Wings Air,Lombok,LOP,WADL,08:05,00:05,08:09,4min late,08:38,16min early,29m,Landed
2026-01-21,HX706,CRK706,Hong Kong Airlines,Hong Kong,HKG,VHHH,08:15,00:15,08:38,23min late,13:13,1min early,4h 34m,Landed
2026-01-21,GA710,GIA710,Garuda Indonesia,Melbourne,MEL,YMML,08:20,00:20,08:29,9min late,16:53,6min early,5h 24m,Landed
2026-01-21,CZ8482,CSN8482,China Southern Airlines,Guangzhou,CAN,ZGGG,08:35,00:35,08:50,15min late,13:45,9min early,4h 55m,Landed
2026-01-21,5J280,CEB280,CEBU Pacific Air,Manila,MNL,RPLL,08:35,00:35,08:22,13min early,12:08,41min early,3h 46m,Landed
2026-01-21,IW1854,,Wings Air,Lombok,LOP,WADL,08:45,00:45,20:39,54min late,09:35,,50m,Landed
2026-01-21,JT927,,Lion Air,Surakarta,SOC,WAHQ,08:55,00:55,,,,,1h 20m,
2026-01-21,IW1882,WON1882,Wings Air,Sumbawa Besar,SWQ,WADS,08:55,00:55,09:07,12min late,09:46,13min early,38m,Landed
2026-01-21,IN640,LKN640,NAM Air,Tambolaka,TMC,WADT,09:10,01:10,09:11,1min late,09:59,10min early,47m,Landed
2026-01-21,IN6406,,NAM Air,Tambolaka,TMC,WADT,09:10,01:10,,,,,1h 0m,
2026-01-21,SJ740,,Sriwijaya Air,Waingapu,WGP,WADW,09:10,01:10,09:10,,10:30,,1h 20m,Landed
2026-01-21,8B5105,TNU5105,Business Air,Jakarta,CGK,WIII,09:15,01:15,09:23,8min late,09:49,10min early,1h 26m,Landed
2026-01-21,ID6324,BTK6324,Batik Air,Tambolaka,TMC,WADT,09:20,01:20,09:38,18min late,10:21,13min early,42m,Landed
2026-01-21,IW1848,WON1848,Wings Air,Lombok,LOP,WADL,09:25,01:25,10:10,45min late,10:40,25min late,30m,Landed
2026-01-21,QZ504,AWQ504,Indonesia AirAsia,Singapore,SIN,WSSS,09:25,01:25,09:34,9min late,11:48,17min early,2h 14m,Landed
2026-01-21,QG500,CTV500,Citilink,Dili,DIL,WPDL,09:30,01:30,09:21,8min early,12:11,8min early,1h 50m,Landed
2026-01-21,ID6007,BTK6007,Batik Air,Perth,PER,YPPH,09:30,01:30,09:42,12min late,13:12,2min early,3h 29m,Landed
2026-01-21,QG663,CTV663,Citilink,Jakarta,CGK,WIII,09:35,01:35,09:35,on time,10:34,4min late,1h 59m,Landed
2026-01-21,QZ803,AWQ803,Indonesia AirAsia,Jakarta,CGK,WIII,09:40,01:40,10:04,24min late,10:34,4min late,1h 30m,Landed
2026-01-21,8B80,TNU080,Business Air,Perth,PER,YPPH,09:40,01:40,09:41,on time,13:09,15min early,3h 28m,Landed
2026-01-21,QR965,QTR965,Qatar Airways,Doha,DOH,OTHH,09:45,01:45,09:46,1min late,14:20,4min early,9h 34m,Landed
2026-01-21,JT270,,Lion Air,Kupang,KOE,WATT,10:00,02:00,,,,,1h 50m,
2026-01-21,IU122,SJV122,SW Italia,Yogyakarta,YIA,WAHI,10:00,02:00,10:17,17min late,10:25,4min early,1h 7m,Landed
2026-01-21,SU297,AFL297,Aeroflot,Moscow,SVO,UUEE,10:05,02:05,13:58,53min late,21:17,22min late,12h 18m,Landed
2026-01-21,JQ126,JST126,Jetstar Airways,Adelaide,ADL,YPAD,10:15,02:15,10:06,9min early,17:35,9min early,4h 59m,Landed
2026-01-21,SQ935,SIA935,Singapore Airlines,Singapore,SIN,WSSS,10:30,02:30,10:49,19min late,12:58,12min early,2h 8m,Landed
2026-01-21,8B5101,TNU5101,Business Air,Jakarta,CGK,WIII,10:30,02:30,11:03,33min late,11:28,13min late,1h 25m,Landed
2026-01-21,JT805,,Lion Air,Surabaya,SUB,WARR,10:35,02:35,,,,,1h 0m,
2026-01-21,QZ815,AWQ815,Indonesia AirAsia,Jakarta,CGK,WIII,10:35,02:35,11:05,30min late,11:37,7min late,1h 32m,Landed
2026-01-21,JT33,LNI033,Lion Air,Jakarta,CGK,WIII,10:35,02:35,10:37,2min late,11:19,10min early,1h 41m,Landed
2026-01-21,8G182,DTL182,Mid Africa Aviation,Dili,DIL,WPDL,10:35,02:35,11:00,25min late,13:42,12min late,1h 41m,Landed
2026-01-21,IW1856,WON1856,Wings Air,Lombok,LOP,WADL,11:10,03:10,11:09,on time,11:41,18min early,32m,Landed
2026-01-21,TR281,TGW281,Scoot,Singapore,SIN,WSSS,11:10,03:10,11:24,14min late,13:44,5min early,2h 20m,Landed
2026-01-21,QG197,CTV197,Citilink,Jakarta,HLP,WIHH,11:10,03:10,11:07,3min early,11:58,1min early,1h 51m,Landed
2026-01-21,JQ40,JST040,Jetstar Airways,Sydney,SYD,YSSY,11:15,03:15,11:43,28min late,20:45,30min late,6h 2m,Landed
2026-01-21,JQ32,JST032,Jetstar Airways,Melbourne,MEL,YMML,11:30,03:30,11:57,27min late,20:34,24min late,5h 37m,Landed
2026-01-21,6E1606,IGO1606,IndiGo,Bangalore,BLR,VOBL,11:30,03:30,09:44,45min early,14:48,46min early,7h 33m,Landed
2026-01-21,OD172,MXD172,Malindo Air,Kuala Lumpur,KUL,WMKK,11:35,03:35,13:01,26min late,02:56,11min late,13h 55m,Landed
2026-01-21,QZ646,AWQ646,Indonesia AirAsia,Labuan Bajo,LBJ,WATO,11:40,03:40,12:12,32min late,13:04,9min late,51m,Landed
2026-01-21,IW1964,WON1964,Wings Air,Lombok,LOP,WADL,11:40,03:40,11:41,on time,12:10,19min early,29m,Landed
2026-01-21,JQ109,JST109,Jetstar Airways,Perth,PER,YPPH,11:45,03:45,11:44,on time,15:30,4min early,3h 46m,Landed
2026-01-21,ID6331,BTK6331,Batik Air,Labuan Bajo,LBJ,WATO,11:45,03:45,11:45,on time,12:39,20min early,53m,Landed
2026-01-21,JT31,,Lion Air,Jakarta,CGK,WIII,11:55,03:55,,,,,1h 55m,
2026-01-21,GA407,GIA407,Garuda Indonesia,Jakarta,CGK,WIII,11:55,03:55,12:08,13min late,12:48,6min early,1h 39m,Landed
2026-01-21,FD397,AIQ397,Thai AirAsia,Bangkok,DMK,VTBD,12:00,04:00,12:37,37min late,15:34,14min late,3h 56m,Landed
2026-01-21,SJ717,SJY717,Sriwijaya Air,Makassar,UPG,WAAA,12:05,04:05,12:41,36min late,13:41,16min late,59m,Landed
2026-01-21,SQ937,SIA937,Singapore Airlines,Singapore,SIN,WSSS,12:05,04:05,12:23,18min late,14:46,8min early,2h 22m,Landed
2026-01-21,GA253,GIA253,Garuda Indonesia,Yogyakarta,YIA,WAHI,12:05,04:05,12:33,28min late,12:46,8min early,1h 12m,Landed
2026-01-21,QZ618,AWQ618,Indonesia AirAsia,Banjarmasin,BDJ,WAOO,12:05,04:05,12:10,5min late,13:17,22min early,1h 6m,Landed
2026-01-21,OD192,MXD192,Malindo Air,Kuala Lumpur,KUL,WMKK,12:10,04:10,12:30,20min late,15:08,11min early,2h 37m,Landed
2026-01-21,SJ742,,Sriwijaya Air,Tambolaka,TMC,WADT,12:10,04:10,12:10,on time,13:10,,1h 0m,Landed
2026-01-21,OD178,MXD178,Malindo Air,Kuala Lumpur,KUL,WMKK,12:15,04:15,16:58,43min late,15:01,23min early,,Landed
2026-01-21,IP103,PAS103,Pelita Air Service,Jakarta,CGK,WIII,12:45,04:45,13:03,18min late,13:38,3min late,1h 35m,Landed
2026-01-21,OD158,MXD158,Malindo Air,Kuala Lumpur,KUL,WMKK,12:45,04:45,13:04,19min late,16:59,4min late,3h 55m,Landed
2026-01-21,JT740,LNI740,Lion Air,Makassar,UPG,WAAA,12:55,04:55,12:47,7min early,16:58,38min late,4h 10m,Landed
2026-01-21,SQ939,SIA939,Singapore Airlines,Singapore,SIN,WSSS,13:00,05:00,13:16,16min late,15:31,18min early,2h 14m,Landed
2026-01-21,AK365,AXM365,AirAsia,Kuala Lumpur,KUL,WMKK,13:05,05:05,13:20,15min late,18:38,28min late,5h 18m,Landed
2026-01-21,MH714,MAS714,Malaysia Airlines,Kuala Lumpur,KUL,WMKK,13:10,05:10,13:23,13min late,16:00,4min early,2h 37m,Landed
2026-01-21,JT35,LNI035,Lion Air,Jakarta,CGK,WIII,13:15,05:15,13:47,32min late,14:20,10min late,1h 33m,Landed
2026-01-21,GA409,GIA409,Garuda Indonesia,Jakarta,CGK,WIII,13:25,05:25,13:43,18min late,14:26,1min late,1h 43m,Landed
2026-01-21,JT660,LNI660,Lion Air,Balikpapan,BPN,WALL,13:30,05:30,14:02,32min late,17:55,40min late,3h 52m,Landed
2026-01-21,JQ58,JST058,Jetstar Airways,Brisbane,BNE,YBBN,13:30,05:30,13:32,2min late,20:45,39min early,5h 13m,Landed
2026-01-21,ID6509,BTK6509,Batik Air,Jakarta,CGK,WIII,13:45,05:45,13:50,5min late,14:27,12min early,1h 37m,Landed
2026-01-21,8B5107,TNU5107,Business Air,Jakarta,CGK,WIII,13:50,05:50,14:30,40min late,14:58,23min late,1h 28m,Landed
2026-01-21,JT919,LNI919,Lion Air,Surabaya,SUB,WARR,13:55,05:55,14:10,15min late,13:50,4min early,40m,Landed
2026-01-21,6E1612,IGO1612,IndiGo,Bhubaneswar,BBI,VEBS,14:00,06:00,13:04,55min early,17:29,10min early,6h 54m,Landed
2026-01-21,QG687,CTV687,Citilink,Jakarta,CGK,WIII,14:00,06:00,14:05,5min late,14:36,18min early,1h 30m,Landed
2026-01-21,8B82,TNU082,Business Air,Perth,PER,YPPH,14:00,06:00,14:47,47min late,18:29,49min late,3h 42m,Landed
2026-01-21,QZ544,AWQ544,Indonesia AirAsia,Perth,PER,YPPH,14:00,06:00,14:59,59min late,18:31,41min late,3h 32m,Landed
2026-01-21,QG342,CTV342,Citilink,Makassar,UPG,WAAA,14:00,06:00,14:18,18min late,15:36,11min late,1h 17m,Landed
2026-01-21,VJ894,VJC894,VietJet Air,Ho Chi Minh City,SGN,VVTS,14:05,06:05,14:14,9min late,16:29,35min early,3h 14m,Landed
2026-01-21,IU130,SJV130,SW Italia,Semarang,SRG,WIIS,14:15,06:15,14:38,23min late,14:36,1min late,58m,Landed
2026-01-21,ID6517,BTK6517,Batik Air,Jakarta,CGK,WIII,14:15,06:15,15:17,2min late,15:44,34min late,1h 27m,Landed
2026-01-21,ID7308,BTK7308,Batik Air,Jakarta,HLP,WIHH,14:20,06:20,15:33,13min late,15:57,47min late,1h 24m,Landed
2026-01-21,QZ506,AWQ506,Indonesia AirAsia,Singapore,SIN,WSSS,14:25,06:25,15:42,17min late,18:05,45min late,2h 22m,Landed
2026-01-21,TR289,TGW289,Scoot,Singapore,SIN,WSSS,14:35,06:35,13:35,59min early,17:25,4min early,3h 49m,Landed
2026-01-21,JT23,,Lion Air,Jakarta,CGK,WIII,14:45,06:45,,,,,1h 55m,
2026-01-21,OD307,MXD307,Malindo Air,Kuala Lumpur,KUL,WMKK,14:50,06:50,15:47,57min late,18:19,24min late,2h 31m,Landed
2026-01-21,JQ43,JST043,Jetstar Airways,Singapore,SIN,WSSS,14:50,06:50,14:45,5min early,17:32,22min early,2h 47m,Landed
2026-01-21,JQ44,JST044,Jetstar Airways,Melbourne,MEL,YMML,14:55,06:55,15:01,6min late,23:50,15min late,5h 49m,Landed
2026-01-21,JT924,LNI924,Lion Air,Kupang,KOE,WATT,14:55,06:55,10:26,28min early,16:48,3min late,6h 22m,Landed
2026-01-21,VA48,VOZ048,Virgin Australia,Brisbane,BNE,YBBN,15:00,07:00,15:10,10min late,23:03,8min late,5h 53m,Landed
2026-01-21,JT844,LNI844,Lion Air,Banjarmasin,BDJ,WAOO,15:00,07:00,15:41,41min late,16:46,16min late,1h 4m,Landed
2026-01-21,IU120,SJV120,SW Italia,Yogyakarta,YIA,WAHI,15:00,07:00,15:22,22min late,12:27,2min early,,Landed
2026-01-21,QZ246,AWQ246,Indonesia AirAsia,Phuket,HKT,VTSP,15:05,07:05,16:56,51min late,19:30,50min late,3h 34m,Landed
2026-01-21,QG681,CTV681,Citilink,Jakarta,CGK,WIII,15:10,07:10,14:50,20min early,15:39,25min early,1h 49m,Landed
2026-01-21,AI2148,AIC2148,Air India,Delhi,DEL,VIDP,15:10,07:10,13:04,5min early,19:56,8min early,9h 22m,Landed
2026-01-21,AK377,AXM377,AirAsia,Kuala Lumpur,KUL,WMKK,15:25,07:25,15:45,20min late,18:37,12min late,2h 52m,Landed
2026-01-21,GA411,GIA411,Garuda Indonesia,Jakarta,CGK,WIII,15:35,07:35,16:40,5min late,17:08,23min late,1h 28m,Landed
2026-01-21,VJ898,VJC898,VietJet Air,Ho Chi Minh City,SGN,VVTS,15:35,07:35,15:37,2min late,17:55,29min early,3h 18m,Landed
2026-01-21,IW1850,WON1850,Wings Air,Lombok,LOP,WADL,15:40,07:40,15:48,8min late,16:19,10min early,31m,Landed
2026-01-21,QG669,CTV669,Citilink,Surabaya,SUB,WARR,15:40,07:40,15:53,13min late,15:53,8min late,59m,Landed
2026-01-21,CI772,CAL772,China Airlines,Taipei,TPE,RCTP,15:45,07:45,15:33,12min early,20:39,25min early,5h 6m,Landed
2026-01-21,VA92,VOZ092,Virgin Australia,Melbourne,MEL,YMML,15:50,07:50,15:40,10min early,00:35,5min late,5h 55m,Landed
2026-01-21,QZ556,AWQ556,Indonesia AirAsia,Kuala Lumpur,KUL,WMKK,15:55,07:55,16:48,53min late,19:22,12min late,2h 34m,Landed
2026-01-21,QZ536,AWQ536,Indonesia AirAsia,Perth,PER,YPPH,16:00,08:00,16:38,38min late,20:07,22min late,3h 29m,Landed
2026-01-21,IP109,PAS109,Pelita Air Service,Jakarta,CGK,WIII,16:00,08:00,16:13,13min late,16:46,3min early,1h 33m,Landed
2026-01-21,VN640,HVN640,Vietnam Airlines,Ho Chi Minh City,SGN,VVTS,16:05,08:05,16:11,6min late,18:30,24min early,3h 19m,Landed
2026-01-21,QG661,,Citilink,Jakarta,CGK,WIII,16:05,08:05,19:19,14min late,19:50,50min late,1h 31m,Landed
2026-01-21,TG432,THA432,Thai Airways International,Bangkok,BKK,VTBS,16:10,08:10,16:17,7min late,19:12,12min early,3h 54m,Landed
2026-01-21,IU703,SJV703,SW Italia,Surabaya,SUB,WARR,16:10,08:10,16:41,31min late,16:23,13min late,41m,Landed
2026-01-21,QZ807,AWQ807,Indonesia AirAsia,Jakarta,CGK,WIII,16:10,08:10,17:19,9min late,17:52,42min late,1h 33m,Landed
2026-01-21,CX784,CPA784,Cathay Pacific,Hong Kong,HKG,VHHH,16:20,08:20,16:12,8min early,20:58,26min early,4h 46m,Landed
2026-01-21,MH850,MAS850,Malaysia Airlines,Kuala Lumpur,KUL,WMKK,16:25,08:25,16:14,11min early,19:02,32min early,2h 48m,Landed
2026-01-21,IW1852,WON1852,Wings Air,Lombok,LOP,WADL,16:30,08:30,17:16,46min late,17:50,30min late,34m,Landed
2026-01-21,IU743,,SW Italia,Jakarta,CGK,WIII,16:35,08:35,,,,,1h 55m,
2026-01-21,BR256,EVA256,EVA Airways,Taipei,TPE,RCTP,16:40,08:40,16:46,6min late,21:52,7min late,5h 6m,Landed
2026-01-21,JT744,,Lion Air,Makassar,UPG,WAAA,16:40,08:40,,,,,1h 25m,
2026-01-21,GA349,GIA349,Garuda Indonesia,Surabaya,SUB,WARR,16:55,08:55,17:26,31min late,17:13,3min late,47m,Landed
2026-01-21,IU273,SJV273,SW Italia,Pontianak,PNK,WIOO,17:00,09:00,17:42,42min late,18:20,15min late,1h 38m,Landed
2026-01-21,ID6335,,Batik Air,Labuan Bajo,LBJ,WATO,17:00,09:00,,,,,1h 15m,Cancelled
2026-01-21,JT25,,Lion Air,Jakarta,CGK,WIII,17:15,09:15,,,,,1h 55m,
2026-01-21,VJ998,VJC998,VietJet Air,Hanoi,HAN,VVNB,17:25,09:25,18:07,42min late,21:32,2min early,4h 25m,Landed
2026-01-21,GA419,GIA419,Garuda Indonesia,Jakarta,CGK,WIII,17:25,09:25,17:39,14min late,18:25,on time,1h 46m,Landed
2026-01-21,HO1356,DKH1356,Juneyao Airlines,Shanghai,PVG,ZSPD,17:25,09:25,18:31,6min late,00:19,29min late,5h 48m,Landed
2026-01-21,TR211,TGW211,Scoot,Singapore,SIN,WSSS,17:35,09:35,18:02,27min late,20:23,22min early,2h 20m,Landed
2026-01-21,IU759,,SW Italia,Jakarta,CGK,WIII,17:40,09:40,,,,,1h 55m,
2026-01-21,IP107,PAS107,Pelita Air Service,Jakarta,CGK,WIII,17:40,09:40,17:48,8min late,18:21,8min early,1h 33m,Landed
2026-01-21,AK368,AXM368,AirAsia,Kuala Lumpur,KUL,WMKK,17:45,09:45,18:54,9min late,21:43,53min late,2h 48m,Landed
2026-01-21,OD193,MXD193,Malindo Air,Perth,PER,YPPH,18:10,10:10,18:46,36min late,22:06,21min late,3h 20m,Landed
2026-01-21,IU126,SJV126,SW Italia,Surakarta,SOC,WAHQ,18:10,10:10,18:43,33min late,18:42,12min late,59m,Landed
2026-01-21,IN281,LKN281,Nam Air,Jakarta,CGK,WIII,18:30,10:30,18:36,6min late,19:08,1min early,1h 32m,Landed
2026-01-21,IP111,,Pelita Air Service,Jakarta,CGK,WIII,18:35,10:35,,,,,1h 50m,
2026-01-21,CX782,CPA782,Cathay Pacific,Hong Kong,HKG,VHHH,18:40,10:40,19:10,30min late,23:38,6min early,4h 28m,Landed
2026-01-21,SL259,TLM259,Thai Lion Air,Bangkok,DMK,VTBD,18:40,10:40,19:20,40min late,22:21,21min late,4h 1m,Landed
2026-01-21,GA417,GIA417,Garuda Indonesia,Jakarta,CGK,WIII,18:40,10:40,18:56,16min late,19:40,10min late,1h 44m,Landed
2026-01-21,JT3027,,Lion Air,Jakarta,CGK,WIII,18:40,10:40,,,,,1h 55m,
2026-01-21,EY477,ETD477,Etihad Airways,Abu Dhabi,AUH,OMAA,18:45,10:45,18:52,7min late,23:54,9min late,9h 1m,Landed
2026-01-21,ID6415,,Batik Air,Surabaya,SUB,WARR,18:45,10:45,,,,,1h 0m,Cancelled
2026-01-21,6E1608,IGO1608,IndiGo,Chennai,MAA,VOMM,18:50,10:50,19:24,34min late,22:48,18min late,5h 54m,Landed
2026-01-21,QZ809,AWQ809,Indonesia AirAsia,Jakarta,CGK,WIII,18:50,10:50,21:33,43min late,21:58,8min late,1h 25m,Landed
2026-01-21,NZ291,ANZ291,Air New Zealand,Auckland,AKL,NZAA,18:50,10:50,19:32,42min late,08:08,13min late,7h 36m,Landed
2026-01-21,QR963,QTR963,Qatar Airways,Doha,DOH,OTHH,18:50,10:50,18:56,6min late,23:56,26min late,10h 0m,Landed
2026-01-21,TG440,THA440,Thai Airways International,Bangkok,BKK,VTBS,19:00,11:00,19:12,12min late,22:09,5min early,3h 57m,Landed
2026-01-21,MH852,MAS852,Malaysia Airlines,Kuala Lumpur,KUL,WMKK,19:15,11:15,19:26,11min late,22:28,13min late,3h 2m,Landed
2026-01-21,AK379,AXM379,AirAsia,Kuala Lumpur,KUL,WMKK,19:15,11:15,19:35,20min late,22:28,8min late,2h 53m,Landed
2026-01-21,ID7310,BTK7310,Batik Air,Jakarta,HLP,WIHH,19:25,11:25,20:58,33min late,21:26,11min late,1h 27m,Landed
2026-01-21,QG699,CTV699,Citilink,Surabaya,SUB,WARR,19:25,11:25,19:44,19min late,19:43,13min late,59m,Landed
2026-01-21,QG689,CTV689,Citilink,Jakarta,CGK,WIII,19:30,11:30,19:29,on time,20:28,3min late,1h 59m,Landed
2026-01-21,8B969,TNU969,Business Air,Guangzhou,CAN,ZGGG,19:45,11:45,20:01,16min late,00:47,17min early,4h 46m,Landed
2026-01-21,JT923,,Lion Air,Surabaya,SUB,WARR,19:45,11:45,,,,,1h 0m,
2026-01-21,JT271,,Lion Air,Semarang,SRG,WIIS,19:50,11:50,,,,,1h 20m,
2026-01-21,EK369,UAE369,Emirates,Dubai,DXB,OMDB,19:50,11:50,19:56,6min late,01:25,15min late,9h 29m,Landed
2026-01-21,TR283,TGW283,Scoot,Singapore,SIN,WSSS,20:05,12:05,21:17,12min late,23:31,51min late,2h 14m,Landed
2026-01-21,QG195,CTV195,Citilink,Jakarta,HLP,WIHH,20:10,12:10,20:10,on time,20:58,1min early,1h 48m,Landed
2026-01-21,SQ945,SIA945,Singapore Airlines,Singapore,SIN,WSSS,20:15,12:15,16:37,37min early,22:56,1min late,6h 19m,Landed
2026-01-21,GA718,GIA718,Garuda Indonesia,Melbourne,MEL,YMML,20:20,12:20,21:03,43min late,05:44,44min late,5h 41m,Landed
2026-01-21,JQ34,JST034,Jetstar Airways,Melbourne,MEL,YMML,20:20,12:20,20:33,13min late,05:14,19min late,5h 41m,Landed
2026-01-21,ID6413,BTK6413,Batik Air,Surabaya,SUB,WARR,20:30,12:30,20:51,21min late,20:28,1min early,37m,Landed
2026-01-21,JQ107,JST107,Jetstar Airways,Perth,PER,YPPH,20:45,12:45,20:59,14min late,00:31,11min late,3h 32m,Landed
2026-01-21,GA415,GIA415,Garuda Indonesia,Jakarta,CGK,WIII,20:45,12:45,21:05,20min late,21:45,on time,1h 40m,Landed
2026-01-21,IP105,PAS105,Pelita Air Service,Jakarta,CGK,WIII,20:50,12:50,21:09,19min late,21:52,12min late,1h 43m,Landed
2026-01-21,OD177,MXD177,Malindo Air,Melbourne,MEL,YMML,20:55,12:55,13:01,53min early,05:56,16min late,13h 55m,Landed
2026-01-21,TK67,THY067,Turkish Airlines,Istanbul,IST,LTFM,21:10,13:10,21:27,17min late,05:39,on time,13h 11m,Landed
2026-01-21,OD171,MXD171,Malindo Air,Sydney,SYD,YSSY,21:10,13:10,21:48,38min late,06:30,15min late,5h 42m,Landed
2026-01-21,JT11,LNI011,Lion Air,Jakarta,CGK,WIII,21:15,13:15,21:35,20min late,22:09,on time,1h 33m,Landed
2026-01-21,QZ819,AWQ819,Indonesia AirAsia,Jakarta,CGK,WIII,21:15,13:15,21:37,22min late,22:00,4min early,1h 23m,Landed
2026-01-21,QF44,QFA044,Qantas,Sydney,SYD,YSSY,21:20,13:20,21:11,9min early,06:08,6min early,5h 57m,Landed
2026-01-21,ID6760,BTK6760,Batik Air,Makassar,UPG,WAAA,21:30,13:30,21:53,23min late,22:57,2min late,1h 4m,Landed
2026-01-21,SJ273,SJY273,Sriwijaya Air,Jakarta,CGK,WIII,21:35,13:35,23:50,15min late,00:25,10min late,1h 34m,Landed
2026-01-21,GA425,GIA425,Garuda Indonesia,Jakarta,CGK,WIII,21:40,13:40,21:48,8min late,22:22,12min early,1h 33m,Landed
2026-01-21,SQ947,SIA947,Singapore Airlines,Singapore,SIN,WSSS,21:40,13:40,22:29,49min late,00:46,26min late,2h 17m,Landed
2026-01-21,KL836,KLM836,KLM Royal Dutch Airlines,Singapore,SIN,WSSS,21:40,13:40,22:22,42min late,00:48,38min late,2h 26m,Landed
2026-01-21,JQ117,JST117,Jetstar Airways,Perth,PER,YPPH,21:45,13:45,21:48,3min late,01:22,7min late,3h 34m,Landed
2026-01-21,AK375,AXM375,AirAsia,Kuala Lumpur,KUL,WMKK,21:55,13:55,23:24,29min late,02:19,19min late,2h 55m,Landed
2026-01-21,QZ546,AWQ546,Indonesia AirAsia,Perth,PER,YPPH,21:55,13:55,22:36,41min late,02:01,26min late,3h 25m,Landed
2026-01-21,TK311,THY311,Turkish Airlines,Istanbul,IST,LTFM,22:00,14:00,22:08,8min late,06:20,4min early,13h 11m,Landed
2026-01-21,VA94,VOZ094,Virgin Australia,Melbourne,MEL,YMML,22:00,14:00,22:43,43min late,07:34,54min late,5h 51m,Landed
2026-01-21,QF46,QFA046,Qantas,Melbourne,MEL,YMML,22:05,14:05,22:03,2min early,06:51,1min late,5h 48m,Landed
2026-01-21,SV857,SVA857,Saudi Arabian Airlines,Singapore,SIN,WSSS,22:05,14:05,22:19,14min late,00:32,12min early,2h 13m,Landed
2026-01-21,OD157,MXD157,Malindo Air,Brisbane,BNE,YBBN,22:10,14:10,23:28,18min late,06:55,55min late,5h 26m,Landed
2026-01-21,QZ811,AWQ811,Indonesia AirAsia,Jakarta,CGK,WIII,22:15,14:15,00:38,23min late,01:04,59min late,1h 25m,Landed
2026-01-21,JQ38,JST038,Jetstar Airways,Sydney,SYD,YSSY,22:20,14:20,00:13,53min late,08:39,14min late,5h 26m,Landed
2026-01-21,JQ89,JST089,Jetstar Airways,Newcastle,NTL,YWLM,22:20,14:20,23:54,34min late,08:19,4min late,5h 24m,Landed
2026-01-21,VA66,VOZ066,Virgin Australia,Sydney,SYD,YSSY,22:30,14:30,23:22,52min late,08:13,33min late,5h 51m,Landed
2026-01-21,JT15,LNI015,Lion Air,Jakarta,CGK,WIII,22:35,14:35,23:17,42min late,23:45,15min late,1h 27m,Landed
2026-01-21,JQ128,JST128,Jetstar Airways,Adelaide,ADL,YPAD,22:50,14:50,22:43,7min early,06:19,4min late,5h 6m,Landed
2026-01-21,7C2712,JJA2712,Jeju Air,Seoul,ICN,RKSI,23:05,15:05,21:47,17min early,07:18,8min late,8h 31m,Landed
2026-01-21,3U3986,CSC3986,Sichuan Airlines,Lujia Town,TFU,ZUTF,23:10,15:10,23:10,on time,05:18,51min early,6h 8m,Landed
2026-01-21,JQ91,JST091,Jetstar Airways,Cairns,CNS,YBCS,23:10,15:10,00:26,16min late,06:44,59min late,4h 18m,Landed
2026-01-21,8B5109,,Business Air,Jakarta,CGK,WIII,23:10,15:10,00:23,13min late,23:50,,1h 40m,Landed
2026-01-21,VA82,VOZ082,Virgin Australia,Gold Coast,OOL,YBCG,23:20,15:20,00:18,58min late,07:59,49min late,5h 40m,Landed
2026-01-21,GA714,GIA714,Garuda Indonesia,Sydney,SYD,YSSY,23:35,15:35,00:48,13min late,09:19,44min late,5h 31m,Landed
2026-01-21,JQ42,JST042,Jetstar Airways,Melbourne,MEL,YMML,23:40,15:40,00:20,40min late,08:59,29min late,5h 39m,Landed
2026-01-21,QZ420,AWQ420,Indonesia AirAsia,Adelaide,ADL,YPAD,23:45,15:45,00:26,41min late,07:45,20min late,4h 49m,Landed
2026-01-21,KE432,KAL432,Korean Air Lines,Seoul,ICN,RKSI,23:50,15:50,23:46,4min early,07:28,16min early,6h 42m,Landed
2026-01-21,JQ94,JST094,Jetstar Airways,Gold Coast,OOL,YBCG,23:55,15:55,00:38,43min late,08:08,43min late,5h 30m,Landed
2026-01-22,BX602,ABL602,Air Busan,Busan,PUS,RKPK,00:05,16:05,01:27,22min late,08:34,4min late,6h 7m,Landed
2026-01-22,TW158,TWB158,T'Way Air,Cheongju,CJJ,RKTU,00:15,16:15,01:20,5min late,08:44,34min late,6h 23m,Landed
2026-01-22,8B84,TNU084,Business Air,Perth,PER,YPPH,00:20,16:20,00:42,22min late,04:04,on time,3h 21m,Landed
2026-01-22,EK399,UAE399,Emirates,Dubai,DXB,OMDB,00:25,16:25,00:47,22min late,05:39,5min early,8h 51m,Landed
2026-01-22,MF892,CXA892,Xiamen Airlines,Xiamen,XMN,ZSAM,00:30,16:30,00:45,15min late,16:17,12min late,15h 31m,Landed
2026-01-22,QR961,QTR961,Qatar Airways,Doha,DOH,OTHH,00:30,16:30,00:33,3min late,05:08,1min early,9h 35m,Landed
2026-01-22,CZ626,CSN626,China Southern Airlines,Guangzhou,CAN,ZGGG,00:40,16:40,00:43,3min late,05:23,26min early,4h 40m,Landed
2026-01-22,GA880,GIA880,Garuda Indonesia,Tokyo,NRT,RJAA,00:50,16:50,01:11,21min late,08:46,3min early,6h 34m,Landed
2026-01-22,GA870,GIA870,Garuda Indonesia,Seoul,ICN,RKSI,00:50,16:50,00:51,1min late,08:16,33min early,6h 25m,Landed
2026-01-22,MU5030,CES5030,China Eastern Airlines,Shanghai,PVG,ZSPD,00:55,16:55,01:18,23min late,07:32,22min late,6h 14m,Landed
2026-01-22,SJ726,,Sriwijaya Air,Makassar,UPG,WAAA,01:00,17:00,,,,,1h 20m,
2026-01-22,5J282,CEB282,CEBU Pacific Air,Manila,MNL,RPLL,01:00,17:00,01:15,15min late,05:07,7min early,3h 52m,Landed
2026-01-22,QZ548,AWQ548,Indonesia AirAsia,Perth,PER,YPPH,01:00,17:00,01:18,18min late,04:56,16min late,3h 37m,Landed
2026-01-22,PR538,PAL538,Philippine Airlines,Manila,MNL,RPLL,01:10,17:10,23:59,10min early,04:50,20min early,4h 50m,Landed
2026-01-22,KE434,KAL434,Korean Air Lines,Seoul,ICN,RKSI,01:20,17:20,01:33,13min late,08:48,31min early,6h 15m,Landed
2026-01-22,8B5888,TNU5888,Business Air,Manado,MDC,WAMM,01:30,17:30,01:36,6min late,03:46,29min early,2h 9m,Landed
2026-01-22,QZ534,AWQ534,Indonesia AirAsia,Perth,PER,YPPH,07:00,23:00,07:12,12min late,11:04,14min late,3h 51m,Landed
2026-01-22,JT746,LNI746,Lion Air,Makassar,UPG,WAAA,07:00,23:00,07:19,19min late,08:26,1min late,1h 7m,Landed
2026-01-22,GA401,GIA401,Garuda Indonesia,Jakarta,CGK,WIII,07:00,23:00,07:29,29min late,08:07,7min late,1h 38m,Landed
2026-01-22,IU705,SJV705,SW Italia,Surabaya,SUB,WARR,07:00,23:00,07:30,30min late,07:07,6min late,36m,Landed
2026-01-22,QG690,CTV690,Citilink,Surabaya,SUB,WARR,07:05,23:05,07:07,2min late,06:58,11min early,51m,Landed
2026-01-22,QZ550,AWQ550,Indonesia AirAsia,Kuala Lumpur,KUL,WMKK,07:15,23:15,07:08,6min early,13:42,32min late,6h 34m,Landed
2026-01-22,SQ949,SIA949,Singapore Airlines,Singapore,SIN,WSSS,07:20,23:20,07:27,7min late,09:44,15min early,2h 17m,Landed
2026-01-22,8B551,TNU551,Business Air,Singapore,SIN,WSSS,07:30,23:30,07:43,13min late,09:59,4min late,2h 16m,Landed
2026-01-22,JT21,LNI021,Lion Air,Jakarta,CGK,WIII,08:05,00:05,08:34,29min late,09:03,3min late,1h 29m,Landed
2026-01-22,IW1858,WON1858,Wings Air,Lombok,LOP,WADL,08:05,00:05,08:21,16min late,09:01,6min late,40m,Landed
2026-01-22,HX706,CRK706,Hong Kong Airlines,Hong Kong,HKG,VHHH,08:15,00:15,08:16,on time,13:12,2min early,4h 56m,Landed
2026-01-22,5J280,CEB280,CEBU Pacific Air,Manila,MNL,RPLL,08:35,00:35,08:29,6min early,12:20,29min early,3h 51m,Landed
2026-01-22,CZ8482,CSN8482,China Southern Airlines,Guangzhou,CAN,ZGGG,08:35,00:35,08:46,11min late,13:38,26min early,4h 52m,Landed
2026-01-22,IW1854,,Wings Air,Lombok,LOP,WADL,08:45,00:45,20:46,1min late,09:35,,50m,Landed
2026-01-22,IW1882,WON1882,Wings Air,Sumbawa Besar,SWQ,WADS,08:55,00:55,08:51,3min early,09:32,27min early,40m,Landed
2026-01-22,8B5105,TNU5105,Business Air,Jakarta,CGK,WIII,09:15,01:15,09:21,6min late,09:49,10min early,1h 28m,Landed
2026-01-22,ID6324,BTK6324,Batik Air,Tambolaka,TMC,WADT,09:20,01:20,09:24,4min late,10:10,24min early,45m,Landed
2026-01-22,IW1848,WON1848,Wings Air,Lombok,LOP,WADL,09:25,01:25,10:17,52min late,10:49,34min late,32m,Landed
2026-01-22,QZ504,AWQ504,Indonesia AirAsia,Singapore,SIN,WSSS,09:25,01:25,09:31,6min late,11:54,11min early,2h 23m,Landed
2026-01-22,QG500,CTV500,Citilink,Dili,DIL,WPDL,09:30,01:30,09:26,3min early,12:18,1min early,1h 52m,Landed
2026-01-22,ID6007,BTK6007,Batik Air,Perth,PER,YPPH,09:30,01:30,09:38,8min late,12:55,19min early,3h 16m,Landed
2026-01-22,QG663,,Citilink,Jakarta,CGK,WIII,09:35,01:35,,,,,1h 55m,
2026-01-22,QZ803,AWQ803,Indonesia AirAsia,Jakarta,CGK,WIII,09:40,01:40,10:42,2min late,11:09,39min late,1h 27m,Landed
2026-01-22,QR965,QTR965,Qatar Airways,Doha,DOH,OTHH,09:45,01:45,09:37,8min early,14:13,11min early,9h 36m,Landed
2026-01-22,AI2146,AIC2146,Air India,Delhi,DEL,VIDP,10:00,02:00,10:14,14min late,15:34,34min late,7h 50m,Landed
2026-01-22,IU122,SJV122,SW Italia,Yogyakarta,YIA,WAHI,10:00,02:00,10:21,21min late,10:25,4min early,1h 3m,Landed
2026-01-22,IU128,,SW Italia,Surakarta,SOC,WAHQ,10:00,02:00,,,,,1h 20m,
2026-01-22,JQ111,JST111,Jetstar Airways,Perth,PER,YPPH,10:20,02:20,10:17,3min early,13:43,26min early,3h 26m,Landed
2026-01-22,SQ935,SIA935,Singapore Airlines,Singapore,SIN,WSSS,10:30,02:30,10:38,8min late,12:46,24min early,2h 8m,Landed
2026-01-22,8B5101,TNU5101,Business Air,Jakarta,CGK,WIII,10:30,02:30,11:07,37min late,11:38,23min late,1h 31m,Landed
2026-01-22,JT33,,Lion Air,Jakarta,CGK,WIII,10:35,02:35,,,,,1h 55m,
2026-01-22,JT805,LNI805,Lion Air,Surabaya,SUB,WARR,10:35,02:35,11:10,35min late,10:50,15min late,39m,Landed
2026-01-22,JT270,,Lion Air,Kupang,KOE,WATT,10:35,02:35,,,,,1h 50m,
2026-01-22,8G182,DTL182,Mid Africa Aviation,Dili,DIL,WPDL,10:35,02:35,10:57,22min late,13:40,10min late,1h 43m,Landed
2026-01-22,TR281,TGW281,Scoot,Singapore,SIN,WSSS,11:10,03:10,11:28,18min late,13:37,13min early,2h 9m,Landed
2026-01-22,IW1856,WON1856,Wings Air,Lombok,LOP,WADL,11:10,03:10,11:40,30min late,12:18,18min late,38m,Landed
2026-01-22,QG197,CTV197,Citilink,Jakarta,HLP,WIHH,11:10,03:10,14:36,26min late,12:28,28min late,,Landed
2026-01-22,JQ40,JST040,Jetstar Airways,Sydney,SYD,YSSY,11:15,03:15,13:13,58min late,21:42,27min late,5h 28m,Landed
2026-01-22,QZ780,AWQ780,Indonesia AirAsia,Balikpapan,BPN,WALL,11:20,03:20,11:38,18min late,12:55,9min early,1h 17m,Landed
2026-01-22,GA620,GIA620,Garuda Indonesia,Makassar,UPG,WAAA,11:20,03:20,11:36,16min late,12:46,3min early,1h 10m,Landed
2026-01-22,6E1606,IGO1606,IndiGo,Bangalore,BLR,VOBL,11:30,03:30,12:30,0min late,15:58,23min late,5h 58m,Landed
2026-01-22,JQ32,JST032,Jetstar Airways,Melbourne,MEL,YMML,11:30,03:30,12:09,39min late,20:41,31min late,5h 32m,Landed
2026-01-22,OD172,MXD172,Malindo Air,Kuala Lumpur,KUL,WMKK,11:35,03:35,12:37,2min late,15:14,29min late,2h 37m,Landed
2026-01-22,QZ646,AWQ646,Indonesia AirAsia,Labuan Bajo,LBJ,WATO,11:40,03:40,12:31,51min late,13:25,30min late,53m,Landed
2026-01-22,IW1964,WON1964,Wings Air,Lombok,LOP,WADL,11:40,03:40,12:14,34min late,12:43,13min late,29m,Landed
2026-01-22,ID6331,BTK6331,Batik Air,Labuan Bajo,LBJ,WATO,11:45,03:45,12:02,17min late,12:58,1min early,56m,Landed
2026-01-22,JQ109,JST109,Jetstar Airways,Perth,PER,YPPH,11:45,03:45,12:26,41min late,15:52,17min late,3h 25m,Landed
2026-01-22,IW1850,WON1850,Wings Air,Lombok,LOP,WADL,11:50,03:50,11:58,8min late,12:31,8min early,33m,Landed
2026-01-22,JT31,LNI031,Lion Air,Jakarta,CGK,WIII,11:55,03:55,12:51,56min late,13:24,34min late,1h 33m,Landed
2026-01-22,GA407,GIA407,Garuda Indonesia,Jakarta,CGK,WIII,11:55,03:55,12:12,17min late,12:44,10min early,1h 31m,Landed
2026-01-22,FD397,AIQ397,Thai AirAsia,Bangkok,DMK,VTBD,12:00,04:00,13:10,10min late,15:12,7min early,3h 1m,Landed
2026-01-22,QZ540,AWQ540,Indonesia AirAsia,Darwin,DRW,YPDN,12:00,04:00,12:20,20min late,16:16,1min late,2h 26m,Landed
2026-01-22,SQ937,SIA937,Singapore Airlines,Singapore,SIN,WSSS,12:05,04:05,10:58,6min early,14:42,12min early,3h 44m,Landed
2026-01-22,GA253,GIA253,Garuda Indonesia,Yogyakarta,YIA,WAHI,12:05,04:05,13:40,35min late,13:47,52min late,1h 7m,Landed
2026-01-22,OD192,MXD192,Malindo Air,Kuala Lumpur,KUL,WMKK,12:10,04:10,12:32,22min late,15:10,9min early,2h 37m,Landed
2026-01-22,OD178,MXD178,Malindo Air,Kuala Lumpur,KUL,WMKK,12:15,04:15,12:24,9min late,15:00,24min early,2h 36m,Landed
2026-01-22,SJ7420,,Sriwijaya Air,Tambolaka,TMC,WADT,12:20,04:20,12:20,,13:20,,1h 0m,Landed
2026-01-22,IP103,PAS103,Pelita Air Service,Jakarta,CGK,WIII,12:45,04:45,14:08,23min late,14:37,2min late,1h 29m,Landed
2026-01-22,OD158,MXD158,Malindo Air,Kuala Lumpur,KUL,WMKK,12:45,04:45,14:15,30min late,17:00,5min late,2h 45m,Landed
2026-01-22,IN643,,NAM Air,Tambolaka,TMC,WADT,12:50,04:50,,,,,1h 0m,
2026-01-22,SQ939,SIA939,Singapore Airlines,Singapore,SIN,WSSS,13:00,05:00,12:58,1min early,15:20,29min early,2h 21m,Landed
2026-01-22,AK365,AXM365,AirAsia,Kuala Lumpur,KUL,WMKK,13:05,05:05,13:29,24min late,16:07,2min early,2h 38m,Landed
2026-01-22,MH714,MAS714,Malaysia Airlines,Kuala Lumpur,KUL,WMKK,13:10,05:10,13:33,23min late,16:14,9min late,2h 41m,Landed
2026-01-22,JT35,LNI035,Lion Air,Jakarta,CGK,WIII,13:15,05:15,17:44,29min late,18:21,11min late,1h 37m,Landed
2026-01-22,GA409,GIA409,Garuda Indonesia,Jakarta,CGK,WIII,13:25,05:25,14:44,19min late,15:17,52min late,1h 33m,Landed
2026-01-22,JT660,LNI660,Lion Air,Balikpapan,BPN,WALL,13:30,05:30,13:53,23min late,17:45,30min late,3h 52m,Landed
2026-01-22,JQ58,JST058,Jetstar Airways,Brisbane,BNE,YBBN,13:30,05:30,13:41,11min late,20:48,36min early,5h 7m,Landed
2026-01-22,ID6509,BTK6509,Batik Air,Jakarta,CGK,WIII,13:45,05:45,13:48,3min late,12:49,50min early,0m,Landed
2026-01-22,8B5107,TNU5107,Business Air,Jakarta,CGK,WIII,13:50,05:50,14:24,34min late,13:24,10min early,0m,Landed
2026-01-22,QG342,CTV342,Citilink,Makassar,UPG,WAAA,13:55,05:55,14:04,9min late,17:12,52min late,3h 8m,Landed
2026-01-22,JT919,LNI919,Lion Air,Surabaya,SUB,WARR,13:55,05:55,15:10,15min late,14:50,55min late,40m,Landed
2026-01-22,IU137,SJV137,SW Italia,Kupang,KOE,WATT,14:00,06:00,14:15,15min late,15:38,11min early,1h 23m,Landed
2026-01-22,8B82,TNU082,Business Air,Perth,PER,YPPH,14:00,06:00,15:35,35min late,19:11,31min late,3h 36m,Landed
2026-01-22,QG687,CTV687,Citilink,Jakarta,CGK,WIII,14:00,06:00,14:13,13min late,14:49,5min early,1h 35m,Landed
2026-01-22,QZ544,AWQ544,Indonesia AirAsia,Perth,PER,YPPH,14:00,06:00,14:51,51min late,18:30,40min late,3h 39m,Landed
2026-01-22,6E1612,IGO1612,IndiGo,Bhubaneswar,BBI,VEBS,14:00,06:00,14:20,20min late,17:36,3min early,5h 46m,Landed
2026-01-22,VJ894,VJC894,VietJet Air,Ho Chi Minh City,SGN,VVTS,14:05,06:05,14:02,2min early,16:21,43min early,3h 19m,Landed
2026-01-22,ID6517,BTK6517,Batik Air,Jakarta,CGK,WIII,14:15,06:15,18:17,2min late,19:03,53min late,1h 45m,Landed
2026-01-22,IU130,,SW Italia,Semarang,SRG,WIIS,14:15,06:15,,,,,1h 20m,
2026-01-22,ID7308,BTK7308,Batik Air,Jakarta,HLP,WIHH,14:20,06:20,15:55,35min late,17:25,15min late,2h 29m,Landed
2026-01-22,QZ246,AWQ246,Indonesia AirAsia,Phuket,HKT,VTSP,14:25,06:25,16:21,56min late,18:52,37min late,3h 30m,Landed
2026-01-22,TR289,TGW289,Scoot,Singapore,SIN,WSSS,14:35,06:35,14:38,3min late,16:55,35min early,2h 17m,Landed
2026-01-22,JT23,,Lion Air,Jakarta,CGK,WIII,14:45,06:45,,,,,1h 55m,
2026-01-22,JQ43,JST043,Jetstar Airways,Singapore,SIN,WSSS,14:50,06:50,15:20,30min late,17:38,16min early,2h 18m,Landed
2026-01-22,OD307,MXD307,Malindo Air,Kuala Lumpur,KUL,WMKK,14:50,06:50,15:02,12min late,17:37,17min early,2h 34m,Landed
2026-01-22,8B80,TNU080,TransNusa,Perth,PER,YPPH,14:50,06:50,14:50,,19:06,on time,4h 16m,Landed
2026-01-22,JQ44,JST044,Jetstar Airways,Melbourne,MEL,YMML,14:55,06:55,15:03,8min late,23:37,2min late,5h 34m,Landed
2026-01-22,JT844,LNI844,Lion Air,Banjarmasin,BDJ,WAOO,15:00,07:00,15:12,12min late,16:16,13min early,1h 4m,Landed
2026-01-22,VA48,VOZ048,Virgin Australia,Brisbane,BNE,YBBN,15:00,07:00,14:51,9min early,22:28,26min early,5h 37m,Landed
2026-01-22,IU120,SJV120,SW Italia,Yogyakarta,YIA,WAHI,15:00,07:00,14:44,15min early,14:37,52min early,52m,Landed
2026-01-22,QG681,CTV681,Citilink,Jakarta,CGK,WIII,15:10,07:10,15:03,7min early,16:01,3min early,1h 58m,Landed
2026-01-22,GA842,GIA842,Garuda Indonesia,Singapore,SIN,WSSS,15:15,07:15,15:35,20min late,17:57,2min early,2h 22m,Landed
2026-01-22,AK377,AXM377,AirAsia,Kuala Lumpur,KUL,WMKK,15:25,07:25,17:59,34min late,20:48,23min late,2h 49m,Landed
2026-01-22,IN640,LKN640,NAM Air,Tambolaka,TMC,WADT,15:29,07:29,15:27,2min early,16:06,2min early,39m,Landed
2026-01-22,JT740,LNI740,Lion Air,Makassar,UPG,WAAA,15:30,07:30,15:47,17min late,19:57,2min late,4h 9m,Landed
2026-01-22,VJ898,VJC898,VietJet Air,Ho Chi Minh City,SGN,VVTS,15:35,07:35,15:39,4min late,18:12,12min early,3h 33m,Landed
2026-01-22,GA411,GIA411,Garuda Indonesia,Jakarta,CGK,WIII,15:35,07:35,16:35,60min late,17:11,26min late,1h 36m,Landed
2026-01-22,QG669,CTV669,Citilink,Surabaya,SUB,WARR,15:40,07:40,15:33,6min early,15:24,20min early,51m,Landed
2026-01-22,CI772,CAL772,China Airlines,Taipei,TPE,RCTP,15:45,07:45,15:49,4min late,20:37,27min early,4h 48m,Landed
2026-01-22,VA92,VOZ092,Virgin Australia,Melbourne,MEL,YMML,15:50,07:50,15:44,6min early,00:24,5min early,5h 40m,Landed
2026-01-22,QZ536,AWQ536,Indonesia AirAsia,Perth,PER,YPPH,16:00,08:00,15:36,23min early,20:35,50min late,4h 59m,Landed
2026-01-22,IP109,PAS109,Pelita Air Service,Jakarta,CGK,WIII,16:00,08:00,16:03,3min late,16:48,1min early,1h 45m,Landed
2026-01-22,SJ7161,,Sriwijaya Air,Makassar,UPG,WAAA,16:00,08:00,16:00,,17:20,,1h 20m,Landed
2026-01-22,QG661,CTV661,Citilink,Jakarta,CGK,WIII,16:05,08:05,19:13,8min late,20:27,27min late,2h 14m,Landed
2026-01-22,VN640,HVN640,Vietnam Airlines,Ho Chi Minh City,SGN,VVTS,16:05,08:05,16:14,9min late,18:41,13min early,3h 27m,Landed
2026-01-22,QZ807,AWQ807,Indonesia AirAsia,Jakarta,CGK,WIII,16:10,08:10,17:00,50min late,17:31,21min late,1h 31m,Landed
2026-01-22,TG432,THA432,Thai Airways International,Bangkok,BKK,VTBS,16:10,08:10,16:08,1min early,18:55,29min early,3h 47m,Landed
2026-01-22,GA427,GIA427,Garuda Indonesia,Jakarta,CGK,WIII,16:10,08:10,16:19,9min late,17:09,4min late,1h 50m,Landed
2026-01-22,QZ556,AWQ556,Indonesia AirAsia,Kuala Lumpur,KUL,WMKK,16:15,08:15,16:49,34min late,19:43,33min late,2h 54m,Landed
2026-01-22,CX784,CPA784,Cathay Pacific,Hong Kong,HKG,VHHH,16:20,08:20,16:19,on time,21:07,17min early,4h 48m,Landed
2026-01-22,MH850,MAS850,Malaysia Airlines,Kuala Lumpur,KUL,WMKK,16:25,08:25,16:28,3min late,19:30,4min early,3h 2m,Landed
2026-01-22,GA4254,GIA4254,Garuda Indonesia,Jakarta,CGK,WIII,16:30,08:30,16:42,12min late,17:25,4min early,1h 43m,Landed
2026-01-22,IW1852,WON1852,Wings Air,Lombok,LOP,WADL,16:30,08:30,16:46,16min late,17:17,2min early,30m,Landed
2026-01-22,IU743,SJV743,SW Italia,Jakarta,CGK,WIII,16:35,08:35,18:36,1min late,19:08,38min late,1h 32m,Landed
2026-01-22,BR256,EVA256,EVA Airways,Taipei,TPE,RCTP,16:40,08:40,16:59,19min late,22:11,26min late,5h 12m,Landed
2026-01-22,JT744,,Lion Air,Makassar,UPG,WAAA,16:40,08:40,,,,,1h 25m,
2026-01-22,IU703,,SW Italia,Surabaya,SUB,WARR,16:40,08:40,,,,,1h 0m,
2026-01-22,GA349,GIA349,Garuda Indonesia,Surabaya,SUB,WARR,16:55,08:55,18:48,53min late,18:30,20min late,41m,Landed
2026-01-22,ID6335,BTK6335,Batik Air,Labuan Bajo,LBJ,WATO,17:00,09:00,17:27,27min late,18:17,2min late,49m,Landed
2026-01-22,JT25,,Lion Air,Jakarta,CGK,WIII,17:15,09:15,,,,,1h 55m,
2026-01-22,GA419,GIA419,Garuda Indonesia,Jakarta,CGK,WIII,17:25,09:25,18:08,43min late,18:56,31min late,1h 48m,Landed
2026-01-22,VJ998,VJC998,VietJet Air,Hanoi,HAN,VVNB,17:25,09:25,17:36,11min late,21:22,12min early,4h 46m,Landed
2026-01-22,HO1356,DKH1356,Juneyao Airlines,Shanghai,PVG,ZSPD,17:25,09:25,17:38,13min late,23:26,23min early,5h 47m,Landed
2026-01-22,TR211,TGW211,Scoot,Singapore,SIN,WSSS,17:35,09:35,18:00,25min late,20:15,30min early,2h 15m,Landed
2026-01-22,IP107,PAS107,Pelita Air Service,Jakarta,CGK,WIII,17:40,09:40,17:56,16min late,18:49,19min late,1h 53m,Landed
2026-01-22,IU759,,SW Italia,Jakarta,CGK,WIII,17:40,09:40,,,,,1h 55m,
2026-01-22,IU126,SJV126,SW Italia,Surakarta,SOC,WAHQ,18:10,10:10,18:20,10min late,18:16,13min early,56m,Landed
2026-01-22,OD193,MXD193,Malindo Air,Perth,PER,YPPH,18:10,10:10,19:20,10min late,22:28,43min late,3h 8m,Landed
2026-01-22,IN283,,Nam Air,Jakarta,CGK,WIII,18:30,10:30,,,,,1h 40m,
2026-01-22,IN281,LKN281,Nam Air,Jakarta,CGK,WIII,18:30,10:30,19:05,35min late,19:56,46min late,1h 51m,Landed
2026-01-22,IP111,PAS111,Pelita Air Service,Jakarta,CGK,WIII,18:35,10:35,18:50,15min late,19:41,16min late,1h 51m,Landed
2026-01-22,GA417,GIA417,Garuda Indonesia,Jakarta,CGK,WIII,18:40,10:40,19:19,39min late,20:00,30min late,1h 41m,Landed
2026-01-22,CX782,CPA782,Cathay Pacific,Hong Kong,HKG,VHHH,18:40,10:40,18:28,12min early,22:59,45min early,4h 31m,Landed
2026-01-22,SL259,TLM259,Thai Lion Air,Bangkok,DMK,VTBD,18:40,10:40,18:59,19min late,22:00,on time,4h 0m,Landed
2026-01-22,JT3027,,Lion Air,Jakarta,CGK,WIII,18:40,10:40,,,,,1h 55m,
2026-01-22,EY477,ETD477,Etihad Airways,Abu Dhabi,AUH,OMAA,18:45,10:45,18:55,10min late,23:45,on time,8h 50m,Landed
2026-01-22,ID6415,BTK6415,Batik Air,Surabaya,SUB,WARR,18:45,10:45,19:12,27min late,18:51,6min late,38m,Landed
2026-01-22,6E1608,IGO1608,IndiGo,Chennai,MAA,VOMM,18:50,10:50,19:12,22min late,01:21,51min late,8h 39m,Landed
2026-01-22,QR963,QTR963,Qatar Airways,Doha,DOH,OTHH,18:50,10:50,23:48,58min late,04:10,40min late,9h 21m,Landed
2026-01-22,QZ809,AWQ809,Indonesia AirAsia,Jakarta,CGK,WIII,18:50,10:50,20:22,32min late,20:57,7min late,1h 35m,Landed
2026-01-22,TG440,THA440,Thai Airways International,Bangkok,BKK,VTBS,19:00,11:00,19:09,9min late,22:03,11min early,3h 54m,Landed
2026-01-22,AK379,AXM379,AirAsia,Kuala Lumpur,KUL,WMKK,19:15,11:15,19:47,32min late,22:43,23min late,2h 56m,Landed
2026-01-22,MH852,MAS852,Malaysia Airlines,Kuala Lumpur,KUL,WMKK,19:15,11:15,19:40,25min late,22:37,22min late,2h 57m,Landed
2026-01-22,ID7310,BTK7310,Batik Air,Jakarta,HLP,WIHH,19:25,11:25,19:42,17min late,20:09,5min early,1h 27m,Landed
2026-01-22,QG699,CTV699,Citilink,Surabaya,SUB,WARR,19:25,11:25,20:05,40min late,19:55,25min late,49m,Landed
2026-01-22,QG689,,Citilink,Jakarta,CGK,WIII,19:30,11:30,22:34,4min late,23:05,40min late,1h 31m,Landed
2026-01-22,JT923,,Lion Air,Surabaya,SUB,WARR,19:45,11:45,,,,,1h 0m,
2026-01-22,8B969,,TransNusa,Guangzhou,CAN,ZGGG,19:45,11:45,,,,,5h 20m,
2026-01-22,GA718,GIA718,Garuda Indonesia,Melbourne,MEL,YMML,19:50,11:50,20:07,17min late,04:32,2min late,5h 24m,Landed
2026-01-22,IU133,SJV133,SW Italia,Semarang,SRG,WIIS,19:50,11:50,20:16,26min late,20:15,5min late,59m,Landed
2026-01-22,EK369,UAE369,Emirates,Dubai,DXB,OMDB,19:50,11:50,19:51,1min late,00:44,25min early,8h 53m,Landed
2026-01-22,TR283,TGW283,Scoot,Singapore,SIN,WSSS,20:05,12:05,20:47,42min late,22:59,19min late,2h 12m,Landed
2026-01-22,GA415,GIA415,Garuda Indonesia,Jakarta,CGK,WIII,20:10,12:10,21:57,47min late,21:07,2min early,10m,Landed
2026-01-22,QG195,CTV195,Citilink,Jakarta,HLP,WIHH,20:10,12:10,21:29,19min late,22:12,12min late,1h 43m,Landed
2026-01-22,SQ945,SIA945,Singapore Airlines,Singapore,SIN,WSSS,20:15,12:15,20:28,13min late,22:42,13min early,2h 14m,Landed
2026-01-22,JQ34,JST034,Jetstar Airways,Melbourne,MEL,YMML,20:20,12:20,20:27,7min late,04:57,2min late,5h 30m,Landed
2026-01-22,ID6413,BTK6413,Batik Air,Surabaya,SUB,WARR,20:30,12:30,21:51,21min late,21:27,57min late,35m,Landed
2026-01-22,IP105,,Pelita Air Service,Jakarta,CGK,WIII,20:50,12:50,,,,,1h 50m,
2026-01-22,OD177,MXD177,Malindo Air,Melbourne,MEL,YMML,20:55,12:55,22:07,12min late,06:38,58min late,5h 30m,Landed
2026-01-22,OD171,MXD171,Malindo Air,Sydney,SYD,YSSY,21:10,13:10,21:52,42min late,06:45,30min late,5h 52m,Landed
2026-01-22,TK67,THY067,Turkish Airlines,Istanbul,IST,LTFM,21:10,13:10,21:15,5min late,05:34,5min early,13h 18m,Landed
2026-01-22,QZ819,AWQ819,Indonesia AirAsia,Jakarta,CGK,WIII,21:15,13:15,22:29,14min late,23:05,0min late,1h 36m,Landed
2026-01-22,JT11,,Lion Air,Jakarta,CGK,WIII,21:15,13:15,,,,,1h 55m,
2026-01-22,QF44,QFA044,Qantas,Sydney,SYD,YSSY,21:20,13:20,21:12,8min early,06:00,14min early,5h 48m,Landed
2026-01-22,JQ60,JST060,Jetstar Airways,Brisbane,BNE,YBBN,21:30,13:30,22:16,46min late,05:27,7min late,5h 11m,Landed
2026-01-22,ID6760,BTK6760,Batik Air,Makassar,UPG,WAAA,21:30,13:30,21:31,1min late,22:33,21min early,1h 2m,Landed
2026-01-22,SJ273,SJY273,Sriwijaya Air,Jakarta,CGK,WIII,21:35,13:35,23:21,46min late,23:55,40min late,1h 33m,Landed
2026-01-22,KL836,KLM836,KLM Royal Dutch Airlines,Singapore,SIN,WSSS,21:40,13:40,21:57,17min late,00:09,on time,2h 12m,Landed
2026-01-22,SQ947,SIA947,Singapore Airlines,Singapore,SIN,WSSS,21:40,13:40,22:07,27min late,00:27,7min late,2h 19m,Landed
2026-01-22,GA425,GIA425,Garuda Indonesia,Jakarta,CGK,WIII,21:40,13:40,21:47,7min late,22:24,10min early,1h 36m,Landed
2026-01-22,JQ117,JST117,Jetstar Airways,Perth,PER,YPPH,21:45,13:45,22:25,40min late,01:36,21min late,3h 11m,Landed
2026-01-22,QZ546,AWQ546,Indonesia AirAsia,Perth,PER,YPPH,21:55,13:55,23:07,12min late,02:18,43min late,3h 11m,Landed
2026-01-22,AK375,AXM375,AirAsia,Kuala Lumpur,KUL,WMKK,21:55,13:55,22:50,55min late,01:38,38min late,2h 48m,Landed
2026-01-22,VA94,VOZ094,Virgin Australia,Melbourne,MEL,YMML,22:00,14:00,22:20,20min late,06:34,5min early,5h 13m,Landed
2026-01-22,OD157,MXD157,Malindo Air,Brisbane,BNE,YBBN,22:10,14:10,23:00,50min late,06:15,15min late,5h 14m,Landed
2026-01-22,QZ811,AWQ811,Indonesia AirAsia,Jakarta,CGK,WIII,22:15,14:15,22:56,41min late,21:44,20min early,,Landed
2026-01-22,JQ38,JST038,Jetstar Airways,Sydney,SYD,YSSY,22:20,14:20,22:38,18min late,07:23,1min early,5h 45m,Landed
2026-01-22,VA66,VOZ066,Virgin Australia,Sydney,SYD,YSSY,22:30,14:30,22:49,19min late,07:35,4min early,5h 45m,Landed
2026-01-22,JT15,LNI015,Lion Air,Jakarta,CGK,WIII,22:35,14:35,22:43,8min late,23:14,15min early,1h 30m,Landed
2026-01-22,JQ128,JST128,Jetstar Airways,Adelaide,ADL,YPAD,22:50,14:50,00:03,13min late,07:07,52min late,4h 33m,Landed
2026-01-22,GA4292,,Garuda Indonesia,Jakarta,CGK,WIII,23:05,15:05,23:05,,00:05,,2h 0m,Landed
2026-01-22,GA429,,Garuda Indonesia,Jakarta,CGK,WIII,23:05,15:05,,,,,2h 0m,Cancelled
2026-01-22,7C2712,JJA2712,Jeju Air,Seoul,ICN,RKSI,23:05,15:05,23:30,25min late,07:17,7min late,6h 47m,Landed
2026-01-22,8B5109,,TransNusa,Jakarta,CGK,WIII,23:10,15:10,,,,,1h 40m,
2026-01-22,3U3986,CSC3986,Sichuan Airlines,Lujia Town,TFU,ZUTF,23:10,15:10,23:20,10min late,13:42,32min late,14h 22m,Landed
2026-01-22,VA82,VOZ082,Virgin Australia,Gold Coast,OOL,YBCG,23:20,15:20,23:26,6min late,06:44,26min early,5h 17m,Landed
2026-01-22,GA714,GIA714,Garuda Indonesia,Sydney,SYD,YSSY,23:35,15:35,23:51,16min late,08:44,9min late,5h 52m,Landed
2026-01-22,JQ42,JST042,Jetstar Airways,Melbourne,MEL,YMML,23:40,15:40,01:03,23min late,09:21,51min late,5h 18m,Landed
2026-01-22,KE432,KAL432,Korean Air Lines,Seoul,ICN,RKSI,23:50,15:50,00:07,17min late,07:23,21min early,6h 16m,Landed
2026-01-23,BX602,ABL602,Air Busan,Busan,PUS,RKPK,00:05,16:05,00:46,41min late,08:22,7min early,6h 35m,Landed
2026-01-23,TW158,TWB158,T'Way Air,Cheongju,CJJ,RKTU,00:15,16:15,01:20,5min late,08:44,34min late,6h 23m,Landed
2026-01-23,EK399,UAE399,Emirates,Dubai,DXB,OMDB,00:25,16:25,00:12,13min early,05:43,1min early,9h 31m,Landed
2026-01-23,MF892,CXA892,Xiamen Airlines,Xiamen,XMN,ZSAM,00:30,16:30,00:09,21min early,05:43,21min early,5h 34m,Landed
2026-01-23,QR961,QTR961,Qatar Airways,Doha,DOH,OTHH,00:30,16:30,00:19,11min early,05:19,9min late,10h 0m,Landed
2026-01-23,CZ626,CSN626,China Southern Airlines,Guangzhou,CAN,ZGGG,00:40,16:40,00:36,3min early,05:20,29min early,4h 44m,Landed
2026-01-23,GA870,GIA870,Garuda Indonesia,Seoul,ICN,RKSI,00:50,16:50,01:30,40min late,09:12,22min late,6h 42m,Landed
2026-01-23,GA880,GIA880,Garuda Indonesia,Tokyo,NRT,RJAA,00:50,16:50,01:38,48min late,09:23,33min late,6h 45m,Landed
2026-01-23,MU5030,CES5030,China Eastern Airlines,Shanghai,PVG,ZSPD,00:55,16:55,00:54,on time,06:56,13min early,6h 2m,Landed
2026-01-23,QZ548,AWQ548,Indonesia AirAsia,Perth,PER,YPPH,01:00,17:00,01:18,18min late,04:56,16min late,3h 37m,Landed
2026-01-23,PR538,PAL538,Philippine Airlines,Manila,MNL,RPLL,01:10,17:10,23:59,10min early,04:50,20min early,4h 50m,Landed
2026-01-23,KE434,KAL434,Korean Air Lines,Seoul,ICN,RKSI,01:20,17:20,01:33,13min late,08:48,31min early,6h 15m,Landed
2026-01-23,8B5888,TNU5888,Business Air,Manado,MDC,WAMM,01:30,17:30,01:36,6min late,03:46,29min early,2h 9m,Landed
2026-01-23,QZ534,AWQ534,Indonesia AirAsia,Perth,PER,YPPH,07:00,23:00,07:26,26min late,10:37,12min early,3h 11m,Landed
2026-01-23,QZ813,AWQ813,Indonesia AirAsia,Jakarta,CGK,WIII,07:00,23:00,07:37,37min late,08:06,16min late,1h 29m,Landed
2026-01-23,IU705,SJV705,SW Italia,Surabaya,SUB,WARR,07:00,23:00,07:30,30min late,07:07,6min late,36m,Landed
2026-01-23,JT746,LNI746,Lion Air,Makassar,UPG,WAAA,07:00,23:00,07:19,19min late,08:26,1min late,1h 7m,Landed
2026-01-23,GA401,GIA401,Garuda Indonesia,Jakarta,CGK,WIII,07:00,23:00,07:15,15min late,07:53,6min early,1h 38m,Landed
2026-01-23,JQ82,JST082,Jetstar Airways,Darwin,DRW,YPDN,07:05,23:05,07:26,21min late,11:12,2min early,2h 16m,Landed
2026-01-23,QG690,CTV690,Citilink,Surabaya,SUB,WARR,07:05,23:05,07:26,21min late,07:08,1min early,41m,Landed
2026-01-23,QZ644,,Indonesia AirAsia,Labuan Bajo,LBJ,WATO,07:10,23:10,07:41,31min late,08:25,,1h 15m,Landed
2026-01-23,QZ550,AWQ550,Indonesia AirAsia,Kuala Lumpur,KUL,WMKK,07:15,23:15,07:06,8min early,13:45,35min late,6h 39m,Landed
2026-01-23,SQ949,SIA949,Singapore Airlines,Singapore,SIN,WSSS,07:20,23:20,07:35,15min late,09:54,6min early,2h 19m,Landed
2026-01-23,8B551,,Business Air,Singapore,SIN,WSSS,07:30,23:30,,,,,2h 25m,Cancelled
2026-01-23,ID6333,,Batik Air,Labuan Bajo,LBJ,WATO,07:55,23:55,07:57,2min late,08:47,22min early,50m,Landed
2026-01-23,IW1858,,Wings Air,Lombok,LOP,WADL,08:05,00:05,08:26,21min late,08:55,on time,29m,Landed
2026-01-23,QG9691,,Citilink,Surabaya,SUB,WARR,08:05,00:05,07:58,6min early,07:55,14min early,57m,Landed
2026-01-23,JT21,LNI021,Lion Air,Jakarta,CGK,WIII,08:05,00:05,08:30,25min late,09:00,on time,1h 30m,Landed
2026-01-23,HX706,CRK706,Hong Kong Airlines,Hong Kong,HKG,VHHH,08:15,00:15,08:07,8min early,13:17,2min late,5h 10m,Landed
2026-01-23,5J280,CEB280,CEBU Pacific Air,Manila,MNL,RPLL,08:35,00:35,08:36,on time,12:26,23min early,3h 50m,Landed
2026-01-23,CZ8482,CSN8482,China Southern Airlines,Guangzhou,CAN,ZGGG,08:35,00:35,08:36,1min late,13:23,16min early,4h 47m,Landed
2026-01-23,IW1882,WON1882,Wings Air,Sumbawa Besar,SWQ,WADS,08:55,00:55,09:01,6min late,09:46,13min early,44m,Landed
2026-01-23,IW3330,,Wings Air,,,,09:00,01:00,11:29,29min late,13:42,57min late,2h 13m,Landed
2026-01-23,IN640,,NAM Air,Tambolaka,TMC,WADT,09:10,01:10,,,,,1h 0m,
2026-01-23,SJ740,,Sriwijaya Air,Waingapu,WGP,WADW,09:10,01:10,09:10,,10:30,,1h 20m,Landed
2026-01-23,IN6406,,NAM Air,Tambolaka,TMC,WADT,09:10,01:10,,,,,1h 0m,
2026-01-23,8B5105,TNU5105,Business Air,Jakarta,CGK,WIII,09:15,01:15,09:20,5min late,09:50,9min early,1h 29m,Landed
2026-01-23,ID6324,BTK6324,Batik Air,Tambolaka,TMC,WADT,09:20,01:20,09:38,18min late,10:28,6min early,50m,Landed
2026-01-23,IW1848,WON1848,Wings Air,Lombok,LOP,WADL,09:25,01:25,10:09,44min late,10:41,26min late,32m,Landed
2026-01-23,QZ504,AWQ504,Indonesia AirAsia,Singapore,SIN,WSSS,09:25,01:25,09:29,4min late,11:47,17min early,2h 17m,Landed
2026-01-23,QG500,CTV500,Citilink,Dili,DIL,WPDL,09:30,01:30,09:55,25min late,12:50,30min late,1h 55m,Landed
2026-01-23,ID6007,BTK6007,Batik Air,Perth,PER,YPPH,09:30,01:30,07:26,3min early,12:50,24min early,5h 23m,Landed
2026-01-23,QG663,CTV663,Citilink,Jakarta,CGK,WIII,09:35,01:35,09:27,8min early,10:06,23min early,1h 39m,Landed
2026-01-23,QZ803,AWQ803,Indonesia AirAsia,Jakarta,CGK,WIII,09:40,01:40,09:51,11min late,10:18,11min early,1h 27m,Landed
2026-01-23,8B80,TNU080,Business Air,Perth,PER,YPPH,09:40,01:40,09:47,7min late,12:57,27min early,3h 10m,Landed
2026-01-23,QR965,QTR965,Qatar Airways,Doha,DOH,OTHH,09:45,01:45,09:46,on time,14:31,6min late,9h 45m,Landed
2026-01-23,GA710,GIA710,Garuda Indonesia,Melbourne,MEL,YMML,09:55,01:55,11:09,14min late,19:19,49min late,5h 10m,Landed
2026-01-23,IU122,,SW Italia,Yogyakarta,YIA,WAHI,10:00,02:00,,,,,1h 30m,
2026-01-23,IU128,SJV128,SW Italia,Surakarta,SOC,WAHQ,10:00,02:00,10:16,16min late,10:18,1min early,1h 2m,Landed
2026-01-23,SU297,AFL297,Aeroflot,Moscow,SVO,UUEE,10:05,02:05,10:33,28min late,17:55,on time,12h 22m,Landed
2026-01-23,JQ126,JST126,Jetstar Airways,Adelaide,ADL,YPAD,10:15,02:15,10:15,on time,17:25,19min early,4h 40m,Landed
2026-01-23,8B5101,TNU5101,Business Air,Jakarta,CGK,WIII,10:30,02:30,11:44,14min late,12:12,57min late,1h 28m,Landed
2026-01-23,SQ935,SIA935,Singapore Airlines,Singapore,SIN,WSSS,10:30,02:30,10:52,22min late,13:05,5min early,2h 13m,Landed
2026-01-23,JT270,,Lion Air,Kupang,KOE,WATT,10:35,02:35,11:24,49min late,12:52,27min late,1h 28m,Landed
2026-01-23,8G182,DTL182,Mid Africa Aviation,Dili,DIL,WPDL,10:35,02:35,10:37,2min late,13:15,14min early,1h 38m,Landed
2026-01-23,JT33,,Lion Air,Jakarta,CGK,WIII,10:35,02:35,10:35,,14:15,45min late,4h 40m,Landed
2026-01-23,JT805,LNI805,Lion Air,Surabaya,SUB,WARR,10:35,02:35,10:56,21min late,10:34,on time,38m,Landed
2026-01-23,QZ815,AWQ815,Indonesia AirAsia,Jakarta,CGK,WIII,10:35,02:35,11:01,26min late,11:34,4min late,1h 33m,Landed
2026-01-23,JT924,LNI924,Lion Air,Kupang,KOE,WATT,10:35,02:35,11:20,45min late,12:45,20min late,1h 24m,Landed
2026-01-23,QG197,CTV197,Citilink,Jakarta,HLP,WIHH,11:10,03:10,10:58,12min early,11:47,12min early,1h 49m,Landed
2026-01-23,TR281,TGW281,Scoot,Singapore,SIN,WSSS,11:10,03:10,12:49,39min late,15:27,37min late,2h 38m,Landed
2026-01-23,JQ40,JST040,Jetstar Airways,Sydney,SYD,YSSY,11:15,03:15,11:47,32min late,20:44,29min late,5h 57m,Landed
2026-01-23,GA620,GIA620,Garuda Indonesia,Makassar,UPG,WAAA,11:20,03:20,11:30,10min late,12:37,12min early,1h 7m,Landed
2026-01-23,6E1606,IGO1606,IndiGo,Bangalore,BLR,VOBL,11:30,03:30,11:09,21min early,15:09,25min early,6h 30m,Landed
2026-01-23,JQ32,JST032,Jetstar Airways,Melbourne,MEL,YMML,11:30,03:30,11:28,2min early,19:51,18min early,5h 23m,Landed
2026-01-23,OD172,MXD172,Malindo Air,Kuala Lumpur,KUL,WMKK,11:35,03:35,12:40,5min late,15:37,52min late,2h 56m,Landed
2026-01-23,QZ646,AWQ646,Indonesia AirAsia,Labuan Bajo,LBJ,WATO,11:40,03:40,12:41,1min late,13:30,35min late,49m,Landed
2026-01-23,IW1902,WON1902,Wings Air,Jember,JBB,WARE,11:40,03:40,11:55,15min late,11:31,28min early,36m,Landed
2026-01-23,IW1964,WON1964,Wings Air,Lombok,LOP,WADL,11:40,03:40,12:06,26min late,12:39,9min late,33m,Landed
2026-01-23,JQ109,JST109,Jetstar Airways,Perth,PER,YPPH,11:45,03:45,11:49,4min late,15:07,27min early,3h 18m,Landed
2026-01-23,ID6331,BTK6331,Batik Air,Labuan Bajo,LBJ,WATO,11:45,03:45,11:53,8min late,12:45,14min early,52m,Landed
2026-01-23,GA407,GIA407,Garuda Indonesia,Jakarta,CGK,WIII,11:55,03:55,12:24,29min late,12:53,1min early,1h 29m,Landed
2026-01-23,JT31,,Lion Air,Jakarta,CGK,WIII,11:55,03:55,,,,,1h 55m,
2026-01-23,FD397,AIQ397,Thai AirAsia,Bangkok,DMK,VTBD,12:00,04:00,12:13,13min late,15:18,1min early,4h 5m,Landed
2026-01-23,SQ937,SIA937,Singapore Airlines,Singapore,SIN,WSSS,12:05,04:05,12:18,13min late,14:49,6min early,2h 30m,Landed
2026-01-23,QZ618,AWQ618,Indonesia AirAsia,Banjarmasin,BDJ,WAOO,12:05,04:05,12:17,12min late,13:23,16min early,1h 5m,Landed
2026-01-23,GA253,GIA253,Garuda Indonesia,Yogyakarta,YIA,WAHI,12:05,04:05,12:29,24min late,12:42,12min early,1h 13m,Landed
2026-01-23,OD192,MXD192,Malindo Air,Kuala Lumpur,KUL,WMKK,12:10,04:10,12:30,20min late,15:11,8min early,2h 40m,Landed
2026-01-23,SJ742,SJY742,Sriwijaya Air,Tambolaka,TMC,WADT,12:10,04:10,13:22,12min late,14:05,55min late,42m,Landed
2026-01-23,QG9663,CTV9663,Citilink,Jakarta,CGK,WIII,12:11,04:11,12:11,on time,12:44,3min late,1h 33m,Landed
2026-01-23,OD178,MXD178,Malindo Air,Kuala Lumpur,KUL,WMKK,12:15,04:15,12:29,14min late,15:13,11min early,2h 43m,Landed
2026-01-23,IP103,PAS103,Pelita Air Service,Jakarta,CGK,WIII,12:45,04:45,12:47,2min late,13:15,19min early,1h 27m,Landed
2026-01-23,OD158,MXD158,Malindo Air,Kuala Lumpur,KUL,WMKK,12:45,04:45,13:14,29min late,15:50,4min early,2h 36m,Landed
2026-01-23,SQ939,SIA939,Singapore Airlines,Singapore,SIN,WSSS,13:00,05:00,13:09,9min late,15:41,9min early,2h 31m,Landed
2026-01-23,AK365,AXM365,AirAsia,Kuala Lumpur,KUL,WMKK,13:05,05:05,13:16,11min late,17:42,32min late,4h 25m,Landed
2026-01-23,MH714,MAS714,Malaysia Airlines,Kuala Lumpur,KUL,WMKK,13:10,05:10,13:19,9min late,16:05,on time,2h 45m,Landed
2026-01-23,JT35,LNI035,Lion Air,Jakarta,CGK,WIII,13:15,05:15,13:47,32min late,14:18,8min late,1h 31m,Landed
2026-01-23,GA409,GIA409,Garuda Indonesia,Jakarta,CGK,WIII,13:25,05:25,13:38,13min late,14:24,on time,1h 46m,Landed
2026-01-23,JT660,,Lion Air,Balikpapan,BPN,WALL,13:30,05:30,,,,,1h 45m,
2026-01-23,JQ58,JST058,Jetstar Airways,Brisbane,BNE,YBBN,13:30,05:30,13:43,13min late,20:53,31min early,5h 10m,Landed
2026-01-23,ID6509,BTK6509,Batik Air,Jakarta,CGK,WIII,13:45,05:45,13:54,9min late,14:25,14min early,1h 30m,Landed
2026-01-23,8B5107,TNU5107,Business Air,Jakarta,CGK,WIII,13:50,05:50,13:30,19min early,14:00,34min early,1h 30m,Landed
2026-01-23,JT919,LNI919,Lion Air,Surabaya,SUB,WARR,13:55,05:55,14:19,24min late,13:57,2min late,38m,Landed
2026-01-23,QG342,CTV342,Citilink,Makassar,UPG,WAAA,13:55,05:55,13:56,1min late,15:32,12min late,1h 35m,Landed
2026-01-23,6E1612,IGO1612,IndiGo,Bhubaneswar,BBI,VEBS,14:00,06:00,13:53,7min early,17:21,18min early,5h 58m,Landed
2026-01-23,IU137,,SW Italia,Kupang,KOE,WATT,14:00,06:00,,,,,1h 50m,
2026-01-23,QG687,CTV687,Citilink,Jakarta,CGK,WIII,14:00,06:00,14:06,6min late,14:44,10min early,1h 38m,Landed
2026-01-23,8B82,TNU082,Business Air,Perth,PER,YPPH,14:00,06:00,14:15,15min late,17:32,7min early,3h 17m,Landed
2026-01-23,QZ544,AWQ544,Indonesia AirAsia,Perth,PER,YPPH,14:00,06:00,14:51,51min late,18:12,22min late,3h 21m,Landed
2026-01-23,VJ894,VJC894,VietJet Air,Ho Chi Minh City,SGN,VVTS,14:05,06:05,13:59,5min early,16:09,55min early,3h 10m,Landed
2026-01-23,IU130,SJV130,SW Italia,Semarang,SRG,WIIS,14:15,06:15,14:24,9min late,14:24,10min early,1h 0m,Landed
2026-01-23,ID6517,BTK6517,Batik Air,Jakarta,CGK,WIII,14:15,06:15,15:01,46min late,15:33,23min late,1h 31m,Landed
2026-01-23,ID7308,BTK7308,Batik Air,Jakarta,HLP,WIHH,14:20,06:20,14:46,26min late,15:13,3min late,1h 26m,Landed
2026-01-23,QZ506,AWQ506,Indonesia AirAsia,Singapore,SIN,WSSS,14:25,06:25,16:15,50min late,18:46,26min late,2h 31m,Landed
2026-01-23,TR289,TGW289,Scoot,Singapore,SIN,WSSS,14:35,06:35,14:43,8min late,17:07,23min early,2h 24m,Landed
2026-01-23,JT23,,Lion Air,Jakarta,CGK,WIII,14:45,06:45,,,,,1h 55m,
2026-01-23,OD307,MXD307,Malindo Air,Kuala Lumpur,KUL,WMKK,14:50,06:50,15:07,17min late,17:44,10min early,2h 37m,Landed
2026-01-23,JQ43,JST043,Jetstar Airways,Singapore,SIN,WSSS,14:50,06:50,14:41,9min early,17:22,32min early,2h 41m,Landed
2026-01-23,JQ44,JST044,Jetstar Airways,Melbourne,MEL,YMML,14:55,06:55,14:59,4min late,23:35,on time,5h 36m,Landed
2026-01-23,JT844,LNI844,Lion Air,Banjarmasin,BDJ,WAOO,15:00,07:00,15:09,9min late,16:22,7min early,1h 12m,Landed
2026-01-23,IU120,SJV120,SW Italia,Yogyakarta,YIA,WAHI,15:00,07:00,15:47,47min late,16:03,33min late,1h 16m,Landed
2026-01-23,VA48,VOZ048,Virgin Australia,Brisbane,BNE,YBBN,15:00,07:00,15:13,13min late,22:53,1min early,5h 40m,Landed
2026-01-23,QZ246,AWQ246,Indonesia AirAsia,Phuket,HKT,VTSP,15:05,07:05,16:37,32min late,19:03,23min late,3h 26m,Landed
2026-01-23,AI2148,AIC2148,Air India,Delhi,DEL,VIDP,15:10,07:10,15:31,21min late,20:24,19min late,7h 23m,Landed
2026-01-23,QG681,CTV681,Citilink,Jakarta,CGK,WIII,15:10,07:10,15:02,8min early,15:59,5min early,1h 57m,Landed
2026-01-23,GA842,GIA842,Garuda Indonesia,Singapore,SIN,WSSS,15:15,07:15,15:19,4min late,17:49,10min early,2h 30m,Landed
2026-01-23,AK377,AXM377,AirAsia,Kuala Lumpur,KUL,WMKK,15:25,07:25,16:44,19min late,19:31,6min late,2h 47m,Landed
2026-01-23,JT740,LNI740,Lion Air,Makassar,UPG,WAAA,15:30,07:30,16:24,54min late,17:30,35min late,1h 6m,Landed
2026-01-23,VJ898,VJC898,VietJet Air,Ho Chi Minh City,SGN,VVTS,15:35,07:35,15:43,8min late,18:33,8min late,3h 50m,Landed
2026-01-23,GA411,GIA411,Garuda Indonesia,Jakarta,CGK,WIII,15:35,07:35,16:02,27min late,16:56,11min late,1h 54m,Landed
2026-01-23,SJ717,SJY717,Sriwijaya Air,Makassar,UPG,WAAA,15:40,07:40,20:28,48min late,21:29,29min late,1h 1m,Landed
2026-01-23,IW1850,WON1850,Wings Air,Lombok,LOP,WADL,15:40,07:40,16:06,26min late,16:50,20min late,44m,Landed
2026-01-23,QG669,CTV669,Citilink,Surabaya,SUB,WARR,15:40,07:40,15:44,4min late,15:32,12min early,48m,Landed
2026-01-23,CI772,CAL772,China Airlines,Taipei,TPE,RCTP,15:45,07:45,16:09,24min late,21:21,16min late,5h 12m,Landed
2026-01-23,QZ536,AWQ536,Indonesia AirAsia,Perth,PER,YPPH,16:00,08:00,16:45,45min late,20:07,22min late,3h 22m,Landed
2026-01-23,IP109,PAS109,Pelita Air Service,Jakarta,CGK,WIII,16:00,08:00,16:04,4min late,16:40,9min early,1h 36m,Landed
2026-01-23,VN640,HVN640,Vietnam Airlines,Ho Chi Minh City,SGN,VVTS,16:05,08:05,16:09,4min late,18:50,4min early,3h 41m,Landed
2026-01-23,QG661,CTV661,Citilink,Jakarta,CGK,WIII,16:05,08:05,15:58,7min early,17:04,4min late,2h 6m,Landed
2026-01-23,QZ807,AWQ807,Indonesia AirAsia,Jakarta,CGK,WIII,16:10,08:10,16:38,28min late,17:11,1min late,1h 33m,Landed
2026-01-23,TG432,THA432,Thai Airways International,Bangkok,BKK,VTBS,16:10,08:10,16:14,4min late,18:57,27min early,3h 43m,Landed
2026-01-23,GA427,GIA427,Garuda Indonesia,Jakarta,CGK,WIII,16:10,08:10,16:31,21min late,17:13,8min late,1h 42m,Landed
2026-01-23,CX784,CPA784,Cathay Pacific,Hong Kong,HKG,VHHH,16:20,08:20,16:23,3min late,21:26,1min late,5h 3m,Landed
2026-01-23,MH850,MAS850,Malaysia Airlines,Kuala Lumpur,KUL,WMKK,16:25,08:25,16:40,15min late,19:51,16min late,3h 11m,Landed
2026-01-23,IW1852,WON1852,Wings Air,Lombok,LOP,WADL,16:30,08:30,16:41,11min late,17:13,6min early,31m,Landed
2026-01-23,IU743,SJV743,SW Italia,Jakarta,CGK,WIII,16:35,08:35,17:24,49min late,17:52,22min late,1h 28m,Landed
2026-01-23,BR256,EVA256,EVA Airways,Taipei,TPE,RCTP,16:40,08:40,15:43,56min early,22:07,22min late,6h 23m,Landed
2026-01-23,IU703,,SW Italia,Surabaya,SUB,WARR,16:40,08:40,17:48,8min late,17:25,45min late,36m,Landed
2026-01-23,JT744,,Lion Air,Makassar,UPG,WAAA,16:40,08:40,,,,,1h 25m,
2026-01-23,GA349,GIA349,Garuda Indonesia,Surabaya,SUB,WARR,16:55,08:55,17:20,25min late,17:03,6min early,42m,Landed
2026-01-23,IU273,,SW Italia,Pontianak,PNK,WIOO,17:00,09:00,,,,,2h 5m,
2026-01-23,JT25,,Lion Air,Jakarta,CGK,WIII,17:15,09:15,19:52,37min late,20:23,13min late,1h 31m,Landed
2026-01-23,HO1356,DKH1356,Juneyao Airlines,Shanghai,PVG,ZSPD,17:25,09:25,17:41,16min late,23:48,1min early,6h 7m,Landed
2026-01-23,VJ998,VJC998,VietJet Air,Hanoi,HAN,VVNB,17:25,09:25,17:34,9min late,21:18,16min early,4h 44m,Landed
2026-01-23,GA419,GIA419,Garuda Indonesia,Jakarta,CGK,WIII,17:25,09:25,17:45,20min late,18:26,1min late,1h 41m,Landed
2026-01-23,TR211,TGW211,Scoot,Singapore,SIN,WSSS,17:35,09:35,17:50,15min late,20:12,33min early,2h 22m,Landed
2026-01-23,IU759,SJV759,SW Italia,Jakarta,CGK,WIII,17:40,09:40,19:38,58min late,20:10,35min late,1h 31m,Landed
2026-01-23,IP107,PAS107,Pelita Air Service,Jakarta,CGK,WIII,17:40,09:40,17:53,13min late,18:26,3min early,1h 33m,Landed
2026-01-23,AK368,AXM368,AirAsia,Kuala Lumpur,KUL,WMKK,17:45,09:45,19:44,59min late,22:00,10min late,2h 16m,Landed
2026-01-23,OD193,MXD193,Malindo Air,Perth,PER,YPPH,18:10,10:10,18:29,19min late,21:58,13min late,3h 29m,Landed
2026-01-23,IU126,SJV126,SW Italia,Surakarta,SOC,WAHQ,18:10,10:10,18:43,33min late,18:40,10min late,57m,Landed
2026-01-23,IN281,LKN281,Nam Air,Jakarta,CGK,WIII,18:30,10:30,18:38,8min late,19:05,4min early,1h 27m,Landed
2026-01-23,IP111,PAS111,Pelita Air Service,Jakarta,CGK,WIII,18:35,10:35,19:02,27min late,19:30,5min late,1h 28m,Landed
2026-01-23,GA417,GIA417,Garuda Indonesia,Jakarta,CGK,WIII,18:40,10:40,18:58,18min late,19:33,3min late,1h 35m,Landed
2026-01-23,CX782,CPA782,Cathay Pacific,Hong Kong,HKG,VHHH,18:40,10:40,18:46,6min late,23:23,21min early,4h 37m,Landed
2026-01-23,JT3027,,Lion Air,Jakarta,CGK,WIII,18:40,10:40,21:58,18min late,22:27,52min late,1h 29m,Landed
2026-01-23,ID6415,,Batik Air,Surabaya,SUB,WARR,18:45,10:45,,,,,1h 0m,
2026-01-23,EY477,ETD477,Etihad Airways,Abu Dhabi,AUH,OMAA,18:45,10:45,19:11,26min late,00:17,32min late,9h 6m,Landed
2026-01-23,QR963,QTR963,Qatar Airways,Doha,DOH,OTHH,18:50,10:50,18:37,13min early,23:36,6min late,9h 59m,Landed
2026-01-23,QZ809,AWQ809,Indonesia AirAsia,Jakarta,CGK,WIII,18:50,10:50,19:16,26min late,19:43,6min early,1h 27m,Landed
2026-01-23,NZ291,ANZ291,Air New Zealand,Auckland,AKL,NZAA,18:50,10:50,19:35,45min late,08:08,13min late,7h 32m,Landed
2026-01-23,6E1608,IGO1608,IndiGo,Chennai,MAA,VOMM,18:50,10:50,19:16,26min late,22:51,21min late,6h 4m,Landed
2026-01-23,TG440,THA440,Thai Airways International,Bangkok,BKK,VTBS,19:00,11:00,19:26,26min late,18:57,17min early,31m,Landed
2026-01-23,AK379,AXM379,AirAsia,Kuala Lumpur,KUL,WMKK,19:15,11:15,20:08,53min late,22:47,27min late,2h 38m,Landed
2026-01-23,MH852,MAS852,Malaysia Airlines,Kuala Lumpur,KUL,WMKK,19:15,11:15,19:25,10min late,22:23,8min late,2h 58m,Landed
2026-01-23,ID7310,BTK7310,Batik Air,Jakarta,HLP,WIHH,19:25,11:25,20:14,49min late,20:38,23min late,1h 24m,Landed
2026-01-23,QG699,CTV699,Citilink,Surabaya,SUB,WARR,19:25,11:25,19:43,18min late,19:30,on time,47m,Landed
2026-01-23,QG689,CTV689,Citilink,Jakarta,CGK,WIII,19:30,11:30,19:58,28min late,20:32,7min late,1h 34m,Landed
2026-01-23,JQ107,JST107,Jetstar Airways,Perth,PER,YPPH,19:45,11:45,19:48,3min late,22:59,20min early,3h 10m,Landed
2026-01-23,JT923,,Lion Air,Surabaya,SUB,WARR,19:45,11:45,22:42,57min late,22:19,34min late,37m,Landed
2026-01-23,8B969,TNU969,Business Air,Guangzhou,CAN,ZGGG,19:45,11:45,20:03,18min late,00:51,13min early,4h 48m,Landed
2026-01-23,EK369,UAE369,Emirates,Dubai,DXB,OMDB,19:50,11:50,19:55,5min late,01:00,9min early,9h 4m,Landed
2026-01-23,IU133,SJV133,SW Italia,Semarang,SRG,WIIS,19:50,11:50,20:18,28min late,20:17,7min late,58m,Landed
2026-01-23,SL259,,Thai Lion Air,Bangkok,DMK,VTBD,20:05,12:05,,,,,4h 20m,
2026-01-23,TR283,TGW283,Scoot,Singapore,SIN,WSSS,20:05,12:05,20:10,5min late,22:19,21min early,2h 8m,Landed
2026-01-23,QG195,CTV195,Citilink,Jakarta,HLP,WIHH,20:10,12:10,20:23,13min late,20:51,8min early,1h 28m,Landed
2026-01-23,SQ945,SIA945,Singapore Airlines,Singapore,SIN,WSSS,20:15,12:15,20:26,11min late,22:43,12min early,2h 16m,Landed
2026-01-23,JQ34,JST034,Jetstar Airways,Melbourne,MEL,YMML,20:20,12:20,20:50,30min late,04:47,7min early,4h 57m,Landed
2026-01-23,GA718,GIA718,Garuda Indonesia,Melbourne,MEL,YMML,20:20,12:20,20:40,20min late,04:50,9min early,5h 10m,Landed
2026-01-23,ID6413,BTK6413,Batik Air,Surabaya,SUB,WARR,20:30,12:30,20:52,22min late,17:34,4min late,21h 41m,Landed
2026-01-23,QG9697,CTV9697,Citilink,Surabaya,SUB,WARR,20:40,12:40,20:54,14min late,20:45,on time,51m,Landed
2026-01-23,GA415,GIA415,Garuda Indonesia,Jakarta,CGK,WIII,20:45,12:45,20:44,on time,21:22,22min early,1h 38m,Landed
2026-01-23,IP105,PAS105,Pelita Air Service,Jakarta,CGK,WIII,20:50,12:50,21:07,17min late,21:35,4min early,1h 28m,Landed
2026-01-23,OD177,MXD177,Malindo Air,Melbourne,MEL,YMML,20:55,12:55,21:23,28min late,05:37,2min early,5h 14m,Landed
2026-01-23,TK67,THY067,Turkish Airlines,Istanbul,IST,LTFM,21:10,13:10,21:20,10min late,05:41,1min late,13h 20m,Landed
2026-01-23,OD171,MXD171,Malindo Air,Sydney,SYD,YSSY,21:10,13:10,21:54,44min late,06:31,16min late,5h 37m,Landed
2026-01-23,QG9667,,Citilink,Jakarta,CGK,WIII,21:10,13:10,00:18,8min late,00:45,35min late,1h 27m,Landed
2026-01-23,QZ819,AWQ819,Indonesia AirAsia,Jakarta,CGK,WIII,21:15,13:15,21:30,15min late,22:02,2min early,1h 32m,Landed
2026-01-23,JT11,LNI011,Lion Air,Jakarta,CGK,WIII,21:15,13:15,21:28,13min late,21:54,15min early,1h 25m,Landed
2026-01-23,QF44,QFA044,Qantas,Sydney,SYD,YSSY,21:20,13:20,22:13,53min late,06:43,28min late,5h 30m,Landed
2026-01-23,SJ273,SJY273,Sriwijaya Air,Jakarta,CGK,WIII,21:35,13:35,22:36,1min late,23:02,47min late,1h 26m,Landed
2026-01-23,KL836,KLM836,KLM Royal Dutch Airlines,Singapore,SIN,WSSS,21:40,13:40,22:24,44min late,00:49,39min late,2h 25m,Landed
2026-01-23,GA425,GIA425,Garuda Indonesia,Jakarta,CGK,WIII,21:40,13:40,21:51,11min late,22:25,9min early,1h 34m,Landed
2026-01-23,SQ947,SIA947,Singapore Airlines,Singapore,SIN,WSSS,21:40,13:40,21:41,on time,00:12,7min early,2h 31m,Landed
2026-01-23,JQ117,JST117,Jetstar Airways,Perth,PER,YPPH,21:45,13:45,21:28,17min early,00:54,20min early,3h 26m,Landed
2026-01-23,AK375,AXM375,AirAsia,Kuala Lumpur,KUL,WMKK,21:55,13:55,23:33,38min late,02:22,22min late,2h 49m,Landed
2026-01-23,QZ546,AWQ546,Indonesia AirAsia,Perth,PER,YPPH,21:55,13:55,22:11,16min late,01:28,6min early,3h 16m,Landed
2026-01-23,TK311,THY311,Turkish Airlines,Istanbul,IST,LTFM,22:00,14:00,22:06,6min late,06:24,on time,13h 17m,Landed
2026-01-23,VA94,VOZ094,Virgin Australia,Melbourne,MEL,YMML,22:00,14:00,22:05,5min late,06:48,8min late,5h 43m,Landed
2026-01-23,SV857,SVA857,Saudi Arabian Airlines,Singapore,SIN,WSSS,22:05,14:05,21:59,6min early,00:26,18min early,2h 27m,Landed
2026-01-23,QF46,QFA046,Qantas,Melbourne,MEL,YMML,22:05,14:05,22:28,23min late,06:40,9min early,5h 12m,Landed
2026-01-23,OD157,MXD157,Malindo Air,Brisbane,BNE,YBBN,22:10,14:10,22:50,40min late,06:10,10min late,5h 19m,Landed
2026-01-23,QZ811,AWQ811,Indonesia AirAsia,Jakarta,CGK,WIII,22:15,14:15,22:48,33min late,23:11,6min late,1h 23m,Landed
2026-01-23,JQ89,JST089,Jetstar Airways,Newcastle,NTL,YWLM,22:20,14:20,22:43,23min late,07:34,19min late,5h 51m,Landed
2026-01-23,JQ38,JST038,Jetstar Airways,Sydney,SYD,YSSY,22:20,14:20,22:23,3min late,07:21,8min early,5h 58m,Landed
2026-01-23,VA66,VOZ066,Virgin Australia,Sydney,SYD,YSSY,22:30,14:30,22:34,4min late,07:45,5min late,6h 11m,Landed
2026-01-23,JT15,,Lion Air,Jakarta,CGK,WIII,22:35,14:35,,,,,1h 55m,
2026-01-23,JQ128,JST128,Jetstar Airways,Adelaide,ADL,YPAD,22:50,14:50,22:47,3min early,06:03,11min early,4h 46m,Landed
2026-01-23,GA4292,,Garuda Indonesia,Jakarta,CGK,WIII,23:05,15:05,23:05,,00:05,,2h 0m,Landed
2026-01-23,GA429,,Garuda Indonesia,Jakarta,CGK,WIII,23:05,15:05,,,,,2h 0m,Cancelled
2026-01-23,7C2712,JJA2712,Jeju Air,Seoul,ICN,RKSI,23:05,15:05,23:01,4min early,06:51,18min early,6h 50m,Landed
2026-01-23,JQ91,JST091,Jetstar Airways,Cairns,CNS,YBCS,23:10,15:10,23:15,5min late,05:44,on time,4h 29m,Landed
2026-01-23,8B5109,TNU5109,Business Air,Jakarta,CGK,WIII,23:10,15:10,01:32,22min late,01:57,7min late,1h 25m,Landed
2026-01-23,VA82,VOZ082,Virgin Australia,Gold Coast,OOL,YBCG,23:20,15:20,23:14,6min early,06:55,14min early,5h 41m,Landed
2026-01-23,GA714,GIA714,Garuda Indonesia,Sydney,SYD,YSSY,23:35,15:35,00:01,26min late,08:44,9min late,5h 42m,Landed
2026-01-23,JQ42,JST042,Jetstar Airways,Melbourne,MEL,YMML,23:40,15:40,23:56,16min late,08:13,16min early,5h 17m,Landed
2026-01-23,QZ420,AWQ420,Indonesia AirAsia,Adelaide,ADL,YPAD,23:45,15:45,00:08,23min late,07:06,18min early,4h 28m,Landed
2026-01-23,KE432,KAL432,Korean Air Lines,Seoul,ICN,RKSI,23:50,15:50,00:06,16min late,07:52,7min late,6h 45m,Landed
2026-01-23,JQ94,JST094,Jetstar Airways,Gold Coast,OOL,YBCG,23:55,15:55,23:56,on time,07:45,20min late,5h 49m,Landed
2026-01-24,BX602,ABL602,Air Busan,Busan,PUS,RKPK,00:05,16:05,00:46,41min late,08:22,7min early,6h 35m,Landed
2026-01-24,8B84,TNU084,Business Air,Perth,PER,YPPH,00:20,16:20,19:51,28min early,03:36,28min early,7h 45m,Landed
2026-01-24,EK399,UAE399,Emirates,Dubai,DXB,OMDB,00:25,16:25,00:22,3min early,05:57,12min late,9h 35m,Landed
2026-01-24,QR961,QTR961,Qatar Airways,Doha,DOH,OTHH,00:30,16:30,00:29,on time,05:22,12min late,9h 53m,Landed
2026-01-24,MF892,CXA892,Xiamen Airlines,Xiamen,XMN,ZSAM,00:30,16:30,00:11,19min early,05:21,43min early,5h 10m,Landed
2026-01-24,CZ626,CSN626,China Southern Airlines,Guangzhou,CAN,ZGGG,00:40,16:40,00:43,3min late,05:22,27min early,4h 39m,Landed
2026-01-24,GA870,GIA870,Garuda Indonesia,Seoul,ICN,RKSI,00:50,16:50,00:56,6min late,08:42,7min early,6h 46m,Landed
2026-01-24,GA880,GIA880,Garuda Indonesia,Tokyo,NRT,RJAA,00:50,16:50,01:03,13min late,08:45,4min early,6h 42m,Landed
2026-01-24,MU5030,CES5030,China Eastern Airlines,Shanghai,PVG,ZSPD,00:55,16:55,01:13,18min late,07:22,12min late,6h 9m,Landed
2026-01-24,SJ726,,Sriwijaya Air,Makassar,UPG,WAAA,01:00,17:00,,,,,1h 20m,
2026-01-24,5J282,CEB282,CEBU Pacific Air,Manila,MNL,RPLL,01:00,17:00,01:02,2min late,04:56,18min early,3h 54m,Landed
2026-01-24,QZ548,AWQ548,Indonesia AirAsia,Perth,PER,YPPH,01:00,17:00,01:13,13min late,04:51,11min late,3h 38m,Landed
2026-01-24,PR538,PAL538,Philippine Airlines,Manila,MNL,RPLL,01:10,17:10,01:06,4min early,04:49,20min early,3h 43m,Landed
2026-01-24,KE434,KAL434,Korean Air Lines,Seoul,ICN,RKSI,01:20,17:20,01:00,20min early,08:36,43min early,6h 36m,Landed
2026-01-24,8B5888,,TransNusa,Manado,MDC,WAMM,01:30,17:30,,,,,2h 45m,
2026-01-24,JT746,LNI746,Lion Air,Makassar,UPG,WAAA,07:00,23:00,07:16,16min late,08:20,4min early,1h 3m,Landed
2026-01-24,GA401,GIA401,Garuda Indonesia,Jakarta,CGK,WIII,07:00,23:00,07:34,34min late,08:00,on time,1h 26m,Landed
2026-01-24,QZ534,AWQ534,Indonesia AirAsia,Perth,PER,YPPH,07:00,23:00,07:19,19min late,10:40,9min early,3h 21m,Landed
2026-01-24,QG690,CTV690,Citilink,Surabaya,SUB,WARR,07:05,23:05,07:01,3min early,06:57,12min early,55m,Landed
2026-01-24,QZ550,AWQ550,Indonesia AirAsia,Kuala Lumpur,KUL,WMKK,07:15,23:15,07:06,8min early,13:31,21min late,6h 24m,Landed
2026-01-24,SQ949,SIA949,Singapore Airlines,Singapore,SIN,WSSS,07:20,23:20,07:21,1min late,09:39,20min early,2h 17m,Landed
2026-01-24,8B551,TNU551,Business Air,Singapore,SIN,WSSS,07:30,23:30,08:18,48min late,10:42,47min late,2h 24m,Landed
2026-01-24,JT21,,Lion Air,Jakarta,CGK,WIII,08:05,00:05,08:05,,11:43,43min late,4h 38m,Landed
2026-01-24,QG9691,CTV9691,Citilink,Surabaya,SUB,WARR,08:05,00:05,08:04,on time,07:57,12min early,53m,Landed
2026-01-24,IW1858,WON1858,Wings Air,Lombok,LOP,WADL,08:05,00:05,08:14,9min late,08:43,11min early,29m,Landed
2026-01-24,HX706,CRK706,Hong Kong Airlines,Hong Kong,HKG,VHHH,08:15,00:15,12:53,38min late,17:47,32min late,4h 54m,Landed
2026-01-24,CZ8482,CSN8482,China Southern Airlines,Guangzhou,CAN,ZGGG,08:35,00:35,08:27,7min early,13:10,54min early,4h 43m,Landed
2026-01-24,5J280,CEB280,CEBU Pacific Air,Manila,MNL,RPLL,08:35,00:35,08:28,7min early,12:34,15min early,4h 6m,Landed
2026-01-24,IW1854,WON1854,Wings Air,Lombok,LOP,WADL,08:45,00:45,09:00,15min late,09:37,2min late,37m,Landed
2026-01-24,IW1882,WON1882,Wings Air,Sumbawa Besar,SWQ,WADS,08:55,00:55,08:53,1min early,09:40,19min early,47m,Landed
2026-01-24,IN640,LKN640,NAM Air,Tambolaka,TMC,WADT,09:10,01:10,10:08,58min late,10:54,44min late,45m,Landed
2026-01-24,8B5105,TNU5105,Business Air,Jakarta,CGK,WIII,09:15,01:15,10:56,41min late,11:27,27min late,1h 31m,Landed
2026-01-24,ID6324,BTK6324,Batik Air,Tambolaka,TMC,WADT,09:20,01:20,09:23,3min late,10:15,19min early,51m,Landed
2026-01-24,IW1848,WON1848,Wings Air,Lombok,LOP,WADL,09:25,01:25,09:42,17min late,10:10,4min early,27m,Landed
2026-01-24,QZ504,AWQ504,Indonesia AirAsia,Singapore,SIN,WSSS,09:25,01:25,09:24,on time,11:37,27min early,2h 13m,Landed
2026-01-24,QG500,CTV500,Citilink,Dili,DIL,WPDL,09:30,01:30,09:23,6min early,12:15,4min early,1h 51m,Landed
2026-01-24,ID6007,BTK6007,Batik Air,Perth,PER,YPPH,09:30,01:30,09:40,10min late,12:55,19min early,3h 15m,Landed
2026-01-24,QG663,CTV663,Citilink,Jakarta,CGK,WIII,09:35,01:35,09:25,10min early,10:10,19min early,1h 45m,Landed
2026-01-24,8B80,TNU080,Business Air,Perth,PER,YPPH,09:40,01:40,13:12,32min late,17:51,26min late,4h 38m,Landed
2026-01-24,QZ803,AWQ803,Indonesia AirAsia,Jakarta,CGK,WIII,09:40,01:40,09:57,17min late,10:23,6min early,1h 26m,Landed
2026-01-24,QR965,QTR965,Qatar Airways,Doha,DOH,OTHH,09:45,01:45,09:39,6min early,14:34,9min late,9h 55m,Landed
2026-01-24,AI2146,AIC2146,Air India,Delhi,DEL,VIDP,10:00,02:00,10:00,on time,15:07,7min late,7h 37m,Landed
2026-01-24,IU128,,SW Italia,Surakarta,SOC,WAHQ,10:00,02:00,,,,,1h 20m,
2026-01-24,IU122,SJV122,SW Italia,Yogyakarta,YIA,WAHI,10:00,02:00,11:51,51min late,11:57,27min late,1h 6m,Landed
2026-01-24,JQ111,JST111,Jetstar Airways,Perth,PER,YPPH,10:20,02:20,11:13,53min late,14:40,30min late,3h 27m,Landed
2026-01-24,SQ935,SIA935,Singapore Airlines,Singapore,SIN,WSSS,10:30,02:30,10:36,6min late,12:46,24min early,2h 10m,Landed
2026-01-24,8B5101,TNU5101,TransNusa,Jakarta,CGK,WIII,10:30,02:30,15:35,5min late,16:06,51min late,1h 30m,Landed
2026-01-24,JT924,,Lion Air,Kupang,KOE,WATT,10:35,02:35,,,,,1h 50m,
2026-01-24,8G182,DTL182,Mid Africa Aviation,Dili,DIL,WPDL,10:35,02:35,10:51,16min late,13:32,2min late,1h 40m,Landed
2026-01-24,JT33,LNI033,Lion Air,Jakarta,CGK,WIII,10:35,02:35,10:54,19min late,11:29,on time,1h 35m,Landed
2026-01-24,JT805,LNI805,Lion Air,Surabaya,SUB,WARR,10:35,02:35,10:39,4min late,10:22,12min early,43m,Landed
2026-01-24,IW1856,WON1856,Wings Air,Lombok,LOP,WADL,11:10,03:10,11:48,38min late,12:17,17min late,29m,Landed
2026-01-24,TR281,TGW281,Scoot,Singapore,SIN,WSSS,11:10,03:10,11:47,37min late,14:08,18min late,2h 21m,Landed
2026-01-24,QG197,CTV197,Citilink,Jakarta,HLP,WIHH,11:10,03:10,11:02,8min early,11:47,12min early,1h 45m,Landed
2026-01-24,JQ40,JST040,Jetstar Airways,Sydney,SYD,YSSY,11:15,03:15,11:25,10min late,20:03,11min early,5h 37m,Landed
2026-01-24,QZ780,AWQ780,Indonesia AirAsia,Balikpapan,BPN,WALL,11:20,03:20,11:18,1min early,13:30,25min late,2h 12m,Landed
2026-01-24,JQ32,JST032,Jetstar Airways,Melbourne,MEL,YMML,11:30,03:30,11:33,3min late,19:54,15min early,5h 21m,Landed
2026-01-24,6E1606,IGO1606,IndiGo,Bangalore,BLR,VOBL,11:30,03:30,11:12,18min early,15:16,18min early,6h 34m,Landed
2026-01-24,OD172,MXD172,Malindo Air,Kuala Lumpur,KUL,WMKK,11:35,03:35,12:34,59min late,15:08,23min late,2h 34m,Landed
2026-01-24,IW1964,WON1964,Wings Air,Lombok,LOP,WADL,11:40,03:40,14:08,28min late,14:41,11min late,33m,Landed
2026-01-24,AK646,AWQ646,Indonesia AirAsia,Labuan Bajo,LBJ,WATO,11:40,03:40,12:04,24min late,13:00,5min late,56m,Landed
2026-01-24,JQ109,JST109,Jetstar Airways,Perth,PER,YPPH,11:45,03:45,11:45,on time,15:03,31min early,3h 18m,Landed
2026-01-24,ID6331,BTK6331,Batik Air,Labuan Bajo,LBJ,WATO,11:45,03:45,13:18,33min late,14:12,12min late,53m,Landed
2026-01-24,IW1850,WON1850,Wings Air,Lombok,LOP,WADL,11:50,03:50,12:00,10min late,12:31,8min early,30m,Landed
2026-01-24,JT31,,Lion Air,Jakarta,CGK,WIII,11:55,03:55,,,,,1h 55m,
2026-01-24,GA407,GIA407,Garuda Indonesia,Jakarta,CGK,WIII,11:55,03:55,12:14,19min late,12:54,on time,1h 40m,Landed
2026-01-24,QZ540,AWQ540,Indonesia AirAsia,Darwin,DRW,YPDN,12:00,04:00,12:27,27min late,16:25,10min late,2h 28m,Landed
2026-01-24,FD397,AIQ397,Thai AirAsia,Bangkok,DMK,VTBD,12:00,04:00,12:31,31min late,15:24,4min late,3h 53m,Landed
2026-01-24,SQ937,SIA937,Singapore Airlines,Singapore,SIN,WSSS,12:05,04:05,12:11,6min late,14:26,29min early,2h 14m,Landed
2026-01-24,GA253,GIA253,Garuda Indonesia,Yogyakarta,YIA,WAHI,12:05,04:05,12:40,35min late,12:47,7min early,1h 7m,Landed
2026-01-24,SJ7420,,Sriwijaya Air,Tambolaka,TMC,WADT,12:10,04:10,12:10,,13:10,,1h 0m,Landed
2026-01-24,OD192,MXD192,Malindo Air,Kuala Lumpur,KUL,WMKK,12:10,04:10,12:40,30min late,15:24,4min late,2h 43m,Landed
2026-01-24,OD178,MXD178,Malindo Air,Kuala Lumpur,KUL,WMKK,12:15,04:15,12:31,16min late,15:03,21min early,2h 32m,Landed
2026-01-24,IU705,SJV705,SW Italia,Surabaya,SUB,WARR,12:18,04:18,12:20,2min late,11:57,on time,36m,Landed
2026-01-24,IP103,PAS103,Pelita Air Service,Jakarta,CGK,WIII,12:45,04:45,12:54,9min late,13:21,13min early,1h 27m,Landed
2026-01-24,OD158,MXD158,Malindo Air,Kuala Lumpur,KUL,WMKK,12:45,04:45,12:48,3min late,15:30,24min early,2h 42m,Landed
2026-01-24,SQ939,SIA939,Singapore Airlines,Singapore,SIN,WSSS,13:00,05:00,12:51,8min early,15:17,33min early,2h 25m,Landed
2026-01-24,AK365,AXM365,AirAsia,Kuala Lumpur,KUL,WMKK,13:05,05:05,13:22,17min late,17:47,37min late,4h 25m,Landed
2026-01-24,MH714,MAS714,Malaysia Airlines,Kuala Lumpur,KUL,WMKK,13:10,05:10,13:16,6min late,15:53,11min early,2h 36m,Landed
2026-01-24,JT35,LNI035,Lion Air,Jakarta,CGK,WIII,13:15,05:15,14:17,2min late,14:47,37min late,1h 30m,Landed
2026-01-24,GA409,GIA409,Garuda Indonesia,Jakarta,CGK,WIII,13:25,05:25,13:47,22min late,14:23,1min early,1h 36m,Landed
2026-01-24,JQ58,JST058,Jetstar Airways,Brisbane,BNE,YBBN,13:30,05:30,14:12,42min late,21:32,7min late,5h 19m,Landed
2026-01-24,JT660,LNI660,Lion Air,Balikpapan,BPN,WALL,13:30,05:30,14:03,33min late,15:25,10min late,1h 21m,Landed
2026-01-24,ID6509,BTK6509,Batik Air,Jakarta,CGK,WIII,13:45,05:45,14:05,20min late,14:33,6min early,1h 27m,Landed
2026-01-24,8B5107,TNU5107,TransNusa,Jakarta,CGK,WIII,13:50,05:50,17:32,42min late,18:03,28min late,1h 31m,Landed
2026-01-24,JT919,LNI919,Lion Air,Surabaya,SUB,WARR,13:55,05:55,16:07,12min late,15:48,53min late,41m,Landed
2026-01-24,QG342,CTV342,Citilink,Makassar,UPG,WAAA,13:55,05:55,13:57,2min late,15:03,16min early,1h 5m,Landed
2026-01-24,QG687,CTV687,Citilink,Jakarta,CGK,WIII,14:00,06:00,14:00,on time,14:26,28min early,1h 26m,Landed
2026-01-24,8B82,TNU082,Business Air,Perth,PER,YPPH,14:00,06:00,15:44,44min late,18:54,14min late,3h 10m,Landed
2026-01-24,6E1612,IGO1612,IndiGo,Bhubaneswar,BBI,VEBS,14:00,06:00,14:29,29min late,17:41,1min late,5h 41m,Landed
2026-01-24,QZ544,AWQ544,Indonesia AirAsia,Perth,PER,YPPH,14:00,06:00,14:43,43min late,17:54,4min late,3h 11m,Landed
2026-01-24,VJ894,VJC894,VietJet Air,Ho Chi Minh City,SGN,VVTS,14:05,06:05,14:25,20min late,16:43,21min early,3h 18m,Landed
2026-01-24,ID6517,BTK6517,Batik Air,Jakarta,CGK,WIII,14:15,06:15,14:55,40min late,15:23,13min late,1h 28m,Landed
2026-01-24,IU130,,SW Italia,Semarang,SRG,WIIS,14:15,06:15,,,,,1h 20m,
2026-01-24,ID7308,BTK7308,Batik Air,Jakarta,HLP,WIHH,14:20,06:20,15:50,30min late,16:20,10min late,1h 29m,Landed
2026-01-24,QZ246,AWQ246,Indonesia AirAsia,Phuket,HKT,VTSP,14:25,06:25,15:56,31min late,18:21,6min late,3h 24m,Landed
2026-01-24,TR289,TGW289,Scoot,Singapore,SIN,WSSS,14:35,06:35,15:30,55min late,17:46,16min late,2h 16m,Landed
2026-01-24,JT23,,Lion Air,Jakarta,CGK,WIII,14:45,06:45,,,,,1h 55m,
2026-01-24,JQ43,JST043,Jetstar Airways,Singapore,SIN,WSSS,14:50,06:50,15:10,20min late,17:32,22min early,2h 22m,Landed
2026-01-24,OD307,MXD307,Malindo Air,Kuala Lumpur,KUL,WMKK,14:50,06:50,15:18,28min late,17:50,4min early,2h 31m,Landed
2026-01-24,JQ44,JST044,Jetstar Airways,Melbourne,MEL,YMML,14:55,06:55,16:12,17min late,00:48,13min late,5h 36m,Landed
2026-01-24,VA48,VOZ048,Virgin Australia,Brisbane,BNE,YBBN,15:00,07:00,15:17,17min late,23:19,24min late,6h 2m,Landed
2026-01-24,IU120,SJV120,SW Italia,Yogyakarta,YIA,WAHI,15:00,07:00,15:55,55min late,15:56,26min late,1h 1m,Landed
2026-01-24,JT844,LNI844,Lion Air,Banjarmasin,BDJ,WAOO,15:00,07:00,15:47,47min late,16:48,18min late,1h 1m,Landed
2026-01-24,QG681,CTV681,Citilink,Jakarta,CGK,WIII,15:10,07:10,15:05,5min early,16:06,1min late,2h 1m,Landed
2026-01-24,AI2148,AIC2148,Air India,Delhi,DEL,VIDP,15:10,07:10,15:05,5min early,20:34,29min late,7h 59m,Landed
2026-01-24,GA842,GIA842,Garuda Indonesia,Singapore,SIN,WSSS,15:15,07:15,15:46,31min late,18:47,47min late,3h 1m,Landed
2026-01-24,AK377,AXM377,AirAsia,Kuala Lumpur,KUL,WMKK,15:25,07:25,17:08,43min late,20:11,46min late,3h 3m,Landed
2026-01-24,JT740,LNI740,Lion Air,Makassar,UPG,WAAA,15:30,07:30,17:03,33min late,18:03,8min late,1h 0m,Landed
2026-01-24,VJ898,VJC898,VietJet Air,Ho Chi Minh City,SGN,VVTS,15:35,07:35,16:09,34min late,18:53,28min late,3h 44m,Landed
2026-01-24,GA411,GIA411,Garuda Indonesia,Jakarta,CGK,WIII,15:35,07:35,16:42,7min late,17:13,33min late,1h 31m,Landed
2026-01-24,QG669,CTV669,Citilink,Surabaya,SUB,WARR,15:40,07:40,15:52,12min late,15:52,7min late,1h 0m,Landed
2026-01-24,SJ7161,SJY7161,Sriwijaya Air,Makassar,UPG,WAAA,15:40,07:40,14:39,0min early,15:43,16min early,1h 3m,Landed
2026-01-24,CI772,CAL772,China Airlines,Taipei,TPE,RCTP,15:45,07:45,15:53,8min late,21:04,on time,5h 11m,Landed
2026-01-24,VA92,VOZ092,Virgin Australia,Melbourne,MEL,YMML,15:50,07:50,16:21,31min late,01:02,32min late,5h 41m,Landed
2026-01-24,IP109,PAS109,Pelita Air Service,Jakarta,CGK,WIII,16:00,08:00,16:26,26min late,16:55,5min late,1h 28m,Landed
2026-01-24,QZ536,AWQ536,Indonesia AirAsia,Perth,PER,YPPH,16:00,08:00,16:51,51min late,20:02,17min late,3h 11m,Landed
2026-01-24,VN640,HVN640,Vietnam Airlines,Ho Chi Minh City,SGN,VVTS,16:05,08:05,16:40,35min late,19:08,13min late,3h 28m,Landed
2026-01-24,QG661,CTV661,Citilink,Jakarta,CGK,WIII,16:05,08:05,16:15,10min late,17:35,35min late,2h 20m,Landed
2026-01-24,QZ807,AWQ807,Indonesia AirAsia,Jakarta,CGK,WIII,16:10,08:10,16:58,48min late,17:32,22min late,1h 34m,Landed
2026-01-24,TG432,THA432,Thai Airways International,Bangkok,BKK,VTBS,16:10,08:10,16:33,23min late,19:08,16min early,3h 35m,Landed
2026-01-24,QZ556,AWQ556,Indonesia AirAsia,Kuala Lumpur,KUL,WMKK,16:15,08:15,16:49,34min late,19:28,18min late,2h 39m,Landed
2026-01-24,CX784,CPA784,Cathay Pacific,Hong Kong,HKG,VHHH,16:20,08:20,16:24,4min late,21:46,21min late,5h 22m,Landed
2026-01-24,MH850,MAS850,Malaysia Airlines,Kuala Lumpur,KUL,WMKK,16:25,08:25,16:50,25min late,19:43,8min late,2h 53m,Landed
2026-01-24,IW1852,WON1852,Wings Air,Lombok,LOP,WADL,16:30,08:30,16:55,25min late,17:27,7min late,31m,Landed
2026-01-24,IU743,SJV743,SW Italia,Jakarta,CGK,WIII,16:35,08:35,18:17,42min late,18:44,14min late,1h 26m,Landed
2026-01-24,JT744,,Lion Air,Makassar,UPG,WAAA,16:40,08:40,,,,,1h 25m,
2026-01-24,BR256,EVA256,EVA Airways,Taipei,TPE,RCTP,16:40,08:40,16:45,5min late,22:23,38min late,5h 38m,Landed
2026-01-24,IU703,,SW Italia,Surabaya,SUB,WARR,16:40,08:40,,,,,1h 0m,
2026-01-24,GA349,GIA349,Garuda Indonesia,Surabaya,SUB,WARR,16:55,08:55,17:43,48min late,17:20,10min late,36m,Landed
2026-01-24,ID6335,BTK6335,Batik Air,Labuan Bajo,LBJ,WATO,17:00,09:00,17:24,24min late,18:16,1min late,52m,Landed
2026-01-24,JT25,,Lion Air,Jakarta,CGK,WIII,17:15,09:15,,,,,1h 55m,
2026-01-24,GA419,GIA419,Garuda Indonesia,Jakarta,CGK,WIII,17:25,09:25,17:50,25min late,18:26,1min late,1h 36m,Landed
2026-01-24,VJ998,VJC998,VietJet Air,Hanoi,HAN,VVNB,17:25,09:25,17:35,10min late,21:17,17min early,4h 42m,Landed
2026-01-24,HO1356,DKH1356,Juneyao Airlines,Shanghai,PVG,ZSPD,17:25,09:25,17:39,14min late,23:45,4min early,6h 5m,Landed
2026-01-24,TR211,TGW211,Scoot,Singapore,SIN,WSSS,17:35,09:35,17:56,21min late,20:32,13min early,2h 36m,Landed
2026-01-24,IU759,,SW Italia,Jakarta,CGK,WIII,17:40,09:40,,,,,1h 55m,
2026-01-24,IP107,PAS107,Pelita Air Service,Jakarta,CGK,WIII,17:40,09:40,17:53,13min late,18:25,4min early,1h 32m,Landed
2026-01-24,OD193,MXD193,Malindo Air,Perth,PER,YPPH,18:10,10:10,18:37,27min late,21:43,1min early,3h 6m,Landed
2026-01-24,IU126,,SW Italia,Surakarta,SOC,WAHQ,18:10,10:10,,,,,1h 20m,
2026-01-24,IN283,,NAM Air,Jakarta,CGK,WIII,18:30,10:30,,,,,1h 40m,
2026-01-24,IN281,LKN281,Nam Air,Jakarta,CGK,WIII,18:30,10:30,18:44,14min late,19:14,4min late,1h 29m,Landed
2026-01-24,IP111,PAS111,Pelita Air Service,Jakarta,CGK,WIII,18:35,10:35,18:37,2min late,19:10,14min early,1h 33m,Landed
2026-01-24,SL259,,Thai Lion Air,Bangkok,DMK,VTBD,18:40,10:40,17:47,52min early,20:50,9min early,4h 2m,Landed
2026-01-24,GA417,GIA417,Garuda Indonesia,Jakarta,CGK,WIII,18:40,10:40,18:52,12min late,19:26,13min early,1h 34m,Landed
2026-01-24,CX782,CPA782,Cathay Pacific,Hong Kong,HKG,VHHH,18:40,10:40,18:42,2min late,23:17,27min early,4h 35m,Landed
2026-01-24,JT3027,,Lion Air,Jakarta,CGK,WIII,18:40,10:40,,,,,1h 55m,
2026-01-24,EY477,ETD477,Etihad Airways,Abu Dhabi,AUH,OMAA,18:45,10:45,18:48,3min late,23:55,10min late,9h 7m,Landed
2026-01-24,ID6415,,Batik Air,Surabaya,SUB,WARR,18:45,10:45,,,,,1h 0m,
2026-01-24,QR963,QTR963,Qatar Airways,Doha,DOH,OTHH,18:50,10:50,18:41,9min early,23:27,2min early,9h 46m,Landed
2026-01-24,6E1608,IGO1608,IndiGo,Chennai,MAA,VOMM,18:50,10:50,19:34,44min late,23:06,36min late,6h 2m,Landed
2026-01-24,QZ809,AWQ809,Indonesia AirAsia,Jakarta,CGK,WIII,18:50,10:50,19:30,40min late,20:19,29min late,1h 49m,Landed
2026-01-24,TG440,THA440,Thai Airways International,Bangkok,BKK,VTBS,19:00,11:00,19:02,2min late,21:49,25min early,3h 47m,Landed
2026-01-24,AK379,AXM379,AirAsia,Kuala Lumpur,KUL,WMKK,19:15,11:15,19:15,on time,22:08,11min early,2h 53m,Landed
2026-01-24,MH852,MAS852,Malaysia Airlines,Kuala Lumpur,KUL,WMKK,19:15,11:15,19:27,12min late,22:29,14min late,3h 2m,Landed
2026-01-24,ID7310,BTK7310,Batik Air,Jakarta,HLP,WIHH,19:25,11:25,21:23,58min late,21:49,34min late,1h 26m,Landed
2026-01-24,QG699,CTV699,Citilink,Surabaya,SUB,WARR,19:25,11:25,19:22,2min early,19:11,18min early,48m,Landed
2026-01-24,QG689,CTV689,Citilink,Jakarta,CGK,WIII,19:30,11:30,19:15,15min early,20:23,1min early,2h 8m,Landed
2026-01-24,8B969,TNU969,Business Air,Guangzhou,CAN,ZGGG,19:45,11:45,20:04,19min late,00:56,8min early,4h 52m,Landed
2026-01-24,JT923,,Lion Air,Surabaya,SUB,WARR,19:45,11:45,,,,,1h 0m,
2026-01-24,IU133,SJV133,SW Italia,Semarang,SRG,WIIS,19:50,11:50,20:48,58min late,20:49,39min late,1h 1m,Landed
2026-01-24,EK369,UAE369,Emirates,Dubai,DXB,OMDB,19:50,11:50,20:00,10min late,01:03,6min early,9h 3m,Landed
2026-01-24,GA718,GIA718,Garuda Indonesia,Melbourne,MEL,YMML,19:50,11:50,20:44,54min late,05:06,36min late,5h 22m,Landed
2026-01-24,TR283,TGW283,Scoot,Singapore,SIN,WSSS,20:05,12:05,22:12,7min late,00:18,38min late,2h 6m,Landed
2026-01-24,QG195,,Citilink,Jakarta,HLP,WIHH,20:10,12:10,23:20,10min late,23:45,45min late,1h 25m,Landed
2026-01-24,SQ945,SIA945,Singapore Airlines,Singapore,SIN,WSSS,20:15,12:15,20:33,18min late,22:56,on time,2h 23m,Landed
2026-01-24,JQ34,JST034,Jetstar Airways,Melbourne,MEL,YMML,20:20,12:20,20:26,6min late,04:50,4min early,5h 24m,Landed
2026-01-24,IU137,SJV137,SW Italia,Kupang,KOE,WATT,20:28,12:28,20:27,on time,21:50,on time,1h 22m,Landed
2026-01-24,ID6413,BTK6413,Batik Air,Surabaya,SUB,WARR,20:30,12:30,20:35,5min late,20:15,14min early,40m,Landed
2026-01-24,QG9697,,Citilink,Surabaya,SUB,WARR,20:40,12:40,23:48,8min late,23:26,41min late,38m,Landed
2026-01-24,GA415,GIA415,Garuda Indonesia,Jakarta,CGK,WIII,20:45,12:45,20:52,7min late,21:29,15min early,1h 36m,Landed
2026-01-24,IP105,PAS105,Pelita Air Service,Jakarta,CGK,WIII,20:50,12:50,21:00,10min late,21:32,7min early,1h 32m,Landed
2026-01-24,OD177,MXD177,Malindo Air,Melbourne,MEL,YMML,20:55,12:55,21:11,16min late,05:26,13min early,5h 14m,Landed
2026-01-24,OD171,MXD171,Malindo Air,Sydney,SYD,YSSY,21:10,13:10,13:34,35min early,06:57,42min late,14h 23m,Landed
2026-01-24,QG9667,,Citilink,Jakarta,CGK,WIII,21:10,13:10,00:21,11min late,00:46,36min late,1h 25m,Landed
2026-01-24,TK67,THY067,Turkish Airlines,Istanbul,IST,LTFM,21:10,13:10,21:21,11min late,05:40,on time,13h 18m,Landed
2026-01-24,JT11,LNI011,Lion Air,Jakarta,CGK,WIII,21:15,13:15,22:29,14min late,22:58,48min late,1h 29m,Landed
2026-01-24,QZ819,AWQ819,Indonesia AirAsia,Jakarta,CGK,WIII,21:15,13:15,21:39,24min late,22:06,1min late,1h 27m,Landed
2026-01-24,QF44,QFA044,Qantas,Sydney,SYD,YSSY,21:20,13:20,21:23,3min late,06:15,on time,5h 52m,Landed
2026-01-24,JQ60,JST060,Jetstar Airways,Brisbane,BNE,YBBN,21:30,13:30,21:31,on time,05:13,6min early,5h 42m,Landed
2026-01-24,SJ273,SJY273,Sriwijaya Air,Jakarta,CGK,WIII,21:35,13:35,22:09,34min late,22:37,22min late,1h 28m,Landed
2026-01-24,GA425,GIA425,Garuda Indonesia,Jakarta,CGK,WIII,21:40,13:40,21:54,14min late,22:30,14min early,1h 36m,Landed
2026-01-24,KL836,KLM836,KLM Royal Dutch Airlines,Singapore,SIN,WSSS,21:40,13:40,21:31,9min early,23:49,20min early,2h 18m,Landed
2026-01-24,SQ947,SIA947,Singapore Airlines,Singapore,SIN,WSSS,21:40,13:40,22:02,22min late,00:20,on time,2h 18m,Landed
2026-01-24,JQ117,JST117,Jetstar Airways,Perth,PER,YPPH,21:45,13:45,21:38,7min early,01:17,2min late,3h 39m,Landed
2026-01-24,AK375,AXM375,AirAsia,Kuala Lumpur,KUL,WMKK,21:55,13:55,22:13,18min late,01:04,4min late,2h 51m,Landed
2026-01-24,QZ546,AWQ546,Indonesia AirAsia,Perth,PER,YPPH,21:55,13:55,22:19,24min late,01:29,5min early,3h 10m,Landed
2026-01-24,TK311,THY311,Turkish Airlines,Istanbul,IST,LTFM,22:00,14:00,22:16,16min late,06:46,21min late,13h 29m,Landed
2026-01-24,QF46,QFA046,Qantas,Melbourne,MEL,YMML,22:05,14:05,15:58,6min early,07:40,50min late,12h 41m,Landed
2026-01-24,OD157,MXD157,Malindo Air,Brisbane,BNE,YBBN,22:10,14:10,22:38,28min late,06:00,on time,5h 22m,Landed
2026-01-24,QZ811,AWQ811,Indonesia AirAsia,Jakarta,CGK,WIII,22:15,14:15,22:23,8min late,22:47,17min early,1h 24m,Landed
2026-01-24,VA84,VOZ084,Virgin Australia,Gold Coast,OOL,YBCG,22:20,14:20,14:50,29min early,06:29,19min late,13h 39m,Landed
2026-01-24,JQ38,JST038,Jetstar Airways,Sydney,SYD,YSSY,22:20,14:20,22:36,16min late,07:33,3min late,5h 57m,Landed
2026-01-24,VA66,VOZ066,Virgin Australia,Sydney,SYD,YSSY,22:30,14:30,15:27,2min early,08:08,28min late,13h 40m,Landed
2026-01-24,JT15,,Lion Air,Jakarta,CGK,WIII,22:35,14:35,,,,,1h 55m,
2026-01-24,JQ128,JST128,Jetstar Airways,Adelaide,ADL,YPAD,22:50,14:50,22:50,on time,06:08,6min early,4h 48m,Landed
2026-01-24,7C2712,JJA2712,Jeju Air,Seoul,ICN,RKSI,23:05,15:05,23:18,13min late,07:17,7min late,6h 59m,Landed
2026-01-24,GA429,GIA429,Garuda Indonesia,Jakarta,CGK,WIII,23:05,15:05,23:41,36min late,00:12,7min late,1h 31m,Landed
2026-01-24,8B5109,TNU5109,Business Air,Jakarta,CGK,WIII,23:10,15:10,23:09,on time,23:35,14min early,1h 26m,Landed
2026-01-24,3U3986,CSC3986,Sichuan Airlines,Lujia Town,TFU,ZUTF,23:10,15:10,23:17,7min late,05:19,35min early,6h 2m,Landed
2026-01-24,JQ91,JST091,Jetstar Airways,Cairns,CNS,YBCS,23:10,15:10,00:54,44min late,07:18,33min late,4h 23m,Landed
2026-01-24,VA82,VOZ082,Virgin Australia,Gold Coast,OOL,YBCG,23:20,15:20,15:52,27min early,07:43,33min late,13h 50m,Landed
2026-01-24,GA714,GIA714,Garuda Indonesia,Sydney,SYD,YSSY,23:35,15:35,23:43,8min late,08:36,1min late,5h 53m,Landed
2026-01-24,JQ42,JST042,Jetstar Airways,Melbourne,MEL,YMML,23:40,15:40,16:51,48min early,08:21,8min early,12h 29m,Landed
2026-01-24,KE432,KAL432,Korean Air Lines,Seoul,ICN,RKSI,23:50,15:50,23:47,3min early,07:34,10min early,6h 47m,Landed
2026-01-25,BX602,ABL602,Air Busan,Busan,PUS,RKPK,00:05,16:05,00:19,14min late,07:43,46min early,6h 23m,Landed
2026-01-25,TW158,TWB158,T'Way Air,Cheongju,CJJ,RKTU,00:15,16:15,00:41,26min late,08:23,13min late,6h 41m,Landed
2026-01-25,8B84,TNU084,Business Air,Perth,PER,YPPH,00:20,16:20,19:51,28min early,03:36,28min early,7h 45m,Landed
2026-01-25,EK399,UAE399,Emirates,Dubai,DXB,OMDB,00:25,16:25,00:56,31min late,06:24,39min late,9h 28m,Landed
2026-01-25,QR961,QTR961,Qatar Airways,Doha,DOH,OTHH,00:30,16:30,00:41,11min late,05:29,19min late,9h 48m,Landed
2026-01-25,MF892,CXA892,Xiamen Airlines,Xiamen,XMN,ZSAM,00:30,16:30,00:30,on time,06:04,on time,5h 34m,Landed
2026-01-25,CZ626,CSN626,China Southern Airlines,Guangzhou,CAN,ZGGG,00:40,16:40,00:34,5min early,05:16,33min early,4h 42m,Landed
2026-01-25,GA880,GIA880,Garuda Indonesia,Tokyo,NRT,RJAA,00:50,16:50,01:08,18min late,09:04,14min late,6h 55m,Landed
2026-01-25,GA870,GIA870,Garuda Indonesia,Seoul,ICN,RKSI,00:50,16:50,01:05,15min late,08:53,3min late,6h 47m,Landed
2026-01-25,MU5030,CES5030,China Eastern Airlines,Shanghai,PVG,ZSPD,00:55,16:55,00:53,2min early,06:59,11min early,6h 6m,Landed
2026-01-25,QZ548,AWQ548,Indonesia AirAsia,Perth,PER,YPPH,01:00,17:00,01:17,17min late,05:01,21min late,3h 44m,Landed
2026-01-25,KE434,KAL434,Korean Air Lines,Seoul,ICN,RKSI,01:05,17:05,00:59,6min early,08:47,32min early,6h 48m,Landed
2026-01-25,PR538,PAL538,Philippine Airlines,Manila,MNL,RPLL,01:10,17:10,23:52,17min early,04:52,17min early,5h 0m,Landed
2026-01-25,KE434,KAL434,Korean Air Lines,Seoul,ICN,RKSI,01:20,17:20,01:00,20min early,08:36,43min early,6h 36m,Landed
2026-01-25,8B5888,TNU5888,Business Air,Manado,MDC,WAMM,01:30,17:30,01:47,17min late,04:04,10min early,2h 16m,Landed
2026-01-25,IU705,SJV705,SW Italia,Surabaya,SUB,WARR,07:00,23:00,07:39,39min late,07:21,20min late,42m,Landed
2026-01-25,QZ813,AWQ813,Indonesia AirAsia,Jakarta,CGK,WIII,07:00,23:00,07:14,14min late,07:41,8min early,1h 27m,Landed
2026-01-25,GA401,GIA401,Garuda Indonesia,Jakarta,CGK,WIII,07:00,23:00,07:08,8min late,07:46,13min early,1h 38m,Landed
2026-01-25,QZ534,AWQ534,Indonesia AirAsia,Perth,PER,YPPH,07:00,23:00,00:41,18min early,10:34,15min early,9h 52m,Landed
2026-01-25,JT746,LNI746,Lion Air,Makassar,UPG,WAAA,07:00,23:00,07:24,24min late,15:49,24min late,8h 24m,Landed
2026-01-25,JQ82,JST082,Jetstar Airways,Darwin,DRW,YPDN,07:05,23:05,07:28,23min late,11:16,1min late,2h 17m,Landed
2026-01-25,QG690,CTV690,Citilink,Surabaya,SUB,WARR,07:05,23:05,07:04,on time,06:46,23min early,42m,Landed
2026-01-25,QZ644,AWQ644,Indonesia AirAsia,Labuan Bajo,LBJ,WATO,07:10,23:10,07:26,16min late,08:16,8min early,50m,Landed
2026-01-25,QZ550,AWQ550,Indonesia AirAsia,Kuala Lumpur,KUL,WMKK,07:15,23:15,07:22,7min late,18:59,49min late,11h 37m,Landed
2026-01-25,SQ949,SIA949,Singapore Airlines,Singapore,SIN,WSSS,07:20,23:20,07:35,15min late,09:49,11min early,2h 13m,Landed
2026-01-25,8B551,TNU551,Business Air,Singapore,SIN,WSSS,07:30,23:30,07:37,7min late,09:52,2min early,2h 15m,Landed
2026-01-25,ID6333,BTK6333,Batik Air,Labuan Bajo,LBJ,WATO,07:55,23:55,07:52,2min early,08:50,19min early,58m,Landed
2026-01-25,IW1858,WON1858,Wings Air,Lombok,LOP,WADL,08:05,00:05,08:18,13min late,08:44,10min early,26m,Landed
2026-01-25,JT21,LNI021,Lion Air,Jakarta,CGK,WIII,08:05,00:05,08:22,17min late,08:50,9min early,1h 28m,Landed
2026-01-25,QG9691,CTV9691,Citilink,Surabaya,SUB,WARR,08:05,00:05,07:53,11min early,07:43,26min early,49m,Landed
2026-01-25,HX706,CRK706,Hong Kong Airlines,Hong Kong,HKG,VHHH,08:15,00:15,08:15,on time,13:05,9min early,4h 50m,Landed
2026-01-25,CZ8482,CSN8482,China Southern Airlines,Guangzhou,CAN,ZGGG,08:35,00:35,08:33,1min early,13:12,42min early,4h 38m,Landed
2026-01-25,5J280,CEB280,CEBU Pacific Air,Manila,MNL,RPLL,08:35,00:35,08:17,18min early,12:33,16min early,4h 16m,Landed
2026-01-25,IW1854,,Wings Air,Lombok,LOP,WADL,08:45,00:45,20:38,53min late,09:35,,50m,Landed
2026-01-25,IW1882,WON1882,Wings Air,Sumbawa Besar,SWQ,WADS,08:55,00:55,08:56,1min late,09:34,25min early,38m,Landed
2026-01-25,IN640,LKN640,NAM Air,Tambolaka,TMC,WADT,09:10,01:10,09:21,11min late,10:20,10min late,59m,Landed
2026-01-25,IN6406,,NAM Air,Tambolaka,TMC,WADT,09:10,01:10,,,,,1h 0m,
2026-01-25,8B5105,TNU5105,Business Air,Jakarta,CGK,WIII,09:15,01:15,09:08,7min early,09:33,26min early,1h 25m,Landed
2026-01-25,ID6324,BTK6324,Batik Air,Tambolaka,TMC,WADT,09:20,01:20,09:17,2min early,10:06,28min early,49m,Landed
2026-01-25,IW1848,WON1848,Wings Air,Lombok,LOP,WADL,09:25,01:25,10:04,39min late,10:34,19min late,30m,Landed
2026-01-25,QZ504,AWQ504,Indonesia AirAsia,Singapore,SIN,WSSS,09:25,01:25,09:28,3min late,11:41,23min early,2h 12m,Landed
2026-01-25,QG500,CTV500,Citilink,Dili,DIL,WPDL,09:30,01:30,09:29,on time,12:24,4min late,1h 54m,Landed
2026-01-25,ID6007,BTK6007,Batik Air,Perth,PER,YPPH,09:30,01:30,09:54,24min late,13:07,7min early,3h 12m,Landed
2026-01-25,QG663,CTV663,Citilink,Jakarta,CGK,WIII,09:35,01:35,09:30,5min early,10:14,15min early,1h 44m,Landed
2026-01-25,QZ803,AWQ803,Indonesia AirAsia,Jakarta,CGK,WIII,09:40,01:40,10:09,29min late,10:30,on time,1h 21m,Landed
2026-01-25,8B80,TNU080,Business Air,Perth,PER,YPPH,09:40,01:40,04:40,59min early,12:54,30min early,8h 14m,Landed
2026-01-25,QR965,QTR965,Qatar Airways,Doha,DOH,OTHH,09:45,01:45,09:37,8min early,14:24,on time,9h 47m,Landed
2026-01-25,GA710,GIA710,Garuda Indonesia,Melbourne,MEL,YMML,09:55,01:55,20:23,28min late,04:56,26min late,5h 33m,Landed
2026-01-25,IU128,,SW Italia,Surakarta,SOC,WAHQ,10:00,02:00,,,,,1h 20m,
2026-01-25,IU122,SJV122,SW Italia,Yogyakarta,YIA,WAHI,10:00,02:00,10:17,17min late,10:21,8min early,1h 4m,Landed
2026-01-25,AI2146,AIC2146,Air India,Delhi,DEL,VIDP,10:00,02:00,09:49,11min early,14:55,4min early,7h 36m,Landed
2026-01-25,SU297,AFL297,Aeroflot,Moscow,SVO,UUEE,10:05,02:05,10:33,28min late,10:51,51min late,,Landed
2026-01-25,JQ126,JST126,Jetstar Airways,Adelaide,ADL,YPAD,10:15,02:15,10:04,11min early,17:17,27min early,4h 43m,Landed
2026-01-25,SQ935,SIA935,Singapore Airlines,Singapore,SIN,WSSS,10:30,02:30,10:30,on time,12:38,32min early,2h 8m,Landed
2026-01-25,8B5101,,TransNusa,Jakarta,CGK,WIII,10:30,02:30,,,,,1h 45m,
2026-01-25,JT805,LNI805,Lion Air,Surabaya,SUB,WARR,10:35,02:35,10:40,5min late,10:16,18min early,35m,Landed
2026-01-25,QZ815,AWQ815,Indonesia AirAsia,Jakarta,CGK,WIII,10:35,02:35,10:39,4min late,11:05,24min early,1h 26m,Landed
2026-01-25,JT33,,Lion Air,Jakarta,CGK,WIII,10:35,02:35,,,,,1h 55m,
2026-01-25,JT924,LNI924,Lion Air,Kupang,KOE,WATT,10:35,02:35,10:52,17min late,12:17,7min early,1h 24m,Landed
2026-01-25,IW1856,WON1856,Wings Air,Lombok,LOP,WADL,11:10,03:10,11:10,on time,11:45,14min early,34m,Landed
2026-01-25,QG197,CTV197,Citilink,Jakarta,HLP,WIHH,11:10,03:10,14:01,51min late,11:38,21min early,,Landed
2026-01-25,TR281,TGW281,Scoot,Singapore,SIN,WSSS,11:10,03:10,16:13,3min late,13:29,21min early,,Landed
2026-01-25,JQ40,JST040,Jetstar Airways,Sydney,SYD,YSSY,11:15,03:15,11:17,2min late,20:02,12min early,5h 45m,Landed
2026-01-25,GA620,GIA620,Garuda Indonesia,Makassar,UPG,WAAA,11:20,03:20,11:34,14min late,12:57,7min late,1h 23m,Landed
2026-01-25,JQ32,JST032,Jetstar Airways,Melbourne,MEL,YMML,11:30,03:30,11:33,3min late,20:07,2min early,5h 34m,Landed
2026-01-25,6E1606,IGO1606,IndiGo,Bangalore,BLR,VOBL,11:30,03:30,11:12,18min early,15:12,22min early,6h 30m,Landed
2026-01-25,OD172,MXD172,Malindo Air,Kuala Lumpur,KUL,WMKK,11:35,03:35,13:15,40min late,15:52,7min late,2h 37m,Landed
2026-01-25,IW1964,WON1964,Wings Air,Lombok,LOP,WADL,11:40,03:40,12:00,20min late,12:29,on time,29m,Landed
2026-01-25,QZ646,AWQ646,Indonesia AirAsia,Labuan Bajo,LBJ,WATO,11:40,03:40,11:52,12min late,12:45,9min early,52m,Landed
2026-01-25,JQ109,JST109,Jetstar Airways,Perth,PER,YPPH,11:45,03:45,11:35,10min early,14:54,40min early,3h 19m,Landed
2026-01-25,ID6331,BTK6331,Batik Air,Labuan Bajo,LBJ,WATO,11:45,03:45,10:49,55min early,13:42,42min late,2h 52m,Landed
2026-01-25,IW1850,WON1850,Wings Air,Lombok,LOP,WADL,11:50,03:50,11:56,6min late,12:26,13min early,30m,Landed
2026-01-25,GA407,GIA407,Garuda Indonesia,Jakarta,CGK,WIII,11:55,03:55,15:05,10min late,12:42,12min early,,Landed
2026-01-25,JT31,LNI031,Lion Air,Jakarta,CGK,WIII,11:55,03:55,17:39,44min late,18:13,23min late,1h 34m,Landed
2026-01-25,FD397,AIQ397,Thai AirAsia,Bangkok,DMK,VTBD,12:00,04:00,12:31,31min late,15:21,1min late,3h 50m,Landed
2026-01-25,SQ937,SIA937,Singapore Airlines,Singapore,SIN,WSSS,12:05,04:05,13:20,15min late,15:42,47min late,2h 21m,Landed
2026-01-25,QZ618,AWQ618,Indonesia AirAsia,Banjarmasin,BDJ,WAOO,12:05,04:05,12:09,4min late,13:10,29min early,1h 0m,Landed
2026-01-25,GA253,GIA253,Garuda Indonesia,Yogyakarta,YIA,WAHI,12:05,04:05,12:27,22min late,12:38,16min early,1h 10m,Landed
2026-01-25,SJ742,,Sriwijaya Air,Tambolaka,TMC,WADT,12:10,04:10,12:10,on time,13:10,,1h 0m,Landed
2026-01-25,OD192,MXD192,Malindo Air,Kuala Lumpur,KUL,WMKK,12:10,04:10,17:20,10min late,18:56,36min late,1h 35m,Landed
2026-01-25,OD178,MXD178,Malindo Air,Kuala Lumpur,KUL,WMKK,12:15,04:15,12:25,10min late,15:03,21min early,2h 37m,Landed
2026-01-25,OD158,MXD158,Malindo Air,Kuala Lumpur,KUL,WMKK,12:45,04:45,12:55,10min late,15:31,23min early,2h 35m,Landed
2026-01-25,IP103,PAS103,Pelita Air Service,Jakarta,CGK,WIII,12:45,04:45,12:58,13min late,13:26,8min early,1h 27m,Landed
2026-01-25,SQ939,SIA939,Singapore Airlines,Singapore,SIN,WSSS,13:00,05:00,13:04,4min late,15:17,33min early,2h 12m,Landed
2026-01-25,AK365,AXM365,AirAsia,Kuala Lumpur,KUL,WMKK,13:05,05:05,13:25,20min late,17:52,42min late,4h 27m,Landed
2026-01-25,MH714,MAS714,Malaysia Airlines,Kuala Lumpur,KUL,WMKK,13:10,05:10,13:30,20min late,16:15,10min late,2h 45m,Landed
2026-01-25,JT35,LNI035,Lion Air,Jakarta,CGK,WIII,13:15,05:15,14:04,49min late,14:55,45min late,1h 50m,Landed
2026-01-25,GA409,GIA409,Garuda Indonesia,Jakarta,CGK,WIII,13:25,05:25,13:44,19min late,14:08,16min early,1h 24m,Landed
2026-01-25,8G182,DTL182,Mid Africa Aviation,Dili,DIL,WPDL,13:25,05:25,13:33,8min late,16:17,2min early,1h 44m,Landed
2026-01-25,JT660,LNI660,Lion Air,Balikpapan,BPN,WALL,13:30,05:30,13:49,19min late,15:09,5min early,1h 20m,Landed
2026-01-25,JQ58,JST058,Jetstar Airways,Brisbane,BNE,YBBN,13:30,05:30,13:40,10min late,21:32,7min late,5h 51m,Landed
2026-01-25,ID6509,BTK6509,Batik Air,Jakarta,CGK,WIII,13:45,05:45,13:56,11min late,14:21,18min early,1h 25m,Landed
2026-01-25,8B5107,TNU5107,Business Air,Jakarta,CGK,WIII,13:50,05:50,13:52,2min late,14:12,22min early,1h 20m,Landed
2026-01-25,JT919,LNI919,Lion Air,Surabaya,SUB,WARR,13:55,05:55,14:08,13min late,13:45,9min early,36m,Landed
2026-01-25,QG342,CTV342,Citilink,Makassar,UPG,WAAA,13:55,05:55,14:01,6min late,15:26,6min late,1h 24m,Landed
2026-01-25,6E1612,IGO1612,IndiGo,Bhubaneswar,BBI,VEBS,14:00,06:00,14:21,21min late,17:35,4min early,5h 43m,Landed
2026-01-25,IU137,SJV137,SW Italia,Kupang,KOE,WATT,14:00,06:00,14:10,10min late,15:40,9min early,1h 30m,Landed
2026-01-25,8B82,TNU082,Business Air,Perth,PER,YPPH,14:00,06:00,14:32,32min late,17:43,3min late,3h 11m,Landed
2026-01-25,QZ544,AWQ544,Indonesia AirAsia,Perth,PER,YPPH,14:00,06:00,15:38,38min late,18:59,9min late,3h 20m,Landed
2026-01-25,QG687,CTV687,Citilink,Jakarta,CGK,WIII,14:00,06:00,14:02,2min late,14:31,23min early,1h 28m,Landed
2026-01-25,VJ894,VJC894,VietJet Air,Ho Chi Minh City,SGN,VVTS,14:05,06:05,14:17,12min late,16:37,27min early,3h 20m,Landed
2026-01-25,ID6517,BTK6517,Batik Air,Jakarta,CGK,WIII,14:15,06:15,15:02,47min late,15:29,19min late,1h 26m,Landed
2026-01-25,IU130,SJV130,SW Italia,Semarang,SRG,WIIS,14:15,06:15,14:47,32min late,14:44,9min late,57m,Landed
2026-01-25,ID7308,BTK7308,Batik Air,Jakarta,HLP,WIHH,14:20,06:20,14:35,15min late,14:58,11min early,1h 23m,Landed
2026-01-25,QZ506,AWQ506,Indonesia AirAsia,Singapore,SIN,WSSS,14:25,06:25,15:23,58min late,17:49,29min late,2h 25m,Landed
2026-01-25,TR289,TGW289,Scoot,Singapore,SIN,WSSS,14:35,06:35,14:40,5min late,16:58,32min early,2h 18m,Landed
2026-01-25,JT23,,Lion Air,Jakarta,CGK,WIII,14:45,06:45,,,,,1h 55m,
2026-01-25,JQ43,JST043,Jetstar Airways,Singapore,SIN,WSSS,14:50,06:50,14:46,4min early,17:21,33min early,2h 35m,Landed
2026-01-25,OD307,MXD307,Malindo Air,Kuala Lumpur,KUL,WMKK,14:50,06:50,15:03,13min late,17:37,17min early,2h 33m,Landed
2026-01-25,JQ44,JST044,Jetstar Airways,Melbourne,MEL,YMML,14:55,06:55,15:13,18min late,23:30,4min early,5h 16m,Landed
2026-01-25,IU120,SJV120,SW Italia,Yogyakarta,YIA,WAHI,15:00,07:00,16:00,0min late,16:01,31min late,1h 1m,Landed
2026-01-25,JT844,LNI844,Lion Air,Banjarmasin,BDJ,WAOO,15:00,07:00,15:09,9min late,16:11,18min early,1h 2m,Landed
2026-01-25,VA48,VOZ048,Virgin Australia,Brisbane,BNE,YBBN,15:00,07:00,15:05,5min late,22:59,4min late,5h 54m,Landed
2026-01-25,QZ246,AWQ246,Indonesia AirAsia,Phuket,HKT,VTSP,15:05,07:05,16:05,60min late,18:33,53min late,3h 28m,Landed
2026-01-25,AI2148,AIC2148,Air India,Delhi,DEL,VIDP,15:10,07:10,15:16,6min late,20:15,10min late,7h 29m,Landed
2026-01-25,QG681,CTV681,Citilink,Jakarta,CGK,WIII,15:10,07:10,14:54,16min early,15:35,29min early,1h 41m,Landed
2026-01-25,GA842,GIA842,Garuda Indonesia,Singapore,SIN,WSSS,15:15,07:15,15:23,8min late,17:48,11min early,2h 25m,Landed
2026-01-25,AK377,AXM377,AirAsia,Kuala Lumpur,KUL,WMKK,15:25,07:25,15:36,11min late,18:19,5min early,2h 43m,Landed
2026-01-25,JT740,LNI740,Lion Air,Makassar,UPG,WAAA,15:30,07:30,15:54,24min late,17:03,8min late,1h 9m,Landed
2026-01-25,VJ898,VJC898,VietJet Air,Ho Chi Minh City,SGN,VVTS,15:35,07:35,16:48,13min late,19:15,50min late,3h 27m,Landed
2026-01-25,GA411,GIA411,Garuda Indonesia,Jakarta,CGK,WIII,15:35,07:35,16:37,2min late,17:02,22min late,1h 25m,Landed
2026-01-25,QG669,CTV669,Citilink,Surabaya,SUB,WARR,15:40,07:40,15:35,4min early,15:27,17min early,51m,Landed
2026-01-25,SJ717,SJY717,Sriwijaya Air,Makassar,UPG,WAAA,15:40,07:40,17:41,1min late,18:42,42min late,1h 1m,Landed
2026-01-25,CI772,CAL772,China Airlines,Taipei,TPE,RCTP,15:45,07:45,15:36,9min early,20:53,11min early,5h 17m,Landed
2026-01-25,VA92,VOZ092,Virgin Australia,Melbourne,MEL,YMML,15:50,07:50,15:48,2min early,00:29,on time,5h 41m,Landed
2026-01-25,QZ536,AWQ536,Indonesia AirAsia,Perth,PER,YPPH,16:00,08:00,16:26,26min late,19:40,4min early,3h 14m,Landed
2026-01-25,IP109,PAS109,Pelita Air Service,Jakarta,CGK,WIII,16:00,08:00,16:22,22min late,16:51,1min late,1h 29m,Landed
2026-01-25,QG661,CTV661,Citilink,Jakarta,CGK,WIII,16:05,08:05,16:17,12min late,17:26,26min late,2h 9m,Landed
2026-01-25,VN640,HVN640,Vietnam Airlines,Ho Chi Minh City,SGN,VVTS,16:05,08:05,16:17,12min late,18:45,9min early,3h 28m,Landed
2026-01-25,QZ807,AWQ807,Indonesia AirAsia,Jakarta,CGK,WIII,16:10,08:10,16:46,36min late,17:22,12min late,1h 36m,Landed
2026-01-25,GA427,GIA427,Garuda Indonesia,Jakarta,CGK,WIII,16:10,08:10,16:39,29min late,17:16,11min late,1h 37m,Landed
2026-01-25,TG432,THA432,Thai Airways International,Bangkok,BKK,VTBS,16:10,08:10,16:12,2min late,19:12,12min early,4h 0m,Landed
2026-01-25,CX784,CPA784,Cathay Pacific,Hong Kong,HKG,VHHH,16:20,08:20,16:06,14min early,21:00,24min early,4h 54m,Landed
2026-01-25,MH850,MAS850,Malaysia Airlines,Kuala Lumpur,KUL,WMKK,16:25,08:25,16:49,24min late,19:37,2min late,2h 48m,Landed
2026-01-25,IW1852,WON1852,Wings Air,Lombok,LOP,WADL,16:30,08:30,16:49,19min late,16:19,59min late,23h 29m,Landed
2026-01-25,IU743,,SW Italia,Jakarta,CGK,WIII,16:35,08:35,,,,,1h 55m,
2026-01-25,BR256,EVA256,EVA Airways,Taipei,TPE,RCTP,16:40,08:40,16:43,3min late,22:05,20min late,5h 22m,Landed
2026-01-25,JT744,LNI744,Lion Air,Makassar,UPG,WAAA,16:40,08:40,17:34,54min late,18:36,31min late,1h 2m,Landed
2026-01-25,IU703,SJV703,SW Italia,Surabaya,SUB,WARR,16:40,08:40,17:52,12min late,17:28,48min late,36m,Landed
2026-01-25,GA349,GIA349,Garuda Indonesia,Surabaya,SUB,WARR,16:55,08:55,17:17,22min late,17:03,6min early,46m,Landed
2026-01-25,IU273,SJV273,SW Italia,Pontianak,PNK,WIOO,17:00,09:00,17:32,32min late,19:57,52min late,3h 24m,Landed
2026-01-25,JT25,,Lion Air,Jakarta,CGK,WIII,17:15,09:15,20:23,8min late,20:54,44min late,1h 31m,Landed
2026-01-25,VJ998,VJC998,VietJet Air,Hanoi,HAN,VVNB,17:25,09:25,18:43,18min late,22:05,30min late,4h 22m,Landed
2026-01-25,GA419,GIA419,Garuda Indonesia,Jakarta,CGK,WIII,17:25,09:25,17:47,22min late,18:27,2min late,1h 39m,Landed
2026-01-25,HO1356,DKH1356,Juneyao Airlines,Shanghai,PVG,ZSPD,17:25,09:25,17:24,on time,23:21,28min early,5h 56m,Landed
2026-01-25,TR211,TGW211,Scoot,Singapore,SIN,WSSS,17:35,09:35,18:03,28min late,20:20,25min early,2h 17m,Landed
2026-01-25,IU759,SJV759,SW Italia,Jakarta,CGK,WIII,17:40,09:40,19:13,33min late,19:37,2min late,1h 23m,Landed
2026-01-25,IP107,PAS107,Pelita Air Service,Jakarta,CGK,WIII,17:40,09:40,17:56,16min late,18:28,1min early,1h 32m,Landed
2026-01-25,AK368,AXM368,AirAsia,Kuala Lumpur,KUL,WMKK,17:45,09:45,17:42,3min early,20:35,14min early,2h 53m,Landed
2026-01-25,OD193,MXD193,Malindo Air,Perth,PER,YPPH,18:10,10:10,19:25,15min late,22:37,52min late,3h 12m,Landed
2026-01-25,IU126,SJV126,SW Italia,Surakarta,SOC,WAHQ,18:10,10:10,18:47,37min late,18:48,18min late,1h 1m,Landed
2026-01-25,IN281,LKN281,Nam Air,Jakarta,CGK,WIII,18:30,10:30,19:19,49min late,19:53,43min late,1h 34m,Landed
2026-01-25,IP111,PAS111,Pelita Air Service,Jakarta,CGK,WIII,18:35,10:35,18:35,on time,19:08,16min early,1h 33m,Landed
2026-01-25,GA417,GIA417,Garuda Indonesia,Jakarta,CGK,WIII,18:40,10:40,19:02,22min late,19:37,2min early,1h 35m,Landed
2026-01-25,JT3027,,Lion Air,Jakarta,CGK,WIII,18:40,10:40,,,,,1h 55m,
2026-01-25,CX782,CPA782,Cathay Pacific,Hong Kong,HKG,VHHH,18:40,10:40,18:53,13min late,23:48,3min late,4h 55m,Landed
2026-01-25,EY477,ETD477,Etihad Airways,Abu Dhabi,AUH,OMAA,18:45,10:45,18:54,9min late,23:41,3min early,8h 47m,Landed
2026-01-25,ID6415,BTK6415,Batik Air,Surabaya,SUB,WARR,18:45,10:45,19:05,20min late,18:41,3min early,36m,Landed
2026-01-25,QR963,QTR963,Qatar Airways,Doha,DOH,OTHH,18:50,10:50,18:40,10min early,23:53,23min late,10h 13m,Landed
2026-01-25,6E1608,IGO1608,IndiGo,Chennai,MAA,VOMM,18:50,10:50,19:12,22min late,22:32,2min late,5h 50m,Landed
2026-01-25,QZ809,AWQ809,Indonesia AirAsia,Jakarta,CGK,WIII,18:50,10:50,19:21,31min late,19:56,6min late,1h 35m,Landed
2026-01-25,NZ291,ANZ291,Air New Zealand,Auckland,AKL,NZAA,18:50,10:50,20:43,53min late,09:37,42min late,7h 54m,Landed
2026-01-25,TG440,THA440,Thai Airways International,Bangkok,BKK,VTBS,19:00,11:00,23:52,52min late,09:33,18min late,10h 41m,Landed
2026-01-25,AK379,AXM379,AirAsia,Kuala Lumpur,KUL,WMKK,19:15,11:15,20:44,29min late,23:31,11min late,2h 47m,Landed
2026-01-25,MH852,MAS852,Malaysia Airlines,Kuala Lumpur,KUL,WMKK,19:15,11:15,19:30,15min late,22:19,4min late,2h 49m,Landed
2026-01-25,QG699,CTV699,Citilink,Surabaya,SUB,WARR,19:25,11:25,19:41,16min late,19:30,on time,48m,Landed
2026-01-25,ID7310,BTK7310,Batik Air,Jakarta,HLP,WIHH,19:25,11:25,19:44,19min late,20:07,7min early,1h 22m,Landed
2026-01-25,QG689,CTV689,Citilink,Jakarta,CGK,WIII,19:30,11:30,20:24,54min late,21:33,8min late,2h 9m,Landed
2026-01-25,JT923,,Lion Air,Surabaya,SUB,WARR,19:45,11:45,,,,,1h 0m,
2026-01-25,8B969,TNU969,Business Air,Guangzhou,CAN,ZGGG,19:45,11:45,20:01,16min late,00:45,19min early,4h 44m,Landed
2026-01-25,IU133,SJV133,SW Italia,Semarang,SRG,WIIS,19:50,11:50,18:05,44min early,20:00,9min early,2h 54m,Landed
2026-01-25,EK369,UAE369,Emirates,Dubai,DXB,OMDB,19:50,11:50,19:57,7min late,01:31,21min late,9h 34m,Landed
2026-01-25,TR283,TGW283,Scoot,Singapore,SIN,WSSS,20:05,12:05,20:19,14min late,22:23,17min early,2h 4m,Landed
2026-01-25,SL259,TLM259,Thai Lion Air,Bangkok,DMK,VTBD,20:05,12:05,19:17,47min early,23:24,on time,5h 7m,Landed
2026-01-25,QG195,CTV195,Citilink,Jakarta,HLP,WIHH,20:10,12:10,20:18,8min late,21:06,6min late,1h 48m,Landed
2026-01-25,SQ945,SIA945,Singapore Airlines,Singapore,SIN,WSSS,20:15,12:15,20:29,14min late,22:38,17min early,2h 9m,Landed
2026-01-25,JQ34,JST034,Jetstar Airways,Melbourne,MEL,YMML,20:20,12:20,20:21,on time,04:46,8min early,5h 25m,Landed
2026-01-25,GA718,GIA718,Garuda Indonesia,Melbourne,MEL,YMML,20:20,12:20,20:42,22min late,05:09,9min late,5h 26m,Landed
2026-01-25,ID6413,BTK6413,Batik Air,Surabaya,SUB,WARR,20:30,12:30,20:47,17min late,20:24,5min early,37m,Landed
2026-01-25,QG9697,CTV9697,Citilink,Surabaya,SUB,WARR,20:40,12:40,20:44,4min late,20:32,12min early,47m,Landed
2026-01-25,GA415,GIA415,Garuda Indonesia,Jakarta,CGK,WIII,20:45,12:45,21:09,24min late,21:46,1min late,1h 37m,Landed
2026-01-25,IP105,PAS105,Pelita Air Service,Jakarta,CGK,WIII,20:50,12:50,21:04,14min late,21:34,6min early,1h 30m,Landed
2026-01-25,OD177,MXD177,Malindo Air,Melbourne,MEL,YMML,20:55,12:55,21:26,31min late,05:53,13min late,5h 27m,Landed
2026-01-25,QG667,CTV667,Citilink,Jakarta,CGK,WIII,21:10,13:10,20:57,13min early,21:57,12min early,2h 0m,Landed
2026-01-25,OD171,MXD171,Malindo Air,Sydney,SYD,YSSY,21:10,13:10,22:05,55min late,07:02,47min late,5h 57m,Landed
2026-01-25,TK67,THY067,Turkish Airlines,Istanbul,IST,LTFM,21:10,13:10,21:21,11min late,05:50,10min late,13h 28m,Landed
2026-01-25,QZ819,AWQ819,Indonesia AirAsia,Jakarta,CGK,WIII,21:15,13:15,21:53,38min late,22:23,18min late,1h 30m,Landed
2026-01-25,JT11,LNI011,Lion Air,Jakarta,CGK,WIII,21:15,13:15,21:23,8min late,21:54,15min early,1h 30m,Landed
2026-01-25,QF44,QFA044,Qantas,Sydney,SYD,YSSY,21:20,13:20,21:25,5min late,06:12,3min early,5h 47m,Landed
2026-01-25,ID6760,BTK6760,Batik Air,Makassar,UPG,WAAA,21:30,13:30,22:14,44min late,23:15,20min late,1h 1m,Landed
2026-01-25,SJ273,SJY273,Sriwijaya Air,Jakarta,CGK,WIII,21:35,13:35,22:27,52min late,22:50,35min late,1h 23m,Landed
2026-01-25,KL836,KLM836,KLM Royal Dutch Airlines,Singapore,SIN,WSSS,21:40,13:40,20:12,27min early,00:16,6min late,4h 4m,Landed
2026-01-25,GA425,GIA425,Garuda Indonesia,Jakarta,CGK,WIII,21:40,13:40,21:48,8min late,22:25,19min early,1h 36m,Landed
2026-01-25,SQ947,SIA947,Singapore Airlines,Singapore,SIN,WSSS,21:40,13:40,21:58,18min late,00:21,on time,2h 23m,Landed
2026-01-25,JQ117,JST117,Jetstar Airways,Perth,PER,YPPH,21:45,13:45,21:33,12min early,00:58,16min early,3h 25m,Landed
2026-01-25,QZ546,AWQ546,Indonesia AirAsia,Perth,PER,YPPH,21:55,13:55,22:02,7min late,01:13,21min early,3h 11m,Landed
2026-01-25,AK375,AXM375,AirAsia,Kuala Lumpur,KUL,WMKK,21:55,13:55,22:35,40min late,01:22,22min late,2h 47m,Landed
2026-01-25,VA94,VOZ094,Virgin Australia,Melbourne,MEL,YMML,22:00,14:00,00:39,39min late,09:07,27min late,5h 28m,Landed
2026-01-25,QF46,QFA046,Qantas,Melbourne,MEL,YMML,22:05,14:05,22:02,3min early,06:39,10min early,5h 37m,Landed
2026-01-25,OD157,MXD157,Malindo Air,Brisbane,BNE,YBBN,22:10,14:10,22:18,8min late,05:48,11min early,5h 30m,Landed
2026-01-25,QZ811,AWQ811,Indonesia AirAsia,Jakarta,CGK,WIII,22:15,14:15,22:32,17min late,22:58,6min early,1h 26m,Landed
2026-01-25,JQ38,JST038,Jetstar Airways,Sydney,SYD,YSSY,22:20,14:20,22:11,9min early,07:12,12min early,6h 1m,Landed
2026-01-25,VA66,VOZ066,Virgin Australia,Sydney,SYD,YSSY,22:30,14:30,22:30,on time,07:31,8min early,6h 1m,Landed
2026-01-25,JT15,,Lion Air,Jakarta,CGK,WIII,22:35,14:35,,,,,1h 55m,
2026-01-25,JQ128,JST128,Jetstar Airways,Adelaide,ADL,YPAD,22:50,14:50,22:40,10min early,06:16,1min late,5h 6m,Landed
2026-01-25,7C2712,JJA2712,Jeju Air,Seoul,ICN,RKSI,23:05,15:05,23:07,2min late,07:04,5min early,6h 57m,Landed
2026-01-25,GA429,,Garuda Indonesia,Jakarta,CGK,WIII,23:05,15:05,23:05,on time,00:05,,2h 0m,Landed
2026-01-25,3U3986,CSC3986,Sichuan Airlines,Lujia Town,TFU,ZUTF,23:10,15:10,23:14,4min late,05:26,28min early,6h 11m,Landed
2026-01-25,8B5109,TNU5109,TransNusa,Jakarta,CGK,WIII,23:10,15:10,21:13,56min early,21:44,5min early,1h 30m,Landed
2026-01-25,VA82,VOZ082,Virgin Australia,Gold Coast,OOL,YBCG,23:20,15:20,23:34,14min late,07:22,12min late,5h 48m,Landed
2026-01-25,JQ42,JST042,Jetstar Airways,Melbourne,MEL,YMML,23:40,15:40,23:35,5min early,08:28,1min early,5h 53m,Landed
2026-01-25,QZ420,AWQ420,Indonesia AirAsia,Adelaide,ADL,YPAD,23:45,15:45,00:09,24min late,07:21,3min early,4h 42m,Landed
2026-01-25,KE432,KAL432,Korean Air Lines,Seoul,ICN,RKSI,23:50,15:50,00:01,11min late,07:30,14min early,6h 28m,Landed
2026-01-25,JQ94,JST094,Jetstar Airways,Gold Coast,OOL,YBCG,23:55,15:55,23:48,7min early,07:23,1min early,5h 35m,Landed
2026-01-26,BX602,ABL602,Air Busan,Busan,PUS,RKPK,00:05,16:05,00:30,25min late,08:03,26min early,6h 32m,Landed
2026-01-26,TW158,TWB158,T'Way Air,Cheongju,CJJ,RKTU,00:15,16:15,00:41,26min late,08:23,13min late,6h 41m,Landed
2026-01-26,EK399,UAE399,Emirates,Dubai,DXB,OMDB,00:25,16:25,00:25,on time,05:54,9min late,9h 29m,Landed
2026-01-26,MF892,CXA892,Xiamen Airlines,Xiamen,XMN,ZSAM,00:30,16:30,00:09,21min early,05:44,20min early,5h 35m,Landed
2026-01-26,QR961,QTR961,Qatar Airways,Doha,DOH,OTHH,00:30,16:30,00:34,4min late,05:24,14min late,9h 50m,Landed
2026-01-26,CZ626,CSN626,China Southern Airlines,Guangzhou,CAN,ZGGG,00:40,16:40,00:25,14min early,05:16,33min early,4h 50m,Landed
2026-01-26,GA870,GIA870,Garuda Indonesia,Seoul,ICN,RKSI,00:50,16:50,00:49,on time,08:30,19min early,6h 41m,Landed
2026-01-26,GA880,GIA880,Garuda Indonesia,Tokyo,NRT,RJAA,00:50,16:50,01:03,13min late,08:55,5min late,6h 52m,Landed
2026-01-26,MU5030,CES5030,China Eastern Airlines,Shanghai,PVG,ZSPD,00:55,16:55,01:10,15min late,07:14,4min late,6h 4m,Landed
2026-01-26,QZ548,AWQ548,Indonesia AirAsia,Perth,PER,YPPH,01:00,17:00,01:41,41min late,05:29,49min late,3h 48m,Landed
2026-01-26,SJ726,,Sriwijaya Air,Makassar,UPG,WAAA,01:00,17:00,,,,,1h 20m,
2026-01-26,5J282,CEB282,CEBU Pacific Air,Manila,MNL,RPLL,01:00,17:00,01:00,on time,04:56,18min early,3h 56m,Landed
2026-01-26,KE434,KAL434,Korean Air Lines,Seoul,ICN,RKSI,01:05,17:05,00:59,6min early,08:47,32min early,6h 48m,Landed
2026-01-26,PR538,PAL538,Philippine Airlines,Manila,MNL,RPLL,01:10,17:10,23:52,17min early,04:52,17min early,5h 0m,Landed
2026-01-26,8B5888,TNU5888,Business Air,Manado,MDC,WAMM,01:30,17:30,01:47,17min late,04:04,10min early,2h 16m,Landed
2026-01-26,GA401,GIA401,Garuda Indonesia,Jakarta,CGK,WIII,06:30,22:30,06:42,12min late,07:18,11min early,1h 35m,Landed
2026-01-26,QZ534,AWQ534,Indonesia AirAsia,Perth,PER,YPPH,07:00,23:00,07:15,15min late,10:36,13min early,3h 21m,Landed
2026-01-26,JT746,LNI746,Lion Air,Makassar,UPG,WAAA,07:00,23:00,07:05,5min late,08:06,18min early,1h 1m,Landed
2026-01-26,IU705,SJV705,SW Italia,Surabaya,SUB,WARR,07:00,23:00,07:59,59min late,07:37,36min late,37m,Landed
2026-01-26,JQ82,JST082,Jetstar Airways,Darwin,DRW,YPDN,07:05,23:05,07:18,13min late,11:11,3min early,2h 23m,Landed
2026-01-26,QG690,CTV690,Citilink,Surabaya,SUB,WARR,07:05,23:05,07:11,6min late,06:54,15min early,43m,Landed
2026-01-26,QZ550,AWQ550,Indonesia AirAsia,Kuala Lumpur,KUL,WMKK,07:15,23:15,07:25,10min late,13:55,45min late,6h 30m,Landed
2026-01-26,SQ949,SIA949,Singapore Airlines,Singapore,SIN,WSSS,07:20,23:20,07:29,9min late,09:47,12min early,2h 18m,Landed
2026-01-26,8B551,TNU551,Business Air,Singapore,SIN,WSSS,07:30,23:30,07:22,8min early,09:32,23min early,2h 10m,Landed
2026-01-26,IW1858,WON1858,Wings Air,Lombok,LOP,WADL,08:05,00:05,08:27,22min late,08:55,on time,28m,Landed
2026-01-26,QG9691,CTV9691,Citilink,Surabaya,SUB,WARR,08:05,00:05,08:02,2min early,07:51,18min early,49m,Landed
2026-01-26,JT21,LNI021,Lion Air,Jakarta,CGK,WIII,08:05,00:05,08:29,24min late,08:59,on time,1h 29m,Landed
2026-01-26,HX706,CRK706,Hong Kong Airlines,Hong Kong,HKG,VHHH,08:15,00:15,08:07,8min early,12:57,17min early,4h 50m,Landed
2026-01-26,GA710,GIA710,Garuda Indonesia,Melbourne,MEL,YMML,08:20,00:20,11:51,31min late,20:06,6min late,5h 15m,Landed
2026-01-26,GA4034,GIA4034,Garuda Indonesia,Jakarta,CGK,WIII,08:30,00:30,08:41,11min late,09:08,21min early,1h 27m,Landed
2026-01-26,CZ8482,CSN8482,China Southern Airlines,Guangzhou,CAN,ZGGG,08:35,00:35,13:04,29min late,13:20,34min early,16m,Landed
2026-01-26,5J280,CEB280,CEBU Pacific Air,Manila,MNL,RPLL,08:35,00:35,08:37,2min late,12:19,30min early,3h 42m,Landed
2026-01-26,IW1882,WON1882,Wings Air,Sumbawa Besar,SWQ,WADS,08:55,00:55,09:04,9min late,09:50,9min early,46m,Landed
2026-01-26,IW3330,WON3330,Wings Air,,,,09:00,01:00,09:11,11min late,11:37,7min early,2h 26m,Landed
2026-01-26,IN640,LKN640,NAM Air,Tambolaka,TMC,WADT,09:10,01:10,09:21,11min late,10:00,9min early,39m,Landed
2026-01-26,SJ740,,Sriwijaya Air,Waingapu,WGP,WADW,09:10,01:10,09:10,,10:30,,1h 20m,Landed
2026-01-26,IN6406,,NAM Air,Tambolaka,TMC,WADT,09:10,01:10,,,,,1h 0m,
2026-01-26,8B5105,TNU5105,Business Air,Jakarta,CGK,WIII,09:15,01:15,07:07,7min early,09:43,16min early,3h 35m,Landed
2026-01-26,ID6324,BTK6324,Batik Air,Tambolaka,TMC,WADT,09:20,01:20,09:26,6min late,10:13,21min early,46m,Landed
2026-01-26,QZ504,AWQ504,Indonesia AirAsia,Singapore,SIN,WSSS,09:25,01:25,09:32,7min late,11:47,18min early,2h 15m,Landed
2026-01-26,IW1848,WON1848,Wings Air,Lombok,LOP,WADL,09:25,01:25,10:08,43min late,10:37,22min late,29m,Landed
2026-01-26,ID6007,BTK6007,Batik Air,Perth,PER,YPPH,09:30,01:30,09:47,17min late,13:01,13min early,3h 14m,Landed
2026-01-26,QG500,CTV500,Citilink,Dili,DIL,WPDL,09:30,01:30,09:18,11min early,12:11,8min early,1h 53m,Landed
2026-01-26,QG663,CTV663,Citilink,Jakarta,CGK,WIII,09:35,01:35,09:34,on time,10:21,8min early,1h 47m,Landed
2026-01-26,QZ803,AWQ803,Indonesia AirAsia,Jakarta,CGK,WIII,09:40,01:40,10:21,41min late,10:48,18min late,1h 27m,Landed
2026-01-26,8B80,TNU080,Business Air,Perth,PER,YPPH,09:40,01:40,09:56,16min late,13:12,12min early,3h 16m,Landed
2026-01-26,QR965,QTR965,Qatar Airways,Doha,DOH,OTHH,09:45,01:45,09:34,11min early,14:13,11min early,9h 39m,Landed
2026-01-26,AI2146,AIC2146,Air India,Delhi,DEL,VIDP,10:00,02:00,09:50,10min early,14:59,on time,7h 39m,Landed
2026-01-26,IU122,SJV122,SW Italia,Yogyakarta,YIA,WAHI,10:00,02:00,10:13,13min late,10:17,12min early,1h 4m,Landed
2026-01-26,IU128,,SW Italia,Surakarta,SOC,WAHQ,10:00,02:00,,,,,1h 20m,
2026-01-26,JQ126,JST126,Jetstar Airways,Adelaide,ADL,YPAD,10:15,02:15,10:07,8min early,17:25,19min early,4h 48m,Landed
2026-01-26,SQ935,SIA935,Singapore Airlines,Singapore,SIN,WSSS,10:30,02:30,10:38,8min late,12:46,24min early,2h 8m,Landed
2026-01-26,8B5101,TNU5101,Business Air,Jakarta,CGK,WIII,10:30,02:30,10:40,10min late,11:09,5min early,1h 29m,Landed
2026-01-26,QZ815,AWQ815,Indonesia AirAsia,Jakarta,CGK,WIII,10:35,02:35,11:06,31min late,11:38,8min late,1h 32m,Landed
2026-01-26,JT805,,Lion Air,Surabaya,SUB,WARR,10:35,02:35,,,,,1h 0m,
2026-01-26,8G182,DTL182,Mid Africa Aviation,Dili,DIL,WPDL,10:35,02:35,10:44,9min late,13:29,on time,1h 44m,Landed
2026-01-26,JT33,,Lion Air,Jakarta,CGK,WIII,10:35,02:35,,,,,1h 55m,
2026-01-26,TR281,TGW281,Scoot,Singapore,SIN,WSSS,11:10,03:10,11:24,14min late,13:37,13min early,2h 13m,Landed
2026-01-26,QG197,CTV197,Citilink,Jakarta,HLP,WIHH,11:10,03:10,10:51,19min early,11:33,26min early,1h 42m,Landed
2026-01-26,JQ40,JST040,Jetstar Airways,Sydney,SYD,YSSY,11:15,03:15,11:25,10min late,20:15,on time,5h 50m,Landed
2026-01-26,QZ780,AWQ780,Indonesia AirAsia,Balikpapan,BPN,WALL,11:20,03:20,11:29,9min late,12:49,15min early,1h 19m,Landed
2026-01-26,6E1606,IGO1606,IndiGo,Bangalore,BLR,VOBL,11:30,03:30,09:53,36min early,14:59,35min early,7h 36m,Landed
2026-01-26,JQ32,JST032,Jetstar Airways,Melbourne,MEL,YMML,11:30,03:30,11:49,19min late,20:17,7min late,5h 28m,Landed
2026-01-26,OD172,MXD172,Malindo Air,Kuala Lumpur,KUL,WMKK,11:35,03:35,12:39,4min late,15:16,31min late,2h 36m,Landed
2026-01-26,IW1964,WON1964,Wings Air,Lombok,LOP,WADL,11:40,03:40,11:42,2min late,12:09,20min early,27m,Landed
2026-01-26,QZ646,AWQ646,Indonesia AirAsia,Labuan Bajo,LBJ,WATO,11:40,03:40,11:52,12min late,12:46,8min early,54m,Landed
2026-01-26,ID6331,BTK6331,Batik Air,Labuan Bajo,LBJ,WATO,11:45,03:45,11:55,10min late,13:43,43min late,1h 47m,Landed
2026-01-26,JQ109,JST109,Jetstar Airways,Perth,PER,YPPH,11:45,03:45,12:39,54min late,15:58,23min late,3h 19m,Landed
2026-01-26,JT31,LNI031,Lion Air,Jakarta,CGK,WIII,11:55,03:55,12:26,31min late,12:54,4min late,1h 28m,Landed
2026-01-26,GA407,GIA407,Garuda Indonesia,Jakarta,CGK,WIII,11:55,03:55,12:13,18min late,12:44,10min early,1h 30m,Landed
2026-01-26,FD397,AIQ397,Thai AirAsia,Bangkok,DMK,VTBD,12:00,04:00,13:33,33min late,16:41,21min late,4h 8m,Landed
2026-01-26,GA253,GIA253,Garuda Indonesia,Yogyakarta,YIA,WAHI,12:05,04:05,12:34,29min late,12:53,1min early,1h 18m,Landed
2026-01-26,SQ937,SIA937,Singapore Airlines,Singapore,SIN,WSSS,12:05,04:05,12:22,17min late,14:41,13min early,2h 18m,Landed
2026-01-26,OD192,MXD192,Malindo Air,Kuala Lumpur,KUL,WMKK,12:10,04:10,12:16,6min late,14:59,20min early,2h 43m,Landed
2026-01-26,SJ742,,Sriwijaya Air,Tambolaka,TMC,WADT,12:10,04:10,12:10,on time,13:10,,1h 0m,Landed
2026-01-26,OD178,MXD178,Malindo Air,Kuala Lumpur,KUL,WMKK,12:15,04:15,12:14,on time,14:57,27min early,2h 43m,Landed
2026-01-26,IP103,PAS103,Pelita Air Service,Jakarta,CGK,WIII,12:45,04:45,12:53,8min late,13:23,11min early,1h 30m,Landed
2026-01-26,OD158,MXD158,Malindo Air,Kuala Lumpur,KUL,WMKK,12:45,04:45,23:05,20min late,15:10,45min early,,Landed
2026-01-26,SQ939,SIA939,Singapore Airlines,Singapore,SIN,WSSS,13:00,05:00,13:17,17min late,15:37,13min early,2h 19m,Landed
2026-01-26,AK365,AXM365,AirAsia,Kuala Lumpur,KUL,WMKK,13:05,05:05,13:25,20min late,17:55,45min late,4h 29m,Landed
2026-01-26,MH714,MAS714,Malaysia Airlines,Kuala Lumpur,KUL,WMKK,13:10,05:10,13:30,20min late,16:09,4min late,2h 39m,Landed
2026-01-26,JT35,,Lion Air,Jakarta,CGK,WIII,13:15,05:15,,,,,1h 55m,
2026-01-26,GA409,GIA409,Garuda Indonesia,Jakarta,CGK,WIII,13:25,05:25,13:46,21min late,14:22,2min early,1h 35m,Landed
2026-01-26,JT660,LNI660,Lion Air,Balikpapan,BPN,WALL,13:30,05:30,13:48,18min late,17:18,3min late,3h 30m,Landed
2026-01-26,JQ58,JST058,Jetstar Airways,Brisbane,BNE,YBBN,13:30,05:30,13:40,10min late,21:00,24min early,5h 20m,Landed
2026-01-26,ID6509,BTK6509,Batik Air,Jakarta,CGK,WIII,13:45,05:45,13:53,8min late,14:16,23min early,1h 22m,Landed
2026-01-26,8B5107,TNU5107,Business Air,Jakarta,CGK,WIII,13:50,05:50,14:10,20min late,14:33,1min early,1h 23m,Landed
2026-01-26,JT919,LNI919,Lion Air,Surabaya,SUB,WARR,13:55,05:55,15:38,43min late,15:15,20min late,37m,Landed
2026-01-26,IU137,SJV137,SW Italia,Kupang,KOE,WATT,14:00,06:00,14:26,26min late,15:48,1min early,1h 21m,Landed
2026-01-26,QG342,CTV342,Citilink,Makassar,UPG,WAAA,14:00,06:00,13:59,on time,15:01,23min early,1h 2m,Landed
2026-01-26,QG687,CTV687,Citilink,Jakarta,CGK,WIII,14:00,06:00,14:03,3min late,14:30,24min early,1h 27m,Landed
2026-01-26,8B82,TNU082,Business Air,Perth,PER,YPPH,14:00,06:00,14:19,19min late,17:32,7min early,3h 13m,Landed
2026-01-26,QZ544,AWQ544,Indonesia AirAsia,Perth,PER,YPPH,14:00,06:00,14:59,59min late,18:19,29min late,3h 20m,Landed
2026-01-26,6E1612,IGO1612,IndiGo,Bhubaneswar,BBI,VEBS,14:00,06:00,14:16,16min late,17:26,13min early,5h 40m,Landed
2026-01-26,VJ894,VJC894,VietJet Air,Ho Chi Minh City,SGN,VVTS,14:05,06:05,14:08,3min late,16:26,38min early,3h 18m,Landed
2026-01-26,IU130,SJV130,SW Italia,Semarang,SRG,WIIS,14:15,06:15,15:46,31min late,15:42,7min late,56m,Landed
2026-01-26,ID6517,BTK6517,Batik Air,Jakarta,CGK,WIII,14:15,06:15,16:25,10min late,16:59,49min late,1h 34m,Landed
2026-01-26,ID7308,BTK7308,Batik Air,Jakarta,HLP,WIHH,14:20,06:20,15:22,2min late,15:46,36min late,1h 24m,Landed
2026-01-26,QZ506,AWQ506,Indonesia AirAsia,Singapore,SIN,WSSS,14:25,06:25,15:45,20min late,18:05,45min late,2h 19m,Landed
2026-01-26,TR289,TGW289,Scoot,Singapore,SIN,WSSS,14:35,06:35,14:45,10min late,17:02,28min early,2h 17m,Landed
2026-01-26,JT23,,Lion Air,Jakarta,CGK,WIII,14:45,06:45,,,,,1h 55m,
2026-01-26,JQ43,JST043,Jetstar Airways,Singapore,SIN,WSSS,14:50,06:50,14:54,4min late,17:15,39min early,2h 21m,Landed
2026-01-26,OD307,MXD307,Malindo Air,Kuala Lumpur,KUL,WMKK,14:50,06:50,15:12,22min late,17:50,4min early,2h 38m,Landed
2026-01-26,JQ44,JST044,Jetstar Airways,Melbourne,MEL,YMML,14:55,06:55,14:54,on time,23:14,20min early,5h 20m,Landed
2026-01-26,VA48,VOZ048,Virgin Australia,Brisbane,BNE,YBBN,15:00,07:00,14:57,3min early,23:02,7min late,6h 5m,Landed
2026-01-26,IU120,SJV120,SW Italia,Yogyakarta,YIA,WAHI,15:00,07:00,14:44,15min early,14:28,1min early,43m,Landed
2026-01-26,JT844,LNI844,Lion Air,Banjarmasin,BDJ,WAOO,15:00,07:00,15:25,25min late,16:22,7min early,56m,Landed
2026-01-26,QZ246,AWQ246,Indonesia AirAsia,Phuket,HKT,VTSP,15:05,07:05,16:18,13min late,18:41,1min late,3h 22m,Landed
2026-01-26,AI2148,AIC2148,Air India,Delhi,DEL,VIDP,15:10,07:10,15:18,8min late,20:11,6min late,7h 22m,Landed
2026-01-26,QG681,CTV681,Citilink,Jakarta,CGK,WIII,15:10,07:10,15:04,6min early,16:03,1min early,1h 59m,Landed
2026-01-26,AK377,AXM377,AirAsia,Kuala Lumpur,KUL,WMKK,15:25,07:25,16:23,58min late,19:18,53min late,2h 55m,Landed
2026-01-26,JT740,LNI740,Lion Air,Makassar,UPG,WAAA,15:30,07:30,15:55,25min late,16:58,3min late,1h 2m,Landed
2026-01-26,GA411,GIA411,Garuda Indonesia,Jakarta,CGK,WIII,15:35,07:35,16:07,32min late,16:48,8min late,1h 41m,Landed
2026-01-26,VJ898,VJC898,VietJet Air,Ho Chi Minh City,SGN,VVTS,15:35,07:35,16:05,30min late,18:30,5min late,3h 25m,Landed
2026-01-26,QG669,CTV669,Citilink,Surabaya,SUB,WARR,15:40,07:40,15:43,3min late,15:36,8min early,52m,Landed
2026-01-26,IW1850,WON1850,Wings Air,Lombok,LOP,WADL,15:40,07:40,15:53,13min late,16:20,9min early,26m,Landed
2026-01-26,CI772,CAL772,China Airlines,Taipei,TPE,RCTP,15:45,07:45,15:29,16min early,20:31,33min early,5h 2m,Landed
2026-01-26,VA92,VOZ092,Virgin Australia,Melbourne,MEL,YMML,15:50,07:50,15:38,12min early,00:19,10min early,5h 41m,Landed
2026-01-26,QZ536,AWQ536,Indonesia AirAsia,Perth,PER,YPPH,16:00,08:00,16:31,31min late,19:42,2min early,3h 11m,Landed
2026-01-26,IP109,PAS109,Pelita Air Service,Jakarta,CGK,WIII,16:00,08:00,16:08,8min late,16:36,13min early,1h 28m,Landed
2026-01-26,SJ717,,Sriwijaya Air,Makassar,UPG,WAAA,16:00,08:00,16:00,,17:20,,1h 20m,Landed
2026-01-26,QG661,CTV661,Citilink,Jakarta,CGK,WIII,16:05,08:05,16:01,3min early,16:50,9min early,1h 48m,Landed
2026-01-26,VN640,HVN640,Vietnam Airlines,Ho Chi Minh City,SGN,VVTS,16:05,08:05,16:38,33min late,18:55,on time,3h 17m,Landed
2026-01-26,TG432,THA432,Thai Airways International,Bangkok,BKK,VTBS,16:10,08:10,16:10,on time,18:49,35min early,3h 38m,Landed
2026-01-26,QZ807,AWQ807,Indonesia AirAsia,Jakarta,CGK,WIII,16:10,08:10,16:30,20min late,17:01,8min early,1h 31m,Landed
2026-01-26,CX784,CPA784,Cathay Pacific,Hong Kong,HKG,VHHH,16:20,08:20,16:10,10min early,21:01,23min early,4h 51m,Landed
2026-01-26,MH850,MAS850,Malaysia Airlines,Kuala Lumpur,KUL,WMKK,16:25,08:25,16:36,11min late,19:22,12min early,2h 46m,Landed
2026-01-26,IW1852,WON1852,Wings Air,Lombok,LOP,WADL,16:30,08:30,16:41,11min late,17:09,10min early,28m,Landed
2026-01-26,IU743,SJV743,SW Italia,Jakarta,CGK,WIII,16:35,08:35,18:21,46min late,18:56,26min late,1h 34m,Landed
2026-01-26,JT744,,Lion Air,Makassar,UPG,WAAA,16:40,08:40,,,,,1h 25m,
2026-01-26,BR256,EVA256,EVA Airways,Taipei,TPE,RCTP,16:40,08:40,18:00,20min late,23:11,26min late,5h 11m,Landed
2026-01-26,GA349,GIA349,Garuda Indonesia,Surabaya,SUB,WARR,16:55,08:55,17:37,42min late,17:18,8min late,40m,Landed
2026-01-26,ID6335,BTK6335,Batik Air,Labuan Bajo,LBJ,WATO,17:00,09:00,16:58,1min early,17:50,24min early,52m,Landed
2026-01-26,JT25,,Lion Air,Jakarta,CGK,WIII,17:15,09:15,20:27,12min late,19:21,11min late,,Landed
2026-01-26,HO1356,DKH1356,Juneyao Airlines,Shanghai,PVG,ZSPD,17:25,09:25,17:22,2min early,23:16,33min early,5h 54m,Landed
2026-01-26,VJ998,VJC998,VietJet Air,Hanoi,HAN,VVNB,17:25,09:25,17:27,2min late,21:16,18min early,4h 49m,Landed
2026-01-26,GA419,GIA419,Garuda Indonesia,Jakarta,CGK,WIII,17:25,09:25,17:30,5min late,18:07,17min early,1h 37m,Landed
2026-01-26,TR211,TGW211,Scoot,Singapore,SIN,WSSS,17:35,09:35,17:34,on time,19:53,52min early,2h 19m,Landed
2026-01-26,IU759,SJV759,SW Italia,Jakarta,CGK,WIII,17:40,09:40,20:22,42min late,20:57,22min late,1h 34m,Landed
2026-01-26,IP107,PAS107,Pelita Air Service,Jakarta,CGK,WIII,17:40,09:40,17:45,5min late,18:15,14min early,1h 30m,Landed
2026-01-26,OD193,MXD193,Malindo Air,Perth,PER,YPPH,18:10,10:10,18:49,39min late,22:00,15min late,3h 11m,Landed
2026-01-26,IU126,SJV126,SW Italia,Surakarta,SOC,WAHQ,18:10,10:10,19:41,31min late,19:39,9min late,57m,Landed
2026-01-26,IN281,LKN281,Nam Air,Jakarta,CGK,WIII,18:30,10:30,23:09,39min late,23:31,21min late,1h 22m,Landed
2026-01-26,IP111,PAS111,Pelita Air Service,Jakarta,CGK,WIII,18:35,10:35,18:53,18min late,19:24,on time,1h 31m,Landed
2026-01-26,CX782,CPA782,Cathay Pacific,Hong Kong,HKG,VHHH,18:40,10:40,18:58,18min late,23:30,14min early,4h 32m,Landed
2026-01-26,GA417,GIA417,Garuda Indonesia,Jakarta,CGK,WIII,18:40,10:40,18:49,9min late,19:27,12min early,1h 38m,Landed
2026-01-26,SL259,TLM259,Thai Lion Air,Bangkok,DMK,VTBD,18:40,10:40,21:09,29min late,00:03,3min late,3h 54m,Landed
2026-01-26,JT3027,,Lion Air,Jakarta,CGK,WIII,18:40,10:40,,,,,1h 55m,
2026-01-26,EY477,ETD477,Etihad Airways,Abu Dhabi,AUH,OMAA,18:45,10:45,18:58,13min late,23:55,10min late,8h 56m,Landed
2026-01-26,ID6415,,Batik Air,Surabaya,SUB,WARR,18:45,10:45,,,,,1h 0m,
2026-01-26,QZ809,AWQ809,Indonesia AirAsia,Jakarta,CGK,WIII,18:50,10:50,20:06,16min late,20:33,43min late,1h 27m,Landed
2026-01-26,QR963,QTR963,Qatar Airways,Doha,DOH,OTHH,18:50,10:50,19:08,18min late,00:10,40min late,10h 2m,Landed
2026-01-26,6E1608,IGO1608,IndiGo,Chennai,MAA,VOMM,18:50,10:50,19:06,16min late,22:40,10min late,6h 4m,Landed
2026-01-26,TG440,THA440,Thai Airways International,Bangkok,BKK,VTBS,19:00,11:00,19:30,30min late,22:18,3min late,3h 48m,Landed
2026-01-26,AK379,AXM379,AirAsia,Kuala Lumpur,KUL,WMKK,19:15,11:15,20:25,10min late,23:09,49min late,2h 44m,Landed
2026-01-26,MH852,MAS852,Malaysia Airlines,Kuala Lumpur,KUL,WMKK,19:15,11:15,19:27,12min late,22:26,11min late,2h 59m,Landed
2026-01-26,QG699,CTV699,Citilink,Surabaya,SUB,WARR,19:25,11:25,19:41,16min late,19:38,8min late,56m,Landed
2026-01-26,ID7310,BTK7310,Batik Air,Jakarta,HLP,WIHH,19:25,11:25,19:33,8min late,20:01,13min early,1h 28m,Landed
2026-01-26,GA4212,GIA4212,Garuda Indonesia,Jakarta,CGK,WIII,19:30,11:30,19:50,20min late,20:29,on time,1h 39m,Landed
2026-01-26,QG689,CTV689,Citilink,Jakarta,CGK,WIII,19:30,11:30,19:57,27min late,21:00,35min late,2h 3m,Landed
2026-01-26,8B969,,TransNusa,Guangzhou,CAN,ZGGG,19:45,11:45,,,,,5h 20m,
2026-01-26,JT923,,Lion Air,Surabaya,SUB,WARR,19:45,11:45,,,,,1h 0m,
2026-01-26,IU133,SJV133,SW Italia,Semarang,SRG,WIIS,19:50,11:50,20:03,13min late,19:58,11min early,55m,Landed
2026-01-26,EK369,UAE369,Emirates,Dubai,DXB,OMDB,19:50,11:50,19:57,7min late,01:05,4min early,9h 8m,Landed
2026-01-26,TR283,TGW283,Scoot,Singapore,SIN,WSSS,20:05,12:05,20:17,12min late,22:24,16min early,2h 7m,Landed
2026-01-26,QG195,CTV195,Citilink,Jakarta,HLP,WIHH,20:10,12:10,20:19,9min late,21:15,15min late,1h 56m,Landed
2026-01-26,SQ945,SIA945,Singapore Airlines,Singapore,SIN,WSSS,20:15,12:15,21:02,47min late,23:13,18min late,2h 11m,Landed
2026-01-26,JQ34,JST034,Jetstar Airways,Melbourne,MEL,YMML,20:20,12:20,20:23,3min late,04:56,1min late,5h 33m,Landed
2026-01-26,ID6413,BTK6413,Batik Air,Surabaya,SUB,WARR,20:30,12:30,21:06,36min late,20:49,19min late,42m,Landed
2026-01-26,QG9697,CTV9697,Citilink,Surabaya,SUB,WARR,20:40,12:40,20:40,on time,20:29,15min early,49m,Landed
2026-01-26,JQ107,JST107,Jetstar Airways,Perth,PER,YPPH,20:45,12:45,20:44,on time,00:08,11min early,3h 24m,Landed
2026-01-26,GA415,GIA415,Garuda Indonesia,Jakarta,CGK,WIII,20:45,12:45,21:04,19min late,21:52,7min late,1h 48m,Landed
2026-01-26,IP105,,Pelita Air Service,Jakarta,CGK,WIII,20:50,12:50,,,,,1h 50m,
2026-01-26,IU703,SJV703,SW Italia,Surabaya,SUB,WARR,20:51,12:51,20:52,on time,20:28,on time,36m,Landed
2026-01-26,OD177,MXD177,Malindo Air,Melbourne,MEL,YMML,20:55,12:55,03:10,15min late,06:09,29min late,,Landed
2026-01-26,TK67,THY067,Turkish Airlines,Istanbul,IST,LTFM,21:10,13:10,21:14,4min late,05:37,3min early,13h 22m,Landed
2026-01-26,QG667,,Citilink,Jakarta,CGK,WIII,21:10,13:10,23:02,52min late,00:51,41min late,2h 49m,Landed
2026-01-26,OD171,MXD171,Malindo Air,Sydney,SYD,YSSY,21:10,13:10,22:11,1min late,07:12,57min late,6h 1m,Landed
2026-01-26,QZ819,AWQ819,Indonesia AirAsia,Jakarta,CGK,WIII,21:15,13:15,21:43,28min late,22:14,9min late,1h 31m,Landed
2026-01-26,JT11,,Lion Air,Jakarta,CGK,WIII,21:15,13:15,,,,,1h 55m,
2026-01-26,QF44,QFA044,Qantas,Sydney,SYD,YSSY,21:20,13:20,21:34,14min late,06:16,1min late,5h 42m,Landed
2026-01-26,JQ60,JST060,Jetstar Airways,Brisbane,BNE,YBBN,21:30,13:30,22:44,14min late,06:24,4min late,5h 40m,Landed
2026-01-26,SJ273,,Sriwijaya Air,Jakarta,CGK,WIII,21:35,13:35,21:35,on time,22:15,,1h 40m,Landed
2026-01-26,SQ947,SIA947,Singapore Airlines,Singapore,SIN,WSSS,21:40,13:40,22:00,20min late,00:13,7min early,2h 13m,Landed
2026-01-26,KL836,KLM836,KLM Royal Dutch Airlines,Singapore,SIN,WSSS,21:40,13:40,21:28,12min early,23:50,19min early,2h 22m,Landed
2026-01-26,GA425,GIA425,Garuda Indonesia,Jakarta,CGK,WIII,21:40,13:40,21:51,11min late,22:32,12min early,1h 40m,Landed
2026-01-26,JQ117,JST117,Jetstar Airways,Perth,PER,YPPH,21:45,13:45,00:08,23min late,03:15,0min late,3h 6m,Landed
2026-01-26,QZ546,AWQ546,Indonesia AirAsia,Perth,PER,YPPH,21:55,13:55,22:22,27min late,01:34,on time,3h 11m,Landed
2026-01-26,AK375,AXM375,AirAsia,Kuala Lumpur,KUL,WMKK,21:55,13:55,22:45,50min late,01:37,37min late,2h 52m,Landed
2026-01-26,VA94,VOZ094,Virgin Australia,Melbourne,MEL,YMML,22:00,14:00,21:51,9min early,06:28,11min early,5h 37m,Landed
2026-01-26,QF46,QFA046,Qantas,Melbourne,MEL,YMML,22:05,14:05,22:04,on time,06:51,1min late,5h 47m,Landed
2026-01-26,SV857,SVA857,Saudi Arabian Airlines,Singapore,SIN,WSSS,22:05,14:05,22:04,on time,00:36,8min early,2h 32m,Landed
2026-01-26,OD157,MXD157,Malindo Air,Brisbane,BNE,YBBN,22:10,14:10,22:40,30min late,06:09,9min late,5h 28m,Landed
2026-01-26,QZ811,AWQ811,Indonesia AirAsia,Jakarta,CGK,WIII,22:15,14:15,22:28,13min late,22:50,14min early,1h 22m,Landed
2026-01-26,JQ89,JST089,Jetstar Airways,Newcastle,NTL,YWLM,22:20,14:20,22:35,15min late,07:27,12min late,5h 52m,Landed
2026-01-26,JQ38,JST038,Jetstar Airways,Sydney,SYD,YSSY,22:20,14:20,22:22,2min late,07:28,1min early,6h 6m,Landed
2026-01-26,VA66,VOZ066,Virgin Australia,Sydney,SYD,YSSY,22:30,14:30,22:53,23min late,08:05,25min late,6h 12m,Landed
2026-01-26,JT15,LNI015,Lion Air,Jakarta,CGK,WIII,22:35,14:35,22:51,16min late,23:20,9min early,1h 28m,Landed
2026-01-26,JQ128,JST128,Jetstar Airways,Adelaide,ADL,YPAD,22:50,14:50,00:14,24min late,07:22,7min late,4h 38m,Landed
2026-01-26,7C2712,JJA2712,Jeju Air,Seoul,ICN,RKSI,23:05,15:05,23:07,2min late,07:10,on time,7h 3m,Landed
2026-01-26,8B5109,TNU5109,TransNusa,Jakarta,CGK,WIII,23:10,15:10,21:11,58min early,21:42,7min early,1h 31m,Landed
2026-01-26,JQ91,JST091,Jetstar Airways,Cairns,CNS,YBCS,23:10,15:10,23:40,30min late,06:13,28min late,4h 33m,Landed
2026-01-26,VA82,VOZ082,Virgin Australia,Gold Coast,OOL,YBCG,23:20,15:20,23:11,9min early,07:11,1min late,6h 0m,Landed
2026-01-26,GA714,GIA714,Garuda Indonesia,Sydney,SYD,YSSY,23:35,15:35,01:44,9min late,10:34,59min late,5h 49m,Landed
2026-01-26,JQ42,JST042,Jetstar Airways,Melbourne,MEL,YMML,23:40,15:40,23:39,on time,08:19,10min early,5h 40m,Landed
2026-01-26,QZ420,AWQ420,Indonesia AirAsia,Adelaide,ADL,YPAD,23:45,15:45,00:01,16min late,07:11,13min early,4h 39m,Landed
2026-01-26,KE432,KAL432,Korean Air Lines,Seoul,ICN,RKSI,23:50,15:50,23:47,3min early,07:37,7min early,6h 50m,Landed
2026-01-26,GA718,,Garuda Indonesia,Melbourne,MEL,YMML,23:59,15:59,23:59,,05:00,,2h 1m,Landed
2026-01-27,BX602,ABL602,Air Busan,Busan,PUS,RKPK,00:05,16:05,00:30,25min late,08:03,26min early,6h 32m,Landed
2026-01-27,TW158,TWB158,T'Way Air,Cheongju,CJJ,RKTU,00:15,16:15,00:51,36min late,08:21,11min late,6h 30m,Landed
2026-01-27,QZ548,AWQ548,Indonesia AirAsia,Perth,PER,YPPH,00:15,16:15,00:56,41min late,04:06,11min late,3h 10m,Landed
2026-01-27,8B84,TNU084,Business Air,Perth,PER,YPPH,00:20,16:20,00:20,on time,03:31,33min early,3h 11m,Landed
2026-01-27,EK399,UAE399,Emirates,Dubai,DXB,OMDB,00:25,16:25,00:33,8min late,05:30,14min early,8h 56m,Landed
2026-01-27,QR961,QTR961,Qatar Airways,Doha,DOH,OTHH,00:30,16:30,00:14,16min early,05:05,4min early,9h 51m,Landed
2026-01-27,MF892,CXA892,Xiamen Airlines,Xiamen,XMN,ZSAM,00:30,16:30,00:28,2min early,06:00,4min early,5h 32m,Landed
2026-01-27,CZ626,CSN626,China Southern Airlines,Guangzhou,CAN,ZGGG,00:40,16:40,00:27,12min early,05:15,34min early,4h 47m,Landed
2026-01-27,GA870,GIA870,Garuda Indonesia,Seoul,ICN,RKSI,00:50,16:50,00:49,on time,08:30,19min early,6h 41m,Landed
2026-01-27,GA880,GIA880,Garuda Indonesia,Tokyo,NRT,RJAA,00:50,16:50,00:58,8min late,08:22,27min early,6h 23m,Landed
2026-01-27,MU5030,CES5030,China Eastern Airlines,Shanghai,PVG,ZSPD,00:55,16:55,01:22,27min late,07:33,23min late,6h 11m,Landed
2026-01-27,QZ548,AWQ548,Indonesia AirAsia,Perth,PER,YPPH,01:00,17:00,01:41,41min late,05:29,49min late,3h 48m,Landed
2026-01-27,SJ726,,Sriwijaya Air,Makassar,UPG,WAAA,01:00,17:00,,,,,1h 20m,
2026-01-27,5J282,CEB282,CEBU Pacific Air,Manila,MNL,RPLL,01:00,17:00,01:00,on time,04:56,18min early,3h 56m,Landed
2026-01-27,KE434,KAL434,Korean Air Lines,Seoul,ICN,RKSI,01:05,17:05,01:02,3min early,08:24,40min early,6h 22m,Landed
2026-01-27,PR538,PAL538,Philippine Airlines,Manila,MNL,RPLL,01:10,17:10,23:23,46min early,04:40,29min early,5h 17m,Landed
2026-01-27,8B5888,,TransNusa,Manado,MDC,WAMM,01:30,17:30,,,,,2h 45m,
2026-01-27,JT746,LNI746,Lion Air,Makassar,UPG,WAAA,07:00,23:00,07:18,18min late,12:50,25min late,5h 32m,Landed
2026-01-27,GA401,GIA401,Garuda Indonesia,Jakarta,CGK,WIII,07:00,23:00,07:15,15min late,07:53,6min early,1h 38m,Landed
2026-01-27,QZ534,AWQ534,Indonesia AirAsia,Perth,PER,YPPH,07:00,23:00,07:11,11min late,10:39,10min early,3h 28m,Landed
2026-01-27,IU705,SJV705,SW Italia,Surabaya,SUB,WARR,07:00,23:00,08:58,58min late,06:54,6min early,,Landed
2026-01-27,QZ813,AWQ813,Indonesia AirAsia,Jakarta,CGK,WIII,07:00,23:00,07:07,7min late,07:36,13min early,1h 28m,Landed
2026-01-27,QG690,CTV690,Citilink,Surabaya,SUB,WARR,07:05,23:05,07:03,1min early,06:39,30min early,36m,Landed
2026-01-27,JQ82,JST082,Jetstar Airways,Darwin,DRW,YPDN,07:05,23:05,07:41,36min late,11:32,17min late,2h 21m,Landed
2026-01-27,QZ550,AWQ550,Indonesia AirAsia,Kuala Lumpur,KUL,WMKK,07:15,23:15,07:15,on time,10:01,8min early,2h 46m,Landed
2026-01-27,SQ949,SIA949,Singapore Airlines,Singapore,SIN,WSSS,07:20,23:20,07:29,9min late,09:44,15min early,2h 15m,Landed
2026-01-27,8B551,TNU551,Business Air,Singapore,SIN,WSSS,07:30,23:30,07:39,9min late,09:51,4min early,2h 12m,Landed
2026-01-27,JT21,LNI021,Lion Air,Jakarta,CGK,WIII,08:05,00:05,08:30,25min late,08:59,on time,1h 28m,Landed
2026-01-27,IW1858,WON1858,Wings Air,Lombok,LOP,WADL,08:05,00:05,08:32,27min late,09:02,7min late,30m,Landed
2026-01-27,QG9691,CTV9691,Citilink,Surabaya,SUB,WARR,08:05,00:05,09:52,47min late,07:46,23min early,,Landed
2026-01-27,HX706,CRK706,Hong Kong Airlines,Hong Kong,HKG,VHHH,08:15,00:15,06:56,18min early,12:55,19min early,5h 58m,Landed
2026-01-27,CZ8482,CSN8482,China Southern Airlines,Guangzhou,CAN,ZGGG,08:35,00:35,13:18,43min late,13:40,14min early,22m,Landed
2026-01-27,5J280,CEB280,CEBU Pacific Air,Manila,MNL,RPLL,08:35,00:35,08:23,12min early,12:19,30min early,3h 56m,Landed
2026-01-27,IW1854,WON1854,Wings Air,Lombok,LOP,WADL,08:45,00:45,08:46,1min late,09:14,20min early,27m,Landed
2026-01-27,IW1882,WON1882,Wings Air,Sumbawa Besar,SWQ,WADS,08:55,00:55,09:07,12min late,09:53,6min early,46m,Landed
2026-01-27,IN640,LKN640,NAM Air,Tambolaka,TMC,WADT,09:10,01:10,09:22,12min late,10:10,on time,48m,Landed
2026-01-27,8B5105,TNU5105,Business Air,Jakarta,CGK,WIII,09:15,01:15,09:10,4min early,09:36,23min early,1h 26m,Landed
2026-01-27,ID6324,BTK6324,Batik Air,Tambolaka,TMC,WADT,09:20,01:20,09:48,28min late,10:37,2min late,49m,Landed
2026-01-27,IW1848,WON1848,Wings Air,Lombok,LOP,WADL,09:25,01:25,10:17,52min late,10:52,37min late,35m,Landed
2026-01-27,QZ504,AWQ504,Indonesia AirAsia,Singapore,SIN,WSSS,09:25,01:25,09:46,21min late,12:02,3min early,2h 16m,Landed
2026-01-27,QG500,CTV500,Citilink,Dili,DIL,WPDL,09:30,01:30,09:11,18min early,12:04,15min early,1h 52m,Landed
2026-01-27,ID6007,BTK6007,Batik Air,Perth,PER,YPPH,09:30,01:30,07:34,55min early,08:15,59min early,41m,Landed
2026-01-27,QG663,CTV663,Citilink,Jakarta,CGK,WIII,09:35,01:35,10:11,36min late,10:39,9min late,1h 27m,Landed
2026-01-27,QZ803,AWQ803,Indonesia AirAsia,Jakarta,CGK,WIII,09:40,01:40,10:00,20min late,10:25,4min early,1h 25m,Landed
2026-01-27,8B80,TNU080,Business Air,Perth,PER,YPPH,09:40,01:40,10:04,24min late,13:25,on time,3h 21m,Landed
2026-01-27,QR965,QTR965,Qatar Airways,Doha,DOH,OTHH,09:45,01:45,09:46,on time,14:30,5min late,9h 44m,Landed
2026-01-27,IU122,,SW Italia,Yogyakarta,YIA,WAHI,10:00,02:00,,,,,1h 30m,
2026-01-27,AI2146,AIC2146,Air India,Delhi,DEL,VIDP,10:00,02:00,10:00,on time,16:02,2min late,8h 32m,Landed
2026-01-27,JQ111,JST111,Jetstar Airways,Perth,PER,YPPH,10:20,02:20,13:05,45min late,14:10,,3h 50m,Landed
2026-01-27,8B5101,TNU5101,Business Air,Jakarta,CGK,WIII,10:30,02:30,10:52,22min late,11:18,3min late,1h 26m,Landed
2026-01-27,SQ935,SIA935,Singapore Airlines,Singapore,SIN,WSSS,10:30,02:30,10:44,14min late,12:54,16min early,2h 10m,Landed
2026-01-27,JT33,,Lion Air,Jakarta,CGK,WIII,10:35,02:35,,,,,1h 55m,
2026-01-27,8G182,DTL182,Mid Africa Aviation,Dili,DIL,WPDL,10:35,02:35,10:47,12min late,13:28,1min early,1h 40m,Landed
2026-01-27,JT805,,Lion Air,Surabaya,SUB,WARR,10:35,02:35,,,,,1h 0m,
2026-01-27,QG197,CTV197,Citilink,Jakarta,HLP,WIHH,11:10,03:10,10:58,12min early,11:39,20min early,1h 41m,Landed
2026-01-27,TR281,TGW281,Scoot,Singapore,SIN,WSSS,11:10,03:10,11:45,35min late,14:17,27min late,2h 32m,Landed
2026-01-27,IW1856,WON1856,Wings Air,Lombok,LOP,WADL,11:10,03:10,11:36,26min late,12:09,9min late,32m,Landed
2026-01-27,JQ40,JST040,Jetstar Airways,Sydney,SYD,YSSY,11:15,03:15,11:30,15min late,20:26,11min late,5h 56m,Landed
2026-01-27,QZ780,AWQ780,Indonesia AirAsia,Balikpapan,BPN,WALL,11:20,03:20,11:24,4min late,12:38,26min early,1h 13m,Landed
2026-01-27,6E1606,IGO1606,IndiGo,Bangalore,BLR,VOBL,11:30,03:30,11:13,17min early,15:05,29min early,6h 22m,Landed
2026-01-27,JQ32,JST032,Jetstar Airways,Melbourne,MEL,YMML,11:30,03:30,13:01,31min late,21:19,9min late,5h 17m,Landed
2026-01-27,OD172,MXD172,Malindo Air,Kuala Lumpur,KUL,WMKK,11:35,03:35,13:04,29min late,15:45,0min late,2h 41m,Landed
2026-01-27,IW1964,WON1964,Wings Air,Lombok,LOP,WADL,11:40,03:40,12:14,34min late,12:43,13min late,29m,Landed
2026-01-27,QZ646,AWQ646,Indonesia AirAsia,Labuan Bajo,LBJ,WATO,11:40,03:40,12:04,24min late,13:01,6min late,57m,Landed
2026-01-27,ID6331,BTK6331,Batik Air,Labuan Bajo,LBJ,WATO,11:45,03:45,11:58,13min late,12:49,10min early,50m,Landed
2026-01-27,JQ109,JST109,Jetstar Airways,Perth,PER,YPPH,11:45,03:45,12:09,24min late,15:33,1min early,3h 24m,Landed
2026-01-27,IW1850,WON1850,Wings Air,Lombok,LOP,WADL,11:50,03:50,11:54,4min late,12:24,15min early,29m,Landed
2026-01-27,JT31,LNI031,Lion Air,Jakarta,CGK,WIII,11:55,03:55,12:18,23min late,12:47,2min early,1h 29m,Landed
2026-01-27,GA407,GIA407,Garuda Indonesia,Jakarta,CGK,WIII,11:55,03:55,12:02,7min late,12:41,13min early,1h 38m,Landed
2026-01-27,QZ540,AWQ540,Indonesia AirAsia,Darwin,DRW,YPDN,12:00,04:00,12:10,10min late,16:06,8min early,2h 25m,Landed
2026-01-27,FD397,AIQ397,Thai AirAsia,Bangkok,DMK,VTBD,12:00,04:00,11:34,25min early,15:38,18min late,5h 4m,Landed
2026-01-27,SQ937,SIA937,Singapore Airlines,Singapore,SIN,WSSS,12:05,04:05,13:11,6min late,16:02,7min late,2h 51m,Landed
2026-01-27,GA253,GIA253,Garuda Indonesia,Yogyakarta,YIA,WAHI,12:05,04:05,12:28,23min late,12:33,21min early,1h 5m,Landed
2026-01-27,OD192,MXD192,Malindo Air,Kuala Lumpur,KUL,WMKK,12:10,04:10,12:23,13min late,18:42,22min late,6h 18m,Landed
2026-01-27,OD178,MXD178,Malindo Air,Kuala Lumpur,KUL,WMKK,12:15,04:15,12:27,12min late,15:06,18min early,2h 38m,Landed
2026-01-27,OD158,MXD158,Malindo Air,Kuala Lumpur,KUL,WMKK,12:45,04:45,12:58,13min late,15:34,20min early,2h 36m,Landed
2026-01-27,IP103,PAS103,Pelita Air Service,Jakarta,CGK,WIII,12:45,04:45,12:47,2min late,13:14,20min early,1h 27m,Landed
2026-01-27,SQ939,SIA939,Singapore Airlines,Singapore,SIN,WSSS,13:00,05:00,13:37,37min late,16:23,33min late,2h 45m,Landed
2026-01-27,AK365,AXM365,AirAsia,Kuala Lumpur,KUL,WMKK,13:05,05:05,13:26,21min late,19:28,18min late,6h 1m,Landed
2026-01-27,MH714,MAS714,Malaysia Airlines,Kuala Lumpur,KUL,WMKK,13:10,05:10,13:43,33min late,16:20,15min late,2h 37m,Landed
2026-01-27,JT35,,Lion Air,Jakarta,CGK,WIII,13:15,05:15,,,,,1h 55m,
2026-01-27,GA409,GIA409,Garuda Indonesia,Jakarta,CGK,WIII,13:25,05:25,14:01,36min late,14:30,5min late,1h 29m,Landed
2026-01-27,JQ58,JST058,Jetstar Airways,Brisbane,BNE,YBBN,13:30,05:30,13:50,20min late,21:19,5min early,5h 28m,Landed
2026-01-27,JT660,LNI660,Lion Air,Balikpapan,BPN,WALL,13:30,05:30,13:54,24min late,17:48,33min late,3h 54m,Landed
2026-01-27,ID6509,BTK6509,Batik Air,Jakarta,CGK,WIII,13:45,05:45,13:57,12min late,14:21,18min early,1h 24m,Landed
2026-01-27,8B5107,TNU5107,Business Air,Jakarta,CGK,WIII,13:50,05:50,14:04,14min late,17:11,36min late,4h 6m,Landed
2026-01-27,JT919,LNI919,Lion Air,Surabaya,SUB,WARR,13:55,05:55,14:14,19min late,06:07,12min late,16h 52m,Landed
2026-01-27,QG687,CTV687,Citilink,Jakarta,CGK,WIII,14:00,06:00,14:13,13min late,14:47,7min early,1h 34m,Landed
2026-01-27,QZ544,AWQ544,Indonesia AirAsia,Perth,PER,YPPH,14:00,06:00,13:57,2min early,18:35,45min late,4h 38m,Landed
2026-01-27,8B82,TNU082,Business Air,Perth,PER,YPPH,14:00,06:00,13:18,41min early,17:53,13min late,4h 35m,Landed
2026-01-27,QG342,CTV342,Citilink,Makassar,UPG,WAAA,14:00,06:00,14:01,1min late,15:26,1min late,1h 25m,Landed
2026-01-27,6E1612,IGO1612,IndiGo,Bhubaneswar,BBI,VEBS,14:00,06:00,13:18,41min early,17:29,10min early,6h 41m,Landed
2026-01-27,IU137,SJV137,SW Italia,Kupang,KOE,WATT,14:00,06:00,14:17,17min late,15:47,2min early,1h 30m,Landed
2026-01-27,VJ894,VJC894,VietJet Air,Ho Chi Minh City,SGN,VVTS,14:05,06:05,14:07,2min late,16:21,43min early,3h 14m,Landed
2026-01-27,ID6517,BTK6517,Batik Air,Jakarta,CGK,WIII,14:15,06:15,15:45,30min late,16:14,4min late,1h 28m,Landed
2026-01-27,ID7308,BTK7308,Batik Air,Jakarta,HLP,WIHH,14:20,06:20,14:40,20min late,15:06,3min early,1h 25m,Landed
2026-01-27,QZ246,AWQ246,Indonesia AirAsia,Phuket,HKT,VTSP,14:25,06:25,15:24,59min late,18:04,49min late,3h 40m,Landed
2026-01-27,TR289,TGW289,Scoot,Singapore,SIN,WSSS,14:35,06:35,14:57,22min late,18:06,36min late,3h 9m,Landed
2026-01-27,JT23,,Lion Air,Jakarta,CGK,WIII,14:45,06:45,17:34,49min late,18:05,25min late,1h 31m,Landed
2026-01-27,OD307,MXD307,Malindo Air,Kuala Lumpur,KUL,WMKK,14:50,06:50,15:05,15min late,17:40,14min early,2h 34m,Landed
2026-01-27,JQ43,JST043,Jetstar Airways,Singapore,SIN,WSSS,14:50,06:50,15:32,42min late,18:34,39min late,3h 1m,Landed
2026-01-27,JQ44,JST044,Jetstar Airways,Melbourne,MEL,YMML,14:55,06:55,15:14,19min late,23:31,3min early,5h 17m,Landed
2026-01-27,JT844,LNI844,Lion Air,Banjarmasin,BDJ,WAOO,15:00,07:00,15:20,20min late,16:28,1min early,1h 7m,Landed
2026-01-27,VA48,VOZ048,Virgin Australia,Brisbane,BNE,YBBN,15:00,07:00,15:01,on time,22:59,4min late,5h 58m,Landed
2026-01-27,IU120,SJV120,SW Italia,Yogyakarta,YIA,WAHI,15:00,07:00,15:36,36min late,15:42,12min late,1h 6m,Landed
2026-01-27,QG681,CTV681,Citilink,Jakarta,CGK,WIII,15:10,07:10,14:58,12min early,15:50,14min early,1h 52m,Landed
2026-01-27,AK377,AXM377,AirAsia,Kuala Lumpur,KUL,WMKK,15:25,07:25,16:31,6min late,19:15,50min late,2h 44m,Landed
2026-01-27,JT740,LNI740,Lion Air,Makassar,UPG,WAAA,15:30,07:30,15:50,20min late,16:52,2min early,1h 2m,Landed
2026-01-27,GA411,GIA411,Garuda Indonesia,Jakarta,CGK,WIII,15:35,07:35,15:54,19min late,16:30,9min early,1h 36m,Landed
2026-01-27,VJ898,VJC898,VietJet Air,Ho Chi Minh City,SGN,VVTS,15:35,07:35,16:03,28min late,18:22,2min early,3h 19m,Landed
2026-01-27,QG669,CTV669,Citilink,Surabaya,SUB,WARR,15:40,07:40,15:46,6min late,15:38,6min early,52m,Landed
2026-01-27,CI772,CAL772,China Airlines,Taipei,TPE,RCTP,15:45,07:45,15:57,12min late,21:08,3min late,5h 11m,Landed
2026-01-27,VA92,VOZ092,Virgin Australia,Melbourne,MEL,YMML,15:50,07:50,15:44,6min early,00:19,10min early,5h 35m,Landed
2026-01-27,QZ536,AWQ536,Indonesia AirAsia,Perth,PER,YPPH,16:00,08:00,16:27,27min late,19:55,10min late,3h 28m,Landed
2026-01-27,IP109,PAS109,Pelita Air Service,Jakarta,CGK,WIII,16:00,08:00,16:13,13min late,16:38,11min early,1h 25m,Landed
2026-01-27,VN640,HVN640,Vietnam Airlines,Ho Chi Minh City,SGN,VVTS,16:05,08:05,16:20,15min late,18:44,10min early,3h 24m,Landed
2026-01-27,QG661,CTV661,Citilink,Jakarta,CGK,WIII,16:05,08:05,16:05,on time,16:52,7min early,1h 47m,Landed
2026-01-27,QZ807,AWQ807,Indonesia AirAsia,Jakarta,CGK,WIII,16:10,08:10,16:29,19min late,16:53,16min early,1h 24m,Landed
2026-01-27,TG432,THA432,Thai Airways International,Bangkok,BKK,VTBS,16:10,08:10,16:06,4min early,18:45,39min early,3h 39m,Landed
2026-01-27,QZ556,AWQ556,Indonesia AirAsia,Kuala Lumpur,KUL,WMKK,16:15,08:15,16:22,7min late,18:53,16min early,2h 31m,Landed
2026-01-27,CX784,CPA784,Cathay Pacific,Hong Kong,HKG,VHHH,16:20,08:20,16:40,20min late,21:31,6min late,4h 51m,Landed
2026-01-27,MH850,MAS850,Malaysia Airlines,Kuala Lumpur,KUL,WMKK,16:25,08:25,16:39,14min late,19:29,5min early,2h 50m,Landed
2026-01-27,IW1852,WON1852,Wings Air,Lombok,LOP,WADL,16:30,08:30,16:35,5min late,17:04,15min early,29m,Landed
2026-01-27,IU743,SJV743,SW Italia,Jakarta,CGK,WIII,16:35,08:35,17:16,41min late,17:40,10min late,1h 24m,Landed
2026-01-27,BR256,EVA256,EVA Airways,Taipei,TPE,RCTP,16:40,08:40,16:45,5min late,21:48,3min late,5h 3m,Landed
2026-01-27,JT744,,Lion Air,Makassar,UPG,WAAA,16:40,08:40,,,,,1h 25m,
2026-01-27,IU703,SJV703,SW Italia,Surabaya,SUB,WARR,16:40,08:40,16:44,4min late,16:20,19min early,35m,Landed
2026-01-27,GA349,GIA349,Garuda Indonesia,Surabaya,SUB,WARR,16:55,08:55,17:18,23min late,16:58,11min early,40m,Landed
2026-01-27,JT25,,Lion Air,Jakarta,CGK,WIII,17:15,09:15,20:28,13min late,20:59,49min late,1h 31m,Landed
2026-01-27,GA419,GIA419,Garuda Indonesia,Jakarta,CGK,WIII,17:25,09:25,17:31,6min late,18:12,12min early,1h 41m,Landed
2026-01-27,HO1356,DKH1356,Juneyao Airlines,Shanghai,PVG,ZSPD,17:25,09:25,17:23,1min early,23:23,27min early,5h 59m,Landed
2026-01-27,VJ998,VJC998,VietJet Air,Hanoi,HAN,VVNB,17:25,09:25,17:45,20min late,21:31,3min early,4h 46m,Landed
2026-01-27,TR211,TGW211,Scoot,Singapore,SIN,WSSS,17:35,09:35,17:56,21min late,20:16,29min early,2h 20m,Landed
2026-01-27,IP107,PAS107,Pelita Air Service,Jakarta,CGK,WIII,17:40,09:40,17:52,12min late,18:27,2min early,1h 35m,Landed
2026-01-27,IU759,,SW Italia,Jakarta,CGK,WIII,17:40,09:40,,,,,1h 55m,
2026-01-27,IU126,SJV126,SW Italia,Surakarta,SOC,WAHQ,18:10,10:10,18:18,8min late,18:26,3min early,1h 8m,Landed
2026-01-27,OD193,MXD193,Malindo Air,Perth,PER,YPPH,18:10,10:10,18:23,13min late,21:35,10min early,3h 11m,Landed
2026-01-27,IN283,,Nam Air,Jakarta,CGK,WIII,18:30,10:30,,,,,1h 40m,
2026-01-27,IN281,LKN281,Nam Air,Jakarta,CGK,WIII,18:30,10:30,18:29,on time,19:03,6min early,1h 34m,Landed
2026-01-27,IP111,PAS111,Pelita Air Service,Jakarta,CGK,WIII,18:35,10:35,18:33,2min early,19:05,19min early,1h 32m,Landed
2026-01-27,JT3027,,Lion Air,Jakarta,CGK,WIII,18:40,10:40,,,,,1h 55m,
2026-01-27,CX782,CPA782,Cathay Pacific,Hong Kong,HKG,VHHH,18:40,10:40,18:38,2min early,23:21,23min early,4h 43m,Landed
2026-01-27,SL259,TLM259,Thai Lion Air,Bangkok,DMK,VTBD,18:40,10:40,19:01,21min late,22:02,2min late,4h 0m,Landed
2026-01-27,GA417,GIA417,Garuda Indonesia,Jakarta,CGK,WIII,18:40,10:40,18:48,8min late,19:31,8min early,1h 43m,Landed
2026-01-27,ID6415,BTK6415,Batik Air,Surabaya,SUB,WARR,18:45,10:45,19:10,25min late,18:52,7min late,42m,Landed
2026-01-27,EY477,ETD477,Etihad Airways,Abu Dhabi,AUH,OMAA,18:45,10:45,18:43,1min early,23:33,11min early,8h 50m,Landed
2026-01-27,QR963,QTR963,Qatar Airways,Doha,DOH,OTHH,18:50,10:50,18:51,on time,23:34,4min late,9h 43m,Landed
2026-01-27,6E1608,IGO1608,IndiGo,Chennai,MAA,VOMM,18:50,10:50,19:00,10min late,22:21,8min early,5h 51m,Landed
2026-01-27,QZ809,AWQ809,Indonesia AirAsia,Jakarta,CGK,WIII,18:50,10:50,20:49,59min late,21:23,33min late,1h 34m,Landed
2026-01-27,TG440,THA440,Thai Airways International,Bangkok,BKK,VTBS,19:00,11:00,19:26,26min late,22:22,7min late,3h 56m,Landed
2026-01-27,AK379,AXM379,AirAsia,Kuala Lumpur,KUL,WMKK,19:15,11:15,19:25,10min late,22:27,7min late,3h 2m,Landed
2026-01-27,MH852,MAS852,Malaysia Airlines,Kuala Lumpur,KUL,WMKK,19:15,11:15,19:12,3min early,22:21,6min late,3h 9m,Landed
2026-01-27,QG699,CTV699,Citilink,Surabaya,SUB,WARR,19:25,11:25,19:25,on time,19:15,14min early,50m,Landed
2026-01-27,ID7310,BTK7310,Batik Air,Jakarta,HLP,WIHH,19:25,11:25,19:43,18min late,20:07,7min early,1h 23m,Landed
2026-01-27,QG689,CTV689,Citilink,Jakarta,CGK,WIII,19:30,11:30,19:23,7min early,20:19,5min early,1h 56m,Landed
2026-01-27,8B969,TNU969,Business Air,Guangzhou,CAN,ZGGG,19:45,11:45,19:56,11min late,00:58,6min early,5h 2m,Landed
2026-01-27,JT923,,Lion Air,Surabaya,SUB,WARR,19:45,11:45,,,,,1h 0m,
2026-01-27,IU133,SJV133,SW Italia,Semarang,SRG,WIIS,19:50,11:50,19:47,3min early,19:42,27min early,55m,Landed
2026-01-27,EK369,UAE369,Emirates,Dubai,DXB,OMDB,19:50,11:50,19:59,9min late,00:51,18min early,8h 52m,Landed
2026-01-27,TR283,TGW283,Scoot,Singapore,SIN,WSSS,20:05,12:05,21:47,42min late,23:58,18min late,2h 11m,Landed
2026-01-27,SQ945,SIA945,Singapore Airlines,Singapore,SIN,WSSS,20:15,12:15,21:30,15min late,22:43,12min early,1h 13m,Landed
2026-01-27,GA718,GIA718,Garuda Indonesia,Melbourne,MEL,YMML,20:20,12:20,20:36,16min late,05:09,9min late,5h 33m,Landed
2026-01-27,JQ34,JST034,Jetstar Airways,Melbourne,MEL,YMML,20:20,12:20,20:15,5min early,04:43,11min early,5h 28m,Landed
2026-01-27,ID6413,,Batik Air,Surabaya,SUB,WARR,20:30,12:30,,,,,1h 0m,Cancelled
2026-01-27,QG9697,,Citilink,Surabaya,SUB,WARR,20:40,12:40,23:57,17min late,23:33,48min late,36m,Landed
2026-01-27,GA415,GIA415,Garuda Indonesia,Jakarta,CGK,WIII,20:45,12:45,20:46,on time,21:23,21min early,1h 37m,Landed
2026-01-27,IP105,,Pelita Air Service,Jakarta,CGK,WIII,20:50,12:50,,,,,1h 50m,
2026-01-27,OD177,MXD177,Malindo Air,Melbourne,MEL,YMML,20:55,12:55,21:24,29min late,05:54,14min late,5h 29m,Landed
2026-01-27,OD171,MXD171,Malindo Air,Sydney,SYD,YSSY,21:10,13:10,22:47,37min late,07:50,35min late,6h 2m,Landed
2026-01-27,TK67,THY067,Turkish Airlines,Istanbul,IST,LTFM,21:10,13:10,21:24,14min late,05:32,7min early,13h 8m,Landed
2026-01-27,QG667,,Citilink,Jakarta,CGK,WIII,21:10,13:10,00:15,5min late,00:45,35min late,1h 30m,Landed
2026-01-27,QZ819,AWQ819,Indonesia AirAsia,Jakarta,CGK,WIII,21:15,13:15,21:30,15min late,21:59,5min early,1h 29m,Landed
2026-01-27,JT11,LNI011,Lion Air,Jakarta,CGK,WIII,21:15,13:15,21:40,25min late,22:11,on time,1h 30m,Landed
2026-01-27,QF44,QFA044,Qantas,Sydney,SYD,YSSY,21:20,13:20,21:06,14min early,06:08,6min early,6h 2m,Landed
2026-01-27,JQ60,JST060,Jetstar Airways,Brisbane,BNE,YBBN,21:30,13:30,21:26,4min early,05:00,19min early,5h 34m,Landed
2026-01-27,SJ273,,Sriwijaya Air,Jakarta,CGK,WIII,21:35,13:35,21:35,,22:15,,1h 40m,Landed
2026-01-27,SQ947,SIA947,Singapore Airlines,Singapore,SIN,WSSS,21:40,13:40,21:53,13min late,00:10,10min early,2h 17m,Landed
2026-01-27,KL836,KLM836,KLM Royal Dutch Airlines,Singapore,SIN,WSSS,21:40,13:40,21:50,10min late,00:20,10min late,2h 30m,Landed
2026-01-27,GA425,GIA425,Garuda Indonesia,Jakarta,CGK,WIII,21:40,13:40,21:38,1min early,22:13,31min early,1h 34m,Landed
2026-01-27,JQ117,JST117,Jetstar Airways,Perth,PER,YPPH,21:45,13:45,21:36,9min early,00:53,21min early,3h 17m,Landed
2026-01-27,QZ546,AWQ546,Indonesia AirAsia,Perth,PER,YPPH,21:55,13:55,22:00,5min late,01:11,23min early,3h 11m,Landed
2026-01-27,AK375,AXM375,AirAsia,Kuala Lumpur,KUL,WMKK,21:55,13:55,23:09,14min late,01:55,55min late,2h 46m,Landed
2026-01-27,TK311,THY311,Turkish Airlines,Istanbul,IST,LTFM,22:00,14:00,22:04,4min late,06:16,8min early,13h 12m,Landed
2026-01-27,OD157,MXD157,Malindo Air,Brisbane,BNE,YBBN,22:10,14:10,00:13,3min late,07:50,50min late,5h 37m,Landed
2026-01-27,QZ811,AWQ811,Indonesia AirAsia,Jakarta,CGK,WIII,22:15,14:15,22:20,5min late,22:50,14min early,1h 30m,Landed
2026-01-27,JQ38,JST038,Jetstar Airways,Sydney,SYD,YSSY,22:20,14:20,22:27,7min late,07:34,4min late,6h 7m,Landed
2026-01-27,JT15,,Lion Air,Jakarta,CGK,WIII,22:35,14:35,,,,,1h 55m,
2026-01-27,JQ128,JST128,Jetstar Airways,Adelaide,ADL,YPAD,22:50,14:50,22:52,2min late,06:09,5min early,4h 47m,Landed
2026-01-27,GA429,GIA429,Garuda Indonesia,Jakarta,CGK,WIII,23:05,15:05,23:13,8min late,23:50,14min early,1h 37m,Landed
2026-01-27,7C2712,JJA2712,Jeju Air,Seoul,ICN,RKSI,23:05,15:05,22:55,10min early,06:41,28min early,6h 46m,Landed
2026-01-27,8B5109,TNU5109,Business Air,Jakarta,CGK,WIII,23:10,15:10,23:16,6min late,23:46,3min early,1h 30m,Landed
2026-01-27,GA714,GIA714,Garuda Indonesia,Sydney,SYD,YSSY,23:35,15:35,23:41,6min late,08:37,2min late,5h 56m,Landed
2026-01-27,JQ42,JST042,Jetstar Airways,Melbourne,MEL,YMML,23:40,15:40,00:27,47min late,08:46,16min late,5h 18m,Landed
2026-01-27,KE432,KAL432,Korean Air Lines,Seoul,ICN,RKSI,23:50,15:50,15:42,7min early,07:26,18min early,14h 43m,Landed
2026-01-28,QZ548,AWQ548,Indonesia AirAsia,Perth,PER,YPPH,00:15,16:15,00:56,41min late,04:06,11min late,3h 10m,Landed
2026-01-28,TW158,TWB158,T'Way Air,Cheongju,CJJ,RKTU,00:15,16:15,00:51,36min late,08:21,11min late,6h 30m,Landed
2026-01-28,8B84,TNU084,Business Air,Perth,PER,YPPH,00:20,16:20,00:20,on time,03:31,33min early,3h 11m,Landed
2026-01-28,EK399,UAE399,Emirates,Dubai,DXB,OMDB,00:25,16:25,00:33,8min late,05:30,14min early,8h 56m,Landed
2026-01-28,QR961,QTR961,Qatar Airways,Doha,DOH,OTHH,00:30,16:30,00:14,16min early,05:05,4min early,9h 51m,Landed
2026-01-28,MF892,CXA892,Xiamen Airlines,Xiamen,XMN,ZSAM,00:30,16:30,00:28,2min early,06:00,4min early,5h 32m,Landed
2026-01-28,CZ626,CSN626,China Southern Airlines,Guangzhou,CAN,ZGGG,00:40,16:40,00:27,12min early,05:15,34min early,4h 47m,Landed
2026-01-28,GA880,GIA880,Garuda Indonesia,Tokyo,NRT,RJAA,00:50,16:50,00:58,8min late,08:22,27min early,6h 23m,Landed
2026-01-28,MU5030,CES5030,China Eastern Airlines,Shanghai,PVG,ZSPD,00:55,16:55,01:22,27min late,07:33,23min late,6h 11m,Landed
2026-01-28,KE434,KAL434,Korean Air Lines,Seoul,ICN,RKSI,01:05,17:05,01:02,3min early,08:24,40min early,6h 22m,Landed
2026-01-28,8B5888,,TransNusa,Manado,MDC,WAMM,01:30,17:30,,,,,2h 45m,
2026-01-28,JT746,LNI746,Lion Air,Makassar,UPG,WAAA,07:00,23:00,07:18,18min late,12:50,25min late,5h 32m,Landed
2026-01-28,GA401,GIA401,Garuda Indonesia,Jakarta,CGK,WIII,07:00,23:00,07:15,15min late,07:53,6min early,1h 38m,Landed
2026-01-28,IU705,SJV705,SW Italia,Surabaya,SUB,WARR,07:00,23:00,08:58,58min late,06:54,6min early,,Landed
2026-01-28,QZ813,AWQ813,Indonesia AirAsia,Jakarta,CGK,WIII,07:00,23:00,07:07,7min late,07:36,13min early,1h 28m,Landed
2026-01-28,QZ534,AWQ534,Indonesia AirAsia,Perth,PER,YPPH,07:00,23:00,07:11,11min late,10:39,10min early,3h 28m,Landed
2026-01-28,QG690,CTV690,Citilink,Surabaya,SUB,WARR,07:05,23:05,07:03,1min early,06:39,30min early,36m,Landed
2026-01-28,JQ82,JST082,Jetstar Airways,Darwin,DRW,YPDN,07:05,23:05,07:41,36min late,11:32,17min late,2h 21m,Landed
2026-01-28,QZ644,AWQ644,Indonesia AirAsia,Labuan Bajo,LBJ,WATO,07:10,23:10,07:30,20min late,09:46,21min late,2h 16m,Landed
2026-01-28,QZ550,AWQ550,Indonesia AirAsia,Kuala Lumpur,KUL,WMKK,07:15,23:15,07:26,11min late,18:03,53min late,10h 37m,Landed
2026-01-28,SQ949,SIA949,Singapore Airlines,Singapore,SIN,WSSS,07:20,23:20,07:24,4min late,09:40,19min early,2h 15m,Landed
2026-01-28,JQ1111,JST1111,Jetstar Airways,Perth,PER,YPPH,07:25,23:25,07:39,14min late,11:07,23min late,3h 28m,Landed
2026-01-28,8B551,,Business Air,Singapore,SIN,WSSS,07:30,23:30,,,,,2h 25m,Cancelled
2026-01-28,ID6333,BTK6333,Batik Air,Labuan Bajo,LBJ,WATO,07:55,23:55,08:12,17min late,09:15,5min late,1h 3m,Landed
2026-01-28,IW1858,WON1858,Wings Air,Lombok,LOP,WADL,08:05,00:05,08:07,2min late,08:38,16min early,30m,Landed
2026-01-28,JT21,LNI021,Lion Air,Jakarta,CGK,WIII,08:05,00:05,08:19,14min late,08:47,12min early,1h 28m,Landed
2026-01-28,QG9691,CTV9691,Citilink,Surabaya,SUB,WARR,08:05,00:05,07:56,8min early,07:42,27min early,46m,Landed
2026-01-28,HX706,CRK706,Hong Kong Airlines,Hong Kong,HKG,VHHH,08:15,00:15,08:16,on time,13:01,13min early,4h 45m,Landed
2026-01-28,GA710,GIA710,Garuda Indonesia,Melbourne,MEL,YMML,08:20,00:20,08:37,17min late,17:03,3min late,5h 26m,Landed
2026-01-28,5J280,CEB280,CEBU Pacific Air,Manila,MNL,RPLL,08:35,00:35,08:43,8min late,12:27,22min early,3h 44m,Landed
2026-01-28,BX602,ABL602,Air Busan,Busan,PUS,RKPK,00:05,16:05,00:22,17min late,07:44,45min early,6h 21m,Landed
2026-01-28,QZ548,AWQ548,Indonesia AirAsia,Perth,PER,YPPH,00:15,16:15,00:56,41min late,04:06,11min late,3h 10m,Landed
2026-01-28,TW158,TWB158,T'Way Air,Cheongju,CJJ,RKTU,00:15,16:15,00:51,36min late,08:21,11min late,6h 30m,Landed
2026-01-28,8B84,TNU084,Business Air,Perth,PER,YPPH,00:20,16:20,00:28,8min late,03:54,10min early,3h 26m,Landed
2026-01-28,EK399,UAE399,Emirates,Dubai,DXB,OMDB,00:25,16:25,00:18,7min early,05:24,20min early,9h 6m,Landed
2026-01-28,QR961,QTR961,Qatar Airways,Doha,DOH,OTHH,00:30,16:30,00:33,3min late,15:50,40min late,20h 17m,Landed
2026-01-28,MF892,CXA892,Xiamen Airlines,Xiamen,XMN,ZSAM,00:30,16:30,01:14,44min late,06:33,28min late,5h 18m,Landed
2026-01-28,CZ626,CSN626,China Southern Airlines,Guangzhou,CAN,ZGGG,00:40,16:40,00:36,3min early,05:20,29min early,4h 44m,Landed
2026-01-28,GA880,GIA880,Garuda Indonesia,Tokyo,NRT,RJAA,00:50,16:50,00:54,4min late,08:55,5min late,7h 0m,Landed
2026-01-28,MU5030,CES5030,China Eastern Airlines,Shanghai,PVG,ZSPD,00:55,16:55,01:01,6min late,06:53,16min early,5h 52m,Landed
2026-01-28,KE434,KAL434,Korean Air Lines,Seoul,ICN,RKSI,01:05,17:05,01:02,3min early,08:24,40min early,6h 22m,Landed
2026-01-28,8B5888,,TransNusa,Manado,MDC,WAMM,01:30,17:30,,,,,2h 45m,
2026-01-28,JT746,LNI746,Lion Air,Makassar,UPG,WAAA,07:00,23:00,07:18,18min late,12:50,25min late,5h 32m,Landed
2026-01-28,GA401,GIA401,Garuda Indonesia,Jakarta,CGK,WIII,07:00,23:00,07:15,15min late,07:53,6min early,1h 38m,Landed
2026-01-28,IU705,SJV705,SW Italia,Surabaya,SUB,WARR,07:00,23:00,08:58,58min late,06:54,6min early,,Landed
2026-01-28,QZ813,AWQ813,Indonesia AirAsia,Jakarta,CGK,WIII,07:00,23:00,07:07,7min late,07:36,13min early,1h 28m,Landed
2026-01-28,QZ534,AWQ534,Indonesia AirAsia,Perth,PER,YPPH,07:00,23:00,07:11,11min late,10:39,10min early,3h 28m,Landed
2026-01-28,QG690,CTV690,Citilink,Surabaya,SUB,WARR,07:05,23:05,07:03,1min early,06:39,30min early,36m,Landed
2026-01-28,JQ82,JST082,Jetstar Airways,Darwin,DRW,YPDN,07:05,23:05,07:41,36min late,11:32,17min late,2h 21m,Landed
2026-01-28,QZ644,AWQ644,Indonesia AirAsia,Labuan Bajo,LBJ,WATO,07:10,23:10,07:30,20min late,09:46,21min late,2h 16m,Landed
2026-01-28,QZ550,AWQ550,Indonesia AirAsia,Kuala Lumpur,KUL,WMKK,07:15,23:15,07:26,11min late,18:03,53min late,10h 37m,Landed
2026-01-28,SQ949,SIA949,Singapore Airlines,Singapore,SIN,WSSS,07:20,23:20,07:24,4min late,09:40,19min early,2h 15m,Landed
2026-01-28,JQ1111,JST1111,Jetstar Airways,Perth,PER,YPPH,07:25,23:25,07:39,14min late,11:07,23min late,3h 28m,Landed
2026-01-28,8B551,,Business Air,Singapore,SIN,WSSS,07:30,23:30,,,,,2h 25m,Cancelled
2026-01-28,ID6333,BTK6333,Batik Air,Labuan Bajo,LBJ,WATO,07:55,23:55,08:12,17min late,09:15,5min late,1h 3m,Landed
2026-01-28,IW1858,WON1858,Wings Air,Lombok,LOP,WADL,08:05,00:05,08:07,2min late,08:38,16min early,30m,Landed
2026-01-28,JT21,LNI021,Lion Air,Jakarta,CGK,WIII,08:05,00:05,08:19,14min late,08:47,12min early,1h 28m,Landed
2026-01-28,QG9691,CTV9691,Citilink,Surabaya,SUB,WARR,08:05,00:05,07:56,8min early,07:42,27min early,46m,Landed
2026-01-28,HX706,CRK706,Hong Kong Airlines,Hong Kong,HKG,VHHH,08:15,00:15,08:16,on time,13:01,13min early,4h 45m,Landed
2026-01-28,GA710,GIA710,Garuda Indonesia,Melbourne,MEL,YMML,08:20,00:20,08:37,17min late,17:03,3min late,5h 26m,Landed
2026-01-28,5J280,CEB280,CEBU Pacific Air,Manila,MNL,RPLL,08:35,00:35,08:43,8min late,12:27,22min early,3h 44m,Landed
2026-01-28,IW1854,,Wings Air,Lombok,LOP,WADL,08:45,00:45,20:45,0min late,09:35,,50m,Landed
2026-01-28,IW1882,WON1882,Wings Air,Sumbawa Besar,SWQ,WADS,08:55,00:55,10:07,12min late,11:02,2min late,55m,Landed
2026-01-28,IN640,LKN640,NAM Air,Tambolaka,TMC,WADT,09:10,01:10,09:40,30min late,10:22,12min late,42m,Landed
2026-01-28,SJ740,,Sriwijaya Air,Waingapu,WGP,WADW,09:10,01:10,09:10,,10:30,,1h 20m,Landed
2026-01-28,IN6406,,NAM Air,Tambolaka,TMC,WADT,09:10,01:10,,,,,1h 0m,
2026-01-28,8B5105,TNU5105,Business Air,Jakarta,CGK,WIII,09:15,01:15,09:10,5min early,09:35,24min early,1h 25m,Landed
2026-01-28,ID6324,BTK6324,Batik Air,Tambolaka,TMC,WADT,09:20,01:20,09:20,on time,10:08,26min early,48m,Landed
2026-01-28,QZ504,AWQ504,Indonesia AirAsia,Singapore,SIN,WSSS,09:25,01:25,07:26,58min early,18:03,58min late,10h 37m,Landed
2026-01-28,IW1848,WON1848,Wings Air,Lombok,LOP,WADL,09:25,01:25,09:59,34min late,10:32,17min late,33m,Landed
2026-01-28,ID6007,BTK6007,Batik Air,Perth,PER,YPPH,09:30,01:30,09:58,28min late,13:13,1min early,3h 15m,Landed
2026-01-28,QG500,CTV500,Citilink,Dili,DIL,WPDL,09:30,01:30,09:29,on time,12:20,on time,1h 51m,Landed
2026-01-28,QG663,CTV663,Citilink,Jakarta,CGK,WIII,09:35,01:35,09:40,5min late,10:32,2min late,1h 52m,Landed
2026-01-28,QZ803,AWQ803,Indonesia AirAsia,Jakarta,CGK,WIII,09:40,01:40,09:45,5min late,10:09,20min early,1h 24m,Landed
2026-01-28,8B80,TNU080,Business Air,Perth,PER,YPPH,09:40,01:40,10:03,23min late,13:17,7min early,3h 14m,Landed
2026-01-28,QR965,QTR965,Qatar Airways,Doha,DOH,OTHH,09:45,01:45,09:41,4min early,14:08,16min early,9h 27m,Landed
2026-01-28,IU122,,SW Italia,Yogyakarta,YIA,WAHI,10:00,02:00,,,,,1h 30m,
2026-01-28,IU128,,SW Italia,Surakarta,SOC,WAHQ,10:00,02:00,,,,,1h 20m,
2026-01-28,SU297,AFL297,Aeroflot,Moscow,SVO,UUEE,10:05,02:05,11:06,1min late,18:41,46min late,12h 35m,Landed
2026-01-28,JQ126,JST126,Jetstar Airways,Adelaide,ADL,YPAD,10:15,02:15,10:45,30min late,18:04,19min late,4h 49m,Landed
2026-01-28,SQ935,SIA935,Singapore Airlines,Singapore,SIN,WSSS,10:30,02:30,10:44,14min late,12:54,16min early,2h 10m,Landed
2026-01-28,8B5101,TNU5101,Business Air,Jakarta,CGK,WIII,10:30,02:30,10:14,15min early,10:45,29min early,1h 30m,Landed
2026-01-28,JT33,,Lion Air,Jakarta,CGK,WIII,10:35,02:35,,,,,1h 55m,
2026-01-28,8G182,DTL182,Mid Africa Aviation,Dili,DIL,WPDL,10:35,02:35,10:27,7min early,13:12,17min early,1h 45m,Landed
2026-01-28,QZ815,AWQ815,Indonesia AirAsia,Jakarta,CGK,WIII,10:35,02:35,10:46,11min late,11:15,14min early,1h 29m,Landed
2026-01-28,JT805,,Lion Air,Surabaya,SUB,WARR,10:35,02:35,,,,,1h 0m,
2026-01-28,QG197,CTV197,Citilink,Jakarta,HLP,WIHH,11:10,03:10,11:09,on time,11:51,8min early,1h 42m,Landed
2026-01-28,IW1856,WON1856,Wings Air,Lombok,LOP,WADL,11:10,03:10,11:41,31min late,12:11,11min late,30m,Landed
2026-01-28,TR281,TGW281,Scoot,Singapore,SIN,WSSS,11:10,03:10,11:40,30min late,13:46,4min early,2h 6m,Landed
2026-01-28,JQ40,JST040,Jetstar Airways,Sydney,SYD,YSSY,11:15,03:15,11:21,6min late,20:20,5min late,5h 59m,Landed
2026-01-28,JQ32,JST032,Jetstar Airways,Melbourne,MEL,YMML,11:30,03:30,11:22,8min early,19:45,24min early,5h 23m,Landed
2026-01-28,6E1606,IGO1606,IndiGo,Bangalore,BLR,VOBL,11:30,03:30,11:10,20min early,15:01,33min early,6h 21m,Landed
2026-01-28,OD172,MXD172,Malindo Air,Kuala Lumpur,KUL,WMKK,11:35,03:35,13:48,13min late,16:18,33min late,2h 29m,Landed
2026-01-28,IW1902,WON1902,Wings Air,Jember,JBB,WARE,11:40,03:40,12:27,47min late,11:59,on time,32m,Landed
2026-01-28,IW1964,WON1964,Wings Air,Lombok,LOP,WADL,11:40,03:40,16:29,49min late,16:58,28min late,28m,Landed
2026-01-28,QZ646,AWQ646,Indonesia AirAsia,Labuan Bajo,LBJ,WATO,11:40,03:40,12:07,27min late,12:58,3min late,51m,Landed
2026-01-28,JQ109,JST109,Jetstar Airways,Perth,PER,YPPH,11:45,03:45,11:38,7min early,15:02,32min early,3h 24m,Landed
2026-01-28,ID6331,BTK6331,Batik Air,Labuan Bajo,LBJ,WATO,11:45,03:45,12:19,34min late,13:14,14min late,54m,Landed
2026-01-28,JT31,,Lion Air,Jakarta,CGK,WIII,11:55,03:55,14:56,1min late,15:22,32min late,1h 26m,Landed
2026-01-28,GA407,GIA407,Garuda Indonesia,Jakarta,CGK,WIII,11:55,03:55,12:02,7min late,12:40,14min early,1h 38m,Landed
2026-01-28,FD397,AIQ397,Thai AirAsia,Bangkok,DMK,VTBD,12:00,04:00,12:40,40min late,15:32,12min late,3h 51m,Landed
2026-01-28,SQ937,SIA937,Singapore Airlines,Singapore,SIN,WSSS,12:05,04:05,12:34,29min late,14:46,9min early,2h 11m,Landed
2026-01-28,GA253,GIA253,Garuda Indonesia,Yogyakarta,YIA,WAHI,12:05,04:05,12:24,19min late,12:26,28min early,1h 2m,Landed
2026-01-28,QZ618,AWQ618,Indonesia AirAsia,Banjarmasin,BDJ,WAOO,12:05,04:05,12:16,11min late,13:19,20min early,1h 3m,Landed
2026-01-28,OD192,MXD192,Malindo Air,Kuala Lumpur,KUL,WMKK,12:10,04:10,12:13,3min late,15:01,18min early,2h 47m,Landed
2026-01-28,SJ742,,Sriwijaya Air,Tambolaka,TMC,WADT,12:10,04:10,12:10,on time,13:10,,1h 0m,Landed
2026-01-28,OD178,MXD178,Malindo Air,Kuala Lumpur,KUL,WMKK,12:15,04:15,12:32,17min late,15:03,21min early,2h 31m,Landed
2026-01-28,OD158,MXD158,Malindo Air,Kuala Lumpur,KUL,WMKK,12:45,04:45,14:02,17min late,16:39,44min late,2h 36m,Landed
2026-01-28,IP103,PAS103,Pelita Air Service,Jakarta,CGK,WIII,12:45,04:45,13:06,21min late,13:34,on time,1h 28m,Landed
2026-01-28,JT740,LNI740,Lion Air,Makassar,UPG,WAAA,12:55,04:55,14:00,5min late,15:20,0min late,1h 20m,Landed
2026-01-28,SQ939,SIA939,Singapore Airlines,Singapore,SIN,WSSS,13:00,05:00,13:37,37min late,15:41,8min early,2h 4m,Landed
2026-01-28,AK365,AXM365,AirAsia,Kuala Lumpur,KUL,WMKK,13:05,05:05,13:29,24min late,17:54,44min late,4h 25m,Landed
2026-01-28,MH714,MAS714,Malaysia Airlines,Kuala Lumpur,KUL,WMKK,13:10,05:10,13:19,9min late,15:54,10min early,2h 34m,Landed
2026-01-28,JT35,LNI035,Lion Air,Jakarta,CGK,WIII,13:15,05:15,14:08,53min late,14:40,30min late,1h 32m,Landed
2026-01-28,GA409,GIA409,Garuda Indonesia,Jakarta,CGK,WIII,13:25,05:25,13:40,15min late,14:12,12min early,1h 31m,Landed
2026-01-28,JT660,,Lion Air,Balikpapan,BPN,WALL,13:30,05:30,,,,,1h 45m,
2026-01-28,JQ58,JST058,Jetstar Airways,Brisbane,BNE,YBBN,13:30,05:30,13:44,14min late,21:16,8min early,5h 32m,Landed
2026-01-28,ID6509,BTK6509,Batik Air,Jakarta,CGK,WIII,13:45,05:45,13:55,10min late,14:21,18min early,1h 26m,Landed
2026-01-28,8B5107,TNU5107,Business Air,Jakarta,CGK,WIII,13:50,05:50,13:58,8min late,14:24,10min early,1h 25m,Landed
2026-01-28,JT919,LNI919,Lion Air,Surabaya,SUB,WARR,13:55,05:55,16:27,32min late,16:05,10min late,38m,Landed
2026-01-28,IU137,SJV137,SW Italia,Kupang,KOE,WATT,14:00,06:00,14:25,25min late,21:18,28min late,6h 52m,Landed
2026-01-28,6E1612,IGO1612,IndiGo,Bhubaneswar,BBI,VEBS,14:00,06:00,14:14,14min late,17:45,5min late,6h 1m,Landed
2026-01-28,QZ544,AWQ544,Indonesia AirAsia,Perth,PER,YPPH,14:00,06:00,16:03,3min late,19:37,47min late,3h 34m,Landed
2026-01-28,8B82,TNU082,Business Air,Perth,PER,YPPH,14:00,06:00,15:41,41min late,18:54,14min late,3h 13m,Landed
2026-01-28,QG342,CTV342,Citilink,Makassar,UPG,WAAA,14:00,06:00,14:00,on time,15:38,13min late,1h 38m,Landed
2026-01-28,QG687,CTV687,Citilink,Jakarta,CGK,WIII,14:00,06:00,14:23,23min late,15:03,8min late,1h 39m,Landed
2026-01-28,VJ894,VJC894,VietJet Air,Ho Chi Minh City,SGN,VVTS,14:05,06:05,14:13,8min late,16:35,29min early,3h 22m,Landed
2026-01-28,IU130,,SW Italia,Semarang,SRG,WIIS,14:15,06:15,,,,,1h 20m,
2026-01-28,ID6517,BTK6517,Batik Air,Jakarta,CGK,WIII,14:15,06:15,19:24,9min late,16:25,15min late,,Landed
2026-01-28,ID7308,BTK7308,Batik Air,Jakarta,HLP,WIHH,14:20,06:20,15:03,43min late,15:28,18min late,1h 24m,Landed
2026-01-28,QZ506,AWQ506,Indonesia AirAsia,Singapore,SIN,WSSS,14:25,06:25,15:45,20min late,18:04,44min late,2h 18m,Landed
2026-01-28,TR289,TGW289,Scoot,Singapore,SIN,WSSS,14:35,06:35,15:15,40min late,17:33,3min late,2h 18m,Landed
2026-01-28,JT23,,Lion Air,Jakarta,CGK,WIII,14:45,06:45,,,,,1h 55m,
2026-01-28,JQ43,JST043,Jetstar Airways,Singapore,SIN,WSSS,14:50,06:50,15:09,19min late,17:53,1min early,2h 44m,Landed
2026-01-28,OD307,MXD307,Malindo Air,Kuala Lumpur,KUL,WMKK,14:50,06:50,15:33,43min late,18:14,19min late,2h 41m,Landed
2026-01-28,JQ44,JST044,Jetstar Airways,Melbourne,MEL,YMML,14:55,06:55,14:56,on time,23:22,12min early,5h 26m,Landed
2026-01-28,IU120,SJV120,SW Italia,Yogyakarta,YIA,WAHI,15:00,07:00,13:40,19min early,13:16,13min early,36m,Landed
2026-01-28,VA48,VOZ048,Virgin Australia,Brisbane,BNE,YBBN,15:00,07:00,14:47,13min early,22:50,5min early,6h 3m,Landed
2026-01-28,JT844,LNI844,Lion Air,Banjarmasin,BDJ,WAOO,15:00,07:00,16:33,33min late,17:41,11min late,1h 8m,Landed
2026-01-28,QZ246,AWQ246,Indonesia AirAsia,Phuket,HKT,VTSP,15:05,07:05,16:47,42min late,19:18,38min late,3h 30m,Landed
2026-01-28,AI2148,AIC2148,Air India,Delhi,DEL,VIDP,15:10,07:10,14:57,13min early,19:56,8min early,7h 29m,Landed
2026-01-28,QG681,CTV681,Citilink,Jakarta,CGK,WIII,15:10,07:10,15:00,10min early,15:49,15min early,1h 49m,Landed
2026-01-28,AK377,AXM377,AirAsia,Kuala Lumpur,KUL,WMKK,15:25,07:25,15:25,on time,18:26,1min late,3h 1m,Landed
2026-01-28,VJ898,VJC898,VietJet Air,Ho Chi Minh City,SGN,VVTS,15:35,07:35,16:09,34min late,18:45,20min late,3h 36m,Landed
2026-01-28,GA411,GIA411,Garuda Indonesia,Jakarta,CGK,WIII,15:35,07:35,16:22,47min late,16:58,18min late,1h 36m,Landed
2026-01-28,SJ717,SJY717,Sriwijaya Air,Makassar,UPG,WAAA,15:40,07:40,14:14,25min early,18:09,10min early,3h 54m,Landed
2026-01-28,QG669,CTV669,Citilink,Surabaya,SUB,WARR,15:40,07:40,16:01,21min late,15:59,14min late,58m,Landed
2026-01-28,IW1850,WON1850,Wings Air,Lombok,LOP,WADL,15:40,07:40,16:44,4min late,17:13,43min late,28m,Landed
2026-01-28,CI772,CAL772,China Airlines,Taipei,TPE,RCTP,15:45,07:45,16:00,15min late,21:14,9min late,5h 14m,Landed
2026-01-28,VA92,VOZ092,Virgin Australia,Melbourne,MEL,YMML,15:50,07:50,16:02,12min late,00:40,10min late,5h 38m,Landed
2026-01-28,IP109,PAS109,Pelita Air Service,Jakarta,CGK,WIII,16:00,08:00,16:12,12min late,16:39,10min early,1h 27m,Landed
2026-01-28,QZ536,AWQ536,Indonesia AirAsia,Perth,PER,YPPH,16:00,08:00,16:37,37min late,20:15,30min late,3h 38m,Landed
2026-01-28,QG661,CTV661,Citilink,Jakarta,CGK,WIII,16:05,08:05,16:31,26min late,17:26,26min late,1h 55m,Landed
2026-01-28,VN640,HVN640,Vietnam Airlines,Ho Chi Minh City,SGN,VVTS,16:05,08:05,16:25,20min late,18:50,4min early,3h 25m,Landed
2026-01-28,TG432,THA432,Thai Airways International,Bangkok,BKK,VTBS,16:10,08:10,16:06,4min early,18:41,43min early,3h 35m,Landed
2026-01-28,QZ807,AWQ807,Indonesia AirAsia,Jakarta,CGK,WIII,16:10,08:10,16:47,37min late,17:10,on time,1h 23m,Landed
2026-01-28,CX784,CPA784,Cathay Pacific,Hong Kong,HKG,VHHH,16:20,08:20,16:16,4min early,21:16,8min early,5h 0m,Landed
2026-01-28,MH850,MAS850,Malaysia Airlines,Kuala Lumpur,KUL,WMKK,16:25,08:25,16:35,10min late,19:32,2min early,2h 57m,Landed
2026-01-28,IW1852,WON1852,Wings Air,Lombok,LOP,WADL,16:30,08:30,17:00,30min late,17:28,8min late,28m,Landed
2026-01-28,IU743,,SW Italia,Jakarta,CGK,WIII,16:35,08:35,,,,,1h 55m,
2026-01-28,JT744,,Lion Air,Makassar,UPG,WAAA,16:40,08:40,,,,,1h 25m,
2026-01-28,BR256,EVA256,EVA Airways,Taipei,TPE,RCTP,16:40,08:40,17:18,38min late,22:25,40min late,5h 6m,Landed
2026-01-28,IU703,SJV703,SW Italia,Surabaya,SUB,WARR,16:40,08:40,16:59,19min late,16:33,6min early,34m,Landed
2026-01-28,GA349,GIA349,Garuda Indonesia,Surabaya,SUB,WARR,16:55,08:55,17:18,23min late,16:58,11min early,40m,Landed
2026-01-28,IU273,,SW Italia,Pontianak,PNK,WIOO,17:00,09:00,,,,,2h 5m,
2026-01-28,JT25,,Lion Air,Jakarta,CGK,WIII,17:15,09:15,20:12,57min late,20:43,33min late,1h 31m,Landed
2026-01-28,VJ998,VJC998,VietJet Air,Hanoi,HAN,VVNB,17:25,09:25,17:22,2min early,03:00,25min late,10h 38m,Landed
2026-01-28,GA419,GIA419,Garuda Indonesia,Jakarta,CGK,WIII,17:25,09:25,17:48,23min late,18:23,1min early,1h 34m,Landed
2026-01-28,HO1356,DKH1356,Juneyao Airlines,Shanghai,PVG,ZSPD,17:25,09:25,17:31,6min late,09:49,59min late,16h 17m,Landed
2026-01-28,TR211,TGW211,Scoot,Singapore,SIN,WSSS,17:35,09:35,18:37,2min late,21:04,19min late,2h 27m,Landed
2026-01-28,IU759,SJV759,SW Italia,Jakarta,CGK,WIII,17:40,09:40,19:43,3min late,20:16,41min late,1h 33m,Landed
2026-01-28,IP107,PAS107,Pelita Air Service,Jakarta,CGK,WIII,17:40,09:40,17:58,18min late,18:21,8min early,1h 23m,Landed
2026-01-28,AK368,AXM368,AirAsia,Kuala Lumpur,KUL,WMKK,17:45,09:45,17:56,11min late,20:43,6min early,2h 47m,Landed
2026-01-28,OD193,MXD193,Malindo Air,Perth,PER,YPPH,18:10,10:10,20:13,3min late,23:29,44min late,3h 15m,Landed
2026-01-28,IU126,SJV126,SW Italia,Surakarta,SOC,WAHQ,18:10,10:10,19:30,20min late,19:33,3min late,1h 2m,Landed
2026-01-28,IN281,LKN281,Nam Air,Jakarta,CGK,WIII,18:30,10:30,18:45,15min late,19:16,6min late,1h 31m,Landed
2026-01-28,IP111,,Pelita Air Service,Jakarta,CGK,WIII,18:35,10:35,,,,,1h 50m,
2026-01-28,JT3027,,Lion Air,Jakarta,CGK,WIII,18:40,10:40,21:43,3min late,22:12,37min late,1h 29m,Landed
2026-01-28,CX782,CPA782,Cathay Pacific,Hong Kong,HKG,VHHH,18:40,10:40,18:52,12min late,23:47,2min late,4h 55m,Landed
2026-01-28,SL259,TLM259,Thai Lion Air,Bangkok,DMK,VTBD,18:40,10:40,17:18,21min early,21:38,21min early,5h 20m,Landed
2026-01-28,EY477,ETD477,Etihad Airways,Abu Dhabi,AUH,OMAA,18:45,10:45,18:59,14min late,23:50,5min late,8h 51m,Landed
2026-01-28,ID6415,,Batik Air,Surabaya,SUB,WARR,18:45,10:45,,,,,1h 0m,Cancelled
2026-01-28,NZ291,ANZ291,Air New Zealand,Auckland,AKL,NZAA,18:50,10:50,18:57,7min late,08:19,24min late,8h 22m,Landed
2026-01-28,QR963,QTR963,Qatar Airways,Doha,DOH,OTHH,18:50,10:50,19:08,18min late,00:35,5min late,10h 27m,Landed
2026-01-28,6E1608,IGO1608,IndiGo,Chennai,MAA,VOMM,18:50,10:50,19:30,40min late,23:05,35min late,6h 5m,Landed
2026-01-28,QZ809,AWQ809,Indonesia AirAsia,Jakarta,CGK,WIII,18:50,10:50,19:33,43min late,20:02,12min late,1h 29m,Landed
2026-01-28,TG440,THA440,Thai Airways International,Bangkok,BKK,VTBS,19:00,11:00,19:16,16min late,22:06,8min early,3h 50m,Landed
2026-01-28,AK379,AXM379,AirAsia,Kuala Lumpur,KUL,WMKK,19:15,11:15,19:40,25min late,22:26,6min late,2h 46m,Landed
2026-01-28,MH852,MAS852,Malaysia Airlines,Kuala Lumpur,KUL,WMKK,19:15,11:15,19:23,8min late,22:17,2min late,2h 54m,Landed
2026-01-28,QG699,CTV699,Citilink,Surabaya,SUB,WARR,19:25,11:25,19:35,10min late,19:33,3min late,58m,Landed
2026-01-28,ID7310,BTK7310,Batik Air,Jakarta,HLP,WIHH,19:25,11:25,20:19,54min late,20:50,35min late,1h 30m,Landed
2026-01-28,GA4212,GIA4212,Garuda Indonesia,Jakarta,CGK,WIII,19:30,11:30,19:42,12min late,20:20,9min early,1h 38m,Landed
2026-01-28,QG689,,Citilink,Jakarta,CGK,WIII,19:30,11:30,22:30,0min late,23:00,35min late,1h 30m,Landed
2026-01-28,JT923,,Lion Air,Surabaya,SUB,WARR,19:45,11:45,,,,,1h 0m,
2026-01-28,8B969,TNU969,Business Air,Guangzhou,CAN,ZGGG,19:45,11:45,20:05,20min late,01:00,4min early,4h 55m,Landed
2026-01-28,IU133,SJV133,SW Italia,Semarang,SRG,WIIS,19:50,11:50,20:16,26min late,20:17,7min late,1h 1m,Landed
2026-01-28,EK369,UAE369,Emirates,Dubai,DXB,OMDB,19:50,11:50,20:00,10min late,00:56,13min early,8h 56m,Landed
2026-01-28,TR283,TGW283,Scoot,Singapore,SIN,WSSS,20:05,12:05,20:27,22min late,22:45,5min late,2h 18m,Landed
2026-01-28,SQ945,SIA945,Singapore Airlines,Singapore,SIN,WSSS,20:15,12:15,20:35,20min late,22:52,3min early,2h 17m,Landed
2026-01-28,GA718,GIA718,Garuda Indonesia,Melbourne,MEL,YMML,20:20,12:20,20:47,27min late,05:27,27min late,5h 39m,Landed
2026-01-28,JQ34,JST034,Jetstar Airways,Melbourne,MEL,YMML,20:20,12:20,20:52,32min late,05:26,31min late,5h 34m,Landed
2026-01-28,ID6413,BTK6413,Batik Air,Surabaya,SUB,WARR,20:30,12:30,21:30,0min late,21:05,35min late,35m,Landed
2026-01-28,QG9697,,Citilink,Surabaya,SUB,WARR,20:40,12:40,23:46,6min late,23:22,37min late,36m,Landed
2026-01-28,JQ107,JST107,Jetstar Airways,Perth,PER,YPPH,20:45,12:45,21:00,15min late,00:13,6min early,3h 13m,Landed
2026-01-28,GA415,GIA415,Garuda Indonesia,Jakarta,CGK,WIII,20:45,12:45,20:59,14min late,21:36,8min early,1h 37m,Landed
2026-01-28,IP105,,Pelita Air Service,Jakarta,CGK,WIII,20:50,12:50,,,,,1h 50m,
2026-01-28,OD177,MXD177,Malindo Air,Melbourne,MEL,YMML,20:55,12:55,21:30,35min late,05:58,18min late,5h 27m,Landed
2026-01-28,OD171,MXD171,Malindo Air,Sydney,SYD,YSSY,21:10,13:10,21:52,42min late,07:07,52min late,6h 15m,Landed
2026-01-28,TK67,THY067,Turkish Airlines,Istanbul,IST,LTFM,21:10,13:10,12:43,33min late,05:31,8min early,,Landed
2026-01-28,QG667,,Citilink,Jakarta,CGK,WIII,21:10,13:10,00:20,10min late,00:50,40min late,1h 30m,Landed
2026-01-28,QZ819,AWQ819,Indonesia AirAsia,Jakarta,CGK,WIII,21:15,13:15,22:19,4min late,22:38,33min late,1h 19m,Landed
2026-01-28,JT11,LNI011,Lion Air,Jakarta,CGK,WIII,21:15,13:15,21:36,21min late,22:03,6min early,1h 26m,Landed
2026-01-28,QF44,QFA044,Qantas,Sydney,SYD,YSSY,21:20,13:20,21:48,28min late,07:12,57min late,6h 24m,Landed
2026-01-28,ID6760,BTK6760,Batik Air,Makassar,UPG,WAAA,21:30,13:30,21:43,13min late,04:37,42min late,6h 54m,Landed
2026-01-28,SJ273,SJY273,Sriwijaya Air,Jakarta,CGK,WIII,21:35,13:35,22:35,60min late,22:55,40min late,1h 20m,Landed
2026-01-28,KL836,KLM836,KLM Royal Dutch Airlines,Singapore,SIN,WSSS,21:40,13:40,17:34,5min early,23:56,13min early,6h 22m,Landed
2026-01-28,GA425,,Garuda Indonesia,Jakarta,CGK,WIII,21:40,13:40,21:30,10min early,22:45,,2h 5m,Landed
2026-01-28,SQ947,SIA947,Singapore Airlines,Singapore,SIN,WSSS,21:40,13:40,22:17,37min late,00:28,8min late,2h 11m,Landed
2026-01-28,JQ117,JST117,Jetstar Airways,Perth,PER,YPPH,21:45,13:45,21:50,5min late,01:17,2min late,3h 27m,Landed
2026-01-28,QZ546,AWQ546,Indonesia AirAsia,Perth,PER,YPPH,21:55,13:55,21:59,4min late,01:12,22min early,3h 12m,Landed
2026-01-28,AK375,AXM375,AirAsia,Kuala Lumpur,KUL,WMKK,21:55,13:55,22:45,50min late,01:30,30min late,2h 45m,Landed
2026-01-28,TK311,THY311,Turkish Airlines,Istanbul,IST,LTFM,22:00,14:00,17:01,1min late,14:48,23min late,2h 47m,Landed
2026-01-28,VA94,VOZ094,Virgin Australia,Melbourne,MEL,YMML,22:00,14:00,21:56,4min early,06:45,5min late,5h 49m,Landed
2026-01-28,SV857,SVA857,Saudi Arabian Airlines,Singapore,SIN,WSSS,22:05,14:05,22:43,38min late,00:46,1min late,2h 3m,Landed
2026-01-28,QF46,QFA046,Qantas,Melbourne,MEL,YMML,22:05,14:05,22:00,5min early,06:48,2min early,5h 48m,Landed
2026-01-28,OD157,MXD157,Malindo Air,Brisbane,BNE,YBBN,22:10,14:10,23:02,52min late,06:39,39min late,5h 37m,Landed
2026-01-28,QZ811,AWQ811,Indonesia AirAsia,Jakarta,CGK,WIII,22:15,14:15,22:15,,23:56,51min late,2h 41m,Landed
2026-01-28,JQ89,JST089,Jetstar Airways,Newcastle,NTL,YWLM,22:20,14:20,22:27,7min late,07:30,15min late,6h 3m,Landed
2026-01-28,JQ38,JST038,Jetstar Airways,Sydney,SYD,YSSY,22:20,14:20,22:16,4min early,07:54,29min late,6h 38m,Landed
2026-01-28,VA66,VOZ066,Virgin Australia,Sydney,SYD,YSSY,22:30,14:30,22:33,3min late,08:07,27min late,6h 34m,Landed
2026-01-28,JT15,,Lion Air,Jakarta,CGK,WIII,22:35,14:35,,,,,1h 55m,
2026-01-28,JQ128,JST128,Jetstar Airways,Adelaide,ADL,YPAD,22:50,14:50,23:01,11min late,06:24,9min late,4h 53m,Landed
2026-01-28,GA429,GIA429,Garuda Indonesia,Jakarta,CGK,WIII,23:05,15:05,23:06,1min late,23:43,21min early,1h 36m,Landed
2026-01-28,7C2712,,Jeju Air,Seoul,ICN,RKSI,23:05,15:05,23:28,23min late,07:50,40min late,7h 22m,Landed
2026-01-28,JQ91,JST091,Jetstar Airways,Cairns,CNS,YBCS,23:10,15:10,23:40,30min late,06:06,21min late,4h 26m,Landed
2026-01-28,3U3986,CSC3986,Sichuan Airlines,Lujia Town,TFU,ZUTF,23:10,15:10,23:40,30min late,05:58,3min late,6h 18m,Landed
2026-01-28,8B5109,TNU5109,Business Air,Jakarta,CGK,WIII,23:10,15:10,23:45,35min late,00:08,18min late,1h 23m,Landed
2026-01-28,VA82,VOZ082,Virgin Australia,Gold Coast,OOL,YBCG,23:20,15:20,23:29,9min late,07:42,32min late,6h 13m,Landed
2026-01-28,GA714,GIA714,Garuda Indonesia,Sydney,SYD,YSSY,23:35,15:35,23:55,20min late,08:35,,6h 0m,Landed
2026-01-28,JQ42,JST042,Jetstar Airways,Melbourne,MEL,YMML,23:40,15:40,01:34,54min late,09:48,18min late,5h 14m,Landed
2026-01-28,QZ420,AWQ420,Indonesia AirAsia,Adelaide,ADL,YPAD,23:45,15:45,00:11,26min late,07:22,2min early,4h 41m,Landed
2026-01-28,KE432,KAL432,Korean Air Lines,Seoul,ICN,RKSI,23:50,15:50,23:46,4min early,07:49,4min late,7h 3m,Landed
2026-01-28,JQ94,JST094,Jetstar Airways,Gold Coast,OOL,YBCG,23:55,15:55,00:08,13min late,07:58,33min late,5h 50m,Landed
2026-01-29,BX602,ABL602,Air Busan,Busan,PUS,RKPK,00:05,16:05,00:22,17min late,07:44,45min early,6h 21m,Landed
2026-01-29,TW158,TWB158,T'Way Air,Cheongju,CJJ,RKTU,00:15,16:15,00:49,34min late,08:29,19min late,6h 40m,Landed
2026-01-29,8B84,TNU084,Business Air,Perth,PER,YPPH,00:20,16:20,00:28,8min late,03:54,10min early,3h 26m,Landed
2026-01-29,EK399,UAE399,Emirates,Dubai,DXB,OMDB,00:25,16:25,00:21,4min early,05:27,17min early,9h 6m,Landed
2026-01-29,MF892,CXA892,Xiamen Airlines,Xiamen,XMN,ZSAM,00:30,16:30,00:57,27min late,06:36,31min late,5h 39m,Landed
2026-01-29,QR961,QTR961,Qatar Airways,Doha,DOH,OTHH,00:30,16:30,00:29,on time,05:26,16min late,9h 57m,Landed
2026-01-29,CZ626,CSN626,China Southern Airlines,Guangzhou,CAN,ZGGG,00:40,16:40,00:24,15min early,05:09,40min early,4h 44m,Landed
2026-01-29,GA880,GIA880,Garuda Indonesia,Tokyo,NRT,RJAA,00:50,16:50,00:56,6min late,08:45,4min early,6h 49m,Landed
2026-01-29,GA870,GIA870,Garuda Indonesia,Seoul,ICN,RKSI,00:50,16:50,01:01,11min late,08:39,10min early,6h 37m,Landed
2026-01-29,MU5030,CES5030,China Eastern Airlines,Shanghai,PVG,ZSPD,00:55,16:55,01:16,21min late,07:20,10min late,6h 4m,Landed
2026-01-29,SJ726,,Sriwijaya Air,Makassar,UPG,WAAA,01:00,17:00,,,,,1h 20m,
2026-01-29,QZ548,AWQ548,Indonesia AirAsia,Perth,PER,YPPH,01:00,17:00,01:30,30min late,05:13,33min late,3h 42m,Landed
2026-01-29,5J282,CEB282,CEBU Pacific Air,Manila,MNL,RPLL,01:00,17:00,01:28,28min late,05:23,8min late,3h 55m,Landed
2026-01-29,KE434,KAL434,Korean Air Lines,Seoul,ICN,RKSI,01:05,17:05,01:08,3min late,08:45,19min early,6h 37m,Landed
2026-01-29,PR538,PAL538,Philippine Airlines,Manila,MNL,RPLL,01:10,17:10,01:42,32min late,05:10,on time,3h 28m,Landed
2026-01-29,8B5888,TNU5888,Business Air,Manado,MDC,WAMM,01:30,17:30,08:14,44min late,20:02,47min late,11h 47m,Landed
2026-01-29,GA401,GIA401,Garuda Indonesia,Jakarta,CGK,WIII,07:00,23:00,07:12,12min late,07:50,9min early,1h 38m,Landed
2026-01-29,JT746,LNI746,Lion Air,Makassar,UPG,WAAA,07:00,23:00,07:10,10min late,08:09,15min early,59m,Landed
2026-01-29,QZ534,AWQ534,Indonesia AirAsia,Perth,PER,YPPH,07:00,23:00,03:29,30min early,11:26,36min late,7h 57m,Landed
2026-01-29,IU705,SJV705,SW Italia,Surabaya,SUB,WARR,07:00,23:00,07:07,7min late,06:44,15min early,37m,Landed
2026-01-29,QZ813,AWQ813,Indonesia AirAsia,Jakarta,CGK,WIII,07:00,23:00,07:03,3min late,07:31,18min early,1h 28m,Landed
2026-01-29,QG690,CTV690,Citilink,Surabaya,SUB,WARR,07:05,23:05,07:22,17min late,07:04,5min early,41m,Landed
2026-01-29,JQ82,JST082,Jetstar Airways,Darwin,DRW,YPDN,07:05,23:05,06:51,14min early,11:13,1min early,2h 52m,Landed
2026-01-29,QZ550,AWQ550,Indonesia AirAsia,Kuala Lumpur,KUL,WMKK,07:15,23:15,07:15,on time,19:06,56min late,11h 51m,Landed
2026-01-29,SQ949,SIA949,Singapore Airlines,Singapore,SIN,WSSS,07:20,23:20,07:18,1min early,09:28,31min early,2h 9m,Landed
2026-01-29,8B551,TNU551,Business Air,Singapore,SIN,WSSS,07:30,23:30,09:24,54min late,13:32,37min late,4h 8m,Landed
2026-01-29,IW1858,WON1858,Wings Air,Lombok,LOP,WADL,08:05,00:05,08:19,14min late,08:46,8min early,27m,Landed
2026-01-29,QG9691,CTV9691,Citilink,Surabaya,SUB,WARR,08:05,00:05,07:54,10min early,07:41,28min early,46m,Landed
2026-01-29,JT21,LNI021,Lion Air,Jakarta,CGK,WIII,08:05,00:05,08:26,21min late,08:54,5min early,1h 27m,Landed
2026-01-29,HX706,CRK706,Hong Kong Airlines,Hong Kong,HKG,VHHH,08:15,00:15,08:30,15min late,13:05,9min early,4h 35m,Landed
2026-01-29,5J280,CEB280,CEBU Pacific Air,Manila,MNL,RPLL,08:35,00:35,08:56,21min late,12:51,1min late,3h 55m,Landed
2026-01-29,CZ8482,CSN8482,China Southern Airlines,Guangzhou,CAN,ZGGG,08:35,00:35,08:42,7min late,13:29,35min early,4h 47m,Landed
2026-01-29,IW1854,,Wings Air,Lombok,LOP,WADL,08:45,00:45,10:29,44min late,09:35,,50m,Landed
2026-01-29,IW1882,WON1882,Wings Air,Sumbawa Besar,SWQ,WADS,08:55,00:55,08:48,6min early,09:26,34min early,37m,Landed
2026-01-29,IN640,LKN640,Nam Air,Tambolaka,TMC,WADT,09:10,01:10,10:01,51min late,10:43,33min late,41m,Landed
2026-01-29,8B5105,TNU5105,TransNusa,Jakarta,CGK,WIII,09:15,01:15,09:10,4min early,09:34,25min early,1h 23m,Landed
2026-01-29,ID6324,BTK6324,Batik Air,Tambolaka,TMC,WADT,09:20,01:20,09:26,6min late,10:15,19min early,49m,Landed
2026-01-29,QZ504,AWQ504,Indonesia AirAsia,Singapore,SIN,WSSS,09:25,01:25,09:32,7min late,11:53,11min early,2h 21m,Landed
2026-01-29,IW1848,WON1848,Wings Air,Lombok,LOP,WADL,09:25,01:25,09:47,22min late,10:13,1min early,26m,Landed
2026-01-29,ID6007,BTK6007,Batik Air,Perth,PER,YPPH,09:30,01:30,08:06,23min early,13:09,5min early,5h 3m,Landed
2026-01-29,QG500,CTV500,Citilink,Dili,DIL,WPDL,09:30,01:30,09:33,3min late,12:22,2min late,1h 48m,Landed
2026-01-29,QG663,CTV663,Citilink,Jakarta,CGK,WIII,09:35,01:35,12:08,33min late,12:54,24min late,1h 45m,Landed
2026-01-29,QZ803,AWQ803,Indonesia AirAsia,Jakarta,CGK,WIII,09:40,01:40,10:02,22min late,10:29,on time,1h 27m,Landed
2026-01-29,8B80,TNU080,TransNusa,Perth,PER,YPPH,09:40,01:40,10:09,29min late,13:24,on time,3h 15m,Landed
2026-01-29,QR965,QTR965,Qatar Airways,Doha,DOH,OTHH,09:45,01:45,09:35,10min early,14:33,8min late,9h 58m,Landed
2026-01-29,AI2146,AIC2146,Air India,Delhi,DEL,VIDP,10:00,02:00,08:24,35min early,15:06,6min late,9h 12m,Landed
2026-01-29,IU122,,SW Italia,Yogyakarta,YIA,WAHI,10:00,02:00,,,,,1h 30m,
2026-01-29,JQ111,JST111,Jetstar Airways,Perth,PER,YPPH,10:20,02:20,10:19,on time,13:45,24min early,3h 26m,Landed
2026-01-29,SQ935,SIA935,Singapore Airlines,Singapore,SIN,WSSS,10:30,02:30,10:24,5min early,12:35,35min early,2h 10m,Landed
2026-01-29,8B5101,TNU5101,TransNusa,Jakarta,CGK,WIII,10:30,02:30,11:11,41min late,11:43,28min late,1h 32m,Landed
2026-01-29,JT33,LNI033,Lion Air,Jakarta,CGK,WIII,10:35,02:35,10:36,1min late,11:08,21min early,1h 32m,Landed
2026-01-29,8G182,DTL182,Mid Africa Aviation,Dili,DIL,WPDL,10:35,02:35,10:45,10min late,13:23,6min early,1h 38m,Landed
2026-01-29,JT805,LNI805,Lion Air,Surabaya,SUB,WARR,10:35,02:35,12:41,6min late,12:19,44min late,38m,Landed
2026-01-29,QG197,CTV197,Citilink,Jakarta,HLP,WIHH,11:10,03:10,12:00,50min late,12:13,13min late,1h 12m,Landed
2026-01-29,TR281,TGW281,Scoot,Singapore,SIN,WSSS,11:10,03:10,11:32,22min late,13:40,10min early,2h 8m,Landed
2026-01-29,IW1856,WON1856,Wings Air,Lombok,LOP,WADL,11:10,03:10,12:06,56min late,12:38,38min late,31m,Landed
2026-01-29,JQ40,JST040,Jetstar Airways,Sydney,SYD,YSSY,11:15,03:15,09:30,44min early,21:00,45min late,8h 30m,Landed
2026-01-29,GA620,GIA620,Garuda Indonesia,Makassar,UPG,WAAA,11:20,03:20,11:25,5min late,12:29,21min early,1h 3m,Landed
2026-01-29,QZ780,AWQ780,Indonesia AirAsia,Balikpapan,BPN,WALL,11:20,03:20,11:36,16min late,12:53,11min early,1h 17m,Landed
2026-01-29,JQ32,JST032,Jetstar Airways,Melbourne,MEL,YMML,11:30,03:30,10:17,12min early,20:05,4min early,6h 47m,Landed
2026-01-29,6E1606,IGO1606,IndiGo,Bangalore,BLR,VOBL,11:30,03:30,09:40,49min early,14:59,35min early,7h 48m,Landed
2026-01-29,OD172,MXD172,Malindo Air,Kuala Lumpur,KUL,WMKK,11:35,03:35,12:45,10min late,15:24,39min late,2h 38m,Landed
2026-01-29,QZ646,AWQ646,Indonesia AirAsia,Labuan Bajo,LBJ,WATO,11:40,03:40,11:44,4min late,12:34,20min early,49m,Landed
2026-01-29,IW1964,WON1964,Wings Air,Lombok,LOP,WADL,11:40,03:40,11:56,16min late,12:24,5min early,28m,Landed
2026-01-29,ID6331,BTK6331,Batik Air,Labuan Bajo,LBJ,WATO,11:45,03:45,12:15,30min late,13:09,9min late,54m,Landed
2026-01-29,JQ109,JST109,Jetstar Airways,Perth,PER,YPPH,11:45,03:45,11:45,on time,15:06,28min early,3h 20m,Landed
2026-01-29,IW1850,WON1850,Wings Air,Lombok,LOP,WADL,11:50,03:50,08:48,1min early,12:51,11min late,4h 3m,Landed
2026-01-29,GA407,GIA407,Garuda Indonesia,Jakarta,CGK,WIII,11:55,03:55,12:03,8min late,12:38,16min early,1h 35m,Landed
2026-01-29,JT31,LNI031,Lion Air,Jakarta,CGK,WIII,11:55,03:55,15:20,25min late,14:13,23min late,,Landed
2026-01-29,QZ540,AWQ540,Indonesia AirAsia,Darwin,DRW,YPDN,12:00,04:00,12:35,35min late,16:32,17min late,2h 27m,Landed
2026-01-29,FD397,AIQ397,Thai AirAsia,Bangkok,DMK,VTBD,12:00,04:00,12:42,42min late,15:37,17min late,3h 54m,Landed
2026-01-29,SQ937,SIA937,Singapore Airlines,Singapore,SIN,WSSS,12:05,04:05,11:09,55min early,14:53,1min early,3h 44m,Landed
2026-01-29,GA253,GIA253,Garuda Indonesia,Yogyakarta,YIA,WAHI,12:05,04:05,12:48,43min late,12:59,4min late,1h 11m,Landed
2026-01-29,OD192,MXD192,Malindo Air,Kuala Lumpur,KUL,WMKK,12:10,04:10,12:29,19min late,15:00,19min early,2h 31m,Landed
2026-01-29,OD178,MXD178,Malindo Air,Kuala Lumpur,KUL,WMKK,12:15,04:15,12:32,17min late,15:06,18min early,2h 34m,Landed
2026-01-29,SJ7420,,Sriwijaya Air,Tambolaka,TMC,WADT,12:20,04:20,12:20,,13:20,,1h 0m,Landed
2026-01-29,IP103,PAS103,Pelita Air Service,Jakarta,CGK,WIII,12:45,04:45,12:50,5min late,13:24,10min early,1h 33m,Landed
2026-01-29,OD158,MXD158,Malindo Air,Kuala Lumpur,KUL,WMKK,12:45,04:45,14:11,26min late,16:48,53min late,2h 36m,Landed
2026-01-29,IN643,,NAM Air,Tambolaka,TMC,WADT,12:50,04:50,,,,,1h 0m,
2026-01-29,SQ939,SIA939,Singapore Airlines,Singapore,SIN,WSSS,13:00,05:00,13:13,13min late,15:29,21min early,2h 15m,Landed
2026-01-29,AK365,AXM365,AirAsia,Kuala Lumpur,KUL,WMKK,13:05,05:05,13:11,6min late,13:14,55min early,2m,Landed
2026-01-29,MH714,MAS714,Malaysia Airlines,Kuala Lumpur,KUL,WMKK,13:10,05:10,13:45,35min late,16:18,13min late,2h 32m,Landed
2026-01-29,JT35,,Lion Air,Jakarta,CGK,WIII,13:15,05:15,,,,,1h 55m,
2026-01-29,GA409,GIA409,Garuda Indonesia,Jakarta,CGK,WIII,13:25,05:25,13:34,9min late,14:16,8min early,1h 41m,Landed
2026-01-29,JQ58,JST058,Jetstar Airways,Brisbane,BNE,YBBN,13:30,05:30,13:29,on time,21:09,15min early,5h 40m,Landed
2026-01-29,JT660,LNI660,Lion Air,Balikpapan,BPN,WALL,13:30,05:30,17:14,44min late,18:34,19min late,1h 20m,Landed
2026-01-29,ID6509,BTK6509,Batik Air,Jakarta,CGK,WIII,13:45,05:45,13:53,8min late,12:48,51min early,,Landed
2026-01-29,8B5107,TNU5107,Business Air,Jakarta,CGK,WIII,13:50,05:50,13:49,on time,12:40,54min early,,Landed
2026-01-29,JT919,LNI919,Lion Air,Surabaya,SUB,WARR,13:55,05:55,14:01,6min late,13:40,14min early,39m,Landed
2026-01-29,QG687,CTV687,Citilink,Jakarta,CGK,WIII,14:00,06:00,13:50,9min early,12:50,4min early,,Landed
2026-01-29,6E1612,IGO1612,IndiGo,Bhubaneswar,BBI,VEBS,14:00,06:00,14:03,3min late,17:36,3min early,6h 3m,Landed
2026-01-29,8B82,TNU082,Business Air,Perth,PER,YPPH,14:00,06:00,14:38,38min late,18:16,36min late,3h 37m,Landed
2026-01-29,QG342,CTV342,Citilink,Makassar,UPG,WAAA,14:00,06:00,14:00,on time,15:23,1min early,1h 22m,Landed
2026-01-29,IU137,SJV137,SW Italia,Kupang,KOE,WATT,14:00,06:00,16:18,18min late,17:43,53min late,1h 25m,Landed
2026-01-29,QZ544,AWQ544,Indonesia AirAsia,Perth,PER,YPPH,14:00,06:00,15:36,36min late,19:05,15min late,3h 29m,Landed
2026-01-29,VJ894,VJC894,VietJet Air,Ho Chi Minh City,SGN,VVTS,14:05,06:05,14:04,on time,16:14,50min early,3h 9m,Landed
2026-01-29,ID6517,BTK6517,Batik Air,Jakarta,CGK,WIII,14:15,06:15,16:39,24min late,17:11,1min late,1h 32m,Landed
2026-01-29,ID7308,BTK7308,Batik Air,Jakarta,HLP,WIHH,14:20,06:20,14:59,39min late,15:23,13min late,1h 24m,Landed
2026-01-29,QZ246,AWQ246,Indonesia AirAsia,Phuket,HKT,VTSP,14:25,06:25,15:59,34min late,18:19,4min late,3h 19m,Landed
2026-01-29,TR289,TGW289,Scoot,Singapore,SIN,WSSS,14:35,06:35,14:47,12min late,17:16,14min early,2h 28m,Landed
2026-01-29,JT23,,Lion Air,Jakarta,CGK,WIII,14:45,06:45,,,,,1h 55m,
2026-01-29,OD307,MXD307,Malindo Air,Kuala Lumpur,KUL,WMKK,14:50,06:50,15:32,42min late,18:12,17min late,2h 39m,Landed
2026-01-29,JQ43,JST043,Jetstar Airways,Singapore,SIN,WSSS,14:50,06:50,15:39,49min late,17:58,3min late,2h 19m,Landed
2026-01-29,JQ44,JST044,Jetstar Airways,Melbourne,MEL,YMML,14:55,06:55,15:03,8min late,17:54,40min early,,Landed
2026-01-29,IU120,SJV120,SW Italia,Yogyakarta,YIA,WAHI,15:00,07:00,15:56,56min late,15:58,28min late,1h 2m,Landed
2026-01-29,VA48,VOZ048,Virgin Australia,Brisbane,BNE,YBBN,15:00,07:00,13:43,16min early,23:08,13min late,7h 24m,Landed
2026-01-29,JT844,LNI844,Lion Air,Banjarmasin,BDJ,WAOO,15:00,07:00,15:23,23min late,16:23,6min early,59m,Landed
2026-01-29,QG681,CTV681,Citilink,Jakarta,CGK,WIII,15:10,07:10,15:04,5min early,15:42,22min early,1h 37m,Landed
2026-01-29,AK377,AXM377,AirAsia,Kuala Lumpur,KUL,WMKK,15:25,07:25,16:01,36min late,19:02,37min late,3h 1m,Landed
2026-01-29,JT740,LNI740,Lion Air,Makassar,UPG,WAAA,15:30,07:30,15:45,15min late,16:46,8min early,1h 1m,Landed
2026-01-29,VJ898,VJC898,VietJet Air,Ho Chi Minh City,SGN,VVTS,15:35,07:35,15:54,19min late,18:02,22min early,3h 8m,Landed
2026-01-29,GA411,GIA411,Garuda Indonesia,Jakarta,CGK,WIII,15:35,07:35,15:35,on time,16:10,29min early,1h 35m,Landed
2026-01-29,QG669,CTV669,Citilink,Surabaya,SUB,WARR,15:40,07:40,15:37,2min early,15:28,16min early,50m,Landed
2026-01-29,CI772,CAL772,China Airlines,Taipei,TPE,RCTP,15:45,07:45,15:58,13min late,21:01,3min early,5h 3m,Landed
2026-01-29,VA92,VOZ092,Virgin Australia,Melbourne,MEL,YMML,15:50,07:50,14:09,40min early,00:29,on time,7h 20m,Landed
2026-01-29,SJ7161,,Sriwijaya Air,Makassar,UPG,WAAA,16:00,08:00,16:00,,17:20,,1h 20m,Landed
2026-01-29,IP109,PAS109,Pelita Air Service,Jakarta,CGK,WIII,16:00,08:00,16:04,4min late,16:39,10min early,1h 35m,Landed
2026-01-29,QZ536,AWQ536,Indonesia AirAsia,Perth,PER,YPPH,16:00,08:00,11:33,26min early,19:58,13min late,8h 25m,Landed
2026-01-29,VN640,HVN640,Vietnam Airlines,Ho Chi Minh City,SGN,VVTS,16:05,08:05,14:41,23min early,17:52,2min early,4h 10m,Landed
2026-01-29,QG661,CTV661,Citilink,Jakarta,CGK,WIII,16:05,08:05,16:03,2min early,17:04,4min late,2h 1m,Landed
2026-01-29,GA427,GIA427,Garuda Indonesia,Jakarta,CGK,WIII,16:10,08:10,16:14,4min late,17:06,1min late,1h 52m,Landed
2026-01-29,TG432,THA432,Thai Airways International,Bangkok,BKK,VTBS,16:10,08:10,16:16,6min late,18:58,26min early,3h 42m,Landed
2026-01-29,QZ556,AWQ556,Indonesia AirAsia,Kuala Lumpur,KUL,WMKK,16:15,08:15,16:24,9min late,19:07,2min early,2h 43m,Landed
2026-01-29,CX784,CPA784,Cathay Pacific,Hong Kong,HKG,VHHH,16:20,08:20,16:18,1min early,21:00,24min early,4h 42m,Landed
2026-01-29,MH850,MAS850,Malaysia Airlines,Kuala Lumpur,KUL,WMKK,16:25,08:25,16:23,2min early,19:31,3min early,3h 8m,Landed
2026-01-29,IW1852,WON1852,Wings Air,Lombok,LOP,WADL,16:30,08:30,16:29,on time,16:50,29min early,21m,Landed
2026-01-29,IU743,SJV743,SW Italia,Jakarta,CGK,WIII,16:35,08:35,17:49,14min late,18:26,56min late,1h 37m,Landed
2026-01-29,IU703,,SW Italia,Surabaya,SUB,WARR,16:40,08:40,,,,,1h 0m,
2026-01-29,JT744,,Lion Air,Makassar,UPG,WAAA,16:40,08:40,,,,,1h 25m,
2026-01-29,BR256,EVA256,EVA Airways,Taipei,TPE,RCTP,16:40,08:40,16:44,4min late,22:00,15min late,5h 16m,Landed
2026-01-29,GA349,GIA349,Garuda Indonesia,Surabaya,SUB,WARR,16:55,08:55,17:20,25min late,17:02,7min early,42m,Landed
2026-01-29,ID6335,BTK6335,Batik Air,Labuan Bajo,LBJ,WATO,17:00,09:00,17:12,12min late,18:07,7min early,55m,Landed
2026-01-29,JT25,,Lion Air,Jakarta,CGK,WIII,17:15,09:15,20:25,10min late,20:56,46min late,1h 31m,Landed
2026-01-29,VJ998,VJC998,VietJet Air,Hanoi,HAN,VVNB,17:25,09:25,17:26,1min late,21:06,28min early,4h 39m,Landed
2026-01-29,HO1356,DKH1356,Juneyao Airlines,Shanghai,PVG,ZSPD,17:25,09:25,17:23,1min early,23:12,37min early,5h 49m,Landed
2026-01-29,TR211,TGW211,Scoot,Singapore,SIN,WSSS,17:35,09:35,17:41,6min late,19:55,50min early,2h 14m,Landed
2026-01-29,IP107,PAS107,Pelita Air Service,Jakarta,CGK,WIII,17:40,09:40,17:37,2min early,18:21,8min early,1h 44m,Landed
2026-01-29,IU759,,SW Italia,Jakarta,CGK,WIII,17:40,09:40,,,,,1h 55m,
2026-01-29,OD193,MXD193,Malindo Air,Perth,PER,YPPH,18:10,10:10,08:40,29min early,21:39,5min early,12h 59m,Landed
2026-01-29,IU126,SJV126,SW Italia,Surakarta,SOC,WAHQ,18:10,10:10,18:29,19min late,18:36,6min late,1h 7m,Landed
2026-01-29,IN283,,NAM Air,Jakarta,CGK,WIII,18:30,10:30,,,,,1h 40m,
2026-01-29,IN281,LKN281,Nam Air,Jakarta,CGK,WIII,18:30,10:30,18:41,11min late,19:13,3min late,1h 32m,Landed
2026-01-29,IP111,PAS111,Pelita Air Service,Jakarta,CGK,WIII,18:35,10:35,18:37,2min late,19:04,20min early,1h 27m,Landed
2026-01-29,CX782,CPA782,Cathay Pacific,Hong Kong,HKG,VHHH,18:40,10:40,18:36,3min early,23:14,30min early,4h 38m,Landed
2026-01-29,SL259,TLM259,Thai Lion Air,Bangkok,DMK,VTBD,18:40,10:40,19:05,25min late,21:56,3min early,3h 50m,Landed
2026-01-29,JT3027,,Lion Air,Jakarta,CGK,WIII,18:40,10:40,,,,,1h 55m,
2026-01-29,GA417,GIA417,Garuda Indonesia,Jakarta,CGK,WIII,18:40,10:40,18:48,8min late,19:29,10min early,1h 41m,Landed
2026-01-29,EY477,ETD477,Etihad Airways,Abu Dhabi,AUH,OMAA,18:45,10:45,19:07,22min late,23:56,11min late,8h 48m,Landed
2026-01-29,ID6415,,Batik Air,Surabaya,SUB,WARR,18:45,10:45,,,,,1h 0m,
2026-01-29,QR963,QTR963,Qatar Airways,Doha,DOH,OTHH,18:50,10:50,19:05,15min late,00:02,32min late,9h 57m,Landed
2026-01-29,6E1608,IGO1608,IndiGo,Chennai,MAA,VOMM,18:50,10:50,19:14,24min late,22:39,9min late,5h 55m,Landed
2026-01-29,QZ809,AWQ809,Indonesia AirAsia,Jakarta,CGK,WIII,18:50,10:50,19:12,22min late,19:41,8min early,1h 29m,Landed
2026-01-29,TG440,THA440,Thai Airways International,Bangkok,BKK,VTBS,19:00,11:00,19:03,3min late,21:57,17min early,3h 54m,Landed
2026-01-29,MH852,MAS852,Malaysia Airlines,Kuala Lumpur,KUL,WMKK,19:15,11:15,19:15,on time,22:03,11min early,2h 48m,Landed
2026-01-29,AK379,AXM379,AirAsia,Kuala Lumpur,KUL,WMKK,19:15,11:15,19:28,13min late,22:17,2min early,2h 49m,Landed
2026-01-29,QG699,CTV699,Citilink,Surabaya,SUB,WARR,19:25,11:25,19:31,6min late,19:20,9min early,49m,Landed
2026-01-29,ID7310,BTK7310,Batik Air,Jakarta,HLP,WIHH,19:25,11:25,19:27,2min late,19:52,22min early,1h 25m,Landed
2026-01-29,QG689,CTV689,Citilink,Jakarta,CGK,WIII,19:30,11:30,19:32,2min late,20:24,on time,1h 52m,Landed
2026-01-29,8B969,TNU969,Business Air,Guangzhou,CAN,ZGGG,19:45,11:45,19:51,6min late,00:43,21min early,4h 51m,Landed
2026-01-29,JT923,,Lion Air,Surabaya,SUB,WARR,19:45,11:45,,,,,1h 0m,
2026-01-29,IU133,SJV133,SW Italia,Semarang,SRG,WIIS,19:50,11:50,20:02,12min late,20:14,4min late,1h 11m,Landed
2026-01-29,EK369,UAE369,Emirates,Dubai,DXB,OMDB,19:50,11:50,19:53,3min late,01:01,8min early,9h 8m,Landed
2026-01-29,GA718,GIA718,Garuda Indonesia,Melbourne,MEL,YMML,19:50,11:50,20:56,6min late,05:23,53min late,5h 27m,Landed
2026-01-29,TR283,TGW283,Scoot,Singapore,SIN,WSSS,20:05,12:05,21:17,12min late,23:28,48min late,2h 11m,Landed
2026-01-29,SQ945,SIA945,Singapore Airlines,Singapore,SIN,WSSS,20:15,12:15,20:20,5min late,22:26,29min early,2h 6m,Landed
2026-01-29,JQ34,JST034,Jetstar Airways,Melbourne,MEL,YMML,20:20,12:20,20:39,19min late,04:59,4min late,5h 20m,Landed
2026-01-29,ID6413,BTK6413,Batik Air,Surabaya,SUB,WARR,20:30,12:30,20:42,12min late,20:22,7min early,40m,Landed
2026-01-29,QG9697,,Citilink,Surabaya,SUB,WARR,20:40,12:40,23:57,17min late,23:33,48min late,36m,Landed
2026-01-29,GA415,GIA415,Garuda Indonesia,Jakarta,CGK,WIII,20:45,12:45,20:49,4min late,21:40,4min early,1h 50m,Landed
2026-01-29,IP105,,Pelita Air Service,Jakarta,CGK,WIII,20:50,12:50,,,,,1h 50m,
2026-01-29,OD177,MXD177,Malindo Air,Melbourne,MEL,YMML,20:55,12:55,21:38,43min late,06:02,22min late,5h 24m,Landed
2026-01-29,OD171,MXD171,Malindo Air,Sydney,SYD,YSSY,21:10,13:10,20:06,3min early,06:40,25min late,7h 34m,Landed
2026-01-29,QG667,,Citilink,Jakarta,CGK,WIII,21:10,13:10,00:28,18min late,00:58,48min late,1h 30m,Landed
2026-01-29,TK67,THY067,Turkish Airlines,Istanbul,IST,LTFM,21:10,13:10,22:19,9min late,06:17,37min late,12h 57m,Landed
2026-01-29,QZ819,AWQ819,Indonesia AirAsia,Jakarta,CGK,WIII,21:15,13:15,21:29,14min late,21:52,12min early,1h 23m,Landed
2026-01-29,JT11,LNI011,Lion Air,Jakarta,CGK,WIII,21:15,13:15,22:08,53min late,22:32,22min late,1h 24m,Landed
2026-01-29,QF44,QFA044,Qantas,Sydney,SYD,YSSY,21:20,13:20,21:47,27min late,06:23,8min late,5h 35m,Landed
2026-01-29,JQ60,JST060,Jetstar Airways,Brisbane,BNE,YBBN,21:30,13:30,20:06,23min early,05:22,2min late,7h 16m,Landed
2026-01-29,ID6760,BTK6760,Batik Air,Makassar,UPG,WAAA,21:30,13:30,21:31,1min late,22:32,22min early,1h 1m,Landed
2026-01-29,SJ273,SJY273,Sriwijaya Air,Jakarta,CGK,WIII,21:35,13:35,22:15,40min late,22:42,27min late,1h 27m,Landed
2026-01-29,GA425,,Garuda Indonesia,Jakarta,CGK,WIII,21:40,13:40,21:40,,22:45,,2h 5m,Landed
2026-01-29,SQ947,SIA947,Singapore Airlines,Singapore,SIN,WSSS,21:40,13:40,20:42,57min early,00:23,3min late,3h 40m,Landed
2026-01-29,KL836,KLM836,KLM Royal Dutch Airlines,Singapore,SIN,WSSS,21:40,13:40,21:44,4min late,00:03,6min early,2h 19m,Landed
2026-01-29,JQ117,JST117,Jetstar Airways,Perth,PER,YPPH,21:45,13:45,21:58,13min late,01:04,10min early,3h 5m,Landed
2026-01-29,QZ546,AWQ546,Indonesia AirAsia,Perth,PER,YPPH,21:55,13:55,22:12,17min late,01:25,9min early,3h 13m,Landed
2026-01-29,AK375,AXM375,AirAsia,Kuala Lumpur,KUL,WMKK,21:55,13:55,22:10,15min late,01:00,on time,2h 50m,Landed
2026-01-29,OD157,MXD157,Malindo Air,Brisbane,BNE,YBBN,22:10,14:10,22:32,22min late,06:13,13min late,5h 40m,Landed
2026-01-29,QZ811,AWQ811,Indonesia AirAsia,Jakarta,CGK,WIII,22:15,14:15,22:18,3min late,22:46,18min early,1h 28m,Landed
2026-01-29,JQ38,JST038,Jetstar Airways,Sydney,SYD,YSSY,22:20,14:20,22:15,5min early,07:14,10min early,5h 59m,Landed
2026-01-29,JT15,,Lion Air,Jakarta,CGK,WIII,22:35,14:35,,,,,1h 55m,
2026-01-29,JQ128,JST128,Jetstar Airways,Adelaide,ADL,YPAD,22:50,14:50,22:43,7min early,06:06,8min early,4h 53m,Landed
2026-01-29,7C2712,JJA2712,Jeju Air,Seoul,ICN,RKSI,23:05,15:05,23:02,2min early,07:09,on time,7h 6m,Landed
2026-01-29,GA4292,GIA4292,Garuda Indonesia,Jakarta,CGK,WIII,23:05,15:05,23:12,7min late,23:57,7min early,1h 45m,Landed
2026-01-29,8B5109,,TransNusa,Jakarta,CGK,WIII,23:10,15:10,,,,,1h 40m,
2026-01-29,3U3986,CSC3986,Sichuan Airlines,Lujia Town,TFU,ZUTF,23:10,15:10,23:18,8min late,05:29,25min early,6h 11m,Landed
2026-01-29,GA714,GIA714,Garuda Indonesia,Sydney,SYD,YSSY,23:35,15:35,23:53,18min late,08:45,10min late,5h 52m,Landed
2026-01-29,JQ42,JST042,Jetstar Airways,Melbourne,MEL,YMML,23:40,15:40,23:54,14min late,08:57,27min late,6h 3m,Landed
2026-01-29,KE432,KAL432,Korean Air Lines,Seoul,ICN,RKSI,23:50,15:50,23:40,10min early,07:17,27min early,6h 37m,Landed
2026-01-30,BX602,ABL602,Air Busan,Busan,PUS,RKPK,00:05,16:05,00:12,7min late,07:35,54min early,6h 23m,Landed
2026-01-30,TW158,TWB158,T'Way Air,Cheongju,CJJ,RKTU,00:15,16:15,00:49,34min late,08:29,19min late,6h 40m,Landed
2026-01-30,EK399,UAE399,Emirates,Dubai,DXB,OMDB,00:25,16:25,00:46,21min late,05:43,1min early,8h 57m,Landed
2026-01-30,MF892,CXA892,Xiamen Airlines,Xiamen,XMN,ZSAM,00:30,16:30,00:40,10min late,08:20,15min late,7h 40m,Landed
2026-01-30,QR961,QTR961,Qatar Airways,Doha,DOH,OTHH,00:30,16:30,00:37,7min late,04:56,13min early,9h 18m,Landed
2026-01-30,CZ626,CSN626,China Southern Airlines,Guangzhou,CAN,ZGGG,00:40,16:40,00:35,4min early,05:25,24min early,4h 49m,Landed
2026-01-30,GA880,GIA880,Garuda Indonesia,Tokyo,NRT,RJAA,00:50,16:50,01:44,54min late,09:24,34min late,6h 40m,Landed
2026-01-30,GA870,GIA870,Garuda Indonesia,Seoul,ICN,RKSI,00:50,16:50,01:00,10min late,08:21,28min early,6h 21m,Landed
2026-01-30,MU5030,CES5030,China Eastern Airlines,Shanghai,PVG,ZSPD,00:55,16:55,01:05,10min late,06:57,12min early,5h 52m,Landed
2026-01-30,QZ548,AWQ548,Indonesia AirAsia,Perth,PER,YPPH,01:00,17:00,01:18,18min late,04:53,13min late,3h 35m,Landed
2026-01-30,KE434,KAL434,Korean Air Lines,Seoul,ICN,RKSI,01:05,17:05,01:08,3min late,08:45,19min early,6h 37m,Landed
2026-01-30,PR538,PAL538,Philippine Airlines,Manila,MNL,RPLL,01:10,17:10,01:42,32min late,05:10,on time,3h 28m,Landed
2026-01-30,8B5888,TNU5888,Business Air,Manado,MDC,WAMM,01:30,17:30,08:14,44min late,20:02,47min late,11h 47m,Landed
2026-01-30,QZ813,AWQ813,Indonesia AirAsia,Jakarta,CGK,WIII,07:00,23:00,07:03,3min late,07:31,18min early,1h 28m,Landed
2026-01-30,JT746,LNI746,Lion Air,Makassar,UPG,WAAA,07:00,23:00,07:10,10min late,08:09,15min early,59m,Landed
2026-01-30,GA401,GIA401,Garuda Indonesia,Jakarta,CGK,WIII,07:00,23:00,07:12,12min late,07:50,9min early,1h 38m,Landed
2026-01-30,QZ534,AWQ534,Indonesia AirAsia,Perth,PER,YPPH,07:00,23:00,03:29,30min early,11:26,36min late,7h 57m,Landed
2026-01-30,IU705,SJV705,SW Italia,Surabaya,SUB,WARR,07:00,23:00,07:07,7min late,06:44,15min early,37m,Landed
2026-01-30,JQ82,JST082,Jetstar Airways,Darwin,DRW,YPDN,07:05,23:05,06:51,14min early,11:13,1min early,2h 52m,Landed
2026-01-30,QG690,CTV690,Citilink,Surabaya,SUB,WARR,07:05,23:05,07:18,13min late,07:02,7min early,44m,Landed
2026-01-30,QZ644,AWQ644,Indonesia AirAsia,Labuan Bajo,LBJ,WATO,07:10,23:10,07:14,4min late,08:06,18min early,51m,Landed
2026-01-30,QZ550,AWQ550,Indonesia AirAsia,Kuala Lumpur,KUL,WMKK,07:15,23:15,07:38,23min late,10:09,on time,2h 31m,Landed
2026-01-30,SQ949,SIA949,Singapore Airlines,Singapore,SIN,WSSS,07:20,23:20,07:25,5min late,09:39,20min early,2h 14m,Landed
2026-01-30,8B551,TNU551,Business Air,Singapore,SIN,WSSS,07:30,23:30,07:40,10min late,09:55,on time,2h 15m,Landed
2026-01-30,ID6333,BTK6333,Batik Air,Labuan Bajo,LBJ,WATO,07:55,23:55,08:12,17min late,09:03,6min early,51m,Landed
2026-01-30,QG9691,CTV9691,Citilink,Surabaya,SUB,WARR,08:05,00:05,08:01,3min early,07:52,17min early,50m,Landed
2026-01-30,IW1858,,Wings Air,Lombok,LOP,WADL,08:05,00:05,10:03,58min late,10:37,42min late,34m,Landed
2026-01-30,JT21,LNI021,Lion Air,Jakarta,CGK,WIII,08:05,00:05,08:21,16min late,08:52,7min early,1h 30m,Landed
2026-01-30,HX706,CRK706,Hong Kong Airlines,Hong Kong,HKG,VHHH,08:15,00:15,08:13,2min early,13:10,4min early,4h 57m,Landed
2026-01-30,5J280,CEB280,CEBU Pacific Air,Manila,MNL,RPLL,08:35,00:35,08:23,12min early,12:24,25min early,4h 1m,Landed
2026-01-30,CZ8482,CSN8482,China Southern Airlines,Guangzhou,CAN,ZGGG,08:35,00:35,08:52,17min late,13:43,3min late,4h 50m,Landed
2026-01-30,IW1882,WON1883,Wings Air,Sumbawa Besar,SWQ,WADS,08:55,00:55,,,,,42m,Diverted
2026-01-30,IW3330,WON3330,Wings Air,,,,09:00,01:00,09:15,15min late,11:36,8min early,2h 20m,Landed
2026-01-30,SJ740,,Sriwijaya Air,Waingapu,WGP,WADW,09:10,01:10,09:10,,10:30,,1h 20m,Landed
2026-01-30,IN640,LKN640,Nam Air,Tambolaka,TMC,WADT,09:10,01:10,09:31,21min late,10:19,9min late,48m,Landed
2026-01-30,IN6406,,NAM Air,Tambolaka,TMC,WADT,09:10,01:10,,,,,1h 0m,
2026-01-30,8B5105,TNU5105,Business Air,Jakarta,CGK,WIII,09:15,01:15,09:24,9min late,09:54,5min early,1h 29m,Landed
2026-01-30,ID6324,BTK6324,Batik Air,Tambolaka,TMC,WADT,09:20,01:20,09:29,9min late,10:41,6min late,1h 11m,Landed
2026-01-30,IW1848,WON1848,Wings Air,Lombok,LOP,WADL,09:25,01:25,09:57,32min late,10:34,19min late,37m,Landed
2026-01-30,QZ504,AWQ504,Indonesia AirAsia,Singapore,SIN,WSSS,09:25,01:25,09:21,3min early,11:47,17min early,2h 26m,Landed
2026-01-30,ID6007,BTK6007,Batik Air,Perth,PER,YPPH,09:30,01:30,14:12,42min late,13:01,13min early,,Landed
2026-01-30,QG500,CTV500,Citilink,Dili,DIL,WPDL,09:30,01:30,11:14,44min late,14:08,48min late,1h 53m,Landed
2026-01-30,QG663,CTV663,Citilink,Jakarta,CGK,WIII,09:35,01:35,11:46,11min late,12:21,51min late,1h 35m,Landed
2026-01-30,AK803,AWQ803,Indonesia AirAsia,Jakarta,CGK,WIII,09:40,01:40,09:55,15min late,10:24,5min early,1h 28m,Landed
2026-01-30,8B80,TNU080,Business Air,Perth,PER,YPPH,09:40,01:40,11:37,57min late,14:46,21min late,3h 9m,Landed
2026-01-30,QZ803,AWQ803,Indonesia AirAsia,Jakarta,CGK,WIII,09:40,01:40,09:52,12min late,10:20,9min early,1h 28m,Landed
2026-01-30,QR965,QTR965,Qatar Airways,Doha,DOH,OTHH,09:45,01:45,09:34,11min early,14:14,10min early,9h 40m,Landed
2026-01-30,GA710,GIA710,Garuda Indonesia,Melbourne,MEL,YMML,09:55,01:55,11:44,49min late,20:18,48min late,5h 33m,Landed
2026-01-30,IU122,SJV122,SW Italia,Yogyakarta,YIA,WAHI,10:00,02:00,10:12,12min late,10:23,6min early,1h 11m,Landed
2026-01-30,IU128,,SW Italia,Surakarta,SOC,WAHQ,10:00,02:00,,,,,1h 20m,
2026-01-30,SU297,AFL297,Aeroflot,Moscow,SVO,UUEE,10:05,02:05,10:55,50min late,18:27,32min late,12h 32m,Landed
2026-01-30,JQ126,JST126,Jetstar Airways,Adelaide,ADL,YPAD,10:15,02:15,10:05,10min early,17:28,16min early,4h 53m,Landed
2026-01-30,8B5101,TNU5101,Business Air,Jakarta,CGK,WIII,10:30,02:30,11:58,28min late,12:24,9min late,1h 26m,Landed
2026-01-30,SQ935,SIA935,Singapore Airlines,Singapore,SIN,WSSS,10:30,02:30,10:38,8min late,13:12,2min late,2h 34m,Landed
2026-01-30,QZ815,AWQ815,Indonesia AirAsia,Jakarta,CGK,WIII,10:35,02:35,10:39,4min late,11:07,22min early,1h 27m,Landed
2026-01-30,JT33,,Lion Air,Jakarta,CGK,WIII,10:35,02:35,,,,,1h 55m,
2026-01-30,JT805,LNI805,Lion Air,Surabaya,SUB,WARR,10:35,02:35,13:27,52min late,10:31,3min early,,Landed
2026-01-30,8G182,DTL182,Mid Africa Aviation,Dili,DIL,WPDL,10:35,02:35,10:48,13min late,13:32,2min late,1h 43m,Landed
2026-01-30,QG197,CTV197,Citilink,Jakarta,HLP,WIHH,11:10,03:10,11:10,on time,11:50,9min early,1h 40m,Landed
2026-01-30,TR281,TGW281,Scoot,Singapore,SIN,WSSS,11:10,03:10,12:13,3min late,14:46,56min late,2h 33m,Landed
2026-01-30,JQ40,JST040,Jetstar Airways,Sydney,SYD,YSSY,11:15,03:15,11:03,12min early,19:52,22min early,5h 49m,Landed
2026-01-30,GA620,GIA620,Garuda Indonesia,Makassar,UPG,WAAA,11:20,03:20,11:32,12min late,12:37,12min early,1h 5m,Landed
2026-01-30,JQ32,JST032,Jetstar Airways,Melbourne,MEL,YMML,11:30,03:30,11:28,2min early,19:55,14min early,5h 27m,Landed
2026-01-30,6E1606,IGO1606,IndiGo,Bangalore,BLR,VOBL,11:30,03:30,11:06,24min early,14:46,48min early,6h 10m,Landed
2026-01-30,OD172,MXD172,Malindo Air,Kuala Lumpur,KUL,WMKK,11:35,03:35,12:11,36min late,14:38,6min early,2h 27m,Landed
2026-01-30,IW1964,WON1964,Wings Air,Lombok,LOP,WADL,11:40,03:40,15:10,30min late,15:35,5min late,25m,Landed
2026-01-30,IW1902,WON1902,Wings Air,Jember,JBB,WARE,11:40,03:40,12:03,23min late,11:33,26min early,29m,Landed
2026-01-30,QZ646,AWQ646,Indonesia AirAsia,Labuan Bajo,LBJ,WATO,11:40,03:40,11:49,9min late,12:43,11min early,54m,Landed
2026-01-30,JQ109,JST109,Jetstar Airways,Perth,PER,YPPH,11:45,03:45,11:38,7min early,15:08,26min early,3h 30m,Landed
2026-01-30,ID6331,BTK6331,Batik Air,Labuan Bajo,LBJ,WATO,11:45,03:45,12:02,17min late,12:56,3min early,54m,Landed
2026-01-30,JT31,LNI031,Lion Air,Jakarta,CGK,WIII,11:55,03:55,12:18,23min late,12:46,3min early,1h 28m,Landed
2026-01-30,GA407,GIA407,Garuda Indonesia,Jakarta,CGK,WIII,11:55,03:55,12:11,16min late,12:49,5min early,1h 37m,Landed
2026-01-30,FD397,AIQ397,Thai AirAsia,Bangkok,DMK,VTBD,12:00,04:00,12:52,52min late,15:33,13min late,3h 41m,Landed
2026-01-30,QZ618,AWQ618,Indonesia AirAsia,Banjarmasin,BDJ,WAOO,12:05,04:05,13:06,1min late,15:37,57min late,2h 31m,Landed
2026-01-30,GA253,GIA253,Garuda Indonesia,Yogyakarta,YIA,WAHI,12:05,04:05,12:47,42min late,12:59,4min late,1h 12m,Landed
2026-01-30,SQ937,SIA937,Singapore Airlines,Singapore,SIN,WSSS,12:05,04:05,12:42,37min late,15:23,28min late,2h 40m,Landed
2026-01-30,SJ742,,Sriwijaya Air,Tambolaka,TMC,WADT,12:10,04:10,12:10,on time,13:10,,1h 0m,Landed
2026-01-30,OD192,MXD192,Malindo Air,Kuala Lumpur,KUL,WMKK,12:10,04:10,12:34,24min late,15:09,10min early,2h 35m,Landed
2026-01-30,OD178,MXD178,Malindo Air,Kuala Lumpur,KUL,WMKK,12:15,04:15,12:23,8min late,14:57,27min early,2h 34m,Landed
2026-01-30,OD158,MXD158,Malindo Air,Kuala Lumpur,KUL,WMKK,12:45,04:45,12:42,2min early,15:24,30min early,2h 42m,Landed
2026-01-30,IP103,PAS103,Pelita Air Service,Jakarta,CGK,WIII,12:45,04:45,12:52,7min late,13:21,13min early,1h 29m,Landed
2026-01-30,SQ939,SIA939,Singapore Airlines,Singapore,SIN,WSSS,13:00,05:00,13:16,16min late,15:54,4min late,2h 38m,Landed
2026-01-30,AK365,AXM365,AirAsia,Kuala Lumpur,KUL,WMKK,13:05,05:05,13:24,19min late,16:02,7min early,2h 37m,Landed
2026-01-30,MH714,MAS714,Malaysia Airlines,Kuala Lumpur,KUL,WMKK,13:10,05:10,13:41,31min late,16:15,10min late,2h 34m,Landed
2026-01-30,JT35,,Lion Air,Jakarta,CGK,WIII,13:15,05:15,,,,,1h 55m,
2026-01-30,GA409,GIA409,Garuda Indonesia,Jakarta,CGK,WIII,13:25,05:25,13:49,24min late,14:20,4min early,1h 30m,Landed
2026-01-30,JT660,,Lion Air,Balikpapan,BPN,WALL,13:30,05:30,,,,,1h 45m,
2026-01-30,JQ58,JST058,Jetstar Airways,Brisbane,BNE,YBBN,13:30,05:30,13:36,6min late,21:12,12min early,5h 36m,Landed
2026-01-30,ID6509,BTK6509,Batik Air,Jakarta,CGK,WIII,13:45,05:45,14:07,22min late,14:32,7min early,1h 24m,Landed
2026-01-30,8B5107,TNU5107,Business Air,Jakarta,CGK,WIII,13:50,05:50,14:27,37min late,14:55,20min late,1h 28m,Landed
2026-01-30,JT919,LNI919,Lion Air,Surabaya,SUB,WARR,13:55,05:55,16:16,21min late,15:51,56min late,34m,Landed
2026-01-30,QG342,CTV342,Citilink,Makassar,UPG,WAAA,14:00,06:00,14:05,5min late,15:24,on time,1h 19m,Landed
2026-01-30,6E1612,IGO1612,IndiGo,Bhubaneswar,BBI,VEBS,14:00,06:00,14:34,34min late,17:53,13min late,5h 49m,Landed
2026-01-30,8B82,TNU082,Business Air,Perth,PER,YPPH,14:00,06:00,15:39,39min late,19:05,25min late,3h 26m,Landed
2026-01-30,IU137,SJV137,SW Italia,Kupang,KOE,WATT,14:00,06:00,15:05,5min late,16:35,45min late,1h 30m,Landed
2026-01-30,QZ544,AWQ544,Indonesia AirAsia,Perth,PER,YPPH,14:00,06:00,15:02,2min late,18:23,33min late,3h 21m,Landed
2026-01-30,QG687,CTV687,Citilink,Jakarta,CGK,WIII,14:00,06:00,13:56,3min early,14:25,29min early,1h 29m,Landed
2026-01-30,VJ894,VJC894,VietJet Air,Ho Chi Minh City,SGN,VVTS,14:05,06:05,14:04,on time,16:24,40min early,3h 20m,Landed
2026-01-30,ID6517,BTK6517,Batik Air,Jakarta,CGK,WIII,14:15,06:15,15:13,58min late,15:35,25min late,1h 21m,Landed
2026-01-30,IU130,,SW Italia,Semarang,SRG,WIIS,14:15,06:15,,,,,1h 20m,
2026-01-30,ID7308,BTK7308,Batik Air,Jakarta,HLP,WIHH,14:20,06:20,14:43,23min late,15:09,on time,1h 26m,Landed
2026-01-30,QZ506,AWQ506,Indonesia AirAsia,Singapore,SIN,WSSS,14:25,06:25,15:20,55min late,17:44,24min late,2h 23m,Landed
2026-01-30,JT23,,Lion Air,Jakarta,CGK,WIII,14:45,06:45,,,,,1h 55m,
2026-01-30,JQ43,JST043,Jetstar Airways,Singapore,SIN,WSSS,14:50,06:50,14:53,3min late,17:40,14min early,2h 47m,Landed
2026-01-30,OD307,MXD307,Malindo Air,Kuala Lumpur,KUL,WMKK,14:50,06:50,15:36,46min late,18:09,14min late,2h 33m,Landed
2026-01-30,JQ44,JST044,Jetstar Airways,Melbourne,MEL,YMML,14:55,06:55,15:17,22min late,23:35,on time,5h 17m,Landed
2026-01-30,IU120,SJV120,SW Italia,Yogyakarta,YIA,WAHI,15:00,07:00,15:43,43min late,15:49,19min late,1h 5m,Landed
2026-01-30,JT844,LNI844,Lion Air,Banjarmasin,BDJ,WAOO,15:00,07:00,15:32,32min late,16:43,13min late,1h 10m,Landed
2026-01-30,VA48,VOZ048,Virgin Australia,Brisbane,BNE,YBBN,15:00,07:00,15:13,13min late,23:16,21min late,6h 3m,Landed
2026-01-30,QZ246,AWQ246,Indonesia AirAsia,Phuket,HKT,VTSP,15:05,07:05,16:02,57min late,18:20,40min late,3h 18m,Landed
2026-01-30,AI2148,AIC2148,Air India,Delhi,DEL,VIDP,15:10,07:10,15:05,5min early,20:25,20min late,7h 50m,Landed
2026-01-30,QG681,CTV681,Citilink,Jakarta,CGK,WIII,15:10,07:10,16:18,8min late,17:10,5min late,1h 52m,Landed
2026-01-30,AK377,AXM377,AirAsia,Kuala Lumpur,KUL,WMKK,15:25,07:25,16:07,42min late,19:03,38min late,2h 56m,Landed
2026-01-30,TR289,TGW289,Scoot,Singapore,SIN,WSSS,15:25,07:25,16:40,15min late,19:02,27min late,2h 22m,Landed
2026-01-30,JT740,LNI740,Lion Air,Makassar,UPG,WAAA,15:30,07:30,16:25,55min late,03:54,59min late,11h 29m,Landed
2026-01-30,VJ898,VJC898,VietJet Air,Ho Chi Minh City,SGN,VVTS,15:35,07:35,16:05,30min late,18:28,3min late,3h 22m,Landed
2026-01-30,GA411,GIA411,Garuda Indonesia,Jakarta,CGK,WIII,15:35,07:35,16:09,34min late,16:43,3min late,1h 34m,Landed
2026-01-30,SJ717,SJY717,Sriwijaya Air,Makassar,UPG,WAAA,15:40,07:40,14:20,19min early,15:27,32min early,1h 7m,Landed
2026-01-30,IW1850,WON1850,Wings Air,Lombok,LOP,WADL,15:40,07:40,16:12,32min late,16:36,6min late,23m,Landed
2026-01-30,QG669,CTV669,Citilink,Surabaya,SUB,WARR,15:40,07:40,16:41,1min late,16:34,49min late,52m,Landed
2026-01-30,CI772,CAL772,China Airlines,Taipei,TPE,RCTP,15:45,07:45,15:40,5min early,20:42,22min early,5h 2m,Landed
2026-01-30,IP109,PAS109,Pelita Air Service,Jakarta,CGK,WIII,16:00,08:00,16:18,18min late,16:47,2min early,1h 29m,Landed
2026-01-30,QZ536,AWQ536,Indonesia AirAsia,Perth,PER,YPPH,16:00,08:00,16:51,51min late,20:11,26min late,3h 20m,Landed
2026-01-30,QG661,CTV661,Citilink,Jakarta,CGK,WIII,16:05,08:05,16:35,30min late,17:53,53min late,2h 18m,Landed
2026-01-30,VN640,HVN640,Vietnam Airlines,Ho Chi Minh City,SGN,VVTS,16:05,08:05,16:30,25min late,18:56,1min late,3h 26m,Landed
2026-01-30,GA427,GIA427,Garuda Indonesia,Jakarta,CGK,WIII,16:10,08:10,16:47,37min late,17:15,10min late,1h 28m,Landed
2026-01-30,TG432,THA432,Thai Airways International,Bangkok,BKK,VTBS,16:10,08:10,16:32,22min late,19:09,15min early,3h 37m,Landed
2026-01-30,QZ807,AWQ807,Indonesia AirAsia,Jakarta,CGK,WIII,16:10,08:10,16:36,26min late,16:59,10min early,1h 23m,Landed
2026-01-30,CX784,CPA784,Cathay Pacific,Hong Kong,HKG,VHHH,16:20,08:20,16:48,28min late,21:26,1min late,4h 37m,Landed
2026-01-30,MH850,MAS850,Malaysia Airlines,Kuala Lumpur,KUL,WMKK,16:25,08:25,17:22,57min late,20:15,40min late,2h 53m,Landed
2026-01-30,IW1852,WON1852,Wings Air,Lombok,LOP,WADL,16:30,08:30,16:43,13min late,17:09,10min early,26m,Landed
2026-01-30,IU743,SJV743,SW Italia,Jakarta,CGK,WIII,16:35,08:35,18:12,37min late,18:37,7min late,1h 24m,Landed
2026-01-30,BR256,EVA256,EVA Airways,Taipei,TPE,RCTP,16:40,08:40,16:57,17min late,22:16,31min late,5h 19m,Landed
2026-01-30,IU703,,SW Italia,Surabaya,SUB,WARR,16:40,08:40,,,,,1h 0m,
2026-01-30,JT744,,Lion Air,Makassar,UPG,WAAA,16:40,08:40,,,,,1h 25m,
2026-01-30,GA349,GIA349,Garuda Indonesia,Surabaya,SUB,WARR,16:55,08:55,17:34,39min late,17:16,6min late,41m,Landed
2026-01-30,IU273,,SW Italia,Pontianak,PNK,WIOO,17:00,09:00,,,,,2h 5m,
2026-01-30,JT25,,Lion Air,Jakarta,CGK,WIII,17:15,09:15,20:32,17min late,21:03,53min late,1h 31m,Landed
2026-01-30,VJ998,VJC998,VietJet Air,Hanoi,HAN,VVNB,17:25,09:25,17:54,29min late,21:28,6min early,4h 34m,Landed
2026-01-30,GA419,GIA419,Garuda Indonesia,Jakarta,CGK,WIII,17:25,09:25,17:39,14min late,18:14,10min early,1h 35m,Landed
2026-01-30,HO1356,DKH1356,Juneyao Airlines,Shanghai,PVG,ZSPD,17:30,09:30,18:10,40min late,23:41,6min late,5h 31m,Landed
2026-01-30,TR211,TGW211,Scoot,Singapore,SIN,WSSS,17:35,09:35,19:03,28min late,21:28,43min late,2h 25m,Landed
2026-01-30,IP107,PAS107,Pelita Air Service,Jakarta,CGK,WIII,17:40,09:40,17:43,3min late,18:08,21min early,1h 25m,Landed
2026-01-30,IU759,SJV759,SW Italia,Jakarta,CGK,WIII,17:40,09:40,20:20,40min late,20:42,7min late,1h 21m,Landed
2026-01-30,AK368,AXM368,AirAsia,Kuala Lumpur,KUL,WMKK,17:45,09:45,17:40,5min early,20:28,21min early,2h 48m,Landed
2026-01-30,IU126,SJV126,SW Italia,Surakarta,SOC,WAHQ,18:10,10:10,20:22,12min late,20:26,56min late,1h 4m,Landed
2026-01-30,OD193,MXD193,Malindo Air,Perth,PER,YPPH,18:10,10:10,19:17,7min late,22:30,45min late,3h 13m,Landed
2026-01-30,IN281,LKN281,Nam Air,Jakarta,CGK,WIII,18:30,10:30,18:48,18min late,19:13,3min late,1h 25m,Landed
2026-01-30,IP111,PAS111,Pelita Air Service,Jakarta,CGK,WIII,18:35,10:35,20:24,49min late,20:52,27min late,1h 28m,Landed
2026-01-30,CX782,CPA782,Cathay Pacific,Hong Kong,HKG,VHHH,18:40,10:40,18:44,4min late,23:10,34min early,4h 26m,Landed
2026-01-30,JT3027,,Lion Air,Jakarta,CGK,WIII,18:40,10:40,21:41,1min late,22:10,35min late,1h 29m,Landed
2026-01-30,GA417,GIA417,Garuda Indonesia,Jakarta,CGK,WIII,18:40,10:40,19:06,26min late,19:39,on time,1h 33m,Landed
2026-01-30,EY477,ETD477,Etihad Airways,Abu Dhabi,AUH,OMAA,18:45,10:45,18:59,14min late,23:49,4min late,8h 49m,Landed
2026-01-30,ID6415,,Batik Air,Surabaya,SUB,WARR,18:45,10:45,18:45,,21:13,28min late,3h 28m,Landed
2026-01-30,QZ809,AWQ809,Indonesia AirAsia,Jakarta,CGK,WIII,18:50,10:50,19:41,51min late,20:08,18min late,1h 27m,Landed
2026-01-30,QR963,QTR963,Qatar Airways,Doha,DOH,OTHH,18:50,10:50,18:55,5min late,00:06,36min late,10h 11m,Landed
2026-01-30,NZ291,ANZ291,Air New Zealand,Auckland,AKL,NZAA,18:50,10:50,18:56,6min late,08:03,8min late,8h 7m,Landed
2026-01-30,6E1608,IGO1608,IndiGo,Chennai,MAA,VOMM,18:50,10:50,19:36,46min late,23:02,32min late,5h 56m,Landed
2026-01-30,TG440,THA440,Thai Airways International,Bangkok,BKK,VTBS,19:00,11:00,19:22,22min late,22:03,11min early,3h 41m,Landed
2026-01-30,MH852,MAS852,Malaysia Airlines,Kuala Lumpur,KUL,WMKK,19:15,11:15,19:43,28min late,22:21,6min late,2h 37m,Landed
2026-01-30,AK379,AXM379,AirAsia,Kuala Lumpur,KUL,WMKK,19:15,11:15,23:08,53min late,01:42,22min late,2h 33m,Landed
2026-01-30,QG699,CTV699,Citilink,Surabaya,SUB,WARR,19:25,11:25,19:47,22min late,20:00,30min late,1h 13m,Landed
2026-01-30,ID7310,BTK7310,Batik Air,Jakarta,HLP,WIHH,19:25,11:25,19:45,20min late,20:10,4min early,1h 25m,Landed
2026-01-30,QG689,CTV689,Citilink,Jakarta,CGK,WIII,19:30,11:30,19:36,6min late,20:25,on time,1h 49m,Landed
2026-01-30,8B969,TNU969,Business Air,Guangzhou,CAN,ZGGG,19:45,11:45,19:50,5min late,07:28,23min late,11h 37m,Landed
2026-01-30,JT923,LNI923,Lion Air,Surabaya,SUB,WARR,19:45,11:45,22:15,30min late,20:21,36min late,,Landed
2026-01-30,JQ107,JST107,Jetstar Airways,Perth,PER,YPPH,19:45,11:45,19:48,3min late,23:08,11min early,3h 20m,Landed
2026-01-30,IU133,SJV133,SW Italia,Semarang,SRG,WIIS,19:50,11:50,20:16,26min late,20:11,1min late,55m,Landed
2026-01-30,EK369,UAE369,Emirates,Dubai,DXB,OMDB,19:50,11:50,20:06,16min late,01:19,9min late,9h 13m,Landed
2026-01-30,TR283,TGW283,Scoot,Singapore,SIN,WSSS,20:05,12:05,21:37,32min late,23:48,8min late,2h 11m,Landed
2026-01-30,SL259,TLM259,Thai Lion Air,Bangkok,DMK,VTBD,20:05,12:05,20:26,21min late,23:12,12min early,3h 46m,Landed
2026-01-30,SQ945,SIA945,Singapore Airlines,Singapore,SIN,WSSS,20:15,12:15,20:52,37min late,23:08,13min late,2h 15m,Landed
2026-01-30,GA718,GIA718,Garuda Indonesia,Melbourne,MEL,YMML,20:20,12:20,20:37,17min late,04:51,8min early,5h 14m,Landed
2026-01-30,JQ34,JST034,Jetstar Airways,Melbourne,MEL,YMML,20:20,12:20,20:34,14min late,04:46,8min early,5h 11m,Landed
2026-01-30,ID6413,BTK6413,Batik Air,Surabaya,SUB,WARR,20:30,12:30,20:44,14min late,20:18,11min early,34m,Landed
2026-01-30,QG9697,CTV9697,Citilink,Surabaya,SUB,WARR,20:40,12:40,20:48,8min late,14:00,15min late,18h 11m,Landed
2026-01-30,GA415,GIA415,Garuda Indonesia,Jakarta,CGK,WIII,20:45,12:45,21:06,21min late,21:37,7min early,1h 31m,Landed
2026-01-30,IP105,PAS105,Pelita Air Service,Jakarta,CGK,WIII,20:50,12:50,21:00,10min late,21:25,14min early,1h 24m,Landed
2026-01-30,OD177,MXD177,Malindo Air,Melbourne,MEL,YMML,20:55,12:55,21:18,23min late,05:32,7min early,5h 13m,Landed
2026-01-30,QG667,CTV667,Citilink,Jakarta,CGK,WIII,21:10,13:10,21:59,49min late,22:27,17min late,1h 28m,Landed
2026-01-30,TK67,THY067,Turkish Airlines,Istanbul,IST,LTFM,21:10,13:10,21:40,30min late,05:50,10min late,13h 9m,Landed
2026-01-30,OD171,MXD171,Malindo Air,Sydney,SYD,YSSY,21:10,13:10,21:54,44min late,06:40,25min late,5h 46m,Landed
2026-01-30,8B5109,TNU5109,TransNusa,Jakarta,CGK,WIII,21:14,13:14,21:14,on time,21:37,on time,1h 23m,Landed
2026-01-30,JT11,,Lion Air,Jakarta,CGK,WIII,21:15,13:15,,,,,1h 55m,
2026-01-30,QZ819,AWQ819,Indonesia AirAsia,Jakarta,CGK,WIII,21:15,13:15,21:47,32min late,22:10,5min late,1h 23m,Landed
2026-01-30,QF44,QFA044,Qantas,Sydney,SYD,YSSY,21:20,13:20,21:27,7min late,06:06,8min early,5h 39m,Landed
2026-01-30,SJ273,SJY273,Sriwijaya Air,Jakarta,CGK,WIII,21:35,13:35,22:30,55min late,22:52,37min late,1h 22m,Landed
2026-01-30,KL836,KLM836,KLM Royal Dutch Airlines,Singapore,SIN,WSSS,21:40,13:40,22:34,54min late,00:36,26min late,2h 1m,Landed
2026-01-30,SQ947,SIA947,Singapore Airlines,Singapore,SIN,WSSS,21:40,13:40,22:09,29min late,00:26,6min late,2h 17m,Landed
2026-01-30,GA425,GIA425,Garuda Indonesia,Jakarta,CGK,WIII,21:40,13:40,21:52,12min late,22:25,19min early,1h 33m,Landed
2026-01-30,JQ117,JST117,Jetstar Airways,Perth,PER,YPPH,21:45,13:45,21:57,12min late,01:13,1min early,3h 15m,Landed
2026-01-30,QZ546,AWQ546,Indonesia AirAsia,Perth,PER,YPPH,21:55,13:55,22:20,25min late,01:39,4min late,3h 19m,Landed
2026-01-30,AK375,AXM375,AirAsia,Kuala Lumpur,KUL,WMKK,21:55,13:55,22:39,44min late,01:13,13min late,2h 34m,Landed
2026-01-30,VA94,VOZ094,Virgin Australia,Melbourne,MEL,YMML,22:00,14:00,22:43,43min late,06:54,14min late,5h 11m,Landed
2026-01-30,TK311,THY311,Turkish Airlines,Istanbul,IST,LTFM,22:00,14:00,22:24,24min late,06:30,5min late,13h 6m,Landed
2026-01-30,QF46,QFA046,Qantas,Melbourne,MEL,YMML,22:05,14:05,22:28,23min late,06:47,3min early,5h 18m,Landed
2026-01-30,SV857,SVA857,Saudi Arabian Airlines,Singapore,SIN,WSSS,22:05,14:05,21:53,12min early,00:25,19min early,2h 32m,Landed
2026-01-30,OD157,MXD157,Malindo Air,Brisbane,BNE,YBBN,22:10,14:10,22:59,49min late,06:44,44min late,5h 44m,Landed
2026-01-30,QZ811,AWQ811,Indonesia AirAsia,Jakarta,CGK,WIII,22:15,14:15,22:46,31min late,23:06,1min late,1h 20m,Landed
2026-01-30,JQ89,JST089,Jetstar Airways,Newcastle,NTL,YWLM,22:20,14:20,22:45,25min late,07:23,8min late,5h 37m,Landed
2026-01-30,JQ38,JST038,Jetstar Airways,Sydney,SYD,YSSY,22:20,14:20,22:51,31min late,07:47,17min late,5h 56m,Landed
2026-01-30,VA66,VOZ066,Virgin Australia,Sydney,SYD,YSSY,22:30,14:30,22:57,27min late,07:49,9min late,5h 51m,Landed
2026-01-30,JT15,LNI015,Lion Air,Jakarta,CGK,WIII,22:35,14:35,22:56,21min late,23:21,8min early,1h 24m,Landed
2026-01-30,JQ128,JST128,Jetstar Airways,Adelaide,ADL,YPAD,22:50,14:50,23:01,11min late,06:05,9min early,4h 33m,Landed
2026-01-30,7C2712,JJA2712,Jeju Air,Seoul,ICN,RKSI,23:05,15:05,23:14,9min late,06:43,26min early,6h 28m,Landed
2026-01-30,GA4292,GIA4292,Garuda Indonesia,Jakarta,CGK,WIII,23:05,15:05,23:03,1min early,23:31,33min early,1h 28m,Landed
2026-01-30,3U3986,CSC3986,Sichuan Airlines,Lujia Town,TFU,ZUTF,23:10,15:10,23:19,9min late,19:29,34min late,20h 10m,Landed
2026-01-30,JQ91,JST091,Jetstar Airways,Cairns,CNS,YBCS,23:10,15:10,23:39,29min late,05:55,10min late,4h 15m,Landed
2026-01-30,VA82,VOZ082,Virgin Australia,Gold Coast,OOL,YBCG,23:20,15:20,23:41,21min late,07:35,25min late,5h 54m,Landed
2026-01-30,GA714,,Garuda Indonesia,Sydney,SYD,YSSY,23:35,15:35,01:02,27min late,09:52,17min late,5h 50m,Landed
2026-01-30,JQ42,JST042,Jetstar Airways,Melbourne,MEL,YMML,23:40,15:40,00:06,26min late,08:29,on time,5h 22m,Landed
2026-01-30,QZ420,AWQ420,Indonesia AirAsia,Adelaide,ADL,YPAD,23:45,15:45,23:51,6min late,07:13,11min early,4h 52m,Landed
2026-01-30,KE432,KAL432,Korean Air Lines,Seoul,ICN,RKSI,23:50,15:50,00:02,12min late,07:23,21min early,6h 20m,Landed
2026-01-30,JQ94,JST094,Jetstar Airways,Gold Coast,OOL,YBCG,23:55,15:55,00:04,9min late,07:47,22min late,5h 42m,Landed
2026-01-31,BX602,ABL602,Air Busan,Busan,PUS,RKPK,00:05,16:05,00:12,7min late,07:35,54min early,6h 23m,Landed
2026-01-31,8B84,TNU084,TransNusa,Perth,PER,YPPH,00:20,16:20,00:30,10min late,03:50,14min early,3h 20m,Landed
2026-01-31,EK399,UAE399,Emirates,Dubai,DXB,OMDB,00:25,16:25,00:58,33min late,06:13,28min late,9h 14m,Landed
2026-01-31,QR961,QTR961,Qatar Airways,Doha,DOH,OTHH,00:30,16:30,00:44,14min late,05:29,19min late,9h 44m,Landed
2026-01-31,MF892,CXA892,Xiamen Airlines,Xiamen,XMN,ZSAM,00:30,16:30,00:36,6min late,05:57,7min early,5h 20m,Landed
2026-01-31,CZ626,CSN626,China Southern Airlines,Guangzhou,CAN,ZGGG,00:40,16:40,00:40,on time,05:36,13min early,4h 56m,Landed
2026-01-31,GA880,GIA880,Garuda Indonesia,Tokyo,NRT,RJAA,00:50,16:50,01:01,11min late,08:36,13min early,6h 34m,Landed
2026-01-31,GA870,GIA870,Garuda Indonesia,Seoul,ICN,RKSI,00:50,16:50,01:00,10min late,08:21,28min early,6h 21m,Landed
2026-01-31,MU5030,CES5030,China Eastern Airlines,Shanghai,PVG,ZSPD,00:55,16:55,01:42,47min late,07:36,26min late,5h 54m,Landed
2026-01-31,5J282,CEB282,CEBU Pacific Air,Manila,MNL,RPLL,01:00,17:00,01:42,42min late,05:15,on time,3h 32m,Landed
2026-01-31,SJ726,,Sriwijaya Air,Makassar,UPG,WAAA,01:00,17:00,,,,,1h 20m,
2026-01-31,QZ548,AWQ548,Indonesia AirAsia,Perth,PER,YPPH,01:00,17:00,01:04,4min late,04:34,5min early,3h 29m,Landed
2026-01-31,KE434,KAL434,Korean Air Lines,Seoul,ICN,RKSI,01:05,17:05,01:13,8min late,08:12,52min early,5h 59m,Landed
2026-01-31,PR538,PAL538,Philippine Airlines,Manila,MNL,RPLL,01:10,17:10,01:40,30min late,05:09,on time,3h 28m,Landed
2026-01-31,8B5888,TNU5888,Business Air,Manado,MDC,WAMM,01:30,17:30,01:47,17min late,07:57,42min late,6h 10m,Landed
2026-01-31,SQ949,SIA949,Singapore Airlines,Singapore,SIN,WSSS,01:30,17:30,01:40,10min late,03:49,21min early,2h 8m,Landed
2026-01-31,QZ534,AWQ534,Indonesia AirAsia,Perth,PER,YPPH,07:00,23:00,07:07,7min late,10:36,13min early,3h 29m,Landed
2026-01-31,JT746,LNI746,Lion Air,Makassar,UPG,WAAA,07:00,23:00,07:17,17min late,08:18,6min early,1h 0m,Landed
2026-01-31,GA401,GIA401,Garuda Indonesia,Jakarta,CGK,WIII,07:00,23:00,07:03,3min late,07:30,29min early,1h 27m,Landed
2026-01-31,QZ813,AWQ813,Indonesia AirAsia,Jakarta,CGK,WIII,07:00,23:00,07:13,13min late,07:37,12min early,1h 24m,Landed
2026-01-31,IU705,SJV705,SW Italia,Surabaya,SUB,WARR,07:00,23:00,07:16,16min late,12:28,27min late,6h 12m,Landed
2026-01-31,QG690,CTV690,Citilink,Surabaya,SUB,WARR,07:05,23:05,07:02,2min early,17:39,29min late,11h 36m,Landed
2026-01-31,QZ550,AWQ550,Indonesia AirAsia,Kuala Lumpur,KUL,WMKK,07:15,23:15,07:13,1min early,09:44,25min early,2h 31m,Landed
2026-01-31,8B551,TNU551,Business Air,Singapore,SIN,WSSS,07:30,23:30,07:11,18min early,09:24,30min early,2h 12m,Landed
2026-01-31,JT21,LNI021,Lion Air,Jakarta,CGK,WIII,08:05,00:05,08:13,8min late,08:45,14min early,1h 31m,Landed
2026-01-31,QG9691,CTV9691,Citilink,Surabaya,SUB,WARR,08:05,00:05,07:57,7min early,07:45,24min early,48m,Landed
2026-01-31,IW1858,WON1858,Wings Air,Lombok,LOP,WADL,08:05,00:05,08:11,6min late,08:40,14min early,29m,Landed
2026-01-31,HX706,CRK706,Hong Kong Airlines,Hong Kong,HKG,VHHH,08:15,00:15,11:30,15min late,15:49,34min late,4h 19m,Landed
2026-01-31,SQ943,SIA943,Singapore Airlines,Singapore,SIN,WSSS,08:30,00:30,08:31,1min late,11:06,3min early,2h 35m,Landed
2026-01-31,5J280,CEB280,CEBU Pacific Air,Manila,MNL,RPLL,08:35,00:35,08:44,9min late,12:25,24min early,3h 40m,Landed
2026-01-31,CZ8482,CSN8482,China Southern Airlines,Guangzhou,CAN,ZGGG,08:35,00:35,08:39,4min late,13:20,44min early,4h 40m,Landed
2026-01-31,IW1854,,Wings Air,Lombok,LOP,WADL,08:45,00:45,20:45,0min late,09:35,,50m,Landed
2026-01-31,IW1882,WON1882,Wings Air,Sumbawa Besar,SWQ,WADS,08:55,00:55,08:54,on time,09:34,25min early,39m,Landed
2026-01-31,IN640,LKN640,Nam Air,Tambolaka,TMC,WADT,09:10,01:10,09:21,11min late,10:10,,1h 0m,Landed
2026-01-31,8B5105,TNU5105,Business Air,Jakarta,CGK,WIII,09:15,01:15,09:17,2min late,09:39,20min early,1h 21m,Landed
2026-01-31,ID6324,BTK6324,Batik Air,Tambolaka,TMC,WADT,09:20,01:20,09:25,5min late,10:21,13min early,56m,Landed
2026-01-31,IW1848,WON1848,Wings Air,Lombok,LOP,WADL,09:25,01:25,10:07,42min late,10:44,29min late,37m,Landed
2026-01-31,QZ504,AWQ504,Indonesia AirAsia,Singapore,SIN,WSSS,09:25,01:25,09:30,5min late,12:05,on time,2h 34m,Landed
2026-01-31,QG500,CTV500,Citilink,Dili,DIL,WPDL,09:30,01:30,09:27,2min early,12:21,1min late,1h 54m,Landed
2026-01-31,ID6007,BTK6007,Batik Air,Perth,PER,YPPH,09:30,01:30,09:56,26min late,13:13,1min early,3h 16m,Landed
2026-01-31,QG663,CTV663,Citilink,Jakarta,CGK,WIII,09:35,01:35,09:59,24min late,10:28,1min early,1h 28m,Landed
2026-01-31,8B80,TNU080,Business Air,Perth,PER,YPPH,09:40,01:40,09:44,4min late,13:01,23min early,3h 17m,Landed
2026-01-31,QZ803,AWQ803,Indonesia AirAsia,Jakarta,CGK,WIII,09:40,01:40,10:03,23min late,10:26,3min early,1h 23m,Landed
2026-01-31,QR965,QTR965,Qatar Airways,Doha,DOH,OTHH,09:45,01:45,09:48,3min late,14:16,8min early,9h 28m,Landed
2026-01-31,IU705,SJV705,SW Italia,Surabaya,SUB,WARR,09:51,01:51,09:51,on time,15:45,18min late,6h 53m,Landed
2026-01-31,IU122,,SW Italia,Yogyakarta,YIA,WAHI,10:00,02:00,,,,,1h 30m,
2026-01-31,AI2146,AIC2146,Air India,Delhi,DEL,VIDP,10:00,02:00,10:29,29min late,15:33,33min late,7h 34m,Landed
2026-01-31,JQ111,JST111,Jetstar Airways,Perth,PER,YPPH,10:20,02:20,10:18,1min early,13:43,26min early,3h 25m,Landed
2026-01-31,8B5101,TNU5101,Business Air,Jakarta,CGK,WIII,10:30,02:30,10:48,18min late,11:13,1min early,1h 25m,Landed
2026-01-31,SQ935,SIA935,Singapore Airlines,Singapore,SIN,WSSS,10:30,02:30,10:38,8min late,12:52,18min early,2h 13m,Landed
2026-01-31,8G182,DTL182,Mid Africa Aviation,Dili,DIL,WPDL,10:35,02:35,11:06,31min late,13:48,18min late,1h 41m,Landed
2026-01-31,JT33,,Lion Air,Jakarta,CGK,WIII,10:35,02:35,,,,,1h 55m,
2026-01-31,JT805,LNI805,Lion Air,Surabaya,SUB,WARR,10:35,02:35,10:43,8min late,10:19,15min early,35m,Landed
2026-01-31,IW1856,WON1856,Wings Air,Lombok,LOP,WADL,11:10,03:10,11:10,on time,11:43,16min early,32m,Landed
2026-01-31,TR281,TGW281,Scoot,Singapore,SIN,WSSS,11:10,03:10,11:33,23min late,13:52,2min late,2h 18m,Landed
2026-01-31,QG197,CTV197,Citilink,Jakarta,HLP,WIHH,11:10,03:10,11:07,3min early,11:46,13min early,1h 39m,Landed
2026-01-31,JQ40,JST040,Jetstar Airways,Sydney,SYD,YSSY,11:15,03:15,11:21,6min late,19:51,23min early,5h 30m,Landed
2026-01-31,QZ780,AWQ780,Indonesia AirAsia,Balikpapan,BPN,WALL,11:20,03:20,11:25,5min late,12:41,23min early,1h 16m,Landed
2026-01-31,JQ32,JST032,Jetstar Airways,Melbourne,MEL,YMML,11:30,03:30,11:39,9min late,20:15,5min late,5h 36m,Landed
2026-01-31,6E1606,IGO1606,IndiGo,Bangalore,BLR,VOBL,11:30,03:30,11:38,8min late,15:09,25min early,6h 0m,Landed
2026-01-31,OD172,MXD172,Malindo Air,Kuala Lumpur,KUL,WMKK,11:35,03:35,12:25,50min late,15:04,19min late,2h 39m,Landed
2026-01-31,IW1964,WON1964,Wings Air,Lombok,LOP,WADL,11:40,03:40,15:19,39min late,15:47,17min late,28m,Landed
2026-01-31,QZ646,AWQ646,Indonesia AirAsia,Labuan Bajo,LBJ,WATO,11:40,03:40,11:42,2min late,12:31,23min early,48m,Landed
2026-01-31,ID6331,BTK6331,Batik Air,Labuan Bajo,LBJ,WATO,11:45,03:45,11:58,13min late,14:19,19min late,2h 20m,Landed
2026-01-31,JQ109,JST109,Jetstar Airways,Perth,PER,YPPH,11:45,03:45,12:04,19min late,15:14,20min early,3h 9m,Landed
2026-01-31,IW1850,WON1850,Wings Air,Lombok,LOP,WADL,11:50,03:50,11:54,4min late,12:25,14min early,31m,Landed
2026-01-31,JT31,,Lion Air,Jakarta,CGK,WIII,11:55,03:55,14:59,4min late,15:26,36min late,1h 27m,Landed
2026-01-31,GA407,GIA407,Garuda Indonesia,Jakarta,CGK,WIII,11:55,03:55,12:09,14min late,12:52,2min early,1h 43m,Landed
2026-01-31,QZ540,AWQ540,Indonesia AirAsia,Darwin,DRW,YPDN,12:00,04:00,12:12,12min late,16:09,5min early,2h 27m,Landed
2026-01-31,FD397,AIQ397,Thai AirAsia,Bangkok,DMK,VTBD,12:00,04:00,12:42,42min late,15:52,32min late,4h 10m,Landed
2026-01-31,GA253,GIA253,Garuda Indonesia,Yogyakarta,YIA,WAHI,12:05,04:05,12:35,30min late,15:02,7min late,3h 27m,Landed
2026-01-31,SQ937,SIA937,Singapore Airlines,Singapore,SIN,WSSS,12:05,04:05,12:32,27min late,14:51,4min early,2h 18m,Landed
2026-01-31,SJ7420,,Sriwijaya Air,Tambolaka,TMC,WADT,12:10,04:10,12:10,,13:10,,1h 0m,Landed
2026-01-31,OD192,MXD192,Malindo Air,Kuala Lumpur,KUL,WMKK,12:10,04:10,12:40,30min late,15:21,1min late,2h 41m,Landed
2026-01-31,OD178,MXD178,Malindo Air,Kuala Lumpur,KUL,WMKK,12:15,04:15,12:21,6min late,15:06,18min early,2h 44m,Landed
2026-01-31,OD158,MXD158,Malindo Air,Kuala Lumpur,KUL,WMKK,12:45,04:45,13:04,19min late,15:44,10min early,2h 40m,Landed
2026-01-31,IP103,PAS103,Pelita Air Service,Jakarta,CGK,WIII,12:45,04:45,12:49,4min late,13:22,12min early,1h 32m,Landed
2026-01-31,AK365,AXM365,AirAsia,Kuala Lumpur,KUL,WMKK,13:05,05:05,13:17,12min late,15:52,17min early,2h 35m,Landed
2026-01-31,MH714,MAS714,Malaysia Airlines,Kuala Lumpur,KUL,WMKK,13:10,05:10,13:36,26min late,16:09,4min late,2h 32m,Landed
2026-01-31,JT35,LNI035,Lion Air,Jakarta,CGK,WIII,13:15,05:15,13:45,30min late,14:14,4min late,1h 28m,Landed
2026-01-31,JT660,LNI660,Lion Air,Balikpapan,BPN,WALL,13:30,05:30,13:42,12min late,17:26,11min late,3h 44m,Landed
2026-01-31,JQ58,JST058,Jetstar Airways,Brisbane,BNE,YBBN,13:30,05:30,13:49,19min late,21:15,9min early,5h 25m,Landed
2026-01-31,SQ939,SIA939,Singapore Airlines,Singapore,SIN,WSSS,13:40,05:40,13:56,16min late,16:18,11min early,2h 22m,Landed
2026-01-31,GA409,GIA409,Garuda Indonesia,Jakarta,CGK,WIII,13:45,05:45,14:06,21min late,14:40,4min early,1h 34m,Landed
2026-01-31,ID6509,BTK6509,Batik Air,Jakarta,CGK,WIII,13:45,05:45,14:00,15min late,14:24,15min early,1h 24m,Landed
2026-01-31,8B5107,TNU5107,Business Air,Jakarta,CGK,WIII,13:50,05:50,14:05,15min late,14:30,4min early,1h 25m,Landed
2026-01-31,JT919,LNI919,Lion Air,Surabaya,SUB,WARR,13:55,05:55,14:15,20min late,13:52,2min early,36m,Landed
2026-01-31,6E1612,IGO1612,IndiGo,Bhubaneswar,BBI,VEBS,14:00,06:00,14:34,34min late,17:47,7min late,5h 43m,Landed
2026-01-31,QZ544,AWQ544,Indonesia AirAsia,Perth,PER,YPPH,14:00,06:00,14:48,48min late,18:08,18min late,3h 19m,Landed
2026-01-31,IU137,SJV137,SW Italia,Kupang,KOE,WATT,14:00,06:00,14:19,19min late,15:55,5min late,1h 36m,Landed
2026-01-31,QG342,CTV342,Citilink,Makassar,UPG,WAAA,14:00,06:00,14:00,on time,15:28,3min late,1h 27m,Landed
2026-01-31,QG687,CTV687,Citilink,Jakarta,CGK,WIII,14:00,06:00,14:11,11min late,14:44,10min early,1h 33m,Landed
2026-01-31,8B82,TNU082,Business Air,Perth,PER,YPPH,14:00,06:00,14:44,44min late,17:59,19min late,3h 15m,Landed
2026-01-31,VJ894,VJC894,VietJet Air,Ho Chi Minh City,SGN,VVTS,14:05,06:05,14:38,33min late,16:58,6min early,3h 19m,Landed
2026-01-31,ID6517,BTK6517,Batik Air,Jakarta,CGK,WIII,14:15,06:15,15:36,21min late,16:01,51min late,1h 24m,Landed
2026-01-31,ID7308,BTK7308,Batik Air,Jakarta,HLP,WIHH,14:20,06:20,14:42,22min late,15:10,on time,1h 28m,Landed
2026-01-31,QZ246,AWQ246,Indonesia AirAsia,Phuket,HKT,VTSP,14:25,06:25,15:15,50min late,17:51,36min late,3h 36m,Landed
2026-01-31,TR289,TGW289,Scoot,Singapore,SIN,WSSS,14:35,06:35,15:18,43min late,17:37,7min late,2h 19m,Landed
2026-01-31,JT23,,Lion Air,Jakarta,CGK,WIII,14:45,06:45,,,,,1h 55m,
2026-01-31,JQ43,JST043,Jetstar Airways,Singapore,SIN,WSSS,14:50,06:50,15:11,21min late,17:36,18min early,2h 24m,Landed
2026-01-31,OD307,MXD307,Malindo Air,Kuala Lumpur,KUL,WMKK,14:50,06:50,14:56,6min late,17:38,16min early,2h 42m,Landed
2026-01-31,JQ44,JST044,Jetstar Airways,Melbourne,MEL,YMML,14:55,06:55,15:02,7min late,23:10,24min early,5h 8m,Landed
2026-01-31,VA48,VOZ048,Virgin Australia,Brisbane,BNE,YBBN,15:00,07:00,15:06,6min late,22:41,13min early,5h 35m,Landed
2026-01-31,JT844,LNI844,Lion Air,Banjarmasin,BDJ,WAOO,15:00,07:00,15:10,10min late,16:11,18min early,1h 1m,Landed
2026-01-31,QG681,CTV681,Citilink,Jakarta,CGK,WIII,15:10,07:10,15:14,4min late,15:52,12min early,1h 37m,Landed
2026-01-31,AI2148,AIC2148,Air India,Delhi,DEL,VIDP,15:10,07:10,15:46,36min late,20:46,41min late,7h 30m,Landed
2026-01-31,AK377,AXM377,AirAsia,Kuala Lumpur,KUL,WMKK,15:25,07:25,15:31,6min late,18:22,2min early,2h 50m,Landed
2026-01-31,JT740,LNI740,Lion Air,Makassar,UPG,WAAA,15:30,07:30,16:00,30min late,17:01,6min late,1h 1m,Landed
2026-01-31,GA411,GIA411,Garuda Indonesia,Jakarta,CGK,WIII,15:35,07:35,16:14,39min late,16:44,4min late,1h 29m,Landed
2026-01-31,VJ898,VJC898,VietJet Air,Ho Chi Minh City,SGN,VVTS,15:35,07:35,16:05,30min late,18:28,3min late,3h 23m,Landed
2026-01-31,QG669,CTV669,Citilink,Surabaya,SUB,WARR,15:40,07:40,15:41,1min late,15:32,12min early,50m,Landed
2026-01-31,SJ7161,,Sriwijaya Air,Makassar,UPG,WAAA,15:40,07:40,15:40,,17:00,,1h 20m,Landed
2026-01-31,CI772,CAL772,China Airlines,Taipei,TPE,RCTP,15:45,07:45,15:54,9min late,20:34,30min early,4h 39m,Landed
2026-01-31,VA92,VOZ092,Virgin Australia,Melbourne,MEL,YMML,15:50,07:50,16:08,18min late,00:16,13min early,5h 7m,Landed
2026-01-31,IP109,PAS109,Pelita Air Service,Jakarta,CGK,WIII,16:00,08:00,16:09,9min late,16:39,10min early,1h 29m,Landed
2026-01-31,QZ536,AWQ536,Indonesia AirAsia,Perth,PER,YPPH,16:00,08:00,16:26,26min late,19:46,1min late,3h 20m,Landed
2026-01-31,VN640,HVN640,Vietnam Airlines,Ho Chi Minh City,SGN,VVTS,16:05,08:05,16:07,2min late,18:20,34min early,3h 12m,Landed
2026-01-31,QG661,CTV661,Citilink,Jakarta,CGK,WIII,16:05,08:05,17:53,48min late,18:22,22min late,1h 29m,Landed
2026-01-31,TG432,THA432,Thai Airways International,Bangkok,BKK,VTBS,16:10,08:10,16:12,2min late,18:50,34min early,3h 38m,Landed
2026-01-31,QZ807,AWQ807,Indonesia AirAsia,Jakarta,CGK,WIII,16:10,08:10,16:40,30min late,17:03,6min early,1h 22m,Landed
2026-01-31,QZ556,AWQ556,Indonesia AirAsia,Kuala Lumpur,KUL,WMKK,16:15,08:15,16:19,4min late,18:56,13min early,2h 37m,Landed
2026-01-31,CX784,CPA784,Cathay Pacific,Hong Kong,HKG,VHHH,16:20,08:20,16:32,12min late,20:50,34min early,4h 17m,Landed
2026-01-31,MH850,MAS850,Malaysia Airlines,Kuala Lumpur,KUL,WMKK,16:25,08:25,16:30,5min late,19:27,7min early,2h 57m,Landed
2026-01-31,IW1852,WON1852,Wings Air,Lombok,LOP,WADL,16:30,08:30,16:36,6min late,17:07,12min early,31m,Landed
2026-01-31,IU743,SJV743,SW Italia,Jakarta,CGK,WIII,16:35,08:35,18:12,37min late,18:40,10min late,1h 27m,Landed
2026-01-31,BR256,EVA256,EVA Airways,Taipei,TPE,RCTP,16:40,08:40,17:34,54min late,22:35,50min late,5h 1m,Landed
2026-01-31,JT744,,Lion Air,Makassar,UPG,WAAA,16:40,08:40,,,,,1h 25m,
2026-01-31,IU703,SJV703,SW Italia,Surabaya,SUB,WARR,16:40,08:40,18:02,22min late,17:40,0min late,37m,Landed
2026-01-31,GA349,GIA349,Garuda Indonesia,Surabaya,SUB,WARR,16:55,08:55,17:14,19min late,17:04,5min early,50m,Landed
2026-01-31,ID6335,BTK6335,Batik Air,Labuan Bajo,LBJ,WATO,17:00,09:00,17:37,37min late,18:29,14min late,52m,Landed
2026-01-31,JT25,,Lion Air,Jakarta,CGK,WIII,17:15,09:15,20:24,9min late,20:55,45min late,1h 31m,Landed
2026-01-31,GA419,GIA419,Garuda Indonesia,Jakarta,CGK,WIII,17:25,09:25,17:50,25min late,18:21,3min early,1h 31m,Landed
2026-01-31,VJ998,VJC998,VietJet Air,Hanoi,HAN,VVNB,17:25,09:25,17:44,19min late,21:29,5min early,4h 45m,Landed
2026-01-31,HO1356,DKH1356,Juneyao Airlines,Shanghai,PVG,ZSPD,17:30,09:30,17:55,25min late,23:19,15min early,5h 24m,Landed
2026-01-31,TR211,TGW211,Scoot,Singapore,SIN,WSSS,17:35,09:35,18:08,33min late,20:21,24min early,2h 12m,Landed
2026-01-31,IU759,,SW Italia,Jakarta,CGK,WIII,17:40,09:40,,,,,1h 55m,
2026-01-31,IP107,PAS107,Pelita Air Service,Jakarta,CGK,WIII,17:40,09:40,17:57,17min late,18:24,5min early,1h 26m,Landed
2026-01-31,IU120,SJV120,SW Italia,Yogyakarta,YIA,WAHI,18:03,10:03,18:02,on time,18:05,on time,1h 2m,Landed
2026-01-31,IU126,SJV126,SW Italia,Surakarta,SOC,WAHQ,18:10,10:10,18:15,5min late,18:11,18min early,56m,Landed
2026-01-31,OD193,MXD193,Malindo Air,Perth,PER,YPPH,18:10,10:10,19:10,0min late,22:53,8min late,3h 43m,Landed
2026-01-31,IN283,,NAM Air,Jakarta,CGK,WIII,18:30,10:30,,,,,1h 40m,
2026-01-31,IN281,LKN281,Nam Air,Jakarta,CGK,WIII,18:30,10:30,19:26,56min late,19:55,45min late,1h 29m,Landed
2026-01-31,IP111,PAS111,Pelita Air Service,Jakarta,CGK,WIII,18:35,10:35,18:56,21min late,19:23,1min early,1h 27m,Landed
2026-01-31,CX782,CPA782,Cathay Pacific,Hong Kong,HKG,VHHH,18:40,10:40,19:00,20min late,23:22,22min early,4h 22m,Landed
2026-01-31,SL259,TLM259,Thai Lion Air,Bangkok,DMK,VTBD,18:40,10:40,19:23,43min late,22:10,10min late,3h 46m,Landed
2026-01-31,GA417,GIA417,Garuda Indonesia,Jakarta,CGK,WIII,18:40,10:40,19:08,28min late,19:44,4min late,1h 36m,Landed
2026-01-31,JT3027,,Lion Air,Jakarta,CGK,WIII,18:40,10:40,,,,,1h 55m,
2026-01-31,EY477,ETD477,Etihad Airways,Abu Dhabi,AUH,OMAA,18:45,10:45,18:51,6min late,23:39,5min early,8h 47m,Landed
2026-01-31,QZ809,AWQ809,Indonesia AirAsia,Jakarta,CGK,WIII,18:50,10:50,19:43,53min late,20:11,21min late,1h 27m,Landed
2026-01-31,QR963,QTR963,Qatar Airways,Doha,DOH,OTHH,18:50,10:50,19:12,22min late,23:57,27min late,9h 44m,Landed
2026-01-31,6E1608,IGO1608,IndiGo,Chennai,MAA,VOMM,18:50,10:50,19:18,28min late,22:33,3min late,5h 44m,Landed
2026-01-31,TG440,THA440,Thai Airways International,Bangkok,BKK,VTBS,19:00,11:00,18:00,59min early,22:05,9min early,5h 5m,Landed
2026-01-31,AK379,AXM379,AirAsia,Kuala Lumpur,KUL,WMKK,19:15,11:15,19:53,38min late,22:24,4min late,2h 30m,Landed
2026-01-31,MH852,MAS852,Malaysia Airlines,Kuala Lumpur,KUL,WMKK,19:15,11:15,19:41,26min late,22:15,on time,2h 34m,Landed
2026-01-31,GA4274,,Garuda Indonesia,Jakarta,CGK,WIII,19:20,11:20,19:20,,20:20,,2h 0m,Landed
2026-01-31,QG699,CTV699,Citilink,Surabaya,SUB,WARR,19:25,11:25,19:34,9min late,19:21,8min early,46m,Landed
2026-01-31,ID7310,BTK7310,Batik Air,Jakarta,HLP,WIHH,19:25,11:25,20:05,40min late,20:29,14min late,1h 24m,Landed
2026-01-31,QG689,CTV689,Citilink,Jakarta,CGK,WIII,19:30,11:30,19:39,9min late,20:11,13min early,1h 32m,Landed
2026-01-31,JT923,,Lion Air,Surabaya,SUB,WARR,19:45,11:45,07:41,56min late,19:45,,1h 0m,Landed
2026-01-31,8B969,TNU969,Business Air,Guangzhou,CAN,ZGGG,19:45,11:45,19:33,11min early,00:13,51min early,4h 40m,Landed
2026-01-31,IU133,SJV133,SW Italia,Semarang,SRG,WIIS,19:50,11:50,19:43,6min early,19:43,26min early,59m,Landed
2026-01-31,EK369,UAE369,Emirates,Dubai,DXB,OMDB,19:50,11:50,19:55,5min late,01:11,1min late,9h 16m,Landed
2026-01-31,TR283,TGW283,Scoot,Singapore,SIN,WSSS,20:05,12:05,21:05,0min late,23:17,37min late,2h 12m,Landed
2026-01-31,SQ945,SIA945,Singapore Airlines,Singapore,SIN,WSSS,20:15,12:15,20:43,28min late,23:01,6min late,2h 18m,Landed
2026-01-31,JQ34,JST034,Jetstar Airways,Melbourne,MEL,YMML,20:20,12:20,20:19,on time,04:23,31min early,5h 3m,Landed
2026-01-31,GA718,GIA718,Garuda Indonesia,Melbourne,MEL,YMML,20:20,12:20,20:52,32min late,05:10,10min late,5h 18m,Landed
2026-01-31,ID6413,BTK6413,Batik Air,Surabaya,SUB,WARR,20:30,12:30,20:47,17min late,07:05,35min late,11h 18m,Landed
2026-01-31,QG9697,,Citilink,Surabaya,SUB,WARR,20:40,12:40,23:47,7min late,23:22,37min late,35m,Landed
2026-01-31,GA415,GIA415,Garuda Indonesia,Jakarta,CGK,WIII,20:45,12:45,20:56,11min late,21:32,12min early,1h 36m,Landed
2026-01-31,IP105,,Pelita Air Service,Jakarta,CGK,WIII,20:50,12:50,,,,,1h 50m,
2026-01-31,OD177,MXD177,Malindo Air,Melbourne,MEL,YMML,20:55,12:55,22:07,12min late,06:20,40min late,5h 12m,Landed
2026-01-31,QG667,,Citilink,Jakarta,CGK,WIII,21:10,13:10,00:11,1min late,00:36,26min late,1h 25m,Landed
2026-01-31,OD171,MXD171,Malindo Air,Sydney,SYD,YSSY,21:10,13:10,22:03,53min late,06:41,26min late,5h 37m,Landed
2026-01-31,TK67,THY067,Turkish Airlines,Istanbul,IST,LTFM,21:10,13:10,21:31,21min late,05:38,1min early,13h 6m,Landed
2026-01-31,QZ819,AWQ819,Indonesia AirAsia,Jakarta,CGK,WIII,21:15,13:15,21:35,20min late,22:01,3min early,1h 26m,Landed
2026-01-31,JT11,LNI011,Lion Air,Jakarta,CGK,WIII,21:15,13:15,22:54,39min late,23:21,11min late,1h 27m,Landed
2026-01-31,QF44,,Qantas,Sydney,SYD,YSSY,21:20,13:20,00:25,5min late,08:51,36min late,5h 25m,Landed
2026-01-31,JQ60,JST060,Jetstar Airways,Brisbane,BNE,YBBN,21:30,13:30,20:08,21min early,05:15,4min early,7h 7m,Landed
2026-01-31,SJ273,SJY273,Sriwijaya Air,Jakarta,CGK,WIII,21:35,13:35,22:30,55min late,22:56,41min late,1h 25m,Landed
2026-01-31,KL836,KLM836,KLM Royal Dutch Airlines,Singapore,SIN,WSSS,21:40,13:40,22:05,25min late,00:31,21min late,2h 25m,Landed
2026-01-31,GA425,GIA425,Garuda Indonesia,Jakarta,CGK,WIII,21:40,13:40,21:39,on time,22:19,25min early,1h 40m,Landed
2026-01-31,SQ947,SIA947,Singapore Airlines,Singapore,SIN,WSSS,21:40,13:40,21:53,13min late,00:11,8min early,2h 18m,Landed
2026-01-31,JQ117,JST117,Jetstar Airways,Perth,PER,YPPH,21:45,13:45,21:48,3min late,01:09,5min early,3h 20m,Landed
2026-01-31,AK375,AXM375,AirAsia,Kuala Lumpur,KUL,WMKK,21:55,13:55,22:28,33min late,01:06,6min late,2h 37m,Landed
2026-01-31,QZ546,AWQ546,Indonesia AirAsia,Perth,PER,YPPH,21:55,13:55,22:15,20min late,01:41,6min late,3h 26m,Landed
2026-01-31,TK311,THY311,Turkish Airlines,Istanbul,IST,LTFM,22:00,14:00,22:17,17min late,06:24,on time,13h 7m,Landed
2026-01-31,QF46,QFA046,Qantas,Melbourne,MEL,YMML,22:05,14:05,22:34,29min late,06:38,11min early,5h 4m,Landed
2026-01-31,OD157,MXD157,Malindo Air,Brisbane,BNE,YBBN,22:10,14:10,22:42,32min late,06:14,14min late,5h 31m,Landed
2026-01-31,QZ811,AWQ811,Indonesia AirAsia,Jakarta,CGK,WIII,22:15,14:15,22:38,23min late,23:01,3min early,1h 22m,Landed
2026-01-31,JQ38,JST038,Jetstar Airways,Sydney,SYD,YSSY,22:20,14:20,22:23,3min late,06:52,37min early,5h 29m,Landed
2026-01-31,VA66,VOZ066,Virgin Australia,Sydney,SYD,YSSY,22:30,14:30,22:45,15min late,07:31,8min early,5h 45m,Landed
2026-01-31,JT15,,Lion Air,Jakarta,CGK,WIII,22:35,14:35,,,,,1h 55m,
2026-01-31,JQ128,JST128,Jetstar Airways,Adelaide,ADL,YPAD,22:50,14:50,23:02,12min late,06:04,10min early,4h 32m,Landed
2026-01-31,7C2712,JJA2712,Jeju Air,Seoul,ICN,RKSI,23:05,15:05,23:17,12min late,06:46,23min early,6h 28m,Landed
2026-01-31,GA429,GIA429,Garuda Indonesia,Jakarta,CGK,WIII,23:05,15:05,23:08,3min late,23:36,28min early,1h 28m,Landed
2026-01-31,8B5109,TNU5109,Business Air,Jakarta,CGK,WIII,23:10,15:10,23:40,30min late,00:37,47min late,1h 57m,Landed
2026-01-31,JQ91,JST091,Jetstar Airways,Cairns,CNS,YBCS,23:10,15:10,23:19,9min late,05:36,8min early,4h 16m,Landed
2026-01-31,3U3986,CSC3986,Sichuan Airlines,Lujia Town,TFU,ZUTF,23:10,15:10,23:25,15min late,11:47,52min late,12h 22m,Landed
2026-01-31,GA714,GIA714,Garuda Indonesia,Sydney,SYD,YSSY,23:35,15:35,23:47,12min late,08:31,3min early,5h 43m,Landed
2026-01-31,JQ42,JST042,Jetstar Airways,Melbourne,MEL,YMML,23:40,15:40,23:45,5min late,07:51,38min early,5h 6m,Landed
2026-01-31,KE432,KAL432,Korean Air Lines,Seoul,ICN,RKSI,23:50,15:50,23:58,8min late,07:10,34min early,6h 12m,Landed
