tanggal,flight_iata,flight_icao,airline,tujuan,tujuan_iata,tujuan_icao,jadwal_lokal,jadwal_utc,berangkat_aktual,delay_berangkat,tiba_aktual,delay_tiba,durasi,status
2025-06-01,BX602,ABL602,Air Busan,Busan,PUS,RKPK,00:05,16:05,00:09,4min late,07:37,32min early,6h 28m,Landed
2025-06-01,GA880,GIA880,Garuda Indonesia,Tokyo,NRT,RJAA,00:20,16:20,02:32,12min late,08:45,4min early,5h 12m,Landed
2025-06-01,MF892,CXA892,Xiamen Airlines,Xiamen,XMN,ZSAM,00:30,16:30,00:19,11min early,05:55,9min early,5h 36m,Landed
2025-06-01,CZ626,CSN626,China Southern Airlines,Guangzhou,CAN,ZGGG,00:30,16:30,00:34,4min late,05:14,35min early,4h 40m,Landed
2025-06-01,EK399,UAE399,Emirates,Dubai,DXB,OMDB,00:35,16:35,00:34,on time,05:00,34min early,8h 26m,Landed
2025-06-01,QR961,QTR961,Qatar Airways,Doha,DOH,OTHH,00:35,16:35,00:55,20min late,04:34,20min early,8h 39m,Landed
2025-06-01,KE630,KAL630,Korean Air Lines,Seoul,ICN,RKSI,00:50,16:50,00:46,4min early,08:38,41min early,6h 52m,Landed
2025-06-01,MU5030,CES5030,China Eastern Airlines,Shanghai,PVG,ZSPD,00:55,16:55,00:44,11min early,07:13,41min early,6h 29m,Landed
2025-06-01,PR538,PAL538,Philippine Airlines,Manila,MNL,RPLL,00:55,16:55,02:26,31min late,04:38,11min early,2h 12m,Landed
2025-06-01,QZ548,AWQ548,Indonesia AirAsia,Perth,PER,YPPH,01:05,17:05,00:19,45min early,03:49,5min early,3h 29m,Landed
2025-06-01,QZ300,AWQ300,Indonesia AirAsia,Hong Kong,HKG,VHHH,01:10,17:10,01:22,12min late,06:17,17min late,4h 54m,Landed
2025-06-01,GA870,GIA870,Garuda Indonesia,Seoul,ICN,RKSI,01:15,17:15,01:13,1min early,09:03,11min early,6h 49m,Landed
2025-06-01,GA686,GIA686,Garuda Indonesia,Sorong,SOQ,WASS,01:40,17:40,01:48,8min late,02:48,56min early,0m,Landed
2025-06-01,8B5888,,TransNusa,Manado,MDC,WAMM,01:50,17:50,,,,,2h 35m,
2025-06-01,JT944,,Lion Air,Makassar,UPG,WAAA,07:00,23:00,,,,,1h 20m,
2025-06-01,JT929,LNI929,Lion Air,Surabaya,SUB,WARR,07:00,23:00,07:26,26min late,07:03,3min late,36m,Landed
2025-06-01,JT746,LNI746,Lion Air,Makassar,UPG,WAAA,07:00,23:00,07:37,37min late,08:38,18min late,1h 1m,Landed
2025-06-01,JQ82,JST082,Jetstar Airways,Darwin,DRW,YPDN,07:00,23:00,07:17,17min late,08:47,27min early,0m,Landed
2025-06-01,QZ550,AWQ550,Indonesia AirAsia,Kuala Lumpur,KUL,WMKK,07:00,23:00,07:13,13min late,09:57,2min early,2h 43m,Landed
2025-06-01,GA401,GIA401,Garuda Indonesia,Jakarta,CGK,WIII,07:00,23:00,07:34,34min late,07:58,1min early,1h 24m,Landed
2025-06-01,JT856,,Lion Air,Surabaya,SUB,WARR,07:00,23:00,07:00,on time,07:01,on time,1h 1m,Landed
2025-06-01,JT3569,LNI3569,Lion Air,Yogyakarta,YIA,WAHI,07:00,23:00,07:11,11min late,07:16,13min early,1h 5m,Landed
2025-06-01,QZ534,AWQ534,Indonesia AirAsia,Perth,PER,YPPH,07:05,23:05,07:58,53min late,11:27,27min late,3h 28m,Landed
2025-06-01,QG690,CTV690,Citilink,Surabaya,SUB,WARR,07:05,23:05,07:22,17min late,06:22,42min early,0m,Landed
2025-06-01,SQ949,SIA949,Singapore Airlines,Singapore,SIN,WSSS,07:10,23:10,07:43,33min late,09:52,7min early,2h 8m,Landed
2025-06-01,QZ644,AWQ644,Indonesia AirAsia,Labuan Bajo,LBJ,WATO,07:10,23:10,08:10,0min late,09:03,48min late,52m,Landed
2025-06-01,QZ813,AWQ813,Indonesia AirAsia,Jakarta,CGK,WIII,07:15,23:15,07:35,20min late,06:35,34min early,0m,Landed
2025-06-01,QG663,CTV663,Citilink,Jakarta,CGK,WIII,07:30,23:30,07:57,27min late,08:34,9min late,1h 37m,Landed
2025-06-01,IW1854,WON1854,Wings Air,Lombok,LOP,WADL,08:00,00:00,08:10,10min late,08:32,12min early,22m,Landed
2025-06-01,IU731,SJV731,SW Italia,Jakarta,CGK,WIII,08:05,00:05,08:13,8min late,08:52,7min early,1h 38m,Landed
2025-06-01,HX706,CRK706,Hong Kong Airlines,Hong Kong,HKG,VHHH,08:15,00:15,08:24,9min late,13:20,on time,4h 56m,Landed
2025-06-01,5J280,CEB280,CEBU Pacific Air,Manila,MNL,RPLL,08:35,00:35,08:33,2min early,12:29,20min early,3h 56m,Landed
2025-06-01,IW1850,WON1850,Wings Air,Lombok,LOP,WADL,08:35,00:35,08:30,4min early,08:52,27min early,21m,Landed
2025-06-01,CZ8482,CSN8482,China Southern Airlines,Guangzhou,CAN,ZGGG,08:40,00:40,08:44,4min late,13:32,17min early,4h 48m,Landed
2025-06-01,IU703,SJV703,SW Italia,Surabaya,SUB,WARR,08:40,00:40,18:08,28min late,17:45,5min late,36m,Landed
2025-06-01,QZ504,AWQ504,Indonesia AirAsia,Singapore,SIN,WSSS,09:00,01:00,08:51,8min early,11:17,27min early,2h 26m,Landed
2025-06-01,IU751,,SW Italia,Jakarta,CGK,WIII,09:05,01:05,,,,,1h 55m,
2025-06-01,8B80,TNU080,Business Air,Perth,PER,YPPH,09:05,01:05,09:15,10min late,12:39,15min early,3h 23m,Landed
2025-06-01,8B5105,TNU5105,Business Air,Jakarta,CGK,WIII,09:10,01:10,09:18,8min late,09:41,18min early,1h 23m,Landed
2025-06-01,IW1856,WON1856,Wings Air,Lombok,LOP,WADL,09:10,01:10,09:12,2min late,09:35,19min early,22m,Landed
2025-06-01,IN640,LKN640,Nam Air,Tambolaka,TMC,WADT,09:10,01:10,09:57,47min late,10:43,33min late,46m,Landed
2025-06-01,IW1832,WON1832,Wings Air,Tambolaka,TMC,WADT,09:10,01:10,09:27,17min late,10:35,on time,1h 8m,Landed
2025-06-01,8B88,,TransNusa,Perth,PER,YPPH,09:25,01:25,,,,,3h 45m,
2025-06-01,ID6007,BTK6007,Batik Air,Perth,PER,YPPH,09:25,01:25,09:30,5min late,12:54,20min early,3h 23m,Landed
2025-06-01,QG500,CTV500,Citilink,Dili,DIL,WPDL,09:30,01:30,09:28,2min early,12:25,5min late,1h 57m,Landed
2025-06-01,QZ803,AWQ803,Indonesia AirAsia,Jakarta,CGK,WIII,09:40,01:40,09:34,5min early,10:04,25min early,1h 30m,Landed
2025-06-01,QR965,QTR965,Qatar Airways,Doha,DOH,OTHH,09:55,01:55,10:22,27min late,14:09,10min early,8h 47m,Landed
2025-06-01,IW1882,WON1882,Wings Air,Sumbawa Besar,SWQ,WADS,10:00,02:00,10:36,36min late,12:54,54min late,2h 17m,Landed
2025-06-01,IU757,,SW Italia,Jakarta,CGK,WIII,10:00,02:00,,,,,1h 55m,
2025-06-01,JT270,LNI270,Lion Air,Kupang,KOE,WATT,10:00,02:00,10:07,7min late,11:29,10min early,1h 22m,Landed
2025-06-01,SU297,AFL297,Aeroflot,Moscow,SVO,UUEE,10:05,02:05,10:16,11min late,18:51,36min late,13h 35m,Landed
2025-06-01,SQ935,SIA935,Singapore Airlines,Singapore,SIN,WSSS,10:05,02:05,10:24,19min late,12:43,1min early,2h 19m,Landed
2025-06-01,8B5101,TNU5101,Business Air,Jakarta,CGK,WIII,10:25,02:25,10:51,26min late,11:22,7min late,1h 31m,Landed
2025-06-01,QZ815,AWQ815,Indonesia AirAsia,Jakarta,CGK,WIII,10:35,02:35,11:44,9min late,12:10,40min late,1h 26m,Landed
2025-06-01,JT23,LNI023,Lion Air,Jakarta,CGK,WIII,10:35,02:35,10:43,8min late,11:19,10min early,1h 35m,Landed
2025-06-01,AI2146,AIC2146,Air India,Delhi,DEL,VIDP,10:35,02:35,10:29,6min early,15:51,1min late,7h 52m,Landed
2025-06-01,TR281,TGW281,Scoot,Singapore,SIN,WSSS,10:50,02:50,11:19,29min late,13:30,on time,2h 11m,Landed
2025-06-01,JT927,LNI927,Lion Air,Surakarta,SOC,WAHQ,10:55,02:55,11:05,10min late,11:04,10min early,58m,Landed
2025-06-01,3K244,JSA244,Jetstar Asia,Singapore,SIN,WSSS,10:55,02:55,10:55,on time,13:15,24min early,2h 20m,Landed
2025-06-01,IU741,SJV741,SW Italia,Jakarta,CGK,WIII,11:05,03:05,11:31,26min late,11:58,1min early,1h 27m,Landed
2025-06-01,JT924,LNI924,Lion Air,Kupang,KOE,WATT,11:05,03:05,11:27,22min late,12:49,4min late,1h 22m,Landed
2025-06-01,JT805,LNI805,Lion Air,Surabaya,SUB,WARR,11:05,03:05,11:40,35min late,11:21,16min late,41m,Landed
2025-06-01,JQ126,JST126,Jetstar Airways,Adelaide,ADL,YPAD,11:15,03:15,12:09,54min late,18:12,42min late,4h 33m,Landed
2025-06-01,6E1606,IGO1606,IndiGo,Bangalore,BLR,VOBL,11:20,03:20,12:05,45min late,15:26,16min late,5h 50m,Landed
2025-06-01,GA427,GIA427,Garuda Indonesia,Jakarta,CGK,WIII,11:25,03:25,11:35,10min late,12:09,15min early,1h 34m,Landed
2025-06-01,QG9693,CTV9693,Citilink,Surabaya,SUB,WARR,11:35,03:35,13:27,52min late,11:36,8min early,,Landed
2025-06-01,OD309,MXD309,Malindo Air,Kuala Lumpur,KUL,WMKK,11:35,03:35,11:41,6min late,14:28,16min early,2h 46m,Landed
2025-06-01,JQ109,JST109,Jetstar Airways,Perth,PER,YPPH,11:40,03:40,12:17,37min late,15:38,13min late,3h 21m,Landed
2025-06-01,JQ32,JST032,Jetstar Airways,Melbourne,MEL,YMML,11:55,03:55,12:26,31min late,19:45,15min late,5h 19m,Landed
2025-06-01,JQ40,JST040,Jetstar Airways,Sydney,SYD,YSSY,11:55,03:55,12:49,54min late,20:05,15min late,5h 16m,Landed
2025-06-01,JT569,LNI569,Lion Air,Yogyakarta,YIA,WAHI,11:55,03:55,12:08,13min late,12:20,4min early,1h 11m,Landed
2025-06-01,OD192,MXD192,Malindo Air,Kuala Lumpur,KUL,WMKK,11:55,03:55,14:24,29min late,17:13,8min late,2h 49m,Landed
2025-06-01,FD397,AIQ397,Thai AirAsia,Bangkok,DMK,VTBD,12:00,04:00,15:10,10min late,17:49,14min late,3h 39m,Landed
2025-06-01,GA407,GIA407,Garuda Indonesia,Jakarta,CGK,WIII,12:00,04:00,12:12,12min late,12:50,4min early,1h 37m,Landed
2025-06-01,QZ618,AWQ618,Indonesia AirAsia,Banjarmasin,BDJ,WAOO,12:05,04:05,12:40,35min late,13:39,9min late,58m,Landed
2025-06-01,GA253,GIA253,Garuda Indonesia,Yogyakarta,YIA,WAHI,12:05,04:05,12:23,18min late,12:45,9min early,1h 22m,Landed
2025-06-01,SQ937,SIA937,Singapore Airlines,Singapore,SIN,WSSS,12:10,04:10,12:47,37min late,15:05,10min late,2h 17m,Landed
2025-06-01,GA620,GIA620,Garuda Indonesia,Makassar,UPG,WAAA,12:10,04:10,13:41,31min late,13:40,,1h 30m,Landed
2025-06-01,IU705,SJV705,SW Italia,Surabaya,SUB,WARR,12:15,04:15,12:52,37min late,12:30,15min late,38m,Landed
2025-06-01,OD178,MXD178,Malindo Air,Kuala Lumpur,KUL,WMKK,12:25,04:25,12:59,34min late,15:48,13min late,2h 48m,Landed
2025-06-01,D7795,XAX795,AirAsia X,Kuala Lumpur,KUL,WMKK,12:30,04:30,13:19,49min late,15:56,11min late,2h 36m,Landed
2025-06-01,QZ805,AWQ805,Indonesia AirAsia,Jakarta,CGK,WIII,12:40,04:40,12:53,13min late,13:32,7min early,1h 39m,Landed
2025-06-01,OD158,MXD158,Malindo Air,Kuala Lumpur,KUL,WMKK,12:45,04:45,14:06,21min late,16:41,46min late,2h 35m,Landed
2025-06-01,IW1848,WON1848,Wings Air,Lombok,LOP,WADL,12:45,04:45,14:11,26min late,14:34,4min late,22m,Landed
2025-06-01,ID7308,BTK7308,Batik Air,Jakarta,HLP,WIHH,12:50,04:50,13:39,49min late,13:54,19min late,1h 15m,Landed
2025-06-01,IP103,PAS103,Pelita Air Service,Jakarta,CGK,WIII,12:55,04:55,13:17,22min late,13:41,3min early,1h 24m,Landed
2025-06-01,MH714,MAS714,Malaysia Airlines,Kuala Lumpur,KUL,WMKK,12:55,04:55,14:07,12min late,17:04,4min late,2h 56m,Landed
2025-06-01,SQ939,SIA939,Singapore Airlines,Singapore,SIN,WSSS,13:05,05:05,13:53,48min late,16:01,11min late,2h 8m,Landed
2025-06-01,VJ900,VJC900,VietJet Air,Hanoi,HAN,VVNB,13:10,05:10,13:19,9min late,16:51,28min early,4h 32m,Landed
2025-06-01,IU753,SJV753,SW Italia,Jakarta,CGK,WIII,13:15,05:15,14:24,9min late,14:52,42min late,1h 28m,Landed
2025-06-01,JQ58,JST058,Jetstar Airways,Brisbane,BNE,YBBN,13:15,05:15,13:39,24min late,20:43,1min early,5h 4m,Landed
2025-06-01,OD172,MXD172,Malindo Air,Kuala Lumpur,KUL,WMKK,13:15,05:15,15:24,9min late,18:13,48min late,2h 49m,Landed
2025-06-01,IW1834,WON1834,Wings Air,Tambolaka,TMC,WADT,13:20,05:20,13:55,35min late,15:06,21min late,1h 10m,Landed
2025-06-01,JT660,LNI660,Lion Air,Balikpapan,BPN,WALL,13:25,05:25,13:59,34min late,15:20,10min late,1h 21m,Landed
2025-06-01,8G182,DTL182,Mid Africa Aviation,Dili,DIL,WPDL,13:25,05:25,13:48,23min late,16:27,7min late,1h 38m,Landed
2025-06-01,D7799,XAX799,AirAsia X,Kuala Lumpur,KUL,WMKK,13:35,05:35,14:07,32min late,16:34,15min early,2h 26m,Landed
2025-06-01,GA4094,GIA4094,Garuda Indonesia,Jakarta,CGK,WIII,13:36,05:36,13:38,2min late,14:10,4min late,1h 31m,Landed
2025-06-01,IW1826,WON1826,Wings Air,Bima,BMU,WADB,13:40,05:40,15:05,25min late,16:22,17min late,1h 16m,Landed
2025-06-01,QZ506,AWQ506,Indonesia AirAsia,Singapore,SIN,WSSS,13:45,05:45,14:25,40min late,16:57,17min late,2h 32m,Landed
2025-06-01,GA409,GIA409,Garuda Indonesia,Jakarta,CGK,WIII,13:45,05:45,14:10,25min late,14:57,12min late,1h 46m,Landed
2025-06-01,ID7135,BTK7135,Batik Air,Singapore,SIN,WSSS,13:45,05:45,14:44,59min late,17:06,26min late,2h 22m,Landed
2025-06-01,8B5107,TNU5107,Business Air,Jakarta,CGK,WIII,13:50,05:50,15:02,12min late,15:31,51min late,1h 29m,Landed
2025-06-01,TR289,TGW289,Scoot,Singapore,SIN,WSSS,14:00,06:00,14:59,59min late,17:15,15min late,2h 16m,Landed
2025-06-01,VJ848,VJC848,VietJet Air,Ho Chi Minh City,SGN,VVTS,14:00,06:00,14:35,35min late,16:45,4min early,3h 9m,Landed
2025-06-01,VJ894,VJC894,VietJet Air,Ho Chi Minh City,SGN,VVTS,14:05,06:05,15:10,5min late,17:24,29min late,3h 14m,Landed
2025-06-01,OD307,MXD307,Malindo Air,Kuala Lumpur,KUL,WMKK,14:10,06:10,15:18,8min late,17:58,48min late,2h 39m,Landed
2025-06-01,ID7637,BTK7637,Batik Air,Bangkok,DMK,VTBD,14:15,06:15,15:20,5min late,18:06,21min late,3h 45m,Landed
2025-06-01,QG699,CTV699,Citilink,Surabaya,SUB,WARR,14:20,06:20,17:26,6min late,15:30,5min late,,Landed
2025-06-01,JT844,LNI844,Lion Air,Banjarmasin,BDJ,WAOO,14:35,06:35,15:47,12min late,16:42,42min late,55m,Landed
2025-06-01,QG681,CTV681,Citilink,Jakarta,CGK,WIII,14:40,06:40,15:40,0min late,16:17,27min late,1h 36m,Landed
2025-06-01,IW1884,WON1884,Wings Air,Waingapu,WGP,WADW,14:40,06:40,16:16,36min late,16:36,6min late,19m,Landed
2025-06-01,JT919,LNI919,Lion Air,Surabaya,SUB,WARR,14:40,06:40,16:24,44min late,16:02,22min late,38m,Landed
2025-06-01,AK377,AXM377,AirAsia,Kuala Lumpur,KUL,WMKK,14:45,06:45,15:46,1min late,18:37,42min late,2h 50m,Landed
2025-06-01,3K242,JSA242,Jetstar Asia,Singapore,SIN,WSSS,14:50,06:50,15:21,31min late,17:44,5min early,2h 23m,Landed
2025-06-01,JQ44,JST044,Jetstar Airways,Melbourne,MEL,YMML,14:55,06:55,15:55,0min late,23:04,34min late,5h 8m,Landed
2025-06-01,JT271,LNI271,Lion Air,Semarang,SRG,WIIS,15:05,07:05,16:12,7min late,16:15,45min late,1h 3m,Landed
2025-06-01,QZ244,AWQ244,Indonesia AirAsia,Bangkok,DMK,VTBD,15:10,07:10,21:28,18min late,00:19,49min late,3h 50m,Landed
2025-06-01,8B5103,,TransNusa,Jakarta,CGK,WIII,15:10,07:10,,,,,1h 45m,
2025-06-01,IU759,SJV759,SW Italia,Jakarta,CGK,WIII,15:15,07:15,16:15,0min late,16:47,37min late,1h 31m,Landed
2025-06-01,VA50,VOZ050,Virgin Australia,Brisbane,BNE,YBBN,15:15,07:15,15:27,12min late,23:28,28min late,6h 1m,Landed
2025-06-01,GA842,GIA842,Garuda Indonesia,Singapore,SIN,WSSS,15:15,07:15,15:55,40min late,18:24,24min late,2h 29m,Landed
2025-06-01,GA7036,GIA7036,Garuda Indonesia,Labuan Bajo,LBJ,WATO,15:25,07:25,17:26,1min late,18:23,48min late,57m,Landed
2025-06-01,JT740,LNI740,Lion Air,Makassar,UPG,WAAA,15:25,07:25,16:46,21min late,17:50,5min late,1h 3m,Landed
2025-06-01,VJ898,VJC898,VietJet Air,Ho Chi Minh City,SGN,VVTS,15:30,07:30,16:43,13min late,19:31,11min late,3h 47m,Landed
2025-06-01,ID6335,BTK6335,Batik Air,Labuan Bajo,LBJ,WATO,15:35,07:35,16:40,5min late,17:36,51min late,55m,Landed
2025-06-01,JT961,LNI961,Lion Air,Medan,KNO,WIMM,15:40,07:40,17:02,22min late,18:59,44min late,2h 57m,Landed
2025-06-01,CI772,CAL772,China Airlines,Taipei,TPE,RCTP,15:40,07:40,15:55,15min late,21:40,35min late,5h 45m,Landed
2025-06-01,JT21,LNI021,Lion Air,Jakarta,CGK,WIII,15:45,07:45,17:50,5min late,18:19,39min late,1h 29m,Landed
2025-06-01,IP109,PAS109,Pelita Air Service,Jakarta,CGK,WIII,15:45,07:45,15:59,14min late,16:51,16min late,1h 52m,Landed
2025-06-01,QZ646,AWQ646,Indonesia AirAsia,Labuan Bajo,LBJ,WATO,15:45,07:45,16:47,2min late,17:43,43min late,56m,Landed
2025-06-01,VA92,VOZ092,Virgin Australia,Melbourne,MEL,YMML,15:50,07:50,16:34,44min late,23:49,24min late,5h 15m,Landed
2025-06-01,QG195,CTV195,Citilink,Jakarta,HLP,WIHH,15:50,07:50,16:42,52min late,17:25,45min late,1h 43m,Landed
2025-06-01,VN640,HVN640,Vietnam Airlines,Ho Chi Minh City,SGN,VVTS,16:00,08:00,16:54,54min late,19:53,13min late,3h 59m,Landed
2025-06-01,QG669,CTV669,Citilink,Surabaya,SUB,WARR,16:10,08:10,16:27,17min late,16:05,14min early,38m,Landed
2025-06-01,QZ807,AWQ807,Indonesia AirAsia,Jakarta,CGK,WIII,16:10,08:10,17:34,24min late,18:19,4min late,1h 45m,Landed
2025-06-01,CX784,CPA784,Cathay Pacific,Hong Kong,HKG,VHHH,16:10,08:10,16:18,8min late,21:18,6min early,5h 0m,Landed
2025-06-01,IU787,SJV787,SW Italia,Majalengka,KJT,WICA,16:15,08:15,17:38,23min late,17:57,57min late,1h 18m,Landed
2025-06-01,QZ536,AWQ536,Indonesia AirAsia,Perth,PER,YPPH,16:15,08:15,17:39,24min late,21:03,53min late,3h 24m,Landed
2025-06-01,JT925,LNI925,Lion Air,Surakarta,SOC,WAHQ,16:25,08:25,17:00,35min late,16:58,13min late,58m,Landed
2025-06-01,MH850,MAS850,Malaysia Airlines,Kuala Lumpur,KUL,WMKK,16:25,08:25,17:27,2min late,20:08,33min late,2h 40m,Landed
2025-06-01,BR256,EVA256,EVA Airways,Taipei,TPE,RCTP,16:30,08:30,16:32,2min late,22:25,25min late,5h 53m,Landed
2025-06-01,JT744,LNI744,Lion Air,Makassar,UPG,WAAA,16:40,08:40,18:27,47min late,19:29,29min late,1h 2m,Landed
2025-06-01,QZ642,AWQ642,Indonesia AirAsia,Labuan Bajo,LBJ,WATO,16:45,08:45,17:21,36min late,18:13,13min late,52m,Landed
2025-06-01,IU273,SJV273,SW Italia,Pontianak,PNK,WIOO,16:50,08:50,18:35,45min late,19:16,26min late,1h 40m,Landed
2025-06-01,JT567,LNI567,Lion Air,Yogyakarta,YIA,WAHI,16:50,08:50,18:06,16min late,18:17,57min late,1h 10m,Landed
2025-06-01,HO1356,DKH1356,Juneyao Airlines,Shanghai,PVG,ZSPD,16:50,08:50,18:29,39min late,00:38,58min late,6h 9m,Landed
2025-06-01,TG432,THA432,Thai Airways International,Bangkok,BKK,VTBS,16:55,08:55,17:13,18min late,20:11,6min late,3h 58m,Landed
2025-06-01,QZ556,AWQ556,Indonesia AirAsia,Kuala Lumpur,KUL,WMKK,16:55,08:55,17:37,42min late,20:09,on time,2h 32m,Landed
2025-06-01,JT923,LNI923,Lion Air,Surabaya,SUB,WARR,17:05,09:05,18:26,21min late,18:04,59min late,38m,Landed
2025-06-01,VJ998,VJC998,VietJet Air,Hanoi,HAN,VVNB,17:30,09:30,18:03,33min late,21:35,9min early,4h 32m,Landed
2025-06-01,IU723,,SW Italia,Surabaya,SUB,WARR,17:30,09:30,,,,,1h 0m,
2025-06-01,GA349,GIA349,Garuda Indonesia,Surabaya,SUB,WARR,17:35,09:35,17:56,21min late,17:37,7min early,41m,Landed
2025-06-01,D7793,XAX793,AirAsia X,Kuala Lumpur,KUL,WMKK,17:40,09:40,18:08,28min late,20:54,on time,2h 45m,Landed
2025-06-01,GA419,GIA419,Garuda Indonesia,Jakarta,CGK,WIII,17:50,09:50,18:28,38min late,19:04,14min late,1h 36m,Landed
2025-06-01,NZ291,ANZ291,Air New Zealand,Auckland,AKL,NZAA,17:50,09:50,17:58,8min late,05:31,1min late,7h 33m,Landed
2025-06-01,OD193,MXD193,Malindo Air,Perth,PER,YPPH,18:10,10:10,23:02,52min late,02:26,41min late,3h 24m,Landed
2025-06-01,SL259,TLM259,Thai Lion Air,Bangkok,DMK,VTBD,18:20,10:20,19:04,44min late,21:47,7min late,3h 43m,Landed
2025-06-01,IN281,LKN281,Nam Air,Jakarta,CGK,WIII,18:30,10:30,19:19,49min late,19:53,43min late,1h 34m,Landed
2025-06-01,IU737,SJV737,SW Italia,Jakarta,CGK,WIII,18:30,10:30,19:53,23min late,20:25,0min late,1h 31m,Landed
2025-06-01,GA417,GIA417,Garuda Indonesia,Jakarta,CGK,WIII,18:40,10:40,18:43,3min late,19:36,3min early,1h 52m,Landed
2025-06-01,EY477,ETD477,Etihad Airways,Abu Dhabi,AUH,OMAA,18:45,10:45,18:56,11min late,23:01,28min early,8h 5m,Landed
2025-06-01,CX782,CPA782,Cathay Pacific,Hong Kong,HKG,VHHH,18:45,10:45,18:47,2min late,23:37,27min early,4h 50m,Landed
2025-06-01,8B5109,TNU5109,Business Air,Jakarta,CGK,WIII,18:45,10:45,20:10,25min late,20:50,20min late,1h 39m,Landed
2025-06-01,QZ809,AWQ809,Indonesia AirAsia,Jakarta,CGK,WIII,18:50,10:50,19:09,19min late,19:38,6min early,1h 29m,Landed
2025-06-01,TG440,THA440,Thai Airways International,Bangkok,BKK,VTBS,19:00,11:00,19:13,13min late,22:02,7min early,3h 48m,Landed
2025-06-01,QG689,CTV689,Citilink,Jakarta,CGK,WIII,19:00,11:00,18:56,3min early,19:43,16min early,1h 46m,Landed
2025-06-01,AK379,AXM379,AirAsia,Kuala Lumpur,KUL,WMKK,19:15,11:15,19:21,6min late,22:07,12min early,2h 46m,Landed
2025-06-01,3K246,JSA246,Jetstar Asia,Singapore,SIN,WSSS,19:15,11:15,19:11,4min early,21:43,16min early,2h 32m,Landed
2025-06-01,QG197,CTV197,Citilink,Jakarta,HLP,WIHH,19:15,11:15,19:25,10min late,19:44,20min early,1h 19m,Landed
2025-06-01,MH852,MAS852,Malaysia Airlines,Kuala Lumpur,KUL,WMKK,19:20,11:20,19:24,4min late,22:16,3min early,2h 52m,Landed
2025-06-01,QR963,QTR963,Qatar Airways,Doha,DOH,OTHH,19:20,11:20,19:24,4min late,23:04,35min early,8h 40m,Landed
2025-06-01,ID7310,BTK7310,Batik Air,Jakarta,HLP,WIHH,19:25,11:25,19:53,28min late,20:12,2min late,1h 19m,Landed
2025-06-01,IU755,,SW Italia,Jakarta,CGK,WIII,19:25,11:25,,,,,1h 55m,
2025-06-01,TR287,TGW287,Scoot,Singapore,SIN,WSSS,19:40,11:40,20:18,38min late,22:41,26min late,2h 22m,Landed
2025-06-01,8B961,,TransNusa,Guangzhou,CAN,ZGGG,19:45,11:45,,,,,5h 15m,
2025-06-01,EK369,UAE369,Emirates,Dubai,DXB,OMDB,19:45,11:45,20:08,23min late,00:26,23min early,8h 17m,Landed
2025-06-01,ID6413,BTK6413,Batik Air,Surabaya,SUB,WARR,19:50,11:50,21:15,25min late,20:51,1min late,35m,Landed
2025-06-01,ID8517,BTK8517,Batik Air,Jakarta,CGK,WIII,20:00,12:00,20:23,23min late,20:52,2min early,1h 28m,Landed
2025-06-01,SQ945,SIA945,Singapore Airlines,Singapore,SIN,WSSS,20:00,12:00,20:12,12min late,22:24,15min early,2h 12m,Landed
2025-06-01,GA415,GIA415,Garuda Indonesia,Jakarta,CGK,WIII,20:00,12:00,20:12,12min late,20:49,10min early,1h 37m,Landed
2025-06-01,8B969,TNU969,Business Air,Guangzhou,CAN,ZGGG,20:15,12:15,20:12,3min early,20:12,47min early,0m,Landed
2025-06-01,IU749,,SW Italia,Jakarta,CGK,WIII,20:25,12:25,,,,,1h 55m,
2025-06-01,KL836,KLM836,KLM Royal Dutch Airlines,Singapore,SIN,WSSS,20:35,12:35,20:59,24min late,23:03,6min early,2h 4m,Landed
2025-06-01,QG342,CTV342,Citilink,Makassar,UPG,WAAA,20:50,12:50,21:25,35min late,22:33,8min late,1h 7m,Landed
2025-06-01,IU727,SJV727,SW Italia,Surabaya,SUB,WARR,20:55,12:55,21:53,58min late,21:25,30min late,32m,Landed
2025-06-01,JT25,LNI025,Lion Air,Jakarta,CGK,WIII,21:00,13:00,21:21,21min late,21:54,on time,1h 32m,Landed
2025-06-01,OD177,MXD177,Malindo Air,Melbourne,MEL,YMML,21:00,13:00,21:22,22min late,04:37,2min early,5h 15m,Landed
2025-06-01,GA425,GIA425,Garuda Indonesia,Jakarta,CGK,WIII,21:05,13:05,21:05,on time,21:39,20min early,1h 33m,Landed
2025-06-01,JQ34,JST034,Jetstar Airways,Melbourne,MEL,YMML,21:20,13:20,21:31,11min late,04:40,14min early,5h 9m,Landed
2025-06-01,AK375,AXM375,AirAsia,Kuala Lumpur,KUL,WMKK,21:25,13:25,22:14,49min late,00:54,24min late,2h 40m,Landed
2025-06-01,IP105,PAS105,Pelita Air Service,Jakarta,CGK,WIII,21:25,13:25,21:39,14min late,22:08,1min early,1h 29m,Landed
2025-06-01,ID6760,BTK6760,Batik Air,Makassar,UPG,WAAA,21:30,13:30,21:41,11min late,22:42,7min early,1h 1m,Landed
2025-06-01,IU745,SJV745,SW Italia,Jakarta,CGK,WIII,21:30,13:30,23:41,11min late,00:12,47min late,1h 31m,Landed
2025-06-01,JQ117,JST117,Jetstar Airways,Perth,PER,YPPH,21:30,13:30,21:59,29min late,01:15,4min early,3h 16m,Landed
2025-06-01,QZ819,AWQ819,Indonesia AirAsia,Jakarta,CGK,WIII,21:40,13:40,21:51,11min late,22:18,11min early,1h 27m,Landed
2025-06-01,SQ947,SIA947,Singapore Airlines,Singapore,SIN,WSSS,21:45,13:45,22:12,27min late,00:19,on time,2h 6m,Landed
2025-06-01,QZ546,AWQ546,Indonesia AirAsia,Perth,PER,YPPH,21:55,13:55,19:22,32min early,01:38,1min early,6h 16m,Landed
2025-06-01,OD157,MXD157,Malindo Air,Brisbane,BNE,YBBN,22:00,14:00,00:20,20min late,07:48,58min late,5h 27m,Landed
2025-06-01,GA718,GIA718,Garuda Indonesia,Melbourne,MEL,YMML,22:05,14:05,22:26,21min late,00:26,3min early,0m,Landed
2025-06-01,QG9695,CTV9695,Citilink,Surabaya,SUB,WARR,22:10,14:10,22:45,35min late,22:31,16min late,46m,Landed
2025-06-01,QF44,QFA044,Qantas,Sydney,SYD,YSSY,22:10,14:10,22:37,27min late,06:20,15min late,5h 43m,Landed
2025-06-01,OD171,MXD171,Malindo Air,Sydney,SYD,YSSY,22:15,14:15,22:20,5min late,06:01,3min early,5h 40m,Landed
2025-06-01,QG9696,CTV9696,Citilink,Surabaya,SUB,WARR,22:30,14:30,23:00,30min late,22:44,14min late,43m,Landed
2025-06-01,JQ38,JST038,Jetstar Airways,Sydney,SYD,YSSY,22:35,14:35,22:36,on time,06:09,20min early,5h 33m,Landed
2025-06-01,7C2712,JJA2712,Jeju Air,Seoul,ICN,RKSI,22:45,14:45,23:06,21min late,07:16,6min late,7h 10m,Landed
2025-06-01,QZ811,AWQ811,Indonesia AirAsia,Jakarta,CGK,WIII,22:50,14:50,00:31,41min late,00:58,18min late,1h 27m,Landed
2025-06-01,QG661,CTV661,Citilink,Jakarta,CGK,WIII,23:00,15:00,23:42,42min late,00:28,33min late,1h 46m,Landed
2025-06-01,JT3020,,Lion Air,Seoul,ICN,RKSI,23:05,15:05,23:05,on time,07:12,2min late,7h 7m,Landed
2025-06-01,QF46,QFA046,Qantas,Melbourne,MEL,YMML,23:05,15:05,00:13,8min late,06:52,12min late,4h 38m,Landed
2025-06-01,VA96,VOZ096,Virgin Australia,Melbourne,MEL,YMML,23:05,15:05,23:13,8min late,06:44,4min late,5h 31m,Landed
2025-06-01,VA82,VOZ082,Virgin Australia,Gold Coast,OOL,YBCG,23:20,15:20,23:27,7min late,07:03,8min late,5h 36m,Landed
2025-06-01,GA714,GIA714,Garuda Indonesia,Sydney,SYD,YSSY,23:25,15:25,00:21,56min late,08:02,52min late,5h 41m,Landed
2025-06-01,3K240,JSA240,Jetstar Asia,Singapore,SIN,WSSS,23:25,15:25,23:45,20min late,01:54,15min early,2h 9m,Landed
2025-06-01,JQ36,JST036,Jetstar Airways,Melbourne,MEL,YMML,23:30,15:30,00:11,41min late,07:16,11min late,5h 5m,Landed
2025-06-01,QG9691,CTV9691,Citilink,Jakarta,CGK,WIII,23:35,15:35,23:43,8min late,00:13,21min early,1h 29m,Landed
2025-06-01,VA68,VOZ068,Virgin Australia,Sydney,SYD,YSSY,23:35,15:35,08:48,13min late,07:59,14min late,,Landed
2025-06-01,QZ542,AWQ542,Indonesia AirAsia,Cairns,CNS,YBCS,23:45,15:45,23:57,12min late,06:18,16min early,4h 21m,Landed
2025-06-01,KE634,KAL634,Korean Air Lines,Seoul,ICN,RKSI,23:45,15:45,23:49,4min late,07:46,8min early,6h 57m,Landed
2025-06-01,JQ128,JST128,Jetstar Airways,Adelaide,ADL,YPAD,23:55,15:55,00:57,2min late,06:52,42min late,4h 25m,Landed
2025-06-02,BX602,ABL602,Air Busan,Busan,PUS,RKPK,00:05,16:05,00:31,26min late,07:58,11min early,6h 27m,Landed
2025-06-02,GA880,GIA880,Garuda Indonesia,Tokyo,NRT,RJAA,00:20,16:20,00:21,1min late,08:48,1min early,7h 26m,Landed
2025-06-02,CZ626,CSN626,China Southern Airlines,Guangzhou,CAN,ZGGG,00:30,16:30,00:47,17min late,05:52,2min late,5h 5m,Landed
2025-06-02,MF892,CXA892,Xiamen Airlines,Xiamen,XMN,ZSAM,00:30,16:30,00:24,6min early,06:02,2min early,5h 38m,Landed
2025-06-02,QR961,QTR961,Qatar Airways,Doha,DOH,OTHH,00:35,16:35,00:34,on time,04:28,26min early,8h 53m,Landed
2025-06-02,EK399,UAE399,Emirates,Dubai,DXB,OMDB,00:35,16:35,00:36,1min late,05:29,5min early,8h 52m,Landed
2025-06-02,KE630,KAL630,Korean Air Lines,Seoul,ICN,RKSI,00:50,16:50,01:01,11min late,08:31,48min early,6h 30m,Landed
2025-06-02,PR538,PAL538,Philippine Airlines,Manila,MNL,RPLL,00:55,16:55,01:00,5min late,04:43,6min early,3h 43m,Landed
2025-06-02,MU5030,CES5030,China Eastern Airlines,Shanghai,PVG,ZSPD,00:55,16:55,00:43,12min early,06:49,10min early,6h 6m,Landed
2025-06-02,JQ91,JST091,Jetstar Airways,Cairns,CNS,YBCS,00:55,16:55,03:50,55min late,07:57,32min late,2h 6m,Landed
2025-06-02,5J282,CEB282,CEBU Pacific Air,Manila,MNL,RPLL,01:00,17:00,00:57,3min early,04:41,43min early,3h 44m,Landed
2025-06-02,QZ548,AWQ548,Indonesia AirAsia,Perth,PER,YPPH,01:05,17:05,00:27,37min early,03:51,3min early,3h 24m,Landed
2025-06-02,GA870,GIA870,Garuda Indonesia,Seoul,ICN,RKSI,01:15,17:15,01:13,1min early,09:07,7min early,6h 54m,Landed
2025-06-02,8B5888,TNU5888,Business Air,Manado,MDC,WAMM,01:50,17:50,01:48,1min early,04:02,22min early,2h 13m,Landed
2025-06-02,GA401,GIA401,Garuda Indonesia,Jakarta,CGK,WIII,07:00,23:00,07:10,10min late,07:42,17min early,1h 32m,Landed
2025-06-02,JT929,,Lion Air,Surabaya,SUB,WARR,07:00,23:00,,,,,1h 0m,Cancelled
2025-06-02,JT944,,Lion Air,Makassar,UPG,WAAA,07:00,23:00,,,,,1h 20m,
2025-06-02,JT3569,LNI3569,Lion Air,Yogyakarta,YIA,WAHI,07:00,23:00,07:19,19min late,07:27,2min early,1h 7m,Landed
2025-06-02,QZ550,,Indonesia AirAsia,Kuala Lumpur,KUL,WMKK,07:00,23:00,,,,,3h 0m,Cancelled
2025-06-02,JT856,,Lion Air,Surabaya,SUB,WARR,07:00,23:00,,,,,1h 1m,
2025-06-02,JQ82,JST082,Jetstar Airways,Darwin,DRW,YPDN,07:00,23:00,07:16,16min late,11:05,9min early,2h 19m,Landed
2025-06-02,JT746,LNI746,Lion Air,Makassar,UPG,WAAA,07:00,23:00,07:21,21min late,08:24,4min late,1h 3m,Landed
2025-06-02,QG690,CTV690,Citilink,Surabaya,SUB,WARR,07:05,23:05,07:24,19min late,07:02,2min early,38m,Landed
2025-06-02,QZ534,AWQ534,Indonesia AirAsia,Perth,PER,YPPH,07:05,23:05,07:14,9min late,10:39,20min early,3h 24m,Landed
2025-06-02,QZ644,AWQ644,Indonesia AirAsia,Labuan Bajo,LBJ,WATO,07:10,23:10,07:06,3min early,07:57,17min early,51m,Landed
2025-06-02,SQ949,SIA949,Singapore Airlines,Singapore,SIN,WSSS,07:10,23:10,07:27,17min late,09:38,21min early,2h 10m,Landed
2025-06-02,QZ502,AWQ502,Indonesia AirAsia,Singapore,SIN,WSSS,07:10,23:10,08:06,56min late,10:17,27min late,2h 10m,Landed
2025-06-02,QG663,CTV663,Citilink,Jakarta,CGK,WIII,07:30,23:30,08:10,40min late,08:39,14min late,1h 29m,Landed
2025-06-02,IW1854,WON1854,Wings Air,Lombok,LOP,WADL,08:00,00:00,08:13,13min late,08:36,8min early,22m,Landed
2025-06-02,IW3330,WON3330,Wings Air,,,,08:00,00:00,08:02,2min late,10:35,4min early,2h 33m,Landed
2025-06-02,IU731,SJV731,SW Italia,Jakarta,CGK,WIII,08:05,00:05,08:50,45min late,09:19,19min late,1h 28m,Landed
2025-06-02,HX706,CRK706,Hong Kong Airlines,Hong Kong,HKG,VHHH,08:15,00:15,08:19,4min late,13:15,4min early,4h 56m,Landed
2025-06-02,IW1850,WON1850,Wings Air,Lombok,LOP,WADL,08:35,00:35,08:59,24min late,10:48,28min late,1h 48m,Landed
2025-06-02,5J280,CEB280,CEBU Pacific Air,Manila,MNL,RPLL,08:35,00:35,10:29,54min late,12:53,3min late,2h 24m,Landed
2025-06-02,IU703,SJV703,SW Italia,Surabaya,SUB,WARR,08:40,00:40,08:58,18min late,08:35,4min early,36m,Landed
2025-06-02,CZ8482,CSN8482,China Southern Airlines,Guangzhou,CAN,ZGGG,08:40,00:40,08:53,13min late,13:43,6min early,4h 50m,Landed
2025-06-02,QZ504,AWQ504,Indonesia AirAsia,Singapore,SIN,WSSS,09:00,01:00,09:02,2min late,11:21,23min early,2h 19m,Landed
2025-06-02,IU751,,SW Italia,Jakarta,CGK,WIII,09:05,01:05,,,,,1h 55m,Cancelled
2025-06-02,8B80,TNU080,Business Air,Perth,PER,YPPH,09:05,01:05,09:13,8min late,12:34,20min early,3h 21m,Landed
2025-06-02,8B5105,TNU5105,Business Air,Jakarta,CGK,WIII,09:10,01:10,09:37,27min late,10:09,9min late,1h 31m,Landed
2025-06-02,IN640,LKN640,Nam Air,Tambolaka,TMC,WADT,09:10,01:10,09:22,12min late,10:05,4min early,42m,Landed
2025-06-02,IW1832,WON1832,Wings Air,Tambolaka,TMC,WADT,09:10,01:10,09:26,16min late,10:37,2min late,1h 10m,Landed
2025-06-02,ID6007,BTK6007,Batik Air,Perth,PER,YPPH,09:25,01:25,09:39,14min late,09:40,34min early,0m,Landed
2025-06-02,QG500,CTV500,Citilink,Dili,DIL,WPDL,09:30,01:30,09:24,5min early,12:19,on time,1h 54m,Landed
2025-06-02,QZ803,AWQ803,Indonesia AirAsia,Jakarta,CGK,WIII,09:40,01:40,09:51,11min late,10:19,10min early,1h 27m,Landed
2025-06-02,QR965,QTR965,Qatar Airways,Doha,DOH,OTHH,09:55,01:55,10:03,8min late,14:06,13min early,9h 3m,Landed
2025-06-02,IW1882,WON1882,Wings Air,Sumbawa Besar,SWQ,WADS,10:00,02:00,10:33,33min late,11:16,16min late,42m,Landed
2025-06-02,IU757,SJV757,SW Italia,Jakarta,CGK,WIII,10:00,02:00,10:48,48min late,11:18,23min late,1h 30m,Landed
2025-06-02,JT273,LNI273,Lion Air,Semarang,SRG,WIIS,10:00,02:00,10:04,4min late,10:08,16min early,1h 4m,Landed
2025-06-02,SQ935,SIA935,Singapore Airlines,Singapore,SIN,WSSS,10:05,02:05,10:20,15min late,12:38,6min early,2h 18m,Landed
2025-06-02,8B5101,TNU5101,Business Air,Jakarta,CGK,WIII,10:25,02:25,11:56,31min late,12:27,12min late,1h 31m,Landed
2025-06-02,JT3023,,Lion Air,Jakarta,CGK,WIII,10:35,02:35,,,,,1h 55m,
2025-06-02,QZ815,AWQ815,Indonesia AirAsia,Jakarta,CGK,WIII,10:35,02:35,10:36,1min late,11:08,21min early,1h 31m,Landed
2025-06-02,AI2146,AIC2146,Air India,Delhi,DEL,VIDP,10:35,02:35,10:34,on time,15:29,20min early,7h 25m,Landed
2025-06-02,8G182,DTL182,Mid Africa Aviation,Dili,DIL,WPDL,10:35,02:35,11:26,51min late,14:12,42min late,1h 46m,Landed
2025-06-02,TR281,TGW281,Scoot,Singapore,SIN,WSSS,10:50,02:50,10:50,on time,13:20,9min early,2h 29m,Landed
2025-06-02,JT927,LNI927,Lion Air,Surakarta,SOC,WAHQ,10:55,02:55,11:12,17min late,11:11,3min early,58m,Landed
2025-06-02,3K244,JSA244,Jetstar Asia,Singapore,SIN,WSSS,10:55,02:55,11:03,8min late,13:26,13min early,2h 22m,Landed
2025-06-02,JT924,LNI924,Lion Air,Kupang,KOE,WATT,11:05,03:05,11:23,18min late,12:38,6min early,1h 15m,Landed
2025-06-02,JT805,LNI805,Lion Air,Surabaya,SUB,WARR,11:05,03:05,11:38,33min late,11:20,15min late,42m,Landed
2025-06-02,IU741,SJV741,SW Italia,Jakarta,CGK,WIII,11:05,03:05,11:19,14min late,11:46,13min early,1h 26m,Landed
2025-06-02,JQ126,JST126,Jetstar Airways,Adelaide,ADL,YPAD,11:15,03:15,11:31,16min late,17:27,2min early,4h 26m,Landed
2025-06-02,6E1606,IGO1606,IndiGo,Bangalore,BLR,VOBL,11:20,03:20,11:33,13min late,14:58,11min early,5h 55m,Landed
2025-06-02,QZ780,AWQ780,Indonesia AirAsia,Balikpapan,BPN,WALL,11:25,03:25,11:34,9min late,13:03,1min early,1h 29m,Landed
2025-06-02,OD309,MXD309,Malindo Air,Kuala Lumpur,KUL,WMKK,11:35,03:35,11:43,8min late,14:25,19min early,2h 41m,Landed
2025-06-02,QG9693,CTV9693,Citilink,Surabaya,SUB,WARR,11:35,03:35,11:35,on time,11:22,22min early,47m,Landed
2025-06-02,JQ109,JST109,Jetstar Airways,Perth,PER,YPPH,11:40,03:40,12:05,25min late,15:24,on time,3h 19m,Landed
2025-06-02,JQ32,JST032,Jetstar Airways,Melbourne,MEL,YMML,11:55,03:55,12:21,26min late,19:36,6min late,5h 15m,Landed
2025-06-02,OD192,MXD192,Malindo Air,Kuala Lumpur,KUL,WMKK,11:55,03:55,12:25,30min late,15:02,2min early,2h 37m,Landed
2025-06-02,JT569,LNI569,Lion Air,Yogyakarta,YIA,WAHI,11:55,03:55,16:40,45min late,16:48,23min late,1h 7m,Landed
2025-06-02,FD397,AIQ397,Thai AirAsia,Bangkok,DMK,VTBD,12:00,04:00,12:20,20min late,15:24,10min early,4h 4m,Landed
2025-06-02,GA407,GIA407,Garuda Indonesia,Jakarta,CGK,WIII,12:00,04:00,12:01,1min late,12:46,8min early,1h 45m,Landed
2025-06-02,GA253,GIA253,Garuda Indonesia,Yogyakarta,YIA,WAHI,12:05,04:05,12:48,43min late,12:55,on time,1h 7m,Landed
2025-06-02,SQ937,SIA937,Singapore Airlines,Singapore,SIN,WSSS,12:10,04:10,12:20,10min late,14:24,30min early,2h 3m,Landed
2025-06-02,IU705,SJV705,SW Italia,Surabaya,SUB,WARR,12:15,04:15,12:34,19min late,12:17,2min late,42m,Landed
2025-06-02,JQ40,JST040,Jetstar Airways,Sydney,SYD,YSSY,12:20,04:20,12:53,33min late,20:17,2min late,5h 24m,Landed
2025-06-02,OD178,MXD178,Malindo Air,Kuala Lumpur,KUL,WMKK,12:25,04:25,12:50,25min late,15:24,10min early,2h 34m,Landed
2025-06-02,IW1848,WON1848,Wings Air,Lombok,LOP,WADL,12:45,04:45,12:59,14min late,13:21,8min early,22m,Landed
2025-06-02,OD158,MXD158,Malindo Air,Kuala Lumpur,KUL,WMKK,12:45,04:45,15:02,17min late,17:59,4min late,2h 56m,Landed
2025-06-02,ID7308,BTK7308,Batik Air,Jakarta,HLP,WIHH,12:50,04:50,13:06,16min late,13:22,12min early,1h 15m,Landed
2025-06-02,MH714,MAS714,Malaysia Airlines,Kuala Lumpur,KUL,WMKK,12:55,04:55,13:29,34min late,16:01,1min late,2h 32m,Landed
2025-06-02,IP103,PAS103,Pelita Air Service,Jakarta,CGK,WIII,12:55,04:55,12:51,3min early,13:27,17min early,1h 36m,Landed
2025-06-02,SQ939,SIA939,Singapore Airlines,Singapore,SIN,WSSS,13:05,05:05,13:25,20min late,15:31,18min early,2h 5m,Landed
2025-06-02,VJ900,VJC900,VietJet Air,Hanoi,HAN,VVNB,13:10,05:10,13:12,2min late,16:55,24min early,4h 43m,Landed
2025-06-02,OD172,MXD172,Malindo Air,Kuala Lumpur,KUL,WMKK,13:15,05:15,13:21,6min late,16:09,15min early,2h 47m,Landed
2025-06-02,JQ58,JST058,Jetstar Airways,Brisbane,BNE,YBBN,13:15,05:15,13:58,43min late,21:04,19min late,5h 6m,Landed
2025-06-02,IU753,,SW Italia,Jakarta,CGK,WIII,13:15,05:15,,,,,1h 55m,Cancelled
2025-06-02,JT770,LNI770,Lion Air,Manado,MDC,WAMM,13:20,05:20,16:20,0min late,18:34,34min late,2h 13m,Landed
2025-06-02,IW1834,WON1834,Wings Air,Tambolaka,TMC,WADT,13:20,05:20,13:36,16min late,14:47,2min late,1h 11m,Landed
2025-06-02,JT660,LNI660,Lion Air,Balikpapan,BPN,WALL,13:25,05:25,13:39,14min late,14:56,13min early,1h 17m,Landed
2025-06-02,D7799,XAX799,AirAsia X,Kuala Lumpur,KUL,WMKK,13:35,05:35,13:59,24min late,16:28,21min early,2h 28m,Landed
2025-06-02,IW1826,WON1826,Wings Air,Bima,BMU,WADB,13:40,05:40,14:06,26min late,15:12,7min late,1h 5m,Landed
2025-06-02,GA409,GIA409,Garuda Indonesia,Jakarta,CGK,WIII,13:45,05:45,15:20,35min late,15:51,6min late,1h 31m,Landed
2025-06-02,ID7135,BTK7135,Batik Air,Singapore,SIN,WSSS,13:45,05:45,14:37,52min late,16:51,11min late,2h 14m,Landed
2025-06-02,QZ506,AWQ506,Indonesia AirAsia,Singapore,SIN,WSSS,13:45,05:45,14:03,18min late,16:20,19min early,2h 17m,Landed
2025-06-02,8B5107,TNU5107,TransNusa,Jakarta,CGK,WIII,13:50,05:50,20:56,6min late,21:17,37min late,1h 21m,Landed
2025-06-02,QZ544,AWQ544,Indonesia AirAsia,Perth,PER,YPPH,13:55,05:55,14:58,3min late,18:30,35min late,3h 31m,Landed
2025-06-02,QG687,CTV687,Citilink,Jakarta,CGK,WIII,13:55,05:55,14:23,28min late,14:58,3min late,1h 35m,Landed
2025-06-02,IW1964,WON1964,Wings Air,Lombok,LOP,WADL,13:55,05:55,14:15,20min late,14:44,4min late,28m,Landed
2025-06-02,TR289,TGW289,Scoot,Singapore,SIN,WSSS,14:00,06:00,14:31,31min late,16:38,21min early,2h 7m,Landed
2025-06-02,VJ848,VJC848,VietJet Air,Ho Chi Minh City,SGN,VVTS,14:00,06:00,14:50,50min late,17:15,25min late,3h 24m,Landed
2025-06-02,VJ894,VJC894,VietJet Air,Ho Chi Minh City,SGN,VVTS,14:05,06:05,14:32,27min late,16:50,4min early,3h 18m,Landed
2025-06-02,IU735,,SW Italia,Jakarta,CGK,WIII,14:05,06:05,,,,,2h 5m,Cancelled
2025-06-02,ID7637,BTK7637,Batik Air,Bangkok,DMK,VTBD,14:15,06:15,16:05,50min late,19:01,16min late,3h 55m,Landed
2025-06-02,QG699,CTV699,Citilink,Surabaya,SUB,WARR,14:20,06:20,14:52,32min late,14:58,33min late,1h 6m,Landed
2025-06-02,JT844,LNI844,Lion Air,Banjarmasin,BDJ,WAOO,14:35,06:35,15:46,11min late,17:00,0min late,1h 13m,Landed
2025-06-02,QG681,CTV681,Citilink,Jakarta,CGK,WIII,14:40,06:40,15:11,31min late,15:57,7min late,1h 45m,Landed
2025-06-02,JT919,LNI919,Lion Air,Surabaya,SUB,WARR,14:40,06:40,15:44,4min late,15:20,40min late,36m,Landed
2025-06-02,IW1884,WON1884,Wings Air,Waingapu,WGP,WADW,14:40,06:40,15:52,12min late,17:16,46min late,1h 23m,Landed
2025-06-02,AK377,AXM377,AirAsia,Kuala Lumpur,KUL,WMKK,14:45,06:45,15:27,42min late,18:26,31min late,2h 59m,Landed
2025-06-02,3K242,JSA242,Jetstar Asia,Singapore,SIN,WSSS,14:50,06:50,15:00,10min late,17:22,27min early,2h 21m,Landed
2025-06-02,OD307,MXD307,Malindo Air,Kuala Lumpur,KUL,WMKK,14:50,06:50,15:19,29min late,17:59,9min late,2h 40m,Landed
2025-06-02,JQ44,JST044,Jetstar Airways,Melbourne,MEL,YMML,14:55,06:55,15:27,32min late,22:35,5min late,5h 8m,Landed
2025-06-02,JT271,LNI271,Lion Air,Semarang,SRG,WIIS,15:05,07:05,18:03,58min late,18:05,35min late,1h 2m,Landed
2025-06-02,8B5103,,TransNusa,Jakarta,CGK,WIII,15:10,07:10,,,,,1h 45m,
2025-06-02,QZ244,AWQ244,Indonesia AirAsia,Bangkok,DMK,VTBD,15:10,07:10,15:35,25min late,18:26,3min early,3h 50m,Landed
2025-06-02,JQ107,JST107,Jetstar Airways,Perth,PER,YPPH,15:10,07:10,15:58,48min late,19:36,36min late,3h 38m,Landed
2025-06-02,IU759,SJV759,SW Italia,Jakarta,CGK,WIII,15:15,07:15,16:56,41min late,17:29,19min late,1h 32m,Landed
2025-06-02,VA50,VOZ050,Virgin Australia,Brisbane,BNE,YBBN,15:15,07:15,15:39,24min late,23:23,23min late,5h 44m,Landed
2025-06-02,GA842,GIA842,Garuda Indonesia,Singapore,SIN,WSSS,15:15,07:15,15:22,7min late,17:54,5min early,2h 32m,Landed
2025-06-02,GA7036,GIA7036,Garuda Indonesia,Labuan Bajo,LBJ,WATO,15:25,07:25,15:48,23min late,16:39,4min late,50m,Landed
2025-06-02,JT740,LNI740,Lion Air,Makassar,UPG,WAAA,15:25,07:25,16:10,45min late,17:09,24min late,59m,Landed
2025-06-02,VJ898,VJC898,VietJet Air,Ho Chi Minh City,SGN,VVTS,15:30,07:30,16:51,21min late,19:30,10min late,3h 38m,Landed
2025-06-02,ID6335,BTK6335,Batik Air,Labuan Bajo,LBJ,WATO,15:35,07:35,16:25,50min late,17:16,31min late,51m,Landed
2025-06-02,CI772,CAL772,China Airlines,Taipei,TPE,RCTP,15:40,07:40,15:41,on time,21:19,14min late,5h 38m,Landed
2025-06-02,JT21,LNI021,Lion Air,Jakarta,CGK,WIII,15:45,07:45,16:23,38min late,16:53,13min late,1h 29m,Landed
2025-06-02,IP109,PAS109,Pelita Air Service,Jakarta,CGK,WIII,15:45,07:45,16:21,36min late,16:51,16min late,1h 29m,Landed
2025-06-02,QZ646,AWQ646,Indonesia AirAsia,Labuan Bajo,LBJ,WATO,15:45,07:45,16:01,16min late,16:48,11min early,46m,Landed
2025-06-02,VA92,VOZ092,Virgin Australia,Melbourne,MEL,YMML,15:50,07:50,16:17,27min late,23:48,23min late,5h 31m,Landed
2025-06-02,IU743,,SW Italia,Jakarta,CGK,WIII,16:10,08:10,,,,,1h 55m,Cancelled
2025-06-02,CX784,CPA784,Cathay Pacific,Hong Kong,HKG,VHHH,16:10,08:10,17:37,27min late,20:45,39min early,3h 8m,Landed
2025-06-02,QG669,CTV669,Citilink,Surabaya,SUB,WARR,16:10,08:10,16:12,2min late,16:07,12min early,55m,Landed
2025-06-02,QZ807,AWQ807,Indonesia AirAsia,Jakarta,CGK,WIII,16:10,08:10,16:32,22min late,17:13,1min early,1h 41m,Landed
2025-06-02,QZ536,AWQ536,Indonesia AirAsia,Perth,PER,YPPH,16:15,08:15,16:35,20min late,19:58,11min early,3h 23m,Landed
2025-06-02,JT925,LNI925,Lion Air,Surakarta,SOC,WAHQ,16:25,08:25,16:48,23min late,16:43,1min early,55m,Landed
2025-06-02,MH850,MAS850,Malaysia Airlines,Kuala Lumpur,KUL,WMKK,16:25,08:25,16:30,5min late,19:33,1min early,3h 3m,Landed
2025-06-02,BR256,EVA256,EVA Airways,Taipei,TPE,RCTP,16:30,08:30,16:32,2min late,21:58,1min early,5h 26m,Landed
2025-06-02,JT744,,Lion Air,Makassar,UPG,WAAA,16:40,08:40,,,,,1h 20m,Cancelled
2025-06-02,JT567,,Lion Air,Yogyakarta,YIA,WAHI,16:50,08:50,,,,,1h 30m,Cancelled
2025-06-02,HO1356,DKH1356,Juneyao Airlines,Shanghai,PVG,ZSPD,16:50,08:50,17:58,8min late,00:02,22min late,6h 4m,Landed
2025-06-02,QZ556,AWQ556,Indonesia AirAsia,Kuala Lumpur,KUL,WMKK,16:55,08:55,16:49,5min early,19:41,28min early,2h 52m,Landed
2025-06-02,TG432,THA432,Thai Airways International,Bangkok,BKK,VTBS,16:55,08:55,17:06,11min late,19:40,24min early,3h 33m,Landed
2025-06-02,JT923,LNI923,Lion Air,Surabaya,SUB,WARR,17:05,09:05,17:45,40min late,17:22,17min late,37m,Landed
2025-06-02,GA419,GIA419,Garuda Indonesia,Jakarta,CGK,WIII,17:25,09:25,17:34,9min late,18:05,19min early,1h 31m,Landed
2025-06-02,VJ998,VJC998,VietJet Air,Hanoi,HAN,VVNB,17:30,09:30,17:24,6min early,20:55,49min early,4h 31m,Landed
2025-06-02,IU723,,SW Italia,Surabaya,SUB,WARR,17:30,09:30,,,,,1h 0m,Cancelled
2025-06-02,GA349,GIA349,Garuda Indonesia,Surabaya,SUB,WARR,17:35,09:35,17:49,14min late,17:34,10min early,45m,Landed
2025-06-02,QZ554,AWQ554,Indonesia AirAsia,Kuala Lumpur,KUL,WMKK,17:40,09:40,17:52,12min late,20:33,11min early,2h 40m,Landed
2025-06-02,NZ291,ANZ291,Air New Zealand,Auckland,AKL,NZAA,17:50,09:50,17:43,7min early,05:12,17min early,7h 29m,Landed
2025-06-02,OD193,MXD193,Malindo Air,Perth,PER,YPPH,18:10,10:10,18:55,45min late,22:12,27min late,3h 16m,Landed
2025-06-02,SL259,TLM259,Thai Lion Air,Bangkok,DMK,VTBD,18:20,10:20,18:40,20min late,21:27,12min early,3h 46m,Landed
2025-06-02,IU737,SJV737,SW Italia,Jakarta,CGK,WIII,18:30,10:30,18:43,13min late,19:10,14min early,1h 27m,Landed
2025-06-02,IN281,LKN281,Nam Air,Jakarta,CGK,WIII,18:30,10:30,18:22,7min early,19:02,7min early,1h 40m,Landed
2025-06-02,GA417,GIA417,Garuda Indonesia,Jakarta,CGK,WIII,18:40,10:40,18:56,16min late,19:47,7min late,1h 50m,Landed
2025-06-02,CX782,CPA782,Cathay Pacific,Hong Kong,HKG,VHHH,18:45,10:45,19:04,19min late,23:45,19min early,4h 41m,Landed
2025-06-02,8B5109,TNU5109,TransNusa,Jakarta,CGK,WIII,18:45,10:45,19:58,13min late,20:42,12min late,1h 44m,Landed
2025-06-02,EY477,ETD477,Etihad Airways,Abu Dhabi,AUH,OMAA,18:45,10:45,19:00,15min late,23:24,5min early,8h 24m,Landed
2025-06-02,QZ809,AWQ809,Indonesia AirAsia,Jakarta,CGK,WIII,18:50,10:50,20:50,0min late,21:12,27min late,1h 22m,Landed
2025-06-02,TG440,THA440,Thai Airways International,Bangkok,BKK,VTBS,19:00,11:00,19:12,12min late,22:03,6min early,3h 51m,Landed
2025-06-02,QG689,CTV689,Citilink,Jakarta,CGK,WIII,19:00,11:00,19:39,39min late,20:14,14min late,1h 35m,Landed
2025-06-02,3K246,JSA246,Jetstar Asia,Singapore,SIN,WSSS,19:15,11:15,19:25,10min late,21:58,1min early,2h 32m,Landed
2025-06-02,AK379,AXM379,AirAsia,Kuala Lumpur,KUL,WMKK,19:15,11:15,19:25,10min late,22:23,3min late,2h 58m,Landed
2025-06-02,MH852,MAS852,Malaysia Airlines,Kuala Lumpur,KUL,WMKK,19:20,11:20,19:15,5min early,22:03,16min early,2h 48m,Landed
2025-06-02,QR963,QTR963,Qatar Airways,Doha,DOH,OTHH,19:20,11:20,19:37,17min late,23:30,9min early,8h 53m,Landed
2025-06-02,IU755,,SW Italia,Jakarta,CGK,WIII,19:25,11:25,,,,,1h 55m,Cancelled
2025-06-02,ID7310,BTK7310,Batik Air,Jakarta,HLP,WIHH,19:25,11:25,20:59,34min late,21:27,52min late,1h 27m,Landed
2025-06-02,TR287,TGW287,Scoot,Singapore,SIN,WSSS,19:40,11:40,19:55,15min late,22:02,12min early,2h 6m,Landed
2025-06-02,EK369,UAE369,Emirates,Dubai,DXB,OMDB,19:45,11:45,20:01,16min late,16:02,47min early,0m,Landed
2025-06-02,ID6413,BTK6413,Batik Air,Surabaya,SUB,WARR,19:50,11:50,19:53,3min late,19:33,16min early,40m,Landed
2025-06-02,GA415,GIA415,Garuda Indonesia,Jakarta,CGK,WIII,20:00,12:00,20:12,12min late,20:54,5min early,1h 42m,Landed
2025-06-02,ID6517,BTK6517,Batik Air,Jakarta,CGK,WIII,20:00,12:00,21:39,39min late,22:06,11min late,1h 27m,Landed
2025-06-02,SQ945,SIA945,Singapore Airlines,Singapore,SIN,WSSS,20:00,12:00,20:14,14min late,22:23,16min early,2h 9m,Landed
2025-06-02,8B969,TNU969,Business Air,Guangzhou,CAN,ZGGG,20:15,12:15,20:08,6min early,01:29,29min late,5h 20m,Landed
2025-06-02,IU749,SJV749,SW Italia,Jakarta,CGK,WIII,20:25,12:25,22:17,52min late,22:47,27min late,1h 29m,Landed
2025-06-02,KL836,KLM836,KLM Royal Dutch Airlines,Singapore,SIN,WSSS,20:35,12:35,20:57,22min late,23:02,7min early,2h 5m,Landed
2025-06-02,QG342,CTV342,Citilink,Makassar,UPG,WAAA,20:50,12:50,21:05,15min late,22:19,5min early,1h 14m,Landed
2025-06-02,IU727,SJV727,SW Italia,Surabaya,SUB,WARR,20:55,12:55,22:58,3min late,22:45,50min late,46m,Landed
2025-06-02,OD177,MXD177,Malindo Air,Melbourne,MEL,YMML,21:00,13:00,21:03,3min late,04:15,24min early,5h 12m,Landed
2025-06-02,JT25,,Lion Air,Jakarta,CGK,WIII,21:00,13:00,,,,,1h 55m,Cancelled
2025-06-02,GA425,GIA425,Garuda Indonesia,Jakarta,CGK,WIII,21:05,13:05,21:17,12min late,21:50,9min early,1h 32m,Landed
2025-06-02,JQ34,JST034,Jetstar Airways,Melbourne,MEL,YMML,21:20,13:20,21:19,on time,04:22,32min early,5h 3m,Landed
2025-06-02,AK375,AXM375,AirAsia,Kuala Lumpur,KUL,WMKK,21:25,13:25,21:45,20min late,00:29,on time,2h 43m,Landed
2025-06-02,IP105,PAS105,Pelita Air Service,Jakarta,CGK,WIII,21:25,13:25,21:47,22min late,22:11,1min late,1h 24m,Landed
2025-06-02,ID6760,BTK6760,Batik Air,Makassar,UPG,WAAA,21:30,13:30,22:14,44min late,23:11,21min late,57m,Landed
2025-06-02,IU745,SJV745,SW Italia,Jakarta,CGK,WIII,21:30,13:30,22:52,22min late,23:20,55min late,1h 27m,Landed
2025-06-02,JQ117,JST117,Jetstar Airways,Perth,PER,YPPH,21:30,13:30,21:51,21min late,00:59,20min early,3h 8m,Landed
2025-06-02,QZ819,AWQ819,Indonesia AirAsia,Jakarta,CGK,WIII,21:40,13:40,22:57,17min late,23:22,52min late,1h 25m,Landed
2025-06-02,SQ947,SIA947,Singapore Airlines,Singapore,SIN,WSSS,21:45,13:45,22:03,18min late,00:16,3min early,2h 12m,Landed
2025-06-02,QZ546,AWQ546,Indonesia AirAsia,Perth,PER,YPPH,21:55,13:55,22:10,15min late,01:28,11min early,3h 17m,Landed
2025-06-02,GA718,GIA718,Garuda Indonesia,Melbourne,MEL,YMML,22:05,14:05,22:25,20min late,05:34,4min late,5h 9m,Landed
2025-06-02,QG9695,CTV9695,Citilink,Surabaya,SUB,WARR,22:10,14:10,21:58,12min early,21:49,25min early,51m,Landed
2025-06-02,QF44,QFA044,Qantas,Sydney,SYD,YSSY,22:10,14:10,22:07,3min early,06:03,1min early,5h 56m,Landed
2025-06-02,JQ60,JST060,Jetstar Airways,Brisbane,BNE,YBBN,22:10,14:10,22:16,6min late,05:18,21min early,5h 2m,Landed
2025-06-02,OD171,MXD171,Malindo Air,Sydney,SYD,YSSY,22:15,14:15,22:37,22min late,06:19,14min late,5h 42m,Landed
2025-06-02,JQ38,JST038,Jetstar Airways,Sydney,SYD,YSSY,22:35,14:35,22:50,15min late,06:22,7min early,5h 32m,Landed
2025-06-02,7C2712,JJA2712,Jeju Air,Seoul,ICN,RKSI,22:45,14:45,23:05,20min late,07:13,3min late,7h 8m,Landed
2025-06-02,QZ811,AWQ811,Indonesia AirAsia,Jakarta,CGK,WIII,22:50,14:50,22:56,6min late,23:26,13min early,1h 29m,Landed
2025-06-02,QG661,CTV661,Citilink,Jakarta,CGK,WIII,23:00,15:00,23:14,14min late,23:43,11min early,1h 28m,Landed
2025-06-02,QF46,QFA046,Qantas,Melbourne,MEL,YMML,23:05,15:05,23:23,18min late,06:41,1min late,5h 18m,Landed
2025-06-02,VA96,VOZ096,Virgin Australia,Melbourne,MEL,YMML,23:05,15:05,23:14,9min late,06:31,8min early,5h 17m,Landed
2025-06-02,JT3020,,Lion Air,Seoul,ICN,RKSI,23:05,15:05,,,,,7h 5m,
2025-06-02,VA82,VOZ082,Virgin Australia,Gold Coast,OOL,YBCG,23:20,15:20,02:08,48min late,06:50,4min early,2h 42m,Landed
2025-06-02,3K240,JSA240,Jetstar Asia,Singapore,SIN,WSSS,23:25,15:25,23:23,1min early,01:38,31min early,2h 14m,Landed
2025-06-02,GA714,GIA714,Garuda Indonesia,Sydney,SYD,YSSY,23:25,15:25,23:31,6min late,06:53,16min early,5h 22m,Landed
2025-06-02,JQ36,JST036,Jetstar Airways,Melbourne,MEL,YMML,23:30,15:30,01:00,30min late,08:57,52min late,5h 57m,Landed
2025-06-02,VA68,VOZ068,Virgin Australia,Sydney,SYD,YSSY,23:35,15:35,23:59,24min late,07:42,2min early,5h 43m,Landed
2025-06-02,KE634,KAL634,Korean Air Lines,Seoul,ICN,RKSI,23:45,15:45,23:53,8min late,07:47,7min early,6h 54m,Landed
2025-06-02,JQ128,JST128,Jetstar Airways,Adelaide,ADL,YPAD,23:55,15:55,00:06,11min late,06:06,3min early,4h 30m,Landed
2025-06-03,BX602,ABL602,Air Busan,Busan,PUS,RKPK,00:05,16:05,00:31,26min late,07:58,11min early,6h 27m,Landed
2025-06-03,GA880,GIA880,Garuda Indonesia,Tokyo,NRT,RJAA,00:20,16:20,00:24,4min late,08:36,13min early,7h 11m,Landed
2025-06-03,MF892,CXA892,Xiamen Airlines,Xiamen,XMN,ZSAM,00:30,16:30,00:19,11min early,05:52,12min early,5h 33m,Landed
2025-06-03,CZ626,CSN626,China Southern Airlines,Guangzhou,CAN,ZGGG,00:30,16:30,00:36,6min late,05:14,35min early,4h 38m,Landed
2025-06-03,QR961,QTR961,Qatar Airways,Doha,DOH,OTHH,00:35,16:35,00:47,12min late,04:29,25min early,8h 42m,Landed
2025-06-03,EK399,UAE399,Emirates,Dubai,DXB,OMDB,00:35,16:35,00:34,on time,05:18,16min early,8h 44m,Landed
2025-06-03,KE630,KAL630,Korean Air Lines,Seoul,ICN,RKSI,00:50,16:50,02:26,36min late,08:29,50min early,5h 3m,Landed
2025-06-03,PR538,PAL538,Philippine Airlines,Manila,MNL,RPLL,00:55,16:55,00:48,6min early,04:31,18min early,3h 43m,Landed
2025-06-03,JQ91,JST091,Jetstar Airways,Cairns,CNS,YBCS,00:55,16:55,03:50,55min late,07:57,32min late,2h 6m,Landed
2025-06-03,MU5030,CES5030,China Eastern Airlines,Shanghai,PVG,ZSPD,00:55,16:55,01:00,5min late,07:14,40min early,6h 14m,Landed
2025-06-03,5J282,CEB282,CEBU Pacific Air,Manila,MNL,RPLL,01:00,17:00,00:57,3min early,04:41,43min early,3h 44m,Landed
2025-06-03,SJ726,,Sriwijaya Air,Makassar,UPG,WAAA,01:00,17:00,,,,,1h 20m,
2025-06-03,QZ548,AWQ548,Indonesia AirAsia,Perth,PER,YPPH,01:05,17:05,00:12,52min early,03:30,24min early,3h 17m,Landed
2025-06-03,QZ300,AWQ300,Indonesia AirAsia,Hong Kong,HKG,VHHH,01:10,17:10,01:16,6min late,06:09,9min late,4h 52m,Landed
2025-06-03,GA870,GIA870,Garuda Indonesia,Seoul,ICN,RKSI,01:15,17:15,01:13,1min early,09:23,8min late,7h 10m,Landed
2025-06-03,8B5888,,TransNusa,Manado,MDC,WAMM,01:50,17:50,,,,,2h 35m,
2025-06-03,QZ550,AWQ550,Indonesia AirAsia,Kuala Lumpur,KUL,WMKK,07:00,23:00,07:36,36min late,10:20,20min late,2h 43m,Landed
2025-06-03,JT3569,LNI3569,Lion Air,Yogyakarta,YIA,WAHI,07:00,23:00,07:00,on time,07:05,24min early,1h 5m,Landed
2025-06-03,JT944,,Lion Air,Makassar,UPG,WAAA,07:00,23:00,,,,,1h 20m,
2025-06-03,GA401,GIA401,Garuda Indonesia,Jakarta,CGK,WIII,07:00,23:00,07:09,9min late,07:45,14min early,1h 35m,Landed
2025-06-03,JT746,LNI746,Lion Air,Makassar,UPG,WAAA,07:00,23:00,07:16,16min late,07:16,3min early,0m,Landed
2025-06-03,JT929,LNI929,Lion Air,Surabaya,SUB,WARR,07:00,23:00,07:21,21min late,07:00,on time,38m,Landed
2025-06-03,QZ534,AWQ534,Indonesia AirAsia,Perth,PER,YPPH,07:05,23:05,07:29,24min late,11:00,on time,3h 31m,Landed
2025-06-03,QG690,CTV690,Citilink,Surabaya,SUB,WARR,07:05,23:05,07:21,16min late,07:08,3min late,47m,Landed
2025-06-03,SQ949,SIA949,Singapore Airlines,Singapore,SIN,WSSS,07:10,23:10,07:31,21min late,09:39,20min early,2h 8m,Landed
2025-06-03,QZ502,AWQ502,Indonesia AirAsia,Singapore,SIN,WSSS,07:10,23:10,07:27,17min late,09:42,8min early,2h 14m,Landed
2025-06-03,QZ644,AWQ644,Indonesia AirAsia,Labuan Bajo,LBJ,WATO,07:10,23:10,07:06,3min early,07:55,19min early,49m,Landed
2025-06-03,QG663,CTV663,Citilink,Jakarta,CGK,WIII,07:30,23:30,08:13,43min late,08:41,16min late,1h 27m,Landed
2025-06-03,IW1854,WON1854,Wings Air,Lombok,LOP,WADL,08:00,00:00,08:25,25min late,08:48,3min late,23m,Landed
2025-06-03,IU731,SJV731,SW Italia,Jakarta,CGK,WIII,08:05,00:05,08:30,25min late,08:55,4min early,1h 24m,Landed
2025-06-03,HX706,CRK706,Hong Kong Airlines,Hong Kong,HKG,VHHH,08:15,00:15,08:16,1min late,13:02,17min early,4h 46m,Landed
2025-06-03,5J280,CEB280,CEBU Pacific Air,Manila,MNL,RPLL,08:35,00:35,08:59,24min late,12:43,6min early,3h 43m,Landed
2025-06-03,IW1850,WON1850,Wings Air,Lombok,LOP,WADL,08:35,00:35,08:56,21min late,09:21,1min late,25m,Landed
2025-06-03,CZ8482,CSN8482,China Southern Airlines,Guangzhou,CAN,ZGGG,08:40,00:40,09:24,44min late,14:05,15min late,4h 41m,Landed
2025-06-03,IU703,SJV703,SW Italia,Surabaya,SUB,WARR,08:40,00:40,08:41,1min late,08:15,24min early,33m,Landed
2025-06-03,QZ504,AWQ504,Indonesia AirAsia,Singapore,SIN,WSSS,09:00,01:00,09:15,15min late,11:36,8min early,2h 21m,Landed
2025-06-03,8B80,TNU080,Business Air,Perth,PER,YPPH,09:05,01:05,05:03,1min early,14:18,23min late,9h 15m,Landed
2025-06-03,IU751,,SW Italia,Jakarta,CGK,WIII,09:05,01:05,,,,,1h 55m,Cancelled
2025-06-03,IN640,LKN640,Nam Air,Tambolaka,TMC,WADT,09:10,01:10,09:32,22min late,10:14,4min late,41m,Landed
2025-06-03,IW1856,WON1856,Wings Air,Lombok,LOP,WADL,09:10,01:10,09:19,9min late,09:43,11min early,23m,Landed
2025-06-03,8B5105,TNU5105,Business Air,Jakarta,CGK,WIII,09:10,01:10,09:31,21min late,09:58,1min early,1h 27m,Landed
2025-06-03,IW1832,WON1832,Wings Air,Tambolaka,TMC,WADT,09:10,01:10,09:38,28min late,10:37,2min late,59m,Landed
2025-06-03,ID6007,BTK6007,Batik Air,Perth,PER,YPPH,09:25,01:25,09:36,11min late,13:20,5min late,3h 43m,Landed
2025-06-03,QG500,CTV500,Citilink,Dili,DIL,WPDL,09:30,01:30,09:45,15min late,12:25,5min late,1h 40m,Landed
2025-06-03,QZ803,AWQ803,Indonesia AirAsia,Jakarta,CGK,WIII,09:40,01:40,10:00,20min late,10:38,8min late,1h 37m,Landed
2025-06-03,QR965,QTR965,Qatar Airways,Doha,DOH,OTHH,09:55,01:55,10:06,11min late,13:53,26min early,8h 46m,Landed
2025-06-03,JT270,LNI270,Lion Air,Kupang,KOE,WATT,10:00,02:00,10:07,7min late,11:29,10min early,1h 21m,Landed
2025-06-03,IU757,SJV757,SW Italia,Jakarta,CGK,WIII,10:00,02:00,10:18,18min late,10:49,5min early,1h 31m,Landed
2025-06-03,IW1882,WON1882,Wings Air,Sumbawa Besar,SWQ,WADS,10:00,02:00,10:17,17min late,10:59,on time,42m,Landed
2025-06-03,SQ935,SIA935,Singapore Airlines,Singapore,SIN,WSSS,10:05,02:05,10:23,18min late,12:30,14min early,2h 7m,Landed
2025-06-03,8B5101,TNU5101,Business Air,Jakarta,CGK,WIII,10:25,02:25,10:30,5min late,10:52,22min early,1h 21m,Landed
2025-06-03,JT23,,Lion Air,Jakarta,CGK,WIII,10:35,02:35,,,,,1h 55m,
2025-06-03,8G182,DTL182,Mid Africa Aviation,Dili,DIL,WPDL,10:35,02:35,10:36,1min late,13:16,13min early,1h 40m,Landed
2025-06-03,AI2146,AIC2146,Air India,Delhi,DEL,VIDP,10:35,02:35,10:40,5min late,15:29,20min early,7h 19m,Landed
2025-06-03,JT3023,,Lion Air,Jakarta,CGK,WIII,10:35,02:35,,,,,1h 55m,Cancelled
2025-06-03,TR281,TGW281,Scoot,Singapore,SIN,WSSS,10:50,02:50,11:05,15min late,13:37,7min late,2h 31m,Landed
2025-06-03,3K244,JSA244,Jetstar Asia,Singapore,SIN,WSSS,10:55,02:55,11:11,16min late,13:30,9min early,2h 18m,Landed
2025-06-03,IU741,,SW Italia,Jakarta,CGK,WIII,11:05,03:05,,,,,1h 55m,Cancelled
2025-06-03,JT805,,Lion Air,Surabaya,SUB,WARR,11:05,03:05,,,,,1h 0m,Cancelled
2025-06-03,JT924,LNI924,Lion Air,Kupang,KOE,WATT,11:05,03:05,11:13,8min late,12:34,10min early,1h 21m,Landed
2025-06-03,6E1606,IGO1606,IndiGo,Bangalore,BLR,VOBL,11:20,03:20,11:36,16min late,14:48,21min early,5h 42m,Landed
2025-06-03,QZ780,AWQ780,Indonesia AirAsia,Balikpapan,BPN,WALL,11:25,03:25,11:43,18min late,13:05,on time,1h 22m,Landed
2025-06-03,JQ111,JST111,Jetstar Airways,Perth,PER,YPPH,11:30,03:30,11:55,25min late,15:07,7min early,3h 12m,Landed
2025-06-03,OD309,MXD309,Malindo Air,Kuala Lumpur,KUL,WMKK,11:35,03:35,11:43,8min late,14:23,21min early,2h 40m,Landed
2025-06-03,QG9693,CTV9693,Citilink,Surabaya,SUB,WARR,11:35,03:35,13:25,50min late,11:17,27min early,,Landed
2025-06-03,JQ109,JST109,Jetstar Airways,Perth,PER,YPPH,11:40,03:40,12:28,48min late,15:37,12min late,3h 9m,Landed
2025-06-03,IN642,,NAM Air,Tambolaka,TMC,WADT,11:40,03:40,,,,,1h 0m,
2025-06-03,JT569,LNI569,Lion Air,Yogyakarta,YIA,WAHI,11:55,03:55,11:54,on time,12:01,23min early,1h 7m,Landed
2025-06-03,JQ40,JST040,Jetstar Airways,Sydney,SYD,YSSY,11:55,03:55,12:37,42min late,19:56,6min late,5h 19m,Landed
2025-06-03,OD192,MXD192,Malindo Air,Kuala Lumpur,KUL,WMKK,11:55,03:55,12:13,18min late,14:50,14min early,2h 37m,Landed
2025-06-03,JQ32,JST032,Jetstar Airways,Melbourne,MEL,YMML,11:55,03:55,12:14,19min late,19:12,17min early,4h 58m,Landed
2025-06-03,FD397,AIQ397,Thai AirAsia,Bangkok,DMK,VTBD,12:00,04:00,12:46,46min late,15:42,7min late,3h 55m,Landed
2025-06-03,GA407,GIA407,Garuda Indonesia,Jakarta,CGK,WIII,12:00,04:00,11:58,1min early,12:44,10min early,1h 45m,Landed
2025-06-03,QZ540,AWQ540,Indonesia AirAsia,Darwin,DRW,YPDN,12:05,04:05,12:17,12min late,16:11,4min early,2h 23m,Landed
2025-06-03,GA253,GIA253,Garuda Indonesia,Yogyakarta,YIA,WAHI,12:05,04:05,12:42,37min late,12:49,5min early,1h 7m,Landed
2025-06-03,SQ937,SIA937,Singapore Airlines,Singapore,SIN,WSSS,12:10,04:10,12:24,14min late,14:42,13min early,2h 17m,Landed
2025-06-03,IU705,,SW Italia,Surabaya,SUB,WARR,12:15,04:15,,,,,1h 0m,Cancelled
2025-06-03,OD178,MXD178,Malindo Air,Kuala Lumpur,KUL,WMKK,12:25,04:25,13:14,49min late,15:55,20min late,2h 41m,Landed
2025-06-03,D7795,XAX795,AirAsia X,Kuala Lumpur,KUL,WMKK,12:30,04:30,12:50,20min late,15:19,25min early,2h 28m,Landed
2025-06-03,QZ805,AWQ805,Indonesia AirAsia,Jakarta,CGK,WIII,12:40,04:40,13:10,30min late,13:51,11min late,1h 40m,Landed
2025-06-03,IW1848,WON1848,Wings Air,Lombok,LOP,WADL,12:45,04:45,14:20,35min late,14:48,18min late,28m,Landed
2025-06-03,ID7308,BTK7308,Batik Air,Jakarta,HLP,WIHH,12:50,04:50,13:08,18min late,13:30,4min early,1h 22m,Landed
2025-06-03,MH714,MAS714,Malaysia Airlines,Kuala Lumpur,KUL,WMKK,12:55,04:55,13:12,17min late,16:13,13min late,3h 1m,Landed
2025-06-03,IP103,PAS103,Pelita Air Service,Jakarta,CGK,WIII,12:55,04:55,12:40,14min early,13:25,19min early,1h 45m,Landed
2025-06-03,SQ939,SIA939,Singapore Airlines,Singapore,SIN,WSSS,13:05,05:05,13:17,12min late,15:39,10min early,2h 21m,Landed
2025-06-03,VJ900,VJC900,VietJet Air,Hanoi,HAN,VVNB,13:10,05:10,13:39,29min late,17:17,2min early,4h 38m,Landed
2025-06-03,JQ58,JST058,Jetstar Airways,Brisbane,BNE,YBBN,13:15,05:15,13:35,20min late,20:39,5min early,5h 4m,Landed
2025-06-03,IU753,SJV753,SW Italia,Jakarta,CGK,WIII,13:15,05:15,15:00,45min late,15:27,17min late,1h 26m,Landed
2025-06-03,OD172,MXD172,Malindo Air,Kuala Lumpur,KUL,WMKK,13:15,05:15,13:38,23min late,16:16,8min early,2h 37m,Landed
2025-06-03,IW1834,WON1834,Wings Air,Tambolaka,TMC,WADT,13:20,05:20,14:36,16min late,17:39,54min late,3h 2m,Landed
2025-06-03,JT660,LNI660,Lion Air,Balikpapan,BPN,WALL,13:25,05:25,13:44,19min late,15:00,9min early,1h 16m,Landed
2025-06-03,D7799,XAX799,AirAsia X,Kuala Lumpur,KUL,WMKK,13:35,05:35,13:50,15min late,16:27,22min early,2h 36m,Landed
2025-06-03,IW1826,WON1826,Wings Air,Bima,BMU,WADB,13:40,05:40,14:40,0min late,15:43,38min late,1h 3m,Landed
2025-06-03,GA409,GIA409,Garuda Indonesia,Jakarta,CGK,WIII,13:45,05:45,14:12,27min late,15:00,15min late,1h 47m,Landed
2025-06-03,QZ506,AWQ506,Indonesia AirAsia,Singapore,SIN,WSSS,13:45,05:45,14:03,18min late,16:19,20min early,2h 16m,Landed
2025-06-03,8B5107,TNU5107,Business Air,Jakarta,CGK,WIII,13:50,05:50,15:59,9min late,16:26,46min late,1h 27m,Landed
2025-06-03,QG687,CTV687,Citilink,Jakarta,CGK,WIII,13:55,05:55,14:12,17min late,14:48,7min early,1h 35m,Landed
2025-06-03,IW1964,WON1964,Wings Air,Lombok,LOP,WADL,13:55,05:55,14:18,23min late,14:44,4min late,25m,Landed
2025-06-03,QZ544,AWQ544,Indonesia AirAsia,Perth,PER,YPPH,13:55,05:55,14:09,14min late,17:34,20min early,3h 25m,Landed
2025-06-03,VJ848,VJC848,VietJet Air,Ho Chi Minh City,SGN,VVTS,14:00,06:00,14:15,15min late,16:37,12min early,3h 22m,Landed
2025-06-03,TR289,TGW289,Scoot,Singapore,SIN,WSSS,14:00,06:00,14:24,24min late,16:55,4min early,2h 30m,Landed
2025-06-03,VJ894,VJC894,VietJet Air,Ho Chi Minh City,SGN,VVTS,14:05,06:05,15:31,26min late,17:46,51min late,3h 15m,Landed
2025-06-03,OD307,MXD307,Malindo Air,Kuala Lumpur,KUL,WMKK,14:10,06:10,14:53,43min late,17:21,11min late,2h 27m,Landed
2025-06-03,IU735,,SW Italia,Jakarta,CGK,WIII,14:15,06:15,,,,,1h 55m,Cancelled
2025-06-03,ID7637,BTK7637,Batik Air,Bangkok,DMK,VTBD,14:15,06:15,14:45,30min late,17:50,5min late,4h 4m,Landed
2025-06-03,QG699,CTV699,Citilink,Surabaya,SUB,WARR,14:20,06:20,14:47,27min late,14:49,24min late,1h 2m,Landed
2025-06-03,JT844,LNI844,Lion Air,Banjarmasin,BDJ,WAOO,14:35,06:35,14:47,12min late,15:46,13min early,59m,Landed
2025-06-03,JT919,LNI919,Lion Air,Surabaya,SUB,WARR,14:40,06:40,15:22,42min late,15:06,26min late,43m,Landed
2025-06-03,IW1884,WON1884,Wings Air,Waingapu,WGP,WADW,14:40,06:40,15:00,20min late,16:20,9min early,1h 20m,Landed
2025-06-03,QG681,CTV681,Citilink,Jakarta,CGK,WIII,14:40,06:40,15:06,26min late,15:54,4min late,1h 48m,Landed
2025-06-03,GA4092,GIA4092,Garuda Indonesia,Jakarta,CGK,WIII,14:45,06:45,15:09,24min late,15:44,on time,1h 35m,Landed
2025-06-03,AK377,AXM377,AirAsia,Kuala Lumpur,KUL,WMKK,14:45,06:45,15:21,36min late,18:00,5min late,2h 39m,Landed
2025-06-03,QZ244,AWQ244,Indonesia AirAsia,Bangkok,DMK,VTBD,14:45,06:45,15:16,31min late,18:11,1min late,3h 55m,Landed
2025-06-03,3K242,JSA242,Jetstar Asia,Singapore,SIN,WSSS,14:50,06:50,14:47,2min early,17:23,26min early,2h 35m,Landed
2025-06-03,JQ44,JST044,Jetstar Airways,Melbourne,MEL,YMML,14:55,06:55,16:07,12min late,23:14,44min late,5h 6m,Landed
2025-06-03,JT271,LNI271,Lion Air,Semarang,SRG,WIIS,15:05,07:05,15:20,15min late,15:14,15min early,53m,Landed
2025-06-03,8B5103,,TransNusa,Jakarta,CGK,WIII,15:10,07:10,,,,,1h 45m,
2025-06-03,IU759,SJV759,SW Italia,Jakarta,CGK,WIII,15:15,07:15,16:26,11min late,15:26,43min early,0m,Landed
2025-06-03,GA842,GIA842,Garuda Indonesia,Singapore,SIN,WSSS,15:15,07:15,15:30,15min late,17:46,13min early,2h 16m,Landed
2025-06-03,VA50,VOZ050,Virgin Australia,Brisbane,BNE,YBBN,15:15,07:15,15:09,6min early,22:35,24min early,5h 26m,Landed
2025-06-03,JT740,LNI740,Lion Air,Makassar,UPG,WAAA,15:25,07:25,16:08,43min late,17:14,29min late,1h 6m,Landed
2025-06-03,VJ898,VJC898,VietJet Air,Ho Chi Minh City,SGN,VVTS,15:30,07:30,16:40,10min late,18:49,29min late,3h 9m,Landed
2025-06-03,ID6335,BTK6335,Batik Air,Labuan Bajo,LBJ,WATO,15:35,07:35,15:44,9min late,16:42,2min early,58m,Landed
2025-06-03,CI772,CAL772,China Airlines,Taipei,TPE,RCTP,15:40,07:40,15:45,5min late,20:54,10min early,5h 9m,Landed
2025-06-03,QZ646,AWQ646,Indonesia AirAsia,Labuan Bajo,LBJ,WATO,15:45,07:45,16:11,26min late,17:03,3min late,51m,Landed
2025-06-03,IP109,PAS109,Pelita Air Service,Jakarta,CGK,WIII,15:45,07:45,15:58,13min late,16:32,2min early,1h 34m,Landed
2025-06-03,JT21,,Lion Air,Jakarta,CGK,WIII,15:45,07:45,,,,,1h 55m,Cancelled
2025-06-03,QG195,CTV195,Citilink,Jakarta,HLP,WIHH,15:50,07:50,16:10,20min late,16:46,6min late,1h 36m,Landed
2025-06-03,VA92,VOZ092,Virgin Australia,Melbourne,MEL,YMML,15:50,07:50,15:46,4min early,23:12,12min early,5h 26m,Landed
2025-06-03,IU743,,SW Italia,Jakarta,CGK,WIII,16:10,08:10,,,,,1h 55m,Cancelled
2025-06-03,CX784,CPA784,Cathay Pacific,Hong Kong,HKG,VHHH,16:10,08:10,16:04,6min early,20:42,42min early,4h 38m,Landed
2025-06-03,QG669,CTV669,Citilink,Surabaya,SUB,WARR,16:10,08:10,16:25,15min late,16:08,11min early,43m,Landed
2025-06-03,QZ807,AWQ807,Indonesia AirAsia,Jakarta,CGK,WIII,16:10,08:10,16:31,21min late,17:10,4min early,1h 39m,Landed
2025-06-03,QZ536,AWQ536,Indonesia AirAsia,Perth,PER,YPPH,16:15,08:15,16:47,32min late,20:38,28min late,3h 51m,Landed
2025-06-03,MH850,MAS850,Malaysia Airlines,Kuala Lumpur,KUL,WMKK,16:25,08:25,16:23,2min early,19:13,21min early,2h 50m,Landed
2025-06-03,JT925,LNI925,Lion Air,Surakarta,SOC,WAHQ,16:25,08:25,16:29,4min late,16:27,17min early,57m,Landed
2025-06-03,BR256,EVA256,EVA Airways,Taipei,TPE,RCTP,16:30,08:30,16:36,6min late,21:40,19min early,5h 4m,Landed
2025-06-03,QZ246,AWQ246,Indonesia AirAsia,Phuket,HKT,VTSP,16:40,08:40,16:58,18min late,19:31,8min early,3h 32m,Landed
2025-06-03,JT744,,Lion Air,Makassar,UPG,WAAA,16:40,08:40,,,,,1h 20m,Cancelled
2025-06-03,HO1356,DKH1356,Juneyao Airlines,Shanghai,PVG,ZSPD,16:50,08:50,16:57,7min late,23:09,30min early,6h 11m,Landed
2025-06-03,QZ556,AWQ556,Indonesia AirAsia,Kuala Lumpur,KUL,WMKK,16:55,08:55,19:10,15min late,21:56,46min late,2h 45m,Landed
2025-06-03,TG432,THA432,Thai Airways International,Bangkok,BKK,VTBS,16:55,08:55,16:48,6min early,19:29,35min early,3h 41m,Landed
2025-06-03,JT923,LNI923,Lion Air,Surabaya,SUB,WARR,17:05,09:05,17:00,4min early,16:41,23min early,40m,Landed
2025-06-03,GA419,GIA419,Garuda Indonesia,Jakarta,CGK,WIII,17:25,09:25,17:43,18min late,18:24,on time,1h 41m,Landed
2025-06-03,VJ998,VJC998,VietJet Air,Hanoi,HAN,VVNB,17:30,09:30,17:26,3min early,21:12,32min early,4h 45m,Landed
2025-06-03,IU723,SJV723,SW Italia,Surabaya,SUB,WARR,17:30,09:30,17:46,16min late,17:26,3min early,39m,Landed
2025-06-03,GA349,GIA349,Garuda Indonesia,Surabaya,SUB,WARR,17:35,09:35,17:51,16min late,17:18,26min early,27m,Landed
2025-06-03,IN281,,Nam Air,Jakarta,CGK,WIII,17:45,09:45,,,,,1h 40m,
2025-06-03,OD193,MXD193,Malindo Air,Perth,PER,YPPH,18:10,10:10,16:25,44min early,23:41,56min late,7h 16m,Landed
2025-06-03,SL259,TLM259,Thai Lion Air,Bangkok,DMK,VTBD,18:20,10:20,18:31,11min late,21:23,16min early,3h 51m,Landed
2025-06-03,IN283,LKN283,Nam Air,Jakarta,CGK,WIII,18:30,10:30,18:35,5min late,19:06,3min early,1h 31m,Landed
2025-06-03,IU737,SJV737,SW Italia,Jakarta,CGK,WIII,18:30,10:30,19:46,16min late,20:18,53min late,1h 32m,Landed
2025-06-03,GA417,GIA417,Garuda Indonesia,Jakarta,CGK,WIII,18:40,10:40,18:45,5min late,19:27,12min early,1h 41m,Landed
2025-06-03,8B5109,TNU5109,Business Air,Jakarta,CGK,WIII,18:45,10:45,18:59,14min late,19:26,3min early,1h 27m,Landed
2025-06-03,CX782,CPA782,Cathay Pacific,Hong Kong,HKG,VHHH,18:45,10:45,18:41,4min early,23:30,34min early,4h 49m,Landed
2025-06-03,EY477,ETD477,Etihad Airways,Abu Dhabi,AUH,OMAA,18:45,10:45,18:50,5min late,23:14,15min early,8h 23m,Landed
2025-06-03,QZ809,AWQ809,Indonesia AirAsia,Jakarta,CGK,WIII,18:50,10:50,19:09,19min late,19:45,on time,1h 36m,Landed
2025-06-03,QG689,CTV689,Citilink,Jakarta,CGK,WIII,19:00,11:00,18:56,3min early,19:46,13min early,1h 50m,Landed
2025-06-03,TG440,THA440,Thai Airways International,Bangkok,BKK,VTBS,19:00,11:00,19:03,3min late,21:53,16min early,3h 49m,Landed
2025-06-03,AK379,AXM379,AirAsia,Kuala Lumpur,KUL,WMKK,19:15,11:15,22:49,34min late,01:28,8min late,2h 39m,Landed
2025-06-03,3K246,JSA246,Jetstar Asia,Singapore,SIN,WSSS,19:15,11:15,19:19,4min late,21:36,23min early,2h 17m,Landed
2025-06-03,QR963,QTR963,Qatar Airways,Doha,DOH,OTHH,19:20,11:20,19:19,on time,23:26,13min early,9h 7m,Landed
2025-06-03,MH852,MAS852,Malaysia Airlines,Kuala Lumpur,KUL,WMKK,19:20,11:20,21:25,5min late,00:30,10min late,3h 4m,Landed
2025-06-03,IU755,SJV755,SW Italia,Jakarta,CGK,WIII,19:25,11:25,19:50,25min late,20:29,9min late,1h 38m,Landed
2025-06-03,ID7310,,Batik Air,Jakarta,HLP,WIHH,19:25,11:25,,,,,1h 45m,Cancelled
2025-06-03,TR287,TGW287,Scoot,Singapore,SIN,WSSS,19:40,11:40,20:03,23min late,22:22,7min late,2h 18m,Landed
2025-06-03,EK369,UAE369,Emirates,Dubai,DXB,OMDB,19:45,11:45,19:54,9min late,00:21,28min early,8h 27m,Landed
2025-06-03,ID6413,BTK6413,Batik Air,Surabaya,SUB,WARR,19:50,11:50,20:00,10min late,19:45,4min early,45m,Landed
2025-06-03,GA415,GIA415,Garuda Indonesia,Jakarta,CGK,WIII,20:00,12:00,20:04,4min late,20:44,15min early,1h 40m,Landed
2025-06-03,SQ945,SIA945,Singapore Airlines,Singapore,SIN,WSSS,20:00,12:00,20:14,14min late,22:24,15min early,2h 10m,Landed
2025-06-03,8B969,TNU969,Business Air,Guangzhou,CAN,ZGGG,20:15,12:15,20:49,34min late,01:50,50min late,5h 1m,Landed
2025-06-03,IU749,,SW Italia,Jakarta,CGK,WIII,20:25,12:25,,,,,1h 55m,Cancelled
2025-06-03,KL836,KLM836,KLM Royal Dutch Airlines,Singapore,SIN,WSSS,20:35,12:35,20:59,24min late,23:02,7min early,2h 3m,Landed
2025-06-03,QG342,CTV342,Citilink,Makassar,UPG,WAAA,20:50,12:50,21:21,31min late,22:30,5min late,1h 8m,Landed
2025-06-03,IU727,,SW Italia,Surabaya,SUB,WARR,20:55,12:55,,,,,1h 0m,Cancelled
2025-06-03,JT25,LNI025,Lion Air,Jakarta,CGK,WIII,21:00,13:00,21:11,11min late,21:40,14min early,1h 29m,Landed
2025-06-03,OD177,MXD177,Malindo Air,Melbourne,MEL,YMML,21:00,13:00,22:10,10min late,05:25,45min late,5h 14m,Landed
2025-06-03,GA425,GIA425,Garuda Indonesia,Jakarta,CGK,WIII,21:05,13:05,21:32,27min late,22:03,3min late,1h 31m,Landed
2025-06-03,TK67,THY067,Turkish Airlines,Istanbul,IST,LTFM,21:20,13:20,21:19,on time,04:31,43min early,12h 11m,Landed
2025-06-03,JQ34,JST034,Jetstar Airways,Melbourne,MEL,YMML,21:20,13:20,21:52,32min late,04:50,4min early,4h 57m,Landed
2025-06-03,AK375,AXM375,AirAsia,Kuala Lumpur,KUL,WMKK,21:25,13:25,00:32,7min late,03:31,1min late,2h 58m,Landed
2025-06-03,JQ117,JST117,Jetstar Airways,Perth,PER,YPPH,21:30,13:30,22:31,1min late,01:37,17min late,3h 6m,Landed
2025-06-03,IU745,,SW Italia,Jakarta,CGK,WIII,21:30,13:30,,,,,1h 55m,Cancelled
2025-06-03,ID6760,BTK6760,Batik Air,Makassar,UPG,WAAA,21:30,13:30,21:45,15min late,22:39,10min early,54m,Landed
2025-06-03,IP105,,Pelita Air Service,Jakarta,CGK,WIII,21:40,13:40,,,,,1h 50m,
2025-06-03,SQ947,SIA947,Singapore Airlines,Singapore,SIN,WSSS,21:45,13:45,21:40,4min early,00:02,18min early,2h 21m,Landed
2025-06-03,QZ546,AWQ546,Indonesia AirAsia,Perth,PER,YPPH,21:55,13:55,22:27,32min late,22:27,12min early,0m,Landed
2025-06-03,OD157,MXD157,Malindo Air,Brisbane,BNE,YBBN,22:00,14:00,22:43,43min late,05:54,4min late,5h 11m,Landed
2025-06-03,GA718,GIA718,Garuda Indonesia,Melbourne,MEL,YMML,22:05,14:05,22:18,13min late,05:22,7min early,5h 4m,Landed
2025-06-03,QG9695,CTV9695,Citilink,Surabaya,SUB,WARR,22:10,14:10,22:30,20min late,22:21,6min late,50m,Landed
2025-06-03,JQ60,JST060,Jetstar Airways,Brisbane,BNE,YBBN,22:10,14:10,22:35,25min late,05:39,on time,5h 4m,Landed
2025-06-03,QF44,QFA044,Qantas,Sydney,SYD,YSSY,22:10,14:10,22:11,on time,06:02,2min early,5h 51m,Landed
2025-06-03,OD171,MXD171,Malindo Air,Sydney,SYD,YSSY,22:15,14:15,23:29,14min late,06:53,48min late,5h 23m,Landed
2025-06-03,JQ38,JST038,Jetstar Airways,Sydney,SYD,YSSY,22:35,14:35,22:41,6min late,06:10,19min early,5h 29m,Landed
2025-06-03,7C2712,JJA2712,Jeju Air,Seoul,ICN,RKSI,22:45,14:45,22:51,6min late,06:52,17min early,7h 1m,Landed
2025-06-03,QZ811,AWQ811,Indonesia AirAsia,Jakarta,CGK,WIII,22:50,14:50,23:42,52min late,00:13,33min late,1h 31m,Landed
2025-06-03,QG661,CTV661,Citilink,Jakarta,CGK,WIII,23:00,15:00,00:07,7min late,00:36,41min late,1h 28m,Landed
2025-06-03,VA96,VOZ096,Virgin Australia,Melbourne,MEL,YMML,23:05,15:05,00:47,42min late,07:09,29min late,4h 22m,Landed
2025-06-03,JT3020,,Lion Air,Seoul,ICN,RKSI,23:05,15:05,,,,,7h 5m,
2025-06-03,3K240,JSA240,Jetstar Asia,Singapore,SIN,WSSS,23:25,15:25,23:03,21min early,01:35,34min early,2h 32m,Landed
2025-06-03,GA714,GIA714,Garuda Indonesia,Sydney,SYD,YSSY,23:25,15:25,23:21,3min early,06:51,18min early,5h 30m,Landed
2025-06-03,JQ36,JST036,Jetstar Airways,Melbourne,MEL,YMML,23:30,15:30,23:46,16min late,06:48,16min early,5h 2m,Landed
2025-06-03,VA68,VOZ068,Virgin Australia,Sydney,SYD,YSSY,23:35,15:35,23:39,4min late,07:26,18min early,5h 47m,Landed
2025-06-03,KE634,KAL634,Korean Air Lines,Seoul,ICN,RKSI,23:45,15:45,02:49,4min late,07:44,10min early,3h 54m,Landed
2025-06-03,JQ128,JST128,Jetstar Airways,Adelaide,ADL,YPAD,23:55,15:55,00:06,11min late,06:07,7min early,4h 31m,Landed
2025-06-04,BX602,ABL602,Air Busan,Busan,PUS,RKPK,00:05,16:05,00:33,28min late,08:16,6min late,6h 42m,Landed
2025-06-04,GA880,GIA880,Garuda Indonesia,Tokyo,NRT,RJAA,00:20,16:20,00:30,10min late,01:30,19min early,,Landed
2025-06-04,CZ626,CSN626,China Southern Airlines,Guangzhou,CAN,ZGGG,00:30,16:30,00:50,20min late,05:39,10min early,4h 49m,Landed
2025-06-04,MF892,CXA892,Xiamen Airlines,Xiamen,XMN,ZSAM,00:30,16:30,01:11,41min late,06:27,22min late,5h 15m,Landed
2025-06-04,QR961,QTR961,Qatar Airways,Doha,DOH,OTHH,00:35,16:35,00:25,9min early,04:16,39min early,8h 50m,Landed
2025-06-04,EK399,UAE399,Emirates,Dubai,DXB,OMDB,00:35,16:35,01:04,29min late,05:30,4min early,8h 25m,Landed
2025-06-04,KE630,KAL630,Korean Air Lines,Seoul,ICN,RKSI,00:50,16:50,01:13,23min late,08:51,28min early,6h 37m,Landed
2025-06-04,MU5030,CES5030,China Eastern Airlines,Shanghai,PVG,ZSPD,00:55,16:55,00:47,8min early,07:11,48min early,6h 24m,Landed
2025-06-04,PR538,PAL538,Philippine Airlines,Manila,MNL,RPLL,00:55,16:55,02:31,36min late,04:38,11min early,2h 6m,Landed
2025-06-04,JQ91,JST091,Jetstar Airways,Cairns,CNS,YBCS,00:55,16:55,01:25,30min late,07:30,5min late,4h 5m,Landed
2025-06-04,QZ300,AWQ300,Indonesia AirAsia,Hong Kong,HKG,VHHH,01:10,17:10,01:16,6min late,06:09,9min late,4h 52m,Landed
2025-06-04,GA870,GIA870,Garuda Indonesia,Seoul,ICN,RKSI,01:15,17:15,01:13,1min early,09:23,8min late,7h 10m,Landed
2025-06-04,8B5888,,TransNusa,Manado,MDC,WAMM,01:50,17:50,,,,,2h 35m,
2025-06-04,GA401,GIA401,Garuda Indonesia,Jakarta,CGK,WIII,07:00,23:00,07:08,8min late,07:44,15min early,1h 35m,Landed
2025-06-04,JT3569,LNI3569,Lion Air,Yogyakarta,YIA,WAHI,07:00,23:00,07:33,33min late,07:44,14min late,1h 10m,Landed
2025-06-04,JT944,,Lion Air,Makassar,UPG,WAAA,07:00,23:00,,,,,1h 20m,
2025-06-04,QZ550,AWQ550,Indonesia AirAsia,Kuala Lumpur,KUL,WMKK,07:00,23:00,07:17,17min late,09:52,7min early,2h 35m,Landed
2025-06-04,JT929,LNI929,Lion Air,Surabaya,SUB,WARR,07:00,23:00,07:21,21min late,07:00,on time,38m,Landed
2025-06-04,JT746,LNI746,Lion Air,Makassar,UPG,WAAA,07:00,23:00,07:40,40min late,08:38,18min late,58m,Landed
2025-06-04,JT856,,Lion Air,Surabaya,SUB,WARR,07:00,23:00,,,,,1h 1m,
2025-06-04,QG690,CTV690,Citilink,Surabaya,SUB,WARR,07:05,23:05,07:58,53min late,07:33,28min late,35m,Landed
2025-06-04,QZ534,AWQ534,Indonesia AirAsia,Perth,PER,YPPH,07:05,23:05,07:29,24min late,11:12,12min late,3h 42m,Landed
2025-06-04,QZ502,AWQ502,Indonesia AirAsia,Singapore,SIN,WSSS,07:10,23:10,07:19,9min late,09:41,9min early,2h 21m,Landed
2025-06-04,SQ949,SIA949,Singapore Airlines,Singapore,SIN,WSSS,07:10,23:10,07:36,26min late,09:49,11min early,2h 13m,Landed
2025-06-04,QZ644,AWQ644,Indonesia AirAsia,Labuan Bajo,LBJ,WATO,07:10,23:10,07:25,15min late,08:14,on time,48m,Landed
2025-06-04,QZ813,AWQ813,Indonesia AirAsia,Jakarta,CGK,WIII,07:15,23:15,07:13,1min early,07:41,28min early,1h 28m,Landed
2025-06-04,QG663,,Citilink,Jakarta,CGK,WIII,07:30,23:30,07:48,18min late,08:18,6min early,1h 30m,Landed
2025-06-04,JQ82,JST082,Jetstar Airways,Darwin,DRW,YPDN,07:50,23:50,08:00,10min late,11:45,14min early,2h 15m,Landed
2025-06-04,IW1854,WON1854,Wings Air,Lombok,LOP,WADL,08:00,00:00,08:04,4min late,08:25,19min early,21m,Landed
2025-06-04,IU731,SJV731,SW Italia,Jakarta,CGK,WIII,08:05,00:05,08:13,8min late,08:46,13min early,1h 32m,Landed
2025-06-04,HX706,CRK706,Hong Kong Airlines,Hong Kong,HKG,VHHH,08:15,00:15,08:22,7min late,13:19,on time,4h 57m,Landed
2025-06-04,IW1850,WON1850,Wings Air,Lombok,LOP,WADL,08:35,00:35,08:41,6min late,09:18,1min early,36m,Landed
2025-06-04,5J280,CEB280,CEBU Pacific Air,Manila,MNL,RPLL,08:35,00:35,08:44,9min late,12:21,28min early,3h 37m,Landed
2025-06-04,CZ8482,CSN8482,China Southern Airlines,Guangzhou,CAN,ZGGG,08:40,00:40,08:48,8min late,13:41,8min early,4h 53m,Landed
2025-06-04,IU703,,SW Italia,Surabaya,SUB,WARR,08:40,00:40,,,,,1h 0m,Cancelled
2025-06-04,QZ504,AWQ504,Indonesia AirAsia,Singapore,SIN,WSSS,09:00,01:00,08:56,3min early,11:23,21min early,2h 27m,Landed
2025-06-04,IU751,,SW Italia,Jakarta,CGK,WIII,09:05,01:05,,,,,1h 55m,Cancelled
2025-06-04,8B80,TNU080,Business Air,Perth,PER,YPPH,09:05,01:05,03:29,35min early,13:17,22min late,9h 48m,Landed
2025-06-04,IN640,LKN640,Nam Air,Tambolaka,TMC,WADT,09:10,01:10,09:30,20min late,10:11,1min late,41m,Landed
2025-06-04,IW1832,,Wings Air,Tambolaka,TMC,WADT,09:10,01:10,,,,,1h 25m,Cancelled
2025-06-04,8B5105,TNU5105,Business Air,Jakarta,CGK,WIII,09:10,01:10,09:34,24min late,09:59,on time,1h 25m,Landed
2025-06-04,IW1856,WON1856,Wings Air,Lombok,LOP,WADL,09:10,01:10,09:25,15min late,10:00,5min late,34m,Landed
2025-06-04,ID6007,BTK6007,Batik Air,Perth,PER,YPPH,09:25,01:25,09:34,9min late,13:33,18min late,3h 58m,Landed
2025-06-04,QG500,CTV500,Citilink,Dili,DIL,WPDL,09:30,01:30,09:18,12min early,12:21,1min late,2h 3m,Landed
2025-06-04,QZ803,AWQ803,Indonesia AirAsia,Jakarta,CGK,WIII,09:40,01:40,09:46,6min late,10:17,12min early,1h 31m,Landed
2025-06-04,QR965,QTR965,Qatar Airways,Doha,DOH,OTHH,09:55,01:55,09:52,2min early,13:44,35min early,8h 52m,Landed
2025-06-04,JT273,,Lion Air,Semarang,SRG,WIIS,10:00,02:00,,,,,1h 25m,Cancelled
2025-06-04,IU757,SJV757,SW Italia,Jakarta,CGK,WIII,10:00,02:00,10:23,23min late,10:53,1min early,1h 30m,Landed
2025-06-04,IW1882,WON1882,Wings Air,Sumbawa Besar,SWQ,WADS,10:00,02:00,10:35,35min late,11:18,18min late,43m,Landed
2025-06-04,SQ935,SIA935,Singapore Airlines,Singapore,SIN,WSSS,10:05,02:05,10:24,19min late,12:33,11min early,2h 9m,Landed
2025-06-04,SU297,AFL297,Aeroflot,Moscow,SVO,UUEE,10:05,02:05,10:13,8min late,17:48,26min early,12h 34m,Landed
2025-06-04,8B5101,,Business Air,Jakarta,CGK,WIII,10:25,02:25,,,,,1h 50m,
2025-06-04,QZ815,AWQ815,Indonesia AirAsia,Jakarta,CGK,WIII,10:35,02:35,10:40,5min late,11:13,16min early,1h 33m,Landed
2025-06-04,JT23,,Lion Air,Jakarta,CGK,WIII,10:35,02:35,,,,,1h 55m,
2025-06-04,AI2146,AIC2146,Air India,Delhi,DEL,VIDP,10:35,02:35,10:51,16min late,15:26,23min early,7h 4m,Landed
2025-06-04,8G182,DTL182,Mid Africa Aviation,Dili,DIL,WPDL,10:35,02:35,10:47,12min late,13:27,2min early,1h 40m,Landed
2025-06-04,TR281,TGW281,Scoot,Singapore,SIN,WSSS,10:50,02:50,10:58,8min late,13:15,15min early,2h 16m,Landed
2025-06-04,JT927,,Lion Air,Surakarta,SOC,WAHQ,10:55,02:55,,,,,1h 20m,Cancelled
2025-06-04,3K244,JSA244,Jetstar Asia,Singapore,SIN,WSSS,10:55,02:55,11:05,10min late,13:28,11min early,2h 22m,Landed
2025-06-04,IU741,SJV741,SW Italia,Jakarta,CGK,WIII,11:05,03:05,11:50,45min late,12:23,23min late,1h 33m,Landed
2025-06-04,JT924,LNI924,Lion Air,Kupang,KOE,WATT,11:05,03:05,11:23,18min late,12:43,1min early,1h 20m,Landed
2025-06-04,JT805,,Lion Air,Surabaya,SUB,WARR,11:05,03:05,,,,,1h 0m,Cancelled
2025-06-04,JQ126,JST126,Jetstar Airways,Adelaide,ADL,YPAD,11:15,03:15,11:33,18min late,17:12,17min early,4h 9m,Landed
2025-06-04,6E1606,IGO1606,IndiGo,Bangalore,BLR,VOBL,11:20,03:20,11:15,4min early,14:48,21min early,6h 3m,Landed
2025-06-04,QG9693,CTV9693,Citilink,Surabaya,SUB,WARR,11:35,03:35,11:38,3min late,11:30,14min early,52m,Landed
2025-06-04,OD309,MXD309,Malindo Air,Kuala Lumpur,KUL,WMKK,11:35,03:35,11:41,6min late,14:41,3min early,2h 59m,Landed
2025-06-04,JQ109,JST109,Jetstar Airways,Perth,PER,YPPH,11:40,03:40,12:42,2min late,15:56,31min late,3h 14m,Landed
2025-06-04,JQ32,JST032,Jetstar Airways,Melbourne,MEL,YMML,11:55,03:55,12:18,23min late,19:17,12min early,4h 59m,Landed
2025-06-04,JT569,,Lion Air,Yogyakarta,YIA,WAHI,11:55,03:55,,,,,1h 30m,Cancelled
2025-06-04,OD192,MXD192,Malindo Air,Kuala Lumpur,KUL,WMKK,11:55,03:55,13:47,52min late,17:08,3min late,3h 21m,Landed
2025-06-04,GA407,GIA407,Garuda Indonesia,Jakarta,CGK,WIII,12:00,04:00,12:14,14min late,13:02,7min late,1h 48m,Landed
2025-06-04,FD397,AIQ397,Thai AirAsia,Bangkok,DMK,VTBD,12:00,04:00,13:26,26min late,15:19,16min early,2h 52m,Landed
2025-06-04,QZ618,AWQ618,Indonesia AirAsia,Banjarmasin,BDJ,WAOO,12:05,04:05,12:09,4min late,13:10,19min early,1h 1m,Landed
2025-06-04,GA253,GIA253,Garuda Indonesia,Yogyakarta,YIA,WAHI,12:05,04:05,12:33,28min late,12:42,12min early,1h 9m,Landed
2025-06-04,SQ937,SIA937,Singapore Airlines,Singapore,SIN,WSSS,12:10,04:10,12:37,27min late,14:49,6min early,2h 11m,Landed
2025-06-04,IU705,,SW Italia,Surabaya,SUB,WARR,12:15,04:15,,,,,1h 0m,Cancelled
2025-06-04,JQ40,JST040,Jetstar Airways,Sydney,SYD,YSSY,12:20,04:20,12:37,17min late,19:55,19min early,5h 18m,Landed
2025-06-04,OD178,MXD178,Malindo Air,Kuala Lumpur,KUL,WMKK,12:25,04:25,12:47,22min late,15:28,6min early,2h 41m,Landed
2025-06-04,QZ805,AWQ805,Indonesia AirAsia,Jakarta,CGK,WIII,12:40,04:40,12:55,15min late,13:25,14min early,1h 30m,Landed
2025-06-04,OD158,MXD158,Malindo Air,Kuala Lumpur,KUL,WMKK,12:45,04:45,13:13,28min late,15:56,1min late,2h 43m,Landed
2025-06-04,IW1848,WON1848,Wings Air,Lombok,LOP,WADL,12:45,04:45,13:06,21min late,13:33,3min late,26m,Landed
2025-06-04,ID7308,BTK7308,Batik Air,Jakarta,HLP,WIHH,12:50,04:50,13:13,23min late,13:34,on time,1h 21m,Landed
2025-06-04,IP103,PAS103,Pelita Air Service,Jakarta,CGK,WIII,12:55,04:55,12:35,19min early,13:19,25min early,1h 44m,Landed
2025-06-04,MH714,MAS714,Malaysia Airlines,Kuala Lumpur,KUL,WMKK,12:55,04:55,14:21,26min late,17:08,8min late,2h 47m,Landed
2025-06-04,SQ939,SIA939,Singapore Airlines,Singapore,SIN,WSSS,13:05,05:05,13:25,20min late,15:35,15min early,2h 9m,Landed
2025-06-04,VJ900,VJC900,VietJet Air,Hanoi,HAN,VVNB,13:10,05:10,13:00,9min early,16:26,53min early,4h 26m,Landed
2025-06-04,JQ58,JST058,Jetstar Airways,Brisbane,BNE,YBBN,13:15,05:15,17:18,3min late,00:26,41min late,5h 7m,Landed
2025-06-04,IU753,,SW Italia,Jakarta,CGK,WIII,13:15,05:15,,,,,1h 55m,Cancelled
2025-06-04,OD172,MXD172,Malindo Air,Kuala Lumpur,KUL,WMKK,13:15,05:15,14:34,19min late,17:18,53min late,2h 44m,Landed
2025-06-04,JT770,LNI770,Lion Air,Manado,MDC,WAMM,13:20,05:20,13:18,1min early,15:32,27min early,2h 13m,Landed
2025-06-04,IW1834,WON1834,Wings Air,Tambolaka,TMC,WADT,13:20,05:20,13:54,34min late,16:46,1min late,2h 52m,Landed
2025-06-04,JT660,,Lion Air,Balikpapan,BPN,WALL,13:25,05:25,,,,,1h 45m,Cancelled
2025-06-04,D7799,XAX799,AirAsia X,Kuala Lumpur,KUL,WMKK,13:35,05:35,13:49,14min late,16:24,25min early,2h 34m,Landed
2025-06-04,IW1826,WON1826,Wings Air,Bima,BMU,WADB,13:40,05:40,13:41,1min late,14:23,41min early,41m,Landed
2025-06-04,ID7135,BTK7135,Batik Air,Singapore,SIN,WSSS,13:45,05:45,14:13,28min late,16:36,3min early,2h 23m,Landed
2025-06-04,QZ506,AWQ506,Indonesia AirAsia,Singapore,SIN,WSSS,13:45,05:45,14:02,17min late,16:28,11min early,2h 25m,Landed
2025-06-04,GA409,GIA409,Garuda Indonesia,Jakarta,CGK,WIII,13:45,05:45,14:02,17min late,14:42,2min early,1h 40m,Landed
2025-06-04,8B5107,TNU5107,TransNusa,Jakarta,CGK,WIII,13:50,05:50,14:45,55min late,15:12,32min late,1h 26m,Landed
2025-06-04,QG687,CTV687,Citilink,Jakarta,CGK,WIII,13:55,05:55,14:56,1min late,15:29,34min late,1h 32m,Landed
2025-06-04,QZ544,AWQ544,Indonesia AirAsia,Perth,PER,YPPH,13:55,05:55,10:42,12min early,17:26,28min early,6h 43m,Landed
2025-06-04,VJ848,VJC848,VietJet Air,Ho Chi Minh City,SGN,VVTS,14:00,06:00,14:20,20min late,17:10,20min late,3h 49m,Landed
2025-06-04,TR289,TGW289,Scoot,Singapore,SIN,WSSS,14:00,06:00,14:18,18min late,16:46,13min early,2h 28m,Landed
2025-06-04,VJ894,VJC894,VietJet Air,Ho Chi Minh City,SGN,VVTS,14:05,06:05,14:26,21min late,17:04,9min late,3h 38m,Landed
2025-06-04,OD307,MXD307,Malindo Air,Kuala Lumpur,KUL,WMKK,14:10,06:10,14:30,20min late,17:12,2min late,2h 41m,Landed
2025-06-04,ID7637,BTK7637,Batik Air,Bangkok,DMK,VTBD,14:15,06:15,15:14,59min late,18:09,24min late,3h 55m,Landed
2025-06-04,QG699,CTV699,Citilink,Surabaya,SUB,WARR,14:20,06:20,15:38,18min late,15:33,8min late,55m,Landed
2025-06-04,JT844,LNI844,Lion Air,Banjarmasin,BDJ,WAOO,14:35,06:35,15:03,28min late,16:04,4min late,1h 0m,Landed
2025-06-04,JT919,LNI919,Lion Air,Surabaya,SUB,WARR,14:40,06:40,15:19,39min late,15:02,22min late,42m,Landed
2025-06-04,QG681,CTV681,Citilink,Jakarta,CGK,WIII,14:40,06:40,15:01,21min late,15:40,19min early,1h 39m,Landed
2025-06-04,IW1884,WON1884,Wings Air,Waingapu,WGP,WADW,14:40,06:40,14:38,1min early,08:09,39min late,17h 30m,Landed
2025-06-04,AK377,AXM377,AirAsia,Kuala Lumpur,KUL,WMKK,14:45,06:45,14:52,7min late,18:06,11min late,3h 13m,Landed
2025-06-04,3K242,JSA242,Jetstar Asia,Singapore,SIN,WSSS,14:50,06:50,15:23,33min late,18:01,11min late,2h 38m,Landed
2025-06-04,JT271,LNI271,Lion Air,Semarang,SRG,WIIS,15:05,07:05,15:26,21min late,14:26,3min early,0m,Landed
2025-06-04,8B5103,,Business Air,Jakarta,CGK,WIII,15:10,07:10,,,,,1h 45m,
2025-06-04,QZ244,AWQ244,Indonesia AirAsia,Bangkok,DMK,VTBD,15:10,07:10,15:25,15min late,18:27,2min early,4h 1m,Landed
2025-06-04,JQ107,JST107,Jetstar Airways,Perth,PER,YPPH,15:10,07:10,15:42,32min late,18:59,on time,3h 17m,Landed
2025-06-04,IU759,,SW Italia,Jakarta,CGK,WIII,15:15,07:15,,,,,1h 55m,Cancelled
2025-06-04,VA50,VOZ050,Virgin Australia,Brisbane,BNE,YBBN,15:15,07:15,15:18,3min late,22:45,14min early,5h 27m,Landed
2025-06-04,GA842,GIA842,Garuda Indonesia,Singapore,SIN,WSSS,15:15,07:15,15:17,2min late,18:07,7min late,2h 50m,Landed
2025-06-04,QG195,CTV195,Citilink,Jakarta,HLP,WIHH,15:25,07:25,16:21,56min late,16:41,26min late,1h 19m,Landed
2025-06-04,JT740,LNI740,Lion Air,Makassar,UPG,WAAA,15:25,07:25,15:53,28min late,16:53,8min late,1h 0m,Landed
2025-06-04,VJ898,VJC898,VietJet Air,Ho Chi Minh City,SGN,VVTS,15:30,07:30,16:16,46min late,18:53,33min late,3h 36m,Landed
2025-06-04,ID6335,BTK6335,Batik Air,Labuan Bajo,LBJ,WATO,15:35,07:35,17:17,42min late,18:08,23min late,50m,Landed
2025-06-04,CI772,CAL772,China Airlines,Taipei,TPE,RCTP,15:40,07:40,16:10,30min late,21:35,30min late,5h 25m,Landed
2025-06-04,JT961,LNI961,Lion Air,Medan,KNO,WIMM,15:40,07:40,16:20,40min late,18:24,9min late,3h 3m,Landed
2025-06-04,JT21,LNI021,Lion Air,Jakarta,CGK,WIII,15:45,07:45,16:32,47min late,16:58,18min late,1h 25m,Landed
2025-06-04,QZ646,AWQ646,Indonesia AirAsia,Labuan Bajo,LBJ,WATO,15:45,07:45,15:47,2min late,16:36,23min early,49m,Landed
2025-06-04,IP109,PAS109,Pelita Air Service,Jakarta,CGK,WIII,15:45,07:45,16:05,20min late,16:28,6min early,1h 23m,Landed
2025-06-04,VA92,VOZ092,Virgin Australia,Melbourne,MEL,YMML,15:50,07:50,16:40,50min late,00:15,50min late,5h 35m,Landed
2025-06-04,GA411,GIA411,Garuda Indonesia,Jakarta,CGK,WIII,15:55,07:55,16:06,11min late,16:46,13min early,1h 39m,Landed
2025-06-04,VN640,HVN640,Vietnam Airlines,Ho Chi Minh City,SGN,VVTS,16:00,08:00,17:28,28min late,19:00,20min late,2h 31m,Landed
2025-06-04,CX784,CPA784,Cathay Pacific,Hong Kong,HKG,VHHH,16:10,08:10,17:43,33min late,20:44,40min early,3h 1m,Landed
2025-06-04,QZ807,AWQ807,Indonesia AirAsia,Jakarta,CGK,WIII,16:10,08:10,16:22,12min late,16:55,19min early,1h 32m,Landed
2025-06-04,IU743,,SW Italia,Jakarta,CGK,WIII,16:10,08:10,,,,,1h 55m,Cancelled
2025-06-04,QG669,CTV669,Citilink,Surabaya,SUB,WARR,16:10,08:10,16:08,2min early,16:07,12min early,59m,Landed
2025-06-04,QZ536,AWQ536,Indonesia AirAsia,Perth,PER,YPPH,16:15,08:15,16:32,17min late,19:50,19min early,3h 17m,Landed
2025-06-04,JT925,LNI925,Lion Air,Surakarta,SOC,WAHQ,16:25,08:25,16:37,12min late,16:36,8min early,58m,Landed
2025-06-04,MH850,MAS850,Malaysia Airlines,Kuala Lumpur,KUL,WMKK,16:25,08:25,16:30,5min late,19:33,1min early,3h 2m,Landed
2025-06-04,BR256,EVA256,EVA Airways,Taipei,TPE,RCTP,16:30,08:30,16:36,6min late,22:04,4min late,5h 28m,Landed
2025-06-04,JT744,,Lion Air,Makassar,UPG,WAAA,16:40,08:40,,,,,1h 20m,Cancelled
2025-06-04,QZ642,AWQ642,Indonesia AirAsia,Labuan Bajo,LBJ,WATO,16:45,08:45,16:58,13min late,17:48,6min early,49m,Landed
2025-06-04,IU273,SJV273,SW Italia,Pontianak,PNK,WIOO,16:50,08:50,18:38,48min late,19:20,30min late,1h 42m,Landed
2025-06-04,JT567,LNI567,Lion Air,Yogyakarta,YIA,WAHI,16:50,08:50,16:59,9min late,17:10,9min early,1h 10m,Landed
2025-06-04,HO1356,DKH1356,Juneyao Airlines,Shanghai,PVG,ZSPD,16:50,08:50,16:52,2min late,22:59,40min early,6h 7m,Landed
2025-06-04,TG432,THA432,Thai Airways International,Bangkok,BKK,VTBS,16:55,08:55,17:24,29min late,20:04,on time,3h 40m,Landed
2025-06-04,QZ556,AWQ556,Indonesia AirAsia,Kuala Lumpur,KUL,WMKK,16:55,08:55,17:25,30min late,20:07,2min early,2h 42m,Landed
2025-06-04,JT923,,Lion Air,Surabaya,SUB,WARR,17:05,09:05,,,,,1h 0m,Cancelled
2025-06-04,GA419,GIA419,Garuda Indonesia,Jakarta,CGK,WIII,17:25,09:25,17:33,8min late,18:05,19min early,1h 31m,Landed
2025-06-04,IU723,SJV723,SW Italia,Surabaya,SUB,WARR,17:30,09:30,17:57,27min late,17:44,14min late,47m,Landed
2025-06-04,VJ998,VJC998,VietJet Air,Hanoi,HAN,VVNB,17:30,09:30,17:52,22min late,21:36,8min early,4h 44m,Landed
2025-06-04,GA349,GIA349,Garuda Indonesia,Surabaya,SUB,WARR,17:35,09:35,17:39,4min late,17:24,20min early,44m,Landed
2025-06-04,D7793,XAX793,AirAsia X,Kuala Lumpur,KUL,WMKK,17:40,09:40,17:48,8min late,20:47,7min early,2h 59m,Landed
2025-06-04,NZ291,ANZ291,Air New Zealand,Auckland,AKL,NZAA,17:50,09:50,17:56,6min late,05:19,10min early,7h 23m,Landed
2025-06-04,OD193,MXD193,Malindo Air,Perth,PER,YPPH,18:10,10:10,01:17,7min late,04:31,46min late,3h 13m,Landed
2025-06-04,SL259,TLM259,Thai Lion Air,Bangkok,DMK,VTBD,18:20,10:20,18:38,18min late,21:41,1min late,4h 2m,Landed
2025-06-04,IU737,SJV737,SW Italia,Jakarta,CGK,WIII,18:30,10:30,20:42,12min late,21:08,43min late,1h 26m,Landed
2025-06-04,IN281,LKN281,Nam Air,Jakarta,CGK,WIII,18:30,10:30,18:48,18min late,19:15,5min late,1h 27m,Landed
2025-06-04,GA417,GIA417,Garuda Indonesia,Jakarta,CGK,WIII,18:40,10:40,19:07,27min late,19:41,1min late,1h 34m,Landed
2025-06-04,8B5109,TNU5109,TransNusa,Jakarta,CGK,WIII,18:45,10:45,20:28,43min late,21:00,30min late,1h 32m,Landed
2025-06-04,CX782,CPA782,Cathay Pacific,Hong Kong,HKG,VHHH,18:45,10:45,19:21,36min late,00:08,3min late,4h 47m,Landed
2025-06-04,EY477,ETD477,Etihad Airways,Abu Dhabi,AUH,OMAA,18:45,10:45,18:50,5min late,23:16,13min early,8h 25m,Landed
2025-06-04,QZ809,AWQ809,Indonesia AirAsia,Jakarta,CGK,WIII,18:50,10:50,19:02,12min late,19:41,3min early,1h 39m,Landed
2025-06-04,QG689,CTV689,Citilink,Jakarta,CGK,WIII,19:00,11:00,19:32,32min late,20:05,5min late,1h 32m,Landed
2025-06-04,TG440,THA440,Thai Airways International,Bangkok,BKK,VTBS,19:00,11:00,18:45,14min early,21:37,32min early,3h 52m,Landed
2025-06-04,3K246,JSA246,Jetstar Asia,Singapore,SIN,WSSS,19:15,11:15,19:24,9min late,21:42,17min early,2h 18m,Landed
2025-06-04,AK379,AXM379,AirAsia,Kuala Lumpur,KUL,WMKK,19:15,11:15,19:30,15min late,22:17,2min early,2h 46m,Landed
2025-06-04,QR963,QTR963,Qatar Airways,Doha,DOH,OTHH,19:20,11:20,19:33,13min late,23:28,11min early,8h 55m,Landed
2025-06-04,MH852,MAS852,Malaysia Airlines,Kuala Lumpur,KUL,WMKK,19:20,11:20,19:25,5min late,22:14,5min early,2h 49m,Landed
2025-06-04,IU755,SJV755,SW Italia,Jakarta,CGK,WIII,19:25,11:25,21:05,40min late,21:27,7min late,1h 22m,Landed
2025-06-04,ID7310,BTK7310,Batik Air,Jakarta,HLP,WIHH,19:25,11:25,19:45,20min late,20:13,3min late,1h 28m,Landed
2025-06-04,TR287,TGW287,Scoot,Singapore,SIN,WSSS,19:40,11:40,19:55,15min late,22:16,on time,2h 20m,Landed
2025-06-04,EK369,UAE369,Emirates,Dubai,DXB,OMDB,19:45,11:45,20:02,17min late,00:29,20min early,8h 26m,Landed
2025-06-04,ID6413,BTK6413,Batik Air,Surabaya,SUB,WARR,19:50,11:50,21:13,23min late,20:54,4min late,41m,Landed
2025-06-04,ID6517,BTK6517,Batik Air,Jakarta,CGK,WIII,20:00,12:00,22:35,35min late,23:03,8min late,1h 28m,Landed
2025-06-04,GA415,GIA415,Garuda Indonesia,Jakarta,CGK,WIII,20:00,12:00,20:25,25min late,21:00,on time,1h 34m,Landed
2025-06-04,SQ945,SIA945,Singapore Airlines,Singapore,SIN,WSSS,20:00,12:00,20:14,14min late,22:35,4min early,2h 20m,Landed
2025-06-04,8B969,TNU969,Business Air,Guangzhou,CAN,ZGGG,20:15,12:15,20:11,3min early,00:53,6min early,4h 41m,Landed
2025-06-04,QG342,CTV342,Citilink,Makassar,UPG,WAAA,20:20,12:20,21:13,53min late,22:26,31min late,1h 13m,Landed
2025-06-04,IU749,,SW Italia,Jakarta,CGK,WIII,20:25,12:25,,,,,1h 55m,Cancelled
2025-06-04,KL836,KLM836,KLM Royal Dutch Airlines,Singapore,SIN,WSSS,20:35,12:35,20:50,15min late,22:55,14min early,2h 4m,Landed
2025-06-04,IU727,SJV727,SW Italia,Surabaya,SUB,WARR,20:55,12:55,21:29,34min late,21:12,17min late,43m,Landed
2025-06-04,OD177,MXD177,Malindo Air,Melbourne,MEL,YMML,21:00,13:00,21:10,10min late,04:14,25min early,5h 4m,Landed
2025-06-04,JT25,LNI025,Lion Air,Jakarta,CGK,WIII,21:00,13:00,21:18,18min late,21:42,12min early,1h 24m,Landed
2025-06-04,GA425,GIA425,Garuda Indonesia,Jakarta,CGK,WIII,21:05,13:05,21:20,15min late,21:53,6min early,1h 32m,Landed
2025-06-04,JQ34,JST034,Jetstar Airways,Melbourne,MEL,YMML,21:20,13:20,21:26,6min late,04:17,37min early,4h 51m,Landed
2025-06-04,TK67,THY067,Turkish Airlines,Istanbul,IST,LTFM,21:20,13:20,21:21,1min late,04:37,37min early,12h 16m,Landed
2025-06-04,AK375,AXM375,AirAsia,Kuala Lumpur,KUL,WMKK,21:25,13:25,21:34,9min late,00:17,12min early,2h 43m,Landed
2025-06-04,IU745,SJV745,SW Italia,Jakarta,CGK,WIII,21:30,13:30,22:56,26min late,23:24,59min late,1h 28m,Landed
2025-06-04,ID6760,BTK6760,Batik Air,Makassar,UPG,WAAA,21:30,13:30,22:21,51min late,23:26,36min late,1h 4m,Landed
2025-06-04,JQ117,JST117,Jetstar Airways,Perth,PER,YPPH,21:30,13:30,22:38,8min late,01:46,26min late,3h 8m,Landed
2025-06-04,IP105,,Pelita Air Service,Jakarta,CGK,WIII,21:40,13:40,,,,,1h 50m,
2025-06-04,QZ819,AWQ819,Indonesia AirAsia,Jakarta,CGK,WIII,21:40,13:40,21:57,17min late,22:21,8min early,1h 24m,Landed
2025-06-04,SQ947,SIA947,Singapore Airlines,Singapore,SIN,WSSS,21:45,13:45,22:10,25min late,00:20,on time,2h 9m,Landed
2025-06-04,GA4154,GIA4154,Garuda Indonesia,Jakarta,CGK,WIII,21:50,13:50,22:05,15min late,22:36,13min early,1h 31m,Landed
2025-06-04,QZ546,AWQ546,Indonesia AirAsia,Perth,PER,YPPH,21:55,13:55,22:01,6min late,01:15,24min early,3h 13m,Landed
2025-06-04,GA718,GIA718,Garuda Indonesia,Melbourne,MEL,YMML,22:05,14:05,22:12,7min late,05:17,12min early,5h 5m,Landed
2025-06-04,QG9695,CTV9695,Citilink,Surabaya,SUB,WARR,22:10,14:10,22:36,26min late,22:21,6min late,44m,Landed
2025-06-04,QF44,QFA044,Qantas,Sydney,SYD,YSSY,22:10,14:10,22:38,28min late,06:03,1min early,5h 25m,Landed
2025-06-04,OD171,MXD171,Malindo Air,Sydney,SYD,YSSY,22:15,14:15,23:10,55min late,06:39,34min late,5h 29m,Landed
2025-06-04,JQ38,JST038,Jetstar Airways,Sydney,SYD,YSSY,22:35,14:35,23:06,31min late,06:19,10min early,5h 13m,Landed
2025-06-04,7C2712,JJA2712,Jeju Air,Seoul,ICN,RKSI,22:45,14:45,15:06,38min early,07:11,1min late,15h 4m,Landed
2025-06-04,QZ811,AWQ811,Indonesia AirAsia,Jakarta,CGK,WIII,22:50,14:50,23:05,15min late,23:23,16min early,1h 18m,Landed
2025-06-04,QG661,CTV661,Citilink,Jakarta,CGK,WIII,23:00,15:00,23:20,20min late,00:05,10min late,1h 44m,Landed
2025-06-04,VA96,VOZ096,Virgin Australia,Melbourne,MEL,YMML,23:05,15:05,23:14,9min late,06:28,11min early,5h 14m,Landed
2025-06-04,QF46,QFA046,Qantas,Melbourne,MEL,YMML,23:05,15:05,23:03,2min early,06:15,24min early,5h 12m,Landed
2025-06-04,JT3020,,Lion Air,Seoul,ICN,RKSI,23:05,15:05,,,,,7h 5m,
2025-06-04,VA82,VOZ082,Virgin Australia,Gold Coast,OOL,YBCG,23:20,15:20,00:24,4min late,06:55,on time,4h 30m,Landed
2025-06-04,3K240,JSA240,Jetstar Asia,Singapore,SIN,WSSS,23:25,15:25,23:34,9min late,01:54,15min early,2h 19m,Landed
2025-06-04,GA714,GIA714,Garuda Indonesia,Sydney,SYD,YSSY,23:25,15:25,23:30,5min late,06:52,17min early,5h 22m,Landed
2025-06-04,JQ36,JST036,Jetstar Airways,Melbourne,MEL,YMML,23:30,15:30,23:59,29min late,06:43,21min early,4h 44m,Landed
2025-06-04,VA68,VOZ068,Virgin Australia,Sydney,SYD,YSSY,23:35,15:35,23:37,2min late,07:23,21min early,5h 46m,Landed
2025-06-04,KE634,KAL634,Korean Air Lines,Seoul,ICN,RKSI,23:45,15:45,23:59,14min late,08:23,28min late,7h 24m,Landed
2025-06-04,QZ542,AWQ542,Indonesia AirAsia,Cairns,CNS,YBCS,23:45,15:45,00:04,19min late,06:25,9min early,4h 21m,Landed
2025-06-04,SV857,SVA857,Saudi Arabian Airlines,Singapore,SIN,WSSS,23:45,15:45,23:55,10min late,02:05,9min early,2h 10m,Landed
2025-06-04,JQ128,JST128,Jetstar Airways,Adelaide,ADL,YPAD,23:55,15:55,01:10,15min late,07:13,3min late,4h 33m,Landed
2025-06-05,BX602,ABL602,Air Busan,Busan,PUS,RKPK,00:05,16:05,00:33,28min late,08:16,6min late,6h 42m,Landed
2025-06-05,GA880,GIA880,Garuda Indonesia,Tokyo,NRT,RJAA,00:20,16:20,00:22,2min late,08:37,12min early,7h 15m,Landed
2025-06-05,CZ626,CSN626,China Southern Airlines,Guangzhou,CAN,ZGGG,00:30,16:30,00:45,15min late,05:33,16min early,4h 48m,Landed
2025-06-05,MF892,CXA892,Xiamen Airlines,Xiamen,XMN,ZSAM,00:30,16:30,00:48,18min late,06:10,5min late,5h 22m,Landed
2025-06-05,QR961,QTR961,Qatar Airways,Doha,DOH,OTHH,00:35,16:35,00:53,18min late,04:48,6min early,8h 55m,Landed
2025-06-05,EK399,UAE399,Emirates,Dubai,DXB,OMDB,00:35,16:35,00:42,7min late,05:31,3min early,8h 48m,Landed
2025-06-05,KE630,KAL630,Korean Air Lines,Seoul,ICN,RKSI,00:50,16:50,01:26,36min late,09:10,9min early,6h 44m,Landed
2025-06-05,PR538,PAL538,Philippine Airlines,Manila,MNL,RPLL,00:55,16:55,01:10,15min late,05:03,13min late,3h 53m,Landed
2025-06-05,JQ91,JST091,Jetstar Airways,Cairns,CNS,YBCS,00:55,16:55,01:25,30min late,07:30,5min late,4h 5m,Landed
2025-06-05,MU5030,CES5030,China Eastern Airlines,Shanghai,PVG,ZSPD,00:55,16:55,00:44,11min early,07:51,3min early,7h 7m,Landed
2025-06-05,5J282,CEB282,CEBU Pacific Air,Manila,MNL,RPLL,01:00,17:00,03:57,57min late,04:53,31min early,55m,Landed
2025-06-05,SJ726,,Sriwijaya Air,Makassar,UPG,WAAA,01:00,17:00,,,,,1h 20m,
2025-06-05,QZ548,AWQ548,Indonesia AirAsia,Perth,PER,YPPH,01:05,17:05,00:23,41min early,03:36,18min early,3h 13m,Landed
2025-06-05,GA870,GIA870,Garuda Indonesia,Seoul,ICN,RKSI,01:15,17:15,01:28,13min late,02:29,45min early,0m,Landed
2025-06-05,GA686,GIA686,Garuda Indonesia,Sorong,SOQ,WASS,01:40,17:40,01:31,8min early,05:34,10min early,3h 3m,Landed
2025-06-05,8B5888,TNU5888,Business Air,Manado,MDC,WAMM,01:50,17:50,01:42,7min early,04:04,20min early,2h 22m,Landed
2025-06-05,JT746,LNI746,Lion Air,Makassar,UPG,WAAA,07:00,23:00,07:21,21min late,08:25,5min late,1h 3m,Landed
2025-06-05,JT3569,LNI3569,Lion Air,Yogyakarta,YIA,WAHI,07:00,23:00,07:09,9min late,07:18,11min early,1h 9m,Landed
2025-06-05,JT929,LNI929,Lion Air,Surabaya,SUB,WARR,07:00,23:00,07:26,26min late,07:01,1min late,35m,Landed
2025-06-05,GA401,GIA401,Garuda Indonesia,Jakarta,CGK,WIII,07:00,23:00,07:02,2min late,07:37,22min early,1h 35m,Landed
2025-06-05,QZ550,AWQ550,Indonesia AirAsia,Kuala Lumpur,KUL,WMKK,07:00,23:00,07:04,4min late,09:47,12min early,2h 42m,Landed
2025-06-05,JT944,,Lion Air,Makassar,UPG,WAAA,07:00,23:00,,,,,1h 20m,
2025-06-05,QZ534,AWQ534,Indonesia AirAsia,Perth,PER,YPPH,07:05,23:05,07:11,6min late,07:11,48min early,0m,Landed
2025-06-05,QG690,CTV690,Citilink,Surabaya,SUB,WARR,07:05,23:05,07:14,9min late,06:55,9min early,40m,Landed
2025-06-05,SQ949,SIA949,Singapore Airlines,Singapore,SIN,WSSS,07:10,23:10,07:31,21min late,09:46,13min early,2h 14m,Landed
2025-06-05,QZ644,AWQ644,Indonesia AirAsia,Labuan Bajo,LBJ,WATO,07:10,23:10,07:33,23min late,08:23,8min late,50m,Landed
2025-06-05,QZ502,AWQ502,Indonesia AirAsia,Singapore,SIN,WSSS,07:10,23:10,07:25,15min late,09:44,5min early,2h 19m,Landed
2025-06-05,QG663,CTV663,Citilink,Jakarta,CGK,WIII,07:30,23:30,07:56,26min late,08:26,1min late,1h 29m,Landed
2025-06-05,IW1854,WON1854,Wings Air,Lombok,LOP,WADL,08:00,00:00,08:06,6min late,08:30,14min early,23m,Landed
2025-06-05,IU731,SJV731,SW Italia,Jakarta,CGK,WIII,08:05,00:05,08:31,26min late,08:58,1min early,1h 26m,Landed
2025-06-05,HX706,CRK706,Hong Kong Airlines,Hong Kong,HKG,VHHH,08:15,00:15,10:10,55min late,13:09,10min early,2h 59m,Landed
2025-06-05,5J280,CEB280,CEBU Pacific Air,Manila,MNL,RPLL,08:35,00:35,08:34,on time,12:23,26min early,3h 49m,Landed
2025-06-05,IW1850,WON1850,Wings Air,Lombok,LOP,WADL,08:35,00:35,08:34,on time,08:56,23min early,22m,Landed
2025-06-05,CZ8482,CSN8482,China Southern Airlines,Guangzhou,CAN,ZGGG,08:40,00:40,09:05,25min late,13:56,6min late,4h 51m,Landed
2025-06-05,IU703,SJV703,SW Italia,Surabaya,SUB,WARR,08:40,00:40,19:36,56min late,19:19,39min late,42m,Landed
2025-06-05,QZ504,AWQ504,Indonesia AirAsia,Singapore,SIN,WSSS,09:00,01:00,09:03,3min late,11:24,20min early,2h 21m,Landed
2025-06-05,IU751,,SW Italia,Jakarta,CGK,WIII,09:05,01:05,,,,,1h 55m,Cancelled
2025-06-05,8B80,TNU080,Business Air,Perth,PER,YPPH,09:05,01:05,09:18,13min late,12:43,11min early,3h 24m,Landed
2025-06-05,8B5105,TNU5105,Business Air,Jakarta,CGK,WIII,09:10,01:10,09:16,6min late,09:48,11min early,1h 31m,Landed
2025-06-05,IW1832,WON1832,Wings Air,Tambolaka,TMC,WADT,09:10,01:10,09:35,25min late,12:19,44min late,2h 44m,Landed
2025-06-05,IN640,LKN640,Nam Air,Tambolaka,TMC,WADT,09:10,01:10,09:09,on time,09:56,13min early,47m,Landed
2025-06-05,IW1856,WON1856,Wings Air,Lombok,LOP,WADL,09:10,01:10,10:40,30min late,09:35,19min early,,Landed
2025-06-05,ID6007,BTK6007,Batik Air,Perth,PER,YPPH,09:25,01:25,07:34,50min early,13:02,13min early,5h 27m,Landed
2025-06-05,QG500,CTV500,Citilink,Dili,DIL,WPDL,09:30,01:30,09:18,12min early,12:24,4min late,2h 6m,Landed
2025-06-05,QZ803,AWQ803,Indonesia AirAsia,Jakarta,CGK,WIII,09:40,01:40,09:35,4min early,10:13,16min early,1h 37m,Landed
2025-06-05,QR965,QTR965,Qatar Airways,Doha,DOH,OTHH,09:55,01:55,10:19,24min late,14:04,15min early,8h 45m,Landed
2025-06-05,IU757,SJV757,SW Italia,Jakarta,CGK,WIII,10:00,02:00,10:54,54min late,11:22,27min late,1h 27m,Landed
2025-06-05,IW1882,WON1882,Wings Air,Sumbawa Besar,SWQ,WADS,10:00,02:00,10:28,28min late,11:10,10min late,42m,Landed
2025-06-05,JT270,LNI270,Lion Air,Kupang,KOE,WATT,10:00,02:00,10:20,20min late,11:39,on time,1h 19m,Landed
2025-06-05,SQ935,SIA935,Singapore Airlines,Singapore,SIN,WSSS,10:05,02:05,09:59,5min early,12:20,25min early,2h 20m,Landed
2025-06-05,8B5101,TNU5101,Business Air,Jakarta,CGK,WIII,10:25,02:25,10:25,on time,10:55,19min early,1h 30m,Landed
2025-06-05,8G182,DTL182,Mid Africa Aviation,Dili,DIL,WPDL,10:35,02:35,11:00,25min late,13:36,6min late,1h 36m,Landed
2025-06-05,AI2146,AIC2146,Air India,Delhi,DEL,VIDP,10:35,02:35,10:31,4min early,15:22,27min early,7h 21m,Landed
2025-06-05,JT23,,Lion Air,Jakarta,CGK,WIII,10:35,02:35,,,,,1h 55m,Cancelled
2025-06-05,TR281,TGW281,Scoot,Singapore,SIN,WSSS,10:50,02:50,11:03,13min late,13:28,1min early,2h 25m,Landed
2025-06-05,JT927,LNI927,Lion Air,Surakarta,SOC,WAHQ,10:55,02:55,11:08,13min late,11:04,10min early,55m,Landed
2025-06-05,3K244,JSA244,Jetstar Asia,Singapore,SIN,WSSS,10:55,02:55,11:04,9min late,13:21,18min early,2h 16m,Landed
2025-06-05,IU741,,SW Italia,Jakarta,CGK,WIII,11:05,03:05,,,,,1h 55m,Cancelled
2025-06-05,JT924,LNI924,Lion Air,Kupang,KOE,WATT,11:05,03:05,11:21,16min late,12:43,1min early,1h 21m,Landed
2025-06-05,JT805,LNI805,Lion Air,Surabaya,SUB,WARR,11:05,03:05,11:44,39min late,11:29,24min late,45m,Landed
2025-06-05,6E1606,IGO1606,IndiGo,Bangalore,BLR,VOBL,11:20,03:20,11:11,9min early,14:39,30min early,5h 58m,Landed
2025-06-05,QZ780,AWQ780,Indonesia AirAsia,Balikpapan,BPN,WALL,11:25,03:25,11:28,3min late,12:45,19min early,1h 16m,Landed
2025-06-05,GA427,GIA427,Garuda Indonesia,Jakarta,CGK,WIII,11:25,03:25,11:47,22min late,12:25,on time,1h 38m,Landed
2025-06-05,JQ111,JST111,Jetstar Airways,Perth,PER,YPPH,11:30,03:30,11:50,20min late,15:02,12min early,3h 12m,Landed
2025-06-05,QG9693,CTV9693,Citilink,Surabaya,SUB,WARR,11:35,03:35,11:51,16min late,11:40,4min early,48m,Landed
2025-06-05,OD309,MXD309,Malindo Air,Kuala Lumpur,KUL,WMKK,11:35,03:35,11:46,11min late,14:39,5min early,2h 52m,Landed
2025-06-05,JQ109,JST109,Jetstar Airways,Perth,PER,YPPH,11:40,03:40,12:00,20min late,15:11,13min early,3h 11m,Landed
2025-06-05,IN642,,NAM Air,Tambolaka,TMC,WADT,11:40,03:40,,,,,1h 0m,
2025-06-05,JQ40,JST040,Jetstar Airways,Sydney,SYD,YSSY,11:55,03:55,12:35,40min late,19:41,8min early,5h 6m,Landed
2025-06-05,JQ32,JST032,Jetstar Airways,Melbourne,MEL,YMML,11:55,03:55,12:18,23min late,19:12,17min early,4h 54m,Landed
2025-06-05,OD192,MXD192,Malindo Air,Kuala Lumpur,KUL,WMKK,11:55,03:55,13:51,56min late,16:27,22min late,2h 35m,Landed
2025-06-05,JT569,,Lion Air,Yogyakarta,YIA,WAHI,11:55,03:55,,,,,1h 30m,Cancelled
2025-06-05,GA407,GIA407,Garuda Indonesia,Jakarta,CGK,WIII,12:00,04:00,12:10,10min late,12:39,15min early,1h 29m,Landed
2025-06-05,FD397,AIQ397,Thai AirAsia,Bangkok,DMK,VTBD,12:00,04:00,12:38,38min late,15:47,12min late,4h 9m,Landed
2025-06-05,GA253,GIA253,Garuda Indonesia,Yogyakarta,YIA,WAHI,12:05,04:05,12:39,34min late,12:56,1min late,1h 17m,Landed
2025-06-05,QZ540,AWQ540,Indonesia AirAsia,Darwin,DRW,YPDN,12:05,04:05,12:02,2min early,15:59,15min early,2h 26m,Landed
2025-06-05,SQ937,SIA937,Singapore Airlines,Singapore,SIN,WSSS,12:10,04:10,12:08,1min early,14:31,24min early,2h 22m,Landed
2025-06-05,IU705,,SW Italia,Surabaya,SUB,WARR,12:15,04:15,,,,,1h 0m,Cancelled
2025-06-05,OD178,MXD178,Malindo Air,Kuala Lumpur,KUL,WMKK,12:25,04:25,12:29,4min late,15:13,21min early,2h 44m,Landed
2025-06-05,D7795,XAX795,AirAsia X,Kuala Lumpur,KUL,WMKK,12:30,04:30,12:43,13min late,15:32,12min early,2h 48m,Landed
2025-06-05,IN6400,LKN6400,NAM Air,Tambolaka,TMC,WADT,12:44,04:44,12:47,2min late,13:30,2min late,42m,Landed
2025-06-05,IW1848,WON1848,Wings Air,Lombok,LOP,WADL,12:45,04:45,13:35,50min late,14:02,32min late,27m,Landed
2025-06-05,ID7308,BTK7308,Batik Air,Jakarta,HLP,WIHH,12:50,04:50,10:41,8min early,11:14,20min early,1h 32m,Landed
2025-06-05,IP103,PAS103,Pelita Air Service,Jakarta,CGK,WIII,12:55,04:55,12:42,12min early,13:21,23min early,1h 38m,Landed
2025-06-05,MH714,MAS714,Malaysia Airlines,Kuala Lumpur,KUL,WMKK,12:55,04:55,13:18,23min late,16:12,12min late,2h 54m,Landed
2025-06-05,SQ939,SIA939,Singapore Airlines,Singapore,SIN,WSSS,13:05,05:05,13:04,on time,15:43,7min early,2h 38m,Landed
2025-06-05,VJ900,VJC900,VietJet Air,Hanoi,HAN,VVNB,13:10,05:10,14:25,15min late,17:53,33min late,4h 28m,Landed
2025-06-05,OD172,MXD172,Malindo Air,Kuala Lumpur,KUL,WMKK,13:15,05:15,15:28,13min late,18:13,48min late,2h 45m,Landed
2025-06-05,IU753,SJV753,SW Italia,Jakarta,CGK,WIII,13:15,05:15,13:58,43min late,14:33,23min late,1h 34m,Landed
2025-06-05,JQ58,JST058,Jetstar Airways,Brisbane,BNE,YBBN,13:15,05:15,13:18,3min late,20:18,26min early,5h 0m,Landed
2025-06-05,IW1834,WON1834,Wings Air,Tambolaka,TMC,WADT,13:20,05:20,13:37,17min late,14:44,on time,1h 6m,Landed
2025-06-05,JT660,LNI660,Lion Air,Balikpapan,BPN,WALL,13:25,05:25,14:06,41min late,15:24,14min late,1h 18m,Landed
2025-06-05,D7799,XAX799,AirAsia X,Kuala Lumpur,KUL,WMKK,13:35,05:35,13:48,13min late,16:32,17min early,2h 44m,Landed
2025-06-05,IW1826,WON1826,Wings Air,Bima,BMU,WADB,13:40,05:40,14:09,29min late,15:16,11min late,1h 7m,Landed
2025-06-05,QZ506,AWQ506,Indonesia AirAsia,Singapore,SIN,WSSS,13:45,05:45,13:59,14min late,13:59,40min early,0m,Landed
2025-06-05,GA409,GIA409,Garuda Indonesia,Jakarta,CGK,WIII,13:45,05:45,13:52,7min late,14:27,17min early,1h 35m,Landed
2025-06-05,8B5107,TNU5107,Business Air,Jakarta,CGK,WIII,13:50,05:50,14:20,30min late,14:48,8min late,1h 28m,Landed
2025-06-05,QZ544,AWQ544,Indonesia AirAsia,Perth,PER,YPPH,13:55,05:55,14:26,31min late,17:55,on time,3h 28m,Landed
2025-06-05,IW1964,WON1964,Wings Air,Lombok,LOP,WADL,13:55,05:55,14:02,7min late,14:25,14min early,23m,Landed
2025-06-05,VJ848,,VietJet Air,Ho Chi Minh City,SGN,VVTS,14:00,06:00,,,,,3h 50m,
2025-06-05,TR289,TGW289,Scoot,Singapore,SIN,WSSS,14:00,06:00,14:41,41min late,16:52,7min early,2h 10m,Landed
2025-06-05,VJ894,VJC894,VietJet Air,Ho Chi Minh City,SGN,VVTS,14:05,06:05,14:14,9min late,16:41,13min early,3h 27m,Landed
2025-06-05,IU735,SJV735,SW Italia,Jakarta,CGK,WIII,14:15,06:15,15:50,35min late,16:17,7min late,1h 26m,Landed
2025-06-05,ID7637,BTK7637,Batik Air,Bangkok,DMK,VTBD,14:15,06:15,14:40,25min late,17:38,6min early,3h 58m,Landed
2025-06-05,QG699,CTV699,Citilink,Surabaya,SUB,WARR,14:20,06:20,14:46,26min late,14:32,7min late,46m,Landed
2025-06-05,JT844,,Lion Air,Banjarmasin,BDJ,WAOO,14:35,06:35,,,,,1h 25m,Cancelled
2025-06-05,QG681,CTV681,Citilink,Jakarta,CGK,WIII,14:40,06:40,15:08,28min late,15:43,7min early,1h 34m,Landed
2025-06-05,JT919,LNI919,Lion Air,Surabaya,SUB,WARR,14:40,06:40,15:32,52min late,15:13,33min late,41m,Landed
2025-06-05,IW1884,WON1884,Wings Air,Waingapu,WGP,WADW,14:40,06:40,15:15,35min late,16:36,6min late,1h 21m,Landed
2025-06-05,AK377,AXM377,AirAsia,Kuala Lumpur,KUL,WMKK,14:45,06:45,17:27,42min late,20:13,18min late,2h 46m,Landed
2025-06-05,QZ244,AWQ244,Indonesia AirAsia,Bangkok,DMK,VTBD,14:45,06:45,14:47,2min late,17:45,24min early,3h 58m,Landed
2025-06-05,OD307,MXD307,Malindo Air,Kuala Lumpur,KUL,WMKK,14:50,06:50,15:16,26min late,17:57,7min late,2h 41m,Landed
2025-06-05,3K242,JSA242,Jetstar Asia,Singapore,SIN,WSSS,14:50,06:50,14:55,5min late,17:23,26min early,2h 28m,Landed
2025-06-05,QG687,CTV687,Citilink,Jakarta,CGK,WIII,14:50,06:50,15:48,58min late,16:29,39min late,1h 41m,Landed
2025-06-05,JQ44,JST044,Jetstar Airways,Melbourne,MEL,YMML,14:55,06:55,15:22,27min late,22:09,20min early,4h 47m,Landed
2025-06-05,JT271,LNI271,Lion Air,Semarang,SRG,WIIS,15:05,07:05,15:55,50min late,15:53,23min late,57m,Landed
2025-06-05,8B5103,,TransNusa,Jakarta,CGK,WIII,15:10,07:10,,,,,1h 45m,
2025-06-05,VA50,VOZ050,Virgin Australia,Brisbane,BNE,YBBN,15:15,07:15,15:17,2min late,22:54,5min early,5h 37m,Landed
2025-06-05,IU759,SJV759,SW Italia,Jakarta,CGK,WIII,15:15,07:15,16:12,57min late,16:52,42min late,1h 39m,Landed
2025-06-05,GA842,GIA842,Garuda Indonesia,Singapore,SIN,WSSS,15:15,07:15,15:40,25min late,18:04,4min late,2h 23m,Landed
2025-06-05,QG195,CTV195,Citilink,Jakarta,HLP,WIHH,15:25,07:25,16:50,25min late,17:15,0min late,1h 25m,Landed
2025-06-05,GA7036,GIA7036,Garuda Indonesia,Labuan Bajo,LBJ,WATO,15:25,07:25,15:35,10min late,16:29,5min early,54m,Landed
2025-06-05,JT740,LNI740,Lion Air,Makassar,UPG,WAAA,15:25,07:25,16:51,26min late,17:56,11min late,1h 4m,Landed
2025-06-05,VJ898,VJC898,VietJet Air,Ho Chi Minh City,SGN,VVTS,15:30,07:30,16:06,36min late,18:23,3min late,3h 17m,Landed
2025-06-05,ID6335,BTK6335,Batik Air,Labuan Bajo,LBJ,WATO,15:35,07:35,16:56,21min late,17:48,3min late,51m,Landed
2025-06-05,CI772,CAL772,China Airlines,Taipei,TPE,RCTP,15:40,07:40,16:08,28min late,21:29,24min late,5h 21m,Landed
2025-06-05,QZ646,AWQ646,Indonesia AirAsia,Labuan Bajo,LBJ,WATO,15:45,07:45,15:53,8min late,16:46,13min early,53m,Landed
2025-06-05,JT21,LNI021,Lion Air,Jakarta,CGK,WIII,15:45,07:45,16:53,8min late,17:30,50min late,1h 36m,Landed
2025-06-05,IP109,PAS109,Pelita Air Service,Jakarta,CGK,WIII,15:45,07:45,15:37,7min early,16:27,7min early,1h 50m,Landed
2025-06-05,VN640,HVN640,Vietnam Airlines,Ho Chi Minh City,SGN,VVTS,16:00,08:00,16:43,43min late,19:05,25min late,3h 22m,Landed
2025-06-05,CX784,CPA784,Cathay Pacific,Hong Kong,HKG,VHHH,16:10,08:10,17:51,41min late,20:48,36min early,2h 56m,Landed
2025-06-05,QZ807,AWQ807,Indonesia AirAsia,Jakarta,CGK,WIII,16:10,08:10,16:23,13min late,17:05,9min early,1h 42m,Landed
2025-06-05,QG669,CTV669,Citilink,Surabaya,SUB,WARR,16:10,08:10,16:29,19min late,16:24,4min late,55m,Landed
2025-06-05,IU743,SJV743,SW Italia,Jakarta,CGK,WIII,16:10,08:10,19:21,11min late,19:52,47min late,1h 30m,Landed
2025-06-05,QZ536,AWQ536,Indonesia AirAsia,Perth,PER,YPPH,16:15,08:15,16:32,17min late,20:01,8min early,3h 29m,Landed
2025-06-05,MH850,MAS850,Malaysia Airlines,Kuala Lumpur,KUL,WMKK,16:25,08:25,16:45,20min late,19:43,8min late,2h 58m,Landed
2025-06-05,JT925,LNI925,Lion Air,Surakarta,SOC,WAHQ,16:25,08:25,16:37,12min late,16:47,2min late,1h 9m,Landed
2025-06-05,BR256,EVA256,EVA Airways,Taipei,TPE,RCTP,16:30,08:30,16:52,22min late,22:33,33min late,5h 41m,Landed
2025-06-05,QZ246,AWQ246,Indonesia AirAsia,Phuket,HKT,VTSP,16:40,08:40,16:50,10min late,19:46,6min late,3h 56m,Landed
2025-06-05,JT744,,Lion Air,Makassar,UPG,WAAA,16:40,08:40,,,,,1h 20m,Cancelled
2025-06-05,JT567,LNI567,Lion Air,Yogyakarta,YIA,WAHI,16:50,08:50,19:22,32min late,19:29,9min late,1h 7m,Landed
2025-06-05,HO1356,DKH1356,Juneyao Airlines,Shanghai,PVG,ZSPD,16:50,08:50,17:17,27min late,23:40,on time,6h 22m,Landed
2025-06-05,QZ556,AWQ556,Indonesia AirAsia,Kuala Lumpur,KUL,WMKK,16:55,08:55,19:16,21min late,21:58,48min late,2h 41m,Landed
2025-06-05,TG432,THA432,Thai Airways International,Bangkok,BKK,VTBS,16:55,08:55,17:16,21min late,19:51,13min early,3h 35m,Landed
2025-06-05,JT923,LNI923,Lion Air,Surabaya,SUB,WARR,17:05,09:05,17:50,45min late,17:27,22min late,36m,Landed
2025-06-05,GA419,GIA419,Garuda Indonesia,Jakarta,CGK,WIII,17:25,09:25,17:29,4min late,18:09,15min early,1h 39m,Landed
2025-06-05,IU723,,SW Italia,Surabaya,SUB,WARR,17:30,09:30,,,,,1h 0m,Cancelled
2025-06-05,VJ998,VJC998,VietJet Air,Hanoi,HAN,VVNB,17:30,09:30,17:44,14min late,21:20,24min early,4h 36m,Landed
2025-06-05,GA349,GIA349,Garuda Indonesia,Surabaya,SUB,WARR,17:35,09:35,17:40,5min late,17:19,25min early,39m,Landed
2025-06-05,IN281,,NAM Air,Jakarta,CGK,WIII,17:45,09:45,,,,,1h 40m,
2025-06-05,OD193,MXD193,Malindo Air,Perth,PER,YPPH,18:10,10:10,18:59,49min late,22:14,29min late,3h 14m,Landed
2025-06-05,SL259,TLM259,Thai Lion Air,Bangkok,DMK,VTBD,18:20,10:20,18:14,5min early,21:15,24min early,4h 0m,Landed
2025-06-05,IU737,,SW Italia,Jakarta,CGK,WIII,18:30,10:30,,,,,1h 55m,
2025-06-05,IN283,LKN283,Nam Air,Jakarta,CGK,WIII,18:30,10:30,18:39,9min late,19:08,1min early,1h 29m,Landed
2025-06-05,GA417,GIA417,Garuda Indonesia,Jakarta,CGK,WIII,18:40,10:40,18:50,10min late,19:33,6min early,1h 42m,Landed
2025-06-05,8B5109,,TransNusa,Jakarta,CGK,WIII,18:45,10:45,,,,,1h 45m,
2025-06-05,EY477,ETD477,Etihad Airways,Abu Dhabi,AUH,OMAA,18:45,10:45,18:52,7min late,23:25,4min early,8h 33m,Landed
2025-06-05,CX782,CPA782,Cathay Pacific,Hong Kong,HKG,VHHH,18:45,10:45,19:05,20min late,23:56,8min early,4h 51m,Landed
2025-06-05,QZ809,AWQ809,Indonesia AirAsia,Jakarta,CGK,WIII,18:50,10:50,20:02,12min late,20:34,49min late,1h 31m,Landed
2025-06-05,QG689,CTV689,Citilink,Jakarta,CGK,WIII,19:00,11:00,18:49,10min early,19:36,23min early,1h 47m,Landed
2025-06-05,TG440,THA440,Thai Airways International,Bangkok,BKK,VTBS,19:00,11:00,19:00,on time,21:59,10min early,3h 59m,Landed
2025-06-05,3K246,JSA246,Jetstar Asia,Singapore,SIN,WSSS,19:15,11:15,19:31,16min late,21:51,8min early,2h 19m,Landed
2025-06-05,AK379,AXM379,AirAsia,Kuala Lumpur,KUL,WMKK,19:15,11:15,19:08,6min early,21:48,31min early,2h 39m,Landed
2025-06-05,MH852,MAS852,Malaysia Airlines,Kuala Lumpur,KUL,WMKK,19:20,11:20,19:24,4min late,22:08,11min early,2h 44m,Landed
2025-06-05,QR963,QTR963,Qatar Airways,Doha,DOH,OTHH,19:20,11:20,19:18,2min early,23:08,31min early,8h 50m,Landed
2025-06-05,ID7310,BTK7310,Batik Air,Jakarta,HLP,WIHH,19:25,11:25,20:47,22min late,21:11,1min late,1h 23m,Landed
2025-06-05,IU755,SJV755,SW Italia,Jakarta,CGK,WIII,19:25,11:25,20:15,50min late,20:49,29min late,1h 34m,Landed
2025-06-05,TR287,TGW287,Scoot,Singapore,SIN,WSSS,19:40,11:40,19:47,7min late,21:51,24min early,2h 3m,Landed
2025-06-05,EK369,UAE369,Emirates,Dubai,DXB,OMDB,19:45,11:45,19:58,13min late,00:35,14min early,8h 36m,Landed
2025-06-05,ID6413,BTK6413,Batik Air,Surabaya,SUB,WARR,19:50,11:50,21:04,14min late,20:04,14min late,0m,Landed
2025-06-05,GA415,GIA415,Garuda Indonesia,Jakarta,CGK,WIII,20:00,12:00,20:16,16min late,20:51,8min early,1h 35m,Landed
2025-06-05,SQ945,SIA945,Singapore Airlines,Singapore,SIN,WSSS,20:00,12:00,20:31,31min late,22:45,5min late,2h 14m,Landed
2025-06-05,8B969,TNU969,Business Air,Guangzhou,CAN,ZGGG,20:15,12:15,20:00,14min early,00:48,11min early,4h 47m,Landed
2025-06-05,QG342,CTV342,Citilink,Makassar,UPG,WAAA,20:20,12:20,21:36,16min late,22:54,59min late,1h 18m,Landed
2025-06-05,IU749,,SW Italia,Jakarta,CGK,WIII,20:25,12:25,,,,,1h 55m,Cancelled
2025-06-05,KL836,,KLM Royal Dutch Airlines,Singapore,SIN,WSSS,20:35,12:35,,,,,2h 35m,Cancelled
2025-06-05,IU727,SJV727,SW Italia,Surabaya,SUB,WARR,20:55,12:55,23:23,28min late,23:06,11min late,42m,Landed
2025-06-05,JT25,LNI025,Lion Air,Jakarta,CGK,WIII,21:00,13:00,22:10,10min late,22:39,44min late,1h 29m,Landed
2025-06-05,OD177,MXD177,Malindo Air,Melbourne,MEL,YMML,21:00,13:00,21:30,30min late,04:19,20min early,4h 49m,Landed
2025-06-05,GA425,GIA425,Garuda Indonesia,Jakarta,CGK,WIII,21:05,13:05,21:17,12min late,21:51,8min early,1h 34m,Landed
2025-06-05,TK67,THY067,Turkish Airlines,Istanbul,IST,LTFM,21:20,13:20,22:09,49min late,04:50,24min early,11h 41m,Landed
2025-06-05,JQ34,JST034,Jetstar Airways,Melbourne,MEL,YMML,21:20,13:20,21:53,33min late,04:39,15min early,4h 45m,Landed
2025-06-05,AK375,AXM375,AirAsia,Kuala Lumpur,KUL,WMKK,21:25,13:25,23:12,47min late,01:50,20min late,2h 37m,Landed
2025-06-05,IP105,PAS105,Pelita Air Service,Jakarta,CGK,WIII,21:25,13:25,21:35,10min late,22:16,6min late,1h 40m,Landed
2025-06-05,IU745,SJV745,SW Italia,Jakarta,CGK,WIII,21:30,13:30,01:02,32min late,01:44,19min late,1h 42m,Landed
2025-06-05,JQ117,JST117,Jetstar Airways,Perth,PER,YPPH,21:30,13:30,21:59,29min late,01:08,11min early,3h 9m,Landed
2025-06-05,ID6760,,Batik Air,Makassar,UPG,WAAA,21:30,13:30,,,,,1h 20m,Cancelled
2025-06-05,QZ819,AWQ819,Indonesia AirAsia,Jakarta,CGK,WIII,21:40,13:40,22:01,21min late,22:26,3min early,1h 24m,Landed
2025-06-05,SQ947,SIA947,Singapore Airlines,Singapore,SIN,WSSS,21:45,13:45,21:52,7min late,23:59,21min early,2h 6m,Landed
2025-06-05,QZ546,AWQ546,Indonesia AirAsia,Perth,PER,YPPH,21:55,13:55,22:07,12min late,01:19,20min early,3h 12m,Landed
2025-06-05,OD157,MXD157,Malindo Air,Brisbane,BNE,YBBN,22:00,14:00,03:31,31min late,05:29,20min early,,Landed
2025-06-05,GA718,GIA718,Garuda Indonesia,Melbourne,MEL,YMML,22:05,14:05,22:22,17min late,05:20,9min early,4h 57m,Landed
2025-06-05,QG9695,CTV9695,Citilink,Surabaya,SUB,WARR,22:10,14:10,22:19,9min late,22:12,2min early,53m,Landed
2025-06-05,JQ60,JST060,Jetstar Airways,Brisbane,BNE,YBBN,22:10,14:10,22:56,46min late,05:57,17min late,5h 1m,Landed
2025-06-05,QF44,QFA044,Qantas,Sydney,SYD,YSSY,22:10,14:10,22:22,12min late,06:01,3min early,5h 39m,Landed
2025-06-05,OD171,MXD171,Malindo Air,Sydney,SYD,YSSY,22:15,14:15,22:53,38min late,06:11,6min late,5h 18m,Landed
2025-06-05,JQ38,JST038,Jetstar Airways,Sydney,SYD,YSSY,22:35,14:35,22:50,15min late,06:08,21min early,5h 18m,Landed
2025-06-05,QG661,CTV661,Citilink,Jakarta,CGK,WIII,22:35,14:35,22:33,2min early,23:23,6min early,1h 50m,Landed
2025-06-05,7C2712,JJA2712,Jeju Air,Seoul,ICN,RKSI,22:45,14:45,23:05,20min late,07:17,7min late,7h 12m,Landed
2025-06-05,QZ811,AWQ811,Indonesia AirAsia,Jakarta,CGK,WIII,22:50,14:50,23:53,3min late,00:27,47min late,1h 34m,Landed
2025-06-05,VA96,VOZ096,Virgin Australia,Melbourne,MEL,YMML,23:05,15:05,23:52,47min late,06:56,16min late,5h 4m,Landed
2025-06-05,JT3020,,Lion Air,Seoul,ICN,RKSI,23:05,15:05,,,,,7h 5m,
2025-06-05,GA714,GIA714,Garuda Indonesia,Sydney,SYD,YSSY,23:25,15:25,23:34,9min late,01:34,35min early,0m,Landed
2025-06-05,3K240,JSA240,Jetstar Asia,Singapore,SIN,WSSS,23:25,15:25,23:16,9min early,01:53,16min early,2h 37m,Landed
2025-06-05,JQ36,JST036,Jetstar Airways,Melbourne,MEL,YMML,23:30,15:30,00:00,30min late,06:44,20min early,4h 43m,Landed
2025-06-05,VA68,VOZ068,Virgin Australia,Sydney,SYD,YSSY,23:35,15:35,23:33,2min early,06:42,2min early,5h 9m,Landed
2025-06-05,QG9697,CTV9697,Citilink,Surabaya,SUB,WARR,23:38,15:38,23:31,6min early,23:21,2min late,50m,Landed
2025-06-05,KE634,KAL634,Korean Air Lines,Seoul,ICN,RKSI,23:45,15:45,23:38,7min early,07:41,13min early,7h 3m,Landed
2025-06-05,QG667,CTV667,Citilink,Jakarta,CGK,WIII,23:46,15:46,23:42,3min early,00:25,6min late,1h 43m,Landed
2025-06-05,JQ128,JST128,Jetstar Airways,Adelaide,ADL,YPAD,23:55,15:55,00:39,44min late,06:11,3min early,4h 2m,Landed
2025-06-06,BX602,ABL602,Air Busan,Busan,PUS,RKPK,00:05,16:05,00:27,22min late,07:52,17min early,6h 24m,Landed
2025-06-06,GA880,GIA880,Garuda Indonesia,Tokyo,NRT,RJAA,00:20,16:20,00:18,1min early,08:32,17min early,7h 13m,Landed
2025-06-06,CZ626,CSN626,China Southern Airlines,Guangzhou,CAN,ZGGG,00:30,16:30,00:44,14min late,05:33,16min early,4h 49m,Landed
2025-06-06,MF892,CXA892,Xiamen Airlines,Xiamen,XMN,ZSAM,00:30,16:30,00:24,6min early,06:12,7min late,5h 48m,Landed
2025-06-06,QR961,QTR961,Qatar Airways,Doha,DOH,OTHH,00:35,16:35,00:29,6min early,04:29,25min early,9h 0m,Landed
2025-06-06,EK399,UAE399,Emirates,Dubai,DXB,OMDB,00:35,16:35,00:38,3min late,05:31,3min early,8h 53m,Landed
2025-06-06,KE630,KAL630,Korean Air Lines,Seoul,ICN,RKSI,00:50,16:50,07:31,41min late,09:07,12min early,35m,Landed
2025-06-06,MU5030,CES5030,China Eastern Airlines,Shanghai,PVG,ZSPD,00:55,16:55,00:41,14min early,07:09,50min early,6h 28m,Landed
2025-06-06,PR538,PAL538,Philippine Airlines,Manila,MNL,RPLL,00:55,16:55,01:08,13min late,05:00,10min late,3h 52m,Landed
2025-06-06,5J282,CEB282,CEBU Pacific Air,Manila,MNL,RPLL,01:00,17:00,01:10,10min late,04:53,31min early,3h 43m,Landed
2025-06-06,QZ548,AWQ548,Indonesia AirAsia,Perth,PER,YPPH,01:05,17:05,00:23,41min early,03:36,18min early,3h 13m,Landed
2025-06-06,GA870,GIA870,Garuda Indonesia,Seoul,ICN,RKSI,01:15,17:15,01:28,13min late,02:29,45min early,0m,Landed
2025-06-06,GA686,GIA686,Garuda Indonesia,Sorong,SOQ,WASS,01:40,17:40,01:34,5min early,05:33,11min early,2h 58m,Landed
2025-06-06,8B5888,TNU5888,Business Air,Manado,MDC,WAMM,01:50,17:50,01:37,12min early,03:51,33min early,2h 13m,Landed
2025-06-06,JT944,,Lion Air,Makassar,UPG,WAAA,07:00,23:00,,,,,1h 20m,
2025-06-06,JT929,,Lion Air,Surabaya,SUB,WARR,07:00,23:00,,,,,1h 0m,Cancelled
2025-06-06,JT746,LNI746,Lion Air,Makassar,UPG,WAAA,07:00,23:00,07:32,32min late,08:28,8min late,55m,Landed
2025-06-06,JT3569,LNI3569,Lion Air,Yogyakarta,YIA,WAHI,07:00,23:00,07:16,16min late,07:24,5min early,1h 7m,Landed
2025-06-06,GA401,GIA401,Garuda Indonesia,Jakarta,CGK,WIII,07:00,23:00,07:10,10min late,07:42,17min early,1h 31m,Landed
2025-06-06,JT856,,Lion Air,Surabaya,SUB,WARR,07:00,23:00,,,,,1h 0m,
2025-06-06,QZ550,AWQ550,Indonesia AirAsia,Kuala Lumpur,KUL,WMKK,07:00,23:00,07:30,30min late,10:09,9min late,2h 38m,Landed
2025-06-06,JQ82,JST082,Jetstar Airways,Darwin,DRW,YPDN,07:00,23:00,07:44,44min late,11:30,15min late,2h 15m,Landed
2025-06-06,QG690,CTV690,Citilink,Surabaya,SUB,WARR,07:05,23:05,07:10,5min late,07:05,on time,55m,Landed
2025-06-06,QZ534,AWQ534,Indonesia AirAsia,Perth,PER,YPPH,07:05,23:05,07:28,23min late,10:47,12min early,3h 19m,Landed
2025-06-06,SQ949,SIA949,Singapore Airlines,Singapore,SIN,WSSS,07:10,23:10,07:42,32min late,09:56,3min early,2h 13m,Landed
2025-06-06,QZ644,AWQ644,Indonesia AirAsia,Labuan Bajo,LBJ,WATO,07:10,23:10,07:35,25min late,08:25,10min late,50m,Landed
2025-06-06,QZ502,AWQ502,Indonesia AirAsia,Singapore,SIN,WSSS,07:10,23:10,07:26,16min late,07:26,23min early,0m,Landed
2025-06-06,QZ813,AWQ813,Indonesia AirAsia,Jakarta,CGK,WIII,07:15,23:15,07:38,23min late,08:03,6min early,1h 24m,Landed
2025-06-06,QG663,CTV663,Citilink,Jakarta,CGK,WIII,07:30,23:30,08:00,30min late,08:30,5min late,1h 29m,Landed
2025-06-06,IW1854,WON1854,Wings Air,Lombok,LOP,WADL,08:00,00:00,08:45,45min late,09:16,31min late,30m,Landed
2025-06-06,IW3330,WON3330,Wings Air,,,,08:00,00:00,08:12,12min late,10:37,2min early,2h 25m,Landed
2025-06-06,HX706,CRK706,Hong Kong Airlines,Hong Kong,HKG,VHHH,08:15,00:15,08:38,23min late,13:18,1min early,4h 40m,Landed
2025-06-06,IW1850,WON1850,Wings Air,Lombok,LOP,WADL,08:35,00:35,09:08,33min late,09:33,13min late,24m,Landed
2025-06-06,5J280,CEB280,CEBU Pacific Air,Manila,MNL,RPLL,08:35,00:35,08:56,21min late,12:42,7min early,3h 45m,Landed
2025-06-06,IU703,SJV703,SW Italia,Surabaya,SUB,WARR,08:40,00:40,09:01,21min late,08:39,on time,38m,Landed
2025-06-06,CZ8482,CSN8482,China Southern Airlines,Guangzhou,CAN,ZGGG,08:40,00:40,10:21,41min late,13:40,9min early,3h 18m,Landed
2025-06-06,QZ504,AWQ504,Indonesia AirAsia,Singapore,SIN,WSSS,09:00,01:00,09:00,on time,11:32,12min early,2h 31m,Landed
2025-06-06,IU751,,SW Italia,Jakarta,CGK,WIII,09:05,01:05,,,,,1h 55m,
2025-06-06,8B80,TNU080,Business Air,Perth,PER,YPPH,09:05,01:05,09:25,20min late,12:46,8min early,3h 21m,Landed
2025-06-06,IN640,LKN640,Nam Air,Tambolaka,TMC,WADT,09:10,01:10,09:28,18min late,10:09,on time,41m,Landed
2025-06-06,IW1832,WON1832,Wings Air,Tambolaka,TMC,WADT,09:10,01:10,09:33,23min late,10:40,5min late,1h 7m,Landed
2025-06-06,8B5105,TNU5105,Business Air,Jakarta,CGK,WIII,09:10,01:10,09:33,23min late,09:57,2min early,1h 24m,Landed
2025-06-06,ID6007,BTK6007,Batik Air,Perth,PER,YPPH,09:25,01:25,09:48,23min late,13:09,5min early,3h 20m,Landed
2025-06-06,QG500,CTV500,Citilink,Dili,DIL,WPDL,09:30,01:30,09:13,17min early,12:17,3min early,2h 4m,Landed
2025-06-06,QZ803,AWQ803,Indonesia AirAsia,Jakarta,CGK,WIII,09:40,01:40,09:41,1min late,10:05,24min early,1h 23m,Landed
2025-06-06,QR965,QTR965,Qatar Airways,Doha,DOH,OTHH,09:55,01:55,10:02,7min late,13:58,21min early,8h 55m,Landed
2025-06-06,IW1882,WON1882,Wings Air,Sumbawa Besar,SWQ,WADS,10:00,02:00,11:46,46min late,11:07,7min late,,Landed
2025-06-06,JT270,LNI270,Lion Air,Kupang,KOE,WATT,10:00,02:00,10:05,5min late,11:28,11min early,1h 22m,Landed
2025-06-06,IU757,SJV757,SW Italia,Jakarta,CGK,WIII,10:00,02:00,10:42,42min late,11:04,9min late,1h 22m,Landed
2025-06-06,SU297,AFL297,Aeroflot,Moscow,SVO,UUEE,10:05,02:05,10:35,30min late,17:49,25min early,12h 14m,Landed
2025-06-06,SQ935,SIA935,Singapore Airlines,Singapore,SIN,WSSS,10:05,02:05,10:11,6min late,12:42,2min early,2h 31m,Landed
2025-06-06,8B5101,TNU5101,Business Air,Jakarta,CGK,WIII,10:25,02:25,10:25,on time,10:59,15min early,1h 34m,Landed
2025-06-06,AI2146,AIC2146,Air India,Delhi,DEL,VIDP,10:35,02:35,10:53,18min late,15:36,13min early,7h 12m,Landed
2025-06-06,QZ815,AWQ815,Indonesia AirAsia,Jakarta,CGK,WIII,10:35,02:35,10:53,18min late,11:17,12min early,1h 24m,Landed
2025-06-06,JT23,LNI023,Lion Air,Jakarta,CGK,WIII,10:35,02:35,16:46,11min late,17:16,46min late,1h 29m,Landed
2025-06-06,8G182,DTL182,Mid Africa Aviation,Dili,DIL,WPDL,10:35,02:35,11:24,49min late,14:03,33min late,1h 38m,Landed
2025-06-06,QG445,CTV445,Citilink,Balikpapan,BPN,WALL,10:45,02:45,10:39,5min early,12:13,11min early,1h 34m,Landed
2025-06-06,TR281,TGW281,Scoot,Singapore,SIN,WSSS,10:50,02:50,11:01,11min late,13:19,11min early,2h 17m,Landed
2025-06-06,JT273,LNI273,Lion Air,Semarang,SRG,WIIS,10:55,02:55,11:11,16min late,11:16,3min early,1h 5m,Landed
2025-06-06,3K244,JSA244,Jetstar Asia,Singapore,SIN,WSSS,10:55,02:55,11:07,12min late,13:33,6min early,2h 25m,Landed
2025-06-06,IU741,,SW Italia,Jakarta,CGK,WIII,11:05,03:05,,,,,1h 55m,Cancelled
2025-06-06,JT924,LNI924,Lion Air,Kupang,KOE,WATT,11:05,03:05,11:22,17min late,12:46,1min late,1h 23m,Landed
2025-06-06,JT805,LNI805,Lion Air,Surabaya,SUB,WARR,11:05,03:05,11:23,18min late,11:06,1min late,43m,Landed
2025-06-06,JQ126,JST126,Jetstar Airways,Adelaide,ADL,YPAD,11:15,03:15,11:31,16min late,17:11,18min early,4h 10m,Landed
2025-06-06,6E1606,IGO1606,IndiGo,Bangalore,BLR,VOBL,11:20,03:20,11:32,12min late,14:53,16min early,5h 50m,Landed
2025-06-06,GA427,GIA427,Garuda Indonesia,Jakarta,CGK,WIII,11:25,03:25,11:45,20min late,12:18,6min early,1h 32m,Landed
2025-06-06,QG9693,CTV9693,Citilink,Surabaya,SUB,WARR,11:35,03:35,11:43,8min late,11:45,on time,1h 2m,Landed
2025-06-06,OD309,MXD309,Malindo Air,Kuala Lumpur,KUL,WMKK,11:35,03:35,12:43,8min late,15:29,44min late,2h 45m,Landed
2025-06-06,JQ109,JST109,Jetstar Airways,Perth,PER,YPPH,11:40,03:40,12:34,54min late,15:49,24min late,3h 14m,Landed
2025-06-06,JQ32,JST032,Jetstar Airways,Melbourne,MEL,YMML,11:55,03:55,12:53,58min late,19:48,18min late,4h 55m,Landed
2025-06-06,JT569,,Lion Air,Yogyakarta,YIA,WAHI,11:55,03:55,,,,,1h 30m,Cancelled
2025-06-06,OD192,MXD192,Malindo Air,Kuala Lumpur,KUL,WMKK,11:55,03:55,13:37,42min late,16:03,58min late,2h 26m,Landed
2025-06-06,FD397,AIQ397,Thai AirAsia,Bangkok,DMK,VTBD,12:00,04:00,12:41,41min late,15:26,8min early,3h 45m,Landed
2025-06-06,GA407,GIA407,Garuda Indonesia,Jakarta,CGK,WIII,12:00,04:00,12:17,17min late,12:52,2min early,1h 35m,Landed
2025-06-06,QZ618,AWQ618,Indonesia AirAsia,Banjarmasin,BDJ,WAOO,12:05,04:05,12:21,16min late,13:24,5min early,1h 2m,Landed
2025-06-06,GA253,GIA253,Garuda Indonesia,Yogyakarta,YIA,WAHI,12:05,04:05,13:12,7min late,13:37,42min late,1h 24m,Landed
2025-06-06,GA620,GIA620,Garuda Indonesia,Makassar,UPG,WAAA,12:10,04:10,12:31,21min late,13:46,6min late,1h 14m,Landed
2025-06-06,SQ937,SIA937,Singapore Airlines,Singapore,SIN,WSSS,12:10,04:10,12:46,36min late,15:06,11min late,2h 19m,Landed
2025-06-06,IU705,SJV705,SW Italia,Surabaya,SUB,WARR,12:15,04:15,13:10,55min late,12:55,40min late,44m,Landed
2025-06-06,JQ40,JST040,Jetstar Airways,Sydney,SYD,YSSY,12:20,04:20,12:57,37min late,19:51,23min early,4h 54m,Landed
2025-06-06,OD178,MXD178,Malindo Air,Kuala Lumpur,KUL,WMKK,12:25,04:25,13:06,41min late,15:54,19min late,2h 47m,Landed
2025-06-06,QZ805,AWQ805,Indonesia AirAsia,Jakarta,CGK,WIII,12:40,04:40,12:57,17min late,14:04,24min late,2h 6m,Landed
2025-06-06,IW1848,WON1848,Wings Air,Lombok,LOP,WADL,12:45,04:45,14:13,28min late,14:37,7min late,24m,Landed
2025-06-06,OD158,MXD158,Malindo Air,Kuala Lumpur,KUL,WMKK,12:45,04:45,14:01,16min late,16:48,53min late,2h 47m,Landed
2025-06-06,ID7308,BTK7308,Batik Air,Jakarta,HLP,WIHH,12:50,04:50,13:21,31min late,13:45,10min late,1h 23m,Landed
2025-06-06,IP103,PAS103,Pelita Air Service,Jakarta,CGK,WIII,12:55,04:55,13:02,7min late,14:08,23min late,2h 5m,Landed
2025-06-06,MH714,MAS714,Malaysia Airlines,Kuala Lumpur,KUL,WMKK,12:55,04:55,13:54,59min late,17:01,1min late,3h 7m,Landed
2025-06-06,SQ939,SIA939,Singapore Airlines,Singapore,SIN,WSSS,13:05,05:05,13:20,15min late,13:33,16min early,12m,Landed
2025-06-06,VJ900,VJC900,VietJet Air,Hanoi,HAN,VVNB,13:10,05:10,13:36,26min late,17:09,10min early,4h 33m,Landed
2025-06-06,JQ58,JST058,Jetstar Airways,Brisbane,BNE,YBBN,13:15,05:15,13:32,17min late,20:27,17min early,4h 55m,Landed
2025-06-06,IU753,SJV753,SW Italia,Jakarta,CGK,WIII,13:15,05:15,14:03,48min late,14:43,33min late,1h 40m,Landed
2025-06-06,OD172,MXD172,Malindo Air,Kuala Lumpur,KUL,WMKK,13:15,05:15,14:34,19min late,17:26,1min late,2h 51m,Landed
2025-06-06,JT770,LNI770,Lion Air,Manado,MDC,WAMM,13:20,05:20,13:50,30min late,16:05,5min late,2h 14m,Landed
2025-06-06,IW1834,WON1834,Wings Air,Tambolaka,TMC,WADT,13:20,05:20,13:39,19min late,14:28,16min early,49m,Landed
2025-06-06,JT660,,Lion Air,Balikpapan,BPN,WALL,13:25,05:25,,,,,1h 45m,Cancelled
2025-06-06,D7799,XAX799,AirAsia X,Kuala Lumpur,KUL,WMKK,13:35,05:35,13:43,8min late,16:28,21min early,2h 44m,Landed
2025-06-06,IW1826,WON1826,Wings Air,Bima,BMU,WADB,13:40,05:40,14:51,11min late,15:55,50min late,1h 4m,Landed
2025-06-06,GA409,GIA409,Garuda Indonesia,Jakarta,CGK,WIII,13:45,05:45,14:16,31min late,14:57,12min late,1h 40m,Landed
2025-06-06,ID7135,BTK7135,Batik Air,Singapore,SIN,WSSS,13:45,05:45,14:48,3min late,17:17,37min late,2h 29m,Landed
2025-06-06,QZ506,AWQ506,Indonesia AirAsia,Singapore,SIN,WSSS,13:45,05:45,14:07,22min late,16:42,2min late,2h 35m,Landed
2025-06-06,8B5107,TNU5107,Business Air,Jakarta,CGK,WIII,13:50,05:50,14:41,51min late,15:09,29min late,1h 27m,Landed
2025-06-06,QG687,CTV687,Citilink,Jakarta,CGK,WIII,13:55,05:55,14:23,28min late,14:52,2min early,1h 29m,Landed
2025-06-06,TR289,TGW289,Scoot,Singapore,SIN,WSSS,14:00,06:00,14:45,45min late,17:04,4min late,2h 19m,Landed
2025-06-06,VJ848,VJC848,VietJet Air,Ho Chi Minh City,SGN,VVTS,14:00,06:00,14:23,23min late,16:41,8min early,3h 17m,Landed
2025-06-06,VJ894,VJC894,VietJet Air,Ho Chi Minh City,SGN,VVTS,14:05,06:05,14:26,21min late,16:51,3min early,3h 24m,Landed
2025-06-06,QZ246,AWQ246,Indonesia AirAsia,Phuket,HKT,VTSP,14:15,06:15,15:14,59min late,17:30,15min late,3h 15m,Landed
2025-06-06,ID7637,BTK7637,Batik Air,Bangkok,DMK,VTBD,14:15,06:15,14:45,30min late,17:51,6min late,4h 6m,Landed
2025-06-06,QG699,CTV699,Citilink,Surabaya,SUB,WARR,14:20,06:20,15:00,40min late,14:56,31min late,56m,Landed
2025-06-06,JT844,LNI844,Lion Air,Banjarmasin,BDJ,WAOO,14:35,06:35,14:47,12min late,15:47,12min early,59m,Landed
2025-06-06,JT919,LNI919,Lion Air,Surabaya,SUB,WARR,14:40,06:40,15:09,29min late,14:34,5min early,25m,Landed
2025-06-06,QG681,CTV681,Citilink,Jakarta,CGK,WIII,14:40,06:40,15:14,34min late,15:47,2min early,1h 32m,Landed
2025-06-06,IW1884,,Wings Air,Waingapu,WGP,WADW,14:40,06:40,,,,,1h 50m,Cancelled
2025-06-06,AK377,AXM377,AirAsia,Kuala Lumpur,KUL,WMKK,14:45,06:45,15:10,25min late,18:13,18min late,3h 2m,Landed
2025-06-06,OD307,MXD307,Malindo Air,Kuala Lumpur,KUL,WMKK,14:50,06:50,15:31,41min late,18:13,23min late,2h 42m,Landed
2025-06-06,3K242,JSA242,Jetstar Asia,Singapore,SIN,WSSS,14:50,06:50,15:07,17min late,17:49,on time,2h 42m,Landed
2025-06-06,JQ44,JST044,Jetstar Airways,Melbourne,MEL,YMML,14:55,06:55,16:16,21min late,23:03,33min late,4h 46m,Landed
2025-06-06,JT271,LNI271,Lion Air,Semarang,SRG,WIIS,15:05,07:05,15:38,33min late,15:34,4min late,56m,Landed
2025-06-06,8B5103,,Business Air,Jakarta,CGK,WIII,15:10,07:10,,,,,1h 45m,
2025-06-06,IU759,SJV759,SW Italia,Jakarta,CGK,WIII,15:15,07:15,17:27,12min late,17:56,46min late,1h 28m,Landed
2025-06-06,GA842,GIA842,Garuda Indonesia,Singapore,SIN,WSSS,15:15,07:15,15:15,on time,18:01,1min late,2h 46m,Landed
2025-06-06,VA50,VOZ050,Virgin Australia,Brisbane,BNE,YBBN,15:15,07:15,15:12,3min early,22:33,26min early,5h 21m,Landed
2025-06-06,JT740,LNI740,Lion Air,Makassar,UPG,WAAA,15:25,07:25,17:35,10min late,18:37,52min late,1h 1m,Landed
2025-06-06,VJ898,VJC898,VietJet Air,Ho Chi Minh City,SGN,VVTS,15:30,07:30,17:52,22min late,20:18,58min late,3h 26m,Landed
2025-06-06,ID6335,BTK6335,Batik Air,Labuan Bajo,LBJ,WATO,15:35,07:35,16:26,51min late,17:18,33min late,52m,Landed
2025-06-06,CI772,CAL772,China Airlines,Taipei,TPE,RCTP,15:40,07:40,15:37,3min early,20:50,14min early,5h 13m,Landed
2025-06-06,JT961,LNI961,Lion Air,Medan,KNO,WIMM,15:40,07:40,16:13,33min late,18:11,3min early,2h 58m,Landed
2025-06-06,QZ646,AWQ646,Indonesia AirAsia,Labuan Bajo,LBJ,WATO,15:45,07:45,15:47,2min late,16:34,25min early,47m,Landed
2025-06-06,IP109,PAS109,Pelita Air Service,Jakarta,CGK,WIII,15:45,07:45,15:52,7min late,16:17,17min early,1h 25m,Landed
2025-06-06,JT21,,Lion Air,Jakarta,CGK,WIII,15:45,07:45,,,,,1h 55m,Cancelled
2025-06-06,VA92,VOZ092,Virgin Australia,Melbourne,MEL,YMML,15:50,07:50,16:37,47min late,23:50,25min late,5h 13m,Landed
2025-06-06,JQ43,JST043,Jetstar Airways,Singapore,SIN,WSSS,15:50,07:50,15:48,1min early,18:42,12min late,2h 54m,Landed
2025-06-06,GA411,GIA411,Garuda Indonesia,Jakarta,CGK,WIII,15:55,07:55,15:59,4min late,16:49,10min early,1h 49m,Landed
2025-06-06,QG669,CTV669,Citilink,Surabaya,SUB,WARR,16:10,08:10,16:09,on time,16:00,19min early,51m,Landed
2025-06-06,QG195,CTV195,Citilink,Jakarta,HLP,WIHH,16:10,08:10,16:23,13min late,16:56,3min early,1h 33m,Landed
2025-06-06,CX784,CPA784,Cathay Pacific,Hong Kong,HKG,VHHH,16:10,08:10,16:12,2min late,20:47,37min early,4h 35m,Landed
2025-06-06,QZ807,AWQ807,Indonesia AirAsia,Jakarta,CGK,WIII,16:10,08:10,16:42,32min late,17:14,on time,1h 32m,Landed
2025-06-06,IU743,,SW Italia,Jakarta,CGK,WIII,16:10,08:10,,,,,1h 55m,Cancelled
2025-06-06,QZ536,AWQ536,Indonesia AirAsia,Perth,PER,YPPH,16:15,08:15,17:19,4min late,20:29,19min late,3h 10m,Landed
2025-06-06,JT925,LNI925,Lion Air,Surakarta,SOC,WAHQ,16:25,08:25,16:44,19min late,16:40,4min early,56m,Landed
2025-06-06,MH850,MAS850,Malaysia Airlines,Kuala Lumpur,KUL,WMKK,16:25,08:25,16:30,5min late,19:30,4min early,2h 59m,Landed
2025-06-06,BR256,EVA256,EVA Airways,Taipei,TPE,RCTP,16:30,08:30,16:39,9min late,22:05,5min late,5h 26m,Landed
2025-06-06,JT744,,Lion Air,Makassar,UPG,WAAA,16:40,08:40,,,,,1h 20m,Cancelled
2025-06-06,GA421,GIA421,Garuda Indonesia,Jakarta,CGK,WIII,16:40,08:40,16:38,1min early,17:24,15min early,1h 45m,Landed
2025-06-06,QZ642,AWQ642,Indonesia AirAsia,Labuan Bajo,LBJ,WATO,16:45,08:45,16:48,3min late,17:37,17min early,48m,Landed
2025-06-06,JT567,LNI567,Lion Air,Yogyakarta,YIA,WAHI,16:50,08:50,17:38,48min late,16:38,41min early,0m,Landed
2025-06-06,IU273,SJV273,SW Italia,Pontianak,PNK,WIOO,16:50,08:50,17:57,7min late,18:34,44min late,1h 37m,Landed
2025-06-06,HO1356,DKH1356,Juneyao Airlines,Shanghai,PVG,ZSPD,16:50,08:50,17:32,42min late,23:48,8min late,6h 16m,Landed
2025-06-06,TG432,THA432,Thai Airways International,Bangkok,BKK,VTBS,16:55,08:55,17:16,21min late,19:53,11min early,3h 37m,Landed
2025-06-06,QZ556,AWQ556,Indonesia AirAsia,Kuala Lumpur,KUL,WMKK,16:55,08:55,17:08,13min late,20:08,1min early,2h 59m,Landed
2025-06-06,JT923,LNI923,Lion Air,Surabaya,SUB,WARR,17:05,09:05,17:50,45min late,17:27,22min late,36m,Landed
2025-06-06,GA419,GIA419,Garuda Indonesia,Jakarta,CGK,WIII,17:25,09:25,19:13,48min late,18:33,8min late,19m,Landed
2025-06-06,VJ998,VJC998,VietJet Air,Hanoi,HAN,VVNB,17:30,09:30,17:43,13min late,21:31,13min early,4h 48m,Landed
2025-06-06,GA349,GIA349,Garuda Indonesia,Surabaya,SUB,WARR,17:35,09:35,18:08,33min late,17:53,8min late,45m,Landed
2025-06-06,D7793,XAX793,AirAsia X,Kuala Lumpur,KUL,WMKK,17:40,09:40,17:50,10min late,20:49,5min early,2h 59m,Landed
2025-06-06,NZ291,ANZ291,Air New Zealand,Auckland,AKL,NZAA,17:50,09:50,17:47,3min early,04:55,34min early,7h 8m,Landed
2025-06-06,OD193,MXD193,Malindo Air,Perth,PER,YPPH,18:10,10:10,15:01,8min early,22:21,36min late,7h 19m,Landed
2025-06-06,SL259,TLM259,Thai Lion Air,Bangkok,DMK,VTBD,18:20,10:20,18:12,7min early,21:24,15min early,4h 11m,Landed
2025-06-06,IN281,LKN281,Nam Air,Jakarta,CGK,WIII,18:30,10:30,18:40,10min late,19:18,8min late,1h 38m,Landed
2025-06-06,IU737,SJV737,SW Italia,Jakarta,CGK,WIII,18:30,10:30,19:37,7min late,20:09,44min late,1h 32m,Landed
2025-06-06,GA417,GIA417,Garuda Indonesia,Jakarta,CGK,WIII,18:40,10:40,19:04,24min late,19:39,on time,1h 35m,Landed
2025-06-06,8B5109,TNU5109,Business Air,Jakarta,CGK,WIII,18:45,10:45,19:41,56min late,20:00,30min late,1h 18m,Landed
2025-06-06,EY477,ETD477,Etihad Airways,Abu Dhabi,AUH,OMAA,18:45,10:45,18:33,12min early,23:24,5min early,8h 51m,Landed
2025-06-06,CX782,CPA782,Cathay Pacific,Hong Kong,HKG,VHHH,18:45,10:45,18:43,2min early,23:31,33min early,4h 48m,Landed
2025-06-06,QZ809,AWQ809,Indonesia AirAsia,Jakarta,CGK,WIII,18:50,10:50,19:20,30min late,19:52,7min late,1h 32m,Landed
2025-06-06,QG689,CTV689,Citilink,Jakarta,CGK,WIII,19:00,11:00,18:57,2min early,19:24,35min early,1h 26m,Landed
2025-06-06,TG440,THA440,Thai Airways International,Bangkok,BKK,VTBS,19:00,11:00,19:20,20min late,22:17,7min late,3h 56m,Landed
2025-06-06,3K246,JSA246,Jetstar Asia,Singapore,SIN,WSSS,19:15,11:15,19:11,3min early,21:50,9min early,2h 39m,Landed
2025-06-06,AK379,AXM379,AirAsia,Kuala Lumpur,KUL,WMKK,19:15,11:15,19:17,2min late,22:19,on time,3h 2m,Landed
2025-06-06,MH852,MAS852,Malaysia Airlines,Kuala Lumpur,KUL,WMKK,19:20,11:20,20:14,54min late,23:03,43min late,2h 48m,Landed
2025-06-06,QR963,QTR963,Qatar Airways,Doha,DOH,OTHH,19:20,11:20,19:14,6min early,23:07,32min early,8h 53m,Landed
2025-06-06,ID7310,BTK7310,Batik Air,Jakarta,HLP,WIHH,19:25,11:25,19:52,27min late,20:30,20min late,1h 38m,Landed
2025-06-06,IU755,SJV755,SW Italia,Jakarta,CGK,WIII,19:25,11:25,21:16,51min late,21:48,28min late,1h 32m,Landed
2025-06-06,TR287,TGW287,Scoot,Singapore,SIN,WSSS,19:40,11:40,19:51,11min late,21:57,18min early,2h 5m,Landed
2025-06-06,EK369,UAE369,Emirates,Dubai,DXB,OMDB,19:45,11:45,19:39,6min early,00:21,28min early,8h 42m,Landed
2025-06-06,GA415,GIA415,Garuda Indonesia,Jakarta,CGK,WIII,20:00,12:00,20:13,13min late,20:41,18min early,1h 28m,Landed
2025-06-06,SQ945,SIA945,Singapore Airlines,Singapore,SIN,WSSS,20:00,12:00,20:20,20min late,22:31,8min early,2h 10m,Landed
2025-06-06,ID6517,BTK6517,Batik Air,Jakarta,CGK,WIII,20:00,12:00,20:51,51min late,21:31,36min late,1h 39m,Landed
2025-06-06,8B969,TNU969,Business Air,Guangzhou,CAN,ZGGG,20:15,12:15,20:19,4min late,01:16,16min late,4h 56m,Landed
2025-06-06,IU749,,SW Italia,Jakarta,CGK,WIII,20:25,12:25,,,,,1h 55m,
2025-06-06,KL836,KLM836,KLM Royal Dutch Airlines,Singapore,SIN,WSSS,20:35,12:35,20:56,21min late,23:10,on time,2h 14m,Landed
2025-06-06,OD177,MXD177,Malindo Air,Melbourne,MEL,YMML,21:00,13:00,22:18,18min late,05:18,38min late,4h 59m,Landed
2025-06-06,JT25,LNI025,Lion Air,Jakarta,CGK,WIII,21:00,13:00,20:46,13min early,21:21,33min early,1h 35m,Landed
2025-06-06,GA425,GIA425,Garuda Indonesia,Jakarta,CGK,WIII,21:05,13:05,21:06,on time,21:40,19min early,1h 34m,Landed
2025-06-06,JQ107,JST107,Jetstar Airways,Perth,PER,YPPH,21:10,13:10,21:09,on time,00:19,35min early,3h 10m,Landed
2025-06-06,QG342,CTV342,Citilink,Makassar,UPG,WAAA,21:10,13:10,21:03,7min early,22:17,27min early,1h 14m,Landed
2025-06-06,JQ34,JST034,Jetstar Airways,Melbourne,MEL,YMML,21:20,13:20,22:21,1min late,05:06,11min late,4h 45m,Landed
2025-06-06,TK67,THY067,Turkish Airlines,Istanbul,IST,LTFM,21:20,13:20,21:15,4min early,04:40,34min early,12h 24m,Landed
2025-06-06,IP105,PAS105,Pelita Air Service,Jakarta,CGK,WIII,21:25,13:25,21:32,7min late,21:57,12min early,1h 24m,Landed
2025-06-06,AK375,AXM375,AirAsia,Kuala Lumpur,KUL,WMKK,21:25,13:25,23:45,20min late,02:33,3min late,2h 47m,Landed
2025-06-06,IU745,,SW Italia,Jakarta,CGK,WIII,21:30,13:30,,,,,1h 55m,Cancelled
2025-06-06,JQ117,JST117,Jetstar Airways,Perth,PER,YPPH,21:30,13:30,22:35,5min late,01:45,25min late,3h 10m,Landed
2025-06-06,ID6760,,Batik Air,Makassar,UPG,WAAA,21:30,13:30,,,,,1h 20m,Cancelled
2025-06-06,QZ819,AWQ819,Indonesia AirAsia,Jakarta,CGK,WIII,21:40,13:40,21:43,3min late,22:11,18min early,1h 28m,Landed
2025-06-06,SQ947,SIA947,Singapore Airlines,Singapore,SIN,WSSS,21:45,13:45,22:00,15min late,00:13,7min early,2h 12m,Landed
2025-06-06,QZ546,AWQ546,Indonesia AirAsia,Perth,PER,YPPH,21:55,13:55,22:11,16min late,01:29,10min early,3h 18m,Landed
2025-06-06,GA718,GIA718,Garuda Indonesia,Melbourne,MEL,YMML,22:05,14:05,22:39,34min late,05:32,2min late,4h 53m,Landed
2025-06-06,QF44,QFA044,Qantas,Sydney,SYD,YSSY,22:10,14:10,22:24,14min late,06:01,3min early,5h 37m,Landed
2025-06-06,QG9695,CTV9695,Citilink,Surabaya,SUB,WARR,22:10,14:10,22:22,12min late,22:16,1min late,54m,Landed
2025-06-06,OD171,MXD171,Malindo Air,Sydney,SYD,YSSY,22:15,14:15,22:51,36min late,06:05,on time,5h 14m,Landed
2025-06-06,SV857,SVA857,Saudi Arabian Airlines,Singapore,SIN,WSSS,22:15,14:15,22:11,4min early,00:49,4min late,2h 38m,Landed
2025-06-06,QG661,CTV661,Citilink,Jakarta,CGK,WIII,22:35,14:35,22:39,4min late,23:10,19min early,1h 31m,Landed
2025-06-06,JQ38,JST038,Jetstar Airways,Sydney,SYD,YSSY,22:35,14:35,23:02,27min late,06:18,11min early,5h 16m,Landed
2025-06-06,7C2712,JJA2712,Jeju Air,Seoul,ICN,RKSI,22:45,14:45,02:25,40min late,07:20,10min late,3h 54m,Landed
2025-06-06,QZ811,AWQ811,Indonesia AirAsia,Jakarta,CGK,WIII,22:50,14:50,22:48,1min early,23:22,17min early,1h 34m,Landed
2025-06-06,QF46,QFA046,Qantas,Melbourne,MEL,YMML,23:05,15:05,00:45,40min late,06:49,9min late,4h 3m,Landed
2025-06-06,VA96,VOZ096,Virgin Australia,Melbourne,MEL,YMML,23:05,15:05,23:44,39min late,06:44,4min late,5h 0m,Landed
2025-06-06,JT3020,,Lion Air,Seoul,ICN,RKSI,23:05,15:05,,,,,7h 5m,
2025-06-06,VA82,VOZ082,Virgin Australia,Gold Coast,OOL,YBCG,23:20,15:20,23:51,31min late,07:07,12min late,5h 16m,Landed
2025-06-06,3K240,JSA240,Jetstar Asia,Singapore,SIN,WSSS,23:25,15:25,23:38,13min late,01:58,11min early,2h 20m,Landed
2025-06-06,GA714,GIA714,Garuda Indonesia,Sydney,SYD,YSSY,23:25,15:25,23:34,9min late,06:40,29min early,5h 6m,Landed
2025-06-06,JQ36,JST036,Jetstar Airways,Melbourne,MEL,YMML,23:30,15:30,00:25,55min late,07:12,7min late,4h 46m,Landed
2025-06-06,JQ91,JST091,Jetstar Airways,Cairns,CNS,YBCS,23:30,15:30,00:09,39min late,06:12,12min late,4h 3m,Landed
2025-06-06,VA68,VOZ068,Virgin Australia,Sydney,SYD,YSSY,23:35,15:35,00:25,50min late,07:33,11min early,5h 8m,Landed
2025-06-06,KE634,KAL634,Korean Air Lines,Seoul,ICN,RKSI,23:45,15:45,23:43,2min early,07:51,3min early,7h 8m,Landed
2025-06-06,JQ128,JST128,Jetstar Airways,Adelaide,ADL,YPAD,23:55,15:55,00:58,3min late,06:38,28min late,4h 10m,Landed
2025-06-07,BX602,ABL602,Air Busan,Busan,PUS,RKPK,00:05,16:05,00:27,22min late,07:52,17min early,6h 24m,Landed
2025-06-07,GA880,GIA880,Garuda Indonesia,Tokyo,NRT,RJAA,00:20,16:20,00:35,15min late,01:35,14min early,0m,Landed
2025-06-07,MF892,CXA892,Xiamen Airlines,Xiamen,XMN,ZSAM,00:30,16:30,00:14,16min early,05:57,7min early,5h 43m,Landed
2025-06-07,CZ626,CSN626,China Southern Airlines,Guangzhou,CAN,ZGGG,00:30,16:30,00:48,18min late,05:42,7min early,4h 54m,Landed
2025-06-07,QR961,QTR961,Qatar Airways,Doha,DOH,OTHH,00:35,16:35,00:41,6min late,04:31,23min early,8h 50m,Landed
2025-06-07,EK399,UAE399,Emirates,Dubai,DXB,OMDB,00:35,16:35,05:29,54min late,05:32,2min early,4h 2m,Landed
2025-06-07,KE630,KAL630,Korean Air Lines,Seoul,ICN,RKSI,00:50,16:50,00:54,4min late,08:34,45min early,6h 40m,Landed
2025-06-07,PR538,PAL538,Philippine Airlines,Manila,MNL,RPLL,00:55,16:55,00:56,on time,04:47,2min early,3h 51m,Landed
2025-06-07,MU5030,CES5030,China Eastern Airlines,Shanghai,PVG,ZSPD,00:55,16:55,00:46,9min early,07:04,50min early,6h 18m,Landed
2025-06-07,5J282,CEB282,CEBU Pacific Air,Manila,MNL,RPLL,01:00,17:00,01:10,10min late,04:53,31min early,3h 43m,Landed
2025-06-07,SJ726,,Sriwijaya Air,Makassar,UPG,WAAA,01:00,17:00,,,,,1h 20m,
2025-06-07,QZ548,AWQ548,Indonesia AirAsia,Perth,PER,YPPH,01:05,17:05,00:22,42min early,03:47,7min early,3h 25m,Landed
2025-06-07,QZ300,AWQ300,Indonesia AirAsia,Hong Kong,HKG,VHHH,01:10,17:10,01:32,22min late,06:36,36min late,5h 4m,Landed
2025-06-07,GA870,GIA870,Garuda Indonesia,Seoul,ICN,RKSI,01:15,17:15,01:21,6min late,09:32,17min late,7h 10m,Landed
2025-06-07,GA686,GIA686,Garuda Indonesia,Sorong,SOQ,WASS,01:40,17:40,01:52,12min late,05:36,8min early,2h 43m,Landed
2025-06-07,8B5888,TNU5888,TransNusa,Manado,MDC,WAMM,01:50,17:50,01:44,5min early,04:01,23min early,2h 16m,Landed
2025-06-07,JT929,LNI929,Lion Air,Surabaya,SUB,WARR,07:00,23:00,07:04,4min late,06:46,13min early,42m,Landed
2025-06-07,JT3569,,Lion Air,Yogyakarta,YIA,WAHI,07:00,23:00,,,,,1h 30m,
2025-06-07,QZ550,AWQ550,Indonesia AirAsia,Kuala Lumpur,KUL,WMKK,07:00,23:00,07:25,25min late,10:16,16min late,2h 51m,Landed
2025-06-07,JT746,LNI746,Lion Air,Makassar,UPG,WAAA,07:00,23:00,07:28,28min late,08:34,14min late,1h 5m,Landed
2025-06-07,JT944,,Lion Air,Makassar,UPG,WAAA,07:00,23:00,,,,,1h 20m,
2025-06-07,GA401,GIA401,Garuda Indonesia,Jakarta,CGK,WIII,07:00,23:00,07:10,10min late,07:45,14min early,1h 34m,Landed
2025-06-07,QG690,CTV690,Citilink,Surabaya,SUB,WARR,07:05,23:05,07:02,2min early,06:03,2min early,0m,Landed
2025-06-07,QZ534,AWQ534,Indonesia AirAsia,Perth,PER,YPPH,07:05,23:05,07:12,7min late,07:13,46min early,0m,Landed
2025-06-07,QZ502,AWQ502,Indonesia AirAsia,Singapore,SIN,WSSS,07:10,23:10,07:11,1min late,09:45,4min early,2h 33m,Landed
2025-06-07,QZ644,AWQ644,Indonesia AirAsia,Labuan Bajo,LBJ,WATO,07:10,23:10,07:19,9min late,08:10,4min early,50m,Landed
2025-06-07,SQ949,SIA949,Singapore Airlines,Singapore,SIN,WSSS,07:10,23:10,07:22,12min late,09:43,16min early,2h 20m,Landed
2025-06-07,QG663,CTV663,Citilink,Jakarta,CGK,WIII,07:50,23:50,07:55,5min late,08:25,19min early,1h 29m,Landed
2025-06-07,IW1854,WON1854,Wings Air,Lombok,LOP,WADL,08:00,00:00,08:08,8min late,08:31,14min early,22m,Landed
2025-06-07,IU731,SJV731,SW Italia,Jakarta,CGK,WIII,08:05,00:05,08:47,42min late,09:18,18min late,1h 31m,Landed
2025-06-07,HX706,CRK706,Hong Kong Airlines,Hong Kong,HKG,VHHH,08:15,00:15,08:21,6min late,13:14,5min early,4h 53m,Landed
2025-06-07,5J280,CEB280,CEBU Pacific Air,Manila,MNL,RPLL,08:35,00:35,09:47,12min late,13:43,53min late,3h 56m,Landed
2025-06-07,IW1850,WON1850,Wings Air,Lombok,LOP,WADL,08:35,00:35,08:41,6min late,09:04,15min early,22m,Landed
2025-06-07,IU703,,SW Italia,Surabaya,SUB,WARR,08:40,00:40,,,,,1h 0m,Cancelled
2025-06-07,CZ8482,CSN8482,China Southern Airlines,Guangzhou,CAN,ZGGG,08:40,00:40,09:54,14min late,13:30,19min early,3h 35m,Landed
2025-06-07,QZ504,AWQ504,Indonesia AirAsia,Singapore,SIN,WSSS,09:00,01:00,09:00,on time,11:17,27min early,2h 16m,Landed
2025-06-07,IU751,,SW Italia,Jakarta,CGK,WIII,09:05,01:05,,,,,1h 55m,
2025-06-07,8B80,TNU080,Business Air,Perth,PER,YPPH,09:05,01:05,02:48,16min early,12:34,20min early,9h 45m,Landed
2025-06-07,8B5105,TNU5105,Business Air,Jakarta,CGK,WIII,09:10,01:10,09:06,3min early,09:41,18min early,1h 34m,Landed
2025-06-07,IN640,LKN640,Nam Air,Tambolaka,TMC,WADT,09:10,01:10,09:08,1min early,09:55,14min early,47m,Landed
2025-06-07,IW1856,WON1856,Wings Air,Lombok,LOP,WADL,09:10,01:10,09:15,5min late,09:44,10min early,29m,Landed
2025-06-07,IW1832,WON1832,Wings Air,Tambolaka,TMC,WADT,09:10,01:10,09:56,46min late,11:05,30min late,1h 8m,Landed
2025-06-07,ID6007,BTK6007,Batik Air,Perth,PER,YPPH,09:25,01:25,09:41,16min late,13:03,11min early,3h 21m,Landed
2025-06-07,QG500,CTV500,Citilink,Dili,DIL,WPDL,09:30,01:30,09:19,11min early,12:21,1min late,2h 2m,Landed
2025-06-07,QZ803,AWQ803,Indonesia AirAsia,Jakarta,CGK,WIII,09:40,01:40,09:38,1min early,10:11,18min early,1h 33m,Landed
2025-06-07,QR965,QTR965,Qatar Airways,Doha,DOH,OTHH,09:55,01:55,10:04,9min late,14:00,19min early,8h 56m,Landed
2025-06-07,IW1882,WON1882,Wings Air,Sumbawa Besar,SWQ,WADS,10:00,02:00,10:25,25min late,11:11,11min late,45m,Landed
2025-06-07,IU757,,SW Italia,Jakarta,CGK,WIII,10:00,02:00,,,,,1h 55m,Cancelled
2025-06-07,JT270,LNI270,Lion Air,Kupang,KOE,WATT,10:00,02:00,12:19,19min late,13:40,0min late,1h 21m,Landed
2025-06-07,SQ935,SIA935,Singapore Airlines,Singapore,SIN,WSSS,10:05,02:05,10:39,34min late,13:06,21min late,2h 26m,Landed
2025-06-07,8B5101,TNU5101,Business Air,Jakarta,CGK,WIII,10:25,02:25,10:09,15min early,10:50,24min early,1h 41m,Landed
2025-06-07,AI2146,AIC2146,Air India,Delhi,DEL,VIDP,10:35,02:35,10:37,2min late,15:23,26min early,7h 15m,Landed
2025-06-07,JT23,LNI023,Lion Air,Jakarta,CGK,WIII,10:35,02:35,10:54,19min late,11:19,10min early,1h 25m,Landed
2025-06-07,8G182,DTL182,Mid Africa Aviation,Dili,DIL,WPDL,10:35,02:35,11:25,50min late,14:06,36min late,1h 40m,Landed
2025-06-07,TR281,TGW281,Scoot,Singapore,SIN,WSSS,10:50,02:50,11:33,43min late,13:50,20min late,2h 17m,Landed
2025-06-07,JT927,,Lion Air,Surakarta,SOC,WAHQ,10:55,02:55,,,,,1h 20m,Cancelled
2025-06-07,3K244,JSA244,Jetstar Asia,Singapore,SIN,WSSS,10:55,02:55,11:00,5min late,13:35,4min early,2h 34m,Landed
2025-06-07,JT805,LNI805,Lion Air,Surabaya,SUB,WARR,11:05,03:05,11:36,31min late,11:18,13min late,41m,Landed
2025-06-07,IU741,,SW Italia,Jakarta,CGK,WIII,11:05,03:05,,,,,1h 55m,Cancelled
2025-06-07,JT924,LNI924,Lion Air,Kupang,KOE,WATT,11:05,03:05,11:15,10min late,12:38,6min early,1h 22m,Landed
2025-06-07,6E1606,IGO1606,IndiGo,Bangalore,BLR,VOBL,11:20,03:20,11:36,16min late,14:58,11min early,5h 52m,Landed
2025-06-07,QZ780,AWQ780,Indonesia AirAsia,Balikpapan,BPN,WALL,11:25,03:25,11:42,17min late,12:48,16min early,1h 5m,Landed
2025-06-07,JQ111,JST111,Jetstar Airways,Perth,PER,YPPH,11:30,03:30,12:12,42min late,15:35,20min late,3h 22m,Landed
2025-06-07,QG9693,CTV9693,Citilink,Surabaya,SUB,WARR,11:35,03:35,11:36,1min late,11:35,9min early,59m,Landed
2025-06-07,OD309,MXD309,Malindo Air,Kuala Lumpur,KUL,WMKK,11:35,03:35,12:30,55min late,15:22,37min late,2h 51m,Landed
2025-06-07,IN642,,NAM Air,Tambolaka,TMC,WADT,11:40,03:40,,,,,1h 0m,
2025-06-07,JQ109,JST109,Jetstar Airways,Perth,PER,YPPH,11:40,03:40,12:53,13min late,16:12,47min late,3h 19m,Landed
2025-06-07,JQ40,JST040,Jetstar Airways,Sydney,SYD,YSSY,11:55,03:55,12:53,58min late,19:48,1min early,4h 54m,Landed
2025-06-07,JQ32,JST032,Jetstar Airways,Melbourne,MEL,YMML,11:55,03:55,12:32,37min late,19:18,11min early,4h 45m,Landed
2025-06-07,OD192,MXD192,Malindo Air,Kuala Lumpur,KUL,WMKK,11:55,03:55,12:49,54min late,15:33,28min late,2h 44m,Landed
2025-06-07,JT569,LNI569,Lion Air,Yogyakarta,YIA,WAHI,11:55,03:55,15:25,30min late,15:32,7min late,1h 6m,Landed
2025-06-07,FD397,AIQ397,Thai AirAsia,Bangkok,DMK,VTBD,12:00,04:00,12:32,32min late,15:44,9min late,4h 11m,Landed
2025-06-07,GA407,GIA407,Garuda Indonesia,Jakarta,CGK,WIII,12:00,04:00,12:09,9min late,12:47,7min early,1h 37m,Landed
2025-06-07,GA253,GIA253,Garuda Indonesia,Yogyakarta,YIA,WAHI,12:05,04:05,12:40,35min late,12:50,4min early,1h 10m,Landed
2025-06-07,QZ540,AWQ540,Indonesia AirAsia,Darwin,DRW,YPDN,12:05,04:05,12:15,10min late,16:07,7min early,2h 21m,Landed
2025-06-07,SQ937,SIA937,Singapore Airlines,Singapore,SIN,WSSS,12:10,04:10,12:14,4min late,14:42,12min early,2h 27m,Landed
2025-06-07,IU705,,SW Italia,Surabaya,SUB,WARR,12:15,04:15,,,,,1h 0m,Cancelled
2025-06-07,OD178,MXD178,Malindo Air,Kuala Lumpur,KUL,WMKK,12:25,04:25,13:19,54min late,16:02,27min late,2h 42m,Landed
2025-06-07,D7795,XAX795,AirAsia X,Kuala Lumpur,KUL,WMKK,12:30,04:30,12:34,4min late,15:13,31min early,2h 39m,Landed
2025-06-07,QZ805,AWQ805,Indonesia AirAsia,Jakarta,CGK,WIII,12:40,04:40,14:40,0min late,15:04,24min late,1h 23m,Landed
2025-06-07,IW1848,WON1848,Wings Air,Lombok,LOP,WADL,12:45,04:45,12:45,on time,13:10,19min early,24m,Landed
2025-06-07,ID7308,BTK7308,Batik Air,Jakarta,HLP,WIHH,12:50,04:50,13:01,11min late,13:27,7min early,1h 25m,Landed
2025-06-07,IP103,PAS103,Pelita Air Service,Jakarta,CGK,WIII,12:55,04:55,13:01,6min late,13:26,18min early,1h 25m,Landed
2025-06-07,MH714,MAS714,Malaysia Airlines,Kuala Lumpur,KUL,WMKK,12:55,04:55,13:35,40min late,16:21,21min late,2h 46m,Landed
2025-06-07,SQ939,SIA939,Singapore Airlines,Singapore,SIN,WSSS,13:05,05:05,13:04,on time,15:28,21min early,2h 23m,Landed
2025-06-07,VJ900,VJC900,VietJet Air,Hanoi,HAN,VVNB,13:10,05:10,13:23,13min late,17:00,19min early,4h 36m,Landed
2025-06-07,OD172,MXD172,Malindo Air,Kuala Lumpur,KUL,WMKK,13:15,05:15,13:28,13min late,16:19,5min early,2h 51m,Landed
2025-06-07,JQ58,JST058,Jetstar Airways,Brisbane,BNE,YBBN,13:15,05:15,14:01,46min late,21:00,15min late,4h 59m,Landed
2025-06-07,IU753,SJV753,SW Italia,Jakarta,CGK,WIII,13:15,05:15,13:39,24min late,14:03,6min early,1h 23m,Landed
2025-06-07,IW1834,WON1834,Wings Air,Tambolaka,TMC,WADT,13:20,05:20,13:56,36min late,15:04,19min late,1h 7m,Landed
2025-06-07,JT660,LNI660,Lion Air,Balikpapan,BPN,WALL,13:25,05:25,13:45,20min late,15:05,4min early,1h 19m,Landed
2025-06-07,D7799,XAX799,AirAsia X,Kuala Lumpur,KUL,WMKK,13:35,05:35,13:54,19min late,16:31,18min early,2h 37m,Landed
2025-06-07,IW1826,WON1826,Wings Air,Bima,BMU,WADB,13:40,05:40,14:07,27min late,15:14,9min late,1h 6m,Landed
2025-06-07,QZ506,AWQ506,Indonesia AirAsia,Singapore,SIN,WSSS,13:45,05:45,14:12,27min late,16:31,8min early,2h 18m,Landed
2025-06-07,GA409,GIA409,Garuda Indonesia,Jakarta,CGK,WIII,13:45,05:45,13:45,on time,14:31,13min early,1h 46m,Landed
2025-06-07,8B5107,TNU5107,Business Air,Jakarta,CGK,WIII,13:50,05:50,15:16,26min late,15:49,9min late,1h 32m,Landed
2025-06-07,QZ544,AWQ544,Indonesia AirAsia,Perth,PER,YPPH,13:55,05:55,10:45,9min early,17:30,24min early,6h 44m,Landed
2025-06-07,IW1964,WON1964,Wings Air,Lombok,LOP,WADL,13:55,05:55,14:14,19min late,14:39,on time,24m,Landed
2025-06-07,TR289,TGW289,Scoot,Singapore,SIN,WSSS,14:00,06:00,14:19,19min late,16:34,26min early,2h 14m,Landed
2025-06-07,VJ848,VJC848,VietJet Air,Ho Chi Minh City,SGN,VVTS,14:00,06:00,14:19,19min late,16:47,2min early,3h 27m,Landed
2025-06-07,VJ894,VJC894,VietJet Air,Ho Chi Minh City,SGN,VVTS,14:05,06:05,14:25,20min late,17:05,10min late,3h 40m,Landed
2025-06-07,ID7637,BTK7637,Batik Air,Bangkok,DMK,VTBD,14:15,06:15,14:33,18min late,17:33,11min early,3h 59m,Landed
2025-06-07,IU735,,SW Italia,Jakarta,CGK,WIII,14:15,06:15,,,,,1h 55m,Cancelled
2025-06-07,QG699,CTV699,Citilink,Surabaya,SUB,WARR,14:20,06:20,14:39,19min late,14:34,9min late,55m,Landed
2025-06-07,GA4292,GIA4292,Garuda Indonesia,Jakarta,CGK,WIII,14:30,06:30,14:51,21min late,15:27,2min early,1h 35m,Landed
2025-06-07,JT844,,Lion Air,Banjarmasin,BDJ,WAOO,14:35,06:35,,,,,1h 25m,Cancelled
2025-06-07,QG681,CTV681,Citilink,Jakarta,CGK,WIII,14:40,06:40,15:25,45min late,16:02,2min late,1h 36m,Landed
2025-06-07,IW1884,WON1884,Wings Air,Waingapu,WGP,WADW,14:40,06:40,14:43,3min late,16:08,21min early,1h 24m,Landed
2025-06-07,JT919,LNI919,Lion Air,Surabaya,SUB,WARR,14:40,06:40,14:57,17min late,14:41,1min late,43m,Landed
2025-06-07,AK377,AXM377,AirAsia,Kuala Lumpur,KUL,WMKK,14:45,06:45,15:05,20min late,17:54,on time,2h 48m,Landed
2025-06-07,QZ244,AWQ244,Indonesia AirAsia,Bangkok,DMK,VTBD,14:45,06:45,15:03,18min late,18:26,16min late,4h 23m,Landed
2025-06-07,3K242,JSA242,Jetstar Asia,Singapore,SIN,WSSS,14:50,06:50,14:46,3min early,17:33,16min early,2h 47m,Landed
2025-06-07,QG687,CTV687,Citilink,Jakarta,CGK,WIII,14:50,06:50,15:11,21min late,15:57,7min late,1h 46m,Landed
2025-06-07,OD307,MXD307,Malindo Air,Kuala Lumpur,KUL,WMKK,14:50,06:50,20:38,48min late,00:33,43min late,3h 55m,Landed
2025-06-07,JQ44,JST044,Jetstar Airways,Melbourne,MEL,YMML,14:55,06:55,15:12,17min late,22:02,27min early,4h 50m,Landed
2025-06-07,JT271,LNI271,Lion Air,Semarang,SRG,WIIS,15:05,07:05,17:12,7min late,17:11,41min late,59m,Landed
2025-06-07,8B5103,,TransNusa,Jakarta,CGK,WIII,15:10,07:10,,,,,1h 45m,
2025-06-07,IU759,,SW Italia,Jakarta,CGK,WIII,15:15,07:15,,,,,1h 55m,Cancelled
2025-06-07,GA842,GIA842,Garuda Indonesia,Singapore,SIN,WSSS,15:15,07:15,15:30,15min late,18:00,on time,2h 29m,Landed
2025-06-07,VA50,VOZ050,Virgin Australia,Brisbane,BNE,YBBN,15:15,07:15,15:19,4min late,22:23,36min early,5h 4m,Landed
2025-06-07,JT740,LNI740,Lion Air,Makassar,UPG,WAAA,15:25,07:25,16:20,55min late,17:22,37min late,1h 2m,Landed
2025-06-07,VJ898,VJC898,VietJet Air,Ho Chi Minh City,SGN,VVTS,15:30,07:30,15:54,24min late,18:10,9min early,3h 16m,Landed
2025-06-07,ID6335,BTK6335,Batik Air,Labuan Bajo,LBJ,WATO,15:35,07:35,16:22,47min late,17:14,29min late,52m,Landed
2025-06-07,CI772,CAL772,China Airlines,Taipei,TPE,RCTP,15:40,07:40,15:28,12min early,20:51,13min early,5h 23m,Landed
2025-06-07,JT21,LNI021,Lion Air,Jakarta,CGK,WIII,15:45,07:45,17:14,29min late,17:40,0min late,1h 25m,Landed
2025-06-07,QZ646,AWQ646,Indonesia AirAsia,Labuan Bajo,LBJ,WATO,15:45,07:45,15:46,1min late,16:39,20min early,52m,Landed
2025-06-07,IP109,PAS109,Pelita Air Service,Jakarta,CGK,WIII,15:45,07:45,15:33,11min early,16:21,13min early,1h 48m,Landed
2025-06-07,VA92,VOZ092,Virgin Australia,Melbourne,MEL,YMML,15:50,07:50,16:24,34min late,23:31,6min late,5h 7m,Landed
2025-06-07,VN640,HVN640,Vietnam Airlines,Ho Chi Minh City,SGN,VVTS,16:00,08:00,17:36,36min late,18:37,2min early,2h 0m,Landed
2025-06-07,IU743,,SW Italia,Jakarta,CGK,WIII,16:10,08:10,,,,,1h 55m,Cancelled
2025-06-07,QG195,CTV195,Citilink,Jakarta,HLP,WIHH,16:10,08:10,16:08,1min early,16:34,25min early,1h 26m,Landed
2025-06-07,QG669,CTV669,Citilink,Surabaya,SUB,WARR,16:10,08:10,16:19,9min late,16:16,3min early,56m,Landed
2025-06-07,CX784,CPA784,Cathay Pacific,Hong Kong,HKG,VHHH,16:10,08:10,15:59,11min early,20:41,43min early,4h 42m,Landed
2025-06-07,QZ536,AWQ536,Indonesia AirAsia,Perth,PER,YPPH,16:15,08:15,16:19,4min late,19:44,25min early,3h 25m,Landed
2025-06-07,JT925,LNI925,Lion Air,Surakarta,SOC,WAHQ,16:25,08:25,16:26,1min late,16:27,17min early,1h 1m,Landed
2025-06-07,MH850,MAS850,Malaysia Airlines,Kuala Lumpur,KUL,WMKK,16:25,08:25,16:38,13min late,19:20,14min early,2h 42m,Landed
2025-06-07,BR256,EVA256,EVA Airways,Taipei,TPE,RCTP,16:30,08:30,16:32,2min late,21:53,6min early,5h 21m,Landed
2025-06-07,JT744,,Lion Air,Makassar,UPG,WAAA,16:40,08:40,,,,,1h 20m,Cancelled
2025-06-07,HO1356,DKH1356,Juneyao Airlines,Shanghai,PVG,ZSPD,16:50,08:50,16:56,6min late,23:07,32min early,6h 10m,Landed
2025-06-07,TG432,THA432,Thai Airways International,Bangkok,BKK,VTBS,16:55,08:55,16:49,6min early,19:35,29min early,3h 46m,Landed
2025-06-07,QZ556,AWQ556,Indonesia AirAsia,Kuala Lumpur,KUL,WMKK,16:55,08:55,19:16,21min late,21:59,49min late,2h 42m,Landed
2025-06-07,JT923,,Lion Air,Surabaya,SUB,WARR,17:05,09:05,,,,,1h 0m,Cancelled
2025-06-07,GA419,GIA419,Garuda Indonesia,Jakarta,CGK,WIII,17:25,09:25,17:29,4min late,18:02,22min early,1h 33m,Landed
2025-06-07,VJ998,VJC998,VietJet Air,Hanoi,HAN,VVNB,17:30,09:30,17:31,on time,21:10,34min early,4h 39m,Landed
2025-06-07,IU723,SJV723,SW Italia,Surabaya,SUB,WARR,17:30,09:30,19:34,4min late,17:29,on time,,Landed
2025-06-07,GA349,GIA349,Garuda Indonesia,Surabaya,SUB,WARR,17:35,09:35,17:33,1min early,17:24,20min early,51m,Landed
2025-06-07,IN281,,NAM Air,Jakarta,CGK,WIII,17:45,09:45,,,,,1h 40m,
2025-06-07,NZ291,ANZ291,Air New Zealand,Auckland,AKL,NZAA,17:50,09:50,18:08,18min late,05:07,22min early,6h 59m,Landed
2025-06-07,OD193,MXD193,Malindo Air,Perth,PER,YPPH,18:10,10:10,18:35,25min late,22:00,15min late,3h 25m,Landed
2025-06-07,SL259,TLM259,Thai Lion Air,Bangkok,DMK,VTBD,18:20,10:20,18:30,10min late,21:28,11min early,3h 58m,Landed
2025-06-07,IU737,SJV737,SW Italia,Jakarta,CGK,WIII,18:30,10:30,19:11,41min late,19:53,28min late,1h 41m,Landed
2025-06-07,IN283,LKN283,Nam Air,Jakarta,CGK,WIII,18:30,10:30,19:31,1min late,20:07,57min late,1h 36m,Landed
2025-06-07,GA417,GIA417,Garuda Indonesia,Jakarta,CGK,WIII,18:40,10:40,18:53,13min late,19:35,4min early,1h 42m,Landed
2025-06-07,CX782,CPA782,Cathay Pacific,Hong Kong,HKG,VHHH,18:45,10:45,19:08,23min late,23:51,13min early,4h 43m,Landed
2025-06-07,8B5109,TNU5109,Business Air,Jakarta,CGK,WIII,18:45,10:45,20:22,37min late,21:01,31min late,1h 38m,Landed
2025-06-07,EY477,ETD477,Etihad Airways,Abu Dhabi,AUH,OMAA,18:45,10:45,18:42,3min early,23:29,on time,8h 47m,Landed
2025-06-07,QZ809,AWQ809,Indonesia AirAsia,Jakarta,CGK,WIII,18:50,10:50,19:01,11min late,19:34,10min early,1h 33m,Landed
2025-06-07,QG689,CTV689,Citilink,Jakarta,CGK,WIII,19:00,11:00,19:09,9min late,19:51,8min early,1h 42m,Landed
2025-06-07,TG440,THA440,Thai Airways International,Bangkok,BKK,VTBS,19:00,11:00,19:38,38min late,22:25,15min late,3h 47m,Landed
2025-06-07,3K246,JSA246,Jetstar Asia,Singapore,SIN,WSSS,19:15,11:15,19:30,15min late,21:54,5min early,2h 23m,Landed
2025-06-07,AK379,AXM379,AirAsia,Kuala Lumpur,KUL,WMKK,19:15,11:15,19:48,33min late,22:31,11min late,2h 43m,Landed
2025-06-07,MH852,MAS852,Malaysia Airlines,Kuala Lumpur,KUL,WMKK,19:20,11:20,19:26,6min late,22:06,13min early,2h 40m,Landed
2025-06-07,QR963,QTR963,Qatar Airways,Doha,DOH,OTHH,19:20,11:20,19:26,6min late,23:10,29min early,8h 43m,Landed
2025-06-07,IU755,SJV755,SW Italia,Jakarta,CGK,WIII,19:25,11:25,19:35,10min late,20:12,7min early,1h 37m,Landed
2025-06-07,ID7310,,Batik Air,Jakarta,HLP,WIHH,19:25,11:25,,,,,1h 45m,Cancelled
2025-06-07,TR287,TGW287,Scoot,Singapore,SIN,WSSS,19:40,11:40,19:41,on time,21:55,20min early,2h 14m,Landed
2025-06-07,EK369,UAE369,Emirates,Dubai,DXB,OMDB,19:45,11:45,21:29,44min late,01:48,58min late,8h 18m,Landed
2025-06-07,ID6413,,Batik Air,Surabaya,SUB,WARR,19:50,11:50,,,,,1h 0m,Cancelled
2025-06-07,SQ945,SIA945,Singapore Airlines,Singapore,SIN,WSSS,20:00,12:00,20:20,20min late,22:32,7min early,2h 11m,Landed
2025-06-07,GA415,GIA415,Garuda Indonesia,Jakarta,CGK,WIII,20:00,12:00,20:12,12min late,20:46,13min early,1h 34m,Landed
2025-06-07,8B969,TNU969,Business Air,Guangzhou,CAN,ZGGG,20:15,12:15,19:54,20min early,00:45,14min early,4h 50m,Landed
2025-06-07,IU749,,SW Italia,Jakarta,CGK,WIII,20:25,12:25,,,,,1h 55m,Cancelled
2025-06-07,KL836,KLM836,KLM Royal Dutch Airlines,Singapore,SIN,WSSS,20:35,12:35,20:45,10min late,22:56,13min early,2h 11m,Landed
2025-06-07,IU727,,SW Italia,Surabaya,SUB,WARR,20:55,12:55,,,,,1h 0m,Cancelled
2025-06-07,OD177,MXD177,Malindo Air,Melbourne,MEL,YMML,21:00,13:00,21:24,24min late,04:37,2min early,5h 12m,Landed
2025-06-07,JT25,,Lion Air,Jakarta,CGK,WIII,21:00,13:00,,,,,1h 55m,Cancelled
2025-06-07,QG342,CTV342,Citilink,Makassar,UPG,WAAA,21:10,13:10,22:25,15min late,23:31,46min late,1h 6m,Landed
2025-06-07,JQ34,JST034,Jetstar Airways,Melbourne,MEL,YMML,21:20,13:20,21:51,31min late,04:50,4min early,4h 59m,Landed
2025-06-07,TK67,THY067,Turkish Airlines,Istanbul,IST,LTFM,21:20,13:20,21:31,11min late,04:55,19min early,12h 24m,Landed
2025-06-07,AK375,AXM375,AirAsia,Kuala Lumpur,KUL,WMKK,21:25,13:25,22:01,36min late,01:12,42min late,3h 10m,Landed
2025-06-07,ID6760,,Batik Air,Makassar,UPG,WAAA,21:30,13:30,,,,,1h 20m,Cancelled
2025-06-07,IU745,SJV745,SW Italia,Jakarta,CGK,WIII,21:30,13:30,21:56,26min late,22:25,on time,1h 29m,Landed
2025-06-07,JQ117,JST117,Jetstar Airways,Perth,PER,YPPH,21:30,13:30,22:31,1min late,01:50,30min late,3h 19m,Landed
2025-06-07,QZ819,AWQ819,Indonesia AirAsia,Jakarta,CGK,WIII,21:40,13:40,22:12,32min late,22:45,15min late,1h 33m,Landed
2025-06-07,IP105,,Pelita Air Service,Jakarta,CGK,WIII,21:40,13:40,,,,,1h 50m,
2025-06-07,SQ947,SIA947,Singapore Airlines,Singapore,SIN,WSSS,21:45,13:45,22:08,23min late,00:30,10min late,2h 21m,Landed
2025-06-07,QZ546,AWQ546,Indonesia AirAsia,Perth,PER,YPPH,21:55,13:55,22:21,26min late,01:44,4min late,3h 22m,Landed
2025-06-07,OD157,MXD157,Malindo Air,Brisbane,BNE,YBBN,22:00,14:00,18:43,16min early,05:21,28min early,8h 38m,Landed
2025-06-07,GA718,GIA718,Garuda Indonesia,Melbourne,MEL,YMML,22:05,14:05,22:13,8min late,05:12,17min early,4h 59m,Landed
2025-06-07,QG9695,CTV9695,Citilink,Surabaya,SUB,WARR,22:10,14:10,22:29,19min late,21:55,19min early,26m,Landed
2025-06-07,JQ60,JST060,Jetstar Airways,Brisbane,BNE,YBBN,22:10,14:10,22:35,25min late,05:24,15min early,4h 49m,Landed
2025-06-07,QF44,QFA044,Qantas,Sydney,SYD,YSSY,22:10,14:10,23:02,52min late,06:22,17min late,5h 20m,Landed
2025-06-07,OD171,MXD171,Malindo Air,Sydney,SYD,YSSY,22:15,14:15,23:37,22min late,06:50,45min late,5h 13m,Landed
2025-06-07,JQ38,JST038,Jetstar Airways,Sydney,SYD,YSSY,22:35,14:35,23:34,59min late,06:35,5min late,5h 1m,Landed
2025-06-07,QG9661,,Citilink,Jakarta,CGK,WIII,22:35,14:35,23:11,36min late,23:41,11min late,1h 30m,Landed
2025-06-07,7C2712,JJA2712,Jeju Air,Seoul,ICN,RKSI,22:45,14:45,02:30,45min late,07:07,2min early,3h 37m,Landed
2025-06-07,QZ811,AWQ811,Indonesia AirAsia,Jakarta,CGK,WIII,22:50,14:50,23:20,30min late,23:43,3min late,1h 23m,Landed
2025-06-07,QF46,QFA046,Qantas,Melbourne,MEL,YMML,23:05,15:05,23:37,32min late,06:48,8min late,5h 11m,Landed
2025-06-07,JT3020,,Lion Air,Seoul,ICN,RKSI,23:05,15:05,,,,,7h 5m,
2025-06-07,GA714,GIA714,Garuda Indonesia,Sydney,SYD,YSSY,23:25,15:25,23:28,3min late,06:29,40min early,5h 1m,Landed
2025-06-07,3K240,JSA240,Jetstar Asia,Singapore,SIN,WSSS,23:25,15:25,23:19,6min early,01:48,21min early,2h 29m,Landed
2025-06-07,JQ36,JST036,Jetstar Airways,Melbourne,MEL,YMML,23:30,15:30,00:37,7min late,07:34,29min late,4h 56m,Landed
2025-06-07,VA68,VOZ068,Virgin Australia,Sydney,SYD,YSSY,23:35,15:35,00:16,41min late,07:33,11min early,5h 16m,Landed
2025-06-07,KE634,KAL634,Korean Air Lines,Seoul,ICN,RKSI,23:45,15:45,23:32,13min early,07:36,18min early,7h 4m,Landed
2025-06-07,JQ128,JST128,Jetstar Airways,Adelaide,ADL,YPAD,23:55,15:55,00:11,16min late,01:41,33min early,0m,Landed
2025-06-08,BX602,ABL602,Air Busan,Busan,PUS,RKPK,00:05,16:05,00:37,32min late,08:06,3min early,6h 28m,Landed
2025-06-08,GA880,GIA880,Garuda Indonesia,Tokyo,NRT,RJAA,00:20,16:20,00:51,31min late,08:59,9min late,7h 8m,Landed
2025-06-08,CZ626,CSN626,China Southern Airlines,Guangzhou,CAN,ZGGG,00:30,16:30,00:52,22min late,05:56,6min late,5h 3m,Landed
2025-06-08,MF892,CXA892,Xiamen Airlines,Xiamen,XMN,ZSAM,00:30,16:30,00:17,13min early,05:51,13min early,5h 34m,Landed
2025-06-08,EK399,UAE399,Emirates,Dubai,DXB,OMDB,00:35,16:35,00:36,1min late,05:17,17min early,8h 41m,Landed
2025-06-08,QR961,QTR961,Qatar Airways,Doha,DOH,OTHH,00:35,16:35,00:50,15min late,04:41,13min early,8h 50m,Landed
2025-06-08,KE630,KAL630,Korean Air Lines,Seoul,ICN,RKSI,00:50,16:50,00:47,3min early,08:45,34min early,6h 58m,Landed
2025-06-08,PR538,PAL538,Philippine Airlines,Manila,MNL,RPLL,00:55,16:55,01:25,30min late,05:04,14min late,3h 39m,Landed
2025-06-08,MU5030,CES5030,China Eastern Airlines,Shanghai,PVG,ZSPD,00:55,16:55,00:54,on time,07:30,29min early,6h 36m,Landed
2025-06-08,QZ548,AWQ548,Indonesia AirAsia,Perth,PER,YPPH,01:05,17:05,00:22,42min early,03:47,7min early,3h 25m,Landed
2025-06-08,QZ300,AWQ300,Indonesia AirAsia,Hong Kong,HKG,VHHH,01:10,17:10,01:32,22min late,06:36,36min late,5h 4m,Landed
2025-06-08,GA870,GIA870,Garuda Indonesia,Seoul,ICN,RKSI,01:15,17:15,01:21,6min late,09:32,17min late,7h 10m,Landed
2025-06-08,GA686,GIA686,Garuda Indonesia,Sorong,SOQ,WASS,01:40,17:40,01:52,12min late,05:36,8min early,2h 43m,Landed
2025-06-08,8B5888,,TransNusa,Manado,MDC,WAMM,01:50,17:50,,,,,2h 35m,
2025-06-08,JQ82,JST082,Jetstar Airways,Darwin,DRW,YPDN,07:00,23:00,07:15,15min late,11:01,13min early,2h 15m,Landed
2025-06-08,JT929,LNI929,Lion Air,Surabaya,SUB,WARR,07:00,23:00,07:22,22min late,06:57,2min early,35m,Landed
2025-06-08,JT856,,Lion Air,Surabaya,SUB,WARR,07:00,23:00,,,,,1h 1m,
2025-06-08,JT3569,LNI3569,Lion Air,Yogyakarta,YIA,WAHI,07:00,23:00,07:04,4min late,06:04,25min early,0m,Landed
2025-06-08,GA401,GIA401,Garuda Indonesia,Jakarta,CGK,WIII,07:00,23:00,07:12,12min late,07:45,14min early,1h 32m,Landed
2025-06-08,JT746,LNI746,Lion Air,Makassar,UPG,WAAA,07:00,23:00,07:09,9min late,08:10,9min early,1h 1m,Landed
2025-06-08,JT944,,Lion Air,Makassar,UPG,WAAA,07:00,23:00,,,,,1h 20m,
2025-06-08,QZ534,AWQ534,Indonesia AirAsia,Perth,PER,YPPH,07:05,23:05,07:30,25min late,10:53,6min early,3h 22m,Landed
2025-06-08,QG690,CTV690,Citilink,Surabaya,SUB,WARR,07:05,23:05,07:17,12min late,06:53,11min early,35m,Landed
2025-06-08,QZ644,AWQ644,Indonesia AirAsia,Labuan Bajo,LBJ,WATO,07:10,23:10,07:06,3min early,07:55,19min early,49m,Landed
2025-06-08,QZ502,AWQ502,Indonesia AirAsia,Singapore,SIN,WSSS,07:10,23:10,07:20,10min late,07:20,29min early,0m,Landed
2025-06-08,SQ949,SIA949,Singapore Airlines,Singapore,SIN,WSSS,07:10,23:10,07:27,17min late,09:35,24min early,2h 7m,Landed
2025-06-08,QZ813,AWQ813,Indonesia AirAsia,Jakarta,CGK,WIII,07:15,23:15,07:26,11min late,07:53,17min early,1h 27m,Landed
2025-06-08,QG663,CTV663,Citilink,Jakarta,CGK,WIII,07:50,23:50,07:59,9min late,08:26,18min early,1h 26m,Landed
2025-06-08,IW1854,WON1854,Wings Air,Lombok,LOP,WADL,08:00,00:00,07:53,6min early,08:17,27min early,23m,Landed
2025-06-08,IU731,SJV731,SW Italia,Jakarta,CGK,WIII,08:05,00:05,08:32,27min late,08:55,4min early,1h 23m,Landed
2025-06-08,HX706,CRK706,Hong Kong Airlines,Hong Kong,HKG,VHHH,08:15,00:15,08:10,5min early,13:11,8min early,5h 1m,Landed
2025-06-08,5J280,CEB280,CEBU Pacific Air,Manila,MNL,RPLL,08:35,00:35,09:24,49min late,13:06,16min late,3h 42m,Landed
2025-06-08,IW1850,WON1850,Wings Air,Lombok,LOP,WADL,08:35,00:35,08:42,7min late,09:19,on time,36m,Landed
2025-06-08,CZ8482,CSN8482,China Southern Airlines,Guangzhou,CAN,ZGGG,08:40,00:40,10:10,30min late,13:43,6min early,3h 33m,Landed
2025-06-08,IU703,SJV703,SW Italia,Surabaya,SUB,WARR,08:40,00:40,17:57,17min late,17:45,5min late,47m,Landed
2025-06-08,QZ504,AWQ504,Indonesia AirAsia,Singapore,SIN,WSSS,09:00,01:00,08:56,3min early,11:27,17min early,2h 31m,Landed
2025-06-08,IU751,,SW Italia,Jakarta,CGK,WIII,09:05,01:05,,,,,1h 55m,Cancelled
2025-06-08,8B80,TNU080,Business Air,Perth,PER,YPPH,09:05,01:05,09:42,37min late,09:43,11min early,0m,Landed
2025-06-08,IW1832,WON1832,Wings Air,Tambolaka,TMC,WADT,09:10,01:10,09:29,19min late,12:24,49min late,2h 54m,Landed
2025-06-08,IN640,LKN640,Nam Air,Tambolaka,TMC,WADT,09:10,01:10,09:21,11min late,10:02,7min early,40m,Landed
2025-06-08,8B5105,TNU5105,Business Air,Jakarta,CGK,WIII,09:10,01:10,09:12,2min late,09:32,27min early,1h 20m,Landed
2025-06-08,IW1856,WON1856,Wings Air,Lombok,LOP,WADL,09:10,01:10,09:08,1min early,09:31,23min early,23m,Landed
2025-06-08,ID6007,BTK6007,Batik Air,Perth,PER,YPPH,09:25,01:25,09:37,12min late,12:57,17min early,3h 20m,Landed
2025-06-08,QG500,CTV500,Citilink,Dili,DIL,WPDL,09:30,01:30,09:18,12min early,12:13,6min early,1h 55m,Landed
2025-06-08,QZ803,AWQ803,Indonesia AirAsia,Jakarta,CGK,WIII,09:40,01:40,09:40,on time,10:05,24min early,1h 25m,Landed
2025-06-08,QR965,QTR965,Qatar Airways,Doha,DOH,OTHH,09:55,01:55,09:56,on time,14:07,12min early,9h 11m,Landed
2025-06-08,IW1882,WON1882,Wings Air,Sumbawa Besar,SWQ,WADS,10:00,02:00,10:19,19min late,11:02,2min late,42m,Landed
2025-06-08,IU757,,SW Italia,Jakarta,CGK,WIII,10:00,02:00,,,,,1h 55m,Cancelled
2025-06-08,JT270,LNI270,Lion Air,Kupang,KOE,WATT,10:00,02:00,10:25,25min late,12:02,22min late,1h 36m,Landed
2025-06-08,SQ935,SIA935,Singapore Airlines,Singapore,SIN,WSSS,10:05,02:05,10:46,41min late,12:54,9min late,2h 8m,Landed
2025-06-08,SU297,AFL297,Aeroflot,Moscow,SVO,UUEE,10:05,02:05,10:28,23min late,17:42,47min early,12h 14m,Landed
2025-06-08,8B5101,TNU5101,Business Air,Jakarta,CGK,WIII,10:25,02:25,10:42,17min late,11:07,7min early,1h 25m,Landed
2025-06-08,AI2146,AIC2146,Air India,Delhi,DEL,VIDP,10:35,02:35,11:34,59min late,16:33,43min late,7h 29m,Landed
2025-06-08,QZ815,AWQ815,Indonesia AirAsia,Jakarta,CGK,WIII,10:35,02:35,10:37,2min late,11:02,27min early,1h 25m,Landed
2025-06-08,JT23,LNI023,Lion Air,Jakarta,CGK,WIII,10:35,02:35,15:56,21min late,16:31,1min late,1h 35m,Landed
2025-06-08,TR281,TGW281,Scoot,Singapore,SIN,WSSS,10:50,02:50,11:15,25min late,13:38,8min late,2h 23m,Landed
2025-06-08,JT927,LNI927,Lion Air,Surakarta,SOC,WAHQ,10:55,02:55,10:54,on time,10:55,19min early,1h 0m,Landed
2025-06-08,3K244,JSA244,Jetstar Asia,Singapore,SIN,WSSS,10:55,02:55,11:10,15min late,13:24,15min early,2h 14m,Landed
2025-06-08,JT805,LNI805,Lion Air,Surabaya,SUB,WARR,11:05,03:05,11:32,27min late,11:13,8min late,40m,Landed
2025-06-08,IU741,SJV741,SW Italia,Jakarta,CGK,WIII,11:05,03:05,11:25,20min late,12:01,1min late,1h 35m,Landed
2025-06-08,JT924,LNI924,Lion Air,Kupang,KOE,WATT,11:05,03:05,11:17,12min late,12:39,5min early,1h 22m,Landed
2025-06-08,JQ126,JST126,Jetstar Airways,Adelaide,ADL,YPAD,11:15,03:15,11:30,15min late,17:33,3min late,4h 33m,Landed
2025-06-08,6E1606,IGO1606,IndiGo,Bangalore,BLR,VOBL,11:20,03:20,11:51,31min late,15:08,1min early,5h 47m,Landed
2025-06-08,GA427,GIA427,Garuda Indonesia,Jakarta,CGK,WIII,11:25,03:25,11:35,10min late,12:13,11min early,1h 37m,Landed
2025-06-08,OD309,MXD309,Malindo Air,Kuala Lumpur,KUL,WMKK,11:35,03:35,11:45,10min late,14:35,9min early,2h 50m,Landed
2025-06-08,QG9693,CTV9693,Citilink,Surabaya,SUB,WARR,11:35,03:35,11:44,9min late,11:29,15min early,44m,Landed
2025-06-08,JQ109,JST109,Jetstar Airways,Perth,PER,YPPH,11:40,03:40,11:44,4min late,15:09,15min early,3h 24m,Landed
2025-06-08,OD192,MXD192,Malindo Air,Kuala Lumpur,KUL,WMKK,11:55,03:55,13:58,3min late,16:41,36min late,2h 43m,Landed
2025-06-08,JT569,LNI569,Lion Air,Yogyakarta,YIA,WAHI,11:55,03:55,12:02,7min late,12:07,17min early,1h 4m,Landed
2025-06-08,JQ40,JST040,Jetstar Airways,Sydney,SYD,YSSY,11:55,03:55,12:47,52min late,19:59,9min late,5h 11m,Landed
2025-06-08,JQ32,JST032,Jetstar Airways,Melbourne,MEL,YMML,11:55,03:55,12:03,8min late,19:19,10min early,5h 16m,Landed
2025-06-08,FD397,AIQ397,Thai AirAsia,Bangkok,DMK,VTBD,12:00,04:00,12:33,33min late,15:46,11min late,4h 13m,Landed
2025-06-08,GA407,GIA407,Garuda Indonesia,Jakarta,CGK,WIII,12:00,04:00,12:14,14min late,12:54,on time,1h 40m,Landed
2025-06-08,QZ618,AWQ618,Indonesia AirAsia,Banjarmasin,BDJ,WAOO,12:05,04:05,12:12,7min late,13:38,8min late,1h 25m,Landed
2025-06-08,GA253,GIA253,Garuda Indonesia,Yogyakarta,YIA,WAHI,12:05,04:05,12:21,16min late,12:32,22min early,1h 11m,Landed
2025-06-08,GA620,GIA620,Garuda Indonesia,Makassar,UPG,WAAA,12:10,04:10,12:35,25min late,13:43,3min late,1h 8m,Landed
2025-06-08,SQ937,SIA937,Singapore Airlines,Singapore,SIN,WSSS,12:10,04:10,12:18,8min late,14:45,9min early,2h 27m,Landed
2025-06-08,IU705,,SW Italia,Surabaya,SUB,WARR,12:15,04:15,,,,,1h 0m,Cancelled
2025-06-08,OD178,MXD178,Malindo Air,Kuala Lumpur,KUL,WMKK,12:25,04:25,12:53,28min late,15:30,4min early,2h 36m,Landed
2025-06-08,D7795,XAX795,AirAsia X,Kuala Lumpur,KUL,WMKK,12:30,04:30,12:47,17min late,15:19,25min early,2h 31m,Landed
2025-06-08,QZ805,AWQ805,Indonesia AirAsia,Jakarta,CGK,WIII,12:40,04:40,12:55,15min late,13:35,4min early,1h 39m,Landed
2025-06-08,OD158,MXD158,Malindo Air,Kuala Lumpur,KUL,WMKK,12:45,04:45,13:28,43min late,16:06,11min late,2h 37m,Landed
2025-06-08,IW1848,WON1848,Wings Air,Lombok,LOP,WADL,12:45,04:45,13:32,47min late,13:56,26min late,24m,Landed
2025-06-08,ID7308,BTK7308,Batik Air,Jakarta,HLP,WIHH,12:50,04:50,13:18,28min late,13:45,10min late,1h 26m,Landed
2025-06-08,IP103,PAS103,Pelita Air Service,Jakarta,CGK,WIII,12:55,04:55,12:50,4min early,13:27,17min early,1h 37m,Landed
2025-06-08,MH714,MAS714,Malaysia Airlines,Kuala Lumpur,KUL,WMKK,12:55,04:55,13:54,59min late,16:26,26min late,2h 32m,Landed
2025-06-08,SQ939,SIA939,Singapore Airlines,Singapore,SIN,WSSS,13:05,05:05,13:19,14min late,15:34,16min early,2h 14m,Landed
2025-06-08,VJ900,VJC900,VietJet Air,Hanoi,HAN,VVNB,13:10,05:10,13:23,13min late,17:07,12min early,4h 44m,Landed
2025-06-08,OD172,MXD172,Malindo Air,Kuala Lumpur,KUL,WMKK,13:15,05:15,14:59,44min late,17:45,20min late,2h 46m,Landed
2025-06-08,IU753,,SW Italia,Jakarta,CGK,WIII,13:15,05:15,,,,,1h 55m,Cancelled
2025-06-08,JQ58,JST058,Jetstar Airways,Brisbane,BNE,YBBN,13:15,05:15,14:30,15min late,21:16,31min late,4h 46m,Landed
2025-06-08,IW1834,WON1834,Wings Air,Tambolaka,TMC,WADT,13:20,05:20,13:35,15min late,14:43,1min early,1h 7m,Landed
2025-06-08,JT660,LNI660,Lion Air,Balikpapan,BPN,WALL,13:25,05:25,14:02,37min late,15:23,13min late,1h 20m,Landed
2025-06-08,8G182,DTL182,Mid Africa Aviation,Dili,DIL,WPDL,13:25,05:25,13:40,15min late,16:17,2min early,1h 36m,Landed
2025-06-08,D7799,XAX799,AirAsia X,Kuala Lumpur,KUL,WMKK,13:35,05:35,13:50,15min late,16:29,20min early,2h 38m,Landed
2025-06-08,IW1826,WON1826,Wings Air,Bima,BMU,WADB,13:40,05:40,14:33,53min late,15:40,35min late,1h 7m,Landed
2025-06-08,QZ506,AWQ506,Indonesia AirAsia,Singapore,SIN,WSSS,13:45,05:45,14:06,21min late,16:41,1min late,2h 35m,Landed
2025-06-08,GA409,GIA409,Garuda Indonesia,Jakarta,CGK,WIII,13:45,05:45,13:54,9min late,14:30,14min early,1h 36m,Landed
2025-06-08,ID7135,BTK7135,Batik Air,Singapore,SIN,WSSS,13:45,05:45,13:51,6min late,16:12,27min early,2h 20m,Landed
2025-06-08,8B5107,TNU5107,Business Air,Jakarta,CGK,WIII,13:50,05:50,14:29,39min late,14:45,5min late,1h 16m,Landed
2025-06-08,IW1964,WON1964,Wings Air,Lombok,LOP,WADL,13:55,05:55,14:17,22min late,14:42,2min late,24m,Landed
2025-06-08,TR289,TGW289,Scoot,Singapore,SIN,WSSS,14:00,06:00,14:30,30min late,16:45,15min early,2h 14m,Landed
2025-06-08,VJ848,VJC848,VietJet Air,Ho Chi Minh City,SGN,VVTS,14:00,06:00,13:56,4min early,16:16,33min early,3h 20m,Landed
2025-06-08,VJ894,VJC894,VietJet Air,Ho Chi Minh City,SGN,VVTS,14:05,06:05,14:06,on time,16:36,18min early,3h 30m,Landed
2025-06-08,ID7637,BTK7637,Batik Air,Bangkok,DMK,VTBD,14:15,06:15,14:52,37min late,17:55,10min late,4h 2m,Landed
2025-06-08,QG699,CTV699,Citilink,Surabaya,SUB,WARR,14:20,06:20,14:34,14min late,14:26,1min late,52m,Landed
2025-06-08,JT844,LNI844,Lion Air,Banjarmasin,BDJ,WAOO,14:35,06:35,15:13,38min late,16:12,12min late,58m,Landed
2025-06-08,JT919,LNI919,Lion Air,Surabaya,SUB,WARR,14:40,06:40,15:22,42min late,15:03,23min late,40m,Landed
2025-06-08,QG681,CTV681,Citilink,Jakarta,CGK,WIII,14:40,06:40,15:16,36min late,16:04,14min late,1h 48m,Landed
2025-06-08,IW1884,WON1884,Wings Air,Waingapu,WGP,WADW,14:40,06:40,14:54,14min late,08:09,39min late,17h 14m,Landed
2025-06-08,AK377,AXM377,AirAsia,Kuala Lumpur,KUL,WMKK,14:45,06:45,15:20,35min late,17:56,1min late,2h 35m,Landed
2025-06-08,3K242,JSA242,Jetstar Asia,Singapore,SIN,WSSS,14:50,06:50,14:55,5min late,17:21,28min early,2h 26m,Landed
2025-06-08,OD307,MXD307,Malindo Air,Kuala Lumpur,KUL,WMKK,14:50,06:50,15:33,43min late,18:09,19min late,2h 36m,Landed
2025-06-08,JQ44,JST044,Jetstar Airways,Melbourne,MEL,YMML,14:55,06:55,15:38,43min late,22:48,18min late,5h 10m,Landed
2025-06-08,JT271,LNI271,Lion Air,Semarang,SRG,WIIS,15:05,07:05,15:36,31min late,15:41,11min late,1h 4m,Landed
2025-06-08,8B5103,,Business Air,Jakarta,CGK,WIII,15:10,07:10,,,,,1h 45m,
2025-06-08,IU759,SJV759,SW Italia,Jakarta,CGK,WIII,15:15,07:15,17:28,13min late,17:59,49min late,1h 31m,Landed
2025-06-08,GA842,GIA842,Garuda Indonesia,Singapore,SIN,WSSS,15:15,07:15,15:22,7min late,18:07,7min late,2h 45m,Landed
2025-06-08,VA50,VOZ050,Virgin Australia,Brisbane,BNE,YBBN,15:15,07:15,16:03,48min late,23:05,5min late,5h 2m,Landed
2025-06-08,GA7036,GIA7036,Garuda Indonesia,Labuan Bajo,LBJ,WATO,15:25,07:25,16:19,54min late,17:15,40min late,56m,Landed
2025-06-08,JT740,LNI740,Lion Air,Makassar,UPG,WAAA,15:25,07:25,16:59,34min late,17:00,15min late,0m,Landed
2025-06-08,VJ898,VJC898,VietJet Air,Ho Chi Minh City,SGN,VVTS,15:30,07:30,16:01,31min late,18:37,17min late,3h 36m,Landed
2025-06-08,ID6335,BTK6335,Batik Air,Labuan Bajo,LBJ,WATO,15:35,07:35,16:35,0min late,17:28,43min late,52m,Landed
2025-06-08,JT961,LNI961,Lion Air,Medan,KNO,WIMM,15:40,07:40,17:50,10min late,19:51,36min late,3h 1m,Landed
2025-06-08,CI772,CAL772,China Airlines,Taipei,TPE,RCTP,15:40,07:40,15:31,9min early,20:52,12min early,5h 21m,Landed
2025-06-08,QZ646,AWQ646,Indonesia AirAsia,Labuan Bajo,LBJ,WATO,15:45,07:45,15:52,7min late,16:39,20min early,46m,Landed
2025-06-08,IP109,PAS109,Pelita Air Service,Jakarta,CGK,WIII,15:45,07:45,16:02,17min late,16:27,7min early,1h 25m,Landed
2025-06-08,JT21,,Lion Air,Jakarta,CGK,WIII,15:45,07:45,,,,,1h 55m,
2025-06-08,VA92,VOZ092,Virgin Australia,Melbourne,MEL,YMML,15:50,07:50,15:53,3min late,23:33,8min late,5h 40m,Landed
2025-06-08,JQ43,JST043,Jetstar Airways,Singapore,SIN,WSSS,15:50,07:50,16:06,16min late,18:33,3min late,2h 27m,Landed
2025-06-08,GA411,GIA411,Garuda Indonesia,Jakarta,CGK,WIII,15:55,07:55,17:22,27min late,17:50,50min late,1h 27m,Landed
2025-06-08,VN640,HVN640,Vietnam Airlines,Ho Chi Minh City,SGN,VVTS,16:00,08:00,16:11,11min late,18:43,3min late,3h 32m,Landed
2025-06-08,QG195,CTV195,Citilink,Jakarta,HLP,WIHH,16:10,08:10,16:31,21min late,16:59,on time,1h 27m,Landed
2025-06-08,IU743,SJV743,SW Italia,Jakarta,CGK,WIII,16:10,08:10,17:29,19min late,18:08,3min late,1h 38m,Landed
2025-06-08,QZ807,AWQ807,Indonesia AirAsia,Jakarta,CGK,WIII,16:10,08:10,17:10,0min late,17:58,43min late,1h 47m,Landed
2025-06-08,CX784,CPA784,Cathay Pacific,Hong Kong,HKG,VHHH,16:10,08:10,16:12,2min late,20:55,29min early,4h 43m,Landed
2025-06-08,QG669,CTV669,Citilink,Surabaya,SUB,WARR,16:10,08:10,16:07,3min early,16:08,11min early,1h 1m,Landed
2025-06-08,QZ536,AWQ536,Indonesia AirAsia,Perth,PER,YPPH,16:15,08:15,16:29,14min late,19:42,27min early,3h 13m,Landed
2025-06-08,JT925,LNI925,Lion Air,Surakarta,SOC,WAHQ,16:25,08:25,18:05,40min late,18:29,44min late,1h 24m,Landed
2025-06-08,MH850,MAS850,Malaysia Airlines,Kuala Lumpur,KUL,WMKK,16:25,08:25,16:30,5min late,19:18,16min early,2h 48m,Landed
2025-06-08,BR256,EVA256,EVA Airways,Taipei,TPE,RCTP,16:30,08:30,16:32,2min late,22:09,9min late,5h 37m,Landed
2025-06-08,JT744,,Lion Air,Makassar,UPG,WAAA,16:40,08:40,,,,,1h 20m,
2025-06-08,QZ246,AWQ246,Indonesia AirAsia,Phuket,HKT,VTSP,16:40,08:40,16:43,3min late,19:49,9min late,4h 5m,Landed
2025-06-08,GA4012,GIA4012,Garuda Indonesia,Jakarta,CGK,WIII,16:40,08:40,17:09,29min late,17:43,3min late,1h 33m,Landed
2025-06-08,QZ642,AWQ642,Indonesia AirAsia,Labuan Bajo,LBJ,WATO,16:45,08:45,17:57,12min late,18:47,47min late,50m,Landed
2025-06-08,IU273,SJV273,SW Italia,Pontianak,PNK,WIOO,16:50,08:50,18:27,37min late,19:20,30min late,1h 53m,Landed
2025-06-08,JT567,LNI567,Lion Air,Yogyakarta,YIA,WAHI,16:50,08:50,17:45,55min late,17:49,29min late,1h 3m,Landed
2025-06-08,HO1356,DKH1356,Juneyao Airlines,Shanghai,PVG,ZSPD,16:50,08:50,18:34,44min late,00:51,11min late,6h 17m,Landed
2025-06-08,TG432,THA432,Thai Airways International,Bangkok,BKK,VTBS,16:55,08:55,16:47,8min early,19:31,33min early,3h 44m,Landed
2025-06-08,QZ556,AWQ556,Indonesia AirAsia,Kuala Lumpur,KUL,WMKK,16:55,08:55,16:49,5min early,19:35,34min early,2h 45m,Landed
2025-06-08,JT923,LNI923,Lion Air,Surabaya,SUB,WARR,17:05,09:05,20:42,37min late,20:22,17min late,39m,Landed
2025-06-08,GA419,GIA419,Garuda Indonesia,Jakarta,CGK,WIII,17:25,09:25,18:00,35min late,18:47,22min late,1h 46m,Landed
2025-06-08,VJ998,VJC998,VietJet Air,Hanoi,HAN,VVNB,17:30,09:30,17:48,18min late,21:18,26min early,4h 30m,Landed
2025-06-08,IU723,,SW Italia,Surabaya,SUB,WARR,17:30,09:30,,,,,1h 0m,
2025-06-08,GA349,GIA349,Garuda Indonesia,Surabaya,SUB,WARR,17:35,09:35,17:51,16min late,17:37,7min early,45m,Landed
2025-06-08,D7793,XAX793,AirAsia X,Kuala Lumpur,KUL,WMKK,17:40,09:40,18:31,51min late,21:06,11min late,2h 35m,Landed
2025-06-08,NZ291,ANZ291,Air New Zealand,Auckland,AKL,NZAA,17:50,09:50,17:47,3min early,04:39,50min early,6h 52m,Landed
2025-06-08,OD193,MXD193,Malindo Air,Perth,PER,YPPH,18:10,10:10,19:00,50min late,22:16,31min late,3h 16m,Landed
2025-06-08,SL259,TLM259,Thai Lion Air,Bangkok,DMK,VTBD,18:20,10:20,18:24,4min late,21:16,23min early,3h 52m,Landed
2025-06-08,IN281,LKN281,Nam Air,Jakarta,CGK,WIII,18:30,10:30,18:48,18min late,19:23,13min late,1h 35m,Landed
2025-06-08,IU737,,SW Italia,Jakarta,CGK,WIII,18:30,10:30,,,,,1h 55m,Cancelled
2025-06-08,GA417,GIA417,Garuda Indonesia,Jakarta,CGK,WIII,18:40,10:40,18:55,15min late,19:36,3min early,1h 41m,Landed
2025-06-08,CX782,CPA782,Cathay Pacific,Hong Kong,HKG,VHHH,18:45,10:45,18:34,11min early,23:21,43min early,4h 47m,Landed
2025-06-08,EY477,ETD477,Etihad Airways,Abu Dhabi,AUH,OMAA,18:45,10:45,19:35,50min late,00:07,37min late,8h 32m,Landed
2025-06-08,8B5109,TNU5109,Business Air,Jakarta,CGK,WIII,18:45,10:45,19:09,24min late,19:44,14min late,1h 35m,Landed
2025-06-08,QZ809,AWQ809,Indonesia AirAsia,Jakarta,CGK,WIII,18:50,10:50,21:30,40min late,22:05,20min late,1h 35m,Landed
2025-06-08,TG440,THA440,Thai Airways International,Bangkok,BKK,VTBS,19:00,11:00,19:15,15min late,22:08,1min early,3h 53m,Landed
2025-06-08,AK379,AXM379,AirAsia,Kuala Lumpur,KUL,WMKK,19:15,11:15,19:56,41min late,22:27,7min late,2h 31m,Landed
2025-06-08,3K246,JSA246,Jetstar Asia,Singapore,SIN,WSSS,19:15,11:15,19:24,9min late,21:44,15min early,2h 20m,Landed
2025-06-08,MH852,MAS852,Malaysia Airlines,Kuala Lumpur,KUL,WMKK,19:20,11:20,19:12,8min early,22:05,14min early,2h 53m,Landed
2025-06-08,QR963,QTR963,Qatar Airways,Doha,DOH,OTHH,19:20,11:20,19:43,23min late,23:40,on time,8h 56m,Landed
2025-06-08,ID7310,BTK7310,Batik Air,Jakarta,HLP,WIHH,19:25,11:25,20:28,3min late,20:50,40min late,1h 21m,Landed
2025-06-08,IU755,,SW Italia,Jakarta,CGK,WIII,19:25,11:25,,,,,1h 55m,Cancelled
2025-06-08,TR287,TGW287,Scoot,Singapore,SIN,WSSS,19:40,11:40,19:47,7min late,21:52,23min early,2h 4m,Landed
2025-06-08,EK369,UAE369,Emirates,Dubai,DXB,OMDB,19:45,11:45,20:11,26min late,00:47,2min early,8h 36m,Landed
2025-06-08,ID6413,BTK6413,Batik Air,Surabaya,SUB,WARR,19:50,11:50,20:27,37min late,20:10,20min late,42m,Landed
2025-06-08,GA415,GIA415,Garuda Indonesia,Jakarta,CGK,WIII,20:00,12:00,20:07,7min late,20:56,3min early,1h 48m,Landed
2025-06-08,SQ945,SIA945,Singapore Airlines,Singapore,SIN,WSSS,20:00,12:00,20:24,24min late,22:38,1min early,2h 14m,Landed
2025-06-08,ID8517,BTK8517,Batik Air,Jakarta,CGK,WIII,20:00,12:00,22:34,34min late,22:50,55min late,1h 16m,Landed
2025-06-08,8B969,TNU969,Business Air,Guangzhou,CAN,ZGGG,20:15,12:15,19:48,26min early,00:41,18min early,4h 53m,Landed
2025-06-08,IU749,,SW Italia,Jakarta,CGK,WIII,20:25,12:25,,,,,1h 55m,Cancelled
2025-06-08,KL836,KLM836,KLM Royal Dutch Airlines,Singapore,SIN,WSSS,20:35,12:35,20:45,10min late,23:08,1min early,2h 22m,Landed
2025-06-08,IU727,SJV727,SW Italia,Surabaya,SUB,WARR,20:55,12:55,21:30,35min late,21:10,15min late,40m,Landed
2025-06-08,JT25,LNI025,Lion Air,Jakarta,CGK,WIII,21:00,13:00,21:22,22min late,21:51,3min early,1h 29m,Landed
2025-06-08,OD177,MXD177,Malindo Air,Melbourne,MEL,YMML,21:00,13:00,18:24,35min early,05:49,9min late,9h 24m,Landed
2025-06-08,GA425,GIA425,Garuda Indonesia,Jakarta,CGK,WIII,21:05,13:05,21:13,8min late,22:06,6min late,1h 52m,Landed
2025-06-08,QG342,CTV342,Citilink,Makassar,UPG,WAAA,21:10,13:10,22:53,43min late,00:14,29min late,1h 21m,Landed
2025-06-08,JQ34,JST034,Jetstar Airways,Melbourne,MEL,YMML,21:20,13:20,21:27,7min late,04:29,25min early,5h 2m,Landed
2025-06-08,TK67,THY067,Turkish Airlines,Istanbul,IST,LTFM,21:20,13:20,21:15,5min early,04:48,26min early,12h 33m,Landed
2025-06-08,AK375,AXM375,AirAsia,Kuala Lumpur,KUL,WMKK,21:25,13:25,00:58,33min late,03:26,56min late,2h 28m,Landed
2025-06-08,IP105,PAS105,Pelita Air Service,Jakarta,CGK,WIII,21:25,13:25,22:18,53min late,22:46,36min late,1h 27m,Landed
2025-06-08,IU745,SJV745,SW Italia,Jakarta,CGK,WIII,21:30,13:30,23:19,49min late,23:43,18min late,1h 24m,Landed
2025-06-08,JQ117,JST117,Jetstar Airways,Perth,PER,YPPH,21:30,13:30,21:32,2min late,00:50,29min early,3h 18m,Landed
2025-06-08,GA4154,GIA4154,Garuda Indonesia,Jakarta,CGK,WIII,21:30,13:30,22:05,35min late,22:35,10min late,1h 30m,Landed
2025-06-08,ID6760,,Batik Air,Makassar,UPG,WAAA,21:30,13:30,,,,,1h 20m,Cancelled
2025-06-08,QZ819,AWQ819,Indonesia AirAsia,Jakarta,CGK,WIII,21:40,13:40,23:40,0min late,00:16,46min late,1h 35m,Landed
2025-06-08,SQ947,SIA947,Singapore Airlines,Singapore,SIN,WSSS,21:45,13:45,21:50,5min late,00:19,on time,2h 29m,Landed
2025-06-08,QZ546,AWQ546,Indonesia AirAsia,Perth,PER,YPPH,21:55,13:55,22:08,13min late,01:39,on time,3h 31m,Landed
2025-06-08,OD157,MXD157,Malindo Air,Brisbane,BNE,YBBN,22:00,14:00,19:10,49min early,06:24,34min late,9h 14m,Landed
2025-06-08,GA718,GIA718,Garuda Indonesia,Melbourne,MEL,YMML,22:05,14:05,22:25,20min late,05:37,7min late,5h 12m,Landed
2025-06-08,QF44,QFA044,Qantas,Sydney,SYD,YSSY,22:10,14:10,00:14,4min late,07:44,39min late,5h 29m,Landed
2025-06-08,QG9695,CTV9695,Citilink,Surabaya,SUB,WARR,22:10,14:10,23:01,51min late,22:39,24min late,37m,Landed
2025-06-08,OD171,MXD171,Malindo Air,Sydney,SYD,YSSY,22:15,14:15,23:26,11min late,06:51,46min late,5h 25m,Landed
2025-06-08,QG689,CTV689,Citilink,Jakarta,CGK,WIII,22:20,14:20,01:13,53min late,01:55,35min late,1h 41m,Landed
2025-06-08,JQ38,JST038,Jetstar Airways,Sydney,SYD,YSSY,22:35,14:35,22:43,8min late,06:09,20min early,5h 26m,Landed
2025-06-08,QG9661,,Citilink,Jakarta,CGK,WIII,22:35,14:35,02:01,26min late,23:30,,1h 55m,Landed
2025-06-08,7C2712,JJA2712,Jeju Air,Seoul,ICN,RKSI,22:45,14:45,22:43,2min early,07:12,2min late,7h 29m,Landed
2025-06-08,QZ811,AWQ811,Indonesia AirAsia,Jakarta,CGK,WIII,22:50,14:50,00:16,26min late,00:52,12min late,1h 36m,Landed
2025-06-08,VA96,VOZ096,Virgin Australia,Melbourne,MEL,YMML,23:05,15:05,22:57,8min early,06:33,6min early,5h 36m,Landed
2025-06-08,JT3020,,Lion Air,Seoul,ICN,RKSI,23:05,15:05,,,,,7h 5m,
2025-06-08,QF46,QFA046,Qantas,Melbourne,MEL,YMML,23:05,15:05,22:58,7min early,06:36,3min early,5h 38m,Landed
2025-06-08,VA82,VOZ082,Virgin Australia,Gold Coast,OOL,YBCG,23:20,15:20,23:29,9min late,06:43,11min early,5h 14m,Landed
2025-06-08,3K240,JSA240,Jetstar Asia,Singapore,SIN,WSSS,23:25,15:25,23:31,6min late,02:11,1min late,2h 40m,Landed
2025-06-08,GA714,GIA714,Garuda Indonesia,Sydney,SYD,YSSY,23:25,15:25,00:14,49min late,07:34,24min late,5h 20m,Landed
2025-06-08,JQ36,JST036,Jetstar Airways,Melbourne,MEL,YMML,23:30,15:30,23:42,12min late,06:54,10min early,5h 12m,Landed
2025-06-08,VA68,VOZ068,Virgin Australia,Sydney,SYD,YSSY,23:35,15:35,23:47,12min late,07:33,11min early,5h 46m,Landed
2025-06-08,QZ542,AWQ542,Indonesia AirAsia,Cairns,CNS,YBCS,23:45,15:45,00:39,54min late,06:41,6min late,4h 1m,Landed
2025-06-08,KE634,KAL634,Korean Air Lines,Seoul,ICN,RKSI,23:45,15:45,23:36,9min early,07:48,6min early,7h 12m,Landed
2025-06-08,JQ128,JST128,Jetstar Airways,Adelaide,ADL,YPAD,23:55,15:55,00:23,28min late,06:22,12min late,4h 28m,Landed
2025-06-09,BX602,ABL602,Air Busan,Busan,PUS,RKPK,00:05,16:05,00:15,10min late,07:31,38min early,6h 16m,Landed
2025-06-09,GA880,GIA880,Garuda Indonesia,Tokyo,NRT,RJAA,00:20,16:20,00:36,16min late,08:46,3min early,7h 10m,Landed
2025-06-09,CZ626,CSN626,China Southern Airlines,Guangzhou,CAN,ZGGG,00:30,16:30,00:44,14min late,05:30,19min early,4h 46m,Landed
2025-06-09,MF892,CXA892,Xiamen Airlines,Xiamen,XMN,ZSAM,00:30,16:30,03:31,1min late,05:58,6min early,2h 26m,Landed
2025-06-09,QR961,QTR961,Qatar Airways,Doha,DOH,OTHH,00:35,16:35,00:32,3min early,04:38,16min early,9h 6m,Landed
2025-06-09,EK399,UAE399,Emirates,Dubai,DXB,OMDB,00:35,16:35,00:46,11min late,20:47,47min early,0m,Landed
2025-06-09,KE630,KAL630,Korean Air Lines,Seoul,ICN,RKSI,00:50,16:50,00:52,2min late,08:58,21min early,7h 6m,Landed
2025-06-09,PR538,PAL538,Philippine Airlines,Manila,MNL,RPLL,00:55,16:55,01:02,7min late,04:43,6min early,3h 41m,Landed
2025-06-09,MU5030,CES5030,China Eastern Airlines,Shanghai,PVG,ZSPD,00:55,16:55,00:42,13min early,06:59,0min early,6h 17m,Landed
2025-06-09,QZ548,AWQ548,Indonesia AirAsia,Perth,PER,YPPH,01:05,17:05,00:26,38min early,03:54,0min early,3h 27m,Landed
2025-06-09,GA870,GIA870,Garuda Indonesia,Seoul,ICN,RKSI,01:15,17:15,01:37,22min late,09:41,26min late,7h 4m,Landed
2025-06-09,8B5888,TNU5888,Business Air,Manado,MDC,WAMM,01:50,17:50,01:58,8min late,04:04,20min early,2h 5m,Landed
2025-06-09,JQ82,JST082,Jetstar Airways,Darwin,DRW,YPDN,07:00,23:00,07:34,34min late,11:16,1min late,2h 11m,Landed
2025-06-09,JT3569,LNI3569,Lion Air,Yogyakarta,YIA,WAHI,07:00,23:00,07:02,2min late,07:09,20min early,1h 6m,Landed
2025-06-09,GA401,GIA401,Garuda Indonesia,Jakarta,CGK,WIII,07:00,23:00,07:21,21min late,08:02,2min late,1h 40m,Landed
2025-06-09,QZ550,AWQ550,Indonesia AirAsia,Kuala Lumpur,KUL,WMKK,07:00,23:00,07:09,9min late,09:45,14min early,2h 36m,Landed
2025-06-09,JT746,LNI746,Lion Air,Makassar,UPG,WAAA,07:00,23:00,07:45,45min late,08:45,25min late,1h 0m,Landed
2025-06-09,JT856,,Lion Air,Surabaya,SUB,WARR,07:00,23:00,,,,,1h 1m,
2025-06-09,JT929,LNI929,Lion Air,Surabaya,SUB,WARR,07:00,23:00,07:12,12min late,06:49,10min early,37m,Landed
2025-06-09,JT944,,Lion Air,Makassar,UPG,WAAA,07:00,23:00,,,,,1h 20m,
2025-06-09,QG690,CTV690,Citilink,Surabaya,SUB,WARR,07:05,23:05,07:27,22min late,07:03,1min early,35m,Landed
2025-06-09,QZ534,AWQ534,Indonesia AirAsia,Perth,PER,YPPH,07:05,23:05,07:32,27min late,11:12,12min late,3h 40m,Landed
2025-06-09,SQ949,SIA949,Singapore Airlines,Singapore,SIN,WSSS,07:10,23:10,07:40,30min late,09:54,5min early,2h 13m,Landed
2025-06-09,QZ644,AWQ644,Indonesia AirAsia,Labuan Bajo,LBJ,WATO,07:10,23:10,07:17,7min late,08:08,6min early,50m,Landed
2025-06-09,QZ502,AWQ502,Indonesia AirAsia,Singapore,SIN,WSSS,07:10,23:10,07:04,5min early,09:23,26min early,2h 19m,Landed
2025-06-09,QG663,CTV663,Citilink,Jakarta,CGK,WIII,07:50,23:50,08:30,40min late,09:03,18min late,1h 33m,Landed
2025-06-09,IW1854,WON1854,Wings Air,Lombok,LOP,WADL,08:00,00:00,08:22,22min late,08:45,on time,22m,Landed
2025-06-09,IW3330,WON3330,Wings Air,,,,08:00,00:00,08:04,4min late,10:33,6min early,2h 28m,Landed
2025-06-09,IU731,SJV731,SW Italia,Jakarta,CGK,WIII,08:05,00:05,08:31,26min late,09:03,3min late,1h 31m,Landed
2025-06-09,HX706,CRK706,Hong Kong Airlines,Hong Kong,HKG,VHHH,08:15,00:15,08:17,2min late,13:11,8min early,4h 54m,Landed
2025-06-09,5J280,CEB280,CEBU Pacific Air,Manila,MNL,RPLL,08:35,00:35,08:49,14min late,12:44,5min early,3h 55m,Landed
2025-06-09,IW1850,WON1850,Wings Air,Lombok,LOP,WADL,08:35,00:35,09:08,33min late,09:31,11min late,22m,Landed
2025-06-09,IU703,SJV703,SW Italia,Surabaya,SUB,WARR,08:40,00:40,13:50,10min late,13:32,52min late,41m,Landed
2025-06-09,CZ8482,CSN8482,China Southern Airlines,Guangzhou,CAN,ZGGG,08:40,00:40,08:49,9min late,13:51,1min late,5h 2m,Landed
2025-06-09,QZ504,AWQ504,Indonesia AirAsia,Singapore,SIN,WSSS,09:00,01:00,09:02,2min late,11:21,23min early,2h 19m,Landed
2025-06-09,IU751,,SW Italia,Jakarta,CGK,WIII,09:05,01:05,,,,,1h 55m,Cancelled
2025-06-09,8B80,TNU080,Business Air,Perth,PER,YPPH,09:05,01:05,02:52,12min early,12:31,23min early,9h 38m,Landed
2025-06-09,8B5105,TNU5105,Business Air,Jakarta,CGK,WIII,09:10,01:10,09:25,15min late,09:57,3min early,1h 31m,Landed
2025-06-09,IW1832,WON1832,Wings Air,Tambolaka,TMC,WADT,09:10,01:10,09:43,33min late,10:48,13min late,1h 5m,Landed
2025-06-09,IN640,LKN640,Nam Air,Tambolaka,TMC,WADT,09:10,01:10,09:28,18min late,10:14,4min late,45m,Landed
2025-06-09,ID6007,BTK6007,Batik Air,Perth,PER,YPPH,09:25,01:25,09:59,34min late,09:59,15min early,0m,Landed
2025-06-09,QG500,CTV500,Citilink,Dili,DIL,WPDL,09:30,01:30,09:07,23min early,11:56,23min early,1h 49m,Landed
2025-06-09,QZ803,AWQ803,Indonesia AirAsia,Jakarta,CGK,WIII,09:40,01:40,09:37,2min early,10:16,14min early,1h 38m,Landed
2025-06-09,QR965,QTR965,Qatar Airways,Doha,DOH,OTHH,09:55,01:55,10:15,20min late,13:56,23min early,8h 40m,Landed
2025-06-09,IW1882,WON1882,Wings Air,Sumbawa Besar,SWQ,WADS,10:00,02:00,10:16,16min late,11:04,4min late,47m,Landed
2025-06-09,IU757,SJV757,SW Italia,Jakarta,CGK,WIII,10:00,02:00,09:25,34min early,10:10,44min early,1h 44m,Landed
2025-06-09,JT273,LNI273,Lion Air,Semarang,SRG,WIIS,10:00,02:00,10:07,7min late,10:08,16min early,1h 0m,Landed
2025-06-09,SQ935,SIA935,Singapore Airlines,Singapore,SIN,WSSS,10:05,02:05,10:16,11min late,12:43,1min early,2h 26m,Landed
2025-06-09,8B5101,TNU5101,Business Air,Jakarta,CGK,WIII,10:25,02:25,12:03,38min late,12:33,18min late,1h 30m,Landed
2025-06-09,8G182,DTL182,Mid Africa Aviation,Dili,DIL,WPDL,10:35,02:35,11:20,45min late,13:58,28min late,1h 38m,Landed
2025-06-09,AI2146,AIC2146,Air India,Delhi,DEL,VIDP,10:35,02:35,10:48,13min late,15:42,7min early,7h 24m,Landed
2025-06-09,QZ815,AWQ815,Indonesia AirAsia,Jakarta,CGK,WIII,10:35,02:35,10:43,8min late,11:23,6min early,1h 40m,Landed
2025-06-09,JT23,LNI023,Lion Air,Jakarta,CGK,WIII,10:35,02:35,16:25,50min late,16:54,24min late,1h 29m,Landed
2025-06-09,TR281,TGW281,Scoot,Singapore,SIN,WSSS,10:50,02:50,11:01,11min late,13:13,17min early,2h 11m,Landed
2025-06-09,3K244,JSA244,Jetstar Asia,Singapore,SIN,WSSS,10:55,02:55,10:44,11min early,13:20,19min early,2h 36m,Landed
2025-06-09,JT927,LNI927,Lion Air,Surakarta,SOC,WAHQ,10:55,02:55,11:12,17min late,11:09,5min early,57m,Landed
2025-06-09,JT805,LNI805,Lion Air,Surabaya,SUB,WARR,11:05,03:05,13:13,8min late,12:52,47min late,39m,Landed
2025-06-09,JT924,LNI924,Lion Air,Kupang,KOE,WATT,11:05,03:05,11:40,35min late,13:06,21min late,1h 26m,Landed
2025-06-09,IU741,SJV741,SW Italia,Jakarta,CGK,WIII,11:05,03:05,13:20,15min late,14:00,0min late,1h 40m,Landed
2025-06-09,JQ126,JST126,Jetstar Airways,Adelaide,ADL,YPAD,11:15,03:15,11:46,31min late,17:50,20min late,4h 34m,Landed
2025-06-09,6E1606,IGO1606,IndiGo,Bangalore,BLR,VOBL,11:20,03:20,11:32,12min late,15:08,1min early,6h 5m,Landed
2025-06-09,QZ780,AWQ780,Indonesia AirAsia,Balikpapan,BPN,WALL,11:25,03:25,11:54,29min late,13:12,7min late,1h 18m,Landed
2025-06-09,QG9693,CTV9693,Citilink,Surabaya,SUB,WARR,11:35,03:35,11:41,6min late,11:28,16min early,46m,Landed
2025-06-09,JQ109,JST109,Jetstar Airways,Perth,PER,YPPH,11:40,03:40,11:58,18min late,15:29,4min late,3h 31m,Landed
2025-06-09,JQ32,JST032,Jetstar Airways,Melbourne,MEL,YMML,11:55,03:55,13:45,50min late,20:55,25min late,5h 10m,Landed
2025-06-09,JT569,LNI569,Lion Air,Yogyakarta,YIA,WAHI,11:55,03:55,12:06,11min late,12:16,8min early,1h 10m,Landed
2025-06-09,OD192,MXD192,Malindo Air,Kuala Lumpur,KUL,WMKK,11:55,03:55,12:39,44min late,15:23,18min late,2h 44m,Landed
2025-06-09,FD397,AIQ397,Thai AirAsia,Bangkok,DMK,VTBD,12:00,04:00,12:39,39min late,15:37,2min late,3h 58m,Landed
2025-06-09,GA407,GIA407,Garuda Indonesia,Jakarta,CGK,WIII,12:00,04:00,12:05,5min late,12:49,5min early,1h 43m,Landed
2025-06-09,GA253,GIA253,Garuda Indonesia,Yogyakarta,YIA,WAHI,12:05,04:05,12:13,8min late,12:36,18min early,1h 23m,Landed
2025-06-09,SQ937,SIA937,Singapore Airlines,Singapore,SIN,WSSS,12:10,04:10,12:14,4min late,14:34,21min early,2h 19m,Landed
2025-06-09,IU705,,SW Italia,Surabaya,SUB,WARR,12:15,04:15,,,,,1h 0m,Cancelled
2025-06-09,JQ40,JST040,Jetstar Airways,Sydney,SYD,YSSY,12:20,04:20,12:28,8min late,19:47,27min early,5h 18m,Landed
2025-06-09,OD178,MXD178,Malindo Air,Kuala Lumpur,KUL,WMKK,12:25,04:25,13:05,40min late,15:58,23min late,2h 53m,Landed
2025-06-09,IW1848,WON1848,Wings Air,Lombok,LOP,WADL,12:45,04:45,13:34,49min late,13:57,27min late,23m,Landed
2025-06-09,OD158,MXD158,Malindo Air,Kuala Lumpur,KUL,WMKK,12:45,04:45,14:00,15min late,16:40,45min late,2h 39m,Landed
2025-06-09,ID7308,BTK7308,Batik Air,Jakarta,HLP,WIHH,12:50,04:50,13:07,17min late,13:28,6min early,1h 21m,Landed
2025-06-09,IP103,PAS103,Pelita Air Service,Jakarta,CGK,WIII,12:55,04:55,12:50,4min early,13:24,20min early,1h 33m,Landed
2025-06-09,MH714,MAS714,Malaysia Airlines,Kuala Lumpur,KUL,WMKK,12:55,04:55,13:22,27min late,16:06,6min late,2h 43m,Landed
2025-06-09,GA4292,GIA4292,Garuda Indonesia,Jakarta,CGK,WIII,13:00,05:00,13:14,14min late,13:54,5min early,1h 39m,Landed
2025-06-09,SQ939,SIA939,Singapore Airlines,Singapore,SIN,WSSS,13:05,05:05,13:15,10min late,15:38,12min early,2h 22m,Landed
2025-06-09,VJ900,VJC900,VietJet Air,Hanoi,HAN,VVNB,13:10,05:10,13:27,17min late,17:00,19min early,4h 33m,Landed
2025-06-09,IU753,SJV753,SW Italia,Jakarta,CGK,WIII,13:15,05:15,14:49,34min late,15:30,20min late,1h 41m,Landed
2025-06-09,JQ58,JST058,Jetstar Airways,Brisbane,BNE,YBBN,13:15,05:15,14:31,16min late,21:38,53min late,5h 7m,Landed
2025-06-09,OD172,MXD172,Malindo Air,Kuala Lumpur,KUL,WMKK,13:15,05:15,14:46,31min late,17:35,10min late,2h 48m,Landed
2025-06-09,IW1834,WON1834,Wings Air,Tambolaka,TMC,WADT,13:20,05:20,15:09,49min late,16:15,30min late,1h 5m,Landed
2025-06-09,JT770,LNI770,Lion Air,Manado,MDC,WAMM,13:20,05:20,13:46,26min late,15:44,15min early,1h 58m,Landed
2025-06-09,JT660,LNI660,Lion Air,Balikpapan,BPN,WALL,13:25,05:25,13:54,29min late,15:18,8min late,1h 23m,Landed
2025-06-09,D7799,XAX799,AirAsia X,Kuala Lumpur,KUL,WMKK,13:35,05:35,14:07,32min late,16:41,8min early,2h 34m,Landed
2025-06-09,IW1826,WON1826,Wings Air,Bima,BMU,WADB,13:40,05:40,15:12,32min late,16:19,14min late,1h 6m,Landed
2025-06-09,QZ506,AWQ506,Indonesia AirAsia,Singapore,SIN,WSSS,13:45,05:45,14:01,16min late,16:33,6min early,2h 32m,Landed
2025-06-09,GA409,GIA409,Garuda Indonesia,Jakarta,CGK,WIII,13:45,05:45,14:11,26min late,14:47,2min late,1h 35m,Landed
2025-06-09,ID7135,BTK7135,Batik Air,Singapore,SIN,WSSS,13:45,05:45,14:46,1min late,17:00,20min late,2h 13m,Landed
2025-06-09,8B5107,TNU5107,Business Air,Jakarta,CGK,WIII,13:50,05:50,14:31,41min late,15:16,36min late,1h 44m,Landed
2025-06-09,IW1964,WON1964,Wings Air,Lombok,LOP,WADL,13:55,05:55,14:50,55min late,15:14,34min late,23m,Landed
2025-06-09,QZ544,AWQ544,Indonesia AirAsia,Perth,PER,YPPH,13:55,05:55,14:17,22min late,17:42,12min early,3h 25m,Landed
2025-06-09,TR289,TGW289,Scoot,Singapore,SIN,WSSS,14:00,06:00,14:45,45min late,17:07,7min late,2h 21m,Landed
2025-06-09,VJ848,VJC848,VietJet Air,Ho Chi Minh City,SGN,VVTS,14:00,06:00,14:20,20min late,16:50,on time,3h 29m,Landed
2025-06-09,VJ894,VJC894,VietJet Air,Ho Chi Minh City,SGN,VVTS,14:05,06:05,14:24,19min late,16:52,2min early,3h 27m,Landed
2025-06-09,IU735,SJV735,SW Italia,Jakarta,CGK,WIII,14:15,06:15,15:13,58min late,15:52,42min late,1h 38m,Landed
2025-06-09,ID7637,BTK7637,Batik Air,Bangkok,DMK,VTBD,14:15,06:15,14:55,40min late,18:05,20min late,4h 9m,Landed
2025-06-09,QG699,CTV699,Citilink,Surabaya,SUB,WARR,14:20,06:20,14:55,35min late,15:04,39min late,1h 9m,Landed
2025-06-09,JT844,LNI844,Lion Air,Banjarmasin,BDJ,WAOO,14:35,06:35,15:32,57min late,16:37,37min late,1h 4m,Landed
2025-06-09,QG681,CTV681,Citilink,Jakarta,CGK,WIII,14:40,06:40,15:23,43min late,15:51,1min late,1h 28m,Landed
2025-06-09,JT919,LNI919,Lion Air,Surabaya,SUB,WARR,14:40,06:40,17:27,47min late,17:15,35min late,47m,Landed
2025-06-09,IW1884,WON1884,Wings Air,Waingapu,WGP,WADW,14:40,06:40,15:57,17min late,17:21,51min late,1h 24m,Landed
2025-06-09,AK377,AXM377,AirAsia,Kuala Lumpur,KUL,WMKK,14:45,06:45,15:19,34min late,18:01,6min late,2h 42m,Landed
2025-06-09,OD307,MXD307,Malindo Air,Kuala Lumpur,KUL,WMKK,14:50,06:50,17:19,29min late,20:05,15min late,2h 46m,Landed
2025-06-09,3K242,JSA242,Jetstar Asia,Singapore,SIN,WSSS,14:50,06:50,16:19,29min late,18:53,3min late,2h 34m,Landed
2025-06-09,QG687,CTV687,Citilink,Jakarta,CGK,WIII,14:50,06:50,16:30,40min late,17:12,22min late,1h 41m,Landed
2025-06-09,JQ44,JST044,Jetstar Airways,Melbourne,MEL,YMML,14:55,06:55,15:31,36min late,22:40,10min late,5h 9m,Landed
2025-06-09,JT271,LNI271,Lion Air,Semarang,SRG,WIIS,15:05,07:05,16:01,56min late,16:02,32min late,1h 1m,Landed
2025-06-09,QZ244,AWQ244,Indonesia AirAsia,Bangkok,DMK,VTBD,15:10,07:10,15:38,28min late,18:43,13min late,4h 4m,Landed
2025-06-09,8B5103,,TransNusa,Jakarta,CGK,WIII,15:10,07:10,,,,,1h 45m,
2025-06-09,IU759,,SW Italia,Jakarta,CGK,WIII,15:15,07:15,,,,,1h 55m,Cancelled
2025-06-09,GA842,GIA842,Garuda Indonesia,Singapore,SIN,WSSS,15:15,07:15,15:38,23min late,18:23,23min late,2h 44m,Landed
2025-06-09,VA50,VOZ050,Virgin Australia,Brisbane,BNE,YBBN,15:15,07:15,15:20,5min late,22:56,3min early,5h 36m,Landed
2025-06-09,GA7036,GIA7036,Garuda Indonesia,Labuan Bajo,LBJ,WATO,15:25,07:25,15:43,18min late,16:38,3min late,55m,Landed
2025-06-09,JT740,LNI740,Lion Air,Makassar,UPG,WAAA,15:25,07:25,16:03,38min late,17:04,19min late,1h 1m,Landed
2025-06-09,VJ898,VJC898,VietJet Air,Ho Chi Minh City,SGN,VVTS,15:30,07:30,16:07,37min late,18:27,7min late,3h 20m,Landed
2025-06-09,ID6335,BTK6335,Batik Air,Labuan Bajo,LBJ,WATO,15:35,07:35,17:37,2min late,18:29,44min late,52m,Landed
2025-06-09,CI772,CAL772,China Airlines,Taipei,TPE,RCTP,15:40,07:40,16:17,37min late,21:50,45min late,5h 33m,Landed
2025-06-09,IP109,PAS109,Pelita Air Service,Jakarta,CGK,WIII,15:45,07:45,16:03,18min late,16:39,4min late,1h 35m,Landed
2025-06-09,JT21,,Lion Air,Jakarta,CGK,WIII,15:45,07:45,,,,,1h 55m,Cancelled
2025-06-09,QZ646,AWQ646,Indonesia AirAsia,Labuan Bajo,LBJ,WATO,15:45,07:45,16:31,46min late,17:25,25min late,53m,Landed
2025-06-09,VA92,VOZ092,Virgin Australia,Melbourne,MEL,YMML,15:50,07:50,16:23,33min late,00:05,40min late,5h 42m,Landed
2025-06-09,QG669,CTV669,Citilink,Surabaya,SUB,WARR,16:10,08:10,15:50,20min early,15:56,23min early,1h 6m,Landed
2025-06-09,CX784,CPA784,Cathay Pacific,Hong Kong,HKG,VHHH,16:10,08:10,16:05,5min early,21:00,24min early,4h 55m,Landed
2025-06-09,QZ807,AWQ807,Indonesia AirAsia,Jakarta,CGK,WIII,16:10,08:10,16:49,39min late,17:13,1min early,1h 23m,Landed
2025-06-09,QG195,CTV195,Citilink,Jakarta,HLP,WIHH,16:10,08:10,16:37,27min late,16:58,1min early,1h 21m,Landed
2025-06-09,IU743,,SW Italia,Jakarta,CGK,WIII,16:10,08:10,,,,,1h 55m,Cancelled
2025-06-09,QZ536,AWQ536,Indonesia AirAsia,Perth,PER,YPPH,16:15,08:15,16:40,25min late,20:09,on time,3h 29m,Landed
2025-06-09,MH850,MAS850,Malaysia Airlines,Kuala Lumpur,KUL,WMKK,16:25,08:25,17:05,40min late,20:13,38min late,3h 8m,Landed
2025-06-09,JT925,LNI925,Lion Air,Surakarta,SOC,WAHQ,16:25,08:25,16:52,27min late,16:53,8min late,1h 0m,Landed
2025-06-09,BR256,EVA256,EVA Airways,Taipei,TPE,RCTP,16:30,08:30,16:26,4min early,21:44,15min early,5h 18m,Landed
2025-06-09,JT744,,Lion Air,Makassar,UPG,WAAA,16:40,08:40,,,,,1h 20m,Cancelled
2025-06-09,HO1356,DKH1356,Juneyao Airlines,Shanghai,PVG,ZSPD,16:50,08:50,18:08,18min late,00:08,28min late,6h 0m,Landed
2025-06-09,JT567,LNI567,Lion Air,Yogyakarta,YIA,WAHI,16:50,08:50,16:59,9min late,17:08,11min early,1h 8m,Landed
2025-06-09,QZ556,AWQ556,Indonesia AirAsia,Kuala Lumpur,KUL,WMKK,16:55,08:55,16:45,9min early,19:32,37min early,2h 47m,Landed
2025-06-09,TG432,THA432,Thai Airways International,Bangkok,BKK,VTBS,16:55,08:55,17:21,26min late,20:12,7min late,3h 51m,Landed
2025-06-09,JT923,LNI923,Lion Air,Surabaya,SUB,WARR,17:05,09:05,17:49,44min late,17:32,27min late,43m,Landed
2025-06-09,GA419,GIA419,Garuda Indonesia,Jakarta,CGK,WIII,17:25,09:25,18:02,37min late,18:37,12min late,1h 34m,Landed
2025-06-09,VJ998,VJC998,VietJet Air,Hanoi,HAN,VVNB,17:30,09:30,17:41,11min late,21:14,30min early,4h 33m,Landed
2025-06-09,IU723,SJV723,SW Italia,Surabaya,SUB,WARR,17:30,09:30,17:45,15min late,17:26,3min early,41m,Landed
2025-06-09,GA349,GIA349,Garuda Indonesia,Surabaya,SUB,WARR,17:35,09:35,17:59,24min late,17:42,2min early,43m,Landed
2025-06-09,QZ554,AWQ554,Indonesia AirAsia,Kuala Lumpur,KUL,WMKK,17:40,09:40,18:06,26min late,20:45,on time,2h 38m,Landed
2025-06-09,NZ291,ANZ291,Air New Zealand,Auckland,AKL,NZAA,17:50,09:50,18:11,21min late,05:19,10min early,7h 8m,Landed
2025-06-09,OD193,MXD193,Malindo Air,Perth,PER,YPPH,18:10,10:10,22:24,14min late,01:51,6min late,3h 26m,Landed
2025-06-09,SL259,TLM259,Thai Lion Air,Bangkok,DMK,VTBD,18:20,10:20,18:20,on time,21:26,13min early,4h 6m,Landed
2025-06-09,IU737,SJV737,SW Italia,Jakarta,CGK,WIII,18:30,10:30,20:14,44min late,20:44,19min late,1h 30m,Landed
2025-06-09,IN281,LKN281,Nam Air,Jakarta,CGK,WIII,18:30,10:30,19:05,35min late,19:37,27min late,1h 32m,Landed
2025-06-09,GA417,GIA417,Garuda Indonesia,Jakarta,CGK,WIII,18:40,10:40,18:35,4min early,19:24,15min early,1h 48m,Landed
2025-06-09,8B5109,TNU5109,Business Air,Jakarta,CGK,WIII,18:45,10:45,19:43,58min late,20:21,51min late,1h 37m,Landed
2025-06-09,CX782,CPA782,Cathay Pacific,Hong Kong,HKG,VHHH,18:45,10:45,18:47,2min late,23:27,37min early,4h 40m,Landed
2025-06-09,EY477,ETD477,Etihad Airways,Abu Dhabi,AUH,OMAA,18:45,10:45,18:58,13min late,23:22,7min early,8h 24m,Landed
2025-06-09,QZ809,AWQ809,Indonesia AirAsia,Jakarta,CGK,WIII,18:50,10:50,19:44,54min late,20:17,32min late,1h 32m,Landed
2025-06-09,TG440,THA440,Thai Airways International,Bangkok,BKK,VTBS,19:00,11:00,19:14,14min late,22:12,2min late,3h 57m,Landed
2025-06-09,QG689,CTV689,Citilink,Jakarta,CGK,WIII,19:00,11:00,18:59,on time,19:50,9min early,1h 51m,Landed
2025-06-09,3K246,JSA246,Jetstar Asia,Singapore,SIN,WSSS,19:15,11:15,19:22,7min late,21:52,7min early,2h 30m,Landed
2025-06-09,AK379,AXM379,AirAsia,Kuala Lumpur,KUL,WMKK,19:15,11:15,19:13,1min early,22:09,10min early,2h 56m,Landed
2025-06-09,QR963,QTR963,Qatar Airways,Doha,DOH,OTHH,19:20,11:20,19:29,9min late,23:12,27min early,8h 43m,Landed
2025-06-09,MH852,MAS852,Malaysia Airlines,Kuala Lumpur,KUL,WMKK,19:20,11:20,19:28,8min late,21:55,24min early,2h 27m,Landed
2025-06-09,ID7310,BTK7310,Batik Air,Jakarta,HLP,WIHH,19:25,11:25,19:36,11min late,20:02,7min early,1h 25m,Landed
2025-06-09,IU755,,SW Italia,Jakarta,CGK,WIII,19:25,11:25,,,,,1h 55m,Cancelled
2025-06-09,TR287,TGW287,Scoot,Singapore,SIN,WSSS,19:40,11:40,19:38,1min early,22:00,15min early,2h 21m,Landed
2025-06-09,EK369,UAE369,Emirates,Dubai,DXB,OMDB,19:45,11:45,20:02,17min late,00:34,15min early,8h 32m,Landed
2025-06-09,ID6413,BTK6413,Batik Air,Surabaya,SUB,WARR,19:50,11:50,21:33,43min late,21:18,28min late,45m,Landed
2025-06-09,ID6517,BTK6517,Batik Air,Jakarta,CGK,WIII,20:00,12:00,22:14,14min late,22:38,43min late,1h 24m,Landed
2025-06-09,GA415,GIA415,Garuda Indonesia,Jakarta,CGK,WIII,20:00,12:00,20:09,9min late,20:48,11min early,1h 38m,Landed
2025-06-09,SQ945,SIA945,Singapore Airlines,Singapore,SIN,WSSS,20:00,12:00,20:17,17min late,22:30,9min early,2h 13m,Landed
2025-06-09,8B969,TNU969,Business Air,Guangzhou,CAN,ZGGG,20:15,12:15,19:37,37min early,00:30,29min early,4h 53m,Landed
2025-06-09,GA4832,GIA4832,Garuda Indonesia,Jakarta,CGK,WIII,20:20,12:20,20:37,17min late,21:14,5min early,1h 36m,Landed
2025-06-09,IU749,,SW Italia,Jakarta,CGK,WIII,20:25,12:25,,,,,1h 55m,Cancelled
2025-06-09,KL836,KLM836,KLM Royal Dutch Airlines,Singapore,SIN,WSSS,20:35,12:35,20:42,7min late,22:52,17min early,2h 10m,Landed
2025-06-09,IU727,SJV727,SW Italia,Surabaya,SUB,WARR,20:55,12:55,22:26,31min late,22:01,6min late,35m,Landed
2025-06-09,OD177,MXD177,Malindo Air,Melbourne,MEL,YMML,21:00,13:00,21:26,26min late,04:36,3min early,5h 9m,Landed
2025-06-09,JT25,LNI025,Lion Air,Jakarta,CGK,WIII,21:00,13:00,22:06,6min late,22:33,38min late,1h 27m,Landed
2025-06-09,GA425,GIA425,Garuda Indonesia,Jakarta,CGK,WIII,21:05,13:05,21:16,11min late,21:49,10min early,1h 33m,Landed
2025-06-09,JQ107,JST107,Jetstar Airways,Perth,PER,YPPH,21:10,13:10,21:25,15min late,00:44,10min early,3h 19m,Landed
2025-06-09,QG342,CTV342,Citilink,Makassar,UPG,WAAA,21:10,13:10,21:05,4min early,22:10,34min early,1h 5m,Landed
2025-06-09,JQ34,JST034,Jetstar Airways,Melbourne,MEL,YMML,21:20,13:20,21:18,2min early,04:25,29min early,5h 7m,Landed
2025-06-09,IP105,PAS105,Pelita Air Service,Jakarta,CGK,WIII,21:25,13:25,21:28,3min late,22:07,2min early,1h 38m,Landed
2025-06-09,AK375,AXM375,AirAsia,Kuala Lumpur,KUL,WMKK,21:25,13:25,23:53,28min late,02:47,17min late,2h 54m,Landed
2025-06-09,JQ117,JST117,Jetstar Airways,Perth,PER,YPPH,21:30,13:30,21:44,14min late,01:03,16min early,3h 19m,Landed
2025-06-09,ID6760,BTK6760,Batik Air,Makassar,UPG,WAAA,21:30,13:30,00:56,26min late,01:53,3min late,57m,Landed
2025-06-09,IU745,SJV745,SW Italia,Jakarta,CGK,WIII,21:30,13:30,00:52,22min late,01:20,0min late,1h 27m,Landed
2025-06-09,QZ819,AWQ819,Indonesia AirAsia,Jakarta,CGK,WIII,21:40,13:40,01:02,22min late,01:23,53min late,1h 21m,Landed
2025-06-09,SQ947,SIA947,Singapore Airlines,Singapore,SIN,WSSS,21:45,13:45,22:04,19min late,00:21,on time,2h 16m,Landed
2025-06-09,QZ546,AWQ546,Indonesia AirAsia,Perth,PER,YPPH,21:55,13:55,22:11,16min late,01:37,2min early,3h 26m,Landed
2025-06-09,JQ60,JST060,Jetstar Airways,Brisbane,BNE,YBBN,22:10,14:10,22:43,33min late,05:45,5min late,5h 2m,Landed
2025-06-09,QG9695,CTV9695,Citilink,Surabaya,SUB,WARR,22:10,14:10,22:43,33min late,22:38,23min late,55m,Landed
2025-06-09,QF44,QFA044,Qantas,Sydney,SYD,YSSY,22:10,14:10,22:09,on time,06:01,3min early,5h 52m,Landed
2025-06-09,OD171,MXD171,Malindo Air,Sydney,SYD,YSSY,22:15,14:15,22:49,34min late,06:17,12min late,5h 28m,Landed
2025-06-09,SV857,SVA857,Saudi Arabian Airlines,Singapore,SIN,WSSS,22:15,14:15,22:25,10min late,00:44,on time,2h 18m,Landed
2025-06-09,QG9661,CTV9661,Citilink,Jakarta,CGK,WIII,22:35,14:35,23:08,33min late,23:44,14min late,1h 35m,Landed
2025-06-09,JQ38,JST038,Jetstar Airways,Sydney,SYD,YSSY,22:35,14:35,22:45,10min late,06:08,21min early,5h 23m,Landed
2025-06-09,7C2712,JJA2712,Jeju Air,Seoul,ICN,RKSI,22:45,14:45,22:49,4min late,07:20,10min late,7h 31m,Landed
2025-06-09,QZ811,AWQ811,Indonesia AirAsia,Jakarta,CGK,WIII,22:50,14:50,23:20,30min late,23:47,7min late,1h 27m,Landed
2025-06-09,VA96,VOZ096,Virgin Australia,Melbourne,MEL,YMML,23:05,15:05,23:04,on time,06:35,4min early,5h 31m,Landed
2025-06-09,QF46,QFA046,Qantas,Melbourne,MEL,YMML,23:05,15:05,22:56,9min early,06:21,18min early,5h 25m,Landed
2025-06-09,JT3020,,Lion Air,Seoul,ICN,RKSI,23:05,15:05,,,,,7h 5m,
2025-06-09,QG9697,CTV9697,Citilink,Surabaya,SUB,WARR,23:10,15:10,23:17,7min late,23:05,9min early,48m,Landed
2025-06-09,VA82,VOZ082,Virgin Australia,Gold Coast,OOL,YBCG,23:20,15:20,23:49,29min late,07:13,18min late,5h 24m,Landed
2025-06-09,GA714,GIA714,Garuda Indonesia,Sydney,SYD,YSSY,23:25,15:25,23:59,34min late,07:21,11min late,5h 22m,Landed
2025-06-09,3K240,JSA240,Jetstar Asia,Singapore,SIN,WSSS,23:25,15:25,23:29,4min late,01:56,13min early,2h 26m,Landed
2025-06-09,JQ36,JST036,Jetstar Airways,Melbourne,MEL,YMML,23:30,15:30,00:20,50min late,07:25,20min late,5h 5m,Landed
2025-06-09,JQ91,JST091,Jetstar Airways,Cairns,CNS,YBCS,23:30,15:30,23:35,5min late,05:32,27min early,3h 57m,Landed
2025-06-09,VA68,VOZ068,Virgin Australia,Sydney,SYD,YSSY,23:35,15:35,23:55,20min late,07:40,4min early,5h 45m,Landed
2025-06-09,KE634,KAL634,Korean Air Lines,Seoul,ICN,RKSI,23:45,15:45,23:38,7min early,07:49,5min early,7h 11m,Landed
2025-06-09,JQ128,JST128,Jetstar Airways,Adelaide,ADL,YPAD,23:55,15:55,00:28,33min late,06:28,18min late,4h 29m,Landed
2025-06-10,BX602,ABL602,Air Busan,Busan,PUS,RKPK,00:05,16:05,00:15,10min late,07:31,38min early,6h 16m,Landed
2025-06-10,GA880,GIA880,Garuda Indonesia,Tokyo,NRT,RJAA,00:20,16:20,00:36,16min late,08:46,3min early,7h 10m,Landed
2025-06-10,MF892,CXA892,Xiamen Airlines,Xiamen,XMN,ZSAM,00:30,16:30,00:16,14min early,05:51,13min early,5h 35m,Landed
2025-06-10,CZ626,CSN626,China Southern Airlines,Guangzhou,CAN,ZGGG,00:30,16:30,00:40,10min late,05:24,25min early,4h 44m,Landed
2025-06-10,QR961,QTR961,Qatar Airways,Doha,DOH,OTHH,00:35,16:35,00:37,2min late,04:25,29min early,8h 48m,Landed
2025-06-10,EK399,UAE399,Emirates,Dubai,DXB,OMDB,00:35,16:35,01:28,53min late,05:55,20min late,8h 27m,Landed
2025-06-10,KE630,KAL630,Korean Air Lines,Seoul,ICN,RKSI,00:50,16:50,00:56,6min late,09:01,18min early,7h 5m,Landed
2025-06-10,MU5030,CES5030,China Eastern Airlines,Shanghai,PVG,ZSPD,00:55,16:55,00:37,18min early,06:57,57min early,6h 20m,Landed
2025-06-10,PR538,PAL538,Philippine Airlines,Manila,MNL,RPLL,00:55,16:55,00:57,2min late,04:45,4min early,3h 48m,Landed
2025-06-10,SJ726,,Sriwijaya Air,Makassar,UPG,WAAA,01:00,17:00,,,,,1h 20m,
2025-06-10,5J282,CEB282,CEBU Pacific Air,Manila,MNL,RPLL,01:00,17:00,01:11,11min late,04:47,37min early,3h 36m,Landed
2025-06-10,QZ548,AWQ548,Indonesia AirAsia,Perth,PER,YPPH,01:05,17:05,00:17,47min early,03:45,9min early,3h 28m,Landed
2025-06-10,QZ300,AWQ300,Indonesia AirAsia,Hong Kong,HKG,VHHH,01:10,17:10,00:52,17min early,05:45,14min early,4h 53m,Landed
2025-06-10,8B5888,,Business Air,Manado,MDC,WAMM,01:50,17:50,,,,,2h 35m,
2025-06-10,JT929,,Lion Air,Surabaya,SUB,WARR,07:00,23:00,,,,,1h 0m,Cancelled
2025-06-10,QZ550,AWQ550,Indonesia AirAsia,Kuala Lumpur,KUL,WMKK,07:00,23:00,07:16,16min late,10:00,on time,2h 44m,Landed
2025-06-10,GA401,GIA401,Garuda Indonesia,Jakarta,CGK,WIII,07:00,23:00,07:29,29min late,08:04,4min late,1h 35m,Landed
2025-06-10,JT3569,LNI3569,Lion Air,Yogyakarta,YIA,WAHI,07:00,23:00,07:09,9min late,07:17,12min early,1h 8m,Landed
2025-06-10,JT746,LNI746,Lion Air,Makassar,UPG,WAAA,07:00,23:00,07:24,24min late,08:24,4min late,59m,Landed
2025-06-10,JT944,,Lion Air,Makassar,UPG,WAAA,07:00,23:00,,,,,1h 20m,
2025-06-10,JT856,,Lion Air,Surabaya,SUB,WARR,07:00,23:00,,,,,1h 1m,
2025-06-10,QG690,CTV690,Citilink,Surabaya,SUB,WARR,07:05,23:05,07:21,16min late,06:57,7min early,35m,Landed
2025-06-10,QZ534,AWQ534,Indonesia AirAsia,Perth,PER,YPPH,07:05,23:05,07:32,27min late,11:13,13min late,3h 41m,Landed
2025-06-10,QZ502,AWQ502,Indonesia AirAsia,Singapore,SIN,WSSS,07:10,23:10,07:28,18min late,09:52,2min late,2h 24m,Landed
2025-06-10,SQ949,SIA949,Singapore Airlines,Singapore,SIN,WSSS,07:10,23:10,07:25,15min late,09:35,24min early,2h 9m,Landed
2025-06-10,QZ644,AWQ644,Indonesia AirAsia,Labuan Bajo,LBJ,WATO,07:10,23:10,07:35,25min late,08:24,9min late,49m,Landed
2025-06-10,QG663,CTV663,Citilink,Jakarta,CGK,WIII,07:30,23:30,08:01,31min late,08:43,18min late,1h 42m,Landed
2025-06-10,IW1854,WON1854,Wings Air,Lombok,LOP,WADL,08:00,00:00,08:36,36min late,09:00,15min late,24m,Landed
2025-06-10,IU731,SJV731,SW Italia,Jakarta,CGK,WIII,08:05,00:05,09:12,7min late,09:42,42min late,1h 29m,Landed
2025-06-10,HX706,CRK706,Hong Kong Airlines,Hong Kong,HKG,VHHH,08:15,00:15,08:42,27min late,13:18,1min early,4h 36m,Landed
2025-06-10,IW1850,WON1850,Wings Air,Lombok,LOP,WADL,08:35,00:35,08:56,21min late,09:20,on time,24m,Landed
2025-06-10,5J280,CEB280,CEBU Pacific Air,Manila,MNL,RPLL,08:35,00:35,08:41,6min late,12:29,20min early,3h 48m,Landed
2025-06-10,IU703,SJV703,SW Italia,Surabaya,SUB,WARR,08:40,00:40,19:44,4min late,17:39,59min late,,Landed
2025-06-10,CZ8482,CSN8482,China Southern Airlines,Guangzhou,CAN,ZGGG,08:40,00:40,10:48,8min late,14:01,11min late,3h 12m,Landed
2025-06-10,QZ504,AWQ504,Indonesia AirAsia,Singapore,SIN,WSSS,09:00,01:00,09:08,8min late,11:39,5min early,2h 31m,Landed
2025-06-10,IU751,,SW Italia,Jakarta,CGK,WIII,09:05,01:05,,,,,1h 55m,
2025-06-10,8B80,TNU080,Business Air,Perth,PER,YPPH,09:05,01:05,02:40,24min early,12:47,7min early,10h 7m,Landed
2025-06-10,IW1856,WON1856,Wings Air,Lombok,LOP,WADL,09:10,01:10,10:15,5min late,10:40,45min late,24m,Landed
2025-06-10,IN640,LKN640,Nam Air,Tambolaka,TMC,WADT,09:10,01:10,09:31,21min late,10:22,12min late,51m,Landed
2025-06-10,8B5105,TNU5105,Business Air,Jakarta,CGK,WIII,09:10,01:10,09:17,7min late,09:45,14min early,1h 27m,Landed
2025-06-10,IW1832,WON1832,Wings Air,Tambolaka,TMC,WADT,09:10,01:10,09:34,24min late,10:42,7min late,1h 7m,Landed
2025-06-10,ID6007,BTK6007,Batik Air,Perth,PER,YPPH,09:25,01:25,09:33,8min late,13:03,11min early,3h 30m,Landed
2025-06-10,QG500,CTV500,Citilink,Dili,DIL,WPDL,09:30,01:30,09:17,13min early,12:10,9min early,1h 53m,Landed
2025-06-10,QZ803,AWQ803,Indonesia AirAsia,Jakarta,CGK,WIII,09:40,01:40,10:45,5min late,11:26,56min late,1h 40m,Landed
2025-06-10,QR965,QTR965,Qatar Airways,Doha,DOH,OTHH,09:55,01:55,10:07,12min late,13:58,21min early,8h 50m,Landed
2025-06-10,JT270,LNI270,Lion Air,Kupang,KOE,WATT,10:00,02:00,10:19,19min late,11:37,2min early,1h 17m,Landed
2025-06-10,IW1882,WON1882,Wings Air,Sumbawa Besar,SWQ,WADS,10:00,02:00,10:21,21min late,11:03,3min late,42m,Landed
2025-06-10,IU757,,SW Italia,Jakarta,CGK,WIII,10:00,02:00,,,,,1h 55m,Cancelled
2025-06-10,SQ935,SIA935,Singapore Airlines,Singapore,SIN,WSSS,10:05,02:05,10:25,20min late,12:38,6min early,2h 13m,Landed
2025-06-10,8B5101,TNU5101,Business Air,Jakarta,CGK,WIII,10:25,02:25,14:34,9min late,15:03,48min late,1h 28m,Landed
2025-06-10,JT23,LNI023,Lion Air,Jakarta,CGK,WIII,10:35,02:35,11:00,25min late,11:34,4min late,1h 33m,Landed
2025-06-10,8G182,DTL182,Mid Africa Aviation,Dili,DIL,WPDL,10:35,02:35,10:39,4min late,13:20,9min early,1h 40m,Landed
2025-06-10,AI2146,AIC2146,Air India,Delhi,DEL,VIDP,10:35,02:35,10:45,10min late,15:35,14min early,7h 20m,Landed
2025-06-10,TR281,TGW281,Scoot,Singapore,SIN,WSSS,10:50,02:50,11:40,50min late,13:55,25min late,2h 14m,Landed
2025-06-10,3K244,JSA244,Jetstar Asia,Singapore,SIN,WSSS,10:55,02:55,11:08,13min late,13:29,10min early,2h 21m,Landed
2025-06-10,IU741,,SW Italia,Jakarta,CGK,WIII,11:05,03:05,,,,,1h 55m,Cancelled
2025-06-10,JT924,LNI924,Lion Air,Kupang,KOE,WATT,11:05,03:05,11:28,23min late,12:49,4min late,1h 21m,Landed
2025-06-10,JT805,LNI805,Lion Air,Surabaya,SUB,WARR,11:05,03:05,11:32,27min late,11:12,7min late,40m,Landed
2025-06-10,6E1606,IGO1606,IndiGo,Bangalore,BLR,VOBL,11:20,03:20,11:20,on time,14:38,31min early,5h 47m,Landed
2025-06-10,QZ780,AWQ780,Indonesia AirAsia,Balikpapan,BPN,WALL,11:25,03:25,11:29,4min late,12:46,19min early,1h 16m,Landed
2025-06-10,JQ111,JST111,Jetstar Airways,Perth,PER,YPPH,11:30,03:30,11:59,29min late,15:15,on time,3h 16m,Landed
2025-06-10,JQ109,JST109,Jetstar Airways,Perth,PER,YPPH,11:40,03:40,11:45,5min late,15:01,23min early,3h 15m,Landed
2025-06-10,IN642,,NAM Air,Tambolaka,TMC,WADT,11:40,03:40,,,,,1h 0m,
2025-06-10,JQ32,JST032,Jetstar Airways,Melbourne,MEL,YMML,11:55,03:55,12:09,14min late,19:16,13min early,5h 7m,Landed
2025-06-10,OD192,MXD192,Malindo Air,Kuala Lumpur,KUL,WMKK,11:55,03:55,12:17,22min late,14:58,6min early,2h 41m,Landed
2025-06-10,JT569,LNI569,Lion Air,Yogyakarta,YIA,WAHI,11:55,03:55,11:55,on time,12:06,18min early,1h 10m,Landed
2025-06-10,JQ40,JST040,Jetstar Airways,Sydney,SYD,YSSY,11:55,03:55,12:05,10min late,19:32,17min early,5h 26m,Landed
2025-06-10,FD397,AIQ397,Thai AirAsia,Bangkok,DMK,VTBD,12:00,04:00,12:39,39min late,15:45,10min late,4h 5m,Landed
2025-06-10,GA407,GIA407,Garuda Indonesia,Jakarta,CGK,WIII,12:00,04:00,12:13,13min late,12:43,11min early,1h 30m,Landed
2025-06-10,GA253,GIA253,Garuda Indonesia,Yogyakarta,YIA,WAHI,12:05,04:05,12:26,21min late,12:29,25min early,1h 2m,Landed
2025-06-10,QZ540,AWQ540,Indonesia AirAsia,Darwin,DRW,YPDN,12:05,04:05,12:21,16min late,16:07,7min early,2h 16m,Landed
2025-06-10,SQ937,SIA937,Singapore Airlines,Singapore,SIN,WSSS,12:10,04:10,12:19,9min late,14:45,9min early,2h 26m,Landed
2025-06-10,IU705,,SW Italia,Surabaya,SUB,WARR,12:15,04:15,,,,,1h 0m,Cancelled
2025-06-10,OD178,MXD178,Malindo Air,Kuala Lumpur,KUL,WMKK,12:25,04:25,12:32,7min late,15:18,16min early,2h 46m,Landed
2025-06-10,D7795,XAX795,AirAsia X,Kuala Lumpur,KUL,WMKK,12:30,04:30,12:54,24min late,15:25,19min early,2h 30m,Landed
2025-06-10,QZ805,AWQ805,Indonesia AirAsia,Jakarta,CGK,WIII,12:40,04:40,13:00,20min late,13:39,on time,1h 38m,Landed
2025-06-10,QG9693,CTV9693,Citilink,Surabaya,SUB,WARR,12:40,04:40,13:09,29min late,12:56,6min late,46m,Landed
2025-06-10,IW1848,WON1848,Wings Air,Lombok,LOP,WADL,12:45,04:45,13:27,42min late,13:50,20min late,23m,Landed
2025-06-10,ID7308,BTK7308,Batik Air,Jakarta,HLP,WIHH,12:50,04:50,14:12,22min late,15:02,27min late,1h 50m,Landed
2025-06-10,IP103,PAS103,Pelita Air Service,Jakarta,CGK,WIII,12:55,04:55,12:38,16min early,13:22,22min early,1h 43m,Landed
2025-06-10,MH714,MAS714,Malaysia Airlines,Kuala Lumpur,KUL,WMKK,12:55,04:55,14:01,6min late,16:45,45min late,2h 43m,Landed
2025-06-10,SQ939,SIA939,Singapore Airlines,Singapore,SIN,WSSS,13:05,05:05,13:15,10min late,15:48,1min early,2h 33m,Landed
2025-06-10,VJ900,VJC900,VietJet Air,Hanoi,HAN,VVNB,13:10,05:10,13:05,5min early,16:46,33min early,4h 41m,Landed
2025-06-10,OD172,MXD172,Malindo Air,Kuala Lumpur,KUL,WMKK,13:15,05:15,13:34,19min late,16:17,7min early,2h 42m,Landed
2025-06-10,JQ58,JST058,Jetstar Airways,Brisbane,BNE,YBBN,13:15,05:15,13:41,26min late,20:42,2min early,5h 1m,Landed
2025-06-10,IU753,SJV753,SW Italia,Jakarta,CGK,WIII,13:15,05:15,16:04,49min late,16:31,21min late,1h 27m,Landed
2025-06-10,IW1834,WON1834,Wings Air,Tambolaka,TMC,WADT,13:20,05:20,15:13,53min late,18:13,28min late,2h 59m,Landed
2025-06-10,JT660,LNI660,Lion Air,Balikpapan,BPN,WALL,13:25,05:25,14:50,25min late,16:07,57min late,1h 16m,Landed
2025-06-10,D7799,XAX799,AirAsia X,Kuala Lumpur,KUL,WMKK,13:35,05:35,13:38,3min late,16:31,18min early,2h 53m,Landed
2025-06-10,IW1826,WON1826,Wings Air,Bima,BMU,WADB,13:40,05:40,15:28,48min late,16:33,28min late,1h 5m,Landed
2025-06-10,GA409,GIA409,Garuda Indonesia,Jakarta,CGK,WIII,13:45,05:45,13:54,9min late,14:31,13min early,1h 37m,Landed
2025-06-10,QZ506,AWQ506,Indonesia AirAsia,Singapore,SIN,WSSS,13:45,05:45,14:22,37min late,16:35,4min early,2h 13m,Landed
2025-06-10,8B5107,TNU5107,Business Air,Jakarta,CGK,WIII,13:50,05:50,14:39,49min late,15:09,29min late,1h 30m,Landed
2025-06-10,QZ544,AWQ544,Indonesia AirAsia,Perth,PER,YPPH,13:55,05:55,14:26,31min late,17:46,8min early,3h 19m,Landed
2025-06-10,IW1964,WON1964,Wings Air,Lombok,LOP,WADL,13:55,05:55,14:05,10min late,14:31,8min early,25m,Landed
2025-06-10,VJ848,,VietJet Air,Ho Chi Minh City,SGN,VVTS,14:00,06:00,,,,,3h 50m,
2025-06-10,TR289,TGW289,Scoot,Singapore,SIN,WSSS,14:00,06:00,14:20,20min late,16:38,22min early,2h 17m,Landed
2025-06-10,VJ894,VJC894,VietJet Air,Ho Chi Minh City,SGN,VVTS,14:05,06:05,15:36,31min late,19:10,15min late,4h 34m,Landed
2025-06-10,OD307,MXD307,Malindo Air,Kuala Lumpur,KUL,WMKK,14:10,06:10,14:27,17min late,17:14,4min late,2h 46m,Landed
2025-06-10,ID7637,BTK7637,Batik Air,Bangkok,DMK,VTBD,14:15,06:15,14:44,29min late,17:46,1min late,4h 1m,Landed
2025-06-10,IU735,SJV735,SW Italia,Jakarta,CGK,WIII,14:15,06:15,16:38,23min late,17:05,55min late,1h 27m,Landed
2025-06-10,QG699,CTV699,Citilink,Surabaya,SUB,WARR,14:20,06:20,14:45,25min late,14:43,18min late,58m,Landed
2025-06-10,JT844,,Lion Air,Banjarmasin,BDJ,WAOO,14:35,06:35,,,,,1h 25m,Cancelled
2025-06-10,IW1884,WON1884,Wings Air,Waingapu,WGP,WADW,14:40,06:40,15:40,0min late,17:04,34min late,1h 24m,Landed
2025-06-10,QG681,CTV681,Citilink,Jakarta,CGK,WIII,14:40,06:40,15:08,28min late,15:57,7min late,1h 49m,Landed
2025-06-10,JT919,LNI919,Lion Air,Surabaya,SUB,WARR,14:40,06:40,15:10,30min late,14:58,18min late,47m,Landed
2025-06-10,AK377,AXM377,AirAsia,Kuala Lumpur,KUL,WMKK,14:45,06:45,16:35,50min late,19:20,25min late,2h 45m,Landed
2025-06-10,QZ244,AWQ244,Indonesia AirAsia,Bangkok,DMK,VTBD,14:45,06:45,15:22,37min late,18:17,7min late,3h 55m,Landed
2025-06-10,3K242,JSA242,Jetstar Asia,Singapore,SIN,WSSS,14:50,06:50,17:40,50min late,17:40,9min early,,Landed
2025-06-10,JQ44,JST044,Jetstar Airways,Melbourne,MEL,YMML,14:55,06:55,15:09,14min late,22:14,15min early,5h 5m,Landed
2025-06-10,JT271,LNI271,Lion Air,Semarang,SRG,WIIS,15:05,07:05,16:13,8min late,16:20,50min late,1h 6m,Landed
2025-06-10,8B5103,,Business Air,Jakarta,CGK,WIII,15:10,07:10,,,,,1h 45m,
2025-06-10,VA50,VOZ050,Virgin Australia,Brisbane,BNE,YBBN,15:15,07:15,15:48,33min late,23:21,21min late,5h 33m,Landed
2025-06-10,IU759,,SW Italia,Jakarta,CGK,WIII,15:15,07:15,,,,,1h 55m,Cancelled
2025-06-10,GA842,GIA842,Garuda Indonesia,Singapore,SIN,WSSS,15:15,07:15,15:32,17min late,18:00,on time,2h 27m,Landed
2025-06-10,JT740,LNI740,Lion Air,Makassar,UPG,WAAA,15:25,07:25,16:50,25min late,17:53,8min late,1h 2m,Landed
2025-06-10,VJ898,VJC898,VietJet Air,Ho Chi Minh City,SGN,VVTS,15:30,07:30,16:47,17min late,19:57,37min late,4h 10m,Landed
2025-06-10,ID6335,BTK6335,Batik Air,Labuan Bajo,LBJ,WATO,15:35,07:35,16:52,17min late,17:43,58min late,51m,Landed
2025-06-10,CI772,CAL772,China Airlines,Taipei,TPE,RCTP,15:40,07:40,15:47,7min late,20:56,8min early,5h 9m,Landed
2025-06-10,JT21,LNI021,Lion Air,Jakarta,CGK,WIII,15:45,07:45,17:18,33min late,17:50,10min late,1h 31m,Landed
2025-06-10,QZ646,AWQ646,Indonesia AirAsia,Labuan Bajo,LBJ,WATO,15:45,07:45,15:59,14min late,16:53,6min early,53m,Landed
2025-06-10,IP109,PAS109,Pelita Air Service,Jakarta,CGK,WIII,15:45,07:45,15:49,4min late,16:28,6min early,1h 39m,Landed
2025-06-10,VA92,VOZ092,Virgin Australia,Melbourne,MEL,YMML,15:50,07:50,15:58,8min late,23:27,2min late,5h 29m,Landed
2025-06-10,JQ43,JST043,Jetstar Airways,Singapore,SIN,WSSS,15:50,07:50,16:08,18min late,18:37,7min late,2h 29m,Landed
2025-06-10,GA411,GIA411,Garuda Indonesia,Jakarta,CGK,WIII,15:55,07:55,16:43,48min late,17:03,3min late,1h 20m,Landed
2025-06-10,QG195,CTV195,Citilink,Jakarta,HLP,WIHH,16:10,08:10,16:06,3min early,16:38,21min early,1h 31m,Landed
2025-06-10,QZ807,AWQ807,Indonesia AirAsia,Jakarta,CGK,WIII,16:10,08:10,17:20,10min late,18:01,46min late,1h 40m,Landed
2025-06-10,CX784,CPA784,Cathay Pacific,Hong Kong,HKG,VHHH,16:10,08:10,16:13,3min late,20:48,36min early,4h 35m,Landed
2025-06-10,IU743,,SW Italia,Jakarta,CGK,WIII,16:10,08:10,,,,,1h 55m,Cancelled
2025-06-10,QZ536,AWQ536,Indonesia AirAsia,Perth,PER,YPPH,16:15,08:15,16:34,19min late,20:11,1min late,3h 37m,Landed
2025-06-10,QG669,CTV669,Citilink,Surabaya,SUB,WARR,16:20,08:20,16:10,10min early,16:06,23min early,56m,Landed
2025-06-10,MH850,MAS850,Malaysia Airlines,Kuala Lumpur,KUL,WMKK,16:25,08:25,16:23,2min early,19:21,13min early,2h 58m,Landed
2025-06-10,JT925,LNI925,Lion Air,Surakarta,SOC,WAHQ,16:25,08:25,16:39,14min late,16:38,6min early,58m,Landed
2025-06-10,BR256,EVA256,EVA Airways,Taipei,TPE,RCTP,16:30,08:30,16:31,on time,21:58,1min early,5h 27m,Landed
2025-06-10,QZ246,AWQ246,Indonesia AirAsia,Phuket,HKT,VTSP,16:40,08:40,17:01,21min late,19:36,3min early,3h 35m,Landed
2025-06-10,JT744,,Lion Air,Makassar,UPG,WAAA,16:40,08:40,,,,,1h 20m,Cancelled
2025-06-10,HO1356,DKH1356,Juneyao Airlines,Shanghai,PVG,ZSPD,16:50,08:50,16:54,4min late,22:59,40min early,6h 5m,Landed
2025-06-10,TG432,THA432,Thai Airways International,Bangkok,BKK,VTBS,16:55,08:55,16:59,4min late,19:40,24min early,3h 41m,Landed
2025-06-10,QZ556,AWQ556,Indonesia AirAsia,Kuala Lumpur,KUL,WMKK,16:55,08:55,18:56,1min late,21:38,28min late,2h 42m,Landed
2025-06-10,JT923,,Lion Air,Surabaya,SUB,WARR,17:05,09:05,,,,,1h 0m,Cancelled
2025-06-10,GA419,GIA419,Garuda Indonesia,Jakarta,CGK,WIII,17:25,09:25,17:56,31min late,18:22,2min early,1h 26m,Landed
2025-06-10,VJ998,VJC998,VietJet Air,Hanoi,HAN,VVNB,17:30,09:30,17:49,19min late,21:23,21min early,4h 34m,Landed
2025-06-10,IU723,,SW Italia,Surabaya,SUB,WARR,17:30,09:30,,,,,1h 0m,Cancelled
2025-06-10,GA349,GIA349,Garuda Indonesia,Surabaya,SUB,WARR,17:35,09:35,17:42,7min late,17:33,11min early,50m,Landed
2025-06-10,IN281,,NAM Air,Jakarta,CGK,WIII,17:45,09:45,,,,,1h 40m,
2025-06-10,OD193,MXD193,Malindo Air,Perth,PER,YPPH,18:10,10:10,14:36,34min early,22:11,26min late,7h 35m,Landed
2025-06-10,SL259,TLM259,Thai Lion Air,Bangkok,DMK,VTBD,18:20,10:20,18:51,31min late,21:55,15min late,4h 3m,Landed
2025-06-10,IN283,LKN283,Nam Air,Jakarta,CGK,WIII,18:30,10:30,18:37,7min late,19:10,on time,1h 33m,Landed
2025-06-10,IU737,,SW Italia,Jakarta,CGK,WIII,18:30,10:30,,,,,1h 55m,Cancelled
2025-06-10,GA417,GIA417,Garuda Indonesia,Jakarta,CGK,WIII,18:40,10:40,19:44,4min late,20:07,27min late,1h 22m,Landed
2025-06-10,EY477,ETD477,Etihad Airways,Abu Dhabi,AUH,OMAA,18:45,10:45,18:55,10min late,14:55,34min early,0m,Landed
2025-06-10,CX782,CPA782,Cathay Pacific,Hong Kong,HKG,VHHH,18:45,10:45,18:43,2min early,23:25,39min early,4h 42m,Landed
2025-06-10,8B5109,TNU5109,Business Air,Jakarta,CGK,WIII,18:45,10:45,19:25,40min late,19:54,24min late,1h 29m,Landed
2025-06-10,QZ809,AWQ809,Indonesia AirAsia,Jakarta,CGK,WIII,18:50,10:50,19:14,24min late,19:43,1min early,1h 29m,Landed
2025-06-10,QG689,CTV689,Citilink,Jakarta,CGK,WIII,19:00,11:00,19:56,56min late,20:25,25min late,1h 29m,Landed
2025-06-10,TG440,THA440,Thai Airways International,Bangkok,BKK,VTBS,19:00,11:00,18:54,5min early,21:46,23min early,3h 52m,Landed
2025-06-10,3K246,JSA246,Jetstar Asia,Singapore,SIN,WSSS,19:15,11:15,19:08,7min early,21:37,22min early,2h 29m,Landed
2025-06-10,AK379,AXM379,AirAsia,Kuala Lumpur,KUL,WMKK,19:15,11:15,19:33,18min late,22:28,8min late,2h 54m,Landed
2025-06-10,MH852,MAS852,Malaysia Airlines,Kuala Lumpur,KUL,WMKK,19:20,11:20,19:37,17min late,22:16,3min early,2h 39m,Landed
2025-06-10,QR963,QTR963,Qatar Airways,Doha,DOH,OTHH,19:20,11:20,19:16,4min early,23:03,36min early,8h 47m,Landed
2025-06-10,IU755,SJV755,SW Italia,Jakarta,CGK,WIII,19:25,11:25,21:14,49min late,21:40,20min late,1h 26m,Landed
2025-06-10,ID7310,BTK7310,Batik Air,Jakarta,HLP,WIHH,19:25,11:25,21:05,40min late,21:27,17min late,1h 22m,Landed
2025-06-10,TR287,TGW287,Scoot,Singapore,SIN,WSSS,19:40,11:40,20:11,31min late,22:40,25min late,2h 28m,Landed
2025-06-10,EK369,UAE369,Emirates,Dubai,DXB,OMDB,19:45,11:45,04:43,58min late,00:49,on time,5m,Landed
2025-06-10,ID6413,,Batik Air,Surabaya,SUB,WARR,19:50,11:50,,,,,1h 0m,Cancelled
2025-06-10,SQ945,SIA945,Singapore Airlines,Singapore,SIN,WSSS,20:00,12:00,20:23,23min late,22:37,2min early,2h 14m,Landed
2025-06-10,GA415,GIA415,Garuda Indonesia,Jakarta,CGK,WIII,20:00,12:00,20:10,10min late,20:38,21min early,1h 28m,Landed
2025-06-10,8B969,TNU969,Business Air,Guangzhou,CAN,ZGGG,20:15,12:15,19:46,28min early,00:24,35min early,4h 37m,Landed
2025-06-10,IU749,,SW Italia,Jakarta,CGK,WIII,20:25,12:25,,,,,1h 55m,Cancelled
2025-06-10,KL836,KLM836,KLM Royal Dutch Airlines,Singapore,SIN,WSSS,20:35,12:35,20:50,15min late,23:07,2min early,2h 17m,Landed
2025-06-10,IU727,SJV727,SW Italia,Surabaya,SUB,WARR,20:55,12:55,21:16,21min late,20:55,on time,38m,Landed
2025-06-10,JT25,,Lion Air,Jakarta,CGK,WIII,21:00,13:00,,,,,1h 55m,Cancelled
2025-06-10,OD177,MXD177,Malindo Air,Melbourne,MEL,YMML,21:00,13:00,21:25,25min late,04:30,9min early,5h 5m,Landed
2025-06-10,GA425,GIA425,Garuda Indonesia,Jakarta,CGK,WIII,21:05,13:05,21:36,31min late,22:06,6min late,1h 29m,Landed
2025-06-10,QG342,CTV342,Citilink,Makassar,UPG,WAAA,21:10,13:10,21:09,on time,22:23,21min early,1h 14m,Landed
2025-06-10,JQ34,JST034,Jetstar Airways,Melbourne,MEL,YMML,21:20,13:20,21:27,7min late,04:23,31min early,4h 56m,Landed
2025-06-10,TK67,THY067,Turkish Airlines,Istanbul,IST,LTFM,21:20,13:20,23:26,6min late,04:45,29min early,10h 18m,Landed
2025-06-10,AK375,AXM375,AirAsia,Kuala Lumpur,KUL,WMKK,21:25,13:25,23:15,50min late,01:59,29min late,2h 43m,Landed
2025-06-10,IU745,SJV745,SW Italia,Jakarta,CGK,WIII,21:30,13:30,22:22,52min late,22:54,29min late,1h 32m,Landed
2025-06-10,JQ117,JST117,Jetstar Airways,Perth,PER,YPPH,21:30,13:30,21:38,8min late,00:51,28min early,3h 13m,Landed
2025-06-10,ID6760,,Batik Air,Makassar,UPG,WAAA,21:30,13:30,,,,,1h 20m,Cancelled
2025-06-10,IP105,,Pelita Air Service,Jakarta,CGK,WIII,21:40,13:40,,,,,1h 50m,
2025-06-10,SQ947,SIA947,Singapore Airlines,Singapore,SIN,WSSS,21:45,13:45,22:25,40min late,00:30,10min late,2h 5m,Landed
2025-06-10,QZ546,AWQ546,Indonesia AirAsia,Perth,PER,YPPH,21:55,13:55,22:13,18min late,22:13,26min early,0m,Landed
2025-06-10,OD157,MXD157,Malindo Air,Brisbane,BNE,YBBN,22:00,14:00,18:17,42min early,05:35,14min early,9h 18m,Landed
2025-06-10,GA718,GIA718,Garuda Indonesia,Melbourne,MEL,YMML,22:05,14:05,22:10,5min late,05:20,9min early,5h 10m,Landed
2025-06-10,QF44,QFA044,Qantas,Sydney,SYD,YSSY,22:10,14:10,22:02,8min early,06:05,on time,6h 3m,Landed
2025-06-10,JQ60,JST060,Jetstar Airways,Brisbane,BNE,YBBN,22:10,14:10,22:29,19min late,05:24,15min early,4h 55m,Landed
2025-06-10,OD171,MXD171,Malindo Air,Sydney,SYD,YSSY,22:15,14:15,22:40,25min late,06:06,1min late,5h 26m,Landed
2025-06-10,QG9695,CTV9695,Citilink,Surabaya,SUB,WARR,22:20,14:20,23:27,7min late,22:51,26min late,23m,Landed
2025-06-10,JQ38,JST038,Jetstar Airways,Sydney,SYD,YSSY,22:35,14:35,23:17,42min late,06:31,1min late,5h 14m,Landed
2025-06-10,7C2712,JJA2712,Jeju Air,Seoul,ICN,RKSI,22:45,14:45,22:56,11min late,07:05,4min early,7h 9m,Landed
2025-06-10,QZ811,AWQ811,Indonesia AirAsia,Jakarta,CGK,WIII,22:50,14:50,23:50,0min late,00:17,37min late,1h 27m,Landed
2025-06-10,VA96,VOZ096,Virgin Australia,Melbourne,MEL,YMML,23:05,15:05,23:07,2min late,06:31,8min early,5h 24m,Landed
2025-06-10,JT3020,,Lion Air,Seoul,ICN,RKSI,23:05,15:05,,,,,7h 5m,
2025-06-10,GA714,GIA714,Garuda Indonesia,Sydney,SYD,YSSY,23:25,15:25,23:36,11min late,01:36,33min early,0m,Landed
2025-06-10,3K240,JSA240,Jetstar Asia,Singapore,SIN,WSSS,23:25,15:25,23:41,16min late,01:50,19min early,2h 8m,Landed
2025-06-10,JQ36,JST036,Jetstar Airways,Melbourne,MEL,YMML,23:30,15:30,23:54,24min late,06:51,13min early,4h 57m,Landed
2025-06-10,VA68,VOZ068,Virgin Australia,Sydney,SYD,YSSY,23:35,15:35,23:38,3min late,07:11,33min early,5h 33m,Landed
2025-06-10,KE634,KAL634,Korean Air Lines,Seoul,ICN,RKSI,23:45,15:45,23:33,12min early,07:23,31min early,6h 50m,Landed
2025-06-10,JQ128,JST128,Jetstar Airways,Adelaide,ADL,YPAD,23:55,15:55,00:01,6min late,06:00,14min early,4h 28m,Landed
2025-06-11,JQ91,JST091,Jetstar Airways,Cairns,CNS,YBCS,00:05,16:05,,,,,4h 13m,
2025-06-11,BX602,ABL602,Air Busan,Busan,PUS,RKPK,00:05,16:05,00:21,16min late,07:52,17min early,6h 31m,Landed
2025-06-11,CZ626,CSN626,China Southern Airlines,Guangzhou,CAN,ZGGG,00:30,16:30,00:53,23min late,05:43,6min early,4h 49m,Landed
2025-06-11,MF892,CXA892,Xiamen Airlines,Xiamen,XMN,ZSAM,00:30,16:30,00:26,4min early,06:07,2min late,5h 41m,Landed
2025-06-11,EK399,UAE399,Emirates,Dubai,DXB,OMDB,00:35,16:35,00:35,on time,05:13,21min early,8h 37m,Landed
2025-06-11,QR961,QTR961,Qatar Airways,Doha,DOH,OTHH,00:35,16:35,00:38,3min late,04:39,15min early,9h 1m,Landed
2025-06-11,KE630,KAL630,Korean Air Lines,Seoul,ICN,RKSI,00:50,16:50,03:48,58min late,09:24,4min late,4h 36m,Landed
2025-06-11,MU5030,CES5030,China Eastern Airlines,Shanghai,PVG,ZSPD,00:55,16:55,01:08,13min late,07:37,22min early,6h 29m,Landed
2025-06-11,PR538,PAL538,Philippine Airlines,Manila,MNL,RPLL,00:55,16:55,06:59,4min late,11:12,22min late,4h 13m,Landed
2025-06-11,SJ726,,Sriwijaya Air,Makassar,UPG,WAAA,01:00,17:00,,,,,1h 20m,
2025-06-11,5J282,CEB282,CEBU Pacific Air,Manila,MNL,RPLL,01:00,17:00,00:59,on time,04:56,28min early,3h 57m,Landed
2025-06-11,QZ300,AWQ300,Indonesia AirAsia,Hong Kong,HKG,VHHH,01:10,17:10,00:52,17min early,05:45,14min early,4h 53m,Landed
2025-06-11,8B5888,,Business Air,Manado,MDC,WAMM,01:50,17:50,,,,,2h 35m,
2025-06-11,JT929,LNI929,Lion Air,Surabaya,SUB,WARR,07:00,23:00,07:38,38min late,06:59,on time,21m,Landed
2025-06-11,GA401,GIA401,Garuda Indonesia,Jakarta,CGK,WIII,07:00,23:00,07:29,29min late,08:04,4min late,1h 35m,Landed
2025-06-11,JT3569,LNI3569,Lion Air,Yogyakarta,YIA,WAHI,07:00,23:00,07:22,22min late,07:28,1min early,1h 5m,Landed
2025-06-11,JT944,,Lion Air,Makassar,UPG,WAAA,07:00,23:00,,,,,1h 20m,
2025-06-11,JT746,LNI746,Lion Air,Makassar,UPG,WAAA,07:00,23:00,07:24,24min late,08:24,4min late,59m,Landed
2025-06-11,JT856,,Lion Air,Surabaya,SUB,WARR,07:00,23:00,,,,,1h 1m,
2025-06-11,QZ550,AWQ550,Indonesia AirAsia,Kuala Lumpur,KUL,WMKK,07:00,23:00,07:16,16min late,10:00,on time,2h 44m,Landed
2025-06-11,QG690,CTV690,Citilink,Surabaya,SUB,WARR,07:05,23:05,07:08,3min late,06:43,21min early,34m,Landed
2025-06-11,QZ534,AWQ534,Indonesia AirAsia,Perth,PER,YPPH,07:05,23:05,07:13,8min late,10:48,11min early,3h 34m,Landed
2025-06-11,QZ644,AWQ644,Indonesia AirAsia,Labuan Bajo,LBJ,WATO,07:10,23:10,07:33,23min late,08:23,8min late,50m,Landed
2025-06-11,QZ502,AWQ502,Indonesia AirAsia,Singapore,SIN,WSSS,07:10,23:10,07:31,21min late,09:49,on time,2h 17m,Landed
2025-06-11,SQ949,SIA949,Singapore Airlines,Singapore,SIN,WSSS,07:10,23:10,07:35,25min late,07:35,24min early,0m,Landed
2025-06-11,QZ813,AWQ813,Indonesia AirAsia,Jakarta,CGK,WIII,07:15,23:15,07:20,5min late,07:47,22min early,1h 26m,Landed
2025-06-11,QG663,CTV663,Citilink,Jakarta,CGK,WIII,07:50,23:50,08:08,18min late,08:38,6min early,1h 29m,Landed
2025-06-11,JQ82,JST082,Jetstar Airways,Darwin,DRW,YPDN,07:50,23:50,07:55,5min late,11:42,17min early,2h 16m,Landed
2025-06-11,IW1854,WON1854,Wings Air,Lombok,LOP,WADL,08:00,00:00,08:10,10min late,08:34,10min early,24m,Landed
2025-06-11,IU731,SJV731,SW Italia,Jakarta,CGK,WIII,08:05,00:05,08:20,15min late,09:05,5min late,1h 44m,Landed
2025-06-11,HX706,CRK706,Hong Kong Airlines,Hong Kong,HKG,VHHH,08:15,00:15,08:17,2min late,13:04,15min early,4h 47m,Landed
2025-06-11,IW1850,WON1850,Wings Air,Lombok,LOP,WADL,08:35,00:35,08:35,on time,09:01,18min early,26m,Landed
2025-06-11,5J280,CEB280,CEBU Pacific Air,Manila,MNL,RPLL,08:35,00:35,08:46,11min late,12:22,27min early,3h 36m,Landed
2025-06-11,CZ8482,CSN8482,China Southern Airlines,Guangzhou,CAN,ZGGG,08:40,00:40,09:06,26min late,13:59,9min late,4h 53m,Landed
2025-06-11,IU703,SJV703,SW Italia,Surabaya,SUB,WARR,08:40,00:40,20:41,1min late,20:21,41min late,39m,Landed
2025-06-11,QZ504,AWQ504,Indonesia AirAsia,Singapore,SIN,WSSS,09:00,01:00,09:05,5min late,11:23,22min early,2h 17m,Landed
2025-06-11,8B80,TNU080,Business Air,Perth,PER,YPPH,09:05,01:05,02:40,24min early,12:35,19min early,9h 54m,Landed
2025-06-11,IU751,,SW Italia,Jakarta,CGK,WIII,09:05,01:05,,,,,1h 55m,Cancelled
2025-06-11,IW1856,WON1856,Wings Air,Lombok,LOP,WADL,09:10,01:10,08:17,52min early,09:42,12min early,1h 25m,Landed
2025-06-11,8B5105,TNU5105,Business Air,Jakarta,CGK,WIII,09:10,01:10,09:14,4min late,09:41,18min early,1h 27m,Landed
2025-06-11,IW1832,WON1832,Wings Air,Tambolaka,TMC,WADT,09:10,01:10,09:22,12min late,10:29,5min early,1h 6m,Landed
2025-06-11,IN640,LKN640,Nam Air,Tambolaka,TMC,WADT,09:10,01:10,09:15,5min late,09:56,13min early,40m,Landed
2025-06-11,ID6007,BTK6007,Batik Air,Perth,PER,YPPH,09:25,01:25,09:45,20min late,09:45,29min early,0m,Landed
2025-06-11,QG500,CTV500,Citilink,Dili,DIL,WPDL,09:30,01:30,09:15,15min early,12:14,5min early,1h 59m,Landed
2025-06-11,QZ803,AWQ803,Indonesia AirAsia,Jakarta,CGK,WIII,09:40,01:40,09:54,14min late,10:24,5min early,1h 30m,Landed
2025-06-11,QR965,QTR965,Qatar Airways,Doha,DOH,OTHH,09:55,01:55,09:51,4min early,14:06,13min early,9h 15m,Landed
2025-06-11,IU757,SJV757,SW Italia,Jakarta,CGK,WIII,10:00,02:00,11:32,32min late,12:00,5min late,1h 28m,Landed
2025-06-11,JT273,,Lion Air,Semarang,SRG,WIIS,10:00,02:00,,,,,1h 25m,Cancelled
2025-06-11,IW1882,WON1882,Wings Air,Sumbawa Besar,SWQ,WADS,10:00,02:00,11:00,0min late,11:48,48min late,47m,Landed
2025-06-11,SU297,AFL297,Aeroflot,Moscow,SVO,UUEE,10:05,02:05,10:28,23min late,17:17,57min early,11h 49m,Landed
2025-06-11,SQ935,SIA935,Singapore Airlines,Singapore,SIN,WSSS,10:05,02:05,10:11,6min late,12:30,15min early,2h 18m,Landed
2025-06-11,8B5101,TNU5101,Business Air,Jakarta,CGK,WIII,10:25,02:25,10:35,10min late,11:11,3min early,1h 36m,Landed
2025-06-11,QZ815,AWQ815,Indonesia AirAsia,Jakarta,CGK,WIII,10:35,02:35,10:46,11min late,11:18,11min early,1h 32m,Landed
2025-06-11,AI2146,AIC2146,Air India,Delhi,DEL,VIDP,10:35,02:35,11:00,25min late,15:31,18min early,7h 1m,Landed
2025-06-11,8G182,DTL182,Mid Africa Aviation,Dili,DIL,WPDL,10:35,02:35,10:53,18min late,13:39,9min late,1h 46m,Landed
2025-06-11,JT23,LNI023,Lion Air,Jakarta,CGK,WIII,10:35,02:35,16:22,47min late,16:54,24min late,1h 32m,Landed
2025-06-11,TR281,TGW281,Scoot,Singapore,SIN,WSSS,10:50,02:50,12:22,32min late,14:38,8min late,2h 16m,Landed
2025-06-11,JT927,,Lion Air,Surakarta,SOC,WAHQ,10:55,02:55,,,,,1h 20m,Cancelled
2025-06-11,3K244,,Jetstar Asia,Singapore,SIN,WSSS,10:55,02:55,,,,,2h 45m,Cancelled
2025-06-11,JT805,LNI805,Lion Air,Surabaya,SUB,WARR,11:05,03:05,11:20,15min late,11:03,1min early,43m,Landed
2025-06-11,JT924,LNI924,Lion Air,Kupang,KOE,WATT,11:05,03:05,11:26,21min late,12:44,on time,1h 18m,Landed
2025-06-11,IU741,,SW Italia,Jakarta,CGK,WIII,11:05,03:05,,,,,1h 55m,Cancelled
2025-06-11,JQ126,JST126,Jetstar Airways,Adelaide,ADL,YPAD,11:15,03:15,11:40,25min late,17:29,on time,4h 19m,Landed
2025-06-11,6E1606,IGO1606,IndiGo,Bangalore,BLR,VOBL,11:20,03:20,12:55,35min late,16:13,3min late,5h 48m,Landed
2025-06-11,JQ109,JST109,Jetstar Airways,Perth,PER,YPPH,11:40,03:40,12:31,51min late,15:45,20min late,3h 14m,Landed
2025-06-11,JQ32,JST032,Jetstar Airways,Melbourne,MEL,YMML,11:55,03:55,12:00,5min late,19:08,21min early,5h 8m,Landed
2025-06-11,JT569,LNI569,Lion Air,Yogyakarta,YIA,WAHI,11:55,03:55,12:02,7min late,12:04,20min early,1h 1m,Landed
2025-06-11,OD192,MXD192,Malindo Air,Kuala Lumpur,KUL,WMKK,11:55,03:55,12:24,29min late,14:57,7min early,2h 33m,Landed
2025-06-11,FD397,AIQ397,Thai AirAsia,Bangkok,DMK,VTBD,12:00,04:00,12:06,6min late,15:13,21min early,4h 6m,Landed
2025-06-11,GA407,GIA407,Garuda Indonesia,Jakarta,CGK,WIII,12:00,04:00,12:01,1min late,12:45,9min early,1h 43m,Landed
2025-06-11,GA253,GIA253,Garuda Indonesia,Yogyakarta,YIA,WAHI,12:05,04:05,12:42,37min late,12:59,4min late,1h 17m,Landed
2025-06-11,QZ618,AWQ618,Indonesia AirAsia,Banjarmasin,BDJ,WAOO,12:05,04:05,12:03,1min early,13:10,19min early,1h 6m,Landed
2025-06-11,SQ937,SIA937,Singapore Airlines,Singapore,SIN,WSSS,12:10,04:10,12:17,7min late,14:42,13min early,2h 24m,Landed
2025-06-11,IU705,,SW Italia,Surabaya,SUB,WARR,12:15,04:15,,,,,1h 0m,Cancelled
2025-06-11,JQ40,JST040,Jetstar Airways,Sydney,SYD,YSSY,12:20,04:20,12:33,13min late,19:43,31min early,5h 10m,Landed
2025-06-11,OD178,MXD178,Malindo Air,Kuala Lumpur,KUL,WMKK,12:25,04:25,12:45,20min late,15:18,16min early,2h 33m,Landed
2025-06-11,QZ805,,Indonesia AirAsia,Jakarta,CGK,WIII,12:40,04:40,,,,,2h 0m,Cancelled
2025-06-11,QG9693,CTV9693,Citilink,Surabaya,SUB,WARR,12:40,04:40,12:51,11min late,12:53,3min late,1h 2m,Landed
2025-06-11,OD158,MXD158,Malindo Air,Kuala Lumpur,KUL,WMKK,12:45,04:45,13:31,46min late,16:01,6min late,2h 30m,Landed
2025-06-11,IW1848,WON1848,Wings Air,Lombok,LOP,WADL,12:45,04:45,12:49,4min late,13:12,17min early,23m,Landed
2025-06-11,ID7308,BTK7308,Batik Air,Jakarta,HLP,WIHH,12:50,04:50,13:17,27min late,13:33,1min early,1h 15m,Landed
2025-06-11,IP103,PAS103,Pelita Air Service,Jakarta,CGK,WIII,12:55,04:55,13:07,12min late,13:39,5min early,1h 31m,Landed
2025-06-11,MH714,MAS714,Malaysia Airlines,Kuala Lumpur,KUL,WMKK,12:55,04:55,13:35,40min late,16:06,6min late,2h 31m,Landed
2025-06-11,SQ939,SIA939,Singapore Airlines,Singapore,SIN,WSSS,13:05,05:05,13:08,3min late,15:28,22min early,2h 19m,Landed
2025-06-11,VJ900,VJC900,VietJet Air,Hanoi,HAN,VVNB,13:10,05:10,13:39,29min late,17:46,26min late,5h 7m,Landed
2025-06-11,IU753,SJV753,SW Italia,Jakarta,CGK,WIII,13:15,05:15,14:01,46min late,14:39,29min late,1h 38m,Landed
2025-06-11,OD172,MXD172,Malindo Air,Kuala Lumpur,KUL,WMKK,13:15,05:15,13:42,27min late,16:14,10min early,2h 31m,Landed
2025-06-11,JQ58,JST058,Jetstar Airways,Brisbane,BNE,YBBN,13:15,05:15,13:20,5min late,20:13,31min early,4h 53m,Landed
2025-06-11,JT770,,Lion Air,Manado,MDC,WAMM,13:20,05:20,,,,,2h 40m,Cancelled
2025-06-11,IW1834,,Wings Air,Tambolaka,TMC,WADT,13:20,05:20,,,,,1h 25m,Cancelled
2025-06-11,JT660,,Lion Air,Balikpapan,BPN,WALL,13:25,05:25,,,,,1h 45m,Cancelled
2025-06-11,D7799,XAX799,AirAsia X,Kuala Lumpur,KUL,WMKK,13:35,05:35,13:43,8min late,16:19,30min early,2h 35m,Landed
2025-06-11,IW1826,WON1826,Wings Air,Bima,BMU,WADB,13:40,05:40,14:40,0min late,15:48,43min late,1h 8m,Landed
2025-06-11,ID7135,BTK7135,Batik Air,Singapore,SIN,WSSS,13:45,05:45,14:20,35min late,16:39,on time,2h 19m,Landed
2025-06-11,GA409,GIA409,Garuda Indonesia,Jakarta,CGK,WIII,13:45,05:45,13:41,3min early,14:33,11min early,1h 52m,Landed
2025-06-11,QZ506,AWQ506,Indonesia AirAsia,Singapore,SIN,WSSS,13:45,05:45,13:49,4min late,16:13,26min early,2h 24m,Landed
2025-06-11,8B5107,TNU5107,TransNusa,Jakarta,CGK,WIII,13:50,05:50,17:22,32min late,17:53,13min late,1h 30m,Landed
2025-06-11,QZ544,AWQ544,Indonesia AirAsia,Perth,PER,YPPH,13:55,05:55,14:03,8min late,17:35,19min early,3h 32m,Landed
2025-06-11,TR289,TGW289,Scoot,Singapore,SIN,WSSS,14:00,06:00,14:18,18min late,16:33,27min early,2h 14m,Landed
2025-06-11,VJ848,,VietJet Air,Ho Chi Minh City,SGN,VVTS,14:00,06:00,,,,,3h 50m,Cancelled
2025-06-11,VJ894,VJC894,VietJet Air,Ho Chi Minh City,SGN,VVTS,14:05,06:05,15:31,26min late,17:53,58min late,3h 21m,Landed
2025-06-11,ID7637,BTK7637,Batik Air,Bangkok,DMK,VTBD,14:15,06:15,14:46,31min late,17:43,1min early,3h 56m,Landed
2025-06-11,QG699,CTV699,Citilink,Surabaya,SUB,WARR,14:20,06:20,14:51,31min late,14:40,15min late,48m,Landed
2025-06-11,JT844,LNI844,Lion Air,Banjarmasin,BDJ,WAOO,14:35,06:35,14:51,16min late,15:52,7min early,1h 0m,Landed
2025-06-11,QG681,CTV681,Citilink,Jakarta,CGK,WIII,14:40,06:40,15:16,36min late,15:56,3min early,1h 39m,Landed
2025-06-11,JT919,LNI919,Lion Air,Surabaya,SUB,WARR,14:40,06:40,15:00,20min late,14:42,2min late,42m,Landed
2025-06-11,IW1884,,Wings Air,Waingapu,WGP,WADW,14:40,06:40,,,,,1h 50m,Cancelled
2025-06-11,AK377,AXM377,AirAsia,Kuala Lumpur,KUL,WMKK,14:45,06:45,14:54,9min late,17:40,14min early,2h 46m,Landed
2025-06-11,3K242,JSA242,Jetstar Asia,Singapore,SIN,WSSS,14:50,06:50,20:00,10min late,22:30,40min late,2h 29m,Landed
2025-06-11,OD307,MXD307,Malindo Air,Kuala Lumpur,KUL,WMKK,14:50,06:50,15:15,25min late,17:54,4min late,2h 39m,Landed
2025-06-11,JT271,LNI271,Lion Air,Semarang,SRG,WIIS,15:05,07:05,17:01,56min late,16:57,27min late,56m,Landed
2025-06-11,8B5103,,TransNusa,Jakarta,CGK,WIII,15:10,07:10,15:10,,15:55,,1h 45m,Landed
2025-06-11,QZ244,AWQ244,Indonesia AirAsia,Bangkok,DMK,VTBD,15:10,07:10,15:21,11min late,18:20,9min early,3h 58m,Landed
2025-06-11,VA50,VOZ050,Virgin Australia,Brisbane,BNE,YBBN,15:15,07:15,15:53,38min late,23:27,27min late,5h 34m,Landed
2025-06-11,GA842,GIA842,Garuda Indonesia,Singapore,SIN,WSSS,15:15,07:15,15:29,14min late,17:57,2min early,2h 28m,Landed
2025-06-11,IU759,SJV759,SW Italia,Jakarta,CGK,WIII,15:15,07:15,18:59,44min late,19:31,21min late,1h 32m,Landed
2025-06-11,JT740,LNI740,Lion Air,Makassar,UPG,WAAA,15:25,07:25,19:23,58min late,20:21,36min late,58m,Landed
2025-06-11,VJ898,VJC898,VietJet Air,Ho Chi Minh City,SGN,VVTS,15:30,07:30,19:49,19min late,22:10,50min late,3h 20m,Landed
2025-06-11,ID6335,BTK6335,Batik Air,Labuan Bajo,LBJ,WATO,15:35,07:35,16:00,25min late,16:51,6min late,50m,Landed
2025-06-11,JT961,LNI961,Lion Air,Medan,KNO,WIMM,15:40,07:40,15:55,15min late,17:59,15min early,3h 3m,Landed
2025-06-11,CI772,CAL772,China Airlines,Taipei,TPE,RCTP,15:40,07:40,15:34,6min early,20:54,10min early,5h 20m,Landed
2025-06-11,IP109,PAS109,Pelita Air Service,Jakarta,CGK,WIII,15:45,07:45,15:54,9min late,16:21,13min early,1h 27m,Landed
2025-06-11,QZ646,AWQ646,Indonesia AirAsia,Labuan Bajo,LBJ,WATO,15:45,07:45,16:09,24min late,16:58,1min early,49m,Landed
2025-06-11,JT21,,Lion Air,Jakarta,CGK,WIII,15:45,07:45,,,,,1h 55m,Cancelled
2025-06-11,VA92,VOZ092,Virgin Australia,Melbourne,MEL,YMML,15:50,07:50,16:21,31min late,23:44,19min late,5h 23m,Landed
2025-06-11,JQ43,JST043,Jetstar Airways,Singapore,SIN,WSSS,15:50,07:50,16:16,26min late,18:29,on time,2h 13m,Landed
2025-06-11,GA411,GIA411,Garuda Indonesia,Jakarta,CGK,WIII,15:55,07:55,16:29,34min late,17:16,16min late,1h 47m,Landed
2025-06-11,JQ44,JST044,Jetstar Airways,Melbourne,MEL,YMML,15:55,07:55,16:03,8min late,23:02,27min early,4h 58m,Landed
2025-06-11,VN640,HVN640,Vietnam Airlines,Ho Chi Minh City,SGN,VVTS,16:00,08:00,16:19,19min late,18:43,3min late,3h 24m,Landed
2025-06-11,QG195,CTV195,Citilink,Jakarta,HLP,WIHH,16:10,08:10,16:17,7min late,16:43,16min early,1h 26m,Landed
2025-06-11,CX784,CPA784,Cathay Pacific,Hong Kong,HKG,VHHH,16:10,08:10,16:09,on time,20:47,37min early,4h 38m,Landed
2025-06-11,QZ807,AWQ807,Indonesia AirAsia,Jakarta,CGK,WIII,16:10,08:10,16:37,27min late,17:19,4min late,1h 42m,Landed
2025-06-11,IU743,,SW Italia,Jakarta,CGK,WIII,16:10,08:10,,,,,1h 55m,Cancelled
2025-06-11,QZ536,AWQ536,Indonesia AirAsia,Perth,PER,YPPH,16:15,08:15,17:36,21min late,19:50,19min early,2h 13m,Landed
2025-06-11,QG669,CTV669,Citilink,Surabaya,SUB,WARR,16:20,08:20,16:22,2min late,16:13,16min early,50m,Landed
2025-06-11,JT925,LNI925,Lion Air,Surakarta,SOC,WAHQ,16:25,08:25,16:42,17min late,16:42,2min early,59m,Landed
2025-06-11,MH850,MAS850,Malaysia Airlines,Kuala Lumpur,KUL,WMKK,16:25,08:25,17:01,36min late,19:37,2min late,2h 36m,Landed
2025-06-11,BR256,EVA256,EVA Airways,Taipei,TPE,RCTP,16:30,08:30,17:11,41min late,22:39,39min late,5h 28m,Landed
2025-06-11,JT744,,Lion Air,Makassar,UPG,WAAA,16:40,08:40,,,,,1h 20m,Cancelled
2025-06-11,QZ642,AWQ642,Indonesia AirAsia,Labuan Bajo,LBJ,WATO,16:45,08:45,16:50,5min late,17:46,8min early,55m,Landed
2025-06-11,JT567,,Lion Air,Yogyakarta,YIA,WAHI,16:50,08:50,,,,,1h 30m,Cancelled
2025-06-11,IU273,SJV273,SW Italia,Pontianak,PNK,WIOO,16:50,08:50,17:32,42min late,18:11,21min late,1h 39m,Landed
2025-06-11,HO1356,DKH1356,Juneyao Airlines,Shanghai,PVG,ZSPD,16:50,08:50,16:54,4min late,23:05,34min early,6h 10m,Landed
2025-06-11,TG432,THA432,Thai Airways International,Bangkok,BKK,VTBS,16:55,08:55,17:16,21min late,20:00,4min early,3h 44m,Landed
2025-06-11,QZ556,AWQ556,Indonesia AirAsia,Kuala Lumpur,KUL,WMKK,16:55,08:55,17:08,13min late,20:14,4min late,3h 5m,Landed
2025-06-11,JT923,,Lion Air,Surabaya,SUB,WARR,17:05,09:05,,,,,1h 0m,Cancelled
2025-06-11,GA419,GIA419,Garuda Indonesia,Jakarta,CGK,WIII,17:25,09:25,17:31,6min late,18:14,10min early,1h 43m,Landed
2025-06-11,VJ998,VJC998,VietJet Air,Hanoi,HAN,VVNB,17:30,09:30,18:21,51min late,22:27,27min late,5h 5m,Landed
2025-06-11,IU723,,SW Italia,Surabaya,SUB,WARR,17:30,09:30,,,,,1h 0m,Cancelled
2025-06-11,GA349,GIA349,Garuda Indonesia,Surabaya,SUB,WARR,17:35,09:35,17:41,6min late,17:26,18min early,44m,Landed
2025-06-11,D7793,XAX793,AirAsia X,Kuala Lumpur,KUL,WMKK,17:40,09:40,17:55,15min late,20:30,24min early,2h 34m,Landed
2025-06-11,NZ291,ANZ291,Air New Zealand,Auckland,AKL,NZAA,17:50,09:50,18:02,12min late,05:19,10min early,7h 17m,Landed
2025-06-11,OD193,MXD193,Malindo Air,Perth,PER,YPPH,18:10,10:10,19:00,50min late,22:30,45min late,3h 29m,Landed
2025-06-11,SL259,TLM259,Thai Lion Air,Bangkok,DMK,VTBD,18:20,10:20,18:31,11min late,21:25,14min early,3h 54m,Landed
2025-06-11,IN281,LKN281,Nam Air,Jakarta,CGK,WIII,18:30,10:30,19:05,35min late,19:39,29min late,1h 34m,Landed
2025-06-11,IU737,,SW Italia,Jakarta,CGK,WIII,18:30,10:30,,,,,1h 55m,Cancelled
2025-06-11,GA417,GIA417,Garuda Indonesia,Jakarta,CGK,WIII,18:40,10:40,19:27,47min late,19:56,16min late,1h 29m,Landed
2025-06-11,CX782,CPA782,Cathay Pacific,Hong Kong,HKG,VHHH,18:45,10:45,18:31,14min early,23:15,49min early,4h 44m,Landed
2025-06-11,EY477,ETD477,Etihad Airways,Abu Dhabi,AUH,OMAA,18:45,10:45,19:09,24min late,23:44,14min late,8h 35m,Landed
2025-06-11,8B5109,TNU5109,Business Air,Jakarta,CGK,WIII,18:45,10:45,18:52,7min late,19:23,6min early,1h 31m,Landed
2025-06-11,QZ809,AWQ809,Indonesia AirAsia,Jakarta,CGK,WIII,18:50,10:50,19:14,24min late,19:44,on time,1h 30m,Landed
2025-06-11,QG689,CTV689,Citilink,Jakarta,CGK,WIII,19:00,11:00,20:30,30min late,21:12,12min late,1h 42m,Landed
2025-06-11,TG440,THA440,Thai Airways International,Bangkok,BKK,VTBS,19:00,11:00,19:20,20min late,22:08,1min early,3h 48m,Landed
2025-06-11,3K246,JSA246,Jetstar Asia,Singapore,SIN,WSSS,19:15,11:15,20:17,2min late,22:38,38min late,2h 20m,Landed
2025-06-11,AK379,AXM379,AirAsia,Kuala Lumpur,KUL,WMKK,19:15,11:15,19:50,35min late,22:25,5min late,2h 34m,Landed
2025-06-11,MH852,MAS852,Malaysia Airlines,Kuala Lumpur,KUL,WMKK,19:20,11:20,19:19,on time,22:13,6min early,2h 53m,Landed
2025-06-11,QR963,QTR963,Qatar Airways,Doha,DOH,OTHH,19:20,11:20,19:23,3min late,23:23,16min early,9h 0m,Landed
2025-06-11,IU755,SJV755,SW Italia,Jakarta,CGK,WIII,19:25,11:25,23:33,8min late,00:06,46min late,1h 33m,Landed
2025-06-11,ID7310,,Batik Air,Jakarta,HLP,WIHH,19:25,11:25,,,,,1h 45m,Cancelled
2025-06-11,TR287,TGW287,Scoot,Singapore,SIN,WSSS,19:40,11:40,20:33,53min late,22:46,31min late,2h 12m,Landed
2025-06-11,EK369,UAE369,Emirates,Dubai,DXB,OMDB,19:45,11:45,19:59,14min late,00:38,11min early,8h 38m,Landed
2025-06-11,ID6413,,Batik Air,Surabaya,SUB,WARR,19:50,11:50,,,,,1h 0m,Cancelled
2025-06-11,SQ945,SIA945,Singapore Airlines,Singapore,SIN,WSSS,20:00,12:00,20:20,20min late,22:36,3min early,2h 16m,Landed
2025-06-11,GA415,GIA415,Garuda Indonesia,Jakarta,CGK,WIII,20:00,12:00,19:52,7min early,20:33,26min early,1h 41m,Landed
2025-06-11,ID6517,BTK6517,Batik Air,Jakarta,CGK,WIII,20:00,12:00,21:15,15min late,21:44,49min late,1h 29m,Landed
2025-06-11,8B969,TNU969,Business Air,Guangzhou,CAN,ZGGG,20:15,12:15,23:25,10min late,04:17,17min late,4h 51m,Landed
2025-06-11,IU749,,SW Italia,Jakarta,CGK,WIII,20:25,12:25,,,,,1h 55m,Cancelled
2025-06-11,KL836,KLM836,KLM Royal Dutch Airlines,Singapore,SIN,WSSS,20:35,12:35,20:42,7min late,22:52,17min early,2h 9m,Landed
2025-06-11,IU727,SJV727,SW Italia,Surabaya,SUB,WARR,20:55,12:55,00:12,17min late,23:47,52min late,35m,Landed
2025-06-11,OD177,MXD177,Malindo Air,Melbourne,MEL,YMML,21:00,13:00,22:06,6min late,05:17,37min late,5h 10m,Landed
2025-06-11,JT25,LNI025,Lion Air,Jakarta,CGK,WIII,21:00,13:00,21:22,22min late,21:52,2min early,1h 29m,Landed
2025-06-11,GA425,GIA425,Garuda Indonesia,Jakarta,CGK,WIII,21:05,13:05,21:56,51min late,22:30,30min late,1h 33m,Landed
2025-06-11,QG342,CTV342,Citilink,Makassar,UPG,WAAA,21:10,13:10,21:02,7min early,22:10,34min early,1h 8m,Landed
2025-06-11,JQ107,JST107,Jetstar Airways,Perth,PER,YPPH,21:10,13:10,21:20,10min late,00:41,13min early,3h 21m,Landed
2025-06-11,TK67,THY067,Turkish Airlines,Istanbul,IST,LTFM,21:20,13:20,21:18,1min early,04:37,37min early,12h 19m,Landed
2025-06-11,JQ34,JST034,Jetstar Airways,Melbourne,MEL,YMML,21:20,13:20,22:19,59min late,05:30,35min late,5h 10m,Landed
2025-06-11,AK375,AXM375,AirAsia,Kuala Lumpur,KUL,WMKK,21:25,13:25,22:53,28min late,01:28,58min late,2h 35m,Landed
2025-06-11,IU745,,SW Italia,Jakarta,CGK,WIII,21:30,13:30,,,,,1h 55m,Cancelled
2025-06-11,ID6760,,Batik Air,Makassar,UPG,WAAA,21:30,13:30,,,,,1h 20m,Cancelled
2025-06-11,JQ117,JST117,Jetstar Airways,Perth,PER,YPPH,21:30,13:30,22:12,42min late,01:28,8min late,3h 16m,Landed
2025-06-11,IP105,,Pelita Air Service,Jakarta,CGK,WIII,21:40,13:40,,,,,1h 50m,
2025-06-11,QZ819,AWQ819,Indonesia AirAsia,Jakarta,CGK,WIII,21:40,13:40,00:26,46min late,00:46,16min late,1h 20m,Landed
2025-06-11,SQ947,SIA947,Singapore Airlines,Singapore,SIN,WSSS,21:45,13:45,21:57,12min late,00:14,5min early,2h 17m,Landed
2025-06-11,QZ546,AWQ546,Indonesia AirAsia,Perth,PER,YPPH,21:55,13:55,22:16,21min late,01:43,3min late,3h 26m,Landed
2025-06-11,GA718,GIA718,Garuda Indonesia,Melbourne,MEL,YMML,22:05,14:05,22:25,20min late,05:41,11min late,5h 15m,Landed
2025-06-11,QF44,QFA044,Qantas,Sydney,SYD,YSSY,22:10,14:10,22:31,21min late,06:07,2min late,5h 36m,Landed
2025-06-11,OD171,MXD171,Malindo Air,Sydney,SYD,YSSY,22:15,14:15,23:17,2min late,06:35,30min late,5h 18m,Landed
2025-06-11,QG9695,CTV9695,Citilink,Surabaya,SUB,WARR,22:20,14:20,22:59,39min late,22:43,18min late,44m,Landed
2025-06-11,JQ38,JST038,Jetstar Airways,Sydney,SYD,YSSY,22:35,14:35,22:50,15min late,06:17,12min early,5h 27m,Landed
2025-06-11,7C2712,JJA2712,Jeju Air,Seoul,ICN,RKSI,22:45,14:45,23:36,51min late,07:53,43min late,7h 17m,Landed
2025-06-11,QZ811,AWQ811,Indonesia AirAsia,Jakarta,CGK,WIII,22:50,14:50,23:04,14min late,23:39,on time,1h 35m,Landed
2025-06-11,VA96,VOZ096,Virgin Australia,Melbourne,MEL,YMML,23:05,15:05,23:01,4min early,06:25,14min early,5h 24m,Landed
2025-06-11,JT3020,,Lion Air,Seoul,ICN,RKSI,23:05,15:05,23:05,,07:10,,7h 5m,Landed
2025-06-11,QF46,QFA046,Qantas,Melbourne,MEL,YMML,23:05,15:05,00:46,41min late,07:59,19min late,5h 13m,Landed
2025-06-11,VA82,VOZ082,Virgin Australia,Gold Coast,OOL,YBCG,23:20,15:20,00:54,34min late,08:07,12min late,5h 13m,Landed
2025-06-11,GA714,GIA714,Garuda Indonesia,Sydney,SYD,YSSY,23:25,15:25,00:11,46min late,07:28,18min late,5h 17m,Landed
2025-06-11,3K240,JSA240,Jetstar Asia,Singapore,SIN,WSSS,23:25,15:25,00:06,41min late,02:22,12min late,2h 15m,Landed
2025-06-11,JQ91,JST091,Jetstar Airways,Cairns,CNS,YBCS,23:30,15:30,01:28,58min late,07:33,33min late,4h 4m,Landed
2025-06-11,JQ36,JST036,Jetstar Airways,Melbourne,MEL,YMML,23:30,15:30,00:31,1min late,07:33,28min late,5h 2m,Landed
2025-06-11,VA68,VOZ068,Virgin Australia,Sydney,SYD,YSSY,23:35,15:35,23:36,on time,07:14,30min early,5h 38m,Landed
2025-06-11,SV857,SVA857,Saudi Arabian Airlines,Singapore,SIN,WSSS,23:45,15:45,00:03,18min late,02:11,3min early,2h 7m,Landed
2025-06-11,KE634,KAL634,Korean Air Lines,Seoul,ICN,RKSI,23:45,15:45,00:36,51min late,08:34,39min late,6h 58m,Landed
2025-06-11,JQ128,JST128,Jetstar Airways,Adelaide,ADL,YPAD,23:55,15:55,00:27,32min late,06:18,8min late,4h 21m,Landed
2025-06-12,JQ91,JST091,Jetstar Airways,Cairns,CNS,YBCS,00:05,16:05,,,,,4h 13m,
2025-06-12,BX602,ABL602,Air Busan,Busan,PUS,RKPK,00:05,16:05,00:21,16min late,07:52,17min early,6h 31m,Landed
2025-06-12,GA880,GIA880,Garuda Indonesia,Tokyo,NRT,RJAA,00:20,16:20,00:41,21min late,09:03,13min late,7h 22m,Landed
2025-06-12,CZ626,CSN626,China Southern Airlines,Guangzhou,CAN,ZGGG,00:30,16:30,01:35,5min late,06:18,28min late,4h 42m,Landed
2025-06-12,MF892,CXA892,Xiamen Airlines,Xiamen,XMN,ZSAM,00:30,16:30,00:20,9min early,05:52,12min early,5h 31m,Landed
2025-06-12,EK399,UAE399,Emirates,Dubai,DXB,OMDB,00:35,16:35,01:12,37min late,05:48,13min late,8h 35m,Landed
2025-06-12,QR961,QTR961,Qatar Airways,Doha,DOH,OTHH,00:35,16:35,00:35,on time,04:30,24min early,8h 55m,Landed
2025-06-12,KE630,KAL630,Korean Air Lines,Seoul,ICN,RKSI,00:50,16:50,00:59,9min late,08:54,25min early,6h 55m,Landed
2025-06-12,PR538,PAL538,Philippine Airlines,Manila,MNL,RPLL,00:55,16:55,01:08,13min late,04:41,8min early,3h 33m,Landed
2025-06-12,MU5030,CES5030,China Eastern Airlines,Shanghai,PVG,ZSPD,00:55,16:55,01:11,16min late,07:21,33min early,6h 9m,Landed
2025-06-12,SJ726,,Sriwijaya Air,Makassar,UPG,WAAA,01:00,17:00,,,,,1h 20m,
2025-06-12,5J282,CEB282,CEBU Pacific Air,Manila,MNL,RPLL,01:00,17:00,00:59,on time,04:56,28min early,3h 57m,Landed
2025-06-12,QZ548,AWQ548,Indonesia AirAsia,Perth,PER,YPPH,01:05,17:05,00:08,56min early,03:31,23min early,3h 23m,Landed
2025-06-12,GA870,GIA870,Garuda Indonesia,Seoul,ICN,RKSI,01:15,17:15,01:29,14min late,09:34,19min late,7h 5m,Landed
2025-06-12,GA686,GIA686,Garuda Indonesia,Sorong,SOQ,WASS,01:40,17:40,01:49,9min late,05:38,6min early,2h 48m,Landed
2025-06-12,8B5888,TNU5888,Business Air,Manado,MDC,WAMM,01:50,17:50,01:30,19min early,03:45,39min early,2h 15m,Landed
2025-06-12,JT746,LNI746,Lion Air,Makassar,UPG,WAAA,07:00,23:00,07:13,13min late,08:17,2min early,1h 4m,Landed
2025-06-12,JT944,,Lion Air,Makassar,UPG,WAAA,07:00,23:00,,,,,1h 20m,
2025-06-12,JT929,,Lion Air,Surabaya,SUB,WARR,07:00,23:00,,,,,1h 0m,Cancelled
2025-06-12,GA401,GIA401,Garuda Indonesia,Jakarta,CGK,WIII,07:00,23:00,07:30,30min late,08:09,9min late,1h 38m,Landed
2025-06-12,JT3569,LNI3569,Lion Air,Yogyakarta,YIA,WAHI,07:00,23:00,07:25,25min late,07:34,4min late,1h 9m,Landed
2025-06-12,QZ550,AWQ550,Indonesia AirAsia,Kuala Lumpur,KUL,WMKK,07:00,23:00,07:15,15min late,10:07,7min late,2h 52m,Landed
2025-06-12,JT856,,Lion Air,Surabaya,SUB,WARR,07:00,23:00,,,,,1h 1m,
2025-06-12,QG690,CTV690,Citilink,Surabaya,SUB,WARR,07:05,23:05,06:54,10min early,06:40,24min early,46m,Landed
2025-06-12,QZ534,AWQ534,Indonesia AirAsia,Perth,PER,YPPH,07:05,23:05,07:03,1min early,10:37,22min early,3h 34m,Landed
2025-06-12,SQ949,SIA949,Singapore Airlines,Singapore,SIN,WSSS,07:10,23:10,07:31,21min late,09:43,16min early,2h 11m,Landed
2025-06-12,QZ502,AWQ502,Indonesia AirAsia,Singapore,SIN,WSSS,07:10,23:10,07:19,9min late,09:38,11min early,2h 19m,Landed
2025-06-12,QZ644,AWQ644,Indonesia AirAsia,Labuan Bajo,LBJ,WATO,07:10,23:10,07:07,2min early,07:58,16min early,51m,Landed
2025-06-12,QG663,CTV663,Citilink,Jakarta,CGK,WIII,07:50,23:50,08:07,17min late,08:36,8min early,1h 28m,Landed
2025-06-12,IW1854,WON1854,Wings Air,Lombok,LOP,WADL,08:00,00:00,08:12,12min late,08:35,9min early,23m,Landed
2025-06-12,IU731,SJV731,SW Italia,Jakarta,CGK,WIII,08:05,00:05,08:28,23min late,08:52,7min early,1h 23m,Landed
2025-06-12,HX706,CRK706,Hong Kong Airlines,Hong Kong,HKG,VHHH,08:15,00:15,08:23,8min late,13:12,7min early,4h 49m,Landed
2025-06-12,5J280,CEB280,CEBU Pacific Air,Manila,MNL,RPLL,08:35,00:35,08:50,15min late,12:32,17min early,3h 42m,Landed
2025-06-12,IW1850,WON1850,Wings Air,Lombok,LOP,WADL,08:35,00:35,08:36,1min late,09:01,18min early,24m,Landed
2025-06-12,IU703,SJV703,SW Italia,Surabaya,SUB,WARR,08:40,00:40,12:15,35min late,12:03,23min late,48m,Landed
2025-06-12,CZ8482,CSN8482,China Southern Airlines,Guangzhou,CAN,ZGGG,08:40,00:40,09:16,36min late,14:02,12min late,4h 45m,Landed
2025-06-12,QZ504,AWQ504,Indonesia AirAsia,Singapore,SIN,WSSS,09:00,01:00,03:25,34min early,11:12,32min early,7h 46m,Landed
2025-06-12,8B80,TNU080,Business Air,Perth,PER,YPPH,09:05,01:05,05:41,23min early,14:52,57min late,9h 10m,Landed
2025-06-12,IU751,,SW Italia,Jakarta,CGK,WIII,09:05,01:05,,,,,1h 55m,Cancelled
2025-06-12,IW1832,WON1832,Wings Air,Tambolaka,TMC,WADT,09:10,01:10,09:29,19min late,10:38,3min late,1h 9m,Landed
2025-06-12,IW1856,WON1856,Wings Air,Lombok,LOP,WADL,09:10,01:10,09:11,1min late,09:35,20min early,23m,Landed
2025-06-12,8B5105,TNU5105,Business Air,Jakarta,CGK,WIII,09:10,01:10,09:22,12min late,09:46,13min early,1h 23m,Landed
2025-06-12,IN640,LKN640,Nam Air,Tambolaka,TMC,WADT,09:10,01:10,09:07,2min early,09:51,18min early,43m,Landed
2025-06-12,ID6007,BTK6007,Batik Air,Perth,PER,YPPH,09:25,01:25,09:36,11min late,13:01,13min early,3h 25m,Landed
2025-06-12,QG500,CTV500,Citilink,Dili,DIL,WPDL,09:30,01:30,09:14,15min early,11:57,22min early,1h 42m,Landed
2025-06-12,QZ803,AWQ803,Indonesia AirAsia,Jakarta,CGK,WIII,09:40,01:40,10:14,34min late,10:42,12min late,1h 27m,Landed
2025-06-12,QR965,QTR965,Qatar Airways,Doha,DOH,OTHH,09:55,01:55,10:11,16min late,14:02,17min early,8h 51m,Landed
2025-06-12,IU757,SJV757,SW Italia,Jakarta,CGK,WIII,10:00,02:00,10:56,56min late,11:24,29min late,1h 28m,Landed
2025-06-12,JT270,LNI270,Lion Air,Kupang,KOE,WATT,10:00,02:00,10:23,23min late,11:45,5min late,1h 22m,Landed
2025-06-12,IW1882,WON1882,Wings Air,Sumbawa Besar,SWQ,WADS,10:00,02:00,10:31,31min late,11:10,10min late,39m,Landed
2025-06-12,SQ935,SIA935,Singapore Airlines,Singapore,SIN,WSSS,10:05,02:05,10:31,26min late,12:36,9min early,2h 4m,Landed
2025-06-12,8B5101,TNU5101,Business Air,Jakarta,CGK,WIII,10:25,02:25,10:41,16min late,11:09,5min early,1h 28m,Landed
2025-06-12,JT23,LNI023,Lion Air,Jakarta,CGK,WIII,10:35,02:35,17:35,0min late,17:59,29min late,1h 24m,Landed
2025-06-12,AI2146,AIC2146,Air India,Delhi,DEL,VIDP,10:35,02:35,10:41,6min late,15:37,12min early,7h 25m,Landed
2025-06-12,8G182,DTL182,Mid Africa Aviation,Dili,DIL,WPDL,10:35,02:35,10:35,on time,13:20,9min early,1h 44m,Landed
2025-06-12,TR281,TGW281,Scoot,Singapore,SIN,WSSS,10:50,02:50,11:26,36min late,13:37,7min late,2h 11m,Landed
2025-06-12,3K244,,Jetstar Asia,Singapore,SIN,WSSS,10:55,02:55,,,,,2h 45m,Cancelled
2025-06-12,JT805,LNI805,Lion Air,Surabaya,SUB,WARR,11:05,03:05,11:09,4min late,10:55,9min early,46m,Landed
2025-06-12,IU741,,SW Italia,Jakarta,CGK,WIII,11:05,03:05,,,,,1h 55m,Cancelled
2025-06-12,6E1606,IGO1606,IndiGo,Bangalore,BLR,VOBL,11:20,03:20,11:16,4min early,14:53,16min early,6h 7m,Landed
2025-06-12,GA427,GIA427,Garuda Indonesia,Jakarta,CGK,WIII,11:25,03:25,11:55,30min late,12:26,1min late,1h 31m,Landed
2025-06-12,QZ780,AWQ780,Indonesia AirAsia,Balikpapan,BPN,WALL,11:25,03:25,11:29,4min late,12:46,18min early,1h 16m,Landed
2025-06-12,JQ111,JST111,Jetstar Airways,Perth,PER,YPPH,11:30,03:30,11:35,5min late,14:55,19min early,3h 20m,Landed
2025-06-12,JQ109,JST109,Jetstar Airways,Perth,PER,YPPH,11:40,03:40,11:50,10min late,15:12,12min early,3h 22m,Landed
2025-06-12,IN642,,NAM Air,Tambolaka,TMC,WADT,11:40,03:40,,,,,1h 0m,
2025-06-12,JQ40,JST040,Jetstar Airways,Sydney,SYD,YSSY,11:55,03:55,12:24,29min late,19:51,1min late,5h 27m,Landed
2025-06-12,JQ32,JST032,Jetstar Airways,Melbourne,MEL,YMML,11:55,03:55,13:18,23min late,20:39,9min late,5h 21m,Landed
2025-06-12,OD192,MXD192,Malindo Air,Kuala Lumpur,KUL,WMKK,11:55,03:55,12:09,14min late,14:50,14min early,2h 40m,Landed
2025-06-12,JT569,LNI569,Lion Air,Yogyakarta,YIA,WAHI,11:55,03:55,12:07,12min late,12:16,8min early,1h 9m,Landed
2025-06-12,FD397,AIQ397,Thai AirAsia,Bangkok,DMK,VTBD,12:00,04:00,12:13,13min late,15:22,12min early,4h 8m,Landed
2025-06-12,GA407,GIA407,Garuda Indonesia,Jakarta,CGK,WIII,12:00,04:00,11:52,7min early,12:37,17min early,1h 45m,Landed
2025-06-12,QZ540,AWQ540,Indonesia AirAsia,Darwin,DRW,YPDN,12:05,04:05,12:13,8min late,16:08,6min early,2h 25m,Landed
2025-06-12,GA253,GIA253,Garuda Indonesia,Yogyakarta,YIA,WAHI,12:05,04:05,12:19,14min late,12:28,26min early,1h 9m,Landed
2025-06-12,SQ937,SIA937,Singapore Airlines,Singapore,SIN,WSSS,12:10,04:10,12:34,24min late,14:45,9min early,2h 10m,Landed
2025-06-12,IU705,,SW Italia,Surabaya,SUB,WARR,12:15,04:15,,,,,1h 0m,
2025-06-12,OD178,MXD178,Malindo Air,Kuala Lumpur,KUL,WMKK,12:25,04:25,12:36,11min late,15:17,17min early,2h 40m,Landed
2025-06-12,D7795,XAX795,AirAsia X,Kuala Lumpur,KUL,WMKK,12:30,04:30,12:33,3min late,15:23,21min early,2h 49m,Landed
2025-06-12,QG9693,CTV9693,Citilink,Surabaya,SUB,WARR,12:40,04:40,12:50,10min late,12:45,4min early,54m,Landed
2025-06-12,IW1848,WON1848,Wings Air,Lombok,LOP,WADL,12:45,04:45,13:01,16min late,13:24,5min early,23m,Landed
2025-06-12,ID7308,BTK7308,Batik Air,Jakarta,HLP,WIHH,12:50,04:50,13:18,28min late,13:39,4min late,1h 20m,Landed
2025-06-12,IN6400,LKN6400,Nam Air,Tambolaka,TMC,WADT,12:50,04:50,12:46,3min early,13:33,16min early,47m,Landed
2025-06-12,IP103,PAS103,Pelita Air Service,Jakarta,CGK,WIII,12:55,04:55,12:55,on time,13:29,15min early,1h 34m,Landed
2025-06-12,MH714,MAS714,Malaysia Airlines,Kuala Lumpur,KUL,WMKK,12:55,04:55,13:34,39min late,16:15,15min late,2h 41m,Landed
2025-06-12,SQ939,SIA939,Singapore Airlines,Singapore,SIN,WSSS,13:05,05:05,14:17,12min late,16:34,44min late,2h 17m,Landed
2025-06-12,VJ900,VJC900,VietJet Air,Hanoi,HAN,VVNB,13:10,05:10,13:47,37min late,17:22,2min late,4h 34m,Landed
2025-06-12,IU753,SJV753,SW Italia,Jakarta,CGK,WIII,13:15,05:15,14:31,16min late,15:01,51min late,1h 30m,Landed
2025-06-12,JQ58,JST058,Jetstar Airways,Brisbane,BNE,YBBN,13:15,05:15,14:33,18min late,21:36,51min late,5h 2m,Landed
2025-06-12,OD172,MXD172,Malindo Air,Kuala Lumpur,KUL,WMKK,13:15,05:15,13:47,32min late,16:21,3min early,2h 33m,Landed
2025-06-12,IW1834,WON1834,Wings Air,Tambolaka,TMC,WADT,13:20,05:20,13:50,30min late,14:59,14min late,1h 8m,Landed
2025-06-12,JT660,LNI660,Lion Air,Balikpapan,BPN,WALL,13:25,05:25,13:34,9min late,14:52,17min early,1h 18m,Landed
2025-06-12,D7799,XAX799,AirAsia X,Kuala Lumpur,KUL,WMKK,13:35,05:35,13:40,5min late,16:21,28min early,2h 41m,Landed
2025-06-12,IW1826,WON1826,Wings Air,Bima,BMU,WADB,13:40,05:40,14:05,25min late,15:11,6min late,1h 5m,Landed
2025-06-12,GA409,GIA409,Garuda Indonesia,Jakarta,CGK,WIII,13:45,05:45,14:13,28min late,14:51,6min late,1h 37m,Landed
2025-06-12,QZ506,AWQ506,Indonesia AirAsia,Singapore,SIN,WSSS,13:45,05:45,13:55,10min late,16:14,25min early,2h 18m,Landed
2025-06-12,8B5107,TNU5107,Business Air,Jakarta,CGK,WIII,13:50,05:50,14:16,26min late,14:53,13min late,1h 36m,Landed
2025-06-12,IW1964,WON1964,Wings Air,Lombok,LOP,WADL,13:55,05:55,13:58,3min late,14:21,18min early,23m,Landed
2025-06-12,QZ544,AWQ544,Indonesia AirAsia,Perth,PER,YPPH,13:55,05:55,14:23,28min late,18:06,11min late,3h 43m,Landed
2025-06-12,VJ848,,VietJet Air,Ho Chi Minh City,SGN,VVTS,14:00,06:00,,,,,3h 50m,
2025-06-12,TR289,TGW289,Scoot,Singapore,SIN,WSSS,14:00,06:00,14:56,56min late,17:23,23min late,2h 26m,Landed
2025-06-12,VJ894,VJC894,VietJet Air,Ho Chi Minh City,SGN,VVTS,14:05,06:05,15:32,27min late,17:49,54min late,3h 17m,Landed
2025-06-12,ID7637,BTK7637,Batik Air,Bangkok,DMK,VTBD,14:15,06:15,14:32,17min late,17:28,16min early,3h 55m,Landed
2025-06-12,IU735,,SW Italia,Jakarta,CGK,WIII,14:15,06:15,,,,,1h 55m,Cancelled
2025-06-12,QG699,CTV699,Citilink,Surabaya,SUB,WARR,14:20,06:20,15:06,46min late,14:58,33min late,52m,Landed
2025-06-12,JT844,,Lion Air,Banjarmasin,BDJ,WAOO,14:35,06:35,,,,,1h 25m,Cancelled
2025-06-12,JT919,LNI919,Lion Air,Surabaya,SUB,WARR,14:40,06:40,14:53,13min late,14:40,on time,47m,Landed
2025-06-12,IW1884,WON1884,Wings Air,Waingapu,WGP,WADW,14:40,06:40,14:55,15min late,08:10,40min late,17h 15m,Landed
2025-06-12,QG681,CTV681,Citilink,Jakarta,CGK,WIII,14:40,06:40,15:05,25min late,15:49,on time,1h 43m,Landed
2025-06-12,AK377,AXM377,AirAsia,Kuala Lumpur,KUL,WMKK,14:45,06:45,15:36,51min late,18:20,25min late,2h 43m,Landed
2025-06-12,QZ244,AWQ244,Indonesia AirAsia,Bangkok,DMK,VTBD,14:45,06:45,15:10,25min late,17:58,11min early,3h 47m,Landed
2025-06-12,3K242,JSA242,Jetstar Asia,Singapore,SIN,WSSS,14:50,06:50,15:27,37min late,17:52,2min late,2h 24m,Landed
2025-06-12,OD307,MXD307,Malindo Air,Kuala Lumpur,KUL,WMKK,14:50,06:50,15:43,53min late,18:16,26min late,2h 32m,Landed
2025-06-12,JQ44,JST044,Jetstar Airways,Melbourne,MEL,YMML,14:55,06:55,15:21,26min late,22:38,8min late,5h 17m,Landed
2025-06-12,JT271,LNI271,Lion Air,Semarang,SRG,WIIS,15:05,07:05,15:44,39min late,15:41,11min late,56m,Landed
2025-06-12,8B5103,,TransNusa,Jakarta,CGK,WIII,15:10,07:10,,,,,1h 45m,
2025-06-12,GA842,GIA842,Garuda Indonesia,Singapore,SIN,WSSS,15:15,07:15,15:28,13min late,17:45,14min early,2h 17m,Landed
2025-06-12,IU759,SJV759,SW Italia,Jakarta,CGK,WIII,15:15,07:15,16:57,42min late,17:33,23min late,1h 36m,Landed
2025-06-12,VA50,VOZ050,Virgin Australia,Brisbane,BNE,YBBN,15:15,07:15,15:12,3min early,22:48,11min early,5h 36m,Landed
2025-06-12,JT740,LNI740,Lion Air,Makassar,UPG,WAAA,15:25,07:25,16:44,19min late,17:46,1min late,1h 1m,Landed
2025-06-12,GA7036,GIA7036,Garuda Indonesia,Labuan Bajo,LBJ,WATO,15:25,07:25,15:56,31min late,16:48,13min late,52m,Landed
2025-06-12,VJ898,VJC898,VietJet Air,Ho Chi Minh City,SGN,VVTS,15:30,07:30,17:27,57min late,19:54,34min late,3h 27m,Landed
2025-06-12,ID6335,BTK6335,Batik Air,Labuan Bajo,LBJ,WATO,15:35,07:35,16:24,49min late,17:19,34min late,55m,Landed
2025-06-12,CI772,CAL772,China Airlines,Taipei,TPE,RCTP,15:40,07:40,15:45,5min late,20:46,18min early,5h 1m,Landed
2025-06-12,IP109,PAS109,Pelita Air Service,Jakarta,CGK,WIII,15:45,07:45,16:04,19min late,16:33,1min early,1h 28m,Landed
2025-06-12,JT21,,Lion Air,Jakarta,CGK,WIII,15:45,07:45,,,,,1h 55m,
2025-06-12,QZ646,AWQ646,Indonesia AirAsia,Labuan Bajo,LBJ,WATO,15:45,07:45,15:53,8min late,16:45,14min early,51m,Landed
2025-06-12,VA92,VOZ092,Virgin Australia,Melbourne,MEL,YMML,15:50,07:50,15:48,2min early,23:42,17min late,5h 54m,Landed
2025-06-12,JQ43,JST043,Jetstar Airways,Singapore,SIN,WSSS,15:50,07:50,16:01,11min late,18:32,2min late,2h 30m,Landed
2025-06-12,VN640,HVN640,Vietnam Airlines,Ho Chi Minh City,SGN,VVTS,16:00,08:00,16:47,47min late,19:03,23min late,3h 16m,Landed
2025-06-12,QG195,CTV195,Citilink,Jakarta,HLP,WIHH,16:10,08:10,16:22,12min late,16:53,38min late,1h 30m,Landed
2025-06-12,CX784,CPA784,Cathay Pacific,Hong Kong,HKG,VHHH,16:10,08:10,16:04,6min early,20:38,46min early,4h 34m,Landed
2025-06-12,IU743,,SW Italia,Jakarta,CGK,WIII,16:10,08:10,,,,,1h 55m,Cancelled
2025-06-12,QZ807,AWQ807,Indonesia AirAsia,Jakarta,CGK,WIII,16:10,08:10,16:55,45min late,17:23,8min late,1h 28m,Landed
2025-06-12,QZ536,AWQ536,Indonesia AirAsia,Perth,PER,YPPH,16:15,08:15,16:29,14min late,20:11,1min late,3h 42m,Landed
2025-06-12,QG669,CTV669,Citilink,Surabaya,SUB,WARR,16:20,08:20,16:27,7min late,16:28,1min early,1h 0m,Landed
2025-06-12,JT925,LNI925,Lion Air,Surakarta,SOC,WAHQ,16:25,08:25,16:54,29min late,16:53,8min late,59m,Landed
2025-06-12,MH850,MAS850,Malaysia Airlines,Kuala Lumpur,KUL,WMKK,16:25,08:25,16:34,9min late,19:27,7min early,2h 53m,Landed
2025-06-12,BR256,EVA256,EVA Airways,Taipei,TPE,RCTP,16:30,08:30,16:25,5min early,21:43,16min early,5h 18m,Landed
2025-06-12,QZ246,AWQ246,Indonesia AirAsia,Phuket,HKT,VTSP,16:40,08:40,17:21,41min late,19:46,6min late,3h 25m,Landed
2025-06-12,JT744,,Lion Air,Makassar,UPG,WAAA,16:40,08:40,,,,,1h 20m,Cancelled
2025-06-12,GA421,GIA421,Garuda Indonesia,Jakarta,CGK,WIII,16:40,08:40,17:02,22min late,17:45,5min late,1h 42m,Landed
2025-06-12,HO1356,DKH1356,Juneyao Airlines,Shanghai,PVG,ZSPD,16:50,08:50,18:10,20min late,00:12,32min late,6h 2m,Landed
2025-06-12,TG432,THA432,Thai Airways International,Bangkok,BKK,VTBS,16:55,08:55,17:19,24min late,20:01,3min early,3h 42m,Landed
2025-06-12,QZ556,AWQ556,Indonesia AirAsia,Kuala Lumpur,KUL,WMKK,16:55,08:55,19:06,11min late,21:52,42min late,2h 46m,Landed
2025-06-12,JT923,,Lion Air,Surabaya,SUB,WARR,17:05,09:05,,,,,1h 0m,Cancelled
2025-06-12,GA419,GIA419,Garuda Indonesia,Jakarta,CGK,WIII,17:25,09:25,17:40,15min late,18:15,9min early,1h 35m,Landed
2025-06-12,VJ998,VJC998,VietJet Air,Hanoi,HAN,VVNB,17:30,09:30,18:35,5min late,22:01,16min late,4h 26m,Landed
2025-06-12,IU723,SJV723,SW Italia,Surabaya,SUB,WARR,17:30,09:30,17:44,14min late,16:44,45min early,0m,Landed
2025-06-12,GA349,GIA349,Garuda Indonesia,Surabaya,SUB,WARR,17:35,09:35,17:40,5min late,17:32,12min early,52m,Landed
2025-06-12,IN281,,Nam Air,Jakarta,CGK,WIII,17:45,09:45,,,,,1h 40m,
2025-06-12,NZ291,ANZ291,Air New Zealand,Auckland,AKL,NZAA,17:50,09:50,17:51,1min late,04:48,41min early,6h 57m,Landed
2025-06-12,OD193,MXD193,Malindo Air,Perth,PER,YPPH,18:10,10:10,14:45,24min early,22:14,29min late,7h 29m,Landed
2025-06-12,SL259,TLM259,Thai Lion Air,Bangkok,DMK,VTBD,18:20,10:20,18:29,9min late,21:28,11min early,3h 59m,Landed
2025-06-12,IU737,SJV737,SW Italia,Jakarta,CGK,WIII,18:30,10:30,22:18,48min late,22:44,19min late,1h 25m,Landed
2025-06-12,IN283,LKN283,NAM Air,Jakarta,CGK,WIII,18:30,10:30,16:20,9min early,17:03,6min early,1h 43m,Landed
2025-06-12,GA417,GIA417,Garuda Indonesia,Jakarta,CGK,WIII,18:40,10:40,19:08,28min late,19:40,on time,1h 31m,Landed
2025-06-12,8B5109,TNU5109,Business Air,Jakarta,CGK,WIII,18:45,10:45,19:03,18min late,19:42,12min late,1h 38m,Landed
2025-06-12,CX782,CPA782,Cathay Pacific,Hong Kong,HKG,VHHH,18:45,10:45,18:44,on time,23:24,40min early,4h 40m,Landed
2025-06-12,EY477,ETD477,Etihad Airways,Abu Dhabi,AUH,OMAA,18:45,10:45,18:41,4min early,15:02,27min early,21m,Landed
2025-06-12,QZ809,AWQ809,Indonesia AirAsia,Jakarta,CGK,WIII,18:50,10:50,19:17,27min late,19:52,7min late,1h 34m,Landed
2025-06-12,QG689,CTV689,Citilink,Jakarta,CGK,WIII,19:00,11:00,19:52,52min late,20:31,31min late,1h 39m,Landed
2025-06-12,TG440,THA440,Thai Airways International,Bangkok,BKK,VTBS,19:00,11:00,19:09,9min late,21:58,11min early,3h 49m,Landed
2025-06-12,3K246,JSA246,Jetstar Asia,Singapore,SIN,WSSS,19:15,11:15,19:37,22min late,21:43,16min early,2h 5m,Landed
2025-06-12,AK379,AXM379,AirAsia,Kuala Lumpur,KUL,WMKK,19:15,11:15,19:32,17min late,22:16,3min early,2h 44m,Landed
2025-06-12,QR963,QTR963,Qatar Airways,Doha,DOH,OTHH,19:20,11:20,19:18,1min early,23:18,21min early,8h 59m,Landed
2025-06-12,MH852,MAS852,Malaysia Airlines,Kuala Lumpur,KUL,WMKK,19:20,11:20,19:45,25min late,22:27,7min late,2h 42m,Landed
2025-06-12,ID7310,BTK7310,Batik Air,Jakarta,HLP,WIHH,19:25,11:25,20:40,15min late,21:12,2min late,1h 31m,Landed
2025-06-12,IU755,SJV755,SW Italia,Jakarta,CGK,WIII,19:25,11:25,20:23,58min late,21:04,44min late,1h 41m,Landed
2025-06-12,TR287,TGW287,Scoot,Singapore,SIN,WSSS,19:40,11:40,20:01,21min late,22:07,8min early,2h 5m,Landed
2025-06-12,EK369,UAE369,Emirates,Dubai,DXB,OMDB,19:45,11:45,20:08,23min late,00:34,15min early,8h 25m,Landed
2025-06-12,ID6413,BTK6413,Batik Air,Surabaya,SUB,WARR,19:50,11:50,20:24,34min late,20:07,17min late,43m,Landed
2025-06-12,SQ945,SIA945,Singapore Airlines,Singapore,SIN,WSSS,20:00,12:00,20:14,14min late,22:29,11min early,2h 14m,Landed
2025-06-12,GA415,GIA415,Garuda Indonesia,Jakarta,CGK,WIII,20:00,12:00,20:11,11min late,20:44,15min early,1h 32m,Landed
2025-06-12,8B969,TNU969,Business Air,Guangzhou,CAN,ZGGG,20:15,12:15,01:16,1min late,02:00,0min late,44m,Landed
2025-06-12,IU749,,SW Italia,Jakarta,CGK,WIII,20:25,12:25,,,,,1h 55m,
2025-06-12,KL836,KLM836,KLM Royal Dutch Airlines,Singapore,SIN,WSSS,20:35,12:35,20:15,19min early,22:40,29min early,2h 25m,Landed
2025-06-12,IU727,,SW Italia,Surabaya,SUB,WARR,20:55,12:55,,,,,1h 0m,Cancelled
2025-06-12,OD177,MXD177,Malindo Air,Melbourne,MEL,YMML,21:00,13:00,21:11,11min late,04:37,2min early,5h 25m,Landed
2025-06-12,JT25,,Lion Air,Jakarta,CGK,WIII,21:00,13:00,,,,,1h 55m,Cancelled
2025-06-12,GA425,GIA425,Garuda Indonesia,Jakarta,CGK,WIII,21:05,13:05,21:31,26min late,22:00,on time,1h 29m,Landed
2025-06-12,QG342,CTV342,Citilink,Makassar,UPG,WAAA,21:10,13:10,21:14,4min late,22:34,10min early,1h 20m,Landed
2025-06-12,JQ34,JST034,Jetstar Airways,Melbourne,MEL,YMML,21:20,13:20,22:14,54min late,00:14,40min early,0m,Landed
2025-06-12,TK67,THY067,Turkish Airlines,Istanbul,IST,LTFM,21:20,13:20,21:25,5min late,04:52,22min early,12h 27m,Landed
2025-06-12,AK375,AXM375,AirAsia,Kuala Lumpur,KUL,WMKK,21:25,13:25,00:18,53min late,03:05,35min late,2h 47m,Landed
2025-06-12,IU745,,SW Italia,Jakarta,CGK,WIII,21:30,13:30,,,,,1h 55m,Cancelled
2025-06-12,JQ117,JST117,Jetstar Airways,Perth,PER,YPPH,21:30,13:30,21:34,4min late,00:59,20min early,3h 25m,Landed
2025-06-12,ID6760,,Batik Air,Makassar,UPG,WAAA,21:30,13:30,,,,,1h 20m,Cancelled
2025-06-12,IP105,,Pelita Air Service,Jakarta,CGK,WIII,21:40,13:40,,,,,1h 50m,
2025-06-12,QZ819,AWQ819,Indonesia AirAsia,Jakarta,CGK,WIII,21:40,13:40,22:28,48min late,22:52,22min late,1h 24m,Landed
2025-06-12,SQ947,SIA947,Singapore Airlines,Singapore,SIN,WSSS,21:45,13:45,22:01,16min late,00:14,6min early,2h 12m,Landed
2025-06-12,QZ546,AWQ546,Indonesia AirAsia,Perth,PER,YPPH,21:55,13:55,22:10,15min late,01:36,3min early,3h 26m,Landed
2025-06-12,OD157,MXD157,Malindo Air,Brisbane,BNE,YBBN,22:00,14:00,23:27,27min late,06:37,47min late,5h 10m,Landed
2025-06-12,QF44,QFA044,Qantas,Sydney,SYD,YSSY,22:10,14:10,22:22,12min late,06:04,on time,5h 41m,Landed
2025-06-12,JQ60,JST060,Jetstar Airways,Brisbane,BNE,YBBN,22:10,14:10,22:35,25min late,05:33,6min early,4h 58m,Landed
2025-06-12,OD171,MXD171,Malindo Air,Sydney,SYD,YSSY,22:15,14:15,22:40,25min late,06:21,16min late,5h 41m,Landed
2025-06-12,QG9695,CTV9695,Citilink,Surabaya,SUB,WARR,22:20,14:20,22:24,4min late,22:08,16min early,43m,Landed
2025-06-12,JQ38,JST038,Jetstar Airways,Sydney,SYD,YSSY,22:35,14:35,22:45,10min late,06:17,12min early,5h 31m,Landed
2025-06-12,7C2712,JJA2712,Jeju Air,Seoul,ICN,RKSI,22:45,14:45,02:25,40min late,07:11,1min late,3h 46m,Landed
2025-06-12,QZ811,AWQ811,Indonesia AirAsia,Jakarta,CGK,WIII,22:50,14:50,00:02,12min late,00:34,54min late,1h 32m,Landed
2025-06-12,VA96,VOZ096,Virgin Australia,Melbourne,MEL,YMML,23:05,15:05,23:00,4min early,06:22,17min early,5h 21m,Landed
2025-06-12,JT3020,,Lion Air,Seoul,ICN,RKSI,23:05,15:05,23:05,,07:10,,7h 5m,Landed
2025-06-12,JQ36,JST036,Jetstar Airways,Melbourne,MEL,YMML,23:30,15:30,23:38,8min late,06:55,9min early,5h 17m,Landed
2025-06-12,VA68,VOZ068,Virgin Australia,Sydney,SYD,YSSY,23:35,15:35,23:50,15min late,07:33,11min early,5h 43m,Landed
2025-06-12,KE634,KAL634,Korean Air Lines,Seoul,ICN,RKSI,23:45,15:45,23:51,6min late,07:36,18min early,6h 44m,Landed
2025-06-12,JQ128,JST128,Jetstar Airways,Adelaide,ADL,YPAD,23:55,15:55,00:17,22min late,06:13,1min early,4h 26m,Landed
2025-06-13,BX602,ABL602,Air Busan,Busan,PUS,RKPK,00:05,16:05,03:26,21min late,07:55,14min early,3h 28m,Landed
2025-06-13,GA880,GIA880,Garuda Indonesia,Tokyo,NRT,RJAA,00:20,16:20,00:41,21min late,09:03,13min late,7h 22m,Landed
2025-06-13,CZ626,CSN626,China Southern Airlines,Guangzhou,CAN,ZGGG,00:30,16:30,00:47,17min late,05:31,18min early,4h 44m,Landed
2025-06-13,MF892,CXA892,Xiamen Airlines,Xiamen,XMN,ZSAM,00:30,16:30,00:17,13min early,05:42,22min early,5h 25m,Landed
2025-06-13,QR961,QTR961,Qatar Airways,Doha,DOH,OTHH,00:35,16:35,00:29,6min early,04:33,21min early,9h 4m,Landed
2025-06-13,EK399,UAE399,Emirates,Dubai,DXB,OMDB,00:35,16:35,00:52,17min late,05:22,12min early,8h 30m,Landed
2025-06-13,KE630,KAL630,Korean Air Lines,Seoul,ICN,RKSI,00:50,16:50,01:23,33min late,09:17,2min early,6h 54m,Landed
2025-06-13,MU5030,CES5030,China Eastern Airlines,Shanghai,PVG,ZSPD,00:55,16:55,00:42,13min early,07:02,57min early,6h 20m,Landed
2025-06-13,PR538,PAL538,Philippine Airlines,Manila,MNL,RPLL,00:55,16:55,01:07,12min late,04:56,6min late,3h 49m,Landed
2025-06-13,SJ726,,Sriwijaya Air,Makassar,UPG,WAAA,01:00,17:00,,,,,1h 20m,
2025-06-13,5J282,CEB282,CEBU Pacific Air,Manila,MNL,RPLL,01:00,17:00,01:03,3min late,04:45,39min early,3h 41m,Landed
2025-06-13,QZ548,AWQ548,Indonesia AirAsia,Perth,PER,YPPH,01:05,17:05,00:08,56min early,03:31,23min early,3h 23m,Landed
2025-06-13,GA870,GIA870,Garuda Indonesia,Seoul,ICN,RKSI,01:15,17:15,01:29,14min late,09:34,19min late,7h 5m,Landed
2025-06-13,GA686,GIA686,Garuda Indonesia,Sorong,SOQ,WASS,01:40,17:40,01:49,9min late,05:38,6min early,2h 48m,Landed
2025-06-13,8B5888,TNU5888,Business Air,Manado,MDC,WAMM,01:50,17:50,01:30,19min early,03:45,39min early,2h 15m,Landed
2025-06-13,JT856,,Lion Air,Surabaya,SUB,WARR,07:00,23:00,,,,,1h 1m,
2025-06-13,JT3569,LNI3569,Lion Air,Yogyakarta,YIA,WAHI,07:00,23:00,07:45,45min late,07:53,23min late,1h 7m,Landed
2025-06-13,JT929,,Lion Air,Surabaya,SUB,WARR,07:00,23:00,,,,,1h 0m,Cancelled
2025-06-13,QZ550,AWQ550,Indonesia AirAsia,Kuala Lumpur,KUL,WMKK,07:00,23:00,07:02,2min late,09:42,17min early,2h 40m,Landed
2025-06-13,GA401,GIA401,Garuda Indonesia,Jakarta,CGK,WIII,07:00,23:00,07:30,30min late,08:09,9min late,1h 38m,Landed
2025-06-13,JT944,,Lion Air,Makassar,UPG,WAAA,07:00,23:00,,,,,1h 20m,
2025-06-13,JQ82,JST082,Jetstar Airways,Darwin,DRW,YPDN,07:00,23:00,07:02,2min late,08:33,41min early,0m,Landed
2025-06-13,JT746,LNI746,Lion Air,Makassar,UPG,WAAA,07:00,23:00,07:13,13min late,08:17,2min early,1h 4m,Landed
2025-06-13,QZ534,AWQ534,Indonesia AirAsia,Perth,PER,YPPH,07:05,23:05,07:01,3min early,10:24,35min early,3h 22m,Landed
2025-06-13,QG690,CTV690,Citilink,Surabaya,SUB,WARR,07:05,23:05,07:22,17min late,07:05,on time,43m,Landed
2025-06-13,QZ644,AWQ644,Indonesia AirAsia,Labuan Bajo,LBJ,WATO,07:10,23:10,07:32,22min late,08:24,9min late,51m,Landed
2025-06-13,SQ949,SIA949,Singapore Airlines,Singapore,SIN,WSSS,07:10,23:10,07:33,23min late,09:47,12min early,2h 13m,Landed
2025-06-13,QZ502,AWQ502,Indonesia AirAsia,Singapore,SIN,WSSS,07:10,23:10,08:04,54min late,10:20,30min late,2h 16m,Landed
2025-06-13,QZ813,AWQ813,Indonesia AirAsia,Jakarta,CGK,WIII,07:15,23:15,07:18,3min late,07:39,30min early,1h 21m,Landed
2025-06-13,QG663,CTV663,Citilink,Jakarta,CGK,WIII,07:50,23:50,08:01,11min late,08:39,5min early,1h 38m,Landed
2025-06-13,IW3330,WON3330,Wings Air,,,,08:00,00:00,08:07,7min late,10:42,2min late,2h 34m,Landed
2025-06-13,IW1854,WON1854,Wings Air,Lombok,LOP,WADL,08:00,00:00,08:18,18min late,08:41,3min early,22m,Landed
2025-06-13,IU731,SJV731,SW Italia,Jakarta,CGK,WIII,08:05,00:05,08:39,34min late,09:02,2min late,1h 23m,Landed
2025-06-13,HX706,CRK706,Hong Kong Airlines,Hong Kong,HKG,VHHH,08:15,00:15,08:24,9min late,13:02,17min early,4h 37m,Landed
2025-06-13,5J280,CEB280,CEBU Pacific Air,Manila,MNL,RPLL,08:35,00:35,08:49,14min late,12:44,5min early,3h 55m,Landed
2025-06-13,IW1850,WON1850,Wings Air,Lombok,LOP,WADL,08:35,00:35,09:05,30min late,09:31,11min late,25m,Landed
2025-06-13,IU703,SJV703,SW Italia,Surabaya,SUB,WARR,08:40,00:40,08:58,18min late,08:45,5min late,47m,Landed
2025-06-13,CZ8482,CSN8482,China Southern Airlines,Guangzhou,CAN,ZGGG,08:40,00:40,08:41,1min late,13:32,17min early,4h 51m,Landed
2025-06-13,QZ504,AWQ504,Indonesia AirAsia,Singapore,SIN,WSSS,09:00,01:00,09:09,9min late,11:29,15min early,2h 20m,Landed
2025-06-13,IU751,,SW Italia,Jakarta,CGK,WIII,09:05,01:05,,,,,1h 55m,Cancelled
2025-06-13,8B80,TNU080,Business Air,Perth,PER,YPPH,09:05,01:05,09:06,1min late,12:18,36min early,3h 11m,Landed
2025-06-13,IN640,LKN640,Nam Air,Tambolaka,TMC,WADT,09:10,01:10,09:09,on time,09:55,14min early,45m,Landed
2025-06-13,IW1832,WON1832,Wings Air,Tambolaka,TMC,WADT,09:10,01:10,09:24,14min late,10:32,2min early,1h 8m,Landed
2025-06-13,8B5105,TNU5105,Business Air,Jakarta,CGK,WIII,09:10,01:10,09:25,15min late,09:43,16min early,1h 18m,Landed
2025-06-13,ID6007,BTK6007,Batik Air,Perth,PER,YPPH,09:25,01:25,09:40,15min late,12:43,31min early,3h 2m,Landed
2025-06-13,QG500,CTV500,Citilink,Dili,DIL,WPDL,09:30,01:30,09:28,1min early,12:15,4min early,1h 46m,Landed
2025-06-13,QZ803,AWQ803,Indonesia AirAsia,Jakarta,CGK,WIII,09:40,01:40,09:45,5min late,10:11,18min early,1h 25m,Landed
2025-06-13,QR965,QTR965,Qatar Airways,Doha,DOH,OTHH,09:55,01:55,10:22,27min late,14:10,9min early,8h 48m,Landed
2025-06-13,JT270,LNI270,Lion Air,Kupang,KOE,WATT,10:00,02:00,10:02,2min late,11:27,12min early,1h 24m,Landed
2025-06-13,IW1882,WON1882,Wings Air,Sumbawa Besar,SWQ,WADS,10:00,02:00,10:19,19min late,11:04,4min late,44m,Landed
2025-06-13,IU757,,SW Italia,Jakarta,CGK,WIII,10:00,02:00,,,,,1h 55m,
2025-06-13,SU297,AFL297,Aeroflot,Moscow,SVO,UUEE,10:05,02:05,10:26,21min late,17:19,55min early,11h 52m,Landed
2025-06-13,SQ935,SIA935,Singapore Airlines,Singapore,SIN,WSSS,10:05,02:05,10:10,5min late,12:22,22min early,2h 11m,Landed
2025-06-13,8B5101,TNU5101,TransNusa,Jakarta,CGK,WIII,10:25,02:25,10:35,10min late,11:05,9min early,1h 30m,Landed
2025-06-13,JT23,LNI023,Lion Air,Jakarta,CGK,WIII,10:35,02:35,10:57,22min late,11:27,2min early,1h 29m,Landed
2025-06-13,8G182,DTL182,Mid Africa Aviation,Dili,DIL,WPDL,10:35,02:35,10:51,16min late,13:27,2min early,1h 36m,Landed
2025-06-13,AI2146,AIC2146,Air India,Delhi,DEL,VIDP,10:35,02:35,10:40,5min late,15:43,6min early,7h 33m,Landed
2025-06-13,QZ815,AWQ815,Indonesia AirAsia,Jakarta,CGK,WIII,10:35,02:35,10:35,on time,11:12,17min early,1h 36m,Landed
2025-06-13,QG445,CTV445,Citilink,Balikpapan,BPN,WALL,10:45,02:45,10:40,4min early,12:01,23min early,1h 21m,Landed
2025-06-13,TR281,TGW281,Scoot,Singapore,SIN,WSSS,10:50,02:50,11:03,13min late,13:22,7min early,2h 18m,Landed
2025-06-13,JT273,LNI273,Lion Air,Semarang,SRG,WIIS,10:55,02:55,11:19,24min late,11:17,2min early,58m,Landed
2025-06-13,3K244,JSA244,Jetstar Asia,Singapore,SIN,WSSS,10:55,02:55,11:04,9min late,13:49,9min late,2h 44m,Landed
2025-06-13,JT924,LNI924,Lion Air,Kupang,KOE,WATT,11:05,03:05,12:43,38min late,12:52,7min late,8m,Landed
2025-06-13,JT805,LNI805,Lion Air,Surabaya,SUB,WARR,11:05,03:05,11:22,17min late,11:00,4min early,37m,Landed
2025-06-13,IU741,SJV741,SW Italia,Jakarta,CGK,WIII,11:05,03:05,10:07,57min early,10:34,25min early,1h 27m,Landed
2025-06-13,JQ126,JST126,Jetstar Airways,Adelaide,ADL,YPAD,11:15,03:15,15:58,43min late,21:40,10min late,4h 12m,Landed
2025-06-13,6E1606,IGO1606,IndiGo,Bangalore,BLR,VOBL,11:20,03:20,11:26,6min late,14:53,16min early,5h 57m,Landed
2025-06-13,GA427,GIA427,Garuda Indonesia,Jakarta,CGK,WIII,11:25,03:25,11:57,32min late,12:30,5min late,1h 32m,Landed
2025-06-13,JQ109,JST109,Jetstar Airways,Perth,PER,YPPH,11:40,03:40,12:02,22min late,15:26,1min late,3h 23m,Landed
2025-06-13,OD192,MXD192,Malindo Air,Kuala Lumpur,KUL,WMKK,11:55,03:55,12:57,2min late,15:35,30min late,2h 38m,Landed
2025-06-13,JQ32,JST032,Jetstar Airways,Melbourne,MEL,YMML,11:55,03:55,12:54,59min late,19:57,27min late,5h 3m,Landed
2025-06-13,JT569,LNI569,Lion Air,Yogyakarta,YIA,WAHI,11:55,03:55,12:17,22min late,12:24,on time,1h 6m,Landed
2025-06-13,GA407,GIA407,Garuda Indonesia,Jakarta,CGK,WIII,12:00,04:00,15:15,15min late,12:52,2min early,,Landed
2025-06-13,FD397,AIQ397,Thai AirAsia,Bangkok,DMK,VTBD,12:00,04:00,12:41,41min late,15:42,7min late,4h 1m,Landed
2025-06-13,GA253,GIA253,Garuda Indonesia,Yogyakarta,YIA,WAHI,12:05,04:05,12:43,38min late,12:49,5min early,1h 6m,Landed
2025-06-13,QZ618,AWQ618,Indonesia AirAsia,Banjarmasin,BDJ,WAOO,12:05,04:05,12:45,40min late,13:49,19min late,1h 4m,Landed
2025-06-13,GA620,GIA620,Garuda Indonesia,Makassar,UPG,WAAA,12:10,04:10,13:06,56min late,13:40,,1h 30m,Landed
2025-06-13,SQ937,SIA937,Singapore Airlines,Singapore,SIN,WSSS,12:10,04:10,12:24,14min late,14:42,12min early,2h 17m,Landed
2025-06-13,IU705,,SW Italia,Surabaya,SUB,WARR,12:15,04:15,,,,,1h 0m,Cancelled
2025-06-13,JQ40,JST040,Jetstar Airways,Sydney,SYD,YSSY,12:20,04:20,12:27,7min late,19:50,24min early,5h 23m,Landed
2025-06-13,OD178,MXD178,Malindo Air,Kuala Lumpur,KUL,WMKK,12:25,04:25,13:04,39min late,15:45,10min late,2h 40m,Landed
2025-06-13,QG9693,CTV9693,Citilink,Surabaya,SUB,WARR,12:40,04:40,13:10,30min late,12:51,1min late,41m,Landed
2025-06-13,QZ805,AWQ805,Indonesia AirAsia,Jakarta,CGK,WIII,12:40,04:40,13:04,24min late,13:36,3min early,1h 32m,Landed
2025-06-13,IW1848,WON1848,Wings Air,Lombok,LOP,WADL,12:45,04:45,13:40,55min late,14:13,43min late,33m,Landed
2025-06-13,OD158,MXD158,Malindo Air,Kuala Lumpur,KUL,WMKK,12:45,04:45,14:18,33min late,17:00,5min late,2h 41m,Landed
2025-06-13,ID7308,BTK7308,Batik Air,Jakarta,HLP,WIHH,12:50,04:50,13:25,35min late,13:55,20min late,1h 29m,Landed
2025-06-13,IU759,SJV759,SW Italia,Jakarta,CGK,WIII,12:52,04:52,12:52,on time,13:21,on time,1h 29m,Landed
2025-06-13,MH714,MAS714,Malaysia Airlines,Kuala Lumpur,KUL,WMKK,12:55,04:55,14:32,37min late,17:14,14min late,2h 41m,Landed
2025-06-13,IP103,PAS103,Pelita Air Service,Jakarta,CGK,WIII,12:55,04:55,12:56,1min late,13:30,14min early,1h 33m,Landed
2025-06-13,SQ939,SIA939,Singapore Airlines,Singapore,SIN,WSSS,13:05,05:05,13:19,14min late,15:50,on time,2h 31m,Landed
2025-06-13,VJ900,VJC900,VietJet Air,Hanoi,HAN,VVNB,13:10,05:10,13:50,40min late,17:25,5min late,4h 35m,Landed
2025-06-13,OD172,MXD172,Malindo Air,Kuala Lumpur,KUL,WMKK,13:15,05:15,13:29,14min late,16:12,12min early,2h 43m,Landed
2025-06-13,IU753,,SW Italia,Jakarta,CGK,WIII,13:15,05:15,,,,,1h 55m,
2025-06-13,JQ58,JST058,Jetstar Airways,Brisbane,BNE,YBBN,13:15,05:15,13:33,18min late,20:44,on time,5h 10m,Landed
2025-06-13,IW1834,WON1834,Wings Air,Tambolaka,TMC,WADT,13:20,05:20,13:38,18min late,14:46,1min late,1h 8m,Landed
2025-06-13,JT770,LNI770,Lion Air,Manado,MDC,WAMM,13:20,05:20,13:27,7min late,15:42,17min early,2h 15m,Landed
2025-06-13,JT660,LNI660,Lion Air,Balikpapan,BPN,WALL,13:25,05:25,14:04,39min late,15:27,17min late,1h 23m,Landed
2025-06-13,D7799,XAX799,AirAsia X,Kuala Lumpur,KUL,WMKK,13:35,05:35,13:47,12min late,16:25,24min early,2h 38m,Landed
2025-06-13,IW1826,WON1826,Wings Air,Bima,BMU,WADB,13:40,05:40,16:12,32min late,17:20,15min late,1h 7m,Landed
2025-06-13,GA409,GIA409,Garuda Indonesia,Jakarta,CGK,WIII,13:45,05:45,14:00,15min late,14:26,18min early,1h 25m,Landed
2025-06-13,ID7135,BTK7135,Batik Air,Singapore,SIN,WSSS,13:45,05:45,14:42,57min late,17:09,29min late,2h 27m,Landed
2025-06-13,8B5107,TNU5107,Business Air,Jakarta,CGK,WIII,13:50,05:50,14:08,18min late,14:33,6min early,1h 24m,Landed
2025-06-13,TR289,TGW289,Scoot,Singapore,SIN,WSSS,14:00,06:00,14:11,11min late,16:34,25min early,2h 22m,Landed
2025-06-13,VJ848,VJC848,VietJet Air,Ho Chi Minh City,SGN,VVTS,14:00,06:00,14:17,17min late,16:44,5min early,3h 27m,Landed
2025-06-13,VJ894,VJC894,VietJet Air,Ho Chi Minh City,SGN,VVTS,14:05,06:05,15:39,34min late,18:00,5min late,3h 21m,Landed
2025-06-13,QZ246,AWQ246,Indonesia AirAsia,Phuket,HKT,VTSP,14:15,06:15,14:46,31min late,17:24,9min late,3h 38m,Landed
2025-06-13,ID7637,BTK7637,Batik Air,Bangkok,DMK,VTBD,14:15,06:15,15:15,0min late,18:21,36min late,4h 5m,Landed
2025-06-13,QG699,CTV699,Citilink,Surabaya,SUB,WARR,14:20,06:20,15:00,40min late,14:50,25min late,50m,Landed
2025-06-13,JT844,LNI844,Lion Air,Banjarmasin,BDJ,WAOO,14:35,06:35,15:03,28min late,16:05,5min late,1h 2m,Landed
2025-06-13,IW1884,WON1884,Wings Air,Waingapu,WGP,WADW,14:40,06:40,15:49,9min late,17:12,42min late,1h 22m,Landed
2025-06-13,QG681,CTV681,Citilink,Jakarta,CGK,WIII,14:40,06:40,15:10,30min late,15:42,7min early,1h 31m,Landed
2025-06-13,JT919,LNI919,Lion Air,Surabaya,SUB,WARR,14:40,06:40,15:18,38min late,15:03,23min late,45m,Landed
2025-06-13,AK377,AXM377,AirAsia,Kuala Lumpur,KUL,WMKK,14:45,06:45,15:22,37min late,18:10,15min late,2h 48m,Landed
2025-06-13,3K242,JSA242,Jetstar Asia,Singapore,SIN,WSSS,14:50,06:50,14:53,3min late,17:31,18min early,2h 37m,Landed
2025-06-13,OD307,MXD307,Malindo Air,Kuala Lumpur,KUL,WMKK,14:50,06:50,15:40,50min late,18:19,29min late,2h 39m,Landed
2025-06-13,JQ44,JST044,Jetstar Airways,Melbourne,MEL,YMML,14:55,06:55,16:11,16min late,18:12,17min early,0m,Landed
2025-06-13,JT271,LNI271,Lion Air,Semarang,SRG,WIIS,15:05,07:05,15:26,21min late,15:26,3min early,1h 0m,Landed
2025-06-13,8B5103,,TransNusa,Jakarta,CGK,WIII,15:10,07:10,,,,,1h 45m,
2025-06-13,QZ244,AWQ244,Indonesia AirAsia,Bangkok,DMK,VTBD,15:10,07:10,16:12,2min late,19:20,50min late,4h 8m,Landed
2025-06-13,GA842,GIA842,Garuda Indonesia,Singapore,SIN,WSSS,15:15,07:15,15:51,36min late,18:14,14min late,2h 23m,Landed
2025-06-13,VA50,VOZ050,Virgin Australia,Brisbane,BNE,YBBN,15:15,07:15,16:40,25min late,23:42,42min late,5h 2m,Landed
2025-06-13,JT740,LNI740,Lion Air,Makassar,UPG,WAAA,15:25,07:25,15:43,18min late,16:53,8min late,1h 9m,Landed
2025-06-13,QG195,CTV195,Citilink,Jakarta,HLP,WIHH,15:25,07:25,16:25,0min late,17:01,1min late,1h 35m,Landed
2025-06-13,VJ898,VJC898,VietJet Air,Ho Chi Minh City,SGN,VVTS,15:30,07:30,16:07,37min late,18:25,5min late,3h 18m,Landed
2025-06-13,ID6335,BTK6335,Batik Air,Labuan Bajo,LBJ,WATO,15:35,07:35,09:49,14min late,10:39,54min late,49m,Landed
2025-06-13,JT961,,Lion Air,Medan,KNO,WIMM,15:40,07:40,,,,,3h 35m,Cancelled
2025-06-13,CI772,CAL772,China Airlines,Taipei,TPE,RCTP,15:40,07:40,16:26,46min late,21:44,39min late,5h 18m,Landed
2025-06-13,JT21,,Lion Air,Jakarta,CGK,WIII,15:45,07:45,,,,,1h 55m,Cancelled
2025-06-13,IP109,PAS109,Pelita Air Service,Jakarta,CGK,WIII,15:45,07:45,16:10,25min late,16:48,13min late,1h 37m,Landed
2025-06-13,QZ646,AWQ646,Indonesia AirAsia,Labuan Bajo,LBJ,WATO,15:45,07:45,15:59,14min late,16:59,on time,1h 0m,Landed
2025-06-13,VA92,VOZ092,Virgin Australia,Melbourne,MEL,YMML,15:50,07:50,16:31,41min late,23:35,10min late,5h 3m,Landed
2025-06-13,JQ43,JST043,Jetstar Airways,Singapore,SIN,WSSS,15:50,07:50,16:22,32min late,18:43,13min late,2h 21m,Landed
2025-06-13,IU743,SJV743,SW Italia,Jakarta,CGK,WIII,16:10,08:10,19:10,0min late,19:39,34min late,1h 28m,Landed
2025-06-13,QG669,CTV669,Citilink,Surabaya,SUB,WARR,16:10,08:10,16:55,45min late,16:41,11min late,46m,Landed
2025-06-13,QZ807,AWQ807,Indonesia AirAsia,Jakarta,CGK,WIII,16:10,08:10,16:32,22min late,17:18,3min late,1h 46m,Landed
2025-06-13,CX784,CPA784,Cathay Pacific,Hong Kong,HKG,VHHH,16:10,08:10,16:16,6min late,20:47,37min early,4h 30m,Landed
2025-06-13,QZ536,AWQ536,Indonesia AirAsia,Perth,PER,YPPH,16:15,08:15,16:28,13min late,19:48,21min early,3h 19m,Landed
2025-06-13,MH850,MAS850,Malaysia Airlines,Kuala Lumpur,KUL,WMKK,16:25,08:25,16:55,30min late,19:33,1min early,2h 37m,Landed
2025-06-13,JT925,LNI925,Lion Air,Surakarta,SOC,WAHQ,16:25,08:25,16:51,26min late,16:49,4min late,58m,Landed
2025-06-13,BR256,EVA256,EVA Airways,Taipei,TPE,RCTP,16:30,08:30,16:58,28min late,22:13,13min late,5h 15m,Landed
2025-06-13,JT744,,Lion Air,Makassar,UPG,WAAA,16:40,08:40,,,,,1h 20m,Cancelled
2025-06-13,QZ642,AWQ642,Indonesia AirAsia,Labuan Bajo,LBJ,WATO,16:45,08:45,16:51,6min late,17:45,9min early,54m,Landed
2025-06-13,HO1356,DKH1356,Juneyao Airlines,Shanghai,PVG,ZSPD,16:50,08:50,17:00,10min late,23:02,37min early,6h 1m,Landed
2025-06-13,JT567,,Lion Air,Yogyakarta,YIA,WAHI,16:50,08:50,,,,,1h 30m,Cancelled
2025-06-13,IU273,SJV273,SW Italia,Pontianak,PNK,WIOO,16:50,08:50,18:03,13min late,18:44,54min late,1h 40m,Landed
2025-06-13,QZ556,AWQ556,Indonesia AirAsia,Kuala Lumpur,KUL,WMKK,16:55,08:55,16:54,on time,19:42,27min early,2h 47m,Landed
2025-06-13,TG432,THA432,Thai Airways International,Bangkok,BKK,VTBS,16:55,08:55,16:53,1min early,19:38,26min early,3h 44m,Landed
2025-06-13,JT923,,Lion Air,Surabaya,SUB,WARR,17:05,09:05,,,,,1h 0m,Cancelled
2025-06-13,GA419,GIA419,Garuda Indonesia,Jakarta,CGK,WIII,17:25,09:25,17:43,18min late,18:25,on time,1h 41m,Landed
2025-06-13,IU723,SJV723,SW Italia,Surabaya,SUB,WARR,17:30,09:30,20:16,46min late,20:00,30min late,43m,Landed
2025-06-13,VJ998,VJC998,VietJet Air,Hanoi,HAN,VVNB,17:30,09:30,20:20,50min late,00:09,24min late,4h 49m,Landed
2025-06-13,GA349,GIA349,Garuda Indonesia,Surabaya,SUB,WARR,17:35,09:35,17:34,on time,17:21,23min early,46m,Landed
2025-06-13,D7793,XAX793,AirAsia X,Kuala Lumpur,KUL,WMKK,17:40,09:40,18:00,20min late,20:41,13min early,2h 41m,Landed
2025-06-13,NZ291,ANZ291,Air New Zealand,Auckland,AKL,NZAA,17:50,09:50,18:08,18min late,05:03,26min early,6h 55m,Landed
2025-06-13,OD193,MXD193,Malindo Air,Perth,PER,YPPH,18:10,10:10,18:44,34min late,21:58,13min late,3h 13m,Landed
2025-06-13,SL259,TLM259,Thai Lion Air,Bangkok,DMK,VTBD,18:20,10:20,18:35,15min late,21:49,9min late,4h 13m,Landed
2025-06-13,IU737,SJV737,SW Italia,Jakarta,CGK,WIII,18:30,10:30,20:39,9min late,21:09,44min late,1h 29m,Landed
2025-06-13,IN281,LKN281,Nam Air,Jakarta,CGK,WIII,18:30,10:30,18:59,29min late,19:32,22min late,1h 33m,Landed
2025-06-13,GA417,GIA417,Garuda Indonesia,Jakarta,CGK,WIII,18:40,10:40,18:38,1min early,19:11,28min early,1h 32m,Landed
2025-06-13,CX782,CPA782,Cathay Pacific,Hong Kong,HKG,VHHH,18:45,10:45,19:07,22min late,23:50,14min early,4h 43m,Landed
2025-06-13,8B5109,TNU5109,Business Air,Jakarta,CGK,WIII,18:45,10:45,19:15,30min late,19:30,on time,1h 15m,Landed
2025-06-13,EY477,ETD477,Etihad Airways,Abu Dhabi,AUH,OMAA,18:45,10:45,18:47,2min late,23:35,5min late,8h 48m,Landed
2025-06-13,QZ809,AWQ809,Indonesia AirAsia,Jakarta,CGK,WIII,18:50,10:50,21:06,16min late,21:44,59min late,1h 37m,Landed
2025-06-13,TG440,THA440,Thai Airways International,Bangkok,BKK,VTBS,19:00,11:00,19:05,5min late,21:42,27min early,3h 37m,Landed
2025-06-13,QG689,CTV689,Citilink,Jakarta,CGK,WIII,19:00,11:00,19:12,12min late,19:51,8min early,1h 39m,Landed
2025-06-13,GA4194,GIA4194,Garuda Indonesia,Jakarta,CGK,WIII,19:00,11:00,19:06,6min late,19:53,7min early,1h 46m,Landed
2025-06-13,AK379,AXM379,AirAsia,Kuala Lumpur,KUL,WMKK,19:15,11:15,19:30,15min late,22:08,11min early,2h 37m,Landed
2025-06-13,MH852,MAS852,Malaysia Airlines,Kuala Lumpur,KUL,WMKK,19:20,11:20,19:49,29min late,22:30,10min late,2h 41m,Landed
2025-06-13,QR963,QTR963,Qatar Airways,Doha,DOH,OTHH,19:20,11:20,19:44,24min late,23:23,16min early,8h 39m,Landed
2025-06-13,IU755,SJV755,SW Italia,Jakarta,CGK,WIII,19:25,11:25,23:16,51min late,23:56,56min late,1h 39m,Landed
2025-06-13,ID7310,BTK7310,Batik Air,Jakarta,HLP,WIHH,19:25,11:25,20:21,56min late,20:40,30min late,1h 19m,Landed
2025-06-13,TR287,TGW287,Scoot,Singapore,SIN,WSSS,19:40,11:40,19:43,3min late,21:56,18min early,2h 13m,Landed
2025-06-13,EK369,UAE369,Emirates,Dubai,DXB,OMDB,19:45,11:45,20:01,16min late,16:01,48min early,0m,Landed
2025-06-13,ID6413,,Batik Air,Surabaya,SUB,WARR,19:50,11:50,,,,,1h 0m,Cancelled
2025-06-13,SQ945,SIA945,Singapore Airlines,Singapore,SIN,WSSS,20:00,12:00,20:23,23min late,22:42,2min late,2h 19m,Landed
2025-06-13,ID6517,BTK6517,Batik Air,Jakarta,CGK,WIII,20:00,12:00,20:54,54min late,21:34,39min late,1h 39m,Landed
2025-06-13,GA415,GIA415,Garuda Indonesia,Jakarta,CGK,WIII,20:00,12:00,20:09,9min late,20:44,15min early,1h 35m,Landed
2025-06-13,8B969,TNU969,Business Air,Guangzhou,CAN,ZGGG,20:15,12:15,20:09,5min early,01:13,13min late,5h 4m,Landed
2025-06-13,IU749,,SW Italia,Jakarta,CGK,WIII,20:25,12:25,,,,,1h 55m,Cancelled
2025-06-13,KL836,KLM836,KLM Royal Dutch Airlines,Singapore,SIN,WSSS,20:35,12:35,21:12,37min late,23:19,9min late,2h 7m,Landed
2025-06-13,IU727,SJV727,SW Italia,Surabaya,SUB,WARR,20:55,12:55,22:57,2min late,22:33,38min late,36m,Landed
2025-06-13,OD177,MXD177,Malindo Air,Melbourne,MEL,YMML,21:00,13:00,21:29,29min late,04:27,12min early,4h 58m,Landed
2025-06-13,JT25,,Lion Air,Jakarta,CGK,WIII,21:00,13:00,,,,,1h 55m,Cancelled
2025-06-13,GA425,GIA425,Garuda Indonesia,Jakarta,CGK,WIII,21:05,13:05,21:37,32min late,22:02,2min late,1h 25m,Landed
2025-06-13,JQ107,JST107,Jetstar Airways,Perth,PER,YPPH,21:10,13:10,21:31,21min late,00:43,11min early,3h 12m,Landed
2025-06-13,QG342,CTV342,Citilink,Makassar,UPG,WAAA,21:10,13:10,21:09,on time,22:20,25min early,1h 11m,Landed
2025-06-13,TK67,THY067,Turkish Airlines,Istanbul,IST,LTFM,21:20,13:20,21:19,on time,05:15,on time,12h 55m,Landed
2025-06-13,JQ34,JST034,Jetstar Airways,Melbourne,MEL,YMML,21:20,13:20,22:02,42min late,04:56,1min late,4h 54m,Landed
2025-06-13,IP105,PAS105,Pelita Air Service,Jakarta,CGK,WIII,21:25,13:25,21:27,2min late,22:05,4min early,1h 38m,Landed
2025-06-13,AK375,AXM375,AirAsia,Kuala Lumpur,KUL,WMKK,21:25,13:25,00:23,58min late,03:18,48min late,2h 55m,Landed
2025-06-13,ID6760,,Batik Air,Makassar,UPG,WAAA,21:30,13:30,,,,,1h 20m,Cancelled
2025-06-13,IU745,SJV745,SW Italia,Jakarta,CGK,WIII,21:30,13:30,00:01,31min late,00:36,11min late,1h 34m,Landed
2025-06-13,JQ117,JST117,Jetstar Airways,Perth,PER,YPPH,21:30,13:30,21:43,13min late,00:56,23min early,3h 13m,Landed
2025-06-13,QZ819,AWQ819,Indonesia AirAsia,Jakarta,CGK,WIII,21:40,13:40,00:25,45min late,01:04,34min late,1h 39m,Landed
2025-06-13,SQ947,SIA947,Singapore Airlines,Singapore,SIN,WSSS,21:45,13:45,22:11,26min late,00:35,15min late,2h 23m,Landed
2025-06-13,QZ546,AWQ546,Indonesia AirAsia,Perth,PER,YPPH,21:55,13:55,22:06,11min late,01:22,17min early,3h 16m,Landed
2025-06-13,GA718,GIA718,Garuda Indonesia,Melbourne,MEL,YMML,22:05,14:05,22:16,11min late,05:18,11min early,5h 2m,Landed
2025-06-13,QF44,QFA044,Qantas,Sydney,SYD,YSSY,22:10,14:10,22:29,19min late,06:02,2min early,5h 33m,Landed
2025-06-13,OD171,MXD171,Malindo Air,Sydney,SYD,YSSY,22:15,14:15,22:27,12min late,06:00,4min early,5h 33m,Landed
2025-06-13,SV857,SVA857,Saudi Arabian Airlines,Singapore,SIN,WSSS,22:15,14:15,22:42,27min late,00:46,1min late,2h 4m,Landed
2025-06-13,QG9695,CTV9695,Citilink,Surabaya,SUB,WARR,22:20,14:20,22:14,5min early,22:04,20min early,49m,Landed
2025-06-13,JQ38,,Jetstar Airways,Sydney,SYD,YSSY,22:35,14:35,22:35,on time,06:31,1min late,5h 56m,Landed
2025-06-13,7C2712,JJA2712,Jeju Air,Seoul,ICN,RKSI,22:45,14:45,23:59,14min late,08:14,4min late,7h 15m,Landed
2025-06-13,QZ811,AWQ811,Indonesia AirAsia,Jakarta,CGK,WIII,22:50,14:50,01:04,14min late,01:28,48min late,1h 24m,Landed
2025-06-13,VA96,VOZ096,Virgin Australia,Melbourne,MEL,YMML,23:05,15:05,23:19,14min late,06:36,3min early,5h 17m,Landed
2025-06-13,QF46,QFA046,Qantas,Melbourne,MEL,YMML,23:05,15:05,23:44,39min late,06:54,14min late,5h 10m,Landed
2025-06-13,JT3020,,Lion Air,Seoul,ICN,RKSI,23:05,15:05,,,,,7h 5m,
2025-06-13,VA82,VOZ082,Virgin Australia,Gold Coast,OOL,YBCG,23:20,15:20,23:49,29min late,07:23,28min late,5h 34m,Landed
2025-06-13,GA714,GIA714,Garuda Indonesia,Sydney,SYD,YSSY,23:25,15:25,23:44,19min late,06:54,15min early,5h 10m,Landed
2025-06-13,3K240,JSA240,Jetstar Asia,Singapore,SIN,WSSS,23:25,15:25,23:33,8min late,01:55,14min early,2h 22m,Landed
2025-06-13,JQ91,JST091,Jetstar Airways,Cairns,CNS,YBCS,23:30,15:30,23:53,23min late,05:54,5min early,4h 1m,Landed
2025-06-13,JQ36,JST036,Jetstar Airways,Melbourne,MEL,YMML,23:30,15:30,00:01,31min late,07:02,2min early,5h 1m,Landed
2025-06-13,VA68,VOZ068,Virgin Australia,Sydney,SYD,YSSY,23:35,15:35,23:42,7min late,07:31,13min early,5h 49m,Landed
2025-06-13,KE634,KAL634,Korean Air Lines,Seoul,ICN,RKSI,23:45,15:45,00:51,6min late,08:53,58min late,7h 2m,Landed
2025-06-13,QZ542,AWQ542,Indonesia AirAsia,Cairns,CNS,YBCS,23:45,15:45,00:14,29min late,06:31,3min early,4h 16m,Landed
2025-06-13,JQ128,JST128,Jetstar Airways,Adelaide,ADL,YPAD,23:55,15:55,00:31,36min late,06:12,2min late,4h 11m,Landed
2025-06-14,BX602,ABL602,Air Busan,Busan,PUS,RKPK,00:05,16:05,03:26,21min late,07:55,14min early,3h 28m,Landed
2025-06-14,GA880,GIA880,Garuda Indonesia,Tokyo,NRT,RJAA,00:20,16:20,00:29,9min late,08:30,19min early,7h 1m,Landed
2025-06-14,CZ626,CSN626,China Southern Airlines,Guangzhou,CAN,ZGGG,00:30,16:30,01:28,58min late,06:12,22min late,4h 43m,Landed
2025-06-14,MF892,CXA892,Xiamen Airlines,Xiamen,XMN,ZSAM,00:30,16:30,00:47,17min late,06:20,15min late,5h 33m,Landed
2025-06-14,EK399,UAE399,Emirates,Dubai,DXB,OMDB,00:35,16:35,00:54,19min late,05:37,2min late,8h 42m,Landed
2025-06-14,QR961,QTR961,Qatar Airways,Doha,DOH,OTHH,00:35,16:35,00:37,2min late,04:26,28min early,8h 49m,Landed
2025-06-14,KE630,KAL630,Korean Air Lines,Seoul,ICN,RKSI,00:50,16:50,00:48,1min early,08:25,54min early,6h 36m,Landed
2025-06-14,PR538,PAL538,Philippine Airlines,Manila,MNL,RPLL,00:55,16:55,00:40,14min early,04:21,28min early,3h 41m,Landed
2025-06-14,MU5030,CES5030,China Eastern Airlines,Shanghai,PVG,ZSPD,00:55,16:55,01:00,5min late,07:10,44min early,6h 10m,Landed
2025-06-14,SJ726,,Sriwijaya Air,Makassar,UPG,WAAA,01:00,17:00,,,,,1h 20m,
2025-06-14,5J282,CEB282,CEBU Pacific Air,Manila,MNL,RPLL,01:00,17:00,01:03,3min late,04:45,39min early,3h 41m,Landed
2025-06-14,QZ548,AWQ548,Indonesia AirAsia,Perth,PER,YPPH,01:05,17:05,00:19,45min early,04:00,54min early,3h 41m,Landed
2025-06-14,QZ300,AWQ300,Indonesia AirAsia,Hong Kong,HKG,VHHH,01:10,17:10,01:02,7min early,05:56,3min early,4h 54m,Landed
2025-06-14,GA870,GIA870,Garuda Indonesia,Seoul,ICN,RKSI,01:15,17:15,01:20,5min late,09:02,12min early,6h 41m,Landed
2025-06-14,GA686,GIA686,Garuda Indonesia,Sorong,SOQ,WASS,01:40,17:40,01:48,8min late,05:33,11min early,2h 44m,Landed
2025-06-14,8B5888,,Business Air,Manado,MDC,WAMM,01:50,17:50,,,,,2h 35m,
2025-06-14,JT944,,Lion Air,Makassar,UPG,WAAA,07:00,23:00,,,,,1h 20m,
2025-06-14,JT746,LNI746,Lion Air,Makassar,UPG,WAAA,07:00,23:00,07:12,12min late,08:13,6min early,1h 0m,Landed
2025-06-14,JT3569,LNI3569,Lion Air,Yogyakarta,YIA,WAHI,07:00,23:00,07:15,15min late,07:25,4min early,1h 10m,Landed
2025-06-14,JT929,LNI929,Lion Air,Surabaya,SUB,WARR,07:00,23:00,07:14,14min late,06:56,3min early,41m,Landed
2025-06-14,GA401,GIA401,Garuda Indonesia,Jakarta,CGK,WIII,07:00,23:00,07:22,22min late,08:00,5min late,1h 38m,Landed
2025-06-14,QZ550,AWQ550,Indonesia AirAsia,Kuala Lumpur,KUL,WMKK,07:00,23:00,07:03,3min late,09:44,15min early,2h 40m,Landed
2025-06-14,JQ82,JST082,Jetstar Airways,Darwin,DRW,YPDN,07:00,23:00,07:11,11min late,08:41,33min early,0m,Landed
2025-06-14,QZ534,AWQ534,Indonesia AirAsia,Perth,PER,YPPH,07:05,23:05,07:06,1min late,10:31,28min early,3h 25m,Landed
2025-06-14,QG690,CTV690,Citilink,Surabaya,SUB,WARR,07:05,23:05,07:01,3min early,06:46,18min early,44m,Landed
2025-06-14,QZ644,AWQ644,Indonesia AirAsia,Labuan Bajo,LBJ,WATO,07:10,23:10,07:18,8min late,08:09,5min early,50m,Landed
2025-06-14,QZ502,AWQ502,Indonesia AirAsia,Singapore,SIN,WSSS,07:10,23:10,07:09,on time,09:27,22min early,2h 17m,Landed
2025-06-14,SQ949,SIA949,Singapore Airlines,Singapore,SIN,WSSS,07:10,23:10,07:24,14min late,09:35,24min early,2h 10m,Landed
2025-06-14,QG663,CTV663,Citilink,Jakarta,CGK,WIII,07:50,23:50,08:07,17min late,08:35,9min early,1h 27m,Landed
2025-06-14,IW1854,WON1854,Wings Air,Lombok,LOP,WADL,08:00,00:00,08:37,37min late,09:00,15min late,22m,Landed
2025-06-14,IU731,SJV731,SW Italia,Jakarta,CGK,WIII,08:05,00:05,09:26,21min late,09:52,52min late,1h 26m,Landed
2025-06-14,HX706,CRK706,Hong Kong Airlines,Hong Kong,HKG,VHHH,08:15,00:15,10:06,51min late,13:24,4min late,3h 17m,Landed
2025-06-14,IW1850,WON1850,Wings Air,Lombok,LOP,WADL,08:35,00:35,09:06,31min late,09:30,10min late,23m,Landed
2025-06-14,5J280,CEB280,CEBU Pacific Air,Manila,MNL,RPLL,08:35,00:35,08:59,24min late,12:38,11min early,3h 39m,Landed
2025-06-14,IU703,SJV703,SW Italia,Surabaya,SUB,WARR,08:40,00:40,09:04,24min late,08:45,5min late,40m,Landed
2025-06-14,CZ8482,CSN8482,China Southern Airlines,Guangzhou,CAN,ZGGG,08:40,00:40,09:09,29min late,14:30,40min late,5h 21m,Landed
2025-06-14,QZ504,AWQ504,Indonesia AirAsia,Singapore,SIN,WSSS,09:00,01:00,09:50,50min late,11:34,10min early,1h 43m,Landed
2025-06-14,IU751,,SW Italia,Jakarta,CGK,WIII,09:05,01:05,09:15,10min late,10:00,,1h 55m,Landed
2025-06-14,8B80,TNU080,Business Air,Perth,PER,YPPH,09:05,01:05,02:35,29min early,12:40,14min early,10h 4m,Landed
2025-06-14,IW1832,WON1832,Wings Air,Tambolaka,TMC,WADT,09:10,01:10,09:31,21min late,10:39,4min late,1h 8m,Landed
2025-06-14,8B5105,TNU5105,Business Air,Jakarta,CGK,WIII,09:10,01:10,09:07,2min early,09:52,8min early,1h 44m,Landed
2025-06-14,IW1856,WON1856,Wings Air,Lombok,LOP,WADL,09:10,01:10,09:15,5min late,09:39,16min early,23m,Landed
2025-06-14,IN640,,NAM Air,Tambolaka,TMC,WADT,09:10,01:10,09:23,13min late,10:10,,1h 0m,Landed
2025-06-14,ID6007,BTK6007,Batik Air,Perth,PER,YPPH,09:25,01:25,09:44,19min late,13:12,2min early,3h 28m,Landed
2025-06-14,QG500,CTV500,Citilink,Dili,DIL,WPDL,09:30,01:30,09:19,10min early,12:00,19min early,1h 41m,Landed
2025-06-14,QZ803,AWQ803,Indonesia AirAsia,Jakarta,CGK,WIII,09:40,01:40,09:39,on time,10:17,12min early,1h 38m,Landed
2025-06-14,QR965,QTR965,Qatar Airways,Doha,DOH,OTHH,09:55,01:55,10:12,17min late,14:08,11min early,8h 56m,Landed
2025-06-14,IU757,,SW Italia,Jakarta,CGK,WIII,10:00,02:00,,,,,1h 55m,Cancelled
2025-06-14,IW1882,WON1882,Wings Air,Sumbawa Besar,SWQ,WADS,10:00,02:00,10:51,51min late,11:32,32min late,41m,Landed
2025-06-14,JT270,LNI270,Lion Air,Kupang,KOE,WATT,10:00,02:00,10:12,12min late,11:36,3min early,1h 23m,Landed
2025-06-14,SQ935,SIA935,Singapore Airlines,Singapore,SIN,WSSS,10:05,02:05,10:06,1min late,12:33,11min early,2h 26m,Landed
2025-06-14,8B5101,TNU5101,Business Air,Jakarta,CGK,WIII,10:25,02:25,10:27,2min late,11:07,7min early,1h 40m,Landed
2025-06-14,8G182,DTL182,Mid Africa Aviation,Dili,DIL,WPDL,10:35,02:35,11:45,10min late,14:23,53min late,1h 38m,Landed
2025-06-14,JT23,LNI023,Lion Air,Jakarta,CGK,WIII,10:35,02:35,14:02,27min late,14:37,7min late,1h 34m,Landed
2025-06-14,AI2146,AIC2146,Air India,Delhi,DEL,VIDP,10:35,02:35,10:24,11min early,15:43,6min early,7h 49m,Landed
2025-06-14,TR281,TGW281,Scoot,Singapore,SIN,WSSS,10:50,02:50,11:05,15min late,13:26,4min early,2h 20m,Landed
2025-06-14,JT927,LNI927,Lion Air,Surakarta,SOC,WAHQ,10:55,02:55,11:39,44min late,11:37,22min late,57m,Landed
2025-06-14,3K244,JSA244,Jetstar Asia,Singapore,SIN,WSSS,10:55,02:55,10:47,7min early,13:15,24min early,2h 28m,Landed
2025-06-14,JT924,LNI924,Lion Air,Kupang,KOE,WATT,11:05,03:05,11:34,29min late,12:57,12min late,1h 22m,Landed
2025-06-14,JT805,LNI805,Lion Air,Surabaya,SUB,WARR,11:05,03:05,11:41,36min late,11:23,18min late,41m,Landed
2025-06-14,IU741,,SW Italia,Jakarta,CGK,WIII,11:05,03:05,,,,,1h 55m,Cancelled
2025-06-14,6E1606,IGO1606,IndiGo,Bangalore,BLR,VOBL,11:20,03:20,11:14,5min early,14:45,24min early,6h 0m,Landed
2025-06-14,QZ780,AWQ780,Indonesia AirAsia,Balikpapan,BPN,WALL,11:25,03:25,11:30,5min late,12:46,18min early,1h 16m,Landed
2025-06-14,JQ111,JST111,Jetstar Airways,Perth,PER,YPPH,11:30,03:30,12:07,37min late,15:36,21min late,3h 29m,Landed
2025-06-14,JQ109,JST109,Jetstar Airways,Perth,PER,YPPH,11:40,03:40,11:55,15min late,15:10,14min early,3h 15m,Landed
2025-06-14,IN642,,NAM Air,Tambolaka,TMC,WADT,11:40,03:40,,,,,1h 0m,
2025-06-14,JQ32,JST032,Jetstar Airways,Melbourne,MEL,YMML,11:55,03:55,12:41,46min late,19:31,1min late,4h 50m,Landed
2025-06-14,JT569,LNI569,Lion Air,Yogyakarta,YIA,WAHI,11:55,03:55,12:01,6min late,12:13,11min early,1h 11m,Landed
2025-06-14,JQ40,JST040,Jetstar Airways,Sydney,SYD,YSSY,11:55,03:55,12:43,48min late,19:56,6min late,5h 13m,Landed
2025-06-14,OD192,MXD192,Malindo Air,Kuala Lumpur,KUL,WMKK,11:55,03:55,12:55,0min late,15:38,33min late,2h 42m,Landed
2025-06-14,FD397,AIQ397,Thai AirAsia,Bangkok,DMK,VTBD,12:00,04:00,12:33,33min late,15:22,12min early,3h 49m,Landed
2025-06-14,GA407,GIA407,Garuda Indonesia,Jakarta,CGK,WIII,12:00,04:00,11:58,1min early,12:50,4min early,1h 52m,Landed
2025-06-14,GA253,GIA253,Garuda Indonesia,Yogyakarta,YIA,WAHI,12:05,04:05,12:16,11min late,12:42,12min early,1h 26m,Landed
2025-06-14,QZ540,AWQ540,Indonesia AirAsia,Darwin,DRW,YPDN,12:05,04:05,12:14,9min late,16:07,7min early,2h 22m,Landed
2025-06-14,SQ937,SIA937,Singapore Airlines,Singapore,SIN,WSSS,12:10,04:10,12:12,2min late,14:41,13min early,2h 29m,Landed
2025-06-14,IU705,,SW Italia,Surabaya,SUB,WARR,12:15,04:15,,,,,1h 0m,Cancelled
2025-06-14,OD178,MXD178,Malindo Air,Kuala Lumpur,KUL,WMKK,12:25,04:25,12:53,28min late,15:28,6min early,2h 35m,Landed
2025-06-14,GA4294,GIA4294,Garuda Indonesia,Jakarta,CGK,WIII,12:30,04:30,13:04,34min late,13:39,9min late,1h 34m,Landed
2025-06-14,D7795,XAX795,AirAsia X,Kuala Lumpur,KUL,WMKK,12:30,04:30,12:33,3min late,15:25,19min early,2h 51m,Landed
2025-06-14,QZ805,AWQ805,Indonesia AirAsia,Jakarta,CGK,WIII,12:40,04:40,15:06,26min late,15:36,56min late,1h 29m,Landed
2025-06-14,IW1848,WON1848,Wings Air,Lombok,LOP,WADL,12:45,04:45,12:46,1min late,13:13,16min early,27m,Landed
2025-06-14,ID7308,BTK7308,Batik Air,Jakarta,HLP,WIHH,12:50,04:50,13:09,19min late,14:04,29min late,1h 55m,Landed
2025-06-14,JQ1038,JST1038,Jetstar Airways,Sydney,SYD,YSSY,12:55,04:55,13:42,47min late,20:51,1min late,5h 9m,Landed
2025-06-14,MH714,MAS714,Malaysia Airlines,Kuala Lumpur,KUL,WMKK,12:55,04:55,13:00,5min late,15:57,2min early,2h 57m,Landed
2025-06-14,IP103,PAS103,Pelita Air Service,Jakarta,CGK,WIII,12:55,04:55,13:00,5min late,13:33,11min early,1h 33m,Landed
2025-06-14,QG9693,CTV9693,Citilink,Surabaya,SUB,WARR,13:00,05:00,13:19,19min late,13:07,2min early,48m,Landed
2025-06-14,SQ939,SIA939,Singapore Airlines,Singapore,SIN,WSSS,13:05,05:05,13:10,5min late,15:38,11min early,2h 28m,Landed
2025-06-14,VJ900,VJC900,VietJet Air,Hanoi,HAN,VVNB,13:10,05:10,13:19,9min late,16:45,34min early,4h 26m,Landed
2025-06-14,JQ58,JST058,Jetstar Airways,Brisbane,BNE,YBBN,13:15,05:15,13:21,6min late,20:07,37min early,4h 46m,Landed
2025-06-14,IU753,SJV753,SW Italia,Jakarta,CGK,WIII,13:15,05:15,16:24,9min late,17:12,2min late,1h 47m,Landed
2025-06-14,OD172,MXD172,Malindo Air,Kuala Lumpur,KUL,WMKK,13:15,05:15,13:32,17min late,16:24,on time,2h 52m,Landed
2025-06-14,IW1834,WON1834,Wings Air,Tambolaka,TMC,WADT,13:20,05:20,13:37,17min late,14:47,2min late,1h 10m,Landed
2025-06-14,JT660,LNI660,Lion Air,Balikpapan,BPN,WALL,13:25,05:25,13:46,21min late,15:05,4min early,1h 19m,Landed
2025-06-14,D7799,XAX799,AirAsia X,Kuala Lumpur,KUL,WMKK,13:35,05:35,13:54,19min late,16:36,13min early,2h 42m,Landed
2025-06-14,IW1826,WON1826,Wings Air,Bima,BMU,WADB,13:40,05:40,15:38,58min late,16:42,37min late,1h 3m,Landed
2025-06-14,GA409,GIA409,Garuda Indonesia,Jakarta,CGK,WIII,13:45,05:45,13:41,3min early,14:16,28min early,1h 34m,Landed
2025-06-14,QZ506,AWQ506,Indonesia AirAsia,Singapore,SIN,WSSS,13:45,05:45,13:49,4min late,16:18,21min early,2h 29m,Landed
2025-06-14,8B5107,TNU5107,Business Air,Jakarta,CGK,WIII,13:50,05:50,14:11,21min late,14:40,on time,1h 29m,Landed
2025-06-14,QZ544,AWQ544,Indonesia AirAsia,Perth,PER,YPPH,13:55,05:55,14:19,24min late,17:42,12min early,3h 23m,Landed
2025-06-14,IW1964,WON1964,Wings Air,Lombok,LOP,WADL,13:55,05:55,14:53,58min late,18:19,39min late,3h 26m,Landed
2025-06-14,TR289,TGW289,Scoot,Singapore,SIN,WSSS,14:00,06:00,14:17,17min late,16:31,28min early,2h 14m,Landed
2025-06-14,VJ848,VJC848,VietJet Air,Ho Chi Minh City,SGN,VVTS,14:00,06:00,15:01,1min late,17:16,26min late,3h 15m,Landed
2025-06-14,VJ894,VJC894,VietJet Air,Ho Chi Minh City,SGN,VVTS,14:05,06:05,14:36,31min late,17:10,15min late,3h 34m,Landed
2025-06-14,IU735,SJV735,SW Italia,Jakarta,CGK,WIII,14:15,06:15,15:23,8min late,16:01,51min late,1h 38m,Landed
2025-06-14,ID7637,BTK7637,Batik Air,Bangkok,DMK,VTBD,14:15,06:15,14:40,25min late,17:32,12min early,3h 52m,Landed
2025-06-14,QG699,CTV699,Citilink,Surabaya,SUB,WARR,14:20,06:20,14:41,21min late,14:33,8min late,52m,Landed
2025-06-14,JT844,,Lion Air,Banjarmasin,BDJ,WAOO,14:35,06:35,,,,,1h 25m,Cancelled
2025-06-14,QG681,CTV681,Citilink,Jakarta,CGK,WIII,14:40,06:40,14:58,18min late,16:00,on time,2h 1m,Landed
2025-06-14,IW1884,WON1884,Wings Air,Waingapu,WGP,WADW,14:40,06:40,15:42,2min late,17:04,34min late,1h 22m,Landed
2025-06-14,JT919,LNI919,Lion Air,Surabaya,SUB,WARR,14:40,06:40,15:45,5min late,15:32,52min late,46m,Landed
2025-06-14,AK377,AXM377,AirAsia,Kuala Lumpur,KUL,WMKK,14:45,06:45,15:33,48min late,18:16,21min late,2h 42m,Landed
2025-06-14,QZ244,AWQ244,Indonesia AirAsia,Bangkok,DMK,VTBD,14:45,06:45,15:00,15min late,17:46,23min early,3h 46m,Landed
2025-06-14,OD307,MXD307,Malindo Air,Kuala Lumpur,KUL,WMKK,14:50,06:50,15:23,33min late,18:01,11min late,2h 38m,Landed
2025-06-14,3K242,JSA242,Jetstar Asia,Singapore,SIN,WSSS,14:50,06:50,15:05,15min late,17:42,7min early,2h 37m,Landed
2025-06-14,JQ44,JST044,Jetstar Airways,Melbourne,MEL,YMML,14:55,06:55,15:17,22min late,22:10,19min early,4h 53m,Landed
2025-06-14,JT271,LNI271,Lion Air,Semarang,SRG,WIIS,15:05,07:05,16:52,47min late,16:48,18min late,56m,Landed
2025-06-14,JQ43,JST043,Jetstar Airways,Singapore,SIN,WSSS,15:05,07:05,09:45,19min early,18:16,31min late,8h 31m,Landed
2025-06-14,8B5103,,TransNusa,Jakarta,CGK,WIII,15:10,07:10,,,,,1h 45m,
2025-06-14,IU759,,SW Italia,Jakarta,CGK,WIII,15:15,07:15,,,,,1h 55m,Cancelled
2025-06-14,VA50,VOZ050,Virgin Australia,Brisbane,BNE,YBBN,15:15,07:15,15:31,16min late,22:46,13min early,5h 15m,Landed
2025-06-14,GA842,GIA842,Garuda Indonesia,Singapore,SIN,WSSS,15:15,07:15,15:29,14min late,17:52,7min early,2h 23m,Landed
2025-06-14,JT740,LNI740,Lion Air,Makassar,UPG,WAAA,15:25,07:25,17:46,21min late,18:46,1min late,1h 0m,Landed
2025-06-14,VJ898,VJC898,VietJet Air,Ho Chi Minh City,SGN,VVTS,15:30,07:30,16:44,14min late,19:07,47min late,3h 22m,Landed
2025-06-14,ID6335,BTK6335,Batik Air,Labuan Bajo,LBJ,WATO,15:35,07:35,15:56,21min late,16:53,8min late,57m,Landed
2025-06-14,CI772,CAL772,China Airlines,Taipei,TPE,RCTP,15:40,07:40,20:22,42min late,22:09,4min late,1h 46m,Landed
2025-06-14,QZ646,AWQ646,Indonesia AirAsia,Labuan Bajo,LBJ,WATO,15:45,07:45,16:45,0min late,17:43,43min late,58m,Landed
2025-06-14,JT21,LNI021,Lion Air,Jakarta,CGK,WIII,15:45,07:45,15:36,8min early,16:12,27min early,1h 35m,Landed
2025-06-14,IP109,PAS109,Pelita Air Service,Jakarta,CGK,WIII,15:45,07:45,16:36,51min late,17:06,31min late,1h 30m,Landed
2025-06-14,VA92,VOZ092,Virgin Australia,Melbourne,MEL,YMML,15:50,07:50,16:36,46min late,00:20,55min late,5h 44m,Landed
2025-06-14,QZ246,AWQ246,Indonesia AirAsia,Phuket,HKT,VTSP,15:50,07:50,17:55,5min late,20:20,35min late,3h 24m,Landed
2025-06-14,VN640,HVN640,Vietnam Airlines,Ho Chi Minh City,SGN,VVTS,16:00,08:00,16:56,56min late,19:17,37min late,3h 21m,Landed
2025-06-14,QZ807,AWQ807,Indonesia AirAsia,Jakarta,CGK,WIII,16:10,08:10,17:03,53min late,17:35,20min late,1h 31m,Landed
2025-06-14,IU743,SJV743,SW Italia,Jakarta,CGK,WIII,16:10,08:10,21:11,1min late,21:37,7min late,1h 25m,Landed
2025-06-14,QG669,CTV669,Citilink,Surabaya,SUB,WARR,16:10,08:10,17:28,18min late,17:38,18min late,1h 9m,Landed
2025-06-14,QG195,CTV195,Citilink,Jakarta,HLP,WIHH,16:10,08:10,16:44,34min late,17:11,11min late,1h 27m,Landed
2025-06-14,CX784,CPA784,Cathay Pacific,Hong Kong,HKG,VHHH,16:10,08:10,16:19,9min late,21:11,13min early,4h 52m,Landed
2025-06-14,QZ536,AWQ536,Indonesia AirAsia,Perth,PER,YPPH,16:15,08:15,18:05,50min late,21:34,24min late,3h 28m,Landed
2025-06-14,MH850,MAS850,Malaysia Airlines,Kuala Lumpur,KUL,WMKK,16:25,08:25,16:56,31min late,19:54,19min late,2h 58m,Landed
2025-06-14,JT925,LNI925,Lion Air,Surakarta,SOC,WAHQ,16:25,08:25,17:46,21min late,17:48,3min late,1h 1m,Landed
2025-06-14,BR256,EVA256,EVA Airways,Taipei,TPE,RCTP,16:30,08:30,16:57,27min late,22:18,18min late,5h 21m,Landed
2025-06-14,JT744,,Lion Air,Makassar,UPG,WAAA,16:40,08:40,,,,,1h 20m,Cancelled
2025-06-14,JT567,LNI567,Lion Air,Yogyakarta,YIA,WAHI,16:50,08:50,17:38,48min late,18:12,52min late,1h 33m,Landed
2025-06-14,HO1356,DKH1356,Juneyao Airlines,Shanghai,PVG,ZSPD,16:50,08:50,17:37,47min late,23:43,3min late,6h 5m,Landed
2025-06-14,QZ556,AWQ556,Indonesia AirAsia,Kuala Lumpur,KUL,WMKK,16:55,08:55,18:57,2min late,21:34,24min late,2h 36m,Landed
2025-06-14,TG432,THA432,Thai Airways International,Bangkok,BKK,VTBS,16:55,08:55,17:25,30min late,20:16,11min late,3h 50m,Landed
2025-06-14,JT923,,Lion Air,Surabaya,SUB,WARR,17:05,09:05,,,,,1h 0m,Cancelled
2025-06-14,GA419,GIA419,Garuda Indonesia,Jakarta,CGK,WIII,17:25,09:25,18:19,54min late,18:50,25min late,1h 31m,Landed
2025-06-14,VJ998,VJC998,VietJet Air,Hanoi,HAN,VVNB,17:30,09:30,18:12,42min late,21:43,1min early,4h 30m,Landed
2025-06-14,IU723,SJV723,SW Italia,Surabaya,SUB,WARR,17:30,09:30,20:27,57min late,19:45,15min late,17m,Landed
2025-06-14,GA349,GIA349,Garuda Indonesia,Surabaya,SUB,WARR,17:35,09:35,18:04,29min late,18:08,23min late,1h 3m,Landed
2025-06-14,IN281,,NAM Air,Jakarta,CGK,WIII,17:45,09:45,,,,,1h 40m,
2025-06-14,NZ291,ANZ291,Air New Zealand,Auckland,AKL,NZAA,17:50,09:50,18:42,52min late,05:33,3min late,6h 51m,Landed
2025-06-14,OD193,MXD193,Malindo Air,Perth,PER,YPPH,18:10,10:10,19:00,50min late,22:32,47min late,3h 32m,Landed
2025-06-14,SL259,TLM259,Thai Lion Air,Bangkok,DMK,VTBD,18:20,10:20,18:26,6min late,21:30,9min early,4h 3m,Landed
2025-06-14,IN283,LKN283,Nam Air,Jakarta,CGK,WIII,18:30,10:30,18:30,on time,19:01,8min early,1h 30m,Landed
2025-06-14,IU737,SJV737,SW Italia,Jakarta,CGK,WIII,18:30,10:30,20:41,11min late,21:22,57min late,1h 41m,Landed
2025-06-14,GA417,GIA417,Garuda Indonesia,Jakarta,CGK,WIII,18:40,10:40,19:00,20min late,19:47,7min late,1h 46m,Landed
2025-06-14,8B5109,TNU5109,Business Air,Jakarta,CGK,WIII,18:45,10:45,18:43,2min early,19:15,14min early,1h 32m,Landed
2025-06-14,EY477,ETD477,Etihad Airways,Abu Dhabi,AUH,OMAA,18:45,10:45,19:00,15min late,23:37,7min late,8h 37m,Landed
2025-06-14,CX782,CPA782,Cathay Pacific,Hong Kong,HKG,VHHH,18:45,10:45,19:00,15min late,23:37,28min early,4h 36m,Landed
2025-06-14,QZ809,AWQ809,Indonesia AirAsia,Jakarta,CGK,WIII,18:50,10:50,18:59,9min late,19:34,10min early,1h 35m,Landed
2025-06-14,TG440,THA440,Thai Airways International,Bangkok,BKK,VTBS,19:00,11:00,19:18,18min late,22:02,7min early,3h 44m,Landed
2025-06-14,AK379,AXM379,AirAsia,Kuala Lumpur,KUL,WMKK,19:15,11:15,19:49,34min late,22:41,21min late,2h 52m,Landed
2025-06-14,3K246,JSA246,Jetstar Asia,Singapore,SIN,WSSS,19:15,11:15,19:52,37min late,22:40,40min late,2h 48m,Landed
2025-06-14,MH852,MAS852,Malaysia Airlines,Kuala Lumpur,KUL,WMKK,19:20,11:20,19:37,17min late,22:25,5min late,2h 48m,Landed
2025-06-14,QR963,QTR963,Qatar Airways,Doha,DOH,OTHH,19:20,11:20,19:31,11min late,23:27,12min early,8h 55m,Landed
2025-06-14,ID7310,BTK7310,Batik Air,Jakarta,HLP,WIHH,19:25,11:25,19:44,19min late,20:15,5min late,1h 30m,Landed
2025-06-14,IU755,,SW Italia,Jakarta,CGK,WIII,19:25,11:25,,,,,1h 55m,Cancelled
2025-06-14,TR287,TGW287,Scoot,Singapore,SIN,WSSS,19:40,11:40,19:49,9min late,22:20,5min late,2h 30m,Landed
2025-06-14,EK369,UAE369,Emirates,Dubai,DXB,OMDB,19:45,11:45,21:13,28min late,01:27,37min late,8h 13m,Landed
2025-06-14,ID6413,BTK6413,Batik Air,Surabaya,SUB,WARR,19:50,11:50,19:56,6min late,19:37,12min early,40m,Landed
2025-06-14,SQ945,SIA945,Singapore Airlines,Singapore,SIN,WSSS,20:00,12:00,20:20,20min late,22:40,on time,2h 20m,Landed
2025-06-14,GA415,GIA415,Garuda Indonesia,Jakarta,CGK,WIII,20:00,12:00,19:54,5min early,20:43,17min early,1h 48m,Landed
2025-06-14,QG689,CTV689,Citilink,Jakarta,CGK,WIII,20:05,12:05,21:59,54min late,22:50,2min late,1h 50m,Landed
2025-06-14,8B969,TNU969,Business Air,Guangzhou,CAN,ZGGG,20:15,12:15,19:51,23min early,00:49,11min early,4h 57m,Landed
2025-06-14,IU749,,SW Italia,Jakarta,CGK,WIII,20:25,12:25,,,,,1h 55m,
2025-06-14,KL836,KLM836,KLM Royal Dutch Airlines,Singapore,SIN,WSSS,20:35,12:35,21:08,33min late,23:28,18min late,2h 20m,Landed
2025-06-14,IU727,,SW Italia,Surabaya,SUB,WARR,20:55,12:55,,,,,1h 0m,Cancelled
2025-06-14,JT25,LNI025,Lion Air,Jakarta,CGK,WIII,21:00,13:00,22:14,14min late,22:46,51min late,1h 32m,Landed
2025-06-14,OD177,MXD177,Malindo Air,Melbourne,MEL,YMML,21:00,13:00,21:35,35min late,04:21,18min early,4h 45m,Landed
2025-06-14,GA425,GIA425,Garuda Indonesia,Jakarta,CGK,WIII,21:05,13:05,21:19,14min late,21:55,4min early,1h 36m,Landed
2025-06-14,QG342,CTV342,Citilink,Makassar,UPG,WAAA,21:10,13:10,21:32,22min late,22:42,2min early,1h 10m,Landed
2025-06-14,SQ943,SIA943,Singapore Airlines,Singapore,SIN,WSSS,21:15,13:15,21:46,31min late,23:51,6min late,2h 5m,Landed
2025-06-14,TK67,THY067,Turkish Airlines,Istanbul,IST,LTFM,21:20,13:20,21:16,3min early,04:56,18min early,12h 39m,Landed
2025-06-14,JQ34,JST034,Jetstar Airways,Melbourne,MEL,YMML,21:20,13:20,21:47,27min late,04:38,16min early,4h 50m,Landed
2025-06-14,AK375,AXM375,AirAsia,Kuala Lumpur,KUL,WMKK,21:25,13:25,22:45,20min late,01:33,3min late,2h 48m,Landed
2025-06-14,JQ117,JST117,Jetstar Airways,Perth,PER,YPPH,21:30,13:30,21:37,7min late,01:14,5min early,3h 36m,Landed
2025-06-14,IU745,SJV745,SW Italia,Jakarta,CGK,WIII,21:30,13:30,21:29,on time,22:00,24min early,1h 31m,Landed
2025-06-14,ID6760,,Batik Air,Makassar,UPG,WAAA,21:30,13:30,,,,,1h 20m,Cancelled
2025-06-14,QZ819,AWQ819,Indonesia AirAsia,Jakarta,CGK,WIII,21:40,13:40,21:44,4min late,22:15,14min early,1h 31m,Landed
2025-06-14,IP105,,Pelita Air Service,Jakarta,CGK,WIII,21:40,13:40,,,,,1h 50m,
2025-06-14,QZ546,AWQ546,Indonesia AirAsia,Perth,PER,YPPH,21:55,13:55,22:06,11min late,01:45,5min late,3h 39m,Landed
2025-06-14,OD157,MXD157,Malindo Air,Brisbane,BNE,YBBN,22:00,14:00,22:50,50min late,05:48,1min early,4h 57m,Landed
2025-06-14,JQ60,JST060,Jetstar Airways,Brisbane,BNE,YBBN,22:10,14:10,22:28,18min late,05:18,21min early,4h 50m,Landed
2025-06-14,QF44,QFA044,Qantas,Sydney,SYD,YSSY,22:10,14:10,22:42,32min late,06:03,1min early,5h 21m,Landed
2025-06-14,OD171,MXD171,Malindo Air,Sydney,SYD,YSSY,22:15,14:15,18:51,23min early,06:11,6min late,9h 19m,Landed
2025-06-14,QG9695,CTV9695,Citilink,Surabaya,SUB,WARR,22:20,14:20,23:29,9min late,23:14,49min late,44m,Landed
2025-06-14,JQ38,JST038,Jetstar Airways,Sydney,SYD,YSSY,22:35,14:35,22:53,18min late,06:05,24min early,5h 11m,Landed
2025-06-14,7C2712,JJA2712,Jeju Air,Seoul,ICN,RKSI,22:45,14:45,22:56,11min late,06:46,23min early,6h 49m,Landed
2025-06-14,QZ811,AWQ811,Indonesia AirAsia,Jakarta,CGK,WIII,22:50,14:50,23:36,46min late,00:03,23min late,1h 27m,Landed
2025-06-14,QF46,QFA046,Qantas,Melbourne,MEL,YMML,23:05,15:05,23:29,24min late,06:23,16min early,4h 53m,Landed
2025-06-14,JT3020,,Lion Air,Seoul,ICN,RKSI,23:05,15:05,,,,,7h 5m,
2025-06-14,3K240,,Jetstar Asia,Singapore,SIN,WSSS,23:25,15:25,,,,,2h 45m,Cancelled
2025-06-14,JQ36,JST036,Jetstar Airways,Melbourne,MEL,YMML,23:30,15:30,23:30,on time,07:28,23min late,5h 58m,Landed
2025-06-14,VA68,VOZ068,Virgin Australia,Sydney,SYD,YSSY,23:35,15:35,23:52,17min late,07:04,40min early,5h 12m,Landed
2025-06-14,KE634,KAL634,Korean Air Lines,Seoul,ICN,RKSI,23:45,15:45,23:37,7min early,07:27,27min early,6h 49m,Landed
2025-06-14,JQ128,JST128,Jetstar Airways,Adelaide,ADL,YPAD,23:55,15:55,00:05,10min late,06:11,3min early,4h 36m,Landed
2025-06-15,BX602,ABL602,Air Busan,Busan,PUS,RKPK,00:05,16:05,00:47,42min late,07:56,13min early,6h 9m,Landed
2025-06-15,GA880,GIA880,Garuda Indonesia,Tokyo,NRT,RJAA,00:20,16:20,00:42,22min late,08:39,10min early,6h 57m,Landed
2025-06-15,MF892,CXA892,Xiamen Airlines,Xiamen,XMN,ZSAM,00:30,16:30,00:25,5min early,05:53,11min early,5h 28m,Landed
2025-06-15,CZ626,CSN626,China Southern Airlines,Guangzhou,CAN,ZGGG,00:30,16:30,01:50,20min late,06:30,40min late,4h 39m,Landed
2025-06-15,QR961,QTR961,Qatar Airways,Doha,DOH,OTHH,00:35,16:35,00:43,8min late,04:37,17min early,8h 53m,Landed
2025-06-15,EK399,UAE399,Emirates,Dubai,DXB,OMDB,00:35,16:35,01:09,34min late,05:44,9min late,8h 34m,Landed
2025-06-15,KE630,KAL630,Korean Air Lines,Seoul,ICN,RKSI,00:50,16:50,01:19,29min late,09:01,18min early,6h 42m,Landed
2025-06-15,PR538,PAL538,Philippine Airlines,Manila,MNL,RPLL,00:55,16:55,01:06,11min late,04:53,3min late,3h 47m,Landed
2025-06-15,MU5030,CES5030,China Eastern Airlines,Shanghai,PVG,ZSPD,00:55,16:55,01:00,5min late,07:02,57min early,6h 2m,Landed
2025-06-15,QZ548,AWQ548,Indonesia AirAsia,Perth,PER,YPPH,01:05,17:05,00:27,37min early,03:58,56min early,3h 30m,Landed
2025-06-15,QZ300,AWQ300,Indonesia AirAsia,Hong Kong,HKG,VHHH,01:10,17:10,01:02,7min early,05:56,3min early,4h 54m,Landed
2025-06-15,GA870,GIA870,Garuda Indonesia,Seoul,ICN,RKSI,01:15,17:15,01:37,22min late,09:08,6min early,6h 30m,Landed
2025-06-15,GA686,GIA686,Garuda Indonesia,Sorong,SOQ,WASS,01:40,17:40,01:48,8min late,05:33,11min early,2h 44m,Landed
2025-06-15,8B5888,,Business Air,Manado,MDC,WAMM,01:50,17:50,,,,,2h 35m,
2025-06-15,JT856,,Lion Air,Surabaya,SUB,WARR,07:00,23:00,09:16,16min late,07:01,,1h 1m,Landed
2025-06-15,JT3569,LNI3569,Lion Air,Yogyakarta,YIA,WAHI,07:00,23:00,07:02,2min late,07:08,21min early,1h 6m,Landed
2025-06-15,JQ82,JST082,Jetstar Airways,Darwin,DRW,YPDN,07:00,23:00,07:11,11min late,08:41,33min early,0m,Landed
2025-06-15,JT944,,Lion Air,Makassar,UPG,WAAA,07:00,23:00,,,,,1h 20m,
2025-06-15,JT929,LNI929,Lion Air,Surabaya,SUB,WARR,07:00,23:00,07:14,14min late,06:56,3min early,41m,Landed
2025-06-15,JT746,LNI746,Lion Air,Makassar,UPG,WAAA,07:00,23:00,07:18,18min late,08:18,1min early,59m,Landed
2025-06-15,QG690,CTV690,Citilink,Surabaya,SUB,WARR,07:05,23:05,07:03,1min early,06:55,9min early,52m,Landed
2025-06-15,QZ534,AWQ534,Indonesia AirAsia,Perth,PER,YPPH,07:05,23:05,07:29,24min late,07:29,30min early,0m,Landed
2025-06-15,QZ644,AWQ644,Indonesia AirAsia,Labuan Bajo,LBJ,WATO,07:10,23:10,07:23,13min late,07:24,50min early,0m,Landed
2025-06-15,QZ502,AWQ502,Indonesia AirAsia,Singapore,SIN,WSSS,07:10,23:10,07:18,8min late,09:35,14min early,2h 16m,Landed
2025-06-15,SQ949,SIA949,Singapore Airlines,Singapore,SIN,WSSS,07:10,23:10,07:31,21min late,09:42,17min early,2h 10m,Landed
2025-06-15,QZ813,AWQ813,Indonesia AirAsia,Jakarta,CGK,WIII,07:15,23:15,07:29,14min late,07:53,16min early,1h 23m,Landed
2025-06-15,QG663,CTV663,Citilink,Jakarta,CGK,WIII,07:30,23:30,08:07,37min late,08:49,24min late,1h 41m,Landed
2025-06-15,IW1854,WON1854,Wings Air,Lombok,LOP,WADL,08:00,00:00,08:15,15min late,08:37,7min early,22m,Landed
2025-06-15,IU731,SJV731,SW Italia,Jakarta,CGK,WIII,08:05,00:05,08:23,18min late,08:53,6min early,1h 30m,Landed
2025-06-15,HX706,CRK706,Hong Kong Airlines,Hong Kong,HKG,VHHH,08:15,00:15,08:29,14min late,13:03,16min early,4h 34m,Landed
2025-06-15,IW1850,WON1850,Wings Air,Lombok,LOP,WADL,08:35,00:35,08:41,6min late,09:06,13min early,25m,Landed
2025-06-15,5J280,CEB280,CEBU Pacific Air,Manila,MNL,RPLL,08:35,00:35,08:44,9min late,12:38,11min early,3h 53m,Landed
2025-06-15,IU703,SJV703,SW Italia,Surabaya,SUB,WARR,08:40,00:40,18:09,29min late,18:00,20min late,50m,Landed
2025-06-15,CZ8482,CSN8482,China Southern Airlines,Guangzhou,CAN,ZGGG,08:40,00:40,08:56,16min late,13:40,9min early,4h 43m,Landed
2025-06-15,QZ504,AWQ504,Indonesia AirAsia,Singapore,SIN,WSSS,09:00,01:00,08:54,5min early,11:20,24min early,2h 25m,Landed
2025-06-15,IU751,,SW Italia,Jakarta,CGK,WIII,09:05,01:05,,,,,1h 55m,
2025-06-15,8B80,TNU080,Business Air,Perth,PER,YPPH,09:05,01:05,02:20,44min early,13:04,9min late,10h 43m,Landed
2025-06-15,IW1832,WON1832,Wings Air,Tambolaka,TMC,WADT,09:10,01:10,09:34,24min late,10:39,4min late,1h 5m,Landed
2025-06-15,8B5105,TNU5105,Business Air,Jakarta,CGK,WIII,09:10,01:10,09:09,on time,09:38,21min early,1h 28m,Landed
2025-06-15,IN640,LKN640,Nam Air,Tambolaka,TMC,WADT,09:10,01:10,09:14,4min late,09:57,12min early,43m,Landed
2025-06-15,IW1856,WON1856,Wings Air,Lombok,LOP,WADL,09:10,01:10,09:45,35min late,10:08,13min late,22m,Landed
2025-06-15,ID6007,BTK6007,Batik Air,Perth,PER,YPPH,09:25,01:25,11:55,30min late,11:55,19min early,0m,Landed
2025-06-15,QG500,CTV500,Citilink,Dili,DIL,WPDL,09:30,01:30,09:22,7min early,12:14,5min early,1h 52m,Landed
2025-06-15,QZ803,AWQ803,Indonesia AirAsia,Jakarta,CGK,WIII,09:40,01:40,09:44,4min late,10:12,17min early,1h 28m,Landed
2025-06-15,QR965,QTR965,Qatar Airways,Doha,DOH,OTHH,09:55,01:55,10:19,24min late,14:13,6min early,8h 53m,Landed
2025-06-15,IW1882,WON1882,Wings Air,Sumbawa Besar,SWQ,WADS,10:00,02:00,11:08,8min late,11:51,51min late,43m,Landed
2025-06-15,IU757,SJV757,SW Italia,Jakarta,CGK,WIII,10:00,02:00,10:38,38min late,11:04,9min late,1h 25m,Landed
2025-06-15,JT270,LNI270,Lion Air,Kupang,KOE,WATT,10:00,02:00,11:28,28min late,12:48,8min late,1h 20m,Landed
2025-06-15,SU297,AFL297,Aeroflot,Moscow,SVO,UUEE,10:05,02:05,11:14,9min late,18:19,10min early,12h 4m,Landed
2025-06-15,SQ935,SIA935,Singapore Airlines,Singapore,SIN,WSSS,10:05,02:05,10:08,3min late,12:30,14min early,2h 22m,Landed
2025-06-15,8B5101,TNU5101,Business Air,Jakarta,CGK,WIII,10:25,02:25,11:24,59min late,12:03,48min late,1h 38m,Landed
2025-06-15,JT23,LNI023,Lion Air,Jakarta,CGK,WIII,10:35,02:35,13:25,50min late,14:02,32min late,1h 36m,Landed
2025-06-15,QZ815,AWQ815,Indonesia AirAsia,Jakarta,CGK,WIII,10:35,02:35,10:51,16min late,11:22,7min early,1h 31m,Landed
2025-06-15,AI2146,AIC2146,Air India,Delhi,DEL,VIDP,10:35,02:35,10:41,6min late,15:30,19min early,7h 19m,Landed
2025-06-15,TR281,TGW281,Scoot,Singapore,SIN,WSSS,10:50,02:50,11:10,20min late,13:20,10min early,2h 9m,Landed
2025-06-15,JT927,LNI927,Lion Air,Surakarta,SOC,WAHQ,10:55,02:55,11:18,23min late,11:15,on time,56m,Landed
2025-06-15,3K244,JSA244,Jetstar Asia,Singapore,SIN,WSSS,10:55,02:55,10:54,on time,13:20,19min early,2h 25m,Landed
2025-06-15,IU741,,SW Italia,Jakarta,CGK,WIII,11:05,03:05,,,,,1h 55m,
2025-06-15,JT805,LNI805,Lion Air,Surabaya,SUB,WARR,11:05,03:05,14:03,58min late,13:51,46min late,48m,Landed
2025-06-15,JT924,LNI924,Lion Air,Kupang,KOE,WATT,11:05,03:05,11:43,38min late,13:10,25min late,1h 27m,Landed
2025-06-15,JQ126,JST126,Jetstar Airways,Adelaide,ADL,YPAD,11:15,03:15,11:48,33min late,17:29,on time,4h 10m,Landed
2025-06-15,6E1606,IGO1606,IndiGo,Bangalore,BLR,VOBL,11:20,03:20,12:10,50min late,15:40,30min late,5h 59m,Landed
2025-06-15,GA427,GIA427,Garuda Indonesia,Jakarta,CGK,WIII,11:25,03:25,11:39,14min late,12:23,1min early,1h 44m,Landed
2025-06-15,JQ109,JST109,Jetstar Airways,Perth,PER,YPPH,11:40,03:40,11:51,11min late,15:25,on time,3h 33m,Landed
2025-06-15,JQ32,JST032,Jetstar Airways,Melbourne,MEL,YMML,11:55,03:55,12:17,22min late,19:17,12min early,5h 0m,Landed
2025-06-15,JQ40,JST040,Jetstar Airways,Sydney,SYD,YSSY,11:55,03:55,12:38,43min late,19:54,4min late,5h 16m,Landed
2025-06-15,OD192,MXD192,Malindo Air,Kuala Lumpur,KUL,WMKK,11:55,03:55,12:41,46min late,15:21,16min late,2h 39m,Landed
2025-06-15,JT569,LNI569,Lion Air,Yogyakarta,YIA,WAHI,11:55,03:55,12:03,8min late,12:08,16min early,1h 5m,Landed
2025-06-15,FD397,AIQ397,Thai AirAsia,Bangkok,DMK,VTBD,12:00,04:00,13:11,11min late,16:15,40min late,4h 3m,Landed
2025-06-15,GA407,GIA407,Garuda Indonesia,Jakarta,CGK,WIII,12:00,04:00,12:18,18min late,12:53,1min early,1h 34m,Landed
2025-06-15,QZ618,AWQ618,Indonesia AirAsia,Banjarmasin,BDJ,WAOO,12:05,04:05,12:03,1min early,13:16,13min early,1h 12m,Landed
2025-06-15,GA253,GIA253,Garuda Indonesia,Yogyakarta,YIA,WAHI,12:05,04:05,12:31,26min late,12:50,4min early,1h 19m,Landed
2025-06-15,GA620,GIA620,Garuda Indonesia,Makassar,UPG,WAAA,12:10,04:10,13:06,56min late,13:40,,1h 30m,Landed
2025-06-15,SQ937,SIA937,Singapore Airlines,Singapore,SIN,WSSS,12:10,04:10,12:17,7min late,14:38,17min early,2h 20m,Landed
2025-06-15,IU705,SJV705,SW Italia,Surabaya,SUB,WARR,12:15,04:15,11:24,50min early,11:08,6min early,43m,Landed
2025-06-15,OD178,MXD178,Malindo Air,Kuala Lumpur,KUL,WMKK,12:25,04:25,13:16,51min late,15:50,15min late,2h 33m,Landed
2025-06-15,D7795,XAX795,AirAsia X,Kuala Lumpur,KUL,WMKK,12:30,04:30,12:53,23min late,15:34,10min early,2h 41m,Landed
2025-06-15,QZ805,AWQ805,Indonesia AirAsia,Jakarta,CGK,WIII,12:40,04:40,12:46,6min late,13:29,10min early,1h 43m,Landed
2025-06-15,QG9693,CTV9693,Citilink,Surabaya,SUB,WARR,12:40,04:40,13:35,55min late,13:40,50min late,1h 5m,Landed
2025-06-15,OD158,MXD158,Malindo Air,Kuala Lumpur,KUL,WMKK,12:45,04:45,13:39,54min late,16:19,24min late,2h 39m,Landed
2025-06-15,IW1848,WON1848,Wings Air,Lombok,LOP,WADL,12:45,04:45,12:56,11min late,13:22,7min early,26m,Landed
2025-06-15,ID7308,BTK7308,Batik Air,Jakarta,HLP,WIHH,12:50,04:50,13:23,33min late,13:53,18min late,1h 30m,Landed
2025-06-15,MH714,MAS714,Malaysia Airlines,Kuala Lumpur,KUL,WMKK,12:55,04:55,14:23,28min late,17:09,9min late,2h 45m,Landed
2025-06-15,IP103,PAS103,Pelita Air Service,Jakarta,CGK,WIII,12:55,04:55,13:12,17min late,13:39,5min early,1h 27m,Landed
2025-06-15,SQ939,SIA939,Singapore Airlines,Singapore,SIN,WSSS,13:05,05:05,13:33,28min late,15:39,10min early,2h 5m,Landed
2025-06-15,VJ900,VJC900,VietJet Air,Hanoi,HAN,VVNB,13:10,05:10,13:26,16min late,17:14,5min early,4h 48m,Landed
2025-06-15,JQ58,JST058,Jetstar Airways,Brisbane,BNE,YBBN,13:15,05:15,13:36,21min late,20:18,26min early,4h 42m,Landed
2025-06-15,IU753,SJV753,SW Italia,Jakarta,CGK,WIII,13:15,05:15,14:38,23min late,15:10,0min late,1h 32m,Landed
2025-06-15,OD172,MXD172,Malindo Air,Kuala Lumpur,KUL,WMKK,13:15,05:15,14:38,23min late,17:19,54min late,2h 41m,Landed
2025-06-15,IW1834,WON1834,Wings Air,Tambolaka,TMC,WADT,13:20,05:20,14:03,43min late,15:09,24min late,1h 5m,Landed
2025-06-15,JT660,LNI660,Lion Air,Balikpapan,BPN,WALL,13:25,05:25,21:42,17min late,23:00,50min late,1h 18m,Landed
2025-06-15,8G182,DTL182,Mid Africa Aviation,Dili,DIL,WPDL,13:25,05:25,13:45,20min late,16:19,on time,1h 33m,Landed
2025-06-15,D7799,XAX799,AirAsia X,Kuala Lumpur,KUL,WMKK,13:35,05:35,13:17,17min early,16:16,33min early,2h 59m,Landed
2025-06-15,IW1826,WON1826,Wings Air,Bima,BMU,WADB,13:40,05:40,14:42,2min late,15:48,43min late,1h 6m,Landed
2025-06-15,QZ506,AWQ506,Indonesia AirAsia,Singapore,SIN,WSSS,13:45,05:45,14:33,48min late,14:34,5min early,0m,Landed
2025-06-15,GA409,GIA409,Garuda Indonesia,Jakarta,CGK,WIII,13:45,05:45,14:44,59min late,15:19,34min late,1h 34m,Landed
2025-06-15,ID7135,BTK7135,Batik Air,Singapore,SIN,WSSS,13:45,05:45,14:46,1min late,17:19,39min late,2h 32m,Landed
2025-06-15,8B5107,TNU5107,Business Air,Jakarta,CGK,WIII,13:50,05:50,14:20,30min late,14:49,9min late,1h 29m,Landed
2025-06-15,VJ848,VJC848,VietJet Air,Ho Chi Minh City,SGN,VVTS,14:00,06:00,14:09,9min late,16:21,28min early,3h 12m,Landed
2025-06-15,TR289,TGW289,Scoot,Singapore,SIN,WSSS,14:00,06:00,14:16,16min late,16:33,27min early,2h 16m,Landed
2025-06-15,VJ894,VJC894,VietJet Air,Ho Chi Minh City,SGN,VVTS,14:05,06:05,14:27,22min late,16:44,10min early,3h 17m,Landed
2025-06-15,ID7637,BTK7637,Batik Air,Bangkok,DMK,VTBD,14:15,06:15,15:06,51min late,18:05,20min late,3h 58m,Landed
2025-06-15,QG699,CTV699,Citilink,Surabaya,SUB,WARR,14:20,06:20,17:35,15min late,17:32,7min late,57m,Landed
2025-06-15,JT844,LNI844,Lion Air,Banjarmasin,BDJ,WAOO,14:35,06:35,15:47,12min late,16:49,49min late,1h 2m,Landed
2025-06-15,IW1884,WON1884,Wings Air,Waingapu,WGP,WADW,14:40,06:40,15:00,20min late,16:26,3min early,1h 26m,Landed
2025-06-15,JT919,LNI919,Lion Air,Surabaya,SUB,WARR,14:40,06:40,21:18,38min late,21:08,28min late,49m,Landed
2025-06-15,QG681,CTV681,Citilink,Jakarta,CGK,WIII,14:40,06:40,14:59,19min late,15:42,7min early,1h 43m,Landed
2025-06-15,AK377,AXM377,AirAsia,Kuala Lumpur,KUL,WMKK,14:45,06:45,14:47,2min late,17:45,9min early,2h 57m,Landed
2025-06-15,OD307,MXD307,Malindo Air,Kuala Lumpur,KUL,WMKK,14:50,06:50,15:22,32min late,18:07,17min late,2h 44m,Landed
2025-06-15,3K242,JSA242,Jetstar Asia,Singapore,SIN,WSSS,14:50,06:50,16:57,7min late,19:27,37min late,2h 29m,Landed
2025-06-15,JQ44,JST044,Jetstar Airways,Melbourne,MEL,YMML,14:55,06:55,15:15,20min late,22:00,29min early,4h 45m,Landed
2025-06-15,JT271,LNI271,Lion Air,Semarang,SRG,WIIS,15:05,07:05,17:39,34min late,17:41,11min late,1h 2m,Landed
2025-06-15,8B5103,,Business Air,Jakarta,CGK,WIII,15:10,07:10,,,,,1h 45m,
2025-06-15,GA842,GIA842,Garuda Indonesia,Singapore,SIN,WSSS,15:15,07:15,15:17,2min late,18:03,3min late,2h 46m,Landed
2025-06-15,IU759,,SW Italia,Jakarta,CGK,WIII,15:15,07:15,,,,,1h 55m,
2025-06-15,VA50,VOZ050,Virgin Australia,Brisbane,BNE,YBBN,15:15,07:15,15:25,10min late,22:31,28min early,5h 6m,Landed
2025-06-15,QG195,CTV195,Citilink,Jakarta,HLP,WIHH,15:25,07:25,18:07,42min late,18:55,40min late,1h 47m,Landed
2025-06-15,GA7036,GIA7036,Garuda Indonesia,Labuan Bajo,LBJ,WATO,15:25,07:25,16:52,27min late,17:44,9min late,51m,Landed
2025-06-15,JT740,LNI740,Lion Air,Makassar,UPG,WAAA,15:25,07:25,15:34,9min late,16:30,14min early,56m,Landed
2025-06-15,VJ898,VJC898,VietJet Air,Ho Chi Minh City,SGN,VVTS,15:30,07:30,16:23,53min late,18:37,17min late,3h 14m,Landed
2025-06-15,ID6335,BTK6335,Batik Air,Labuan Bajo,LBJ,WATO,15:35,07:35,16:42,7min late,17:32,47min late,50m,Landed
2025-06-15,CI772,CAL772,China Airlines,Taipei,TPE,RCTP,15:40,07:40,15:39,on time,20:54,10min early,5h 15m,Landed
2025-06-15,JT961,LNI961,Lion Air,Medan,KNO,WIMM,15:40,07:40,16:04,24min late,18:14,on time,3h 10m,Landed
2025-06-15,IP109,PAS109,Pelita Air Service,Jakarta,CGK,WIII,15:45,07:45,15:55,10min late,16:36,1min late,1h 41m,Landed
2025-06-15,QZ646,AWQ646,Indonesia AirAsia,Labuan Bajo,LBJ,WATO,15:45,07:45,16:09,24min late,17:02,2min late,53m,Landed
2025-06-15,JT21,,Lion Air,Jakarta,CGK,WIII,15:45,07:45,15:46,1min late,16:16,23min early,1h 30m,Landed
2025-06-15,VA92,VOZ092,Virgin Australia,Melbourne,MEL,YMML,15:50,07:50,15:50,on time,22:58,26min early,5h 8m,Landed
2025-06-15,JQ43,JST043,Jetstar Airways,Singapore,SIN,WSSS,15:50,07:50,16:27,37min late,18:44,14min late,2h 17m,Landed
2025-06-15,VN640,HVN640,Vietnam Airlines,Ho Chi Minh City,SGN,VVTS,16:00,08:00,16:41,41min late,19:02,22min late,3h 21m,Landed
2025-06-15,GA411,GIA411,Garuda Indonesia,Jakarta,CGK,WIII,16:00,08:00,16:47,47min late,17:11,6min late,1h 24m,Landed
2025-06-15,IU743,SJV743,SW Italia,Jakarta,CGK,WIII,16:10,08:10,19:03,53min late,19:33,28min late,1h 30m,Landed
2025-06-15,QG669,CTV669,Citilink,Surabaya,SUB,WARR,16:10,08:10,17:34,24min late,17:28,8min late,54m,Landed
2025-06-15,CX784,CPA784,Cathay Pacific,Hong Kong,HKG,VHHH,16:10,08:10,17:52,42min late,20:55,29min early,3h 3m,Landed
2025-06-15,QZ807,AWQ807,Indonesia AirAsia,Jakarta,CGK,WIII,16:10,08:10,16:29,19min late,17:09,5min early,1h 39m,Landed
2025-06-15,QZ536,AWQ536,Indonesia AirAsia,Perth,PER,YPPH,16:15,08:15,16:46,31min late,20:18,8min late,3h 32m,Landed
2025-06-15,JT925,LNI925,Lion Air,Surakarta,SOC,WAHQ,16:25,08:25,17:27,2min late,17:25,40min late,58m,Landed
2025-06-15,MH850,MAS850,Malaysia Airlines,Kuala Lumpur,KUL,WMKK,16:25,08:25,16:49,24min late,19:39,4min late,2h 49m,Landed
2025-06-15,BR256,EVA256,EVA Airways,Taipei,TPE,RCTP,16:30,08:30,16:59,29min late,22:19,19min late,5h 20m,Landed
2025-06-15,QZ246,AWQ246,Indonesia AirAsia,Phuket,HKT,VTSP,16:40,08:40,16:56,16min late,19:25,14min early,3h 29m,Landed
2025-06-15,JT744,,Lion Air,Makassar,UPG,WAAA,16:40,08:40,,,,,1h 20m,
2025-06-15,QZ642,AWQ642,Indonesia AirAsia,Labuan Bajo,LBJ,WATO,16:45,08:45,16:59,14min late,17:45,14min early,46m,Landed
2025-06-15,HO1356,DKH1356,Juneyao Airlines,Shanghai,PVG,ZSPD,16:50,08:50,16:48,1min early,22:49,50min early,6h 0m,Landed
2025-06-15,JT567,LNI567,Lion Air,Yogyakarta,YIA,WAHI,16:50,08:50,17:20,30min late,17:26,6min late,1h 6m,Landed
2025-06-15,IU273,SJV273,SW Italia,Pontianak,PNK,WIOO,16:50,08:50,17:21,31min late,18:05,15min late,1h 43m,Landed
2025-06-15,TG432,THA432,Thai Airways International,Bangkok,BKK,VTBS,16:55,08:55,16:49,5min early,19:30,34min early,3h 40m,Landed
2025-06-15,QZ556,AWQ556,Indonesia AirAsia,Kuala Lumpur,KUL,WMKK,16:55,08:55,18:45,50min late,18:45,24min early,0m,Landed
2025-06-15,JT923,,Lion Air,Surabaya,SUB,WARR,17:05,09:05,,,,,1h 0m,Cancelled
2025-06-15,GA419,GIA419,Garuda Indonesia,Jakarta,CGK,WIII,17:25,09:25,18:06,41min late,18:38,13min late,1h 31m,Landed
2025-06-15,IU723,,SW Italia,Surabaya,SUB,WARR,17:30,09:30,,,,,1h 0m,
2025-06-15,VJ998,VJC998,VietJet Air,Hanoi,HAN,VVNB,17:30,09:30,20:08,38min late,22:11,26min late,3h 2m,Landed
2025-06-15,GA349,GIA349,Garuda Indonesia,Surabaya,SUB,WARR,17:35,09:35,17:54,19min late,17:40,4min early,46m,Landed
2025-06-15,D7793,XAX793,AirAsia X,Kuala Lumpur,KUL,WMKK,17:40,09:40,18:15,35min late,20:52,2min early,2h 37m,Landed
2025-06-15,NZ291,ANZ291,Air New Zealand,Auckland,AKL,NZAA,17:50,09:50,18:03,13min late,05:00,29min early,6h 57m,Landed
2025-06-15,OD193,MXD193,Malindo Air,Perth,PER,YPPH,18:10,10:10,19:02,52min late,22:34,49min late,3h 32m,Landed
2025-06-15,SL259,TLM259,Thai Lion Air,Bangkok,DMK,VTBD,18:20,10:20,18:51,31min late,21:31,8min early,3h 39m,Landed
2025-06-15,IU737,SJV737,SW Italia,Jakarta,CGK,WIII,18:30,10:30,20:12,42min late,20:35,10min late,1h 23m,Landed
2025-06-15,IN281,LKN281,Nam Air,Jakarta,CGK,WIII,18:30,10:30,19:20,50min late,19:51,41min late,1h 31m,Landed
2025-06-15,CX782,CPA782,Cathay Pacific,Hong Kong,HKG,VHHH,18:45,10:45,18:35,10min early,23:27,37min early,4h 52m,Landed
2025-06-15,GA417,GIA417,Garuda Indonesia,Jakarta,CGK,WIII,18:45,10:45,19:10,25min late,19:53,8min late,1h 42m,Landed
2025-06-15,EY477,ETD477,Etihad Airways,Abu Dhabi,AUH,OMAA,18:45,10:45,19:31,46min late,00:00,30min late,8h 29m,Landed
2025-06-15,8B5109,TNU5109,Business Air,Jakarta,CGK,WIII,18:45,10:45,19:17,32min late,19:55,25min late,1h 38m,Landed
2025-06-15,QZ809,AWQ809,Indonesia AirAsia,Jakarta,CGK,WIII,18:50,10:50,19:06,16min late,19:49,4min late,1h 43m,Landed
2025-06-15,QG689,CTV689,Citilink,Jakarta,CGK,WIII,19:00,11:00,19:49,49min late,20:39,39min late,1h 49m,Landed
2025-06-15,TG440,THA440,Thai Airways International,Bangkok,BKK,VTBS,19:00,11:00,19:26,26min late,22:12,2min late,3h 45m,Landed
2025-06-15,3K246,JSA246,Jetstar Asia,Singapore,SIN,WSSS,19:15,11:15,20:06,51min late,22:22,22min late,2h 15m,Landed
2025-06-15,AK379,AXM379,AirAsia,Kuala Lumpur,KUL,WMKK,19:15,11:15,19:29,14min late,22:31,11min late,3h 2m,Landed
2025-06-15,QR963,QTR963,Qatar Airways,Doha,DOH,OTHH,19:20,11:20,19:17,3min early,23:32,7min early,9h 15m,Landed
2025-06-15,MH852,MAS852,Malaysia Airlines,Kuala Lumpur,KUL,WMKK,19:20,11:20,19:52,32min late,22:32,12min late,2h 40m,Landed
2025-06-15,ID7310,BTK7310,Batik Air,Jakarta,HLP,WIHH,19:25,11:25,20:42,17min late,21:02,52min late,1h 20m,Landed
2025-06-15,IU755,SJV755,SW Italia,Jakarta,CGK,WIII,19:25,11:25,22:34,9min late,23:01,41min late,1h 27m,Landed
2025-06-15,TR287,TGW287,Scoot,Singapore,SIN,WSSS,19:40,11:40,20:15,35min late,22:38,23min late,2h 22m,Landed
2025-06-15,EK369,UAE369,Emirates,Dubai,DXB,OMDB,19:45,11:45,21:34,49min late,01:57,7min late,8h 23m,Landed
2025-06-15,ID6413,BTK6413,Batik Air,Surabaya,SUB,WARR,19:50,11:50,21:13,23min late,20:55,5min late,41m,Landed
2025-06-15,GA415,GIA415,Garuda Indonesia,Jakarta,CGK,WIII,20:00,12:00,20:32,32min late,21:06,6min late,1h 34m,Landed
2025-06-15,SQ945,SIA945,Singapore Airlines,Singapore,SIN,WSSS,20:00,12:00,20:23,23min late,22:30,10min early,2h 6m,Landed
2025-06-15,ID8517,BTK8517,Batik Air,Jakarta,CGK,WIII,20:00,12:00,20:54,54min late,21:24,29min late,1h 30m,Landed
2025-06-15,8B969,TNU969,Business Air,Guangzhou,CAN,ZGGG,20:15,12:15,19:48,26min early,00:33,26min early,4h 45m,Landed
2025-06-15,QG342,CTV342,Citilink,Makassar,UPG,WAAA,20:20,12:20,23:29,9min late,00:47,52min late,1h 18m,Landed
2025-06-15,IU749,,SW Italia,Jakarta,CGK,WIII,20:25,12:25,,,,,1h 55m,
2025-06-15,KL836,KLM836,KLM Royal Dutch Airlines,Singapore,SIN,WSSS,20:35,12:35,21:25,50min late,23:36,26min late,2h 10m,Landed
2025-06-15,IU727,SJV727,SW Italia,Surabaya,SUB,WARR,20:55,12:55,22:00,5min late,21:43,48min late,42m,Landed
2025-06-15,JT25,LNI025,Lion Air,Jakarta,CGK,WIII,21:00,13:00,22:41,41min late,23:11,16min late,1h 29m,Landed
2025-06-15,OD177,MXD177,Malindo Air,Melbourne,MEL,YMML,21:00,13:00,21:18,18min late,04:31,8min early,5h 13m,Landed
2025-06-15,GA425,GIA425,Garuda Indonesia,Jakarta,CGK,WIII,21:05,13:05,21:58,53min late,22:35,35min late,1h 37m,Landed
2025-06-15,TK67,THY067,Turkish Airlines,Istanbul,IST,LTFM,21:20,13:20,21:02,17min early,04:42,32min early,12h 39m,Landed
2025-06-15,JQ34,JST034,Jetstar Airways,Melbourne,MEL,YMML,21:20,13:20,21:43,23min late,04:34,20min early,4h 51m,Landed
2025-06-15,IP105,PAS105,Pelita Air Service,Jakarta,CGK,WIII,21:25,13:25,21:48,23min late,22:30,20min late,1h 42m,Landed
2025-06-15,AK375,AXM375,AirAsia,Kuala Lumpur,KUL,WMKK,21:25,13:25,21:55,30min late,00:38,8min late,2h 42m,Landed
2025-06-15,IU745,,SW Italia,Jakarta,CGK,WIII,21:30,13:30,,,,,1h 55m,
2025-06-15,ID6760,BTK6760,Batik Air,Makassar,UPG,WAAA,21:30,13:30,21:45,15min late,22:45,4min early,59m,Landed
2025-06-15,JQ117,JST117,Jetstar Airways,Perth,PER,YPPH,21:30,13:30,21:50,20min late,01:09,10min early,3h 19m,Landed
2025-06-15,QZ819,AWQ819,Indonesia AirAsia,Jakarta,CGK,WIII,21:40,13:40,22:09,29min late,22:37,7min late,1h 27m,Landed
2025-06-15,SQ947,SIA947,Singapore Airlines,Singapore,SIN,WSSS,21:45,13:45,22:48,3min late,00:51,31min late,2h 2m,Landed
2025-06-15,QZ546,AWQ546,Indonesia AirAsia,Perth,PER,YPPH,21:55,13:55,22:23,28min late,01:54,14min late,3h 30m,Landed
2025-06-15,OD157,MXD157,Malindo Air,Brisbane,BNE,YBBN,22:00,14:00,00:02,2min late,06:44,54min late,4h 41m,Landed
2025-06-15,GA718,GIA718,Garuda Indonesia,Melbourne,MEL,YMML,22:05,14:05,22:16,11min late,00:17,12min early,0m,Landed
2025-06-15,QG9695,CTV9695,Citilink,Surabaya,SUB,WARR,22:10,14:10,23:28,18min late,23:22,7min late,54m,Landed
2025-06-15,QF44,QFA044,Qantas,Sydney,SYD,YSSY,22:10,14:10,23:05,55min late,06:18,13min late,5h 13m,Landed
2025-06-15,OD171,MXD171,Malindo Air,Sydney,SYD,YSSY,22:15,14:15,22:52,37min late,06:26,21min late,5h 34m,Landed
2025-06-15,JQ38,JST038,Jetstar Airways,Sydney,SYD,YSSY,22:35,14:35,23:27,52min late,06:20,9min early,4h 52m,Landed
2025-06-15,7C2712,JJA2712,Jeju Air,Seoul,ICN,RKSI,22:45,14:45,23:11,26min late,07:02,7min early,6h 51m,Landed
2025-06-15,QZ811,AWQ811,Indonesia AirAsia,Jakarta,CGK,WIII,22:50,14:50,22:52,2min late,23:35,4min early,1h 43m,Landed
2025-06-15,QF46,QFA046,Qantas,Melbourne,MEL,YMML,23:05,15:05,23:13,8min late,06:28,11min early,5h 15m,Landed
2025-06-15,JT3020,,Lion Air,Seoul,ICN,RKSI,23:05,15:05,,,,,7h 5m,
2025-06-15,VA96,VOZ096,Virgin Australia,Melbourne,MEL,YMML,23:05,15:05,23:01,4min early,05:58,41min early,4h 57m,Landed
2025-06-15,VA82,VOZ082,Virgin Australia,Gold Coast,OOL,YBCG,23:20,15:20,23:48,28min late,06:50,4min early,5h 2m,Landed
2025-06-15,3K240,JSA240,Jetstar Asia,Singapore,SIN,WSSS,23:25,15:25,23:37,12min late,02:16,6min late,2h 39m,Landed
2025-06-15,GA714,GIA714,Garuda Indonesia,Sydney,SYD,YSSY,23:25,15:25,21:00,24min early,08:20,10min late,9h 20m,Landed
2025-06-15,JQ36,JST036,Jetstar Airways,Melbourne,MEL,YMML,23:30,15:30,23:30,,07:16,11min late,5h 46m,Landed
2025-06-15,VA68,VOZ068,Virgin Australia,Sydney,SYD,YSSY,23:35,15:35,23:59,24min late,07:20,24min early,5h 21m,Landed
2025-06-15,QZ542,AWQ542,Indonesia AirAsia,Cairns,CNS,YBCS,23:45,15:45,00:06,21min late,06:13,21min early,4h 6m,Landed
2025-06-15,KE634,KAL634,Korean Air Lines,Seoul,ICN,RKSI,23:45,15:45,00:13,28min late,08:11,16min late,6h 58m,Landed
2025-06-15,JQ128,JST128,Jetstar Airways,Adelaide,ADL,YPAD,23:55,15:55,00:32,37min late,06:22,12min late,4h 20m,Landed
2025-06-16,BX602,ABL602,Air Busan,Busan,PUS,RKPK,00:05,16:05,00:31,26min late,07:46,23min early,6h 15m,Landed
2025-06-16,GA880,GIA880,Garuda Indonesia,Tokyo,NRT,RJAA,00:20,16:20,00:36,16min late,08:34,15min early,6h 58m,Landed
2025-06-16,MF892,CXA892,Xiamen Airlines,Xiamen,XMN,ZSAM,00:30,16:30,00:58,28min late,06:39,34min late,5h 41m,Landed
2025-06-16,CZ626,CSN626,China Southern Airlines,Guangzhou,CAN,ZGGG,00:30,16:30,01:03,33min late,06:26,36min late,5h 23m,Landed
2025-06-16,EK399,UAE399,Emirates,Dubai,DXB,OMDB,00:35,16:35,00:34,on time,04:59,35min early,8h 25m,Landed
2025-06-16,QR961,QTR961,Qatar Airways,Doha,DOH,OTHH,00:35,16:35,00:47,12min late,04:29,25min early,8h 42m,Landed
2025-06-16,KE630,KAL630,Korean Air Lines,Seoul,ICN,RKSI,00:50,16:50,04:19,29min late,08:43,36min early,3h 23m,Landed
2025-06-16,PR538,PAL538,Philippine Airlines,Manila,MNL,RPLL,00:55,16:55,00:46,9min early,04:38,11min early,3h 52m,Landed
2025-06-16,MU5030,CES5030,China Eastern Airlines,Shanghai,PVG,ZSPD,00:55,16:55,00:58,3min late,07:25,34min early,6h 27m,Landed
2025-06-16,SJ726,,Sriwijaya Air,Makassar,UPG,WAAA,01:00,17:00,,,,,1h 20m,
2025-06-16,5J282,CEB282,CEBU Pacific Air,Manila,MNL,RPLL,01:00,17:00,00:47,13min early,04:33,51min early,3h 46m,Landed
2025-06-16,QZ548,AWQ548,Indonesia AirAsia,Perth,PER,YPPH,01:05,17:05,00:27,37min early,03:58,56min early,3h 30m,Landed
2025-06-16,GA870,GIA870,Garuda Indonesia,Seoul,ICN,RKSI,01:15,17:15,01:37,22min late,09:08,6min early,6h 30m,Landed
2025-06-16,8B5888,TNU5888,Business Air,Manado,MDC,WAMM,01:50,17:50,01:45,5min early,03:59,25min early,2h 14m,Landed
2025-06-16,QZ550,AWQ550,Indonesia AirAsia,Kuala Lumpur,KUL,WMKK,07:00,23:00,07:20,20min late,09:59,on time,2h 38m,Landed
2025-06-16,JT3569,LNI3569,Lion Air,Yogyakarta,YIA,WAHI,07:00,23:00,07:09,9min late,07:19,10min early,1h 9m,Landed
2025-06-16,JQ82,JST082,Jetstar Airways,Darwin,DRW,YPDN,07:00,23:00,07:06,6min late,10:47,27min early,2h 11m,Landed
2025-06-16,JT944,,Lion Air,Makassar,UPG,WAAA,07:00,23:00,,,,,1h 20m,
2025-06-16,JT929,LNI929,Lion Air,Surabaya,SUB,WARR,07:00,23:00,07:00,on time,06:35,24min early,34m,Landed
2025-06-16,JT856,,Lion Air,Surabaya,SUB,WARR,07:00,23:00,09:10,10min late,07:01,,1h 1m,Landed
2025-06-16,GA401,GIA401,Garuda Indonesia,Jakarta,CGK,WIII,07:00,23:00,07:03,3min late,07:25,34min early,1h 21m,Landed
2025-06-16,JT746,LNI746,Lion Air,Makassar,UPG,WAAA,07:00,23:00,07:27,27min late,08:27,7min late,1h 0m,Landed
2025-06-16,QZ534,AWQ534,Indonesia AirAsia,Perth,PER,YPPH,07:05,23:05,07:36,31min late,11:29,29min late,3h 52m,Landed
2025-06-16,QG690,CTV690,Citilink,Surabaya,SUB,WARR,07:05,23:05,07:17,12min late,07:09,4min late,51m,Landed
2025-06-16,QZ644,AWQ644,Indonesia AirAsia,Labuan Bajo,LBJ,WATO,07:10,23:10,07:32,22min late,08:22,7min late,50m,Landed
2025-06-16,QZ502,AWQ502,Indonesia AirAsia,Singapore,SIN,WSSS,07:10,23:10,07:24,14min late,09:37,12min early,2h 12m,Landed
2025-06-16,SQ949,SIA949,Singapore Airlines,Singapore,SIN,WSSS,07:10,23:10,07:41,31min late,09:46,13min early,2h 5m,Landed
2025-06-16,QG663,CTV663,Citilink,Jakarta,CGK,WIII,07:50,23:50,08:45,55min late,09:26,41min late,1h 41m,Landed
2025-06-16,IW3330,WON3330,Wings Air,,,,08:00,00:00,08:04,4min late,10:35,4min early,2h 31m,Landed
2025-06-16,IW1854,WON1854,Wings Air,Lombok,LOP,WADL,08:00,00:00,07:53,6min early,08:15,29min early,22m,Landed
2025-06-16,IU731,SJV731,SW Italia,Jakarta,CGK,WIII,08:05,00:05,08:21,16min late,09:01,1min late,1h 40m,Landed
2025-06-16,HX706,CRK706,Hong Kong Airlines,Hong Kong,HKG,VHHH,08:15,00:15,08:38,23min late,13:25,5min late,4h 47m,Landed
2025-06-16,5J280,CEB280,CEBU Pacific Air,Manila,MNL,RPLL,08:35,00:35,08:57,22min late,12:40,9min early,3h 43m,Landed
2025-06-16,IW1850,WON1850,Wings Air,Lombok,LOP,WADL,08:35,00:35,09:26,51min late,09:53,33min late,26m,Landed
2025-06-16,IU703,SJV703,SW Italia,Surabaya,SUB,WARR,08:40,00:40,09:18,38min late,08:55,15min late,36m,Landed
2025-06-16,CZ8482,CSN8482,China Southern Airlines,Guangzhou,CAN,ZGGG,08:40,00:40,09:21,41min late,14:05,15min late,4h 44m,Landed
2025-06-16,QZ504,AWQ504,Indonesia AirAsia,Singapore,SIN,WSSS,09:00,01:00,09:13,13min late,11:30,14min early,2h 16m,Landed
2025-06-16,IU751,,SW Italia,Jakarta,CGK,WIII,09:05,01:05,,,,,1h 55m,Cancelled
2025-06-16,8B80,TNU080,Business Air,Perth,PER,YPPH,09:05,01:05,09:05,on time,12:43,11min early,3h 38m,Landed
2025-06-16,8B5105,TNU5105,Business Air,Jakarta,CGK,WIII,09:10,01:10,09:13,3min late,09:44,15min early,1h 30m,Landed
2025-06-16,IN640,LKN640,Nam Air,Tambolaka,TMC,WADT,09:10,01:10,09:25,15min late,10:08,1min early,43m,Landed
2025-06-16,IW1832,WON1832,Wings Air,Tambolaka,TMC,WADT,09:10,01:10,09:33,23min late,10:42,7min late,1h 9m,Landed
2025-06-16,ID6007,BTK6007,Batik Air,Perth,PER,YPPH,09:25,01:25,07:32,52min early,13:21,6min late,5h 48m,Landed
2025-06-16,QG500,CTV500,Citilink,Dili,DIL,WPDL,09:30,01:30,09:17,12min early,11:51,28min early,1h 33m,Landed
2025-06-16,QZ803,AWQ803,Indonesia AirAsia,Jakarta,CGK,WIII,09:40,01:40,09:33,6min early,10:09,20min early,1h 36m,Landed
2025-06-16,QR965,QTR965,Qatar Airways,Doha,DOH,OTHH,09:55,01:55,10:38,43min late,14:21,1min late,8h 43m,Landed
2025-06-16,IW1882,WON1882,Wings Air,Sumbawa Besar,SWQ,WADS,10:00,02:00,10:16,16min late,10:59,on time,42m,Landed
2025-06-16,JT273,LNI273,Lion Air,Semarang,SRG,WIIS,10:00,02:00,13:11,11min late,13:13,48min late,1h 2m,Landed
2025-06-16,IU757,,SW Italia,Jakarta,CGK,WIII,10:00,02:00,,,,,1h 55m,Cancelled
2025-06-16,SQ935,SIA935,Singapore Airlines,Singapore,SIN,WSSS,10:05,02:05,10:16,11min late,12:35,9min early,2h 18m,Landed
2025-06-16,8B5101,TNU5101,Business Air,Jakarta,CGK,WIII,10:25,02:25,12:31,6min late,13:04,49min late,1h 32m,Landed
2025-06-16,AI2146,AIC2146,Air India,Delhi,DEL,VIDP,10:35,02:35,10:36,1min late,15:28,21min early,7h 22m,Landed
2025-06-16,8G182,DTL182,Mid Africa Aviation,Dili,DIL,WPDL,10:35,02:35,11:20,45min late,13:57,27min late,1h 36m,Landed
2025-06-16,JT23,LNI023,Lion Air,Jakarta,CGK,WIII,10:35,02:35,13:42,7min late,14:20,50min late,1h 37m,Landed
2025-06-16,QZ815,AWQ815,Indonesia AirAsia,Jakarta,CGK,WIII,10:35,02:35,10:56,21min late,11:32,2min late,1h 35m,Landed
2025-06-16,TR281,TGW281,Scoot,Singapore,SIN,WSSS,10:50,02:50,15:01,11min late,17:27,57min late,2h 25m,Landed
2025-06-16,JT927,LNI927,Lion Air,Surakarta,SOC,WAHQ,10:55,02:55,11:07,12min late,11:12,2min early,1h 4m,Landed
2025-06-16,3K244,JSA244,Jetstar Asia,Singapore,SIN,WSSS,10:55,02:55,11:02,7min late,13:18,21min early,2h 16m,Landed
2025-06-16,IU741,SJV741,SW Italia,Jakarta,CGK,WIII,11:05,03:05,11:56,51min late,12:30,30min late,1h 34m,Landed
2025-06-16,JT924,LNI924,Lion Air,Kupang,KOE,WATT,11:05,03:05,11:50,45min late,13:11,26min late,1h 20m,Landed
2025-06-16,JT805,LNI805,Lion Air,Surabaya,SUB,WARR,11:05,03:05,11:24,19min late,11:09,4min late,45m,Landed
2025-06-16,JQ126,JST126,Jetstar Airways,Adelaide,ADL,YPAD,11:15,03:15,11:19,4min late,17:31,1min late,4h 42m,Landed
2025-06-16,6E1606,IGO1606,IndiGo,Bangalore,BLR,VOBL,11:20,03:20,11:37,17min late,15:17,7min late,6h 9m,Landed
2025-06-16,QZ780,AWQ780,Indonesia AirAsia,Balikpapan,BPN,WALL,11:25,03:25,11:27,2min late,12:41,23min early,1h 14m,Landed
2025-06-16,JQ109,JST109,Jetstar Airways,Perth,PER,YPPH,11:40,03:40,11:34,5min early,14:59,25min early,3h 24m,Landed
2025-06-16,JT569,LNI569,Lion Air,Yogyakarta,YIA,WAHI,11:55,03:55,12:03,8min late,12:13,11min early,1h 10m,Landed
2025-06-16,JQ32,JST032,Jetstar Airways,Melbourne,MEL,YMML,11:55,03:55,12:10,15min late,19:29,on time,5h 19m,Landed
2025-06-16,OD192,MXD192,Malindo Air,Kuala Lumpur,KUL,WMKK,11:55,03:55,12:48,53min late,15:26,21min late,2h 38m,Landed
2025-06-16,FD397,AIQ397,Thai AirAsia,Bangkok,DMK,VTBD,12:00,04:00,14:07,7min late,15:26,8min early,2h 19m,Landed
2025-06-16,GA407,GIA407,Garuda Indonesia,Jakarta,CGK,WIII,12:00,04:00,12:20,20min late,12:58,3min late,1h 38m,Landed
2025-06-16,GA253,GIA253,Garuda Indonesia,Yogyakarta,YIA,WAHI,12:05,04:05,12:33,28min late,12:52,2min early,1h 19m,Landed
2025-06-16,SQ937,SIA937,Singapore Airlines,Singapore,SIN,WSSS,12:10,04:10,12:39,29min late,14:43,11min early,2h 4m,Landed
2025-06-16,IU705,SJV705,SW Italia,Surabaya,SUB,WARR,12:15,04:15,16:14,59min late,12:58,43min late,,Landed
2025-06-16,JQ40,JST040,Jetstar Airways,Sydney,SYD,YSSY,12:20,04:20,12:35,15min late,19:45,29min early,5h 10m,Landed
2025-06-16,OD178,MXD178,Malindo Air,Kuala Lumpur,KUL,WMKK,12:25,04:25,12:50,25min late,15:23,11min early,2h 32m,Landed
2025-06-16,QG9667,CTV9667,Citilink,Jakarta,CGK,WIII,12:40,04:40,13:34,54min late,14:16,36min late,1h 42m,Landed
2025-06-16,OD158,MXD158,Malindo Air,Kuala Lumpur,KUL,WMKK,12:45,04:45,14:59,14min late,17:46,51min late,2h 47m,Landed
2025-06-16,IW1848,WON1848,Wings Air,Lombok,LOP,WADL,12:45,04:45,13:37,52min late,14:01,31min late,24m,Landed
2025-06-16,ID7308,BTK7308,Batik Air,Jakarta,HLP,WIHH,12:50,04:50,13:44,54min late,14:22,47min late,1h 38m,Landed
2025-06-16,IP103,PAS103,Pelita Air Service,Jakarta,CGK,WIII,12:55,04:55,13:29,34min late,14:07,22min late,1h 38m,Landed
2025-06-16,MH714,MAS714,Malaysia Airlines,Kuala Lumpur,KUL,WMKK,12:55,04:55,13:34,39min late,17:07,7min late,3h 32m,Landed
2025-06-16,SQ939,SIA939,Singapore Airlines,Singapore,SIN,WSSS,13:05,05:05,13:28,23min late,15:32,18min early,2h 3m,Landed
2025-06-16,VJ900,VJC900,VietJet Air,Hanoi,HAN,VVNB,13:10,05:10,13:32,22min late,17:03,16min early,4h 30m,Landed
2025-06-16,JQ58,JST058,Jetstar Airways,Brisbane,BNE,YBBN,13:15,05:15,13:36,21min late,20:31,13min early,4h 55m,Landed
2025-06-16,OD172,MXD172,Malindo Air,Kuala Lumpur,KUL,WMKK,13:15,05:15,14:24,9min late,17:33,8min late,3h 9m,Landed
2025-06-16,IU753,SJV753,SW Italia,Jakarta,CGK,WIII,13:15,05:15,14:51,36min late,15:23,13min late,1h 31m,Landed
2025-06-16,IW1834,WON1834,Wings Air,Tambolaka,TMC,WADT,13:20,05:20,14:05,45min late,15:13,28min late,1h 8m,Landed
2025-06-16,JT770,LNI770,Lion Air,Manado,MDC,WAMM,13:20,05:20,13:27,7min late,15:40,19min early,2h 13m,Landed
2025-06-16,JT660,LNI660,Lion Air,Balikpapan,BPN,WALL,13:25,05:25,13:54,29min late,15:18,8min late,1h 24m,Landed
2025-06-16,D7799,XAX799,AirAsia X,Kuala Lumpur,KUL,WMKK,13:35,05:35,13:58,23min late,17:08,18min late,3h 10m,Landed
2025-06-16,IW1826,WON1826,Wings Air,Bima,BMU,WADB,13:40,05:40,15:28,48min late,16:18,13min late,50m,Landed
2025-06-16,GA409,GIA409,Garuda Indonesia,Jakarta,CGK,WIII,13:45,05:45,14:10,25min late,14:54,9min late,1h 44m,Landed
2025-06-16,QZ506,AWQ506,Indonesia AirAsia,Singapore,SIN,WSSS,13:45,05:45,14:47,2min late,17:16,36min late,2h 28m,Landed
2025-06-16,ID7135,BTK7135,Batik Air,Singapore,SIN,WSSS,13:45,05:45,14:13,28min late,16:28,11min early,2h 14m,Landed
2025-06-16,8B5107,TNU5107,Business Air,Jakarta,CGK,WIII,13:50,05:50,14:23,33min late,14:52,12min late,1h 29m,Landed
2025-06-16,IW1964,WON1964,Wings Air,Lombok,LOP,WADL,13:55,05:55,15:57,2min late,16:22,42min late,24m,Landed
2025-06-16,QZ544,AWQ544,Indonesia AirAsia,Perth,PER,YPPH,13:55,05:55,14:28,33min late,18:09,14min late,3h 40m,Landed
2025-06-16,TR289,TGW289,Scoot,Singapore,SIN,WSSS,14:00,06:00,14:34,34min late,16:49,10min early,2h 14m,Landed
2025-06-16,VJ848,VJC848,VietJet Air,Ho Chi Minh City,SGN,VVTS,14:00,06:00,14:54,54min late,17:14,24min late,3h 20m,Landed
2025-06-16,VJ894,VJC894,VietJet Air,Ho Chi Minh City,SGN,VVTS,14:05,06:05,14:37,32min late,16:56,1min late,3h 18m,Landed
2025-06-16,IU735,,SW Italia,Jakarta,CGK,WIII,14:15,06:15,,,,,1h 55m,Cancelled
2025-06-16,ID7637,BTK7637,Batik Air,Bangkok,DMK,VTBD,14:15,06:15,15:29,14min late,18:31,46min late,4h 1m,Landed
2025-06-16,QG699,CTV699,Citilink,Surabaya,SUB,WARR,14:20,06:20,15:07,47min late,15:12,47min late,1h 5m,Landed
2025-06-16,JT844,LNI844,Lion Air,Banjarmasin,BDJ,WAOO,14:35,06:35,15:06,31min late,16:10,10min late,1h 4m,Landed
2025-06-16,QG681,CTV681,Citilink,Jakarta,CGK,WIII,14:40,06:40,14:46,6min late,15:54,4min late,2h 8m,Landed
2025-06-16,IW1884,WON1884,Wings Air,Waingapu,WGP,WADW,14:40,06:40,16:06,26min late,07:53,23min late,15h 47m,Landed
2025-06-16,JT919,LNI919,Lion Air,Surabaya,SUB,WARR,14:40,06:40,16:45,5min late,16:29,49min late,43m,Landed
2025-06-16,AK377,AXM377,AirAsia,Kuala Lumpur,KUL,WMKK,14:45,06:45,15:05,20min late,18:38,43min late,3h 33m,Landed
2025-06-16,QG687,CTV687,Citilink,Jakarta,CGK,WIII,14:50,06:50,16:43,53min late,17:37,47min late,1h 54m,Landed
2025-06-16,3K242,,Jetstar Asia,Singapore,SIN,WSSS,14:50,06:50,,,,,3h 0m,Cancelled
2025-06-16,OD307,MXD307,Malindo Air,Kuala Lumpur,KUL,WMKK,14:50,06:50,15:20,30min late,18:18,28min late,2h 58m,Landed
2025-06-16,JQ44,JST044,Jetstar Airways,Melbourne,MEL,YMML,14:55,06:55,15:18,23min late,22:36,6min late,5h 18m,Landed
2025-06-16,JT271,LNI271,Lion Air,Semarang,SRG,WIIS,15:05,07:05,17:21,16min late,17:31,1min late,1h 9m,Landed
2025-06-16,QZ244,AWQ244,Indonesia AirAsia,Bangkok,DMK,VTBD,15:10,07:10,15:35,25min late,18:38,8min late,4h 3m,Landed
2025-06-16,8B5103,,Business Air,Jakarta,CGK,WIII,15:10,07:10,,,,,1h 45m,
2025-06-16,VA50,VOZ050,Virgin Australia,Brisbane,BNE,YBBN,15:15,07:15,15:12,3min early,22:56,3min early,5h 44m,Landed
2025-06-16,GA842,GIA842,Garuda Indonesia,Singapore,SIN,WSSS,15:15,07:15,15:52,37min late,18:29,29min late,2h 36m,Landed
2025-06-16,IU759,,SW Italia,Jakarta,CGK,WIII,15:15,07:15,,,,,1h 55m,Cancelled
2025-06-16,GA7036,GIA7036,Garuda Indonesia,Labuan Bajo,LBJ,WATO,15:25,07:25,15:54,29min late,16:35,,1h 10m,Landed
2025-06-16,JT740,LNI740,Lion Air,Makassar,UPG,WAAA,15:25,07:25,17:18,53min late,18:24,39min late,1h 6m,Landed
2025-06-16,VJ898,VJC898,VietJet Air,Ho Chi Minh City,SGN,VVTS,15:30,07:30,16:36,6min late,18:49,29min late,3h 12m,Landed
2025-06-16,ID6335,BTK6335,Batik Air,Labuan Bajo,LBJ,WATO,15:35,07:35,16:11,36min late,17:10,25min late,59m,Landed
2025-06-16,CI772,CAL772,China Airlines,Taipei,TPE,RCTP,15:40,07:40,15:44,4min late,21:09,4min late,5h 25m,Landed
2025-06-16,QZ646,AWQ646,Indonesia AirAsia,Labuan Bajo,LBJ,WATO,15:45,07:45,16:30,45min late,17:25,25min late,55m,Landed
2025-06-16,JT21,LNI021,Lion Air,Jakarta,CGK,WIII,15:45,07:45,22:48,3min late,23:17,52min late,1h 28m,Landed
2025-06-16,IP109,PAS109,Pelita Air Service,Jakarta,CGK,WIII,15:45,07:45,16:14,29min late,16:41,6min late,1h 26m,Landed
2025-06-16,VA92,VOZ092,Virgin Australia,Melbourne,MEL,YMML,15:50,07:50,15:56,6min late,23:58,33min late,6h 2m,Landed
2025-06-16,IU743,SJV743,SW Italia,Jakarta,CGK,WIII,16:10,08:10,21:47,37min late,22:12,52min late,1h 24m,Landed
2025-06-16,QZ807,AWQ807,Indonesia AirAsia,Jakarta,CGK,WIII,16:10,08:10,16:59,49min late,17:30,15min late,1h 30m,Landed
2025-06-16,QG195,CTV195,Citilink,Jakarta,HLP,WIHH,16:10,08:10,16:46,36min late,17:19,19min late,1h 32m,Landed
2025-06-16,CX784,CPA784,Cathay Pacific,Hong Kong,HKG,VHHH,16:10,08:10,16:09,on time,21:00,24min early,4h 51m,Landed
2025-06-16,QZ536,AWQ536,Indonesia AirAsia,Perth,PER,YPPH,16:15,08:15,17:00,45min late,20:27,17min late,3h 27m,Landed
2025-06-16,JT925,LNI925,Lion Air,Surakarta,SOC,WAHQ,16:25,08:25,17:18,53min late,17:29,44min late,1h 10m,Landed
2025-06-16,MH850,MAS850,Malaysia Airlines,Kuala Lumpur,KUL,WMKK,16:25,08:25,16:53,28min late,19:32,2min early,2h 38m,Landed
2025-06-16,BR256,EVA256,EVA Airways,Taipei,TPE,RCTP,16:30,08:30,16:34,4min late,21:48,11min early,5h 14m,Landed
2025-06-16,JT744,,Lion Air,Makassar,UPG,WAAA,16:40,08:40,,,,,1h 20m,Cancelled
2025-06-16,JT567,,Lion Air,Yogyakarta,YIA,WAHI,16:50,08:50,,,,,1h 30m,Cancelled
2025-06-16,HO1356,DKH1356,Juneyao Airlines,Shanghai,PVG,ZSPD,16:50,08:50,17:24,34min late,23:30,9min early,6h 5m,Landed
2025-06-16,QZ556,AWQ556,Indonesia AirAsia,Kuala Lumpur,KUL,WMKK,16:55,08:55,17:25,30min late,20:19,9min late,2h 54m,Landed
2025-06-16,TG432,THA432,Thai Airways International,Bangkok,BKK,VTBS,16:55,08:55,17:00,5min late,19:36,28min early,3h 36m,Landed
2025-06-16,JT923,,Lion Air,Surabaya,SUB,WARR,17:05,09:05,,,,,1h 0m,Cancelled
2025-06-16,GA419,GIA419,Garuda Indonesia,Jakarta,CGK,WIII,17:25,09:25,17:44,19min late,18:18,6min early,1h 34m,Landed
2025-06-16,VJ998,VJC998,VietJet Air,Hanoi,HAN,VVNB,17:30,09:30,18:41,11min late,22:21,36min late,4h 39m,Landed
2025-06-16,IU723,SJV723,SW Italia,Surabaya,SUB,WARR,17:30,09:30,18:18,48min late,17:56,26min late,37m,Landed
2025-06-16,GA349,GIA349,Garuda Indonesia,Surabaya,SUB,WARR,17:35,09:35,19:46,11min late,19:52,7min late,1h 6m,Landed
2025-06-16,QZ554,AWQ554,Indonesia AirAsia,Kuala Lumpur,KUL,WMKK,17:40,09:40,17:50,10min late,20:29,15min early,2h 38m,Landed
2025-06-16,NZ291,ANZ291,Air New Zealand,Auckland,AKL,NZAA,17:50,09:50,17:52,2min late,05:18,11min early,7h 26m,Landed
2025-06-16,QG669,CTV669,Citilink,Surabaya,SUB,WARR,17:55,09:55,19:35,40min late,19:15,10min late,40m,Landed
2025-06-16,OD193,MXD193,Malindo Air,Perth,PER,YPPH,18:10,10:10,19:20,10min late,22:51,6min late,3h 30m,Landed
2025-06-16,SL259,TLM259,Thai Lion Air,Bangkok,DMK,VTBD,18:20,10:20,18:27,7min late,21:27,12min early,4h 0m,Landed
2025-06-16,IN281,LKN281,Nam Air,Jakarta,CGK,WIII,18:30,10:30,18:40,10min late,19:18,8min late,1h 37m,Landed
2025-06-16,IU737,SJV737,SW Italia,Jakarta,CGK,WIII,18:30,10:30,20:09,39min late,20:53,28min late,1h 43m,Landed
2025-06-16,GA417,GIA417,Garuda Indonesia,Jakarta,CGK,WIII,18:40,10:40,19:21,41min late,19:54,14min late,1h 33m,Landed
2025-06-16,GA4292,GIA4292,Garuda Indonesia,Jakarta,CGK,WIII,18:40,10:40,19:25,45min late,20:09,9min late,1h 44m,Landed
2025-06-16,8B5109,TNU5109,Business Air,Jakarta,CGK,WIII,18:45,10:45,19:30,45min late,20:02,32min late,1h 31m,Landed
2025-06-16,CX782,CPA782,Cathay Pacific,Hong Kong,HKG,VHHH,18:45,10:45,18:41,4min early,23:18,46min early,4h 37m,Landed
2025-06-16,EY477,ETD477,Etihad Airways,Abu Dhabi,AUH,OMAA,18:45,10:45,19:09,24min late,23:32,2min late,8h 23m,Landed
2025-06-16,QZ809,AWQ809,Indonesia AirAsia,Jakarta,CGK,WIII,18:50,10:50,19:09,19min late,19:41,3min early,1h 31m,Landed
2025-06-16,TG440,THA440,Thai Airways International,Bangkok,BKK,VTBS,19:00,11:00,19:10,10min late,22:11,1min late,4h 1m,Landed
2025-06-16,QG689,CTV689,Citilink,Jakarta,CGK,WIII,19:00,11:00,19:48,48min late,20:26,26min late,1h 38m,Landed
2025-06-16,AK379,AXM379,AirAsia,Kuala Lumpur,KUL,WMKK,19:15,11:15,19:25,10min late,22:05,14min early,2h 39m,Landed
2025-06-16,3K246,JSA246,Jetstar Asia,Singapore,SIN,WSSS,19:15,11:15,19:18,3min late,21:54,5min early,2h 36m,Landed
2025-06-16,QR963,QTR963,Qatar Airways,Doha,DOH,OTHH,19:20,11:20,19:38,18min late,23:30,9min early,8h 52m,Landed
2025-06-16,GA4272,GIA4272,Garuda Indonesia,Jakarta,CGK,WIII,19:20,11:20,19:42,22min late,20:21,1min late,1h 39m,Landed
2025-06-16,MH852,MAS852,Malaysia Airlines,Kuala Lumpur,KUL,WMKK,19:20,11:20,19:41,21min late,22:24,4min late,2h 43m,Landed
2025-06-16,IU755,,SW Italia,Jakarta,CGK,WIII,19:25,11:25,,,,,1h 55m,Cancelled
2025-06-16,ID7310,BTK7310,Batik Air,Jakarta,HLP,WIHH,19:25,11:25,19:26,1min late,20:06,3min early,1h 40m,Landed
2025-06-16,TR287,TGW287,Scoot,Singapore,SIN,WSSS,19:40,11:40,19:47,7min late,22:06,9min early,2h 18m,Landed
2025-06-16,EK369,UAE369,Emirates,Dubai,DXB,OMDB,19:45,11:45,20:11,26min late,00:32,17min early,8h 21m,Landed
2025-06-16,ID6413,BTK6413,Batik Air,Surabaya,SUB,WARR,19:50,11:50,20:17,27min late,20:05,15min late,47m,Landed
2025-06-16,GA415,GIA415,Garuda Indonesia,Jakarta,CGK,WIII,20:00,12:00,19:52,7min early,20:29,30min early,1h 36m,Landed
2025-06-16,SQ945,SIA945,Singapore Airlines,Singapore,SIN,WSSS,20:00,12:00,20:15,15min late,22:22,17min early,2h 7m,Landed
2025-06-16,ID6517,BTK6517,Batik Air,Jakarta,CGK,WIII,20:00,12:00,22:29,29min late,23:00,5min late,1h 31m,Landed
2025-06-16,8B969,TNU969,Business Air,Guangzhou,CAN,ZGGG,20:15,12:15,20:14,on time,01:11,11min late,4h 57m,Landed
2025-06-16,IU749,,SW Italia,Jakarta,CGK,WIII,20:25,12:25,,,,,1h 55m,Cancelled
2025-06-16,KL836,KLM836,KLM Royal Dutch Airlines,Singapore,SIN,WSSS,20:35,12:35,20:58,23min late,23:08,1min early,2h 9m,Landed
2025-06-16,IU727,,SW Italia,Surabaya,SUB,WARR,20:55,12:55,,,,,1h 0m,Cancelled
2025-06-16,OD177,MXD177,Malindo Air,Melbourne,MEL,YMML,21:00,13:00,22:13,13min late,05:31,51min late,5h 18m,Landed
2025-06-16,JT25,,Lion Air,Jakarta,CGK,WIII,21:00,13:00,,,,,1h 55m,Cancelled
2025-06-16,GA425,GIA425,Garuda Indonesia,Jakarta,CGK,WIII,21:05,13:05,21:16,11min late,21:49,10min early,1h 33m,Landed
2025-06-16,JQ107,JST107,Jetstar Airways,Perth,PER,YPPH,21:10,13:10,21:37,27min late,00:56,1min late,3h 19m,Landed
2025-06-16,QG342,CTV342,Citilink,Makassar,UPG,WAAA,21:10,13:10,21:32,22min late,22:45,on time,1h 12m,Landed
2025-06-16,JQ34,JST034,Jetstar Airways,Melbourne,MEL,YMML,21:20,13:20,21:35,15min late,04:51,3min early,5h 16m,Landed
2025-06-16,TK67,THY067,Turkish Airlines,Istanbul,IST,LTFM,21:20,13:20,21:28,8min late,05:18,3min late,12h 49m,Landed
2025-06-16,AK375,AXM375,AirAsia,Kuala Lumpur,KUL,WMKK,21:25,13:25,00:55,30min late,03:34,4min late,2h 39m,Landed
2025-06-16,ID6760,,Batik Air,Makassar,UPG,WAAA,21:30,13:30,,,,,1h 20m,Cancelled
2025-06-16,JQ117,JST117,Jetstar Airways,Perth,PER,YPPH,21:30,13:30,21:33,3min late,01:02,17min early,3h 29m,Landed
2025-06-16,IU745,SJV745,SW Italia,Jakarta,CGK,WIII,21:30,13:30,22:26,56min late,22:53,28min late,1h 26m,Landed
2025-06-16,QZ819,AWQ819,Indonesia AirAsia,Jakarta,CGK,WIII,21:40,13:40,21:57,17min late,22:29,on time,1h 32m,Landed
2025-06-16,IP105,,Pelita Air Service,Jakarta,CGK,WIII,21:40,13:40,,,,,1h 50m,
2025-06-16,SQ947,SIA947,Singapore Airlines,Singapore,SIN,WSSS,21:45,13:45,22:18,33min late,00:25,5min late,2h 6m,Landed
2025-06-16,QZ546,AWQ546,Indonesia AirAsia,Perth,PER,YPPH,21:55,13:55,22:17,22min late,01:55,15min late,3h 38m,Landed
2025-06-16,JQ60,JST060,Jetstar Airways,Brisbane,BNE,YBBN,22:10,14:10,22:34,24min late,05:34,5min early,5h 0m,Landed
2025-06-16,QF44,QFA044,Qantas,Sydney,SYD,YSSY,22:10,14:10,22:09,on time,06:02,2min early,5h 53m,Landed
2025-06-16,OD171,MXD171,Malindo Air,Sydney,SYD,YSSY,22:15,14:15,23:22,7min late,07:01,56min late,5h 39m,Landed
2025-06-16,SV857,SVA857,Saudi Arabian Airlines,Singapore,SIN,WSSS,22:15,14:15,22:25,10min late,00:36,8min early,2h 10m,Landed
2025-06-16,QG9695,CTV9695,Citilink,Surabaya,SUB,WARR,22:20,14:20,23:39,19min late,23:33,8min late,54m,Landed
2025-06-16,JQ38,JST038,Jetstar Airways,Sydney,SYD,YSSY,22:35,14:35,22:41,6min late,06:15,14min early,5h 33m,Landed
2025-06-16,7C2712,JJA2712,Jeju Air,Seoul,ICN,RKSI,22:45,14:45,00:23,38min late,08:08,58min late,6h 45m,Landed
2025-06-16,QZ811,AWQ811,Indonesia AirAsia,Jakarta,CGK,WIII,22:50,14:50,00:29,39min late,00:52,12min late,1h 23m,Landed
2025-06-16,VA96,VOZ096,Virgin Australia,Melbourne,MEL,YMML,23:05,15:05,22:55,10min early,06:30,9min early,5h 35m,Landed
2025-06-16,JT3020,,Lion Air,Seoul,ICN,RKSI,23:05,15:05,,,,,7h 5m,
2025-06-16,QF46,QFA046,Qantas,Melbourne,MEL,YMML,23:05,15:05,23:01,4min early,06:47,7min late,5h 46m,Landed
2025-06-16,VA82,VOZ082,Virgin Australia,Gold Coast,OOL,YBCG,23:20,15:20,03:06,46min late,07:20,25min late,2h 13m,Landed
2025-06-16,3K240,JSA240,Jetstar Asia,Singapore,SIN,WSSS,23:25,15:25,23:57,32min late,02:08,1min early,2h 11m,Landed
2025-06-16,GA714,GIA714,Garuda Indonesia,Sydney,SYD,YSSY,23:25,15:25,23:44,19min late,01:45,24min early,0m,Landed
2025-06-16,JQ91,JST091,Jetstar Airways,Cairns,CNS,YBCS,23:30,15:30,23:37,7min late,05:36,23min early,3h 59m,Landed
2025-06-16,JQ36,JST036,Jetstar Airways,Melbourne,MEL,YMML,23:30,15:30,00:29,59min late,07:51,46min late,5h 21m,Landed
2025-06-16,VA68,VOZ068,Virgin Australia,Sydney,SYD,YSSY,23:35,15:35,23:18,17min early,06:55,49min early,5h 37m,Landed
2025-06-16,KE634,KAL634,Korean Air Lines,Seoul,ICN,RKSI,23:45,15:45,00:36,51min late,08:22,27min late,6h 45m,Landed
2025-06-16,JQ128,JST128,Jetstar Airways,Adelaide,ADL,YPAD,23:55,15:55,23:59,4min late,06:13,3min late,4h 44m,Landed
2025-06-17,BX602,ABL602,Air Busan,Busan,PUS,RKPK,00:05,16:05,00:31,26min late,07:46,23min early,6h 15m,Landed
2025-06-17,GA880,GIA880,Garuda Indonesia,Tokyo,NRT,RJAA,00:20,16:20,00:36,16min late,08:34,15min early,6h 58m,Landed
2025-06-17,MF892,CXA892,Xiamen Airlines,Xiamen,XMN,ZSAM,00:30,16:30,00:16,14min early,05:40,24min early,5h 24m,Landed
2025-06-17,CZ626,CSN626,China Southern Airlines,Guangzhou,CAN,ZGGG,00:30,16:30,00:37,7min late,05:31,18min early,4h 54m,Landed
2025-06-17,EK399,UAE399,Emirates,Dubai,DXB,OMDB,00:35,16:35,00:38,3min late,05:16,18min early,8h 38m,Landed
2025-06-17,QR961,QTR961,Qatar Airways,Doha,DOH,OTHH,00:35,16:35,00:49,14min late,04:59,4min late,9h 10m,Landed
2025-06-17,KE630,KAL630,Korean Air Lines,Seoul,ICN,RKSI,00:50,16:50,00:59,9min late,08:44,35min early,6h 45m,Landed
2025-06-17,PR538,PAL538,Philippine Airlines,Manila,MNL,RPLL,00:55,16:55,00:56,on time,04:51,1min late,3h 55m,Landed
2025-06-17,MU5030,CES5030,China Eastern Airlines,Shanghai,PVG,ZSPD,00:55,16:55,00:50,5min early,07:25,29min early,6h 35m,Landed
2025-06-17,5J282,CEB282,CEBU Pacific Air,Manila,MNL,RPLL,01:00,17:00,00:47,13min early,04:33,51min early,3h 46m,Landed
2025-06-17,SJ726,,Sriwijaya Air,Makassar,UPG,WAAA,01:00,17:00,,,,,1h 20m,
2025-06-17,QZ548,AWQ548,Indonesia AirAsia,Perth,PER,YPPH,01:05,17:05,01:17,12min late,04:49,5min early,3h 32m,Landed
2025-06-17,QZ300,AWQ300,Indonesia AirAsia,Hong Kong,HKG,VHHH,01:10,17:10,00:50,19min early,05:53,6min early,5h 2m,Landed
2025-06-17,8B5888,,TransNusa,Manado,MDC,WAMM,01:50,17:50,,,,,2h 35m,
2025-06-17,GA401,GIA401,Garuda Indonesia,Jakarta,CGK,WIII,07:00,23:00,07:04,4min late,07:30,29min early,1h 26m,Landed
2025-06-17,JT929,LNI929,Lion Air,Surabaya,SUB,WARR,07:00,23:00,07:08,8min late,06:51,8min early,42m,Landed
2025-06-17,QZ550,AWQ550,Indonesia AirAsia,Kuala Lumpur,KUL,WMKK,07:00,23:00,07:29,29min late,10:05,5min late,2h 35m,Landed
2025-06-17,JT944,,Lion Air,Makassar,UPG,WAAA,07:00,23:00,,,,,1h 20m,
2025-06-17,JT746,LNI746,Lion Air,Makassar,UPG,WAAA,07:00,23:00,10:18,18min late,08:20,,1h 20m,Landed
2025-06-17,JT3569,LNI3569,Lion Air,Yogyakarta,YIA,WAHI,07:00,23:00,07:12,12min late,07:19,10min early,1h 7m,Landed
2025-06-17,JT856,,Lion Air,Surabaya,SUB,WARR,07:00,23:00,,,,,1h 1m,
2025-06-17,QZ534,AWQ534,Indonesia AirAsia,Perth,PER,YPPH,07:05,23:05,07:31,26min late,11:01,1min late,3h 30m,Landed
2025-06-17,QG690,CTV690,Citilink,Surabaya,SUB,WARR,07:05,23:05,07:16,11min late,07:05,on time,48m,Landed
2025-06-17,SQ949,SIA949,Singapore Airlines,Singapore,SIN,WSSS,07:10,23:10,07:28,18min late,09:34,26min early,2h 6m,Landed
2025-06-17,QZ502,AWQ502,Indonesia AirAsia,Singapore,SIN,WSSS,07:10,23:10,06:58,11min early,09:23,26min early,2h 24m,Landed
2025-06-17,QZ644,AWQ644,Indonesia AirAsia,Labuan Bajo,LBJ,WATO,07:10,23:10,07:19,9min late,07:20,54min early,0m,Landed
2025-06-17,QG663,CTV663,Citilink,Jakarta,CGK,WIII,07:50,23:50,07:56,6min late,08:36,8min early,1h 40m,Landed
2025-06-17,IW1854,WON1854,Wings Air,Lombok,LOP,WADL,08:00,00:00,08:05,5min late,08:30,14min early,24m,Landed
2025-06-17,IU731,SJV731,SW Italia,Jakarta,CGK,WIII,08:05,00:05,08:30,25min late,08:57,2min early,1h 26m,Landed
2025-06-17,HX706,CRK706,Hong Kong Airlines,Hong Kong,HKG,VHHH,08:15,00:15,08:19,4min late,13:14,5min early,4h 55m,Landed
2025-06-17,IW1850,WON1850,Wings Air,Lombok,LOP,WADL,08:35,00:35,08:38,3min late,09:01,18min early,23m,Landed
2025-06-17,5J280,CEB280,CEBU Pacific Air,Manila,MNL,RPLL,08:35,00:35,08:56,21min late,12:34,15min early,3h 37m,Landed
2025-06-17,IU703,SJV703,SW Italia,Surabaya,SUB,WARR,08:40,00:40,09:16,36min late,08:50,10min late,34m,Landed
2025-06-17,CZ8482,CSN8482,China Southern Airlines,Guangzhou,CAN,ZGGG,08:40,00:40,10:23,43min late,15:12,22min late,4h 48m,Landed
2025-06-17,QZ504,AWQ504,Indonesia AirAsia,Singapore,SIN,WSSS,09:00,01:00,09:00,on time,11:20,25min early,2h 19m,Landed
2025-06-17,8B80,TNU080,Business Air,Perth,PER,YPPH,09:05,01:05,03:59,5min early,12:58,3min late,8h 59m,Landed
2025-06-17,IW1832,WON1832,Wings Air,Tambolaka,TMC,WADT,09:10,01:10,09:42,32min late,10:37,2min late,54m,Landed
2025-06-17,IN640,LKN640,Nam Air,Tambolaka,TMC,WADT,09:10,01:10,09:18,8min late,09:59,10min early,40m,Landed
2025-06-17,8B5105,TNU5105,Business Air,Jakarta,CGK,WIII,09:10,01:10,08:59,10min early,09:41,18min early,1h 41m,Landed
2025-06-17,IW1856,WON1856,Wings Air,Lombok,LOP,WADL,09:10,01:10,09:51,41min late,10:14,19min late,23m,Landed
2025-06-17,ID6007,BTK6007,Batik Air,Perth,PER,YPPH,09:25,01:25,07:24,0min early,13:08,6min early,5h 43m,Landed
2025-06-17,QG500,CTV500,Citilink,Dili,DIL,WPDL,09:30,01:30,09:34,4min late,12:06,13min early,1h 32m,Landed
2025-06-17,QZ803,AWQ803,Indonesia AirAsia,Jakarta,CGK,WIII,09:40,01:40,09:40,on time,10:18,11min early,1h 37m,Landed
2025-06-17,QR965,QTR965,Qatar Airways,Doha,DOH,OTHH,09:55,01:55,10:50,55min late,14:29,9min late,8h 39m,Landed
2025-06-17,IU757,,SW Italia,Jakarta,CGK,WIII,10:00,02:00,,,,,1h 55m,Cancelled
2025-06-17,IW1882,WON1882,Wings Air,Sumbawa Besar,SWQ,WADS,10:00,02:00,10:45,45min late,11:29,29min late,44m,Landed
2025-06-17,SQ935,SIA935,Singapore Airlines,Singapore,SIN,WSSS,10:05,02:05,10:32,27min late,12:40,4min early,2h 7m,Landed
2025-06-17,8B5101,TNU5101,Business Air,Jakarta,CGK,WIII,10:25,02:25,10:40,15min late,11:09,5min early,1h 28m,Landed
2025-06-17,AI2146,AIC2146,Air India,Delhi,DEL,VIDP,10:35,02:35,10:54,19min late,16:07,17min late,7h 43m,Landed
2025-06-17,JT23,LNI023,Lion Air,Jakarta,CGK,WIII,10:35,02:35,10:11,23min early,10:39,50min early,1h 27m,Landed
2025-06-17,8G182,DTL182,Mid Africa Aviation,Dili,DIL,WPDL,10:35,02:35,10:56,21min late,13:35,5min late,1h 39m,Landed
2025-06-17,TR281,TGW281,Scoot,Singapore,SIN,WSSS,10:50,02:50,11:06,16min late,13:22,7min early,2h 16m,Landed
2025-06-17,3K244,JSA244,Jetstar Asia,Singapore,SIN,WSSS,10:55,02:55,10:49,5min early,13:16,23min early,2h 26m,Landed
2025-06-17,JT805,LNI805,Lion Air,Surabaya,SUB,WARR,11:05,03:05,11:13,8min late,10:57,7min early,43m,Landed
2025-06-17,IU741,,SW Italia,Jakarta,CGK,WIII,11:05,03:05,,,,,1h 55m,Cancelled
2025-06-17,JT924,LNI924,Lion Air,Kupang,KOE,WATT,11:05,03:05,11:20,15min late,12:42,2min early,1h 22m,Landed
2025-06-17,6E1606,IGO1606,IndiGo,Bangalore,BLR,VOBL,11:20,03:20,12:28,8min late,15:58,48min late,5h 59m,Landed
2025-06-17,QZ780,AWQ780,Indonesia AirAsia,Balikpapan,BPN,WALL,11:25,03:25,11:31,6min late,12:50,15min early,1h 18m,Landed
2025-06-17,JQ111,JST111,Jetstar Airways,Perth,PER,YPPH,11:30,03:30,11:36,6min late,15:03,11min early,3h 27m,Landed
2025-06-17,JQ109,JST109,Jetstar Airways,Perth,PER,YPPH,11:40,03:40,11:44,4min late,15:06,18min early,3h 22m,Landed
2025-06-17,IN642,,NAM Air,Tambolaka,TMC,WADT,11:40,03:40,,,,,1h 0m,
2025-06-17,OD192,MXD192,Malindo Air,Kuala Lumpur,KUL,WMKK,11:55,03:55,12:44,49min late,15:18,13min late,2h 34m,Landed
2025-06-17,JQ32,JST032,Jetstar Airways,Melbourne,MEL,YMML,11:55,03:55,12:20,25min late,19:47,17min late,5h 27m,Landed
2025-06-17,JT569,LNI569,Lion Air,Yogyakarta,YIA,WAHI,11:55,03:55,12:09,14min late,12:17,7min early,1h 7m,Landed
2025-06-17,JQ40,JST040,Jetstar Airways,Sydney,SYD,YSSY,11:55,03:55,12:16,21min late,19:50,on time,5h 34m,Landed
2025-06-17,FD397,AIQ397,Thai AirAsia,Bangkok,DMK,VTBD,12:00,04:00,12:55,55min late,16:00,25min late,4h 4m,Landed
2025-06-17,GA407,GIA407,Garuda Indonesia,Jakarta,CGK,WIII,12:00,04:00,12:03,3min late,12:51,3min early,1h 47m,Landed
2025-06-17,QZ540,AWQ540,Indonesia AirAsia,Darwin,DRW,YPDN,12:05,04:05,12:40,35min late,16:29,14min late,2h 19m,Landed
2025-06-17,GA253,GIA253,Garuda Indonesia,Yogyakarta,YIA,WAHI,12:05,04:05,12:09,4min late,12:40,14min early,1h 31m,Landed
2025-06-17,SQ937,SIA937,Singapore Airlines,Singapore,SIN,WSSS,12:10,04:10,12:30,20min late,14:55,on time,2h 25m,Landed
2025-06-17,OD178,MXD178,Malindo Air,Kuala Lumpur,KUL,WMKK,12:25,04:25,12:54,29min late,15:37,2min late,2h 42m,Landed
2025-06-17,D7795,XAX795,AirAsia X,Kuala Lumpur,KUL,WMKK,12:30,04:30,12:41,11min late,15:33,11min early,2h 52m,Landed
2025-06-17,QG9693,CTV9693,Citilink,Surabaya,SUB,WARR,12:40,04:40,13:24,44min late,13:29,39min late,1h 4m,Landed
2025-06-17,QZ805,AWQ805,Indonesia AirAsia,Jakarta,CGK,WIII,12:40,04:40,12:59,19min late,13:34,5min early,1h 34m,Landed
2025-06-17,IW1848,WON1848,Wings Air,Lombok,LOP,WADL,12:45,04:45,12:59,14min late,13:20,9min early,21m,Landed
2025-06-17,ID7308,BTK7308,Batik Air,Jakarta,HLP,WIHH,12:50,04:50,13:55,5min late,14:37,2min late,1h 42m,Landed
2025-06-17,MH714,MAS714,Malaysia Airlines,Kuala Lumpur,KUL,WMKK,12:55,04:55,13:56,1min late,16:37,37min late,2h 40m,Landed
2025-06-17,IP103,PAS103,Pelita Air Service,Jakarta,CGK,WIII,12:55,04:55,13:10,15min late,13:40,4min early,1h 30m,Landed
2025-06-17,SQ939,SIA939,Singapore Airlines,Singapore,SIN,WSSS,13:05,05:05,13:23,18min late,16:04,14min late,2h 40m,Landed
2025-06-17,VJ900,VJC900,VietJet Air,Hanoi,HAN,VVNB,13:10,05:10,13:20,10min late,16:58,21min early,4h 38m,Landed
2025-06-17,IU753,SJV753,SW Italia,Jakarta,CGK,WIII,13:15,05:15,13:59,44min late,14:27,17min late,1h 27m,Landed
2025-06-17,OD172,MXD172,Malindo Air,Kuala Lumpur,KUL,WMKK,13:15,05:15,14:19,4min late,17:10,45min late,2h 51m,Landed
2025-06-17,JQ58,JST058,Jetstar Airways,Brisbane,BNE,YBBN,13:15,05:15,13:23,8min late,20:34,10min early,5h 10m,Landed
2025-06-17,IW1834,WON1834,Wings Air,Tambolaka,TMC,WADT,13:20,05:20,15:01,41min late,15:01,16min late,,Landed
2025-06-17,JT660,LNI660,Lion Air,Balikpapan,BPN,WALL,13:25,05:25,15:31,6min late,16:49,39min late,1h 18m,Landed
2025-06-17,D7799,XAX799,AirAsia X,Kuala Lumpur,KUL,WMKK,13:35,05:35,13:50,15min late,16:25,24min early,2h 35m,Landed
2025-06-17,IW1826,WON1826,Wings Air,Bima,BMU,WADB,13:40,05:40,14:13,33min late,15:19,14min late,1h 5m,Landed
2025-06-17,GA409,GIA409,Garuda Indonesia,Jakarta,CGK,WIII,13:45,05:45,14:30,45min late,15:03,18min late,1h 32m,Landed
2025-06-17,QZ506,AWQ506,Indonesia AirAsia,Singapore,SIN,WSSS,13:45,05:45,14:21,36min late,17:11,31min late,2h 49m,Landed
2025-06-17,8B5107,TNU5107,Business Air,Jakarta,CGK,WIII,13:50,05:50,14:10,20min late,14:43,3min late,1h 32m,Landed
2025-06-17,IW1964,WON1964,Wings Air,Lombok,LOP,WADL,13:55,05:55,14:12,17min late,14:36,3min early,23m,Landed
2025-06-17,QZ544,AWQ544,Indonesia AirAsia,Perth,PER,YPPH,13:55,05:55,14:33,38min late,18:04,9min late,3h 31m,Landed
2025-06-17,VJ848,VJC848,VietJet Air,Ho Chi Minh City,SGN,VVTS,14:00,06:00,14:09,9min late,16:32,17min early,3h 23m,Landed
2025-06-17,TR289,TGW289,Scoot,Singapore,SIN,WSSS,14:00,06:00,14:43,43min late,17:33,33min late,2h 49m,Landed
2025-06-17,VJ894,VJC894,VietJet Air,Ho Chi Minh City,SGN,VVTS,14:05,06:05,14:44,39min late,17:06,11min late,3h 21m,Landed
2025-06-17,IU735,SJV735,SW Italia,Jakarta,CGK,WIII,14:15,06:15,15:23,8min late,15:56,46min late,1h 33m,Landed
2025-06-17,ID7637,BTK7637,Batik Air,Bangkok,DMK,VTBD,14:15,06:15,14:40,25min late,17:32,12min early,3h 51m,Landed
2025-06-17,QG699,CTV699,Citilink,Surabaya,SUB,WARR,14:20,06:20,14:59,39min late,14:45,20min late,45m,Landed
2025-06-17,JT844,,Lion Air,Banjarmasin,BDJ,WAOO,14:35,06:35,,,,,1h 25m,Cancelled
2025-06-17,IW1884,WON1884,Wings Air,Waingapu,WGP,WADW,14:40,06:40,14:51,11min late,16:17,12min early,1h 26m,Landed
2025-06-17,QG681,CTV681,Citilink,Jakarta,CGK,WIII,14:40,06:40,15:07,27min late,15:51,1min late,1h 43m,Landed
2025-06-17,JT919,LNI919,Lion Air,Surabaya,SUB,WARR,14:40,06:40,15:53,13min late,15:39,59min late,46m,Landed
2025-06-17,AK377,AXM377,AirAsia,Kuala Lumpur,KUL,WMKK,14:45,06:45,16:45,0min late,19:16,21min late,2h 31m,Landed
2025-06-17,QZ244,AWQ244,Indonesia AirAsia,Bangkok,DMK,VTBD,14:45,06:45,14:59,14min late,17:57,12min early,3h 57m,Landed
2025-06-17,3K242,,Jetstar Asia,Singapore,SIN,WSSS,14:50,06:50,,,,,3h 0m,Cancelled
2025-06-17,OD307,MXD307,Malindo Air,Kuala Lumpur,KUL,WMKK,14:50,06:50,15:30,40min late,17:57,7min late,2h 27m,Landed
2025-06-17,JQ44,JST044,Jetstar Airways,Melbourne,MEL,YMML,14:55,06:55,15:09,14min late,22:32,2min late,5h 23m,Landed
2025-06-17,JT271,LNI271,Lion Air,Semarang,SRG,WIIS,15:05,07:05,15:52,47min late,15:52,22min late,59m,Landed
2025-06-17,8B5103,,TransNusa,Jakarta,CGK,WIII,15:10,07:10,,,,,1h 45m,
2025-06-17,GA842,GIA842,Garuda Indonesia,Singapore,SIN,WSSS,15:15,07:15,15:36,21min late,18:19,19min late,2h 43m,Landed
2025-06-17,IU759,SJV759,SW Italia,Jakarta,CGK,WIII,15:15,07:15,16:41,26min late,17:23,13min late,1h 41m,Landed
2025-06-17,VA50,VOZ050,Virgin Australia,Brisbane,BNE,YBBN,15:15,07:15,15:15,on time,22:55,4min early,5h 40m,Landed
2025-06-17,JT740,LNI740,Lion Air,Makassar,UPG,WAAA,15:25,07:25,16:35,10min late,17:38,53min late,1h 3m,Landed
2025-06-17,QG195,CTV195,Citilink,Jakarta,HLP,WIHH,15:25,07:25,16:19,54min late,17:32,17min late,2h 13m,Landed
2025-06-17,VJ898,VJC898,VietJet Air,Ho Chi Minh City,SGN,VVTS,15:30,07:30,15:45,15min late,18:06,13min early,3h 21m,Landed
2025-06-17,ID6335,BTK6335,Batik Air,Labuan Bajo,LBJ,WATO,15:35,07:35,15:48,13min late,16:43,1min early,55m,Landed
2025-06-17,CI772,CAL772,China Airlines,Taipei,TPE,RCTP,15:40,07:40,15:58,18min late,21:02,2min early,5h 4m,Landed
2025-06-17,IP109,PAS109,Pelita Air Service,Jakarta,CGK,WIII,15:45,07:45,15:56,11min late,16:30,4min early,1h 33m,Landed
2025-06-17,QZ646,AWQ646,Indonesia AirAsia,Labuan Bajo,LBJ,WATO,15:45,07:45,15:57,12min late,16:49,10min early,51m,Landed
2025-06-17,VA92,VOZ092,Virgin Australia,Melbourne,MEL,YMML,15:50,07:50,16:05,15min late,23:56,31min late,5h 51m,Landed
2025-06-17,JQ43,JST043,Jetstar Airways,Singapore,SIN,WSSS,15:50,07:50,16:05,15min late,18:32,2min late,2h 26m,Landed
2025-06-17,GA411,GIA411,Garuda Indonesia,Jakarta,CGK,WIII,15:55,07:55,16:08,13min late,16:45,14min early,1h 37m,Landed
2025-06-17,CX784,CPA784,Cathay Pacific,Hong Kong,HKG,VHHH,16:10,08:10,16:07,3min early,20:43,41min early,4h 36m,Landed
2025-06-17,QZ807,AWQ807,Indonesia AirAsia,Jakarta,CGK,WIII,16:10,08:10,16:22,12min late,16:54,20min early,1h 31m,Landed
2025-06-17,IU743,,SW Italia,Jakarta,CGK,WIII,16:10,08:10,,,,,1h 55m,Cancelled
2025-06-17,QZ536,AWQ536,Indonesia AirAsia,Perth,PER,YPPH,16:15,08:15,16:51,36min late,20:14,4min late,3h 23m,Landed
2025-06-17,QG669,CTV669,Citilink,Surabaya,SUB,WARR,16:20,08:20,16:56,36min late,16:43,13min late,46m,Landed
2025-06-17,MH850,MAS850,Malaysia Airlines,Kuala Lumpur,KUL,WMKK,16:25,08:25,16:52,27min late,19:48,13min late,2h 55m,Landed
2025-06-17,JT925,LNI925,Lion Air,Surakarta,SOC,WAHQ,16:25,08:25,16:42,17min late,16:43,1min early,1h 0m,Landed
2025-06-17,BR256,EVA256,EVA Airways,Taipei,TPE,RCTP,16:30,08:30,16:30,on time,21:44,15min early,5h 14m,Landed
2025-06-17,QZ246,AWQ246,Indonesia AirAsia,Phuket,HKT,VTSP,16:40,08:40,16:56,16min late,19:26,13min early,3h 30m,Landed
2025-06-17,HO1356,DKH1356,Juneyao Airlines,Shanghai,PVG,ZSPD,16:50,08:50,16:57,7min late,23:09,30min early,6h 11m,Landed
2025-06-17,QZ556,AWQ556,Indonesia AirAsia,Kuala Lumpur,KUL,WMKK,16:55,08:55,19:14,19min late,21:50,40min late,2h 35m,Landed
2025-06-17,TG432,THA432,Thai Airways International,Bangkok,BKK,VTBS,16:55,08:55,17:17,22min late,19:53,11min early,3h 36m,Landed
2025-06-17,JT923,LNI923,Lion Air,Surabaya,SUB,WARR,17:05,09:05,17:26,21min late,17:09,4min late,43m,Landed
2025-06-17,GA419,GIA419,Garuda Indonesia,Jakarta,CGK,WIII,17:25,09:25,17:59,34min late,18:28,3min late,1h 28m,Landed
2025-06-17,VJ998,VJC998,VietJet Air,Hanoi,HAN,VVNB,17:30,09:30,17:18,11min early,20:58,46min early,4h 39m,Landed
2025-06-17,GA349,GIA349,Garuda Indonesia,Surabaya,SUB,WARR,17:35,09:35,17:41,6min late,17:29,15min early,47m,Landed
2025-06-17,IN281,,NAM Air,Jakarta,CGK,WIII,17:45,09:45,,,,,1h 40m,
2025-06-17,OD193,MXD193,Malindo Air,Perth,PER,YPPH,18:10,10:10,18:32,22min late,21:51,6min late,3h 18m,Landed
2025-06-17,SL259,TLM259,Thai Lion Air,Bangkok,DMK,VTBD,18:20,10:20,18:39,19min late,21:42,2min late,4h 3m,Landed
2025-06-17,IU737,SJV737,SW Italia,Jakarta,CGK,WIII,18:30,10:30,08:16,46min late,08:03,38min late,47m,Landed
2025-06-17,IN283,LKN283,Nam Air,Jakarta,CGK,WIII,18:30,10:30,18:37,7min late,19:09,on time,1h 32m,Landed
2025-06-17,GA417,GIA417,Garuda Indonesia,Jakarta,CGK,WIII,18:40,10:40,18:58,18min late,19:40,on time,1h 42m,Landed
2025-06-17,8B5109,TNU5109,Business Air,Jakarta,CGK,WIII,18:45,10:45,18:48,3min late,19:31,1min late,1h 43m,Landed
2025-06-17,CX782,CPA782,Cathay Pacific,Hong Kong,HKG,VHHH,18:45,10:45,18:51,6min late,23:34,30min early,4h 43m,Landed
2025-06-17,EY477,ETD477,Etihad Airways,Abu Dhabi,AUH,OMAA,18:45,10:45,19:07,22min late,23:27,2min early,8h 20m,Landed
2025-06-17,QZ809,AWQ809,Indonesia AirAsia,Jakarta,CGK,WIII,18:50,10:50,19:24,34min late,19:52,7min late,1h 27m,Landed
2025-06-17,TG440,THA440,Thai Airways International,Bangkok,BKK,VTBS,19:00,11:00,18:58,1min early,21:54,15min early,3h 55m,Landed
2025-06-17,QG689,CTV689,Citilink,Jakarta,CGK,WIII,19:00,11:00,20:16,16min late,21:00,0min late,1h 44m,Landed
2025-06-17,AK379,AXM379,AirAsia,Kuala Lumpur,KUL,WMKK,19:15,11:15,19:55,40min late,22:53,33min late,2h 57m,Landed
2025-06-17,3K246,JSA246,Jetstar Asia,Singapore,SIN,WSSS,19:15,11:15,19:27,12min late,21:41,18min early,2h 13m,Landed
2025-06-17,QR963,QTR963,Qatar Airways,Doha,DOH,OTHH,19:20,11:20,19:53,33min late,23:54,14min late,9h 0m,Landed
2025-06-17,MH852,MAS852,Malaysia Airlines,Kuala Lumpur,KUL,WMKK,19:20,11:20,19:16,3min early,22:17,2min early,3h 1m,Landed
2025-06-17,IU755,SJV755,SW Italia,Jakarta,CGK,WIII,19:25,11:25,23:32,7min late,00:05,45min late,1h 33m,Landed
2025-06-17,ID7310,BTK7310,Batik Air,Jakarta,HLP,WIHH,19:25,11:25,20:11,46min late,20:32,22min late,1h 20m,Landed
2025-06-17,TR287,TGW287,Scoot,Singapore,SIN,WSSS,19:40,11:40,20:01,21min late,22:21,6min late,2h 20m,Landed
2025-06-17,EK369,UAE369,Emirates,Dubai,DXB,OMDB,19:45,11:45,20:41,56min late,00:52,2min late,8h 11m,Landed
2025-06-17,ID6413,BTK6413,Batik Air,Surabaya,SUB,WARR,19:50,11:50,19:55,5min late,19:38,11min early,43m,Landed
2025-06-17,SQ945,SIA945,Singapore Airlines,Singapore,SIN,WSSS,20:00,12:00,20:12,12min late,22:26,13min early,2h 13m,Landed
2025-06-17,GA415,GIA415,Garuda Indonesia,Jakarta,CGK,WIII,20:00,12:00,20:14,14min late,20:59,on time,1h 44m,Landed
2025-06-17,8B969,TNU969,Business Air,Guangzhou,CAN,ZGGG,20:15,12:15,19:54,20min early,00:45,14min early,4h 50m,Landed
2025-06-17,QG342,CTV342,Citilink,Makassar,UPG,WAAA,20:20,12:20,21:47,27min late,23:12,17min late,1h 24m,Landed
2025-06-17,KL836,KLM836,KLM Royal Dutch Airlines,Singapore,SIN,WSSS,20:35,12:35,21:00,25min late,23:03,6min early,2h 3m,Landed
2025-06-17,OD177,MXD177,Malindo Air,Melbourne,MEL,YMML,21:00,13:00,21:17,17min late,04:41,1min late,5h 23m,Landed
2025-06-17,GA425,GIA425,Garuda Indonesia,Jakarta,CGK,WIII,21:05,13:05,21:13,8min late,21:44,15min early,1h 31m,Landed
2025-06-17,TK67,THY067,Turkish Airlines,Istanbul,IST,LTFM,21:20,13:20,21:32,12min late,05:23,8min late,12h 51m,Landed
2025-06-17,JQ34,JST034,Jetstar Airways,Melbourne,MEL,YMML,21:20,13:20,21:47,27min late,05:04,9min late,5h 16m,Landed
2025-06-17,AK375,AXM375,AirAsia,Kuala Lumpur,KUL,WMKK,21:25,13:25,22:47,22min late,01:38,8min late,2h 51m,Landed
2025-06-17,ID6760,BTK6760,Batik Air,Makassar,UPG,WAAA,21:30,13:30,21:31,1min late,22:29,20min early,57m,Landed
2025-06-17,JQ117,JST117,Jetstar Airways,Perth,PER,YPPH,21:30,13:30,21:37,7min late,00:53,26min early,3h 16m,Landed
2025-06-17,IU745,SJV745,SW Italia,Jakarta,CGK,WIII,21:30,13:30,23:51,21min late,00:22,57min late,1h 30m,Landed
2025-06-17,IP105,,Pelita Air Service,Jakarta,CGK,WIII,21:40,13:40,,,,,1h 50m,
2025-06-17,SQ947,SIA947,Singapore Airlines,Singapore,SIN,WSSS,21:45,13:45,21:54,9min late,00:14,5min early,2h 20m,Landed
2025-06-17,QZ546,AWQ546,Indonesia AirAsia,Perth,PER,YPPH,21:55,13:55,22:16,21min late,01:37,2min early,3h 21m,Landed
2025-06-17,OD157,MXD157,Malindo Air,Brisbane,BNE,YBBN,22:00,14:00,00:22,22min late,07:45,55min late,5h 23m,Landed
2025-06-17,GA718,GIA718,Garuda Indonesia,Melbourne,MEL,YMML,22:05,14:05,22:26,21min late,00:26,3min early,0m,Landed
2025-06-17,JQ60,JST060,Jetstar Airways,Brisbane,BNE,YBBN,22:10,14:10,22:23,13min late,05:32,7min early,5h 9m,Landed
2025-06-17,QF44,QFA044,Qantas,Sydney,SYD,YSSY,22:10,14:10,22:08,2min early,06:02,2min early,5h 54m,Landed
2025-06-17,OD171,MXD171,Malindo Air,Sydney,SYD,YSSY,22:15,14:15,22:38,23min late,06:16,11min late,5h 38m,Landed
2025-06-17,QG9695,CTV9695,Citilink,Surabaya,SUB,WARR,22:20,14:20,22:45,25min late,22:35,10min late,50m,Landed
2025-06-17,JQ38,JST038,Jetstar Airways,Sydney,SYD,YSSY,22:35,14:35,23:19,44min late,06:55,25min late,5h 35m,Landed
2025-06-17,7C2712,JJA2712,Jeju Air,Seoul,ICN,RKSI,22:45,14:45,23:21,36min late,07:32,22min late,7h 11m,Landed
2025-06-17,QZ811,AWQ811,Indonesia AirAsia,Jakarta,CGK,WIII,22:50,14:50,00:02,12min late,00:37,57min late,1h 35m,Landed
2025-06-17,VA96,VOZ096,Virgin Australia,Melbourne,MEL,YMML,23:05,15:05,22:49,16min early,06:20,19min early,5h 31m,Landed
2025-06-17,JT3020,,Lion Air,Seoul,ICN,RKSI,23:05,15:05,,,,,7h 5m,
2025-06-17,VA82,VOZ082,Virgin Australia,Gold Coast,OOL,YBCG,23:20,15:20,00:26,6min late,07:09,14min late,4h 42m,Landed
2025-06-17,GA714,GIA714,Garuda Indonesia,Sydney,SYD,YSSY,23:25,15:25,23:45,20min late,07:18,8min late,5h 33m,Landed
2025-06-17,3K240,JSA240,Jetstar Asia,Singapore,SIN,WSSS,23:25,15:25,23:26,1min late,01:53,16min early,2h 27m,Landed
2025-06-17,JQ36,JST036,Jetstar Airways,Melbourne,MEL,YMML,23:30,15:30,00:10,40min late,07:24,19min late,5h 13m,Landed
2025-06-17,VA68,VOZ068,Virgin Australia,Sydney,SYD,YSSY,23:35,15:35,23:49,14min late,07:54,9min late,6h 5m,Landed
2025-06-17,KE634,KAL634,Korean Air Lines,Seoul,ICN,RKSI,23:45,15:45,23:39,6min early,07:48,6min early,7h 9m,Landed
2025-06-17,JQ128,JST128,Jetstar Airways,Adelaide,ADL,YPAD,23:55,15:55,00:08,13min late,06:07,7min early,4h 28m,Landed
2025-06-18,BX602,ABL602,Air Busan,Busan,PUS,RKPK,00:05,16:05,00:27,22min late,08:07,2min early,6h 40m,Landed
2025-06-18,CZ626,CSN626,China Southern Airlines,Guangzhou,CAN,ZGGG,00:30,16:30,01:17,47min late,06:09,19min late,4h 52m,Landed
2025-06-18,MF892,CXA892,Xiamen Airlines,Xiamen,XMN,ZSAM,00:30,16:30,00:28,2min early,06:06,1min late,5h 38m,Landed
2025-06-18,QR961,QTR961,Qatar Airways,Doha,DOH,OTHH,00:35,16:35,00:41,6min late,04:38,16min early,8h 57m,Landed
2025-06-18,EK399,UAE399,Emirates,Dubai,DXB,OMDB,00:35,16:35,00:35,on time,05:03,31min early,8h 28m,Landed
2025-06-18,KE630,,Korean Air Lines,Seoul,ICN,RKSI,00:50,16:50,08:22,32min late,16:17,57min late,6h 55m,Landed
2025-06-18,PR538,PAL538,Philippine Airlines,Manila,MNL,RPLL,00:55,16:55,02:01,6min late,05:42,52min late,3h 41m,Landed
2025-06-18,MU5030,CES5030,China Eastern Airlines,Shanghai,PVG,ZSPD,00:55,16:55,01:06,11min late,07:22,37min early,6h 15m,Landed
2025-06-18,5J282,CEB282,CEBU Pacific Air,Manila,MNL,RPLL,01:00,17:00,01:54,54min late,05:37,12min late,3h 42m,Landed
2025-06-18,QZ300,AWQ300,Indonesia AirAsia,Hong Kong,HKG,VHHH,01:10,17:10,00:50,19min early,05:53,6min early,5h 2m,Landed
2025-06-18,8B5888,,TransNusa,Manado,MDC,WAMM,01:50,17:50,,,,,2h 35m,
2025-06-18,JT3569,LNI3569,Lion Air,Yogyakarta,YIA,WAHI,07:00,23:00,07:03,3min late,07:12,17min early,1h 8m,Landed
2025-06-18,GA401,GIA401,Garuda Indonesia,Jakarta,CGK,WIII,07:00,23:00,07:09,9min late,07:37,22min early,1h 28m,Landed
2025-06-18,QZ550,AWQ550,Indonesia AirAsia,Kuala Lumpur,KUL,WMKK,07:00,23:00,07:29,29min late,10:05,5min late,2h 35m,Landed
2025-06-18,JT929,LNI929,Lion Air,Surabaya,SUB,WARR,07:00,23:00,08:30,30min late,08:12,12min late,41m,Landed
2025-06-18,JT746,LNI746,Lion Air,Makassar,UPG,WAAA,07:00,23:00,10:18,18min late,08:20,,1h 20m,Landed
2025-06-18,JT856,,Lion Air,Surabaya,SUB,WARR,07:00,23:00,,,,,1h 1m,
2025-06-18,JT944,,Lion Air,Makassar,UPG,WAAA,07:00,23:00,07:00,,08:31,11min late,1h 31m,Landed
2025-06-18,QZ534,AWQ534,Indonesia AirAsia,Perth,PER,YPPH,07:05,23:05,07:20,15min late,10:57,2min early,3h 37m,Landed
2025-06-18,QG690,CTV690,Citilink,Surabaya,SUB,WARR,07:05,23:05,07:12,7min late,06:46,18min early,33m,Landed
2025-06-18,QZ502,AWQ502,Indonesia AirAsia,Singapore,SIN,WSSS,07:10,23:10,07:21,11min late,09:44,5min early,2h 23m,Landed
2025-06-18,SQ949,SIA949,Singapore Airlines,Singapore,SIN,WSSS,07:10,23:10,07:19,9min late,09:43,16min early,2h 23m,Landed
2025-06-18,QZ644,,Indonesia AirAsia,Labuan Bajo,LBJ,WATO,07:10,23:10,,,,,1h 5m,Cancelled
2025-06-18,QZ813,AWQ813,Indonesia AirAsia,Jakarta,CGK,WIII,07:15,23:15,07:12,2min early,07:54,15min early,1h 41m,Landed
2025-06-18,QG663,CTV663,Citilink,Jakarta,CGK,WIII,07:50,23:50,08:00,10min late,08:31,13min early,1h 30m,Landed
2025-06-18,JQ82,JST082,Jetstar Airways,Darwin,DRW,YPDN,07:50,23:50,08:11,21min late,09:41,18min early,0m,Landed
2025-06-18,IW1854,WON1854,Wings Air,Lombok,LOP,WADL,08:00,00:00,08:06,6min late,08:29,15min early,23m,Landed
2025-06-18,IU731,SJV731,SW Italia,Jakarta,CGK,WIII,08:05,00:05,08:37,32min late,09:12,12min late,1h 35m,Landed
2025-06-18,HX706,CRK706,Hong Kong Airlines,Hong Kong,HKG,VHHH,08:15,00:15,08:16,on time,13:05,14min early,4h 49m,Landed
2025-06-18,5J280,CEB280,CEBU Pacific Air,Manila,MNL,RPLL,08:35,00:35,08:57,22min late,12:30,19min early,3h 33m,Landed
2025-06-18,IW1850,WON1850,Wings Air,Lombok,LOP,WADL,08:35,00:35,08:45,10min late,09:13,6min early,27m,Landed
2025-06-18,CZ8482,CSN8482,China Southern Airlines,Guangzhou,CAN,ZGGG,08:40,00:40,08:46,6min late,13:36,13min early,4h 50m,Landed
2025-06-18,IU703,SJV703,SW Italia,Surabaya,SUB,WARR,08:40,00:40,09:02,22min late,08:38,1min early,36m,Landed
2025-06-18,QZ504,AWQ504,Indonesia AirAsia,Singapore,SIN,WSSS,09:00,01:00,09:03,3min late,11:31,13min early,2h 28m,Landed
2025-06-18,8B80,TNU080,Business Air,Perth,PER,YPPH,09:05,01:05,09:13,8min late,12:56,1min late,3h 43m,Landed
2025-06-18,8B5105,TNU5105,Business Air,Jakarta,CGK,WIII,09:10,01:10,09:11,1min late,09:45,14min early,1h 33m,Landed
2025-06-18,IN640,LKN640,Nam Air,Tambolaka,TMC,WADT,09:10,01:10,10:31,21min late,11:14,4min late,43m,Landed
2025-06-18,IW1832,WON1832,Wings Air,Tambolaka,TMC,WADT,09:10,01:10,10:32,22min late,12:21,46min late,1h 49m,Landed
2025-06-18,IW1856,WON1856,Wings Air,Lombok,LOP,WADL,09:10,01:10,09:33,23min late,09:32,22min early,,Landed
2025-06-18,ID6007,BTK6007,Batik Air,Perth,PER,YPPH,09:25,01:25,09:42,17min late,13:28,13min late,3h 45m,Landed
2025-06-18,QG500,CTV500,Citilink,Dili,DIL,WPDL,09:30,01:30,09:30,on time,12:32,12min late,2h 2m,Landed
2025-06-18,QZ803,AWQ803,Indonesia AirAsia,Jakarta,CGK,WIII,09:40,01:40,09:50,10min late,10:18,11min early,1h 27m,Landed
2025-06-18,QR965,QTR965,Qatar Airways,Doha,DOH,OTHH,09:55,01:55,10:27,32min late,14:09,10min early,8h 42m,Landed
2025-06-18,JT273,,Lion Air,Semarang,SRG,WIIS,10:00,02:00,,,,,1h 25m,
2025-06-18,IW1882,WON1882,Wings Air,Sumbawa Besar,SWQ,WADS,10:00,02:00,10:23,23min late,11:04,4min late,41m,Landed
2025-06-18,IU757,,SW Italia,Jakarta,CGK,WIII,10:00,02:00,,,,,1h 55m,Cancelled
2025-06-18,SQ935,SIA935,Singapore Airlines,Singapore,SIN,WSSS,10:05,02:05,10:35,30min late,13:01,16min late,2h 25m,Landed
2025-06-18,SU297,AFL297,Aeroflot,Moscow,SVO,UUEE,10:05,02:05,10:46,41min late,17:53,21min early,12h 6m,Landed
2025-06-18,8B5101,,Business Air,Jakarta,CGK,WIII,10:25,02:25,,,,,1h 50m,
2025-06-18,AI2146,,Air India,Delhi,DEL,VIDP,10:35,02:35,,,,,10h 40m,Cancelled
2025-06-18,8G182,DTL182,Mid Africa Aviation,Dili,DIL,WPDL,10:35,02:35,10:57,22min late,13:52,22min late,1h 54m,Landed
2025-06-18,JT23,LNI023,Lion Air,Jakarta,CGK,WIII,10:35,02:35,10:47,12min late,11:25,4min early,1h 37m,Landed
2025-06-18,QZ815,AWQ815,Indonesia AirAsia,Jakarta,CGK,WIII,10:35,02:35,10:42,7min late,11:15,14min early,1h 33m,Landed
2025-06-18,TR281,,Scoot,Singapore,SIN,WSSS,10:50,02:50,,,,,2h 40m,Cancelled
2025-06-18,JT927,LNI927,Lion Air,Surakarta,SOC,WAHQ,10:55,02:55,11:01,6min late,11:02,12min early,1h 0m,Landed
2025-06-18,3K244,,Jetstar Asia,Singapore,SIN,WSSS,10:55,02:55,,,,,2h 45m,Cancelled
2025-06-18,JT924,LNI924,Lion Air,Kupang,KOE,WATT,11:05,03:05,12:02,57min late,14:11,26min late,2h 8m,Landed
2025-06-18,JT805,LNI805,Lion Air,Surabaya,SUB,WARR,11:05,03:05,11:20,15min late,11:04,on time,43m,Landed
2025-06-18,IU741,SJV741,SW Italia,Jakarta,CGK,WIII,11:05,03:05,11:43,38min late,12:39,39min late,1h 55m,Landed
2025-06-18,JQ126,,Jetstar Airways,Adelaide,ADL,YPAD,11:15,03:15,,,,,4h 45m,Cancelled
2025-06-18,6E1606,IGO1606,IndiGo,Bangalore,BLR,VOBL,11:20,03:20,11:31,11min late,14:52,17min early,5h 50m,Landed
2025-06-18,JQ109,,Jetstar Airways,Perth,PER,YPPH,11:40,03:40,,,,,3h 45m,Cancelled
2025-06-18,OD192,MXD192,Malindo Air,Kuala Lumpur,KUL,WMKK,11:55,03:55,12:34,39min late,15:12,7min late,2h 38m,Landed
2025-06-18,JQ32,,Jetstar Airways,Melbourne,MEL,YMML,11:55,03:55,11:55,on time,19:27,2min early,5h 32m,Landed
2025-06-18,JT569,LNI569,Lion Air,Yogyakarta,YIA,WAHI,11:55,03:55,12:22,27min late,12:40,15min late,1h 17m,Landed
2025-06-18,FD397,AIQ397,Thai AirAsia,Bangkok,DMK,VTBD,12:00,04:00,12:41,41min late,15:45,10min late,4h 3m,Landed
2025-06-18,GA407,GIA407,Garuda Indonesia,Jakarta,CGK,WIII,12:00,04:00,12:24,24min late,13:03,8min late,1h 39m,Landed
2025-06-18,GA253,GIA253,Garuda Indonesia,Yogyakarta,YIA,WAHI,12:05,04:05,12:40,35min late,12:52,2min early,1h 12m,Landed
2025-06-18,QZ618,AWQ618,Indonesia AirAsia,Banjarmasin,BDJ,WAOO,12:05,04:05,12:07,2min late,13:06,23min early,58m,Landed
2025-06-18,SQ937,,Singapore Airlines,Singapore,SIN,WSSS,12:10,04:10,,,,,2h 45m,Cancelled
2025-06-18,JQ40,,Jetstar Airways,Sydney,SYD,YSSY,12:20,04:20,,,,,5h 55m,
2025-06-18,OD178,MXD178,Malindo Air,Kuala Lumpur,KUL,WMKK,12:25,04:25,12:43,18min late,15:15,19min early,2h 32m,Landed
2025-06-18,QZ805,AWQ805,Indonesia AirAsia,Jakarta,CGK,WIII,12:40,04:40,12:38,1min early,13:16,23min early,1h 38m,Landed
2025-06-18,QG9693,CTV9693,Citilink,Surabaya,SUB,WARR,12:40,04:40,13:09,29min late,12:51,1min late,41m,Landed
2025-06-18,OD158,MXD158,Malindo Air,Kuala Lumpur,KUL,WMKK,12:45,04:45,16:15,30min late,18:51,56min late,2h 35m,Landed
2025-06-18,IW1848,WON1848,Wings Air,Lombok,LOP,WADL,12:45,04:45,12:57,12min late,13:19,10min early,21m,Landed
2025-06-18,ID7308,BTK7308,Batik Air,Jakarta,HLP,WIHH,12:50,04:50,13:19,29min late,14:02,27min late,1h 42m,Landed
2025-06-18,MH714,MAS714,Malaysia Airlines,Kuala Lumpur,KUL,WMKK,12:55,04:55,13:42,47min late,16:18,18min late,2h 36m,Landed
2025-06-18,IP103,PAS103,Pelita Air Service,Jakarta,CGK,WIII,12:55,04:55,13:02,7min late,13:42,2min early,1h 39m,Landed
2025-06-18,GA4292,GIA4292,Garuda Indonesia,Jakarta,CGK,WIII,13:00,05:00,13:14,14min late,13:48,11min early,1h 33m,Landed
2025-06-18,SQ939,,Singapore Airlines,Singapore,SIN,WSSS,13:05,05:05,,,,,2h 45m,Cancelled
2025-06-18,VJ900,VJC900,VietJet Air,Hanoi,HAN,VVNB,13:10,05:10,14:47,37min late,18:19,59min late,4h 32m,Landed
2025-06-18,JQ58,,Jetstar Airways,Brisbane,BNE,YBBN,13:15,05:15,13:15,,20:44,on time,5h 29m,Landed
2025-06-18,IU753,SJV753,SW Italia,Jakarta,CGK,WIII,13:15,05:15,13:38,23min late,14:19,9min late,1h 40m,Landed
2025-06-18,OD172,MXD172,Malindo Air,Kuala Lumpur,KUL,WMKK,13:15,05:15,13:30,15min late,16:04,20min early,2h 33m,Landed
2025-06-18,IW1834,,Wings Air,Tambolaka,TMC,WADT,13:20,05:20,,,,,1h 25m,
2025-06-18,JT770,,Lion Air,Manado,MDC,WAMM,13:20,05:20,,,,,2h 40m,Cancelled
2025-06-18,D7799,,AirAsia X,Kuala Lumpur,KUL,WMKK,13:35,05:35,,,,,3h 15m,Cancelled
2025-06-18,IW1826,WON1826,Wings Air,Bima,BMU,WADB,13:40,05:40,15:39,59min late,17:00,55min late,1h 21m,Landed
2025-06-18,GA409,GIA409,Garuda Indonesia,Jakarta,CGK,WIII,13:45,05:45,15:26,41min late,15:58,13min late,1h 32m,Landed
2025-06-18,ID7135,BTK7135,Batik Air,Singapore,SIN,WSSS,13:45,05:45,14:02,17min late,16:20,19min early,2h 18m,Landed
2025-06-18,QZ506,AWQ506,Indonesia AirAsia,Singapore,SIN,WSSS,13:45,05:45,13:44,on time,16:14,25min early,2h 30m,Landed
2025-06-18,8B5107,,TransNusa,Jakarta,CGK,WIII,13:50,05:50,13:50,on time,14:40,,1h 50m,Landed
2025-06-18,QZ544,AWQ544,Indonesia AirAsia,Perth,PER,YPPH,13:55,05:55,14:30,35min late,17:58,3min late,3h 27m,Landed
2025-06-18,IW1964,WON1964,Wings Air,Lombok,LOP,WADL,13:55,05:55,14:06,11min late,14:30,9min early,23m,Landed
2025-06-18,VJ848,VJC848,VietJet Air,Ho Chi Minh City,SGN,VVTS,14:00,06:00,14:16,16min late,16:32,17min early,3h 16m,Landed
2025-06-18,TR289,,Scoot,Singapore,SIN,WSSS,14:00,06:00,,,,,3h 0m,Cancelled
2025-06-18,VJ894,,VietJet Air,Ho Chi Minh City,SGN,VVTS,14:05,06:05,14:50,45min late,16:58,3min late,3h 8m,Landed
2025-06-18,ID7637,BTK7637,Batik Air,Bangkok,DMK,VTBD,14:15,06:15,14:49,34min late,17:48,3min late,3h 59m,Landed
2025-06-18,QG699,CTV699,Citilink,Surabaya,SUB,WARR,14:20,06:20,17:59,39min late,14:54,29min late,,Landed
2025-06-18,JT844,LNI844,Lion Air,Banjarmasin,BDJ,WAOO,14:35,06:35,15:00,25min late,16:13,13min late,1h 13m,Landed
2025-06-18,IW1884,,Wings Air,Waingapu,WGP,WADW,14:40,06:40,,,,,1h 50m,
2025-06-18,QG681,CTV681,Citilink,Jakarta,CGK,WIII,14:40,06:40,15:10,30min late,15:51,8min early,1h 41m,Landed
2025-06-18,JT919,LNI919,Lion Air,Surabaya,SUB,WARR,14:40,06:40,00:27,47min late,00:04,24min late,37m,Landed
2025-06-18,AK377,,AirAsia,Kuala Lumpur,KUL,WMKK,14:45,06:45,,,,,3h 10m,Cancelled
2025-06-18,OD307,MXD307,Malindo Air,Kuala Lumpur,KUL,WMKK,14:50,06:50,15:03,13min late,17:50,,3h 0m,Landed
2025-06-18,JT271,LNI271,Lion Air,Semarang,SRG,WIIS,15:05,07:05,22:41,36min late,22:43,13min late,1h 2m,Landed
2025-06-18,8B5103,,TransNusa,Jakarta,CGK,WIII,15:10,07:10,,,,,1h 45m,
2025-06-18,QZ244,AWQ244,Indonesia AirAsia,Bangkok,DMK,VTBD,15:10,07:10,16:11,1min late,19:45,15min late,4h 33m,Landed
2025-06-18,IU759,SJV759,SW Italia,Jakarta,CGK,WIII,15:15,07:15,22:33,18min late,23:10,0min late,1h 36m,Landed
2025-06-18,VA50,,Virgin Australia,Brisbane,BNE,YBBN,15:15,07:15,,,,,5h 45m,Cancelled
2025-06-18,GA842,GIA842,Garuda Indonesia,Singapore,SIN,WSSS,15:15,07:15,15:20,5min late,17:53,6min early,2h 33m,Landed
2025-06-18,JT740,LNI740,Lion Air,Makassar,UPG,WAAA,15:25,07:25,15:37,12min late,16:45,on time,1h 7m,Landed
2025-06-18,VJ898,VJC898,VietJet Air,Ho Chi Minh City,SGN,VVTS,15:30,07:30,16:13,43min late,18:28,8min late,3h 14m,Landed
2025-06-18,ID6335,BTK6335,Batik Air,Labuan Bajo,LBJ,WATO,15:35,07:35,21:56,21min late,22:46,1min late,49m,Landed
2025-06-18,JT961,LNI961,Lion Air,Medan,KNO,WIMM,15:40,07:40,22:06,26min late,00:08,38min late,3h 1m,Landed
2025-06-18,CI772,CAL772,China Airlines,Taipei,TPE,RCTP,15:40,07:40,15:40,on time,20:46,18min early,5h 6m,Landed
2025-06-18,IP109,PAS109,Pelita Air Service,Jakarta,CGK,WIII,15:45,07:45,16:28,43min late,16:57,22min late,1h 28m,Landed
2025-06-18,QZ646,AWQ646,Indonesia AirAsia,Labuan Bajo,LBJ,WATO,15:45,07:45,15:59,14min late,16:50,9min early,50m,Landed
2025-06-18,JQ43,,Jetstar Airways,Singapore,SIN,WSSS,15:50,07:50,,,,,2h 40m,Cancelled
2025-06-18,VA92,,Virgin Australia,Melbourne,MEL,YMML,15:50,07:50,,,,,5h 35m,Cancelled
2025-06-18,ID8335,,Batik Air,Labuan Bajo,LBJ,WATO,15:55,07:55,,,,,1h 10m,
2025-06-18,GA411,GIA411,Garuda Indonesia,Jakarta,CGK,WIII,15:55,07:55,19:44,49min late,20:15,15min late,1h 30m,Landed
2025-06-18,JQ44,,Jetstar Airways,Melbourne,MEL,YMML,15:55,07:55,,,,,5h 35m,Cancelled
2025-06-18,VN640,,Vietnam Airlines,Ho Chi Minh City,SGN,VVTS,16:00,08:00,16:00,on time,18:39,on time,3h 39m,Landed
2025-06-18,QG195,CTV195,Citilink,Jakarta,HLP,WIHH,16:10,08:10,16:10,on time,16:49,10min early,1h 38m,Landed
2025-06-18,CX784,CPA784,Cathay Pacific,Hong Kong,HKG,VHHH,16:10,08:10,16:03,7min early,20:35,49min early,4h 32m,Landed
2025-06-18,QZ807,AWQ807,Indonesia AirAsia,Jakarta,CGK,WIII,16:10,08:10,16:18,8min late,17:02,12min early,1h 43m,Landed
2025-06-18,IU743,SJV743,SW Italia,Jakarta,CGK,WIII,16:10,08:10,22:24,14min late,23:03,58min late,1h 38m,Landed
2025-06-18,QZ536,AWQ536,Indonesia AirAsia,Perth,PER,YPPH,16:15,08:15,16:47,32min late,20:11,1min late,3h 24m,Landed
2025-06-18,QG669,CTV669,Citilink,Surabaya,SUB,WARR,16:20,08:20,16:20,on time,16:21,8min early,1h 1m,Landed
2025-06-18,JT925,LNI925,Lion Air,Surakarta,SOC,WAHQ,16:25,08:25,23:54,29min late,23:52,7min late,58m,Landed
2025-06-18,MH850,,Malaysia Airlines,Kuala Lumpur,KUL,WMKK,16:25,08:25,,,,,3h 10m,Cancelled
2025-06-18,BR256,EVA256,EVA Airways,Taipei,TPE,RCTP,16:30,08:30,16:58,28min late,22:18,18min late,5h 20m,Landed
2025-06-18,QZ642,AWQ642,Indonesia AirAsia,Labuan Bajo,LBJ,WATO,16:45,08:45,16:58,13min late,17:50,4min early,51m,Landed
2025-06-18,IU273,SJV273,SW Italia,Pontianak,PNK,WIOO,16:50,08:50,21:50,0min late,22:30,40min late,1h 40m,Landed
2025-06-18,HO1356,,Juneyao Airlines,Shanghai,PVG,ZSPD,16:50,08:50,,,,,6h 50m,
2025-06-18,JT567,LNI567,Lion Air,Yogyakarta,YIA,WAHI,16:50,08:50,00:16,26min late,00:21,1min late,1h 4m,Landed
2025-06-18,QZ556,AWQ556,Indonesia AirAsia,Kuala Lumpur,KUL,WMKK,16:55,08:55,17:17,22min late,20:05,4min early,2h 47m,Landed
2025-06-18,TG432,THA432,Thai Airways International,Bangkok,BKK,VTBS,16:55,08:55,16:35,19min early,19:55,9min early,4h 19m,Landed
2025-06-18,JT923,LNI923,Lion Air,Surabaya,SUB,WARR,17:05,09:05,01:34,29min late,01:06,1min late,32m,Landed
2025-06-18,GA419,GIA419,Garuda Indonesia,Jakarta,CGK,WIII,17:25,09:25,18:31,6min late,18:53,28min late,1h 21m,Landed
2025-06-18,VJ998,VJC998,VietJet Air,Hanoi,HAN,VVNB,17:30,09:30,17:51,21min late,21:24,20min early,4h 33m,Landed
2025-06-18,GA349,GIA349,Garuda Indonesia,Surabaya,SUB,WARR,17:35,09:35,19:39,4min late,17:19,25min early,,Landed
2025-06-18,D7793,,AirAsia X,Kuala Lumpur,KUL,WMKK,17:40,09:40,,,,,3h 15m,Cancelled
2025-06-18,NZ291,,Air New Zealand,Auckland,AKL,NZAA,17:50,09:50,,,,,7h 40m,Cancelled
2025-06-18,OD193,,Malindo Air,Perth,PER,YPPH,18:10,10:10,,,,,3h 35m,
2025-06-18,SL259,,Thai Lion Air,Bangkok,DMK,VTBD,18:20,10:20,08:37,17min late,11:35,55min late,3h 57m,Landed
2025-06-18,IU737,SJV737,SW Italia,Jakarta,CGK,WIII,18:30,10:30,00:51,21min late,01:14,49min late,1h 22m,Landed
2025-06-18,IN281,LKN281,NAM Air,Jakarta,CGK,WIII,18:30,10:30,22:18,48min late,22:46,36min late,1h 28m,Landed
2025-06-18,GA417,GIA417,Garuda Indonesia,Jakarta,CGK,WIII,18:40,10:40,19:29,49min late,20:00,20min late,1h 30m,Landed
2025-06-18,8B5109,,TransNusa,Jakarta,CGK,WIII,18:45,10:45,,,,,1h 45m,
2025-06-18,CX782,CPA782,Cathay Pacific,Hong Kong,HKG,VHHH,18:45,10:45,18:45,,00:05,,5h 20m,Landed
2025-06-18,EY477,ETD477,Etihad Airways,Abu Dhabi,AUH,OMAA,18:45,10:45,19:01,16min late,23:24,5min early,8h 22m,Landed
2025-06-18,QZ809,,Indonesia AirAsia,Jakarta,CGK,WIII,18:50,10:50,,,,,1h 55m,
2025-06-18,TG440,THA440,Thai Airways International,Bangkok,BKK,VTBS,19:00,11:00,18:54,5min early,21:46,23min early,3h 52m,Landed
2025-06-18,QG689,CTV689,Citilink,Jakarta,CGK,WIII,19:00,11:00,20:39,39min late,21:20,20min late,1h 41m,Landed
2025-06-18,AK379,AXM379,AirAsia,Kuala Lumpur,KUL,WMKK,19:15,11:15,21:13,58min late,23:56,36min late,2h 42m,Landed
2025-06-18,3K246,JSA246,Jetstar Asia,Singapore,SIN,WSSS,19:15,11:15,00:22,7min late,02:45,45min late,2h 23m,Landed
2025-06-18,QR963,QTR963,Qatar Airways,Doha,DOH,OTHH,19:20,11:20,19:29,9min late,23:27,12min early,8h 57m,Landed
2025-06-18,MH852,,Malaysia Airlines,Kuala Lumpur,KUL,WMKK,19:20,11:20,,,,,3h 0m,Cancelled
2025-06-18,ID7310,BTK7310,Batik Air,Jakarta,HLP,WIHH,19:25,11:25,00:50,25min late,01:16,6min late,1h 25m,Landed
2025-06-18,IU755,SJV755,SW Italia,Jakarta,CGK,WIII,19:25,11:25,01:05,40min late,01:33,13min late,1h 27m,Landed
2025-06-18,TR287,,Scoot,Singapore,SIN,WSSS,19:40,11:40,,,,,2h 35m,Cancelled
2025-06-18,EK369,UAE369,Emirates,Dubai,DXB,OMDB,19:45,11:45,20:37,52min late,00:54,4min late,8h 16m,Landed
2025-06-18,ID6413,BTK6413,Batik Air,Surabaya,SUB,WARR,19:50,11:50,01:41,51min late,01:16,26min late,35m,Landed
2025-06-18,ID6517,BTK6517,Batik Air,Jakarta,CGK,WIII,20:00,12:00,02:20,20min late,02:42,47min late,1h 21m,Landed
2025-06-18,SQ945,,Singapore Airlines,Singapore,SIN,WSSS,20:00,12:00,,,,,2h 40m,Cancelled
2025-06-18,GA415,GIA415,Garuda Indonesia,Jakarta,CGK,WIII,20:00,12:00,21:13,13min late,21:45,45min late,1h 32m,Landed
2025-06-18,8B969,,TransNusa,Guangzhou,CAN,ZGGG,20:15,12:15,,,,,4h 45m,
2025-06-18,KL836,,KLM Royal Dutch Airlines,Singapore,SIN,WSSS,20:35,12:35,,,,,2h 35m,Cancelled
2025-06-18,OD177,,Malindo Air,Melbourne,MEL,YMML,21:00,13:00,,,,,5h 40m,
2025-06-18,GA425,GIA425,Garuda Indonesia,Jakarta,CGK,WIII,21:05,13:05,00:06,1min late,00:36,36min late,1h 30m,Landed
2025-06-18,JQ107,JST107,Jetstar Airways,Perth,PER,YPPH,21:10,13:10,02:02,52min late,02:02,7min late,0m,Landed
2025-06-18,QG342,CTV342,Citilink,Makassar,UPG,WAAA,21:10,13:10,21:17,7min late,22:30,14min early,1h 13m,Landed
2025-06-18,JQ34,JST034,Jetstar Airways,Melbourne,MEL,YMML,21:20,13:20,02:14,54min late,09:31,36min late,5h 17m,Landed
2025-06-18,TK67,THY067,Turkish Airlines,Istanbul,IST,LTFM,21:20,13:20,21:13,6min early,05:11,3min early,12h 58m,Landed
2025-06-18,AK375,AXM375,AirAsia,Kuala Lumpur,KUL,WMKK,21:25,13:25,22:02,37min late,00:56,26min late,2h 53m,Landed
2025-06-18,JQ117,JST117,Jetstar Airways,Perth,PER,YPPH,21:30,13:30,01:50,20min late,05:02,42min late,3h 11m,Landed
2025-06-18,IU745,SJV745,SW Italia,Jakarta,CGK,WIII,21:30,13:30,00:56,26min late,01:24,59min late,1h 27m,Landed
2025-06-18,QZ819,AWQ819,Indonesia AirAsia,Jakarta,CGK,WIII,21:40,13:40,00:01,21min late,00:30,0min late,1h 29m,Landed
2025-06-18,IP105,,Pelita Air Service,Jakarta,CGK,WIII,21:40,13:40,,,,,1h 50m,
2025-06-18,SQ947,,Singapore Airlines,Singapore,SIN,WSSS,21:45,13:45,,,,,2h 35m,Cancelled
2025-06-18,QZ546,AWQ546,Indonesia AirAsia,Perth,PER,YPPH,21:55,13:55,22:36,41min late,02:00,20min late,3h 24m,Landed
2025-06-18,OD157,,Malindo Air,Brisbane,BNE,YBBN,22:00,14:00,,,,,5h 50m,
2025-06-18,GA718,GIA718,Garuda Indonesia,Melbourne,MEL,YMML,22:05,14:05,00:40,35min late,08:46,16min late,6h 5m,Landed
2025-06-18,QF44,QFA044,Qantas,Sydney,SYD,YSSY,22:10,14:10,00:57,47min late,08:27,22min late,5h 29m,Landed
2025-06-18,OD171,,Malindo Air,Sydney,SYD,YSSY,22:15,14:15,22:15,on time,06:02,3min early,5h 47m,Landed
2025-06-18,QG9695,CTV9695,Citilink,Surabaya,SUB,WARR,22:20,14:20,22:36,16min late,22:28,3min late,52m,Landed
2025-06-18,JQ38,JST038,Jetstar Airways,Sydney,SYD,YSSY,22:35,14:35,02:29,54min late,04:30,59min early,0m,Landed
2025-06-18,7C2712,JJA2712,Jeju Air,Seoul,ICN,RKSI,22:45,14:45,05:23,38min late,13:34,24min late,7h 10m,Landed
2025-06-18,QZ811,AWQ811,Indonesia AirAsia,Jakarta,CGK,WIII,22:50,14:50,23:37,47min late,00:04,24min late,1h 26m,Landed
2025-06-18,QF46,QFA046,Qantas,Melbourne,MEL,YMML,23:05,15:05,01:29,24min late,08:32,52min late,5h 2m,Landed
2025-06-18,JT3020,,Lion Air,Seoul,ICN,RKSI,23:05,15:05,,,,,7h 5m,
2025-06-18,VA96,,Virgin Australia,Melbourne,MEL,YMML,23:05,15:05,,,,,5h 35m,Cancelled
2025-06-18,VA82,,Virgin Australia,Gold Coast,OOL,YBCG,23:20,15:20,,,,,5h 35m,Cancelled
2025-06-18,3K240,JSA240,Jetstar Asia,Singapore,SIN,WSSS,23:25,15:25,01:03,38min late,03:29,19min late,2h 26m,Landed
2025-06-18,GA714,GIA714,Garuda Indonesia,Sydney,SYD,YSSY,23:25,15:25,02:54,29min late,10:18,8min late,5h 23m,Landed
2025-06-18,JQ36,JST036,Jetstar Airways,Melbourne,MEL,YMML,23:30,15:30,00:57,27min late,09:46,41min late,6h 49m,Landed
2025-06-18,JQ91,JST091,Jetstar Airways,Cairns,CNS,YBCS,23:30,15:30,01:23,53min late,07:43,43min late,4h 20m,Landed
2025-06-18,VA68,,Virgin Australia,Sydney,SYD,YSSY,23:35,15:35,,,,,6h 10m,Cancelled
2025-06-18,KE634,,Korean Air Lines,Seoul,ICN,RKSI,23:45,15:45,07:47,2min late,15:54,59min late,7h 6m,Landed
2025-06-18,SV857,SVA857,Saudi Arabian Airlines,Singapore,SIN,WSSS,23:45,15:45,00:12,27min late,02:30,15min late,2h 18m,Landed
2025-06-18,QZ542,AWQ542,Indonesia AirAsia,Cairns,CNS,YBCS,23:45,15:45,00:14,29min late,06:33,1min early,4h 18m,Landed
2025-06-18,JQ128,JST128,Jetstar Airways,Adelaide,ADL,YPAD,23:55,15:55,02:22,27min late,03:53,16min early,0m,Landed
2025-06-19,BX602,ABL602,Air Busan,Busan,PUS,RKPK,00:05,16:05,00:27,22min late,08:07,2min early,6h 40m,Landed
2025-06-19,VA9542,VOZ9542,Virgin Australia,Melbourne,MEL,YMML,00:05,16:05,13:21,16min late,20:27,47min late,5h 5m,Landed
2025-06-19,GA880,GIA880,Garuda Indonesia,Tokyo,NRT,RJAA,00:20,16:20,00:36,16min late,08:51,1min late,7h 15m,Landed
2025-06-19,VA9550,VOZ9550,Virgin Australia,Brisbane,BNE,YBBN,00:25,16:25,13:38,13min late,20:52,47min late,5h 14m,Landed
2025-06-19,CZ626,CSN626,China Southern Airlines,Guangzhou,CAN,ZGGG,00:30,16:30,00:29,on time,05:31,18min early,5h 1m,Landed
2025-06-19,MF892,CXA892,Xiamen Airlines,Xiamen,XMN,ZSAM,00:30,16:30,00:48,18min late,06:22,17min late,5h 34m,Landed
2025-06-19,EK399,UAE399,Emirates,Dubai,DXB,OMDB,00:35,16:35,00:31,4min early,05:01,33min early,8h 30m,Landed
2025-06-19,QR961,QTR961,Qatar Airways,Doha,DOH,OTHH,00:35,16:35,00:39,4min late,04:39,15min early,9h 0m,Landed
2025-06-19,KE630,KAL630,Korean Air Lines,Seoul,ICN,RKSI,00:50,16:50,00:58,8min late,08:48,31min early,6h 50m,Landed
2025-06-19,PR538,PAL538,Philippine Airlines,Manila,MNL,RPLL,00:55,16:55,00:50,5min early,04:27,22min early,3h 37m,Landed
2025-06-19,MU5030,CES5030,China Eastern Airlines,Shanghai,PVG,ZSPD,00:55,16:55,00:40,15min early,07:13,41min early,6h 33m,Landed
2025-06-19,5J282,CEB282,CEBU Pacific Air,Manila,MNL,RPLL,01:00,17:00,01:54,54min late,05:37,12min late,3h 42m,Landed
2025-06-19,SJ726,,Sriwijaya Air,Makassar,UPG,WAAA,01:00,17:00,,,,,1h 20m,
2025-06-19,QZ548,AWQ548,Indonesia AirAsia,Perth,PER,YPPH,01:05,17:05,01:12,7min late,04:27,27min early,3h 15m,Landed
2025-06-19,GA870,GIA870,Garuda Indonesia,Seoul,ICN,RKSI,01:15,17:15,01:28,13min late,09:36,21min late,7h 8m,Landed
2025-06-19,GA686,GIA686,Garuda Indonesia,Sorong,SOQ,WASS,01:40,17:40,01:52,12min late,05:38,6min early,2h 46m,Landed
2025-06-19,8B5888,TNU5888,TransNusa,Manado,MDC,WAMM,01:50,17:50,07:55,5min late,10:01,36min late,2h 5m,Landed
2025-06-19,GA714,GIA714,Garuda Indonesia,Sydney,SYD,YSSY,02:00,18:00,02:54,54min late,04:54,12min early,0m,Landed
2025-06-19,GA401,GIA401,Garuda Indonesia,Jakarta,CGK,WIII,07:00,23:00,07:06,6min late,07:38,21min early,1h 32m,Landed
2025-06-19,JT746,LNI746,Lion Air,Makassar,UPG,WAAA,07:00,23:00,07:10,10min late,08:12,7min early,1h 2m,Landed
2025-06-19,JT929,LNI929,Lion Air,Surabaya,SUB,WARR,07:00,23:00,07:24,24min late,07:08,8min late,44m,Landed
2025-06-19,JT3569,LNI3569,Lion Air,Yogyakarta,YIA,WAHI,07:00,23:00,07:02,2min late,06:03,27min early,0m,Landed
2025-06-19,JT944,,Lion Air,Makassar,UPG,WAAA,07:00,23:00,,,,,1h 20m,
2025-06-19,QZ550,AWQ550,Indonesia AirAsia,Kuala Lumpur,KUL,WMKK,07:00,23:00,07:39,39min late,10:12,12min late,2h 32m,Landed
2025-06-19,QG690,CTV690,Citilink,Surabaya,SUB,WARR,07:05,23:05,07:17,12min late,07:08,3min late,50m,Landed
2025-06-19,QZ534,AWQ534,Indonesia AirAsia,Perth,PER,YPPH,07:05,23:05,07:32,27min late,11:15,15min late,3h 43m,Landed
2025-06-19,QZ502,AWQ502,Indonesia AirAsia,Singapore,SIN,WSSS,07:10,23:10,07:33,23min late,07:34,15min early,0m,Landed
2025-06-19,QZ644,AWQ644,Indonesia AirAsia,Labuan Bajo,LBJ,WATO,07:10,23:10,07:22,12min late,08:11,3min early,49m,Landed
2025-06-19,SQ949,SIA949,Singapore Airlines,Singapore,SIN,WSSS,07:10,23:10,07:20,10min late,09:39,21min early,2h 18m,Landed
2025-06-19,QG663,CTV663,Citilink,Jakarta,CGK,WIII,07:50,23:50,07:51,1min late,08:24,20min early,1h 33m,Landed
2025-06-19,IW1854,WON1854,Wings Air,Lombok,LOP,WADL,08:00,00:00,08:10,10min late,08:33,11min early,23m,Landed
2025-06-19,IU731,SJV731,SW Italia,Jakarta,CGK,WIII,08:05,00:05,08:24,19min late,08:48,11min early,1h 23m,Landed
2025-06-19,HX706,CRK706,Hong Kong Airlines,Hong Kong,HKG,VHHH,08:15,00:15,08:42,27min late,13:27,7min late,4h 45m,Landed
2025-06-19,IW1850,WON1850,Wings Air,Lombok,LOP,WADL,08:35,00:35,08:40,5min late,09:04,15min early,24m,Landed
2025-06-19,5J280,CEB280,CEBU Pacific Air,Manila,MNL,RPLL,08:35,00:35,08:37,2min late,12:16,33min early,3h 39m,Landed
2025-06-19,IU703,SJV703,SW Italia,Surabaya,SUB,WARR,08:40,00:40,08:49,9min late,08:28,11min early,39m,Landed
2025-06-19,CZ8482,CSN8482,China Southern Airlines,Guangzhou,CAN,ZGGG,08:40,00:40,08:51,11min late,13:45,4min early,4h 53m,Landed
2025-06-19,QZ504,AWQ504,Indonesia AirAsia,Singapore,SIN,WSSS,09:00,01:00,09:25,25min late,11:25,19min early,2h 0m,Landed
2025-06-19,8B80,TNU080,Business Air,Perth,PER,YPPH,09:05,01:05,14:56,51min late,18:12,17min late,3h 15m,Landed
2025-06-19,IW1856,WON1856,Wings Air,Lombok,LOP,WADL,09:10,01:10,09:16,6min late,09:39,15min early,23m,Landed
2025-06-19,IW1832,WON1832,Wings Air,Tambolaka,TMC,WADT,09:10,01:10,10:35,25min late,11:40,5min late,1h 5m,Landed
2025-06-19,IN640,LKN640,Nam Air,Tambolaka,TMC,WADT,09:10,01:10,09:24,14min late,10:04,5min early,40m,Landed
2025-06-19,8B5105,TNU5105,TransNusa,Jakarta,CGK,WIII,09:10,01:10,14:02,52min late,14:32,32min late,1h 30m,Landed
2025-06-19,ID6007,BTK6007,Batik Air,Perth,PER,YPPH,09:25,01:25,10:42,17min late,14:14,59min late,3h 32m,Landed
2025-06-19,QG500,CTV500,Citilink,Dili,DIL,WPDL,09:30,01:30,09:26,3min early,12:00,19min early,1h 33m,Landed
2025-06-19,QZ803,AWQ803,Indonesia AirAsia,Jakarta,CGK,WIII,09:40,01:40,09:51,11min late,10:26,3min early,1h 35m,Landed
2025-06-19,QR965,QTR965,Qatar Airways,Doha,DOH,OTHH,09:55,01:55,10:18,23min late,14:02,17min early,8h 44m,Landed
2025-06-19,JT270,LNI270,Lion Air,Kupang,KOE,WATT,10:00,02:00,15:45,45min late,17:08,28min late,1h 23m,Landed
2025-06-19,IU757,SJV757,SW Italia,Jakarta,CGK,WIII,10:00,02:00,10:34,34min late,11:03,8min late,1h 29m,Landed
2025-06-19,IW1882,WON1882,Wings Air,Sumbawa Besar,SWQ,WADS,10:00,02:00,12:16,16min late,10:56,3min early,,Landed
2025-06-19,SQ935,SIA935,Singapore Airlines,Singapore,SIN,WSSS,10:05,02:05,10:25,20min late,12:39,5min early,2h 14m,Landed
2025-06-19,8B5101,TNU5101,Business Air,Jakarta,CGK,WIII,10:25,02:25,10:47,22min late,11:19,4min late,1h 32m,Landed
2025-06-19,AI2146,AIC2146,Air India,Delhi,DEL,VIDP,10:35,02:35,10:39,4min late,15:38,11min early,7h 28m,Landed
2025-06-19,8G182,DTL182,Mid Africa Aviation,Dili,DIL,WPDL,10:35,02:35,10:53,18min late,13:34,4min late,1h 41m,Landed
2025-06-19,JT23,LNI023,Lion Air,Jakarta,CGK,WIII,10:35,02:35,12:16,41min late,12:46,16min late,1h 30m,Landed
2025-06-19,TR281,TGW281,Scoot,Singapore,SIN,WSSS,10:50,02:50,11:29,39min late,13:51,21min late,2h 21m,Landed
2025-06-19,JT927,LNI927,Lion Air,Surakarta,SOC,WAHQ,10:55,02:55,14:10,15min late,14:09,54min late,59m,Landed
2025-06-19,3K244,JSA244,Jetstar Asia,Singapore,SIN,WSSS,10:55,02:55,11:01,6min late,13:29,11min early,2h 27m,Landed
2025-06-19,JT805,LNI805,Lion Air,Surabaya,SUB,WARR,11:05,03:05,16:56,51min late,16:40,35min late,44m,Landed
2025-06-19,IU741,SJV741,SW Italia,Jakarta,CGK,WIII,11:05,03:05,12:00,55min late,12:36,36min late,1h 35m,Landed
2025-06-19,JT924,LNI924,Lion Air,Kupang,KOE,WATT,11:05,03:05,11:44,39min late,13:05,20min late,1h 20m,Landed
2025-06-19,6E1606,IGO1606,IndiGo,Bangalore,BLR,VOBL,11:20,03:20,11:40,20min late,15:05,4min early,5h 55m,Landed
2025-06-19,GA427,GIA427,Garuda Indonesia,Jakarta,CGK,WIII,11:25,03:25,11:47,22min late,12:26,1min late,1h 38m,Landed
2025-06-19,QZ780,AWQ780,Indonesia AirAsia,Balikpapan,BPN,WALL,11:25,03:25,11:32,7min late,12:52,12min early,1h 20m,Landed
2025-06-19,JQ111,JST111,Jetstar Airways,Perth,PER,YPPH,11:30,03:30,12:28,58min late,15:52,37min late,3h 24m,Landed
2025-06-19,JQ109,JST109,Jetstar Airways,Perth,PER,YPPH,11:40,03:40,12:59,19min late,16:09,44min late,3h 10m,Landed
2025-06-19,IN642,,Nam Air,Tambolaka,TMC,WADT,11:40,03:40,,,,,1h 0m,
2025-06-19,OD192,MXD192,Malindo Air,Kuala Lumpur,KUL,WMKK,11:55,03:55,14:36,41min late,17:29,24min late,2h 53m,Landed
2025-06-19,JT569,LNI569,Lion Air,Yogyakarta,YIA,WAHI,11:55,03:55,12:47,52min late,12:52,27min late,1h 4m,Landed
2025-06-19,JQ32,JST032,Jetstar Airways,Melbourne,MEL,YMML,11:55,03:55,12:31,36min late,19:44,14min late,5h 13m,Landed
2025-06-19,JQ40,JST040,Jetstar Airways,Sydney,SYD,YSSY,11:55,03:55,12:23,28min late,19:47,2min early,5h 24m,Landed
2025-06-19,GA407,GIA407,Garuda Indonesia,Jakarta,CGK,WIII,12:00,04:00,12:22,22min late,12:59,9min late,1h 36m,Landed
2025-06-19,FD397,AIQ397,Thai AirAsia,Bangkok,DMK,VTBD,12:00,04:00,12:50,50min late,15:47,12min late,3h 57m,Landed
2025-06-19,QZ540,AWQ540,Indonesia AirAsia,Darwin,DRW,YPDN,12:05,04:05,12:25,20min late,16:15,on time,2h 20m,Landed
2025-06-19,GA253,GIA253,Garuda Indonesia,Yogyakarta,YIA,WAHI,12:05,04:05,12:35,30min late,13:00,5min late,1h 24m,Landed
2025-06-19,SQ937,SIA937,Singapore Airlines,Singapore,SIN,WSSS,12:10,04:10,12:32,22min late,14:44,11min early,2h 11m,Landed
2025-06-19,OD178,,Malindo Air,Kuala Lumpur,KUL,WMKK,12:25,04:25,,,,,3h 10m,Cancelled
2025-06-19,D7795,XAX795,AirAsia X,Kuala Lumpur,KUL,WMKK,12:30,04:30,13:00,30min late,15:40,4min early,2h 39m,Landed
2025-06-19,QG9693,CTV9693,Citilink,Surabaya,SUB,WARR,12:40,04:40,12:41,1min late,12:31,18min early,50m,Landed
2025-06-19,IP103,PAS103,Pelita Air Service,Jakarta,CGK,WIII,12:45,04:45,16:20,35min late,17:02,22min late,1h 42m,Landed
2025-06-19,IW1848,WON1848,Wings Air,Lombok,LOP,WADL,12:45,04:45,13:08,23min late,13:31,1min late,22m,Landed
2025-06-19,OD158,,Malindo Air,Kuala Lumpur,KUL,WMKK,12:45,04:45,,,,,3h 10m,Cancelled
2025-06-19,IN6400,LKN6400,Nam Air,Tambolaka,TMC,WADT,12:50,04:50,13:05,15min late,13:46,3min early,41m,Landed
2025-06-19,ID7308,BTK7308,Batik Air,Jakarta,HLP,WIHH,12:50,04:50,13:19,29min late,13:49,14min late,1h 30m,Landed
2025-06-19,MH714,MAS714,Malaysia Airlines,Kuala Lumpur,KUL,WMKK,12:55,04:55,13:55,0min late,16:35,35min late,2h 39m,Landed
2025-06-19,SQ939,SIA939,Singapore Airlines,Singapore,SIN,WSSS,13:05,05:05,13:26,21min late,15:36,13min early,2h 9m,Landed
2025-06-19,VJ900,VJC900,VietJet Air,Hanoi,HAN,VVNB,13:10,05:10,14:43,33min late,18:24,4min late,4h 40m,Landed
2025-06-19,IU753,SJV753,SW Italia,Jakarta,CGK,WIII,13:15,05:15,13:32,17min late,13:57,12min early,1h 25m,Landed
2025-06-19,JQ58,JST058,Jetstar Airways,Brisbane,BNE,YBBN,13:15,05:15,14:00,45min late,21:10,25min late,5h 9m,Landed
2025-06-19,OD172,,Malindo Air,Kuala Lumpur,KUL,WMKK,13:15,05:15,,,,,3h 10m,Cancelled
2025-06-19,IW1834,WON1834,Wings Air,Tambolaka,TMC,WADT,13:20,05:20,14:45,25min late,15:50,5min late,1h 5m,Landed
2025-06-19,JT660,LNI660,Lion Air,Balikpapan,BPN,WALL,13:25,05:25,20:51,26min late,16:45,,3h 20m,Landed
2025-06-19,D7799,XAX799,AirAsia X,Kuala Lumpur,KUL,WMKK,13:35,05:35,13:57,22min late,16:35,14min early,2h 37m,Landed
2025-06-19,IW1826,WON1826,Wings Air,Bima,BMU,WADB,13:40,05:40,14:40,0min late,15:44,39min late,1h 3m,Landed
2025-06-19,GA409,GIA409,Garuda Indonesia,Jakarta,CGK,WIII,13:45,05:45,14:01,16min late,14:31,13min early,1h 30m,Landed
2025-06-19,QZ506,AWQ506,Indonesia AirAsia,Singapore,SIN,WSSS,13:45,05:45,16:07,22min late,18:41,1min late,2h 33m,Landed
2025-06-19,8B5107,TNU5107,TransNusa,Jakarta,CGK,WIII,13:50,05:50,02:10,20min late,02:36,56min late,1h 26m,Landed
2025-06-19,IW1964,WON1964,Wings Air,Lombok,LOP,WADL,13:55,05:55,14:12,17min late,14:34,5min early,22m,Landed
2025-06-19,QZ544,AWQ544,Indonesia AirAsia,Perth,PER,YPPH,13:55,05:55,14:23,28min late,17:35,19min early,3h 12m,Landed
2025-06-19,VJ848,VJC848,VietJet Air,Ho Chi Minh City,SGN,VVTS,14:00,06:00,15:41,41min late,18:28,38min late,3h 46m,Landed
2025-06-19,TR289,TGW289,Scoot,Singapore,SIN,WSSS,14:00,06:00,14:15,15min late,16:49,10min early,2h 34m,Landed
2025-06-19,VJ894,VJC894,VietJet Air,Ho Chi Minh City,SGN,VVTS,14:05,06:05,15:34,29min late,18:30,35min late,3h 55m,Landed
2025-06-19,IU735,SJV735,SW Italia,Jakarta,CGK,WIII,14:15,06:15,14:39,24min late,15:07,2min early,1h 28m,Landed
2025-06-19,ID7637,BTK7637,Batik Air,Bangkok,DMK,VTBD,14:15,06:15,17:59,44min late,20:57,12min late,3h 58m,Landed
2025-06-19,QG699,CTV699,Citilink,Surabaya,SUB,WARR,14:20,06:20,16:31,11min late,16:22,57min late,51m,Landed
2025-06-19,JT844,LNI844,Lion Air,Banjarmasin,BDJ,WAOO,14:35,06:35,15:03,28min late,16:16,16min late,1h 12m,Landed
2025-06-19,IW1884,WON1884,Wings Air,Waingapu,WGP,WADW,14:40,06:40,14:59,19min late,16:20,9min early,1h 20m,Landed
2025-06-19,QG681,CTV681,Citilink,Jakarta,CGK,WIII,14:40,06:40,15:10,30min late,15:59,9min late,1h 48m,Landed
2025-06-19,JT919,LNI919,Lion Air,Surabaya,SUB,WARR,14:40,06:40,17:36,56min late,17:14,34min late,38m,Landed
2025-06-19,QZ244,AWQ244,Indonesia AirAsia,Bangkok,DMK,VTBD,14:45,06:45,15:11,26min late,18:00,9min early,3h 48m,Landed
2025-06-19,AK377,AXM377,AirAsia,Kuala Lumpur,KUL,WMKK,14:45,06:45,16:13,28min late,19:02,7min late,2h 48m,Landed
2025-06-19,OD307,MXD307,Malindo Air,Kuala Lumpur,KUL,WMKK,14:50,06:50,21:15,25min late,23:46,56min late,2h 30m,Landed
2025-06-19,JQ44,JST044,Jetstar Airways,Melbourne,MEL,YMML,14:55,06:55,21:38,43min late,23:39,9min late,0m,Landed
2025-06-19,JT271,LNI271,Lion Air,Semarang,SRG,WIIS,15:05,07:05,20:20,15min late,20:20,50min late,1h 0m,Landed
2025-06-19,8B5103,,TransNusa,Jakarta,CGK,WIII,15:10,07:10,,,,,1h 45m,
2025-06-19,IU759,SJV759,SW Italia,Jakarta,CGK,WIII,15:15,07:15,16:29,14min late,17:00,50min late,1h 31m,Landed
2025-06-19,VA50,VOZ050,Virgin Australia,Brisbane,BNE,YBBN,15:15,07:15,15:11,4min early,22:33,26min early,5h 22m,Landed
2025-06-19,GA842,GIA842,Garuda Indonesia,Singapore,SIN,WSSS,15:15,07:15,15:39,24min late,18:13,13min late,2h 34m,Landed
2025-06-19,GA7036,GIA7036,Garuda Indonesia,Labuan Bajo,LBJ,WATO,15:25,07:25,15:53,28min late,16:43,8min late,49m,Landed
2025-06-19,JT740,LNI740,Lion Air,Makassar,UPG,WAAA,15:25,07:25,18:49,24min late,19:51,6min late,1h 1m,Landed
2025-06-19,VJ898,VJC898,VietJet Air,Ho Chi Minh City,SGN,VVTS,15:30,07:30,17:29,59min late,19:53,33min late,3h 24m,Landed
2025-06-19,ID6335,BTK6335,Batik Air,Labuan Bajo,LBJ,WATO,15:35,07:35,13:16,18min early,14:06,38min early,50m,Landed
2025-06-19,CI772,CAL772,China Airlines,Taipei,TPE,RCTP,15:40,07:40,15:43,3min late,20:53,11min early,5h 10m,Landed
2025-06-19,IP109,PAS109,Pelita Air Service,Jakarta,CGK,WIII,15:45,07:45,15:52,7min late,16:32,2min early,1h 39m,Landed
2025-06-19,QZ646,AWQ646,Indonesia AirAsia,Labuan Bajo,LBJ,WATO,15:45,07:45,16:11,26min late,17:01,1min late,50m,Landed
2025-06-19,VA92,VOZ092,Virgin Australia,Melbourne,MEL,YMML,15:50,07:50,15:54,4min late,23:20,4min early,5h 26m,Landed
2025-06-19,JQ43,JST043,Jetstar Airways,Singapore,SIN,WSSS,15:50,07:50,17:32,42min late,19:51,21min late,2h 18m,Landed
2025-06-19,GA411,GIA411,Garuda Indonesia,Jakarta,CGK,WIII,15:55,07:55,17:39,44min late,18:25,25min late,1h 45m,Landed
2025-06-19,ID8335,BTK8335,Batik Air,Labuan Bajo,LBJ,WATO,15:55,07:55,13:16,38min early,14:06,58min early,50m,Landed
2025-06-19,VN640,HVN640,Vietnam Airlines,Ho Chi Minh City,SGN,VVTS,16:00,08:00,16:47,47min late,19:43,3min late,3h 55m,Landed
2025-06-19,IU743,SJV743,SW Italia,Jakarta,CGK,WIII,16:10,08:10,17:37,27min late,18:18,13min late,1h 41m,Landed
2025-06-19,CX784,CPA784,Cathay Pacific,Hong Kong,HKG,VHHH,16:10,08:10,17:04,54min late,21:33,8min late,4h 28m,Landed
2025-06-19,QG195,CTV195,Citilink,Jakarta,HLP,WIHH,16:10,08:10,16:49,39min late,17:26,26min late,1h 36m,Landed
2025-06-19,QZ807,AWQ807,Indonesia AirAsia,Jakarta,CGK,WIII,16:10,08:10,16:38,28min late,17:13,1min early,1h 34m,Landed
2025-06-19,QZ536,AWQ536,Indonesia AirAsia,Perth,PER,YPPH,16:15,08:15,17:26,11min late,20:42,32min late,3h 16m,Landed
2025-06-19,QG669,CTV669,Citilink,Surabaya,SUB,WARR,16:20,08:20,16:39,19min late,16:26,3min early,47m,Landed
2025-06-19,MH850,MAS850,Malaysia Airlines,Kuala Lumpur,KUL,WMKK,16:25,08:25,17:46,21min late,20:22,47min late,2h 35m,Landed
2025-06-19,JT925,LNI925,Lion Air,Surakarta,SOC,WAHQ,16:25,08:25,17:16,51min late,17:10,25min late,54m,Landed
2025-06-19,BR256,EVA256,EVA Airways,Taipei,TPE,RCTP,16:30,08:30,17:17,47min late,22:44,44min late,5h 27m,Landed
2025-06-19,GA421,GIA421,Garuda Indonesia,Jakarta,CGK,WIII,16:40,08:40,19:01,21min late,19:34,44min late,1h 33m,Landed
2025-06-19,QZ246,AWQ246,Indonesia AirAsia,Phuket,HKT,VTSP,16:40,08:40,19:53,13min late,22:15,35min late,3h 21m,Landed
2025-06-19,HO1356,DKH1356,Juneyao Airlines,Shanghai,PVG,ZSPD,16:50,08:50,22:09,19min late,04:31,51min late,6h 21m,Landed
2025-06-19,TG432,THA432,Thai Airways International,Bangkok,BKK,VTBS,16:55,08:55,17:33,38min late,20:37,32min late,4h 3m,Landed
2025-06-19,QZ556,AWQ556,Indonesia AirAsia,Kuala Lumpur,KUL,WMKK,16:55,08:55,19:12,17min late,21:53,43min late,2h 40m,Landed
2025-06-19,JT923,LNI923,Lion Air,Surabaya,SUB,WARR,17:05,09:05,18:12,7min late,17:53,48min late,41m,Landed
2025-06-19,GA419,GIA419,Garuda Indonesia,Jakarta,CGK,WIII,17:25,09:25,18:48,23min late,19:27,2min late,1h 38m,Landed
2025-06-19,VJ998,VJC998,VietJet Air,Hanoi,HAN,VVNB,17:30,09:30,17:54,24min late,21:34,10min early,4h 40m,Landed
2025-06-19,GA349,GIA349,Garuda Indonesia,Surabaya,SUB,WARR,17:35,09:35,18:01,26min late,17:39,5min early,37m,Landed
2025-06-19,IN281,,NAM Air,Jakarta,CGK,WIII,17:45,09:45,,,,,1h 40m,
2025-06-19,NZ291,ANZ291,Air New Zealand,Auckland,AKL,NZAA,17:50,09:50,19:26,36min late,06:55,25min late,7h 29m,Landed
2025-06-19,OD193,MXD193,Malindo Air,Perth,PER,YPPH,18:10,10:10,20:20,10min late,23:35,50min late,3h 15m,Landed
2025-06-19,SL259,TLM259,Thai Lion Air,Bangkok,DMK,VTBD,18:20,10:20,18:43,23min late,21:50,10min late,4h 6m,Landed
2025-06-19,IU737,,SW Italia,Jakarta,CGK,WIII,18:30,10:30,,,,,1h 55m,Cancelled
2025-06-19,IN283,LKN283,Nam Air,Jakarta,CGK,WIII,18:30,10:30,18:33,3min late,19:12,2min late,1h 39m,Landed
2025-06-19,GA417,GIA417,Garuda Indonesia,Jakarta,CGK,WIII,18:40,10:40,20:37,57min late,21:13,33min late,1h 35m,Landed
2025-06-19,EY477,ETD477,Etihad Airways,Abu Dhabi,AUH,OMAA,18:45,10:45,19:04,19min late,15:05,24min early,0m,Landed
2025-06-19,8B5109,TNU5109,TransNusa,Jakarta,CGK,WIII,18:45,10:45,22:56,11min late,23:36,6min late,1h 40m,Landed
2025-06-19,CX782,CPA782,Cathay Pacific,Hong Kong,HKG,VHHH,18:45,10:45,18:49,4min late,23:30,34min early,4h 40m,Landed
2025-06-19,QZ809,AWQ809,Indonesia AirAsia,Jakarta,CGK,WIII,18:50,10:50,19:22,32min late,19:50,5min late,1h 28m,Landed
2025-06-19,TG440,THA440,Thai Airways International,Bangkok,BKK,VTBS,19:00,11:00,19:25,25min late,22:24,14min late,3h 58m,Landed
2025-06-19,3K246,JSA246,Jetstar Asia,Singapore,SIN,WSSS,19:15,11:15,19:27,12min late,22:19,19min late,2h 52m,Landed
2025-06-19,AK379,AXM379,AirAsia,Kuala Lumpur,KUL,WMKK,19:15,11:15,19:41,26min late,22:26,6min late,2h 45m,Landed
2025-06-19,QR963,QTR963,Qatar Airways,Doha,DOH,OTHH,19:20,11:20,19:44,24min late,23:29,10min early,8h 45m,Landed
2025-06-19,MH852,MAS852,Malaysia Airlines,Kuala Lumpur,KUL,WMKK,19:20,11:20,19:48,28min late,22:28,8min late,2h 39m,Landed
2025-06-19,IU755,SJV755,SW Italia,Jakarta,CGK,WIII,19:25,11:25,22:18,53min late,22:50,30min late,1h 31m,Landed
2025-06-19,ID7310,BTK7310,Batik Air,Jakarta,HLP,WIHH,19:25,11:25,20:27,2min late,20:56,46min late,1h 28m,Landed
2025-06-19,TR287,TGW287,Scoot,Singapore,SIN,WSSS,19:40,11:40,20:04,24min late,22:26,11min late,2h 21m,Landed
2025-06-19,EK369,UAE369,Emirates,Dubai,DXB,OMDB,19:45,11:45,19:56,11min late,00:01,48min early,8h 5m,Landed
2025-06-19,ID6413,BTK6413,Batik Air,Surabaya,SUB,WARR,19:50,11:50,23:55,5min late,23:35,45min late,40m,Landed
2025-06-19,SQ945,SIA945,Singapore Airlines,Singapore,SIN,WSSS,20:00,12:00,20:46,46min late,22:58,18min late,2h 11m,Landed
2025-06-19,GA415,GIA415,Garuda Indonesia,Jakarta,CGK,WIII,20:00,12:00,20:42,42min late,21:17,17min late,1h 35m,Landed
2025-06-19,QG689,CTV689,Citilink,Jakarta,CGK,WIII,20:05,12:05,23:40,35min late,00:11,6min late,1h 30m,Landed
2025-06-19,8B969,TNU969,Business Air,Guangzhou,CAN,ZGGG,20:15,12:15,00:46,31min late,05:40,40min late,4h 53m,Landed
2025-06-19,KL836,KLM836,KLM Royal Dutch Airlines,Singapore,SIN,WSSS,20:35,12:35,20:55,20min late,23:08,1min early,2h 13m,Landed
2025-06-19,OD177,MXD177,Malindo Air,Melbourne,MEL,YMML,21:00,13:00,21:43,43min late,04:57,17min late,5h 14m,Landed
2025-06-19,GA425,GIA425,Garuda Indonesia,Jakarta,CGK,WIII,21:05,13:05,21:28,23min late,22:05,5min late,1h 37m,Landed
2025-06-19,QG342,CTV342,Citilink,Makassar,UPG,WAAA,21:10,13:10,21:40,30min late,22:49,4min late,1h 9m,Landed
2025-06-19,JQ34,JST034,Jetstar Airways,Melbourne,MEL,YMML,21:20,13:20,21:34,14min late,04:42,12min early,5h 7m,Landed
2025-06-19,TK67,THY067,Turkish Airlines,Istanbul,IST,LTFM,21:20,13:20,21:13,6min early,05:00,14min early,12h 47m,Landed
2025-06-19,AK375,AXM375,AirAsia,Kuala Lumpur,KUL,WMKK,21:25,13:25,22:43,18min late,01:29,59min late,2h 45m,Landed
2025-06-19,IP105,PAS105,Pelita Air Service,Jakarta,CGK,WIII,21:25,13:25,21:40,15min late,22:25,15min late,1h 44m,Landed
2025-06-19,JQ1044,JST1044,Jetstar Airways,Melbourne,MEL,YMML,21:25,13:25,22:35,10min late,05:41,56min late,5h 6m,Landed
2025-06-19,JQ117,JST117,Jetstar Airways,Perth,PER,YPPH,21:30,13:30,23:16,46min late,02:24,4min late,3h 8m,Landed
2025-06-19,IU745,SJV745,SW Italia,Jakarta,CGK,WIII,21:30,13:30,00:12,42min late,00:38,13min late,1h 25m,Landed
2025-06-19,ID6760,BTK6760,Batik Air,Makassar,UPG,WAAA,21:30,13:30,23:27,57min late,00:29,39min late,1h 1m,Landed
2025-06-19,QZ819,AWQ819,Indonesia AirAsia,Jakarta,CGK,WIII,21:40,13:40,22:33,53min late,23:12,42min late,1h 39m,Landed
2025-06-19,SQ947,SIA947,Singapore Airlines,Singapore,SIN,WSSS,21:45,13:45,22:42,57min late,00:48,28min late,2h 6m,Landed
2025-06-19,QZ546,AWQ546,Indonesia AirAsia,Perth,PER,YPPH,21:55,13:55,23:19,24min late,02:34,54min late,3h 14m,Landed
2025-06-19,OD157,MXD157,Malindo Air,Brisbane,BNE,YBBN,22:00,14:00,23:13,13min late,06:23,33min late,5h 10m,Landed
2025-06-19,JQ60,JST060,Jetstar Airways,Brisbane,BNE,YBBN,22:10,14:10,23:00,50min late,06:08,28min late,5h 8m,Landed
2025-06-19,QF44,QFA044,Qantas,Sydney,SYD,YSSY,22:10,14:10,22:17,7min late,06:09,4min late,5h 52m,Landed
2025-06-19,OD171,MXD171,Malindo Air,Sydney,SYD,YSSY,22:15,14:15,23:10,55min late,06:39,34min late,5h 29m,Landed
2025-06-19,QG9695,CTV9695,Citilink,Surabaya,SUB,WARR,22:20,14:20,22:40,20min late,22:33,8min late,53m,Landed
2025-06-19,JQ38,JST038,Jetstar Airways,Sydney,SYD,YSSY,22:35,14:35,23:07,32min late,06:28,1min early,5h 20m,Landed
2025-06-19,7C2712,JJA2712,Jeju Air,Seoul,ICN,RKSI,22:45,14:45,23:12,27min late,07:37,27min late,7h 25m,Landed
2025-06-19,QZ811,AWQ811,Indonesia AirAsia,Jakarta,CGK,WIII,22:50,14:50,23:46,56min late,00:19,39min late,1h 33m,Landed
2025-06-19,VA96,VOZ096,Virgin Australia,Melbourne,MEL,YMML,23:05,15:05,23:17,12min late,06:47,7min late,5h 30m,Landed
2025-06-19,JT3020,,Lion Air,Seoul,ICN,RKSI,23:05,15:05,,,,,7h 5m,
2025-06-19,VA82,VOZ082,Virgin Australia,Gold Coast,OOL,YBCG,23:20,15:20,23:19,on time,06:44,10min early,5h 25m,Landed
2025-06-19,3K240,JSA240,Jetstar Asia,Singapore,SIN,WSSS,23:25,15:25,00:14,49min late,02:29,19min late,2h 15m,Landed
2025-06-19,JQ36,JST036,Jetstar Airways,Melbourne,MEL,YMML,23:30,15:30,01:42,12min late,08:49,44min late,5h 7m,Landed
2025-06-19,VA68,VOZ068,Virgin Australia,Sydney,SYD,YSSY,23:35,15:35,00:09,34min late,07:47,2min late,5h 38m,Landed
2025-06-19,KE634,KAL634,Korean Air Lines,Seoul,ICN,RKSI,23:45,15:45,23:50,5min late,08:10,15min late,7h 20m,Landed
2025-06-19,VA9548,VOZ9548,Virgin Australia,Sydney,SYD,YSSY,23:50,15:50,13:18,28min late,20:47,22min late,5h 29m,Landed
2025-06-19,JQ128,JST128,Jetstar Airways,Adelaide,ADL,YPAD,23:55,15:55,00:38,43min late,06:27,12min late,4h 18m,Landed
2025-06-20,VA9542,VOZ9542,Virgin Australia,Melbourne,MEL,YMML,00:05,16:05,13:21,16min late,20:27,47min late,5h 5m,Landed
2025-06-20,BX602,ABL602,Air Busan,Busan,PUS,RKPK,00:05,16:05,06:27,22min late,13:16,6min late,5h 48m,Landed
2025-06-20,GA880,GIA880,Garuda Indonesia,Tokyo,NRT,RJAA,00:20,16:20,00:42,22min late,08:52,2min late,7h 9m,Landed
2025-06-20,VA9550,VOZ9550,Virgin Australia,Brisbane,BNE,YBBN,00:25,16:25,13:38,13min late,20:52,47min late,5h 14m,Landed
2025-06-20,CZ626,CSN626,China Southern Airlines,Guangzhou,CAN,ZGGG,00:30,16:30,01:02,32min late,05:46,3min early,4h 44m,Landed
2025-06-20,MF892,CXA892,Xiamen Airlines,Xiamen,XMN,ZSAM,00:30,16:30,00:23,7min early,06:04,on time,5h 41m,Landed
2025-06-20,QR961,QTR961,Qatar Airways,Doha,DOH,OTHH,00:35,16:35,01:06,31min late,04:40,14min early,8h 34m,Landed
2025-06-20,EK399,UAE399,Emirates,Dubai,DXB,OMDB,00:35,16:35,00:49,14min late,05:15,19min early,8h 26m,Landed
2025-06-20,KE630,KAL630,Korean Air Lines,Seoul,ICN,RKSI,00:50,16:50,03:57,7min late,09:15,4min early,4h 17m,Landed
2025-06-20,PR538,PAL538,Philippine Airlines,Manila,MNL,RPLL,00:55,16:55,01:04,9min late,04:56,6min late,3h 52m,Landed
2025-06-20,MU5030,CES5030,China Eastern Airlines,Shanghai,PVG,ZSPD,00:55,16:55,00:54,on time,07:28,31min early,6h 34m,Landed
2025-06-20,QZ548,AWQ548,Indonesia AirAsia,Perth,PER,YPPH,01:05,17:05,01:12,7min late,04:27,27min early,3h 15m,Landed
2025-06-20,GA870,GIA870,Garuda Indonesia,Seoul,ICN,RKSI,01:15,17:15,01:28,13min late,09:36,21min late,7h 8m,Landed
2025-06-20,GA686,GIA686,Garuda Indonesia,Sorong,SOQ,WASS,01:40,17:40,01:52,12min late,05:38,6min early,2h 46m,Landed
2025-06-20,8B5888,TNU5888,Business Air,Manado,MDC,WAMM,01:50,17:50,04:24,34min late,06:41,16min late,2h 16m,Landed
2025-06-20,JT929,LNI929,Lion Air,Surabaya,SUB,WARR,07:00,23:00,07:15,15min late,06:54,5min early,39m,Landed
2025-06-20,JQ82,JST082,Jetstar Airways,Darwin,DRW,YPDN,07:00,23:00,07:59,59min late,09:29,45min early,0m,Landed
2025-06-20,QZ550,AWQ550,Indonesia AirAsia,Kuala Lumpur,KUL,WMKK,07:00,23:00,06:59,on time,09:43,16min early,2h 44m,Landed
2025-06-20,GA401,GIA401,Garuda Indonesia,Jakarta,CGK,WIII,07:00,23:00,07:06,6min late,07:43,16min early,1h 37m,Landed
2025-06-20,JT3569,LNI3569,Lion Air,Yogyakarta,YIA,WAHI,07:00,23:00,07:10,10min late,07:13,16min early,1h 3m,Landed
2025-06-20,JT746,LNI746,Lion Air,Makassar,UPG,WAAA,07:00,23:00,07:03,3min late,08:07,12min early,1h 4m,Landed
2025-06-20,JT856,,Lion Air,Surabaya,SUB,WARR,07:00,23:00,07:00,,07:14,13min late,1h 14m,Landed
2025-06-20,QZ534,AWQ534,Indonesia AirAsia,Perth,PER,YPPH,07:05,23:05,08:03,58min late,11:23,23min late,3h 19m,Landed
2025-06-20,QG690,CTV690,Citilink,Surabaya,SUB,WARR,07:05,23:05,07:23,18min late,07:01,3min early,38m,Landed
2025-06-20,SQ949,SIA949,Singapore Airlines,Singapore,SIN,WSSS,07:10,23:10,07:28,18min late,09:43,17min early,2h 14m,Landed
2025-06-20,QZ502,AWQ502,Indonesia AirAsia,Singapore,SIN,WSSS,07:10,23:10,07:21,11min late,09:40,9min early,2h 18m,Landed
2025-06-20,QZ644,AWQ644,Indonesia AirAsia,Labuan Bajo,LBJ,WATO,07:10,23:10,07:27,17min late,07:27,47min early,0m,Landed
2025-06-20,QZ813,AWQ813,Indonesia AirAsia,Jakarta,CGK,WIII,07:15,23:15,07:14,on time,07:42,27min early,1h 28m,Landed
2025-06-20,QG663,CTV663,Citilink,Jakarta,CGK,WIII,07:50,23:50,07:57,7min late,08:30,14min early,1h 32m,Landed
2025-06-20,IW1854,WON1854,Wings Air,Lombok,LOP,WADL,08:00,00:00,08:45,45min late,09:19,34min late,34m,Landed
2025-06-20,IW3330,WON3330,Wings Air,,,,08:00,00:00,08:15,15min late,10:41,1min late,2h 25m,Landed
2025-06-20,IU731,SJV731,SW Italia,Jakarta,CGK,WIII,08:05,00:05,09:23,18min late,10:02,2min late,1h 39m,Landed
2025-06-20,HX706,CRK706,Hong Kong Airlines,Hong Kong,HKG,VHHH,08:15,00:15,13:11,56min late,13:51,31min late,40m,Landed
2025-06-20,IW1850,WON1850,Wings Air,Lombok,LOP,WADL,08:35,00:35,09:03,28min late,09:28,8min late,25m,Landed
2025-06-20,5J280,CEB280,CEBU Pacific Air,Manila,MNL,RPLL,08:35,00:35,08:42,7min late,12:24,25min early,3h 42m,Landed
2025-06-20,CZ8482,CSN8482,China Southern Airlines,Guangzhou,CAN,ZGGG,08:40,00:40,10:14,34min late,13:23,27min early,3h 8m,Landed
2025-06-20,IU703,SJV703,SW Italia,Surabaya,SUB,WARR,08:40,00:40,08:56,16min late,08:35,4min early,39m,Landed
2025-06-20,QZ504,AWQ504,Indonesia AirAsia,Singapore,SIN,WSSS,09:00,01:00,08:59,on time,11:15,30min early,2h 16m,Landed
2025-06-20,8B80,TNU080,TransNusa,Perth,PER,YPPH,09:05,01:05,07:41,23min early,16:29,34min late,8h 47m,Landed
2025-06-20,8B5105,TNU5105,Business Air,Jakarta,CGK,WIII,09:10,01:10,10:45,35min late,11:19,19min late,1h 33m,Landed
2025-06-20,IW1832,WON1832,Wings Air,Tambolaka,TMC,WADT,09:10,01:10,09:35,25min late,10:41,6min late,1h 5m,Landed
2025-06-20,IN640,LKN640,Nam Air,Tambolaka,TMC,WADT,09:10,01:10,09:44,34min late,10:24,14min late,39m,Landed
2025-06-20,ID6007,BTK6007,Batik Air,Perth,PER,YPPH,09:25,01:25,09:56,31min late,13:09,5min early,3h 13m,Landed
2025-06-20,QG500,CTV500,Citilink,Dili,DIL,WPDL,09:30,01:30,09:20,10min early,12:21,1min late,2h 1m,Landed
2025-06-20,QZ803,AWQ803,Indonesia AirAsia,Jakarta,CGK,WIII,09:40,01:40,09:48,8min late,10:19,10min early,1h 31m,Landed
2025-06-20,QR965,QTR965,Qatar Airways,Doha,DOH,OTHH,09:55,01:55,10:44,49min late,14:16,3min early,8h 32m,Landed
2025-06-20,IU757,SJV757,SW Italia,Jakarta,CGK,WIII,10:00,02:00,10:27,27min late,11:02,7min late,1h 35m,Landed
2025-06-20,IW1882,WON1882,Wings Air,Sumbawa Besar,SWQ,WADS,10:00,02:00,10:14,14min late,11:03,3min late,48m,Landed
2025-06-20,JT270,LNI270,Lion Air,Kupang,KOE,WATT,10:00,02:00,11:42,42min late,13:04,24min late,1h 21m,Landed
2025-06-20,SU297,AFL297,Aeroflot,Moscow,SVO,UUEE,10:05,02:05,10:32,27min late,05:32,42min early,0m,Landed
2025-06-20,SQ935,SIA935,Singapore Airlines,Singapore,SIN,WSSS,10:05,02:05,10:02,2min early,12:36,8min early,2h 34m,Landed
2025-06-20,8B5101,TNU5101,TransNusa,Jakarta,CGK,WIII,10:25,02:25,16:31,6min late,16:53,38min late,1h 22m,Landed
2025-06-20,8G182,DTL182,Mid Africa Aviation,Dili,DIL,WPDL,10:35,02:35,10:53,18min late,13:36,6min late,1h 42m,Landed
2025-06-20,QZ815,AWQ815,Indonesia AirAsia,Jakarta,CGK,WIII,10:35,02:35,11:06,31min late,11:36,6min late,1h 30m,Landed
2025-06-20,JT23,LNI023,Lion Air,Jakarta,CGK,WIII,10:35,02:35,17:15,40min late,17:46,16min late,1h 31m,Landed
2025-06-20,AI2146,AIC2146,Air India,Delhi,DEL,VIDP,10:35,02:35,10:32,3min early,15:48,1min early,7h 46m,Landed
2025-06-20,QG445,CTV445,Citilink,Balikpapan,BPN,WALL,10:45,02:45,10:55,10min late,12:36,11min late,1h 41m,Landed
2025-06-20,TR281,TGW281,Scoot,Singapore,SIN,WSSS,10:50,02:50,11:18,28min late,13:51,21min late,2h 32m,Landed
2025-06-20,JT273,LNI273,Lion Air,Semarang,SRG,WIIS,10:55,02:55,12:09,14min late,12:12,52min late,1h 3m,Landed
2025-06-20,3K244,JSA244,Jetstar Asia,Singapore,SIN,WSSS,10:55,02:55,11:11,16min late,13:47,7min late,2h 35m,Landed
2025-06-20,JT924,LNI924,Lion Air,Kupang,KOE,WATT,11:05,03:05,11:23,18min late,12:45,on time,1h 21m,Landed
2025-06-20,JT805,LNI805,Lion Air,Surabaya,SUB,WARR,11:05,03:05,13:59,54min late,13:40,35min late,41m,Landed
2025-06-20,IU741,SJV741,SW Italia,Jakarta,CGK,WIII,11:05,03:05,11:59,54min late,12:30,30min late,1h 31m,Landed
2025-06-20,JQ126,JST126,Jetstar Airways,Adelaide,ADL,YPAD,11:15,03:15,11:28,13min late,17:20,9min early,4h 21m,Landed
2025-06-20,6E1606,IGO1606,IndiGo,Bangalore,BLR,VOBL,11:20,03:20,11:23,3min late,14:47,22min early,5h 54m,Landed
2025-06-20,GA427,GIA427,Garuda Indonesia,Jakarta,CGK,WIII,11:25,03:25,12:12,47min late,12:44,19min late,1h 31m,Landed
2025-06-20,JQ109,JST109,Jetstar Airways,Perth,PER,YPPH,11:40,03:40,12:44,4min late,15:51,26min late,3h 6m,Landed
2025-06-20,JT569,LNI569,Lion Air,Yogyakarta,YIA,WAHI,11:55,03:55,12:21,26min late,12:32,7min late,1h 10m,Landed
2025-06-20,OD192,MXD192,Malindo Air,Kuala Lumpur,KUL,WMKK,11:55,03:55,13:28,33min late,16:12,7min late,2h 43m,Landed
2025-06-20,JQ32,JST032,Jetstar Airways,Melbourne,MEL,YMML,11:55,03:55,12:37,42min late,19:47,17min late,5h 9m,Landed
2025-06-20,GA407,GIA407,Garuda Indonesia,Jakarta,CGK,WIII,12:00,04:00,12:31,31min late,13:06,11min late,1h 35m,Landed
2025-06-20,FD397,AIQ397,Thai AirAsia,Bangkok,DMK,VTBD,12:00,04:00,12:40,40min late,15:39,4min late,3h 59m,Landed
2025-06-20,QZ618,AWQ618,Indonesia AirAsia,Banjarmasin,BDJ,WAOO,12:05,04:05,12:18,13min late,13:22,7min early,1h 4m,Landed
2025-06-20,GA253,GIA253,Garuda Indonesia,Yogyakarta,YIA,WAHI,12:05,04:05,12:48,43min late,12:57,2min late,1h 9m,Landed
2025-06-20,SQ937,SIA937,Singapore Airlines,Singapore,SIN,WSSS,12:10,04:10,12:32,22min late,15:12,17min late,2h 39m,Landed
2025-06-20,GA620,GIA620,Garuda Indonesia,Makassar,UPG,WAAA,12:10,04:10,12:53,43min late,13:54,14min late,1h 1m,Landed
2025-06-20,JQ40,JST040,Jetstar Airways,Sydney,SYD,YSSY,12:20,04:20,12:54,34min late,20:27,12min late,5h 32m,Landed
2025-06-20,OD178,MXD178,Malindo Air,Kuala Lumpur,KUL,WMKK,12:25,04:25,12:56,31min late,15:35,on time,2h 39m,Landed
2025-06-20,QZ805,AWQ805,Indonesia AirAsia,Jakarta,CGK,WIII,12:40,04:40,12:59,19min late,13:37,2min early,1h 38m,Landed
2025-06-20,QG9693,CTV9693,Citilink,Surabaya,SUB,WARR,12:40,04:40,13:26,46min late,13:27,37min late,1h 1m,Landed
2025-06-20,OD158,MXD158,Malindo Air,Kuala Lumpur,KUL,WMKK,12:45,04:45,14:53,8min late,17:39,44min late,2h 46m,Landed
2025-06-20,IW1848,WON1848,Wings Air,Lombok,LOP,WADL,12:45,04:45,13:23,38min late,13:46,16min late,23m,Landed
2025-06-20,ID7308,BTK7308,Batik Air,Jakarta,HLP,WIHH,12:50,04:50,11:02,47min early,11:28,6min early,1h 25m,Landed
2025-06-20,IP103,PAS103,Pelita Air Service,Jakarta,CGK,WIII,12:55,04:55,13:05,10min late,13:42,2min early,1h 37m,Landed
2025-06-20,MH714,MAS714,Malaysia Airlines,Kuala Lumpur,KUL,WMKK,12:55,04:55,15:43,48min late,18:18,18min late,2h 35m,Landed
2025-06-20,SQ939,SIA939,Singapore Airlines,Singapore,SIN,WSSS,13:05,05:05,13:19,14min late,15:35,14min early,2h 15m,Landed
2025-06-20,VJ900,VJC900,VietJet Air,Hanoi,HAN,VVNB,13:10,05:10,14:25,15min late,18:08,48min late,4h 43m,Landed
2025-06-20,IU753,SJV753,SW Italia,Jakarta,CGK,WIII,13:15,05:15,15:18,3min late,15:56,46min late,1h 38m,Landed
2025-06-20,JQ58,JST058,Jetstar Airways,Brisbane,BNE,YBBN,13:15,05:15,13:37,22min late,20:44,on time,5h 6m,Landed
2025-06-20,OD172,MXD172,Malindo Air,Kuala Lumpur,KUL,WMKK,13:15,05:15,13:51,36min late,16:39,14min late,2h 48m,Landed
2025-06-20,IW1834,WON1834,Wings Air,Tambolaka,TMC,WADT,13:20,05:20,13:40,20min late,14:45,on time,1h 4m,Landed
2025-06-20,JT770,LNI770,Lion Air,Manado,MDC,WAMM,13:20,05:20,13:27,7min late,15:36,23min early,2h 8m,Landed
2025-06-20,JT660,LNI660,Lion Air,Balikpapan,BPN,WALL,13:25,05:25,14:08,43min late,15:35,25min late,1h 26m,Landed
2025-06-20,D7799,XAX799,AirAsia X,Kuala Lumpur,KUL,WMKK,13:35,05:35,14:17,42min late,16:55,5min late,2h 37m,Landed
2025-06-20,IW1826,WON1826,Wings Air,Bima,BMU,WADB,13:40,05:40,15:01,21min late,16:05,0min late,1h 4m,Landed
2025-06-20,GA409,GIA409,Garuda Indonesia,Jakarta,CGK,WIII,13:45,05:45,14:16,31min late,14:53,8min late,1h 37m,Landed
2025-06-20,ID7135,BTK7135,Batik Air,Singapore,SIN,WSSS,13:45,05:45,14:33,48min late,17:05,25min late,2h 32m,Landed
2025-06-20,8B5107,TNU5107,TransNusa,Jakarta,CGK,WIII,13:50,05:50,22:56,6min late,23:15,35min late,1h 19m,Landed
2025-06-20,IW1964,WON1964,Wings Air,Lombok,LOP,WADL,13:55,05:55,14:22,27min late,14:45,5min late,22m,Landed
2025-06-20,QZ544,AWQ544,Indonesia AirAsia,Perth,PER,YPPH,13:55,05:55,14:37,42min late,17:55,on time,3h 18m,Landed
2025-06-20,VJ848,VJC848,VietJet Air,Ho Chi Minh City,SGN,VVTS,14:00,06:00,14:45,45min late,16:59,9min late,3h 14m,Landed
2025-06-20,TR289,TGW289,Scoot,Singapore,SIN,WSSS,14:00,06:00,14:35,35min late,16:56,3min early,2h 20m,Landed
2025-06-20,VJ894,VJC894,VietJet Air,Ho Chi Minh City,SGN,VVTS,14:05,06:05,19:37,32min late,21:43,48min late,3h 6m,Landed
2025-06-20,QZ246,AWQ246,Indonesia AirAsia,Phuket,HKT,VTSP,14:15,06:15,14:45,30min late,17:43,28min late,3h 57m,Landed
2025-06-20,ID7637,BTK7637,Batik Air,Bangkok,DMK,VTBD,14:15,06:15,15:43,28min late,17:56,11min late,3h 12m,Landed
2025-06-20,QG699,CTV699,Citilink,Surabaya,SUB,WARR,14:20,06:20,17:15,55min late,17:40,15min late,1h 25m,Landed
2025-06-20,JT844,LNI844,Lion Air,Banjarmasin,BDJ,WAOO,14:35,06:35,15:13,38min late,16:16,16min late,1h 3m,Landed
2025-06-20,IW1884,WON1884,Wings Air,Waingapu,WGP,WADW,14:40,06:40,15:17,37min late,16:41,11min late,1h 24m,Landed
2025-06-20,JT919,LNI919,Lion Air,Surabaya,SUB,WARR,14:40,06:40,18:16,36min late,18:04,24min late,48m,Landed
2025-06-20,QG681,CTV681,Citilink,Jakarta,CGK,WIII,14:40,06:40,14:55,15min late,15:27,22min early,1h 32m,Landed
2025-06-20,AK377,AXM377,AirAsia,Kuala Lumpur,KUL,WMKK,14:45,06:45,15:39,54min late,18:15,20min late,2h 36m,Landed
2025-06-20,OD307,MXD307,Malindo Air,Kuala Lumpur,KUL,WMKK,14:50,06:50,18:44,54min late,21:27,37min late,2h 43m,Landed
2025-06-20,JQ44,JST044,Jetstar Airways,Melbourne,MEL,YMML,14:55,06:55,16:12,17min late,23:19,49min late,5h 7m,Landed
2025-06-20,JT271,LNI271,Lion Air,Semarang,SRG,WIIS,15:05,07:05,17:40,35min late,17:41,11min late,1h 1m,Landed
2025-06-20,QZ244,AWQ244,Indonesia AirAsia,Bangkok,DMK,VTBD,15:10,07:10,15:35,25min late,18:38,8min late,4h 3m,Landed
2025-06-20,8B5103,,TransNusa,Jakarta,CGK,WIII,15:10,07:10,,,,,1h 45m,
2025-06-20,IU759,SJV759,SW Italia,Jakarta,CGK,WIII,15:15,07:15,16:49,34min late,17:20,10min late,1h 31m,Landed
2025-06-20,GA842,GIA842,Garuda Indonesia,Singapore,SIN,WSSS,15:15,07:15,15:50,35min late,18:14,14min late,2h 24m,Landed
2025-06-20,VA50,VOZ050,Virgin Australia,Brisbane,BNE,YBBN,15:15,07:15,15:11,4min early,22:39,20min early,5h 28m,Landed
2025-06-20,JT740,LNI740,Lion Air,Makassar,UPG,WAAA,15:25,07:25,17:45,20min late,16:45,,1h 20m,Landed
2025-06-20,VJ898,VJC898,VietJet Air,Ho Chi Minh City,SGN,VVTS,15:30,07:30,19:50,20min late,22:07,52min late,3h 16m,Landed
2025-06-20,ID6335,BTK6335,Batik Air,Labuan Bajo,LBJ,WATO,15:35,07:35,16:03,28min late,16:52,7min late,49m,Landed
2025-06-20,CI772,CAL772,China Airlines,Taipei,TPE,RCTP,15:40,07:40,15:45,5min late,20:56,8min early,5h 11m,Landed
2025-06-20,IP109,PAS109,Pelita Air Service,Jakarta,CGK,WIII,15:45,07:45,16:31,46min late,17:04,29min late,1h 33m,Landed
2025-06-20,QZ646,AWQ646,Indonesia AirAsia,Labuan Bajo,LBJ,WATO,15:45,07:45,,,,,1h 52m,Diverted
2025-06-20,VA92,VOZ092,Virgin Australia,Melbourne,MEL,YMML,15:50,07:50,15:54,4min late,23:32,7min late,5h 38m,Landed
2025-06-20,JQ43,JST043,Jetstar Airways,Singapore,SIN,WSSS,15:50,07:50,16:19,29min late,19:04,34min late,2h 45m,Landed
2025-06-20,GA411,GIA411,Garuda Indonesia,Jakarta,CGK,WIII,15:55,07:55,15:56,1min late,16:45,9min early,1h 49m,Landed
2025-06-20,ID8335,BTK8335,Batik Air,Labuan Bajo,LBJ,WATO,15:55,07:55,,,,,53m,Diverted
2025-06-20,CX784,CPA784,Cathay Pacific,Hong Kong,HKG,VHHH,16:10,08:10,16:13,3min late,20:58,26min early,4h 45m,Landed
2025-06-20,IU743,SJV743,SW Italia,Jakarta,CGK,WIII,16:10,08:10,18:08,58min late,18:40,35min late,1h 31m,Landed
2025-06-20,QZ807,AWQ807,Indonesia AirAsia,Jakarta,CGK,WIII,16:10,08:10,17:18,8min late,17:55,40min late,1h 36m,Landed
2025-06-20,QG195,CTV195,Citilink,Jakarta,HLP,WIHH,16:10,08:10,17:12,2min late,17:49,49min late,1h 37m,Landed
2025-06-20,QZ536,AWQ536,Indonesia AirAsia,Perth,PER,YPPH,16:15,08:15,12:39,35min early,19:45,24min early,7h 5m,Landed
2025-06-20,QG669,CTV669,Citilink,Surabaya,SUB,WARR,16:20,08:20,18:41,21min late,18:46,16min late,1h 5m,Landed
2025-06-20,JT925,LNI925,Lion Air,Surakarta,SOC,WAHQ,16:25,08:25,17:24,59min late,17:25,40min late,1h 1m,Landed
2025-06-20,MH850,MAS850,Malaysia Airlines,Kuala Lumpur,KUL,WMKK,16:25,08:25,19:15,50min late,21:59,24min late,2h 43m,Landed
2025-06-20,BR256,EVA256,EVA Airways,Taipei,TPE,RCTP,16:30,08:30,16:29,on time,21:57,2min early,5h 28m,Landed
2025-06-20,QZ642,AWQ642,Indonesia AirAsia,Labuan Bajo,LBJ,WATO,16:45,08:45,17:19,34min late,18:33,38min late,1h 14m,Landed
2025-06-20,HO1356,DKH1356,Juneyao Airlines,Shanghai,PVG,ZSPD,16:50,08:50,17:17,27min late,23:32,7min early,6h 14m,Landed
2025-06-20,IU273,SJV273,SW Italia,Pontianak,PNK,WIOO,16:50,08:50,18:54,4min late,19:31,41min late,1h 37m,Landed
2025-06-20,JT567,LNI567,Lion Air,Yogyakarta,YIA,WAHI,16:50,08:50,17:35,45min late,17:42,22min late,1h 6m,Landed
2025-06-20,TG432,THA432,Thai Airways International,Bangkok,BKK,VTBS,16:55,08:55,17:31,36min late,20:14,9min late,3h 43m,Landed
2025-06-20,QZ556,AWQ556,Indonesia AirAsia,Kuala Lumpur,KUL,WMKK,16:55,08:55,17:32,37min late,20:29,19min late,2h 57m,Landed
2025-06-20,JT923,LNI923,Lion Air,Surabaya,SUB,WARR,17:05,09:05,18:44,39min late,18:28,23min late,43m,Landed
2025-06-20,GA419,GIA419,Garuda Indonesia,Jakarta,CGK,WIII,17:25,09:25,17:53,28min late,18:44,19min late,1h 50m,Landed
2025-06-20,VJ998,VJC998,VietJet Air,Hanoi,HAN,VVNB,17:30,09:30,19:02,32min late,22:39,54min late,4h 37m,Landed
2025-06-20,GA349,GIA349,Garuda Indonesia,Surabaya,SUB,WARR,17:35,09:35,20:05,30min late,20:12,27min late,1h 7m,Landed
2025-06-20,D7793,XAX793,AirAsia X,Kuala Lumpur,KUL,WMKK,17:40,09:40,18:14,34min late,20:58,3min late,2h 43m,Landed
2025-06-20,NZ291,ANZ291,Air New Zealand,Auckland,AKL,NZAA,17:50,09:50,18:09,19min late,05:42,12min late,7h 33m,Landed
2025-06-20,OD193,MXD193,Malindo Air,Perth,PER,YPPH,18:10,10:10,16:42,27min early,23:54,9min late,7h 12m,Landed
2025-06-20,SL259,TLM259,Thai Lion Air,Bangkok,DMK,VTBD,18:20,10:20,18:30,10min late,21:27,12min early,3h 57m,Landed
2025-06-20,IU737,SJV737,SW Italia,Jakarta,CGK,WIII,18:30,10:30,21:16,46min late,21:42,17min late,1h 26m,Landed
2025-06-20,IN281,LKN281,Nam Air,Jakarta,CGK,WIII,18:30,10:30,16:44,45min early,17:36,33min early,1h 51m,Landed
2025-06-20,GA417,GIA417,Garuda Indonesia,Jakarta,CGK,WIII,18:40,10:40,18:50,10min late,19:40,on time,1h 50m,Landed
2025-06-20,8B5109,TNU5109,Business Air,Jakarta,CGK,WIII,18:45,10:45,21:23,38min late,21:51,21min late,1h 27m,Landed
2025-06-20,CX782,CPA782,Cathay Pacific,Hong Kong,HKG,VHHH,18:45,10:45,23:21,36min late,23:46,18min early,24m,Landed
2025-06-20,EY477,ETD477,Etihad Airways,Abu Dhabi,AUH,OMAA,18:45,10:45,19:12,27min late,23:31,1min late,8h 19m,Landed
2025-06-20,QZ809,AWQ809,Indonesia AirAsia,Jakarta,CGK,WIII,18:50,10:50,19:41,51min late,20:07,22min late,1h 26m,Landed
2025-06-20,QG689,CTV689,Citilink,Jakarta,CGK,WIII,19:00,11:00,19:13,13min late,20:10,10min late,1h 57m,Landed
2025-06-20,TG440,THA440,Thai Airways International,Bangkok,BKK,VTBS,19:00,11:00,19:04,4min late,22:04,5min early,4h 0m,Landed
2025-06-20,3K246,JSA246,Jetstar Asia,Singapore,SIN,WSSS,19:15,11:15,19:52,37min late,22:21,21min late,2h 29m,Landed
2025-06-20,AK379,AXM379,AirAsia,Kuala Lumpur,KUL,WMKK,19:15,11:15,19:44,29min late,22:35,15min late,2h 51m,Landed
2025-06-20,QR963,QTR963,Qatar Airways,Doha,DOH,OTHH,19:20,11:20,20:08,48min late,23:58,18min late,8h 50m,Landed
2025-06-20,MH852,MAS852,Malaysia Airlines,Kuala Lumpur,KUL,WMKK,19:20,11:20,20:10,50min late,22:47,27min late,2h 36m,Landed
2025-06-20,IU755,SJV755,SW Italia,Jakarta,CGK,WIII,19:25,11:25,23:37,12min late,23:51,36min late,1h 14m,Landed
2025-06-20,ID7310,BTK7310,Batik Air,Jakarta,HLP,WIHH,19:25,11:25,19:58,33min late,20:20,10min late,1h 21m,Landed
2025-06-20,TR287,TGW287,Scoot,Singapore,SIN,WSSS,19:40,11:40,20:17,37min late,22:50,35min late,2h 33m,Landed
2025-06-20,EK369,UAE369,Emirates,Dubai,DXB,OMDB,19:45,11:45,20:41,56min late,00:47,2min early,8h 6m,Landed
2025-06-20,ID6413,BTK6413,Batik Air,Surabaya,SUB,WARR,19:50,11:50,20:05,15min late,19:43,6min early,38m,Landed
2025-06-20,SQ945,SIA945,Singapore Airlines,Singapore,SIN,WSSS,20:00,12:00,21:45,45min late,23:59,19min late,2h 13m,Landed
2025-06-20,ID6517,BTK6517,Batik Air,Jakarta,CGK,WIII,20:00,12:00,21:41,41min late,22:15,20min late,1h 34m,Landed
2025-06-20,GA415,GIA415,Garuda Indonesia,Jakarta,CGK,WIII,20:00,12:00,20:21,21min late,20:43,16min early,1h 22m,Landed
2025-06-20,8B969,TNU969,Business Air,Guangzhou,CAN,ZGGG,20:15,12:15,22:41,26min late,03:23,23min late,4h 42m,Landed
2025-06-20,KL836,KLM836,KLM Royal Dutch Airlines,Singapore,SIN,WSSS,20:35,12:35,21:15,40min late,23:23,13min late,2h 7m,Landed
2025-06-20,OD177,MXD177,Malindo Air,Melbourne,MEL,YMML,21:00,13:00,23:35,35min late,06:46,6min late,5h 11m,Landed
2025-06-20,GA425,GIA425,Garuda Indonesia,Jakarta,CGK,WIII,21:05,13:05,22:01,56min late,22:35,35min late,1h 33m,Landed
2025-06-20,JQ107,JST107,Jetstar Airways,Perth,PER,YPPH,21:10,13:10,21:57,47min late,01:03,8min late,3h 5m,Landed
2025-06-20,QG342,CTV342,Citilink,Makassar,UPG,WAAA,21:10,13:10,22:06,56min late,23:17,32min late,1h 11m,Landed
2025-06-20,JQ34,JST034,Jetstar Airways,Melbourne,MEL,YMML,21:20,13:20,21:50,30min late,04:50,4min early,5h 0m,Landed
2025-06-20,TK67,THY067,Turkish Airlines,Istanbul,IST,LTFM,21:20,13:20,21:42,22min late,05:27,12min late,12h 45m,Landed
2025-06-20,AK375,AXM375,AirAsia,Kuala Lumpur,KUL,WMKK,21:25,13:25,01:13,48min late,04:10,40min late,2h 56m,Landed
2025-06-20,IP105,PAS105,Pelita Air Service,Jakarta,CGK,WIII,21:25,13:25,22:18,53min late,22:43,33min late,1h 24m,Landed
2025-06-20,JQ117,JST117,Jetstar Airways,Perth,PER,YPPH,21:30,13:30,22:49,19min late,01:53,33min late,3h 3m,Landed
2025-06-20,IU745,SJV745,SW Italia,Jakarta,CGK,WIII,21:30,13:30,02:10,40min late,02:37,12min late,1h 27m,Landed
2025-06-20,QZ819,AWQ819,Indonesia AirAsia,Jakarta,CGK,WIII,21:40,13:40,22:48,8min late,23:43,13min late,1h 55m,Landed
2025-06-20,SQ947,SIA947,Singapore Airlines,Singapore,SIN,WSSS,21:45,13:45,22:13,28min late,00:32,12min late,2h 18m,Landed
2025-06-20,QZ546,AWQ546,Indonesia AirAsia,Perth,PER,YPPH,21:55,13:55,22:10,15min late,01:35,4min early,3h 24m,Landed
2025-06-20,OD157,MXD157,Malindo Air,Brisbane,BNE,YBBN,22:00,14:00,23:55,55min late,07:11,21min late,5h 15m,Landed
2025-06-20,GA718,GIA718,Garuda Indonesia,Melbourne,MEL,YMML,22:05,14:05,22:22,17min late,05:55,25min late,5h 32m,Landed
2025-06-20,QF44,QFA044,Qantas,Sydney,SYD,YSSY,22:10,14:10,22:08,2min early,06:02,2min early,5h 54m,Landed
2025-06-20,OD171,MXD171,Malindo Air,Sydney,SYD,YSSY,22:15,14:15,01:31,16min late,08:55,50min late,5h 23m,Landed
2025-06-20,SV857,SVA857,Saudi Arabian Airlines,Singapore,SIN,WSSS,22:15,14:15,22:36,21min late,00:50,5min late,2h 14m,Landed
2025-06-20,QG9695,CTV9695,Citilink,Surabaya,SUB,WARR,22:20,14:20,00:21,1min late,00:09,44min late,48m,Landed
2025-06-20,JQ38,JST038,Jetstar Airways,Sydney,SYD,YSSY,22:35,14:35,23:24,49min late,06:54,24min late,5h 30m,Landed
2025-06-20,7C2712,JJA2712,Jeju Air,Seoul,ICN,RKSI,22:45,14:45,00:13,28min late,08:16,6min late,7h 3m,Landed
2025-06-20,QZ811,AWQ811,Indonesia AirAsia,Jakarta,CGK,WIII,22:50,14:50,00:49,59min late,01:16,36min late,1h 27m,Landed
2025-06-20,QF46,QFA046,Qantas,Melbourne,MEL,YMML,23:05,15:05,23:25,20min late,06:36,3min early,5h 11m,Landed
2025-06-20,VA96,VOZ096,Virgin Australia,Melbourne,MEL,YMML,23:05,15:05,23:13,8min late,06:30,9min early,5h 17m,Landed
2025-06-20,JT3020,,Lion Air,Seoul,ICN,RKSI,23:05,15:05,,,,,7h 5m,
2025-06-20,VA82,VOZ082,Virgin Australia,Gold Coast,OOL,YBCG,23:20,15:20,23:46,26min late,07:22,27min late,5h 36m,Landed
2025-06-20,GA714,GIA714,Garuda Indonesia,Sydney,SYD,YSSY,23:25,15:25,23:46,21min late,07:25,15min late,5h 39m,Landed
2025-06-20,3K240,JSA240,Jetstar Asia,Singapore,SIN,WSSS,23:25,15:25,23:48,23min late,02:16,6min late,2h 28m,Landed
2025-06-20,JQ36,JST036,Jetstar Airways,Melbourne,MEL,YMML,23:30,15:30,00:09,39min late,07:08,3min late,4h 58m,Landed
2025-06-20,JQ91,JST091,Jetstar Airways,Cairns,CNS,YBCS,23:30,15:30,01:16,46min late,07:19,19min late,4h 3m,Landed
2025-06-20,VA68,,Virgin Australia,Sydney,SYD,YSSY,23:35,15:35,,,,,6h 10m,Cancelled
2025-06-20,QZ542,AWQ542,Indonesia AirAsia,Cairns,CNS,YBCS,23:45,15:45,00:03,18min late,06:20,14min early,4h 17m,Landed
2025-06-20,KE634,KAL634,Korean Air Lines,Seoul,ICN,RKSI,23:45,15:45,01:13,28min late,09:25,30min late,7h 11m,Landed
2025-06-20,JQ128,JST128,Jetstar Airways,Adelaide,ADL,YPAD,23:55,15:55,01:04,9min late,06:47,37min late,4h 12m,Landed
2025-06-21,BX602,ABL602,Air Busan,Busan,PUS,RKPK,00:05,16:05,06:27,22min late,13:16,6min late,5h 48m,Landed
2025-06-21,GA880,GIA880,Garuda Indonesia,Tokyo,NRT,RJAA,00:20,16:20,00:39,19min late,08:52,2min late,7h 13m,Landed
2025-06-21,CZ626,CSN626,China Southern Airlines,Guangzhou,CAN,ZGGG,00:30,16:30,00:36,6min late,05:22,27min early,4h 45m,Landed
2025-06-21,MF892,CXA892,Xiamen Airlines,Xiamen,XMN,ZSAM,00:30,16:30,00:37,7min late,05:56,8min early,5h 18m,Landed
2025-06-21,EK399,UAE399,Emirates,Dubai,DXB,OMDB,00:35,16:35,00:37,2min late,05:07,27min early,8h 29m,Landed
2025-06-21,QR961,QTR961,Qatar Airways,Doha,DOH,OTHH,00:35,16:35,00:47,12min late,04:42,12min early,8h 55m,Landed
2025-06-21,KE630,KAL630,Korean Air Lines,Seoul,ICN,RKSI,00:50,16:50,00:58,8min late,08:48,31min early,6h 50m,Landed
2025-06-21,PR538,PAL538,Philippine Airlines,Manila,MNL,RPLL,00:55,16:55,00:52,3min early,04:37,12min early,3h 45m,Landed
2025-06-21,MU5030,CES5030,China Eastern Airlines,Shanghai,PVG,ZSPD,00:55,16:55,01:34,39min late,07:53,1min early,6h 19m,Landed
2025-06-21,5J282,CEB282,CEBU Pacific Air,Manila,MNL,RPLL,01:00,17:00,01:22,22min late,05:01,23min early,3h 39m,Landed
2025-06-21,SJ726,,Sriwijaya Air,Makassar,UPG,WAAA,01:00,17:00,,,,,1h 20m,
2025-06-21,VA9546,,Virgin Australia,Sydney,SYD,YSSY,01:00,17:00,,,,,6h 0m,Cancelled
2025-06-21,QZ548,AWQ548,Indonesia AirAsia,Perth,PER,YPPH,01:05,17:05,01:06,1min late,04:17,37min early,3h 11m,Landed
2025-06-21,QZ300,AWQ300,Indonesia AirAsia,Hong Kong,HKG,VHHH,01:10,17:10,00:58,11min early,05:58,1min early,4h 59m,Landed
2025-06-21,GA870,GIA870,Garuda Indonesia,Seoul,ICN,RKSI,01:15,17:15,01:24,9min late,09:21,6min late,6h 57m,Landed
2025-06-21,GA686,GIA686,Garuda Indonesia,Sorong,SOQ,WASS,01:40,17:40,01:53,13min late,05:38,6min early,2h 45m,Landed
2025-06-21,8B5888,,TransNusa,Manado,MDC,WAMM,01:50,17:50,,,,,2h 35m,
2025-06-21,QZ550,AWQ550,Indonesia AirAsia,Kuala Lumpur,KUL,WMKK,07:00,23:00,07:02,2min late,09:54,5min early,2h 52m,Landed
2025-06-21,JT929,LNI929,Lion Air,Surabaya,SUB,WARR,07:00,23:00,07:29,29min late,07:03,3min late,34m,Landed
2025-06-21,JT3569,LNI3569,Lion Air,Yogyakarta,YIA,WAHI,07:00,23:00,07:03,3min late,07:10,19min early,1h 7m,Landed
2025-06-21,GA401,GIA401,Garuda Indonesia,Jakarta,CGK,WIII,07:00,23:00,07:15,15min late,07:55,4min early,1h 39m,Landed
2025-06-21,JT746,LNI746,Lion Air,Makassar,UPG,WAAA,07:00,23:00,07:20,20min late,08:24,4min late,1h 4m,Landed
2025-06-21,QZ534,AWQ534,Indonesia AirAsia,Perth,PER,YPPH,07:05,23:05,07:18,13min late,10:27,32min early,3h 8m,Landed
2025-06-21,QG690,CTV690,Citilink,Surabaya,SUB,WARR,07:05,23:05,07:08,3min late,06:47,17min early,38m,Landed
2025-06-21,SQ949,SIA949,Singapore Airlines,Singapore,SIN,WSSS,07:10,23:10,07:29,19min late,09:38,21min early,2h 9m,Landed
2025-06-21,QZ502,AWQ502,Indonesia AirAsia,Singapore,SIN,WSSS,07:10,23:10,07:27,17min late,09:42,7min early,2h 15m,Landed
2025-06-21,QZ644,AWQ644,Indonesia AirAsia,Labuan Bajo,LBJ,WATO,07:10,23:10,07:13,3min late,08:04,10min early,50m,Landed
2025-06-21,QG663,CTV663,Citilink,Jakarta,CGK,WIII,07:50,23:50,07:57,7min late,08:35,9min early,1h 37m,Landed
2025-06-21,IW1854,WON1854,Wings Air,Lombok,LOP,WADL,08:00,00:00,09:34,34min late,08:32,12min early,,Landed
2025-06-21,IU731,SJV731,SW Italia,Jakarta,CGK,WIII,08:05,00:05,08:20,15min late,08:50,9min early,1h 30m,Landed
2025-06-21,HX706,CRK706,Hong Kong Airlines,Hong Kong,HKG,VHHH,08:15,00:15,09:30,15min late,14:24,4min late,4h 54m,Landed
2025-06-21,5J280,CEB280,CEBU Pacific Air,Manila,MNL,RPLL,08:35,00:35,08:34,on time,12:21,28min early,3h 47m,Landed
2025-06-21,IW1850,WON1850,Wings Air,Lombok,LOP,WADL,08:35,00:35,08:40,5min late,09:03,17min early,22m,Landed
2025-06-21,IU703,SJV703,SW Italia,Surabaya,SUB,WARR,08:40,00:40,09:04,24min late,08:42,2min late,37m,Landed
2025-06-21,CZ8482,CSN8482,China Southern Airlines,Guangzhou,CAN,ZGGG,08:40,00:40,10:50,10min late,14:07,17min late,3h 16m,Landed
2025-06-21,QZ504,AWQ504,Indonesia AirAsia,Singapore,SIN,WSSS,09:00,01:00,09:16,16min late,11:44,on time,2h 28m,Landed
2025-06-21,8B80,TNU080,Business Air,Perth,PER,YPPH,09:05,01:05,10:39,34min late,13:52,57min late,3h 12m,Landed
2025-06-21,IW1832,WON1832,Wings Air,Tambolaka,TMC,WADT,09:10,01:10,09:17,7min late,10:26,8min early,1h 9m,Landed
2025-06-21,8B5105,TNU5105,Business Air,Jakarta,CGK,WIII,09:10,01:10,09:17,7min late,09:55,4min early,1h 38m,Landed
2025-06-21,IW1856,WON1856,Wings Air,Lombok,LOP,WADL,09:10,01:10,09:06,3min early,09:30,24min early,23m,Landed
2025-06-21,IN640,LKN640,Nam Air,Tambolaka,TMC,WADT,09:10,01:10,09:35,25min late,10:23,13min late,47m,Landed
2025-06-21,ID6007,BTK6007,Batik Air,Perth,PER,YPPH,09:25,01:25,07:33,51min early,12:58,16min early,5h 25m,Landed
2025-06-21,QG500,CTV500,Citilink,Dili,DIL,WPDL,09:30,01:30,09:14,15min early,12:21,1min late,2h 7m,Landed
2025-06-21,QZ803,AWQ803,Indonesia AirAsia,Jakarta,CGK,WIII,09:40,01:40,09:54,14min late,10:20,9min early,1h 25m,Landed
2025-06-21,QR965,QTR965,Qatar Airways,Doha,DOH,OTHH,09:55,01:55,11:04,9min late,14:43,23min late,8h 38m,Landed
2025-06-21,IW1882,WON1882,Wings Air,Sumbawa Besar,SWQ,WADS,10:00,02:00,10:34,34min late,11:20,20min late,45m,Landed
2025-06-21,IU757,SJV757,SW Italia,Jakarta,CGK,WIII,10:00,02:00,10:47,47min late,11:05,10min late,1h 18m,Landed
2025-06-21,SQ935,SIA935,Singapore Airlines,Singapore,SIN,WSSS,10:05,02:05,10:08,3min late,12:31,13min early,2h 23m,Landed
2025-06-21,8B5101,TNU5101,Business Air,Jakarta,CGK,WIII,10:25,02:25,10:44,19min late,11:13,1min early,1h 28m,Landed
2025-06-21,8G182,DTL182,Mid Africa Aviation,Dili,DIL,WPDL,10:35,02:35,10:50,15min late,13:36,6min late,1h 46m,Landed
2025-06-21,AI2146,AIC2146,Air India,Delhi,DEL,VIDP,10:35,02:35,10:50,15min late,15:59,9min late,7h 39m,Landed
2025-06-21,JT23,LNI023,Lion Air,Jakarta,CGK,WIII,10:35,02:35,10:57,22min late,11:27,2min early,1h 30m,Landed
2025-06-21,TR281,TGW281,Scoot,Singapore,SIN,WSSS,10:50,02:50,11:33,43min late,14:04,34min late,2h 30m,Landed
2025-06-21,3K244,JSA244,Jetstar Asia,Singapore,SIN,WSSS,10:55,02:55,11:06,11min late,13:37,2min early,2h 30m,Landed
2025-06-21,JT805,LNI805,Lion Air,Surabaya,SUB,WARR,11:05,03:05,11:34,29min late,11:17,12min late,43m,Landed
2025-06-21,IU741,SJV741,SW Italia,Jakarta,CGK,WIII,11:05,03:05,12:11,6min late,12:48,48min late,1h 37m,Landed
2025-06-21,JT924,LNI924,Lion Air,Kupang,KOE,WATT,11:05,03:05,11:25,20min late,12:49,4min late,1h 24m,Landed
2025-06-21,6E1606,IGO1606,IndiGo,Bangalore,BLR,VOBL,11:20,03:20,11:34,14min late,15:11,1min late,6h 7m,Landed
2025-06-21,QZ780,AWQ780,Indonesia AirAsia,Balikpapan,BPN,WALL,11:25,03:25,11:30,5min late,12:47,17min early,1h 17m,Landed
2025-06-21,JQ111,JST111,Jetstar Airways,Perth,PER,YPPH,11:30,03:30,11:52,22min late,15:02,12min early,3h 10m,Landed
2025-06-21,JQ109,JST109,Jetstar Airways,Perth,PER,YPPH,11:40,03:40,13:03,23min late,16:12,47min late,3h 8m,Landed
2025-06-21,IN642,,Nam Air,Tambolaka,TMC,WADT,11:40,03:40,,,,,1h 0m,
2025-06-21,JQ32,JST032,Jetstar Airways,Melbourne,MEL,YMML,11:55,03:55,13:06,11min late,19:53,23min late,4h 47m,Landed
2025-06-21,OD192,MXD192,Malindo Air,Kuala Lumpur,KUL,WMKK,11:55,03:55,13:12,17min late,15:50,45min late,2h 38m,Landed
2025-06-21,JQ40,JST040,Jetstar Airways,Sydney,SYD,YSSY,11:55,03:55,12:47,52min late,19:58,8min late,5h 10m,Landed
2025-06-21,JT569,LNI569,Lion Air,Yogyakarta,YIA,WAHI,11:55,03:55,12:03,8min late,12:11,13min early,1h 8m,Landed
2025-06-21,FD397,AIQ397,Thai AirAsia,Bangkok,DMK,VTBD,12:00,04:00,12:27,27min late,15:42,7min late,4h 14m,Landed
2025-06-21,GA407,GIA407,Garuda Indonesia,Jakarta,CGK,WIII,12:00,04:00,12:06,6min late,12:46,8min early,1h 40m,Landed
2025-06-21,QZ540,AWQ540,Indonesia AirAsia,Darwin,DRW,YPDN,12:05,04:05,12:25,20min late,16:20,5min late,2h 24m,Landed
2025-06-21,GA253,GIA253,Garuda Indonesia,Yogyakarta,YIA,WAHI,12:05,04:05,12:45,40min late,13:04,9min late,1h 18m,Landed
2025-06-21,SQ937,SIA937,Singapore Airlines,Singapore,SIN,WSSS,12:10,04:10,12:30,20min late,14:42,12min early,2h 11m,Landed
2025-06-21,OD178,MXD178,Malindo Air,Kuala Lumpur,KUL,WMKK,12:25,04:25,13:42,17min late,16:31,56min late,2h 48m,Landed
2025-06-21,D7795,XAX795,AirAsia X,Kuala Lumpur,KUL,WMKK,12:30,04:30,13:01,31min late,15:41,3min early,2h 39m,Landed
2025-06-21,QG9693,CTV9693,Citilink,Surabaya,SUB,WARR,12:40,04:40,13:40,0min late,13:43,53min late,1h 2m,Landed
2025-06-21,QZ805,AWQ805,Indonesia AirAsia,Jakarta,CGK,WIII,12:40,04:40,12:58,18min late,13:28,11min early,1h 29m,Landed
2025-06-21,OD158,MXD158,Malindo Air,Kuala Lumpur,KUL,WMKK,12:45,04:45,14:57,12min late,17:35,40min late,2h 37m,Landed
2025-06-21,IW1848,WON1848,Wings Air,Lombok,LOP,WADL,12:45,04:45,13:16,31min late,13:39,9min late,22m,Landed
2025-06-21,ID7308,BTK7308,Batik Air,Jakarta,HLP,WIHH,12:50,04:50,14:02,12min late,14:27,52min late,1h 25m,Landed
2025-06-21,MH714,MAS714,Malaysia Airlines,Kuala Lumpur,KUL,WMKK,12:55,04:55,13:52,57min late,16:42,42min late,2h 50m,Landed
2025-06-21,IP103,PAS103,Pelita Air Service,Jakarta,CGK,WIII,12:55,04:55,14:38,43min late,15:06,26min late,1h 28m,Landed
2025-06-21,SQ939,SIA939,Singapore Airlines,Singapore,SIN,WSSS,13:05,05:05,12:59,5min early,15:31,18min early,2h 32m,Landed
2025-06-21,VJ900,VJC900,VietJet Air,Hanoi,HAN,VVNB,13:10,05:10,13:43,33min late,17:05,14min early,4h 21m,Landed
2025-06-21,IU753,SJV753,SW Italia,Jakarta,CGK,WIII,13:15,05:15,14:17,2min late,14:51,41min late,1h 34m,Landed
2025-06-21,JQ58,JST058,Jetstar Airways,Brisbane,BNE,YBBN,13:15,05:15,13:32,17min late,20:46,1min late,5h 14m,Landed
2025-06-21,OD172,MXD172,Malindo Air,Kuala Lumpur,KUL,WMKK,13:15,05:15,17:26,11min late,19:58,33min late,2h 32m,Landed
2025-06-21,IW1834,WON1834,Wings Air,Tambolaka,TMC,WADT,13:20,05:20,13:46,26min late,14:51,6min late,1h 4m,Landed
2025-06-21,JT660,LNI660,Lion Air,Balikpapan,BPN,WALL,13:25,05:25,10:32,52min early,11:53,16min early,1h 20m,Landed
2025-06-21,D7799,XAX799,AirAsia X,Kuala Lumpur,KUL,WMKK,13:35,05:35,14:09,34min late,16:49,on time,2h 40m,Landed
2025-06-21,IW1826,WON1826,Wings Air,Bima,BMU,WADB,13:40,05:40,14:49,9min late,15:11,6min late,21m,Landed
2025-06-21,GA409,GIA409,Garuda Indonesia,Jakarta,CGK,WIII,13:45,05:45,14:20,35min late,15:05,20min late,1h 44m,Landed
2025-06-21,QZ506,AWQ506,Indonesia AirAsia,Singapore,SIN,WSSS,13:45,05:45,14:11,26min late,16:28,11min early,2h 17m,Landed
2025-06-21,8B5107,TNU5107,Business Air,Jakarta,CGK,WIII,13:50,05:50,14:24,34min late,14:56,16min late,1h 31m,Landed
2025-06-21,QZ544,AWQ544,Indonesia AirAsia,Perth,PER,YPPH,13:55,05:55,14:39,44min late,17:53,1min early,3h 13m,Landed
2025-06-21,IW1964,WON1964,Wings Air,Lombok,LOP,WADL,13:55,05:55,14:04,9min late,14:27,12min early,23m,Landed
2025-06-21,VJ848,VJC848,VietJet Air,Ho Chi Minh City,SGN,VVTS,14:00,06:00,14:51,51min late,17:47,57min late,3h 55m,Landed
2025-06-21,TR289,TGW289,Scoot,Singapore,SIN,WSSS,14:00,06:00,14:32,32min late,16:58,2min early,2h 25m,Landed
2025-06-21,VJ894,VJC894,VietJet Air,Ho Chi Minh City,SGN,VVTS,14:05,06:05,15:41,36min late,18:26,31min late,3h 44m,Landed
2025-06-21,ID7637,BTK7637,Batik Air,Bangkok,DMK,VTBD,14:15,06:15,14:59,44min late,18:00,15min late,4h 0m,Landed
2025-06-21,IU735,SJV735,SW Italia,Jakarta,CGK,WIII,14:15,06:15,14:17,2min late,14:49,20min early,1h 32m,Landed
2025-06-21,QG699,CTV699,Citilink,Surabaya,SUB,WARR,14:20,06:20,15:00,40min late,14:54,29min late,53m,Landed
2025-06-21,JT844,LNI844,Lion Air,Banjarmasin,BDJ,WAOO,14:35,06:35,17:20,45min late,18:19,19min late,59m,Landed
2025-06-21,IW1884,WON1884,Wings Air,Waingapu,WGP,WADW,14:40,06:40,14:45,5min late,08:05,35min late,17h 20m,Landed
2025-06-21,JT919,LNI919,Lion Air,Surabaya,SUB,WARR,14:40,06:40,15:45,5min late,15:31,51min late,46m,Landed
2025-06-21,QG681,CTV681,Citilink,Jakarta,CGK,WIII,14:40,06:40,14:59,19min late,15:49,10min early,1h 50m,Landed
2025-06-21,QZ244,AWQ244,Indonesia AirAsia,Bangkok,DMK,VTBD,14:45,06:45,15:19,34min late,18:15,5min late,3h 55m,Landed
2025-06-21,AK377,AXM377,AirAsia,Kuala Lumpur,KUL,WMKK,14:45,06:45,16:04,19min late,18:46,51min late,2h 41m,Landed
2025-06-21,JQ44,JST044,Jetstar Airways,Melbourne,MEL,YMML,14:55,06:55,15:13,18min late,21:59,30min early,4h 46m,Landed
2025-06-21,JT271,LNI271,Lion Air,Semarang,SRG,WIIS,15:05,07:05,15:31,26min late,15:29,on time,58m,Landed
2025-06-21,JQ43,JST043,Jetstar Airways,Singapore,SIN,WSSS,15:05,07:05,15:14,9min late,17:42,2min early,2h 27m,Landed
2025-06-21,8B5103,,TransNusa,Jakarta,CGK,WIII,15:10,07:10,,,,,1h 45m,
2025-06-21,IU759,SJV759,SW Italia,Jakarta,CGK,WIII,15:15,07:15,16:19,4min late,16:52,42min late,1h 32m,Landed
2025-06-21,GA842,GIA842,Garuda Indonesia,Singapore,SIN,WSSS,15:15,07:15,15:29,14min late,18:05,5min late,2h 35m,Landed
2025-06-21,VA50,VOZ050,Virgin Australia,Brisbane,BNE,YBBN,15:15,07:15,15:14,on time,22:49,10min early,5h 35m,Landed
2025-06-21,JT740,LNI740,Lion Air,Makassar,UPG,WAAA,15:25,07:25,16:48,23min late,17:53,8min late,1h 4m,Landed
2025-06-21,VJ898,VJC898,VietJet Air,Ho Chi Minh City,SGN,VVTS,15:30,07:30,20:27,57min late,22:53,33min late,3h 26m,Landed
2025-06-21,ID6335,BTK6335,Batik Air,Labuan Bajo,LBJ,WATO,15:35,07:35,15:48,13min late,16:42,2min early,53m,Landed
2025-06-21,CI772,CAL772,China Airlines,Taipei,TPE,RCTP,15:40,07:40,15:36,4min early,20:56,8min early,5h 20m,Landed
2025-06-21,QZ646,AWQ646,Indonesia AirAsia,Labuan Bajo,LBJ,WATO,15:45,07:45,16:01,16min late,16:54,5min early,53m,Landed
2025-06-21,IP109,PAS109,Pelita Air Service,Jakarta,CGK,WIII,15:45,07:45,15:45,on time,16:26,8min early,1h 41m,Landed
2025-06-21,VA92,VOZ092,Virgin Australia,Melbourne,MEL,YMML,15:50,07:50,16:07,17min late,23:29,4min late,5h 22m,Landed
2025-06-21,QZ246,AWQ246,Indonesia AirAsia,Phuket,HKT,VTSP,15:50,07:50,16:11,21min late,18:43,1min early,3h 32m,Landed
2025-06-21,ID8335,BTK8335,Batik Air,Labuan Bajo,LBJ,WATO,15:55,07:55,16:44,49min late,17:36,31min late,51m,Landed
2025-06-21,GA411,GIA411,Garuda Indonesia,Jakarta,CGK,WIII,15:55,07:55,16:05,10min late,16:40,19min early,1h 35m,Landed
2025-06-21,VN640,HVN640,Vietnam Airlines,Ho Chi Minh City,SGN,VVTS,16:00,08:00,17:15,15min late,19:40,0min late,3h 25m,Landed
2025-06-21,IU743,SJV743,SW Italia,Jakarta,CGK,WIII,16:10,08:10,19:01,51min late,19:32,27min late,1h 31m,Landed
2025-06-21,OD307,MXD307,Malindo Air,Kuala Lumpur,KUL,WMKK,16:10,08:10,17:58,48min late,20:33,23min late,2h 35m,Landed
2025-06-21,QG669,CTV669,Citilink,Surabaya,SUB,WARR,16:10,08:10,17:30,20min late,17:14,54min late,44m,Landed
2025-06-21,CX784,CPA784,Cathay Pacific,Hong Kong,HKG,VHHH,16:10,08:10,16:25,15min late,21:09,15min early,4h 44m,Landed
2025-06-21,QZ807,AWQ807,Indonesia AirAsia,Jakarta,CGK,WIII,16:10,08:10,16:16,6min late,16:55,19min early,1h 39m,Landed
2025-06-21,QG195,CTV195,Citilink,Jakarta,HLP,WIHH,16:10,08:10,17:36,26min late,18:27,27min late,1h 51m,Landed
2025-06-21,QZ536,AWQ536,Indonesia AirAsia,Perth,PER,YPPH,16:15,08:15,16:35,20min late,19:47,22min early,3h 11m,Landed
2025-06-21,JT925,LNI925,Lion Air,Surakarta,SOC,WAHQ,16:25,08:25,16:52,27min late,16:48,3min late,56m,Landed
2025-06-21,MH850,MAS850,Malaysia Airlines,Kuala Lumpur,KUL,WMKK,16:25,08:25,16:46,21min late,19:41,6min late,2h 55m,Landed
2025-06-21,BR256,EVA256,EVA Airways,Taipei,TPE,RCTP,16:30,08:30,16:58,28min late,21:59,on time,5h 1m,Landed
2025-06-21,IU273,SJV273,SW Italia,Pontianak,PNK,WIOO,16:50,08:50,17:53,3min late,18:31,41min late,1h 38m,Landed
2025-06-21,HO1356,DKH1356,Juneyao Airlines,Shanghai,PVG,ZSPD,16:50,08:50,17:17,27min late,23:16,23min early,5h 58m,Landed
2025-06-21,TG432,THA432,Thai Airways International,Bangkok,BKK,VTBS,16:55,08:55,16:49,5min early,19:36,28min early,3h 46m,Landed
2025-06-21,QZ556,AWQ556,Indonesia AirAsia,Kuala Lumpur,KUL,WMKK,16:55,08:55,19:10,15min late,21:47,37min late,2h 37m,Landed
2025-06-21,JT923,LNI923,Lion Air,Surabaya,SUB,WARR,17:05,09:05,19:14,9min late,18:59,54min late,45m,Landed
2025-06-21,GA419,GIA419,Garuda Indonesia,Jakarta,CGK,WIII,17:25,09:25,17:48,23min late,18:30,5min late,1h 42m,Landed
2025-06-21,VJ998,VJC998,VietJet Air,Hanoi,HAN,VVNB,17:30,09:30,19:31,1min late,21:59,14min late,3h 28m,Landed
2025-06-21,GA349,GIA349,Garuda Indonesia,Surabaya,SUB,WARR,17:35,09:35,18:41,6min late,18:25,40min late,44m,Landed
2025-06-21,IN281,,NAM Air,Jakarta,CGK,WIII,17:45,09:45,,,,,1h 40m,
2025-06-21,NZ291,ANZ291,Air New Zealand,Auckland,AKL,NZAA,17:50,09:50,17:51,on time,05:19,10min early,7h 28m,Landed
2025-06-21,OD193,MXD193,Malindo Air,Perth,PER,YPPH,18:10,10:10,20:33,23min late,23:46,1min late,3h 13m,Landed
2025-06-21,SL259,TLM259,Thai Lion Air,Bangkok,DMK,VTBD,18:20,10:20,18:19,on time,21:26,13min early,4h 6m,Landed
2025-06-21,IU737,SJV737,SW Italia,Jakarta,CGK,WIII,18:30,10:30,19:49,19min late,20:22,57min late,1h 33m,Landed
2025-06-21,IN283,LKN283,Nam Air,Jakarta,CGK,WIII,18:30,10:30,18:36,6min late,19:06,3min early,1h 30m,Landed
2025-06-21,GA417,GIA417,Garuda Indonesia,Jakarta,CGK,WIII,18:40,10:40,18:50,10min late,19:27,12min early,1h 37m,Landed
2025-06-21,8B5109,TNU5109,TransNusa,Jakarta,CGK,WIII,18:45,10:45,01:50,5min late,02:12,42min late,1h 22m,Landed
2025-06-21,EY477,ETD477,Etihad Airways,Abu Dhabi,AUH,OMAA,18:45,10:45,19:05,20min late,23:17,12min early,8h 11m,Landed
2025-06-21,CX782,CPA782,Cathay Pacific,Hong Kong,HKG,VHHH,18:45,10:45,18:52,7min late,23:29,35min early,4h 37m,Landed
2025-06-21,QZ809,AWQ809,Indonesia AirAsia,Jakarta,CGK,WIII,18:50,10:50,19:21,31min late,19:42,2min early,1h 21m,Landed
2025-06-21,TG440,THA440,Thai Airways International,Bangkok,BKK,VTBS,19:00,11:00,18:58,1min early,21:54,16min early,3h 55m,Landed
2025-06-21,QG689,CTV689,Citilink,Jakarta,CGK,WIII,19:00,11:00,22:26,26min late,22:54,54min late,1h 28m,Landed
2025-06-21,AK379,AXM379,AirAsia,Kuala Lumpur,KUL,WMKK,19:15,11:15,19:36,21min late,22:11,8min early,2h 34m,Landed
2025-06-21,3K246,JSA246,Jetstar Asia,Singapore,SIN,WSSS,19:15,11:15,19:39,24min late,22:07,7min late,2h 28m,Landed
2025-06-21,MH852,MAS852,Malaysia Airlines,Kuala Lumpur,KUL,WMKK,19:20,11:20,19:56,36min late,22:42,22min late,2h 46m,Landed
2025-06-21,QR963,QTR963,Qatar Airways,Doha,DOH,OTHH,19:20,11:20,19:35,15min late,23:30,9min early,8h 55m,Landed
2025-06-21,ID7310,BTK7310,Batik Air,Jakarta,HLP,WIHH,19:25,11:25,20:11,46min late,20:34,24min late,1h 23m,Landed
2025-06-21,GA4252,GIA4252,Garuda Indonesia,Jakarta,CGK,WIII,19:25,11:25,19:38,13min late,20:12,7min early,1h 33m,Landed
2025-06-21,IU755,SJV755,SW Italia,Jakarta,CGK,WIII,19:25,11:25,22:06,41min late,22:32,12min late,1h 26m,Landed
2025-06-21,TR287,TGW287,Scoot,Singapore,SIN,WSSS,19:40,11:40,19:55,15min late,22:15,on time,2h 19m,Landed
2025-06-21,EK369,UAE369,Emirates,Dubai,DXB,OMDB,19:45,11:45,20:03,18min late,00:26,23min early,8h 23m,Landed
2025-06-21,ID6413,BTK6413,Batik Air,Surabaya,SUB,WARR,19:50,11:50,20:17,27min late,20:02,12min late,44m,Landed
2025-06-21,SQ945,SIA945,Singapore Airlines,Singapore,SIN,WSSS,20:00,12:00,20:19,19min late,22:35,4min early,2h 15m,Landed
2025-06-21,GA415,GIA415,Garuda Indonesia,Jakarta,CGK,WIII,20:00,12:00,20:17,17min late,20:54,5min early,1h 37m,Landed
2025-06-21,8B969,TNU969,Business Air,Guangzhou,CAN,ZGGG,20:15,12:15,20:53,38min late,01:47,47min late,4h 53m,Landed
2025-06-21,KL836,KLM836,KLM Royal Dutch Airlines,Singapore,SIN,WSSS,20:35,12:35,21:54,19min late,00:08,58min late,2h 13m,Landed
2025-06-21,OD177,MXD177,Malindo Air,Melbourne,MEL,YMML,21:00,13:00,23:55,55min late,06:48,8min late,4h 52m,Landed
2025-06-21,GA425,GIA425,Garuda Indonesia,Jakarta,CGK,WIII,21:05,13:05,21:22,17min late,21:56,3min early,1h 33m,Landed
2025-06-21,QG342,CTV342,Citilink,Makassar,UPG,WAAA,21:10,13:10,22:53,43min late,00:09,14min late,1h 16m,Landed
2025-06-21,SQ943,SIA943,Singapore Airlines,Singapore,SIN,WSSS,21:15,13:15,21:28,13min late,23:50,5min late,2h 21m,Landed
2025-06-21,JQ34,JST034,Jetstar Airways,Melbourne,MEL,YMML,21:20,13:20,21:24,4min late,04:10,44min early,4h 46m,Landed
2025-06-21,AK375,AXM375,AirAsia,Kuala Lumpur,KUL,WMKK,21:25,13:25,00:26,1min late,03:11,41min late,2h 45m,Landed
2025-06-21,IP105,PAS105,Pelita Air Service,Jakarta,CGK,WIII,21:25,13:25,21:54,29min late,22:29,19min late,1h 35m,Landed
2025-06-21,JQ117,JST117,Jetstar Airways,Perth,PER,YPPH,21:30,13:30,22:49,19min late,01:56,36min late,3h 6m,Landed
2025-06-21,IU745,SJV745,SW Italia,Jakarta,CGK,WIII,21:30,13:30,22:58,28min late,23:34,9min late,1h 36m,Landed
2025-06-21,QZ819,AWQ819,Indonesia AirAsia,Jakarta,CGK,WIII,21:40,13:40,22:12,32min late,22:39,9min late,1h 26m,Landed
2025-06-21,QZ546,AWQ546,Indonesia AirAsia,Perth,PER,YPPH,21:55,13:55,22:16,21min late,01:29,10min early,3h 12m,Landed
2025-06-21,OD157,MXD157,Malindo Air,Brisbane,BNE,YBBN,22:00,14:00,22:38,38min late,05:53,3min late,5h 14m,Landed
2025-06-21,QF44,QFA044,Qantas,Sydney,SYD,YSSY,22:10,14:10,22:16,6min late,06:01,3min early,5h 45m,Landed
2025-06-21,JQ60,JST060,Jetstar Airways,Brisbane,BNE,YBBN,22:10,14:10,22:18,8min late,05:25,14min early,5h 7m,Landed
2025-06-21,OD171,MXD171,Malindo Air,Sydney,SYD,YSSY,22:15,14:15,19:01,13min early,06:25,20min late,9h 24m,Landed
2025-06-21,QG9695,CTV9695,Citilink,Surabaya,SUB,WARR,22:20,14:20,22:48,28min late,22:50,25min late,1h 2m,Landed
2025-06-21,JQ38,JST038,Jetstar Airways,Sydney,SYD,YSSY,22:35,14:35,22:44,9min late,06:03,26min early,5h 19m,Landed
2025-06-21,7C2712,JJA2712,Jeju Air,Seoul,ICN,RKSI,22:45,14:45,03:03,18min late,07:09,on time,3h 6m,Landed
2025-06-21,QZ811,AWQ811,Indonesia AirAsia,Jakarta,CGK,WIII,22:50,14:50,23:50,60min late,00:19,39min late,1h 29m,Landed
2025-06-21,QF46,QFA046,Qantas,Melbourne,MEL,YMML,23:05,15:05,23:32,27min late,06:24,15min early,4h 52m,Landed
2025-06-21,JT3020,,Lion Air,Seoul,ICN,RKSI,23:05,15:05,,,,,7h 5m,
2025-06-21,VA82,VOZ082,Virgin Australia,Gold Coast,OOL,YBCG,23:20,15:20,23:14,6min early,06:37,17min early,5h 23m,Landed
2025-06-21,3K240,JSA240,Jetstar Asia,Singapore,SIN,WSSS,23:25,15:25,23:53,28min late,02:15,5min late,2h 21m,Landed
2025-06-21,JQ36,JST036,Jetstar Airways,Melbourne,MEL,YMML,23:30,15:30,23:44,14min late,06:28,36min early,4h 44m,Landed
2025-06-21,VA68,VOZ068,Virgin Australia,Sydney,SYD,YSSY,23:35,15:35,23:36,on time,07:00,44min early,5h 24m,Landed
2025-06-21,KE634,KAL634,Korean Air Lines,Seoul,ICN,RKSI,23:45,15:45,23:41,4min early,07:50,4min early,7h 9m,Landed
2025-06-21,JQ128,JST128,Jetstar Airways,Adelaide,ADL,YPAD,23:55,15:55,00:23,28min late,06:01,13min early,4h 8m,Landed
2025-06-22,BX602,ABL602,Air Busan,Busan,PUS,RKPK,00:05,16:05,00:21,16min late,07:52,17min early,6h 31m,Landed
2025-06-22,GA880,GIA880,Garuda Indonesia,Tokyo,NRT,RJAA,00:20,16:20,00:41,21min late,08:44,5min early,7h 3m,Landed
2025-06-22,MF892,CXA892,Xiamen Airlines,Xiamen,XMN,ZSAM,00:30,16:30,00:40,10min late,06:14,9min late,5h 34m,Landed
2025-06-22,CZ626,CSN626,China Southern Airlines,Guangzhou,CAN,ZGGG,00:30,16:30,01:05,35min late,05:53,3min late,4h 48m,Landed
2025-06-22,EK399,UAE399,Emirates,Dubai,DXB,OMDB,00:35,16:35,00:40,5min late,05:17,17min early,8h 37m,Landed
2025-06-22,QR961,QTR961,Qatar Airways,Doha,DOH,OTHH,00:35,16:35,01:08,33min late,04:46,8min early,8h 37m,Landed
2025-06-22,KE630,KAL630,Korean Air Lines,Seoul,ICN,RKSI,00:50,16:50,01:04,14min late,09:00,19min early,6h 56m,Landed
2025-06-22,PR538,PAL538,Philippine Airlines,Manila,MNL,RPLL,00:55,16:55,01:20,25min late,05:02,12min late,3h 42m,Landed
2025-06-22,MU5030,CES5030,China Eastern Airlines,Shanghai,PVG,ZSPD,00:55,16:55,00:54,on time,07:17,42min early,6h 23m,Landed
2025-06-22,VA9546,,Virgin Australia,Sydney,SYD,YSSY,01:00,17:00,,,,,6h 0m,Cancelled
2025-06-22,QZ548,AWQ548,Indonesia AirAsia,Perth,PER,YPPH,01:05,17:05,00:32,33min early,03:48,6min early,3h 16m,Landed
2025-06-22,QZ300,AWQ300,Indonesia AirAsia,Hong Kong,HKG,VHHH,01:10,17:10,00:58,11min early,05:58,1min early,4h 59m,Landed
2025-06-22,GA870,GIA870,Garuda Indonesia,Seoul,ICN,RKSI,01:15,17:15,01:17,2min late,09:18,3min late,7h 1m,Landed
2025-06-22,GA686,GIA686,Garuda Indonesia,Sorong,SOQ,WASS,01:40,17:40,01:53,13min late,05:38,6min early,2h 45m,Landed
2025-06-22,8B5888,,TransNusa,Manado,MDC,WAMM,01:50,17:50,,,,,2h 35m,
2025-06-22,JT746,LNI746,Lion Air,Makassar,UPG,WAAA,07:00,23:00,07:38,38min late,08:35,15min late,57m,Landed
2025-06-22,QZ550,AWQ550,Indonesia AirAsia,Kuala Lumpur,KUL,WMKK,07:00,23:00,07:25,25min late,10:05,5min late,2h 40m,Landed
2025-06-22,GA401,GIA401,Garuda Indonesia,Jakarta,CGK,WIII,07:00,23:00,07:14,14min late,07:49,10min early,1h 35m,Landed
2025-06-22,JT3569,LNI3569,Lion Air,Yogyakarta,YIA,WAHI,07:00,23:00,10:04,4min late,10:12,42min late,1h 7m,Landed
2025-06-22,JQ82,JST082,Jetstar Airways,Darwin,DRW,YPDN,07:00,23:00,07:27,27min late,08:57,17min early,0m,Landed
2025-06-22,JT929,LNI929,Lion Air,Surabaya,SUB,WARR,07:00,23:00,07:29,29min late,07:03,3min late,34m,Landed
2025-06-22,JT856,,Lion Air,Surabaya,SUB,WARR,07:00,23:00,,,,,1h 1m,
2025-06-22,QZ534,AWQ534,Indonesia AirAsia,Perth,PER,YPPH,07:05,23:05,07:21,16min late,10:39,20min early,3h 17m,Landed
2025-06-22,QG690,CTV690,Citilink,Surabaya,SUB,WARR,07:05,23:05,07:09,4min late,06:30,34min early,20m,Landed
2025-06-22,QZ502,AWQ502,Indonesia AirAsia,Singapore,SIN,WSSS,07:10,23:10,07:17,7min late,09:37,12min early,2h 20m,Landed
2025-06-22,SQ949,SIA949,Singapore Airlines,Singapore,SIN,WSSS,07:10,23:10,07:34,24min late,09:44,15min early,2h 10m,Landed
2025-06-22,QZ644,AWQ644,Indonesia AirAsia,Labuan Bajo,LBJ,WATO,07:10,23:10,07:32,22min late,08:19,4min late,47m,Landed
2025-06-22,QZ813,AWQ813,Indonesia AirAsia,Jakarta,CGK,WIII,07:15,23:15,07:20,5min late,07:48,21min early,1h 28m,Landed
2025-06-22,VA9552,VOZ9552,Virgin Australia,Sydney,SYD,YSSY,07:30,23:30,07:40,10min late,14:58,31min early,5h 17m,Landed
2025-06-22,QG663,CTV663,Citilink,Jakarta,CGK,WIII,07:50,23:50,08:08,18min late,08:56,11min late,1h 47m,Landed
2025-06-22,IW1854,WON1854,Wings Air,Lombok,LOP,WADL,08:00,00:00,08:13,13min late,08:36,8min early,23m,Landed
2025-06-22,IU731,SJV731,SW Italia,Jakarta,CGK,WIII,08:05,00:05,08:33,28min late,09:03,3min late,1h 30m,Landed
2025-06-22,HX706,CRK706,Hong Kong Airlines,Hong Kong,HKG,VHHH,08:15,00:15,08:15,on time,13:06,13min early,4h 51m,Landed
2025-06-22,5J280,CEB280,CEBU Pacific Air,Manila,MNL,RPLL,08:35,00:35,08:45,10min late,12:42,7min early,3h 57m,Landed
2025-06-22,IW1850,WON1850,Wings Air,Lombok,LOP,WADL,08:35,00:35,09:14,39min late,09:44,24min late,30m,Landed
2025-06-22,IU703,SJV703,SW Italia,Surabaya,SUB,WARR,08:40,00:40,09:02,22min late,08:41,1min late,39m,Landed
2025-06-22,CZ8482,CSN8482,China Southern Airlines,Guangzhou,CAN,ZGGG,08:40,00:40,08:52,12min late,13:48,1min early,4h 56m,Landed
2025-06-22,QZ504,AWQ504,Indonesia AirAsia,Singapore,SIN,WSSS,09:00,01:00,09:00,on time,11:24,20min early,2h 23m,Landed
2025-06-22,8B80,TNU080,Business Air,Perth,PER,YPPH,09:05,01:05,09:17,12min late,12:29,25min early,3h 11m,Landed
2025-06-22,IW1832,WON1832,Wings Air,Tambolaka,TMC,WADT,09:10,01:10,09:51,41min late,10:51,16min late,1h 0m,Landed
2025-06-22,IW1856,WON1856,Wings Air,Lombok,LOP,WADL,09:10,01:10,09:25,15min late,09:49,5min early,24m,Landed
2025-06-22,8B5105,TNU5105,Business Air,Jakarta,CGK,WIII,09:10,01:10,09:23,13min late,09:58,1min early,1h 34m,Landed
2025-06-22,IN640,LKN640,Nam Air,Tambolaka,TMC,WADT,09:10,01:10,09:12,2min late,09:52,17min early,40m,Landed
2025-06-22,ID6007,BTK6007,Batik Air,Perth,PER,YPPH,09:25,01:25,09:42,17min late,12:53,21min early,3h 11m,Landed
2025-06-22,QG500,CTV500,Citilink,Dili,DIL,WPDL,09:30,01:30,09:29,on time,12:36,16min late,2h 7m,Landed
2025-06-22,QZ803,AWQ803,Indonesia AirAsia,Jakarta,CGK,WIII,09:40,01:40,09:44,4min late,10:28,1min early,1h 43m,Landed
2025-06-22,QR965,QTR965,Qatar Airways,Doha,DOH,OTHH,09:55,01:55,10:23,28min late,14:06,13min early,8h 42m,Landed
2025-06-22,IW1882,WON1882,Wings Air,Sumbawa Besar,SWQ,WADS,10:00,02:00,11:13,13min late,11:56,56min late,43m,Landed
2025-06-22,JT270,LNI270,Lion Air,Kupang,KOE,WATT,10:00,02:00,11:33,33min late,12:57,17min late,1h 23m,Landed
2025-06-22,IU757,SJV757,SW Italia,Jakarta,CGK,WIII,10:00,02:00,10:35,35min late,11:10,15min late,1h 35m,Landed
2025-06-22,SQ935,SIA935,Singapore Airlines,Singapore,SIN,WSSS,10:05,02:05,10:12,7min late,12:40,5min early,2h 27m,Landed
2025-06-22,SU297,AFL297,Aeroflot,Moscow,SVO,UUEE,10:05,02:05,10:11,6min late,17:38,36min early,12h 27m,Landed
2025-06-22,8B5101,TNU5101,Business Air,Jakarta,CGK,WIII,10:25,02:25,10:25,on time,11:06,8min early,1h 41m,Landed
2025-06-22,JT23,LNI023,Lion Air,Jakarta,CGK,WIII,10:35,02:35,11:33,58min late,12:03,33min late,1h 30m,Landed
2025-06-22,AI2146,AIC2146,Air India,Delhi,DEL,VIDP,10:35,02:35,10:57,22min late,16:11,21min late,7h 43m,Landed
2025-06-22,QZ815,AWQ815,Indonesia AirAsia,Jakarta,CGK,WIII,10:35,02:35,10:46,11min late,11:18,11min early,1h 31m,Landed
2025-06-22,TR281,TGW281,Scoot,Singapore,SIN,WSSS,10:50,02:50,11:17,27min late,13:42,12min late,2h 25m,Landed
2025-06-22,3K244,JSA244,Jetstar Asia,Singapore,SIN,WSSS,10:55,02:55,10:42,12min early,13:18,21min early,2h 36m,Landed
2025-06-22,JT927,LNI927,Lion Air,Surakarta,SOC,WAHQ,10:55,02:55,12:32,37min late,12:28,13min late,55m,Landed
2025-06-22,IU741,SJV741,SW Italia,Jakarta,CGK,WIII,11:05,03:05,11:46,41min late,12:15,15min late,1h 28m,Landed
2025-06-22,JT924,LNI924,Lion Air,Kupang,KOE,WATT,11:05,03:05,15:05,0min late,16:26,41min late,1h 20m,Landed
2025-06-22,JT805,LNI805,Lion Air,Surabaya,SUB,WARR,11:05,03:05,12:36,31min late,12:19,14min late,43m,Landed
2025-06-22,JQ126,JST126,Jetstar Airways,Adelaide,ADL,YPAD,11:15,03:15,11:39,24min late,17:14,15min early,4h 4m,Landed
2025-06-22,6E1606,IGO1606,IndiGo,Bangalore,BLR,VOBL,11:20,03:20,11:36,16min late,15:07,2min early,6h 0m,Landed
2025-06-22,GA427,GIA427,Garuda Indonesia,Jakarta,CGK,WIII,11:25,03:25,11:49,24min late,14:52,27min late,4h 2m,Landed
2025-06-22,JQ109,JST109,Jetstar Airways,Perth,PER,YPPH,11:40,03:40,12:20,40min late,15:31,6min late,3h 10m,Landed
2025-06-22,JT569,LNI569,Lion Air,Yogyakarta,YIA,WAHI,11:55,03:55,14:35,40min late,14:43,58min late,1h 7m,Landed
2025-06-22,OD192,MXD192,Malindo Air,Kuala Lumpur,KUL,WMKK,11:55,03:55,12:33,38min late,15:19,14min late,2h 46m,Landed
2025-06-22,JQ32,JST032,Jetstar Airways,Melbourne,MEL,YMML,11:55,03:55,12:03,8min late,19:01,28min early,4h 57m,Landed
2025-06-22,JQ40,JST040,Jetstar Airways,Sydney,SYD,YSSY,11:55,03:55,13:16,21min late,20:50,0min late,5h 33m,Landed
2025-06-22,FD397,AIQ397,Thai AirAsia,Bangkok,DMK,VTBD,12:00,04:00,12:15,15min late,15:10,24min early,3h 54m,Landed
2025-06-22,GA407,,Garuda Indonesia,Jakarta,CGK,WIII,12:00,04:00,,,,,1h 55m,Cancelled
2025-06-22,QZ618,AWQ618,Indonesia AirAsia,Banjarmasin,BDJ,WAOO,12:05,04:05,12:39,34min late,13:45,15min late,1h 5m,Landed
2025-06-22,GA253,GIA253,Garuda Indonesia,Yogyakarta,YIA,WAHI,12:05,04:05,12:26,21min late,12:32,22min early,1h 6m,Landed
2025-06-22,GA620,GIA620,Garuda Indonesia,Makassar,UPG,WAAA,12:10,04:10,13:01,51min late,14:08,28min late,1h 6m,Landed
2025-06-22,SQ937,SIA937,Singapore Airlines,Singapore,SIN,WSSS,12:10,04:10,12:21,11min late,14:45,9min early,2h 24m,Landed
2025-06-22,OD178,MXD178,Malindo Air,Kuala Lumpur,KUL,WMKK,12:25,04:25,14:06,41min late,16:51,16min late,2h 44m,Landed
2025-06-22,D7795,XAX795,AirAsia X,Kuala Lumpur,KUL,WMKK,12:30,04:30,12:55,25min late,15:32,12min early,2h 37m,Landed
2025-06-22,QG9693,CTV9693,Citilink,Surabaya,SUB,WARR,12:40,04:40,13:24,44min late,13:31,41min late,1h 6m,Landed
2025-06-22,QZ805,AWQ805,Indonesia AirAsia,Jakarta,CGK,WIII,12:40,04:40,12:43,3min late,13:24,15min early,1h 40m,Landed
2025-06-22,OD158,MXD158,Malindo Air,Kuala Lumpur,KUL,WMKK,12:45,04:45,13:05,20min late,15:40,14min early,2h 34m,Landed
2025-06-22,IW1848,WON1848,Wings Air,Lombok,LOP,WADL,12:45,04:45,14:52,7min late,15:16,46min late,24m,Landed
2025-06-22,ID7308,BTK7308,Batik Air,Jakarta,HLP,WIHH,12:50,04:50,13:17,27min late,13:46,11min late,1h 29m,Landed
2025-06-22,MH714,MAS714,Malaysia Airlines,Kuala Lumpur,KUL,WMKK,12:55,04:55,13:46,51min late,16:41,41min late,2h 55m,Landed
2025-06-22,IP103,PAS103,Pelita Air Service,Jakarta,CGK,WIII,12:55,04:55,12:39,15min early,13:21,23min early,1h 42m,Landed
2025-06-22,SQ939,SIA939,Singapore Airlines,Singapore,SIN,WSSS,13:05,05:05,13:17,12min late,15:30,20min early,2h 12m,Landed
2025-06-22,VJ900,VJC900,VietJet Air,Hanoi,HAN,VVNB,13:10,05:10,14:41,31min late,18:36,16min late,4h 55m,Landed
2025-06-22,JQ58,JST058,Jetstar Airways,Brisbane,BNE,YBBN,13:15,05:15,13:29,14min late,20:33,11min early,5h 4m,Landed
2025-06-22,IU753,SJV753,SW Italia,Jakarta,CGK,WIII,13:15,05:15,14:25,10min late,14:56,46min late,1h 30m,Landed
2025-06-22,OD172,MXD172,Malindo Air,Kuala Lumpur,KUL,WMKK,13:15,05:15,14:23,8min late,17:00,35min late,2h 36m,Landed
2025-06-22,IW1834,WON1834,Wings Air,Tambolaka,TMC,WADT,13:20,05:20,14:03,43min late,15:13,28min late,1h 9m,Landed
2025-06-22,8G182,DTL182,Mid Africa Aviation,Dili,DIL,WPDL,13:25,05:25,14:00,35min late,16:41,21min late,1h 40m,Landed
2025-06-22,JT660,LNI660,Lion Air,Balikpapan,BPN,WALL,13:25,05:25,17:55,30min late,19:13,3min late,1h 18m,Landed
2025-06-22,D7799,XAX799,AirAsia X,Kuala Lumpur,KUL,WMKK,13:35,05:35,14:02,27min late,16:49,on time,2h 47m,Landed
2025-06-22,IW1826,WON1826,Wings Air,Bima,BMU,WADB,13:40,05:40,15:22,42min late,16:25,20min late,1h 2m,Landed
2025-06-22,ID7135,BTK7135,Batik Air,Singapore,SIN,WSSS,13:45,05:45,14:29,44min late,17:01,21min late,2h 31m,Landed
2025-06-22,GA409,GIA409,Garuda Indonesia,Jakarta,CGK,WIII,13:45,05:45,15:10,25min late,15:42,57min late,1h 32m,Landed
2025-06-22,QZ506,AWQ506,Indonesia AirAsia,Singapore,SIN,WSSS,13:45,05:45,14:13,28min late,16:36,3min early,2h 22m,Landed
2025-06-22,8B5107,TNU5107,Business Air,Jakarta,CGK,WIII,13:50,05:50,14:40,50min late,15:09,29min late,1h 29m,Landed
2025-06-22,IW1964,WON1964,Wings Air,Lombok,LOP,WADL,13:55,05:55,14:56,1min late,15:20,40min late,23m,Landed
2025-06-22,VJ848,VJC848,VietJet Air,Ho Chi Minh City,SGN,VVTS,14:00,06:00,14:31,31min late,16:42,7min early,3h 11m,Landed
2025-06-22,TR289,TGW289,Scoot,Singapore,SIN,WSSS,14:00,06:00,14:09,9min late,16:29,31min early,2h 19m,Landed
2025-06-22,VJ894,VJC894,VietJet Air,Ho Chi Minh City,SGN,VVTS,14:05,06:05,15:01,56min late,17:22,27min late,3h 21m,Landed
2025-06-22,ID7637,BTK7637,Batik Air,Bangkok,DMK,VTBD,14:15,06:15,15:47,32min late,18:48,3min late,4h 1m,Landed
2025-06-22,QG699,CTV699,Citilink,Surabaya,SUB,WARR,14:20,06:20,14:56,36min late,14:42,17min late,45m,Landed
2025-06-22,JT844,LNI844,Lion Air,Banjarmasin,BDJ,WAOO,14:35,06:35,15:33,58min late,16:40,40min late,1h 7m,Landed
2025-06-22,IW1884,WON1884,Wings Air,Waingapu,WGP,WADW,14:40,06:40,14:47,7min late,16:14,15min early,1h 26m,Landed
2025-06-22,JT919,LNI919,Lion Air,Surabaya,SUB,WARR,14:40,06:40,16:53,13min late,16:34,54min late,41m,Landed
2025-06-22,QG681,CTV681,Citilink,Jakarta,CGK,WIII,14:40,06:40,15:40,0min late,16:14,24min late,1h 33m,Landed
2025-06-22,AK377,AXM377,AirAsia,Kuala Lumpur,KUL,WMKK,14:45,06:45,15:16,31min late,18:02,7min late,2h 45m,Landed
2025-06-22,OD307,MXD307,Malindo Air,Kuala Lumpur,KUL,WMKK,14:50,06:50,15:30,40min late,18:03,13min late,2h 33m,Landed
2025-06-22,JQ44,JST044,Jetstar Airways,Melbourne,MEL,YMML,14:55,06:55,15:19,24min late,22:02,27min early,4h 43m,Landed
2025-06-22,JT271,LNI271,Lion Air,Semarang,SRG,WIIS,15:05,07:05,17:21,16min late,17:38,8min late,1h 17m,Landed
2025-06-22,QZ244,AWQ244,Indonesia AirAsia,Bangkok,DMK,VTBD,15:10,07:10,15:41,31min late,18:56,26min late,4h 14m,Landed
2025-06-22,8B5103,,TransNusa,Jakarta,CGK,WIII,15:10,07:10,,,,,1h 45m,
2025-06-22,GA842,GIA842,Garuda Indonesia,Singapore,SIN,WSSS,15:15,07:15,16:02,47min late,18:29,29min late,2h 26m,Landed
2025-06-22,VA50,VOZ050,Virgin Australia,Brisbane,BNE,YBBN,15:15,07:15,15:40,25min late,23:27,27min late,5h 47m,Landed
2025-06-22,IU759,SJV759,SW Italia,Jakarta,CGK,WIII,15:15,07:15,18:26,11min late,18:57,47min late,1h 31m,Landed
2025-06-22,GA7036,GIA7036,Garuda Indonesia,Labuan Bajo,LBJ,WATO,15:25,07:25,16:41,16min late,17:39,4min late,58m,Landed
2025-06-22,JT740,LNI740,Lion Air,Makassar,UPG,WAAA,15:25,07:25,17:25,0min late,18:20,35min late,55m,Landed
2025-06-22,VJ898,VJC898,VietJet Air,Ho Chi Minh City,SGN,VVTS,15:30,07:30,16:28,58min late,18:45,25min late,3h 16m,Landed
2025-06-22,ID6335,BTK6335,Batik Air,Labuan Bajo,LBJ,WATO,15:35,07:35,16:08,33min late,16:58,13min late,50m,Landed
2025-06-22,JT961,LNI961,Lion Air,Medan,KNO,WIMM,15:40,07:40,16:22,42min late,18:26,11min late,3h 3m,Landed
2025-06-22,CI772,CAL772,China Airlines,Taipei,TPE,RCTP,15:40,07:40,15:57,17min late,21:28,23min late,5h 31m,Landed
2025-06-22,QZ646,AWQ646,Indonesia AirAsia,Labuan Bajo,LBJ,WATO,15:45,07:45,16:16,31min late,17:05,5min late,48m,Landed
2025-06-22,IP109,PAS109,Pelita Air Service,Jakarta,CGK,WIII,15:45,07:45,17:24,39min late,18:08,33min late,1h 44m,Landed
2025-06-22,VA92,VOZ092,Virgin Australia,Melbourne,MEL,YMML,15:50,07:50,16:13,23min late,23:32,7min late,5h 19m,Landed
2025-06-22,JQ43,JST043,Jetstar Airways,Singapore,SIN,WSSS,15:50,07:50,16:21,31min late,16:21,8min early,0m,Landed
2025-06-22,ID8335,BTK8335,Batik Air,Labuan Bajo,LBJ,WATO,15:55,07:55,17:01,6min late,17:51,46min late,49m,Landed
2025-06-22,GA411,GIA411,Garuda Indonesia,Jakarta,CGK,WIII,15:55,07:55,16:43,48min late,17:12,12min late,1h 29m,Landed
2025-06-22,VN640,HVN640,Vietnam Airlines,Ho Chi Minh City,SGN,VVTS,16:00,08:00,16:38,38min late,18:53,13min late,3h 15m,Landed
2025-06-22,IU743,SJV743,SW Italia,Jakarta,CGK,WIII,16:10,08:10,17:45,35min late,18:29,24min late,1h 44m,Landed
2025-06-22,QZ807,AWQ807,Indonesia AirAsia,Jakarta,CGK,WIII,16:10,08:10,17:08,58min late,17:52,37min late,1h 44m,Landed
2025-06-22,QG195,CTV195,Citilink,Jakarta,HLP,WIHH,16:10,08:10,16:43,33min late,17:20,20min late,1h 37m,Landed
2025-06-22,CX784,CPA784,Cathay Pacific,Hong Kong,HKG,VHHH,16:10,08:10,16:33,23min late,21:00,24min early,4h 27m,Landed
2025-06-22,QG669,CTV669,Citilink,Surabaya,SUB,WARR,16:10,08:10,17:42,32min late,17:32,12min late,49m,Landed
2025-06-22,QZ536,AWQ536,Indonesia AirAsia,Perth,PER,YPPH,16:15,08:15,16:51,36min late,20:07,2min early,3h 16m,Landed
2025-06-22,JT925,LNI925,Lion Air,Surakarta,SOC,WAHQ,16:25,08:25,20:13,48min late,20:14,29min late,1h 1m,Landed
2025-06-22,MH850,MAS850,Malaysia Airlines,Kuala Lumpur,KUL,WMKK,16:25,08:25,17:33,8min late,20:14,39min late,2h 40m,Landed
2025-06-22,BR256,EVA256,EVA Airways,Taipei,TPE,RCTP,16:30,08:30,16:56,26min late,22:31,31min late,5h 35m,Landed
2025-06-22,QZ246,AWQ246,Indonesia AirAsia,Phuket,HKT,VTSP,16:40,08:40,17:10,30min late,19:30,9min early,3h 19m,Landed
2025-06-22,QZ642,AWQ642,Indonesia AirAsia,Labuan Bajo,LBJ,WATO,16:45,08:45,16:59,14min late,17:59,on time,1h 0m,Landed
2025-06-22,IU273,SJV273,SW Italia,Pontianak,PNK,WIOO,16:50,08:50,18:05,15min late,18:48,58min late,1h 43m,Landed
2025-06-22,JT567,LNI567,Lion Air,Yogyakarta,YIA,WAHI,16:50,08:50,19:03,13min late,19:21,1min late,1h 17m,Landed
2025-06-22,HO1356,DKH1356,Juneyao Airlines,Shanghai,PVG,ZSPD,16:50,08:50,17:00,10min late,23:04,35min early,6h 3m,Landed
2025-06-22,TG432,THA432,Thai Airways International,Bangkok,BKK,VTBS,16:55,08:55,17:25,30min late,20:05,on time,3h 40m,Landed
2025-06-22,JT923,LNI923,Lion Air,Surabaya,SUB,WARR,17:05,09:05,19:17,12min late,19:04,59min late,47m,Landed
2025-06-22,GA419,GIA419,Garuda Indonesia,Jakarta,CGK,WIII,17:25,09:25,17:51,26min late,18:30,5min late,1h 39m,Landed
2025-06-22,VJ998,VJC998,VietJet Air,Hanoi,HAN,VVNB,17:30,09:30,17:59,29min late,21:30,14min early,4h 31m,Landed
2025-06-22,GA349,GIA349,Garuda Indonesia,Surabaya,SUB,WARR,17:35,09:35,19:48,13min late,17:34,10min early,,Landed
2025-06-22,D7793,XAX793,AirAsia X,Kuala Lumpur,KUL,WMKK,17:40,09:40,18:25,45min late,21:06,11min late,2h 40m,Landed
2025-06-22,NZ291,ANZ291,Air New Zealand,Auckland,AKL,NZAA,17:50,09:50,17:52,2min late,05:21,9min early,7h 29m,Landed
2025-06-22,OD193,MXD193,Malindo Air,Perth,PER,YPPH,18:10,10:10,17:24,45min early,01:01,16min late,7h 37m,Landed
2025-06-22,SL259,TLM259,Thai Lion Air,Bangkok,DMK,VTBD,18:20,10:20,18:25,5min late,21:20,19min early,3h 55m,Landed
2025-06-22,IU737,SJV737,SW Italia,Jakarta,CGK,WIII,18:30,10:30,20:24,54min late,20:57,32min late,1h 33m,Landed
2025-06-22,IN281,LKN281,Nam Air,Jakarta,CGK,WIII,18:30,10:30,18:42,12min late,19:30,20min late,1h 47m,Landed
2025-06-22,8B5109,TNU5109,Business Air,Jakarta,CGK,WIII,18:45,10:45,19:13,28min late,19:57,27min late,1h 44m,Landed
2025-06-22,EY477,ETD477,Etihad Airways,Abu Dhabi,AUH,OMAA,18:45,10:45,19:07,22min late,23:28,1min early,8h 20m,Landed
2025-06-22,GA417,GIA417,Garuda Indonesia,Jakarta,CGK,WIII,18:45,10:45,19:14,29min late,19:48,3min late,1h 34m,Landed
2025-06-22,CX782,CPA782,Cathay Pacific,Hong Kong,HKG,VHHH,18:45,10:45,18:52,7min late,23:38,26min early,4h 45m,Landed
2025-06-22,QZ809,AWQ809,Indonesia AirAsia,Jakarta,CGK,WIII,18:50,10:50,19:07,17min late,19:46,1min late,1h 38m,Landed
2025-06-22,TG440,THA440,Thai Airways International,Bangkok,BKK,VTBS,19:00,11:00,19:21,21min late,22:17,7min late,3h 56m,Landed
2025-06-22,QG689,CTV689,Citilink,Jakarta,CGK,WIII,19:00,11:00,19:54,54min late,20:46,46min late,1h 51m,Landed
2025-06-22,3K246,JSA246,Jetstar Asia,Singapore,SIN,WSSS,19:15,11:15,19:23,8min late,21:55,4min early,2h 32m,Landed
2025-06-22,AK379,AXM379,AirAsia,Kuala Lumpur,KUL,WMKK,19:15,11:15,19:37,22min late,22:07,12min early,2h 30m,Landed
2025-06-22,QR963,QTR963,Qatar Airways,Doha,DOH,OTHH,19:20,11:20,21:05,45min late,00:59,19min late,8h 53m,Landed
2025-06-22,MH852,MAS852,Malaysia Airlines,Kuala Lumpur,KUL,WMKK,19:20,11:20,19:27,7min late,22:13,6min early,2h 46m,Landed
2025-06-22,IU755,SJV755,SW Italia,Jakarta,CGK,WIII,19:25,11:25,23:06,41min late,23:35,15min late,1h 29m,Landed
2025-06-22,ID7310,BTK7310,Batik Air,Jakarta,HLP,WIHH,19:25,11:25,19:36,11min late,19:46,23min early,1h 9m,Landed
2025-06-22,TR287,TGW287,Scoot,Singapore,SIN,WSSS,19:40,11:40,20:12,32min late,22:18,3min late,2h 6m,Landed
2025-06-22,EK369,UAE369,Emirates,Dubai,DXB,OMDB,19:45,11:45,19:53,8min late,00:19,30min early,8h 25m,Landed
2025-06-22,ID6413,BTK6413,Batik Air,Surabaya,SUB,WARR,19:50,11:50,20:20,30min late,19:45,4min early,25m,Landed
2025-06-22,GA415,GIA415,Garuda Indonesia,Jakarta,CGK,WIII,20:00,12:00,20:22,22min late,21:01,1min late,1h 39m,Landed
2025-06-22,SQ945,SIA945,Singapore Airlines,Singapore,SIN,WSSS,20:00,12:00,20:13,13min late,22:35,4min early,2h 21m,Landed
2025-06-22,ID8517,BTK8517,Batik Air,Jakarta,CGK,WIII,20:00,12:00,23:19,19min late,23:49,54min late,1h 30m,Landed
2025-06-22,8B969,TNU969,Business Air,Guangzhou,CAN,ZGGG,20:15,12:15,01:00,45min late,05:52,52min late,4h 51m,Landed
2025-06-22,KL836,KLM836,KLM Royal Dutch Airlines,Singapore,SIN,WSSS,20:35,12:35,21:12,37min late,23:36,26min late,2h 24m,Landed
2025-06-22,OD177,MXD177,Malindo Air,Melbourne,MEL,YMML,21:00,13:00,00:30,30min late,07:25,45min late,4h 55m,Landed
2025-06-22,GA425,GIA425,Garuda Indonesia,Jakarta,CGK,WIII,21:05,13:05,21:18,13min late,22:06,6min late,1h 48m,Landed
2025-06-22,QG342,CTV342,Citilink,Makassar,UPG,WAAA,21:10,13:10,21:27,17min late,23:33,48min late,2h 6m,Landed
2025-06-22,JQ34,JST034,Jetstar Airways,Melbourne,MEL,YMML,21:20,13:20,21:46,26min late,04:31,23min early,4h 45m,Landed
2025-06-22,TK67,THY067,Turkish Airlines,Istanbul,IST,LTFM,21:20,13:20,21:35,15min late,05:03,11min early,12h 28m,Landed
2025-06-22,AK375,AXM375,AirAsia,Kuala Lumpur,KUL,WMKK,21:25,13:25,22:05,40min late,00:47,17min late,2h 42m,Landed
2025-06-22,IP105,PAS105,Pelita Air Service,Jakarta,CGK,WIII,21:25,13:25,21:44,19min late,22:09,on time,1h 24m,Landed
2025-06-22,IU745,SJV745,SW Italia,Jakarta,CGK,WIII,21:30,13:30,22:46,16min late,23:17,52min late,1h 31m,Landed
2025-06-22,JQ117,JST117,Jetstar Airways,Perth,PER,YPPH,21:30,13:30,22:05,35min late,01:16,3min early,3h 11m,Landed
2025-06-22,ID6760,BTK6760,Batik Air,Makassar,UPG,WAAA,21:30,13:30,21:42,12min late,22:40,9min early,58m,Landed
2025-06-22,QZ819,AWQ819,Indonesia AirAsia,Jakarta,CGK,WIII,21:40,13:40,22:21,41min late,23:04,34min late,1h 42m,Landed
2025-06-22,SQ947,SIA947,Singapore Airlines,Singapore,SIN,WSSS,21:45,13:45,22:02,17min late,00:28,8min late,2h 25m,Landed
2025-06-22,QZ546,AWQ546,Indonesia AirAsia,Perth,PER,YPPH,21:55,13:55,22:17,22min late,01:37,2min early,3h 19m,Landed
2025-06-22,OD157,MXD157,Malindo Air,Brisbane,BNE,YBBN,22:00,14:00,18:22,37min early,05:33,16min early,9h 10m,Landed
2025-06-22,GA718,GIA718,Garuda Indonesia,Melbourne,MEL,YMML,22:05,14:05,22:21,16min late,00:21,8min early,0m,Landed
2025-06-22,QF44,QFA044,Qantas,Sydney,SYD,YSSY,22:10,14:10,22:35,25min late,06:01,3min early,5h 26m,Landed
2025-06-22,OD171,MXD171,Malindo Air,Sydney,SYD,YSSY,22:15,14:15,00:13,58min late,07:26,21min late,5h 12m,Landed
2025-06-22,QG9695,CTV9695,Citilink,Surabaya,SUB,WARR,22:20,14:20,23:45,25min late,23:51,26min late,1h 6m,Landed
2025-06-22,JQ38,JST038,Jetstar Airways,Sydney,SYD,YSSY,22:35,14:35,22:54,19min late,06:09,20min early,5h 15m,Landed
2025-06-22,7C2712,JJA2712,Jeju Air,Seoul,ICN,RKSI,22:45,14:45,02:29,44min late,07:38,28min late,4h 9m,Landed
2025-06-22,QZ811,AWQ811,Indonesia AirAsia,Jakarta,CGK,WIII,22:50,14:50,00:25,35min late,01:02,22min late,1h 36m,Landed
2025-06-22,VA96,VOZ096,Virgin Australia,Melbourne,MEL,YMML,23:05,15:05,00:16,11min late,07:20,40min late,5h 4m,Landed
2025-06-22,JT3020,,Lion Air,Seoul,ICN,RKSI,23:05,15:05,,,,,7h 5m,
2025-06-22,QF46,QFA046,Qantas,Melbourne,MEL,YMML,23:05,15:05,00:54,49min late,07:00,20min late,4h 5m,Landed
2025-06-22,VA82,VOZ082,Virgin Australia,Gold Coast,OOL,YBCG,23:20,15:20,23:32,12min late,07:00,5min late,5h 28m,Landed
2025-06-22,3K240,JSA240,Jetstar Asia,Singapore,SIN,WSSS,23:25,15:25,00:17,52min late,02:35,25min late,2h 18m,Landed
2025-06-22,GA714,GIA714,Garuda Indonesia,Sydney,SYD,YSSY,23:25,15:25,23:44,19min late,06:51,18min early,5h 7m,Landed
2025-06-22,JQ36,JST036,Jetstar Airways,Melbourne,MEL,YMML,23:30,15:30,00:46,16min late,07:28,23min late,4h 41m,Landed
2025-06-22,VA68,VOZ068,Virgin Australia,Sydney,SYD,YSSY,23:35,15:35,23:49,14min late,07:10,34min early,5h 21m,Landed
2025-06-22,QZ542,AWQ542,Indonesia AirAsia,Cairns,CNS,YBCS,23:45,15:45,00:02,17min late,06:25,9min early,4h 23m,Landed
2025-06-22,KE634,KAL634,Korean Air Lines,Seoul,ICN,RKSI,23:45,15:45,23:46,on time,07:40,14min early,6h 54m,Landed
2025-06-22,JQ128,JST128,Jetstar Airways,Adelaide,ADL,YPAD,23:55,15:55,00:23,28min late,06:03,6min early,4h 9m,Landed
2025-06-23,BX602,ABL602,Air Busan,Busan,PUS,RKPK,00:05,16:05,00:22,17min late,07:52,17min early,6h 29m,Landed
2025-06-23,GA880,GIA880,Garuda Indonesia,Tokyo,NRT,RJAA,00:20,16:20,00:45,25min late,08:58,8min late,7h 12m,Landed
2025-06-23,MF892,CXA892,Xiamen Airlines,Xiamen,XMN,ZSAM,00:30,16:30,00:16,14min early,05:54,10min early,5h 38m,Landed
2025-06-23,CZ626,CSN626,China Southern Airlines,Guangzhou,CAN,ZGGG,00:30,16:30,00:47,17min late,05:36,13min early,4h 49m,Landed
2025-06-23,QR961,,Qatar Airways,Doha,DOH,OTHH,00:35,16:35,16:36,1min late,20:01,6min late,8h 25m,Landed
2025-06-23,EK399,UAE399,Emirates,Dubai,DXB,OMDB,00:35,16:35,00:36,1min late,05:19,15min early,8h 42m,Landed
2025-06-23,KE630,KAL630,Korean Air Lines,Seoul,ICN,RKSI,00:50,16:50,00:44,6min early,08:31,48min early,6h 47m,Landed
2025-06-23,MU5030,CES5030,China Eastern Airlines,Shanghai,PVG,ZSPD,00:55,16:55,00:44,11min early,06:55,4min early,6h 11m,Landed
2025-06-23,PR538,PAL538,Philippine Airlines,Manila,MNL,RPLL,00:55,16:55,00:56,on time,04:32,17min early,3h 36m,Landed
2025-06-23,5J282,CEB282,CEBU Pacific Air,Manila,MNL,RPLL,01:00,17:00,00:57,3min early,04:40,44min early,3h 43m,Landed
2025-06-23,QZ548,AWQ548,Indonesia AirAsia,Perth,PER,YPPH,01:05,17:05,00:32,33min early,03:48,6min early,3h 16m,Landed
2025-06-23,GA870,GIA870,Garuda Indonesia,Seoul,ICN,RKSI,01:15,17:15,01:17,2min late,09:18,3min late,7h 1m,Landed
2025-06-23,8B5888,TNU5888,Business Air,Manado,MDC,WAMM,01:50,17:50,01:57,7min late,04:09,15min early,2h 12m,Landed
2025-06-23,JT944,,Lion Air,Makassar,UPG,WAAA,07:00,23:00,,,,,1h 20m,
2025-06-23,JT856,,Lion Air,Surabaya,SUB,WARR,07:00,23:00,,,,,1h 1m,
2025-06-23,JQ82,JST082,Jetstar Airways,Darwin,DRW,YPDN,07:00,23:00,07:34,34min late,11:23,8min late,2h 18m,Landed
2025-06-23,QZ550,AWQ550,Indonesia AirAsia,Kuala Lumpur,KUL,WMKK,07:00,23:00,07:29,29min late,10:06,6min late,2h 36m,Landed
2025-06-23,JT746,LNI746,Lion Air,Makassar,UPG,WAAA,07:00,23:00,07:09,9min late,08:08,11min early,58m,Landed
2025-06-23,JT929,LNI929,Lion Air,Surabaya,SUB,WARR,07:00,23:00,07:39,39min late,06:39,20min early,0m,Landed
2025-06-23,GA401,GIA401,Garuda Indonesia,Jakarta,CGK,WIII,07:00,23:00,07:13,13min late,07:56,3min early,1h 42m,Landed
2025-06-23,JT3569,LNI3569,Lion Air,Yogyakarta,YIA,WAHI,07:00,23:00,07:24,24min late,07:33,3min late,1h 9m,Landed
2025-06-23,QZ534,AWQ534,Indonesia AirAsia,Perth,PER,YPPH,07:05,23:05,07:20,15min late,07:20,39min early,0m,Landed
2025-06-23,QG690,CTV690,Citilink,Surabaya,SUB,WARR,07:05,23:05,07:27,22min late,07:06,1min late,38m,Landed
2025-06-23,QZ644,AWQ644,Indonesia AirAsia,Labuan Bajo,LBJ,WATO,07:10,23:10,07:05,4min early,07:43,31min early,38m,Landed
2025-06-23,SQ949,SIA949,Singapore Airlines,Singapore,SIN,WSSS,07:10,23:10,10:47,37min late,12:53,53min late,2h 6m,Landed
2025-06-23,QZ502,AWQ502,Indonesia AirAsia,Singapore,SIN,WSSS,07:10,23:10,07:17,7min late,09:29,20min early,2h 12m,Landed
2025-06-23,QG663,CTV663,Citilink,Jakarta,CGK,WIII,07:50,23:50,08:00,10min late,08:52,7min late,1h 52m,Landed
2025-06-23,IW1854,WON1854,Wings Air,Lombok,LOP,WADL,08:00,00:00,08:18,18min late,08:42,2min early,23m,Landed
2025-06-23,IW3330,WON3330,Wings Air,,,,08:00,00:00,09:47,47min late,10:52,12min late,1h 5m,Landed
2025-06-23,IU731,SJV731,SW Italia,Jakarta,CGK,WIII,08:05,00:05,08:38,33min late,09:13,13min late,1h 34m,Landed
2025-06-23,HX706,CRK706,Hong Kong Airlines,Hong Kong,HKG,VHHH,08:15,00:15,08:18,3min late,13:10,9min early,4h 52m,Landed
2025-06-23,IW1850,WON1850,Wings Air,Lombok,LOP,WADL,08:35,00:35,08:52,17min late,09:16,3min early,23m,Landed
2025-06-23,5J280,CEB280,CEBU Pacific Air,Manila,MNL,RPLL,08:35,00:35,09:17,42min late,13:05,15min late,3h 48m,Landed
2025-06-23,IU703,SJV703,SW Italia,Surabaya,SUB,WARR,08:40,00:40,08:29,10min early,08:08,31min early,39m,Landed
2025-06-23,CZ8482,CSN8482,China Southern Airlines,Guangzhou,CAN,ZGGG,08:40,00:40,08:50,10min late,13:49,on time,4h 58m,Landed
2025-06-23,QZ504,AWQ504,Indonesia AirAsia,Singapore,SIN,WSSS,09:00,01:00,08:47,12min early,11:09,35min early,2h 22m,Landed
2025-06-23,8B80,TNU080,Business Air,Perth,PER,YPPH,09:05,01:05,07:41,23min early,16:25,30min late,8h 44m,Landed
2025-06-23,IW1832,WON1832,Wings Air,Tambolaka,TMC,WADT,09:10,01:10,09:21,11min late,10:27,7min early,1h 5m,Landed
2025-06-23,8B5105,TNU5105,Business Air,Jakarta,CGK,WIII,09:10,01:10,09:15,5min late,09:42,17min early,1h 26m,Landed
2025-06-23,IN640,LKN640,Nam Air,Tambolaka,TMC,WADT,09:10,01:10,09:20,10min late,10:08,1min early,47m,Landed
2025-06-23,ID6007,BTK6007,Batik Air,Perth,PER,YPPH,09:25,01:25,07:26,58min early,12:45,29min early,5h 19m,Landed
2025-06-23,QG500,CTV500,Citilink,Dili,DIL,WPDL,09:30,01:30,09:34,4min late,12:15,4min early,1h 41m,Landed
2025-06-23,QZ803,AWQ803,Indonesia AirAsia,Jakarta,CGK,WIII,09:40,01:40,10:06,26min late,10:35,5min late,1h 28m,Landed
2025-06-23,QR965,QTR965,Qatar Airways,Doha,DOH,OTHH,09:55,01:55,10:32,37min late,14:12,7min early,8h 39m,Landed
2025-06-23,IU757,SJV757,SW Italia,Jakarta,CGK,WIII,10:00,02:00,11:00,0min late,11:26,31min late,1h 26m,Landed
2025-06-23,JT273,LNI273,Lion Air,Semarang,SRG,WIIS,10:00,02:00,10:02,2min late,10:02,22min early,59m,Landed
2025-06-23,IW1882,WON1882,Wings Air,Sumbawa Besar,SWQ,WADS,10:00,02:00,10:26,26min late,11:09,9min late,43m,Landed
2025-06-23,SQ935,SIA935,Singapore Airlines,Singapore,SIN,WSSS,10:05,02:05,10:12,7min late,12:29,15min early,2h 16m,Landed
2025-06-23,8B5101,TNU5101,Business Air,Jakarta,CGK,WIII,10:25,02:25,11:50,25min late,12:23,8min late,1h 33m,Landed
2025-06-23,8G182,DTL182,Mid Africa Aviation,Dili,DIL,WPDL,10:35,02:35,11:12,37min late,13:57,27min late,1h 44m,Landed
2025-06-23,JT23,LNI023,Lion Air,Jakarta,CGK,WIII,10:35,02:35,10:08,26min early,10:41,48min early,1h 32m,Landed
2025-06-23,AI2146,AIC2146,Air India,Delhi,DEL,VIDP,10:35,02:35,10:43,8min late,16:08,18min late,7h 54m,Landed
2025-06-23,QZ815,AWQ815,Indonesia AirAsia,Jakarta,CGK,WIII,10:35,02:35,10:36,1min late,11:13,16min early,1h 36m,Landed
2025-06-23,TR281,TGW281,Scoot,Singapore,SIN,WSSS,10:50,02:50,12:04,14min late,14:20,50min late,2h 15m,Landed
2025-06-23,3K244,JSA244,Jetstar Asia,Singapore,SIN,WSSS,10:55,02:55,11:09,14min late,13:40,on time,2h 31m,Landed
2025-06-23,JT927,LNI927,Lion Air,Surakarta,SOC,WAHQ,10:55,02:55,11:19,24min late,11:18,3min late,59m,Landed
2025-06-23,JT805,LNI805,Lion Air,Surabaya,SUB,WARR,11:05,03:05,11:24,19min late,11:11,6min late,47m,Landed
2025-06-23,JT924,LNI924,Lion Air,Kupang,KOE,WATT,11:05,03:05,12:44,39min late,14:05,20min late,1h 20m,Landed
2025-06-23,IU741,SJV741,SW Italia,Jakarta,CGK,WIII,11:05,03:05,12:03,58min late,12:29,29min late,1h 26m,Landed
2025-06-23,JQ126,JST126,Jetstar Airways,Adelaide,ADL,YPAD,11:15,03:15,11:43,28min late,17:16,13min early,4h 3m,Landed
2025-06-23,JT569,LNI569,Lion Air,Yogyakarta,YIA,WAHI,11:15,03:15,11:51,36min late,11:54,9min late,1h 3m,Landed
2025-06-23,6E1606,IGO1606,IndiGo,Bangalore,BLR,VOBL,11:20,03:20,12:27,7min late,15:50,40min late,5h 52m,Landed
2025-06-23,QZ780,AWQ780,Indonesia AirAsia,Balikpapan,BPN,WALL,11:25,03:25,11:26,1min late,12:45,19min early,1h 18m,Landed
2025-06-23,JQ109,JST109,Jetstar Airways,Perth,PER,YPPH,11:40,03:40,12:32,52min late,15:44,19min late,3h 11m,Landed
2025-06-23,OD192,MXD192,Malindo Air,Kuala Lumpur,KUL,WMKK,11:55,03:55,12:25,30min late,14:58,6min early,2h 33m,Landed
2025-06-23,JQ32,JST032,Jetstar Airways,Melbourne,MEL,YMML,11:55,03:55,12:42,47min late,19:39,9min late,4h 56m,Landed
2025-06-23,FD397,AIQ397,Thai AirAsia,Bangkok,DMK,VTBD,12:00,04:00,12:22,22min late,15:19,15min early,3h 56m,Landed
2025-06-23,GA407,GIA407,Garuda Indonesia,Jakarta,CGK,WIII,12:00,04:00,12:01,1min late,12:48,6min early,1h 47m,Landed
2025-06-23,GA253,GIA253,Garuda Indonesia,Yogyakarta,YIA,WAHI,12:05,04:05,12:17,12min late,12:46,8min early,1h 29m,Landed
2025-06-23,SQ937,SIA937,Singapore Airlines,Singapore,SIN,WSSS,12:10,04:10,12:33,23min late,14:55,on time,2h 22m,Landed
2025-06-23,JQ40,JST040,Jetstar Airways,Sydney,SYD,YSSY,12:20,04:20,12:52,32min late,19:48,26min early,4h 56m,Landed
2025-06-23,OD178,MXD178,Malindo Air,Kuala Lumpur,KUL,WMKK,12:25,04:25,14:45,20min late,17:22,47min late,2h 36m,Landed
2025-06-23,QG9693,CTV9693,Citilink,Surabaya,SUB,WARR,12:40,04:40,12:47,7min late,12:36,13min early,49m,Landed
2025-06-23,OD158,MXD158,Malindo Air,Kuala Lumpur,KUL,WMKK,12:45,04:45,13:16,31min late,15:54,on time,2h 37m,Landed
2025-06-23,JT660,LNI660,Lion Air,Balikpapan,BPN,WALL,12:45,04:45,13:29,44min late,14:50,20min late,1h 21m,Landed
2025-06-23,IW1848,WON1848,Wings Air,Lombok,LOP,WADL,12:45,04:45,13:37,52min late,13:59,29min late,22m,Landed
2025-06-23,ID7308,BTK7308,Batik Air,Jakarta,HLP,WIHH,12:50,04:50,13:14,24min late,13:36,1min late,1h 21m,Landed
2025-06-23,MH714,MAS714,Malaysia Airlines,Kuala Lumpur,KUL,WMKK,12:55,04:55,13:50,55min late,16:41,41min late,2h 51m,Landed
2025-06-23,IP103,PAS103,Pelita Air Service,Jakarta,CGK,WIII,12:55,04:55,12:52,2min early,13:27,17min early,1h 35m,Landed
2025-06-23,SQ939,SIA939,Singapore Airlines,Singapore,SIN,WSSS,13:05,05:05,13:04,on time,15:31,18min early,2h 26m,Landed
2025-06-23,VJ900,VJC900,VietJet Air,Hanoi,HAN,VVNB,13:10,05:10,13:18,8min late,16:56,23min early,4h 37m,Landed
2025-06-23,JQ58,JST058,Jetstar Airways,Brisbane,BNE,YBBN,13:15,05:15,15:37,22min late,22:35,50min late,4h 58m,Landed
2025-06-23,IU753,SJV753,SW Italia,Jakarta,CGK,WIII,13:15,05:15,14:12,57min late,14:50,40min late,1h 38m,Landed
2025-06-23,OD172,MXD172,Malindo Air,Kuala Lumpur,KUL,WMKK,13:15,05:15,16:13,58min late,18:51,26min late,2h 38m,Landed
2025-06-23,JT770,LNI770,Lion Air,Manado,MDC,WAMM,13:20,05:20,13:33,13min late,15:47,12min early,2h 14m,Landed
2025-06-23,IW1834,WON1834,Wings Air,Tambolaka,TMC,WADT,13:20,05:20,14:42,22min late,15:48,3min late,1h 6m,Landed
2025-06-23,D7799,XAX799,AirAsia X,Kuala Lumpur,KUL,WMKK,13:35,05:35,13:56,21min late,16:35,14min early,2h 39m,Landed
2025-06-23,IW1826,WON1826,Wings Air,Bima,BMU,WADB,13:40,05:40,11:58,41min early,15:10,5min late,3h 12m,Landed
2025-06-23,GA409,GIA409,Garuda Indonesia,Jakarta,CGK,WIII,13:45,05:45,13:55,10min late,14:35,9min early,1h 39m,Landed
2025-06-23,ID7135,BTK7135,Batik Air,Singapore,SIN,WSSS,13:45,05:45,17:59,14min late,20:12,32min late,2h 13m,Landed
2025-06-23,QZ506,AWQ506,Indonesia AirAsia,Singapore,SIN,WSSS,13:45,05:45,14:09,24min late,16:28,11min early,2h 18m,Landed
2025-06-23,8B5107,TNU5107,Business Air,Jakarta,CGK,WIII,13:50,05:50,14:13,23min late,14:42,2min late,1h 29m,Landed
2025-06-23,QZ544,AWQ544,Indonesia AirAsia,Perth,PER,YPPH,13:55,05:55,14:13,18min late,14:14,41min early,0m,Landed
2025-06-23,QG687,CTV687,Citilink,Jakarta,CGK,WIII,13:55,05:55,16:15,20min late,17:07,12min late,1h 51m,Landed
2025-06-23,IW1964,WON1964,Wings Air,Lombok,LOP,WADL,13:55,05:55,14:48,53min late,15:11,31min late,23m,Landed
2025-06-23,TR289,TGW289,Scoot,Singapore,SIN,WSSS,14:00,06:00,14:28,28min late,16:42,18min early,2h 13m,Landed
2025-06-23,VJ848,VJC848,VietJet Air,Ho Chi Minh City,SGN,VVTS,14:00,06:00,15:49,49min late,18:07,17min late,3h 18m,Landed
2025-06-23,VJ894,VJC894,VietJet Air,Ho Chi Minh City,SGN,VVTS,14:05,06:05,16:50,45min late,19:07,12min late,3h 16m,Landed
2025-06-23,IU735,SJV735,SW Italia,Jakarta,CGK,WIII,14:15,06:15,14:58,43min late,15:35,25min late,1h 36m,Landed
2025-06-23,ID7637,BTK7637,Batik Air,Bangkok,DMK,VTBD,14:15,06:15,15:30,15min late,18:33,48min late,4h 2m,Landed
2025-06-23,QG699,CTV699,Citilink,Surabaya,SUB,WARR,14:20,06:20,15:54,34min late,15:51,26min late,56m,Landed
2025-06-23,JT844,LNI844,Lion Air,Banjarmasin,BDJ,WAOO,14:35,06:35,,,,,1h 25m,Diverted
2025-06-23,JT919,LNI919,Lion Air,Surabaya,SUB,WARR,14:40,06:40,15:15,35min late,14:55,15min late,39m,Landed
2025-06-23,QG681,CTV681,Citilink,Jakarta,CGK,WIII,14:40,06:40,14:57,17min late,15:51,1min late,1h 53m,Landed
2025-06-23,IW1884,WON1884,Wings Air,Waingapu,WGP,WADW,14:40,06:40,15:52,12min late,17:02,32min late,1h 9m,Landed
2025-06-23,AK377,AXM377,AirAsia,Kuala Lumpur,KUL,WMKK,14:45,06:45,15:18,33min late,18:01,6min late,2h 43m,Landed
2025-06-23,OD307,MXD307,Malindo Air,Kuala Lumpur,KUL,WMKK,14:50,06:50,15:08,18min late,17:51,1min late,2h 43m,Landed
2025-06-23,JQ44,JST044,Jetstar Airways,Melbourne,MEL,YMML,14:55,06:55,15:56,1min late,22:37,7min late,4h 41m,Landed
2025-06-23,JT271,LNI271,Lion Air,Semarang,SRG,WIIS,15:05,07:05,15:20,15min late,15:19,10min early,59m,Landed
2025-06-23,QZ244,AWQ244,Indonesia AirAsia,Bangkok,DMK,VTBD,15:10,07:10,15:33,23min late,18:23,6min early,3h 50m,Landed
2025-06-23,8B5103,,Business Air,Jakarta,CGK,WIII,15:10,07:10,,,,,1h 45m,
2025-06-23,IU759,SJV759,SW Italia,Jakarta,CGK,WIII,15:15,07:15,17:20,5min late,17:45,35min late,1h 25m,Landed
2025-06-23,GA842,GIA842,Garuda Indonesia,Singapore,SIN,WSSS,15:15,07:15,15:36,21min late,17:58,1min early,2h 21m,Landed
2025-06-23,VA50,VOZ050,Virgin Australia,Brisbane,BNE,YBBN,15:15,07:15,15:30,15min late,23:11,11min late,5h 41m,Landed
2025-06-23,QG195,CTV195,Citilink,Jakarta,HLP,WIHH,15:25,07:25,17:21,56min late,17:46,31min late,1h 24m,Landed
2025-06-23,GA7036,GIA7036,Garuda Indonesia,Labuan Bajo,LBJ,WATO,15:25,07:25,16:30,5min late,17:24,49min late,53m,Landed
2025-06-23,JT740,LNI740,Lion Air,Makassar,UPG,WAAA,15:25,07:25,17:45,20min late,18:51,6min late,1h 5m,Landed
2025-06-23,JT567,LNI567,Lion Air,Yogyakarta,YIA,WAHI,15:30,07:30,17:02,32min late,17:09,9min late,1h 6m,Landed
2025-06-23,VJ898,VJC898,VietJet Air,Ho Chi Minh City,SGN,VVTS,15:30,07:30,18:29,59min late,20:49,29min late,3h 19m,Landed
2025-06-23,ID6335,BTK6335,Batik Air,Labuan Bajo,LBJ,WATO,15:35,07:35,09:57,37min early,10:53,51min early,56m,Landed
2025-06-23,CI772,CAL772,China Airlines,Taipei,TPE,RCTP,15:40,07:40,15:47,7min late,21:02,2min early,5h 15m,Landed
2025-06-23,IP109,PAS109,Pelita Air Service,Jakarta,CGK,WIII,15:45,07:45,16:33,48min late,17:04,29min late,1h 31m,Landed
2025-06-23,QZ646,AWQ646,Indonesia AirAsia,Labuan Bajo,LBJ,WATO,15:45,07:45,16:10,25min late,17:04,4min late,54m,Landed
2025-06-23,JQ43,JST043,Jetstar Airways,Singapore,SIN,WSSS,15:50,07:50,16:45,55min late,19:01,31min late,2h 16m,Landed
2025-06-23,VA92,VOZ092,Virgin Australia,Melbourne,MEL,YMML,15:50,07:50,16:55,5min late,00:27,2min late,5h 32m,Landed
2025-06-23,IU743,SJV743,SW Italia,Jakarta,CGK,WIII,16:10,08:10,18:09,59min late,18:40,35min late,1h 30m,Landed
2025-06-23,CX784,CPA784,Cathay Pacific,Hong Kong,HKG,VHHH,16:10,08:10,16:08,2min early,21:03,21min early,4h 55m,Landed
2025-06-23,QZ807,AWQ807,Indonesia AirAsia,Jakarta,CGK,WIII,16:10,08:10,17:04,54min late,17:22,7min late,1h 18m,Landed
2025-06-23,QZ536,AWQ536,Indonesia AirAsia,Perth,PER,YPPH,16:15,08:15,17:57,42min late,21:11,1min late,3h 14m,Landed
2025-06-23,GA4012,GIA4012,Garuda Indonesia,Jakarta,CGK,WIII,16:20,08:20,17:44,24min late,18:23,3min late,1h 38m,Landed
2025-06-23,QG669,CTV669,Citilink,Surabaya,SUB,WARR,16:20,08:20,16:45,25min late,16:42,12min late,57m,Landed
2025-06-23,JT925,LNI925,Lion Air,Surakarta,SOC,WAHQ,16:25,08:25,18:04,39min late,18:22,37min late,1h 17m,Landed
2025-06-23,MH850,MAS850,Malaysia Airlines,Kuala Lumpur,KUL,WMKK,16:25,08:25,17:14,49min late,20:06,31min late,2h 52m,Landed
2025-06-23,BR256,EVA256,EVA Airways,Taipei,TPE,RCTP,16:30,08:30,16:56,26min late,22:28,28min late,5h 32m,Landed
2025-06-23,HO1356,DKH1356,Juneyao Airlines,Shanghai,PVG,ZSPD,16:50,08:50,17:35,45min late,23:35,4min early,6h 0m,Landed
2025-06-23,TG432,THA432,Thai Airways International,Bangkok,BKK,VTBS,16:55,08:55,17:20,25min late,20:06,1min late,3h 46m,Landed
2025-06-23,QZ556,AWQ556,Indonesia AirAsia,Kuala Lumpur,KUL,WMKK,16:55,08:55,17:32,37min late,20:24,14min late,2h 52m,Landed
2025-06-23,JT923,LNI923,Lion Air,Surabaya,SUB,WARR,17:05,09:05,18:47,42min late,18:28,23min late,40m,Landed
2025-06-23,GA419,GIA419,Garuda Indonesia,Jakarta,CGK,WIII,17:25,09:25,18:03,38min late,18:48,23min late,1h 45m,Landed
2025-06-23,VJ998,VJC998,VietJet Air,Hanoi,HAN,VVNB,17:30,09:30,18:04,34min late,21:33,11min early,4h 29m,Landed
2025-06-23,GA349,GIA349,Garuda Indonesia,Surabaya,SUB,WARR,17:35,09:35,18:25,50min late,18:09,24min late,44m,Landed
2025-06-23,QZ554,AWQ554,Indonesia AirAsia,Kuala Lumpur,KUL,WMKK,17:40,09:40,18:18,38min late,20:54,9min late,2h 36m,Landed
2025-06-23,NZ291,ANZ291,Air New Zealand,Auckland,AKL,NZAA,17:50,09:50,18:09,19min late,05:30,on time,7h 21m,Landed
2025-06-23,OD193,MXD193,Malindo Air,Perth,PER,YPPH,18:10,10:10,18:58,48min late,22:11,26min late,3h 13m,Landed
2025-06-23,JT744,LNI744,Lion Air,Makassar,UPG,WAAA,18:15,10:15,19:46,31min late,20:46,11min late,1h 0m,Landed
2025-06-23,SL259,TLM259,Thai Lion Air,Bangkok,DMK,VTBD,18:20,10:20,19:16,56min late,22:12,32min late,3h 56m,Landed
2025-06-23,IU737,SJV737,SW Italia,Jakarta,CGK,WIII,18:30,10:30,21:58,28min late,22:42,17min late,1h 44m,Landed
2025-06-23,IN281,LKN281,Nam Air,Jakarta,CGK,WIII,18:30,10:30,19:10,40min late,19:24,14min late,1h 14m,Landed
2025-06-23,GA417,GIA417,Garuda Indonesia,Jakarta,CGK,WIII,18:40,10:40,19:09,29min late,19:26,13min early,1h 16m,Landed
2025-06-23,8B5109,TNU5109,TransNusa,Jakarta,CGK,WIII,18:45,10:45,22:15,30min late,22:57,27min late,1h 41m,Landed
2025-06-23,CX782,CPA782,Cathay Pacific,Hong Kong,HKG,VHHH,18:45,10:45,18:49,4min late,23:31,33min early,4h 42m,Landed
2025-06-23,EY477,ETD477,Etihad Airways,Abu Dhabi,AUH,OMAA,18:45,10:45,19:03,18min late,15:03,26min early,0m,Landed
2025-06-23,QZ809,AWQ809,Indonesia AirAsia,Jakarta,CGK,WIII,18:50,10:50,19:23,33min late,19:51,6min late,1h 27m,Landed
2025-06-23,TG440,THA440,Thai Airways International,Bangkok,BKK,VTBS,19:00,11:00,19:24,24min late,22:20,10min late,3h 55m,Landed
2025-06-23,QG689,CTV689,Citilink,Jakarta,CGK,WIII,19:00,11:00,19:08,8min late,19:58,1min early,1h 49m,Landed
2025-06-23,AK379,AXM379,AirAsia,Kuala Lumpur,KUL,WMKK,19:15,11:15,19:51,36min late,22:26,6min late,2h 34m,Landed
2025-06-23,3K246,JSA246,Jetstar Asia,Singapore,SIN,WSSS,19:15,11:15,19:31,16min late,21:57,2min early,2h 25m,Landed
2025-06-23,MH852,MAS852,Malaysia Airlines,Kuala Lumpur,KUL,WMKK,19:20,11:20,19:56,36min late,22:41,21min late,2h 44m,Landed
2025-06-23,QR963,QTR963,Qatar Airways,Doha,DOH,OTHH,19:20,11:20,19:48,28min late,22:13,26min early,7h 24m,Landed
2025-06-23,GA4292,GIA4292,Garuda Indonesia,Jakarta,CGK,WIII,19:20,11:20,19:27,7min late,20:05,14min early,1h 37m,Landed
2025-06-23,ID7310,BTK7310,Batik Air,Jakarta,HLP,WIHH,19:25,11:25,19:43,18min late,20:09,on time,1h 25m,Landed
2025-06-23,IU755,SJV755,SW Italia,Jakarta,CGK,WIII,19:25,11:25,21:52,27min late,22:23,3min late,1h 31m,Landed
2025-06-23,TR287,TGW287,Scoot,Singapore,SIN,WSSS,19:40,11:40,20:05,25min late,22:19,4min late,2h 13m,Landed
2025-06-23,EK369,UAE369,Emirates,Dubai,DXB,OMDB,19:45,11:45,20:10,25min late,00:25,24min early,8h 15m,Landed
2025-06-23,ID6413,BTK6413,Batik Air,Surabaya,SUB,WARR,19:50,11:50,07:39,49min late,21:41,51min late,,Landed
2025-06-23,ID6517,BTK6517,Batik Air,Jakarta,CGK,WIII,20:00,12:00,21:14,14min late,21:44,49min late,1h 29m,Landed
2025-06-23,GA415,GIA415,Garuda Indonesia,Jakarta,CGK,WIII,20:00,12:00,20:17,17min late,20:49,10min early,1h 32m,Landed
2025-06-23,SQ945,SIA945,Singapore Airlines,Singapore,SIN,WSSS,20:00,12:00,20:19,19min late,22:33,7min early,2h 13m,Landed
2025-06-23,8B969,TNU969,Business Air,Guangzhou,CAN,ZGGG,20:15,12:15,22:43,28min late,03:42,42min late,4h 59m,Landed
2025-06-23,KL836,KLM836,KLM Royal Dutch Airlines,Singapore,SIN,WSSS,20:35,12:35,20:48,13min late,23:09,on time,2h 20m,Landed
2025-06-23,OD177,MXD177,Malindo Air,Melbourne,MEL,YMML,21:00,13:00,22:53,53min late,05:42,2min late,4h 49m,Landed
2025-06-23,GA425,GIA425,Garuda Indonesia,Jakarta,CGK,WIII,21:05,13:05,21:31,26min late,21:56,3min early,1h 25m,Landed
2025-06-23,JQ107,JST107,Jetstar Airways,Perth,PER,YPPH,21:10,13:10,21:26,16min late,00:37,17min early,3h 10m,Landed
2025-06-23,QG342,CTV342,Citilink,Makassar,UPG,WAAA,21:10,13:10,22:07,57min late,23:26,41min late,1h 19m,Landed
2025-06-23,JQ34,JST034,Jetstar Airways,Melbourne,MEL,YMML,21:20,13:20,22:48,28min late,05:34,39min late,4h 45m,Landed
2025-06-23,TK67,THY067,Turkish Airlines,Istanbul,IST,LTFM,21:20,13:20,09:36,16min late,05:23,8min late,46m,Landed
2025-06-23,IP105,PAS105,Pelita Air Service,Jakarta,CGK,WIII,21:25,13:25,21:44,19min late,22:29,19min late,1h 44m,Landed
2025-06-23,AK375,AXM375,AirAsia,Kuala Lumpur,KUL,WMKK,21:25,13:25,21:35,10min late,00:30,on time,2h 55m,Landed
2025-06-23,ID6760,BTK6760,Batik Air,Makassar,UPG,WAAA,21:30,13:30,23:25,55min late,00:18,28min late,53m,Landed
2025-06-23,JQ117,JST117,Jetstar Airways,Perth,PER,YPPH,21:30,13:30,22:24,54min late,01:34,14min late,3h 10m,Landed
2025-06-23,IU745,SJV745,SW Italia,Jakarta,CGK,WIII,21:30,13:30,23:45,15min late,00:25,0min late,1h 39m,Landed
2025-06-23,QZ819,AWQ819,Indonesia AirAsia,Jakarta,CGK,WIII,21:40,13:40,23:10,30min late,23:39,9min late,1h 28m,Landed
2025-06-23,SQ947,SIA947,Singapore Airlines,Singapore,SIN,WSSS,21:45,13:45,22:27,42min late,00:44,24min late,2h 16m,Landed
2025-06-23,QZ546,AWQ546,Indonesia AirAsia,Perth,PER,YPPH,21:55,13:55,22:32,37min late,01:47,7min late,3h 15m,Landed
2025-06-23,OD157,MXD157,Malindo Air,Brisbane,BNE,YBBN,22:00,14:00,00:30,30min late,07:36,46min late,5h 6m,Landed
2025-06-23,QG9695,CTV9695,Citilink,Surabaya,SUB,WARR,22:10,14:10,22:32,22min late,22:44,29min late,1h 12m,Landed
2025-06-23,JQ60,JST060,Jetstar Airways,Brisbane,BNE,YBBN,22:10,14:10,22:39,29min late,05:41,1min late,5h 2m,Landed
2025-06-23,QF44,QFA044,Qantas,Sydney,SYD,YSSY,22:10,14:10,22:31,21min late,06:10,5min late,5h 39m,Landed
2025-06-23,OD171,MXD171,Malindo Air,Sydney,SYD,YSSY,22:15,14:15,23:21,6min late,06:25,20min late,5h 3m,Landed
2025-06-23,SV857,SVA857,Saudi Arabian Airlines,Singapore,SIN,WSSS,22:15,14:15,23:11,56min late,01:18,33min late,2h 6m,Landed
2025-06-23,JQ38,JST038,Jetstar Airways,Sydney,SYD,YSSY,22:35,14:35,23:15,40min late,06:18,11min early,5h 3m,Landed
2025-06-23,7C2712,JJA2712,Jeju Air,Seoul,ICN,RKSI,22:45,14:45,23:28,43min late,07:37,27min late,7h 9m,Landed
2025-06-23,QZ811,AWQ811,Indonesia AirAsia,Jakarta,CGK,WIII,22:50,14:50,23:38,48min late,00:07,27min late,1h 29m,Landed
2025-06-23,VA96,VOZ096,Virgin Australia,Melbourne,MEL,YMML,23:05,15:05,23:45,40min late,06:51,11min late,5h 6m,Landed
2025-06-23,QF46,QFA046,Qantas,Melbourne,MEL,YMML,23:05,15:05,23:38,33min late,06:36,3min early,4h 58m,Landed
2025-06-23,JT3020,,Lion Air,Seoul,ICN,RKSI,23:05,15:05,,,,,7h 5m,
2025-06-23,VA82,VOZ082,Virgin Australia,Gold Coast,OOL,YBCG,23:20,15:20,23:29,9min late,06:51,3min early,5h 22m,Landed
2025-06-23,3K240,JSA240,Jetstar Asia,Singapore,SIN,WSSS,23:25,15:25,23:23,1min early,01:56,13min early,2h 32m,Landed
2025-06-23,GA714,GIA714,Garuda Indonesia,Sydney,SYD,YSSY,23:25,15:25,00:15,50min late,07:12,2min late,4h 56m,Landed
2025-06-23,JQ91,JST091,Jetstar Airways,Cairns,CNS,YBCS,23:30,15:30,00:17,47min late,06:27,27min late,4h 9m,Landed
2025-06-23,JQ36,,Jetstar Airways,Melbourne,MEL,YMML,23:30,15:30,,,,,5h 35m,Cancelled
2025-06-23,VA68,VOZ068,Virgin Australia,Sydney,SYD,YSSY,23:35,15:35,23:47,12min late,07:02,42min early,5h 15m,Landed
2025-06-23,KE634,KAL634,Korean Air Lines,Seoul,ICN,RKSI,23:45,15:45,23:48,3min late,07:51,3min early,7h 3m,Landed
2025-06-23,JQ128,JST128,Jetstar Airways,Adelaide,ADL,YPAD,23:55,15:55,01:01,6min late,06:40,30min late,4h 8m,Landed
2025-06-24,BX602,ABL602,Air Busan,Busan,PUS,RKPK,00:05,16:05,00:22,17min late,07:52,17min early,6h 29m,Landed
2025-06-24,GA880,GIA880,Garuda Indonesia,Tokyo,NRT,RJAA,00:20,16:20,00:45,25min late,08:58,8min late,7h 12m,Landed
2025-06-24,CZ626,CSN626,China Southern Airlines,Guangzhou,CAN,ZGGG,00:30,16:30,00:29,on time,05:12,37min early,4h 43m,Landed
2025-06-24,MF892,CXA892,Xiamen Airlines,Xiamen,XMN,ZSAM,00:30,16:30,00:19,11min early,05:47,17min early,5h 28m,Landed
2025-06-24,QR961,QTR961,Qatar Airways,Doha,DOH,OTHH,00:35,16:35,07:44,9min late,11:22,27min late,8h 37m,Landed
2025-06-24,EK399,UAE399,Emirates,Dubai,DXB,OMDB,00:35,16:35,01:25,50min late,05:41,6min late,8h 16m,Landed
2025-06-24,KE630,KAL630,Korean Air Lines,Seoul,ICN,RKSI,00:50,16:50,01:10,20min late,08:59,20min early,6h 49m,Landed
2025-06-24,MU5030,CES5030,China Eastern Airlines,Shanghai,PVG,ZSPD,00:55,16:55,00:47,8min early,07:17,37min early,6h 30m,Landed
2025-06-24,PR538,PAL538,Philippine Airlines,Manila,MNL,RPLL,00:55,16:55,00:46,9min early,04:41,8min early,3h 55m,Landed
2025-06-24,QG685,CTV685,Citilink,Jakarta,CGK,WIII,00:55,16:55,00:23,31min early,00:49,5min early,1h 26m,Landed
2025-06-24,SJ726,,Sriwijaya Air,Makassar,UPG,WAAA,01:00,17:00,,,,,1h 20m,
2025-06-24,5J282,CEB282,CEBU Pacific Air,Manila,MNL,RPLL,01:00,17:00,00:57,3min early,04:40,44min early,3h 43m,Landed
2025-06-24,QZ548,AWQ548,Indonesia AirAsia,Perth,PER,YPPH,01:05,17:05,00:24,40min early,03:38,16min early,3h 13m,Landed
2025-06-24,QZ300,AWQ300,Indonesia AirAsia,Hong Kong,HKG,VHHH,01:10,17:10,00:51,18min early,05:42,17min early,4h 50m,Landed
2025-06-24,8B5888,,TransNusa,Manado,MDC,WAMM,01:50,17:50,,,,,2h 35m,
2025-06-24,QZ550,AWQ550,Indonesia AirAsia,Kuala Lumpur,KUL,WMKK,07:00,23:00,07:30,30min late,10:08,8min late,2h 37m,Landed
2025-06-24,JT929,LNI929,Lion Air,Surabaya,SUB,WARR,07:00,23:00,07:17,17min late,07:02,2min late,44m,Landed
2025-06-24,JT944,,Lion Air,Makassar,UPG,WAAA,07:00,23:00,,,,,1h 20m,
2025-06-24,GA401,GIA401,Garuda Indonesia,Jakarta,CGK,WIII,07:00,23:00,07:20,20min late,07:57,2min early,1h 37m,Landed
2025-06-24,JT746,LNI746,Lion Air,Makassar,UPG,WAAA,07:00,23:00,07:10,10min late,08:09,10min early,58m,Landed
2025-06-24,JT3569,LNI3569,Lion Air,Yogyakarta,YIA,WAHI,07:00,23:00,07:02,2min late,07:14,15min early,1h 11m,Landed
2025-06-24,QZ534,AWQ534,Indonesia AirAsia,Perth,PER,YPPH,07:05,23:05,07:01,3min early,10:35,24min early,3h 33m,Landed
2025-06-24,QG690,CTV690,Citilink,Surabaya,SUB,WARR,07:05,23:05,07:05,on time,06:28,36min early,22m,Landed
2025-06-24,SQ949,SIA949,Singapore Airlines,Singapore,SIN,WSSS,07:10,23:10,07:17,7min late,09:34,25min early,2h 17m,Landed
2025-06-24,QZ644,AWQ644,Indonesia AirAsia,Labuan Bajo,LBJ,WATO,07:10,23:10,07:21,11min late,08:13,1min early,51m,Landed
2025-06-24,QZ502,AWQ502,Indonesia AirAsia,Singapore,SIN,WSSS,07:10,23:10,07:18,8min late,09:32,17min early,2h 14m,Landed
2025-06-24,QG663,CTV663,Citilink,Jakarta,CGK,WIII,07:50,23:50,08:00,10min late,08:28,16min early,1h 27m,Landed
2025-06-24,IW1854,WON1854,Wings Air,Lombok,LOP,WADL,08:00,00:00,08:09,9min late,08:32,12min early,22m,Landed
2025-06-24,IU731,SJV731,SW Italia,Jakarta,CGK,WIII,08:05,00:05,08:12,7min late,08:53,6min early,1h 41m,Landed
2025-06-24,HX706,CRK706,Hong Kong Airlines,Hong Kong,HKG,VHHH,08:15,00:15,08:42,27min late,13:16,3min early,4h 33m,Landed
2025-06-24,IW1850,WON1850,Wings Air,Lombok,LOP,WADL,08:35,00:35,08:43,8min late,09:15,4min early,31m,Landed
2025-06-24,5J280,CEB280,CEBU Pacific Air,Manila,MNL,RPLL,08:35,00:35,08:50,15min late,12:19,30min early,3h 29m,Landed
2025-06-24,CZ8482,CSN8482,China Southern Airlines,Guangzhou,CAN,ZGGG,08:40,00:40,10:01,21min late,13:30,19min early,3h 29m,Landed
2025-06-24,IU703,SJV703,SW Italia,Surabaya,SUB,WARR,08:40,00:40,10:36,56min late,10:14,34min late,37m,Landed
2025-06-24,QZ504,AWQ504,Indonesia AirAsia,Singapore,SIN,WSSS,09:00,01:00,08:57,2min early,11:10,34min early,2h 13m,Landed
2025-06-24,8B80,TNU080,Business Air,Perth,PER,YPPH,09:05,01:05,05:32,32min early,14:32,37min late,8h 59m,Landed
2025-06-24,8B5105,TNU5105,TransNusa,Jakarta,CGK,WIII,09:10,01:10,08:32,37min early,09:00,59min early,1h 28m,Landed
2025-06-24,IN640,LKN640,Nam Air,Tambolaka,TMC,WADT,09:10,01:10,09:16,6min late,09:58,11min early,42m,Landed
2025-06-24,IW1832,WON1832,Wings Air,Tambolaka,TMC,WADT,09:10,01:10,09:23,13min late,10:29,5min early,1h 6m,Landed
2025-06-24,IW1856,WON1856,Wings Air,Lombok,LOP,WADL,09:10,01:10,09:11,1min late,09:35,19min early,23m,Landed
2025-06-24,ID6007,BTK6007,Batik Air,Perth,PER,YPPH,09:25,01:25,09:51,26min late,13:13,1min early,3h 21m,Landed
2025-06-24,QG500,CTV500,Citilink,Dili,DIL,WPDL,09:30,01:30,09:05,25min early,11:56,23min early,1h 51m,Landed
2025-06-24,QZ803,AWQ803,Indonesia AirAsia,Jakarta,CGK,WIII,09:40,01:40,09:45,5min late,10:14,15min early,1h 28m,Landed
2025-06-24,QR965,QTR965,Qatar Airways,Doha,DOH,OTHH,09:55,01:55,22:57,2min late,02:31,11min late,8h 33m,Landed
2025-06-24,IU757,SJV757,SW Italia,Jakarta,CGK,WIII,10:00,02:00,10:13,13min late,10:47,7min early,1h 34m,Landed
2025-06-24,JQ1036,JST1036,Jetstar Airways,Melbourne,MEL,YMML,10:00,02:00,10:39,39min late,17:23,3min late,4h 44m,Landed
2025-06-24,IW1882,WON1882,Wings Air,Sumbawa Besar,SWQ,WADS,10:00,02:00,10:21,21min late,11:04,4min late,43m,Landed
2025-06-24,JT270,LNI270,Lion Air,Kupang,KOE,WATT,10:00,02:00,10:25,25min late,11:47,7min late,1h 21m,Landed
2025-06-24,SQ935,SIA935,Singapore Airlines,Singapore,SIN,WSSS,10:05,02:05,10:15,10min late,12:26,18min early,2h 11m,Landed
2025-06-24,8B5101,TNU5101,TransNusa,Jakarta,CGK,WIII,10:25,02:25,13:27,2min late,13:56,41min late,1h 29m,Landed
2025-06-24,AI2146,AIC2146,Air India,Delhi,DEL,VIDP,10:35,02:35,10:22,13min early,15:33,16min early,7h 41m,Landed
2025-06-24,8G182,DTL182,Mid Africa Aviation,Dili,DIL,WPDL,10:35,02:35,10:56,21min late,13:35,5min late,1h 39m,Landed
2025-06-24,JT23,LNI023,Lion Air,Jakarta,CGK,WIII,10:35,02:35,10:43,8min late,11:18,11min early,1h 35m,Landed
2025-06-24,TR281,TGW281,Scoot,Singapore,SIN,WSSS,10:50,02:50,11:08,18min late,13:22,8min early,2h 13m,Landed
2025-06-24,3K244,JSA244,Jetstar Asia,Singapore,SIN,WSSS,10:55,02:55,11:01,6min late,13:24,15min early,2h 23m,Landed
2025-06-24,JT805,LNI805,Lion Air,Surabaya,SUB,WARR,11:05,03:05,11:24,19min late,11:06,1min late,41m,Landed
2025-06-24,IU741,SJV741,SW Italia,Jakarta,CGK,WIII,11:05,03:05,11:40,35min late,12:06,6min late,1h 26m,Landed
2025-06-24,JT924,LNI924,Lion Air,Kupang,KOE,WATT,11:05,03:05,11:18,13min late,12:39,5min early,1h 21m,Landed
2025-06-24,6E1606,IGO1606,IndiGo,Bangalore,BLR,VOBL,11:20,03:20,11:27,7min late,14:42,27min early,5h 44m,Landed
2025-06-24,QZ780,AWQ780,Indonesia AirAsia,Balikpapan,BPN,WALL,11:25,03:25,11:32,7min late,12:46,18min early,1h 13m,Landed
2025-06-24,JQ111,JST111,Jetstar Airways,Perth,PER,YPPH,11:30,03:30,12:13,43min late,15:33,18min late,3h 19m,Landed
2025-06-24,JQ109,JST109,Jetstar Airways,Perth,PER,YPPH,11:40,03:40,11:42,2min late,14:52,32min early,3h 10m,Landed
2025-06-24,IN642,,Nam Air,Tambolaka,TMC,WADT,11:40,03:40,,,,,1h 0m,
2025-06-24,JQ32,JST032,Jetstar Airways,Melbourne,MEL,YMML,11:55,03:55,12:56,1min late,19:58,28min late,5h 2m,Landed
2025-06-24,JQ40,JST040,Jetstar Airways,Sydney,SYD,YSSY,11:55,03:55,12:15,20min late,19:07,42min early,4h 52m,Landed
2025-06-24,OD192,MXD192,Malindo Air,Kuala Lumpur,KUL,WMKK,11:55,03:55,15:11,16min late,17:47,42min late,2h 35m,Landed
2025-06-24,FD397,AIQ397,Thai AirAsia,Bangkok,DMK,VTBD,12:00,04:00,12:37,37min late,15:28,6min early,3h 50m,Landed
2025-06-24,GA407,GIA407,Garuda Indonesia,Jakarta,CGK,WIII,12:00,04:00,12:11,11min late,12:41,13min early,1h 30m,Landed
2025-06-24,GA253,GIA253,Garuda Indonesia,Yogyakarta,YIA,WAHI,12:05,04:05,12:23,18min late,12:31,23min early,1h 7m,Landed
2025-06-24,QZ540,AWQ540,Indonesia AirAsia,Darwin,DRW,YPDN,12:05,04:05,12:19,14min late,16:17,2min late,2h 28m,Landed
2025-06-24,SQ937,SIA937,Singapore Airlines,Singapore,SIN,WSSS,12:10,04:10,12:28,18min late,14:40,14min early,2h 12m,Landed
2025-06-24,OD178,MXD178,Malindo Air,Kuala Lumpur,KUL,WMKK,12:25,04:25,12:58,33min late,15:49,14min late,2h 50m,Landed
2025-06-24,D7795,XAX795,AirAsia X,Kuala Lumpur,KUL,WMKK,12:30,04:30,12:37,7min late,15:28,16min early,2h 51m,Landed
2025-06-24,QG9693,CTV9693,Citilink,Surabaya,SUB,WARR,12:40,04:40,12:46,6min late,12:42,7min early,55m,Landed
2025-06-24,QZ805,AWQ805,Indonesia AirAsia,Jakarta,CGK,WIII,12:40,04:40,12:39,on time,13:19,20min early,1h 39m,Landed
2025-06-24,IW1848,WON1848,Wings Air,Lombok,LOP,WADL,12:45,04:45,13:58,13min late,14:21,51min late,23m,Landed
2025-06-24,OD158,MXD158,Malindo Air,Kuala Lumpur,KUL,WMKK,12:45,04:45,15:44,59min late,18:18,23min late,2h 34m,Landed
2025-06-24,ID7308,BTK7308,Batik Air,Jakarta,HLP,WIHH,12:50,04:50,13:35,45min late,13:55,20min late,1h 20m,Landed
2025-06-24,IP103,PAS103,Pelita Air Service,Jakarta,CGK,WIII,12:55,04:55,13:00,5min late,13:35,9min early,1h 34m,Landed
2025-06-24,MH714,MAS714,Malaysia Airlines,Kuala Lumpur,KUL,WMKK,12:55,04:55,13:51,56min late,16:34,34min late,2h 43m,Landed
2025-06-24,SQ939,SIA939,Singapore Airlines,Singapore,SIN,WSSS,13:05,05:05,13:21,16min late,15:46,4min early,2h 24m,Landed
2025-06-24,VJ900,VJC900,VietJet Air,Hanoi,HAN,VVNB,13:10,05:10,14:36,26min late,16:56,23min early,3h 19m,Landed
2025-06-24,IU753,SJV753,SW Italia,Jakarta,CGK,WIII,13:15,05:15,13:38,23min late,14:09,on time,1h 31m,Landed
2025-06-24,OD172,MXD172,Malindo Air,Kuala Lumpur,KUL,WMKK,13:15,05:15,14:44,29min late,17:20,55min late,2h 35m,Landed
2025-06-24,JQ58,JST058,Jetstar Airways,Brisbane,BNE,YBBN,13:15,05:15,13:35,20min late,20:28,16min early,4h 52m,Landed
2025-06-24,IW1834,WON1834,Wings Air,Tambolaka,TMC,WADT,13:20,05:20,13:42,22min late,14:49,4min late,1h 7m,Landed
2025-06-24,JT660,LNI660,Lion Air,Balikpapan,BPN,WALL,13:25,05:25,13:55,30min late,15:17,7min late,1h 22m,Landed
2025-06-24,D7799,XAX799,AirAsia X,Kuala Lumpur,KUL,WMKK,13:35,05:35,13:57,22min late,16:35,14min early,2h 37m,Landed
2025-06-24,IW1826,WON1826,Wings Air,Bima,BMU,WADB,13:40,05:40,14:30,50min late,15:38,33min late,1h 7m,Landed
2025-06-24,GA409,GIA409,Garuda Indonesia,Jakarta,CGK,WIII,13:45,05:45,14:09,24min late,14:46,1min late,1h 36m,Landed
2025-06-24,QZ506,AWQ506,Indonesia AirAsia,Singapore,SIN,WSSS,13:45,05:45,14:10,25min late,16:36,3min early,2h 25m,Landed
2025-06-24,8B5107,TNU5107,TransNusa,Jakarta,CGK,WIII,13:50,05:50,20:59,9min late,21:29,49min late,1h 29m,Landed
2025-06-24,QZ544,AWQ544,Indonesia AirAsia,Perth,PER,YPPH,13:55,05:55,14:15,20min late,17:45,9min early,3h 30m,Landed
2025-06-24,IW1964,WON1964,Wings Air,Lombok,LOP,WADL,13:55,05:55,14:19,24min late,14:41,1min late,22m,Landed
2025-06-24,VJ848,VJC848,VietJet Air,Ho Chi Minh City,SGN,VVTS,14:00,06:00,14:53,53min late,17:16,26min late,3h 22m,Landed
2025-06-24,TR289,TGW289,Scoot,Singapore,SIN,WSSS,14:00,06:00,14:53,53min late,17:22,22min late,2h 28m,Landed
2025-06-24,VJ894,VJC894,VietJet Air,Ho Chi Minh City,SGN,VVTS,14:05,06:05,14:13,8min late,16:33,21min early,3h 19m,Landed
2025-06-24,IU735,SJV735,SW Italia,Jakarta,CGK,WIII,14:15,06:15,17:37,22min late,18:09,59min late,1h 32m,Landed
2025-06-24,ID7637,BTK7637,Batik Air,Bangkok,DMK,VTBD,14:15,06:15,14:36,21min late,17:32,12min early,3h 55m,Landed
2025-06-24,QG699,CTV699,Citilink,Surabaya,SUB,WARR,14:20,06:20,14:55,35min late,14:47,22min late,51m,Landed
2025-06-24,JT844,LNI844,Lion Air,Banjarmasin,BDJ,WAOO,14:35,06:35,15:19,44min late,16:24,24min late,1h 4m,Landed
2025-06-24,QG681,CTV681,Citilink,Jakarta,CGK,WIII,14:40,06:40,14:59,19min late,15:49,on time,1h 50m,Landed
2025-06-24,IW1884,WON1884,Wings Air,Waingapu,WGP,WADW,14:40,06:40,16:04,24min late,16:17,12min early,12m,Landed
2025-06-24,JT919,LNI919,Lion Air,Surabaya,SUB,WARR,14:40,06:40,15:09,29min late,14:54,14min late,44m,Landed
2025-06-24,QZ244,AWQ244,Indonesia AirAsia,Bangkok,DMK,VTBD,14:45,06:45,15:29,44min late,18:24,14min late,3h 55m,Landed
2025-06-24,AK377,AXM377,AirAsia,Kuala Lumpur,KUL,WMKK,14:45,06:45,15:48,3min late,18:35,40min late,2h 47m,Landed
2025-06-24,OD307,MXD307,Malindo Air,Kuala Lumpur,KUL,WMKK,14:50,06:50,15:13,23min late,17:59,9min late,2h 45m,Landed
2025-06-24,JQ44,JST044,Jetstar Airways,Melbourne,MEL,YMML,14:55,06:55,15:15,20min late,17:15,14min early,0m,Landed
2025-06-24,JT271,LNI271,Lion Air,Semarang,SRG,WIIS,15:05,07:05,16:52,47min late,16:47,17min late,55m,Landed
2025-06-24,8B5103,,Business Air,Jakarta,CGK,WIII,15:10,07:10,,,,,1h 45m,
2025-06-24,VA50,VOZ050,Virgin Australia,Brisbane,BNE,YBBN,15:15,07:15,15:10,5min early,22:40,19min early,5h 30m,Landed
2025-06-24,IU759,SJV759,SW Italia,Jakarta,CGK,WIII,15:15,07:15,17:53,38min late,18:18,8min late,1h 24m,Landed
2025-06-24,GA842,GIA842,Garuda Indonesia,Singapore,SIN,WSSS,15:15,07:15,15:36,21min late,18:17,17min late,2h 41m,Landed
2025-06-24,JT740,LNI740,Lion Air,Makassar,UPG,WAAA,15:25,07:25,17:30,5min late,18:31,46min late,1h 1m,Landed
2025-06-24,VJ898,VJC898,VietJet Air,Ho Chi Minh City,SGN,VVTS,15:30,07:30,16:11,41min late,18:26,6min late,3h 15m,Landed
2025-06-24,ID6335,BTK6335,Batik Air,Labuan Bajo,LBJ,WATO,15:35,07:35,15:49,14min late,16:41,3min early,52m,Landed
2025-06-24,CI772,CAL772,China Airlines,Taipei,TPE,RCTP,15:40,07:40,16:02,22min late,21:20,15min late,5h 18m,Landed
2025-06-24,IP109,PAS109,Pelita Air Service,Jakarta,CGK,WIII,15:45,07:45,15:53,8min late,16:24,10min early,1h 31m,Landed
2025-06-24,QZ646,AWQ646,Indonesia AirAsia,Labuan Bajo,LBJ,WATO,15:45,07:45,15:56,11min late,16:47,12min early,51m,Landed
2025-06-24,JQ43,JST043,Jetstar Airways,Singapore,SIN,WSSS,15:50,07:50,16:18,28min late,18:55,25min late,2h 36m,Landed
2025-06-24,VA92,VOZ092,Virgin Australia,Melbourne,MEL,YMML,15:50,07:50,16:41,51min late,00:25,0min late,5h 44m,Landed
2025-06-24,ID8335,BTK8335,Batik Air,Labuan Bajo,LBJ,WATO,15:55,07:55,16:18,23min late,17:11,6min late,52m,Landed
2025-06-24,GA411,GIA411,Garuda Indonesia,Jakarta,CGK,WIII,15:55,07:55,16:00,5min late,16:52,7min early,1h 52m,Landed
2025-06-24,QZ807,AWQ807,Indonesia AirAsia,Jakarta,CGK,WIII,16:10,08:10,16:34,24min late,17:21,6min late,1h 46m,Landed
2025-06-24,CX784,CPA784,Cathay Pacific,Hong Kong,HKG,VHHH,16:10,08:10,17:45,35min late,20:48,36min early,3h 3m,Landed
2025-06-24,QG195,CTV195,Citilink,Jakarta,HLP,WIHH,16:10,08:10,16:28,18min late,16:52,7min early,1h 24m,Landed
2025-06-24,IU743,SJV743,SW Italia,Jakarta,CGK,WIII,16:10,08:10,20:15,5min late,20:45,40min late,1h 30m,Landed
2025-06-24,QZ536,AWQ536,Indonesia AirAsia,Perth,PER,YPPH,16:15,08:15,16:40,25min late,20:05,4min early,3h 25m,Landed
2025-06-24,JT569,LNI569,Lion Air,Yogyakarta,YIA,WAHI,16:20,08:20,17:15,55min late,17:42,52min late,1h 26m,Landed
2025-06-24,QG669,CTV669,Citilink,Surabaya,SUB,WARR,16:20,08:20,16:46,26min late,16:46,16min late,1h 0m,Landed
2025-06-24,JT925,LNI925,Lion Air,Surakarta,SOC,WAHQ,16:25,08:25,17:38,13min late,17:32,47min late,54m,Landed
2025-06-24,MH850,MAS850,Malaysia Airlines,Kuala Lumpur,KUL,WMKK,16:25,08:25,16:46,21min late,19:28,6min early,2h 41m,Landed
2025-06-24,BR256,EVA256,EVA Airways,Taipei,TPE,RCTP,16:30,08:30,16:33,3min late,21:57,2min early,5h 24m,Landed
2025-06-24,JT744,LNI744,Lion Air,Makassar,UPG,WAAA,16:40,08:40,17:18,38min late,18:18,18min late,1h 0m,Landed
2025-06-24,QZ246,AWQ246,Indonesia AirAsia,Phuket,HKT,VTSP,16:40,08:40,17:16,36min late,19:41,1min late,3h 24m,Landed
2025-06-24,HO1356,DKH1356,Juneyao Airlines,Shanghai,PVG,ZSPD,16:50,08:50,18:31,41min late,23:10,29min early,4h 39m,Landed
2025-06-24,TG432,THA432,Thai Airways International,Bangkok,BKK,VTBS,16:55,08:55,16:48,6min early,19:36,28min early,3h 48m,Landed
2025-06-24,QZ556,AWQ556,Indonesia AirAsia,Kuala Lumpur,KUL,WMKK,16:55,08:55,19:03,8min late,21:38,28min late,2h 35m,Landed
2025-06-24,JT923,LNI923,Lion Air,Surabaya,SUB,WARR,17:05,09:05,17:43,38min late,17:10,5min late,27m,Landed
2025-06-24,GA419,GIA419,Garuda Indonesia,Jakarta,CGK,WIII,17:25,09:25,17:27,2min late,18:09,15min early,1h 42m,Landed
2025-06-24,VJ998,VJC998,VietJet Air,Hanoi,HAN,VVNB,17:30,09:30,17:48,18min late,21:28,16min early,4h 39m,Landed
2025-06-24,GA349,GIA349,Garuda Indonesia,Surabaya,SUB,WARR,17:35,09:35,17:43,8min late,17:32,12min early,48m,Landed
2025-06-24,IN281,,NAM Air,Jakarta,CGK,WIII,17:45,09:45,,,,,1h 40m,
2025-06-24,NZ291,ANZ291,Air New Zealand,Auckland,AKL,NZAA,17:50,09:50,17:48,2min early,04:52,37min early,7h 4m,Landed
2025-06-24,OD193,MXD193,Malindo Air,Perth,PER,YPPH,18:10,10:10,20:35,25min late,23:52,7min late,3h 17m,Landed
2025-06-24,SL259,TLM259,Thai Lion Air,Bangkok,DMK,VTBD,18:20,10:20,18:08,11min early,21:18,21min early,4h 10m,Landed
2025-06-24,IN283,LKN283,Nam Air,Jakarta,CGK,WIII,18:30,10:30,18:25,4min early,19:00,9min early,1h 35m,Landed
2025-06-24,IU737,SJV737,SW Italia,Jakarta,CGK,WIII,18:30,10:30,20:03,33min late,20:17,52min late,1h 13m,Landed
2025-06-24,GA417,GIA417,Garuda Indonesia,Jakarta,CGK,WIII,18:40,10:40,18:47,7min late,19:22,17min early,1h 35m,Landed
2025-06-24,8B5109,TNU5109,Business Air,Jakarta,CGK,WIII,18:45,10:45,19:36,51min late,20:19,49min late,1h 43m,Landed
2025-06-24,CX782,CPA782,Cathay Pacific,Hong Kong,HKG,VHHH,18:45,10:45,18:42,2min early,23:16,48min early,4h 33m,Landed
2025-06-24,EY477,ETD477,Etihad Airways,Abu Dhabi,AUH,OMAA,18:45,10:45,18:59,14min late,23:26,3min early,8h 27m,Landed
2025-06-24,QZ809,AWQ809,Indonesia AirAsia,Jakarta,CGK,WIII,18:50,10:50,18:50,on time,19:25,19min early,1h 35m,Landed
2025-06-24,TG440,THA440,Thai Airways International,Bangkok,BKK,VTBS,19:00,11:00,19:05,5min late,21:59,10min early,3h 54m,Landed
2025-06-24,AK379,AXM379,AirAsia,Kuala Lumpur,KUL,WMKK,19:15,11:15,20:01,46min late,22:45,25min late,2h 44m,Landed
2025-06-24,3K246,JSA246,Jetstar Asia,Singapore,SIN,WSSS,19:15,11:15,19:31,16min late,21:43,16min early,2h 11m,Landed
2025-06-24,QR963,,Qatar Airways,Doha,DOH,OTHH,19:20,11:20,,,,,9h 20m,Cancelled
2025-06-24,MH852,MAS852,Malaysia Airlines,Kuala Lumpur,KUL,WMKK,19:20,11:20,19:29,9min late,22:00,19min early,2h 31m,Landed
2025-06-24,ID7310,BTK7310,Batik Air,Jakarta,HLP,WIHH,19:25,11:25,19:37,12min late,19:58,11min early,1h 20m,Landed
2025-06-24,IU755,SJV755,SW Italia,Jakarta,CGK,WIII,19:25,11:25,22:03,38min late,22:23,3min late,1h 20m,Landed
2025-06-24,TR287,TGW287,Scoot,Singapore,SIN,WSSS,19:40,11:40,20:55,15min late,23:03,48min late,2h 8m,Landed
2025-06-24,EK369,UAE369,Emirates,Dubai,DXB,OMDB,19:45,11:45,20:04,19min late,00:17,32min early,8h 13m,Landed
2025-06-24,ID6413,BTK6413,Batik Air,Surabaya,SUB,WARR,19:50,11:50,19:54,4min late,19:35,14min early,41m,Landed
2025-06-24,GA415,GIA415,Garuda Indonesia,Jakarta,CGK,WIII,20:00,12:00,20:00,on time,20:42,17min early,1h 41m,Landed
2025-06-24,SQ945,SIA945,Singapore Airlines,Singapore,SIN,WSSS,20:00,12:00,20:32,32min late,22:36,4min early,2h 3m,Landed
2025-06-24,QG689,CTV689,Citilink,Jakarta,CGK,WIII,20:15,12:15,20:39,24min late,21:16,1min late,1h 37m,Landed
2025-06-24,8B969,TNU969,Business Air,Guangzhou,CAN,ZGGG,20:15,12:15,21:56,41min late,02:46,46min late,4h 49m,Landed
2025-06-24,KL836,KLM836,KLM Royal Dutch Airlines,Singapore,SIN,WSSS,20:35,12:35,20:53,18min late,22:57,12min early,2h 3m,Landed
2025-06-24,OD177,MXD177,Malindo Air,Melbourne,MEL,YMML,21:00,13:00,23:08,8min late,06:10,30min late,5h 1m,Landed
2025-06-24,GA425,GIA425,Garuda Indonesia,Jakarta,CGK,WIII,21:05,13:05,21:17,12min late,21:49,10min early,1h 32m,Landed
2025-06-24,QG342,CTV342,Citilink,Makassar,UPG,WAAA,21:10,13:10,21:10,on time,22:42,2min early,1h 32m,Landed
2025-06-24,JQ34,JST034,Jetstar Airways,Melbourne,MEL,YMML,21:20,13:20,21:46,26min late,04:47,7min early,5h 1m,Landed
2025-06-24,TK67,THY067,Turkish Airlines,Istanbul,IST,LTFM,21:20,13:20,21:24,4min late,05:20,5min late,12h 55m,Landed
2025-06-24,IP105,PAS105,Pelita Air Service,Jakarta,CGK,WIII,21:25,13:25,21:44,19min late,22:07,2min early,1h 23m,Landed
2025-06-24,AK375,AXM375,AirAsia,Kuala Lumpur,KUL,WMKK,21:25,13:25,21:58,33min late,00:40,10min late,2h 42m,Landed
2025-06-24,ID6760,BTK6760,Batik Air,Makassar,UPG,WAAA,21:30,13:30,21:36,6min late,22:38,11min early,1h 1m,Landed
2025-06-24,JQ117,JST117,Jetstar Airways,Perth,PER,YPPH,21:30,13:30,21:40,10min late,00:54,25min early,3h 14m,Landed
2025-06-24,IU745,SJV745,SW Italia,Jakarta,CGK,WIII,21:30,13:30,23:39,9min late,00:04,39min late,1h 25m,Landed
2025-06-24,QZ819,AWQ819,Indonesia AirAsia,Jakarta,CGK,WIII,21:40,13:40,21:49,9min late,22:11,18min early,1h 22m,Landed
2025-06-24,SQ947,SIA947,Singapore Airlines,Singapore,SIN,WSSS,21:45,13:45,22:34,49min late,00:48,28min late,2h 13m,Landed
2025-06-24,QZ546,AWQ546,Indonesia AirAsia,Perth,PER,YPPH,21:55,13:55,22:04,9min late,01:24,15min early,3h 20m,Landed
2025-06-24,OD157,MXD157,Malindo Air,Brisbane,BNE,YBBN,22:00,14:00,00:09,9min late,07:06,16min late,4h 57m,Landed
2025-06-24,GA718,GIA718,Garuda Indonesia,Melbourne,MEL,YMML,22:05,14:05,22:16,11min late,05:20,9min early,5h 4m,Landed
2025-06-24,JQ60,JST060,Jetstar Airways,Brisbane,BNE,YBBN,22:10,14:10,22:53,43min late,05:42,2min late,4h 49m,Landed
2025-06-24,QF44,QFA044,Qantas,Sydney,SYD,YSSY,22:10,14:10,22:36,26min late,06:05,on time,5h 29m,Landed
2025-06-24,OD171,MXD171,Malindo Air,Sydney,SYD,YSSY,22:15,14:15,22:35,20min late,06:01,3min early,5h 25m,Landed
2025-06-24,QG9695,CTV9695,Citilink,Surabaya,SUB,WARR,22:20,14:20,22:23,3min late,22:11,13min early,48m,Landed
2025-06-24,JQ38,JST038,Jetstar Airways,Sydney,SYD,YSSY,22:35,14:35,23:00,25min late,06:15,14min early,5h 15m,Landed
2025-06-24,7C2712,JJA2712,Jeju Air,Seoul,ICN,RKSI,22:45,14:45,23:22,37min late,07:44,34min late,7h 22m,Landed
2025-06-24,QZ811,AWQ811,Indonesia AirAsia,Jakarta,CGK,WIII,22:50,14:50,23:14,24min late,23:41,on time,1h 26m,Landed
2025-06-24,VA96,VOZ096,Virgin Australia,Melbourne,MEL,YMML,23:05,15:05,23:12,7min late,06:13,26min early,5h 1m,Landed
2025-06-24,JT3020,,Lion Air,Seoul,ICN,RKSI,23:05,15:05,,,,,7h 5m,
2025-06-24,VA82,VOZ082,Virgin Australia,Gold Coast,OOL,YBCG,23:20,15:20,23:23,3min late,06:50,4min early,5h 27m,Landed
2025-06-24,3K240,JSA240,Jetstar Asia,Singapore,SIN,WSSS,23:25,15:25,23:51,26min late,02:03,6min early,2h 11m,Landed
2025-06-24,GA714,GIA714,Garuda Indonesia,Sydney,SYD,YSSY,23:25,15:25,23:43,18min late,06:41,28min early,4h 57m,Landed
2025-06-24,JQ36,JST036,Jetstar Airways,Melbourne,MEL,YMML,23:30,15:30,00:53,23min late,07:45,40min late,4h 51m,Landed
2025-06-24,VA68,VOZ068,Virgin Australia,Sydney,SYD,YSSY,23:35,15:35,23:40,5min late,06:50,54min early,5h 10m,Landed
2025-06-24,KE634,KAL634,Korean Air Lines,Seoul,ICN,RKSI,23:45,15:45,23:53,8min late,08:12,17min late,7h 19m,Landed
2025-06-24,JQ128,JST128,Jetstar Airways,Adelaide,ADL,YPAD,23:55,15:55,00:13,18min late,06:04,10min early,4h 20m,Landed
2025-06-25,BX602,ABL602,Air Busan,Busan,PUS,RKPK,00:05,16:05,07:14,9min late,08:27,17min late,13m,Landed
2025-06-25,MF892,CXA892,Xiamen Airlines,Xiamen,XMN,ZSAM,00:30,16:30,00:36,6min late,06:15,10min late,5h 39m,Landed
2025-06-25,CZ626,CSN626,China Southern Airlines,Guangzhou,CAN,ZGGG,00:30,16:30,01:32,2min late,06:19,29min late,4h 47m,Landed
2025-06-25,EK399,UAE399,Emirates,Dubai,DXB,OMDB,00:35,16:35,02:52,17min late,05:28,6min early,6h 35m,Landed
2025-06-25,QR961,QTR961,Qatar Airways,Doha,DOH,OTHH,00:35,16:35,01:23,48min late,05:15,20min late,8h 52m,Landed
2025-06-25,KE630,KAL630,Korean Air Lines,Seoul,ICN,RKSI,00:50,16:50,04:00,10min late,09:01,18min early,4h 1m,Landed
2025-06-25,QG685,CTV685,Citilink,Jakarta,CGK,WIII,00:55,16:55,00:23,31min early,00:49,5min early,1h 26m,Landed
2025-06-25,PR538,PAL538,Philippine Airlines,Manila,MNL,RPLL,00:55,16:55,01:14,19min late,04:57,7min late,3h 43m,Landed
2025-06-25,MU5030,CES5030,China Eastern Airlines,Shanghai,PVG,ZSPD,00:55,16:55,01:04,9min late,07:33,26min early,6h 29m,Landed
2025-06-25,QZ300,AWQ300,Indonesia AirAsia,Hong Kong,HKG,VHHH,01:10,17:10,00:51,18min early,05:42,17min early,4h 50m,Landed
2025-06-25,8B5888,,TransNusa,Manado,MDC,WAMM,01:50,17:50,,,,,2h 35m,
2025-06-25,JT856,,Lion Air,Surabaya,SUB,WARR,07:00,23:00,,,,,1h 1m,
2025-06-25,JT746,LNI746,Lion Air,Makassar,UPG,WAAA,07:00,23:00,07:24,24min late,08:23,3min late,59m,Landed
2025-06-25,QZ550,AWQ550,Indonesia AirAsia,Kuala Lumpur,KUL,WMKK,07:00,23:00,07:30,30min late,10:08,8min late,2h 37m,Landed
2025-06-25,JT929,LNI929,Lion Air,Surabaya,SUB,WARR,07:00,23:00,07:17,17min late,07:02,2min late,44m,Landed
2025-06-25,GA401,GIA401,Garuda Indonesia,Jakarta,CGK,WIII,07:00,23:00,07:11,11min late,06:11,48min early,0m,Landed
2025-06-25,JT3569,LNI3569,Lion Air,Yogyakarta,YIA,WAHI,07:00,23:00,07:01,1min late,07:13,16min early,1h 12m,Landed
2025-06-25,JT944,,Lion Air,Makassar,UPG,WAAA,07:00,23:00,07:00,,08:23,3min late,1h 23m,Landed
2025-06-25,QG690,CTV690,Citilink,Surabaya,SUB,WARR,07:05,23:05,07:08,3min late,06:57,7min early,48m,Landed
2025-06-25,QZ644,AWQ644,Indonesia AirAsia,Labuan Bajo,LBJ,WATO,07:10,23:10,07:12,2min late,08:02,12min early,49m,Landed
2025-06-25,QZ502,AWQ502,Indonesia AirAsia,Singapore,SIN,WSSS,07:10,23:10,07:22,12min late,09:34,15min early,2h 12m,Landed
2025-06-25,SQ949,SIA949,Singapore Airlines,Singapore,SIN,WSSS,07:10,23:10,07:28,18min late,09:38,21min early,2h 10m,Landed
2025-06-25,QZ813,AWQ813,Indonesia AirAsia,Jakarta,CGK,WIII,07:15,23:15,07:19,4min late,06:19,50min early,0m,Landed
2025-06-25,JQ82,JST082,Jetstar Airways,Darwin,DRW,YPDN,07:50,23:50,07:58,8min late,09:28,31min early,0m,Landed
2025-06-25,QG663,CTV663,Citilink,Jakarta,CGK,WIII,07:50,23:50,08:10,20min late,08:38,6min early,1h 27m,Landed
2025-06-25,IW1854,WON1854,Wings Air,Lombok,LOP,WADL,08:00,00:00,08:34,34min late,08:57,12min late,22m,Landed
2025-06-25,IU731,SJV731,SW Italia,Jakarta,CGK,WIII,08:05,00:05,09:06,1min late,09:41,41min late,1h 34m,Landed
2025-06-25,HX706,CRK706,Hong Kong Airlines,Hong Kong,HKG,VHHH,08:15,00:15,08:33,18min late,13:29,9min late,4h 56m,Landed
2025-06-25,5J280,CEB280,CEBU Pacific Air,Manila,MNL,RPLL,08:35,00:35,09:18,43min late,13:20,30min late,4h 2m,Landed
2025-06-25,IW1850,WON1850,Wings Air,Lombok,LOP,WADL,08:35,00:35,08:59,24min late,09:25,5min late,26m,Landed
2025-06-25,IU703,SJV703,SW Italia,Surabaya,SUB,WARR,08:40,00:40,16:30,50min late,16:11,31min late,40m,Landed
2025-06-25,CZ8482,CSN8482,China Southern Airlines,Guangzhou,CAN,ZGGG,08:40,00:40,09:03,23min late,13:54,4min late,4h 50m,Landed
2025-06-25,QZ504,AWQ504,Indonesia AirAsia,Singapore,SIN,WSSS,09:00,01:00,08:57,2min early,11:21,23min early,2h 23m,Landed
2025-06-25,8B80,TNU080,Business Air,Perth,PER,YPPH,09:05,01:05,04:28,36min early,14:04,9min late,9h 35m,Landed
2025-06-25,8B5105,TNU5105,Business Air,Jakarta,CGK,WIII,09:10,01:10,09:16,6min late,08:16,43min early,0m,Landed
2025-06-25,IW1832,WON1832,Wings Air,Tambolaka,TMC,WADT,09:10,01:10,09:44,34min late,10:53,18min late,1h 9m,Landed
2025-06-25,IN640,LKN640,Nam Air,Tambolaka,TMC,WADT,09:10,01:10,10:13,3min late,11:00,50min late,47m,Landed
2025-06-25,IW1856,WON1856,Wings Air,Lombok,LOP,WADL,09:10,01:10,11:00,50min late,11:23,28min late,22m,Landed
2025-06-25,ID6007,BTK6007,Batik Air,Perth,PER,YPPH,09:25,01:25,07:30,54min early,07:51,23min early,21m,Landed
2025-06-25,QG500,CTV500,Citilink,Dili,DIL,WPDL,09:30,01:30,09:21,9min early,12:10,9min early,1h 49m,Landed
2025-06-25,QZ803,AWQ803,Indonesia AirAsia,Jakarta,CGK,WIII,09:40,01:40,09:47,7min late,10:23,6min early,1h 35m,Landed
2025-06-25,QR965,QTR965,Qatar Airways,Doha,DOH,OTHH,09:55,01:55,13:29,34min late,17:46,26min late,9h 17m,Landed
2025-06-25,IW1882,WON1882,Wings Air,Sumbawa Besar,SWQ,WADS,10:00,02:00,10:45,45min late,11:29,29min late,44m,Landed
2025-06-25,IU757,SJV757,SW Italia,Jakarta,CGK,WIII,10:00,02:00,09:49,10min early,10:36,18min early,1h 47m,Landed
2025-06-25,JT273,LNI273,Lion Air,Semarang,SRG,WIIS,10:00,02:00,10:20,20min late,10:15,9min early,54m,Landed
2025-06-25,SQ935,SIA935,Singapore Airlines,Singapore,SIN,WSSS,10:05,02:05,10:21,16min late,12:33,11min early,2h 12m,Landed
2025-06-25,SU297,AFL297,Aeroflot,Moscow,SVO,UUEE,10:05,02:05,10:47,42min late,17:55,20min early,12h 7m,Landed
2025-06-25,8B5101,TNU5101,Business Air,Jakarta,CGK,WIII,10:25,02:25,14:38,13min late,15:07,52min late,1h 28m,Landed
2025-06-25,8G182,DTL182,Mid Africa Aviation,Dili,DIL,WPDL,10:35,02:35,10:57,22min late,13:36,6min late,1h 38m,Landed
2025-06-25,AI2146,AIC2146,Air India,Delhi,DEL,VIDP,10:35,02:35,10:43,8min late,15:42,8min early,7h 28m,Landed
2025-06-25,QZ815,AWQ815,Indonesia AirAsia,Jakarta,CGK,WIII,10:35,02:35,10:35,on time,11:02,27min early,1h 27m,Landed
2025-06-25,TR281,TGW281,Scoot,Singapore,SIN,WSSS,10:50,02:50,10:59,9min late,13:18,11min early,2h 18m,Landed
2025-06-25,JT927,LNI927,Lion Air,Surakarta,SOC,WAHQ,10:55,02:55,11:20,25min late,11:23,8min late,1h 2m,Landed
2025-06-25,3K244,JSA244,Jetstar Asia,Singapore,SIN,WSSS,10:55,02:55,11:33,38min late,13:48,8min late,2h 15m,Landed
2025-06-25,JT805,LNI805,Lion Air,Surabaya,SUB,WARR,11:05,03:05,11:23,18min late,10:52,12min early,28m,Landed
2025-06-25,JT924,LNI924,Lion Air,Kupang,KOE,WATT,11:05,03:05,11:55,50min late,13:21,36min late,1h 26m,Landed
2025-06-25,IU741,SJV741,SW Italia,Jakarta,CGK,WIII,11:05,03:05,18:27,22min late,18:58,58min late,1h 31m,Landed
2025-06-25,JQ126,JST126,Jetstar Airways,Adelaide,ADL,YPAD,11:15,03:15,11:36,21min late,17:28,1min early,4h 22m,Landed
2025-06-25,6E1606,IGO1606,IndiGo,Bangalore,BLR,VOBL,11:20,03:20,11:13,7min early,14:43,26min early,6h 0m,Landed
2025-06-25,QG9693,CTV9693,Citilink,Surabaya,SUB,WARR,11:35,03:35,11:40,5min late,11:37,7min early,57m,Landed
2025-06-25,JT23,LNI023,Lion Air,Jakarta,CGK,WIII,11:40,03:40,15:35,55min late,16:09,34min late,1h 34m,Landed
2025-06-25,JQ109,JST109,Jetstar Airways,Perth,PER,YPPH,11:40,03:40,12:57,17min late,16:23,58min late,3h 26m,Landed
2025-06-25,JQ32,JST032,Jetstar Airways,Melbourne,MEL,YMML,11:55,03:55,12:55,60min late,19:59,29min late,5h 4m,Landed
2025-06-25,OD192,MXD192,Malindo Air,Kuala Lumpur,KUL,WMKK,11:55,03:55,12:09,14min late,14:46,18min early,2h 36m,Landed
2025-06-25,JT569,LNI569,Lion Air,Yogyakarta,YIA,WAHI,11:55,03:55,11:33,21min early,11:45,39min early,1h 12m,Landed
2025-06-25,FD397,AIQ397,Thai AirAsia,Bangkok,DMK,VTBD,12:00,04:00,13:24,24min late,16:20,45min late,3h 55m,Landed
2025-06-25,GA407,GIA407,Garuda Indonesia,Jakarta,CGK,WIII,12:00,04:00,12:30,30min late,12:57,2min late,1h 26m,Landed
2025-06-25,GA253,GIA253,Garuda Indonesia,Yogyakarta,YIA,WAHI,12:05,04:05,13:07,2min late,13:16,21min late,1h 9m,Landed
2025-06-25,QZ618,AWQ618,Indonesia AirAsia,Banjarmasin,BDJ,WAOO,12:05,04:05,12:16,11min late,13:20,9min early,1h 4m,Landed
2025-06-25,SQ937,SIA937,Singapore Airlines,Singapore,SIN,WSSS,12:10,04:10,15:38,28min late,15:37,42min late,,Landed
2025-06-25,JQ40,JST040,Jetstar Airways,Sydney,SYD,YSSY,12:20,04:20,12:59,39min late,20:44,29min late,5h 45m,Landed
2025-06-25,GA4012,GIA4012,Garuda Indonesia,Jakarta,CGK,WIII,12:25,04:25,13:44,19min late,14:10,45min late,1h 26m,Landed
2025-06-25,OD178,MXD178,Malindo Air,Kuala Lumpur,KUL,WMKK,12:25,04:25,14:18,53min late,16:53,18min late,2h 35m,Landed
2025-06-25,QZ805,AWQ805,Indonesia AirAsia,Jakarta,CGK,WIII,12:40,04:40,13:42,2min late,14:05,25min late,1h 23m,Landed
2025-06-25,OD158,MXD158,Malindo Air,Kuala Lumpur,KUL,WMKK,12:45,04:45,15:46,1min late,18:17,22min late,2h 30m,Landed
2025-06-25,IW1848,WON1848,Wings Air,Lombok,LOP,WADL,12:45,04:45,14:47,2min late,15:10,40min late,22m,Landed
2025-06-25,ID7308,BTK7308,Batik Air,Jakarta,HLP,WIHH,12:50,04:50,13:40,50min late,14:39,4min late,1h 59m,Landed
2025-06-25,MH714,MAS714,Malaysia Airlines,Kuala Lumpur,KUL,WMKK,12:55,04:55,15:40,45min late,18:15,15min late,2h 35m,Landed
2025-06-25,IP103,PAS103,Pelita Air Service,Jakarta,CGK,WIII,12:55,04:55,13:28,33min late,13:59,14min late,1h 31m,Landed
2025-06-25,SQ939,SIA939,Singapore Airlines,Singapore,SIN,WSSS,13:05,05:05,13:57,52min late,16:11,21min late,2h 13m,Landed
2025-06-25,VJ900,VJC900,VietJet Air,Hanoi,HAN,VVNB,13:10,05:10,13:53,43min late,17:26,6min late,4h 33m,Landed
2025-06-25,JQ58,JST058,Jetstar Airways,Brisbane,BNE,YBBN,13:15,05:15,16:02,47min late,22:59,14min late,4h 57m,Landed
2025-06-25,OD172,MXD172,Malindo Air,Kuala Lumpur,KUL,WMKK,13:15,05:15,14:08,53min late,16:48,23min late,2h 39m,Landed
2025-06-25,IU753,SJV753,SW Italia,Jakarta,CGK,WIII,13:15,05:15,18:37,22min late,19:16,6min late,1h 38m,Landed
2025-06-25,IW1834,WON1834,Wings Air,Tambolaka,TMC,WADT,13:20,05:20,,,,,2h 33m,Diverted
2025-06-25,JT660,LNI660,Lion Air,Balikpapan,BPN,WALL,13:25,05:25,13:07,17min early,14:23,18min late,1h 16m,Landed
2025-06-25,D7799,XAX799,AirAsia X,Kuala Lumpur,KUL,WMKK,13:35,05:35,15:53,18min late,18:31,41min late,2h 38m,Landed
2025-06-25,IW1826,,Wings Air,Bima,BMU,WADB,13:40,05:40,07:02,22min late,08:21,16min late,1h 18m,Landed
2025-06-25,GA409,GIA409,Garuda Indonesia,Jakarta,CGK,WIII,13:45,05:45,14:20,35min late,14:56,11min late,1h 36m,Landed
2025-06-25,QZ506,AWQ506,Indonesia AirAsia,Singapore,SIN,WSSS,13:45,05:45,14:47,2min late,17:16,36min late,2h 29m,Landed
2025-06-25,ID7135,BTK7135,Batik Air,Singapore,SIN,WSSS,13:45,05:45,14:39,54min late,17:08,28min late,2h 28m,Landed
2025-06-25,8B5107,TNU5107,Business Air,Jakarta,CGK,WIII,13:50,05:50,15:07,17min late,15:44,4min late,1h 36m,Landed
2025-06-25,QZ544,AWQ544,Indonesia AirAsia,Perth,PER,YPPH,13:55,05:55,14:42,47min late,18:18,23min late,3h 36m,Landed
2025-06-25,QG687,CTV687,Citilink,Jakarta,CGK,WIII,13:55,05:55,17:04,9min late,17:42,47min late,1h 37m,Landed
2025-06-25,IW1964,WON1964,Wings Air,Lombok,LOP,WADL,13:55,05:55,15:22,27min late,15:52,12min late,30m,Landed
2025-06-25,TR289,TGW289,Scoot,Singapore,SIN,WSSS,14:00,06:00,16:15,15min late,18:38,38min late,2h 22m,Landed
2025-06-25,VJ848,VJC848,VietJet Air,Ho Chi Minh City,SGN,VVTS,14:00,06:00,15:02,2min late,17:27,37min late,3h 25m,Landed
2025-06-25,VJ894,VJC894,VietJet Air,Ho Chi Minh City,SGN,VVTS,14:05,06:05,14:51,46min late,17:05,10min late,3h 14m,Landed
2025-06-25,ID7637,BTK7637,Batik Air,Bangkok,DMK,VTBD,14:15,06:15,17:11,56min late,20:01,16min late,3h 49m,Landed
2025-06-25,IU735,SJV735,SW Italia,Jakarta,CGK,WIII,14:15,06:15,21:12,57min late,21:38,18min late,1h 26m,Landed
2025-06-25,QG699,CTV699,Citilink,Surabaya,SUB,WARR,14:20,06:20,14:50,30min late,15:09,44min late,1h 19m,Landed
2025-06-25,JT844,LNI844,Lion Air,Banjarmasin,BDJ,WAOO,14:35,06:35,16:11,36min late,17:14,14min late,1h 2m,Landed
2025-06-25,QG681,CTV681,Citilink,Jakarta,CGK,WIII,14:40,06:40,15:20,40min late,16:25,25min late,2h 5m,Landed
2025-06-25,JT919,LNI919,Lion Air,Surabaya,SUB,WARR,14:40,06:40,16:18,38min late,16:05,25min late,46m,Landed
2025-06-25,IW1884,WON1884,Wings Air,Waingapu,WGP,WADW,14:40,06:40,07:41,1min late,09:06,36min late,1h 25m,Landed
2025-06-25,AK377,AXM377,AirAsia,Kuala Lumpur,KUL,WMKK,14:45,06:45,17:56,11min late,20:33,38min late,2h 36m,Landed
2025-06-25,JT271,LNI271,Lion Air,Semarang,SRG,WIIS,15:05,07:05,15:53,48min late,15:58,28min late,1h 5m,Landed
2025-06-25,8B5103,,TransNusa,Jakarta,CGK,WIII,15:10,07:10,,,,,1h 45m,
2025-06-25,VA50,VOZ050,Virgin Australia,Brisbane,BNE,YBBN,15:15,07:15,15:36,21min late,23:16,16min late,5h 40m,Landed
2025-06-25,GA842,GIA842,Garuda Indonesia,Singapore,SIN,WSSS,15:15,07:15,15:56,41min late,18:33,33min late,2h 37m,Landed
2025-06-25,IU759,SJV759,SW Italia,Jakarta,CGK,WIII,15:15,07:15,01:43,28min late,02:07,42min late,1h 23m,Landed
2025-06-25,JT740,LNI740,Lion Air,Makassar,UPG,WAAA,15:25,07:25,18:41,16min late,19:45,0min late,1h 3m,Landed
2025-06-25,VJ898,VJC898,VietJet Air,Ho Chi Minh City,SGN,VVTS,15:30,07:30,17:37,7min late,19:52,32min late,3h 15m,Landed
2025-06-25,ID6335,BTK6335,Batik Air,Labuan Bajo,LBJ,WATO,15:35,07:35,18:10,35min late,19:04,19min late,53m,Landed
2025-06-25,CI772,CAL772,China Airlines,Taipei,TPE,RCTP,15:40,07:40,16:10,30min late,21:45,40min late,5h 35m,Landed
2025-06-25,JT961,LNI961,Lion Air,Medan,KNO,WIMM,15:40,07:40,00:41,1min late,02:42,2min late,3h 1m,Landed
2025-06-25,QZ646,AWQ646,Indonesia AirAsia,Labuan Bajo,LBJ,WATO,15:45,07:45,16:21,36min late,17:22,22min late,1h 0m,Landed
2025-06-25,IP109,PAS109,Pelita Air Service,Jakarta,CGK,WIII,15:45,07:45,17:01,16min late,17:35,0min late,1h 34m,Landed
2025-06-25,JQ43,JST043,Jetstar Airways,Singapore,SIN,WSSS,15:50,07:50,16:28,38min late,19:00,30min late,2h 31m,Landed
2025-06-25,VA92,VOZ092,Virgin Australia,Melbourne,MEL,YMML,15:50,07:50,16:39,49min late,00:28,3min late,5h 49m,Landed
2025-06-25,GA411,GIA411,Garuda Indonesia,Jakarta,CGK,WIII,15:55,07:55,16:33,38min late,17:17,17min late,1h 44m,Landed
2025-06-25,JQ44,JST044,Jetstar Airways,Melbourne,MEL,YMML,15:55,07:55,16:54,59min late,23:58,28min late,5h 4m,Landed
2025-06-25,ID8335,BTK8335,Batik Air,Labuan Bajo,LBJ,WATO,15:55,07:55,18:10,15min late,19:04,59min late,53m,Landed
2025-06-25,VN640,HVN640,Vietnam Airlines,Ho Chi Minh City,SGN,VVTS,16:00,08:00,18:20,20min late,20:36,56min late,3h 16m,Landed
2025-06-25,QG669,CTV669,Citilink,Surabaya,SUB,WARR,16:10,08:10,16:45,35min late,17:12,52min late,1h 27m,Landed
2025-06-25,CX784,CPA784,Cathay Pacific,Hong Kong,HKG,VHHH,16:10,08:10,16:53,43min late,21:53,28min late,5h 0m,Landed
2025-06-25,QG195,CTV195,Citilink,Jakarta,HLP,WIHH,16:10,08:10,17:36,26min late,18:34,34min late,1h 57m,Landed
2025-06-25,OD307,MXD307,Malindo Air,Kuala Lumpur,KUL,WMKK,16:10,08:10,18:09,59min late,20:44,34min late,2h 34m,Landed
2025-06-25,QZ807,AWQ807,Indonesia AirAsia,Jakarta,CGK,WIII,16:10,08:10,18:02,52min late,18:30,15min late,1h 27m,Landed
2025-06-25,IU743,SJV743,SW Italia,Jakarta,CGK,WIII,16:10,08:10,21:10,0min late,21:38,33min late,1h 27m,Landed
2025-06-25,QZ536,AWQ536,Indonesia AirAsia,Perth,PER,YPPH,16:15,08:15,17:00,45min late,20:29,19min late,3h 29m,Landed
2025-06-25,JT925,LNI925,Lion Air,Surakarta,SOC,WAHQ,16:25,08:25,17:46,21min late,17:45,0min late,59m,Landed
2025-06-25,MH850,MAS850,Malaysia Airlines,Kuala Lumpur,KUL,WMKK,16:25,08:25,17:53,28min late,20:35,0min late,2h 41m,Landed
2025-06-25,BR256,EVA256,EVA Airways,Taipei,TPE,RCTP,16:30,08:30,16:45,15min late,22:27,27min late,5h 42m,Landed
2025-06-25,JT744,LNI744,Lion Air,Makassar,UPG,WAAA,16:40,08:40,17:45,5min late,18:50,on time,1h 5m,Landed
2025-06-25,QZ642,AWQ642,Indonesia AirAsia,Labuan Bajo,LBJ,WATO,16:45,08:45,17:35,50min late,18:29,34min late,54m,Landed
2025-06-25,HO1356,DKH1356,Juneyao Airlines,Shanghai,PVG,ZSPD,16:50,08:50,17:10,20min late,23:22,17min early,6h 11m,Landed
2025-06-25,IU273,SJV273,SW Italia,Pontianak,PNK,WIOO,16:50,08:50,18:29,39min late,19:22,32min late,1h 52m,Landed
2025-06-25,JT567,LNI567,Lion Air,Yogyakarta,YIA,WAHI,16:50,08:50,18:48,58min late,17:49,29min late,0m,Landed
2025-06-25,QZ556,AWQ556,Indonesia AirAsia,Kuala Lumpur,KUL,WMKK,16:55,08:55,18:15,20min late,20:34,24min late,2h 19m,Landed
2025-06-25,TG432,THA432,Thai Airways International,Bangkok,BKK,VTBS,16:55,08:55,17:45,50min late,20:20,15min late,3h 35m,Landed
2025-06-25,JT923,LNI923,Lion Air,Surabaya,SUB,WARR,17:05,09:05,18:50,45min late,18:31,26min late,41m,Landed
2025-06-25,HH2212,QNT2212,Taban Airlines,Tashkent,TAS,UTTT,17:14,09:14,17:16,2min late,23:48,1min early,9h 31m,Landed
2025-06-25,GA419,GIA419,Garuda Indonesia,Jakarta,CGK,WIII,17:25,09:25,18:25,60min late,18:51,36min late,1h 26m,Landed
2025-06-25,VJ998,VJC998,VietJet Air,Hanoi,HAN,VVNB,17:30,09:30,18:17,47min late,22:00,15min late,4h 42m,Landed
2025-06-25,GA349,GIA349,Garuda Indonesia,Surabaya,SUB,WARR,17:35,09:35,18:28,53min late,18:08,23min late,40m,Landed
2025-06-25,D7793,XAX793,AirAsia X,Kuala Lumpur,KUL,WMKK,17:40,09:40,18:38,58min late,21:03,8min late,2h 24m,Landed
2025-06-25,NZ291,ANZ291,Air New Zealand,Auckland,AKL,NZAA,17:50,09:50,18:36,46min late,05:33,3min late,6h 57m,Landed
2025-06-25,OD193,MXD193,Malindo Air,Perth,PER,YPPH,18:10,10:10,20:39,29min late,00:04,19min late,3h 25m,Landed
2025-06-25,SL259,TLM259,Thai Lion Air,Bangkok,DMK,VTBD,18:20,10:20,18:58,38min late,21:56,16min late,3h 57m,Landed
2025-06-25,IU737,SJV737,SW Italia,Jakarta,CGK,WIII,18:30,10:30,22:05,35min late,22:30,45min late,1h 25m,Landed
2025-06-25,IN281,LKN281,Nam Air,Jakarta,CGK,WIII,18:30,10:30,22:56,26min late,23:31,21min late,1h 35m,Landed
2025-06-25,GA417,GIA417,Garuda Indonesia,Jakarta,CGK,WIII,18:40,10:40,19:16,36min late,19:43,3min late,1h 26m,Landed
2025-06-25,8B5109,TNU5109,Business Air,Jakarta,CGK,WIII,18:45,10:45,20:37,52min late,21:19,49min late,1h 42m,Landed
2025-06-25,EY477,ETD477,Etihad Airways,Abu Dhabi,AUH,OMAA,18:45,10:45,19:38,53min late,15:39,50min early,0m,Landed
2025-06-25,CX782,CPA782,Cathay Pacific,Hong Kong,HKG,VHHH,18:45,10:45,23:42,57min late,00:07,2min late,24m,Landed
2025-06-25,QZ809,AWQ809,Indonesia AirAsia,Jakarta,CGK,WIII,18:50,10:50,19:30,40min late,19:50,5min late,1h 20m,Landed
2025-06-25,TG440,THA440,Thai Airways International,Bangkok,BKK,VTBS,19:00,11:00,19:38,38min late,22:28,18min late,3h 50m,Landed
2025-06-25,QG689,CTV689,Citilink,Jakarta,CGK,WIII,19:00,11:00,20:21,21min late,20:46,46min late,1h 24m,Landed
2025-06-25,AK379,AXM379,AirAsia,Kuala Lumpur,KUL,WMKK,19:15,11:15,19:48,33min late,22:37,17min late,2h 49m,Landed
2025-06-25,3K246,JSA246,Jetstar Asia,Singapore,SIN,WSSS,19:15,11:15,19:46,31min late,22:02,2min late,2h 16m,Landed
2025-06-25,MH852,MAS852,Malaysia Airlines,Kuala Lumpur,KUL,WMKK,19:20,11:20,19:49,29min late,22:31,11min late,2h 42m,Landed
2025-06-25,QR963,QTR963,Qatar Airways,Doha,DOH,OTHH,19:20,11:20,21:33,13min late,01:01,21min late,8h 28m,Landed
2025-06-25,ID7310,BTK7310,Batik Air,Jakarta,HLP,WIHH,19:25,11:25,22:20,55min late,22:44,34min late,1h 23m,Landed
2025-06-25,IU755,SJV755,SW Italia,Jakarta,CGK,WIII,19:25,11:25,23:39,14min late,00:14,54min late,1h 35m,Landed
2025-06-25,TR287,TGW287,Scoot,Singapore,SIN,WSSS,19:40,11:40,19:49,9min late,22:06,8min early,2h 16m,Landed
2025-06-25,EK369,UAE369,Emirates,Dubai,DXB,OMDB,19:45,11:45,20:15,30min late,00:37,12min early,8h 22m,Landed
2025-06-25,ID6413,BTK6413,Batik Air,Surabaya,SUB,WARR,19:50,11:50,22:02,12min late,21:47,57min late,44m,Landed
2025-06-25,SQ945,SIA945,Singapore Airlines,Singapore,SIN,WSSS,20:00,12:00,20:43,43min late,22:51,11min late,2h 7m,Landed
2025-06-25,GA415,GIA415,Garuda Indonesia,Jakarta,CGK,WIII,20:00,12:00,19:55,4min early,20:49,10min early,1h 53m,Landed
2025-06-25,ID6517,BTK6517,Batik Air,Jakarta,CGK,WIII,20:00,12:00,23:40,40min late,00:16,21min late,1h 35m,Landed
2025-06-25,8B969,TNU969,Business Air,Guangzhou,CAN,ZGGG,20:15,12:15,20:12,2min early,01:11,11min late,4h 58m,Landed
2025-06-25,KL836,KLM836,KLM Royal Dutch Airlines,Singapore,SIN,WSSS,20:35,12:35,20:51,16min late,23:04,5min early,2h 13m,Landed
2025-06-25,OD177,MXD177,Malindo Air,Melbourne,MEL,YMML,21:00,13:00,21:32,32min late,04:38,1min early,5h 6m,Landed
2025-06-25,GA425,GIA425,Garuda Indonesia,Jakarta,CGK,WIII,21:05,13:05,21:39,34min late,22:04,4min late,1h 24m,Landed
2025-06-25,QG342,CTV342,Citilink,Makassar,UPG,WAAA,21:10,13:10,23:05,55min late,00:19,24min late,1h 13m,Landed
2025-06-25,JQ107,JST107,Jetstar Airways,Perth,PER,YPPH,21:10,13:10,23:49,39min late,03:07,12min late,3h 17m,Landed
2025-06-25,JQ34,JST034,Jetstar Airways,Melbourne,MEL,YMML,21:20,13:20,21:48,28min late,04:51,3min early,5h 3m,Landed
2025-06-25,TK67,THY067,Turkish Airlines,Istanbul,IST,LTFM,21:20,13:20,21:38,18min late,05:22,7min late,12h 44m,Landed
2025-06-25,IP105,PAS105,Pelita Air Service,Jakarta,CGK,WIII,21:25,13:25,21:42,17min late,22:11,1min late,1h 29m,Landed
2025-06-25,AK375,AXM375,AirAsia,Kuala Lumpur,KUL,WMKK,21:25,13:25,00:49,24min late,03:24,54min late,2h 34m,Landed
2025-06-25,JQ117,JST117,Jetstar Airways,Perth,PER,YPPH,21:30,13:30,22:53,23min late,02:10,50min late,3h 17m,Landed
2025-06-25,ID6760,BTK6760,Batik Air,Makassar,UPG,WAAA,21:30,13:30,22:25,55min late,23:20,30min late,55m,Landed
2025-06-25,IU745,SJV745,SW Italia,Jakarta,CGK,WIII,21:30,13:30,01:10,40min late,01:45,20min late,1h 35m,Landed
2025-06-25,QZ819,AWQ819,Indonesia AirAsia,Jakarta,CGK,WIII,21:40,13:40,23:21,41min late,23:48,18min late,1h 26m,Landed
2025-06-25,SQ947,SIA947,Singapore Airlines,Singapore,SIN,WSSS,21:45,13:45,22:43,58min late,00:56,36min late,2h 13m,Landed
2025-06-25,QZ546,AWQ546,Indonesia AirAsia,Perth,PER,YPPH,21:55,13:55,22:19,24min late,01:42,2min late,3h 23m,Landed
2025-06-25,OD157,MXD157,Malindo Air,Brisbane,BNE,YBBN,22:00,14:00,18:35,24min early,06:33,43min late,9h 58m,Landed
2025-06-25,GA718,GIA718,Garuda Indonesia,Melbourne,MEL,YMML,22:05,14:05,22:39,34min late,05:40,10min late,5h 1m,Landed
2025-06-25,QF44,QFA044,Qantas,Sydney,SYD,YSSY,22:10,14:10,22:22,12min late,06:04,on time,5h 42m,Landed
2025-06-25,OD171,MXD171,Malindo Air,Sydney,SYD,YSSY,22:15,14:15,23:34,19min late,06:56,51min late,5h 21m,Landed
2025-06-25,QG9695,CTV9695,Citilink,Surabaya,SUB,WARR,22:20,14:20,23:52,32min late,23:41,16min late,48m,Landed
2025-06-25,JQ38,JST038,Jetstar Airways,Sydney,SYD,YSSY,22:35,14:35,22:57,22min late,06:39,9min late,5h 42m,Landed
2025-06-25,7C2712,JJA2712,Jeju Air,Seoul,ICN,RKSI,22:45,14:45,23:29,44min late,07:38,28min late,7h 9m,Landed
2025-06-25,QZ811,AWQ811,Indonesia AirAsia,Jakarta,CGK,WIII,22:50,14:50,23:57,7min late,00:27,47min late,1h 30m,Landed
2025-06-25,VA96,VOZ096,Virgin Australia,Melbourne,MEL,YMML,23:05,15:05,23:13,8min late,06:39,on time,5h 26m,Landed
2025-06-25,JT3020,,Lion Air,Seoul,ICN,RKSI,23:05,15:05,,,,,7h 5m,
2025-06-25,QF46,QFA046,Qantas,Melbourne,MEL,YMML,23:05,15:05,23:06,on time,06:32,7min early,5h 26m,Landed
2025-06-25,VA82,VOZ082,Virgin Australia,Gold Coast,OOL,YBCG,23:20,15:20,00:29,9min late,07:42,47min late,5h 13m,Landed
2025-06-25,GA714,GIA714,Garuda Indonesia,Sydney,SYD,YSSY,23:25,15:25,00:19,54min late,07:35,25min late,5h 16m,Landed
2025-06-25,3K240,JSA240,Jetstar Asia,Singapore,SIN,WSSS,23:25,15:25,00:57,32min late,03:07,57min late,2h 10m,Landed
2025-06-25,JQ36,JST036,Jetstar Airways,Melbourne,MEL,YMML,23:30,15:30,01:25,55min late,08:36,31min late,5h 11m,Landed
2025-06-25,JQ91,JST091,Jetstar Airways,Cairns,CNS,YBCS,23:30,15:30,23:56,26min late,05:57,2min early,4h 1m,Landed
2025-06-25,QZ542,AWQ542,Indonesia AirAsia,Cairns,CNS,YBCS,23:35,15:35,00:26,51min late,06:45,25min late,4h 18m,Landed
2025-06-25,VA68,VOZ068,Virgin Australia,Sydney,SYD,YSSY,23:35,15:35,00:27,52min late,07:52,7min late,5h 25m,Landed
2025-06-25,QZ420,AWQ420,Indonesia AirAsia,Adelaide,ADL,YPAD,23:45,15:45,00:09,24min late,06:18,6min early,4h 38m,Landed
2025-06-25,KE634,KAL634,Korean Air Lines,Seoul,ICN,RKSI,23:45,15:45,23:48,3min late,07:59,4min late,7h 11m,Landed
2025-06-25,SV857,SVA857,Saudi Arabian Airlines,Singapore,SIN,WSSS,23:45,15:45,00:38,53min late,02:42,27min late,2h 3m,Landed
2025-06-25,JQ128,JST128,Jetstar Airways,Adelaide,ADL,YPAD,23:55,15:55,00:36,41min late,06:31,21min late,4h 24m,Landed
2025-06-26,BX602,ABL602,Air Busan,Busan,PUS,RKPK,00:05,16:05,07:14,9min late,08:27,17min late,13m,Landed
2025-06-26,GA880,GIA880,Garuda Indonesia,Tokyo,NRT,RJAA,00:20,16:20,00:21,1min late,08:27,22min early,7h 6m,Landed
2025-06-26,MF892,CXA892,Xiamen Airlines,Xiamen,XMN,ZSAM,00:30,16:30,00:27,3min early,05:55,9min early,5h 28m,Landed
2025-06-26,CZ626,CSN626,China Southern Airlines,Guangzhou,CAN,ZGGG,00:30,16:30,00:59,29min late,05:59,9min late,5h 0m,Landed
2025-06-26,EK399,UAE399,Emirates,Dubai,DXB,OMDB,00:35,16:35,00:38,3min late,05:11,23min early,8h 33m,Landed
2025-06-26,QR961,QTR961,Qatar Airways,Doha,DOH,OTHH,00:35,16:35,00:46,11min late,04:25,29min early,8h 39m,Landed
2025-06-26,KE630,KAL630,Korean Air Lines,Seoul,ICN,RKSI,00:50,16:50,01:21,31min late,08:56,23min early,6h 35m,Landed
2025-06-26,MU5030,CES5030,China Eastern Airlines,Shanghai,PVG,ZSPD,00:55,16:55,00:56,on time,07:31,23min early,6h 35m,Landed
2025-06-26,PR538,PAL538,Philippine Airlines,Manila,MNL,RPLL,00:55,16:55,01:03,8min late,04:43,6min early,3h 40m,Landed
2025-06-26,5J282,CEB282,CEBU Pacific Air,Manila,MNL,RPLL,01:00,17:00,01:17,17min late,04:52,32min early,3h 35m,Landed
2025-06-26,SJ726,,Sriwijaya Air,Makassar,UPG,WAAA,01:00,17:00,,,,,1h 20m,
2025-06-26,QZ548,AWQ548,Indonesia AirAsia,Perth,PER,YPPH,01:05,17:05,00:44,20min early,04:13,41min early,3h 28m,Landed
2025-06-26,QZ300,AWQ300,Indonesia AirAsia,Hong Kong,HKG,VHHH,01:10,17:10,01:56,46min late,06:49,49min late,4h 53m,Landed
2025-06-26,GA870,GIA870,Garuda Indonesia,Seoul,ICN,RKSI,01:15,17:15,01:17,2min late,09:05,9min early,6h 47m,Landed
2025-06-26,GA686,GIA686,Garuda Indonesia,Sorong,SOQ,WASS,01:40,17:40,01:49,9min late,05:35,9min early,2h 45m,Landed
2025-06-26,8B5888,TNU5888,Business Air,Manado,MDC,WAMM,01:50,17:50,09:29,39min late,11:32,7min late,2h 3m,Landed
2025-06-26,JT944,LNI944,Lion Air,Makassar,UPG,WAAA,07:00,23:00,,,,,2h 11m,Diverted
2025-06-26,JT3569,LNI3569,Lion Air,Yogyakarta,YIA,WAHI,07:00,23:00,07:29,29min late,07:45,15min late,1h 16m,Landed
2025-06-26,JT929,LNI929,Lion Air,Surabaya,SUB,WARR,07:00,23:00,07:40,40min late,07:22,22min late,41m,Landed
2025-06-26,GA401,GIA401,Garuda Indonesia,Jakarta,CGK,WIII,07:00,23:00,07:19,19min late,07:58,1min early,1h 39m,Landed
2025-06-26,JT746,LNI746,Lion Air,Makassar,UPG,WAAA,07:00,23:00,07:58,58min late,09:00,40min late,1h 2m,Landed
2025-06-26,QZ550,AWQ550,Indonesia AirAsia,Kuala Lumpur,KUL,WMKK,07:00,23:00,07:12,12min late,07:12,47min early,0m,Landed
2025-06-26,QZ534,AWQ534,Indonesia AirAsia,Perth,PER,YPPH,07:05,23:05,07:26,21min late,10:58,1min early,3h 32m,Landed
2025-06-26,QG690,CTV690,Citilink,Surabaya,SUB,WARR,07:05,23:05,07:16,11min late,07:06,1min late,50m,Landed
2025-06-26,QZ502,AWQ502,Indonesia AirAsia,Singapore,SIN,WSSS,07:10,23:10,07:46,36min late,09:58,8min late,2h 11m,Landed
2025-06-26,SQ949,SIA949,Singapore Airlines,Singapore,SIN,WSSS,07:10,23:10,07:42,32min late,09:48,11min early,2h 6m,Landed
2025-06-26,QG663,CTV663,Citilink,Jakarta,CGK,WIII,07:50,23:50,08:08,18min late,08:41,3min early,1h 32m,Landed
2025-06-26,IW1854,WON1854,Wings Air,Lombok,LOP,WADL,08:00,00:00,08:32,32min late,08:58,13min late,25m,Landed
2025-06-26,IU731,SJV731,SW Italia,Jakarta,CGK,WIII,08:05,00:05,08:37,32min late,09:00,on time,1h 23m,Landed
2025-06-26,HX706,CRK706,Hong Kong Airlines,Hong Kong,HKG,VHHH,08:15,00:15,08:43,28min late,13:22,2min late,4h 38m,Landed
2025-06-26,5J280,CEB280,CEBU Pacific Air,Manila,MNL,RPLL,08:35,00:35,08:55,20min late,12:38,11min early,3h 43m,Landed
2025-06-26,IW1850,WON1850,Wings Air,Lombok,LOP,WADL,08:35,00:35,08:59,24min late,09:25,5min late,26m,Landed
2025-06-26,IU703,SJV703,SW Italia,Surabaya,SUB,WARR,08:40,00:40,08:34,5min early,08:05,34min early,31m,Landed
2025-06-26,CZ8482,CSN8482,China Southern Airlines,Guangzhou,CAN,ZGGG,08:40,00:40,08:47,7min late,13:45,4min early,4h 57m,Landed
2025-06-26,QZ504,AWQ504,Indonesia AirAsia,Singapore,SIN,WSSS,09:00,01:00,09:06,6min late,11:22,22min early,2h 16m,Landed
2025-06-26,8B80,TNU080,Business Air,Perth,PER,YPPH,09:05,01:05,09:44,39min late,13:11,16min late,3h 27m,Landed
2025-06-26,IN640,,NAM Air,Tambolaka,TMC,WADT,09:10,01:10,09:11,1min late,10:10,,1h 0m,Landed
2025-06-26,8B5105,TNU5105,Business Air,Jakarta,CGK,WIII,09:10,01:10,09:43,33min late,10:14,14min late,1h 31m,Landed
2025-06-26,IW1832,WON1832,Wings Air,Tambolaka,TMC,WADT,09:10,01:10,11:17,7min late,12:26,51min late,1h 9m,Landed
2025-06-26,IW1856,WON1856,Wings Air,Lombok,LOP,WADL,09:10,01:10,09:37,27min late,10:00,5min late,23m,Landed
2025-06-26,ID6007,BTK6007,Batik Air,Perth,PER,YPPH,09:25,01:25,09:51,26min late,13:13,1min early,3h 21m,Landed
2025-06-26,QG500,CTV500,Citilink,Dili,DIL,WPDL,09:30,01:30,09:20,10min early,12:10,9min early,1h 50m,Landed
2025-06-26,QZ803,AWQ803,Indonesia AirAsia,Jakarta,CGK,WIII,09:40,01:40,09:36,3min early,10:13,16min early,1h 37m,Landed
2025-06-26,QR965,QTR965,Qatar Airways,Doha,DOH,OTHH,09:55,01:55,10:50,55min late,14:11,8min early,8h 20m,Landed
2025-06-26,IU757,SJV757,SW Italia,Jakarta,CGK,WIII,10:00,02:00,10:33,33min late,11:03,8min late,1h 30m,Landed
2025-06-26,IW1882,WON1882,Wings Air,Sumbawa Besar,SWQ,WADS,10:00,02:00,10:13,13min late,11:00,on time,46m,Landed
2025-06-26,JT270,LNI270,Lion Air,Kupang,KOE,WATT,10:00,02:00,12:44,44min late,14:05,25min late,1h 21m,Landed
2025-06-26,SQ935,SIA935,Singapore Airlines,Singapore,SIN,WSSS,10:05,02:05,10:25,20min late,12:36,8min early,2h 10m,Landed
2025-06-26,8B5101,TNU5101,TransNusa,Jakarta,CGK,WIII,10:25,02:25,13:36,11min late,14:09,54min late,1h 33m,Landed
2025-06-26,8G182,DTL182,Mid Africa Aviation,Dili,DIL,WPDL,10:35,02:35,10:41,6min late,13:28,1min early,1h 46m,Landed
2025-06-26,AI2146,AIC2146,Air India,Delhi,DEL,VIDP,10:35,02:35,10:33,2min early,15:42,8min early,7h 39m,Landed
2025-06-26,TR281,TGW281,Scoot,Singapore,SIN,WSSS,10:50,02:50,11:28,38min late,13:42,12min late,2h 13m,Landed
2025-06-26,JT273,LNI273,Lion Air,Semarang,SRG,WIIS,10:55,02:55,11:11,16min late,11:11,8min early,1h 0m,Landed
2025-06-26,3K244,JSA244,Jetstar Asia,Singapore,SIN,WSSS,10:55,02:55,10:48,6min early,13:23,16min early,2h 35m,Landed
2025-06-26,JT927,LNI927,Lion Air,Surakarta,SOC,WAHQ,10:55,02:55,12:52,57min late,12:50,35min late,57m,Landed
2025-06-26,JT805,LNI805,Lion Air,Surabaya,SUB,WARR,11:05,03:05,12:48,43min late,12:16,11min late,28m,Landed
2025-06-26,IU741,SJV741,SW Italia,Jakarta,CGK,WIII,11:05,03:05,12:17,12min late,12:54,54min late,1h 37m,Landed
2025-06-26,JT569,LNI569,Lion Air,Yogyakarta,YIA,WAHI,11:15,03:15,14:57,42min late,15:21,36min late,1h 23m,Landed
2025-06-26,6E1606,IGO1606,IndiGo,Bangalore,BLR,VOBL,11:20,03:20,11:54,34min late,14:57,12min early,5h 32m,Landed
2025-06-26,GA427,GIA427,Garuda Indonesia,Jakarta,CGK,WIII,11:25,03:25,11:49,24min late,12:25,on time,1h 36m,Landed
2025-06-26,QZ780,AWQ780,Indonesia AirAsia,Balikpapan,BPN,WALL,11:25,03:25,11:42,17min late,13:02,2min early,1h 19m,Landed
2025-06-26,JQ111,JST111,Jetstar Airways,Perth,PER,YPPH,11:30,03:30,12:20,50min late,15:43,28min late,3h 22m,Landed
2025-06-26,JQ109,JST109,Jetstar Airways,Perth,PER,YPPH,11:40,03:40,12:35,55min late,15:52,27min late,3h 17m,Landed
2025-06-26,IN642,,NAM Air,Tambolaka,TMC,WADT,11:40,03:40,,,,,1h 0m,
2025-06-26,JQ40,JST040,Jetstar Airways,Sydney,SYD,YSSY,11:55,03:55,12:04,9min late,19:20,29min early,5h 16m,Landed
2025-06-26,OD192,MXD192,Malindo Air,Kuala Lumpur,KUL,WMKK,11:55,03:55,13:01,6min late,15:42,37min late,2h 41m,Landed
2025-06-26,JQ32,JST032,Jetstar Airways,Melbourne,MEL,YMML,11:55,03:55,12:28,33min late,19:34,4min late,5h 6m,Landed
2025-06-26,FD397,AIQ397,Thai AirAsia,Bangkok,DMK,VTBD,12:00,04:00,13:39,39min late,16:31,56min late,3h 51m,Landed
2025-06-26,GA407,GIA407,Garuda Indonesia,Jakarta,CGK,WIII,12:00,04:00,12:10,10min late,12:44,10min early,1h 33m,Landed
2025-06-26,QZ540,AWQ540,Indonesia AirAsia,Darwin,DRW,YPDN,12:05,04:05,12:18,13min late,16:11,3min early,2h 22m,Landed
2025-06-26,GA253,GIA253,Garuda Indonesia,Yogyakarta,YIA,WAHI,12:05,04:05,12:30,25min late,12:58,3min late,1h 28m,Landed
2025-06-26,SQ937,SIA937,Singapore Airlines,Singapore,SIN,WSSS,12:10,04:10,12:58,48min late,15:23,28min late,2h 25m,Landed
2025-06-26,IU705,SJV705,SW Italia,Surabaya,SUB,WARR,12:15,04:15,12:35,20min late,12:18,3min late,43m,Landed
2025-06-26,OD178,MXD178,Malindo Air,Kuala Lumpur,KUL,WMKK,12:25,04:25,13:17,52min late,15:58,23min late,2h 40m,Landed
2025-06-26,GA4012,GIA4012,Garuda Indonesia,Jakarta,CGK,WIII,12:25,04:25,13:36,11min late,14:04,39min late,1h 27m,Landed
2025-06-26,D7795,XAX795,AirAsia X,Kuala Lumpur,KUL,WMKK,12:30,04:30,12:56,26min late,15:36,8min early,2h 39m,Landed
2025-06-26,QG9693,CTV9693,Citilink,Surabaya,SUB,WARR,12:40,04:40,13:41,1min late,13:43,53min late,1h 1m,Landed
2025-06-26,IW1848,WON1848,Wings Air,Lombok,LOP,WADL,12:45,04:45,15:47,2min late,16:11,41min late,23m,Landed
2025-06-26,IP103,PAS103,Pelita Air Service,Jakarta,CGK,WIII,12:45,04:45,13:11,26min late,13:40,on time,1h 28m,Landed
2025-06-26,OD158,MXD158,Malindo Air,Kuala Lumpur,KUL,WMKK,12:45,04:45,15:28,43min late,18:15,20min late,2h 46m,Landed
2025-06-26,IN6400,,Nam Air,Tambolaka,TMC,WADT,12:50,04:50,13:31,41min late,14:02,12min late,31m,Landed
2025-06-26,ID7308,BTK7308,Batik Air,Jakarta,HLP,WIHH,12:50,04:50,15:09,19min late,15:40,5min late,1h 30m,Landed
2025-06-26,MH714,MAS714,Malaysia Airlines,Kuala Lumpur,KUL,WMKK,12:55,04:55,14:17,22min late,16:44,44min late,2h 26m,Landed
2025-06-26,SQ939,SIA939,Singapore Airlines,Singapore,SIN,WSSS,13:05,05:05,13:42,37min late,15:57,7min late,2h 14m,Landed
2025-06-26,VJ900,VJC900,VietJet Air,Hanoi,HAN,VVNB,13:10,05:10,13:33,23min late,17:28,8min late,4h 54m,Landed
2025-06-26,JQ58,JST058,Jetstar Airways,Brisbane,BNE,YBBN,13:15,05:15,13:45,30min late,20:39,5min early,4h 53m,Landed
2025-06-26,OD172,MXD172,Malindo Air,Kuala Lumpur,KUL,WMKK,13:15,05:15,15:01,46min late,17:42,17min late,2h 41m,Landed
2025-06-26,IU753,SJV753,SW Italia,Jakarta,CGK,WIII,13:15,05:15,15:14,59min late,15:46,36min late,1h 31m,Landed
2025-06-26,IW1834,WON1834,Wings Air,Tambolaka,TMC,WADT,13:20,05:20,14:02,42min late,15:13,28min late,1h 10m,Landed
2025-06-26,JT660,LNI660,Lion Air,Balikpapan,BPN,WALL,13:25,05:25,17:26,1min late,18:43,33min late,1h 17m,Landed
2025-06-26,D7799,XAX799,AirAsia X,Kuala Lumpur,KUL,WMKK,13:35,05:35,13:55,20min late,16:29,20min early,2h 33m,Landed
2025-06-26,IW1826,WON1826,Wings Air,Bima,BMU,WADB,13:40,05:40,14:46,6min late,15:49,44min late,1h 2m,Landed
2025-06-26,QZ506,AWQ506,Indonesia AirAsia,Singapore,SIN,WSSS,13:45,05:45,14:59,14min late,17:20,40min late,2h 20m,Landed
2025-06-26,GA409,GIA409,Garuda Indonesia,Jakarta,CGK,WIII,13:45,05:45,14:07,22min late,14:45,on time,1h 37m,Landed
2025-06-26,8B5107,TNU5107,TransNusa,Jakarta,CGK,WIII,13:50,05:50,19:37,47min late,20:10,30min late,1h 33m,Landed
2025-06-26,QZ544,AWQ544,Indonesia AirAsia,Perth,PER,YPPH,13:55,05:55,15:33,38min late,19:14,19min late,3h 41m,Landed
2025-06-26,IW1964,WON1964,Wings Air,Lombok,LOP,WADL,13:55,05:55,15:06,11min late,16:59,19min late,1h 52m,Landed
2025-06-26,TR289,TGW289,Scoot,Singapore,SIN,WSSS,14:00,06:00,15:16,16min late,17:37,37min late,2h 20m,Landed
2025-06-26,VJ848,VJC848,VietJet Air,Ho Chi Minh City,SGN,VVTS,14:00,06:00,14:53,53min late,17:19,29min late,3h 26m,Landed
2025-06-26,VJ894,VJC894,VietJet Air,Ho Chi Minh City,SGN,VVTS,14:05,06:05,14:56,51min late,17:29,34min late,3h 33m,Landed
2025-06-26,IU735,SJV735,SW Italia,Jakarta,CGK,WIII,14:15,06:15,21:49,34min late,22:24,14min late,1h 35m,Landed
2025-06-26,ID7637,BTK7637,Batik Air,Bangkok,DMK,VTBD,14:15,06:15,15:44,29min late,18:37,52min late,3h 53m,Landed
2025-06-26,QG699,CTV699,Citilink,Surabaya,SUB,WARR,14:20,06:20,14:58,38min late,15:24,59min late,1h 26m,Landed
2025-06-26,JT844,LNI844,Lion Air,Banjarmasin,BDJ,WAOO,14:35,06:35,19:19,44min late,20:32,32min late,1h 13m,Landed
2025-06-26,IW1884,WON1884,Wings Air,Waingapu,WGP,WADW,14:40,06:40,07:05,25min late,08:30,0min late,1h 24m,Landed
2025-06-26,JT919,LNI919,Lion Air,Surabaya,SUB,WARR,14:40,06:40,17:55,15min late,17:38,58min late,42m,Landed
2025-06-26,QG681,CTV681,Citilink,Jakarta,CGK,WIII,14:40,06:40,15:10,30min late,16:03,13min late,1h 53m,Landed
2025-06-26,AK377,AXM377,AirAsia,Kuala Lumpur,KUL,WMKK,14:45,06:45,17:52,7min late,20:29,34min late,2h 36m,Landed
2025-06-26,QZ244,AWQ244,Indonesia AirAsia,Bangkok,DMK,VTBD,14:45,06:45,16:41,56min late,19:34,24min late,3h 53m,Landed
2025-06-26,QG687,CTV687,Citilink,Jakarta,CGK,WIII,14:50,06:50,19:30,40min late,20:22,32min late,1h 52m,Landed
2025-06-26,OD307,MXD307,Malindo Air,Kuala Lumpur,KUL,WMKK,14:50,06:50,15:37,47min late,18:20,30min late,2h 43m,Landed
2025-06-26,JQ44,JST044,Jetstar Airways,Melbourne,MEL,YMML,14:55,06:55,15:49,54min late,22:56,26min late,5h 6m,Landed
2025-06-26,JT271,LNI271,Lion Air,Semarang,SRG,WIIS,15:05,07:05,22:58,53min late,23:00,50min late,1h 1m,Landed
2025-06-26,8B5103,,TransNusa,Jakarta,CGK,WIII,15:10,07:10,,,,,1h 45m,
2025-06-26,VA50,VOZ050,Virgin Australia,Brisbane,BNE,YBBN,15:15,07:15,16:06,51min late,23:27,27min late,5h 21m,Landed
2025-06-26,GA842,GIA842,Garuda Indonesia,Singapore,SIN,WSSS,15:15,07:15,16:23,8min late,18:35,35min late,2h 11m,Landed
2025-06-26,IU759,SJV759,SW Italia,Jakarta,CGK,WIII,15:15,07:15,17:42,27min late,18:10,0min late,1h 27m,Landed
2025-06-26,JT740,LNI740,Lion Air,Makassar,UPG,WAAA,15:25,07:25,21:11,46min late,22:13,28min late,1h 2m,Landed
2025-06-26,GA7036,GIA7036,Garuda Indonesia,Labuan Bajo,LBJ,WATO,15:25,07:25,16:49,24min late,17:51,16min late,1h 2m,Landed
2025-06-26,VJ898,VJC898,VietJet Air,Ho Chi Minh City,SGN,VVTS,15:30,07:30,17:11,41min late,19:31,11min late,3h 19m,Landed
2025-06-26,ID6335,BTK6335,Batik Air,Labuan Bajo,LBJ,WATO,15:35,07:35,18:02,27min late,18:52,7min late,50m,Landed
2025-06-26,CI772,CAL772,China Airlines,Taipei,TPE,RCTP,15:40,07:40,18:33,53min late,22:28,23min late,3h 54m,Landed
2025-06-26,QZ646,AWQ646,Indonesia AirAsia,Labuan Bajo,LBJ,WATO,15:45,07:45,16:45,0min late,17:42,42min late,57m,Landed
2025-06-26,IP109,PAS109,Pelita Air Service,Jakarta,CGK,WIII,15:45,07:45,16:55,10min late,17:20,45min late,1h 25m,Landed
2025-06-26,VA92,VOZ092,Virgin Australia,Melbourne,MEL,YMML,15:50,07:50,16:09,19min late,23:49,24min late,5h 40m,Landed
2025-06-26,JQ43,JST043,Jetstar Airways,Singapore,SIN,WSSS,15:50,07:50,16:29,39min late,18:40,10min late,2h 10m,Landed
2025-06-26,GA411,GIA411,Garuda Indonesia,Jakarta,CGK,WIII,15:55,07:55,16:35,40min late,17:04,4min late,1h 29m,Landed
2025-06-26,VN640,HVN640,Vietnam Airlines,Ho Chi Minh City,SGN,VVTS,16:00,08:00,16:53,53min late,19:08,28min late,3h 15m,Landed
2025-06-26,CX784,CPA784,Cathay Pacific,Hong Kong,HKG,VHHH,16:10,08:10,18:29,19min late,21:15,9min early,2h 45m,Landed
2025-06-26,IU743,SJV743,SW Italia,Jakarta,CGK,WIII,16:10,08:10,20:51,41min late,21:16,1min late,1h 25m,Landed
2025-06-26,QZ807,AWQ807,Indonesia AirAsia,Jakarta,CGK,WIII,16:10,08:10,17:35,25min late,18:07,52min late,1h 32m,Landed
2025-06-26,QG195,CTV195,Citilink,Jakarta,HLP,WIHH,16:10,08:10,17:28,18min late,17:55,55min late,1h 27m,Landed
2025-06-26,QZ536,AWQ536,Indonesia AirAsia,Perth,PER,YPPH,16:15,08:15,18:14,59min late,20:39,29min late,2h 25m,Landed
2025-06-26,QG669,CTV669,Citilink,Surabaya,SUB,WARR,16:20,08:20,19:18,58min late,19:15,45min late,57m,Landed
2025-06-26,MH850,MAS850,Malaysia Airlines,Kuala Lumpur,KUL,WMKK,16:25,08:25,17:22,57min late,20:10,35min late,2h 47m,Landed
2025-06-26,JT925,LNI925,Lion Air,Surakarta,SOC,WAHQ,16:25,08:25,16:43,18min late,16:41,3min early,57m,Landed
2025-06-26,BR256,EVA256,EVA Airways,Taipei,TPE,RCTP,16:30,08:30,17:13,43min late,22:56,56min late,5h 43m,Landed
2025-06-26,JT744,LNI744,Lion Air,Makassar,UPG,WAAA,16:40,08:40,18:11,31min late,19:09,9min late,57m,Landed
2025-06-26,GA421,GIA421,Garuda Indonesia,Jakarta,CGK,WIII,16:40,08:40,17:33,53min late,18:02,22min late,1h 28m,Landed
2025-06-26,JT567,LNI567,Lion Air,Yogyakarta,YIA,WAHI,16:50,08:50,21:48,58min late,22:01,16min late,1h 13m,Landed
2025-06-26,IU273,SJV273,SW Italia,Pontianak,PNK,WIOO,16:50,08:50,18:47,57min late,19:21,31min late,1h 33m,Landed
2025-06-26,HO1356,DKH1356,Juneyao Airlines,Shanghai,PVG,ZSPD,16:50,08:50,17:21,31min late,23:39,on time,6h 17m,Landed
2025-06-26,TG432,THA432,Thai Airways International,Bangkok,BKK,VTBS,16:55,08:55,17:18,23min late,19:52,12min early,3h 34m,Landed
2025-06-26,QZ556,AWQ556,Indonesia AirAsia,Kuala Lumpur,KUL,WMKK,16:55,08:55,19:19,24min late,21:55,45min late,2h 36m,Landed
2025-06-26,JT923,LNI923,Lion Air,Surabaya,SUB,WARR,17:05,09:05,18:39,34min late,18:21,16min late,42m,Landed
2025-06-26,GA419,GIA419,Garuda Indonesia,Jakarta,CGK,WIII,17:25,09:25,17:56,31min late,18:35,10min late,1h 39m,Landed
2025-06-26,VJ998,VJC998,VietJet Air,Hanoi,HAN,VVNB,17:30,09:30,17:56,26min late,22:06,21min late,5h 10m,Landed
2025-06-26,GA349,GIA349,Garuda Indonesia,Surabaya,SUB,WARR,17:35,09:35,18:05,30min late,17:55,10min late,49m,Landed
2025-06-26,IN281,,NAM Air,Jakarta,CGK,WIII,17:45,09:45,,,,,1h 40m,
2025-06-26,NZ291,ANZ291,Air New Zealand,Auckland,AKL,NZAA,17:50,09:50,18:06,16min late,05:11,18min early,7h 5m,Landed
2025-06-26,OD193,MXD193,Malindo Air,Perth,PER,YPPH,18:10,10:10,14:46,23min early,22:51,6min late,8h 5m,Landed
2025-06-26,SL259,TLM259,Thai Lion Air,Bangkok,DMK,VTBD,18:20,10:20,19:34,14min late,22:24,44min late,3h 49m,Landed
2025-06-26,GA4194,GIA4194,Garuda Indonesia,Jakarta,CGK,WIII,18:25,10:25,19:32,7min late,20:03,38min late,1h 31m,Landed
2025-06-26,IU737,SJV737,SW Italia,Jakarta,CGK,WIII,18:30,10:30,21:31,1min late,21:56,31min late,1h 24m,Landed
2025-06-26,IN283,LKN283,Nam Air,Jakarta,CGK,WIII,18:30,10:30,18:54,24min late,19:23,13min late,1h 28m,Landed
2025-06-26,GA417,GIA417,Garuda Indonesia,Jakarta,CGK,WIII,18:40,10:40,19:11,31min late,19:46,6min late,1h 34m,Landed
2025-06-26,EY477,ETD477,Etihad Airways,Abu Dhabi,AUH,OMAA,18:45,10:45,19:16,31min late,23:22,7min early,8h 6m,Landed
2025-06-26,8B5109,TNU5109,Business Air,Jakarta,CGK,WIII,18:45,10:45,19:05,20min late,19:32,2min late,1h 27m,Landed
2025-06-26,CX782,CPA782,Cathay Pacific,Hong Kong,HKG,VHHH,18:45,10:45,18:45,on time,23:40,24min early,4h 55m,Landed
2025-06-26,QZ809,AWQ809,Indonesia AirAsia,Jakarta,CGK,WIII,18:50,10:50,19:13,23min late,19:49,4min late,1h 36m,Landed
2025-06-26,QG689,CTV689,Citilink,Jakarta,CGK,WIII,19:00,11:00,22:10,10min late,22:56,56min late,1h 46m,Landed
2025-06-26,TG440,THA440,Thai Airways International,Bangkok,BKK,VTBS,19:00,11:00,19:25,25min late,22:20,10min late,3h 54m,Landed
2025-06-26,3K246,JSA246,Jetstar Asia,Singapore,SIN,WSSS,19:15,11:15,19:25,10min late,21:54,5min early,2h 29m,Landed
2025-06-26,AK379,AXM379,AirAsia,Kuala Lumpur,KUL,WMKK,19:15,11:15,19:54,39min late,22:31,11min late,2h 37m,Landed
2025-06-26,MH852,MAS852,Malaysia Airlines,Kuala Lumpur,KUL,WMKK,19:20,11:20,19:43,23min late,22:32,12min late,2h 48m,Landed
2025-06-26,QR963,QTR963,Qatar Airways,Doha,DOH,OTHH,19:20,11:20,19:53,33min late,23:52,12min late,8h 59m,Landed
2025-06-26,ID7310,BTK7310,Batik Air,Jakarta,HLP,WIHH,19:25,11:25,21:15,50min late,21:36,26min late,1h 21m,Landed
2025-06-26,IU755,SJV755,SW Italia,Jakarta,CGK,WIII,19:25,11:25,22:37,12min late,23:13,53min late,1h 36m,Landed
2025-06-26,TR287,TGW287,Scoot,Singapore,SIN,WSSS,19:40,11:40,20:06,26min late,22:13,2min early,2h 6m,Landed
2025-06-26,EK369,UAE369,Emirates,Dubai,DXB,OMDB,19:45,11:45,20:22,37min late,00:37,12min early,8h 15m,Landed
2025-06-26,ID6413,BTK6413,Batik Air,Surabaya,SUB,WARR,19:50,11:50,21:56,6min late,20:56,6min late,0m,Landed
2025-06-26,SQ945,SIA945,Singapore Airlines,Singapore,SIN,WSSS,20:00,12:00,20:13,13min late,22:35,5min early,2h 21m,Landed
2025-06-26,GA415,GIA415,Garuda Indonesia,Jakarta,CGK,WIII,20:00,12:00,20:23,23min late,20:59,on time,1h 36m,Landed
2025-06-26,8B969,TNU969,Business Air,Guangzhou,CAN,ZGGG,20:15,12:15,00:54,39min late,05:49,49min late,4h 55m,Landed
2025-06-26,KL836,KLM836,KLM Royal Dutch Airlines,Singapore,SIN,WSSS,20:35,12:35,20:47,12min late,22:49,20min early,2h 1m,Landed
2025-06-26,OD177,MXD177,Malindo Air,Melbourne,MEL,YMML,21:00,13:00,21:52,52min late,05:05,25min late,5h 13m,Landed
2025-06-26,GA425,GIA425,Garuda Indonesia,Jakarta,CGK,WIII,21:05,13:05,20:48,16min early,21:31,28min early,1h 42m,Landed
2025-06-26,QG342,CTV342,Citilink,Makassar,UPG,WAAA,21:10,13:10,22:33,23min late,23:38,53min late,1h 5m,Landed
2025-06-26,JQ34,JST034,Jetstar Airways,Melbourne,MEL,YMML,21:20,13:20,21:27,7min late,04:33,21min early,5h 6m,Landed
2025-06-26,TK67,THY067,Turkish Airlines,Istanbul,IST,LTFM,21:20,13:20,21:19,on time,04:38,37min early,12h 18m,Landed
2025-06-26,IP105,PAS105,Pelita Air Service,Jakarta,CGK,WIII,21:25,13:25,21:59,34min late,22:31,21min late,1h 31m,Landed
2025-06-26,AK375,AXM375,AirAsia,Kuala Lumpur,KUL,WMKK,21:25,13:25,22:57,32min late,01:37,7min late,2h 40m,Landed
2025-06-26,JQ117,JST117,Jetstar Airways,Perth,PER,YPPH,21:30,13:30,22:22,52min late,01:41,21min late,3h 19m,Landed
2025-06-26,IU745,SJV745,SW Italia,Jakarta,CGK,WIII,21:30,13:30,01:13,43min late,01:36,11min late,1h 22m,Landed
2025-06-26,ID6760,BTK6760,Batik Air,Makassar,UPG,WAAA,21:30,13:30,21:44,14min late,22:52,2min late,1h 7m,Landed
2025-06-26,QZ819,AWQ819,Indonesia AirAsia,Jakarta,CGK,WIII,21:40,13:40,22:00,20min late,22:40,10min late,1h 40m,Landed
2025-06-26,SQ947,SIA947,Singapore Airlines,Singapore,SIN,WSSS,21:45,13:45,22:19,34min late,00:27,7min late,2h 8m,Landed
2025-06-26,QZ546,AWQ546,Indonesia AirAsia,Perth,PER,YPPH,21:55,13:55,22:04,9min late,01:33,6min early,3h 28m,Landed
2025-06-26,OD157,MXD157,Malindo Air,Brisbane,BNE,YBBN,22:00,14:00,22:50,50min late,05:57,7min late,5h 6m,Landed
2025-06-26,JQ60,JST060,Jetstar Airways,Brisbane,BNE,YBBN,22:10,14:10,22:27,17min late,05:28,11min early,5h 1m,Landed
2025-06-26,QF44,QFA044,Qantas,Sydney,SYD,YSSY,22:10,14:10,22:10,on time,06:01,3min early,5h 51m,Landed
2025-06-26,OD171,MXD171,Malindo Air,Sydney,SYD,YSSY,22:15,14:15,01:21,6min late,09:01,56min late,5h 39m,Landed
2025-06-26,QG9695,CTV9695,Citilink,Surabaya,SUB,WARR,22:20,14:20,00:26,6min late,00:14,49min late,47m,Landed
2025-06-26,IN2801,LKN2801,Nam Air,Jakarta,CGK,WIII,22:25,14:25,22:42,17min late,23:20,15min late,1h 38m,Landed
2025-06-26,JQ38,JST038,Jetstar Airways,Sydney,SYD,YSSY,22:35,14:35,23:37,2min late,06:55,25min late,5h 18m,Landed
2025-06-26,7C2712,JJA2712,Jeju Air,Seoul,ICN,RKSI,22:45,14:45,02:50,5min late,07:48,38min late,3h 57m,Landed
2025-06-26,QZ811,AWQ811,Indonesia AirAsia,Jakarta,CGK,WIII,22:50,14:50,22:59,9min late,23:40,on time,1h 40m,Landed
2025-06-26,VA96,VOZ096,Virgin Australia,Melbourne,MEL,YMML,23:05,15:05,23:06,on time,06:28,11min early,5h 22m,Landed
2025-06-26,JT3020,,Lion Air,Seoul,ICN,RKSI,23:05,15:05,,,,,7h 5m,
2025-06-26,QG9697,CTV9697,Citilink,Surabaya,SUB,WARR,23:10,15:10,23:28,18min late,23:27,17min late,59m,Landed
2025-06-26,JT3925,LNI3925,Lion Air,Surakarta,SOC,WAHQ,23:17,15:17,23:17,on time,23:16,on time,59m,Landed
2025-06-26,VA82,VOZ082,Virgin Australia,Gold Coast,OOL,YBCG,23:20,15:20,00:20,0min late,07:39,44min late,5h 18m,Landed
2025-06-26,3K240,JSA240,Jetstar Asia,Singapore,SIN,WSSS,23:25,15:25,23:37,12min late,02:05,4min early,2h 27m,Landed
2025-06-26,JQ36,JST036,Jetstar Airways,Melbourne,MEL,YMML,23:30,15:30,00:30,0min late,07:37,32min late,5h 7m,Landed
2025-06-26,VA68,VOZ068,Virgin Australia,Sydney,SYD,YSSY,23:35,15:35,23:35,on time,07:26,18min early,5h 51m,Landed
2025-06-26,KE634,KAL634,Korean Air Lines,Seoul,ICN,RKSI,23:45,15:45,23:41,4min early,07:30,24min early,6h 49m,Landed
2025-06-26,JQ128,JST128,Jetstar Airways,Adelaide,ADL,YPAD,23:55,15:55,00:07,12min late,06:07,7min early,4h 29m,Landed
2025-06-27,BX602,ABL602,Air Busan,Busan,PUS,RKPK,00:05,16:05,00:25,20min late,07:48,21min early,6h 23m,Landed
2025-06-27,GA880,GIA880,Garuda Indonesia,Tokyo,NRT,RJAA,00:20,16:20,00:21,1min late,08:27,22min early,7h 6m,Landed
2025-06-27,CZ626,CSN626,China Southern Airlines,Guangzhou,CAN,ZGGG,00:30,16:30,01:50,20min late,06:49,59min late,4h 59m,Landed
2025-06-27,MF892,CXA892,Xiamen Airlines,Xiamen,XMN,ZSAM,00:30,16:30,00:16,14min early,05:57,7min early,5h 41m,Landed
2025-06-27,QR961,QTR961,Qatar Airways,Doha,DOH,OTHH,00:35,16:35,00:47,12min late,04:24,30min early,8h 36m,Landed
2025-06-27,EK399,UAE399,Emirates,Dubai,DXB,OMDB,00:35,16:35,00:53,18min late,05:16,18min early,8h 22m,Landed
2025-06-27,KE630,KAL630,Korean Air Lines,Seoul,ICN,RKSI,00:50,16:50,01:22,32min late,08:59,20min early,6h 37m,Landed
2025-06-27,PR538,PAL538,Philippine Airlines,Manila,MNL,RPLL,00:55,16:55,01:03,8min late,04:43,6min early,3h 40m,Landed
2025-06-27,MU5030,CES5030,China Eastern Airlines,Shanghai,PVG,ZSPD,00:55,16:55,00:56,on time,07:31,23min early,6h 35m,Landed
2025-06-27,QZ548,AWQ548,Indonesia AirAsia,Perth,PER,YPPH,01:05,17:05,00:44,20min early,04:13,41min early,3h 28m,Landed
2025-06-27,QZ300,AWQ300,Indonesia AirAsia,Hong Kong,HKG,VHHH,01:10,17:10,01:56,46min late,06:49,49min late,4h 53m,Landed
2025-06-27,GA870,GIA870,Garuda Indonesia,Seoul,ICN,RKSI,01:15,17:15,01:17,2min late,09:05,9min early,6h 47m,Landed
2025-06-27,8B5888,TNU5888,TransNusa,Manado,MDC,WAMM,01:50,17:50,,,,,2h 35m,
2025-06-27,GA401,GIA401,Garuda Indonesia,Jakarta,CGK,WIII,07:00,23:00,07:19,19min late,07:54,5min early,1h 35m,Landed
2025-06-27,JT746,LNI746,Lion Air,Makassar,UPG,WAAA,07:00,23:00,07:22,22min late,07:22,57min early,0m,Landed
2025-06-27,QZ550,AWQ550,Indonesia AirAsia,Kuala Lumpur,KUL,WMKK,07:00,23:00,07:02,2min late,09:43,16min early,2h 40m,Landed
2025-06-27,JT3569,LNI3569,Lion Air,Yogyakarta,YIA,WAHI,07:00,23:00,10:00,0min late,10:06,36min late,1h 5m,Landed
2025-06-27,JT856,,Lion Air,Surabaya,SUB,WARR,07:00,23:00,,,,,1h 1m,
2025-06-27,GA2534,GIA2534,Garuda Indonesia,Yogyakarta,YIA,WAHI,07:00,23:00,07:16,16min late,07:22,27min early,1h 5m,Landed
2025-06-27,JQ82,JST082,Jetstar Airways,Darwin,DRW,YPDN,07:00,23:00,07:14,14min late,11:04,10min early,2h 20m,Landed
2025-06-27,JT929,LNI929,Lion Air,Surabaya,SUB,WARR,07:00,23:00,07:20,20min late,06:55,4min early,35m,Landed
2025-06-27,JT944,,Lion Air,Makassar,UPG,WAAA,07:00,23:00,,,,,1h 20m,
2025-06-27,QG690,CTV690,Citilink,Surabaya,SUB,WARR,07:05,23:05,07:05,on time,06:38,26min early,33m,Landed
2025-06-27,SQ949,SIA949,Singapore Airlines,Singapore,SIN,WSSS,07:10,23:10,07:33,23min late,09:40,19min early,2h 6m,Landed
2025-06-27,QZ644,AWQ644,Indonesia AirAsia,Labuan Bajo,LBJ,WATO,07:10,23:10,07:31,21min late,08:24,9min late,53m,Landed
2025-06-27,QZ813,AWQ813,Indonesia AirAsia,Jakarta,CGK,WIII,07:15,23:15,07:29,14min late,07:59,10min early,1h 30m,Landed
2025-06-27,QG663,CTV663,Citilink,Jakarta,CGK,WIII,07:50,23:50,08:01,11min late,08:32,12min early,1h 30m,Landed
2025-06-27,IW1854,WON1854,Wings Air,Lombok,LOP,WADL,08:00,00:00,08:11,11min late,08:35,9min early,23m,Landed
2025-06-27,IW3330,WON3330,Wings Air,,,,08:00,00:00,07:58,1min early,10:31,8min early,2h 33m,Landed
2025-06-27,IU731,SJV731,SW Italia,Jakarta,CGK,WIII,08:05,00:05,08:44,39min late,09:08,8min late,1h 23m,Landed
2025-06-27,HX706,CRK706,Hong Kong Airlines,Hong Kong,HKG,VHHH,08:15,00:15,08:23,8min late,13:10,9min early,4h 47m,Landed
2025-06-27,IW1850,WON1850,Wings Air,Lombok,LOP,WADL,08:35,00:35,08:57,22min late,09:23,3min late,26m,Landed
2025-06-27,5J280,CEB280,CEBU Pacific Air,Manila,MNL,RPLL,08:35,00:35,08:43,8min late,12:23,26min early,3h 40m,Landed
2025-06-27,IU703,SJV703,SW Italia,Surabaya,SUB,WARR,08:40,00:40,08:26,13min early,08:19,20min early,52m,Landed
2025-06-27,CZ8482,CSN8482,China Southern Airlines,Guangzhou,CAN,ZGGG,08:40,00:40,10:42,2min late,13:51,1min late,3h 9m,Landed
2025-06-27,QZ504,AWQ504,Indonesia AirAsia,Singapore,SIN,WSSS,09:00,01:00,09:03,3min late,11:27,17min early,2h 23m,Landed
2025-06-27,8B80,TNU080,Business Air,Perth,PER,YPPH,09:05,01:05,15:58,53min late,15:58,3min late,0m,Landed
2025-06-27,8B5105,TNU5105,Business Air,Jakarta,CGK,WIII,09:10,01:10,00:04,54min late,00:31,31min late,1h 27m,Landed
2025-06-27,IN640,,Nam Air,Tambolaka,TMC,WADT,09:10,01:10,09:24,14min late,10:10,,1h 0m,Landed
2025-06-27,IW1832,WON1832,Wings Air,Tambolaka,TMC,WADT,09:10,01:10,09:26,16min late,10:32,2min early,1h 6m,Landed
2025-06-27,ID6007,BTK6007,Batik Air,Perth,PER,YPPH,09:25,01:25,09:55,30min late,13:29,14min late,3h 34m,Landed
2025-06-27,QG500,CTV500,Citilink,Dili,DIL,WPDL,09:30,01:30,09:17,13min early,12:18,1min early,2h 1m,Landed
2025-06-27,QZ803,AWQ803,Indonesia AirAsia,Jakarta,CGK,WIII,09:40,01:40,09:49,9min late,10:08,21min early,1h 19m,Landed
2025-06-27,QR965,QTR965,Qatar Airways,Doha,DOH,OTHH,09:55,01:55,10:05,10min late,13:52,27min early,8h 47m,Landed
2025-06-27,IU757,SJV757,SW Italia,Jakarta,CGK,WIII,10:00,02:00,10:24,24min late,10:55,on time,1h 31m,Landed
2025-06-27,IW1882,WON1882,Wings Air,Sumbawa Besar,SWQ,WADS,10:00,02:00,10:29,29min late,11:19,19min late,50m,Landed
2025-06-27,JT270,LNI270,Lion Air,Kupang,KOE,WATT,10:00,02:00,11:30,30min late,12:52,12min late,1h 22m,Landed
2025-06-27,SU297,AFL297,Aeroflot,Moscow,SVO,UUEE,10:05,02:05,11:11,6min late,17:58,16min early,11h 47m,Landed
2025-06-27,SQ935,SIA935,Singapore Airlines,Singapore,SIN,WSSS,10:05,02:05,10:33,28min late,12:50,5min late,2h 16m,Landed
2025-06-27,8B5101,TNU5101,Business Air,Jakarta,CGK,WIII,10:25,02:25,11:44,19min late,12:19,4min late,1h 34m,Landed
2025-06-27,QZ815,AWQ815,Indonesia AirAsia,Jakarta,CGK,WIII,10:35,02:35,11:02,27min late,11:30,on time,1h 27m,Landed
2025-06-27,AI2146,AIC2146,Air India,Delhi,DEL,VIDP,10:35,02:35,11:15,40min late,16:11,21min late,7h 25m,Landed
2025-06-27,8G182,DTL182,Mid Africa Aviation,Dili,DIL,WPDL,10:35,02:35,10:33,1min early,13:18,11min early,1h 45m,Landed
2025-06-27,TR281,TGW281,Scoot,Singapore,SIN,WSSS,10:50,02:50,11:42,52min late,14:03,33min late,2h 20m,Landed
2025-06-27,JT927,LNI927,Lion Air,Surakarta,SOC,WAHQ,10:55,02:55,11:00,5min late,10:59,15min early,58m,Landed
2025-06-27,JT273,LNI273,Lion Air,Semarang,SRG,WIIS,10:55,02:55,11:15,20min late,11:13,6min early,57m,Landed
2025-06-27,3K244,JSA244,Jetstar Asia,Singapore,SIN,WSSS,10:55,02:55,11:14,19min late,13:37,2min early,2h 22m,Landed
2025-06-27,JT805,LNI805,Lion Air,Surabaya,SUB,WARR,11:05,03:05,11:26,21min late,11:09,4min late,42m,Landed
2025-06-27,IU741,SJV741,SW Italia,Jakarta,CGK,WIII,11:05,03:05,13:07,2min late,13:25,25min late,1h 18m,Landed
2025-06-27,JQ126,JST126,Jetstar Airways,Adelaide,ADL,YPAD,11:15,03:15,12:06,51min late,18:05,35min late,4h 28m,Landed
2025-06-27,JT569,LNI569,Lion Air,Yogyakarta,YIA,WAHI,11:15,03:15,14:39,24min late,14:44,59min late,1h 5m,Landed
2025-06-27,6E1606,IGO1606,IndiGo,Bangalore,BLR,VOBL,11:20,03:20,12:19,59min late,15:49,39min late,6h 0m,Landed
2025-06-27,GA427,GIA427,Garuda Indonesia,Jakarta,CGK,WIII,11:25,03:25,11:30,5min late,12:04,20min early,1h 34m,Landed
2025-06-27,JQ109,JST109,Jetstar Airways,Perth,PER,YPPH,11:40,03:40,11:57,17min late,15:26,1min late,3h 29m,Landed
2025-06-27,JT23,LNI023,Lion Air,Jakarta,CGK,WIII,11:40,03:40,12:45,5min late,13:11,36min late,1h 26m,Landed
2025-06-27,OD192,MXD192,Malindo Air,Kuala Lumpur,KUL,WMKK,11:55,03:55,13:02,7min late,15:34,29min late,2h 32m,Landed
2025-06-27,JQ32,JST032,Jetstar Airways,Melbourne,MEL,YMML,11:55,03:55,12:02,7min late,19:10,19min early,5h 8m,Landed
2025-06-27,FD397,AIQ397,Thai AirAsia,Bangkok,DMK,VTBD,12:00,04:00,12:52,52min late,15:49,14min late,3h 57m,Landed
2025-06-27,GA407,GIA407,Garuda Indonesia,Jakarta,CGK,WIII,12:00,04:00,12:09,9min late,12:47,7min early,1h 37m,Landed
2025-06-27,GA253,GIA253,Garuda Indonesia,Yogyakarta,YIA,WAHI,12:05,04:05,12:35,30min late,12:37,17min early,1h 2m,Landed
2025-06-27,QZ618,AWQ618,Indonesia AirAsia,Banjarmasin,BDJ,WAOO,12:05,04:05,12:49,44min late,13:43,13min late,54m,Landed
2025-06-27,SQ937,SIA937,Singapore Airlines,Singapore,SIN,WSSS,12:10,04:10,12:31,21min late,14:47,7min early,2h 15m,Landed
2025-06-27,GA620,GIA620,Garuda Indonesia,Makassar,UPG,WAAA,12:10,04:10,13:18,8min late,14:27,47min late,1h 8m,Landed
2025-06-27,IU705,SJV705,SW Italia,Surabaya,SUB,WARR,12:15,04:15,15:00,45min late,14:47,32min late,46m,Landed
2025-06-27,JQ40,JST040,Jetstar Airways,Sydney,SYD,YSSY,12:20,04:20,13:08,48min late,20:20,5min late,5h 12m,Landed
2025-06-27,OD178,MXD178,Malindo Air,Kuala Lumpur,KUL,WMKK,12:25,04:25,13:11,46min late,15:43,8min late,2h 32m,Landed
2025-06-27,QG9693,CTV9693,Citilink,Surabaya,SUB,WARR,12:40,04:40,13:28,48min late,13:32,42min late,1h 3m,Landed
2025-06-27,QZ805,AWQ805,Indonesia AirAsia,Jakarta,CGK,WIII,12:40,04:40,13:37,57min late,13:59,19min late,1h 21m,Landed
2025-06-27,IW1848,WON1848,Wings Air,Lombok,LOP,WADL,12:45,04:45,13:46,1min late,14:09,39min late,23m,Landed
2025-06-27,OD158,MXD158,Malindo Air,Kuala Lumpur,KUL,WMKK,12:45,04:45,13:28,43min late,16:03,8min late,2h 35m,Landed
2025-06-27,ID7308,BTK7308,Batik Air,Jakarta,HLP,WIHH,12:50,04:50,13:38,48min late,14:05,30min late,1h 26m,Landed
2025-06-27,MH714,MAS714,Malaysia Airlines,Kuala Lumpur,KUL,WMKK,12:55,04:55,13:58,3min late,16:44,44min late,2h 46m,Landed
2025-06-27,IP103,PAS103,Pelita Air Service,Jakarta,CGK,WIII,12:55,04:55,13:23,28min late,13:46,1min late,1h 23m,Landed
2025-06-27,SQ939,SIA939,Singapore Airlines,Singapore,SIN,WSSS,13:05,05:05,13:35,30min late,15:51,1min late,2h 15m,Landed
2025-06-27,VJ900,VJC900,VietJet Air,Hanoi,HAN,VVNB,13:10,05:10,14:39,29min late,18:06,46min late,4h 26m,Landed
2025-06-27,IU753,SJV753,SW Italia,Jakarta,CGK,WIII,13:15,05:15,14:54,39min late,15:16,6min late,1h 21m,Landed
2025-06-27,JQ58,JST058,Jetstar Airways,Brisbane,BNE,YBBN,13:15,05:15,13:42,27min late,20:44,on time,5h 2m,Landed
2025-06-27,OD172,MXD172,Malindo Air,Kuala Lumpur,KUL,WMKK,13:15,05:15,18:12,57min late,21:02,37min late,2h 49m,Landed
2025-06-27,IW1834,WON1834,Wings Air,Tambolaka,TMC,WADT,13:20,05:20,13:53,33min late,14:58,13min late,1h 4m,Landed
2025-06-27,JT770,LNI770,Lion Air,Manado,MDC,WAMM,13:20,05:20,14:00,40min late,16:13,13min late,2h 12m,Landed
2025-06-27,JT660,LNI660,Lion Air,Balikpapan,BPN,WALL,13:25,05:25,15:30,5min late,16:49,39min late,1h 18m,Landed
2025-06-27,D7799,XAX799,AirAsia X,Kuala Lumpur,KUL,WMKK,13:35,05:35,13:54,19min late,16:45,4min early,2h 51m,Landed
2025-06-27,IW1826,WON1826,Wings Air,Bima,BMU,WADB,13:40,05:40,15:47,7min late,16:53,48min late,1h 6m,Landed
2025-06-27,ID7135,BTK7135,Batik Air,Singapore,SIN,WSSS,13:45,05:45,14:55,10min late,17:23,43min late,2h 27m,Landed
2025-06-27,GA409,GIA409,Garuda Indonesia,Jakarta,CGK,WIII,13:45,05:45,14:04,19min late,14:38,6min early,1h 33m,Landed
2025-06-27,8B5107,TNU5107,TransNusa,Jakarta,CGK,WIII,13:50,05:50,19:15,25min late,19:40,0min late,1h 25m,Landed
2025-06-27,QG687,CTV687,Citilink,Jakarta,CGK,WIII,13:55,05:55,14:21,26min late,14:48,6min early,1h 27m,Landed
2025-06-27,VJ848,VJC848,VietJet Air,Ho Chi Minh City,SGN,VVTS,14:00,06:00,14:31,31min late,16:50,on time,3h 19m,Landed
2025-06-27,TR289,TGW289,Scoot,Singapore,SIN,WSSS,14:00,06:00,14:14,14min late,16:45,14min early,2h 30m,Landed
2025-06-27,VJ894,VJC894,VietJet Air,Ho Chi Minh City,SGN,VVTS,14:05,06:05,15:28,23min late,17:45,50min late,3h 17m,Landed
2025-06-27,ID7637,BTK7637,Batik Air,Bangkok,DMK,VTBD,14:15,06:15,15:25,10min late,18:19,34min late,3h 54m,Landed
2025-06-27,IU735,SJV735,SW Italia,Jakarta,CGK,WIII,14:15,06:15,16:19,4min late,16:45,35min late,1h 25m,Landed
2025-06-27,QG699,CTV699,Citilink,Surabaya,SUB,WARR,14:20,06:20,15:08,48min late,15:05,40min late,57m,Landed
2025-06-27,JT844,LNI844,Lion Air,Banjarmasin,BDJ,WAOO,14:35,06:35,15:14,39min late,16:27,27min late,1h 13m,Landed
2025-06-27,JT919,LNI919,Lion Air,Surabaya,SUB,WARR,14:40,06:40,15:51,11min late,15:36,56min late,44m,Landed
2025-06-27,QG681,CTV681,Citilink,Jakarta,CGK,WIII,14:40,06:40,15:48,8min late,16:32,42min late,1h 43m,Landed
2025-06-27,IW1884,WON1884,Wings Air,Waingapu,WGP,WADW,14:40,06:40,15:40,0min late,17:03,33min late,1h 22m,Landed
2025-06-27,AK377,AXM377,AirAsia,Kuala Lumpur,KUL,WMKK,14:45,06:45,16:16,31min late,19:09,14min late,2h 52m,Landed
2025-06-27,OD307,MXD307,Malindo Air,Kuala Lumpur,KUL,WMKK,14:50,06:50,16:38,48min late,19:04,14min late,2h 26m,Landed
2025-06-27,JQ44,JST044,Jetstar Airways,Melbourne,MEL,YMML,14:55,06:55,15:34,39min late,22:44,14min late,5h 10m,Landed
2025-06-27,JT271,LNI271,Lion Air,Semarang,SRG,WIIS,15:05,07:05,17:16,11min late,17:13,43min late,57m,Landed
2025-06-27,8B5103,,Business Air,Jakarta,CGK,WIII,15:10,07:10,,,,,1h 45m,
2025-06-27,QZ244,AWQ244,Indonesia AirAsia,Bangkok,DMK,VTBD,15:10,07:10,15:47,37min late,18:33,3min late,3h 45m,Landed
2025-06-27,VA50,VOZ050,Virgin Australia,Brisbane,BNE,YBBN,15:15,07:15,15:30,15min late,23:22,22min late,5h 52m,Landed
2025-06-27,GA842,GIA842,Garuda Indonesia,Singapore,SIN,WSSS,15:15,07:15,16:14,59min late,18:46,46min late,2h 32m,Landed
2025-06-27,IU759,SJV759,SW Italia,Jakarta,CGK,WIII,15:15,07:15,20:03,48min late,20:27,17min late,1h 24m,Landed
2025-06-27,JT740,LNI740,Lion Air,Makassar,UPG,WAAA,15:25,07:25,17:00,35min late,18:03,18min late,1h 3m,Landed
2025-06-27,VJ898,VJC898,VietJet Air,Ho Chi Minh City,SGN,VVTS,15:30,07:30,17:41,11min late,19:58,38min late,3h 16m,Landed
2025-06-27,ID6335,BTK6335,Batik Air,Labuan Bajo,LBJ,WATO,15:35,07:35,16:56,21min late,17:48,3min late,51m,Landed
2025-06-27,JT961,LNI961,Lion Air,Medan,KNO,WIMM,15:40,07:40,19:20,40min late,21:18,18min late,2h 58m,Landed
2025-06-27,CI772,CAL772,China Airlines,Taipei,TPE,RCTP,15:40,07:40,16:29,49min late,21:45,40min late,5h 15m,Landed
2025-06-27,QZ646,AWQ646,Indonesia AirAsia,Labuan Bajo,LBJ,WATO,15:45,07:45,16:17,32min late,17:11,11min late,53m,Landed
2025-06-27,IP109,PAS109,Pelita Air Service,Jakarta,CGK,WIII,15:45,07:45,16:43,58min late,17:12,37min late,1h 29m,Landed
2025-06-27,VA92,VOZ092,Virgin Australia,Melbourne,MEL,YMML,15:50,07:50,16:18,28min late,00:09,44min late,5h 51m,Landed
2025-06-27,JQ43,JST043,Jetstar Airways,Singapore,SIN,WSSS,15:50,07:50,16:58,8min late,19:13,43min late,2h 14m,Landed
2025-06-27,ID8335,BTK8335,Batik Air,Labuan Bajo,LBJ,WATO,15:55,07:55,17:54,59min late,18:48,43min late,54m,Landed
2025-06-27,GA411,GIA411,Garuda Indonesia,Jakarta,CGK,WIII,15:55,07:55,17:57,2min late,17:01,1min late,3m,Landed
2025-06-27,QZ807,AWQ807,Indonesia AirAsia,Jakarta,CGK,WIII,16:10,08:10,17:21,11min late,17:45,30min late,1h 24m,Landed
2025-06-27,CX784,CPA784,Cathay Pacific,Hong Kong,HKG,VHHH,16:10,08:10,16:49,39min late,22:08,43min late,5h 19m,Landed
2025-06-27,QG195,CTV195,Citilink,Jakarta,HLP,WIHH,16:10,08:10,17:49,39min late,18:23,23min late,1h 33m,Landed
2025-06-27,IU743,SJV743,SW Italia,Jakarta,CGK,WIII,16:10,08:10,18:45,35min late,19:11,6min late,1h 26m,Landed
2025-06-27,QZ536,AWQ536,Indonesia AirAsia,Perth,PER,YPPH,16:15,08:15,17:14,59min late,20:51,41min late,3h 36m,Landed
2025-06-27,QG669,CTV669,Citilink,Surabaya,SUB,WARR,16:20,08:20,16:39,19min late,17:16,46min late,1h 37m,Landed
2025-06-27,MH850,MAS850,Malaysia Airlines,Kuala Lumpur,KUL,WMKK,16:25,08:25,17:59,34min late,20:53,18min late,2h 54m,Landed
2025-06-27,JT925,LNI925,Lion Air,Surakarta,SOC,WAHQ,16:25,08:25,19:03,38min late,19:04,19min late,1h 0m,Landed
2025-06-27,BR256,EVA256,EVA Airways,Taipei,TPE,RCTP,16:30,08:30,16:50,20min late,23:06,6min late,6h 16m,Landed
2025-06-27,JT744,LNI744,Lion Air,Makassar,UPG,WAAA,16:40,08:40,18:01,21min late,19:01,1min late,59m,Landed
2025-06-27,QZ642,AWQ642,Indonesia AirAsia,Labuan Bajo,LBJ,WATO,16:45,08:45,17:20,35min late,18:16,21min late,55m,Landed
2025-06-27,HO1356,DKH1356,Juneyao Airlines,Shanghai,PVG,ZSPD,16:50,08:50,18:13,23min late,00:19,39min late,6h 5m,Landed
2025-06-27,IU273,SJV273,SW Italia,Pontianak,PNK,WIOO,16:50,08:50,18:37,47min late,19:15,25min late,1h 38m,Landed
2025-06-27,JT567,LNI567,Lion Air,Yogyakarta,YIA,WAHI,16:50,08:50,18:23,33min late,18:30,10min late,1h 7m,Landed
2025-06-27,QZ556,AWQ556,Indonesia AirAsia,Kuala Lumpur,KUL,WMKK,16:55,08:55,17:48,53min late,20:25,15min late,2h 36m,Landed
2025-06-27,TG432,THA432,Thai Airways International,Bangkok,BKK,VTBS,16:55,08:55,17:53,58min late,20:32,27min late,3h 38m,Landed
2025-06-27,JT923,LNI923,Lion Air,Surabaya,SUB,WARR,17:05,09:05,18:30,25min late,18:13,8min late,43m,Landed
2025-06-27,GA419,GIA419,Garuda Indonesia,Jakarta,CGK,WIII,17:25,09:25,18:41,16min late,19:16,51min late,1h 35m,Landed
2025-06-27,VJ998,VJC998,VietJet Air,Hanoi,HAN,VVNB,17:30,09:30,20:02,32min late,23:30,45min late,4h 28m,Landed
2025-06-27,GA349,GIA349,Garuda Indonesia,Surabaya,SUB,WARR,17:35,09:35,18:58,23min late,18:41,56min late,42m,Landed
2025-06-27,D7793,XAX793,AirAsia X,Kuala Lumpur,KUL,WMKK,17:40,09:40,18:43,3min late,21:33,38min late,2h 50m,Landed
2025-06-27,NZ291,ANZ291,Air New Zealand,Auckland,AKL,NZAA,17:50,09:50,18:01,11min late,05:46,16min late,7h 45m,Landed
2025-06-27,OD193,MXD193,Malindo Air,Perth,PER,YPPH,18:10,10:10,19:05,55min late,22:32,47min late,3h 27m,Landed
2025-06-27,SL259,TLM259,Thai Lion Air,Bangkok,DMK,VTBD,18:20,10:20,18:58,38min late,22:07,27min late,4h 9m,Landed
2025-06-27,IN281,LKN281,Nam Air,Jakarta,CGK,WIII,18:30,10:30,19:20,50min late,19:46,36min late,1h 26m,Landed
2025-06-27,IU737,SJV737,SW Italia,Jakarta,CGK,WIII,18:30,10:30,21:55,25min late,22:19,54min late,1h 23m,Landed
2025-06-27,GA417,GIA417,Garuda Indonesia,Jakarta,CGK,WIII,18:40,10:40,19:16,36min late,19:46,6min late,1h 30m,Landed
2025-06-27,CX782,CPA782,Cathay Pacific,Hong Kong,HKG,VHHH,18:45,10:45,18:46,on time,23:39,25min early,4h 53m,Landed
2025-06-27,EY477,ETD477,Etihad Airways,Abu Dhabi,AUH,OMAA,18:45,10:45,19:17,32min late,23:32,2min late,8h 14m,Landed
2025-06-27,8B5109,TNU5109,TransNusa,Jakarta,CGK,WIII,18:45,10:45,01:10,25min late,01:33,3min late,1h 22m,Landed
2025-06-27,QZ809,AWQ809,Indonesia AirAsia,Jakarta,CGK,WIII,18:50,10:50,19:29,39min late,19:52,7min late,1h 22m,Landed
2025-06-27,TG440,THA440,Thai Airways International,Bangkok,BKK,VTBS,19:00,11:00,19:28,28min late,22:16,6min late,3h 48m,Landed
2025-06-27,3K246,JSA246,Jetstar Asia,Singapore,SIN,WSSS,19:15,11:15,19:22,7min late,21:48,11min early,2h 25m,Landed
2025-06-27,AK379,AXM379,AirAsia,Kuala Lumpur,KUL,WMKK,19:15,11:15,19:43,28min late,22:33,13min late,2h 50m,Landed
2025-06-27,QR963,QTR963,Qatar Airways,Doha,DOH,OTHH,19:20,11:20,20:06,46min late,23:57,17min late,8h 50m,Landed
2025-06-27,MH852,MAS852,Malaysia Airlines,Kuala Lumpur,KUL,WMKK,19:20,11:20,19:38,18min late,22:32,12min late,2h 53m,Landed
2025-06-27,ID7310,BTK7310,Batik Air,Jakarta,HLP,WIHH,19:25,11:25,19:36,11min late,20:01,8min early,1h 25m,Landed
2025-06-27,IU755,SJV755,SW Italia,Jakarta,CGK,WIII,19:25,11:25,00:16,51min late,00:47,27min late,1h 30m,Landed
2025-06-27,TR287,TGW287,Scoot,Singapore,SIN,WSSS,19:40,11:40,22:43,3min late,00:50,35min late,2h 7m,Landed
2025-06-27,EK369,UAE369,Emirates,Dubai,DXB,OMDB,19:45,11:45,20:01,16min late,00:24,25min early,8h 23m,Landed
2025-06-27,ID6413,BTK6413,Batik Air,Surabaya,SUB,WARR,19:50,11:50,21:05,15min late,20:48,58min late,42m,Landed
2025-06-27,ID6517,BTK6517,Batik Air,Jakarta,CGK,WIII,20:00,12:00,23:45,45min late,00:20,25min late,1h 34m,Landed
2025-06-27,SQ945,SIA945,Singapore Airlines,Singapore,SIN,WSSS,20:00,12:00,20:17,17min late,22:35,4min early,2h 18m,Landed
2025-06-27,GA415,GIA415,Garuda Indonesia,Jakarta,CGK,WIII,20:00,12:00,20:19,19min late,20:49,10min early,1h 30m,Landed
2025-06-27,QG689,CTV689,Citilink,Jakarta,CGK,WIII,20:05,12:05,20:39,34min late,21:12,7min late,1h 32m,Landed
2025-06-27,8B969,,TransNusa,Guangzhou,CAN,ZGGG,20:15,12:15,,,,,4h 45m,
2025-06-27,KL836,KLM836,KLM Royal Dutch Airlines,Singapore,SIN,WSSS,20:35,12:35,21:38,3min late,23:48,38min late,2h 9m,Landed
2025-06-27,OD177,MXD177,Malindo Air,Melbourne,MEL,YMML,21:00,13:00,23:19,19min late,06:41,1min late,5h 21m,Landed
2025-06-27,GA425,GIA425,Garuda Indonesia,Jakarta,CGK,WIII,21:05,13:05,21:07,2min late,21:53,6min early,1h 45m,Landed
2025-06-27,JQ107,JST107,Jetstar Airways,Perth,PER,YPPH,21:10,13:10,21:21,11min late,00:45,9min early,3h 24m,Landed
2025-06-27,QG342,CTV342,Citilink,Makassar,UPG,WAAA,21:10,13:10,22:48,38min late,00:00,5min late,1h 11m,Landed
2025-06-27,JQ34,JST034,Jetstar Airways,Melbourne,MEL,YMML,21:20,13:20,21:29,9min late,04:35,19min early,5h 6m,Landed
2025-06-27,TK67,THY067,Turkish Airlines,Istanbul,IST,LTFM,21:20,13:20,21:20,on time,04:13,1min early,11h 53m,Landed
2025-06-27,AK375,AXM375,AirAsia,Kuala Lumpur,KUL,WMKK,21:25,13:25,22:29,4min late,01:11,41min late,2h 42m,Landed
2025-06-27,IU745,SJV745,SW Italia,Jakarta,CGK,WIII,21:30,13:30,23:57,27min late,00:25,0min late,1h 28m,Landed
2025-06-27,JQ117,JST117,Jetstar Airways,Perth,PER,YPPH,21:30,13:30,21:51,21min late,01:21,1min late,3h 30m,Landed
2025-06-27,ID6760,BTK6760,Batik Air,Makassar,UPG,WAAA,21:30,13:30,22:00,30min late,22:55,5min late,55m,Landed
2025-06-27,IP105,PAS105,Pelita Air Service,Jakarta,CGK,WIII,21:40,13:40,21:47,7min late,22:11,18min early,1h 24m,Landed
2025-06-27,QZ819,AWQ819,Indonesia AirAsia,Jakarta,CGK,WIII,21:40,13:40,21:57,17min late,22:22,7min early,1h 25m,Landed
2025-06-27,SQ947,SIA947,Singapore Airlines,Singapore,SIN,WSSS,21:45,13:45,22:06,21min late,00:30,10min late,2h 23m,Landed
2025-06-27,QZ546,AWQ546,Indonesia AirAsia,Perth,PER,YPPH,21:55,13:55,22:19,24min late,01:51,11min late,3h 31m,Landed
2025-06-27,OD157,MXD157,Malindo Air,Brisbane,BNE,YBBN,22:00,14:00,00:12,12min late,07:19,29min late,5h 7m,Landed
2025-06-27,GA718,GIA718,Garuda Indonesia,Melbourne,MEL,YMML,22:05,14:05,22:20,15min late,05:34,4min late,5h 14m,Landed
2025-06-27,QF44,QFA044,Qantas,Sydney,SYD,YSSY,22:10,14:10,22:16,6min late,06:01,3min early,5h 45m,Landed
2025-06-27,QG9695,CTV9695,Citilink,Surabaya,SUB,WARR,22:10,14:10,23:15,5min late,22:53,38min late,37m,Landed
2025-06-27,SV857,SVA857,Saudi Arabian Airlines,Singapore,SIN,WSSS,22:15,14:15,22:57,42min late,01:04,19min late,2h 7m,Landed
2025-06-27,OD171,MXD171,Malindo Air,Sydney,SYD,YSSY,22:15,14:15,07:25,10min late,14:57,52min late,5h 31m,Landed
2025-06-27,QG9665,CTV9665,Citilink,Jakarta,CGK,WIII,22:20,14:20,23:37,17min late,00:10,50min late,1h 33m,Landed
2025-06-27,IN2801,LKN2801,Nam Air,Jakarta,CGK,WIII,22:25,14:25,22:46,21min late,23:07,2min late,1h 21m,Landed
2025-06-27,JQ38,JST038,Jetstar Airways,Sydney,SYD,YSSY,22:35,14:35,23:35,0min late,06:57,27min late,5h 22m,Landed
2025-06-27,7C2712,JJA2712,Jeju Air,Seoul,ICN,RKSI,22:45,14:45,01:18,33min late,07:52,42min late,5h 33m,Landed
2025-06-27,QZ811,AWQ811,Indonesia AirAsia,Jakarta,CGK,WIII,22:50,14:50,23:09,19min late,23:38,1min early,1h 28m,Landed
2025-06-27,QF46,QFA046,Qantas,Melbourne,MEL,YMML,23:05,15:05,23:02,3min early,06:27,12min early,5h 25m,Landed
2025-06-27,VA96,VOZ096,Virgin Australia,Melbourne,MEL,YMML,23:05,15:05,23:13,8min late,06:37,2min early,5h 24m,Landed
2025-06-27,JT3020,,Lion Air,Seoul,ICN,RKSI,23:05,15:05,,,,,7h 5m,
2025-06-27,VA82,VOZ082,Virgin Australia,Gold Coast,OOL,YBCG,23:20,15:20,23:24,4min late,06:45,9min early,5h 21m,Landed
2025-06-27,3K240,JSA240,Jetstar Asia,Singapore,SIN,WSSS,23:25,15:25,23:40,15min late,02:01,8min early,2h 20m,Landed
2025-06-27,GA714,GIA714,Garuda Indonesia,Sydney,SYD,YSSY,23:25,15:25,23:50,25min late,07:11,1min late,5h 20m,Landed
2025-06-27,JQ36,JST036,Jetstar Airways,Melbourne,MEL,YMML,23:30,15:30,00:35,5min late,08:30,25min late,5h 55m,Landed
2025-06-27,JQ91,JST091,Jetstar Airways,Cairns,CNS,YBCS,23:30,15:30,23:33,3min late,05:40,19min early,4h 7m,Landed
2025-06-27,VA68,VOZ068,Virgin Australia,Sydney,SYD,YSSY,23:35,15:35,23:32,3min early,07:19,25min early,5h 47m,Landed
2025-06-27,QZ542,AWQ542,Indonesia AirAsia,Cairns,CNS,YBCS,23:45,15:45,00:19,34min late,06:42,7min late,4h 22m,Landed
2025-06-27,QZ420,AWQ420,Indonesia AirAsia,Adelaide,ADL,YPAD,23:45,15:45,00:12,27min late,06:34,9min late,4h 51m,Landed
2025-06-27,KE634,KAL634,Korean Air Lines,Seoul,ICN,RKSI,23:45,15:45,00:35,50min late,08:15,20min late,6h 39m,Landed
2025-06-27,JQ128,JST128,Jetstar Airways,Adelaide,ADL,YPAD,23:55,15:55,00:52,57min late,06:53,43min late,4h 31m,Landed
2025-06-28,BX602,ABL602,Air Busan,Busan,PUS,RKPK,00:05,16:05,00:25,20min late,07:48,21min early,6h 23m,Landed
2025-06-28,GA880,GIA880,Garuda Indonesia,Tokyo,NRT,RJAA,00:20,16:20,00:34,14min late,08:48,1min early,7h 13m,Landed
2025-06-28,MF892,CXA892,Xiamen Airlines,Xiamen,XMN,ZSAM,00:30,16:30,03:45,15min late,06:10,5min late,2h 25m,Landed
2025-06-28,CZ626,CSN626,China Southern Airlines,Guangzhou,CAN,ZGGG,00:30,16:30,01:18,48min late,05:56,6min late,4h 38m,Landed
2025-06-28,EK399,UAE399,Emirates,Dubai,DXB,OMDB,00:35,16:35,00:55,20min late,05:29,5min early,8h 33m,Landed
2025-06-28,QR961,QTR961,Qatar Airways,Doha,DOH,OTHH,00:35,16:35,00:45,10min late,04:24,30min early,8h 39m,Landed
2025-06-28,KE630,KAL630,Korean Air Lines,Seoul,ICN,RKSI,00:50,16:50,01:05,15min late,08:46,33min early,6h 40m,Landed
2025-06-28,MU5030,CES5030,China Eastern Airlines,Shanghai,PVG,ZSPD,00:55,16:55,01:03,8min late,07:06,48min early,6h 2m,Landed
2025-06-28,PR538,PAL538,Philippine Airlines,Manila,MNL,RPLL,00:55,16:55,01:06,11min late,04:52,2min late,3h 45m,Landed
2025-06-28,QG685,,Citilink,Jakarta,CGK,WIII,00:55,16:55,,,,,2h 0m,
2025-06-28,5J282,CEB282,CEBU Pacific Air,Manila,MNL,RPLL,01:00,17:00,01:37,37min late,05:16,8min early,3h 39m,Landed
2025-06-28,SJ726,,Sriwijaya Air,Makassar,UPG,WAAA,01:00,17:00,,,,,1h 20m,
2025-06-28,QZ548,AWQ548,Indonesia AirAsia,Perth,PER,YPPH,01:05,17:05,01:57,52min late,05:32,37min late,3h 35m,Landed
2025-06-28,8B5888,TNU5888,Business Air,Manado,MDC,WAMM,01:50,17:50,12:07,17min late,04:25,,2h 35m,Landed
2025-06-28,JT3569,LNI3569,Lion Air,Yogyakarta,YIA,WAHI,07:00,23:00,07:09,9min late,07:17,12min early,1h 7m,Landed
2025-06-28,JT929,LNI929,Lion Air,Surabaya,SUB,WARR,07:00,23:00,07:17,17min late,06:59,on time,42m,Landed
2025-06-28,GA401,GIA401,Garuda Indonesia,Jakarta,CGK,WIII,07:00,23:00,07:05,5min late,07:36,23min early,1h 31m,Landed
2025-06-28,JT944,,Lion Air,Makassar,UPG,WAAA,07:00,23:00,,,,,1h 20m,
2025-06-28,JT746,LNI746,Lion Air,Makassar,UPG,WAAA,07:00,23:00,07:15,15min late,08:19,on time,1h 4m,Landed
2025-06-28,QG690,CTV690,Citilink,Surabaya,SUB,WARR,07:05,23:05,07:19,14min late,07:10,5min late,50m,Landed
2025-06-28,QZ502,AWQ502,Indonesia AirAsia,Singapore,SIN,WSSS,07:10,23:10,07:14,4min late,09:36,13min early,2h 22m,Landed
2025-06-28,SQ949,SIA949,Singapore Airlines,Singapore,SIN,WSSS,07:10,23:10,07:31,21min late,09:38,21min early,2h 7m,Landed
2025-06-28,QZ644,AWQ644,Indonesia AirAsia,Labuan Bajo,LBJ,WATO,07:10,23:10,07:22,12min late,08:13,1min early,51m,Landed
2025-06-28,QG663,CTV663,Citilink,Jakarta,CGK,WIII,07:50,23:50,08:17,27min late,08:54,9min late,1h 37m,Landed
2025-06-28,IW1854,WON1854,Wings Air,Lombok,LOP,WADL,08:00,00:00,08:10,10min late,08:33,11min early,22m,Landed
2025-06-28,IU731,SJV731,SW Italia,Jakarta,CGK,WIII,08:05,00:05,09:02,57min late,09:25,25min late,1h 23m,Landed
2025-06-28,HX706,CRK706,Hong Kong Airlines,Hong Kong,HKG,VHHH,08:15,00:15,08:11,4min early,12:58,21min early,4h 47m,Landed
2025-06-28,IW1850,WON1850,Wings Air,Lombok,LOP,WADL,08:35,00:35,09:17,42min late,09:40,20min late,23m,Landed
2025-06-28,5J280,CEB280,CEBU Pacific Air,Manila,MNL,RPLL,08:35,00:35,08:23,12min early,12:07,42min early,3h 44m,Landed
2025-06-28,CZ8482,CSN8482,China Southern Airlines,Guangzhou,CAN,ZGGG,08:40,00:40,09:07,27min late,14:05,15min late,4h 57m,Landed
2025-06-28,IU703,SJV703,SW Italia,Surabaya,SUB,WARR,08:40,00:40,09:09,29min late,08:49,9min late,40m,Landed
2025-06-28,QZ504,AWQ504,Indonesia AirAsia,Singapore,SIN,WSSS,09:00,01:00,03:31,28min early,11:28,16min early,7h 57m,Landed
2025-06-28,8B80,TNU080,Business Air,Perth,PER,YPPH,09:05,01:05,09:13,8min late,12:46,8min early,3h 33m,Landed
2025-06-28,IN640,LKN640,Nam Air,Tambolaka,TMC,WADT,09:10,01:10,09:25,15min late,10:06,3min early,41m,Landed
2025-06-28,8B5105,TNU5105,Business Air,Jakarta,CGK,WIII,09:10,01:10,23:53,16min early,10:55,55min late,12h 1m,Landed
2025-06-28,IW1856,WON1856,Wings Air,Lombok,LOP,WADL,09:10,01:10,09:22,12min late,09:48,6min early,25m,Landed
2025-06-28,IW1832,WON1832,Wings Air,Tambolaka,TMC,WADT,09:10,01:10,09:36,26min late,10:45,10min late,1h 9m,Landed
2025-06-28,ID6007,BTK6007,Batik Air,Perth,PER,YPPH,09:25,01:25,10:03,38min late,13:32,17min late,3h 29m,Landed
2025-06-28,QG500,CTV500,Citilink,Dili,DIL,WPDL,09:30,01:30,09:15,15min early,12:14,5min early,1h 59m,Landed
2025-06-28,QZ803,AWQ803,Indonesia AirAsia,Jakarta,CGK,WIII,09:40,01:40,09:35,4min early,10:06,23min early,1h 30m,Landed
2025-06-28,QR965,QTR965,Qatar Airways,Doha,DOH,OTHH,09:55,01:55,10:17,22min late,13:57,22min early,8h 40m,Landed
2025-06-28,IU757,SJV757,SW Italia,Jakarta,CGK,WIII,10:00,02:00,11:06,6min late,11:32,37min late,1h 26m,Landed
2025-06-28,IW1882,WON1882,Wings Air,Sumbawa Besar,SWQ,WADS,10:00,02:00,12:05,5min late,12:45,45min late,40m,Landed
2025-06-28,JT273,LNI273,Lion Air,Semarang,SRG,WIIS,10:00,02:00,12:58,58min late,12:55,30min late,56m,Landed
2025-06-28,SQ935,SIA935,Singapore Airlines,Singapore,SIN,WSSS,10:05,02:05,10:25,20min late,12:42,2min early,2h 16m,Landed
2025-06-28,8B5101,TNU5101,TransNusa,Jakarta,CGK,WIII,10:25,02:25,15:48,23min late,16:24,9min late,1h 35m,Landed
2025-06-28,8G182,DTL182,Mid Africa Aviation,Dili,DIL,WPDL,10:35,02:35,11:10,35min late,13:53,23min late,1h 43m,Landed
2025-06-28,AI2146,AIC2146,Air India,Delhi,DEL,VIDP,10:35,02:35,10:26,8min early,15:41,8min early,7h 44m,Landed
2025-06-28,TR281,TGW281,Scoot,Singapore,SIN,WSSS,10:50,02:50,11:01,11min late,14:12,42min late,3h 10m,Landed
2025-06-28,JT927,LNI927,Lion Air,Surakarta,SOC,WAHQ,10:55,02:55,11:14,19min late,11:12,2min early,57m,Landed
2025-06-28,3K244,JSA244,Jetstar Asia,Singapore,SIN,WSSS,10:55,02:55,10:43,11min early,14:07,27min late,3h 24m,Landed
2025-06-28,JT805,LNI805,Lion Air,Surabaya,SUB,WARR,11:05,03:05,11:34,29min late,11:17,12min late,43m,Landed
2025-06-28,JT924,LNI924,Lion Air,Kupang,KOE,WATT,11:05,03:05,11:31,26min late,13:02,17min late,1h 31m,Landed
2025-06-28,IU741,SJV741,SW Italia,Jakarta,CGK,WIII,11:05,03:05,11:46,41min late,12:07,7min late,1h 20m,Landed
2025-06-28,JT569,LNI569,Lion Air,Yogyakarta,YIA,WAHI,11:15,03:15,11:41,26min late,11:55,10min late,1h 13m,Landed
2025-06-28,6E1606,IGO1606,IndiGo,Bangalore,BLR,VOBL,11:20,03:20,12:16,56min late,15:51,41min late,6h 5m,Landed
2025-06-28,QZ780,AWQ780,Indonesia AirAsia,Balikpapan,BPN,WALL,11:25,03:25,11:38,13min late,12:59,5min early,1h 20m,Landed
2025-06-28,JQ111,JST111,Jetstar Airways,Perth,PER,YPPH,11:30,03:30,12:25,55min late,15:48,33min late,3h 22m,Landed
2025-06-28,JQ109,JST109,Jetstar Airways,Perth,PER,YPPH,11:40,03:40,11:47,7min late,15:16,8min early,3h 28m,Landed
2025-06-28,JT218,,Lion Air,Jakarta,CGK,WIII,11:40,03:40,,,,,1h 55m,
2025-06-28,IN642,,NAM Air,Tambolaka,TMC,WADT,11:40,03:40,,,,,1h 0m,
2025-06-28,JT23,LNI023,Lion Air,Jakarta,CGK,WIII,11:40,03:40,13:18,38min late,13:47,12min late,1h 29m,Landed
2025-06-28,OD192,MXD192,Malindo Air,Kuala Lumpur,KUL,WMKK,11:55,03:55,12:36,41min late,15:19,14min late,2h 43m,Landed
2025-06-28,JQ32,JST032,Jetstar Airways,Melbourne,MEL,YMML,11:55,03:55,12:13,18min late,19:29,on time,5h 15m,Landed
2025-06-28,JQ40,JST040,Jetstar Airways,Sydney,SYD,YSSY,11:55,03:55,12:10,15min late,19:39,10min early,5h 28m,Landed
2025-06-28,GA407,GIA407,Garuda Indonesia,Jakarta,CGK,WIII,12:00,04:00,12:34,34min late,13:03,8min late,1h 28m,Landed
2025-06-28,FD397,AIQ397,Thai AirAsia,Bangkok,DMK,VTBD,12:00,04:00,12:58,58min late,15:47,12min late,3h 48m,Landed
2025-06-28,GA253,GIA253,Garuda Indonesia,Yogyakarta,YIA,WAHI,12:05,04:05,12:40,35min late,12:52,2min early,1h 12m,Landed
2025-06-28,QZ540,AWQ540,Indonesia AirAsia,Darwin,DRW,YPDN,12:05,04:05,12:34,29min late,16:23,8min late,2h 19m,Landed
2025-06-28,SQ937,SIA937,Singapore Airlines,Singapore,SIN,WSSS,12:10,04:10,12:19,9min late,15:06,11min late,2h 46m,Landed
2025-06-28,OD178,MXD178,Malindo Air,Kuala Lumpur,KUL,WMKK,12:25,04:25,14:01,36min late,16:54,19min late,2h 53m,Landed
2025-06-28,D7795,XAX795,AirAsia X,Kuala Lumpur,KUL,WMKK,12:30,04:30,12:57,27min late,15:47,2min late,2h 49m,Landed
2025-06-28,QZ805,AWQ805,Indonesia AirAsia,Jakarta,CGK,WIII,12:40,04:40,12:56,16min late,13:28,11min early,1h 32m,Landed
2025-06-28,QG9693,CTV9693,Citilink,Surabaya,SUB,WARR,12:40,04:40,13:11,31min late,12:39,10min early,28m,Landed
2025-06-28,IW1848,WON1848,Wings Air,Lombok,LOP,WADL,12:45,04:45,13:23,38min late,13:48,18min late,25m,Landed
2025-06-28,OD158,MXD158,Malindo Air,Kuala Lumpur,KUL,WMKK,12:45,04:45,14:36,51min late,17:25,30min late,2h 49m,Landed
2025-06-28,IP103,PAS103,Pelita Air Service,Jakarta,CGK,WIII,12:45,04:45,13:07,22min late,13:36,3min early,1h 29m,Landed
2025-06-28,ID7308,BTK7308,Batik Air,Jakarta,HLP,WIHH,12:50,04:50,13:14,24min late,13:38,3min late,1h 24m,Landed
2025-06-28,MH714,MAS714,Malaysia Airlines,Kuala Lumpur,KUL,WMKK,12:55,04:55,13:41,46min late,16:33,33min late,2h 51m,Landed
2025-06-28,SQ939,SIA939,Singapore Airlines,Singapore,SIN,WSSS,13:05,05:05,14:29,24min late,16:43,53min late,2h 14m,Landed
2025-06-28,VJ900,VJC900,VietJet Air,Hanoi,HAN,VVNB,13:10,05:10,13:17,7min late,16:45,34min early,4h 28m,Landed
2025-06-28,VA84,VOZ084,Virgin Australia,Gold Coast,OOL,YBCG,13:10,05:10,13:49,39min late,21:11,26min late,5h 21m,Landed
2025-06-28,OD172,MXD172,Malindo Air,Kuala Lumpur,KUL,WMKK,13:15,05:15,22:34,19min late,01:12,47min late,2h 38m,Landed
2025-06-28,IU753,SJV753,SW Italia,Jakarta,CGK,WIII,13:15,05:15,13:55,40min late,14:24,14min late,1h 28m,Landed
2025-06-28,JQ58,JST058,Jetstar Airways,Brisbane,BNE,YBBN,13:15,05:15,13:37,22min late,20:41,3min early,5h 4m,Landed
2025-06-28,IW1834,WON1834,Wings Air,Tambolaka,TMC,WADT,13:20,05:20,13:47,27min late,14:56,11min late,1h 8m,Landed
2025-06-28,JT660,LNI660,Lion Air,Balikpapan,BPN,WALL,13:25,05:25,14:21,56min late,15:39,29min late,1h 17m,Landed
2025-06-28,D7799,XAX799,AirAsia X,Kuala Lumpur,KUL,WMKK,13:35,05:35,14:43,8min late,17:25,35min late,2h 41m,Landed
2025-06-28,IW1826,WON1826,Wings Air,Bima,BMU,WADB,13:40,05:40,16:14,34min late,17:11,6min late,57m,Landed
2025-06-28,QZ506,AWQ506,Indonesia AirAsia,Singapore,SIN,WSSS,13:45,05:45,14:10,25min late,14:10,29min early,0m,Landed
2025-06-28,GA409,GIA409,Garuda Indonesia,Jakarta,CGK,WIII,13:45,05:45,14:27,42min late,15:25,40min late,1h 58m,Landed
2025-06-28,8B5107,TNU5107,TransNusa,Jakarta,CGK,WIII,13:50,05:50,20:16,26min late,20:46,6min late,1h 30m,Landed
2025-06-28,QZ544,AWQ544,Indonesia AirAsia,Perth,PER,YPPH,13:55,05:55,14:50,55min late,18:19,24min late,3h 28m,Landed
2025-06-28,IW1964,WON1964,Wings Air,Lombok,LOP,WADL,13:55,05:55,15:11,16min late,15:34,54min late,23m,Landed
2025-06-28,VJ848,VJC848,VietJet Air,Ho Chi Minh City,SGN,VVTS,14:00,06:00,14:44,44min late,17:13,23min late,3h 29m,Landed
2025-06-28,TR289,TGW289,Scoot,Singapore,SIN,WSSS,14:00,06:00,15:05,5min late,17:29,29min late,2h 24m,Landed
2025-06-28,VJ894,VJC894,VietJet Air,Ho Chi Minh City,SGN,VVTS,14:05,06:05,15:07,2min late,18:13,18min late,4h 6m,Landed
2025-06-28,ID7637,BTK7637,Batik Air,Bangkok,DMK,VTBD,14:15,06:15,14:53,38min late,17:49,4min late,3h 56m,Landed
2025-06-28,IU735,SJV735,SW Italia,Jakarta,CGK,WIII,14:15,06:15,14:58,43min late,15:36,26min late,1h 38m,Landed
2025-06-28,QG699,CTV699,Citilink,Surabaya,SUB,WARR,14:20,06:20,15:27,7min late,15:11,46min late,43m,Landed
2025-06-28,JT844,LNI844,Lion Air,Banjarmasin,BDJ,WAOO,14:35,06:35,15:31,56min late,16:34,34min late,1h 2m,Landed
2025-06-28,JT919,LNI919,Lion Air,Surabaya,SUB,WARR,14:40,06:40,15:38,58min late,15:20,40min late,42m,Landed
2025-06-28,QG681,CTV681,Citilink,Jakarta,CGK,WIII,14:40,06:40,15:13,33min late,15:54,5min early,1h 40m,Landed
2025-06-28,IW1884,WON1884,Wings Air,Waingapu,WGP,WADW,14:40,06:40,15:08,28min late,16:15,14min early,1h 7m,Landed
2025-06-28,AK377,AXM377,AirAsia,Kuala Lumpur,KUL,WMKK,14:45,06:45,15:52,7min late,18:36,41min late,2h 43m,Landed
2025-06-28,QZ244,AWQ244,Indonesia AirAsia,Bangkok,DMK,VTBD,14:45,06:45,15:23,38min late,18:09,on time,3h 46m,Landed
2025-06-28,OD307,MXD307,Malindo Air,Kuala Lumpur,KUL,WMKK,14:50,06:50,16:10,20min late,18:46,56min late,2h 36m,Landed
2025-06-28,JQ44,JST044,Jetstar Airways,Melbourne,MEL,YMML,14:55,06:55,15:34,39min late,22:51,21min late,5h 16m,Landed
2025-06-28,JT271,LNI271,Lion Air,Semarang,SRG,WIIS,15:05,07:05,16:30,25min late,16:26,56min late,55m,Landed
2025-06-28,JQ43,JST043,Jetstar Airways,Singapore,SIN,WSSS,15:05,07:05,15:48,43min late,18:27,42min late,2h 38m,Landed
2025-06-28,JT3660,LNI3660,Lion Air,Balikpapan,BPN,WALL,15:10,07:10,21:27,17min late,22:48,6min early,1h 20m,Landed
2025-06-28,8B5103,,TransNusa,Jakarta,CGK,WIII,15:10,07:10,,,,,1h 45m,
2025-06-28,VA50,VOZ050,Virgin Australia,Brisbane,BNE,YBBN,15:15,07:15,15:48,33min late,23:18,18min late,5h 30m,Landed
2025-06-28,GA842,GIA842,Garuda Indonesia,Singapore,SIN,WSSS,15:15,07:15,15:55,40min late,19:22,22min late,3h 26m,Landed
2025-06-28,IU759,SJV759,SW Italia,Jakarta,CGK,WIII,15:15,07:15,17:24,9min late,17:55,45min late,1h 31m,Landed
2025-06-28,JT740,LNI740,Lion Air,Makassar,UPG,WAAA,15:25,07:25,17:22,57min late,17:22,37min late,0m,Landed
2025-06-28,VJ898,VJC898,VietJet Air,Ho Chi Minh City,SGN,VVTS,15:30,07:30,16:26,56min late,18:43,23min late,3h 17m,Landed
2025-06-28,ID6335,BTK6335,Batik Air,Labuan Bajo,LBJ,WATO,15:35,07:35,16:48,13min late,17:40,55min late,51m,Landed
2025-06-28,CI772,CAL772,China Airlines,Taipei,TPE,RCTP,15:40,07:40,16:27,47min late,21:25,20min late,4h 58m,Landed
2025-06-28,QZ646,AWQ646,Indonesia AirAsia,Labuan Bajo,LBJ,WATO,15:45,07:45,16:23,38min late,17:15,15min late,52m,Landed
2025-06-28,IP109,PAS109,Pelita Air Service,Jakarta,CGK,WIII,15:45,07:45,16:14,29min late,16:33,1min early,1h 18m,Landed
2025-06-28,VA92,VOZ092,Virgin Australia,Melbourne,MEL,YMML,15:50,07:50,15:59,9min late,23:38,13min late,5h 39m,Landed
2025-06-28,ID8335,BTK8335,Batik Air,Labuan Bajo,LBJ,WATO,15:55,07:55,19:34,39min late,20:28,23min late,53m,Landed
2025-06-28,GA411,GIA411,Garuda Indonesia,Jakarta,CGK,WIII,15:55,07:55,16:22,27min late,16:58,1min early,1h 36m,Landed
2025-06-28,VN640,HVN640,Vietnam Airlines,Ho Chi Minh City,SGN,VVTS,16:00,08:00,16:50,50min late,19:20,40min late,3h 30m,Landed
2025-06-28,JT744,LNI744,Lion Air,Makassar,UPG,WAAA,16:10,08:10,18:04,54min late,18:59,29min late,55m,Landed
2025-06-28,QG195,CTV195,Citilink,Jakarta,HLP,WIHH,16:10,08:10,16:43,33min late,17:23,8min late,1h 40m,Landed
2025-06-28,IU743,SJV743,SW Italia,Jakarta,CGK,WIII,16:10,08:10,17:45,35min late,18:10,5min late,1h 25m,Landed
2025-06-28,QZ807,AWQ807,Indonesia AirAsia,Jakarta,CGK,WIII,16:10,08:10,16:27,17min late,17:16,1min late,1h 49m,Landed
2025-06-28,CX784,CPA784,Cathay Pacific,Hong Kong,HKG,VHHH,16:10,08:10,17:37,27min late,20:38,46min early,3h 0m,Landed
2025-06-28,QZ536,AWQ536,Indonesia AirAsia,Perth,PER,YPPH,16:15,08:15,16:40,25min late,20:19,9min late,3h 38m,Landed
2025-06-28,QG669,CTV669,Citilink,Surabaya,SUB,WARR,16:20,08:20,16:32,12min late,16:16,13min early,43m,Landed
2025-06-28,JT925,LNI925,Lion Air,Surakarta,SOC,WAHQ,16:25,08:25,18:01,36min late,18:15,30min late,1h 13m,Landed
2025-06-28,MH850,MAS850,Malaysia Airlines,Kuala Lumpur,KUL,WMKK,16:25,08:25,16:54,29min late,19:35,on time,2h 41m,Landed
2025-06-28,BR256,EVA256,EVA Airways,Taipei,TPE,RCTP,16:30,08:30,16:47,17min late,21:50,9min early,5h 2m,Landed
2025-06-28,JT567,LNI567,Lion Air,Yogyakarta,YIA,WAHI,16:50,08:50,17:25,35min late,17:35,15min late,1h 9m,Landed
2025-06-28,HO1356,DKH1356,Juneyao Airlines,Shanghai,PVG,ZSPD,16:50,08:50,17:23,33min late,23:35,4min early,6h 11m,Landed
2025-06-28,IU273,SJV273,SW Italia,Pontianak,PNK,WIOO,16:50,08:50,18:21,31min late,17:50,,2h 0m,Landed
2025-06-28,TG432,THA432,Thai Airways International,Bangkok,BKK,VTBS,16:55,08:55,17:05,10min late,20:06,1min late,4h 1m,Landed
2025-06-28,QZ556,AWQ556,Indonesia AirAsia,Kuala Lumpur,KUL,WMKK,16:55,08:55,19:15,20min late,21:55,45min late,2h 39m,Landed
2025-06-28,JT923,LNI923,Lion Air,Surabaya,SUB,WARR,17:05,09:05,18:47,42min late,18:19,14min late,32m,Landed
2025-06-28,GA419,GIA419,Garuda Indonesia,Jakarta,CGK,WIII,17:25,09:25,17:50,25min late,18:19,5min early,1h 28m,Landed
2025-06-28,VJ998,VJC998,VietJet Air,Hanoi,HAN,VVNB,17:30,09:30,19:03,33min late,22:26,41min late,4h 23m,Landed
2025-06-28,GA349,GIA349,Garuda Indonesia,Surabaya,SUB,WARR,17:35,09:35,17:39,4min late,17:21,23min early,42m,Landed
2025-06-28,IN281,,Nam Air,Jakarta,CGK,WIII,17:45,09:45,,,,,1h 40m,
2025-06-28,NZ291,ANZ291,Air New Zealand,Auckland,AKL,NZAA,17:50,09:50,18:05,15min late,05:08,21min early,7h 3m,Landed
2025-06-28,OD193,MXD193,Malindo Air,Perth,PER,YPPH,18:10,10:10,18:56,46min late,22:30,45min late,3h 34m,Landed
2025-06-28,SL259,TLM259,Thai Lion Air,Bangkok,DMK,VTBD,18:20,10:20,18:55,35min late,22:01,21min late,4h 5m,Landed
2025-06-28,IN283,LKN283,Nam Air,Jakarta,CGK,WIII,18:30,10:30,18:34,4min late,19:02,7min early,1h 27m,Landed
2025-06-28,IU737,SJV737,SW Italia,Jakarta,CGK,WIII,18:30,10:30,20:14,44min late,20:40,15min late,1h 25m,Landed
2025-06-28,GA417,GIA417,Garuda Indonesia,Jakarta,CGK,WIII,18:40,10:40,19:48,8min late,20:16,36min late,1h 28m,Landed
2025-06-28,8B5109,TNU5109,Business Air,Jakarta,CGK,WIII,18:45,10:45,19:01,16min late,19:25,4min early,1h 24m,Landed
2025-06-28,CX782,CPA782,Cathay Pacific,Hong Kong,HKG,VHHH,18:45,10:45,19:24,39min late,00:03,1min early,4h 39m,Landed
2025-06-28,EY477,ETD477,Etihad Airways,Abu Dhabi,AUH,OMAA,18:45,10:45,19:11,26min late,23:28,1min early,8h 17m,Landed
2025-06-28,QZ809,AWQ809,Indonesia AirAsia,Jakarta,CGK,WIII,18:50,10:50,19:24,34min late,19:49,4min late,1h 24m,Landed
2025-06-28,TG440,THA440,Thai Airways International,Bangkok,BKK,VTBS,19:00,11:00,19:28,28min late,22:14,4min late,3h 45m,Landed
2025-06-28,AK379,AXM379,AirAsia,Kuala Lumpur,KUL,WMKK,19:15,11:15,21:05,50min late,00:01,41min late,2h 56m,Landed
2025-06-28,3K246,JSA246,Jetstar Asia,Singapore,SIN,WSSS,19:15,11:15,19:37,22min late,22:09,9min late,2h 32m,Landed
2025-06-28,QR963,QTR963,Qatar Airways,Doha,DOH,OTHH,19:20,11:20,19:45,25min late,23:27,12min early,8h 42m,Landed
2025-06-28,MH852,MAS852,Malaysia Airlines,Kuala Lumpur,KUL,WMKK,19:20,11:20,19:54,34min late,22:48,28min late,2h 53m,Landed
2025-06-28,IU755,SJV755,SW Italia,Jakarta,CGK,WIII,19:25,11:25,20:46,21min late,21:08,48min late,1h 22m,Landed
2025-06-28,ID7310,BTK7310,Batik Air,Jakarta,HLP,WIHH,19:25,11:25,20:55,30min late,21:14,4min late,1h 18m,Landed
2025-06-28,TR287,TGW287,Scoot,Singapore,SIN,WSSS,19:40,11:40,20:55,15min late,22:56,41min late,2h 1m,Landed
2025-06-28,EK369,UAE369,Emirates,Dubai,DXB,OMDB,19:45,11:45,20:11,26min late,00:25,24min early,8h 14m,Landed
2025-06-28,ID6413,BTK6413,Batik Air,Surabaya,SUB,WARR,19:50,11:50,07:32,42min late,11:59,9min late,5h 26m,Landed
2025-06-28,SQ945,SIA945,Singapore Airlines,Singapore,SIN,WSSS,20:00,12:00,20:44,44min late,22:49,9min late,2h 4m,Landed
2025-06-28,GA415,GIA415,Garuda Indonesia,Jakarta,CGK,WIII,20:00,12:00,20:21,21min late,20:51,8min early,1h 30m,Landed
2025-06-28,QG689,CTV689,Citilink,Jakarta,CGK,WIII,20:15,12:15,20:38,23min late,21:05,9min early,1h 27m,Landed
2025-06-28,8B969,TNU969,Business Air,Guangzhou,CAN,ZGGG,20:15,12:15,00:27,12min late,05:17,17min late,4h 49m,Landed
2025-06-28,KL836,KLM836,KLM Royal Dutch Airlines,Singapore,SIN,WSSS,20:35,12:35,20:56,21min late,23:04,5min early,2h 7m,Landed
2025-06-28,OD177,MXD177,Malindo Air,Melbourne,MEL,YMML,21:00,13:00,23:11,11min late,06:35,55min late,5h 24m,Landed
2025-06-28,GA425,GIA425,Garuda Indonesia,Jakarta,CGK,WIII,21:05,13:05,21:42,37min late,22:06,6min late,1h 24m,Landed
2025-06-28,QG342,CTV342,Citilink,Makassar,UPG,WAAA,21:10,13:10,21:54,44min late,23:13,18min late,1h 18m,Landed
2025-06-28,SQ943,SIA943,Singapore Airlines,Singapore,SIN,WSSS,21:15,13:15,22:11,56min late,00:22,37min late,2h 11m,Landed
2025-06-28,JT3023,LNI3023,Lion Air,Jakarta,CGK,WIII,21:16,13:16,21:04,11min early,21:45,3min late,1h 40m,Landed
2025-06-28,JQ34,JST034,Jetstar Airways,Melbourne,MEL,YMML,21:20,13:20,21:52,32min late,05:17,22min late,5h 24m,Landed
2025-06-28,TK67,THY067,Turkish Airlines,Istanbul,IST,LTFM,21:20,13:20,21:17,2min early,04:42,32min early,12h 25m,Landed
2025-06-28,AK375,AXM375,AirAsia,Kuala Lumpur,KUL,WMKK,21:25,13:25,23:05,40min late,01:47,17min late,2h 41m,Landed
2025-06-28,IU745,SJV745,SW Italia,Jakarta,CGK,WIII,21:30,13:30,00:05,35min late,00:32,7min late,1h 26m,Landed
2025-06-28,JQ117,JST117,Jetstar Airways,Perth,PER,YPPH,21:30,13:30,21:36,6min late,01:00,19min early,3h 23m,Landed
2025-06-28,ID6760,BTK6760,Batik Air,Makassar,UPG,WAAA,21:30,13:30,21:51,21min late,22:51,1min late,1h 0m,Landed
2025-06-28,QZ819,AWQ819,Indonesia AirAsia,Jakarta,CGK,WIII,21:40,13:40,22:14,34min late,22:43,13min late,1h 29m,Landed
2025-06-28,IP105,PAS105,Pelita Air Service,Jakarta,CGK,WIII,21:40,13:40,22:03,23min late,22:21,8min early,1h 18m,Landed
2025-06-28,QZ546,AWQ546,Indonesia AirAsia,Perth,PER,YPPH,21:55,13:55,22:18,23min late,01:53,13min late,3h 34m,Landed
2025-06-28,OD157,MXD157,Malindo Air,Brisbane,BNE,YBBN,22:00,14:00,00:58,58min late,08:05,15min late,5h 6m,Landed
2025-06-28,GA718,GIA718,Garuda Indonesia,Melbourne,MEL,YMML,22:05,14:05,22:35,30min late,06:00,30min late,5h 24m,Landed
2025-06-28,QF44,QFA044,Qantas,Sydney,SYD,YSSY,22:10,14:10,22:14,4min late,06:04,on time,5h 50m,Landed
2025-06-28,JQ60,JST060,Jetstar Airways,Brisbane,BNE,YBBN,22:10,14:10,22:41,31min late,05:51,11min late,5h 9m,Landed
2025-06-28,OD171,MXD171,Malindo Air,Sydney,SYD,YSSY,22:15,14:15,23:42,27min late,07:26,21min late,5h 43m,Landed
2025-06-28,QG9695,CTV9695,Citilink,Surabaya,SUB,WARR,22:20,14:20,22:35,15min late,22:26,1min late,51m,Landed
2025-06-28,IN2801,LKN2801,Nam Air,Jakarta,CGK,WIII,22:25,14:25,23:17,52min late,23:51,46min late,1h 34m,Landed
2025-06-28,JQ38,JST038,Jetstar Airways,Sydney,SYD,YSSY,22:35,14:35,22:47,12min late,06:24,5min early,5h 36m,Landed
2025-06-28,7C2712,JJA2712,Jeju Air,Seoul,ICN,RKSI,22:45,14:45,03:05,20min late,07:04,5min early,2h 58m,Landed
2025-06-28,QZ811,AWQ811,Indonesia AirAsia,Jakarta,CGK,WIII,22:50,14:50,23:53,3min late,00:22,42min late,1h 29m,Landed
2025-06-28,QF46,QFA046,Qantas,Melbourne,MEL,YMML,23:05,15:05,23:10,5min late,06:48,8min late,5h 37m,Landed
2025-06-28,JT3020,,Lion Air,Seoul,ICN,RKSI,23:05,15:05,,,,,7h 5m,
2025-06-28,IU2755,SJV2755,SW Italia,Jakarta,CGK,WIII,23:05,15:05,23:08,3min late,23:28,1min early,1h 20m,Landed
2025-06-28,QG9663,CTV9663,Citilink,Jakarta,CGK,WIII,23:20,15:20,23:58,38min late,00:24,4min late,1h 26m,Landed
2025-06-28,VA82,VOZ082,Virgin Australia,Gold Coast,OOL,YBCG,23:20,15:20,23:27,7min late,06:48,6min early,5h 20m,Landed
2025-06-28,GA714,GIA714,Garuda Indonesia,Sydney,SYD,YSSY,23:25,15:25,23:39,14min late,07:11,1min late,5h 32m,Landed
2025-06-28,3K240,JSA240,Jetstar Asia,Singapore,SIN,WSSS,23:25,15:25,00:19,54min late,02:41,31min late,2h 22m,Landed
2025-06-28,JQ36,JST036,Jetstar Airways,Melbourne,MEL,YMML,23:30,15:30,00:23,53min late,07:50,45min late,5h 26m,Landed
2025-06-28,VA68,VOZ068,Virgin Australia,Sydney,SYD,YSSY,23:35,15:35,23:56,21min late,07:42,2min early,5h 46m,Landed
2025-06-28,KE634,KAL634,Korean Air Lines,Seoul,ICN,RKSI,23:45,15:45,23:51,6min late,07:55,on time,7h 4m,Landed
2025-06-28,JQ128,JST128,Jetstar Airways,Adelaide,ADL,YPAD,23:55,15:55,23:55,on time,06:35,20min late,5h 10m,Landed
2025-06-29,BX602,ABL602,Air Busan,Busan,PUS,RKPK,00:05,16:05,00:41,36min late,08:09,on time,6h 27m,Landed
2025-06-29,GA880,GIA880,Garuda Indonesia,Tokyo,NRT,RJAA,00:20,16:20,00:39,19min late,08:52,2min late,7h 13m,Landed
2025-06-29,MF892,CXA892,Xiamen Airlines,Xiamen,XMN,ZSAM,00:30,16:30,00:26,4min early,06:09,4min late,5h 43m,Landed
2025-06-29,CZ626,CSN626,China Southern Airlines,Guangzhou,CAN,ZGGG,00:30,16:30,01:16,46min late,06:15,25min late,4h 59m,Landed
2025-06-29,QR961,QTR961,Qatar Airways,Doha,DOH,OTHH,00:35,16:35,00:59,24min late,04:30,24min early,8h 31m,Landed
2025-06-29,EK399,UAE399,Emirates,Dubai,DXB,OMDB,00:35,16:35,00:55,20min late,05:09,25min early,8h 14m,Landed
2025-06-29,KE630,KAL630,Korean Air Lines,Seoul,ICN,RKSI,00:50,16:50,00:40,10min early,08:35,44min early,6h 55m,Landed
2025-06-29,MU5030,CES5030,China Eastern Airlines,Shanghai,PVG,ZSPD,00:55,16:55,01:03,8min late,07:06,48min early,6h 2m,Landed
2025-06-29,PR538,PAL538,Philippine Airlines,Manila,MNL,RPLL,00:55,16:55,01:06,11min late,04:52,2min late,3h 45m,Landed
2025-06-29,QG685,,Citilink,Jakarta,CGK,WIII,00:55,16:55,,,,,2h 0m,
2025-06-29,QZ300,AWQ300,Indonesia AirAsia,Hong Kong,HKG,VHHH,01:10,17:10,01:05,4min early,06:11,11min late,5h 6m,Landed
2025-06-29,GA870,GIA870,Garuda Indonesia,Seoul,ICN,RKSI,01:15,17:15,01:24,9min late,09:08,6min early,6h 44m,Landed
2025-06-29,GA686,GIA686,Garuda Indonesia,Sorong,SOQ,WASS,01:40,17:40,01:55,15min late,05:44,on time,2h 48m,Landed
2025-06-29,8B5888,,Business Air,Manado,MDC,WAMM,01:50,17:50,01:45,55min late,04:25,,2h 35m,Landed
2025-06-29,GA401,GIA401,Garuda Indonesia,Jakarta,CGK,WIII,07:00,23:00,07:09,9min late,07:40,19min early,1h 31m,Landed
2025-06-29,JQ82,JST082,Jetstar Airways,Darwin,DRW,YPDN,07:00,23:00,07:26,26min late,11:15,on time,2h 18m,Landed
2025-06-29,JT856,,Lion Air,Surabaya,SUB,WARR,07:00,23:00,,,,,1h 1m,
2025-06-29,JT944,,Lion Air,Makassar,UPG,WAAA,07:00,23:00,,,,,1h 20m,
2025-06-29,JT746,LNI746,Lion Air,Makassar,UPG,WAAA,07:00,23:00,07:37,37min late,08:37,17min late,59m,Landed
2025-06-29,JT3569,LNI3569,Lion Air,Yogyakarta,YIA,WAHI,07:00,23:00,07:17,17min late,06:17,12min early,0m,Landed
2025-06-29,JT929,LNI929,Lion Air,Surabaya,SUB,WARR,07:00,23:00,10:05,5min late,07:15,15min late,,Landed
2025-06-29,QZ534,AWQ534,Indonesia AirAsia,Perth,PER,YPPH,07:05,23:05,07:24,19min late,07:25,34min early,0m,Landed
2025-06-29,QG690,CTV690,Citilink,Surabaya,SUB,WARR,07:05,23:05,07:19,14min late,07:04,on time,44m,Landed
2025-06-29,SQ949,SIA949,Singapore Airlines,Singapore,SIN,WSSS,07:10,23:10,07:29,19min late,09:38,22min early,2h 9m,Landed
2025-06-29,QZ644,AWQ644,Indonesia AirAsia,Labuan Bajo,LBJ,WATO,07:10,23:10,07:28,18min late,08:18,3min late,50m,Landed
2025-06-29,QZ502,AWQ502,Indonesia AirAsia,Singapore,SIN,WSSS,07:10,23:10,07:04,5min early,09:24,25min early,2h 19m,Landed
2025-06-29,QZ813,AWQ813,Indonesia AirAsia,Jakarta,CGK,WIII,07:15,23:15,07:13,1min early,07:44,25min early,1h 30m,Landed
2025-06-29,QG663,CTV663,Citilink,Jakarta,CGK,WIII,07:50,23:50,08:13,23min late,08:43,1min early,1h 29m,Landed
2025-06-29,IU703,SJV703,SW Italia,Surabaya,SUB,WARR,08:00,00:00,08:17,17min late,08:02,2min late,45m,Landed
2025-06-29,IW1854,WON1854,Wings Air,Lombok,LOP,WADL,08:00,00:00,08:45,45min late,09:19,34min late,34m,Landed
2025-06-29,IU731,SJV731,SW Italia,Jakarta,CGK,WIII,08:05,00:05,08:45,40min late,09:06,6min late,1h 21m,Landed
2025-06-29,HX706,CRK706,Hong Kong Airlines,Hong Kong,HKG,VHHH,08:15,00:15,08:18,3min late,12:58,21min early,4h 40m,Landed
2025-06-29,5J280,CEB280,CEBU Pacific Air,Manila,MNL,RPLL,08:35,00:35,09:11,36min late,13:24,34min late,4h 13m,Landed
2025-06-29,IW1850,WON1850,Wings Air,Lombok,LOP,WADL,08:35,00:35,08:37,2min late,09:10,9min early,33m,Landed
2025-06-29,CZ8482,CSN8482,China Southern Airlines,Guangzhou,CAN,ZGGG,08:40,00:40,08:43,3min late,13:19,30min early,4h 36m,Landed
2025-06-29,QZ504,AWQ504,Indonesia AirAsia,Singapore,SIN,WSSS,09:00,01:00,09:06,6min late,11:22,22min early,2h 16m,Landed
2025-06-29,8B80,TNU080,Business Air,Perth,PER,YPPH,09:05,01:05,12:51,46min late,16:12,17min late,3h 20m,Landed
2025-06-29,IW1832,WON1832,Wings Air,Tambolaka,TMC,WADT,09:10,01:10,09:26,16min late,10:35,on time,1h 9m,Landed
2025-06-29,IN640,LKN640,Nam Air,Tambolaka,TMC,WADT,09:10,01:10,09:34,24min late,10:18,8min late,44m,Landed
2025-06-29,IW1856,WON1856,Wings Air,Lombok,LOP,WADL,09:10,01:10,09:18,8min late,09:46,8min early,28m,Landed
2025-06-29,8B5105,TNU5105,Business Air,Jakarta,CGK,WIII,09:10,01:10,10:17,7min late,11:01,1min late,1h 44m,Landed
2025-06-29,ID6007,BTK6007,Batik Air,Perth,PER,YPPH,09:25,01:25,07:32,52min early,12:59,15min early,5h 26m,Landed
2025-06-29,QG500,CTV500,Citilink,Dili,DIL,WPDL,09:30,01:30,09:15,15min early,12:05,14min early,1h 50m,Landed
2025-06-29,QZ803,AWQ803,Indonesia AirAsia,Jakarta,CGK,WIII,09:40,01:40,09:47,7min late,10:13,16min early,1h 26m,Landed
2025-06-29,QR965,QTR965,Qatar Airways,Doha,DOH,OTHH,09:55,01:55,10:31,36min late,14:23,3min late,8h 52m,Landed
2025-06-29,IU757,SJV757,SW Italia,Jakarta,CGK,WIII,10:00,02:00,10:33,33min late,11:14,19min late,1h 40m,Landed
2025-06-29,IW1882,WON1882,Wings Air,Sumbawa Besar,SWQ,WADS,10:00,02:00,10:08,8min late,10:53,6min early,44m,Landed
2025-06-29,JT270,LNI270,Lion Air,Kupang,KOE,WATT,10:00,02:00,10:17,17min late,11:39,on time,1h 21m,Landed
2025-06-29,SU297,AFL297,Aeroflot,Moscow,SVO,UUEE,10:05,02:05,10:32,27min late,05:32,42min early,0m,Landed
2025-06-29,SQ935,SIA935,Singapore Airlines,Singapore,SIN,WSSS,10:05,02:05,10:14,9min late,12:33,11min early,2h 18m,Landed
2025-06-29,8B5101,TNU5101,Business Air,Jakarta,CGK,WIII,10:25,02:25,15:33,8min late,16:01,46min late,1h 28m,Landed
2025-06-29,AI2146,AIC2146,Air India,Delhi,DEL,VIDP,10:35,02:35,11:07,32min late,15:50,on time,7h 12m,Landed
2025-06-29,IP1016,PAS1016,Pelita Air Service,Jakarta,CGK,WIII,10:35,02:35,10:59,24min late,11:21,3min early,1h 22m,Landed
2025-06-29,QZ815,AWQ815,Indonesia AirAsia,Jakarta,CGK,WIII,10:35,02:35,10:59,24min late,11:27,2min early,1h 28m,Landed
2025-06-29,TR281,TGW281,Scoot,Singapore,SIN,WSSS,10:50,02:50,11:51,1min late,14:00,30min late,2h 8m,Landed
2025-06-29,3K244,JSA244,Jetstar Asia,Singapore,SIN,WSSS,10:55,02:55,11:14,19min late,13:28,11min early,2h 13m,Landed
2025-06-29,JT927,LNI927,Lion Air,Surakarta,SOC,WAHQ,10:55,02:55,11:29,34min late,11:30,15min late,1h 0m,Landed
2025-06-29,IU741,SJV741,SW Italia,Jakarta,CGK,WIII,11:05,03:05,12:28,23min late,12:51,51min late,1h 23m,Landed
2025-06-29,JT805,LNI805,Lion Air,Surabaya,SUB,WARR,11:05,03:05,11:26,21min late,11:13,8min late,47m,Landed
2025-06-29,JT924,LNI924,Lion Air,Kupang,KOE,WATT,11:05,03:05,11:30,25min late,13:14,29min late,1h 43m,Landed
2025-06-29,JT569,LNI569,Lion Air,Yogyakarta,YIA,WAHI,11:15,03:15,11:43,28min late,11:46,1min late,1h 3m,Landed
2025-06-29,JQ126,JST126,Jetstar Airways,Adelaide,ADL,YPAD,11:15,03:15,11:33,18min late,17:47,17min late,4h 43m,Landed
2025-06-29,6E1606,IGO1606,IndiGo,Bangalore,BLR,VOBL,11:20,03:20,11:22,2min late,14:39,30min early,5h 47m,Landed
2025-06-29,GA427,GIA427,Garuda Indonesia,Jakarta,CGK,WIII,11:25,03:25,11:32,7min late,12:19,5min early,1h 46m,Landed
2025-06-29,JQ109,JST109,Jetstar Airways,Perth,PER,YPPH,11:40,03:40,11:54,14min late,15:10,14min early,3h 16m,Landed
2025-06-29,JT23,LNI023,Lion Air,Jakarta,CGK,WIII,11:40,03:40,12:10,30min late,12:41,6min late,1h 30m,Landed
2025-06-29,JT218,,Lion Air,Jakarta,CGK,WIII,11:40,03:40,,,,,1h 55m,
2025-06-29,OD192,MXD192,Malindo Air,Kuala Lumpur,KUL,WMKK,11:55,03:55,12:11,16min late,14:47,17min early,2h 36m,Landed
2025-06-29,JQ32,JST032,Jetstar Airways,Melbourne,MEL,YMML,11:55,03:55,12:18,23min late,19:50,20min late,5h 32m,Landed
2025-06-29,JQ40,JST040,Jetstar Airways,Sydney,SYD,YSSY,11:55,03:55,13:05,10min late,20:45,55min late,5h 40m,Landed
2025-06-29,GA407,GIA407,Garuda Indonesia,Jakarta,CGK,WIII,12:00,04:00,12:09,9min late,12:45,9min early,1h 35m,Landed
2025-06-29,FD397,AIQ397,Thai AirAsia,Bangkok,DMK,VTBD,12:00,04:00,14:31,31min late,17:29,54min late,3h 57m,Landed
2025-06-29,QZ618,AWQ618,Indonesia AirAsia,Banjarmasin,BDJ,WAOO,12:05,04:05,12:15,10min late,13:20,9min early,1h 5m,Landed
2025-06-29,GA253,GIA253,Garuda Indonesia,Yogyakarta,YIA,WAHI,12:05,04:05,12:24,19min late,12:24,30min early,1h 0m,Landed
2025-06-29,SQ937,SIA937,Singapore Airlines,Singapore,SIN,WSSS,12:10,04:10,12:34,24min late,14:38,17min early,2h 3m,Landed
2025-06-29,GA620,GIA620,Garuda Indonesia,Makassar,UPG,WAAA,12:10,04:10,13:01,51min late,14:09,29min late,1h 8m,Landed
2025-06-29,IU705,SJV705,SW Italia,Surabaya,SUB,WARR,12:15,04:15,17:14,59min late,16:56,6min late,42m,Landed
2025-06-29,OD178,MXD178,Malindo Air,Kuala Lumpur,KUL,WMKK,12:25,04:25,13:35,10min late,16:19,44min late,2h 44m,Landed
2025-06-29,D7795,XAX795,AirAsia X,Kuala Lumpur,KUL,WMKK,12:30,04:30,12:51,21min late,15:24,20min early,2h 33m,Landed
2025-06-29,QZ805,AWQ805,Indonesia AirAsia,Jakarta,CGK,WIII,12:40,04:40,12:48,8min late,13:22,17min early,1h 33m,Landed
2025-06-29,QG9693,CTV9693,Citilink,Surabaya,SUB,WARR,12:40,04:40,12:31,8min early,12:24,25min early,53m,Landed
2025-06-29,OD158,MXD158,Malindo Air,Kuala Lumpur,KUL,WMKK,12:45,04:45,15:06,21min late,17:45,50min late,2h 38m,Landed
2025-06-29,IP103,PAS103,Pelita Air Service,Jakarta,CGK,WIII,12:45,04:45,20:53,8min late,21:30,50min late,1h 37m,Landed
2025-06-29,IW1848,WON1848,Wings Air,Lombok,LOP,WADL,12:45,04:45,13:08,23min late,13:29,on time,21m,Landed
2025-06-29,ID7308,BTK7308,Batik Air,Jakarta,HLP,WIHH,12:50,04:50,13:28,38min late,13:48,13min late,1h 19m,Landed
2025-06-29,MH714,MAS714,Malaysia Airlines,Kuala Lumpur,KUL,WMKK,12:55,04:55,13:42,47min late,16:36,36min late,2h 54m,Landed
2025-06-29,SQ939,SIA939,Singapore Airlines,Singapore,SIN,WSSS,13:05,05:05,13:08,3min late,15:38,11min early,2h 29m,Landed
2025-06-29,VJ900,VJC900,VietJet Air,Hanoi,HAN,VVNB,13:10,05:10,13:22,12min late,16:54,25min early,4h 31m,Landed
2025-06-29,JQ58,JST058,Jetstar Airways,Brisbane,BNE,YBBN,13:15,05:15,13:27,12min late,20:44,on time,5h 17m,Landed
2025-06-29,IU753,SJV753,SW Italia,Jakarta,CGK,WIII,13:15,05:15,14:38,23min late,15:13,3min late,1h 34m,Landed
2025-06-29,OD172,MXD172,Malindo Air,Kuala Lumpur,KUL,WMKK,13:15,05:15,14:19,4min late,16:56,31min late,2h 37m,Landed
2025-06-29,IW1834,WON1834,Wings Air,Tambolaka,TMC,WADT,13:20,05:20,14:09,49min late,15:18,33min late,1h 8m,Landed
2025-06-29,JT660,LNI660,Lion Air,Balikpapan,BPN,WALL,13:25,05:25,13:41,16min late,14:59,10min early,1h 18m,Landed
2025-06-29,8G182,DTL182,Mid Africa Aviation,Dili,DIL,WPDL,13:25,05:25,13:36,11min late,16:25,5min late,1h 48m,Landed
2025-06-29,D7799,XAX799,AirAsia X,Kuala Lumpur,KUL,WMKK,13:35,05:35,13:53,18min late,16:30,19min early,2h 37m,Landed
2025-06-29,IW1826,WON1826,Wings Air,Bima,BMU,WADB,13:40,05:40,14:41,1min late,15:45,40min late,1h 4m,Landed
2025-06-29,GA409,GIA409,Garuda Indonesia,Jakarta,CGK,WIII,13:45,05:45,14:46,1min late,15:14,29min late,1h 28m,Landed
2025-06-29,QZ506,AWQ506,Indonesia AirAsia,Singapore,SIN,WSSS,13:45,05:45,13:54,9min late,16:15,24min early,2h 20m,Landed
2025-06-29,ID7135,BTK7135,Batik Air,Singapore,SIN,WSSS,13:45,05:45,14:27,42min late,16:50,10min late,2h 22m,Landed
2025-06-29,IU759,SJV759,SW Italia,Jakarta,CGK,WIII,13:50,05:50,15:25,35min late,15:55,10min late,1h 29m,Landed
2025-06-29,VJ848,VJC848,VietJet Air,Ho Chi Minh City,SGN,VVTS,14:00,06:00,15:10,10min late,17:29,39min late,3h 18m,Landed
2025-06-29,TR289,TGW289,Scoot,Singapore,SIN,WSSS,14:00,06:00,14:03,3min late,16:29,31min early,2h 25m,Landed
2025-06-29,VJ894,VJC894,VietJet Air,Ho Chi Minh City,SGN,VVTS,14:05,06:05,14:35,30min late,16:53,1min early,3h 18m,Landed
2025-06-29,ID7637,BTK7637,Batik Air,Bangkok,DMK,VTBD,14:15,06:15,16:31,16min late,19:15,30min late,3h 44m,Landed
2025-06-29,QG699,CTV699,Citilink,Surabaya,SUB,WARR,14:20,06:20,15:08,48min late,15:00,35min late,52m,Landed
2025-06-29,JT844,LNI844,Lion Air,Banjarmasin,BDJ,WAOO,14:35,06:35,16:19,44min late,17:28,28min late,1h 9m,Landed
2025-06-29,JT919,LNI919,Lion Air,Surabaya,SUB,WARR,14:40,06:40,15:23,43min late,15:04,24min late,41m,Landed
2025-06-29,QG681,CTV681,Citilink,Jakarta,CGK,WIII,14:40,06:40,15:02,22min late,15:41,8min early,1h 38m,Landed
2025-06-29,IW1884,WON1884,Wings Air,Waingapu,WGP,WADW,14:40,06:40,14:50,10min late,16:15,14min early,1h 25m,Landed
2025-06-29,AK377,AXM377,AirAsia,Kuala Lumpur,KUL,WMKK,14:45,06:45,15:41,56min late,18:17,22min late,2h 36m,Landed
2025-06-29,OD307,MXD307,Malindo Air,Kuala Lumpur,KUL,WMKK,14:50,06:50,15:03,13min late,17:35,14min early,2h 32m,Landed
2025-06-29,JQ44,JST044,Jetstar Airways,Melbourne,MEL,YMML,14:55,06:55,15:42,47min late,23:03,33min late,5h 21m,Landed
2025-06-29,JT271,LNI271,Lion Air,Semarang,SRG,WIIS,15:05,07:05,16:30,25min late,16:32,2min late,1h 1m,Landed
2025-06-29,8B5103,,Business Air,Jakarta,CGK,WIII,15:10,07:10,,,,,1h 45m,
2025-06-29,VA50,VOZ050,Virgin Australia,Brisbane,BNE,YBBN,15:15,07:15,15:52,37min late,23:32,32min late,5h 40m,Landed
2025-06-29,GA842,GIA842,Garuda Indonesia,Singapore,SIN,WSSS,15:15,07:15,15:34,19min late,18:06,6min late,2h 31m,Landed
2025-06-29,JT740,LNI740,Lion Air,Makassar,UPG,WAAA,15:25,07:25,16:04,39min late,17:14,29min late,1h 10m,Landed
2025-06-29,GA7036,GIA7036,Garuda Indonesia,Labuan Bajo,LBJ,WATO,15:25,07:25,16:32,7min late,17:25,50min late,52m,Landed
2025-06-29,JT567,LNI567,Lion Air,Yogyakarta,YIA,WAHI,15:30,07:30,16:54,24min late,16:54,54min late,59m,Landed
2025-06-29,VJ898,VJC898,VietJet Air,Ho Chi Minh City,SGN,VVTS,15:30,07:30,16:00,30min late,18:15,4min early,3h 15m,Landed
2025-06-29,ID6335,BTK6335,Batik Air,Labuan Bajo,LBJ,WATO,15:35,07:35,16:41,6min late,17:32,47min late,51m,Landed
2025-06-29,CI772,CAL772,China Airlines,Taipei,TPE,RCTP,15:40,07:40,15:57,17min late,21:12,7min late,5h 15m,Landed
2025-06-29,QZ646,AWQ646,Indonesia AirAsia,Labuan Bajo,LBJ,WATO,15:45,07:45,16:08,23min late,17:02,2min late,54m,Landed
2025-06-29,IP109,PAS109,Pelita Air Service,Jakarta,CGK,WIII,15:45,07:45,15:56,11min late,16:25,9min early,1h 29m,Landed
2025-06-29,VA92,VOZ092,Virgin Australia,Melbourne,MEL,YMML,15:50,07:50,16:59,9min late,00:40,15min late,5h 40m,Landed
2025-06-29,JQ43,JST043,Jetstar Airways,Singapore,SIN,WSSS,15:50,07:50,16:21,31min late,18:37,7min late,2h 16m,Landed
2025-06-29,GA411,GIA411,Garuda Indonesia,Jakarta,CGK,WIII,15:55,07:55,17:43,48min late,18:13,13min late,1h 30m,Landed
2025-06-29,ID8335,BTK8335,Batik Air,Labuan Bajo,LBJ,WATO,15:55,07:55,17:29,34min late,18:26,21min late,57m,Landed
2025-06-29,VN640,HVN640,Vietnam Airlines,Ho Chi Minh City,SGN,VVTS,16:00,08:00,16:46,46min late,19:04,24min late,3h 18m,Landed
2025-06-29,QZ807,AWQ807,Indonesia AirAsia,Jakarta,CGK,WIII,16:10,08:10,17:23,13min late,17:53,38min late,1h 30m,Landed
2025-06-29,IU743,SJV743,SW Italia,Jakarta,CGK,WIII,16:10,08:10,18:09,59min late,18:24,19min late,1h 15m,Landed
2025-06-29,CX784,CPA784,Cathay Pacific,Hong Kong,HKG,VHHH,16:10,08:10,17:56,46min late,20:53,31min early,2h 57m,Landed
2025-06-29,QG195,CTV195,Citilink,Jakarta,HLP,WIHH,16:10,08:10,16:46,36min late,17:39,39min late,1h 52m,Landed
2025-06-29,QZ536,AWQ536,Indonesia AirAsia,Perth,PER,YPPH,16:15,08:15,16:41,26min late,19:57,12min early,3h 16m,Landed
2025-06-29,QG669,CTV669,Citilink,Surabaya,SUB,WARR,16:20,08:20,17:22,2min late,17:05,35min late,43m,Landed
2025-06-29,JT925,LNI925,Lion Air,Surakarta,SOC,WAHQ,16:25,08:25,17:52,27min late,17:48,3min late,56m,Landed
2025-06-29,MH850,MAS850,Malaysia Airlines,Kuala Lumpur,KUL,WMKK,16:25,08:25,16:52,27min late,19:36,1min late,2h 44m,Landed
2025-06-29,BR256,EVA256,EVA Airways,Taipei,TPE,RCTP,16:30,08:30,16:37,7min late,22:09,9min late,5h 32m,Landed
2025-06-29,JT21,LNI021,Lion Air,Jakarta,CGK,WIII,16:45,08:45,17:44,59min late,18:18,38min late,1h 34m,Landed
2025-06-29,QZ642,AWQ642,Indonesia AirAsia,Labuan Bajo,LBJ,WATO,16:45,08:45,17:02,17min late,18:00,on time,58m,Landed
2025-06-29,IU273,SJV273,SW Italia,Pontianak,PNK,WIOO,16:50,08:50,19:13,23min late,19:44,54min late,1h 30m,Landed
2025-06-29,HO1356,DKH1356,Juneyao Airlines,Shanghai,PVG,ZSPD,16:50,08:50,17:52,2min late,23:51,11min late,5h 58m,Landed
2025-06-29,TG432,THA432,Thai Airways International,Bangkok,BKK,VTBS,16:55,08:55,17:24,29min late,20:03,1min early,3h 38m,Landed
2025-06-29,QZ556,AWQ556,Indonesia AirAsia,Kuala Lumpur,KUL,WMKK,16:55,08:55,17:41,46min late,20:21,11min late,2h 40m,Landed
2025-06-29,JT923,LNI923,Lion Air,Surabaya,SUB,WARR,17:05,09:05,18:33,28min late,18:17,12min late,44m,Landed
2025-06-29,GA419,GIA419,Garuda Indonesia,Jakarta,CGK,WIII,17:25,09:25,18:07,42min late,18:29,4min late,1h 21m,Landed
2025-06-29,VJ998,VJC998,VietJet Air,Hanoi,HAN,VVNB,17:30,09:30,19:34,4min late,23:14,29min late,4h 39m,Landed
2025-06-29,GA349,GIA349,Garuda Indonesia,Surabaya,SUB,WARR,17:35,09:35,17:56,21min late,17:39,5min early,42m,Landed
2025-06-29,D7793,XAX793,AirAsia X,Kuala Lumpur,KUL,WMKK,17:40,09:40,17:47,7min late,20:35,19min early,2h 48m,Landed
2025-06-29,NZ291,ANZ291,Air New Zealand,Auckland,AKL,NZAA,17:50,09:50,18:02,12min late,05:30,on time,7h 28m,Landed
2025-06-29,JT961,LNI961,Lion Air,Medan,KNO,WIMM,17:55,09:55,19:58,3min late,22:00,30min late,3h 2m,Landed
2025-06-29,IU723,SJV723,SW Italia,Surabaya,SUB,WARR,18:05,10:05,21:01,56min late,20:39,34min late,37m,Landed
2025-06-29,OD193,MXD193,Malindo Air,Perth,PER,YPPH,18:10,10:10,21:53,43min late,01:06,21min late,3h 13m,Landed
2025-06-29,JT744,LNI744,Lion Air,Makassar,UPG,WAAA,18:15,10:15,19:40,25min late,20:43,8min late,1h 3m,Landed
2025-06-29,SL259,TLM259,Thai Lion Air,Bangkok,DMK,VTBD,18:20,10:20,18:43,23min late,21:44,4min late,4h 1m,Landed
2025-06-29,IN281,LKN281,NAM Air,Jakarta,CGK,WIII,18:30,10:30,18:40,10min late,19:12,2min late,1h 32m,Landed
2025-06-29,IU735,SJV735,SW Italia,Jakarta,CGK,WIII,18:40,10:40,20:24,44min late,21:07,32min late,1h 43m,Landed
2025-06-29,8B5109,TNU5109,Business Air,Jakarta,CGK,WIII,18:45,10:45,01:14,29min late,01:46,16min late,1h 32m,Landed
2025-06-29,GA417,GIA417,Garuda Indonesia,Jakarta,CGK,WIII,18:45,10:45,19:34,49min late,20:01,16min late,1h 27m,Landed
2025-06-29,EY477,ETD477,Etihad Airways,Abu Dhabi,AUH,OMAA,18:45,10:45,19:04,19min late,15:05,24min early,0m,Landed
2025-06-29,CX782,CPA782,Cathay Pacific,Hong Kong,HKG,VHHH,18:45,10:45,18:39,6min early,23:36,28min early,4h 57m,Landed
2025-06-29,QZ809,AWQ809,Indonesia AirAsia,Jakarta,CGK,WIII,18:50,10:50,19:15,25min late,19:47,2min late,1h 32m,Landed
2025-06-29,JT3023,LNI3023,Lion Air,Jakarta,CGK,WIII,19:00,11:00,20:59,59min late,21:39,44min late,1h 40m,Landed
2025-06-29,QG689,CTV689,Citilink,Jakarta,CGK,WIII,19:00,11:00,20:01,1min late,20:28,28min late,1h 27m,Landed
2025-06-29,TG440,THA440,Thai Airways International,Bangkok,BKK,VTBS,19:00,11:00,19:26,26min late,22:18,8min late,3h 52m,Landed
2025-06-29,AK379,AXM379,AirAsia,Kuala Lumpur,KUL,WMKK,19:15,11:15,19:40,25min late,22:55,35min late,3h 15m,Landed
2025-06-29,QG197,CTV197,Citilink,Jakarta,HLP,WIHH,19:15,11:15,19:14,on time,19:47,17min early,1h 33m,Landed
2025-06-29,3K246,JSA246,Jetstar Asia,Singapore,SIN,WSSS,19:15,11:15,20:00,45min late,22:35,35min late,2h 35m,Landed
2025-06-29,QR963,QTR963,Qatar Airways,Doha,DOH,OTHH,19:20,11:20,20:51,31min late,00:29,49min late,8h 38m,Landed
2025-06-29,MH852,MAS852,Malaysia Airlines,Kuala Lumpur,KUL,WMKK,19:20,11:20,19:59,39min late,22:37,17min late,2h 37m,Landed
2025-06-29,GA4012,GIA4012,Garuda Indonesia,Jakarta,CGK,WIII,19:20,11:20,19:40,20min late,20:26,6min late,1h 45m,Landed
2025-06-29,ID7310,BTK7310,Batik Air,Jakarta,HLP,WIHH,19:25,11:25,20:01,36min late,20:30,20min late,1h 28m,Landed
2025-06-29,TR287,TGW287,Scoot,Singapore,SIN,WSSS,19:40,11:40,22:20,40min late,00:42,27min late,2h 22m,Landed
2025-06-29,EK369,UAE369,Emirates,Dubai,DXB,OMDB,19:45,11:45,20:41,56min late,01:03,13min late,8h 22m,Landed
2025-06-29,ID6413,BTK6413,Batik Air,Surabaya,SUB,WARR,19:50,11:50,20:31,41min late,20:10,20min late,39m,Landed
2025-06-29,ID8517,BTK8517,Batik Air,Jakarta,CGK,WIII,20:00,12:00,21:11,11min late,21:32,37min late,1h 21m,Landed
2025-06-29,GA415,GIA415,Garuda Indonesia,Jakarta,CGK,WIII,20:00,12:00,20:12,12min late,20:55,4min early,1h 42m,Landed
2025-06-29,SQ945,SIA945,Singapore Airlines,Singapore,SIN,WSSS,20:00,12:00,20:26,26min late,22:37,2min early,2h 11m,Landed
2025-06-29,8B969,TNU969,Business Air,Guangzhou,CAN,ZGGG,20:15,12:15,21:29,14min late,02:14,14min late,4h 44m,Landed
2025-06-29,IU737,SJV737,SW Italia,Jakarta,CGK,WIII,20:25,12:25,00:25,0min late,01:12,52min late,1h 46m,Landed
2025-06-29,KL836,KLM836,KLM Royal Dutch Airlines,Singapore,SIN,WSSS,20:35,12:35,21:16,41min late,23:22,12min late,2h 5m,Landed
2025-06-29,ID8511,BTK8511,Batik Air,Jakarta,CGK,WIII,20:40,12:40,22:32,52min late,23:00,25min late,1h 28m,Landed
2025-06-29,OD177,MXD177,Malindo Air,Melbourne,MEL,YMML,21:00,13:00,23:43,43min late,07:02,22min late,5h 19m,Landed
2025-06-29,GA425,GIA425,Garuda Indonesia,Jakarta,CGK,WIII,21:05,13:05,21:02,2min early,21:55,4min early,1h 53m,Landed
2025-06-29,IU755,SJV755,SW Italia,Jakarta,CGK,WIII,21:10,13:10,00:43,33min late,01:24,19min late,1h 40m,Landed
2025-06-29,QG342,CTV342,Citilink,Makassar,UPG,WAAA,21:10,13:10,21:51,41min late,23:13,28min late,1h 22m,Landed
2025-06-29,JQ34,JST034,Jetstar Airways,Melbourne,MEL,YMML,21:20,13:20,21:23,3min late,04:40,14min early,5h 17m,Landed
2025-06-29,TK67,THY067,Turkish Airlines,Istanbul,IST,LTFM,21:20,13:20,21:14,5min early,04:54,20min early,12h 39m,Landed
2025-06-29,AK375,AXM375,AirAsia,Kuala Lumpur,KUL,WMKK,21:25,13:25,23:14,49min late,02:11,41min late,2h 57m,Landed
2025-06-29,JQ117,JST117,Jetstar Airways,Perth,PER,YPPH,21:30,13:30,21:51,21min late,01:10,9min early,3h 19m,Landed
2025-06-29,IU727,SJV727,SW Italia,Surabaya,SUB,WARR,21:30,13:30,22:08,38min late,21:51,21min late,42m,Landed
2025-06-29,IU745,SJV745,SW Italia,Jakarta,CGK,WIII,21:30,13:30,00:18,48min late,00:59,34min late,1h 41m,Landed
2025-06-29,ID6760,BTK6760,Batik Air,Makassar,UPG,WAAA,21:30,13:30,21:40,10min late,22:40,9min early,59m,Landed
2025-06-29,QZ819,AWQ819,Indonesia AirAsia,Jakarta,CGK,WIII,21:40,13:40,23:35,55min late,00:08,38min late,1h 32m,Landed
2025-06-29,IP105,PAS105,Pelita Air Service,Jakarta,CGK,WIII,21:40,13:40,21:45,5min late,22:22,7min early,1h 37m,Landed
2025-06-29,SQ947,SIA947,Singapore Airlines,Singapore,SIN,WSSS,21:45,13:45,22:18,33min late,00:25,5min late,2h 7m,Landed
2025-06-29,QZ546,AWQ546,Indonesia AirAsia,Perth,PER,YPPH,21:55,13:55,22:12,17min late,01:34,5min early,3h 21m,Landed
2025-06-29,OD157,MXD157,Malindo Air,Brisbane,BNE,YBBN,22:00,14:00,22:26,26min late,05:43,6min early,5h 17m,Landed
2025-06-29,GA718,GIA718,Garuda Indonesia,Melbourne,MEL,YMML,22:05,14:05,22:42,37min late,06:16,46min late,5h 33m,Landed
2025-06-29,QF44,QFA044,Qantas,Sydney,SYD,YSSY,22:10,14:10,22:10,on time,06:05,on time,5h 55m,Landed
2025-06-29,OD171,MXD171,Malindo Air,Sydney,SYD,YSSY,22:15,14:15,00:07,52min late,07:48,43min late,5h 40m,Landed
2025-06-29,IN2801,LKN2801,Nam Air,Jakarta,CGK,WIII,22:25,14:25,22:48,23min late,23:21,16min late,1h 32m,Landed
2025-06-29,JQ38,JST038,Jetstar Airways,Sydney,SYD,YSSY,22:35,14:35,23:04,29min late,06:34,4min late,5h 30m,Landed
2025-06-29,7C2712,JJA2712,Jeju Air,Seoul,ICN,RKSI,22:45,14:45,23:15,30min late,07:31,21min late,7h 16m,Landed
2025-06-29,QZ811,AWQ811,Indonesia AirAsia,Jakarta,CGK,WIII,22:50,14:50,00:20,30min late,00:54,14min late,1h 34m,Landed
2025-06-29,QG9695,CTV9695,Citilink,Surabaya,SUB,WARR,22:50,14:50,23:10,20min late,23:11,16min late,1h 1m,Landed
2025-06-29,VA96,VOZ096,Virgin Australia,Melbourne,MEL,YMML,23:05,15:05,22:52,13min early,06:31,8min early,5h 39m,Landed
2025-06-29,QF46,QFA046,Qantas,Melbourne,MEL,YMML,23:05,15:05,22:59,6min early,06:33,6min early,5h 34m,Landed
2025-06-29,JT3020,,Lion Air,Seoul,ICN,RKSI,23:05,15:05,,,,,7h 5m,
2025-06-29,QG9697,CTV9697,Citilink,Surabaya,SUB,WARR,23:10,15:10,23:09,on time,23:02,7min early,53m,Landed
2025-06-29,VA82,VOZ082,Virgin Australia,Gold Coast,OOL,YBCG,23:20,15:20,23:30,10min late,07:25,30min late,5h 55m,Landed
2025-06-29,3K240,JSA240,Jetstar Asia,Singapore,SIN,WSSS,23:25,15:25,23:40,15min late,01:54,15min early,2h 13m,Landed
2025-06-29,QG9661,CTV9661,Citilink,Jakarta,CGK,WIII,23:25,15:25,23:55,30min late,00:30,5min late,1h 35m,Landed
2025-06-29,GA714,GIA714,Garuda Indonesia,Sydney,SYD,YSSY,23:25,15:25,23:59,34min late,07:34,24min late,5h 35m,Landed
2025-06-29,JQ36,JST036,Jetstar Airways,Melbourne,MEL,YMML,23:30,15:30,00:21,51min late,07:44,39min late,5h 22m,Landed
2025-06-29,VA68,VOZ068,Virgin Australia,Sydney,SYD,YSSY,23:35,15:35,23:31,4min early,07:32,12min early,6h 1m,Landed
2025-06-29,QZ420,AWQ420,Indonesia AirAsia,Adelaide,ADL,YPAD,23:45,15:45,00:10,25min late,06:26,1min late,4h 45m,Landed
2025-06-29,QZ542,AWQ542,Indonesia AirAsia,Cairns,CNS,YBCS,23:45,15:45,00:08,23min late,06:28,6min early,4h 20m,Landed
2025-06-29,KE634,KAL634,Korean Air Lines,Seoul,ICN,RKSI,23:45,15:45,23:38,7min early,07:46,8min early,7h 8m,Landed
2025-06-29,JQ128,JST128,Jetstar Airways,Adelaide,ADL,YPAD,23:55,15:55,00:25,30min late,06:28,18min late,4h 32m,Landed
2025-06-30,BX602,ABL602,Air Busan,Busan,PUS,RKPK,00:05,16:05,00:24,19min late,07:51,18min early,6h 27m,Landed
2025-06-30,GA880,GIA880,Garuda Indonesia,Tokyo,NRT,RJAA,00:20,16:20,00:43,23min late,09:02,12min late,7h 18m,Landed
2025-06-30,CZ626,CSN626,China Southern Airlines,Guangzhou,CAN,ZGGG,00:30,16:30,01:21,51min late,06:27,37min late,5h 6m,Landed
2025-06-30,MF892,CXA892,Xiamen Airlines,Xiamen,XMN,ZSAM,00:30,16:30,00:30,on time,06:26,21min late,5h 56m,Landed
2025-06-30,QR961,QTR961,Qatar Airways,Doha,DOH,OTHH,00:35,16:35,00:50,15min late,04:36,18min early,8h 46m,Landed
2025-06-30,EK399,UAE399,Emirates,Dubai,DXB,OMDB,00:35,16:35,00:40,5min late,05:01,33min early,8h 21m,Landed
2025-06-30,KE630,KAL630,Korean Air Lines,Seoul,ICN,RKSI,00:50,16:50,00:45,5min early,08:24,55min early,6h 39m,Landed
2025-06-30,PR538,PAL538,Philippine Airlines,Manila,MNL,RPLL,00:55,16:55,01:42,47min late,05:33,43min late,3h 51m,Landed
2025-06-30,MU5030,CES5030,China Eastern Airlines,Shanghai,PVG,ZSPD,00:55,16:55,00:42,13min early,07:16,43min early,6h 34m,Landed
2025-06-30,QG9665,CTV9665,Citilink,Jakarta,CGK,WIII,00:55,16:55,01:43,48min late,02:18,23min late,1h 35m,Landed
2025-06-30,QG685,,Citilink,Jakarta,CGK,WIII,00:55,16:55,,,,,2h 0m,
2025-06-30,QZ548,AWQ548,Indonesia AirAsia,Perth,PER,YPPH,01:05,17:05,00:43,21min early,04:02,52min early,3h 18m,Landed
2025-06-30,8B5888,TNU5888,Business Air,Manado,MDC,WAMM,01:50,17:50,01:44,5min early,03:58,26min early,2h 14m,Landed
2025-06-30,JT746,LNI746,Lion Air,Makassar,UPG,WAAA,07:00,23:00,07:14,14min late,07:14,5min early,0m,Landed
2025-06-30,QZ550,AWQ550,Indonesia AirAsia,Kuala Lumpur,KUL,WMKK,07:00,23:00,07:06,6min late,09:55,4min early,2h 48m,Landed
2025-06-30,JT944,,Lion Air,Makassar,UPG,WAAA,07:00,23:00,,,,,1h 20m,
2025-06-30,JQ82,JST082,Jetstar Airways,Darwin,DRW,YPDN,07:00,23:00,07:09,9min late,11:03,11min early,2h 23m,Landed
2025-06-30,JT856,,Lion Air,Surabaya,SUB,WARR,07:00,23:00,09:20,20min late,07:01,,1h 1m,Landed
2025-06-30,GA401,GIA401,Garuda Indonesia,Jakarta,CGK,WIII,07:00,23:00,07:18,18min late,07:57,2min early,1h 38m,Landed
2025-06-30,JT929,LNI929,Lion Air,Surabaya,SUB,WARR,07:00,23:00,07:33,33min late,07:08,8min late,34m,Landed
2025-06-30,JT3569,LNI3569,Lion Air,Yogyakarta,YIA,WAHI,07:00,23:00,07:23,23min late,07:30,on time,1h 7m,Landed
2025-06-30,QG690,CTV690,Citilink,Surabaya,SUB,WARR,07:05,23:05,07:05,on time,06:39,25min early,34m,Landed
2025-06-30,QZ644,AWQ644,Indonesia AirAsia,Labuan Bajo,LBJ,WATO,07:10,23:10,07:24,14min late,08:18,3min late,53m,Landed
2025-06-30,SQ949,SIA949,Singapore Airlines,Singapore,SIN,WSSS,07:10,23:10,07:28,18min late,09:38,21min early,2h 9m,Landed
2025-06-30,IU703,SJV703,SW Italia,Surabaya,SUB,WARR,07:40,23:40,08:25,45min late,08:01,21min late,36m,Landed
2025-06-30,QG663,CTV663,Citilink,Jakarta,CGK,WIII,07:50,23:50,08:10,20min late,08:51,6min late,1h 41m,Landed
2025-06-30,IW1854,WON1854,Wings Air,Lombok,LOP,WADL,08:00,00:00,09:07,7min late,09:30,45min late,22m,Landed
2025-06-30,IW3330,WON3330,Wings Air,,,,08:00,00:00,09:57,57min late,10:28,11min early,30m,Landed
2025-06-30,IU731,SJV731,SW Italia,Jakarta,CGK,WIII,08:05,00:05,08:58,53min late,09:34,34min late,1h 36m,Landed
2025-06-30,HX706,CRK706,Hong Kong Airlines,Hong Kong,HKG,VHHH,08:15,00:15,08:22,7min late,13:19,on time,4h 57m,Landed
2025-06-30,IW1850,WON1850,Wings Air,Lombok,LOP,WADL,08:35,00:35,09:01,26min late,09:24,4min late,22m,Landed
2025-06-30,5J280,CEB280,CEBU Pacific Air,Manila,MNL,RPLL,08:35,00:35,08:47,12min late,13:30,40min late,4h 43m,Landed
2025-06-30,CZ8482,CSN8482,China Southern Airlines,Guangzhou,CAN,ZGGG,08:40,00:40,09:11,31min late,14:07,17min late,4h 55m,Landed
2025-06-30,QZ504,AWQ504,Indonesia AirAsia,Singapore,SIN,WSSS,09:00,01:00,03:28,31min early,11:25,19min early,7h 57m,Landed
2025-06-30,8B80,TNU080,Business Air,Perth,PER,YPPH,09:05,01:05,10:00,55min late,13:11,16min late,3h 11m,Landed
2025-06-30,IW1832,WON1832,Wings Air,Tambolaka,TMC,WADT,09:10,01:10,09:29,19min late,10:28,6min early,58m,Landed
2025-06-30,IN640,LKN640,Nam Air,Tambolaka,TMC,WADT,09:10,01:10,09:17,7min late,10:01,8min early,44m,Landed
2025-06-30,8B5105,TNU5105,Business Air,Jakarta,CGK,WIII,09:10,01:10,09:20,10min late,09:46,13min early,1h 26m,Landed
2025-06-30,ID6007,BTK6007,Batik Air,Perth,PER,YPPH,09:25,01:25,09:41,16min late,12:59,15min early,3h 17m,Landed
2025-06-30,QG500,CTV500,Citilink,Dili,DIL,WPDL,09:30,01:30,09:13,17min early,12:18,1min early,2h 5m,Landed
2025-06-30,QZ803,AWQ803,Indonesia AirAsia,Jakarta,CGK,WIII,09:40,01:40,09:38,1min early,10:16,13min early,1h 37m,Landed
2025-06-30,QR965,QTR965,Qatar Airways,Doha,DOH,OTHH,09:55,01:55,10:14,19min late,13:55,24min early,8h 40m,Landed
2025-06-30,IU757,SJV757,SW Italia,Jakarta,CGK,WIII,10:00,02:00,10:33,33min late,10:59,4min late,1h 26m,Landed
2025-06-30,JT273,LNI273,Lion Air,Semarang,SRG,WIIS,10:00,02:00,10:23,23min late,10:19,5min early,56m,Landed
2025-06-30,IW1882,WON1882,Wings Air,Sumbawa Besar,SWQ,WADS,10:00,02:00,10:38,38min late,11:24,24min late,45m,Landed
2025-06-30,SQ935,SIA935,Singapore Airlines,Singapore,SIN,WSSS,10:05,02:05,10:29,24min late,12:49,4min late,2h 19m,Landed
2025-06-30,8B5101,TNU5101,Business Air,Jakarta,CGK,WIII,10:25,02:25,10:40,15min late,11:10,4min early,1h 30m,Landed
2025-06-30,QZ815,AWQ815,Indonesia AirAsia,Jakarta,CGK,WIII,10:35,02:35,10:48,13min late,11:20,9min early,1h 32m,Landed
2025-06-30,8G182,DTL182,Mid Africa Aviation,Dili,DIL,WPDL,10:35,02:35,11:25,50min late,14:09,39min late,1h 44m,Landed
2025-06-30,AI2146,AIC2146,Air India,Delhi,DEL,VIDP,10:35,02:35,10:46,11min late,15:35,14min early,7h 18m,Landed
2025-06-30,TR281,TGW281,Scoot,Singapore,SIN,WSSS,10:50,02:50,11:21,31min late,13:30,on time,2h 8m,Landed
2025-06-30,JT927,LNI927,Lion Air,Surakarta,SOC,WAHQ,10:55,02:55,11:21,26min late,11:22,7min late,1h 0m,Landed
2025-06-30,3K244,JSA244,Jetstar Asia,Singapore,SIN,WSSS,10:55,02:55,11:07,12min late,13:17,22min early,2h 10m,Landed
2025-06-30,IU741,SJV741,SW Italia,Jakarta,CGK,WIII,11:05,03:05,11:46,41min late,12:27,27min late,1h 41m,Landed
2025-06-30,JT805,LNI805,Lion Air,Surabaya,SUB,WARR,11:05,03:05,11:33,28min late,11:12,7min late,39m,Landed
2025-06-30,JT924,LNI924,Lion Air,Kupang,KOE,WATT,11:05,03:05,11:23,18min late,13:02,17min late,1h 38m,Landed
2025-06-30,JT569,LNI569,Lion Air,Yogyakarta,YIA,WAHI,11:15,03:15,11:24,9min late,11:45,on time,1h 21m,Landed
2025-06-30,JQ126,JST126,Jetstar Airways,Adelaide,ADL,YPAD,11:15,03:15,11:27,12min late,17:29,on time,4h 32m,Landed
2025-06-30,6E1606,IGO1606,IndiGo,Bangalore,BLR,VOBL,11:20,03:20,11:48,28min late,15:01,8min early,5h 42m,Landed
2025-06-30,QZ780,AWQ780,Indonesia AirAsia,Balikpapan,BPN,WALL,11:25,03:25,11:52,27min late,13:11,6min late,1h 18m,Landed
2025-06-30,JT218,,Lion Air,Jakarta,CGK,WIII,11:40,03:40,,,,,1h 55m,
2025-06-30,JT23,LNI023,Lion Air,Jakarta,CGK,WIII,11:40,03:40,13:29,49min late,14:07,32min late,1h 38m,Landed
2025-06-30,JQ109,JST109,Jetstar Airways,Perth,PER,YPPH,11:40,03:40,12:26,46min late,15:43,18min late,3h 16m,Landed
2025-06-30,OD192,MXD192,Malindo Air,Kuala Lumpur,KUL,WMKK,11:55,03:55,17:57,2min late,20:41,36min late,2h 43m,Landed
2025-06-30,JQ32,JST032,Jetstar Airways,Melbourne,MEL,YMML,11:55,03:55,12:14,19min late,19:22,7min early,5h 8m,Landed
2025-06-30,GA407,GIA407,Garuda Indonesia,Jakarta,CGK,WIII,12:00,04:00,12:20,20min late,12:52,2min early,1h 32m,Landed
2025-06-30,FD397,AIQ397,Thai AirAsia,Bangkok,DMK,VTBD,12:00,04:00,12:18,18min late,15:27,7min early,4h 9m,Landed
2025-06-30,GA253,GIA253,Garuda Indonesia,Yogyakarta,YIA,WAHI,12:05,04:05,12:37,32min late,13:00,5min late,1h 22m,Landed
2025-06-30,SQ937,SIA937,Singapore Airlines,Singapore,SIN,WSSS,12:10,04:10,12:18,8min late,14:35,19min early,2h 17m,Landed
2025-06-30,JQ40,JST040,Jetstar Airways,Sydney,SYD,YSSY,12:20,04:20,12:32,12min late,20:04,10min early,5h 32m,Landed
2025-06-30,OD178,MXD178,Malindo Air,Kuala Lumpur,KUL,WMKK,12:25,04:25,14:59,34min late,17:15,40min late,2h 15m,Landed
2025-06-30,QG9693,CTV9693,Citilink,Surabaya,SUB,WARR,12:40,04:40,13:00,20min late,12:47,2min early,46m,Landed
2025-06-30,OD158,MXD158,Malindo Air,Kuala Lumpur,KUL,WMKK,12:45,04:45,13:59,14min late,16:42,47min late,2h 42m,Landed
2025-06-30,IP103,PAS103,Pelita Air Service,Jakarta,CGK,WIII,12:45,04:45,16:40,55min late,17:10,30min late,1h 30m,Landed
2025-06-30,IW1848,WON1848,Wings Air,Lombok,LOP,WADL,12:45,04:45,13:09,24min late,13:31,1min late,21m,Landed
2025-06-30,ID7308,BTK7308,Batik Air,Jakarta,HLP,WIHH,12:50,04:50,13:04,14min late,13:29,5min early,1h 25m,Landed
2025-06-30,MH714,MAS714,Malaysia Airlines,Kuala Lumpur,KUL,WMKK,12:55,04:55,13:30,35min late,16:14,14min late,2h 44m,Landed
2025-06-30,SQ939,SIA939,Singapore Airlines,Singapore,SIN,WSSS,13:05,05:05,13:17,12min late,15:37,12min early,2h 20m,Landed
2025-06-30,VJ900,VJC900,VietJet Air,Hanoi,HAN,VVNB,13:10,05:10,13:19,9min late,17:13,6min early,4h 54m,Landed
2025-06-30,OD172,MXD172,Malindo Air,Kuala Lumpur,KUL,WMKK,13:15,05:15,16:06,51min late,18:46,21min late,2h 39m,Landed
2025-06-30,IU753,SJV753,SW Italia,Jakarta,CGK,WIII,13:15,05:15,14:10,55min late,14:43,33min late,1h 32m,Landed
2025-06-30,JQ58,JST058,Jetstar Airways,Brisbane,BNE,YBBN,13:15,05:15,13:29,14min late,20:36,8min early,5h 7m,Landed
2025-06-30,IW1834,WON1834,Wings Air,Tambolaka,TMC,WADT,13:20,05:20,14:26,6min late,15:34,49min late,1h 7m,Landed
2025-06-30,JT770,LNI770,Lion Air,Manado,MDC,WAMM,13:20,05:20,13:40,20min late,15:48,11min early,2h 8m,Landed
2025-06-30,JT660,LNI660,Lion Air,Balikpapan,BPN,WALL,13:25,05:25,13:51,26min late,15:17,7min late,1h 25m,Landed
2025-06-30,D7799,XAX799,AirAsia X,Kuala Lumpur,KUL,WMKK,13:35,05:35,14:09,34min late,16:55,5min late,2h 45m,Landed
2025-06-30,IW1826,WON1826,Wings Air,Bima,BMU,WADB,13:40,05:40,14:39,59min late,15:45,40min late,1h 6m,Landed
2025-06-30,GA409,GIA409,Garuda Indonesia,Jakarta,CGK,WIII,13:45,05:45,13:50,5min late,14:43,1min early,1h 52m,Landed
2025-06-30,ID7135,BTK7135,Batik Air,Singapore,SIN,WSSS,13:45,05:45,13:56,11min late,16:13,26min early,2h 17m,Landed
2025-06-30,QZ506,AWQ506,Indonesia AirAsia,Singapore,SIN,WSSS,13:45,05:45,06:42,2min early,16:42,2min late,9h 59m,Landed
2025-06-30,8B5107,TNU5107,Business Air,Jakarta,CGK,WIII,13:50,05:50,14:20,30min late,14:55,15min late,1h 35m,Landed
2025-06-30,QZ544,AWQ544,Indonesia AirAsia,Perth,PER,YPPH,13:55,05:55,14:34,39min late,17:58,3min late,3h 23m,Landed
2025-06-30,IW1964,WON1964,Wings Air,Lombok,LOP,WADL,13:55,05:55,16:06,11min late,16:29,49min late,23m,Landed
2025-06-30,TR289,TGW289,Scoot,Singapore,SIN,WSSS,14:00,06:00,14:49,49min late,17:21,21min late,2h 31m,Landed
2025-06-30,VJ848,VJC848,VietJet Air,Ho Chi Minh City,SGN,VVTS,14:00,06:00,14:10,10min late,16:41,8min early,3h 31m,Landed
2025-06-30,VJ894,VJC894,VietJet Air,Ho Chi Minh City,SGN,VVTS,14:05,06:05,14:10,5min late,16:34,20min early,3h 23m,Landed
2025-06-30,ID7637,BTK7637,Batik Air,Bangkok,DMK,VTBD,14:15,06:15,15:15,0min late,18:25,40min late,4h 10m,Landed
2025-06-30,IU735,SJV735,SW Italia,Jakarta,CGK,WIII,14:15,06:15,14:34,19min late,15:12,2min late,1h 38m,Landed
2025-06-30,QG699,CTV699,Citilink,Surabaya,SUB,WARR,14:20,06:20,14:43,23min late,14:37,12min late,54m,Landed
2025-06-30,JT844,LNI844,Lion Air,Banjarmasin,BDJ,WAOO,14:35,06:35,15:04,29min late,16:08,8min late,1h 3m,Landed
2025-06-30,JT919,LNI919,Lion Air,Surabaya,SUB,WARR,14:40,06:40,18:45,5min late,18:27,47min late,42m,Landed
2025-06-30,IW1884,WON1884,Wings Air,Waingapu,WGP,WADW,14:40,06:40,12:02,37min early,16:27,2min early,4h 24m,Landed
2025-06-30,QG681,CTV681,Citilink,Jakarta,CGK,WIII,14:40,06:40,15:08,28min late,15:55,5min late,1h 46m,Landed
2025-06-30,AK377,AXM377,AirAsia,Kuala Lumpur,KUL,WMKK,14:45,06:45,15:54,9min late,18:05,10min late,2h 10m,Landed
2025-06-30,OD307,MXD307,Malindo Air,Kuala Lumpur,KUL,WMKK,14:50,06:50,22:00,10min late,00:52,2min late,2h 51m,Landed
2025-06-30,JQ44,JST044,Jetstar Airways,Melbourne,MEL,YMML,14:55,06:55,15:35,40min late,22:41,11min late,5h 6m,Landed
2025-06-30,JT271,LNI271,Lion Air,Semarang,SRG,WIIS,15:05,07:05,15:35,30min late,15:30,on time,55m,Landed
2025-06-30,QZ244,AWQ244,Indonesia AirAsia,Bangkok,DMK,VTBD,15:10,07:10,15:28,18min late,18:33,3min late,4h 4m,Landed
2025-06-30,8B5103,,Business Air,Jakarta,CGK,WIII,15:10,07:10,,,,,1h 45m,
2025-06-30,IU759,SJV759,SW Italia,Jakarta,CGK,WIII,15:15,07:15,16:36,21min late,17:03,53min late,1h 27m,Landed
2025-06-30,GA842,GIA842,Garuda Indonesia,Singapore,SIN,WSSS,15:15,07:15,15:43,28min late,18:12,12min late,2h 29m,Landed
2025-06-30,VA50,VOZ050,Virgin Australia,Brisbane,BNE,YBBN,15:15,07:15,15:20,5min late,22:45,14min early,5h 25m,Landed
2025-06-30,GA7036,GIA7036,Garuda Indonesia,Labuan Bajo,LBJ,WATO,15:25,07:25,16:24,59min late,17:25,50min late,1h 0m,Landed
2025-06-30,JT740,LNI740,Lion Air,Makassar,UPG,WAAA,15:25,07:25,16:29,4min late,17:33,48min late,1h 4m,Landed
2025-06-30,JT567,LNI567,Lion Air,Yogyakarta,YIA,WAHI,15:30,07:30,16:04,34min late,16:22,22min late,1h 17m,Landed
2025-06-30,VJ898,VJC898,VietJet Air,Ho Chi Minh City,SGN,VVTS,15:30,07:30,17:03,33min late,17:58,21min early,1h 55m,Landed
2025-06-30,ID6335,BTK6335,Batik Air,Labuan Bajo,LBJ,WATO,15:35,07:35,16:03,28min late,16:57,12min late,53m,Landed
2025-06-30,CI772,CAL772,China Airlines,Taipei,TPE,RCTP,15:40,07:40,15:31,9min early,21:03,1min early,5h 32m,Landed
2025-06-30,IP109,PAS109,Pelita Air Service,Jakarta,CGK,WIII,15:45,07:45,15:54,9min late,16:19,15min early,1h 24m,Landed
2025-06-30,QZ646,AWQ646,Indonesia AirAsia,Labuan Bajo,LBJ,WATO,15:45,07:45,16:00,15min late,16:52,7min early,52m,Landed
2025-06-30,VA92,VOZ092,Virgin Australia,Melbourne,MEL,YMML,15:50,07:50,16:35,45min late,00:09,44min late,5h 34m,Landed
2025-06-30,JQ43,JST043,Jetstar Airways,Singapore,SIN,WSSS,15:50,07:50,16:01,11min late,18:14,15min early,2h 12m,Landed
2025-06-30,ID8335,BTK8335,Batik Air,Labuan Bajo,LBJ,WATO,15:55,07:55,16:51,56min late,17:44,39min late,53m,Landed
2025-06-30,IU743,SJV743,SW Italia,Jakarta,CGK,WIII,16:10,08:10,17:58,48min late,18:33,28min late,1h 35m,Landed
2025-06-30,QG195,CTV195,Citilink,Jakarta,HLP,WIHH,16:10,08:10,16:12,2min late,16:54,5min early,1h 42m,Landed
2025-06-30,CX784,CPA784,Cathay Pacific,Hong Kong,HKG,VHHH,16:10,08:10,17:33,23min late,20:44,40min early,3h 10m,Landed
2025-06-30,QZ807,AWQ807,Indonesia AirAsia,Jakarta,CGK,WIII,16:10,08:10,16:25,15min late,17:06,8min early,1h 40m,Landed
2025-06-30,QZ536,AWQ536,Indonesia AirAsia,Perth,PER,YPPH,16:15,08:15,16:46,31min late,20:08,1min early,3h 22m,Landed
2025-06-30,QG669,CTV669,Citilink,Surabaya,SUB,WARR,16:20,08:20,16:25,5min late,16:14,15min early,49m,Landed
2025-06-30,MH850,MAS850,Malaysia Airlines,Kuala Lumpur,KUL,WMKK,16:25,08:25,17:12,47min late,19:54,19min late,2h 42m,Landed
2025-06-30,JT925,LNI925,Lion Air,Surakarta,SOC,WAHQ,16:25,08:25,16:37,12min late,16:43,1min early,1h 6m,Landed
2025-06-30,BR256,EVA256,EVA Airways,Taipei,TPE,RCTP,16:30,08:30,16:40,10min late,22:02,2min late,5h 22m,Landed
2025-06-30,IU273,SJV273,SW Italia,Pontianak,PNK,WIOO,16:50,08:50,17:57,7min late,18:26,36min late,1h 29m,Landed
2025-06-30,HO1356,DKH1356,Juneyao Airlines,Shanghai,PVG,ZSPD,16:50,08:50,17:36,46min late,23:45,5min late,6h 9m,Landed
2025-06-30,QZ556,AWQ556,Indonesia AirAsia,Kuala Lumpur,KUL,WMKK,16:55,08:55,17:19,24min late,20:03,6min early,2h 44m,Landed
2025-06-30,TG432,THA432,Thai Airways International,Bangkok,BKK,VTBS,16:55,08:55,17:14,19min late,19:50,14min early,3h 35m,Landed
2025-06-30,JT923,LNI923,Lion Air,Surabaya,SUB,WARR,17:05,09:05,19:48,43min late,19:34,29min late,45m,Landed
2025-06-30,GA419,GIA419,Garuda Indonesia,Jakarta,CGK,WIII,17:25,09:25,19:11,46min late,19:46,41min late,1h 34m,Landed
2025-06-30,VJ998,VJC998,VietJet Air,Hanoi,HAN,VVNB,17:30,09:30,17:38,8min late,21:11,33min early,4h 33m,Landed
2025-06-30,GA349,GIA349,Garuda Indonesia,Surabaya,SUB,WARR,17:35,09:35,17:41,6min late,17:28,16min early,47m,Landed
2025-06-30,GA4094,GIA4094,Garuda Indonesia,Jakarta,CGK,WIII,17:45,09:45,19:22,37min late,19:52,37min late,1h 30m,Landed
2025-06-30,JT744,LNI744,Lion Air,Makassar,UPG,WAAA,17:50,09:50,20:38,48min late,21:40,30min late,1h 2m,Landed
2025-06-30,NZ291,ANZ291,Air New Zealand,Auckland,AKL,NZAA,17:50,09:50,19:36,46min late,06:50,20min late,7h 14m,Landed
2025-06-30,OD193,MXD193,Malindo Air,Perth,PER,YPPH,18:10,10:10,14:28,18min late,03:59,14min late,,Landed
2025-06-30,SL259,TLM259,Thai Lion Air,Bangkok,DMK,VTBD,18:20,10:20,18:42,22min late,21:28,11min early,3h 45m,Landed
2025-06-30,IU737,SJV737,SW Italia,Jakarta,CGK,WIII,18:30,10:30,20:24,54min late,20:53,28min late,1h 29m,Landed
2025-06-30,IN281,LKN281,Nam Air,Jakarta,CGK,WIII,18:30,10:30,18:37,7min late,19:07,2min early,1h 30m,Landed
2025-06-30,GA417,GIA417,Garuda Indonesia,Jakarta,CGK,WIII,18:40,10:40,18:56,16min late,19:27,12min early,1h 31m,Landed
2025-06-30,CX782,CPA782,Cathay Pacific,Hong Kong,HKG,VHHH,18:45,10:45,18:38,7min early,23:39,25min early,5h 1m,Landed
2025-06-30,8B5109,TNU5109,Business Air,Jakarta,CGK,WIII,18:45,10:45,19:18,33min late,19:55,25min late,1h 37m,Landed
2025-06-30,EY477,ETD477,Etihad Airways,Abu Dhabi,AUH,OMAA,18:45,10:45,18:54,9min late,23:25,4min early,8h 30m,Landed
2025-06-30,QZ809,AWQ809,Indonesia AirAsia,Jakarta,CGK,WIII,18:50,10:50,19:39,49min late,20:08,23min late,1h 29m,Landed
2025-06-30,QG689,CTV689,Citilink,Jakarta,CGK,WIII,19:00,11:00,20:15,15min late,20:55,55min late,1h 39m,Landed
2025-06-30,TG440,THA440,Thai Airways International,Bangkok,BKK,VTBS,19:00,11:00,19:10,10min late,22:12,2min late,4h 2m,Landed
2025-06-30,AK379,AXM379,AirAsia,Kuala Lumpur,KUL,WMKK,19:15,11:15,19:42,27min late,22:34,14min late,2h 51m,Landed
2025-06-30,3K246,JSA246,Jetstar Asia,Singapore,SIN,WSSS,19:15,11:15,19:22,7min late,21:57,2min early,2h 34m,Landed
2025-06-30,MH852,MAS852,Malaysia Airlines,Kuala Lumpur,KUL,WMKK,19:20,11:20,19:35,15min late,22:25,5min late,2h 50m,Landed
2025-06-30,QR963,QTR963,Qatar Airways,Doha,DOH,OTHH,19:20,11:20,20:09,49min late,00:00,20min late,8h 51m,Landed
2025-06-30,IU755,SJV755,SW Italia,Jakarta,CGK,WIII,19:25,11:25,00:22,57min late,00:43,23min late,1h 20m,Landed
2025-06-30,ID7310,BTK7310,Batik Air,Jakarta,HLP,WIHH,19:25,11:25,20:35,10min late,21:01,51min late,1h 25m,Landed
2025-06-30,TR287,TGW287,Scoot,Singapore,SIN,WSSS,19:40,11:40,20:10,30min late,22:30,15min late,2h 19m,Landed
2025-06-30,EK369,UAE369,Emirates,Dubai,DXB,OMDB,19:45,11:45,19:57,12min late,00:27,22min early,8h 30m,Landed
2025-06-30,ID6413,BTK6413,Batik Air,Surabaya,SUB,WARR,19:50,11:50,20:07,17min late,19:44,5min early,37m,Landed
2025-06-30,SQ945,SIA945,Singapore Airlines,Singapore,SIN,WSSS,20:00,12:00,20:11,11min late,22:31,8min early,2h 19m,Landed
2025-06-30,GA415,GIA415,Garuda Indonesia,Jakarta,CGK,WIII,20:00,12:00,20:08,8min late,20:43,16min early,1h 35m,Landed
2025-06-30,ID6517,BTK6517,Batik Air,Jakarta,CGK,WIII,20:00,12:00,21:32,32min late,21:56,1min late,1h 24m,Landed
2025-06-30,8B969,TNU969,Business Air,Guangzhou,CAN,ZGGG,20:15,12:15,19:57,17min early,01:03,3min late,5h 6m,Landed
2025-06-30,KL836,KLM836,KLM Royal Dutch Airlines,Singapore,SIN,WSSS,20:35,12:35,20:49,14min late,22:55,14min early,2h 6m,Landed
2025-06-30,OD177,MXD177,Malindo Air,Melbourne,MEL,YMML,21:00,13:00,00:10,10min late,07:34,54min late,5h 23m,Landed
2025-06-30,GA425,GIA425,Garuda Indonesia,Jakarta,CGK,WIII,21:05,13:05,21:59,54min late,22:32,32min late,1h 33m,Landed
2025-06-30,JQ107,JST107,Jetstar Airways,Perth,PER,YPPH,21:10,13:10,21:23,13min late,00:36,18min early,3h 13m,Landed
2025-06-30,QG342,CTV342,Citilink,Makassar,UPG,WAAA,21:10,13:10,21:03,7min early,22:24,20min early,1h 21m,Landed
2025-06-30,JQ34,JST034,Jetstar Airways,Melbourne,MEL,YMML,21:20,13:20,21:48,28min late,04:56,1min late,5h 8m,Landed
2025-06-30,AK375,AXM375,AirAsia,Kuala Lumpur,KUL,WMKK,21:25,13:25,23:39,14min late,02:17,47min late,2h 37m,Landed
2025-06-30,OD157,MXD157,Malindo Air,Brisbane,BNE,YBBN,21:25,13:25,18:26,58min early,06:05,50min late,9h 38m,Landed
2025-06-30,ID6760,BTK6760,Batik Air,Makassar,UPG,WAAA,21:30,13:30,21:52,22min late,22:52,2min late,1h 0m,Landed
2025-06-30,JQ117,JST117,Jetstar Airways,Perth,PER,YPPH,21:30,13:30,22:38,8min late,01:52,32min late,3h 14m,Landed
2025-06-30,IU745,SJV745,SW Italia,Jakarta,CGK,WIII,21:30,13:30,00:48,18min late,01:06,41min late,1h 17m,Landed
2025-06-30,IP105,PAS105,Pelita Air Service,Jakarta,CGK,WIII,21:40,13:40,21:55,15min late,22:25,4min early,1h 30m,Landed
2025-06-30,QZ819,AWQ819,Indonesia AirAsia,Jakarta,CGK,WIII,21:40,13:40,21:47,7min late,22:18,11min early,1h 31m,Landed
2025-06-30,SQ947,SIA947,Singapore Airlines,Singapore,SIN,WSSS,21:45,13:45,22:07,22min late,00:15,5min early,2h 7m,Landed
2025-06-30,QZ546,AWQ546,Indonesia AirAsia,Perth,PER,YPPH,21:55,13:55,22:24,29min late,01:43,3min late,3h 19m,Landed
2025-06-30,GA718,GIA718,Garuda Indonesia,Melbourne,MEL,YMML,22:05,14:05,22:21,16min late,05:44,14min late,5h 23m,Landed
2025-06-30,JQ60,JST060,Jetstar Airways,Brisbane,BNE,YBBN,22:10,14:10,22:44,34min late,05:55,15min late,5h 11m,Landed
2025-06-30,QF44,QFA044,Qantas,Sydney,SYD,YSSY,22:10,14:10,22:35,25min late,06:44,39min late,6h 9m,Landed
2025-06-30,SV857,SVA857,Saudi Arabian Airlines,Singapore,SIN,WSSS,22:15,14:15,22:31,16min late,00:43,1min early,2h 11m,Landed
2025-06-30,OD171,MXD171,Malindo Air,Sydney,SYD,YSSY,22:15,14:15,23:24,9min late,06:53,48min late,5h 29m,Landed
2025-06-30,QG9695,CTV9695,Citilink,Surabaya,SUB,WARR,22:20,14:20,22:21,1min late,22:10,14min early,49m,Landed
2025-06-30,JQ38,JST038,Jetstar Airways,Sydney,SYD,YSSY,22:35,14:35,22:50,15min late,06:26,3min early,5h 36m,Landed
2025-06-30,7C2712,JJA2712,Jeju Air,Seoul,ICN,RKSI,22:45,14:45,23:30,45min late,07:49,39min late,7h 19m,Landed
2025-06-30,JT3020,,Lion Air,Seoul,ICN,RKSI,23:05,15:05,23:05,on time,07:12,2min late,7h 7m,Landed
2025-06-30,VA96,VOZ096,Virgin Australia,Melbourne,MEL,YMML,23:05,15:05,23:14,9min late,06:43,3min late,5h 29m,Landed
2025-06-30,QF46,QFA046,Qantas,Melbourne,MEL,YMML,23:05,15:05,23:03,2min early,06:28,11min early,5h 25m,Landed
2025-06-30,QG9661,CTV9661,Citilink,Jakarta,CGK,WIII,23:10,15:10,23:38,28min late,00:22,12min late,1h 43m,Landed
2025-06-30,VA82,VOZ082,Virgin Australia,Gold Coast,OOL,YBCG,23:20,15:20,23:43,23min late,07:08,13min late,5h 25m,Landed
2025-06-30,GA714,GIA714,Garuda Indonesia,Sydney,SYD,YSSY,23:25,15:25,23:53,28min late,07:20,10min late,5h 27m,Landed
2025-06-30,3K240,JSA240,Jetstar Asia,Singapore,SIN,WSSS,23:25,15:25,23:26,1min late,01:45,24min early,2h 19m,Landed
2025-06-30,JQ36,JST036,Jetstar Airways,Melbourne,MEL,YMML,23:30,15:30,00:03,33min late,07:08,3min late,5h 4m,Landed
2025-06-30,JQ91,JST091,Jetstar Airways,Cairns,CNS,YBCS,23:30,15:30,00:37,7min late,06:47,47min late,4h 10m,Landed
2025-06-30,VA68,VOZ068,Virgin Australia,Sydney,SYD,YSSY,23:35,15:35,00:07,32min late,07:49,4min late,5h 42m,Landed
2025-06-30,KE634,KAL634,Korean Air Lines,Seoul,ICN,RKSI,23:45,15:45,00:16,31min late,08:22,27min late,7h 6m,Landed
2025-06-30,QZ420,AWQ420,Indonesia AirAsia,Adelaide,ADL,YPAD,23:45,15:45,00:07,22min late,06:06,18min early,4h 29m,Landed
2025-06-30,JQ128,JST128,Jetstar Airways,Adelaide,ADL,YPAD,23:55,15:55,00:32,37min late,06:26,16min late,4h 24m,Landed
