tanggal,flight_iata,flight_icao,airline,tujuan,tujuan_iata,tujuan_icao,jadwal_lokal,jadwal_utc,berangkat_aktual,delay_berangkat,tiba_aktual,delay_tiba,durasi,status
2026-03-01,BX602,ABL602,Air Busan,Busan,PUS,RKPK,00:05,16:05,00:13,8min late,07:22,7min early,6h 8m,Landed
2026-03-01,8B84,TNU084,Business Air,Perth,PER,YPPH,00:20,16:20,00:14,5min early,03:25,39min early,3h 11m,Landed
2026-03-01,EK399,,Emirates,Dubai,DXB,OMDB,00:25,16:25,,,,,9h 20m,Cancelled
2026-03-01,MF892,CXA892,Xiamen Airlines,Xiamen,XMN,ZSAM,00:30,16:30,00:28,1min early,06:23,18min late,5h 54m,Landed
2026-03-01,QR961,,Qatar Airways,Doha,DOH,OTHH,00:30,16:30,,,,,9h 40m,Cancelled
2026-03-01,GA714,GIA714,Garuda Indonesia,Sydney,SYD,YSSY,00:35,16:35,00:38,3min late,09:36,17min late,5h 57m,Landed
2026-03-01,CZ626,CSN626,China Southern Airlines,Guangzhou,CAN,ZGGG,00:40,16:40,00:35,4min early,05:29,20min early,4h 54m,Landed
2026-03-01,GA880,GIA880,Garuda Indonesia,Tokyo,NRT,RJAA,00:50,16:50,01:02,12min late,08:57,7min late,6h 55m,Landed
2026-03-01,MU5030,CES5030,China Eastern Airlines,Shanghai,PVG,ZSPD,00:55,16:55,00:59,4min late,06:58,11min early,5h 58m,Landed
2026-03-01,QZ548,AWQ548,Indonesia AirAsia,Perth,PER,YPPH,01:00,17:00,00:54,5min early,04:46,6min late,3h 51m,Landed
2026-03-01,KE434,KAL434,Korean Air Lines,Seoul,ICN,RKSI,01:05,17:05,01:09,4min late,08:34,25min early,6h 25m,Landed
2026-03-01,PR538,PAL538,Philippine Airlines,Manila,MNL,RPLL,01:10,17:10,01:12,2min late,04:42,27min early,3h 30m,Landed
2026-03-01,8B5888,TNU5888,Business Air,Manado,MDC,WAMM,01:30,17:30,01:31,1min late,07:35,20min late,6h 3m,Landed
2026-03-01,GA401,GIA401,Garuda Indonesia,Jakarta,CGK,WIII,06:30,22:30,06:48,18min late,07:29,on time,1h 40m,Landed
2026-03-01,QZ534,AWQ534,Indonesia AirAsia,Perth,PER,YPPH,07:00,23:00,07:22,22min late,10:45,4min early,3h 22m,Landed
2026-03-01,JT746,LNI746,Lion Air,Makassar,UPG,WAAA,07:00,23:00,07:03,3min late,03:05,40min late,20h 2m,Landed
2026-03-01,GA401,,Garuda Indonesia,Jakarta,CGK,WIII,07:00,23:00,07:00,,08:00,,2h 0m,Landed
2026-03-01,IU705,SJV705,SW Italia,Surabaya,SUB,WARR,07:00,23:00,07:28,28min late,06:50,9min early,21m,Landed
2026-03-01,QG690,CTV690,Citilink,Surabaya,SUB,WARR,07:05,23:05,07:14,9min late,06:56,13min early,42m,Landed
2026-03-01,JQ82,JST082,Jetstar Airways,Darwin,DRW,YPDN,07:05,23:05,07:32,27min late,11:28,13min late,2h 25m,Landed
2026-03-01,QZ644,AWQ644,Indonesia AirAsia,Labuan Bajo,LBJ,WATO,07:15,23:15,07:26,11min late,08:21,3min early,54m,Landed
2026-03-01,QZ550,AWQ550,Indonesia AirAsia,Kuala Lumpur,KUL,WMKK,07:15,23:15,07:30,15min late,10:04,5min early,2h 34m,Landed
2026-03-01,SQ949,SIA949,Singapore Airlines,Singapore,SIN,WSSS,07:20,23:20,07:38,18min late,09:42,17min early,2h 4m,Landed
2026-03-01,8B5250,TNU5250,Business Air,Lombok,LOP,WADL,07:30,23:30,07:24,5min early,07:54,on time,29m,Landed
2026-03-01,8B551,TNU551,Business Air,Singapore,SIN,WSSS,07:30,23:30,07:41,11min late,09:57,2min late,2h 16m,Landed
2026-03-01,ID6333,BTK6333,Batik Air,Labuan Bajo,LBJ,WATO,07:55,23:55,08:19,24min late,09:08,1min early,49m,Landed
2026-03-01,IW1858,,Wings Air,Lombok,LOP,WADL,08:05,00:05,11:22,17min late,11:53,58min late,31m,Landed
2026-03-01,JT21,LNI021,Lion Air,Jakarta,CGK,WIII,08:05,00:05,08:14,9min late,08:41,19min early,1h 26m,Landed
2026-03-01,GA686,GIA686,Garuda Indonesia,Sorong,SOQ,WASS,08:10,00:10,08:21,11min late,12:23,3min late,3h 2m,Landed
2026-03-01,HX706,CRK706,Hong Kong Airlines,Hong Kong,HKG,VHHH,08:15,00:15,08:31,16min late,13:01,13min early,4h 30m,Landed
2026-03-01,CZ8482,CSN8482,China Southern Airlines,Guangzhou,CAN,ZGGG,08:35,00:35,13:13,38min late,13:32,22min early,19m,Landed
2026-03-01,5J280,CEB280,CEBU Pacific Air,Manila,MNL,RPLL,08:35,00:35,08:40,5min late,12:16,33min early,3h 35m,Landed
2026-03-01,IW1854,WON1854,Wings Air,Lombok,LOP,WADL,08:45,00:45,09:01,16min late,09:29,5min early,28m,Landed
2026-03-01,QG500,CTV500,Citilink,Dili,DIL,WPDL,08:50,00:50,08:55,5min late,11:44,10min early,1h 48m,Landed
2026-03-01,IW1882,WON1882,Wings Air,Sumbawa Besar,SWQ,WADS,08:55,00:55,09:07,12min late,09:48,11min early,40m,Landed
2026-03-01,IN640,LKN640,Nam Air,Tambolaka,TMC,WADT,09:10,01:10,09:49,39min late,10:40,30min late,50m,Landed
2026-03-01,8B5105,TNU5105,Business Air,Jakarta,CGK,WIII,09:15,01:15,09:44,29min late,10:08,8min late,1h 24m,Landed
2026-03-01,IW1848,,Wings Air,Lombok,LOP,WADL,09:25,01:25,12:33,8min late,13:05,50min late,32m,Landed
2026-03-01,ID6007,BTK6007,Batik Air,Perth,PER,YPPH,09:30,01:30,09:34,4min late,12:46,28min early,3h 12m,Landed
2026-03-01,8B5634,TNU5634,Business Air,Bima,BMU,WADB,09:35,01:35,10:02,27min late,12:19,44min late,2h 17m,Landed
2026-03-01,QG663,CTV663,Citilink,Jakarta,CGK,WIII,09:35,01:35,09:46,11min late,10:13,21min early,1h 26m,Landed
2026-03-01,ID6324,BTK6324,Batik Air,Tambolaka,TMC,WADT,09:40,01:40,10:04,24min late,11:00,5min late,56m,Landed
2026-03-01,8B80,TNU080,Business Air,Perth,PER,YPPH,09:40,01:40,08:02,37min early,12:52,32min early,4h 49m,Landed
2026-03-01,QZ803,AWQ803,Indonesia AirAsia,Jakarta,CGK,WIII,09:40,01:40,10:07,27min late,10:32,2min late,1h 25m,Landed
2026-03-01,AI2146,AIC2146,Air India,Delhi,DEL,VIDP,10:00,02:00,09:59,on time,14:39,20min early,7h 10m,Landed
2026-03-01,IU122,,SW Italia,Yogyakarta,YIA,WAHI,10:00,02:00,,,,,1h 30m,
2026-03-01,JQ126,JST126,Jetstar Airways,Adelaide,ADL,YPAD,10:15,02:15,08:43,31min early,17:31,13min early,6h 17m,Landed
2026-03-01,SQ935,SIA935,Singapore Airlines,Singapore,SIN,WSSS,10:30,02:30,10:42,12min late,12:48,22min early,2h 5m,Landed
2026-03-01,8B5101,TNU5101,Business Air,Jakarta,CGK,WIII,10:30,02:30,11:18,48min late,11:51,36min late,1h 32m,Landed
2026-03-01,JT33,LNI033,Lion Air,Jakarta,CGK,WIII,10:35,02:35,10:51,16min late,11:22,7min early,1h 31m,Landed
2026-03-01,JT924,LNI924,Lion Air,Kupang,KOE,WATT,10:35,02:35,10:47,12min late,12:14,10min early,1h 27m,Landed
2026-03-01,JT805,,Lion Air,Surabaya,SUB,WARR,10:35,02:35,13:41,6min late,13:16,41min late,35m,Landed
2026-03-01,QZ646,AWQ646,Indonesia AirAsia,Labuan Bajo,LBJ,WATO,11:00,03:00,11:21,21min late,13:47,27min late,2h 26m,Landed
2026-03-01,QG197,CTV197,Citilink,Jakarta,HLP,WIHH,11:10,03:10,11:33,23min late,12:00,on time,1h 27m,Landed
2026-03-01,TR281,TGW281,Scoot,Singapore,SIN,WSSS,11:10,03:10,11:51,41min late,13:56,6min late,2h 4m,Landed
2026-03-01,IW1856,WON1856,Wings Air,Lombok,LOP,WADL,11:10,03:10,11:35,25min late,12:03,3min late,27m,Landed
2026-03-01,JQ40,JST040,Jetstar Airways,Sydney,SYD,YSSY,11:15,03:15,11:25,10min late,20:12,2min early,5h 46m,Landed
2026-03-01,QZ813,AWQ813,Indonesia AirAsia,Jakarta,CGK,WIII,11:20,03:20,11:49,29min late,12:15,on time,1h 26m,Landed
2026-03-01,SU297,AFL297,Aeroflot,Moscow,SVO,UUEE,11:30,03:30,12:01,31min late,19:34,14min late,12h 32m,Landed
2026-03-01,6E1606,IGO1606,IndiGo,Bangalore,BLR,VOBL,11:30,03:30,11:29,on time,14:57,37min early,5h 57m,Landed
2026-03-01,QZ780,AWQ780,Indonesia AirAsia,Balikpapan,BPN,WALL,11:30,03:30,11:47,17min late,15:10,55min late,3h 23m,Landed
2026-03-01,JQ32,JST032,Jetstar Airways,Melbourne,MEL,YMML,11:30,03:30,11:45,15min late,20:13,3min late,5h 27m,Landed
2026-03-01,OD172,MXD172,Malindo Air,Kuala Lumpur,KUL,WMKK,11:35,03:35,12:17,42min late,14:46,1min late,2h 29m,Landed
2026-03-01,IW1964,WON1964,Wings Air,Lombok,LOP,WADL,11:40,03:40,11:54,14min late,12:21,8min early,26m,Landed
2026-03-01,ID6331,BTK6331,Batik Air,Labuan Bajo,LBJ,WATO,11:45,03:45,12:02,17min late,12:52,7min early,50m,Landed
2026-03-01,JQ109,JST109,Jetstar Airways,Perth,PER,YPPH,11:45,03:45,12:49,4min late,15:58,23min late,3h 8m,Landed
2026-03-01,IW1850,WON1850,Wings Air,Lombok,LOP,WADL,11:50,03:50,12:04,14min late,12:31,8min early,27m,Landed
2026-03-01,JT31,,Lion Air,Jakarta,CGK,WIII,11:55,03:55,15:09,14min late,15:38,48min late,1h 29m,Landed
2026-03-01,GA407,GIA407,Garuda Indonesia,Jakarta,CGK,WIII,11:55,03:55,12:09,14min late,12:32,22min early,1h 22m,Landed
2026-03-01,FD397,AIQ397,Thai AirAsia,Bangkok,DMK,VTBD,12:00,04:00,12:47,47min late,15:39,19min late,3h 51m,Landed
2026-03-01,GA253,GIA253,Garuda Indonesia,Yogyakarta,YIA,WAHI,12:05,04:05,12:32,27min late,14:58,3min late,3h 25m,Landed
2026-03-01,SQ937,SIA937,Singapore Airlines,Singapore,SIN,WSSS,12:05,04:05,12:29,24min late,14:55,on time,2h 25m,Landed
2026-03-01,SJ742,,Sriwijaya Air,Tambolaka,TMC,WADT,12:10,04:10,12:10,on time,13:10,,1h 0m,Landed
2026-03-01,OD192,MXD192,Malindo Air,Kuala Lumpur,KUL,WMKK,12:10,04:10,12:34,24min late,15:14,5min early,2h 39m,Landed
2026-03-01,OD178,MXD178,Malindo Air,Kuala Lumpur,KUL,WMKK,12:15,04:15,12:22,7min late,14:57,27min early,2h 34m,Landed
2026-03-01,QZ540,AWQ540,Indonesia AirAsia,Darwin,DRW,YPDN,12:30,04:30,12:58,28min late,16:51,1min late,2h 22m,Landed
2026-03-01,JT844,LNI844,Lion Air,Banjarmasin,BDJ,WAOO,12:30,04:30,12:55,25min late,13:54,5min early,58m,Landed
2026-03-01,8B5254,TNU5254,Business Air,Lombok,LOP,WADL,12:40,04:40,13:09,29min late,13:33,13min late,23m,Landed
2026-03-01,OD158,MXD158,Malindo Air,Kuala Lumpur,KUL,WMKK,12:45,04:45,12:51,6min late,15:31,23min early,2h 39m,Landed
2026-03-01,IP103,PAS103,Pelita Air Service,Jakarta,CGK,WIII,12:45,04:45,16:16,31min late,16:40,5min late,1h 24m,Landed
2026-03-01,SQ939,SIA939,Singapore Airlines,Singapore,SIN,WSSS,13:00,05:00,13:20,20min late,15:32,18min early,2h 11m,Landed
2026-03-01,AK365,AXM365,AirAsia,Kuala Lumpur,KUL,WMKK,13:05,05:05,13:35,30min late,16:13,3min late,2h 37m,Landed
2026-03-01,MH714,MAS714,Malaysia Airlines,Kuala Lumpur,KUL,WMKK,13:10,05:10,14:22,12min late,16:58,53min late,2h 35m,Landed
2026-03-01,JT35,,Lion Air,Jakarta,CGK,WIII,13:15,05:15,16:23,8min late,16:49,39min late,1h 26m,Landed
2026-03-01,8G182,DTL182,Mid Africa Aviation,Dili,DIL,WPDL,13:25,05:25,13:23,1min early,16:06,13min early,1h 42m,Landed
2026-03-01,GA409,GIA409,Garuda Indonesia,Jakarta,CGK,WIII,13:25,05:25,13:37,12min late,14:05,19min early,1h 28m,Landed
2026-03-01,JQ58,JST058,Jetstar Airways,Brisbane,BNE,YBBN,13:30,05:30,13:30,on time,20:50,34min early,5h 19m,Landed
2026-03-01,JT660,LNI660,Lion Air,Balikpapan,BPN,WALL,13:30,05:30,13:45,15min late,15:04,10min early,1h 18m,Landed
2026-03-01,QZ811,AWQ811,Indonesia AirAsia,Jakarta,CGK,WIII,13:40,05:40,14:30,50min late,14:59,29min late,1h 28m,Landed
2026-03-01,ID6509,BTK6509,Batik Air,Jakarta,CGK,WIII,13:45,05:45,14:11,26min late,14:40,on time,1h 28m,Landed
2026-03-01,8B5107,,TransNusa,Jakarta,CGK,WIII,13:50,05:50,,,,,1h 45m,
2026-03-01,JT919,LNI919,Lion Air,Surabaya,SUB,WARR,13:55,05:55,14:17,22min late,09:30,35min late,20h 13m,Landed
2026-03-01,QG687,CTV687,Citilink,Jakarta,CGK,WIII,14:00,06:00,14:09,9min late,14:36,23min early,1h 27m,Landed
2026-03-01,QZ544,AWQ544,Indonesia AirAsia,Perth,PER,YPPH,14:00,06:00,14:19,19min late,17:36,13min early,3h 16m,Landed
2026-03-01,8B82,TNU082,Business Air,Perth,PER,YPPH,14:00,06:00,14:32,32min late,17:47,7min late,3h 14m,Landed
2026-03-01,QG342,CTV342,Citilink,Makassar,UPG,WAAA,14:00,06:00,13:52,7min early,17:21,51min late,3h 29m,Landed
2026-03-01,6E1612,IGO1612,IndiGo,Bhubaneswar,BBI,VEBS,14:00,06:00,14:27,27min late,17:43,3min late,5h 45m,Landed
2026-03-01,VJ894,VJC894,VietJet Air,Ho Chi Minh City,SGN,VVTS,14:05,06:05,14:07,2min late,16:25,39min early,3h 18m,Landed
2026-03-01,IU130,SJV130,SW Italia,Semarang,SRG,WIIS,14:15,06:15,16:19,4min late,16:14,39min late,55m,Landed
2026-03-01,ID7308,BTK7308,Batik Air,Jakarta,HLP,WIHH,14:20,06:20,14:36,16min late,14:57,12min early,1h 21m,Landed
2026-03-01,QZ506,AWQ506,Indonesia AirAsia,Singapore,SIN,WSSS,14:25,06:25,14:59,34min late,17:41,21min late,2h 41m,Landed
2026-03-01,QZ556,AWQ556,Indonesia AirAsia,Kuala Lumpur,KUL,WMKK,14:30,06:30,14:53,23min late,17:32,2min late,2h 39m,Landed
2026-03-01,TR289,TGW289,Scoot,Singapore,SIN,WSSS,14:35,06:35,17:26,51min late,19:45,15min late,2h 19m,Landed
2026-03-01,JQ43,JST043,Jetstar Airways,Singapore,SIN,WSSS,14:50,06:50,15:01,11min late,17:43,11min early,2h 42m,Landed
2026-03-01,OD307,MXD307,Malindo Air,Kuala Lumpur,KUL,WMKK,14:50,06:50,15:14,24min late,17:48,6min early,2h 33m,Landed
2026-03-01,JQ44,JST044,Jetstar Airways,Melbourne,MEL,YMML,14:55,06:55,15:22,27min late,23:37,2min late,5h 15m,Landed
2026-03-01,QG681,CTV681,Citilink,Jakarta,CGK,WIII,15:00,07:00,15:08,8min late,15:53,6min early,1h 44m,Landed
2026-03-01,IU120,SJV120,SW Italia,Yogyakarta,YIA,WAHI,15:00,07:00,15:12,12min late,15:12,17min early,1h 0m,Landed
2026-03-01,VA48,VOZ048,Virgin Australia,Brisbane,BNE,YBBN,15:00,07:00,15:16,16min late,22:52,2min early,5h 36m,Landed
2026-03-01,AI2148,AIC2148,Air India,Delhi,DEL,VIDP,15:10,07:10,15:20,10min late,20:06,1min late,7h 16m,Landed
2026-03-01,GA842,GIA842,Garuda Indonesia,Singapore,SIN,WSSS,15:15,07:15,15:52,37min late,18:36,36min late,2h 43m,Landed
2026-03-01,AK377,AXM377,AirAsia,Kuala Lumpur,KUL,WMKK,15:25,07:25,15:38,13min late,18:11,13min early,2h 33m,Landed
2026-03-01,JT740,LNI740,Lion Air,Makassar,UPG,WAAA,15:30,07:30,15:43,13min late,16:55,on time,1h 11m,Landed
2026-03-01,GA411,GIA411,Garuda Indonesia,Jakarta,CGK,WIII,15:35,07:35,15:41,6min late,16:13,26min early,1h 31m,Landed
2026-03-01,QG669,CTV669,Citilink,Surabaya,SUB,WARR,15:35,07:35,15:54,19min late,15:32,12min early,37m,Landed
2026-03-01,VJ898,VJC898,VietJet Air,Ho Chi Minh City,SGN,VVTS,15:35,07:35,16:31,56min late,18:49,24min late,3h 18m,Landed
2026-03-01,SJ717,SJY717,Sriwijaya Air,Makassar,UPG,WAAA,15:40,07:40,18:21,41min late,19:18,18min late,57m,Landed
2026-03-01,CI772,CAL772,China Airlines,Taipei,TPE,RCTP,15:45,07:45,15:50,5min late,20:40,24min early,4h 50m,Landed
2026-03-01,VA92,VOZ092,Virgin Australia,Melbourne,MEL,YMML,15:50,07:50,16:01,11min late,00:18,11min early,5h 16m,Landed
2026-03-01,QZ246,AWQ246,Indonesia AirAsia,Phuket,HKT,VTSP,15:55,07:55,16:22,27min late,18:42,2min late,3h 20m,Landed
2026-03-01,8B5256,TNU5256,Business Air,Lombok,LOP,WADL,15:55,07:55,16:04,9min late,16:26,23min early,21m,Landed
2026-03-01,QZ536,AWQ536,Indonesia AirAsia,Perth,PER,YPPH,16:00,08:00,16:11,11min late,19:22,22min early,3h 11m,Landed
2026-03-01,IP109,PAS109,Pelita Air Service,Jakarta,CGK,WIII,16:00,08:00,16:07,7min late,16:37,12min early,1h 29m,Landed
2026-03-01,VN640,HVN640,Vietnam Airlines,Ho Chi Minh City,SGN,VVTS,16:05,08:05,16:03,1min early,18:24,30min early,3h 21m,Landed
2026-03-01,TG432,THA432,Thai Airways International,Bangkok,BKK,VTBS,16:10,08:10,16:14,4min late,18:50,34min early,3h 36m,Landed
2026-03-01,CX784,CPA784,Cathay Pacific,Hong Kong,HKG,VHHH,16:20,08:20,20:11,51min late,00:31,6min late,4h 20m,Landed
2026-03-01,MH850,MAS850,Malaysia Airlines,Kuala Lumpur,KUL,WMKK,16:25,08:25,16:50,25min late,19:32,2min early,2h 42m,Landed
2026-03-01,IW1852,WON1852,Wings Air,Lombok,LOP,WADL,16:30,08:30,16:34,4min late,17:02,17min early,27m,Landed
2026-03-01,GA427,GIA427,Garuda Indonesia,Jakarta,CGK,WIII,16:35,08:35,16:48,13min late,17:25,4min early,1h 37m,Landed
2026-03-01,IU703,SJV703,SW Italia,Surabaya,SUB,WARR,16:40,08:40,16:53,13min late,16:31,8min early,37m,Landed
2026-03-01,BR256,EVA256,EVA Airways,Taipei,TPE,RCTP,16:40,08:40,16:45,5min late,21:44,on time,4h 59m,Landed
2026-03-01,GA349,GIA349,Garuda Indonesia,Surabaya,SUB,WARR,16:55,08:55,17:01,6min late,16:40,29min early,39m,Landed
2026-03-01,IU273,SJV273,SW Italia,Pontianak,PNK,WIOO,17:00,09:00,17:30,30min late,18:02,2min early,1h 32m,Landed
2026-03-01,VJ998,VJC998,VietJet Air,Hanoi,HAN,VVNB,17:25,09:25,17:54,29min late,21:42,7min late,4h 48m,Landed
2026-03-01,GA419,GIA419,Garuda Indonesia,Jakarta,CGK,WIII,17:25,09:25,17:38,13min late,18:09,15min early,1h 30m,Landed
2026-03-01,HO1356,DKH1356,Juneyao Airlines,Shanghai,PVG,ZSPD,17:30,09:30,19:20,50min late,00:55,20min late,5h 34m,Landed
2026-03-01,TR211,TGW211,Scoot,Singapore,SIN,WSSS,17:35,09:35,17:49,14min late,20:08,37min early,2h 18m,Landed
2026-03-01,IP107,PAS107,Pelita Air Service,Jakarta,CGK,WIII,17:40,09:40,17:58,18min late,18:25,4min early,1h 27m,Landed
2026-03-01,IU759,,SW Italia,Jakarta,CGK,WIII,17:40,09:40,,,,,1h 55m,
2026-03-01,AK368,AXM368,AirAsia,Kuala Lumpur,KUL,WMKK,17:45,09:45,18:01,16min late,20:38,11min early,2h 36m,Landed
2026-03-01,OD193,MXD193,Malindo Air,Perth,PER,YPPH,18:10,10:10,18:38,28min late,21:52,7min late,3h 14m,Landed
2026-03-01,IU126,SJV126,SW Italia,Surakarta,SOC,WAHQ,18:10,10:10,19:24,14min late,19:25,55min late,1h 0m,Landed
2026-03-01,IN281,LKN281,Nam Air,Jakarta,CGK,WIII,18:30,10:30,18:51,21min late,19:25,15min late,1h 33m,Landed
2026-03-01,IP111,,Pelita Air Service,Jakarta,CGK,WIII,18:35,10:35,,,,,1h 50m,
2026-03-01,GA417,GIA417,Garuda Indonesia,Jakarta,CGK,WIII,18:40,10:40,19:06,26min late,19:32,7min early,1h 26m,Landed
2026-03-01,CX782,CPA782,Cathay Pacific,Hong Kong,HKG,VHHH,18:40,10:40,19:02,22min late,23:24,20min early,4h 22m,Landed
2026-03-01,QZ504,AWQ504,Indonesia AirAsia,Singapore,SIN,WSSS,18:40,10:40,20:22,42min late,22:38,18min late,2h 16m,Landed
2026-03-01,EY477,,Etihad Airways,Abu Dhabi,AUH,OMAA,18:45,10:45,18:56,11min late,23:42,2min early,8h 46m,Landed
2026-03-01,NZ291,ANZ291,Air New Zealand,Auckland,AKL,NZAA,18:50,10:50,19:07,17min late,08:15,20min late,8h 8m,Landed
2026-03-01,QR963,,Qatar Airways,Doha,DOH,OTHH,18:50,10:50,,,,,9h 40m,Cancelled
2026-03-01,6E1608,IGO1608,IndiGo,Chennai,MAA,VOMM,18:50,10:50,19:32,42min late,22:41,11min late,5h 39m,Landed
2026-03-01,8B5258,TNU5258,Business Air,Lombok,LOP,WADL,18:55,10:55,19:07,12min late,19:29,5min early,21m,Landed
2026-03-01,TG440,THA440,Thai Airways International,Bangkok,BKK,VTBS,19:00,11:00,19:12,12min late,22:08,6min early,3h 55m,Landed
2026-03-01,QZ809,AWQ809,Indonesia AirAsia,Jakarta,CGK,WIII,19:15,11:15,19:29,14min late,19:54,20min early,1h 25m,Landed
2026-03-01,AK379,AXM379,AirAsia,Kuala Lumpur,KUL,WMKK,19:15,11:15,19:54,39min late,22:38,18min late,2h 44m,Landed
2026-03-01,MH852,MAS852,Malaysia Airlines,Kuala Lumpur,KUL,WMKK,19:15,11:15,20:28,13min late,23:07,52min late,2h 38m,Landed
2026-03-01,ID7310,BTK7310,Batik Air,Jakarta,HLP,WIHH,19:25,11:25,19:34,9min late,20:08,6min early,1h 34m,Landed
2026-03-01,QG699,CTV699,Citilink,Surabaya,SUB,WARR,19:30,11:30,19:46,16min late,19:22,17min early,36m,Landed
2026-03-01,8B969,TNU969,Business Air,Guangzhou,CAN,ZGGG,19:45,11:45,20:16,31min late,07:20,15min late,11h 4m,Landed
2026-03-01,EK369,,Emirates,Dubai,DXB,OMDB,19:50,11:50,,,,,9h 20m,Cancelled
2026-03-01,QZ807,AWQ807,Indonesia AirAsia,Jakarta,CGK,WIII,20:00,12:00,20:02,2min late,20:30,29min early,1h 27m,Landed
2026-03-01,SL259,TLM259,Thai Lion Air,Bangkok,DMK,VTBD,20:05,12:05,21:02,57min late,23:53,28min late,3h 51m,Landed
2026-03-01,TR283,TGW283,Scoot,Singapore,SIN,WSSS,20:05,12:05,20:18,13min late,22:30,10min early,2h 11m,Landed
2026-03-01,QG195,,Citilink,Jakarta,HLP,WIHH,20:10,12:10,23:16,6min late,23:43,38min late,1h 27m,Landed
2026-03-01,SQ945,SIA945,Singapore Airlines,Singapore,SIN,WSSS,20:15,12:15,20:23,8min late,22:36,19min early,2h 12m,Landed
2026-03-01,GA718,GIA718,Garuda Indonesia,Melbourne,MEL,YMML,20:20,12:20,20:32,12min late,05:22,22min late,5h 50m,Landed
2026-03-01,JQ34,JST034,Jetstar Airways,Melbourne,MEL,YMML,20:20,12:20,20:41,21min late,04:47,7min early,5h 6m,Landed
2026-03-01,ID6413,BTK6413,Batik Air,Surabaya,SUB,WARR,20:30,12:30,20:36,6min late,20:12,17min early,36m,Landed
2026-03-01,GA415,GIA415,Garuda Indonesia,Jakarta,CGK,WIII,20:45,12:45,20:50,5min late,21:28,16min early,1h 38m,Landed
2026-03-01,IP105,PAS105,Pelita Air Service,Jakarta,CGK,WIII,20:50,12:50,20:57,7min late,21:25,14min early,1h 27m,Landed
2026-03-01,OD177,MXD177,Malindo Air,Melbourne,MEL,YMML,20:55,12:55,21:43,48min late,06:01,21min late,5h 18m,Landed
2026-03-01,AK375,AXM375,AirAsia,Kuala Lumpur,KUL,WMKK,21:05,13:05,21:29,24min late,00:16,43min early,2h 47m,Landed
2026-03-01,QG667,CTV667,Citilink,Jakarta,CGK,WIII,21:10,13:10,21:22,12min late,21:55,14min early,1h 33m,Landed
2026-03-01,OD171,MXD171,Malindo Air,Sydney,SYD,YSSY,21:10,13:10,22:12,2min late,06:53,38min late,5h 41m,Landed
2026-03-01,TK67,THY067,Turkish Airlines,Istanbul,IST,LTFM,21:10,13:10,21:15,5min late,05:25,14min early,13h 10m,Landed
2026-03-01,QF44,QFA044,Qantas,Sydney,SYD,YSSY,21:20,13:20,21:33,13min late,06:09,5min early,5h 35m,Landed
2026-03-01,SJ273,,Sriwijaya Air,Jakarta,CGK,WIII,21:35,13:35,00:13,38min late,22:15,,1h 40m,Landed
2026-03-01,QZ819,AWQ819,Indonesia AirAsia,Jakarta,CGK,WIII,21:35,13:35,21:59,24min late,22:25,on time,1h 25m,Landed
2026-03-01,KL836,KLM836,KLM Royal Dutch Airlines,Singapore,SIN,WSSS,21:40,13:40,22:01,21min late,00:07,2min early,2h 5m,Landed
2026-03-01,SQ947,SIA947,Singapore Airlines,Singapore,SIN,WSSS,21:40,13:40,21:55,15min late,00:08,11min early,2h 12m,Landed
2026-03-01,JQ117,JST117,Jetstar Airways,Perth,PER,YPPH,21:45,13:45,22:47,2min late,01:52,37min late,3h 4m,Landed
2026-03-01,QF46,QFA046,Qantas,Melbourne,MEL,YMML,22:05,14:05,22:38,33min late,06:48,1min early,5h 10m,Landed
2026-03-01,OD157,MXD157,Malindo Air,Brisbane,BNE,YBBN,22:10,14:10,22:44,34min late,06:34,34min late,5h 49m,Landed
2026-03-01,JQ38,JST038,Jetstar Airways,Sydney,SYD,YSSY,22:20,14:20,22:28,8min late,07:07,17min early,5h 38m,Landed
2026-03-01,VA66,VOZ066,Virgin Australia,Sydney,SYD,YSSY,22:30,14:30,22:40,10min late,07:36,3min early,5h 56m,Landed
2026-03-01,JT15,LNI015,Lion Air,Jakarta,CGK,WIII,22:45,14:45,00:06,21min late,00:31,51min late,1h 24m,Landed
2026-03-01,JQ128,JST128,Jetstar Airways,Adelaide,ADL,YPAD,22:50,14:50,22:51,1min late,06:00,14min early,4h 39m,Landed
2026-03-01,7C2712,JJA2712,Jeju Air,Seoul,ICN,RKSI,23:05,15:05,23:17,12min late,07:07,2min early,6h 49m,Landed
2026-03-01,8B5109,TNU5109,Business Air,Jakarta,CGK,WIII,23:10,15:10,23:12,2min late,23:36,13min early,1h 24m,Landed
2026-03-01,3U3986,CSC3986,Sichuan Airlines,Lujia Town,TFU,ZUTF,23:10,15:10,23:08,1min early,05:27,27min early,6h 18m,Landed
2026-03-01,VA82,VOZ082,Virgin Australia,Gold Coast,OOL,YBCG,23:20,15:20,23:21,1min late,07:08,1min early,5h 46m,Landed
2026-03-01,GA714,,Garuda Indonesia,Sydney,SYD,YSSY,23:35,15:35,,,,,6h 0m,Cancelled
2026-03-01,JQ42,JST042,Jetstar Airways,Melbourne,MEL,YMML,23:40,15:40,23:55,15min late,08:20,9min early,5h 24m,Landed
2026-03-01,QZ420,AWQ420,Indonesia AirAsia,Adelaide,ADL,YPAD,23:45,15:45,23:46,1min late,06:59,25min early,4h 43m,Landed
2026-03-01,KE432,KAL432,Korean Air Lines,Seoul,ICN,RKSI,23:50,15:50,23:51,1min late,07:26,18min early,6h 35m,Landed
2026-03-01,JQ94,JST094,Jetstar Airways,Gold Coast,OOL,YBCG,23:55,15:55,00:04,9min late,07:59,34min late,5h 54m,Landed
2026-03-02,BX602,ABL602,Air Busan,Busan,PUS,RKPK,00:05,16:05,00:26,21min late,07:57,32min early,6h 30m,Landed
2026-03-02,EK399,,Emirates,Dubai,DXB,OMDB,00:25,16:25,,,,,9h 20m,Cancelled
2026-03-02,QR961,,Qatar Airways,Doha,DOH,OTHH,00:30,16:30,,,,,9h 40m,Cancelled
2026-03-02,MF892,CXA892,Xiamen Airlines,Xiamen,XMN,ZSAM,00:30,16:30,01:38,8min late,06:58,53min late,5h 19m,Landed
2026-03-02,GA714,GIA714,Garuda Indonesia,Sydney,SYD,YSSY,00:35,16:35,00:38,3min late,09:36,17min late,5h 57m,Landed
2026-03-02,CZ626,CSN626,China Southern Airlines,Guangzhou,CAN,ZGGG,00:40,16:40,01:07,27min late,05:53,3min late,4h 46m,Landed
2026-03-02,GA880,GIA880,Garuda Indonesia,Tokyo,NRT,RJAA,00:50,16:50,00:53,3min late,08:51,1min late,6h 57m,Landed
2026-03-02,MU5030,CES5030,China Eastern Airlines,Shanghai,PVG,ZSPD,00:55,16:55,01:05,10min late,07:11,1min late,6h 6m,Landed
2026-03-02,QZ548,AWQ548,Indonesia AirAsia,Perth,PER,YPPH,01:00,17:00,01:29,29min late,05:26,46min late,3h 57m,Landed
2026-03-02,SJ726,,Sriwijaya Air,Makassar,UPG,WAAA,01:00,17:00,,,,,1h 20m,
2026-03-02,5J282,CEB282,CEBU Pacific Air,Manila,MNL,RPLL,01:00,17:00,01:26,26min late,04:59,15min early,3h 32m,Landed
2026-03-02,KE434,KAL434,Korean Air Lines,Seoul,ICN,RKSI,01:05,17:05,01:46,41min late,09:05,5min late,6h 18m,Landed
2026-03-02,PR538,PAL538,Philippine Airlines,Manila,MNL,RPLL,01:10,17:10,01:41,31min late,05:08,1min early,3h 27m,Landed
2026-03-02,8B5888,TNU5888,Business Air,Manado,MDC,WAMM,01:30,17:30,01:47,17min late,03:57,17min early,2h 9m,Landed
2026-03-02,GA401,GIA401,Garuda Indonesia,Jakarta,CGK,WIII,06:30,22:30,06:48,18min late,07:29,on time,1h 40m,Landed
2026-03-02,JT746,LNI746,Lion Air,Makassar,UPG,WAAA,07:00,23:00,07:03,3min late,03:05,40min late,20h 2m,Landed
2026-03-02,QZ534,AWQ534,Indonesia AirAsia,Perth,PER,YPPH,07:00,23:00,07:09,9min late,10:42,7min early,3h 32m,Landed
2026-03-02,IU705,SJV705,SW Italia,Surabaya,SUB,WARR,07:00,23:00,08:58,58min late,11:37,37min late,3h 38m,Landed
2026-03-02,QG690,CTV690,Citilink,Surabaya,SUB,WARR,07:05,23:05,08:51,46min late,11:27,17min late,3h 35m,Landed
2026-03-02,JQ82,JST082,Jetstar Airways,Darwin,DRW,YPDN,07:05,23:05,07:13,8min late,11:08,6min early,2h 25m,Landed
2026-03-02,QZ550,AWQ550,Indonesia AirAsia,Kuala Lumpur,KUL,WMKK,07:15,23:15,07:09,5min early,09:38,31min early,2h 29m,Landed
2026-03-02,SQ949,SIA949,Singapore Airlines,Singapore,SIN,WSSS,07:20,23:20,07:32,12min late,09:33,26min early,2h 1m,Landed
2026-03-02,8B5250,TNU5250,Business Air,Lombok,LOP,WADL,07:30,23:30,07:27,2min early,08:06,11min late,39m,Landed
2026-03-02,8B551,TNU551,Business Air,Singapore,SIN,WSSS,07:30,23:30,07:29,on time,09:43,11min early,2h 13m,Landed
2026-03-02,QZ644,AWQ644,Indonesia AirAsia,Labuan Bajo,LBJ,WATO,07:40,23:40,07:36,3min early,08:23,31min early,46m,Landed
2026-03-02,JT21,LNI021,Lion Air,Jakarta,CGK,WIII,08:05,00:05,08:19,14min late,08:48,11min early,1h 29m,Landed
2026-03-02,IW1858,WON1858,Wings Air,Lombok,LOP,WADL,08:05,00:05,08:16,11min late,09:11,16min late,55m,Landed
2026-03-02,HX706,CRK706,Hong Kong Airlines,Hong Kong,HKG,VHHH,08:15,00:15,08:32,17min late,13:01,13min early,4h 29m,Landed
2026-03-02,CZ8482,CSN8482,China Southern Airlines,Guangzhou,CAN,ZGGG,08:35,00:35,08:37,2min late,13:30,24min early,4h 53m,Landed
2026-03-02,5J280,CEB280,CEBU Pacific Air,Manila,MNL,RPLL,08:35,00:35,08:26,8min early,12:14,35min early,3h 48m,Landed
2026-03-02,QG500,CTV500,Citilink,Dili,DIL,WPDL,08:50,00:50,08:51,1min late,11:30,24min early,1h 38m,Landed
2026-03-02,IW1882,WON1882,Wings Air,Sumbawa Besar,SWQ,WADS,08:55,00:55,08:55,on time,09:34,25min early,39m,Landed
2026-03-02,IW3330,WON3330,Wings Air,,,,09:00,01:00,09:02,2min late,11:15,29min early,2h 13m,Landed
2026-03-02,IN640,LKN640,Nam Air,Tambolaka,TMC,WADT,09:10,01:10,09:19,9min late,10:05,4min early,46m,Landed
2026-03-02,SJ740,,Sriwijaya Air,Waingapu,WGP,WADW,09:10,01:10,,,,,1h 20m,
2026-03-02,8B5105,TNU5105,Business Air,Jakarta,CGK,WIII,09:15,01:15,09:10,4min early,09:35,24min early,1h 25m,Landed
2026-03-02,IW1848,,Wings Air,Lombok,LOP,WADL,09:25,01:25,12:38,13min late,13:10,55min late,32m,Landed
2026-03-02,ID6007,BTK6007,Batik Air,Perth,PER,YPPH,09:30,01:30,10:00,30min late,13:12,2min early,3h 11m,Landed
2026-03-02,QG663,CTV663,Citilink,Jakarta,CGK,WIII,09:35,01:35,09:46,11min late,10:13,21min early,1h 27m,Landed
2026-03-02,8B5634,TNU5634,Business Air,Bima,BMU,WADB,09:35,01:35,09:41,6min late,10:34,on time,53m,Landed
2026-03-02,QZ803,AWQ803,Indonesia AirAsia,Jakarta,CGK,WIII,09:40,01:40,10:04,24min late,10:31,1min late,1h 26m,Landed
2026-03-02,ID6324,BTK6324,Batik Air,Tambolaka,TMC,WADT,09:40,01:40,09:54,14min late,10:48,6min early,53m,Landed
2026-03-02,8B80,TNU080,Business Air,Perth,PER,YPPH,09:40,01:40,09:37,2min early,12:50,34min early,3h 13m,Landed
2026-03-02,AI2146,AIC2146,Air India,Delhi,DEL,VIDP,10:00,02:00,10:02,2min late,14:50,9min early,7h 17m,Landed
2026-03-02,JQ126,JST126,Jetstar Airways,Adelaide,ADL,YPAD,10:15,02:15,10:19,4min late,17:25,19min early,4h 35m,Landed
2026-03-02,8B5101,,TransNusa,Jakarta,CGK,WIII,10:30,02:30,,,,,1h 45m,
2026-03-02,SQ935,SIA935,Singapore Airlines,Singapore,SIN,WSSS,10:30,02:30,10:43,13min late,12:50,20min early,2h 6m,Landed
2026-03-02,JT924,LNI924,Lion Air,Kupang,KOE,WATT,10:35,02:35,11:01,26min late,12:27,2min late,1h 26m,Landed
2026-03-02,8G182,DTL182,Mid Africa Aviation,Dili,DIL,WPDL,10:35,02:35,10:34,on time,13:17,12min early,1h 43m,Landed
2026-03-02,JT805,,Lion Air,Surabaya,SUB,WARR,10:35,02:35,13:38,3min late,13:14,39min late,36m,Landed
2026-03-02,JT33,LNI033,Lion Air,Jakarta,CGK,WIII,10:35,02:35,10:48,13min late,11:18,11min early,1h 30m,Landed
2026-03-02,QG197,CTV197,Citilink,Jakarta,HLP,WIHH,11:10,03:10,11:36,26min late,12:21,21min late,1h 44m,Landed
2026-03-02,TR281,,Scoot,Singapore,SIN,WSSS,11:10,03:10,,,,,2h 40m,Cancelled
2026-03-02,JQ40,JST040,Jetstar Airways,Sydney,SYD,YSSY,11:15,03:15,13:55,40min late,22:36,21min late,5h 41m,Landed
2026-03-02,QZ780,AWQ780,Indonesia AirAsia,Balikpapan,BPN,WALL,11:30,03:30,12:11,41min late,13:29,14min late,1h 18m,Landed
2026-03-02,JQ32,JST032,Jetstar Airways,Melbourne,MEL,YMML,11:30,03:30,13:49,19min late,22:04,54min late,5h 15m,Landed
2026-03-02,6E1606,IGO1606,IndiGo,Bangalore,BLR,VOBL,11:30,03:30,11:32,2min late,15:01,33min early,5h 59m,Landed
2026-03-02,OD172,MXD172,Malindo Air,Kuala Lumpur,KUL,WMKK,11:35,03:35,12:33,58min late,15:18,33min late,2h 45m,Landed
2026-03-02,IW1964,WON1964,Wings Air,Lombok,LOP,WADL,11:40,03:40,13:08,28min late,13:45,15min late,37m,Landed
2026-03-02,ID6331,BTK6331,Batik Air,Labuan Bajo,LBJ,WATO,11:45,03:45,12:39,54min late,13:32,32min late,52m,Landed
2026-03-02,JQ109,JST109,Jetstar Airways,Perth,PER,YPPH,11:45,03:45,11:53,8min late,15:12,22min early,3h 19m,Landed
2026-03-02,JT31,,Lion Air,Jakarta,CGK,WIII,11:55,03:55,14:58,3min late,15:27,37min late,1h 29m,Landed
2026-03-02,GA407,GIA407,Garuda Indonesia,Jakarta,CGK,WIII,11:55,03:55,12:06,11min late,12:37,17min early,1h 30m,Landed
2026-03-02,FD397,AIQ397,Thai AirAsia,Bangkok,DMK,VTBD,12:00,04:00,13:12,12min late,16:06,46min late,3h 54m,Landed
2026-03-02,SQ937,SIA937,Singapore Airlines,Singapore,SIN,WSSS,12:05,04:05,13:05,0min late,15:23,28min late,2h 18m,Landed
2026-03-02,GA253,GIA253,Garuda Indonesia,Yogyakarta,YIA,WAHI,12:05,04:05,12:43,38min late,13:00,5min late,1h 17m,Landed
2026-03-02,SJ742,,Sriwijaya Air,Tambolaka,TMC,WADT,12:10,04:10,12:10,on time,13:10,,1h 0m,Landed
2026-03-02,OD192,MXD192,Malindo Air,Kuala Lumpur,KUL,WMKK,12:10,04:10,12:24,14min late,15:10,9min early,2h 46m,Landed
2026-03-02,OD178,MXD178,Malindo Air,Kuala Lumpur,KUL,WMKK,12:15,04:15,13:31,16min late,16:20,55min late,2h 48m,Landed
2026-03-02,QZ540,AWQ540,Indonesia AirAsia,Darwin,DRW,YPDN,12:30,04:30,13:19,49min late,17:25,35min late,2h 35m,Landed
2026-03-02,JT844,,Lion Air,Banjarmasin,BDJ,WAOO,12:30,04:30,12:30,,16:44,44min late,4h 14m,Landed
2026-03-02,8B5254,TNU5254,Business Air,Lombok,LOP,WADL,12:40,04:40,13:13,33min late,13:38,18min late,24m,Landed
2026-03-02,IP103,PAS103,Pelita Air Service,Jakarta,CGK,WIII,12:45,04:45,13:26,41min late,14:03,28min late,1h 36m,Landed
2026-03-02,OD158,MXD158,Malindo Air,Kuala Lumpur,KUL,WMKK,12:45,04:45,13:44,59min late,16:28,33min late,2h 44m,Landed
2026-03-02,SQ939,SIA939,Singapore Airlines,Singapore,SIN,WSSS,13:00,05:00,13:23,23min late,15:55,5min late,2h 31m,Landed
2026-03-02,AK365,AXM365,AirAsia,Kuala Lumpur,KUL,WMKK,13:05,05:05,13:36,31min late,16:20,10min late,2h 44m,Landed
2026-03-02,MH714,MAS714,Malaysia Airlines,Kuala Lumpur,KUL,WMKK,13:10,05:10,13:58,48min late,16:43,38min late,2h 44m,Landed
2026-03-02,JT35,,Lion Air,Jakarta,CGK,WIII,13:15,05:15,16:26,11min late,16:53,43min late,1h 27m,Landed
2026-03-02,GA409,GIA409,Garuda Indonesia,Jakarta,CGK,WIII,13:25,05:25,13:52,27min late,14:20,4min early,1h 28m,Landed
2026-03-02,JT660,,Lion Air,Balikpapan,BPN,WALL,13:30,05:30,16:16,46min late,17:32,17min late,1h 16m,Landed
2026-03-02,JQ58,JST058,Jetstar Airways,Brisbane,BNE,YBBN,13:30,05:30,13:39,9min late,21:21,3min early,5h 41m,Landed
2026-03-02,QZ811,AWQ811,Indonesia AirAsia,Jakarta,CGK,WIII,13:40,05:40,15:14,34min late,15:38,8min late,1h 24m,Landed
2026-03-02,ID6509,BTK6509,Batik Air,Jakarta,CGK,WIII,13:45,05:45,14:06,21min late,14:39,on time,1h 32m,Landed
2026-03-02,8B5107,TNU5107,Business Air,Jakarta,CGK,WIII,13:50,05:50,14:10,20min late,14:41,6min late,1h 30m,Landed
2026-03-02,JT919,LNI919,Lion Air,Surabaya,SUB,WARR,13:55,05:55,15:48,53min late,15:32,37min late,44m,Landed
2026-03-02,QG687,CTV687,Citilink,Jakarta,CGK,WIII,14:00,06:00,14:16,16min late,14:48,11min early,1h 31m,Landed
2026-03-02,8B82,TNU082,Business Air,Perth,PER,YPPH,14:00,06:00,14:49,49min late,18:10,30min late,3h 21m,Landed
2026-03-02,6E1612,IGO1612,IndiGo,Bhubaneswar,BBI,VEBS,14:00,06:00,14:30,30min late,17:25,14min early,5h 25m,Landed
2026-03-02,QZ544,AWQ544,Indonesia AirAsia,Perth,PER,YPPH,14:00,06:00,14:22,22min late,17:36,13min early,3h 14m,Landed
2026-03-02,QG342,CTV342,Citilink,Makassar,UPG,WAAA,14:00,06:00,14:20,20min late,17:37,7min late,3h 16m,Landed
2026-03-02,VJ894,VJC894,VietJet Air,Ho Chi Minh City,SGN,VVTS,14:05,06:05,14:12,7min late,16:30,34min early,3h 18m,Landed
2026-03-02,IU130,SJV130,SW Italia,Semarang,SRG,WIIS,14:15,06:15,14:31,16min late,14:37,2min late,1h 6m,Landed
2026-03-02,ID7308,BTK7308,Batik Air,Jakarta,HLP,WIHH,14:20,06:20,15:05,45min late,15:30,20min late,1h 24m,Landed
2026-03-02,QZ506,AWQ506,Indonesia AirAsia,Singapore,SIN,WSSS,14:25,06:25,14:53,28min late,17:38,18min late,2h 45m,Landed
2026-03-02,QZ556,AWQ556,Indonesia AirAsia,Kuala Lumpur,KUL,WMKK,14:30,06:30,14:44,14min late,17:21,8min early,2h 37m,Landed
2026-03-02,TR289,TGW289,Scoot,Singapore,SIN,WSSS,14:35,06:35,15:01,26min late,18:03,33min late,3h 2m,Landed
2026-03-02,OD307,MXD307,Malindo Air,Kuala Lumpur,KUL,WMKK,14:50,06:50,15:10,20min late,17:37,17min early,2h 26m,Landed
2026-03-02,JQ43,JST043,Jetstar Airways,Singapore,SIN,WSSS,14:50,06:50,14:56,6min late,17:49,5min early,2h 53m,Landed
2026-03-02,JQ44,JST044,Jetstar Airways,Melbourne,MEL,YMML,14:55,06:55,15:17,22min late,23:24,10min early,5h 7m,Landed
2026-03-02,VA48,VOZ048,Virgin Australia,Brisbane,BNE,YBBN,15:00,07:00,15:30,30min late,23:10,15min late,5h 39m,Landed
2026-03-02,IU120,SJV120,SW Italia,Yogyakarta,YIA,WAHI,15:00,07:00,15:24,24min late,15:33,3min late,1h 8m,Landed
2026-03-02,QG681,CTV681,Citilink,Jakarta,CGK,WIII,15:00,07:00,15:21,21min late,15:52,7min early,1h 31m,Landed
2026-03-02,AI2148,AIC2148,Air India,Delhi,DEL,VIDP,15:10,07:10,00:37,27min late,05:22,17min late,7h 14m,Landed
2026-03-02,GA842,,Garuda Indonesia,Singapore,SIN,WSSS,15:15,07:15,15:15,,18:00,,2h 45m,Landed
2026-03-02,AK377,AXM377,AirAsia,Kuala Lumpur,KUL,WMKK,15:25,07:25,16:00,35min late,18:39,14min late,2h 38m,Landed
2026-03-02,JT740,LNI740,Lion Air,Makassar,UPG,WAAA,15:30,07:30,17:34,4min late,18:43,48min late,1h 9m,Landed
2026-03-02,VJ898,VJC898,VietJet Air,Ho Chi Minh City,SGN,VVTS,15:35,07:35,15:38,3min late,18:05,19min early,3h 27m,Landed
2026-03-02,QG669,CTV669,Citilink,Surabaya,SUB,WARR,15:35,07:35,18:14,39min late,15:48,3min late,,Landed
2026-03-02,GA411,GIA411,Garuda Indonesia,Jakarta,CGK,WIII,15:35,07:35,16:38,3min late,17:08,8min late,1h 30m,Landed
2026-03-02,SJ717,SJY717,Sriwijaya Air,Makassar,UPG,WAAA,15:40,07:40,15:52,12min late,17:05,5min late,1h 13m,Landed
2026-03-02,IW1850,WON1850,Wings Air,Lombok,LOP,WADL,15:40,07:40,15:34,5min early,16:12,17min early,38m,Landed
2026-03-02,CI772,CAL772,China Airlines,Taipei,TPE,RCTP,15:45,07:45,15:45,on time,20:37,27min early,4h 51m,Landed
2026-03-02,8B5256,TNU5256,Business Air,Lombok,LOP,WADL,15:55,07:55,15:49,5min early,16:20,29min early,30m,Landed
2026-03-02,QZ246,AWQ246,Indonesia AirAsia,Phuket,HKT,VTSP,15:55,07:55,16:14,19min late,18:34,5min early,3h 19m,Landed
2026-03-02,QZ536,AWQ536,Indonesia AirAsia,Perth,PER,YPPH,16:00,08:00,16:33,33min late,19:47,2min late,3h 13m,Landed
2026-03-02,IP109,PAS109,Pelita Air Service,Jakarta,CGK,WIII,16:00,08:00,16:02,2min late,16:32,17min early,1h 29m,Landed
2026-03-02,VN640,HVN640,Vietnam Airlines,Ho Chi Minh City,SGN,VVTS,16:05,08:05,16:19,14min late,18:34,20min early,3h 14m,Landed
2026-03-02,TG432,THA432,Thai Airways International,Bangkok,BKK,VTBS,16:10,08:10,16:10,on time,18:44,40min early,3h 33m,Landed
2026-03-02,CX784,CPA784,Cathay Pacific,Hong Kong,HKG,VHHH,16:20,08:20,16:48,28min late,21:19,5min early,4h 31m,Landed
2026-03-02,MH850,MAS850,Malaysia Airlines,Kuala Lumpur,KUL,WMKK,16:25,08:25,16:35,10min late,19:14,20min early,2h 38m,Landed
2026-03-02,IW1852,WON1852,Wings Air,Lombok,LOP,WADL,16:30,08:30,16:26,3min early,16:53,26min early,27m,Landed
2026-03-02,BR256,EVA256,EVA Airways,Taipei,TPE,RCTP,16:40,08:40,16:45,5min late,21:28,16min early,4h 42m,Landed
2026-03-02,IU703,,SW Italia,Surabaya,SUB,WARR,16:40,08:40,,,,,1h 0m,
2026-03-02,GA349,GIA349,Garuda Indonesia,Surabaya,SUB,WARR,16:55,08:55,17:21,26min late,17:00,9min early,39m,Landed
2026-03-02,GA419,GIA419,Garuda Indonesia,Jakarta,CGK,WIII,17:25,09:25,17:38,13min late,18:10,14min early,1h 31m,Landed
2026-03-02,VJ998,VJC998,VietJet Air,Hanoi,HAN,VVNB,17:25,09:25,17:30,5min late,13:27,52min late,20h 56m,Landed
2026-03-02,HO1356,DKH1356,Juneyao Airlines,Shanghai,PVG,ZSPD,17:25,09:25,17:18,6min early,23:08,41min early,5h 50m,Landed
2026-03-02,TR211,TGW211,Scoot,Singapore,SIN,WSSS,17:35,09:35,18:00,25min late,20:13,32min early,2h 12m,Landed
2026-03-02,IP107,PAS107,Pelita Air Service,Jakarta,CGK,WIII,17:40,09:40,17:44,4min late,18:17,12min early,1h 32m,Landed
2026-03-02,IU759,,SW Italia,Jakarta,CGK,WIII,17:40,09:40,,,,,1h 55m,
2026-03-02,OD193,MXD193,Malindo Air,Perth,PER,YPPH,18:10,10:10,18:42,32min late,21:54,9min late,3h 11m,Landed
2026-03-02,IU126,SJV126,SW Italia,Surakarta,SOC,WAHQ,18:10,10:10,18:46,36min late,18:46,16min late,1h 0m,Landed
2026-03-02,IN281,LKN281,Nam Air,Jakarta,CGK,WIII,18:30,10:30,18:51,21min late,19:24,14min late,1h 33m,Landed
2026-03-02,IP111,,Pelita Air Service,Jakarta,CGK,WIII,18:35,10:35,,,,,1h 50m,
2026-03-02,QZ504,AWQ504,Indonesia AirAsia,Singapore,SIN,WSSS,18:40,10:40,19:19,39min late,21:33,13min late,2h 13m,Landed
2026-03-02,SL259,TLM259,Thai Lion Air,Bangkok,DMK,VTBD,18:40,10:40,18:54,14min late,21:47,12min early,3h 53m,Landed
2026-03-02,GA417,,Garuda Indonesia,Jakarta,CGK,WIII,18:40,10:40,18:30,10min early,19:40,,2h 0m,Landed
2026-03-02,EY477,,Etihad Airways,Abu Dhabi,AUH,OMAA,18:45,10:45,,,,,9h 0m,Cancelled
2026-03-02,6E1608,IGO1608,IndiGo,Chennai,MAA,VOMM,18:50,10:50,19:02,12min late,22:23,6min early,5h 51m,Landed
2026-03-02,QR963,,Qatar Airways,Doha,DOH,OTHH,18:50,10:50,,,,,9h 40m,Cancelled
2026-03-02,8B5258,TNU5258,Business Air,Lombok,LOP,WADL,18:55,10:55,19:03,8min late,19:29,5min early,26m,Landed
2026-03-02,TG440,THA440,Thai Airways International,Bangkok,BKK,VTBS,19:00,11:00,18:59,on time,21:52,22min early,3h 52m,Landed
2026-03-02,AK379,AXM379,AirAsia,Kuala Lumpur,KUL,WMKK,19:15,11:15,20:02,47min late,22:40,20min late,2h 38m,Landed
2026-03-02,QZ809,AWQ809,Indonesia AirAsia,Jakarta,CGK,WIII,19:15,11:15,19:38,23min late,20:05,9min early,1h 26m,Landed
2026-03-02,QG699,CTV699,Citilink,Surabaya,SUB,WARR,19:30,11:30,19:44,14min late,19:20,19min early,36m,Landed
2026-03-02,QG689,CTV689,Citilink,Jakarta,CGK,WIII,19:30,11:30,19:55,25min late,20:26,3min early,1h 30m,Landed
2026-03-02,8B969,TNU969,Business Air,Guangzhou,CAN,ZGGG,19:45,11:45,19:52,7min late,00:48,16min early,4h 56m,Landed
2026-03-02,EK369,,Emirates,Dubai,DXB,OMDB,19:50,11:50,,,,,9h 20m,Cancelled
2026-03-02,QZ807,AWQ807,Indonesia AirAsia,Jakarta,CGK,WIII,20:00,12:00,20:09,9min late,20:37,22min early,1h 28m,Landed
2026-03-02,TR283,TGW283,Scoot,Singapore,SIN,WSSS,20:05,12:05,20:45,40min late,22:59,19min late,2h 14m,Landed
2026-03-02,QG195,,Citilink,Jakarta,HLP,WIHH,20:10,12:10,23:11,1min late,23:35,30min late,1h 24m,Landed
2026-03-02,SQ945,SIA945,Singapore Airlines,Singapore,SIN,WSSS,20:15,12:15,20:26,11min late,22:32,23min early,2h 5m,Landed
2026-03-02,JQ34,JST034,Jetstar Airways,Melbourne,MEL,YMML,20:20,12:20,20:32,12min late,04:36,18min early,5h 3m,Landed
2026-03-02,ID6413,BTK6413,Batik Air,Surabaya,SUB,WARR,20:30,12:30,20:36,6min late,20:12,17min early,36m,Landed
2026-03-02,GA415,GIA415,Garuda Indonesia,Jakarta,CGK,WIII,20:45,12:45,21:18,33min late,21:50,5min late,1h 32m,Landed
2026-03-02,JQ107,JST107,Jetstar Airways,Perth,PER,YPPH,20:45,12:45,20:58,13min late,00:06,13min early,3h 8m,Landed
2026-03-02,IP105,,Pelita Air Service,Jakarta,CGK,WIII,20:50,12:50,,,,,1h 50m,
2026-03-02,OD177,MXD177,Malindo Air,Melbourne,MEL,YMML,20:55,12:55,21:30,35min late,05:41,1min late,5h 11m,Landed
2026-03-02,AK375,AXM375,AirAsia,Kuala Lumpur,KUL,WMKK,21:05,13:05,21:13,8min late,00:09,on time,2h 56m,Landed
2026-03-02,OD171,MXD171,Malindo Air,Sydney,SYD,YSSY,21:10,13:10,22:06,56min late,06:53,38min late,5h 47m,Landed
2026-03-02,QG667,,Citilink,Jakarta,CGK,WIII,21:10,13:10,00:12,2min late,00:40,30min late,1h 28m,Landed
2026-03-02,TK67,THY067,Turkish Airlines,Istanbul,IST,LTFM,21:10,13:10,21:14,4min late,05:02,37min early,12h 48m,Landed
2026-03-02,QF44,QFA044,Qantas,Sydney,SYD,YSSY,21:20,13:20,22:02,42min late,06:40,25min late,5h 37m,Landed
2026-03-02,JQ60,JST060,Jetstar Airways,Brisbane,BNE,YBBN,21:30,13:30,21:48,18min late,05:22,2min late,5h 33m,Landed
2026-03-02,SJ273,SJY273,Sriwijaya Air,Jakarta,CGK,WIII,21:35,13:35,23:41,6min late,00:10,55min late,1h 29m,Landed
2026-03-02,QZ819,AWQ819,Indonesia AirAsia,Jakarta,CGK,WIII,21:35,13:35,22:33,58min late,22:58,33min late,1h 25m,Landed
2026-03-02,GA425,GIA425,Garuda Indonesia,Jakarta,CGK,WIII,21:40,13:40,21:57,17min late,22:30,14min early,1h 32m,Landed
2026-03-02,KL836,KLM836,KLM Royal Dutch Airlines,Singapore,SIN,WSSS,21:40,13:40,22:15,35min late,00:18,8min late,2h 3m,Landed
2026-03-02,SQ947,SIA947,Singapore Airlines,Singapore,SIN,WSSS,21:40,13:40,22:17,37min late,00:30,10min late,2h 13m,Landed
2026-03-02,JQ117,JST117,Jetstar Airways,Perth,PER,YPPH,21:45,13:45,21:54,9min late,01:02,12min early,3h 8m,Landed
2026-03-02,VA94,VOZ094,Virgin Australia,Melbourne,MEL,YMML,22:00,14:00,22:21,21min late,06:28,11min early,5h 6m,Landed
2026-03-02,SV857,SVA857,Saudi Arabian Airlines,Singapore,SIN,WSSS,22:05,14:05,22:20,15min late,00:30,15min early,2h 9m,Landed
2026-03-02,QF46,QFA046,Qantas,Melbourne,MEL,YMML,22:05,14:05,22:54,49min late,07:05,15min late,5h 11m,Landed
2026-03-02,JQ89,JST089,Jetstar Airways,Newcastle,NTL,YWLM,22:20,14:20,22:27,7min late,07:09,5min early,5h 41m,Landed
2026-03-02,JQ38,JST038,Jetstar Airways,Sydney,SYD,YSSY,22:20,14:20,22:45,25min late,07:19,10min early,5h 33m,Landed
2026-03-02,VA66,VOZ066,Virgin Australia,Sydney,SYD,YSSY,22:30,14:30,00:46,16min late,09:39,59min late,5h 53m,Landed
2026-03-02,JT15,LNI015,Lion Air,Jakarta,CGK,WIII,22:45,14:45,22:48,3min late,23:15,24min early,1h 27m,Landed
2026-03-02,JQ128,JST128,Jetstar Airways,Adelaide,ADL,YPAD,22:50,14:50,23:08,18min late,06:05,9min early,4h 27m,Landed
2026-03-02,7C2712,JJA2712,Jeju Air,Seoul,ICN,RKSI,23:05,15:05,23:23,18min late,06:55,14min early,6h 31m,Landed
2026-03-02,3U3986,CSC3986,Sichuan Airlines,Lujia Town,TFU,ZUTF,23:10,15:10,23:10,on time,05:37,17min early,6h 26m,Landed
2026-03-02,8B5109,TNU5109,Business Air,Jakarta,CGK,WIII,23:10,15:10,23:12,2min late,23:39,10min early,1h 26m,Landed
2026-03-02,JQ91,JST091,Jetstar Airways,Cairns,CNS,YBCS,23:10,15:10,21:51,18min early,05:48,3min late,5h 56m,Landed
2026-03-02,VA82,VOZ082,Virgin Australia,Gold Coast,OOL,YBCG,23:20,15:20,,,,,5h 50m,Cancelled
2026-03-02,JQ42,JST042,Jetstar Airways,Melbourne,MEL,YMML,23:40,15:40,23:46,6min late,08:02,27min early,5h 16m,Landed
2026-03-02,QZ420,AWQ420,Indonesia AirAsia,Adelaide,ADL,YPAD,23:45,15:45,00:06,21min late,07:16,8min early,4h 39m,Landed
2026-03-02,KE432,KAL432,Korean Air Lines,Seoul,ICN,RKSI,23:50,15:50,23:50,on time,07:15,29min early,6h 24m,Landed
2026-03-03,BX602,ABL602,Air Busan,Busan,PUS,RKPK,00:05,16:05,00:26,21min late,07:57,32min early,6h 30m,Landed
2026-03-03,QZ548,AWQ548,Indonesia AirAsia,Perth,PER,YPPH,00:15,16:15,00:17,2min late,04:08,13min late,3h 50m,Landed
2026-03-03,8B84,TNU084,Business Air,Perth,PER,YPPH,00:20,16:20,00:12,7min early,03:31,33min early,3h 18m,Landed
2026-03-03,EK399,,Emirates,Dubai,DXB,OMDB,00:25,16:25,,,,,9h 20m,Cancelled
2026-03-03,MF892,CXA892,Xiamen Airlines,Xiamen,XMN,ZSAM,00:30,16:30,01:16,46min late,06:34,29min late,5h 18m,Landed
2026-03-03,QR961,,Qatar Airways,Doha,DOH,OTHH,00:30,16:30,,,,,9h 40m,Cancelled
2026-03-03,CZ626,CSN626,China Southern Airlines,Guangzhou,CAN,ZGGG,00:40,16:40,01:07,27min late,05:53,3min late,4h 46m,Landed
2026-03-03,GA880,GIA880,Garuda Indonesia,Tokyo,NRT,RJAA,00:50,16:50,00:57,7min late,08:42,7min early,6h 45m,Landed
2026-03-03,MU5030,CES5030,China Eastern Airlines,Shanghai,PVG,ZSPD,00:55,16:55,01:06,11min late,06:53,16min early,5h 46m,Landed
2026-03-03,QZ548,AWQ548,Indonesia AirAsia,Perth,PER,YPPH,01:00,17:00,01:29,29min late,05:26,46min late,3h 57m,Landed
2026-03-03,5J282,CEB282,CEBU Pacific Air,Manila,MNL,RPLL,01:00,17:00,01:26,26min late,04:59,15min early,3h 32m,Landed
2026-03-03,SJ726,,Sriwijaya Air,Makassar,UPG,WAAA,01:00,17:00,,,,,1h 20m,
2026-03-03,KE434,KAL434,Korean Air Lines,Seoul,ICN,RKSI,01:05,17:05,15:15,10min late,22:40,40min late,6h 24m,Landed
2026-03-03,PR538,PAL538,Philippine Airlines,Manila,MNL,RPLL,01:10,17:10,01:18,8min late,04:42,27min early,3h 24m,Landed
2026-03-03,8B5888,,TransNusa,Manado,MDC,WAMM,01:30,17:30,,,,,2h 45m,
2026-03-03,QZ534,AWQ534,Indonesia AirAsia,Perth,PER,YPPH,07:00,23:00,07:01,1min late,10:33,16min early,3h 32m,Landed
2026-03-03,IU705,SJV705,SW Italia,Surabaya,SUB,WARR,07:00,23:00,07:09,9min late,06:46,13min early,36m,Landed
2026-03-03,GA401,GIA401,Garuda Indonesia,Jakarta,CGK,WIII,07:00,23:00,07:12,12min late,07:40,19min early,1h 27m,Landed
2026-03-03,JT746,LNI746,Lion Air,Makassar,UPG,WAAA,07:00,23:00,07:04,4min late,10:45,20min late,3h 40m,Landed
2026-03-03,QG690,CTV690,Citilink,Surabaya,SUB,WARR,07:05,23:05,07:32,27min late,07:10,on time,38m,Landed
2026-03-03,JQ82,JST082,Jetstar Airways,Darwin,DRW,YPDN,07:05,23:05,07:22,17min late,11:20,5min late,2h 27m,Landed
2026-03-03,QZ550,AWQ550,Indonesia AirAsia,Kuala Lumpur,KUL,WMKK,07:15,23:15,07:17,2min late,09:54,15min early,2h 37m,Landed
2026-03-03,SQ949,SIA949,Singapore Airlines,Singapore,SIN,WSSS,07:20,23:20,07:30,10min late,09:50,9min early,2h 19m,Landed
2026-03-03,8B5250,TNU5250,Business Air,Lombok,LOP,WADL,07:30,23:30,07:28,1min early,07:54,on time,26m,Landed
2026-03-03,8B551,TNU551,Business Air,Singapore,SIN,WSSS,07:30,23:30,07:34,4min late,09:46,8min early,2h 12m,Landed
2026-03-03,QZ644,AWQ644,Indonesia AirAsia,Labuan Bajo,LBJ,WATO,07:40,23:40,07:36,3min early,10:17,22min late,2h 40m,Landed
2026-03-03,JT21,LNI021,Lion Air,Jakarta,CGK,WIII,08:05,00:05,08:15,10min late,08:46,13min early,1h 30m,Landed
2026-03-03,IW1858,WON1858,Wings Air,Lombok,LOP,WADL,08:05,00:05,08:09,4min late,08:37,17min early,27m,Landed
2026-03-03,HX706,CRK706,Hong Kong Airlines,Hong Kong,HKG,VHHH,08:15,00:15,08:29,14min late,13:02,12min early,4h 32m,Landed
2026-03-03,5J280,CEB280,CEBU Pacific Air,Manila,MNL,RPLL,08:35,00:35,08:50,15min late,12:45,4min early,3h 54m,Landed
2026-03-03,CZ8482,CSN8482,China Southern Airlines,Guangzhou,CAN,ZGGG,08:35,00:35,08:39,4min late,13:25,39min early,4h 46m,Landed
2026-03-03,IW1854,,Wings Air,Lombok,LOP,WADL,08:45,00:45,11:49,4min late,12:16,41min late,27m,Landed
2026-03-03,QG500,CTV500,Citilink,Dili,DIL,WPDL,08:50,00:50,08:53,3min late,11:52,2min early,1h 59m,Landed
2026-03-03,IW1882,WON1882,Wings Air,Sumbawa Besar,SWQ,WADS,08:55,00:55,09:08,13min late,09:46,13min early,38m,Landed
2026-03-03,IN640,LKN640,Nam Air,Tambolaka,TMC,WADT,09:10,01:10,09:53,43min late,11:03,53min late,1h 10m,Landed
2026-03-03,8B5105,TNU5105,Business Air,Jakarta,CGK,WIII,09:15,01:15,09:19,4min late,09:45,14min early,1h 26m,Landed
2026-03-03,IW1848,,Wings Air,Lombok,LOP,WADL,09:25,01:25,12:41,16min late,13:13,58min late,32m,Landed
2026-03-03,QG663,CTV663,Citilink,Jakarta,CGK,WIII,09:35,01:35,09:38,3min late,10:06,28min early,1h 28m,Landed
2026-03-03,8B5634,TNU5634,Business Air,Bima,BMU,WADB,09:35,01:35,09:46,11min late,10:32,2min early,45m,Landed
2026-03-03,ID6324,BTK6324,Batik Air,Tambolaka,TMC,WADT,09:40,01:40,09:41,1min late,10:33,22min early,51m,Landed
2026-03-03,QZ803,AWQ803,Indonesia AirAsia,Jakarta,CGK,WIII,09:40,01:40,09:51,11min late,10:17,12min early,1h 25m,Landed
2026-03-03,8B80,TNU080,Business Air,Perth,PER,YPPH,09:40,01:40,09:35,4min early,13:02,22min early,3h 27m,Landed
2026-03-03,AI2146,AIC2146,Air India,Delhi,DEL,VIDP,10:00,02:00,10:10,10min late,15:02,2min late,7h 21m,Landed
2026-03-03,JQ111,JST111,Jetstar Airways,Perth,PER,YPPH,10:20,02:20,10:36,16min late,13:47,22min early,3h 11m,Landed
2026-03-03,8B5101,TNU5101,Business Air,Jakarta,CGK,WIII,10:30,02:30,10:40,10min late,11:09,5min early,1h 29m,Landed
2026-03-03,SQ935,SIA935,Singapore Airlines,Singapore,SIN,WSSS,10:30,02:30,10:48,18min late,12:55,14min early,2h 7m,Landed
2026-03-03,JT924,LNI924,Lion Air,Kupang,KOE,WATT,10:35,02:35,10:49,14min late,14:34,9min late,3h 44m,Landed
2026-03-03,JT805,,Lion Air,Surabaya,SUB,WARR,10:35,02:35,13:55,20min late,13:31,56min late,36m,Landed
2026-03-03,8G182,DTL182,Mid Africa Aviation,Dili,DIL,WPDL,10:35,02:35,10:57,22min late,13:36,6min late,1h 39m,Landed
2026-03-03,JT33,LNI033,Lion Air,Jakarta,CGK,WIII,10:35,02:35,10:45,10min late,11:14,15min early,1h 29m,Landed
2026-03-03,TR281,TGW281,Scoot,Singapore,SIN,WSSS,11:10,03:10,11:43,33min late,13:53,3min late,2h 9m,Landed
2026-03-03,IW1856,,Wings Air,Lombok,LOP,WADL,11:10,03:10,14:25,15min late,14:55,55min late,30m,Landed
2026-03-03,QG197,,Citilink,Jakarta,HLP,WIHH,11:10,03:10,14:18,8min late,14:42,42min late,1h 24m,Landed
2026-03-03,JQ40,JST040,Jetstar Airways,Sydney,SYD,YSSY,11:15,03:15,11:30,15min late,20:07,7min early,5h 37m,Landed
2026-03-03,QZ813,AWQ813,Indonesia AirAsia,Jakarta,CGK,WIII,11:20,03:20,11:24,4min late,11:49,25min early,1h 25m,Landed
2026-03-03,6E1606,IGO1606,IndiGo,Bangalore,BLR,VOBL,11:30,03:30,11:22,7min early,14:44,50min early,5h 52m,Landed
2026-03-03,JQ32,JST032,Jetstar Airways,Melbourne,MEL,YMML,11:30,03:30,11:23,7min early,19:40,29min early,5h 17m,Landed
2026-03-03,OD172,MXD172,Malindo Air,Kuala Lumpur,KUL,WMKK,11:35,03:35,12:35,0min late,15:12,27min late,2h 36m,Landed
2026-03-03,IW1964,WON1964,Wings Air,Lombok,LOP,WADL,11:40,03:40,11:54,14min late,12:24,5min early,30m,Landed
2026-03-03,ID6331,BTK6331,Batik Air,Labuan Bajo,LBJ,WATO,11:45,03:45,12:46,1min late,14:58,58min late,2h 12m,Landed
2026-03-03,JQ109,JST109,Jetstar Airways,Perth,PER,YPPH,11:45,03:45,11:51,6min late,14:58,37min early,3h 6m,Landed
2026-03-03,IW1850,WON1850,Wings Air,Lombok,LOP,WADL,11:50,03:50,11:46,3min early,12:13,26min early,27m,Landed
2026-03-03,QZ618,AWQ618,Indonesia AirAsia,Banjarmasin,BDJ,WAOO,11:55,03:55,12:08,13min late,13:08,26min early,59m,Landed
2026-03-03,JT31,,Lion Air,Jakarta,CGK,WIII,11:55,03:55,14:59,4min late,15:28,38min late,1h 29m,Landed
2026-03-03,GA407,GIA407,Garuda Indonesia,Jakarta,CGK,WIII,11:55,03:55,12:07,12min late,12:42,12min early,1h 34m,Landed
2026-03-03,FD397,AIQ397,Thai AirAsia,Bangkok,DMK,VTBD,12:00,04:00,11:14,45min early,15:04,15min early,4h 50m,Landed
2026-03-03,GA253,GIA253,Garuda Indonesia,Yogyakarta,YIA,WAHI,12:05,04:05,12:19,14min late,14:54,59min late,3h 34m,Landed
2026-03-03,SQ937,SIA937,Singapore Airlines,Singapore,SIN,WSSS,12:05,04:05,12:31,26min late,14:40,15min early,2h 8m,Landed
2026-03-03,OD192,MXD192,Malindo Air,Kuala Lumpur,KUL,WMKK,12:10,04:10,12:11,1min late,14:45,34min early,2h 34m,Landed
2026-03-03,OD178,MXD178,Malindo Air,Kuala Lumpur,KUL,WMKK,12:15,04:15,12:30,15min late,15:00,24min early,2h 29m,Landed
2026-03-03,8B5254,TNU5254,Business Air,Lombok,LOP,WADL,12:40,04:40,12:42,2min late,13:06,13min early,23m,Landed
2026-03-03,IP103,PAS103,Pelita Air Service,Jakarta,CGK,WIII,12:45,04:45,12:47,2min late,13:18,16min early,1h 31m,Landed
2026-03-03,SQ939,SIA939,Singapore Airlines,Singapore,SIN,WSSS,13:00,05:00,13:46,46min late,16:04,14min late,2h 18m,Landed
2026-03-03,AK365,AXM365,AirAsia,Kuala Lumpur,KUL,WMKK,13:05,05:05,13:24,19min late,16:04,5min early,2h 40m,Landed
2026-03-03,MH714,MAS714,Malaysia Airlines,Kuala Lumpur,KUL,WMKK,13:10,05:10,13:15,5min late,15:50,14min early,2h 35m,Landed
2026-03-03,JT35,,Lion Air,Jakarta,CGK,WIII,13:15,05:15,16:14,59min late,16:41,31min late,1h 27m,Landed
2026-03-03,GA409,,Garuda Indonesia,Jakarta,CGK,WIII,13:25,05:25,,,,,2h 0m,Cancelled
2026-03-03,JQ58,JST058,Jetstar Airways,Brisbane,BNE,YBBN,13:30,05:30,13:37,7min late,21:11,13min early,5h 33m,Landed
2026-03-03,VA9932,VOZ9932,Virgin Australia,Melbourne,MEL,YMML,13:40,05:40,14:04,24min late,22:25,15min late,5h 20m,Landed
2026-03-03,QZ811,AWQ811,Indonesia AirAsia,Jakarta,CGK,WIII,13:40,05:40,14:19,39min late,14:48,18min late,1h 28m,Landed
2026-03-03,ID6509,BTK6509,Batik Air,Jakarta,CGK,WIII,13:45,05:45,13:55,10min late,14:19,20min early,1h 24m,Landed
2026-03-03,8B5107,TNU5107,Business Air,Jakarta,CGK,WIII,13:50,05:50,13:58,8min late,14:23,11min early,1h 25m,Landed
2026-03-03,JT919,,Lion Air,Surabaya,SUB,WARR,13:55,05:55,17:10,15min late,16:45,50min late,35m,Landed
2026-03-03,QZ544,AWQ544,Indonesia AirAsia,Perth,PER,YPPH,14:00,06:00,14:16,16min late,17:33,16min early,3h 17m,Landed
2026-03-03,6E1612,IGO1612,IndiGo,Bhubaneswar,BBI,VEBS,14:00,06:00,14:54,54min late,18:05,25min late,5h 40m,Landed
2026-03-03,QG342,CTV342,Citilink,Makassar,UPG,WAAA,14:00,06:00,14:53,53min late,16:14,44min late,1h 20m,Landed
2026-03-03,QG687,,Citilink,Jakarta,CGK,WIII,14:00,06:00,16:57,57min late,17:25,25min late,1h 28m,Landed
2026-03-03,8B82,,TransNusa,Perth,PER,YPPH,14:00,06:00,,,,,3h 40m,
2026-03-03,VJ894,VJC894,VietJet Air,Ho Chi Minh City,SGN,VVTS,14:05,06:05,14:14,9min late,16:41,23min early,3h 27m,Landed
2026-03-03,IU130,SJV130,SW Italia,Semarang,SRG,WIIS,14:15,06:15,14:23,8min late,14:19,15min early,56m,Landed
2026-03-03,ID7308,BTK7308,Batik Air,Jakarta,HLP,WIHH,14:20,06:20,14:31,11min late,14:57,12min early,1h 25m,Landed
2026-03-03,QZ246,AWQ246,Indonesia AirAsia,Phuket,HKT,VTSP,14:25,06:25,14:27,2min late,16:56,18min early,3h 29m,Landed
2026-03-03,QZ556,AWQ556,Indonesia AirAsia,Kuala Lumpur,KUL,WMKK,14:30,06:30,15:14,44min late,17:45,15min late,2h 31m,Landed
2026-03-03,TR289,TGW289,Scoot,Singapore,SIN,WSSS,14:35,06:35,15:00,25min late,17:44,14min late,2h 43m,Landed
2026-03-03,JQ43,JST043,Jetstar Airways,Singapore,SIN,WSSS,14:50,06:50,15:17,27min late,17:56,1min late,2h 39m,Landed
2026-03-03,OD307,MXD307,Malindo Air,Kuala Lumpur,KUL,WMKK,14:50,06:50,15:33,43min late,18:10,15min late,2h 36m,Landed
2026-03-03,JQ44,JST044,Jetstar Airways,Melbourne,MEL,YMML,14:55,06:55,15:22,27min late,23:25,9min early,5h 2m,Landed
2026-03-03,QG681,CTV681,Citilink,Jakarta,CGK,WIII,15:00,07:00,15:11,11min late,15:39,20min early,1h 27m,Landed
2026-03-03,VA48,VOZ048,Virgin Australia,Brisbane,BNE,YBBN,15:00,07:00,15:06,6min late,22:55,on time,5h 48m,Landed
2026-03-03,IU120,SJV120,SW Italia,Yogyakarta,YIA,WAHI,15:00,07:00,15:27,27min late,15:32,2min late,1h 5m,Landed
2026-03-03,QZ821,AWQ821,Indonesia AirAsia,Jakarta,CGK,WIII,15:05,07:05,15:57,52min late,16:24,24min late,1h 27m,Landed
2026-03-03,GA842,GIA842,Garuda Indonesia,Singapore,SIN,WSSS,15:15,07:15,15:24,9min late,18:05,5min late,2h 40m,Landed
2026-03-03,AK377,AXM377,AirAsia,Kuala Lumpur,KUL,WMKK,15:25,07:25,15:59,34min late,18:40,15min late,2h 41m,Landed
2026-03-03,JT740,LNI740,Lion Air,Makassar,UPG,WAAA,15:30,07:30,15:40,10min late,10:25,30min late,18h 44m,Landed
2026-03-03,GA411,GIA411,Garuda Indonesia,Jakarta,CGK,WIII,15:35,07:35,16:08,33min late,16:38,1min early,1h 30m,Landed
2026-03-03,VJ898,VJC898,VietJet Air,Ho Chi Minh City,SGN,VVTS,15:35,07:35,15:37,2min late,17:55,29min early,3h 18m,Landed
2026-03-03,QG669,CTV669,Citilink,Surabaya,SUB,WARR,15:35,07:35,15:53,18min late,16:03,18min late,1h 10m,Landed
2026-03-03,CI772,CAL772,China Airlines,Taipei,TPE,RCTP,15:45,07:45,15:50,5min late,20:37,27min early,4h 47m,Landed
2026-03-03,VA92,VOZ092,Virgin Australia,Melbourne,MEL,YMML,15:50,07:50,16:00,10min late,00:16,13min early,5h 16m,Landed
2026-03-03,8B5256,TNU5256,Business Air,Lombok,LOP,WADL,15:55,07:55,16:02,7min late,16:26,23min early,24m,Landed
2026-03-03,IP109,PAS109,Pelita Air Service,Jakarta,CGK,WIII,16:00,08:00,16:04,4min late,16:35,14min early,1h 30m,Landed
2026-03-03,QZ536,AWQ536,Indonesia AirAsia,Perth,PER,YPPH,16:00,08:00,16:12,12min late,19:35,9min early,3h 22m,Landed
2026-03-03,VN640,HVN640,Vietnam Airlines,Ho Chi Minh City,SGN,VVTS,16:05,08:05,16:21,16min late,18:33,21min early,3h 12m,Landed
2026-03-03,TG432,THA432,Thai Airways International,Bangkok,BKK,VTBS,16:10,08:10,16:07,2min early,18:45,39min early,3h 38m,Landed
2026-03-03,CX784,CPA784,Cathay Pacific,Hong Kong,HKG,VHHH,16:20,08:20,16:34,14min late,20:50,34min early,4h 15m,Landed
2026-03-03,MH850,MAS850,Malaysia Airlines,Kuala Lumpur,KUL,WMKK,16:25,08:25,16:40,15min late,19:15,19min early,2h 35m,Landed
2026-03-03,IW1852,WON1852,Wings Air,Lombok,LOP,WADL,16:30,08:30,16:36,6min late,17:03,16min early,27m,Landed
2026-03-03,BR256,EVA256,EVA Airways,Taipei,TPE,RCTP,16:40,08:40,16:53,13min late,21:50,5min late,4h 57m,Landed
2026-03-03,IU703,,SW Italia,Surabaya,SUB,WARR,16:40,08:40,,,,,1h 0m,
2026-03-03,GA349,GIA349,Garuda Indonesia,Surabaya,SUB,WARR,16:55,08:55,17:11,16min late,16:54,15min early,43m,Landed
2026-03-03,QZ807,AWQ807,Indonesia AirAsia,Jakarta,CGK,WIII,16:55,08:55,17:38,43min late,18:06,6min late,1h 28m,Landed
2026-03-03,GA419,GIA419,Garuda Indonesia,Jakarta,CGK,WIII,17:25,09:25,17:32,7min late,18:12,12min early,1h 40m,Landed
2026-03-03,VJ998,VJC998,VietJet Air,Hanoi,HAN,VVNB,17:25,09:25,17:27,2min late,21:03,31min early,4h 36m,Landed
2026-03-03,HO1356,DKH1356,Juneyao Airlines,Shanghai,PVG,ZSPD,17:25,09:25,17:18,6min early,23:07,42min early,5h 48m,Landed
2026-03-03,TR211,TGW211,Scoot,Singapore,SIN,WSSS,17:35,09:35,17:36,1min late,19:50,54min early,2h 13m,Landed
2026-03-03,IU759,SJV759,SW Italia,Jakarta,CGK,WIII,17:40,09:40,18:17,37min late,18:48,13min late,1h 30m,Landed
2026-03-03,IP107,,Pelita Air Service,Jakarta,CGK,WIII,17:40,09:40,,,,,1h 50m,
2026-03-03,OD193,MXD193,Malindo Air,Perth,PER,YPPH,18:10,10:10,18:20,10min late,21:30,14min early,3h 9m,Landed
2026-03-03,IU126,SJV126,SW Italia,Surakarta,SOC,WAHQ,18:10,10:10,18:46,36min late,18:47,17min late,1h 0m,Landed
2026-03-03,IN281,LKN281,Nam Air,Jakarta,CGK,WIII,18:30,10:30,18:42,12min late,19:16,6min late,1h 33m,Landed
2026-03-03,IN283,,NAM Air,Jakarta,CGK,WIII,18:30,10:30,,,,,1h 40m,
2026-03-03,IP111,,Pelita Air Service,Jakarta,CGK,WIII,18:35,10:35,,,,,1h 50m,
2026-03-03,QZ504,AWQ504,Indonesia AirAsia,Singapore,SIN,WSSS,18:40,10:40,19:40,0min late,21:56,36min late,2h 16m,Landed
2026-03-03,GA417,GIA417,Garuda Indonesia,Jakarta,CGK,WIII,18:40,10:40,18:51,11min late,19:32,7min early,1h 41m,Landed
2026-03-03,EY477,,Etihad Airways,Abu Dhabi,AUH,OMAA,18:45,10:45,18:58,13min late,23:44,on time,8h 46m,Landed
2026-03-03,6E1608,IGO1608,IndiGo,Chennai,MAA,VOMM,18:50,10:50,19:18,28min late,22:36,6min late,5h 47m,Landed
2026-03-03,QR963,,Qatar Airways,Doha,DOH,OTHH,18:50,10:50,,,,,9h 40m,Cancelled
2026-03-03,8B5258,,TransNusa,Lombok,LOP,WADL,18:55,10:55,,,,,40m,
2026-03-03,TG440,THA440,Thai Airways International,Bangkok,BKK,VTBS,19:00,11:00,18:55,4min early,21:43,31min early,3h 47m,Landed
2026-03-03,AK379,AXM379,AirAsia,Kuala Lumpur,KUL,WMKK,19:15,11:15,19:49,34min late,22:49,29min late,3h 0m,Landed
2026-03-03,QZ809,AWQ809,Indonesia AirAsia,Jakarta,CGK,WIII,19:15,11:15,21:27,12min late,21:57,42min late,1h 29m,Landed
2026-03-03,MH852,MAS852,Malaysia Airlines,Kuala Lumpur,KUL,WMKK,19:15,11:15,19:33,18min late,22:09,5min early,2h 35m,Landed
2026-03-03,QG689,,Citilink,Jakarta,CGK,WIII,19:30,11:30,22:27,57min late,22:55,25min late,1h 28m,Landed
2026-03-03,QG699,CTV699,Citilink,Surabaya,SUB,WARR,19:30,11:30,19:35,5min late,19:18,21min early,43m,Landed
2026-03-03,8B969,TNU969,Business Air,Guangzhou,CAN,ZGGG,19:45,11:45,19:53,8min late,00:41,23min early,4h 48m,Landed
2026-03-03,EK369,,Emirates,Dubai,DXB,OMDB,19:50,11:50,,,,,9h 20m,Cancelled
2026-03-03,TR283,TGW283,Scoot,Singapore,SIN,WSSS,20:05,12:05,20:13,8min late,22:21,19min early,2h 8m,Landed
2026-03-03,QG195,CTV195,Citilink,Jakarta,HLP,WIHH,20:10,12:10,20:20,10min late,21:00,4min early,1h 39m,Landed
2026-03-03,SQ945,SIA945,Singapore Airlines,Singapore,SIN,WSSS,20:15,12:15,20:25,10min late,22:31,24min early,2h 5m,Landed
2026-03-03,JQ34,JST034,Jetstar Airways,Melbourne,MEL,YMML,20:20,12:20,20:38,18min late,04:48,6min early,5h 10m,Landed
2026-03-03,ID6413,BTK6413,Batik Air,Surabaya,SUB,WARR,20:30,12:30,20:42,12min late,20:17,12min early,35m,Landed
2026-03-03,IP105,,Pelita Air Service,Jakarta,CGK,WIII,20:50,12:50,,,,,1h 50m,
2026-03-03,OD177,MXD177,Malindo Air,Melbourne,MEL,YMML,20:55,12:55,21:04,9min late,05:20,19min early,5h 16m,Landed
2026-03-03,AK375,AXM375,AirAsia,Kuala Lumpur,KUL,WMKK,21:05,13:05,21:40,35min late,00:18,8min late,2h 37m,Landed
2026-03-03,OD171,MXD171,Malindo Air,Sydney,SYD,YSSY,21:10,13:10,21:56,46min late,06:36,21min late,5h 39m,Landed
2026-03-03,QG667,CTV667,Citilink,Jakarta,CGK,WIII,21:10,13:10,21:24,14min late,21:54,15min early,1h 29m,Landed
2026-03-03,TK67,THY067,Turkish Airlines,Istanbul,IST,LTFM,21:10,13:10,21:21,11min late,05:28,11min early,13h 6m,Landed
2026-03-03,QF44,QFA044,Qantas,Sydney,SYD,YSSY,21:20,13:20,21:32,12min late,06:11,3min early,5h 38m,Landed
2026-03-03,JQ60,JST060,Jetstar Airways,Brisbane,BNE,YBBN,21:30,13:30,22:00,30min late,05:28,8min late,5h 27m,Landed
2026-03-03,QZ819,AWQ819,Indonesia AirAsia,Jakarta,CGK,WIII,21:35,13:35,22:07,32min late,22:36,11min late,1h 28m,Landed
2026-03-03,KL836,KLM836,KLM Royal Dutch Airlines,Singapore,SIN,WSSS,21:40,13:40,17:53,46min early,00:01,8min early,6h 7m,Landed
2026-03-03,SQ947,SIA947,Singapore Airlines,Singapore,SIN,WSSS,21:40,13:40,22:15,35min late,00:28,8min late,2h 12m,Landed
2026-03-03,JQ117,JST117,Jetstar Airways,Perth,PER,YPPH,21:45,13:45,21:47,2min late,00:59,15min early,3h 11m,Landed
2026-03-03,TK311,THY311,Turkish Airlines,Istanbul,IST,LTFM,22:00,14:00,22:03,3min late,06:22,2min early,13h 18m,Landed
2026-03-03,OD157,MXD157,Malindo Air,Brisbane,BNE,YBBN,22:10,14:10,22:26,16min late,06:00,on time,5h 34m,Landed
2026-03-03,JQ38,JST038,Jetstar Airways,Sydney,SYD,YSSY,22:20,14:20,22:28,8min late,07:09,20min early,5h 41m,Landed
2026-03-03,JT15,LNI015,Lion Air,Jakarta,CGK,WIII,22:45,14:45,22:39,5min early,23:09,30min early,1h 30m,Landed
2026-03-03,JQ128,JST128,Jetstar Airways,Adelaide,ADL,YPAD,22:50,14:50,23:00,10min late,06:25,10min late,4h 55m,Landed
2026-03-03,7C2712,JJA2712,Jeju Air,Seoul,ICN,RKSI,23:05,15:05,23:17,12min late,06:56,13min early,6h 39m,Landed
2026-03-03,SJ273,SJY273,Sriwijaya Air,Jakarta,CGK,WIII,23:10,15:10,23:54,44min late,00:19,24min late,1h 25m,Landed
2026-03-03,8B5109,TNU5109,Business Air,Jakarta,CGK,WIII,23:10,15:10,23:05,4min early,23:31,18min early,1h 26m,Landed
2026-03-03,3U3986,CSC3986,Sichuan Airlines,Lujia Town,TFU,ZUTF,23:10,15:10,23:11,1min late,05:20,34min early,6h 9m,Landed
2026-03-03,JQ42,JST042,Jetstar Airways,Melbourne,MEL,YMML,23:40,15:40,00:20,40min late,08:37,7min late,5h 17m,Landed
2026-03-03,KE432,KAL432,Korean Air Lines,Seoul,ICN,RKSI,23:50,15:50,00:09,19min late,07:26,18min early,6h 17m,Landed
2026-03-04,BX602,ABL602,Air Busan,Busan,PUS,RKPK,00:05,16:05,00:24,19min late,07:41,48min early,6h 16m,Landed
2026-03-04,QZ548,AWQ548,Indonesia AirAsia,Perth,PER,YPPH,00:15,16:15,00:17,2min late,04:08,13min late,3h 50m,Landed
2026-03-04,8B84,TNU084,Business Air,Perth,PER,YPPH,00:20,16:20,22:23,56min early,03:15,49min early,4h 52m,Landed
2026-03-04,EK399,,Emirates,Dubai,DXB,OMDB,00:25,16:25,,,,,9h 20m,Cancelled
2026-03-04,QR961,,Qatar Airways,Doha,DOH,OTHH,00:30,16:30,,,,,9h 40m,Cancelled
2026-03-04,MF892,CXA892,Xiamen Airlines,Xiamen,XMN,ZSAM,00:30,16:30,00:58,28min late,06:22,17min late,5h 24m,Landed
2026-03-04,CZ626,CSN626,China Southern Airlines,Guangzhou,CAN,ZGGG,00:40,16:40,01:03,23min late,06:14,24min late,5h 10m,Landed
2026-03-04,GA880,GIA880,Garuda Indonesia,Tokyo,NRT,RJAA,00:50,16:50,01:12,22min late,08:28,21min early,6h 15m,Landed
2026-03-04,MU5030,CES5030,China Eastern Airlines,Shanghai,PVG,ZSPD,00:55,16:55,01:36,41min late,07:46,36min late,6h 10m,Landed
2026-03-04,QZ548,AWQ548,Indonesia AirAsia,Perth,PER,YPPH,01:00,17:00,01:21,21min late,05:09,29min late,3h 48m,Landed
2026-03-04,SJ726,,Sriwijaya Air,Makassar,UPG,WAAA,01:00,17:00,,,,,1h 20m,
2026-03-04,KE434,,Korean Air Lines,Seoul,ICN,RKSI,01:05,17:05,01:57,52min late,09:07,7min late,6h 10m,Landed
2026-03-04,PR538,PAL538,Philippine Airlines,Manila,MNL,RPLL,01:10,17:10,01:18,8min late,04:42,27min early,3h 24m,Landed
2026-03-04,8B5888,,TransNusa,Manado,MDC,WAMM,01:30,17:30,,,,,2h 45m,
2026-03-04,JT746,LNI746,Lion Air,Makassar,UPG,WAAA,07:00,23:00,07:04,4min late,10:45,20min late,3h 40m,Landed
2026-03-04,QZ534,AWQ534,Indonesia AirAsia,Perth,PER,YPPH,07:00,23:00,07:01,1min late,10:33,16min early,3h 32m,Landed
2026-03-04,IU705,SJV705,SW Italia,Surabaya,SUB,WARR,07:00,23:00,07:09,9min late,06:46,13min early,36m,Landed
2026-03-04,GA401,GIA401,Garuda Indonesia,Jakarta,CGK,WIII,07:00,23:00,07:12,12min late,07:40,19min early,1h 27m,Landed
2026-03-04,QG690,CTV690,Citilink,Surabaya,SUB,WARR,07:05,23:05,07:32,27min late,07:10,on time,38m,Landed
2026-03-04,JQ82,JST082,Jetstar Airways,Darwin,DRW,YPDN,07:05,23:05,07:22,17min late,11:20,5min late,2h 27m,Landed
2026-03-04,QZ550,AWQ550,Indonesia AirAsia,Kuala Lumpur,KUL,WMKK,07:15,23:15,07:17,2min late,09:54,15min early,2h 37m,Landed
2026-03-04,SQ949,SIA949,Singapore Airlines,Singapore,SIN,WSSS,07:20,23:20,07:30,10min late,09:50,9min early,2h 19m,Landed
2026-03-04,8B5250,TNU5250,Business Air,Lombok,LOP,WADL,07:30,23:30,07:28,1min early,07:54,on time,26m,Landed
2026-03-04,8B551,TNU551,Business Air,Singapore,SIN,WSSS,07:30,23:30,07:27,2min early,09:42,12min early,2h 15m,Landed
2026-03-04,QZ644,AWQ644,Indonesia AirAsia,Labuan Bajo,LBJ,WATO,07:40,23:40,07:40,on time,08:26,29min early,45m,Landed
2026-03-04,ID6333,BTK6333,Batik Air,Labuan Bajo,LBJ,WATO,07:55,23:55,08:12,17min late,09:07,2min early,54m,Landed
2026-03-04,IW1858,WON1858,Wings Air,Lombok,LOP,WADL,08:05,00:05,08:02,2min early,08:30,24min early,27m,Landed
2026-03-04,JT21,LNI021,Lion Air,Jakarta,CGK,WIII,08:05,00:05,08:17,12min late,08:48,11min early,1h 31m,Landed
2026-03-04,HX706,CRK706,Hong Kong Airlines,Hong Kong,HKG,VHHH,08:15,00:15,08:32,17min late,12:56,18min early,4h 23m,Landed
2026-03-04,5J280,CEB280,CEBU Pacific Air,Manila,MNL,RPLL,08:35,00:35,09:53,18min late,13:25,35min late,3h 31m,Landed
2026-03-04,CZ8482,CSN8482,China Southern Airlines,Guangzhou,CAN,ZGGG,08:35,00:35,08:38,3min late,18:39,44min late,10h 1m,Landed
2026-03-04,IW1854,,Wings Air,Lombok,LOP,WADL,08:45,00:45,11:38,53min late,12:05,30min late,27m,Landed
2026-03-04,QG500,CTV500,Citilink,Dili,DIL,WPDL,08:50,00:50,08:39,10min early,11:30,24min early,1h 51m,Landed
2026-03-04,IW1882,WON1882,Wings Air,Sumbawa Besar,SWQ,WADS,08:55,00:55,09:20,25min late,10:08,8min late,48m,Landed
2026-03-04,IN640,,NAM Air,Tambolaka,TMC,WADT,09:10,01:10,09:27,17min late,10:10,,1h 0m,Landed
2026-03-04,SJ740,,Sriwijaya Air,Waingapu,WGP,WADW,09:10,01:10,09:10,,10:30,,1h 20m,Landed
2026-03-04,8B5105,TNU5105,Business Air,Jakarta,CGK,WIII,09:15,01:15,09:03,11min early,09:32,27min early,1h 28m,Landed
2026-03-04,IW1848,,Wings Air,Lombok,LOP,WADL,09:25,01:25,12:26,1min late,12:57,42min late,31m,Landed
2026-03-04,ID6007,BTK6007,Batik Air,Perth,PER,YPPH,09:30,01:30,09:49,19min late,13:07,7min early,3h 18m,Landed
2026-03-04,8B5634,TNU5634,Business Air,Bima,BMU,WADB,09:35,01:35,09:35,on time,11:44,9min late,2h 8m,Landed
2026-03-04,QG663,,Citilink,Jakarta,CGK,WIII,09:35,01:35,12:37,2min late,13:03,28min late,1h 26m,Landed
2026-03-04,8B80,,TransNusa,Perth,PER,YPPH,09:40,01:40,,,,,3h 45m,
2026-03-04,QZ803,AWQ803,Indonesia AirAsia,Jakarta,CGK,WIII,09:40,01:40,09:58,18min late,10:29,on time,1h 31m,Landed
2026-03-04,ID6324,BTK6324,Batik Air,Tambolaka,TMC,WADT,09:40,01:40,10:02,22min late,10:54,on time,51m,Landed
2026-03-04,SU297,AFL297,Aeroflot,Moscow,SVO,UUEE,10:05,02:05,10:50,45min late,18:12,17min late,12h 22m,Landed
2026-03-04,JQ126,JST126,Jetstar Airways,Adelaide,ADL,YPAD,10:15,02:15,10:09,5min early,17:17,27min early,4h 37m,Landed
2026-03-04,SQ935,SIA935,Singapore Airlines,Singapore,SIN,WSSS,10:30,02:30,10:33,3min late,12:53,16min early,2h 19m,Landed
2026-03-04,8B5101,TNU5101,Business Air,Jakarta,CGK,WIII,10:30,02:30,10:56,26min late,11:21,6min late,1h 25m,Landed
2026-03-04,JT924,LNI924,Lion Air,Kupang,KOE,WATT,10:35,02:35,11:08,33min late,12:43,18min late,1h 35m,Landed
2026-03-04,JT805,,Lion Air,Surabaya,SUB,WARR,10:35,02:35,13:52,17min late,13:28,53min late,36m,Landed
2026-03-04,JT33,LNI033,Lion Air,Jakarta,CGK,WIII,10:35,02:35,11:23,48min late,11:50,20min late,1h 27m,Landed
2026-03-04,8G182,DTL182,Mid Africa Aviation,Dili,DIL,WPDL,10:35,02:35,10:36,1min late,13:20,9min early,1h 43m,Landed
2026-03-04,QZ646,AWQ646,Indonesia AirAsia,Labuan Bajo,LBJ,WATO,11:00,03:00,11:21,21min late,13:06,46min late,1h 45m,Landed
2026-03-04,QG197,CTV197,Citilink,Jakarta,HLP,WIHH,11:10,03:10,11:01,9min early,11:47,12min early,1h 46m,Landed
2026-03-04,IW1856,WON1856,Wings Air,Lombok,LOP,WADL,11:10,03:10,11:27,17min late,11:59,on time,32m,Landed
2026-03-04,TR281,TGW281,Scoot,Singapore,SIN,WSSS,11:10,03:10,11:32,22min late,13:44,6min early,2h 11m,Landed
2026-03-04,JQ40,JST040,Jetstar Airways,Sydney,SYD,YSSY,11:15,03:15,11:14,on time,20:00,15min early,5h 45m,Landed
2026-03-04,QZ813,AWQ813,Indonesia AirAsia,Jakarta,CGK,WIII,11:20,03:20,11:39,19min late,12:11,3min early,1h 32m,Landed
2026-03-04,JQ32,JST032,Jetstar Airways,Melbourne,MEL,YMML,11:30,03:30,11:50,20min late,20:21,11min late,5h 31m,Landed
2026-03-04,6E1606,IGO1606,IndiGo,Bangalore,BLR,VOBL,11:30,03:30,11:26,3min early,14:53,41min early,5h 57m,Landed
2026-03-04,QZ780,AWQ780,Indonesia AirAsia,Balikpapan,BPN,WALL,11:30,03:30,11:35,5min late,15:09,54min late,3h 34m,Landed
2026-03-04,OD172,MXD172,Malindo Air,Kuala Lumpur,KUL,WMKK,11:35,03:35,12:21,46min late,15:21,36min late,2h 59m,Landed
2026-03-04,IW1902,WON1902,Wings Air,Jember,JBB,WARE,11:40,03:40,11:53,13min late,11:23,36min early,30m,Landed
2026-03-04,IW1964,WON1964,Wings Air,Lombok,LOP,WADL,11:40,03:40,14:53,13min late,15:33,3min late,39m,Landed
2026-03-04,JQ109,JST109,Jetstar Airways,Perth,PER,YPPH,11:45,03:45,12:01,16min late,15:11,23min early,3h 9m,Landed
2026-03-04,ID6331,BTK6331,Batik Air,Labuan Bajo,LBJ,WATO,11:45,03:45,12:09,24min late,13:01,1min late,52m,Landed
2026-03-04,JT31,,Lion Air,Jakarta,CGK,WIII,11:55,03:55,15:02,7min late,15:31,41min late,1h 29m,Landed
2026-03-04,GA407,GIA407,Garuda Indonesia,Jakarta,CGK,WIII,11:55,03:55,12:06,11min late,12:33,21min early,1h 26m,Landed
2026-03-04,FD397,AIQ397,Thai AirAsia,Bangkok,DMK,VTBD,12:00,04:00,12:32,32min late,15:30,10min late,3h 58m,Landed
2026-03-04,SQ937,SIA937,Singapore Airlines,Singapore,SIN,WSSS,12:05,04:05,12:26,21min late,15:07,12min late,2h 40m,Landed
2026-03-04,GA253,GIA253,Garuda Indonesia,Yogyakarta,YIA,WAHI,12:05,04:05,12:15,10min late,12:31,23min early,1h 15m,Landed
2026-03-04,OD192,MXD192,Malindo Air,Kuala Lumpur,KUL,WMKK,12:10,04:10,12:12,2min late,15:05,14min early,2h 52m,Landed
2026-03-04,SJ742,,Sriwijaya Air,Tambolaka,TMC,WADT,12:10,04:10,12:10,on time,13:10,,1h 0m,Landed
2026-03-04,OD178,MXD178,Malindo Air,Kuala Lumpur,KUL,WMKK,12:15,04:15,12:19,4min late,15:17,7min early,2h 57m,Landed
2026-03-04,JT844,,Lion Air,Banjarmasin,BDJ,WAOO,12:30,04:30,15:37,7min late,16:38,38min late,1h 1m,Landed
2026-03-04,8B5254,TNU5254,Business Air,Lombok,LOP,WADL,12:40,04:40,12:36,3min early,13:01,18min early,24m,Landed
2026-03-04,IP103,PAS103,Pelita Air Service,Jakarta,CGK,WIII,12:45,04:45,12:51,6min late,13:21,13min early,1h 29m,Landed
2026-03-04,OD158,MXD158,Malindo Air,Kuala Lumpur,KUL,WMKK,12:45,04:45,12:36,8min early,15:52,2min early,3h 16m,Landed
2026-03-04,SQ939,SIA939,Singapore Airlines,Singapore,SIN,WSSS,13:00,05:00,13:05,5min late,15:32,17min early,2h 27m,Landed
2026-03-04,AK365,AXM365,AirAsia,Kuala Lumpur,KUL,WMKK,13:05,05:05,13:17,12min late,16:00,9min early,2h 43m,Landed
2026-03-04,MH714,MAS714,Malaysia Airlines,Kuala Lumpur,KUL,WMKK,13:10,05:10,13:25,15min late,16:24,19min late,2h 58m,Landed
2026-03-04,JT35,,Lion Air,Jakarta,CGK,WIII,13:15,05:15,16:27,12min late,16:54,44min late,1h 27m,Landed
2026-03-04,GA409,GIA409,Garuda Indonesia,Jakarta,CGK,WIII,13:25,05:25,13:31,6min late,14:16,8min early,1h 45m,Landed
2026-03-04,JQ58,JST058,Jetstar Airways,Brisbane,BNE,YBBN,13:30,05:30,13:32,2min late,21:18,6min early,5h 46m,Landed
2026-03-04,JT660,LNI660,Lion Air,Balikpapan,BPN,WALL,13:30,05:30,14:04,34min late,15:23,8min late,1h 19m,Landed
2026-03-04,QZ811,AWQ811,Indonesia AirAsia,Jakarta,CGK,WIII,13:40,05:40,14:14,34min late,14:44,14min late,1h 30m,Landed
2026-03-04,ID6509,BTK6509,Batik Air,Jakarta,CGK,WIII,13:45,05:45,13:49,4min late,14:17,22min early,1h 28m,Landed
2026-03-04,8B5107,,TransNusa,Jakarta,CGK,WIII,13:50,05:50,,,,,1h 45m,
2026-03-04,JT919,LNI919,Lion Air,Surabaya,SUB,WARR,13:55,05:55,14:46,51min late,14:21,26min late,35m,Landed
2026-03-04,QG687,CTV687,Citilink,Jakarta,CGK,WIII,14:00,06:00,14:10,10min late,14:41,18min early,1h 30m,Landed
2026-03-04,8B82,TNU082,Business Air,Perth,PER,YPPH,14:00,06:00,14:00,on time,17:18,21min early,3h 18m,Landed
2026-03-04,6E1612,IGO1612,IndiGo,Bhubaneswar,BBI,VEBS,14:00,06:00,14:43,43min late,17:52,12min late,5h 38m,Landed
2026-03-04,QG342,,Citilink,Makassar,UPG,WAAA,14:00,06:00,17:07,7min late,18:12,42min late,1h 5m,Landed
2026-03-04,QZ544,AWQ544,Indonesia AirAsia,Perth,PER,YPPH,14:00,06:00,14:08,8min late,17:28,21min early,3h 20m,Landed
2026-03-04,VJ894,VJC894,VietJet Air,Ho Chi Minh City,SGN,VVTS,14:05,06:05,13:57,7min early,16:22,42min early,3h 25m,Landed
2026-03-04,IU130,SJV130,SW Italia,Semarang,SRG,WIIS,14:15,06:15,14:19,4min late,14:17,17min early,58m,Landed
2026-03-04,ID7308,BTK7308,Batik Air,Jakarta,HLP,WIHH,14:20,06:20,14:27,7min late,14:53,16min early,1h 25m,Landed
2026-03-04,QZ506,AWQ506,Indonesia AirAsia,Singapore,SIN,WSSS,14:25,06:25,15:08,43min late,17:42,22min late,2h 34m,Landed
2026-03-04,QZ556,AWQ556,Indonesia AirAsia,Kuala Lumpur,KUL,WMKK,14:30,06:30,15:22,52min late,18:06,36min late,2h 43m,Landed
2026-03-04,TR289,TGW289,Scoot,Singapore,SIN,WSSS,14:35,06:35,14:50,15min late,17:26,3min early,2h 35m,Landed
2026-03-04,JQ43,JST043,Jetstar Airways,Singapore,SIN,WSSS,14:50,06:50,16:40,50min late,18:59,4min late,2h 19m,Landed
2026-03-04,OD307,MXD307,Malindo Air,Kuala Lumpur,KUL,WMKK,14:50,06:50,15:14,24min late,17:49,5min early,2h 34m,Landed
2026-03-04,JQ44,JST044,Jetstar Airways,Melbourne,MEL,YMML,14:55,06:55,15:01,6min late,23:19,15min early,5h 18m,Landed
2026-03-04,QG681,CTV681,Citilink,Jakarta,CGK,WIII,15:00,07:00,15:19,19min late,15:49,10min early,1h 30m,Landed
2026-03-04,VA48,VOZ048,Virgin Australia,Brisbane,BNE,YBBN,15:00,07:00,15:04,4min late,22:42,12min early,5h 37m,Landed
2026-03-04,IU120,SJV120,SW Italia,Yogyakarta,YIA,WAHI,15:00,07:00,15:24,24min late,15:37,7min late,1h 13m,Landed
2026-03-04,AI2148,AIC2148,Air India,Delhi,DEL,VIDP,15:10,07:10,15:26,16min late,20:13,8min late,7h 17m,Landed
2026-03-04,GA842,GIA842,Garuda Indonesia,Singapore,SIN,WSSS,15:15,07:15,15:29,14min late,18:04,4min late,2h 35m,Landed
2026-03-04,AK377,AXM377,AirAsia,Kuala Lumpur,KUL,WMKK,15:25,07:25,16:26,1min late,19:10,45min late,2h 44m,Landed
2026-03-04,JT740,LNI740,Lion Air,Makassar,UPG,WAAA,15:30,07:30,16:15,45min late,06:23,28min late,14h 8m,Landed
2026-03-04,QG669,CTV669,Citilink,Surabaya,SUB,WARR,15:35,07:35,16:01,26min late,19:04,19min late,4h 3m,Landed
2026-03-04,VJ898,VJC898,VietJet Air,Ho Chi Minh City,SGN,VVTS,15:35,07:35,16:04,29min late,18:31,6min late,3h 26m,Landed
2026-03-04,SJ717,SJY717,Sriwijaya Air,Makassar,UPG,WAAA,15:40,07:40,15:57,17min late,16:58,1min early,1h 0m,Landed
2026-03-04,IW1850,WON1850,Wings Air,Lombok,LOP,WADL,15:40,07:40,15:33,6min early,16:06,23min early,33m,Landed
2026-03-04,CI772,CAL772,China Airlines,Taipei,TPE,RCTP,15:45,07:45,15:51,6min late,20:39,25min early,4h 48m,Landed
2026-03-04,8B5256,TNU5256,Business Air,Lombok,LOP,WADL,15:55,07:55,15:55,on time,16:24,25min early,28m,Landed
2026-03-04,QZ246,AWQ246,Indonesia AirAsia,Phuket,HKT,VTSP,15:55,07:55,16:24,29min late,18:42,2min late,3h 18m,Landed
2026-03-04,QZ536,AWQ536,Indonesia AirAsia,Perth,PER,YPPH,16:00,08:00,16:21,21min late,19:37,7min early,3h 16m,Landed
2026-03-04,IP109,PAS109,Pelita Air Service,Jakarta,CGK,WIII,16:00,08:00,16:13,13min late,16:40,9min early,1h 27m,Landed
2026-03-04,VN640,HVN640,Vietnam Airlines,Ho Chi Minh City,SGN,VVTS,16:05,08:05,15:07,57min early,18:50,4min early,4h 42m,Landed
2026-03-04,TG432,THA432,Thai Airways International,Bangkok,BKK,VTBS,16:10,08:10,16:18,8min late,18:59,25min early,3h 40m,Landed
2026-03-04,MH850,MAS850,Malaysia Airlines,Kuala Lumpur,KUL,WMKK,16:25,08:25,16:35,10min late,19:19,15min early,2h 44m,Landed
2026-03-04,IW1852,WON1852,Wings Air,Lombok,LOP,WADL,16:30,08:30,16:45,15min late,17:15,4min early,29m,Landed
2026-03-04,BR256,EVA256,EVA Airways,Taipei,TPE,RCTP,16:40,08:40,17:16,36min late,22:09,24min late,4h 53m,Landed
2026-03-04,IU703,,SW Italia,Surabaya,SUB,WARR,16:40,08:40,,,,,1h 0m,
2026-03-04,GA349,GIA349,Garuda Indonesia,Surabaya,SUB,WARR,16:55,08:55,19:07,12min late,19:13,3min late,1h 6m,Landed
2026-03-04,QZ807,AWQ807,Indonesia AirAsia,Jakarta,CGK,WIII,16:55,08:55,17:01,6min late,17:25,34min early,1h 23m,Landed
2026-03-04,IU273,SJV273,SW Italia,Pontianak,PNK,WIOO,17:00,09:00,17:34,34min late,18:10,5min late,1h 35m,Landed
2026-03-04,GA419,GIA419,Garuda Indonesia,Jakarta,CGK,WIII,17:25,09:25,17:40,15min late,18:09,15min early,1h 29m,Landed
2026-03-04,HO1356,DKH1356,Juneyao Airlines,Shanghai,PVG,ZSPD,17:25,09:25,17:21,3min early,23:13,36min early,5h 52m,Landed
2026-03-04,VJ998,VJC998,VietJet Air,Hanoi,HAN,VVNB,17:25,09:25,17:32,7min late,05:46,11min late,13h 14m,Landed
2026-03-04,TR211,TGW211,Scoot,Singapore,SIN,WSSS,17:35,09:35,18:48,13min late,21:08,23min late,2h 19m,Landed
2026-03-04,IU759,,SW Italia,Jakarta,CGK,WIII,17:40,09:40,,,,,1h 55m,
2026-03-04,IP107,,Pelita Air Service,Jakarta,CGK,WIII,17:40,09:40,,,,,1h 50m,
2026-03-04,AK368,AXM368,AirAsia,Kuala Lumpur,KUL,WMKK,17:45,09:45,18:04,19min late,20:41,8min early,2h 37m,Landed
2026-03-04,OD193,MXD193,Malindo Air,Perth,PER,YPPH,18:10,10:10,18:24,14min late,21:39,5min early,3h 15m,Landed
2026-03-04,IU126,SJV126,SW Italia,Surakarta,SOC,WAHQ,18:10,10:10,19:39,29min late,19:30,0min late,50m,Landed
2026-03-04,IN281,LKN281,Nam Air,Jakarta,CGK,WIII,18:30,10:30,19:48,18min late,20:19,9min late,1h 30m,Landed
2026-03-04,IP111,,Pelita Air Service,Jakarta,CGK,WIII,18:35,10:35,,,,,1h 50m,
2026-03-04,QZ504,AWQ504,Indonesia AirAsia,Singapore,SIN,WSSS,18:40,10:40,19:57,17min late,22:14,54min late,2h 17m,Landed
2026-03-04,SL259,TLM259,Thai Lion Air,Bangkok,DMK,VTBD,18:40,10:40,19:05,25min late,21:53,6min early,3h 47m,Landed
2026-03-04,GA417,GIA417,Garuda Indonesia,Jakarta,CGK,WIII,18:40,10:40,19:13,33min late,19:41,1min late,1h 28m,Landed
2026-03-04,EY477,,Etihad Airways,Abu Dhabi,AUH,OMAA,18:45,10:45,,,,,9h 0m,Cancelled
2026-03-04,QR963,,Qatar Airways,Doha,DOH,OTHH,18:50,10:50,,,,,9h 40m,Cancelled
2026-03-04,6E1608,IGO1608,IndiGo,Chennai,MAA,VOMM,18:50,10:50,19:10,20min late,22:21,8min early,5h 41m,Landed
2026-03-04,NZ291,ANZ291,Air New Zealand,Auckland,AKL,NZAA,18:50,10:50,19:29,39min late,07:52,2min early,7h 22m,Landed
2026-03-04,8B5258,TNU5258,Business Air,Lombok,LOP,WADL,18:55,10:55,19:01,6min late,19:28,6min early,27m,Landed
2026-03-04,TG440,THA440,Thai Airways International,Bangkok,BKK,VTBS,19:00,11:00,19:33,33min late,22:34,19min late,4h 1m,Landed
2026-03-04,QZ809,AWQ809,Indonesia AirAsia,Jakarta,CGK,WIII,19:15,11:15,19:16,1min late,19:46,28min early,1h 30m,Landed
2026-03-04,AK379,AXM379,AirAsia,Kuala Lumpur,KUL,WMKK,19:15,11:15,21:17,2min late,23:52,32min late,2h 34m,Landed
2026-03-04,MH852,MAS852,Malaysia Airlines,Kuala Lumpur,KUL,WMKK,19:15,11:15,19:20,5min late,22:06,9min early,2h 45m,Landed
2026-03-04,ID7310,,Batik Air,Jakarta,HLP,WIHH,19:25,11:25,22:28,3min late,22:54,39min late,1h 26m,Landed
2026-03-04,QG699,CTV699,Citilink,Surabaya,SUB,WARR,19:30,11:30,19:41,11min late,19:30,9min early,48m,Landed
2026-03-04,8B969,TNU969,Business Air,Guangzhou,CAN,ZGGG,19:45,11:45,19:45,on time,00:32,32min early,4h 46m,Landed
2026-03-04,EK369,UAE369,Emirates,Dubai,DXB,OMDB,19:50,11:50,00:33,43min late,05:27,17min late,8h 53m,Landed
2026-03-04,TR283,TGW283,Scoot,Singapore,SIN,WSSS,20:05,12:05,20:08,3min late,22:17,23min early,2h 9m,Landed
2026-03-04,QG195,,Citilink,Jakarta,HLP,WIHH,20:10,12:10,23:26,16min late,23:53,48min late,1h 27m,Landed
2026-03-04,SQ945,SIA945,Singapore Airlines,Singapore,SIN,WSSS,20:15,12:15,20:23,8min late,22:35,19min early,2h 12m,Landed
2026-03-04,GA718,GIA718,Garuda Indonesia,Melbourne,MEL,YMML,20:20,12:20,20:27,7min late,04:21,38min early,4h 53m,Landed
2026-03-04,JQ34,JST034,Jetstar Airways,Melbourne,MEL,YMML,20:20,12:20,20:38,18min late,04:52,2min early,5h 13m,Landed
2026-03-04,ID6413,BTK6413,Batik Air,Surabaya,SUB,WARR,20:30,12:30,20:46,16min late,20:24,5min early,38m,Landed
2026-03-04,GA415,GIA415,Garuda Indonesia,Jakarta,CGK,WIII,20:45,12:45,20:53,8min late,21:28,16min early,1h 34m,Landed
2026-03-04,JQ107,JST107,Jetstar Airways,Perth,PER,YPPH,20:45,12:45,20:43,1min early,23:52,27min early,3h 9m,Landed
2026-03-04,IP105,,Pelita Air Service,Jakarta,CGK,WIII,20:50,12:50,,,,,1h 50m,
2026-03-04,OD177,MXD177,Malindo Air,Melbourne,MEL,YMML,20:55,12:55,21:36,41min late,05:58,18min late,5h 22m,Landed
2026-03-04,AK375,AXM375,AirAsia,Kuala Lumpur,KUL,WMKK,21:05,13:05,22:21,16min late,01:04,54min late,2h 43m,Landed
2026-03-04,TK67,THY067,Turkish Airlines,Istanbul,IST,LTFM,21:10,13:10,21:25,15min late,05:14,25min early,12h 49m,Landed
2026-03-04,OD171,MXD171,Malindo Air,Sydney,SYD,YSSY,21:10,13:10,22:00,50min late,06:42,27min late,5h 41m,Landed
2026-03-04,QG667,CTV667,Citilink,Jakarta,CGK,WIII,21:10,13:10,21:06,3min early,21:38,31min early,1h 31m,Landed
2026-03-04,QF44,QFA044,Qantas,Sydney,SYD,YSSY,21:20,13:20,21:26,6min late,06:10,4min early,5h 44m,Landed
2026-03-04,SJ273,SJY273,Sriwijaya Air,Jakarta,CGK,WIII,21:35,13:35,22:40,5min late,22:48,33min late,1h 7m,Landed
2026-03-04,QZ819,AWQ819,Indonesia AirAsia,Jakarta,CGK,WIII,21:35,13:35,21:39,4min late,22:05,19min early,1h 25m,Landed
2026-03-04,SQ947,SIA947,Singapore Airlines,Singapore,SIN,WSSS,21:40,13:40,21:49,9min late,00:08,11min early,2h 18m,Landed
2026-03-04,KL836,KLM836,KLM Royal Dutch Airlines,Singapore,SIN,WSSS,21:40,13:40,22:03,23min late,00:12,2min late,2h 9m,Landed
2026-03-04,JQ117,JST117,Jetstar Airways,Perth,PER,YPPH,21:45,13:45,22:01,16min late,01:10,4min early,3h 8m,Landed
2026-03-04,TK311,THY311,Turkish Airlines,Istanbul,IST,LTFM,22:00,14:00,22:07,7min late,05:56,28min early,12h 49m,Landed
2026-03-04,VA94,VOZ094,Virgin Australia,Melbourne,MEL,YMML,22:00,14:00,22:11,11min late,06:26,13min early,5h 14m,Landed
2026-03-04,QF46,QFA046,Qantas,Melbourne,MEL,YMML,22:05,14:05,22:17,12min late,06:31,18min early,5h 14m,Landed
2026-03-04,SV857,SVA857,Saudi Arabian Airlines,Singapore,SIN,WSSS,22:05,14:05,21:55,10min early,00:34,10min early,2h 39m,Landed
2026-03-04,JQ89,JST089,Jetstar Airways,Newcastle,NTL,YWLM,22:20,14:20,22:15,5min early,07:20,5min late,6h 5m,Landed
2026-03-04,JQ38,JST038,Jetstar Airways,Sydney,SYD,YSSY,22:20,14:20,22:39,19min late,07:16,8min early,5h 37m,Landed
2026-03-04,VA66,VOZ066,Virgin Australia,Sydney,SYD,YSSY,22:30,14:30,22:29,on time,07:13,26min early,5h 43m,Landed
2026-03-04,JT15,LNI015,Lion Air,Jakarta,CGK,WIII,22:45,14:45,22:35,9min early,23:03,36min early,1h 28m,Landed
2026-03-04,JQ128,JST128,Jetstar Airways,Adelaide,ADL,YPAD,22:50,14:50,22:51,1min late,06:05,9min early,4h 44m,Landed
2026-03-04,7C2712,JJA2712,Jeju Air,Seoul,ICN,RKSI,23:05,15:05,23:22,17min late,06:54,15min early,6h 32m,Landed
2026-03-04,JQ91,JST091,Jetstar Airways,Cairns,CNS,YBCS,23:10,15:10,23:17,7min late,05:37,7min early,4h 19m,Landed
2026-03-04,8B5109,TNU5109,Business Air,Jakarta,CGK,WIII,23:10,15:10,23:30,20min late,23:56,6min late,1h 25m,Landed
2026-03-04,3U3986,CSC3986,Sichuan Airlines,Lujia Town,TFU,ZUTF,23:10,15:10,23:45,35min late,09:23,28min late,9h 37m,Landed
2026-03-04,VA82,VOZ082,Virgin Australia,Gold Coast,OOL,YBCG,23:20,15:20,23:29,9min late,07:15,5min late,5h 46m,Landed
2026-03-04,GA714,GIA714,Garuda Indonesia,Sydney,SYD,YSSY,23:35,15:35,23:47,12min late,09:03,28min late,6h 16m,Landed
2026-03-04,JQ42,JST042,Jetstar Airways,Melbourne,MEL,YMML,23:40,15:40,01:28,48min late,09:44,14min late,5h 15m,Landed
2026-03-04,QZ420,AWQ420,Indonesia AirAsia,Adelaide,ADL,YPAD,23:45,15:45,23:52,7min late,07:09,15min early,4h 47m,Landed
2026-03-04,KE432,KAL432,Korean Air Lines,Seoul,ICN,RKSI,23:50,15:50,00:06,16min late,07:11,33min early,6h 4m,Landed
2026-03-04,JQ94,JST094,Jetstar Airways,Gold Coast,OOL,YBCG,23:55,15:55,00:03,8min late,07:37,12min late,5h 33m,Landed
2026-03-05,BX602,ABL602,Air Busan,Busan,PUS,RKPK,00:05,16:05,00:24,19min late,07:41,48min early,6h 16m,Landed
2026-03-05,TW158,TWB158,T'Way Air,Cheongju,CJJ,RKTU,00:15,16:15,01:31,16min late,08:45,35min late,6h 13m,Landed
2026-03-05,8B84,TNU084,Business Air,Perth,PER,YPPH,00:20,16:20,22:23,56min early,03:15,49min early,4h 52m,Landed
2026-03-05,EK399,,Emirates,Dubai,DXB,OMDB,00:25,16:25,,,,,9h 20m,Cancelled
2026-03-05,MF892,CXA892,Xiamen Airlines,Xiamen,XMN,ZSAM,00:30,16:30,00:29,on time,09:13,8min late,8h 43m,Landed
2026-03-05,QR961,,Qatar Airways,Doha,DOH,OTHH,00:30,16:30,,,,,9h 40m,Cancelled
2026-03-05,CZ626,CSN626,China Southern Airlines,Guangzhou,CAN,ZGGG,00:40,16:40,01:03,23min late,06:14,24min late,5h 10m,Landed
2026-03-05,GA880,GIA880,Garuda Indonesia,Tokyo,NRT,RJAA,00:50,16:50,01:00,10min late,08:27,22min early,6h 27m,Landed
2026-03-05,MU5030,CES5030,China Eastern Airlines,Shanghai,PVG,ZSPD,00:55,16:55,01:23,28min late,10:22,12min late,8h 59m,Landed
2026-03-05,SJ726,,Sriwijaya Air,Makassar,UPG,WAAA,01:00,17:00,,,,,1h 20m,
2026-03-05,QZ548,AWQ548,Indonesia AirAsia,Perth,PER,YPPH,01:00,17:00,00:58,1min early,04:38,1min early,3h 40m,Landed
2026-03-05,KE434,KAL434,Korean Air Lines,Seoul,ICN,RKSI,01:05,17:05,01:29,24min late,08:29,30min early,6h 0m,Landed
2026-03-05,PR538,PAL538,Philippine Airlines,Manila,MNL,RPLL,01:10,17:10,01:25,15min late,04:53,16min early,3h 28m,Landed
2026-03-05,8B5888,TNU5888,Business Air,Manado,MDC,WAMM,01:30,17:30,01:39,9min late,03:57,17min early,2h 18m,Landed
2026-03-05,IU705,SJV705,SW Italia,Surabaya,SUB,WARR,07:00,23:00,07:09,9min late,06:46,13min early,36m,Landed
2026-03-05,GA401,GIA401,Garuda Indonesia,Jakarta,CGK,WIII,07:00,23:00,07:21,21min late,10:22,22min late,4h 0m,Landed
2026-03-05,JT746,LNI746,Lion Air,Makassar,UPG,WAAA,07:00,23:00,07:13,13min late,10:34,9min late,3h 21m,Landed
2026-03-05,QZ534,AWQ534,Indonesia AirAsia,Perth,PER,YPPH,07:00,23:00,07:05,5min late,10:43,6min early,3h 38m,Landed
2026-03-05,QG690,CTV690,Citilink,Surabaya,SUB,WARR,07:05,23:05,07:18,13min late,07:00,9min early,42m,Landed
2026-03-05,JQ82,JST082,Jetstar Airways,Darwin,DRW,YPDN,07:05,23:05,07:07,2min late,11:03,11min early,2h 25m,Landed
2026-03-05,QZ550,AWQ550,Indonesia AirAsia,Kuala Lumpur,KUL,WMKK,07:15,23:15,07:28,13min late,10:05,4min early,2h 37m,Landed
2026-03-05,SQ949,SIA949,Singapore Airlines,Singapore,SIN,WSSS,07:20,23:20,07:23,3min late,09:43,16min early,2h 20m,Landed
2026-03-05,8B5250,TNU5250,Business Air,Lombok,LOP,WADL,07:30,23:30,07:25,4min early,07:51,3min early,26m,Landed
2026-03-05,8B551,TNU551,Business Air,Singapore,SIN,WSSS,07:30,23:30,09:24,54min late,11:43,48min late,2h 19m,Landed
2026-03-05,QZ644,AWQ644,Indonesia AirAsia,Labuan Bajo,LBJ,WATO,07:40,23:40,07:43,3min late,10:15,20min late,2h 31m,Landed
2026-03-05,JT21,LNI021,Lion Air,Jakarta,CGK,WIII,08:05,00:05,08:07,2min late,08:36,23min early,1h 29m,Landed
2026-03-05,IW1858,WON1858,Wings Air,Lombok,LOP,WADL,08:05,00:05,08:17,12min late,08:42,12min early,25m,Landed
2026-03-05,GA686,GIA686,Garuda Indonesia,Sorong,SOQ,WASS,08:10,00:10,08:15,5min late,16:04,44min late,6h 48m,Landed
2026-03-05,HX706,CRK706,Hong Kong Airlines,Hong Kong,HKG,VHHH,08:15,00:15,08:32,17min late,12:53,21min early,4h 21m,Landed
2026-03-05,CZ8482,CSN8482,China Southern Airlines,Guangzhou,CAN,ZGGG,08:35,00:35,13:12,37min late,20:52,47min late,7h 39m,Landed
2026-03-05,5J280,CEB280,CEBU Pacific Air,Manila,MNL,RPLL,08:35,00:35,08:39,4min late,12:11,38min early,3h 31m,Landed
2026-03-05,IW1854,,Wings Air,Lombok,LOP,WADL,08:45,00:45,11:40,55min late,12:07,32min late,27m,Landed
2026-03-05,QG500,CTV500,Citilink,Dili,DIL,WPDL,08:50,00:50,08:42,8min early,11:44,10min early,2h 2m,Landed
2026-03-05,IW1882,WON1882,Wings Air,Sumbawa Besar,SWQ,WADS,08:55,00:55,09:02,7min late,09:49,10min early,46m,Landed
2026-03-05,IN640,LKN640,Nam Air,Tambolaka,TMC,WADT,09:10,01:10,09:09,on time,09:56,13min early,46m,Landed
2026-03-05,8B5105,TNU5105,TransNusa,Jakarta,CGK,WIII,09:15,01:15,09:14,on time,09:42,17min early,1h 27m,Landed
2026-03-05,IW1848,,Wings Air,Lombok,LOP,WADL,09:25,01:25,12:36,11min late,13:07,52min late,31m,Landed
2026-03-05,8B5634,TNU5634,Business Air,Bima,BMU,WADB,09:35,01:35,09:35,on time,10:19,15min early,44m,Landed
2026-03-05,QG663,CTV663,Citilink,Jakarta,CGK,WIII,09:35,01:35,09:49,14min late,10:18,16min early,1h 29m,Landed
2026-03-05,QZ803,AWQ803,Indonesia AirAsia,Jakarta,CGK,WIII,09:40,01:40,09:43,3min late,10:07,22min early,1h 24m,Landed
2026-03-05,8B80,TNU080,Business Air,Perth,PER,YPPH,09:40,01:40,09:20,19min early,12:43,41min early,3h 23m,Landed
2026-03-05,ID6324,BTK6324,Batik Air,Tambolaka,TMC,WADT,09:40,01:40,09:37,2min early,10:23,31min early,46m,Landed
2026-03-05,AI2146,AIC2146,Air India,Delhi,DEL,VIDP,10:00,02:00,09:59,on time,14:48,11min early,7h 18m,Landed
2026-03-05,JQ111,JST111,Jetstar Airways,Perth,PER,YPPH,10:20,02:20,10:27,7min late,13:49,20min early,3h 21m,Landed
2026-03-05,8B5101,TNU5101,Business Air,Jakarta,CGK,WIII,10:30,02:30,11:00,30min late,11:28,13min late,1h 28m,Landed
2026-03-05,SQ935,SIA935,Singapore Airlines,Singapore,SIN,WSSS,10:30,02:30,10:41,11min late,12:51,19min early,2h 9m,Landed
2026-03-05,JT805,,Lion Air,Surabaya,SUB,WARR,10:35,02:35,13:48,13min late,13:24,49min late,36m,Landed
2026-03-05,JT924,LNI924,Lion Air,Kupang,KOE,WATT,10:35,02:35,10:44,9min late,12:10,14min early,1h 26m,Landed
2026-03-05,JT33,LNI033,Lion Air,Jakarta,CGK,WIII,10:35,02:35,11:29,54min late,11:58,28min late,1h 28m,Landed
2026-03-05,8G182,DTL182,Mid Africa Aviation,Dili,DIL,WPDL,10:35,02:35,10:35,on time,13:19,10min early,1h 44m,Landed
2026-03-05,TR281,TGW281,Scoot,Singapore,SIN,WSSS,11:10,03:10,11:12,2min late,13:20,30min early,2h 8m,Landed
2026-03-05,IW1856,WON1856,Wings Air,Lombok,LOP,WADL,11:10,03:10,11:33,23min late,12:02,2min late,28m,Landed
2026-03-05,QG197,CTV197,Citilink,Jakarta,HLP,WIHH,11:10,03:10,11:37,27min late,12:07,7min late,1h 30m,Landed
2026-03-05,JQ40,JST040,Jetstar Airways,Sydney,SYD,YSSY,11:15,03:15,11:44,29min late,20:11,3min early,5h 27m,Landed
2026-03-05,QZ813,AWQ813,Indonesia AirAsia,Jakarta,CGK,WIII,11:20,03:20,11:25,5min late,11:54,20min early,1h 28m,Landed
2026-03-05,6E1606,IGO1606,IndiGo,Bangalore,BLR,VOBL,11:30,03:30,11:20,9min early,14:59,35min early,6h 8m,Landed
2026-03-05,JQ32,JST032,Jetstar Airways,Melbourne,MEL,YMML,11:30,03:30,11:31,1min late,19:50,19min early,5h 18m,Landed
2026-03-05,OD172,MXD172,Malindo Air,Kuala Lumpur,KUL,WMKK,11:35,03:35,12:21,46min late,15:05,20min late,2h 44m,Landed
2026-03-05,IW1964,WON1964,Wings Air,Lombok,LOP,WADL,11:40,03:40,10:40,59min early,12:37,7min late,1h 57m,Landed
2026-03-05,JQ109,JST109,Jetstar Airways,Perth,PER,YPPH,11:45,03:45,11:53,8min late,15:08,26min early,3h 14m,Landed
2026-03-05,ID6331,BTK6331,Batik Air,Labuan Bajo,LBJ,WATO,11:45,03:45,12:02,17min late,13:47,47min late,1h 44m,Landed
2026-03-05,GA407,,Garuda Indonesia,Jakarta,CGK,WIII,11:45,03:45,,,,,2h 0m,Cancelled
2026-03-05,IW1850,WON1850,Wings Air,Lombok,LOP,WADL,11:50,03:50,11:59,9min late,12:27,12min early,27m,Landed
2026-03-05,JT31,,Lion Air,Jakarta,CGK,WIII,11:55,03:55,14:55,0min late,15:24,34min late,1h 29m,Landed
2026-03-05,QZ618,AWQ618,Indonesia AirAsia,Banjarmasin,BDJ,WAOO,11:55,03:55,11:57,2min late,12:54,40min early,56m,Landed
2026-03-05,FD397,AIQ397,Thai AirAsia,Bangkok,DMK,VTBD,12:00,04:00,12:23,23min late,15:24,4min late,4h 0m,Landed
2026-03-05,SQ937,SIA937,Singapore Airlines,Singapore,SIN,WSSS,12:05,04:05,12:45,40min late,15:00,5min late,2h 14m,Landed
2026-03-05,GA253,GIA253,Garuda Indonesia,Yogyakarta,YIA,WAHI,12:05,04:05,12:41,36min late,12:46,8min early,1h 4m,Landed
2026-03-05,OD192,MXD192,Malindo Air,Kuala Lumpur,KUL,WMKK,12:10,04:10,12:09,on time,14:48,31min early,2h 39m,Landed
2026-03-05,OD178,MXD178,Malindo Air,Kuala Lumpur,KUL,WMKK,12:15,04:15,12:17,2min late,14:54,30min early,2h 36m,Landed
2026-03-05,SJ7420,,Sriwijaya Air,Tambolaka,TMC,WADT,12:20,04:20,12:20,,13:20,,1h 0m,Landed
2026-03-05,8B5254,,Business Air,Lombok,LOP,WADL,12:40,04:40,,,,,40m,
2026-03-05,IP103,PAS103,Pelita Air Service,Jakarta,CGK,WIII,12:45,04:45,12:50,5min late,13:19,15min early,1h 29m,Landed
2026-03-05,IN643,,NAM Air,Tambolaka,TMC,WADT,12:50,04:50,,,,,1h 0m,
2026-03-05,SQ939,SIA939,Singapore Airlines,Singapore,SIN,WSSS,13:00,05:00,13:12,12min late,15:35,15min early,2h 22m,Landed
2026-03-05,AK365,AXM365,AirAsia,Kuala Lumpur,KUL,WMKK,13:05,05:05,14:11,6min late,16:40,30min late,2h 28m,Landed
2026-03-05,MH714,MAS714,Malaysia Airlines,Kuala Lumpur,KUL,WMKK,13:10,05:10,13:32,22min late,16:13,8min late,2h 40m,Landed
2026-03-05,JT35,,Lion Air,Jakarta,CGK,WIII,13:15,05:15,16:21,6min late,16:48,38min late,1h 27m,Landed
2026-03-05,GA409,GIA409,Garuda Indonesia,Jakarta,CGK,WIII,13:25,05:25,14:16,51min late,14:46,21min late,1h 30m,Landed
2026-03-05,JQ58,JST058,Jetstar Airways,Brisbane,BNE,YBBN,13:30,05:30,13:36,6min late,21:08,16min early,5h 32m,Landed
2026-03-05,QZ811,AWQ811,Indonesia AirAsia,Jakarta,CGK,WIII,13:40,05:40,14:28,48min late,14:53,23min late,1h 24m,Landed
2026-03-05,ID6509,BTK6509,Batik Air,Jakarta,CGK,WIII,13:45,05:45,13:57,12min late,14:24,15min early,1h 27m,Landed
2026-03-05,8B5107,TNU5107,Business Air,Jakarta,CGK,WIII,13:50,05:50,14:19,29min late,14:44,9min late,1h 24m,Landed
2026-03-05,JT919,LNI919,Lion Air,Surabaya,SUB,WARR,13:55,05:55,14:21,26min late,14:06,11min late,45m,Landed
2026-03-05,QG342,CTV342,Citilink,Makassar,UPG,WAAA,14:00,06:00,14:12,12min late,15:32,2min late,1h 19m,Landed
2026-03-05,QG687,CTV687,Citilink,Jakarta,CGK,WIII,14:00,06:00,13:56,3min early,14:26,33min early,1h 30m,Landed
2026-03-05,QZ544,AWQ544,Indonesia AirAsia,Perth,PER,YPPH,14:00,06:00,14:07,7min late,17:41,8min early,3h 34m,Landed
2026-03-05,6E1612,IGO1612,IndiGo,Bhubaneswar,BBI,VEBS,14:00,06:00,14:23,23min late,17:36,3min early,5h 43m,Landed
2026-03-05,8B82,,Business Air,Perth,PER,YPPH,14:00,06:00,,,,,3h 40m,
2026-03-05,VJ894,VJC894,VietJet Air,Ho Chi Minh City,SGN,VVTS,14:05,06:05,13:51,13min early,16:21,43min early,3h 29m,Landed
2026-03-05,IU130,SJV130,SW Italia,Semarang,SRG,WIIS,14:15,06:15,14:32,17min late,14:37,2min late,1h 5m,Landed
2026-03-05,ID7308,BTK7308,Batik Air,Jakarta,HLP,WIHH,14:20,06:20,14:49,29min late,15:14,4min late,1h 24m,Landed
2026-03-05,QZ246,AWQ246,Indonesia AirAsia,Phuket,HKT,VTSP,14:25,06:25,14:36,11min late,17:06,8min early,3h 30m,Landed
2026-03-05,QZ556,AWQ556,Indonesia AirAsia,Kuala Lumpur,KUL,WMKK,14:30,06:30,14:40,10min late,17:19,10min early,2h 38m,Landed
2026-03-05,TR289,TGW289,Scoot,Singapore,SIN,WSSS,14:35,06:35,15:15,40min late,17:50,20min late,2h 34m,Landed
2026-03-05,JQ43,JST043,Jetstar Airways,Singapore,SIN,WSSS,14:50,06:50,16:06,16min late,18:40,45min late,2h 34m,Landed
2026-03-05,OD307,MXD307,Malindo Air,Kuala Lumpur,KUL,WMKK,14:50,06:50,15:30,40min late,18:05,10min late,2h 35m,Landed
2026-03-05,JQ44,JST044,Jetstar Airways,Melbourne,MEL,YMML,14:55,06:55,15:12,17min late,23:31,3min early,5h 19m,Landed
2026-03-05,QG681,CTV681,Citilink,Jakarta,CGK,WIII,15:00,07:00,14:57,2min early,15:28,31min early,1h 31m,Landed
2026-03-05,VA48,VOZ048,Virgin Australia,Brisbane,BNE,YBBN,15:00,07:00,15:18,18min late,22:51,3min early,5h 32m,Landed
2026-03-05,IU120,SJV120,SW Italia,Yogyakarta,YIA,WAHI,15:00,07:00,15:54,54min late,15:55,25min late,1h 1m,Landed
2026-03-05,QZ821,AWQ821,Indonesia AirAsia,Jakarta,CGK,WIII,15:05,07:05,15:20,15min late,15:48,11min early,1h 28m,Landed
2026-03-05,GA842,GIA842,Garuda Indonesia,Singapore,SIN,WSSS,15:15,07:15,15:22,7min late,18:04,4min late,2h 41m,Landed
2026-03-05,AK377,AXM377,AirAsia,Kuala Lumpur,KUL,WMKK,15:25,07:25,16:05,40min late,19:03,38min late,2h 58m,Landed
2026-03-05,JT740,LNI740,Lion Air,Makassar,UPG,WAAA,15:30,07:30,15:40,10min late,16:50,4min early,1h 9m,Landed
2026-03-05,GA411,GIA411,Garuda Indonesia,Jakarta,CGK,WIII,15:35,07:35,16:24,49min late,16:56,16min late,1h 31m,Landed
2026-03-05,VJ898,VJC898,VietJet Air,Ho Chi Minh City,SGN,VVTS,15:35,07:35,15:32,2min early,17:50,34min early,3h 17m,Landed
2026-03-05,CI772,CAL772,China Airlines,Taipei,TPE,RCTP,15:45,07:45,16:04,19min late,20:49,15min early,4h 44m,Landed
2026-03-05,VA92,VOZ092,Virgin Australia,Melbourne,MEL,YMML,15:50,07:50,16:40,50min late,00:57,27min late,5h 17m,Landed
2026-03-05,8B5256,TNU5256,Business Air,Lombok,LOP,WADL,15:55,07:55,16:09,14min late,16:36,13min early,27m,Landed
2026-03-05,IP109,PAS109,Pelita Air Service,Jakarta,CGK,WIII,16:00,08:00,16:14,14min late,16:44,5min early,1h 29m,Landed
2026-03-05,SJ7161,,Sriwijaya Air,Makassar,UPG,WAAA,16:00,08:00,16:00,,17:20,,1h 20m,Landed
2026-03-05,QZ536,AWQ536,Indonesia AirAsia,Perth,PER,YPPH,16:00,08:00,16:47,47min late,20:26,41min late,3h 38m,Landed
2026-03-05,VN640,HVN640,Vietnam Airlines,Ho Chi Minh City,SGN,VVTS,16:05,08:05,16:16,11min late,18:46,8min early,3h 30m,Landed
2026-03-05,QG669,CTV669,Citilink,Surabaya,SUB,WARR,16:10,08:10,16:20,10min late,16:04,15min early,44m,Landed
2026-03-05,TG432,THA432,Thai Airways International,Bangkok,BKK,VTBS,16:10,08:10,16:12,2min late,18:59,25min early,3h 47m,Landed
2026-03-05,CX784,CPA784,Cathay Pacific,Hong Kong,HKG,VHHH,16:20,08:20,16:31,11min late,20:57,27min early,4h 25m,Landed
2026-03-05,MH850,MAS850,Malaysia Airlines,Kuala Lumpur,KUL,WMKK,16:25,08:25,16:38,13min late,19:13,21min early,2h 34m,Landed
2026-03-05,IW1852,WON1852,Wings Air,Lombok,LOP,WADL,16:30,08:30,16:45,15min late,17:12,7min early,27m,Landed
2026-03-05,GA427,GIA427,Garuda Indonesia,Jakarta,CGK,WIII,16:35,08:35,16:42,7min late,17:15,14min early,1h 32m,Landed
2026-03-05,BR256,EVA256,EVA Airways,Taipei,TPE,RCTP,16:40,08:40,17:35,55min late,22:26,41min late,4h 51m,Landed
2026-03-05,IU703,,SW Italia,Surabaya,SUB,WARR,16:40,08:40,,,,,1h 0m,
2026-03-05,QZ807,AWQ807,Indonesia AirAsia,Jakarta,CGK,WIII,16:55,08:55,18:25,30min late,18:57,57min late,1h 32m,Landed
2026-03-05,GA349,GIA349,Garuda Indonesia,Surabaya,SUB,WARR,16:55,08:55,17:18,23min late,16:59,10min early,41m,Landed
2026-03-05,VJ998,VJC998,VietJet Air,Hanoi,HAN,VVNB,17:25,09:25,17:15,9min early,20:51,43min early,4h 35m,Landed
2026-03-05,HO1356,DKH1356,Juneyao Airlines,Shanghai,PVG,ZSPD,17:25,09:25,17:24,on time,23:07,42min early,5h 42m,Landed
2026-03-05,TR211,TGW211,Scoot,Singapore,SIN,WSSS,17:35,09:35,17:41,6min late,20:25,20min early,2h 43m,Landed
2026-03-05,IP107,PAS107,Pelita Air Service,Jakarta,CGK,WIII,17:40,09:40,17:46,6min late,18:19,10min early,1h 33m,Landed
2026-03-05,IU759,,SW Italia,Jakarta,CGK,WIII,17:40,09:40,,,,,1h 55m,
2026-03-05,OD193,MXD193,Malindo Air,Perth,PER,YPPH,18:10,10:10,18:21,11min late,21:35,9min early,3h 14m,Landed
2026-03-05,IU126,SJV126,SW Italia,Surakarta,SOC,WAHQ,18:10,10:10,18:33,23min late,18:32,2min late,58m,Landed
2026-03-05,IN281,,Nam Air,Jakarta,CGK,WIII,18:30,10:30,18:47,17min late,19:10,,1h 40m,Landed
2026-03-05,IN283,,NAM Air,Jakarta,CGK,WIII,18:30,10:30,,,,,1h 40m,
2026-03-05,IP111,,Pelita Air Service,Jakarta,CGK,WIII,18:35,10:35,,,,,1h 50m,
2026-03-05,GA417,GIA417,Garuda Indonesia,Jakarta,CGK,WIII,18:40,10:40,19:03,23min late,19:36,3min early,1h 33m,Landed
2026-03-05,SL259,TLM259,Thai Lion Air,Bangkok,DMK,VTBD,18:40,10:40,13:37,2min early,21:30,29min early,8h 53m,Landed
2026-03-05,QZ504,AWQ504,Indonesia AirAsia,Singapore,SIN,WSSS,18:40,10:40,19:40,0min late,21:58,38min late,2h 17m,Landed
2026-03-05,EY477,,Etihad Airways,Abu Dhabi,AUH,OMAA,18:45,10:45,,,,,9h 0m,Cancelled
2026-03-05,6E1608,IGO1608,IndiGo,Chennai,MAA,VOMM,18:50,10:50,18:57,7min late,22:11,18min early,5h 44m,Landed
2026-03-05,QR963,,Qatar Airways,Doha,DOH,OTHH,18:50,10:50,,,,,9h 40m,Cancelled
2026-03-05,8B5258,TNU5258,Business Air,Lombok,LOP,WADL,18:55,10:55,18:52,2min early,19:16,18min early,24m,Landed
2026-03-05,TG440,THA440,Thai Airways International,Bangkok,BKK,VTBS,19:00,11:00,19:05,5min late,22:03,11min early,3h 57m,Landed
2026-03-05,AK379,AXM379,AirAsia,Kuala Lumpur,KUL,WMKK,19:15,11:15,19:24,9min late,22:04,15min early,2h 40m,Landed
2026-03-05,QZ809,AWQ809,Indonesia AirAsia,Jakarta,CGK,WIII,19:15,11:15,19:56,41min late,20:21,6min late,1h 25m,Landed
2026-03-05,MH852,MAS852,Malaysia Airlines,Kuala Lumpur,KUL,WMKK,19:15,11:15,19:32,17min late,22:07,7min early,2h 34m,Landed
2026-03-05,QG689,CTV689,Citilink,Jakarta,CGK,WIII,19:30,11:30,19:42,12min late,20:12,17min early,1h 29m,Landed
2026-03-05,QG699,CTV699,Citilink,Surabaya,SUB,WARR,19:30,11:30,19:44,14min late,19:27,12min early,43m,Landed
2026-03-05,8B969,TNU969,Business Air,Guangzhou,CAN,ZGGG,19:45,11:45,19:49,4min late,00:35,29min early,4h 46m,Landed
2026-03-05,EK369,,Emirates,Dubai,DXB,OMDB,19:50,11:50,,,,,9h 20m,Cancelled
2026-03-05,TR283,TGW283,Scoot,Singapore,SIN,WSSS,20:05,12:05,20:15,10min late,22:26,13min early,2h 10m,Landed
2026-03-05,QG195,CTV195,Citilink,Jakarta,HLP,WIHH,20:10,12:10,20:24,14min late,20:54,10min early,1h 30m,Landed
2026-03-05,SQ945,SIA945,Singapore Airlines,Singapore,SIN,WSSS,20:15,12:15,20:30,15min late,22:43,12min early,2h 12m,Landed
2026-03-05,JQ34,JST034,Jetstar Airways,Melbourne,MEL,YMML,20:20,12:20,18:39,40min early,04:41,13min early,7h 2m,Landed
2026-03-05,ID6413,BTK6413,Batik Air,Surabaya,SUB,WARR,20:30,12:30,20:38,8min late,20:15,14min early,37m,Landed
2026-03-05,GA415,GIA415,Garuda Indonesia,Jakarta,CGK,WIII,20:45,12:45,20:56,11min late,21:32,12min early,1h 35m,Landed
2026-03-05,IP105,,Pelita Air Service,Jakarta,CGK,WIII,20:50,12:50,,,,,1h 50m,
2026-03-05,OD177,MXD177,Malindo Air,Melbourne,MEL,YMML,20:55,12:55,21:20,25min late,05:44,4min late,5h 24m,Landed
2026-03-05,AK375,AXM375,AirAsia,Kuala Lumpur,KUL,WMKK,21:05,13:05,23:30,25min late,02:03,53min late,2h 33m,Landed
2026-03-05,QG667,,Citilink,Jakarta,CGK,WIII,21:10,13:10,00:21,11min late,00:49,39min late,1h 28m,Landed
2026-03-05,TK67,THY067,Turkish Airlines,Istanbul,IST,LTFM,21:10,13:10,21:27,17min late,05:49,9min late,13h 22m,Landed
2026-03-05,OD171,MXD171,Malindo Air,Sydney,SYD,YSSY,21:10,13:10,21:36,26min late,06:19,4min late,5h 43m,Landed
2026-03-05,QF44,QFA044,Qantas,Sydney,SYD,YSSY,21:20,13:20,21:32,12min late,06:14,on time,5h 42m,Landed
2026-03-05,JQ60,JST060,Jetstar Airways,Brisbane,BNE,YBBN,21:30,13:30,21:38,8min late,05:02,17min early,5h 23m,Landed
2026-03-05,SJ273,SJY273,Sriwijaya Air,Jakarta,CGK,WIII,21:35,13:35,22:06,31min late,22:36,21min late,1h 29m,Landed
2026-03-05,QZ819,AWQ819,Indonesia AirAsia,Jakarta,CGK,WIII,21:35,13:35,21:46,11min late,22:10,14min early,1h 24m,Landed
2026-03-05,SQ947,SIA947,Singapore Airlines,Singapore,SIN,WSSS,21:40,13:40,21:55,15min late,00:12,8min early,2h 16m,Landed
2026-03-05,KL836,KLM836,KLM Royal Dutch Airlines,Singapore,SIN,WSSS,21:40,13:40,21:53,13min late,00:01,8min early,2h 8m,Landed
2026-03-05,JQ117,JST117,Jetstar Airways,Perth,PER,YPPH,21:45,13:45,21:36,8min early,00:59,15min early,3h 22m,Landed
2026-03-05,OD157,MXD157,Malindo Air,Brisbane,BNE,YBBN,22:10,14:10,22:40,30min late,06:18,18min late,5h 37m,Landed
2026-03-05,JQ38,JST038,Jetstar Airways,Sydney,SYD,YSSY,22:20,14:20,22:45,25min late,07:27,2min late,5h 42m,Landed
2026-03-05,JT15,LNI015,Lion Air,Jakarta,CGK,WIII,22:45,14:45,22:51,6min late,23:19,20min early,1h 27m,Landed
2026-03-05,JQ128,JST128,Jetstar Airways,Adelaide,ADL,YPAD,22:50,14:50,22:50,on time,06:00,14min early,4h 40m,Landed
2026-03-05,7C2712,JJA2712,Jeju Air,Seoul,ICN,RKSI,23:05,15:05,23:02,3min early,06:50,19min early,6h 48m,Landed
2026-03-05,8B5109,,TransNusa,Jakarta,CGK,WIII,23:10,15:10,23:10,on time,23:50,,1h 40m,Landed
2026-03-05,3U3986,CSC3986,Sichuan Airlines,Lujia Town,TFU,ZUTF,23:10,15:10,23:27,17min late,09:53,58min late,10h 25m,Landed
2026-03-05,JQ42,JST042,Jetstar Airways,Melbourne,MEL,YMML,23:40,15:40,00:06,26min late,08:24,5min early,5h 18m,Landed
2026-03-05,KE432,KAL432,Korean Air Lines,Seoul,ICN,RKSI,23:50,15:50,00:13,23min late,07:20,24min early,6h 6m,Landed
2026-03-06,BX602,ABL602,Air Busan,Busan,PUS,RKPK,00:05,16:05,00:40,35min late,07:49,40min early,6h 8m,Landed
2026-03-06,TW158,TWB158,T'Way Air,Cheongju,CJJ,RKTU,00:15,16:15,01:31,16min late,08:45,35min late,6h 13m,Landed
2026-03-06,EK399,,Emirates,Dubai,DXB,OMDB,00:25,16:25,,,,,9h 20m,
2026-03-06,MF892,CXA892,Xiamen Airlines,Xiamen,XMN,ZSAM,00:30,16:30,00:50,20min late,06:08,3min late,5h 17m,Landed
2026-03-06,QR961,,Qatar Airways,Doha,DOH,OTHH,00:30,16:30,,,,,9h 40m,Cancelled
2026-03-06,CZ626,CSN626,China Southern Airlines,Guangzhou,CAN,ZGGG,00:40,16:40,00:35,4min early,05:18,31min early,4h 43m,Landed
2026-03-06,GA880,GIA880,Garuda Indonesia,Tokyo,NRT,RJAA,00:50,16:50,01:05,15min late,08:21,28min early,6h 16m,Landed
2026-03-06,MU5030,CES5030,China Eastern Airlines,Shanghai,PVG,ZSPD,00:55,16:55,01:08,13min late,06:46,23min early,5h 38m,Landed
2026-03-06,QZ548,AWQ548,Indonesia AirAsia,Perth,PER,YPPH,01:00,17:00,01:16,16min late,04:49,9min late,3h 33m,Landed
2026-03-06,SJ726,,Sriwijaya Air,Makassar,UPG,WAAA,01:00,17:00,,,,,1h 20m,
2026-03-06,KE434,KAL434,Korean Air Lines,Seoul,ICN,RKSI,01:05,17:05,23:48,16min early,08:32,27min early,7h 43m,Landed
2026-03-06,PR538,PAL538,Philippine Airlines,Manila,MNL,RPLL,01:10,17:10,01:11,1min late,04:39,30min early,3h 28m,Landed
2026-03-06,8B5888,TNU5888,Business Air,Manado,MDC,WAMM,01:30,17:30,01:39,9min late,03:57,17min early,2h 18m,Landed
2026-03-06,IU705,SJV705,SW Italia,Surabaya,SUB,WARR,07:00,23:00,07:09,9min late,06:46,13min early,36m,Landed
2026-03-06,GA401,GIA401,Garuda Indonesia,Jakarta,CGK,WIII,07:00,23:00,07:21,21min late,10:22,22min late,4h 0m,Landed
2026-03-06,JT746,LNI746,Lion Air,Makassar,UPG,WAAA,07:00,23:00,07:13,13min late,10:34,9min late,3h 21m,Landed
2026-03-06,QZ534,AWQ534,Indonesia AirAsia,Perth,PER,YPPH,07:00,23:00,07:05,5min late,10:43,6min early,3h 38m,Landed
2026-03-06,JQ82,JST082,Jetstar Airways,Darwin,DRW,YPDN,07:05,23:05,07:07,2min late,11:03,11min early,2h 25m,Landed
2026-03-06,QG690,CTV690,Citilink,Surabaya,SUB,WARR,07:05,23:05,07:18,13min late,07:00,9min early,42m,Landed
2026-03-06,QZ550,AWQ550,Indonesia AirAsia,Kuala Lumpur,KUL,WMKK,07:15,23:15,07:28,13min late,10:05,4min early,2h 37m,Landed
2026-03-06,SQ949,SIA949,Singapore Airlines,Singapore,SIN,WSSS,07:20,23:20,07:23,3min late,09:43,16min early,2h 20m,Landed
2026-03-06,8B5250,TNU5250,Business Air,Lombok,LOP,WADL,07:30,23:30,07:25,4min early,07:51,3min early,26m,Landed
2026-03-06,8B551,TNU551,Business Air,Singapore,SIN,WSSS,07:30,23:30,09:24,54min late,11:43,48min late,2h 19m,Landed
2026-03-06,QZ644,AWQ644,Indonesia AirAsia,Labuan Bajo,LBJ,WATO,07:40,23:40,07:43,3min late,10:15,20min late,2h 31m,Landed
2026-03-06,ID6333,BTK6333,Batik Air,Labuan Bajo,LBJ,WATO,07:55,23:55,07:49,5min early,10:38,28min late,2h 49m,Landed
2026-03-06,JT21,LNI021,Lion Air,Jakarta,CGK,WIII,08:05,00:05,08:16,11min late,08:47,13min early,1h 30m,Landed
2026-03-06,IW1858,,Wings Air,Lombok,LOP,WADL,08:05,00:05,11:24,19min late,08:55,,50m,Landed
2026-03-06,GA686,GIA686,Garuda Indonesia,Sorong,SOQ,WASS,08:10,00:10,08:24,14min late,16:25,5min late,7h 0m,Landed
2026-03-06,HX706,CRK706,Hong Kong Airlines,Hong Kong,HKG,VHHH,08:15,00:15,08:36,21min late,13:05,9min early,4h 28m,Landed
2026-03-06,CZ8482,CSN8482,China Southern Airlines,Guangzhou,CAN,ZGGG,08:35,00:35,08:49,14min late,18:45,5min late,9h 56m,Landed
2026-03-06,5J280,CEB280,CEBU Pacific Air,Manila,MNL,RPLL,08:35,00:35,08:33,1min early,12:06,43min early,3h 33m,Landed
2026-03-06,QG500,CTV500,Citilink,Dili,DIL,WPDL,08:50,00:50,08:51,1min late,14:13,18min late,4h 21m,Landed
2026-03-06,IW1882,WON1882,Wings Air,Sumbawa Besar,SWQ,WADS,08:55,00:55,08:53,1min early,09:35,24min early,42m,Landed
2026-03-06,IN640,LKN640,Nam Air,Tambolaka,TMC,WADT,09:10,01:10,09:31,21min late,10:08,1min early,37m,Landed
2026-03-06,SJ740,,Sriwijaya Air,Waingapu,WGP,WADW,09:10,01:10,09:10,,10:30,,1h 20m,Landed
2026-03-06,8B5105,TNU5105,TransNusa,Jakarta,CGK,WIII,09:15,01:15,16:09,54min late,16:40,40min late,1h 31m,Landed
2026-03-06,IW1848,WON1848,Wings Air,Lombok,LOP,WADL,09:25,01:25,09:53,28min late,10:44,29min late,51m,Landed
2026-03-06,ID6007,BTK6007,Batik Air,Perth,PER,YPPH,09:30,01:30,09:33,3min late,12:54,20min early,3h 21m,Landed
2026-03-06,QG663,CTV663,Citilink,Jakarta,CGK,WIII,09:35,01:35,09:48,13min late,10:21,13min early,1h 32m,Landed
2026-03-06,8B5634,TNU5634,Business Air,Bima,BMU,WADB,09:35,01:35,09:39,4min late,10:26,8min early,46m,Landed
2026-03-06,8B80,TNU080,Business Air,Perth,PER,YPPH,09:40,01:40,09:41,1min late,13:06,18min early,3h 24m,Landed
2026-03-06,QZ803,AWQ803,Indonesia AirAsia,Jakarta,CGK,WIII,09:40,01:40,10:52,12min late,11:19,49min late,1h 27m,Landed
2026-03-06,ID6324,BTK6324,Batik Air,Tambolaka,TMC,WADT,09:40,01:40,09:44,4min late,10:29,25min early,45m,Landed
2026-03-06,IU122,,SW Italia,Yogyakarta,YIA,WAHI,10:00,02:00,,,,,1h 30m,
2026-03-06,SU297,AFL297,Aeroflot,Moscow,SVO,UUEE,10:05,02:05,10:23,18min late,17:49,5min early,12h 25m,Landed
2026-03-06,JQ126,JST126,Jetstar Airways,Adelaide,ADL,YPAD,10:15,02:15,10:41,26min late,17:46,1min late,4h 35m,Landed
2026-03-06,8B5101,TNU5101,Business Air,Jakarta,CGK,WIII,10:30,02:30,11:07,37min late,11:40,25min late,1h 33m,Landed
2026-03-06,SQ935,SIA935,Singapore Airlines,Singapore,SIN,WSSS,10:30,02:30,10:31,1min late,12:44,25min early,2h 13m,Landed
2026-03-06,JT805,,Lion Air,Surabaya,SUB,WARR,10:35,02:35,13:35,0min late,13:11,36min late,36m,Landed
2026-03-06,JT924,LNI924,Lion Air,Kupang,KOE,WATT,10:35,02:35,10:54,19min late,12:19,5min early,1h 24m,Landed
2026-03-06,8G182,DTL182,Mid Africa Aviation,Dili,DIL,WPDL,10:35,02:35,10:35,on time,13:18,11min early,1h 43m,Landed
2026-03-06,JT33,LNI033,Lion Air,Jakarta,CGK,WIII,10:35,02:35,13:00,25min late,13:33,3min late,1h 33m,Landed
2026-03-06,QZ646,AWQ646,Indonesia AirAsia,Labuan Bajo,LBJ,WATO,11:00,03:00,11:10,10min late,13:39,19min late,2h 28m,Landed
2026-03-06,QG197,CTV197,Citilink,Jakarta,HLP,WIHH,11:10,03:10,11:49,39min late,12:18,18min late,1h 28m,Landed
2026-03-06,TR281,TGW281,Scoot,Singapore,SIN,WSSS,11:10,03:10,11:20,10min late,13:34,15min early,2h 13m,Landed
2026-03-06,JQ40,JST040,Jetstar Airways,Sydney,SYD,YSSY,11:15,03:15,11:17,2min late,19:55,19min early,5h 37m,Landed
2026-03-06,QZ780,AWQ780,Indonesia AirAsia,Balikpapan,BPN,WALL,11:30,03:30,11:30,on time,12:48,26min early,1h 17m,Landed
2026-03-06,JQ32,JST032,Jetstar Airways,Melbourne,MEL,YMML,11:30,03:30,12:01,31min late,20:20,10min late,5h 18m,Landed
2026-03-06,6E1606,IGO1606,IndiGo,Bangalore,BLR,VOBL,11:30,03:30,11:25,4min early,14:56,38min early,6h 1m,Landed
2026-03-06,OD172,MXD172,Malindo Air,Kuala Lumpur,KUL,WMKK,11:35,03:35,11:58,23min late,14:49,4min late,2h 50m,Landed
2026-03-06,IW1964,WON1964,Wings Air,Lombok,LOP,WADL,11:40,03:40,08:53,46min early,12:11,18min early,3h 18m,Landed
2026-03-06,IW1902,,Wings Air,Jember,JBB,WARE,11:40,03:40,11:40,,14:34,34min late,3h 54m,Landed
2026-03-06,JQ109,JST109,Jetstar Airways,Perth,PER,YPPH,11:45,03:45,12:00,15min late,15:11,23min early,3h 11m,Landed
2026-03-06,ID6331,BTK6331,Batik Air,Labuan Bajo,LBJ,WATO,11:45,03:45,12:40,55min late,13:31,31min late,50m,Landed
2026-03-06,JT31,,Lion Air,Jakarta,CGK,WIII,11:55,03:55,14:58,3min late,15:27,37min late,1h 29m,Landed
2026-03-06,GA407,GIA407,Garuda Indonesia,Jakarta,CGK,WIII,11:55,03:55,12:14,19min late,12:44,10min early,1h 30m,Landed
2026-03-06,FD397,AIQ397,Thai AirAsia,Bangkok,DMK,VTBD,12:00,04:00,12:26,26min late,15:20,on time,3h 53m,Landed
2026-03-06,SQ937,SIA937,Singapore Airlines,Singapore,SIN,WSSS,12:05,04:05,12:35,30min late,14:50,4min early,2h 15m,Landed
2026-03-06,GA253,GIA253,Garuda Indonesia,Yogyakarta,YIA,WAHI,12:05,04:05,12:28,23min late,14:51,56min late,3h 22m,Landed
2026-03-06,OD192,MXD192,Malindo Air,Kuala Lumpur,KUL,WMKK,12:10,04:10,12:17,7min late,15:00,19min early,2h 42m,Landed
2026-03-06,SJ742,,Sriwijaya Air,Tambolaka,TMC,WADT,12:10,04:10,12:10,on time,13:10,,1h 0m,Landed
2026-03-06,OD178,MXD178,Malindo Air,Kuala Lumpur,KUL,WMKK,12:15,04:15,12:34,19min late,15:12,12min early,2h 38m,Landed
2026-03-06,QG697,CTV697,Citilink,Surabaya,SUB,WARR,12:20,04:20,12:42,22min late,12:33,3min late,50m,Landed
2026-03-06,QZ540,AWQ540,Indonesia AirAsia,Darwin,DRW,YPDN,12:30,04:30,12:45,15min late,16:47,2min early,2h 32m,Landed
2026-03-06,8B5254,TNU5254,Business Air,Lombok,LOP,WADL,12:40,04:40,12:51,11min late,13:17,2min early,26m,Landed
2026-03-06,IP103,PAS103,Pelita Air Service,Jakarta,CGK,WIII,12:45,04:45,12:56,11min late,13:31,3min early,1h 34m,Landed
2026-03-06,OD158,MXD158,Malindo Air,Kuala Lumpur,KUL,WMKK,12:45,04:45,12:48,3min late,15:37,17min early,2h 49m,Landed
2026-03-06,SQ939,SIA939,Singapore Airlines,Singapore,SIN,WSSS,13:00,05:00,13:15,15min late,15:31,18min early,2h 16m,Landed
2026-03-06,AK365,AXM365,AirAsia,Kuala Lumpur,KUL,WMKK,13:05,05:05,13:18,13min late,15:59,10min early,2h 41m,Landed
2026-03-06,MH714,MAS714,Malaysia Airlines,Kuala Lumpur,KUL,WMKK,13:10,05:10,13:33,23min late,16:15,10min late,2h 41m,Landed
2026-03-06,JT35,LNI035,Lion Air,Jakarta,CGK,WIII,13:15,05:15,13:22,7min late,13:53,16min early,1h 31m,Landed
2026-03-06,GA409,GIA409,Garuda Indonesia,Jakarta,CGK,WIII,13:25,05:25,13:37,12min late,14:15,9min early,1h 38m,Landed
2026-03-06,JQ58,JST058,Jetstar Airways,Brisbane,BNE,YBBN,13:30,05:30,13:43,13min late,21:18,6min early,5h 35m,Landed
2026-03-06,JT660,LNI660,Lion Air,Balikpapan,BPN,WALL,13:30,05:30,15:35,5min late,16:57,42min late,1h 22m,Landed
2026-03-06,QZ811,AWQ811,Indonesia AirAsia,Jakarta,CGK,WIII,13:40,05:40,14:50,10min late,15:22,52min late,1h 31m,Landed
2026-03-06,ID6509,BTK6509,Batik Air,Jakarta,CGK,WIII,13:45,05:45,13:48,3min late,14:17,22min early,1h 28m,Landed
2026-03-06,JT919,LNI919,Lion Air,Surabaya,SUB,WARR,13:55,05:55,14:02,7min late,13:56,on time,53m,Landed
2026-03-06,6E1612,IGO1612,IndiGo,Bhubaneswar,BBI,VEBS,14:00,06:00,13:56,4min early,17:28,11min early,6h 2m,Landed
2026-03-06,QZ544,AWQ544,Indonesia AirAsia,Perth,PER,YPPH,14:00,06:00,13:56,3min early,17:15,34min early,3h 19m,Landed
2026-03-06,QG687,CTV687,Citilink,Jakarta,CGK,WIII,14:00,06:00,14:12,12min late,14:41,18min early,1h 29m,Landed
2026-03-06,8B82,,Business Air,Perth,PER,YPPH,14:00,06:00,,,,,3h 40m,
2026-03-06,QG342,,Citilink,Makassar,UPG,WAAA,14:00,06:00,15:43,43min late,16:50,20min late,1h 7m,Landed
2026-03-06,VJ894,VJC894,VietJet Air,Ho Chi Minh City,SGN,VVTS,14:05,06:05,14:08,3min late,17:21,16min late,4h 13m,Landed
2026-03-06,IU130,SJV130,SW Italia,Semarang,SRG,WIIS,14:15,06:15,14:19,4min late,14:25,9min early,1h 6m,Landed
2026-03-06,ID7308,BTK7308,Batik Air,Jakarta,HLP,WIHH,14:20,06:20,15:49,29min late,16:25,15min late,1h 35m,Landed
2026-03-06,QZ506,AWQ506,Indonesia AirAsia,Singapore,SIN,WSSS,14:25,06:25,15:05,40min late,17:33,13min late,2h 28m,Landed
2026-03-06,QZ556,AWQ556,Indonesia AirAsia,Kuala Lumpur,KUL,WMKK,14:30,06:30,14:33,3min late,17:13,16min early,2h 40m,Landed
2026-03-06,TR289,TGW289,Scoot,Singapore,SIN,WSSS,14:35,06:35,15:10,35min late,17:39,9min late,2h 28m,Landed
2026-03-06,OD307,MXD307,Malindo Air,Kuala Lumpur,KUL,WMKK,14:50,06:50,15:14,24min late,17:53,1min early,2h 39m,Landed
2026-03-06,JQ43,JST043,Jetstar Airways,Singapore,SIN,WSSS,14:50,06:50,15:03,13min late,17:37,17min early,2h 34m,Landed
2026-03-06,JQ44,JST044,Jetstar Airways,Melbourne,MEL,YMML,14:55,06:55,15:08,13min late,23:15,19min early,5h 7m,Landed
2026-03-06,QG681,CTV681,Citilink,Jakarta,CGK,WIII,15:00,07:00,15:17,17min late,15:50,9min early,1h 32m,Landed
2026-03-06,VA48,VOZ048,Virgin Australia,Brisbane,BNE,YBBN,15:00,07:00,15:21,21min late,22:48,6min early,5h 26m,Landed
2026-03-06,JT844,,Lion Air,Banjarmasin,BDJ,WAOO,15:00,07:00,15:51,51min late,16:52,22min late,1h 1m,Landed
2026-03-06,IU120,SJV120,SW Italia,Yogyakarta,YIA,WAHI,15:00,07:00,16:32,32min late,16:37,7min late,1h 5m,Landed
2026-03-06,AI2148,AIC2148,Air India,Delhi,DEL,VIDP,15:10,07:10,15:24,14min late,20:17,12min late,7h 23m,Landed
2026-03-06,GA842,GIA842,Garuda Indonesia,Singapore,SIN,WSSS,15:15,07:15,15:27,12min late,18:09,9min late,2h 41m,Landed
2026-03-06,AK377,AXM377,AirAsia,Kuala Lumpur,KUL,WMKK,15:25,07:25,15:31,6min late,18:16,8min early,2h 45m,Landed
2026-03-06,JT740,LNI740,Lion Air,Makassar,UPG,WAAA,15:30,07:30,16:51,21min late,17:58,3min late,1h 7m,Landed
2026-03-06,VJ898,VJC898,VietJet Air,Ho Chi Minh City,SGN,VVTS,15:35,07:35,15:47,12min late,18:57,32min late,4h 9m,Landed
2026-03-06,GA411,GIA411,Garuda Indonesia,Jakarta,CGK,WIII,15:35,07:35,15:39,4min late,16:21,18min early,1h 41m,Landed
2026-03-06,SJ717,SJY717,Sriwijaya Air,Makassar,UPG,WAAA,15:40,07:40,16:07,27min late,17:14,14min late,1h 7m,Landed
2026-03-06,IW1850,WON1850,Wings Air,Lombok,LOP,WADL,15:40,07:40,15:53,13min late,16:23,6min early,30m,Landed
2026-03-06,CI772,CAL772,China Airlines,Taipei,TPE,RCTP,15:45,07:45,16:15,30min late,21:03,1min early,4h 48m,Landed
2026-03-06,VA92,VOZ092,Virgin Australia,Melbourne,MEL,YMML,15:50,07:50,16:00,10min late,00:15,14min early,5h 14m,Landed
2026-03-06,QZ246,AWQ246,Indonesia AirAsia,Phuket,HKT,VTSP,15:55,07:55,16:24,29min late,19:15,35min late,3h 51m,Landed
2026-03-06,8B5256,,TransNusa,Lombok,LOP,WADL,15:55,07:55,,,,,55m,
2026-03-06,IP109,PAS109,Pelita Air Service,Jakarta,CGK,WIII,16:00,08:00,16:04,4min late,16:36,13min early,1h 32m,Landed
2026-03-06,QZ536,AWQ536,Indonesia AirAsia,Perth,PER,YPPH,16:00,08:00,16:11,11min late,19:24,20min early,3h 13m,Landed
2026-03-06,VN640,HVN640,Vietnam Airlines,Ho Chi Minh City,SGN,VVTS,16:05,08:05,16:13,8min late,19:02,7min late,3h 49m,Landed
2026-03-06,TG432,THA432,Thai Airways International,Bangkok,BKK,VTBS,16:10,08:10,16:18,8min late,19:04,20min early,3h 45m,Landed
2026-03-06,QG669,CTV669,Citilink,Surabaya,SUB,WARR,16:10,08:10,18:03,53min late,19:35,15min late,2h 31m,Landed
2026-03-06,MH850,MAS850,Malaysia Airlines,Kuala Lumpur,KUL,WMKK,16:25,08:25,16:38,13min late,19:16,18min early,2h 38m,Landed
2026-03-06,IW1852,WON1852,Wings Air,Lombok,LOP,WADL,16:30,08:30,16:41,11min late,17:11,8min early,30m,Landed
2026-03-06,GA427,GIA427,Garuda Indonesia,Jakarta,CGK,WIII,16:35,08:35,16:48,13min late,17:18,11min early,1h 30m,Landed
2026-03-06,BR256,EVA256,EVA Airways,Taipei,TPE,RCTP,16:40,08:40,16:46,6min late,21:31,13min early,4h 44m,Landed
2026-03-06,IU703,,SW Italia,Surabaya,SUB,WARR,16:40,08:40,,,,,1h 0m,
2026-03-06,GA349,GIA349,Garuda Indonesia,Surabaya,SUB,WARR,16:55,08:55,19:12,17min late,19:23,13min late,1h 10m,Landed
2026-03-06,IU273,SJV273,SW Italia,Pontianak,PNK,WIOO,17:00,09:00,17:38,38min late,18:13,8min late,1h 35m,Landed
2026-03-06,8B5107,TNU5107,TransNusa,Jakarta,CGK,WIII,17:15,09:15,17:14,on time,17:44,on time,1h 30m,Landed
2026-03-06,GA419,,Garuda Indonesia,Jakarta,CGK,WIII,17:25,09:25,17:25,on time,18:25,,2h 0m,Landed
2026-03-06,VJ998,VJC998,VietJet Air,Hanoi,HAN,VVNB,17:25,09:25,17:29,4min late,21:12,22min early,4h 42m,Landed
2026-03-06,HO1356,DKH1356,Juneyao Airlines,Shanghai,PVG,ZSPD,17:25,09:25,17:17,7min early,22:57,52min early,5h 39m,Landed
2026-03-06,TR211,TGW211,Scoot,Singapore,SIN,WSSS,17:35,09:35,17:47,12min late,20:25,20min early,2h 37m,Landed
2026-03-06,IU759,,SW Italia,Jakarta,CGK,WIII,17:40,09:40,,,,,1h 55m,
2026-03-06,IP107,PAS107,Pelita Air Service,Jakarta,CGK,WIII,17:40,09:40,17:52,12min late,18:19,10min early,1h 27m,Landed
2026-03-06,AK368,AXM368,AirAsia,Kuala Lumpur,KUL,WMKK,17:45,09:45,17:29,16min early,20:31,18min early,3h 2m,Landed
2026-03-06,IU126,SJV126,SW Italia,Surakarta,SOC,WAHQ,18:10,10:10,18:20,10min late,18:21,8min early,1h 1m,Landed
2026-03-06,OD193,MXD193,Malindo Air,Perth,PER,YPPH,18:10,10:10,18:07,2min early,21:20,24min early,3h 13m,Landed
2026-03-06,IN281,LKN281,Nam Air,Jakarta,CGK,WIII,18:30,10:30,18:34,4min late,19:08,1min early,1h 33m,Landed
2026-03-06,IP111,,Pelita Air Service,Jakarta,CGK,WIII,18:35,10:35,,,,,1h 50m,
2026-03-06,CX782,CPA782,Cathay Pacific,Hong Kong,HKG,VHHH,18:40,10:40,18:50,10min late,23:02,42min early,4h 11m,Landed
2026-03-06,GA417,GIA417,Garuda Indonesia,Jakarta,CGK,WIII,18:40,10:40,19:13,33min late,19:48,8min late,1h 34m,Landed
2026-03-06,QZ504,AWQ504,Indonesia AirAsia,Singapore,SIN,WSSS,18:40,10:40,21:30,50min late,23:53,33min late,2h 23m,Landed
2026-03-06,EY477,,Etihad Airways,Abu Dhabi,AUH,OMAA,18:45,10:45,19:01,16min late,23:47,2min late,8h 46m,Landed
2026-03-06,NZ291,ANZ291,Air New Zealand,Auckland,AKL,NZAA,18:50,10:50,18:59,9min late,07:44,10min early,7h 44m,Landed
2026-03-06,6E1608,IGO1608,IndiGo,Chennai,MAA,VOMM,18:50,10:50,19:25,35min late,22:43,13min late,5h 48m,Landed
2026-03-06,QR963,,Qatar Airways,Doha,DOH,OTHH,18:50,10:50,,,,,9h 40m,Cancelled
2026-03-06,8B5258,TNU5258,Business Air,Lombok,LOP,WADL,18:55,10:55,18:54,on time,19:24,10min early,30m,Landed
2026-03-06,TG440,THA440,Thai Airways International,Bangkok,BKK,VTBS,19:00,11:00,20:21,21min late,23:20,5min late,3h 59m,Landed
2026-03-06,AK379,AXM379,AirAsia,Kuala Lumpur,KUL,WMKK,19:15,11:15,19:11,3min early,22:04,15min early,2h 53m,Landed
2026-03-06,QZ809,AWQ809,Indonesia AirAsia,Jakarta,CGK,WIII,19:15,11:15,19:44,29min late,20:14,on time,1h 30m,Landed
2026-03-06,MH852,MAS852,Malaysia Airlines,Kuala Lumpur,KUL,WMKK,19:15,11:15,19:40,25min late,22:24,9min late,2h 44m,Landed
2026-03-06,ID7310,BTK7310,Batik Air,Jakarta,HLP,WIHH,19:25,11:25,21:00,35min late,21:25,10min late,1h 24m,Landed
2026-03-06,QG699,CTV699,Citilink,Surabaya,SUB,WARR,19:30,11:30,20:13,43min late,19:53,13min late,40m,Landed
2026-03-06,JQ107,JST107,Jetstar Airways,Perth,PER,YPPH,19:45,11:45,19:47,2min late,22:57,22min early,3h 9m,Landed
2026-03-06,8B969,,TransNusa,Guangzhou,CAN,ZGGG,19:45,11:45,,,,,5h 20m,
2026-03-06,EK369,UAE369,Emirates,Dubai,DXB,OMDB,19:50,11:50,20:05,15min late,00:54,15min early,8h 49m,Landed
2026-03-06,QZ807,AWQ807,Indonesia AirAsia,Jakarta,CGK,WIII,20:00,12:00,20:23,23min late,20:48,11min early,1h 25m,Landed
2026-03-06,SL259,TLM259,Thai Lion Air,Bangkok,DMK,VTBD,20:05,12:05,20:17,12min late,23:22,2min early,4h 5m,Landed
2026-03-06,TR283,TGW283,Scoot,Singapore,SIN,WSSS,20:05,12:05,20:27,22min late,22:42,2min late,2h 14m,Landed
2026-03-06,QG195,CTV195,Citilink,Jakarta,HLP,WIHH,20:10,12:10,20:38,28min late,21:08,3min late,1h 29m,Landed
2026-03-06,SQ945,SIA945,Singapore Airlines,Singapore,SIN,WSSS,20:15,12:15,20:30,15min late,22:49,5min early,2h 18m,Landed
2026-03-06,JQ34,JST034,Jetstar Airways,Melbourne,MEL,YMML,20:20,12:20,20:48,28min late,04:56,1min late,5h 8m,Landed
2026-03-06,GA718,GIA718,Garuda Indonesia,Melbourne,MEL,YMML,20:20,12:20,20:34,14min late,05:06,6min late,5h 32m,Landed
2026-03-06,ID6413,BTK6413,Batik Air,Surabaya,SUB,WARR,20:30,12:30,20:41,11min late,06:10,40min late,10h 28m,Landed
2026-03-06,GA415,,Garuda Indonesia,Jakarta,CGK,WIII,20:45,12:45,20:45,on time,21:45,,2h 0m,Landed
2026-03-06,IP105,PAS105,Pelita Air Service,Jakarta,CGK,WIII,20:50,12:50,20:55,5min late,21:26,13min early,1h 31m,Landed
2026-03-06,OD177,MXD177,Malindo Air,Melbourne,MEL,YMML,20:55,12:55,21:08,13min late,05:29,10min early,5h 20m,Landed
2026-03-06,AK375,AXM375,AirAsia,Kuala Lumpur,KUL,WMKK,21:05,13:05,21:29,24min late,00:22,12min late,2h 53m,Landed
2026-03-06,TK67,THY067,Turkish Airlines,Istanbul,IST,LTFM,21:10,13:10,21:16,6min late,05:09,30min early,12h 53m,Landed
2026-03-06,OD171,MXD171,Malindo Air,Sydney,SYD,YSSY,21:10,13:10,21:35,25min late,06:19,4min late,5h 44m,Landed
2026-03-06,QG667,CTV667,Citilink,Jakarta,CGK,WIII,21:10,13:10,21:24,14min late,21:56,13min early,1h 32m,Landed
2026-03-06,QF44,QFA044,Qantas,Sydney,SYD,YSSY,21:20,13:20,21:55,35min late,06:27,12min late,5h 32m,Landed
2026-03-06,QZ819,,Indonesia AirAsia,Jakarta,CGK,WIII,21:35,13:35,00:38,3min late,01:02,37min late,1h 23m,Landed
2026-03-06,SJ273,,Sriwijaya Air,Jakarta,CGK,WIII,21:35,13:35,21:35,on time,22:15,,1h 40m,Landed
2026-03-06,KL836,KLM836,KLM Royal Dutch Airlines,Singapore,SIN,WSSS,21:40,13:40,21:36,3min early,23:46,23min early,2h 9m,Landed
2026-03-06,SQ947,SIA947,Singapore Airlines,Singapore,SIN,WSSS,21:40,13:40,21:45,5min late,00:08,11min early,2h 23m,Landed
2026-03-06,JQ117,JST117,Jetstar Airways,Perth,PER,YPPH,21:45,13:45,21:51,6min late,00:55,19min early,3h 4m,Landed
2026-03-06,TK311,THY311,Turkish Airlines,Istanbul,IST,LTFM,22:00,14:00,22:05,5min late,06:15,9min early,13h 10m,Landed
2026-03-06,VA94,VOZ094,Virgin Australia,Melbourne,MEL,YMML,22:00,14:00,22:49,49min late,07:05,25min late,5h 15m,Landed
2026-03-06,QF46,QFA046,Qantas,Melbourne,MEL,YMML,22:05,14:05,22:11,6min late,06:23,26min early,5h 11m,Landed
2026-03-06,SV857,SVA857,Saudi Arabian Airlines,Singapore,SIN,WSSS,22:05,14:05,22:21,16min late,00:36,8min early,2h 15m,Landed
2026-03-06,JQ38,JST038,Jetstar Airways,Sydney,SYD,YSSY,22:20,14:20,00:16,56min late,08:56,26min late,5h 40m,Landed
2026-03-06,JQ89,JST089,Jetstar Airways,Newcastle,NTL,YWLM,22:20,14:20,22:19,on time,06:52,22min early,5h 32m,Landed
2026-03-06,VA66,,Virgin Australia,Sydney,SYD,YSSY,22:30,14:30,,,,,6h 10m,Cancelled
2026-03-06,JT15,LNI015,Lion Air,Jakarta,CGK,WIII,22:45,14:45,22:52,7min late,23:20,19min early,1h 27m,Landed
2026-03-06,JQ128,JST128,Jetstar Airways,Adelaide,ADL,YPAD,22:50,14:50,22:55,5min late,06:13,1min early,4h 48m,Landed
2026-03-06,7C2712,JJA2712,Jeju Air,Seoul,ICN,RKSI,23:05,15:05,23:19,14min late,06:43,26min early,6h 24m,Landed
2026-03-06,8B5109,,TransNusa,Jakarta,CGK,WIII,23:10,15:10,,,,,1h 40m,
2026-03-06,JQ91,JST091,Jetstar Airways,Cairns,CNS,YBCS,23:10,15:10,23:14,4min late,05:33,11min early,4h 18m,Landed
2026-03-06,3U3986,CSC3986,Sichuan Airlines,Lujia Town,TFU,ZUTF,23:10,15:10,23:21,11min late,10:34,39min late,11h 12m,Landed
2026-03-06,VA82,VOZ082,Virgin Australia,Gold Coast,OOL,YBCG,23:20,15:20,23:26,6min late,07:11,1min late,5h 45m,Landed
2026-03-06,JQ42,JST042,Jetstar Airways,Melbourne,MEL,YMML,23:40,15:40,00:06,26min late,08:21,8min early,5h 14m,Landed
2026-03-06,QZ420,AWQ420,Indonesia AirAsia,Adelaide,ADL,YPAD,23:45,15:45,23:42,2min early,06:53,31min early,4h 41m,Landed
2026-03-06,KE432,KAL432,Korean Air Lines,Seoul,ICN,RKSI,23:50,15:50,00:09,19min late,07:19,25min early,6h 9m,Landed
2026-03-06,JQ94,JST094,Jetstar Airways,Gold Coast,OOL,YBCG,23:55,15:55,00:15,20min late,07:58,33min late,5h 42m,Landed
2026-03-06,GA714,GIA714,Garuda Indonesia,Sydney,SYD,YSSY,23:55,15:55,23:58,3min late,08:52,17min late,5h 53m,Landed
2026-03-07,BX602,ABL602,Air Busan,Busan,PUS,RKPK,00:05,16:05,00:40,35min late,07:49,40min early,6h 8m,Landed
2026-03-07,8B84,,Business Air,Perth,PER,YPPH,00:20,16:20,,,,,3h 45m,
2026-03-07,EK399,,Emirates,Dubai,DXB,OMDB,00:25,16:25,,,,,9h 20m,
2026-03-07,MF892,CXA892,Xiamen Airlines,Xiamen,XMN,ZSAM,00:30,16:30,00:29,on time,05:40,24min early,5h 10m,Landed
2026-03-07,QR961,,Qatar Airways,Doha,DOH,OTHH,00:30,16:30,,,,,9h 40m,Cancelled
2026-03-07,CZ626,CSN626,China Southern Airlines,Guangzhou,CAN,ZGGG,00:40,16:40,00:35,5min early,05:22,27min early,4h 47m,Landed
2026-03-07,GA880,GIA880,Garuda Indonesia,Tokyo,NRT,RJAA,00:50,16:50,00:58,8min late,08:31,18min early,6h 33m,Landed
2026-03-07,MU5030,CES5030,China Eastern Airlines,Shanghai,PVG,ZSPD,00:55,16:55,01:08,13min late,07:01,8min early,5h 53m,Landed
2026-03-07,SJ726,,Sriwijaya Air,Makassar,UPG,WAAA,01:00,17:00,,,,,1h 20m,
2026-03-07,QZ548,AWQ548,Indonesia AirAsia,Perth,PER,YPPH,01:00,17:00,01:00,on time,04:29,10min early,3h 28m,Landed
2026-03-07,KE434,KAL434,Korean Air Lines,Seoul,ICN,RKSI,01:05,17:05,01:37,32min late,08:38,21min early,6h 1m,Landed
2026-03-07,PR538,PAL538,Philippine Airlines,Manila,MNL,RPLL,01:10,17:10,01:17,7min late,04:42,27min early,3h 25m,Landed
2026-03-07,8B5888,,TransNusa,Manado,MDC,WAMM,01:30,17:30,,,,,2h 45m,
2026-03-07,QZ534,AWQ534,Indonesia AirAsia,Perth,PER,YPPH,07:00,23:00,07:00,on time,10:15,34min early,3h 15m,Landed
2026-03-07,GA401,,Garuda Indonesia,Jakarta,CGK,WIII,07:00,23:00,07:00,,08:00,,2h 0m,Landed
2026-03-07,IU705,SJV705,SW Italia,Surabaya,SUB,WARR,07:00,23:00,07:40,40min late,07:16,16min late,36m,Landed
2026-03-07,JT746,LNI746,Lion Air,Makassar,UPG,WAAA,07:00,23:00,07:36,36min late,08:38,13min late,1h 1m,Landed
2026-03-07,QG690,CTV690,Citilink,Surabaya,SUB,WARR,07:05,23:05,07:33,28min late,07:14,4min late,40m,Landed
2026-03-07,JQ82,JST082,Jetstar Airways,Darwin,DRW,YPDN,07:05,23:05,07:02,2min early,11:00,14min early,2h 27m,Landed
2026-03-07,QZ550,AWQ550,Indonesia AirAsia,Kuala Lumpur,KUL,WMKK,07:15,23:15,07:07,7min early,09:46,23min early,2h 39m,Landed
2026-03-07,SQ949,SIA949,Singapore Airlines,Singapore,SIN,WSSS,07:20,23:20,07:23,3min late,09:39,21min early,2h 15m,Landed
2026-03-07,VA9934,VOZ9934,Virgin Australia,Sydney,SYD,YSSY,07:30,23:30,07:30,on time,16:10,29min early,5h 39m,Landed
2026-03-07,8B551,TNU551,Business Air,Singapore,SIN,WSSS,07:30,23:30,07:26,3min early,09:41,13min early,2h 15m,Landed
2026-03-07,8B5250,TNU5250,Business Air,Lombok,LOP,WADL,07:30,23:30,07:55,25min late,08:20,25min late,24m,Landed
2026-03-07,QZ644,AWQ644,Indonesia AirAsia,Labuan Bajo,LBJ,WATO,07:40,23:40,07:40,on time,10:13,18min late,2h 33m,Landed
2026-03-07,IW1858,WON1858,Wings Air,Lombok,LOP,WADL,08:05,00:05,08:06,1min late,08:34,20min early,28m,Landed
2026-03-07,JT21,LNI021,Lion Air,Jakarta,CGK,WIII,08:05,00:05,08:29,24min late,08:58,1min early,1h 28m,Landed
2026-03-07,HX706,CRK706,Hong Kong Airlines,Hong Kong,HKG,VHHH,08:15,00:15,08:27,12min late,12:57,17min early,4h 30m,Landed
2026-03-07,CZ8482,CSN8482,China Southern Airlines,Guangzhou,CAN,ZGGG,08:35,00:35,08:34,on time,13:20,44min early,4h 45m,Landed
2026-03-07,5J280,CEB280,CEBU Pacific Air,Manila,MNL,RPLL,08:35,00:35,08:43,8min late,12:21,28min early,3h 38m,Landed
2026-03-07,IW1854,,Wings Air,Lombok,LOP,WADL,08:45,00:45,09:33,48min late,10:00,25min late,27m,Landed
2026-03-07,QG500,CTV500,Citilink,Dili,DIL,WPDL,08:50,00:50,08:44,6min early,11:47,7min early,2h 3m,Landed
2026-03-07,IW1882,WON1882,Wings Air,Sumbawa Besar,SWQ,WADS,08:55,00:55,09:00,5min late,09:44,15min early,44m,Landed
2026-03-07,IN640,LKN640,Nam Air,Tambolaka,TMC,WADT,09:10,01:10,09:23,13min late,10:23,13min late,1h 0m,Landed
2026-03-07,8B5105,,Business Air,Jakarta,CGK,WIII,09:15,01:15,,,,,1h 45m,
2026-03-07,IW1848,,Wings Air,Lombok,LOP,WADL,09:25,01:25,10:21,56min late,10:52,37min late,31m,Landed
2026-03-07,QG663,CTV663,Citilink,Jakarta,CGK,WIII,09:35,01:35,09:45,10min late,10:23,12min early,1h 37m,Landed
2026-03-07,8B5634,TNU5634,Business Air,Bima,BMU,WADB,09:35,01:35,10:07,32min late,10:53,18min late,46m,Landed
2026-03-07,8B80,TNU080,Business Air,Perth,PER,YPPH,09:40,01:40,09:34,5min early,12:58,26min early,3h 24m,Landed
2026-03-07,ID6324,BTK6324,Batik Air,Tambolaka,TMC,WADT,09:40,01:40,09:50,10min late,10:43,11min early,53m,Landed
2026-03-07,QZ803,AWQ803,Indonesia AirAsia,Jakarta,CGK,WIII,09:40,01:40,09:36,3min early,10:01,28min early,1h 25m,Landed
2026-03-07,AI2146,AIC2146,Air India,Delhi,DEL,VIDP,10:00,02:00,10:06,6min late,14:53,6min early,7h 17m,Landed
2026-03-07,JQ111,JST111,Jetstar Airways,Perth,PER,YPPH,10:20,02:20,10:20,on time,13:39,30min early,3h 18m,Landed
2026-03-07,8B5101,TNU5101,TransNusa,Jakarta,CGK,WIII,10:30,02:30,14:17,47min late,14:58,43min late,1h 40m,Landed
2026-03-07,SQ935,SIA935,Singapore Airlines,Singapore,SIN,WSSS,10:30,02:30,10:36,6min late,12:51,18min early,2h 15m,Landed
2026-03-07,JT924,LNI924,Lion Air,Kupang,KOE,WATT,10:35,02:35,10:43,8min late,12:10,14min early,1h 27m,Landed
2026-03-07,JT33,LNI033,Lion Air,Jakarta,CGK,WIII,10:35,02:35,12:02,27min late,12:30,0min late,1h 28m,Landed
2026-03-07,8G182,DTL182,Mid Africa Aviation,Dili,DIL,WPDL,10:35,02:35,11:03,28min late,13:47,17min late,1h 43m,Landed
2026-03-07,JT805,,Lion Air,Surabaya,SUB,WARR,10:35,02:35,12:00,25min late,11:36,1min late,36m,Landed
2026-03-07,IW1856,WON1856,Wings Air,Lombok,LOP,WADL,11:10,03:10,11:25,15min late,11:53,6min early,27m,Landed
2026-03-07,QG197,CTV197,Citilink,Jakarta,HLP,WIHH,11:10,03:10,11:03,7min early,11:44,15min early,1h 41m,Landed
2026-03-07,TR281,TGW281,Scoot,Singapore,SIN,WSSS,11:10,03:10,11:30,20min late,13:38,12min early,2h 7m,Landed
2026-03-07,JQ40,JST040,Jetstar Airways,Sydney,SYD,YSSY,11:15,03:15,11:21,6min late,19:59,15min early,5h 37m,Landed
2026-03-07,JQ32,JST032,Jetstar Airways,Melbourne,MEL,YMML,11:30,03:30,12:01,31min late,20:19,9min late,5h 18m,Landed
2026-03-07,6E1606,IGO1606,IndiGo,Bangalore,BLR,VOBL,11:30,03:30,11:24,5min early,15:07,27min early,6h 12m,Landed
2026-03-07,OD172,MXD172,Malindo Air,Kuala Lumpur,KUL,WMKK,11:35,03:35,11:55,20min late,14:35,9min early,2h 40m,Landed
2026-03-07,IW1964,WON1964,Wings Air,Lombok,LOP,WADL,11:40,03:40,11:57,17min late,12:25,4min early,28m,Landed
2026-03-07,ID6331,BTK6331,Batik Air,Labuan Bajo,LBJ,WATO,11:45,03:45,12:51,6min late,13:02,2min late,11m,Landed
2026-03-07,JQ109,JST109,Jetstar Airways,Perth,PER,YPPH,11:45,03:45,12:16,31min late,15:24,10min early,3h 7m,Landed
2026-03-07,IW1850,WON1850,Wings Air,Lombok,LOP,WADL,11:50,03:50,11:59,9min late,12:29,10min early,30m,Landed
2026-03-07,QZ618,AWQ618,Indonesia AirAsia,Banjarmasin,BDJ,WAOO,11:55,03:55,12:51,56min late,12:50,44min early,,Landed
2026-03-07,GA407,GIA407,Garuda Indonesia,Jakarta,CGK,WIII,11:55,03:55,12:08,13min late,12:41,13min early,1h 32m,Landed
2026-03-07,JT31,,Lion Air,Jakarta,CGK,WIII,11:55,03:55,14:41,46min late,15:10,20min late,1h 29m,Landed
2026-03-07,FD397,AIQ397,Thai AirAsia,Bangkok,DMK,VTBD,12:00,04:00,12:24,24min late,15:25,5min late,4h 0m,Landed
2026-03-07,GA253,GIA253,Garuda Indonesia,Yogyakarta,YIA,WAHI,12:05,04:05,12:31,26min late,12:42,12min early,1h 10m,Landed
2026-03-07,SQ937,SIA937,Singapore Airlines,Singapore,SIN,WSSS,12:05,04:05,12:19,14min late,14:41,13min early,2h 22m,Landed
2026-03-07,OD192,MXD192,Malindo Air,Kuala Lumpur,KUL,WMKK,12:10,04:10,12:35,25min late,15:19,on time,2h 44m,Landed
2026-03-07,SJ7420,,Sriwijaya Air,Tambolaka,TMC,WADT,12:10,04:10,12:10,,13:10,,1h 0m,Landed
2026-03-07,OD178,MXD178,Malindo Air,Kuala Lumpur,KUL,WMKK,12:15,04:15,12:27,12min late,15:06,18min early,2h 39m,Landed
2026-03-07,QG697,CTV697,Citilink,Surabaya,SUB,WARR,12:20,04:20,12:25,5min late,12:16,13min early,51m,Landed
2026-03-07,8B5254,TNU5254,Business Air,Lombok,LOP,WADL,12:40,04:40,13:08,28min late,13:30,10min late,22m,Landed
2026-03-07,IP103,PAS103,Pelita Air Service,Jakarta,CGK,WIII,12:45,04:45,12:52,7min late,13:18,16min early,1h 26m,Landed
2026-03-07,SQ939,SIA939,Singapore Airlines,Singapore,SIN,WSSS,13:00,05:00,12:59,on time,15:08,41min early,2h 9m,Landed
2026-03-07,AK365,AXM365,AirAsia,Kuala Lumpur,KUL,WMKK,13:05,05:05,13:24,19min late,16:09,on time,2h 45m,Landed
2026-03-07,MH714,MAS714,Malaysia Airlines,Kuala Lumpur,KUL,WMKK,13:10,05:10,13:49,39min late,16:25,20min late,2h 36m,Landed
2026-03-07,JT35,,Lion Air,Jakarta,CGK,WIII,13:15,05:15,16:02,47min late,16:29,19min late,1h 27m,Landed
2026-03-07,GA409,GIA409,Garuda Indonesia,Jakarta,CGK,WIII,13:25,05:25,13:37,12min late,14:41,16min late,2h 4m,Landed
2026-03-07,JQ58,JST058,Jetstar Airways,Brisbane,BNE,YBBN,13:30,05:30,13:35,5min late,21:03,21min early,5h 28m,Landed
2026-03-07,QZ811,AWQ811,Indonesia AirAsia,Jakarta,CGK,WIII,13:40,05:40,17:56,16min late,18:30,0min late,1h 34m,Landed
2026-03-07,ID6509,BTK6509,Batik Air,Jakarta,CGK,WIII,13:45,05:45,13:50,5min late,14:44,4min late,1h 53m,Landed
2026-03-07,8B5107,TNU5107,TransNusa,Jakarta,CGK,WIII,13:50,05:50,17:33,43min late,18:02,27min late,1h 29m,Landed
2026-03-07,JT919,LNI919,Lion Air,Surabaya,SUB,WARR,13:55,05:55,14:14,19min late,13:51,3min early,37m,Landed
2026-03-07,6E1612,IGO1612,IndiGo,Bhubaneswar,BBI,VEBS,14:00,06:00,14:03,3min late,17:18,21min early,5h 45m,Landed
2026-03-07,8B82,,TransNusa,Perth,PER,YPPH,14:00,06:00,,,,,3h 40m,
2026-03-07,QG687,CTV687,Citilink,Jakarta,CGK,WIII,14:00,06:00,14:04,4min late,14:57,2min early,1h 52m,Landed
2026-03-07,QZ544,AWQ544,Indonesia AirAsia,Perth,PER,YPPH,14:00,06:00,14:09,9min late,17:26,23min early,3h 17m,Landed
2026-03-07,QG342,CTV342,Citilink,Makassar,UPG,WAAA,14:00,06:00,14:26,26min late,15:41,11min late,1h 15m,Landed
2026-03-07,VJ894,VJC894,VietJet Air,Ho Chi Minh City,SGN,VVTS,14:05,06:05,13:58,6min early,16:20,44min early,3h 22m,Landed
2026-03-07,IU130,SJV130,SW Italia,Semarang,SRG,WIIS,14:15,06:15,14:22,7min late,14:19,15min early,57m,Landed
2026-03-07,ID7308,BTK7308,Batik Air,Jakarta,HLP,WIHH,14:20,06:20,14:27,7min late,14:52,17min early,1h 24m,Landed
2026-03-07,QZ246,AWQ246,Indonesia AirAsia,Phuket,HKT,VTSP,14:25,06:25,14:38,13min late,17:24,9min late,3h 46m,Landed
2026-03-07,QZ556,AWQ556,Indonesia AirAsia,Kuala Lumpur,KUL,WMKK,14:30,06:30,14:31,1min late,17:08,21min early,2h 37m,Landed
2026-03-07,TR289,TGW289,Scoot,Singapore,SIN,WSSS,14:35,06:35,15:18,43min late,17:45,15min late,2h 27m,Landed
2026-03-07,JQ43,JST043,Jetstar Airways,Singapore,SIN,WSSS,14:50,06:50,15:03,13min late,17:27,27min early,2h 24m,Landed
2026-03-07,OD307,MXD307,Malindo Air,Kuala Lumpur,KUL,WMKK,14:50,06:50,15:26,36min late,17:57,2min late,2h 30m,Landed
2026-03-07,JQ44,JST044,Jetstar Airways,Melbourne,MEL,YMML,14:55,06:55,14:54,on time,23:11,23min early,5h 17m,Landed
2026-03-07,QG681,CTV681,Citilink,Jakarta,CGK,WIII,15:00,07:00,15:07,7min late,15:36,23min early,1h 28m,Landed
2026-03-07,IU120,SJV120,SW Italia,Yogyakarta,YIA,WAHI,15:00,07:00,15:21,21min late,15:26,3min early,1h 5m,Landed
2026-03-07,VA48,VOZ048,Virgin Australia,Brisbane,BNE,YBBN,15:00,07:00,15:10,10min late,22:34,20min early,5h 23m,Landed
2026-03-07,QZ821,AWQ821,Indonesia AirAsia,Jakarta,CGK,WIII,15:05,07:05,15:44,39min late,16:13,13min late,1h 28m,Landed
2026-03-07,AI2148,AIC2148,Air India,Delhi,DEL,VIDP,15:10,07:10,15:14,4min late,19:56,8min early,7h 12m,Landed
2026-03-07,AK377,AXM377,AirAsia,Kuala Lumpur,KUL,WMKK,15:25,07:25,15:31,6min late,18:08,16min early,2h 36m,Landed
2026-03-07,JT740,LNI740,Lion Air,Makassar,UPG,WAAA,15:30,07:30,15:40,10min late,16:45,9min early,1h 5m,Landed
2026-03-07,VJ898,VJC898,VietJet Air,Ho Chi Minh City,SGN,VVTS,15:35,07:35,15:39,4min late,17:47,37min early,3h 8m,Landed
2026-03-07,GA411,GIA411,Garuda Indonesia,Jakarta,CGK,WIII,15:35,07:35,15:50,15min late,16:32,7min early,1h 41m,Landed
2026-03-07,SJ7161,,Sriwijaya Air,Makassar,UPG,WAAA,15:40,07:40,15:40,,17:00,,1h 20m,Landed
2026-03-07,CI772,CAL772,China Airlines,Taipei,TPE,RCTP,15:45,07:45,16:35,50min late,21:32,27min late,4h 56m,Landed
2026-03-07,VA92,VOZ092,Virgin Australia,Melbourne,MEL,YMML,15:50,07:50,16:05,15min late,00:22,7min early,5h 16m,Landed
2026-03-07,8B5256,TNU5256,Business Air,Lombok,LOP,WADL,15:55,07:55,15:58,3min late,16:19,30min early,20m,Landed
2026-03-07,QZ536,AWQ536,Indonesia AirAsia,Perth,PER,YPPH,16:00,08:00,16:16,16min late,19:28,16min early,3h 12m,Landed
2026-03-07,IP109,PAS109,Pelita Air Service,Jakarta,CGK,WIII,16:00,08:00,16:09,9min late,16:46,3min early,1h 37m,Landed
2026-03-07,VN640,HVN640,Vietnam Airlines,Ho Chi Minh City,SGN,VVTS,16:05,08:05,16:23,18min late,18:43,11min early,3h 19m,Landed
2026-03-07,QG669,CTV669,Citilink,Surabaya,SUB,WARR,16:10,08:10,16:19,9min late,16:00,19min early,40m,Landed
2026-03-07,TG432,THA432,Thai Airways International,Bangkok,BKK,VTBS,16:10,08:10,16:07,2min early,18:50,34min early,3h 42m,Landed
2026-03-07,CX784,CPA784,Cathay Pacific,Hong Kong,HKG,VHHH,16:20,08:20,16:33,13min late,20:56,28min early,4h 22m,Landed
2026-03-07,MH850,MAS850,Malaysia Airlines,Kuala Lumpur,KUL,WMKK,16:25,08:25,16:37,12min late,19:16,18min early,2h 38m,Landed
2026-03-07,IW1852,WON1852,Wings Air,Lombok,LOP,WADL,16:30,08:30,16:39,9min late,17:08,11min early,28m,Landed
2026-03-07,BR256,EVA256,EVA Airways,Taipei,TPE,RCTP,16:40,08:40,17:26,46min late,22:34,49min late,5h 8m,Landed
2026-03-07,IU703,,SW Italia,Surabaya,SUB,WARR,16:40,08:40,,,,,1h 0m,
2026-03-07,QZ807,AWQ807,Indonesia AirAsia,Jakarta,CGK,WIII,16:55,08:55,19:14,19min late,19:50,50min late,1h 36m,Landed
2026-03-07,GA349,GIA349,Garuda Indonesia,Surabaya,SUB,WARR,16:55,08:55,17:00,5min late,16:44,25min early,43m,Landed
2026-03-07,VJ998,VJC998,VietJet Air,Hanoi,HAN,VVNB,17:25,09:25,17:29,4min late,03:08,33min late,10h 38m,Landed
2026-03-07,HO1356,DKH1356,Juneyao Airlines,Shanghai,PVG,ZSPD,17:25,09:25,17:21,3min early,23:08,41min early,5h 46m,Landed
2026-03-07,GA419,GIA419,Garuda Indonesia,Jakarta,CGK,WIII,17:25,09:25,17:55,30min late,18:25,on time,1h 30m,Landed
2026-03-07,TR211,TGW211,Scoot,Singapore,SIN,WSSS,17:35,09:35,17:41,6min late,19:51,53min early,2h 9m,Landed
2026-03-07,IU759,,SW Italia,Jakarta,CGK,WIII,17:40,09:40,,,,,1h 55m,
2026-03-07,IP107,PAS107,Pelita Air Service,Jakarta,CGK,WIII,17:40,09:40,18:13,33min late,18:44,14min late,1h 30m,Landed
2026-03-07,IU126,SJV126,SW Italia,Surakarta,SOC,WAHQ,18:10,10:10,18:11,1min late,18:12,17min early,1h 0m,Landed
2026-03-07,OD193,MXD193,Malindo Air,Perth,PER,YPPH,18:10,10:10,18:31,21min late,21:47,2min late,3h 16m,Landed
2026-03-07,IN281,,Nam Air,Jakarta,CGK,WIII,18:30,10:30,18:23,6min early,19:10,,1h 40m,Landed
2026-03-07,IN283,,NAM Air,Jakarta,CGK,WIII,18:30,10:30,,,,,1h 40m,
2026-03-07,IP111,,Pelita Air Service,Jakarta,CGK,WIII,18:35,10:35,,,,,1h 50m,
2026-03-07,CX782,CPA782,Cathay Pacific,Hong Kong,HKG,VHHH,18:40,10:40,18:50,10min late,23:07,38min early,4h 16m,Landed
2026-03-07,QZ504,AWQ504,Indonesia AirAsia,Singapore,SIN,WSSS,18:40,10:40,19:44,4min late,22:02,42min late,2h 18m,Landed
2026-03-07,GA417,,Garuda Indonesia,Jakarta,CGK,WIII,18:40,10:40,18:30,10min early,19:40,,2h 0m,Landed
2026-03-07,EY477,,Etihad Airways,Abu Dhabi,AUH,OMAA,18:45,10:45,18:45,,23:45,,9h 0m,Landed
2026-03-07,6E1608,IGO1608,IndiGo,Chennai,MAA,VOMM,18:50,10:50,19:07,17min late,22:20,9min early,5h 42m,Landed
2026-03-07,QR963,,Qatar Airways,Doha,DOH,OTHH,18:50,10:50,,,,,9h 40m,Cancelled
2026-03-07,8B5258,,Business Air,Lombok,LOP,WADL,18:55,10:55,,,,,40m,
2026-03-07,TG440,THA440,Thai Airways International,Bangkok,BKK,VTBS,19:00,11:00,18:58,1min early,21:58,16min early,3h 59m,Landed
2026-03-07,MH852,MAS852,Malaysia Airlines,Kuala Lumpur,KUL,WMKK,19:15,11:15,19:37,22min late,22:17,2min late,2h 39m,Landed
2026-03-07,AK379,AXM379,AirAsia,Kuala Lumpur,KUL,WMKK,19:15,11:15,20:04,49min late,22:43,23min late,2h 38m,Landed
2026-03-07,QZ809,AWQ809,Indonesia AirAsia,Jakarta,CGK,WIII,19:15,11:15,20:38,23min late,21:03,48min late,1h 24m,Landed
2026-03-07,QG689,,Citilink,Jakarta,CGK,WIII,19:30,11:30,22:07,37min late,22:35,5min late,1h 28m,Landed
2026-03-07,QG699,CTV699,Citilink,Surabaya,SUB,WARR,19:30,11:30,19:31,1min late,19:23,16min early,52m,Landed
2026-03-07,8B969,TNU969,Business Air,Guangzhou,CAN,ZGGG,19:45,11:45,19:45,on time,00:27,37min early,4h 42m,Landed
2026-03-07,EK369,UAE369,Emirates,Dubai,DXB,OMDB,19:50,11:50,20:00,10min late,00:49,20min early,8h 49m,Landed
2026-03-07,TR283,TGW283,Scoot,Singapore,SIN,WSSS,20:05,12:05,20:07,2min late,22:37,2min early,2h 30m,Landed
2026-03-07,QG195,CTV195,Citilink,Jakarta,HLP,WIHH,20:10,12:10,19:54,16min early,20:45,19min early,1h 51m,Landed
2026-03-07,SQ945,SIA945,Singapore Airlines,Singapore,SIN,WSSS,20:15,12:15,20:22,7min late,22:48,7min early,2h 25m,Landed
2026-03-07,JQ34,JST034,Jetstar Airways,Melbourne,MEL,YMML,20:20,12:20,20:25,5min late,04:38,16min early,5h 12m,Landed
2026-03-07,ID6413,BTK6413,Batik Air,Surabaya,SUB,WARR,20:30,12:30,20:28,1min early,07:01,31min late,11h 33m,Landed
2026-03-07,GA415,GIA415,Garuda Indonesia,Jakarta,CGK,WIII,20:45,12:45,20:49,4min late,21:32,12min early,1h 42m,Landed
2026-03-07,IP105,,Pelita Air Service,Jakarta,CGK,WIII,20:50,12:50,,,,,1h 50m,
2026-03-07,OD177,MXD177,Malindo Air,Melbourne,MEL,YMML,20:55,12:55,21:40,45min late,05:56,16min late,5h 15m,Landed
2026-03-07,AK375,AXM375,AirAsia,Kuala Lumpur,KUL,WMKK,21:05,13:05,22:41,36min late,01:51,41min late,3h 10m,Landed
2026-03-07,OD171,MXD171,Malindo Air,Sydney,SYD,YSSY,21:10,13:10,22:02,52min late,06:34,19min late,5h 31m,Landed
2026-03-07,TK67,THY067,Turkish Airlines,Istanbul,IST,LTFM,21:10,13:10,21:28,18min late,05:31,8min early,13h 3m,Landed
2026-03-07,QG667,CTV667,Citilink,Jakarta,CGK,WIII,21:10,13:10,21:51,41min late,22:26,16min late,1h 35m,Landed
2026-03-07,QF44,QFA044,Qantas,Sydney,SYD,YSSY,21:20,13:20,21:36,16min late,06:12,2min early,5h 35m,Landed
2026-03-07,JQ60,JST060,Jetstar Airways,Brisbane,BNE,YBBN,21:30,13:30,22:34,4min late,06:02,42min late,5h 28m,Landed
2026-03-07,QZ819,AWQ819,Indonesia AirAsia,Jakarta,CGK,WIII,21:35,13:35,00:00,25min late,00:26,1min late,1h 26m,Landed
2026-03-07,SJ273,SJY273,Sriwijaya Air,Jakarta,CGK,WIII,21:35,13:35,22:29,54min late,22:59,44min late,1h 30m,Landed
2026-03-07,SQ947,SIA947,Singapore Airlines,Singapore,SIN,WSSS,21:40,13:40,21:57,17min late,00:16,3min early,2h 19m,Landed
2026-03-07,KL836,KLM836,KLM Royal Dutch Airlines,Singapore,SIN,WSSS,21:40,13:40,17:52,47min early,00:00,9min early,6h 7m,Landed
2026-03-07,JQ117,JST117,Jetstar Airways,Perth,PER,YPPH,21:45,13:45,23:35,50min late,02:43,28min late,3h 8m,Landed
2026-03-07,TK311,THY311,Turkish Airlines,Istanbul,IST,LTFM,22:00,14:00,22:04,4min late,05:59,25min early,12h 54m,Landed
2026-03-07,QF46,QFA046,Qantas,Melbourne,MEL,YMML,22:05,14:05,23:05,60min late,07:20,30min late,5h 15m,Landed
2026-03-07,OD157,MXD157,Malindo Air,Brisbane,BNE,YBBN,22:10,14:10,22:38,28min late,06:18,18min late,5h 39m,Landed
2026-03-07,JQ38,JST038,Jetstar Airways,Sydney,SYD,YSSY,22:20,14:20,22:59,39min late,07:40,10min late,5h 40m,Landed
2026-03-07,VA66,VOZ066,Virgin Australia,Sydney,SYD,YSSY,22:30,14:30,22:35,5min late,07:05,34min early,5h 30m,Landed
2026-03-07,JT15,LNI015,Lion Air,Jakarta,CGK,WIII,22:45,14:45,22:40,4min early,23:09,30min early,1h 28m,Landed
2026-03-07,JQ128,JST128,Jetstar Airways,Adelaide,ADL,YPAD,22:50,14:50,23:28,38min late,06:37,22min late,4h 38m,Landed
2026-03-07,7C2712,JJA2712,Jeju Air,Seoul,ICN,RKSI,23:05,15:05,00:18,13min late,07:44,34min late,6h 25m,Landed
2026-03-07,8B5109,TNU5109,Business Air,Jakarta,CGK,WIII,23:10,15:10,23:44,34min late,00:13,23min late,1h 29m,Landed
2026-03-07,JQ91,JST091,Jetstar Airways,Cairns,CNS,YBCS,23:10,15:10,23:09,on time,05:37,7min early,4h 28m,Landed
2026-03-07,3U3986,CSC3986,Sichuan Airlines,Lujia Town,TFU,ZUTF,23:10,15:10,23:13,3min late,05:20,34min early,6h 6m,Landed
2026-03-07,JQ42,JST042,Jetstar Airways,Melbourne,MEL,YMML,23:40,15:40,00:27,47min late,08:41,11min late,5h 14m,Landed
2026-03-07,KE432,KAL432,Korean Air Lines,Seoul,ICN,RKSI,23:50,15:50,15:46,3min early,07:02,42min early,14h 16m,Landed
2026-03-08,BX602,ABL602,Air Busan,Busan,PUS,RKPK,00:05,16:05,00:20,15min late,07:38,51min early,6h 17m,Landed
2026-03-08,TW158,TWB158,T'Way Air,Cheongju,CJJ,RKTU,00:15,16:15,01:07,52min late,08:31,21min late,6h 23m,Landed
2026-03-08,8B84,,Business Air,Perth,PER,YPPH,00:20,16:20,,,,,3h 45m,
2026-03-08,EK399,,Emirates,Dubai,DXB,OMDB,00:25,16:25,,,,,9h 20m,
2026-03-08,QR961,,Qatar Airways,Doha,DOH,OTHH,00:30,16:30,,,,,9h 40m,Cancelled
2026-03-08,MF892,CXA892,Xiamen Airlines,Xiamen,XMN,ZSAM,00:30,16:30,00:33,3min late,08:13,8min late,7h 39m,Landed
2026-03-08,CZ626,CSN626,China Southern Airlines,Guangzhou,CAN,ZGGG,00:40,16:40,00:36,3min early,05:15,34min early,4h 39m,Landed
2026-03-08,GA880,GIA880,Garuda Indonesia,Tokyo,NRT,RJAA,00:50,16:50,17:18,31min early,08:27,22min early,14h 8m,Landed
2026-03-08,MU5030,CES5030,China Eastern Airlines,Shanghai,PVG,ZSPD,00:55,16:55,00:54,on time,07:14,4min late,6h 20m,Landed
2026-03-08,QZ548,AWQ548,Indonesia AirAsia,Perth,PER,YPPH,01:00,17:00,01:04,4min late,04:33,6min early,3h 29m,Landed
2026-03-08,KE434,KAL434,Korean Air Lines,Seoul,ICN,RKSI,01:05,17:05,01:16,11min late,08:15,44min early,5h 59m,Landed
2026-03-08,PR538,PAL538,Philippine Airlines,Manila,MNL,RPLL,01:10,17:10,01:23,13min late,04:50,20min early,3h 26m,Landed
2026-03-08,8B5888,,TransNusa,Manado,MDC,WAMM,01:30,17:30,,,,,2h 45m,
2026-03-08,GA401,GIA401,Garuda Indonesia,Jakarta,CGK,WIII,06:30,22:30,06:44,14min late,07:09,20min early,1h 25m,Landed
2026-03-08,JT746,LNI746,Lion Air,Makassar,UPG,WAAA,07:00,23:00,07:11,11min late,08:16,8min early,1h 5m,Landed
2026-03-08,QZ534,AWQ534,Indonesia AirAsia,Perth,PER,YPPH,07:00,23:00,07:00,on time,10:15,34min early,3h 15m,Landed
2026-03-08,IU705,SJV705,SW Italia,Surabaya,SUB,WARR,07:00,23:00,07:19,19min late,12:04,4min late,5h 45m,Landed
2026-03-08,GA401,,Garuda Indonesia,Jakarta,CGK,WIII,07:00,23:00,07:00,,08:00,,2h 0m,Landed
2026-03-08,JQ82,JST082,Jetstar Airways,Darwin,DRW,YPDN,07:05,23:05,07:02,2min early,11:00,14min early,2h 27m,Landed
2026-03-08,QG690,CTV690,Citilink,Surabaya,SUB,WARR,07:05,23:05,07:33,28min late,07:14,4min late,40m,Landed
2026-03-08,QZ644,AWQ644,Indonesia AirAsia,Labuan Bajo,LBJ,WATO,07:15,23:15,07:36,21min late,08:27,2min late,50m,Landed
2026-03-08,QZ550,AWQ550,Indonesia AirAsia,Kuala Lumpur,KUL,WMKK,07:15,23:15,07:20,5min late,10:03,6min early,2h 43m,Landed
2026-03-08,SQ949,SIA949,Singapore Airlines,Singapore,SIN,WSSS,07:20,23:20,07:28,8min late,09:47,12min early,2h 19m,Landed
2026-03-08,8B551,TNU551,Business Air,Singapore,SIN,WSSS,07:30,23:30,07:18,11min early,09:32,22min early,2h 13m,Landed
2026-03-08,8B5250,,TransNusa,Lombok,LOP,WADL,07:30,23:30,,,,,25m,
2026-03-08,ID6333,BTK6333,Batik Air,Labuan Bajo,LBJ,WATO,07:55,23:55,08:05,10min late,09:05,4min early,1h 0m,Landed
2026-03-08,JT21,LNI021,Lion Air,Jakarta,CGK,WIII,08:05,00:05,08:34,29min late,09:01,1min late,1h 26m,Landed
2026-03-08,IW1858,WON1858,Wings Air,Lombok,LOP,WADL,08:05,00:05,08:03,1min early,08:30,24min early,27m,Landed
2026-03-08,GA686,GIA686,Garuda Indonesia,Sorong,SOQ,WASS,08:10,00:10,08:14,4min late,15:55,35min late,6h 41m,Landed
2026-03-08,HX706,CRK706,Hong Kong Airlines,Hong Kong,HKG,VHHH,08:15,00:15,08:25,10min late,13:02,12min early,4h 36m,Landed
2026-03-08,5J280,CEB280,CEBU Pacific Air,Manila,MNL,RPLL,08:35,00:35,09:04,29min late,12:42,7min early,3h 37m,Landed
2026-03-08,CZ8482,CSN8482,China Southern Airlines,Guangzhou,CAN,ZGGG,08:35,00:35,10:39,4min late,15:22,27min late,4h 42m,Landed
2026-03-08,IW1854,,Wings Air,Lombok,LOP,WADL,08:45,00:45,11:36,51min late,12:03,28min late,27m,Landed
2026-03-08,QG500,CTV500,Citilink,Dili,DIL,WPDL,08:50,00:50,08:37,13min early,11:43,11min early,2h 6m,Landed
2026-03-08,IW1882,WON1882,Wings Air,Sumbawa Besar,SWQ,WADS,08:55,00:55,08:59,4min late,09:41,18min early,42m,Landed
2026-03-08,IN640,LKN640,Nam Air,Tambolaka,TMC,WADT,09:10,01:10,10:00,50min late,10:48,38min late,48m,Landed
2026-03-08,8B5105,TNU5105,Business Air,Jakarta,CGK,WIII,09:15,01:15,10:37,22min late,11:06,6min late,1h 28m,Landed
2026-03-08,IW1848,WON1848,Wings Air,Lombok,LOP,WADL,09:25,01:25,09:39,14min late,10:06,8min early,27m,Landed
2026-03-08,ID6007,BTK6007,Batik Air,Perth,PER,YPPH,09:30,01:30,09:34,4min late,12:52,22min early,3h 17m,Landed
2026-03-08,QG663,CTV663,Citilink,Jakarta,CGK,WIII,09:35,01:35,09:50,15min late,10:25,9min early,1h 34m,Landed
2026-03-08,8B5634,TNU5634,Business Air,Bima,BMU,WADB,09:35,01:35,09:36,1min late,10:25,9min early,49m,Landed
2026-03-08,QZ803,AWQ803,Indonesia AirAsia,Jakarta,CGK,WIII,09:40,01:40,09:27,12min early,09:57,32min early,1h 30m,Landed
2026-03-08,ID6324,BTK6324,Batik Air,Tambolaka,TMC,WADT,09:40,01:40,09:53,13min late,10:42,12min early,48m,Landed
2026-03-08,8B80,TNU080,Business Air,Perth,PER,YPPH,09:40,01:40,09:46,6min late,13:02,22min early,3h 15m,Landed
2026-03-08,AI2146,AIC2146,Air India,Delhi,DEL,VIDP,10:00,02:00,10:01,1min late,14:57,2min early,7h 26m,Landed
2026-03-08,SU297,AFL297,Aeroflot,Moscow,SVO,UUEE,10:05,02:05,12:28,23min late,20:02,2min late,12h 34m,Landed
2026-03-08,JQ126,JST126,Jetstar Airways,Adelaide,ADL,YPAD,10:15,02:15,10:22,7min late,17:26,18min early,4h 34m,Landed
2026-03-08,8B5101,,TransNusa,Jakarta,CGK,WIII,10:30,02:30,,,,,1h 45m,
2026-03-08,SQ935,SIA935,Singapore Airlines,Singapore,SIN,WSSS,10:30,02:30,10:31,1min late,12:43,27min early,2h 11m,Landed
2026-03-08,JT33,LNI033,Lion Air,Jakarta,CGK,WIII,10:35,02:35,10:52,17min late,11:17,12min early,1h 24m,Landed
2026-03-08,JT805,,Lion Air,Surabaya,SUB,WARR,10:35,02:35,13:45,10min late,13:21,46min late,36m,Landed
2026-03-08,JT924,LNI924,Lion Air,Kupang,KOE,WATT,10:35,02:35,10:59,24min late,12:25,on time,1h 25m,Landed
2026-03-08,QZ646,AWQ646,Indonesia AirAsia,Labuan Bajo,LBJ,WATO,11:00,03:00,11:19,19min late,12:20,,1h 20m,Landed
2026-03-08,IW1856,WON1856,Wings Air,Lombok,LOP,WADL,11:10,03:10,11:16,6min late,11:44,15min early,27m,Landed
2026-03-08,TR281,TGW281,Scoot,Singapore,SIN,WSSS,11:10,03:10,12:39,29min late,15:02,12min late,2h 22m,Landed
2026-03-08,QG197,CTV197,Citilink,Jakarta,HLP,WIHH,11:10,03:10,11:15,5min late,11:51,8min early,1h 35m,Landed
2026-03-08,JQ40,JST040,Jetstar Airways,Sydney,SYD,YSSY,11:15,03:15,11:40,25min late,20:22,7min late,5h 41m,Landed
2026-03-08,QZ813,AWQ813,Indonesia AirAsia,Jakarta,CGK,WIII,11:20,03:20,10:35,44min early,11:04,10min early,1h 28m,Landed
2026-03-08,6E1606,IGO1606,IndiGo,Bangalore,BLR,VOBL,11:30,03:30,11:27,2min early,15:01,33min early,6h 4m,Landed
2026-03-08,QZ780,AWQ780,Indonesia AirAsia,Balikpapan,BPN,WALL,11:30,03:30,11:33,3min late,13:46,31min late,2h 12m,Landed
2026-03-08,JQ32,JST032,Jetstar Airways,Melbourne,MEL,YMML,11:30,03:30,11:31,1min late,19:51,18min early,5h 20m,Landed
2026-03-08,OD172,MXD172,Malindo Air,Kuala Lumpur,KUL,WMKK,11:35,03:35,12:14,39min late,14:56,11min late,2h 41m,Landed
2026-03-08,IW1964,WON1964,Wings Air,Lombok,LOP,WADL,11:40,03:40,09:39,0min early,12:39,9min late,3h 0m,Landed
2026-03-08,JQ109,JST109,Jetstar Airways,Perth,PER,YPPH,11:45,03:45,11:36,8min early,14:54,40min early,3h 17m,Landed
2026-03-08,ID6331,BTK6331,Batik Air,Labuan Bajo,LBJ,WATO,11:45,03:45,11:56,11min late,12:52,7min early,55m,Landed
2026-03-08,IW1850,WON1850,Wings Air,Lombok,LOP,WADL,11:50,03:50,11:52,2min late,12:20,19min early,27m,Landed
2026-03-08,JT31,,Lion Air,Jakarta,CGK,WIII,11:55,03:55,14:14,19min late,14:43,53min late,1h 29m,Landed
2026-03-08,GA407,GIA407,Garuda Indonesia,Jakarta,CGK,WIII,11:55,03:55,12:04,9min late,12:34,20min early,1h 30m,Landed
2026-03-08,FD397,AIQ397,Thai AirAsia,Bangkok,DMK,VTBD,12:00,04:00,12:34,34min late,15:32,12min late,3h 57m,Landed
2026-03-08,GA253,GIA253,Garuda Indonesia,Yogyakarta,YIA,WAHI,12:05,04:05,12:06,1min late,12:12,42min early,1h 6m,Landed
2026-03-08,SQ937,SIA937,Singapore Airlines,Singapore,SIN,WSSS,12:05,04:05,12:19,14min late,14:38,16min early,2h 18m,Landed
2026-03-08,SJ742,,Sriwijaya Air,Tambolaka,TMC,WADT,12:10,04:10,12:10,on time,13:10,,1h 0m,Landed
2026-03-08,OD192,MXD192,Malindo Air,Kuala Lumpur,KUL,WMKK,12:10,04:10,12:16,6min late,15:00,19min early,2h 44m,Landed
2026-03-08,OD178,MXD178,Malindo Air,Kuala Lumpur,KUL,WMKK,12:15,04:15,12:26,11min late,15:09,15min early,2h 42m,Landed
2026-03-08,QG697,CTV697,Citilink,Surabaya,SUB,WARR,12:20,04:20,12:21,1min late,12:10,19min early,49m,Landed
2026-03-08,QZ540,AWQ540,Indonesia AirAsia,Darwin,DRW,YPDN,12:30,04:30,15:13,43min late,19:17,27min late,2h 34m,Landed
2026-03-08,8B5254,TNU5254,Business Air,Lombok,LOP,WADL,12:40,04:40,12:48,8min late,13:14,5min early,26m,Landed
2026-03-08,IP103,PAS103,Pelita Air Service,Jakarta,CGK,WIII,12:45,04:45,12:43,1min early,13:10,24min early,1h 27m,Landed
2026-03-08,OD158,MXD158,Malindo Air,Kuala Lumpur,KUL,WMKK,12:45,04:45,12:51,6min late,15:35,19min early,2h 43m,Landed
2026-03-08,SQ939,SIA939,Singapore Airlines,Singapore,SIN,WSSS,13:00,05:00,13:16,16min late,15:30,19min early,2h 13m,Landed
2026-03-08,AK365,AXM365,AirAsia,Kuala Lumpur,KUL,WMKK,13:05,05:05,13:39,34min late,16:13,3min late,2h 34m,Landed
2026-03-08,MH714,MAS714,Malaysia Airlines,Kuala Lumpur,KUL,WMKK,13:10,05:10,13:20,10min late,16:00,4min early,2h 40m,Landed
2026-03-08,JT35,LNI035,Lion Air,Jakarta,CGK,WIII,13:15,05:15,14:12,57min late,14:42,32min late,1h 29m,Landed
2026-03-08,GA409,,Garuda Indonesia,Jakarta,CGK,WIII,13:25,05:25,13:25,,14:25,,2h 0m,Landed
2026-03-08,8G182,DTL182,Mid Africa Aviation,Dili,DIL,WPDL,13:25,05:25,13:28,3min late,16:10,9min early,1h 42m,Landed
2026-03-08,JQ58,JST058,Jetstar Airways,Brisbane,BNE,YBBN,13:30,05:30,13:36,6min late,20:59,25min early,5h 23m,Landed
2026-03-08,JT660,LNI660,Lion Air,Balikpapan,BPN,WALL,13:30,05:30,13:42,12min late,15:05,9min early,1h 22m,Landed
2026-03-08,QZ811,AWQ811,Indonesia AirAsia,Jakarta,CGK,WIII,13:40,05:40,14:29,49min late,14:54,24min late,1h 25m,Landed
2026-03-08,ID6509,BTK6509,Batik Air,Jakarta,CGK,WIII,13:45,05:45,14:00,15min late,14:26,13min early,1h 26m,Landed
2026-03-08,8B5107,TNU5107,Business Air,Jakarta,CGK,WIII,13:50,05:50,19:49,59min late,20:20,45min late,1h 30m,Landed
2026-03-08,JT919,LNI919,Lion Air,Surabaya,SUB,WARR,13:55,05:55,14:08,13min late,13:47,7min early,39m,Landed
2026-03-08,QG687,CTV687,Citilink,Jakarta,CGK,WIII,14:00,06:00,14:05,5min late,14:33,26min early,1h 28m,Landed
2026-03-08,QZ544,AWQ544,Indonesia AirAsia,Perth,PER,YPPH,14:00,06:00,14:43,43min late,17:59,9min late,3h 16m,Landed
2026-03-08,QG342,CTV342,Citilink,Makassar,UPG,WAAA,14:00,06:00,14:10,10min late,15:34,4min late,1h 23m,Landed
2026-03-08,6E1612,IGO1612,IndiGo,Bhubaneswar,BBI,VEBS,14:00,06:00,14:18,18min late,17:34,5min early,5h 46m,Landed
2026-03-08,8B82,TNU082,Business Air,Perth,PER,YPPH,14:00,06:00,14:24,24min late,17:39,on time,3h 14m,Landed
2026-03-08,VJ894,VJC894,VietJet Air,Ho Chi Minh City,SGN,VVTS,14:05,06:05,14:17,12min late,16:40,24min early,3h 23m,Landed
2026-03-08,IU130,SJV130,SW Italia,Semarang,SRG,WIIS,14:15,06:15,14:32,17min late,14:28,6min early,55m,Landed
2026-03-08,ID7308,BTK7308,Batik Air,Jakarta,HLP,WIHH,14:20,06:20,14:40,20min late,15:05,4min early,1h 25m,Landed
2026-03-08,QZ506,AWQ506,Indonesia AirAsia,Singapore,SIN,WSSS,14:25,06:25,14:36,11min late,17:06,13min early,2h 29m,Landed
2026-03-08,QZ556,AWQ556,Indonesia AirAsia,Kuala Lumpur,KUL,WMKK,14:30,06:30,15:08,38min late,17:43,13min late,2h 35m,Landed
2026-03-08,TR289,TGW289,Scoot,Singapore,SIN,WSSS,14:35,06:35,14:50,15min late,17:25,5min early,2h 34m,Landed
2026-03-08,JQ43,JST043,Jetstar Airways,Singapore,SIN,WSSS,14:50,06:50,14:58,8min late,17:37,17min early,2h 39m,Landed
2026-03-08,OD307,MXD307,Malindo Air,Kuala Lumpur,KUL,WMKK,14:50,06:50,15:03,13min late,17:44,10min early,2h 40m,Landed
2026-03-08,JQ44,JST044,Jetstar Airways,Melbourne,MEL,YMML,14:55,06:55,14:59,4min late,23:17,17min early,5h 17m,Landed
2026-03-08,QG681,CTV681,Citilink,Jakarta,CGK,WIII,15:00,07:00,15:08,8min late,15:46,13min early,1h 37m,Landed
2026-03-08,IU120,SJV120,SW Italia,Yogyakarta,YIA,WAHI,15:00,07:00,13:35,24min early,15:12,17min early,2h 37m,Landed
2026-03-08,JT844,LNI844,Lion Air,Banjarmasin,BDJ,WAOO,15:00,07:00,15:21,21min late,16:28,1min early,1h 6m,Landed
2026-03-08,VA48,VOZ048,Virgin Australia,Brisbane,BNE,YBBN,15:00,07:00,15:16,16min late,22:40,14min early,5h 23m,Landed
2026-03-08,AI2148,AIC2148,Air India,Delhi,DEL,VIDP,15:10,07:10,15:23,13min late,20:08,3min late,7h 15m,Landed
2026-03-08,GA842,GIA842,Garuda Indonesia,Singapore,SIN,WSSS,15:15,07:15,15:27,12min late,18:05,5min late,2h 38m,Landed
2026-03-08,AK377,AXM377,AirAsia,Kuala Lumpur,KUL,WMKK,15:25,07:25,15:36,11min late,18:17,7min early,2h 40m,Landed
2026-03-08,JT740,LNI740,Lion Air,Makassar,UPG,WAAA,15:30,07:30,15:56,26min late,16:58,3min late,1h 1m,Landed
2026-03-08,GA411,GIA411,Garuda Indonesia,Jakarta,CGK,WIII,15:35,07:35,16:12,37min late,16:39,on time,1h 27m,Landed
2026-03-08,VJ898,VJC898,VietJet Air,Ho Chi Minh City,SGN,VVTS,15:35,07:35,15:34,on time,18:02,22min early,3h 27m,Landed
2026-03-08,SJ717,SJY717,Sriwijaya Air,Makassar,UPG,WAAA,15:40,07:40,15:52,12min late,16:54,5min early,1h 1m,Landed
2026-03-08,CI772,CAL772,China Airlines,Taipei,TPE,RCTP,15:45,07:45,15:50,5min late,20:29,35min early,4h 39m,Landed
2026-03-08,VA92,VOZ092,Virgin Australia,Melbourne,MEL,YMML,15:50,07:50,16:03,13min late,00:32,2min late,5h 28m,Landed
2026-03-08,8B5256,TNU5256,Business Air,Lombok,LOP,WADL,15:55,07:55,16:20,25min late,16:45,4min early,25m,Landed
2026-03-08,QZ246,AWQ246,Indonesia AirAsia,Phuket,HKT,VTSP,15:55,07:55,16:28,33min late,19:04,24min late,3h 36m,Landed
2026-03-08,QZ536,AWQ536,Indonesia AirAsia,Perth,PER,YPPH,16:00,08:00,16:19,19min late,19:38,6min early,3h 18m,Landed
2026-03-08,IP109,PAS109,Pelita Air Service,Jakarta,CGK,WIII,16:00,08:00,16:15,15min late,16:42,7min early,1h 26m,Landed
2026-03-08,VN640,HVN640,Vietnam Airlines,Ho Chi Minh City,SGN,VVTS,16:05,08:05,16:08,3min late,18:31,23min early,3h 23m,Landed
2026-03-08,TG432,THA432,Thai Airways International,Bangkok,BKK,VTBS,16:10,08:10,16:10,on time,18:53,31min early,3h 43m,Landed
2026-03-08,QG669,CTV669,Citilink,Surabaya,SUB,WARR,16:10,08:10,16:23,13min late,16:04,15min early,40m,Landed
2026-03-08,CX784,CPA784,Cathay Pacific,Hong Kong,HKG,VHHH,16:20,08:20,16:38,18min late,20:57,28min early,4h 19m,Landed
2026-03-08,MH850,MAS850,Malaysia Airlines,Kuala Lumpur,KUL,WMKK,16:25,08:25,16:42,17min late,19:25,9min early,2h 43m,Landed
2026-03-08,IW1852,WON1852,Wings Air,Lombok,LOP,WADL,16:30,08:30,16:51,21min late,17:28,8min late,36m,Landed
2026-03-08,GA427,GIA427,Garuda Indonesia,Jakarta,CGK,WIII,16:35,08:35,16:45,10min late,17:26,3min early,1h 41m,Landed
2026-03-08,BR256,EVA256,EVA Airways,Taipei,TPE,RCTP,16:40,08:40,16:49,9min late,21:32,13min early,4h 42m,Landed
2026-03-08,IU703,,SW Italia,Surabaya,SUB,WARR,16:40,08:40,,,,,1h 0m,
2026-03-08,GA349,GIA349,Garuda Indonesia,Surabaya,SUB,WARR,16:55,08:55,17:08,13min late,17:02,8min early,53m,Landed
2026-03-08,IU273,SJV273,SW Italia,Pontianak,PNK,WIOO,17:00,09:00,19:09,9min late,19:46,41min late,1h 37m,Landed
2026-03-08,VJ998,VJC998,VietJet Air,Hanoi,HAN,VVNB,17:25,09:25,17:30,5min late,21:30,4min early,5h 0m,Landed
2026-03-08,GA419,GIA419,Garuda Indonesia,Jakarta,CGK,WIII,17:25,09:25,17:34,9min late,18:09,15min early,1h 34m,Landed
2026-03-08,HO1356,DKH1356,Juneyao Airlines,Shanghai,PVG,ZSPD,17:25,09:25,17:18,6min early,23:11,38min early,5h 53m,Landed
2026-03-08,TR211,TGW211,Scoot,Singapore,SIN,WSSS,17:35,09:35,18:02,27min late,20:37,8min early,2h 34m,Landed
2026-03-08,IP107,PAS107,Pelita Air Service,Jakarta,CGK,WIII,17:40,09:40,17:41,1min late,18:16,13min early,1h 34m,Landed
2026-03-08,IU759,,SW Italia,Jakarta,CGK,WIII,17:40,09:40,,,,,1h 55m,
2026-03-08,AK368,AXM368,AirAsia,Kuala Lumpur,KUL,WMKK,17:45,09:45,18:11,26min late,20:58,8min late,2h 47m,Landed
2026-03-08,OD193,MXD193,Malindo Air,Perth,PER,YPPH,18:10,10:10,18:45,35min late,21:57,12min late,3h 12m,Landed
2026-03-08,IU126,SJV126,SW Italia,Surakarta,SOC,WAHQ,18:10,10:10,18:17,7min late,18:12,17min early,55m,Landed
2026-03-08,IN281,LKN281,Nam Air,Jakarta,CGK,WIII,18:30,10:30,20:07,37min late,20:37,27min late,1h 29m,Landed
2026-03-08,IP111,,Pelita Air Service,Jakarta,CGK,WIII,18:35,10:35,,,,,1h 50m,
2026-03-08,GA417,GIA417,Garuda Indonesia,Jakarta,CGK,WIII,18:40,10:40,18:46,6min late,19:18,21min early,1h 31m,Landed
2026-03-08,CX782,CPA782,Cathay Pacific,Hong Kong,HKG,VHHH,18:40,10:40,19:05,25min late,23:30,14min early,4h 24m,Landed
2026-03-08,QZ504,AWQ504,Indonesia AirAsia,Singapore,SIN,WSSS,18:40,10:40,20:15,35min late,22:34,14min late,2h 19m,Landed
2026-03-08,EY477,,Etihad Airways,Abu Dhabi,AUH,OMAA,18:45,10:45,18:45,on time,23:45,,9h 0m,Landed
2026-03-08,QR963,,Qatar Airways,Doha,DOH,OTHH,18:50,10:50,,,,,9h 40m,Cancelled
2026-03-08,6E1608,IGO1608,IndiGo,Chennai,MAA,VOMM,18:50,10:50,19:13,23min late,22:24,5min early,5h 41m,Landed
2026-03-08,NZ291,ANZ291,Air New Zealand,Auckland,AKL,NZAA,18:50,10:50,19:03,13min late,07:45,9min early,7h 42m,Landed
2026-03-08,8B5258,TNU5258,Business Air,Lombok,LOP,WADL,18:55,10:55,18:59,4min late,19:26,8min early,26m,Landed
2026-03-08,TG440,THA440,Thai Airways International,Bangkok,BKK,VTBS,19:00,11:00,19:29,29min late,22:29,14min late,3h 59m,Landed
2026-03-08,AK379,AXM379,AirAsia,Kuala Lumpur,KUL,WMKK,19:15,11:15,20:57,42min late,23:35,15min late,2h 38m,Landed
2026-03-08,MH852,MAS852,Malaysia Airlines,Kuala Lumpur,KUL,WMKK,19:15,11:15,19:27,12min late,22:22,7min late,2h 55m,Landed
2026-03-08,QZ809,,Indonesia AirAsia,Jakarta,CGK,WIII,19:15,11:15,19:15,,20:15,,2h 0m,Landed
2026-03-08,ID7310,BTK7310,Batik Air,Jakarta,HLP,WIHH,19:25,11:25,19:56,31min late,20:20,5min late,1h 23m,Landed
2026-03-08,QG699,CTV699,Citilink,Surabaya,SUB,WARR,19:30,11:30,19:54,24min late,19:46,6min late,51m,Landed
2026-03-08,8B969,TNU969,Business Air,Guangzhou,CAN,ZGGG,19:45,11:45,20:00,15min late,00:50,14min early,4h 49m,Landed
2026-03-08,EK369,UAE369,Emirates,Dubai,DXB,OMDB,19:50,11:50,20:02,12min late,00:50,19min early,8h 48m,Landed
2026-03-08,QZ807,AWQ807,Indonesia AirAsia,Jakarta,CGK,WIII,20:00,12:00,21:32,32min late,22:01,1min late,1h 29m,Landed
2026-03-08,TR283,TGW283,Scoot,Singapore,SIN,WSSS,20:05,12:05,20:16,11min late,22:31,9min early,2h 14m,Landed
2026-03-08,SL259,TLM259,Thai Lion Air,Bangkok,DMK,VTBD,20:05,12:05,14:30,34min early,23:09,15min early,9h 39m,Landed
2026-03-08,QG195,CTV195,Citilink,Jakarta,HLP,WIHH,20:10,12:10,20:19,9min late,20:47,17min early,1h 28m,Landed
2026-03-08,SQ945,SIA945,Singapore Airlines,Singapore,SIN,WSSS,20:15,12:15,20:34,19min late,22:48,6min early,2h 13m,Landed
2026-03-08,JQ34,JST034,Jetstar Airways,Melbourne,MEL,YMML,20:20,12:20,20:27,7min late,04:41,13min early,5h 13m,Landed
2026-03-08,GA718,GIA718,Garuda Indonesia,Melbourne,MEL,YMML,20:20,12:20,20:41,21min late,05:12,12min late,5h 31m,Landed
2026-03-08,ID6413,BTK6413,Batik Air,Surabaya,SUB,WARR,20:30,12:30,20:44,14min late,07:03,33min late,11h 18m,Landed
2026-03-08,GA415,GIA415,Garuda Indonesia,Jakarta,CGK,WIII,20:45,12:45,21:02,17min late,21:39,5min early,1h 36m,Landed
2026-03-08,IP105,PAS105,Pelita Air Service,Jakarta,CGK,WIII,20:50,12:50,20:49,on time,21:13,26min early,1h 24m,Landed
2026-03-08,OD177,MXD177,Malindo Air,Melbourne,MEL,YMML,20:55,12:55,21:18,23min late,05:46,6min late,5h 27m,Landed
2026-03-08,AK375,AXM375,AirAsia,Kuala Lumpur,KUL,WMKK,21:05,13:05,21:42,37min late,00:47,37min late,3h 5m,Landed
2026-03-08,QG667,CTV667,Citilink,Jakarta,CGK,WIII,21:10,13:10,21:24,14min late,22:10,on time,1h 46m,Landed
2026-03-08,OD171,MXD171,Malindo Air,Sydney,SYD,YSSY,21:10,13:10,21:46,36min late,06:27,12min late,5h 41m,Landed
2026-03-08,TK67,THY067,Turkish Airlines,Istanbul,IST,LTFM,21:10,13:10,21:21,11min late,05:18,21min early,12h 57m,Landed
2026-03-08,QF44,QFA044,Qantas,Sydney,SYD,YSSY,21:20,13:20,21:29,9min late,06:07,7min early,5h 37m,Landed
2026-03-08,SJ273,SJY273,Sriwijaya Air,Jakarta,CGK,WIII,21:35,13:35,21:54,19min late,22:21,6min late,1h 26m,Landed
2026-03-08,GA425,GIA425,Garuda Indonesia,Jakarta,CGK,WIII,21:40,13:40,21:50,10min late,22:17,27min early,1h 26m,Landed
2026-03-08,KL836,KLM836,KLM Royal Dutch Airlines,Singapore,SIN,WSSS,21:40,13:40,23:55,15min late,02:03,53min late,2h 8m,Landed
2026-03-08,SQ947,SIA947,Singapore Airlines,Singapore,SIN,WSSS,21:40,13:40,21:59,19min late,00:14,5min early,2h 15m,Landed
2026-03-08,JQ117,JST117,Jetstar Airways,Perth,PER,YPPH,21:45,13:45,21:57,12min late,01:08,6min early,3h 11m,Landed
2026-03-08,VA94,VOZ094,Virgin Australia,Melbourne,MEL,YMML,22:00,14:00,22:07,7min late,06:26,13min early,5h 19m,Landed
2026-03-08,QF46,QFA046,Qantas,Melbourne,MEL,YMML,22:05,14:05,22:09,4min late,06:31,18min early,5h 21m,Landed
2026-03-08,OD157,MXD157,Malindo Air,Brisbane,BNE,YBBN,22:10,14:10,23:07,57min late,06:34,34min late,5h 26m,Landed
2026-03-08,JQ38,JST038,Jetstar Airways,Sydney,SYD,YSSY,22:20,14:20,22:24,4min late,07:08,16min early,5h 44m,Landed
2026-03-08,VA66,VOZ066,Virgin Australia,Sydney,SYD,YSSY,22:30,14:30,22:47,17min late,07:45,5min late,5h 57m,Landed
2026-03-08,JT15,LNI015,Lion Air,Jakarta,CGK,WIII,22:45,14:45,22:53,8min late,23:26,13min early,1h 32m,Landed
2026-03-08,JQ128,JST128,Jetstar Airways,Adelaide,ADL,YPAD,22:50,14:50,22:50,on time,06:02,12min early,4h 42m,Landed
2026-03-08,7C2712,JJA2712,Jeju Air,Seoul,ICN,RKSI,23:05,15:05,23:35,30min late,07:08,1min early,6h 32m,Landed
2026-03-08,8B5109,TNU5109,Business Air,Jakarta,CGK,WIII,23:10,15:10,00:39,29min late,01:01,11min late,1h 22m,Landed
2026-03-08,3U3986,CSC3986,Sichuan Airlines,Lujia Town,TFU,ZUTF,23:10,15:10,23:18,8min late,05:35,19min early,6h 16m,Landed
2026-03-08,GA714,GIA714,Garuda Indonesia,Sydney,SYD,YSSY,23:35,15:35,00:10,35min late,09:20,45min late,6h 9m,Landed
2026-03-08,JQ42,JST042,Jetstar Airways,Melbourne,MEL,YMML,23:40,15:40,23:51,11min late,08:19,10min early,5h 27m,Landed
2026-03-08,QZ420,AWQ420,Indonesia AirAsia,Adelaide,ADL,YPAD,23:45,15:45,23:48,3min late,06:59,25min early,4h 41m,Landed
2026-03-08,KE432,KAL432,Korean Air Lines,Seoul,ICN,RKSI,23:50,15:50,00:15,25min late,07:27,17min early,6h 12m,Landed
2026-03-08,JQ94,JST094,Jetstar Airways,Gold Coast,OOL,YBCG,23:55,15:55,00:12,17min late,07:50,25min late,5h 37m,Landed
2026-03-09,BX602,ABL602,Air Busan,Busan,PUS,RKPK,00:05,16:05,00:46,41min late,08:08,21min early,6h 22m,Landed
2026-03-09,TW158,TWB158,T'Way Air,Cheongju,CJJ,RKTU,00:15,16:15,01:07,52min late,08:31,21min late,6h 23m,Landed
2026-03-09,EK399,,Emirates,Dubai,DXB,OMDB,00:25,16:25,,,,,9h 20m,
2026-03-09,MF892,CXA892,Xiamen Airlines,Xiamen,XMN,ZSAM,00:30,16:30,00:22,7min early,05:39,25min early,5h 17m,Landed
2026-03-09,QR961,,Qatar Airways,Doha,DOH,OTHH,00:30,16:30,,,,,9h 40m,Cancelled
2026-03-09,CZ626,CSN626,China Southern Airlines,Guangzhou,CAN,ZGGG,00:40,16:40,00:40,on time,05:35,14min early,4h 54m,Landed
2026-03-09,GA880,GIA880,Garuda Indonesia,Tokyo,NRT,RJAA,00:50,16:50,00:51,1min late,08:35,14min early,6h 44m,Landed
2026-03-09,MU5030,CES5030,China Eastern Airlines,Shanghai,PVG,ZSPD,00:55,16:55,01:11,16min late,07:08,1min early,5h 57m,Landed
2026-03-09,QZ548,AWQ548,Indonesia AirAsia,Perth,PER,YPPH,01:00,17:00,01:31,31min late,05:26,46min late,3h 55m,Landed
2026-03-09,5J282,CEB282,CEBU Pacific Air,Manila,MNL,RPLL,01:00,17:00,01:20,20min late,05:00,14min early,3h 40m,Landed
2026-03-09,SJ726,,Sriwijaya Air,Makassar,UPG,WAAA,01:00,17:00,,,,,1h 20m,
2026-03-09,KE434,KAL434,Korean Air Lines,Seoul,ICN,RKSI,01:05,17:05,01:25,20min late,08:36,23min early,6h 11m,Landed
2026-03-09,PR538,PAL538,Philippine Airlines,Manila,MNL,RPLL,01:10,17:10,01:43,33min late,05:15,5min late,3h 32m,Landed
2026-03-09,8B5888,TNU5888,TransNusa,Manado,MDC,WAMM,01:30,17:30,01:34,4min late,03:55,19min early,2h 20m,Landed
2026-03-09,GA401,GIA401,Garuda Indonesia,Jakarta,CGK,WIII,06:30,22:30,06:44,14min late,07:09,20min early,1h 25m,Landed
2026-03-09,JT746,LNI746,Lion Air,Makassar,UPG,WAAA,07:00,23:00,07:11,11min late,08:16,8min early,1h 5m,Landed
2026-03-09,IU705,SJV705,SW Italia,Surabaya,SUB,WARR,07:00,23:00,07:19,19min late,12:04,4min late,5h 45m,Landed
2026-03-09,QZ534,AWQ534,Indonesia AirAsia,Perth,PER,YPPH,07:00,23:00,06:56,3min early,10:37,12min early,3h 40m,Landed
2026-03-09,GA401,GIA401,Garuda Indonesia,Jakarta,CGK,WIII,07:00,23:00,07:13,13min late,07:43,16min early,1h 29m,Landed
2026-03-09,JQ82,JST082,Jetstar Airways,Darwin,DRW,YPDN,07:05,23:05,07:13,8min late,11:08,6min early,2h 24m,Landed
2026-03-09,QG690,CTV690,Citilink,Surabaya,SUB,WARR,07:05,23:05,07:09,4min late,06:53,16min early,44m,Landed
2026-03-09,QZ550,AWQ550,Indonesia AirAsia,Kuala Lumpur,KUL,WMKK,07:15,23:15,07:06,8min early,09:51,18min early,2h 45m,Landed
2026-03-09,SQ949,SIA949,Singapore Airlines,Singapore,SIN,WSSS,07:20,23:20,07:21,1min late,09:35,24min early,2h 13m,Landed
2026-03-09,8B551,TNU551,Business Air,Singapore,SIN,WSSS,07:30,23:30,07:15,14min early,09:25,29min early,2h 10m,Landed
2026-03-09,8B5250,,Business Air,Lombok,LOP,WADL,07:30,23:30,,,,,25m,
2026-03-09,QZ644,AWQ644,Indonesia AirAsia,Labuan Bajo,LBJ,WATO,07:40,23:40,07:43,3min late,10:23,28min late,2h 40m,Landed
2026-03-09,JT21,LNI021,Lion Air,Jakarta,CGK,WIII,08:05,00:05,08:31,26min late,08:58,1min early,1h 26m,Landed
2026-03-09,IW1858,,Wings Air,Lombok,LOP,WADL,08:05,00:05,08:16,11min late,08:47,7min early,31m,Landed
2026-03-09,HX706,CRK706,Hong Kong Airlines,Hong Kong,HKG,VHHH,08:15,00:15,08:27,12min late,12:39,35min early,4h 12m,Landed
2026-03-09,CZ8482,CSN8482,China Southern Airlines,Guangzhou,CAN,ZGGG,08:35,00:35,08:50,15min late,13:36,18min early,4h 45m,Landed
2026-03-09,5J280,CEB280,CEBU Pacific Air,Manila,MNL,RPLL,08:35,00:35,12:34,59min late,18:03,13min late,5h 28m,Landed
2026-03-09,QG500,CTV500,Citilink,Dili,DIL,WPDL,08:50,00:50,08:48,1min early,11:40,14min early,1h 52m,Landed
2026-03-09,IW1882,WON1882,Wings Air,Sumbawa Besar,SWQ,WADS,08:55,00:55,09:03,8min late,09:47,12min early,43m,Landed
2026-03-09,IW3330,WON3330,Wings Air,,,,09:00,01:00,09:12,12min late,15:19,34min late,6h 7m,Landed
2026-03-09,IN640,LKN640,Nam Air,Tambolaka,TMC,WADT,09:10,01:10,09:34,24min late,10:22,12min late,48m,Landed
2026-03-09,SJ740,,Sriwijaya Air,Waingapu,WGP,WADW,09:10,01:10,09:10,,10:30,,1h 20m,Landed
2026-03-09,8B5105,TNU5105,TransNusa,Jakarta,CGK,WIII,09:15,01:15,08:11,3min early,08:37,22min early,1h 26m,Landed
2026-03-09,IW1848,WON1848,Wings Air,Lombok,LOP,WADL,09:25,01:25,09:30,5min late,10:00,14min early,30m,Landed
2026-03-09,ID6007,BTK6007,Batik Air,Perth,PER,YPPH,09:30,01:30,09:36,6min late,12:50,24min early,3h 14m,Landed
2026-03-09,8B5634,TNU5634,TransNusa,Bima,BMU,WADB,09:35,01:35,13:16,41min late,15:16,41min late,2h 0m,Landed
2026-03-09,QG663,CTV663,Citilink,Jakarta,CGK,WIII,09:35,01:35,09:44,9min late,10:11,23min early,1h 27m,Landed
2026-03-09,ID6324,BTK6324,Batik Air,Tambolaka,TMC,WADT,09:40,01:40,09:47,7min late,10:50,4min early,1h 3m,Landed
2026-03-09,QZ803,AWQ803,Indonesia AirAsia,Jakarta,CGK,WIII,09:40,01:40,10:04,24min late,10:34,4min late,1h 29m,Landed
2026-03-09,8B80,TNU080,Business Air,Perth,PER,YPPH,09:40,01:40,09:25,14min early,12:41,43min early,3h 16m,Landed
2026-03-09,AI2146,AIC2146,Air India,Delhi,DEL,VIDP,10:00,02:00,10:01,1min late,14:49,10min early,7h 18m,Landed
2026-03-09,JQ126,JST126,Jetstar Airways,Adelaide,ADL,YPAD,10:15,02:15,10:07,7min early,17:18,26min early,4h 40m,Landed
2026-03-09,8B5101,TNU5101,Business Air,Jakarta,CGK,WIII,10:30,02:30,10:37,7min late,11:03,11min early,1h 26m,Landed
2026-03-09,SQ935,SIA935,Singapore Airlines,Singapore,SIN,WSSS,10:30,02:30,10:45,15min late,12:56,14min early,2h 10m,Landed
2026-03-09,8G182,DTL182,Mid Africa Aviation,Dili,DIL,WPDL,10:35,02:35,10:29,5min early,13:13,16min early,1h 43m,Landed
2026-03-09,JT924,LNI924,Lion Air,Kupang,KOE,WATT,10:35,02:35,10:38,3min late,13:07,42min late,2h 28m,Landed
2026-03-09,JT33,LNI033,Lion Air,Jakarta,CGK,WIII,10:35,02:35,10:53,18min late,11:21,8min early,1h 28m,Landed
2026-03-09,JT805,,Lion Air,Surabaya,SUB,WARR,10:35,02:35,,,,,1h 0m,
2026-03-09,TR281,TGW281,Scoot,Singapore,SIN,WSSS,11:10,03:10,11:12,2min late,13:21,29min early,2h 8m,Landed
2026-03-09,QG197,CTV197,Citilink,Jakarta,HLP,WIHH,11:10,03:10,11:22,12min late,11:48,11min early,1h 25m,Landed
2026-03-09,JQ40,JST040,Jetstar Airways,Sydney,SYD,YSSY,11:15,03:15,11:18,3min late,20:02,12min early,5h 44m,Landed
2026-03-09,6E1606,IGO1606,IndiGo,Bangalore,BLR,VOBL,11:30,03:30,11:19,10min early,14:59,35min early,6h 9m,Landed
2026-03-09,QZ780,AWQ780,Indonesia AirAsia,Balikpapan,BPN,WALL,11:30,03:30,11:36,6min late,15:12,57min late,3h 35m,Landed
2026-03-09,JQ32,JST032,Jetstar Airways,Melbourne,MEL,YMML,11:30,03:30,11:34,4min late,19:46,23min early,5h 12m,Landed
2026-03-09,OD172,MXD172,Malindo Air,Kuala Lumpur,KUL,WMKK,11:35,03:35,12:14,39min late,14:56,11min late,2h 42m,Landed
2026-03-09,IW1964,WON1964,Wings Air,Lombok,LOP,WADL,11:40,03:40,13:08,28min late,13:39,9min late,30m,Landed
2026-03-09,ID6331,BTK6331,Batik Air,Labuan Bajo,LBJ,WATO,11:45,03:45,12:03,18min late,12:53,6min early,50m,Landed
2026-03-09,JQ109,JST109,Jetstar Airways,Perth,PER,YPPH,11:45,03:45,11:53,8min late,15:06,28min early,3h 13m,Landed
2026-03-09,JT31,,Lion Air,Jakarta,CGK,WIII,11:55,03:55,11:55,,12:23,26min early,1h 28m,Landed
2026-03-09,GA407,GIA407,Garuda Indonesia,Jakarta,CGK,WIII,11:55,03:55,12:01,6min late,12:32,22min early,1h 30m,Landed
2026-03-09,FD397,AIQ397,Thai AirAsia,Bangkok,DMK,VTBD,12:00,04:00,12:15,15min late,15:19,on time,4h 4m,Landed
2026-03-09,GA253,GIA253,Garuda Indonesia,Yogyakarta,YIA,WAHI,12:05,04:05,12:41,36min late,12:52,2min early,1h 11m,Landed
2026-03-09,SQ937,SIA937,Singapore Airlines,Singapore,SIN,WSSS,12:05,04:05,12:31,26min late,14:46,9min early,2h 14m,Landed
2026-03-09,OD192,MXD192,Malindo Air,Kuala Lumpur,KUL,WMKK,12:10,04:10,12:28,18min late,15:14,5min early,2h 45m,Landed
2026-03-09,SJ742,,Sriwijaya Air,Tambolaka,TMC,WADT,12:10,04:10,12:10,on time,13:10,,1h 0m,Landed
2026-03-09,OD178,MXD178,Malindo Air,Kuala Lumpur,KUL,WMKK,12:15,04:15,12:19,4min late,15:05,19min early,2h 45m,Landed
2026-03-09,QG697,CTV697,Citilink,Surabaya,SUB,WARR,12:20,04:20,12:34,14min late,12:19,10min early,44m,Landed
2026-03-09,QZ540,AWQ540,Indonesia AirAsia,Darwin,DRW,YPDN,12:30,04:30,12:36,6min late,16:39,10min early,2h 33m,Landed
2026-03-09,8B5254,TNU5254,TransNusa,Lombok,LOP,WADL,12:40,04:40,,,,,40m,
2026-03-09,OD158,MXD158,Malindo Air,Kuala Lumpur,KUL,WMKK,12:45,04:45,13:13,28min late,16:01,6min late,2h 48m,Landed
2026-03-09,IP103,PAS103,Pelita Air Service,Jakarta,CGK,WIII,12:45,04:45,12:43,1min early,13:10,24min early,1h 27m,Landed
2026-03-09,SQ939,SIA939,Singapore Airlines,Singapore,SIN,WSSS,13:00,05:00,13:04,4min late,15:26,23min early,2h 22m,Landed
2026-03-09,AK365,AXM365,AirAsia,Kuala Lumpur,KUL,WMKK,13:05,05:05,13:25,20min late,16:10,on time,2h 44m,Landed
2026-03-09,MH714,MAS714,Malaysia Airlines,Kuala Lumpur,KUL,WMKK,13:10,05:10,13:21,11min late,16:04,on time,2h 42m,Landed
2026-03-09,JT35,,Lion Air,Jakarta,CGK,WIII,13:15,05:15,15:51,36min late,16:21,11min late,1h 30m,Landed
2026-03-09,GA409,GIA409,Garuda Indonesia,Jakarta,CGK,WIII,13:25,05:25,13:29,4min late,14:01,23min early,1h 32m,Landed
2026-03-09,JT660,LNI660,Lion Air,Balikpapan,BPN,WALL,13:30,05:30,15:32,2min late,16:55,40min late,1h 23m,Landed
2026-03-09,JQ58,JST058,Jetstar Airways,Brisbane,BNE,YBBN,13:30,05:30,13:39,9min late,21:03,21min early,5h 23m,Landed
2026-03-09,ID6509,BTK6509,Batik Air,Jakarta,CGK,WIII,13:45,05:45,16:05,20min late,16:32,52min late,1h 26m,Landed
2026-03-09,8B5107,TNU5107,TransNusa,Jakarta,CGK,WIII,13:50,05:50,18:39,49min late,19:03,28min late,1h 23m,Landed
2026-03-09,JT919,LNI919,Lion Air,Surabaya,SUB,WARR,13:55,05:55,18:46,51min late,15:26,31min late,,Landed
2026-03-09,6E1612,IGO1612,IndiGo,Bhubaneswar,BBI,VEBS,14:00,06:00,14:04,4min late,17:15,24min early,5h 41m,Landed
2026-03-09,QG342,CTV342,Citilink,Makassar,UPG,WAAA,14:00,06:00,14:20,20min late,15:34,4min late,1h 13m,Landed
2026-03-09,QG687,CTV687,Citilink,Jakarta,CGK,WIII,14:00,06:00,14:06,6min late,14:32,27min early,1h 26m,Landed
2026-03-09,QZ544,AWQ544,Indonesia AirAsia,Perth,PER,YPPH,14:00,06:00,14:07,7min late,17:23,26min early,3h 16m,Landed
2026-03-09,8B82,TNU082,Business Air,Perth,PER,YPPH,14:00,06:00,13:07,52min early,17:40,on time,4h 32m,Landed
2026-03-09,VJ894,VJC894,VietJet Air,Ho Chi Minh City,SGN,VVTS,14:05,06:05,14:15,10min late,16:37,27min early,3h 22m,Landed
2026-03-09,IU130,SJV130,SW Italia,Semarang,SRG,WIIS,14:15,06:15,14:24,9min late,14:19,15min early,55m,Landed
2026-03-09,ID7308,BTK7308,Batik Air,Jakarta,HLP,WIHH,14:20,06:20,14:37,17min late,15:05,4min early,1h 27m,Landed
2026-03-09,QZ506,AWQ506,Indonesia AirAsia,Singapore,SIN,WSSS,14:25,06:25,14:42,17min late,17:11,8min early,2h 29m,Landed
2026-03-09,QZ556,AWQ556,Indonesia AirAsia,Kuala Lumpur,KUL,WMKK,14:30,06:30,14:32,2min late,17:12,17min early,2h 40m,Landed
2026-03-09,TR289,TGW289,Scoot,Singapore,SIN,WSSS,14:35,06:35,14:49,14min late,17:17,12min early,2h 28m,Landed
2026-03-09,JQ43,JST043,Jetstar Airways,Singapore,SIN,WSSS,14:50,06:50,15:55,5min late,18:13,18min late,2h 18m,Landed
2026-03-09,OD307,MXD307,Malindo Air,Kuala Lumpur,KUL,WMKK,14:50,06:50,14:57,7min late,17:29,25min early,2h 31m,Landed
2026-03-09,JQ44,JST044,Jetstar Airways,Melbourne,MEL,YMML,14:55,06:55,15:02,7min late,23:21,13min early,5h 19m,Landed
2026-03-09,QG681,CTV681,Citilink,Jakarta,CGK,WIII,15:00,07:00,15:22,22min late,15:48,11min early,1h 25m,Landed
2026-03-09,VA48,VOZ048,Virgin Australia,Brisbane,BNE,YBBN,15:00,07:00,15:14,14min late,22:50,4min early,5h 36m,Landed
2026-03-09,IU120,SJV120,SW Italia,Yogyakarta,YIA,WAHI,15:00,07:00,15:46,46min late,15:50,20min late,1h 4m,Landed
2026-03-09,AI2148,AIC2148,Air India,Delhi,DEL,VIDP,15:10,07:10,15:18,8min late,20:05,on time,7h 16m,Landed
2026-03-09,GA842,GIA842,Garuda Indonesia,Singapore,SIN,WSSS,15:15,07:15,15:29,14min late,17:58,1min early,2h 29m,Landed
2026-03-09,AK377,AXM377,AirAsia,Kuala Lumpur,KUL,WMKK,15:25,07:25,15:34,9min late,18:18,6min early,2h 44m,Landed
2026-03-09,JT740,LNI740,Lion Air,Makassar,UPG,WAAA,15:30,07:30,15:48,18min late,16:48,6min early,1h 0m,Landed
2026-03-09,VJ898,VJC898,VietJet Air,Ho Chi Minh City,SGN,VVTS,15:35,07:35,16:08,33min late,18:33,8min late,3h 25m,Landed
2026-03-09,GA411,GIA411,Garuda Indonesia,Jakarta,CGK,WIII,15:35,07:35,15:41,6min late,16:10,30min early,1h 28m,Landed
2026-03-09,SJ717,SJY717,Sriwijaya Air,Makassar,UPG,WAAA,15:40,07:40,16:37,57min late,17:31,31min late,53m,Landed
2026-03-09,IW1850,WON1850,Wings Air,Lombok,LOP,WADL,15:40,07:40,16:03,23min late,16:30,on time,26m,Landed
2026-03-09,CI772,CAL772,China Airlines,Taipei,TPE,RCTP,15:45,07:45,16:00,15min late,20:39,25min early,4h 38m,Landed
2026-03-09,VA92,VOZ092,Virgin Australia,Melbourne,MEL,YMML,15:50,07:50,16:02,12min late,00:21,8min early,5h 19m,Landed
2026-03-09,8B5256,TNU5256,Business Air,Lombok,LOP,WADL,15:55,07:55,,,,,55m,
2026-03-09,QZ246,AWQ246,Indonesia AirAsia,Phuket,HKT,VTSP,15:55,07:55,16:28,33min late,23:23,43min late,7h 54m,Landed
2026-03-09,QZ536,AWQ536,Indonesia AirAsia,Perth,PER,YPPH,16:00,08:00,22:37,37min late,01:57,12min late,3h 19m,Landed
2026-03-09,IP109,PAS109,Pelita Air Service,Jakarta,CGK,WIII,16:00,08:00,16:10,10min late,16:39,10min early,1h 29m,Landed
2026-03-09,VN640,HVN640,Vietnam Airlines,Ho Chi Minh City,SGN,VVTS,16:05,08:05,16:12,7min late,18:42,12min early,3h 29m,Landed
2026-03-09,TG432,THA432,Thai Airways International,Bangkok,BKK,VTBS,16:10,08:10,16:15,5min late,19:01,23min early,3h 46m,Landed
2026-03-09,QG669,CTV669,Citilink,Surabaya,SUB,WARR,16:10,08:10,16:24,14min late,16:05,14min early,40m,Landed
2026-03-09,CX784,CPA784,Cathay Pacific,Hong Kong,HKG,VHHH,16:20,08:20,16:35,15min late,20:53,31min early,4h 17m,Landed
2026-03-09,MH850,MAS850,Malaysia Airlines,Kuala Lumpur,KUL,WMKK,16:25,08:25,16:42,17min late,19:23,11min early,2h 41m,Landed
2026-03-09,IW1852,WON1852,Wings Air,Lombok,LOP,WADL,16:30,08:30,16:39,9min late,17:07,12min early,28m,Landed
2026-03-09,BR256,EVA256,EVA Airways,Taipei,TPE,RCTP,16:40,08:40,17:14,34min late,22:12,27min late,4h 58m,Landed
2026-03-09,IU703,,SW Italia,Surabaya,SUB,WARR,16:40,08:40,,,,,1h 0m,
2026-03-09,GA349,GIA349,Garuda Indonesia,Surabaya,SUB,WARR,16:55,08:55,17:10,15min late,16:58,11min early,47m,Landed
2026-03-09,VJ998,VJC998,VietJet Air,Hanoi,HAN,VVNB,17:25,09:25,17:30,5min late,03:11,36min late,10h 40m,Landed
2026-03-09,GA419,GIA419,Garuda Indonesia,Jakarta,CGK,WIII,17:25,09:25,17:33,8min late,18:01,23min early,1h 27m,Landed
2026-03-09,HO1356,DKH1356,Juneyao Airlines,Shanghai,PVG,ZSPD,17:25,09:25,17:26,1min late,09:35,45min late,16h 8m,Landed
2026-03-09,TR211,TGW211,Scoot,Singapore,SIN,WSSS,17:35,09:35,17:37,2min late,19:57,47min early,2h 19m,Landed
2026-03-09,IU759,,SW Italia,Jakarta,CGK,WIII,17:40,09:40,,,,,1h 55m,
2026-03-09,IP107,PAS107,Pelita Air Service,Jakarta,CGK,WIII,17:40,09:40,17:41,1min late,18:10,19min early,1h 29m,Landed
2026-03-09,OD193,MXD193,Malindo Air,Perth,PER,YPPH,18:10,10:10,18:45,35min late,22:01,16min late,3h 15m,Landed
2026-03-09,IU126,SJV126,SW Italia,Surakarta,SOC,WAHQ,18:10,10:10,18:16,6min late,18:14,15min early,57m,Landed
2026-03-09,IN281,LKN281,NAM Air,Jakarta,CGK,WIII,18:30,10:30,16:30,59min early,17:00,10min early,1h 29m,Landed
2026-03-09,IP111,PAS111,Pelita Air Service,Jakarta,CGK,WIII,18:35,10:35,18:42,7min late,19:11,13min early,1h 29m,Landed
2026-03-09,SL259,TLM259,Thai Lion Air,Bangkok,DMK,VTBD,18:40,10:40,17:42,57min early,21:59,on time,5h 17m,Landed
2026-03-09,GA417,GIA417,Garuda Indonesia,Jakarta,CGK,WIII,18:40,10:40,18:50,10min late,19:20,19min early,1h 30m,Landed
2026-03-09,QZ504,AWQ504,Indonesia AirAsia,Singapore,SIN,WSSS,18:40,10:40,21:38,58min late,23:59,39min late,2h 20m,Landed
2026-03-09,EY477,,Etihad Airways,Abu Dhabi,AUH,OMAA,18:45,10:45,18:45,on time,23:45,,9h 0m,Landed
2026-03-09,QR963,,Qatar Airways,Doha,DOH,OTHH,18:50,10:50,,,,,9h 40m,Cancelled
2026-03-09,6E1608,IGO1608,IndiGo,Chennai,MAA,VOMM,18:50,10:50,18:47,3min early,21:56,33min early,5h 39m,Landed
2026-03-09,8B5258,,TransNusa,Lombok,LOP,WADL,18:55,10:55,,,,,40m,
2026-03-09,TG440,THA440,Thai Airways International,Bangkok,BKK,VTBS,19:00,11:00,19:15,15min late,22:12,2min early,3h 57m,Landed
2026-03-09,MH852,MAS852,Malaysia Airlines,Kuala Lumpur,KUL,WMKK,19:15,11:15,19:33,18min late,22:18,3min late,2h 44m,Landed
2026-03-09,AK379,AXM379,AirAsia,Kuala Lumpur,KUL,WMKK,19:15,11:15,19:43,28min late,22:31,11min late,2h 48m,Landed
2026-03-09,QG689,,Citilink,Jakarta,CGK,WIII,19:30,11:30,20:00,30min late,20:30,on time,1h 30m,Landed
2026-03-09,QG699,CTV699,Citilink,Surabaya,SUB,WARR,19:30,11:30,19:30,on time,19:16,23min early,45m,Landed
2026-03-09,8B969,,TransNusa,Guangzhou,CAN,ZGGG,19:45,11:45,,,,,5h 20m,
2026-03-09,EK369,UAE369,Emirates,Dubai,DXB,OMDB,19:50,11:50,19:58,8min late,00:52,17min early,8h 54m,Landed
2026-03-09,QZ807,,Indonesia AirAsia,Jakarta,CGK,WIII,20:00,12:00,20:00,on time,21:00,,2h 0m,Landed
2026-03-09,TR283,TGW283,Scoot,Singapore,SIN,WSSS,20:05,12:05,20:06,1min late,22:23,17min early,2h 16m,Landed
2026-03-09,QG195,CTV195,Citilink,Jakarta,HLP,WIHH,20:10,12:10,20:23,13min late,21:02,2min early,1h 38m,Landed
2026-03-09,SQ945,SIA945,Singapore Airlines,Singapore,SIN,WSSS,20:15,12:15,19:02,12min early,23:01,6min late,3h 58m,Landed
2026-03-09,JQ34,JST034,Jetstar Airways,Melbourne,MEL,YMML,20:20,12:20,20:53,33min late,05:11,16min late,5h 17m,Landed
2026-03-09,ID6413,BTK6413,Batik Air,Surabaya,SUB,WARR,20:30,12:30,20:38,8min late,20:12,17min early,34m,Landed
2026-03-09,GA415,GIA415,Garuda Indonesia,Jakarta,CGK,WIII,20:45,12:45,20:57,12min late,21:25,19min early,1h 28m,Landed
2026-03-09,JQ107,,Jetstar Airways,Perth,PER,YPPH,20:45,12:45,,,,,3h 35m,Cancelled
2026-03-09,IP105,,Pelita Air Service,Jakarta,CGK,WIII,20:50,12:50,,,,,1h 50m,
2026-03-09,OD177,MXD177,Malindo Air,Melbourne,MEL,YMML,20:55,12:55,21:06,11min late,05:27,12min early,5h 21m,Landed
2026-03-09,AK375,AXM375,AirAsia,Kuala Lumpur,KUL,WMKK,21:05,13:05,21:21,16min late,00:04,5min early,2h 43m,Landed
2026-03-09,OD171,MXD171,Malindo Air,Sydney,SYD,YSSY,21:10,13:10,22:05,55min late,06:44,29min late,5h 38m,Landed
2026-03-09,QG667,CTV667,Citilink,Jakarta,CGK,WIII,21:10,13:10,21:29,19min late,21:57,12min early,1h 28m,Landed
2026-03-09,TK67,THY067,Turkish Airlines,Istanbul,IST,LTFM,21:10,13:10,21:26,16min late,05:46,6min late,13h 20m,Landed
2026-03-09,QF44,QFA044,Qantas,Sydney,SYD,YSSY,21:20,13:20,21:24,4min late,06:06,8min early,5h 42m,Landed
2026-03-09,JQ60,JST060,Jetstar Airways,Brisbane,BNE,YBBN,21:30,13:30,21:36,6min late,05:03,16min early,5h 26m,Landed
2026-03-09,QZ819,AWQ819,Indonesia AirAsia,Jakarta,CGK,WIII,21:35,13:35,22:11,36min late,22:36,11min late,1h 24m,Landed
2026-03-09,SJ273,SJY273,Sriwijaya Air,Jakarta,CGK,WIII,21:35,13:35,23:45,10min late,00:12,57min late,1h 27m,Landed
2026-03-09,GA425,GIA425,Garuda Indonesia,Jakarta,CGK,WIII,21:40,13:40,21:48,8min late,22:30,14min early,1h 41m,Landed
2026-03-09,KL836,KLM836,KLM Royal Dutch Airlines,Singapore,SIN,WSSS,21:40,13:40,21:51,11min late,00:04,5min early,2h 13m,Landed
2026-03-09,SQ947,SIA947,Singapore Airlines,Singapore,SIN,WSSS,21:40,13:40,21:46,6min late,00:07,13min early,2h 20m,Landed
2026-03-09,JQ117,JST117,Jetstar Airways,Perth,PER,YPPH,21:45,13:45,22:46,1min late,01:59,44min late,3h 13m,Landed
2026-03-09,VA94,VOZ094,Virgin Australia,Melbourne,MEL,YMML,22:00,14:00,22:47,47min late,06:59,19min late,5h 11m,Landed
2026-03-09,QF46,QFA046,Qantas,Melbourne,MEL,YMML,22:05,14:05,22:18,13min late,06:30,19min early,5h 12m,Landed
2026-03-09,SV857,SVA857,Saudi Arabian Airlines,Singapore,SIN,WSSS,22:05,14:05,22:22,17min late,00:30,14min early,2h 7m,Landed
2026-03-09,JQ89,JST089,Jetstar Airways,Newcastle,NTL,YWLM,22:20,14:20,20:51,28min early,07:04,10min early,7h 13m,Landed
2026-03-09,JQ38,JST038,Jetstar Airways,Sydney,SYD,YSSY,22:20,14:20,22:28,8min late,07:16,13min early,5h 47m,Landed
2026-03-09,VA66,VOZ066,Virgin Australia,Sydney,SYD,YSSY,22:30,14:30,22:43,13min late,07:35,4min early,5h 52m,Landed
2026-03-09,JT15,LNI015,Lion Air,Jakarta,CGK,WIII,22:45,14:45,23:11,26min late,23:38,1min early,1h 27m,Landed
2026-03-09,JQ128,JST128,Jetstar Airways,Adelaide,ADL,YPAD,22:50,14:50,22:59,9min late,06:06,8min early,4h 37m,Landed
2026-03-09,7C2712,JJA2712,Jeju Air,Seoul,ICN,RKSI,23:05,15:05,23:35,30min late,07:06,3min early,6h 31m,Landed
2026-03-09,3U3986,CSC3986,Sichuan Airlines,Lujia Town,TFU,ZUTF,23:10,15:10,23:21,11min late,06:04,9min late,6h 43m,Landed
2026-03-09,8B5109,TNU5109,TransNusa,Jakarta,CGK,WIII,23:10,15:10,23:09,on time,23:32,17min early,1h 22m,Landed
2026-03-09,JQ91,JST091,Jetstar Airways,Cairns,CNS,YBCS,23:10,15:10,23:03,6min early,05:21,23min early,4h 18m,Landed
2026-03-09,VA82,VOZ082,Virgin Australia,Gold Coast,OOL,YBCG,23:20,15:20,23:25,5min late,07:05,4min early,5h 39m,Landed
2026-03-09,JQ42,JST042,Jetstar Airways,Melbourne,MEL,YMML,23:40,15:40,00:29,49min late,08:44,14min late,5h 14m,Landed
2026-03-09,QZ420,AWQ420,Indonesia AirAsia,Adelaide,ADL,YPAD,23:45,15:45,23:55,10min late,07:08,16min early,4h 43m,Landed
2026-03-09,KE432,KAL432,Korean Air Lines,Seoul,ICN,RKSI,23:50,15:50,00:12,22min late,07:33,11min early,6h 20m,Landed
2026-03-10,BX602,ABL602,Air Busan,Busan,PUS,RKPK,00:05,16:05,00:46,41min late,08:08,21min early,6h 22m,Landed
2026-03-10,QZ548,AWQ548,Indonesia AirAsia,Perth,PER,YPPH,00:15,16:15,16:12,2min early,04:18,23min late,12h 5m,Landed
2026-03-10,8B84,TNU084,Business Air,Perth,PER,YPPH,00:20,16:20,00:20,on time,03:39,25min early,3h 19m,Landed
2026-03-10,EK399,,Emirates,Dubai,DXB,OMDB,00:25,16:25,,,,,9h 20m,
2026-03-10,MF892,CXA892,Xiamen Airlines,Xiamen,XMN,ZSAM,00:30,16:30,00:43,13min late,12:58,53min late,12h 14m,Landed
2026-03-10,QR961,,Qatar Airways,Doha,DOH,OTHH,00:30,16:30,,,,,9h 40m,Cancelled
2026-03-10,CZ626,CSN626,China Southern Airlines,Guangzhou,CAN,ZGGG,00:40,16:40,00:40,on time,05:35,14min early,4h 54m,Landed
2026-03-10,GA880,GIA880,Garuda Indonesia,Tokyo,NRT,RJAA,00:50,16:50,01:00,10min late,08:27,22min early,6h 26m,Landed
2026-03-10,MU5030,CES5030,China Eastern Airlines,Shanghai,PVG,ZSPD,00:55,16:55,01:07,12min late,07:11,1min late,6h 3m,Landed
2026-03-10,QZ548,AWQ548,Indonesia AirAsia,Perth,PER,YPPH,01:00,17:00,01:31,31min late,05:26,46min late,3h 55m,Landed
2026-03-10,5J282,CEB282,CEBU Pacific Air,Manila,MNL,RPLL,01:00,17:00,01:20,20min late,05:00,14min early,3h 40m,Landed
2026-03-10,SJ726,,Sriwijaya Air,Makassar,UPG,WAAA,01:00,17:00,,,,,1h 20m,
2026-03-10,KE434,KAL434,Korean Air Lines,Seoul,ICN,RKSI,01:05,17:05,23:31,33min early,08:24,35min early,7h 53m,Landed
2026-03-10,PR538,PAL538,Philippine Airlines,Manila,MNL,RPLL,01:10,17:10,01:20,10min late,04:51,18min early,3h 30m,Landed
2026-03-10,8B5888,,Business Air,Manado,MDC,WAMM,01:30,17:30,,,,,2h 45m,
2026-03-10,IU705,SJV705,SW Italia,Surabaya,SUB,WARR,07:00,23:00,07:18,18min late,06:56,4min early,38m,Landed
2026-03-10,QZ534,AWQ534,Indonesia AirAsia,Perth,PER,YPPH,07:00,23:00,07:01,1min late,10:34,15min early,3h 32m,Landed
2026-03-10,GA401,GIA401,Garuda Indonesia,Jakarta,CGK,WIII,07:00,23:00,07:13,13min late,07:50,9min early,1h 37m,Landed
2026-03-10,JT746,LNI746,Lion Air,Makassar,UPG,WAAA,07:00,23:00,07:03,3min late,08:05,19min early,1h 1m,Landed
2026-03-10,QG690,CTV690,Citilink,Surabaya,SUB,WARR,07:05,23:05,07:16,11min late,14:02,52min late,7h 46m,Landed
2026-03-10,JQ82,JST082,Jetstar Airways,Darwin,DRW,YPDN,07:05,23:05,07:07,2min late,10:59,15min early,2h 21m,Landed
2026-03-10,QZ550,AWQ550,Indonesia AirAsia,Kuala Lumpur,KUL,WMKK,07:15,23:15,07:09,5min early,09:45,24min early,2h 36m,Landed
2026-03-10,SQ949,SIA949,Singapore Airlines,Singapore,SIN,WSSS,07:20,23:20,07:25,5min late,09:41,19min early,2h 15m,Landed
2026-03-10,8B5250,TNU5250,TransNusa,Lombok,LOP,WADL,07:30,23:30,07:27,2min early,07:53,1min early,26m,Landed
2026-03-10,8B551,TNU551,Business Air,Singapore,SIN,WSSS,07:30,23:30,08:44,14min late,11:01,6min late,2h 17m,Landed
2026-03-10,QZ644,AWQ644,Indonesia AirAsia,Labuan Bajo,LBJ,WATO,07:40,23:40,07:48,8min late,10:24,29min late,2h 36m,Landed
2026-03-10,IW1858,WON1858,Wings Air,Lombok,LOP,WADL,08:05,00:05,07:58,6min early,08:24,30min early,26m,Landed
2026-03-10,JT21,LNI021,Lion Air,Jakarta,CGK,WIII,08:05,00:05,08:33,28min late,08:58,1min early,1h 24m,Landed
2026-03-10,HX706,CRK706,Hong Kong Airlines,Hong Kong,HKG,VHHH,08:15,00:15,08:30,15min late,12:50,24min early,4h 19m,Landed
2026-03-10,5J280,CEB280,CEBU Pacific Air,Manila,MNL,RPLL,08:35,00:35,08:51,16min late,12:34,15min early,3h 42m,Landed
2026-03-10,CZ8482,CSN8482,China Southern Airlines,Guangzhou,CAN,ZGGG,08:35,00:35,08:43,8min late,13:33,31min early,4h 50m,Landed
2026-03-10,IW1854,,Wings Air,Lombok,LOP,WADL,08:45,00:45,10:06,21min late,10:33,58min late,27m,Landed
2026-03-10,QG500,CTV500,Citilink,Dili,DIL,WPDL,08:50,00:50,08:48,1min early,11:44,10min early,1h 55m,Landed
2026-03-10,IW1882,WON1882,Wings Air,Sumbawa Besar,SWQ,WADS,08:55,00:55,09:01,6min late,09:43,16min early,42m,Landed
2026-03-10,IN640,LKN640,NAM Air,Tambolaka,TMC,WADT,09:10,01:10,09:40,30min late,10:28,18min late,47m,Landed
2026-03-10,8B5105,TNU5105,TransNusa,Jakarta,CGK,WIII,09:15,01:15,09:11,3min early,09:37,22min early,1h 26m,Landed
2026-03-10,IW1848,,Wings Air,Lombok,LOP,WADL,09:25,01:25,12:14,49min late,12:45,30min late,31m,Landed
2026-03-10,QG663,CTV663,Citilink,Jakarta,CGK,WIII,09:35,01:35,09:48,13min late,10:18,16min early,1h 29m,Landed
2026-03-10,8B5634,TNU5634,TransNusa,Bima,BMU,WADB,09:35,01:35,09:50,15min late,10:52,17min late,1h 1m,Landed
2026-03-10,8B80,,TransNusa,Perth,PER,YPPH,09:40,01:40,,,,,3h 45m,
2026-03-10,ID6324,BTK6324,Batik Air,Tambolaka,TMC,WADT,09:40,01:40,10:18,38min late,11:04,9min late,46m,Landed
2026-03-10,AI2146,AIC2146,Air India,Delhi,DEL,VIDP,10:00,02:00,10:04,4min late,15:01,1min late,7h 27m,Landed
2026-03-10,JQ111,JST111,Jetstar Airways,Perth,PER,YPPH,10:20,02:20,10:21,1min late,13:36,33min early,3h 15m,Landed
2026-03-10,SQ935,SIA935,Singapore Airlines,Singapore,SIN,WSSS,10:30,02:30,10:40,10min late,12:49,21min early,2h 8m,Landed
2026-03-10,8B5101,,TransNusa,Jakarta,CGK,WIII,10:30,02:30,,,,,1h 45m,
2026-03-10,JT924,LNI924,Lion Air,Kupang,KOE,WATT,10:35,02:35,10:49,14min late,12:17,7min early,1h 27m,Landed
2026-03-10,JT805,,Lion Air,Surabaya,SUB,WARR,10:35,02:35,13:32,57min late,13:08,33min late,36m,Landed
2026-03-10,JT33,LNI033,Lion Air,Jakarta,CGK,WIII,10:35,02:35,10:43,8min late,11:10,19min early,1h 27m,Landed
2026-03-10,8G182,DTL182,Mid Africa Aviation,Dili,DIL,WPDL,10:35,02:35,10:33,1min early,13:13,16min early,1h 39m,Landed
2026-03-10,QG197,CTV197,Citilink,Jakarta,HLP,WIHH,11:10,03:10,11:05,4min early,11:42,17min early,1h 37m,Landed
2026-03-10,IW1856,WON1856,Wings Air,Lombok,LOP,WADL,11:10,03:10,11:49,39min late,12:20,20min late,30m,Landed
2026-03-10,TR281,TGW281,Scoot,Singapore,SIN,WSSS,11:10,03:10,11:19,9min late,13:30,20min early,2h 10m,Landed
2026-03-10,JQ40,JST040,Jetstar Airways,Sydney,SYD,YSSY,11:15,03:15,11:17,2min late,19:48,26min early,5h 30m,Landed
2026-03-10,QZ813,AWQ813,Indonesia AirAsia,Jakarta,CGK,WIII,11:20,03:20,11:26,6min late,11:49,25min early,1h 23m,Landed
2026-03-10,JQ32,JST032,Jetstar Airways,Melbourne,MEL,YMML,11:30,03:30,11:33,3min late,19:42,27min early,5h 9m,Landed
2026-03-10,6E1606,IGO1606,IndiGo,Bangalore,BLR,VOBL,11:30,03:30,11:09,20min early,14:51,43min early,6h 11m,Landed
2026-03-10,OD172,MXD172,Malindo Air,Kuala Lumpur,KUL,WMKK,11:35,03:35,12:33,58min late,15:15,30min late,2h 42m,Landed
2026-03-10,IW1964,WON1964,Wings Air,Lombok,LOP,WADL,11:40,03:40,11:42,2min late,12:12,17min early,30m,Landed
2026-03-10,ID6331,BTK6331,Batik Air,Labuan Bajo,LBJ,WATO,11:45,03:45,11:58,13min late,12:50,9min early,52m,Landed
2026-03-10,JQ109,JST109,Jetstar Airways,Perth,PER,YPPH,11:45,03:45,11:56,11min late,15:10,24min early,3h 14m,Landed
2026-03-10,IW1850,WON1850,Wings Air,Lombok,LOP,WADL,11:50,03:50,11:52,2min late,12:28,11min early,36m,Landed
2026-03-10,QZ618,AWQ618,Indonesia AirAsia,Banjarmasin,BDJ,WAOO,11:55,03:55,13:01,6min late,13:10,24min early,9m,Landed
2026-03-10,JT31,,Lion Air,Jakarta,CGK,WIII,11:55,03:55,14:45,50min late,15:14,24min late,1h 29m,Landed
2026-03-10,FD397,AIQ397,Thai AirAsia,Bangkok,DMK,VTBD,12:00,04:00,12:29,29min late,15:40,20min late,4h 10m,Landed
2026-03-10,SQ937,SIA937,Singapore Airlines,Singapore,SIN,WSSS,12:05,04:05,12:22,17min late,14:41,14min early,2h 18m,Landed
2026-03-10,GA253,GIA253,Garuda Indonesia,Yogyakarta,YIA,WAHI,12:05,04:05,12:24,19min late,14:51,56min late,3h 26m,Landed
2026-03-10,OD192,MXD192,Malindo Air,Kuala Lumpur,KUL,WMKK,12:10,04:10,12:48,38min late,15:19,on time,2h 30m,Landed
2026-03-10,OD178,MXD178,Malindo Air,Kuala Lumpur,KUL,WMKK,12:15,04:15,12:18,3min late,14:54,30min early,2h 35m,Landed
2026-03-10,QG697,CTV697,Citilink,Surabaya,SUB,WARR,12:20,04:20,12:35,15min late,12:22,7min early,47m,Landed
2026-03-10,8B5254,TNU5254,Business Air,Lombok,LOP,WADL,12:40,04:40,13:20,40min late,13:44,24min late,24m,Landed
2026-03-10,IP103,,Pelita Air Service,Jakarta,CGK,WIII,12:45,04:45,,,,,1h 50m,
2026-03-10,SQ939,SIA939,Singapore Airlines,Singapore,SIN,WSSS,13:00,05:00,13:18,18min late,15:29,20min early,2h 11m,Landed
2026-03-10,AK365,AXM365,AirAsia,Kuala Lumpur,KUL,WMKK,13:05,05:05,15:30,25min late,18:11,1min late,2h 40m,Landed
2026-03-10,MH714,MAS714,Malaysia Airlines,Kuala Lumpur,KUL,WMKK,13:10,05:10,13:31,21min late,16:16,11min late,2h 45m,Landed
2026-03-10,JT35,,Lion Air,Jakarta,CGK,WIII,13:15,05:15,16:08,53min late,16:35,25min late,1h 27m,Landed
2026-03-10,GA409,GIA409,Garuda Indonesia,Jakarta,CGK,WIII,13:25,05:25,13:33,8min late,14:02,22min early,1h 29m,Landed
2026-03-10,JQ58,JST058,Jetstar Airways,Brisbane,BNE,YBBN,13:30,05:30,13:27,2min early,20:59,25min early,5h 32m,Landed
2026-03-10,QZ811,AWQ811,Indonesia AirAsia,Jakarta,CGK,WIII,13:40,05:40,14:33,53min late,15:01,31min late,1h 27m,Landed
2026-03-10,ID6509,BTK6509,Batik Air,Jakarta,CGK,WIII,13:45,05:45,13:57,12min late,14:25,14min early,1h 28m,Landed
2026-03-10,8B5107,,Business Air,Jakarta,CGK,WIII,13:50,05:50,,,,,1h 45m,
2026-03-10,JT919,LNI919,Lion Air,Surabaya,SUB,WARR,13:55,05:55,14:24,29min late,14:07,12min late,42m,Landed
2026-03-10,6E1612,IGO1612,IndiGo,Bhubaneswar,BBI,VEBS,14:00,06:00,13:55,4min early,17:16,23min early,5h 51m,Landed
2026-03-10,8B82,TNU082,TransNusa,Perth,PER,YPPH,14:00,06:00,15:43,43min late,19:09,29min late,3h 26m,Landed
2026-03-10,QZ544,AWQ544,Indonesia AirAsia,Perth,PER,YPPH,14:00,06:00,15:06,6min late,18:45,55min late,3h 38m,Landed
2026-03-10,QG687,,Citilink,Jakarta,CGK,WIII,14:00,06:00,16:12,12min late,16:41,41min late,1h 29m,Landed
2026-03-10,QG342,CTV342,Citilink,Makassar,UPG,WAAA,14:00,06:00,14:10,10min late,15:24,5min early,1h 13m,Landed
2026-03-10,VJ894,VJC894,VietJet Air,Ho Chi Minh City,SGN,VVTS,14:05,06:05,14:08,3min late,16:36,28min early,3h 28m,Landed
2026-03-10,IU130,SJV130,SW Italia,Semarang,SRG,WIIS,14:15,06:15,14:21,6min late,14:17,17min early,56m,Landed
2026-03-10,ID7308,BTK7308,Batik Air,Jakarta,HLP,WIHH,14:20,06:20,14:47,27min late,15:08,1min early,1h 20m,Landed
2026-03-10,QZ246,AWQ246,Indonesia AirAsia,Phuket,HKT,VTSP,14:25,06:25,14:51,26min late,17:28,13min late,3h 37m,Landed
2026-03-10,QZ556,AWQ556,Indonesia AirAsia,Kuala Lumpur,KUL,WMKK,14:30,06:30,16:33,3min late,19:22,52min late,2h 49m,Landed
2026-03-10,TR289,TGW289,Scoot,Singapore,SIN,WSSS,14:35,06:35,14:44,9min late,17:12,18min early,2h 27m,Landed
2026-03-10,OD307,MXD307,Malindo Air,Kuala Lumpur,KUL,WMKK,14:50,06:50,15:06,16min late,17:36,18min early,2h 30m,Landed
2026-03-10,JQ43,JST043,Jetstar Airways,Singapore,SIN,WSSS,14:50,06:50,15:10,20min late,17:39,15min early,2h 29m,Landed
2026-03-10,JQ44,JST044,Jetstar Airways,Melbourne,MEL,YMML,14:55,06:55,15:08,13min late,23:19,15min early,5h 10m,Landed
2026-03-10,QG681,CTV681,Citilink,Jakarta,CGK,WIII,15:00,07:00,15:02,2min late,15:43,16min early,1h 41m,Landed
2026-03-10,IU120,SJV120,SW Italia,Yogyakarta,YIA,WAHI,15:00,07:00,15:15,15min late,15:13,16min early,58m,Landed
2026-03-10,VA48,VOZ048,Virgin Australia,Brisbane,BNE,YBBN,15:00,07:00,15:01,1min late,22:41,13min early,5h 40m,Landed
2026-03-10,QZ821,AWQ821,Indonesia AirAsia,Jakarta,CGK,WIII,15:05,07:05,16:21,16min late,16:50,50min late,1h 29m,Landed
2026-03-10,AK377,AXM377,AirAsia,Kuala Lumpur,KUL,WMKK,15:25,07:25,17:17,52min late,19:57,32min late,2h 40m,Landed
2026-03-10,JT740,LNI740,Lion Air,Makassar,UPG,WAAA,15:30,07:30,15:49,19min late,16:51,3min early,1h 2m,Landed
2026-03-10,VJ898,VJC898,VietJet Air,Ho Chi Minh City,SGN,VVTS,15:35,07:35,15:41,6min late,17:58,26min early,3h 17m,Landed
2026-03-10,GA411,GIA411,Garuda Indonesia,Jakarta,CGK,WIII,15:35,07:35,15:45,10min late,16:19,20min early,1h 34m,Landed
2026-03-10,CI772,CAL772,China Airlines,Taipei,TPE,RCTP,15:45,07:45,16:27,42min late,21:13,8min late,4h 45m,Landed
2026-03-10,VA92,VOZ092,Virgin Australia,Melbourne,MEL,YMML,15:50,07:50,16:02,12min late,00:17,12min early,5h 15m,Landed
2026-03-10,8B5256,,TransNusa,Lombok,LOP,WADL,15:55,07:55,,,,,55m,
2026-03-10,QZ536,AWQ536,Indonesia AirAsia,Perth,PER,YPPH,16:00,08:00,19:51,51min late,19:55,10min late,3m,Landed
2026-03-10,IP109,PAS109,Pelita Air Service,Jakarta,CGK,WIII,16:00,08:00,16:00,on time,16:25,24min early,1h 25m,Landed
2026-03-10,VN640,HVN640,Vietnam Airlines,Ho Chi Minh City,SGN,VVTS,16:05,08:05,16:14,9min late,18:38,16min early,3h 24m,Landed
2026-03-10,QG669,CTV669,Citilink,Surabaya,SUB,WARR,16:10,08:10,16:31,21min late,16:18,1min early,46m,Landed
2026-03-10,TG432,THA432,Thai Airways International,Bangkok,BKK,VTBS,16:10,08:10,16:17,7min late,18:52,32min early,3h 34m,Landed
2026-03-10,MH850,MAS850,Malaysia Airlines,Kuala Lumpur,KUL,WMKK,16:25,08:25,16:35,10min late,19:26,8min early,2h 50m,Landed
2026-03-10,IW1852,WON1852,Wings Air,Lombok,LOP,WADL,16:30,08:30,16:37,7min late,17:05,14min early,27m,Landed
2026-03-10,IU703,,SW Italia,Surabaya,SUB,WARR,16:40,08:40,,,,,1h 0m,
2026-03-10,BR256,EVA256,EVA Airways,Taipei,TPE,RCTP,16:40,08:40,17:26,46min late,22:14,29min late,4h 48m,Landed
2026-03-10,QZ807,AWQ807,Indonesia AirAsia,Jakarta,CGK,WIII,16:55,08:55,19:02,7min late,19:29,29min late,1h 26m,Landed
2026-03-10,GA349,GIA349,Garuda Indonesia,Surabaya,SUB,WARR,16:55,08:55,16:54,on time,16:38,31min early,43m,Landed
2026-03-10,JT25,,Lion Air,Jakarta,CGK,WIII,17:15,09:15,20:23,8min late,20:50,40min late,1h 27m,Landed
2026-03-10,GA419,GIA419,Garuda Indonesia,Jakarta,CGK,WIII,17:25,09:25,17:44,19min late,18:16,8min early,1h 31m,Landed
2026-03-10,VJ998,VJC998,VietJet Air,Hanoi,HAN,VVNB,17:25,09:25,17:33,8min late,21:08,26min early,4h 35m,Landed
2026-03-10,HO1356,DKH1356,Juneyao Airlines,Shanghai,PVG,ZSPD,17:25,09:25,17:19,5min early,23:26,23min early,6h 6m,Landed
2026-03-10,TR211,TGW211,Scoot,Singapore,SIN,WSSS,17:35,09:35,17:35,on time,19:52,53min early,2h 16m,Landed
2026-03-10,IU759,,SW Italia,Jakarta,CGK,WIII,17:40,09:40,,,,,1h 55m,
2026-03-10,IP107,PAS107,Pelita Air Service,Jakarta,CGK,WIII,17:40,09:40,17:38,1min early,18:06,23min early,1h 27m,Landed
2026-03-10,IU126,SJV126,SW Italia,Surakarta,SOC,WAHQ,18:10,10:10,18:13,3min late,18:19,10min early,1h 5m,Landed
2026-03-10,OD193,MXD193,Malindo Air,Perth,PER,YPPH,18:10,10:10,18:09,on time,21:29,15min early,3h 20m,Landed
2026-03-10,IN281,LKN281,Nam Air,Jakarta,CGK,WIII,18:30,10:30,18:35,5min late,19:03,6min early,1h 27m,Landed
2026-03-10,IN283,,Nam Air,Jakarta,CGK,WIII,18:30,10:30,,,,,1h 40m,
2026-03-10,IP111,PAS111,Pelita Air Service,Jakarta,CGK,WIII,18:35,10:35,19:51,16min late,19:10,14min early,18m,Landed
2026-03-10,GA417,GIA417,Garuda Indonesia,Jakarta,CGK,WIII,18:40,10:40,18:52,12min late,19:23,16min early,1h 30m,Landed
2026-03-10,QZ504,AWQ504,Indonesia AirAsia,Singapore,SIN,WSSS,18:40,10:40,20:35,55min late,23:00,40min late,2h 25m,Landed
2026-03-10,EY477,,Etihad Airways,Abu Dhabi,AUH,OMAA,18:45,10:45,,,,,9h 0m,Cancelled
2026-03-10,6E1608,IGO1608,IndiGo,Chennai,MAA,VOMM,18:50,10:50,18:47,2min early,22:06,23min early,5h 48m,Landed
2026-03-10,QR963,,Qatar Airways,Doha,DOH,OTHH,18:50,10:50,,,,,9h 40m,Cancelled
2026-03-10,8B5258,TNU5258,TransNusa,Lombok,LOP,WADL,18:55,10:55,18:58,3min late,19:23,11min early,25m,Landed
2026-03-10,TG440,THA440,Thai Airways International,Bangkok,BKK,VTBS,19:00,11:00,18:55,4min early,21:48,26min early,3h 52m,Landed
2026-03-10,MH852,MAS852,Malaysia Airlines,Kuala Lumpur,KUL,WMKK,19:15,11:15,19:32,17min late,22:15,on time,2h 42m,Landed
2026-03-10,QZ809,AWQ809,Indonesia AirAsia,Jakarta,CGK,WIII,19:15,11:15,22:18,3min late,22:45,30min late,1h 26m,Landed
2026-03-10,AK379,AXM379,AirAsia,Kuala Lumpur,KUL,WMKK,19:15,11:15,19:27,12min late,22:14,5min early,2h 46m,Landed
2026-03-10,QG699,CTV699,Citilink,Surabaya,SUB,WARR,19:30,11:30,19:29,on time,19:07,32min early,38m,Landed
2026-03-10,QG689,,Citilink,Jakarta,CGK,WIII,19:30,11:30,21:16,46min late,21:46,16min late,1h 30m,Landed
2026-03-10,8B969,TNU969,TransNusa,Guangzhou,CAN,ZGGG,19:45,11:45,19:56,11min late,00:27,37min early,4h 31m,Landed
2026-03-10,EK369,UAE369,Emirates,Dubai,DXB,OMDB,19:50,11:50,19:50,on time,00:55,14min early,9h 4m,Landed
2026-03-10,TR283,TGW283,Scoot,Singapore,SIN,WSSS,20:05,12:05,20:07,2min late,22:22,18min early,2h 14m,Landed
2026-03-10,QG195,,Citilink,Jakarta,HLP,WIHH,20:10,12:10,20:10,,23:28,23min late,4h 18m,Landed
2026-03-10,SQ945,SIA945,Singapore Airlines,Singapore,SIN,WSSS,20:15,12:15,20:31,16min late,22:52,2min early,2h 20m,Landed
2026-03-10,JQ34,JST034,Jetstar Airways,Melbourne,MEL,YMML,20:20,12:20,20:40,20min late,04:49,5min early,5h 8m,Landed
2026-03-10,ID6413,BTK6413,Batik Air,Surabaya,SUB,WARR,20:30,12:30,20:38,8min late,07:09,39min late,11h 30m,Landed
2026-03-10,GA415,GIA415,Garuda Indonesia,Jakarta,CGK,WIII,20:45,12:45,20:58,13min late,21:26,18min early,1h 27m,Landed
2026-03-10,IP105,,Pelita Air Service,Jakarta,CGK,WIII,20:50,12:50,,,,,1h 50m,
2026-03-10,OD177,MXD177,Malindo Air,Melbourne,MEL,YMML,20:55,12:55,21:04,9min late,05:18,21min early,5h 14m,Landed
2026-03-10,AK375,AXM375,AirAsia,Kuala Lumpur,KUL,WMKK,21:05,13:05,21:14,9min late,00:01,8min early,2h 47m,Landed
2026-03-10,QG667,CTV667,Citilink,Jakarta,CGK,WIII,21:10,13:10,21:38,28min late,22:08,1min early,1h 29m,Landed
2026-03-10,OD171,MXD171,Malindo Air,Sydney,SYD,YSSY,21:10,13:10,21:36,26min late,06:09,5min early,5h 33m,Landed
2026-03-10,TK67,THY067,Turkish Airlines,Istanbul,IST,LTFM,21:10,13:10,22:01,51min late,05:58,18min late,12h 56m,Landed
2026-03-10,QF44,QFA044,Qantas,Sydney,SYD,YSSY,21:20,13:20,21:25,5min late,06:06,8min early,5h 40m,Landed
2026-03-10,JQ60,JST060,Jetstar Airways,Brisbane,BNE,YBBN,21:30,13:30,21:50,20min late,05:14,5min early,5h 24m,Landed
2026-03-10,ID6760,,Batik Air,Makassar,UPG,WAAA,21:30,13:30,,,,,1h 25m,Cancelled
2026-03-10,SJ273,SJY273,Sriwijaya Air,Jakarta,CGK,WIII,21:35,13:35,22:20,45min late,22:48,33min late,1h 27m,Landed
2026-03-10,SQ947,SIA947,Singapore Airlines,Singapore,SIN,WSSS,21:40,13:40,21:53,13min late,00:14,5min early,2h 20m,Landed
2026-03-10,GA425,GIA425,Garuda Indonesia,Jakarta,CGK,WIII,21:40,13:40,21:56,16min late,22:29,15min early,1h 33m,Landed
2026-03-10,KL836,KLM836,KLM Royal Dutch Airlines,Singapore,SIN,WSSS,21:40,13:40,21:33,6min early,23:51,18min early,2h 17m,Landed
2026-03-10,JQ117,JST117,Jetstar Airways,Perth,PER,YPPH,21:45,13:45,22:04,19min late,01:20,5min late,3h 16m,Landed
2026-03-10,TK311,THY311,Turkish Airlines,Istanbul,IST,LTFM,22:00,14:00,22:14,14min late,06:12,12min early,12h 58m,Landed
2026-03-10,OD157,MXD157,Malindo Air,Brisbane,BNE,YBBN,22:10,14:10,22:23,13min late,05:58,1min early,5h 34m,Landed
2026-03-10,JQ38,JST038,Jetstar Airways,Sydney,SYD,YSSY,22:20,14:20,22:42,22min late,07:18,11min early,5h 36m,Landed
2026-03-10,JT15,LNI015,Lion Air,Jakarta,CGK,WIII,22:45,14:45,22:50,5min late,23:15,24min early,1h 25m,Landed
2026-03-10,JQ128,JST128,Jetstar Airways,Adelaide,ADL,YPAD,22:50,14:50,00:14,24min late,07:13,58min late,4h 28m,Landed
2026-03-10,7C2712,JJA2712,Jeju Air,Seoul,ICN,RKSI,23:05,15:05,23:33,28min late,06:55,14min early,6h 21m,Landed
2026-03-10,8B5109,TNU5109,TransNusa,Jakarta,CGK,WIII,23:10,15:10,23:08,1min early,23:34,15min early,1h 26m,Landed
2026-03-10,3U3986,CSC3986,Sichuan Airlines,Lujia Town,TFU,ZUTF,23:10,15:10,23:17,7min late,10:31,36min late,11h 14m,Landed
2026-03-10,JQ42,JST042,Jetstar Airways,Melbourne,MEL,YMML,23:40,15:40,23:39,on time,07:58,31min early,5h 19m,Landed
2026-03-10,KE432,KAL432,Korean Air Lines,Seoul,ICN,RKSI,23:50,15:50,00:08,18min late,07:20,24min early,6h 11m,Landed
2026-03-11,BX602,ABL602,Air Busan,Busan,PUS,RKPK,00:05,16:05,00:36,31min late,07:48,41min early,6h 11m,Landed
2026-03-11,QZ548,AWQ548,Indonesia AirAsia,Perth,PER,YPPH,00:15,16:15,16:12,2min early,04:18,23min late,12h 5m,Landed
2026-03-11,8B84,TNU084,TransNusa,Perth,PER,YPPH,00:20,16:20,00:15,4min early,03:36,28min early,3h 21m,Landed
2026-03-11,QR961,QTR961,Qatar Airways,Doha,DOH,OTHH,00:30,16:30,02:58,28min late,07:54,44min late,9h 56m,Landed
2026-03-11,MF892,CXA892,Xiamen Airlines,Xiamen,XMN,ZSAM,00:30,16:30,00:39,9min late,05:52,12min early,5h 13m,Landed
2026-03-11,CZ626,CSN626,China Southern Airlines,Guangzhou,CAN,ZGGG,00:40,16:40,00:42,2min late,05:23,26min early,4h 41m,Landed
2026-03-11,GA880,GIA880,Garuda Indonesia,Tokyo,NRT,RJAA,00:50,16:50,01:59,9min late,09:09,19min late,6h 9m,Landed
2026-03-11,MU5030,CES5030,China Eastern Airlines,Shanghai,PVG,ZSPD,00:55,16:55,01:04,9min late,06:52,17min early,5h 48m,Landed
2026-03-11,SJ726,,Sriwijaya Air,Makassar,UPG,WAAA,01:00,17:00,,,,,1h 20m,
2026-03-11,QZ548,AWQ548,Indonesia AirAsia,Perth,PER,YPPH,01:00,17:00,00:54,5min early,04:15,24min early,3h 20m,Landed
2026-03-11,KE434,KAL434,Korean Air Lines,Seoul,ICN,RKSI,01:05,17:05,01:39,34min late,08:37,22min early,5h 57m,Landed
2026-03-11,PR538,PAL538,Philippine Airlines,Manila,MNL,RPLL,01:10,17:10,01:29,19min late,04:53,16min early,3h 23m,Landed
2026-03-11,8B5888,,Business Air,Manado,MDC,WAMM,01:30,17:30,,,,,2h 45m,
2026-03-11,QZ534,AWQ534,Indonesia AirAsia,Perth,PER,YPPH,07:00,23:00,07:01,1min late,10:34,15min early,3h 32m,Landed
2026-03-11,JT746,LNI746,Lion Air,Makassar,UPG,WAAA,07:00,23:00,07:03,3min late,08:05,19min early,1h 1m,Landed
2026-03-11,GA401,GIA401,Garuda Indonesia,Jakarta,CGK,WIII,07:00,23:00,07:13,13min late,07:50,9min early,1h 37m,Landed
2026-03-11,IU705,SJV705,SW Italia,Surabaya,SUB,WARR,07:00,23:00,07:18,18min late,06:56,4min early,38m,Landed
2026-03-11,QG690,CTV690,Citilink,Surabaya,SUB,WARR,07:05,23:05,07:16,11min late,14:02,52min late,7h 46m,Landed
2026-03-11,JQ82,JST082,Jetstar Airways,Darwin,DRW,YPDN,07:05,23:05,07:07,2min late,10:59,15min early,2h 21m,Landed
2026-03-11,QZ550,AWQ550,Indonesia AirAsia,Kuala Lumpur,KUL,WMKK,07:15,23:15,07:09,5min early,09:45,24min early,2h 36m,Landed
2026-03-11,SQ949,SIA949,Singapore Airlines,Singapore,SIN,WSSS,07:20,23:20,07:25,5min late,09:41,19min early,2h 15m,Landed
2026-03-11,8B5250,TNU5250,TransNusa,Lombok,LOP,WADL,07:30,23:30,07:27,2min early,07:53,1min early,26m,Landed
2026-03-11,8B551,TNU551,Business Air,Singapore,SIN,WSSS,07:30,23:30,08:44,14min late,11:01,6min late,2h 17m,Landed
2026-03-11,QZ644,AWQ644,Indonesia AirAsia,Labuan Bajo,LBJ,WATO,07:40,23:40,07:48,8min late,10:24,29min late,2h 36m,Landed
2026-03-11,ID6333,BTK6333,Batik Air,Labuan Bajo,LBJ,WATO,07:55,23:55,08:06,11min late,09:00,9min early,54m,Landed
2026-03-11,JT21,LNI021,Lion Air,Jakarta,CGK,WIII,08:05,00:05,09:11,6min late,09:35,35min late,1h 24m,Landed
2026-03-11,IW1858,WON1858,Wings Air,Lombok,LOP,WADL,08:05,00:05,08:16,11min late,08:53,1min early,37m,Landed
2026-03-11,HX706,CRK706,Hong Kong Airlines,Hong Kong,HKG,VHHH,08:15,00:15,08:36,21min late,13:01,13min early,4h 24m,Landed
2026-03-11,CZ8482,CSN8482,China Southern Airlines,Guangzhou,CAN,ZGGG,08:35,00:35,13:00,25min late,13:15,39min early,15m,Landed
2026-03-11,5J280,CEB280,CEBU Pacific Air,Manila,MNL,RPLL,08:35,00:35,08:40,5min late,12:14,35min early,3h 33m,Landed
2026-03-11,IW1854,,Wings Air,Lombok,LOP,WADL,08:45,00:45,10:23,38min late,10:50,15min late,27m,Landed
2026-03-11,QG500,CTV500,Citilink,Dili,DIL,WPDL,08:50,00:50,08:40,9min early,12:14,19min late,2h 33m,Landed
2026-03-11,IW1882,WOM1882,Wings Air,Sumbawa Besar,SWQ,WADS,08:55,00:55,09:00,5min late,09:43,16min early,42m,Landed
2026-03-11,SJ740,,Sriwijaya Air,Waingapu,WGP,WADW,09:10,01:10,09:10,,10:30,,1h 20m,Landed
2026-03-11,IN640,LKN640,NAM Air,Tambolaka,TMC,WADT,09:10,01:10,09:17,7min late,10:02,7min early,44m,Landed
2026-03-11,8B5105,TNU5105,TransNusa,Jakarta,CGK,WIII,09:15,01:15,14:07,52min late,14:31,31min late,1h 24m,Landed
2026-03-11,IW1848,WON1848,Wings Air,Lombok,LOP,WADL,09:25,01:25,09:53,28min late,10:24,9min late,31m,Landed
2026-03-11,ID6007,BTK6007,Batik Air,Perth,PER,YPPH,09:30,01:30,10:23,53min late,13:48,33min late,3h 24m,Landed
2026-03-11,8B5634,TNU5634,TransNusa,Bima,BMU,WADB,09:35,01:35,10:04,29min late,10:52,17min late,48m,Landed
2026-03-11,QG663,CTV663,Citilink,Jakarta,CGK,WIII,09:35,01:35,10:17,42min late,10:45,10min late,1h 27m,Landed
2026-03-11,QZ803,,Indonesia AirAsia,Jakarta,CGK,WIII,09:40,01:40,11:00,20min late,10:30,,1h 50m,Landed
2026-03-11,8B80,TNU080,TransNusa,Perth,PER,YPPH,09:40,01:40,09:30,9min early,12:57,27min early,3h 27m,Landed
2026-03-11,ID6324,BTK6324,Batik Air,Tambolaka,TMC,WADT,09:40,01:40,09:58,18min late,10:49,5min early,50m,Landed
2026-03-11,IU122,SJV122,SW Italia,Yogyakarta,YIA,WAHI,10:00,02:00,10:19,19min late,10:28,1min early,1h 9m,Landed
2026-03-11,SU297,AFL297,Aeroflot,Moscow,SVO,UUEE,10:05,02:05,10:34,29min late,18:38,43min late,13h 3m,Landed
2026-03-11,JQ126,JST126,Jetstar Airways,Adelaide,ADL,YPAD,10:15,02:15,10:39,24min late,17:39,5min early,4h 30m,Landed
2026-03-11,8B5101,TNU5101,TransNusa,Jakarta,CGK,WIII,10:30,02:30,10:48,18min late,11:15,on time,1h 26m,Landed
2026-03-11,SQ935,SIA935,Singapore Airlines,Singapore,SIN,WSSS,10:30,02:30,10:41,11min late,12:55,14min early,2h 14m,Landed
2026-03-11,JT33,,Lion Air,Jakarta,CGK,WIII,10:35,02:35,13:36,1min late,14:03,33min late,1h 27m,Landed
2026-03-11,JT924,LNI924,Lion Air,Kupang,KOE,WATT,10:35,02:35,11:13,38min late,12:39,14min late,1h 26m,Landed
2026-03-11,JT805,,Lion Air,Surabaya,SUB,WARR,10:35,02:35,10:56,21min late,10:32,2min early,36m,Landed
2026-03-11,8G182,DTL182,Mid Africa Aviation,Dili,DIL,WPDL,10:35,02:35,10:44,9min late,13:30,on time,1h 45m,Landed
2026-03-11,QZ646,AWQ646,Indonesia AirAsia,Labuan Bajo,LBJ,WATO,11:00,03:00,11:08,8min late,13:56,36min late,2h 47m,Landed
2026-03-11,IW1856,WON1856,Wings Air,Lombok,LOP,WADL,11:10,03:10,11:28,18min late,11:58,1min early,29m,Landed
2026-03-11,QG197,CTV197,Citilink,Jakarta,HLP,WIHH,11:10,03:10,11:52,42min late,12:19,19min late,1h 26m,Landed
2026-03-11,TR281,TGW281,Scoot,Singapore,SIN,WSSS,11:10,03:10,11:27,17min late,13:36,13min early,2h 8m,Landed
2026-03-11,JQ40,JST040,Jetstar Airways,Sydney,SYD,YSSY,11:15,03:15,11:39,24min late,20:05,9min early,5h 25m,Landed
2026-03-11,QZ780,AWQ780,Indonesia AirAsia,Balikpapan,BPN,WALL,11:30,03:30,11:41,11min late,13:06,8min early,1h 25m,Landed
2026-03-11,6E1606,IGO1606,IndiGo,Bangalore,BLR,VOBL,11:30,03:30,11:50,20min late,15:38,3min late,6h 17m,Landed
2026-03-11,JQ32,JST032,Jetstar Airways,Melbourne,MEL,YMML,11:30,03:30,12:17,47min late,20:36,26min late,5h 19m,Landed
2026-03-11,OD172,MXD172,Malindo Air,Kuala Lumpur,KUL,WMKK,11:35,03:35,12:05,30min late,14:42,2min early,2h 37m,Landed
2026-03-11,IW1902,WON1902,Wings Air,Jember,JBB,WARE,11:40,03:40,11:57,17min late,13:46,46min late,2h 48m,Landed
2026-03-11,IW1964,WON1964,Wings Air,Lombok,LOP,WADL,11:40,03:40,11:56,16min late,12:25,4min early,29m,Landed
2026-03-11,ID6331,BTK6331,Batik Air,Labuan Bajo,LBJ,WATO,11:45,03:45,11:54,9min late,14:55,55min late,3h 1m,Landed
2026-03-11,JQ109,JST109,Jetstar Airways,Perth,PER,YPPH,11:45,03:45,12:04,19min late,15:34,on time,3h 29m,Landed
2026-03-11,JT31,,Lion Air,Jakarta,CGK,WIII,11:55,03:55,14:41,46min late,15:10,20min late,1h 29m,Landed
2026-03-11,FD397,AIQ397,Thai AirAsia,Bangkok,DMK,VTBD,12:00,04:00,12:30,30min late,15:37,17min late,4h 6m,Landed
2026-03-11,SQ937,SIA937,Singapore Airlines,Singapore,SIN,WSSS,12:05,04:05,12:06,1min late,14:25,29min early,2h 18m,Landed
2026-03-11,GA253,GIA253,Garuda Indonesia,Yogyakarta,YIA,WAHI,12:05,04:05,12:36,31min late,12:47,7min early,1h 10m,Landed
2026-03-11,SJ742,,Sriwijaya Air,Tambolaka,TMC,WADT,12:10,04:10,12:10,on time,13:10,,1h 0m,Landed
2026-03-11,OD192,MXD192,Malindo Air,Kuala Lumpur,KUL,WMKK,12:10,04:10,12:32,22min late,15:11,8min early,2h 39m,Landed
2026-03-11,OD178,MXD178,Malindo Air,Kuala Lumpur,KUL,WMKK,12:15,04:15,12:21,6min late,15:01,23min early,2h 40m,Landed
2026-03-11,QG697,CTV697,Citilink,Surabaya,SUB,WARR,12:20,04:20,12:40,20min late,12:30,on time,50m,Landed
2026-03-11,8B5254,TNU5254,TransNusa,Lombok,LOP,WADL,12:40,04:40,12:53,13min late,13:21,1min late,27m,Landed
2026-03-11,IP103,PAS103,Pelita Air Service,Jakarta,CGK,WIII,12:45,04:45,12:50,5min late,13:26,8min early,1h 35m,Landed
2026-03-11,OD158,MXD158,Malindo Air,Kuala Lumpur,KUL,WMKK,12:45,04:45,12:47,2min late,15:26,28min early,2h 38m,Landed
2026-03-11,SQ939,SIA939,Singapore Airlines,Singapore,SIN,WSSS,13:00,05:00,13:11,11min late,15:24,25min early,2h 13m,Landed
2026-03-11,AK365,AXM365,AirAsia,Kuala Lumpur,KUL,WMKK,13:05,05:05,13:16,11min late,15:55,14min early,2h 39m,Landed
2026-03-11,MH714,MAS714,Malaysia Airlines,Kuala Lumpur,KUL,WMKK,13:10,05:10,13:39,29min late,16:17,12min late,2h 37m,Landed
2026-03-11,JT35,LNI035,Lion Air,Jakarta,CGK,WIII,13:15,05:15,13:20,5min late,13:51,18min early,1h 31m,Landed
2026-03-11,GA409,GIA409,Garuda Indonesia,Jakarta,CGK,WIII,13:25,05:25,13:46,21min late,14:13,11min early,1h 27m,Landed
2026-03-11,JQ58,JST058,Jetstar Airways,Brisbane,BNE,YBBN,13:30,05:30,13:51,21min late,21:23,1min early,5h 31m,Landed
2026-03-11,JT660,LNI660,Lion Air,Balikpapan,BPN,WALL,13:30,05:30,13:49,19min late,15:16,1min late,1h 26m,Landed
2026-03-11,QZ811,AWQ811,Indonesia AirAsia,Jakarta,CGK,WIII,13:40,05:40,15:50,10min late,16:14,44min late,1h 24m,Landed
2026-03-11,ID6509,BTK6509,Batik Air,Jakarta,CGK,WIII,13:45,05:45,13:54,9min late,14:20,19min early,1h 26m,Landed
2026-03-11,8B5107,TNU5107,TransNusa,Jakarta,CGK,WIII,13:50,05:50,14:07,17min late,14:31,3min early,1h 24m,Landed
2026-03-11,JT919,LNI919,Lion Air,Surabaya,SUB,WARR,13:55,05:55,14:11,16min late,14:03,8min late,51m,Landed
2026-03-11,6E1612,IGO1612,IndiGo,Bhubaneswar,BBI,VEBS,14:00,06:00,13:58,1min early,17:23,16min early,5h 55m,Landed
2026-03-11,QG342,CTV342,Citilink,Makassar,UPG,WAAA,14:00,06:00,13:57,2min early,15:24,5min early,1h 27m,Landed
2026-03-11,QG687,CTV687,Citilink,Jakarta,CGK,WIII,14:00,06:00,14:02,2min late,14:27,32min early,1h 25m,Landed
2026-03-11,8B82,,TransNusa,Perth,PER,YPPH,14:00,06:00,,,,,3h 40m,
2026-03-11,QZ544,AWQ544,Indonesia AirAsia,Perth,PER,YPPH,14:00,06:00,15:44,44min late,19:17,27min late,3h 33m,Landed
2026-03-11,VJ894,VJC894,VietJet Air,Ho Chi Minh City,SGN,VVTS,14:05,06:05,14:16,11min late,16:41,23min early,3h 24m,Landed
2026-03-11,IU130,SJV130,SW Italia,Semarang,SRG,WIIS,14:15,06:15,14:29,14min late,14:31,3min early,1h 2m,Landed
2026-03-11,ID6517,BTK6517,Batik Air,Jakarta,CGK,WIII,14:15,06:15,14:43,28min late,15:08,1min early,1h 25m,Landed
2026-03-11,ID7308,BTK7308,Batik Air,Jakarta,HLP,WIHH,14:20,06:20,14:39,19min late,15:04,5min early,1h 25m,Landed
2026-03-11,QZ506,AWQ506,Indonesia AirAsia,Singapore,SIN,WSSS,14:25,06:25,14:24,on time,17:02,18min early,2h 37m,Landed
2026-03-11,QZ556,AWQ556,Indonesia AirAsia,Kuala Lumpur,KUL,WMKK,14:30,06:30,15:10,40min late,18:01,31min late,2h 51m,Landed
2026-03-11,TR289,TGW289,Scoot,Singapore,SIN,WSSS,14:35,06:35,15:02,27min late,17:42,12min late,2h 39m,Landed
2026-03-11,JQ43,JST043,Jetstar Airways,Singapore,SIN,WSSS,14:50,06:50,14:54,4min late,17:37,17min early,2h 43m,Landed
2026-03-11,OD307,MXD307,Malindo Air,Kuala Lumpur,KUL,WMKK,14:50,06:50,14:58,8min late,17:35,19min early,2h 36m,Landed
2026-03-11,JQ44,JST044,Jetstar Airways,Melbourne,MEL,YMML,14:55,06:55,15:42,47min late,23:45,10min late,5h 3m,Landed
2026-03-11,JT844,LNI844,Lion Air,Banjarmasin,BDJ,WAOO,15:00,07:00,15:06,6min late,16:06,23min early,1h 0m,Landed
2026-03-11,VA48,VOZ048,Virgin Australia,Brisbane,BNE,YBBN,15:00,07:00,15:22,22min late,22:56,1min late,5h 34m,Landed
2026-03-11,QG681,CTV681,Citilink,Jakarta,CGK,WIII,15:00,07:00,15:23,23min late,15:48,11min early,1h 24m,Landed
2026-03-11,AI2148,AIC2148,Air India,Delhi,DEL,VIDP,15:10,07:10,15:15,5min late,20:18,13min late,7h 33m,Landed
2026-03-11,GA842,GIA842,Garuda Indonesia,Singapore,SIN,WSSS,15:15,07:15,15:28,13min late,18:05,5min late,2h 37m,Landed
2026-03-11,AK377,AXM377,AirAsia,Kuala Lumpur,KUL,WMKK,15:25,07:25,15:26,1min late,18:04,20min early,2h 37m,Landed
2026-03-11,JT740,LNI740,Lion Air,Makassar,UPG,WAAA,15:30,07:30,16:02,32min late,17:03,8min late,1h 0m,Landed
2026-03-11,GA411,GIA411,Garuda Indonesia,Jakarta,CGK,WIII,15:35,07:35,16:06,31min late,16:31,8min early,1h 25m,Landed
2026-03-11,VJ898,VJC898,VietJet Air,Ho Chi Minh City,SGN,VVTS,15:35,07:35,15:40,5min late,18:03,21min early,3h 23m,Landed
2026-03-11,SJ717,,Sriwijaya Air,Makassar,UPG,WAAA,15:40,07:40,15:40,on time,17:00,,1h 20m,Landed
2026-03-11,IW1850,WON1850,Wings Air,Lombok,LOP,WADL,15:40,07:40,15:55,15min late,16:25,4min early,30m,Landed
2026-03-11,CI772,CAL772,China Airlines,Taipei,TPE,RCTP,15:45,07:45,16:04,19min late,20:51,13min early,4h 46m,Landed
2026-03-11,VA92,VOZ092,Virgin Australia,Melbourne,MEL,YMML,15:50,07:50,15:57,7min late,00:00,29min early,5h 2m,Landed
2026-03-11,8B5256,TNU5256,TransNusa,Lombok,LOP,WADL,15:55,07:55,16:17,22min late,16:44,5min early,27m,Landed
2026-03-11,QZ246,AWQ246,Indonesia AirAsia,Phuket,HKT,VTSP,15:55,07:55,22:08,13min late,05:45,5min late,8h 36m,Landed
2026-03-11,QZ536,AWQ536,Indonesia AirAsia,Perth,PER,YPPH,16:00,08:00,16:32,32min late,20:07,22min late,3h 35m,Landed
2026-03-11,IP109,,Pelita Air Service,Jakarta,CGK,WIII,16:00,08:00,,,,,1h 50m,
2026-03-11,VN640,HVN640,Vietnam Airlines,Ho Chi Minh City,SGN,VVTS,16:05,08:05,14:36,28min early,18:32,22min early,4h 56m,Landed
2026-03-11,TG432,THA432,Thai Airways International,Bangkok,BKK,VTBS,16:10,08:10,16:13,3min late,18:54,30min early,3h 41m,Landed
2026-03-11,QG669,CTV669,Citilink,Surabaya,SUB,WARR,16:10,08:10,16:11,1min late,16:04,15min early,53m,Landed
2026-03-11,CX784,CPA784,Cathay Pacific,Hong Kong,HKG,VHHH,16:20,08:20,16:42,22min late,21:03,21min early,4h 20m,Landed
2026-03-11,MH850,MAS850,Malaysia Airlines,Kuala Lumpur,KUL,WMKK,16:25,08:25,16:34,9min late,19:09,25min early,2h 35m,Landed
2026-03-11,IW1852,WON1852,Wings Air,Lombok,LOP,WADL,16:30,08:30,16:40,10min late,17:07,12min early,27m,Landed
2026-03-11,IU703,,SW Italia,Surabaya,SUB,WARR,16:40,08:40,,,,,1h 0m,
2026-03-11,BR256,EVA256,EVA Airways,Taipei,TPE,RCTP,16:40,08:40,16:49,9min late,21:51,6min late,5h 2m,Landed
2026-03-11,JT744,,Lion Air,Makassar,UPG,WAAA,16:40,08:40,17:33,53min late,18:33,28min late,1h 0m,Landed
2026-03-11,GA349,GIA349,Garuda Indonesia,Surabaya,SUB,WARR,16:55,08:55,16:57,2min late,16:38,31min early,41m,Landed
2026-03-11,QZ807,AWQ807,Indonesia AirAsia,Jakarta,CGK,WIII,16:55,08:55,18:55,0min late,19:23,23min late,1h 28m,Landed
2026-03-11,IU273,SJV273,SW Italia,Pontianak,PNK,WIOO,17:00,09:00,16:59,on time,17:47,17min early,1h 47m,Landed
2026-03-11,ID6335,BTK6335,Batik Air,Labuan Bajo,LBJ,WATO,17:00,09:00,17:11,11min late,18:03,11min early,52m,Landed
2026-03-11,JT25,,Lion Air,Jakarta,CGK,WIII,17:15,09:15,20:28,13min late,20:55,45min late,1h 27m,Landed
2026-03-11,GA419,GIA419,Garuda Indonesia,Jakarta,CGK,WIII,17:25,09:25,17:38,13min late,18:04,20min early,1h 26m,Landed
2026-03-11,VJ998,VJC998,VietJet Air,Hanoi,HAN,VVNB,17:25,09:25,17:41,16min late,23:50,15min late,7h 8m,Landed
2026-03-11,HO1356,DKH1356,Juneyao Airlines,Shanghai,PVG,ZSPD,17:25,09:25,17:21,3min early,23:18,31min early,5h 56m,Landed
2026-03-11,TR211,TGW211,Scoot,Singapore,SIN,WSSS,17:35,09:35,17:46,11min late,19:58,47min early,2h 11m,Landed
2026-03-11,IU759,,SW Italia,Jakarta,CGK,WIII,17:40,09:40,,,,,1h 55m,
2026-03-11,IP107,,Pelita Air Service,Jakarta,CGK,WIII,17:40,09:40,,,,,1h 50m,
2026-03-11,AK368,AXM368,AirAsia,Kuala Lumpur,KUL,WMKK,17:45,09:45,18:05,20min late,20:43,6min early,2h 38m,Landed
2026-03-11,OD193,MXD193,Malindo Air,Perth,PER,YPPH,18:10,10:10,17:24,45min early,21:55,10min late,4h 31m,Landed
2026-03-11,IU126,SJV126,SW Italia,Surakarta,SOC,WAHQ,18:10,10:10,18:27,17min late,18:29,on time,1h 2m,Landed
2026-03-11,IN281,LKN281,NAM Air,Jakarta,CGK,WIII,18:30,10:30,18:44,14min late,19:15,5min late,1h 31m,Landed
2026-03-11,IP111,PAS111,Pelita Air Service,Jakarta,CGK,WIII,18:35,10:35,18:38,3min late,19:07,17min early,1h 29m,Landed
2026-03-11,JT3027,,Lion Air,Jakarta,CGK,WIII,18:40,10:40,18:40,,19:07,27min early,1h 27m,Landed
2026-03-11,SL259,TLM259,Thai Lion Air,Bangkok,DMK,VTBD,18:40,10:40,13:21,18min early,22:06,6min late,9h 44m,Landed
2026-03-11,GA417,GIA417,Garuda Indonesia,Jakarta,CGK,WIII,18:40,10:40,18:49,9min late,19:24,15min early,1h 35m,Landed
2026-03-11,QZ504,AWQ504,Indonesia AirAsia,Singapore,SIN,WSSS,18:40,10:40,19:44,4min late,22:07,47min late,2h 22m,Landed
2026-03-11,EY477,,Etihad Airways,Abu Dhabi,AUH,OMAA,18:45,10:45,18:56,11min late,00:19,34min late,9h 23m,Landed
2026-03-11,6E1608,IGO1608,IndiGo,Chennai,MAA,VOMM,18:50,10:50,18:48,1min early,22:15,14min early,5h 57m,Landed
2026-03-11,NZ291,ANZ291,Air New Zealand,Auckland,AKL,NZAA,18:50,10:50,18:59,9min late,07:12,42min early,7h 12m,Landed
2026-03-11,QR963,,Qatar Airways,Doha,DOH,OTHH,18:50,10:50,,,,,9h 40m,Cancelled
2026-03-11,8B5258,TNU5258,TransNusa,Lombok,LOP,WADL,18:55,10:55,19:04,9min late,19:32,2min early,28m,Landed
2026-03-11,TG440,THA440,Thai Airways International,Bangkok,BKK,VTBS,19:00,11:00,19:12,12min late,22:13,1min early,4h 0m,Landed
2026-03-11,AK379,AXM379,AirAsia,Kuala Lumpur,KUL,WMKK,19:15,11:15,19:34,19min late,22:11,8min early,2h 36m,Landed
2026-03-11,MH852,MAS852,Malaysia Airlines,Kuala Lumpur,KUL,WMKK,19:15,11:15,19:28,13min late,22:02,12min early,2h 34m,Landed
2026-03-11,QG699,CTV699,Citilink,Surabaya,SUB,WARR,19:30,11:30,19:39,9min late,19:41,1min late,1h 2m,Landed
2026-03-11,8B969,,TransNusa,Guangzhou,CAN,ZGGG,19:45,11:45,,,,,5h 20m,
2026-03-11,EK369,UAE369,Emirates,Dubai,DXB,OMDB,19:50,11:50,19:58,8min late,01:08,1min early,9h 9m,Landed
2026-03-11,TR283,TGW283,Scoot,Singapore,SIN,WSSS,20:05,12:05,19:59,5min early,22:17,23min early,2h 17m,Landed
2026-03-11,QG195,CTV195,Citilink,Jakarta,HLP,WIHH,20:10,12:10,20:20,10min late,20:47,17min early,1h 27m,Landed
2026-03-11,SQ945,SIA945,Singapore Airlines,Singapore,SIN,WSSS,20:15,12:15,20:30,15min late,22:50,5min early,2h 19m,Landed
2026-03-11,GA718,GIA718,Garuda Indonesia,Melbourne,MEL,YMML,20:20,12:20,20:37,17min late,04:55,4min early,5h 17m,Landed
2026-03-11,JQ34,JST034,Jetstar Airways,Melbourne,MEL,YMML,20:20,12:20,20:48,28min late,04:46,8min early,4h 57m,Landed
2026-03-11,ID6413,BTK6413,Batik Air,Surabaya,SUB,WARR,20:30,12:30,20:35,5min late,07:22,52min late,11h 47m,Landed
2026-03-11,GA415,GIA415,Garuda Indonesia,Jakarta,CGK,WIII,20:45,12:45,20:52,7min late,21:23,21min early,1h 31m,Landed
2026-03-11,JQ107,JST107,Jetstar Airways,Perth,PER,YPPH,20:45,12:45,21:01,16min late,00:14,5min early,3h 12m,Landed
2026-03-11,IP105,,Pelita Air Service,Jakarta,CGK,WIII,20:50,12:50,,,,,1h 50m,
2026-03-11,OD177,MXD177,Malindo Air,Melbourne,MEL,YMML,20:55,12:55,21:07,12min late,05:12,27min early,5h 5m,Landed
2026-03-11,AK375,AXM375,AirAsia,Kuala Lumpur,KUL,WMKK,21:05,13:05,21:21,16min late,00:10,on time,2h 49m,Landed
2026-03-11,OD171,MXD171,Malindo Air,Sydney,SYD,YSSY,21:10,13:10,21:39,29min late,06:13,2min early,5h 33m,Landed
2026-03-11,QG667,CTV667,Citilink,Jakarta,CGK,WIII,21:10,13:10,21:26,16min late,22:00,9min early,1h 34m,Landed
2026-03-11,TK67,THY067,Turkish Airlines,Istanbul,IST,LTFM,21:10,13:10,21:33,23min late,05:36,3min early,13h 2m,Landed
2026-03-11,JT11,,Lion Air,Jakarta,CGK,WIII,21:15,13:15,22:26,11min late,22:50,40min late,1h 24m,Landed
2026-03-11,QF44,QFA044,Qantas,Sydney,SYD,YSSY,21:20,13:20,21:28,8min late,06:01,13min early,5h 32m,Landed
2026-03-11,QZ819,AWQ819,Indonesia AirAsia,Jakarta,CGK,WIII,21:35,13:35,22:13,38min late,22:39,14min late,1h 25m,Landed
2026-03-11,SJ273,,Sriwijaya Air,Jakarta,CGK,WIII,21:35,13:35,21:35,on time,22:15,,1h 40m,Landed
2026-03-11,GA425,GIA425,Garuda Indonesia,Jakarta,CGK,WIII,21:40,13:40,21:54,14min late,22:20,24min early,1h 26m,Landed
2026-03-11,KL836,KLM836,KLM Royal Dutch Airlines,Singapore,SIN,WSSS,21:40,13:40,21:45,5min late,23:59,10min early,2h 14m,Landed
2026-03-11,SQ947,SIA947,Singapore Airlines,Singapore,SIN,WSSS,21:40,13:40,21:51,11min late,00:05,15min early,2h 13m,Landed
2026-03-11,JQ117,JST117,Jetstar Airways,Perth,PER,YPPH,21:45,13:45,22:00,15min late,01:18,3min late,3h 18m,Landed
2026-03-11,TK311,THY311,Turkish Airlines,Istanbul,IST,LTFM,22:00,14:00,22:11,11min late,06:19,5min early,13h 7m,Landed
2026-03-11,VA94,VOZ094,Virgin Australia,Melbourne,MEL,YMML,22:00,14:00,22:19,19min late,06:18,21min early,4h 58m,Landed
2026-03-11,SV857,SVA857,Saudi Arabian Airlines,Singapore,SIN,WSSS,22:05,14:05,22:24,19min late,00:35,9min early,2h 10m,Landed
2026-03-11,QF46,QFA046,Qantas,Melbourne,MEL,YMML,22:05,14:05,22:27,22min late,06:25,24min early,4h 58m,Landed
2026-03-11,JQ89,JST089,Jetstar Airways,Newcastle,NTL,YWLM,22:20,14:20,22:39,19min late,07:17,2min late,5h 37m,Landed
2026-03-11,JQ38,JST038,Jetstar Airways,Sydney,SYD,YSSY,22:20,14:20,22:34,14min late,06:56,28min early,5h 21m,Landed
2026-03-11,VA66,VOZ066,Virgin Australia,Sydney,SYD,YSSY,22:30,14:30,22:53,23min late,07:25,14min early,5h 32m,Landed
2026-03-11,JT15,LNI015,Lion Air,Jakarta,CGK,WIII,22:45,14:45,22:38,6min early,23:03,36min early,1h 25m,Landed
2026-03-11,JQ128,JST128,Jetstar Airways,Adelaide,ADL,YPAD,22:50,14:50,23:46,56min late,06:39,24min late,4h 23m,Landed
2026-03-11,7C2712,JJA2712,Jeju Air,Seoul,ICN,RKSI,23:05,15:05,23:37,32min late,07:03,6min early,6h 26m,Landed
2026-03-11,3U3986,CSC3986,Sichuan Airlines,Lujia Town,TFU,ZUTF,23:10,15:10,23:19,9min late,14:13,18min late,14h 54m,Landed
2026-03-11,JQ91,JST091,Jetstar Airways,Cairns,CNS,YBCS,23:10,15:10,23:13,3min late,05:42,2min early,4h 28m,Landed
2026-03-11,8B5109,TNU5109,TransNusa,Jakarta,CGK,WIII,23:10,15:10,23:51,41min late,00:16,26min late,1h 24m,Landed
2026-03-11,VA82,VOZ082,Virgin Australia,Gold Coast,OOL,YBCG,23:20,15:20,23:22,2min late,06:54,15min early,5h 32m,Landed
2026-03-11,GA714,GIA714,Garuda Indonesia,Sydney,SYD,YSSY,23:35,15:35,23:49,14min late,08:16,18min early,5h 26m,Landed
2026-03-11,JQ42,JST042,Jetstar Airways,Melbourne,MEL,YMML,23:40,15:40,23:44,4min late,07:55,34min early,5h 10m,Landed
2026-03-11,QZ420,AWQ420,Indonesia AirAsia,Adelaide,ADL,YPAD,23:45,15:45,23:56,11min late,06:58,26min early,4h 32m,Landed
2026-03-11,KE432,KAL432,Korean Air Lines,Seoul,ICN,RKSI,23:50,15:50,00:07,17min late,07:15,29min early,6h 8m,Landed
2026-03-11,JQ94,JST094,Jetstar Airways,Gold Coast,OOL,YBCG,23:55,15:55,00:01,6min late,07:33,8min late,5h 32m,Landed
2026-03-12,BX602,ABL602,Air Busan,Busan,PUS,RKPK,00:05,16:05,00:36,31min late,07:48,41min early,6h 11m,Landed
2026-03-12,TW158,TWB158,T'Way Air,Cheongju,CJJ,RKTU,00:15,16:15,00:58,43min late,08:45,35min late,6h 46m,Landed
2026-03-12,8B84,TNU084,TransNusa,Perth,PER,YPPH,00:20,16:20,00:15,4min early,03:36,28min early,3h 21m,Landed
2026-03-12,MF892,CXA892,Xiamen Airlines,Xiamen,XMN,ZSAM,00:30,16:30,00:33,3min late,05:46,18min early,5h 12m,Landed
2026-03-12,QR961,,Qatar Airways,Doha,DOH,OTHH,00:30,16:30,,,,,9h 40m,Cancelled
2026-03-12,CZ626,CSN626,China Southern Airlines,Guangzhou,CAN,ZGGG,00:40,16:40,00:26,13min early,05:23,26min early,4h 56m,Landed
2026-03-12,GA880,GIA880,Garuda Indonesia,Tokyo,NRT,RJAA,00:50,16:50,00:53,3min late,08:05,44min early,6h 12m,Landed
2026-03-12,MU5030,CES5030,China Eastern Airlines,Shanghai,PVG,ZSPD,00:55,16:55,00:55,on time,06:57,12min early,6h 2m,Landed
2026-03-12,SJ726,,Sriwijaya Air,Makassar,UPG,WAAA,01:00,17:00,,,,,1h 20m,
2026-03-12,QZ548,AWQ548,Indonesia AirAsia,Perth,PER,YPPH,01:00,17:00,01:00,on time,04:23,16min early,3h 23m,Landed
2026-03-12,KE434,KAL434,Korean Air Lines,Seoul,ICN,RKSI,01:05,17:05,01:31,26min late,08:47,12min early,6h 16m,Landed
2026-03-12,PR538,PAL538,Philippine Airlines,Manila,MNL,RPLL,01:10,17:10,01:28,18min late,04:57,12min early,3h 28m,Landed
2026-03-12,8B5888,TNU5888,TransNusa,Manado,MDC,WAMM,01:30,17:30,,,,,2h 45m,
2026-03-12,JT746,LNI746,Lion Air,Makassar,UPG,WAAA,07:00,23:00,07:23,23min late,13:20,55min late,5h 57m,Landed
2026-03-12,QZ534,AWQ534,Indonesia AirAsia,Perth,PER,YPPH,07:00,23:00,07:05,5min late,10:49,on time,3h 44m,Landed
2026-03-12,IU705,SJV705,SW Italia,Surabaya,SUB,WARR,07:00,23:00,07:28,28min late,07:14,13min late,45m,Landed
2026-03-12,GA401,GIA401,Garuda Indonesia,Jakarta,CGK,WIII,07:00,23:00,07:12,12min late,07:37,22min early,1h 25m,Landed
2026-03-12,QG690,CTV690,Citilink,Surabaya,SUB,WARR,07:05,23:05,07:19,14min late,07:25,15min late,1h 5m,Landed
2026-03-12,JQ82,JST082,Jetstar Airways,Darwin,DRW,YPDN,07:05,23:05,07:10,5min late,11:12,2min early,2h 31m,Landed
2026-03-12,QZ550,AWQ550,Indonesia AirAsia,Kuala Lumpur,KUL,WMKK,07:15,23:15,07:15,on time,09:50,19min early,2h 35m,Landed
2026-03-12,SQ949,SIA949,Singapore Airlines,Singapore,SIN,WSSS,07:20,23:20,07:37,17min late,09:56,4min early,2h 18m,Landed
2026-03-12,8B551,TNU551,Business Air,Singapore,SIN,WSSS,07:30,23:30,07:35,5min late,09:51,3min early,2h 15m,Landed
2026-03-12,8B5250,TNU5250,Business Air,Lombok,LOP,WADL,07:30,23:30,08:19,49min late,08:43,48min late,23m,Landed
2026-03-12,QZ644,AWQ644,Indonesia AirAsia,Labuan Bajo,LBJ,WATO,07:40,23:40,07:40,on time,10:08,13min late,2h 28m,Landed
2026-03-12,ID6333,BTK6333,Batik Air,Labuan Bajo,LBJ,WATO,07:55,23:55,08:00,5min late,08:53,16min early,53m,Landed
2026-03-12,IW1858,WON1858,Wings Air,Lombok,LOP,WADL,08:05,00:05,08:13,8min late,08:44,10min early,31m,Landed
2026-03-12,JT21,LNI021,Lion Air,Jakarta,CGK,WIII,08:05,00:05,08:34,29min late,08:58,1min early,1h 23m,Landed
2026-03-12,GA686,GIA686,Garuda Indonesia,Sorong,SOQ,WASS,08:10,00:10,08:11,1min late,11:58,21min early,2h 47m,Landed
2026-03-12,HX706,CRK706,Hong Kong Airlines,Hong Kong,HKG,VHHH,08:15,00:15,08:31,16min late,13:01,13min early,4h 30m,Landed
2026-03-12,CZ8482,CSN8482,China Southern Airlines,Guangzhou,CAN,ZGGG,08:35,00:35,08:45,10min late,13:50,14min early,5h 4m,Landed
2026-03-12,5J280,CEB280,CEBU Pacific Air,Manila,MNL,RPLL,08:35,00:35,08:54,19min late,12:37,12min early,3h 43m,Landed
2026-03-12,IW1854,,Wings Air,Lombok,LOP,WADL,08:45,00:45,08:45,,09:10,24min early,25m,Landed
2026-03-12,QG500,CTV500,Citilink,Dili,DIL,WPDL,08:50,00:50,09:11,21min late,11:52,2min early,1h 41m,Landed
2026-03-12,IW1882,WON1882,Wings Air,Sumbawa Besar,SWQ,WADS,08:55,00:55,08:58,3min late,09:40,19min early,41m,Landed
2026-03-12,IN640,,Nam Air,Tambolaka,TMC,WADT,09:10,01:10,,,,,1h 0m,
2026-03-12,8B5105,TNU5105,TransNusa,Jakarta,CGK,WIII,09:15,01:15,09:18,3min late,09:42,17min early,1h 24m,Landed
2026-03-12,IW1848,,Wings Air,Lombok,LOP,WADL,09:25,01:25,12:15,50min late,12:46,31min late,31m,Landed
2026-03-12,8B5634,TNU5634,TransNusa,Bima,BMU,WADB,09:35,01:35,09:51,16min late,10:39,4min late,48m,Landed
2026-03-12,QG663,CTV663,Citilink,Jakarta,CGK,WIII,09:35,01:35,09:42,7min late,10:11,23min early,1h 29m,Landed
2026-03-12,8B80,TNU080,TransNusa,Perth,PER,YPPH,09:40,01:40,09:52,12min late,13:10,14min early,3h 17m,Landed
2026-03-12,ID6324,BTK6324,Batik Air,Tambolaka,TMC,WADT,09:40,01:40,09:44,4min late,10:48,6min early,1h 3m,Landed
2026-03-12,QZ803,AWQ803,Indonesia AirAsia,Jakarta,CGK,WIII,09:40,01:40,10:07,27min late,10:34,4min late,1h 27m,Landed
2026-03-12,AI2146,AIC2146,Air India,Delhi,DEL,VIDP,10:00,02:00,10:05,5min late,15:18,18min late,7h 43m,Landed
2026-03-12,IU122,SJV122,SW Italia,Yogyakarta,YIA,WAHI,10:00,02:00,09:59,on time,10:05,24min early,1h 6m,Landed
2026-03-12,JQ111,JST111,Jetstar Airways,Perth,PER,YPPH,10:20,02:20,10:26,6min late,13:41,28min early,3h 14m,Landed
2026-03-12,SQ935,SIA935,Singapore Airlines,Singapore,SIN,WSSS,10:30,02:30,10:52,22min late,13:05,4min early,2h 13m,Landed
2026-03-12,8B5101,TNU5101,TransNusa,Jakarta,CGK,WIII,10:30,02:30,14:21,51min late,14:41,26min late,1h 20m,Landed
2026-03-12,JT33,,Lion Air,Jakarta,CGK,WIII,10:35,02:35,,,,,1h 55m,
2026-03-12,8G182,DTL182,Mid Africa Aviation,Dili,DIL,WPDL,10:35,02:35,10:34,on time,13:15,14min early,1h 40m,Landed
2026-03-12,JT924,LNI924,Lion Air,Kupang,KOE,WATT,10:35,02:35,11:52,17min late,13:20,55min late,1h 27m,Landed
2026-03-12,JT805,,Lion Air,Surabaya,SUB,WARR,10:35,02:35,13:44,9min late,13:20,45min late,36m,Landed
2026-03-12,IW1856,WON1856,Wings Air,Lombok,LOP,WADL,11:10,03:10,11:35,25min late,12:09,9min late,34m,Landed
2026-03-12,TR281,TGW281,Scoot,Singapore,SIN,WSSS,11:10,03:10,11:16,6min late,13:29,21min early,2h 12m,Landed
2026-03-12,QG197,CTV197,Citilink,Jakarta,HLP,WIHH,11:10,03:10,11:26,16min late,11:55,4min early,1h 29m,Landed
2026-03-12,JQ40,JST040,Jetstar Airways,Sydney,SYD,YSSY,11:15,03:15,11:22,7min late,19:48,26min early,5h 25m,Landed
2026-03-12,QZ813,AWQ813,Indonesia AirAsia,Jakarta,CGK,WIII,11:20,03:20,11:39,19min late,12:09,5min early,1h 30m,Landed
2026-03-12,JQ32,JST032,Jetstar Airways,Melbourne,MEL,YMML,11:30,03:30,11:30,on time,19:32,37min early,5h 2m,Landed
2026-03-12,6E1606,IGO1606,IndiGo,Bangalore,BLR,VOBL,11:30,03:30,11:24,5min early,15:00,34min early,6h 6m,Landed
2026-03-12,OD172,MXD172,Malindo Air,Kuala Lumpur,KUL,WMKK,11:35,03:35,11:44,9min late,14:21,23min early,2h 36m,Landed
2026-03-12,IW1964,WON1964,Wings Air,Lombok,LOP,WADL,11:40,03:40,11:49,9min late,12:23,7min early,33m,Landed
2026-03-12,ID6331,BTK6331,Batik Air,Labuan Bajo,LBJ,WATO,11:45,03:45,11:54,9min late,12:49,10min early,54m,Landed
2026-03-12,JQ109,JST109,Jetstar Airways,Perth,PER,YPPH,11:45,03:45,14:51,6min late,18:23,48min late,3h 32m,Landed
2026-03-12,IW1850,WON1850,Wings Air,Lombok,LOP,WADL,11:50,03:50,08:58,51min early,12:17,22min early,3h 18m,Landed
2026-03-12,QZ618,AWQ618,Indonesia AirAsia,Banjarmasin,BDJ,WAOO,11:55,03:55,12:00,5min late,13:00,34min early,1h 0m,Landed
2026-03-12,JT31,,Lion Air,Jakarta,CGK,WIII,11:55,03:55,11:55,on time,12:24,25min early,1h 29m,Landed
2026-03-12,GA407,GIA407,Garuda Indonesia,Jakarta,CGK,WIII,11:55,03:55,12:09,14min late,12:38,16min early,1h 28m,Landed
2026-03-12,FD397,AIQ397,Thai AirAsia,Bangkok,DMK,VTBD,12:00,04:00,12:13,13min late,15:25,5min late,4h 12m,Landed
2026-03-12,GA253,GIA253,Garuda Indonesia,Yogyakarta,YIA,WAHI,12:05,04:05,12:35,30min late,12:47,7min early,1h 12m,Landed
2026-03-12,SQ937,SIA937,Singapore Airlines,Singapore,SIN,WSSS,12:05,04:05,12:27,22min late,14:54,on time,2h 26m,Landed
2026-03-12,OD192,MXD192,Malindo Air,Kuala Lumpur,KUL,WMKK,12:10,04:10,12:07,2min early,14:44,35min early,2h 36m,Landed
2026-03-12,OD178,MXD178,Malindo Air,Kuala Lumpur,KUL,WMKK,12:15,04:15,12:32,17min late,15:12,12min early,2h 39m,Landed
2026-03-12,SJ7420,,Sriwijaya Air,Tambolaka,TMC,WADT,12:20,04:20,12:20,,13:20,,1h 0m,Landed
2026-03-12,QG697,CTV697,Citilink,Surabaya,SUB,WARR,12:20,04:20,12:30,10min late,12:17,12min early,46m,Landed
2026-03-12,8B5254,TNU5254,TransNusa,Lombok,LOP,WADL,12:40,04:40,12:53,13min late,13:19,on time,26m,Landed
2026-03-12,IP103,,Pelita Air Service,Jakarta,CGK,WIII,12:45,04:45,,,,,1h 50m,
2026-03-12,IN643,,Nam Air,Tambolaka,TMC,WADT,12:50,04:50,,,,,1h 0m,
2026-03-12,SQ939,SIA939,Singapore Airlines,Singapore,SIN,WSSS,13:00,05:00,13:26,26min late,15:41,8min early,2h 15m,Landed
2026-03-12,AK365,AXM365,AirAsia,Kuala Lumpur,KUL,WMKK,13:05,05:05,13:30,25min late,16:18,8min late,2h 48m,Landed
2026-03-12,MH714,MAS714,Malaysia Airlines,Kuala Lumpur,KUL,WMKK,13:10,05:10,13:48,38min late,16:24,19min late,2h 36m,Landed
2026-03-12,JT35,LNI035,Lion Air,Jakarta,CGK,WIII,13:15,05:15,14:48,33min late,15:14,4min late,1h 26m,Landed
2026-03-12,GA409,GIA409,Garuda Indonesia,Jakarta,CGK,WIII,13:25,05:25,13:42,17min late,14:12,12min early,1h 30m,Landed
2026-03-12,JT660,LNI660,Lion Air,Balikpapan,BPN,WALL,13:30,05:30,13:38,8min late,14:55,20min early,1h 16m,Landed
2026-03-12,JQ58,JST058,Jetstar Airways,Brisbane,BNE,YBBN,13:30,05:30,13:34,4min late,21:07,17min early,5h 32m,Landed
2026-03-12,QZ811,AWQ811,Indonesia AirAsia,Jakarta,CGK,WIII,13:40,05:40,15:29,49min late,16:01,31min late,1h 32m,Landed
2026-03-12,ID6509,BTK6509,Batik Air,Jakarta,CGK,WIII,13:45,05:45,12:47,57min early,14:23,16min early,2h 36m,Landed
2026-03-12,8B5107,TNU5107,TransNusa,Jakarta,CGK,WIII,13:50,05:50,17:20,30min late,17:51,16min late,1h 30m,Landed
2026-03-12,JT919,LNI919,Lion Air,Surabaya,SUB,WARR,13:55,05:55,14:33,38min late,14:28,33min late,54m,Landed
2026-03-12,QG342,CTV342,Citilink,Makassar,UPG,WAAA,14:00,06:00,14:12,12min late,15:33,3min late,1h 20m,Landed
2026-03-12,QG687,CTV687,Citilink,Jakarta,CGK,WIII,14:00,06:00,14:30,30min late,14:54,5min early,1h 24m,Landed
2026-03-12,QZ544,AWQ544,Indonesia AirAsia,Perth,PER,YPPH,14:00,06:00,14:10,10min late,17:41,8min early,3h 31m,Landed
2026-03-12,8B82,,TransNusa,Perth,PER,YPPH,14:00,06:00,,,,,3h 40m,
2026-03-12,6E1612,IGO1612,IndiGo,Bhubaneswar,BBI,VEBS,14:00,06:00,14:23,23min late,17:41,1min late,5h 48m,Landed
2026-03-12,VJ894,VJC894,VietJet Air,Ho Chi Minh City,SGN,VVTS,14:05,06:05,14:12,7min late,16:40,24min early,3h 28m,Landed
2026-03-12,IU130,SJV130,SW Italia,Semarang,SRG,WIIS,14:15,06:15,14:41,26min late,14:37,2min late,56m,Landed
2026-03-12,ID6517,BTK6517,Batik Air,Jakarta,CGK,WIII,14:15,06:15,15:27,12min late,15:54,44min late,1h 27m,Landed
2026-03-12,ID7308,BTK7308,Batik Air,Jakarta,HLP,WIHH,14:20,06:20,14:56,36min late,15:22,12min late,1h 25m,Landed
2026-03-12,QZ246,AWQ246,Indonesia AirAsia,Phuket,HKT,VTSP,14:25,06:25,15:02,37min late,17:54,39min late,3h 51m,Landed
2026-03-12,QZ556,AWQ556,Indonesia AirAsia,Kuala Lumpur,KUL,WMKK,14:30,06:30,16:09,39min late,18:53,23min late,2h 43m,Landed
2026-03-12,TR289,TGW289,Scoot,Singapore,SIN,WSSS,14:35,06:35,15:36,1min late,17:58,28min late,2h 21m,Landed
2026-03-12,JQ43,JST043,Jetstar Airways,Singapore,SIN,WSSS,14:50,06:50,14:53,3min late,17:17,37min early,2h 24m,Landed
2026-03-12,OD307,MXD307,Malindo Air,Kuala Lumpur,KUL,WMKK,14:50,06:50,15:12,22min late,17:50,4min early,2h 37m,Landed
2026-03-12,JQ44,JST044,Jetstar Airways,Melbourne,MEL,YMML,14:55,06:55,15:10,15min late,23:07,27min early,4h 57m,Landed
2026-03-12,JT844,LNI844,Lion Air,Banjarmasin,BDJ,WAOO,15:00,07:00,15:05,5min late,16:06,23min early,1h 0m,Landed
2026-03-12,VA48,VOZ048,Virgin Australia,Brisbane,BNE,YBBN,15:00,07:00,15:03,3min late,22:55,on time,5h 52m,Landed
2026-03-12,QG681,CTV681,Citilink,Jakarta,CGK,WIII,15:00,07:00,15:15,15min late,15:43,16min early,1h 28m,Landed
2026-03-12,QZ821,AWQ821,Indonesia AirAsia,Jakarta,CGK,WIII,15:05,07:05,15:19,14min late,15:48,11min early,1h 29m,Landed
2026-03-12,GA842,GIA842,Garuda Indonesia,Singapore,SIN,WSSS,15:15,07:15,15:22,7min late,17:48,11min early,2h 26m,Landed
2026-03-12,AK377,AXM377,AirAsia,Kuala Lumpur,KUL,WMKK,15:25,07:25,15:45,20min late,18:35,10min late,2h 50m,Landed
2026-03-12,JT740,LNI740,Lion Air,Makassar,UPG,WAAA,15:30,07:30,19:12,42min late,20:31,36min late,1h 19m,Landed
2026-03-12,VJ898,VJC898,VietJet Air,Ho Chi Minh City,SGN,VVTS,15:35,07:35,16:01,26min late,18:21,3min early,3h 20m,Landed
2026-03-12,GA411,,Garuda Indonesia,Jakarta,CGK,WIII,15:35,07:35,15:49,14min late,16:17,22min early,1h 27m,Landed
2026-03-12,CI772,CAL772,China Airlines,Taipei,TPE,RCTP,15:45,07:45,16:21,36min late,21:15,10min late,4h 53m,Landed
2026-03-12,VA92,VOZ092,Virgin Australia,Melbourne,MEL,YMML,15:50,07:50,16:13,23min late,00:14,15min early,5h 1m,Landed
2026-03-12,8B5256,TNU5256,TransNusa,Lombok,LOP,WADL,15:55,07:55,15:55,on time,16:20,29min early,24m,Landed
2026-03-12,QZ536,AWQ536,Indonesia AirAsia,Perth,PER,YPPH,16:00,08:00,16:17,17min late,19:53,8min late,3h 36m,Landed
2026-03-12,IP109,,Pelita Air Service,Jakarta,CGK,WIII,16:00,08:00,,,,,1h 50m,
2026-03-12,SJ7161,,Sriwijaya Air,Makassar,UPG,WAAA,16:00,08:00,16:00,,17:20,,1h 20m,Landed
2026-03-12,VN640,HVN640,Vietnam Airlines,Ho Chi Minh City,SGN,VVTS,16:05,08:05,16:19,14min late,18:27,27min early,3h 7m,Landed
2026-03-12,QG669,CTV669,Citilink,Surabaya,SUB,WARR,16:10,08:10,16:25,15min late,06:45,25min late,15h 19m,Landed
2026-03-12,TG432,THA432,Thai Airways International,Bangkok,BKK,VTBS,16:10,08:10,16:03,6min early,18:50,34min early,3h 47m,Landed
2026-03-12,CX784,CPA784,Cathay Pacific,Hong Kong,HKG,VHHH,16:20,08:20,16:27,7min late,20:48,36min early,4h 20m,Landed
2026-03-12,MH850,MAS850,Malaysia Airlines,Kuala Lumpur,KUL,WMKK,16:25,08:25,16:34,9min late,19:16,18min early,2h 42m,Landed
2026-03-12,IW1852,WON1852,Wings Air,Lombok,LOP,WADL,16:30,08:30,16:42,12min late,17:13,6min early,30m,Landed
2026-03-12,GA427,GIA427,Garuda Indonesia,Jakarta,CGK,WIII,16:35,08:35,16:40,5min late,17:08,21min early,1h 28m,Landed
2026-03-12,JT744,,Lion Air,Makassar,UPG,WAAA,16:40,08:40,17:27,47min late,18:27,22min late,1h 0m,Landed
2026-03-12,BR256,EVA256,EVA Airways,Taipei,TPE,RCTP,16:40,08:40,17:14,34min late,22:22,37min late,5h 8m,Landed
2026-03-12,GA349,GIA349,Garuda Indonesia,Surabaya,SUB,WARR,16:55,08:55,17:11,16min late,17:17,7min late,1h 6m,Landed
2026-03-12,ID6335,BTK6335,Batik Air,Labuan Bajo,LBJ,WATO,17:00,09:00,17:19,19min late,18:16,1min late,57m,Landed
2026-03-12,JT25,,Lion Air,Jakarta,CGK,WIII,17:15,09:15,17:15,,17:43,26min early,1h 28m,Landed
2026-03-12,GA419,GIA419,Garuda Indonesia,Jakarta,CGK,WIII,17:25,09:25,17:30,5min late,17:59,25min early,1h 28m,Landed
2026-03-12,HO1356,DKH1356,Juneyao Airlines,Shanghai,PVG,ZSPD,17:25,09:25,17:27,2min late,23:29,20min early,6h 1m,Landed
2026-03-12,VJ998,VJC998,VietJet Air,Hanoi,HAN,VVNB,17:25,09:25,17:40,15min late,06:07,32min late,13h 27m,Landed
2026-03-12,TR211,TGW211,Scoot,Singapore,SIN,WSSS,17:35,09:35,17:42,7min late,20:02,43min early,2h 20m,Landed
2026-03-12,IP107,PAS107,Pelita Air Service,Jakarta,CGK,WIII,17:40,09:40,17:50,10min late,18:19,10min early,1h 29m,Landed
2026-03-12,IU759,,SW Italia,Jakarta,CGK,WIII,17:40,09:40,,,,,1h 55m,
2026-03-12,IU126,SJV126,SW Italia,Surakarta,SOC,WAHQ,18:10,10:10,19:15,5min late,19:14,44min late,59m,Landed
2026-03-12,OD193,MXD193,Malindo Air,Perth,PER,YPPH,18:10,10:10,18:20,10min late,21:37,7min early,3h 17m,Landed
2026-03-12,IN281,LKN281,NAM Air,Jakarta,CGK,WIII,18:30,10:30,18:44,14min late,19:15,5min late,1h 30m,Landed
2026-03-12,IN283,,Nam Air,Jakarta,CGK,WIII,18:30,10:30,,,,,1h 40m,
2026-03-12,IP111,PAS111,Pelita Air Service,Jakarta,CGK,WIII,18:35,10:35,18:38,3min late,19:08,16min early,1h 29m,Landed
2026-03-12,JT3027,,Lion Air,Jakarta,CGK,WIII,18:40,10:40,,,,,1h 55m,
2026-03-12,SL259,TLM259,Thai Lion Air,Bangkok,DMK,VTBD,18:40,10:40,18:48,8min late,21:54,5min early,4h 5m,Landed
2026-03-12,GA417,GIA417,Garuda Indonesia,Jakarta,CGK,WIII,18:40,10:40,18:53,13min late,19:24,15min early,1h 31m,Landed
2026-03-12,QZ504,AWQ504,Indonesia AirAsia,Singapore,SIN,WSSS,18:40,10:40,20:41,1min late,23:01,41min late,2h 19m,Landed
2026-03-12,QR963,,Qatar Airways,Doha,DOH,OTHH,18:50,10:50,,,,,9h 40m,Cancelled
2026-03-12,6E1608,IGO1608,IndiGo,Chennai,MAA,VOMM,18:50,10:50,19:10,20min late,22:33,3min late,5h 53m,Landed
2026-03-12,8B5258,TNU5258,TransNusa,Lombok,LOP,WADL,18:55,10:55,19:01,6min late,19:26,8min early,24m,Landed
2026-03-12,TG440,THA440,Thai Airways International,Bangkok,BKK,VTBS,19:00,11:00,19:21,21min late,22:22,7min late,4h 1m,Landed
2026-03-12,AK379,AXM379,AirAsia,Kuala Lumpur,KUL,WMKK,19:15,11:15,19:40,25min late,22:15,4min early,2h 34m,Landed
2026-03-12,QZ809,AWQ809,Indonesia AirAsia,Jakarta,CGK,WIII,19:15,11:15,19:59,44min late,20:27,12min late,1h 28m,Landed
2026-03-12,MH852,MAS852,Malaysia Airlines,Kuala Lumpur,KUL,WMKK,19:15,11:15,19:56,41min late,22:49,34min late,2h 52m,Landed
2026-03-12,QG699,CTV699,Citilink,Surabaya,SUB,WARR,19:30,11:30,20:37,7min late,20:19,39min late,41m,Landed
2026-03-12,QG689,CTV689,Citilink,Jakarta,CGK,WIII,19:30,11:30,19:51,21min late,20:22,7min early,1h 31m,Landed
2026-03-12,8B969,TNU969,Business Air,Guangzhou,CAN,ZGGG,19:45,11:45,19:46,1min late,00:34,30min early,4h 47m,Landed
2026-03-12,EK369,UAE369,Emirates,Dubai,DXB,OMDB,19:50,11:50,20:08,18min late,00:58,11min early,8h 49m,Landed
2026-03-12,TR283,TGW283,Scoot,Singapore,SIN,WSSS,20:05,12:05,20:29,24min late,22:35,5min early,2h 5m,Landed
2026-03-12,QG195,CTV195,Citilink,Jakarta,HLP,WIHH,20:10,12:10,21:17,7min late,21:43,38min late,1h 26m,Landed
2026-03-12,IU703,SJV703,SW Italia,Surabaya,SUB,WARR,20:10,12:10,20:09,1min early,19:44,1min early,34m,Landed
2026-03-12,SQ945,SIA945,Singapore Airlines,Singapore,SIN,WSSS,20:15,12:15,20:20,5min late,22:34,20min early,2h 14m,Landed
2026-03-12,JQ34,JST034,Jetstar Airways,Melbourne,MEL,YMML,20:20,12:20,20:35,15min late,04:40,14min early,5h 4m,Landed
2026-03-12,ID6413,BTK6413,Batik Air,Surabaya,SUB,WARR,20:30,12:30,21:01,31min late,20:34,4min late,33m,Landed
2026-03-12,GA415,GIA415,Garuda Indonesia,Jakarta,CGK,WIII,20:45,12:45,20:45,on time,21:23,21min early,1h 37m,Landed
2026-03-12,IP105,,Pelita Air Service,Jakarta,CGK,WIII,20:50,12:50,,,,,1h 50m,
2026-03-12,OD177,MXD177,Malindo Air,Melbourne,MEL,YMML,20:55,12:55,21:14,19min late,05:24,15min early,5h 10m,Landed
2026-03-12,AK375,AXM375,AirAsia,Kuala Lumpur,KUL,WMKK,21:05,13:05,22:32,27min late,01:16,6min late,2h 43m,Landed
2026-03-12,OD171,MXD171,Malindo Air,Sydney,SYD,YSSY,21:10,13:10,19:52,17min early,06:04,10min early,7h 12m,Landed
2026-03-12,QG667,CTV667,Citilink,Jakarta,CGK,WIII,21:10,13:10,21:04,5min early,21:34,35min early,1h 29m,Landed
2026-03-12,TK67,THY067,Turkish Airlines,Istanbul,IST,LTFM,21:10,13:10,21:26,16min late,05:41,1min late,13h 14m,Landed
2026-03-12,JT11,,Lion Air,Jakarta,CGK,WIII,21:15,13:15,22:17,2min late,22:41,31min late,1h 24m,Landed
2026-03-12,QF44,QFA044,Qantas,Sydney,SYD,YSSY,21:20,13:20,21:32,12min late,06:06,8min early,5h 33m,Landed
2026-03-12,JQ60,JST060,Jetstar Airways,Brisbane,BNE,YBBN,21:30,13:30,00:25,55min late,07:47,27min late,5h 22m,Landed
2026-03-12,SJ273,SJY273,Sriwijaya Air,Jakarta,CGK,WIII,21:35,13:35,21:35,on time,22:15,,1h 40m,Landed
2026-03-12,QZ819,AWQ819,Indonesia AirAsia,Jakarta,CGK,WIII,21:35,13:35,22:54,19min late,23:25,0min late,1h 31m,Landed
2026-03-12,SQ947,SIA947,Singapore Airlines,Singapore,SIN,WSSS,21:40,13:40,21:52,12min late,00:17,2min early,2h 24m,Landed
2026-03-12,KL836,KLM836,KLM Royal Dutch Airlines,Singapore,SIN,WSSS,21:40,13:40,21:47,7min late,23:56,13min early,2h 8m,Landed
2026-03-12,GA425,GIA425,Garuda Indonesia,Jakarta,CGK,WIII,21:40,13:40,21:35,4min early,22:02,42min early,1h 26m,Landed
2026-03-12,JQ117,JST117,Jetstar Airways,Perth,PER,YPPH,21:45,13:45,00:55,10min late,04:22,7min late,3h 26m,Landed
2026-03-12,OD157,MXD157,Malindo Air,Brisbane,BNE,YBBN,22:10,14:10,22:26,16min late,05:53,6min early,5h 27m,Landed
2026-03-12,JQ38,JST038,Jetstar Airways,Sydney,SYD,YSSY,22:20,14:20,22:52,32min late,07:14,10min early,5h 22m,Landed
2026-03-12,JT15,LNI015,Lion Air,Jakarta,CGK,WIII,22:45,14:45,22:44,on time,23:12,27min early,1h 27m,Landed
2026-03-12,JQ128,JST128,Jetstar Airways,Adelaide,ADL,YPAD,22:50,14:50,23:22,32min late,06:15,on time,4h 22m,Landed
2026-03-12,7C2712,JJA2712,Jeju Air,Seoul,ICN,RKSI,23:05,15:05,23:38,33min late,07:34,24min late,6h 55m,Landed
2026-03-12,8B5109,TNU5109,Business Air,Jakarta,CGK,WIII,23:10,15:10,23:02,7min early,23:31,18min early,1h 29m,Landed
2026-03-12,3U3986,CSC3986,Sichuan Airlines,Lujia Town,TFU,ZUTF,23:10,15:10,23:53,43min late,11:06,11min late,11h 12m,Landed
2026-03-12,JQ42,JST042,Jetstar Airways,Melbourne,MEL,YMML,23:40,15:40,23:50,10min late,07:58,31min early,5h 8m,Landed
2026-03-12,KE432,KAL432,Korean Air Lines,Seoul,ICN,RKSI,23:50,15:50,23:50,on time,07:39,5min early,6h 49m,Landed
2026-03-13,BX602,ABL602,Air Busan,Busan,PUS,RKPK,00:05,16:05,00:29,24min late,07:40,49min early,6h 11m,Landed
2026-03-13,TW158,TWB158,T'Way Air,Cheongju,CJJ,RKTU,00:15,16:15,00:58,43min late,08:45,35min late,6h 46m,Landed
2026-03-13,QR961,,Qatar Airways,Doha,DOH,OTHH,00:30,16:30,,,,,9h 40m,Cancelled
2026-03-13,MF892,CXA892,Xiamen Airlines,Xiamen,XMN,ZSAM,00:30,16:30,00:33,3min late,05:46,18min early,5h 12m,Landed
2026-03-13,CZ626,CSN626,China Southern Airlines,Guangzhou,CAN,ZGGG,00:40,16:40,00:41,1min late,05:24,25min early,4h 42m,Landed
2026-03-13,GA880,GIA880,Garuda Indonesia,Tokyo,NRT,RJAA,00:50,16:50,01:09,19min late,08:33,16min early,6h 24m,Landed
2026-03-13,MU5030,CES5030,China Eastern Airlines,Shanghai,PVG,ZSPD,00:55,16:55,01:11,16min late,07:16,6min late,6h 5m,Landed
2026-03-13,QZ548,AWQ548,Indonesia AirAsia,Perth,PER,YPPH,01:00,17:00,00:56,3min early,04:17,22min early,3h 20m,Landed
2026-03-13,SJ726,,Sriwijaya Air,Makassar,UPG,WAAA,01:00,17:00,,,,,1h 20m,
2026-03-13,KE434,KAL434,Korean Air Lines,Seoul,ICN,RKSI,01:05,17:05,01:22,17min late,08:43,16min early,6h 20m,Landed
2026-03-13,PR538,PAL538,Philippine Airlines,Manila,MNL,RPLL,01:10,17:10,01:28,18min late,04:57,12min early,3h 28m,Landed
2026-03-13,8B5888,TNU5888,TransNusa,Manado,MDC,WAMM,01:30,17:30,01:43,13min late,07:43,28min late,6h 0m,Landed
2026-03-13,JT746,LNI746,Lion Air,Makassar,UPG,WAAA,07:00,23:00,07:23,23min late,13:20,55min late,5h 57m,Landed
2026-03-13,IU705,SJV705,SW Italia,Surabaya,SUB,WARR,07:00,23:00,07:28,28min late,07:14,13min late,45m,Landed
2026-03-13,GA401,GIA401,Garuda Indonesia,Jakarta,CGK,WIII,07:00,23:00,07:12,12min late,07:41,18min early,1h 28m,Landed
2026-03-13,QZ534,AWQ534,Indonesia AirAsia,Perth,PER,YPPH,07:00,23:00,07:05,5min late,10:49,on time,3h 44m,Landed
2026-03-13,QG690,CTV690,Citilink,Surabaya,SUB,WARR,07:05,23:05,07:19,14min late,07:25,15min late,1h 5m,Landed
2026-03-13,JQ82,JST082,Jetstar Airways,Darwin,DRW,YPDN,07:05,23:05,07:10,5min late,11:12,2min early,2h 31m,Landed
2026-03-13,QZ550,AWQ550,Indonesia AirAsia,Kuala Lumpur,KUL,WMKK,07:15,23:15,07:15,on time,09:50,19min early,2h 35m,Landed
2026-03-13,SQ949,SIA949,Singapore Airlines,Singapore,SIN,WSSS,07:20,23:20,07:37,17min late,09:56,4min early,2h 18m,Landed
2026-03-13,8B551,TNU551,Business Air,Singapore,SIN,WSSS,07:30,23:30,07:35,5min late,09:51,3min early,2h 15m,Landed
2026-03-13,8B5250,TNU5250,Business Air,Lombok,LOP,WADL,07:30,23:30,08:19,49min late,08:43,48min late,23m,Landed
2026-03-13,QZ644,AWQ644,Indonesia AirAsia,Labuan Bajo,LBJ,WATO,07:40,23:40,07:40,on time,10:08,13min late,2h 28m,Landed
2026-03-13,ID6333,BTK6333,Batik Air,Labuan Bajo,LBJ,WATO,07:55,23:55,07:53,1min early,10:43,33min late,2h 50m,Landed
2026-03-13,QG691,CTV691,Citilink,Surabaya,SUB,WARR,08:05,00:05,08:02,2min early,07:48,26min early,46m,Landed
2026-03-13,JT21,LNI021,Lion Air,Jakarta,CGK,WIII,08:05,00:05,08:11,6min late,08:39,20min early,1h 27m,Landed
2026-03-13,IW1858,WON1858,Wings Air,Lombok,LOP,WADL,08:05,00:05,08:19,14min late,08:59,4min late,39m,Landed
2026-03-13,GA686,GIA686,Garuda Indonesia,Sorong,SOQ,WASS,08:10,00:10,08:18,8min late,16:13,53min late,6h 55m,Landed
2026-03-13,HX706,CRK706,Hong Kong Airlines,Hong Kong,HKG,VHHH,08:15,00:15,08:28,13min late,12:56,18min early,4h 28m,Landed
2026-03-13,5J280,CEB280,CEBU Pacific Air,Manila,MNL,RPLL,08:35,00:35,08:50,15min late,12:28,21min early,3h 37m,Landed
2026-03-13,CZ8482,CSN8482,China Southern Airlines,Guangzhou,CAN,ZGGG,08:35,00:35,08:37,2min late,13:23,16min early,4h 45m,Landed
2026-03-13,QG500,CTV500,Citilink,Dili,DIL,WPDL,08:50,00:50,08:55,5min late,11:41,13min early,1h 45m,Landed
2026-03-13,IW1882,WON1882,Wings Air,Sumbawa Besar,SWQ,WADS,08:55,00:55,08:57,2min late,09:39,20min early,41m,Landed
2026-03-13,IW3330,WON3330,Wings Air,,,,09:00,01:00,09:01,1min late,11:25,19min early,2h 23m,Landed
2026-03-13,SJ740,,Sriwijaya Air,Waingapu,WGP,WADW,09:10,01:10,09:10,,10:30,,1h 20m,Landed
2026-03-13,IN640,,NAM Air,Tambolaka,TMC,WADT,09:10,01:10,09:15,5min late,10:10,,1h 0m,Landed
2026-03-13,8B5105,TNU5105,TransNusa,Jakarta,CGK,WIII,09:15,01:15,09:16,on time,09:39,20min early,1h 23m,Landed
2026-03-13,IW1848,WON1848,Wings Air,Lombok,LOP,WADL,09:25,01:25,09:30,5min late,10:03,11min early,33m,Landed
2026-03-13,ID6007,BTK6007,Batik Air,Perth,PER,YPPH,09:30,01:30,09:24,5min early,12:44,30min early,3h 20m,Landed
2026-03-13,8B5634,TNU5634,TransNusa,Bima,BMU,WADB,09:35,01:35,10:36,1min late,11:25,50min late,49m,Landed
2026-03-13,QG663,CTV663,Citilink,Jakarta,CGK,WIII,09:35,01:35,09:50,15min late,10:19,15min early,1h 28m,Landed
2026-03-13,ID6324,BTK6324,Batik Air,Tambolaka,TMC,WADT,09:40,01:40,09:53,13min late,11:33,38min late,1h 39m,Landed
2026-03-13,QZ803,AWQ803,Indonesia AirAsia,Jakarta,CGK,WIII,09:40,01:40,10:07,27min late,10:34,4min late,1h 27m,Landed
2026-03-13,8B80,TNU080,TransNusa,Perth,PER,YPPH,09:40,01:40,09:37,2min early,12:57,27min early,3h 20m,Landed
2026-03-13,IU128,SJV128,SW Italia,Surakarta,SOC,WAHQ,10:00,02:00,10:11,11min late,11:58,38min late,2h 47m,Landed
2026-03-13,IU122,SJV122,SW Italia,Yogyakarta,YIA,WAHI,10:00,02:00,10:38,38min late,10:33,3min late,55m,Landed
2026-03-13,SU297,AFL297,Aeroflot,Moscow,SVO,UUEE,10:05,02:05,10:19,14min late,12:03,8min late,,Landed
2026-03-13,JQ126,JST126,Jetstar Airways,Adelaide,ADL,YPAD,10:15,02:15,10:26,11min late,17:23,21min early,4h 26m,Landed
2026-03-13,8B5101,,TransNusa,Jakarta,CGK,WIII,10:30,02:30,,,,,1h 45m,
2026-03-13,SQ935,SIA935,Singapore Airlines,Singapore,SIN,WSSS,10:30,02:30,10:42,12min late,12:52,18min early,2h 9m,Landed
2026-03-13,JT805,,Lion Air,Surabaya,SUB,WARR,10:35,02:35,,,,,1h 0m,
2026-03-13,JT924,LNI924,Lion Air,Kupang,KOE,WATT,10:35,02:35,10:52,17min late,12:20,4min early,1h 28m,Landed
2026-03-13,JT33,,Lion Air,Jakarta,CGK,WIII,10:35,02:35,10:35,,12:09,39min late,2h 34m,Landed
2026-03-13,8G182,DTL182,Mid Africa Aviation,Dili,DIL,WPDL,10:35,02:35,10:49,14min late,13:34,4min late,1h 44m,Landed
2026-03-13,QZ646,AWQ646,Indonesia AirAsia,Labuan Bajo,LBJ,WATO,11:00,03:00,11:01,1min late,13:53,33min late,2h 51m,Landed
2026-03-13,QG197,CTV197,Citilink,Jakarta,HLP,WIHH,11:10,03:10,11:10,on time,11:45,14min early,1h 35m,Landed
2026-03-13,TR281,TGW281,Scoot,Singapore,SIN,WSSS,11:10,03:10,11:16,6min late,13:39,10min early,2h 22m,Landed
2026-03-13,JQ40,JST040,Jetstar Airways,Sydney,SYD,YSSY,11:15,03:15,12:08,53min late,20:30,15min late,5h 21m,Landed
2026-03-13,JQ32,JST032,Jetstar Airways,Melbourne,MEL,YMML,11:30,03:30,12:27,57min late,20:32,22min late,5h 5m,Landed
2026-03-13,QZ780,AWQ780,Indonesia AirAsia,Balikpapan,BPN,WALL,11:30,03:30,11:36,6min late,14:57,42min late,3h 20m,Landed
2026-03-13,6E1606,IGO1606,IndiGo,Bangalore,BLR,VOBL,11:30,03:30,11:35,5min late,15:22,12min early,6h 16m,Landed
2026-03-13,OD172,MXD172,Malindo Air,Kuala Lumpur,KUL,WMKK,11:35,03:35,11:44,9min late,14:16,28min early,2h 32m,Landed
2026-03-13,IW1902,WON1902,Wings Air,Jember,JBB,WARE,11:40,03:40,11:45,5min late,11:16,43min early,31m,Landed
2026-03-13,IW1964,WON1964,Wings Air,Lombok,LOP,WADL,11:40,03:40,11:54,14min late,12:23,6min early,29m,Landed
2026-03-13,ID6331,BTK6331,Batik Air,Labuan Bajo,LBJ,WATO,11:45,03:45,11:51,6min late,12:44,15min early,52m,Landed
2026-03-13,JQ109,JST109,Jetstar Airways,Perth,PER,YPPH,11:45,03:45,12:33,48min late,15:58,23min late,3h 25m,Landed
2026-03-13,GA407,GIA407,Garuda Indonesia,Jakarta,CGK,WIII,11:55,03:55,12:05,10min late,12:34,20min early,1h 29m,Landed
2026-03-13,FD397,AIQ397,Thai AirAsia,Bangkok,DMK,VTBD,12:00,04:00,12:33,33min late,15:37,17min late,4h 3m,Landed
2026-03-13,SQ937,SIA937,Singapore Airlines,Singapore,SIN,WSSS,12:05,04:05,12:29,24min late,14:45,9min early,2h 15m,Landed
2026-03-13,GA253,GIA253,Garuda Indonesia,Yogyakarta,YIA,WAHI,12:05,04:05,12:24,19min late,14:53,58min late,3h 28m,Landed
2026-03-13,OD192,MXD192,Malindo Air,Kuala Lumpur,KUL,WMKK,12:10,04:10,12:13,3min late,14:46,33min early,2h 32m,Landed
2026-03-13,SJ742,,Sriwijaya Air,Tambolaka,TMC,WADT,12:10,04:10,12:10,on time,13:10,,1h 0m,Landed
2026-03-13,OD178,MXD178,Malindo Air,Kuala Lumpur,KUL,WMKK,12:15,04:15,12:21,6min late,14:52,32min early,2h 30m,Landed
2026-03-13,QG697,CTV697,Citilink,Surabaya,SUB,WARR,12:20,04:20,12:37,17min late,12:18,11min early,40m,Landed
2026-03-13,QZ540,AWQ540,Indonesia AirAsia,Darwin,DRW,YPDN,12:30,04:30,16:29,59min late,20:33,43min late,2h 34m,Landed
2026-03-13,8B5254,TNU5254,TransNusa,Lombok,LOP,WADL,12:40,04:40,,,,,40m,
2026-03-13,OD158,MXD158,Malindo Air,Kuala Lumpur,KUL,WMKK,12:45,04:45,12:55,10min late,15:32,22min early,2h 37m,Landed
2026-03-13,IP103,PAS103,Pelita Air Service,Jakarta,CGK,WIII,12:45,04:45,12:44,on time,13:17,17min early,1h 32m,Landed
2026-03-13,SQ939,SIA939,Singapore Airlines,Singapore,SIN,WSSS,13:00,05:00,13:14,14min late,15:33,16min early,2h 18m,Landed
2026-03-13,AK365,AXM365,AirAsia,Kuala Lumpur,KUL,WMKK,13:05,05:05,13:18,13min late,15:57,12min early,2h 39m,Landed
2026-03-13,MH714,MAS714,Malaysia Airlines,Kuala Lumpur,KUL,WMKK,13:10,05:10,13:25,15min late,16:05,on time,2h 39m,Landed
2026-03-13,JT35,LNI035,Lion Air,Jakarta,CGK,WIII,13:15,05:15,18:25,10min late,18:53,43min late,1h 27m,Landed
2026-03-13,GA409,GIA409,Garuda Indonesia,Jakarta,CGK,WIII,13:25,05:25,13:34,9min late,14:05,19min early,1h 30m,Landed
2026-03-13,JQ58,JST058,Jetstar Airways,Brisbane,BNE,YBBN,13:30,05:30,13:38,8min late,21:07,17min early,5h 28m,Landed
2026-03-13,JT660,LNI660,Lion Air,Balikpapan,BPN,WALL,13:30,05:30,15:23,53min late,16:44,29min late,1h 20m,Landed
2026-03-13,QZ811,AWQ811,Indonesia AirAsia,Jakarta,CGK,WIII,13:40,05:40,15:02,22min late,15:28,58min late,1h 25m,Landed
2026-03-13,ID6509,BTK6509,Batik Air,Jakarta,CGK,WIII,13:45,05:45,14:16,31min late,14:42,2min late,1h 25m,Landed
2026-03-13,8B5107,TNU5107,Business Air,Jakarta,CGK,WIII,13:50,05:50,14:32,42min late,14:58,23min late,1h 25m,Landed
2026-03-13,JT919,LNI919,Lion Air,Surabaya,SUB,WARR,13:55,05:55,14:41,46min late,14:24,29min late,43m,Landed
2026-03-13,QG687,CTV687,Citilink,Jakarta,CGK,WIII,14:00,06:00,13:54,5min early,14:30,29min early,1h 36m,Landed
2026-03-13,QG342,CTV342,Citilink,Makassar,UPG,WAAA,14:00,06:00,14:25,25min late,17:51,21min late,3h 26m,Landed
2026-03-13,QZ544,AWQ544,Indonesia AirAsia,Perth,PER,YPPH,14:00,06:00,14:21,21min late,17:43,6min early,3h 22m,Landed
2026-03-13,6E1612,IGO1612,IndiGo,Bhubaneswar,BBI,VEBS,14:00,06:00,14:10,10min late,17:35,4min early,5h 55m,Landed
2026-03-13,8B82,TNU082,TransNusa,Perth,PER,YPPH,14:00,06:00,15:00,0min late,18:17,37min late,3h 17m,Landed
2026-03-13,VJ894,VJC894,VietJet Air,Ho Chi Minh City,SGN,VVTS,14:05,06:05,16:51,46min late,19:14,9min late,3h 22m,Landed
2026-03-13,IU130,SJV130,SW Italia,Semarang,SRG,WIIS,14:15,06:15,14:28,13min late,14:24,10min early,55m,Landed
2026-03-13,ID6517,BTK6517,Batik Air,Jakarta,CGK,WIII,14:15,06:15,15:15,0min late,15:43,33min late,1h 27m,Landed
2026-03-13,ID7308,BTK7308,Batik Air,Jakarta,HLP,WIHH,14:20,06:20,14:36,16min late,14:59,10min early,1h 23m,Landed
2026-03-13,QZ506,AWQ506,Indonesia AirAsia,Singapore,SIN,WSSS,14:25,06:25,14:49,24min late,17:11,8min early,2h 22m,Landed
2026-03-13,QZ556,AWQ556,Indonesia AirAsia,Kuala Lumpur,KUL,WMKK,14:30,06:30,15:05,35min late,17:43,13min late,2h 38m,Landed
2026-03-13,TR289,TGW289,Scoot,Singapore,SIN,WSSS,14:35,06:35,15:01,26min late,17:29,on time,2h 27m,Landed
2026-03-13,OD307,MXD307,Malindo Air,Kuala Lumpur,KUL,WMKK,14:50,06:50,15:11,21min late,17:45,9min early,2h 34m,Landed
2026-03-13,JQ43,JST043,Jetstar Airways,Singapore,SIN,WSSS,14:50,06:50,14:48,1min early,17:30,24min early,2h 42m,Landed
2026-03-13,JQ44,JST044,Jetstar Airways,Melbourne,MEL,YMML,14:55,06:55,15:07,12min late,23:13,21min early,5h 5m,Landed
2026-03-13,JT844,LNI844,Lion Air,Banjarmasin,BDJ,WAOO,15:00,07:00,19:00,0min late,20:09,39min late,1h 9m,Landed
2026-03-13,VA48,VOZ048,Virgin Australia,Brisbane,BNE,YBBN,15:00,07:00,16:38,38min late,00:06,11min late,5h 27m,Landed
2026-03-13,QG681,CTV681,Citilink,Jakarta,CGK,WIII,15:00,07:00,15:19,19min late,15:51,8min early,1h 31m,Landed
2026-03-13,IU120,SJV120,SW Italia,Yogyakarta,YIA,WAHI,15:00,07:00,15:38,38min late,15:40,10min late,1h 2m,Landed
2026-03-13,AI2148,AIC2148,Air India,Delhi,DEL,VIDP,15:10,07:10,15:18,8min late,20:57,52min late,8h 9m,Landed
2026-03-13,GA842,GIA842,Garuda Indonesia,Singapore,SIN,WSSS,15:15,07:15,15:34,19min late,18:11,11min late,2h 37m,Landed
2026-03-13,AK377,AXM377,AirAsia,Kuala Lumpur,KUL,WMKK,15:25,07:25,15:53,28min late,18:48,23min late,2h 55m,Landed
2026-03-13,JT740,LNI740,Lion Air,Makassar,UPG,WAAA,15:30,07:30,16:09,39min late,17:11,16min late,1h 2m,Landed
2026-03-13,VJ898,,VietJet Air,Ho Chi Minh City,SGN,VVTS,15:35,07:35,15:35,,18:22,2min early,3h 47m,Landed
2026-03-13,GA411,GIA411,Garuda Indonesia,Jakarta,CGK,WIII,15:35,07:35,15:42,7min late,16:13,26min early,1h 31m,Landed
2026-03-13,SJ717,SJY717,Sriwijaya Air,Makassar,UPG,WAAA,15:40,07:40,17:50,10min late,18:53,53min late,1h 3m,Landed
2026-03-13,IW1850,WON1850,Wings Air,Lombok,LOP,WADL,15:40,07:40,15:45,5min late,16:15,14min early,29m,Landed
2026-03-13,CI772,CAL772,China Airlines,Taipei,TPE,RCTP,15:45,07:45,16:03,18min late,20:54,10min early,4h 50m,Landed
2026-03-13,VA92,VOZ092,Virgin Australia,Melbourne,MEL,YMML,15:50,07:50,16:18,28min late,00:22,7min early,5h 4m,Landed
2026-03-13,8B5256,TNU5256,TransNusa,Lombok,LOP,WADL,15:55,07:55,16:55,0min late,18:09,19min late,1h 13m,Landed
2026-03-13,QG661,CTV661,Citilink,Jakarta,CGK,WIII,16:00,08:00,16:57,57min late,17:23,23min late,1h 26m,Landed
2026-03-13,QZ536,AWQ536,Indonesia AirAsia,Perth,PER,YPPH,16:00,08:00,16:25,25min late,19:43,1min early,3h 17m,Landed
2026-03-13,IP109,PAS109,Pelita Air Service,Jakarta,CGK,WIII,16:00,08:00,16:06,6min late,16:30,19min early,1h 24m,Landed
2026-03-13,VN640,HVN640,Vietnam Airlines,Ho Chi Minh City,SGN,VVTS,16:05,08:05,16:14,9min late,18:36,18min early,3h 22m,Landed
2026-03-13,QG669,CTV669,Citilink,Surabaya,SUB,WARR,16:10,08:10,16:48,38min late,16:38,18min late,49m,Landed
2026-03-13,TG432,THA432,Thai Airways International,Bangkok,BKK,VTBS,16:10,08:10,16:22,12min late,19:01,23min early,3h 38m,Landed
2026-03-13,CX784,CPA784,Cathay Pacific,Hong Kong,HKG,VHHH,16:20,08:20,16:43,23min late,21:09,15min early,4h 26m,Landed
2026-03-13,MH850,MAS850,Malaysia Airlines,Kuala Lumpur,KUL,WMKK,16:25,08:25,16:50,25min late,19:31,3min early,2h 41m,Landed
2026-03-13,IW1852,WON1852,Wings Air,Lombok,LOP,WADL,16:30,08:30,16:33,3min late,17:03,16min early,30m,Landed
2026-03-13,IU743,,SW Italia,Jakarta,CGK,WIII,16:35,08:35,,,,,1h 55m,
2026-03-13,GA427,GIA427,Garuda Indonesia,Jakarta,CGK,WIII,16:35,08:35,16:46,11min late,17:12,17min early,1h 25m,Landed
2026-03-13,BR256,EVA256,EVA Airways,Taipei,TPE,RCTP,16:40,08:40,17:00,20min late,21:53,8min late,4h 52m,Landed
2026-03-13,IU703,SJV703,SW Italia,Surabaya,SUB,WARR,16:40,08:40,17:17,37min late,16:58,18min late,41m,Landed
2026-03-13,JT744,LNI744,Lion Air,Makassar,UPG,WAAA,16:40,08:40,21:08,28min late,22:09,4min late,1h 1m,Landed
2026-03-13,GA349,GIA349,Garuda Indonesia,Surabaya,SUB,WARR,16:55,08:55,17:19,24min late,17:06,3min early,46m,Landed
2026-03-13,ID6335,BTK6335,Batik Air,Labuan Bajo,LBJ,WATO,17:00,09:00,17:21,21min late,18:16,1min late,55m,Landed
2026-03-13,IU273,SJV273,SW Italia,Pontianak,PNK,WIOO,17:00,09:00,18:58,58min late,19:36,31min late,1h 38m,Landed
2026-03-13,HO1356,DKH1356,Juneyao Airlines,Shanghai,PVG,ZSPD,17:25,09:25,17:28,3min late,23:34,15min early,6h 5m,Landed
2026-03-13,GA419,GIA419,Garuda Indonesia,Jakarta,CGK,WIII,17:25,09:25,17:41,16min late,18:09,15min early,1h 28m,Landed
2026-03-13,VJ998,VJC998,VietJet Air,Hanoi,HAN,VVNB,17:25,09:25,17:45,20min late,08:02,27min late,15h 17m,Landed
2026-03-13,TR211,TGW211,Scoot,Singapore,SIN,WSSS,17:35,09:35,17:54,19min late,20:20,25min early,2h 25m,Landed
2026-03-13,IP107,PAS107,Pelita Air Service,Jakarta,CGK,WIII,17:40,09:40,17:51,11min late,18:20,9min early,1h 29m,Landed
2026-03-13,AK368,AXM368,AirAsia,Kuala Lumpur,KUL,WMKK,17:45,09:45,17:58,13min late,20:44,5min early,2h 46m,Landed
2026-03-13,JT3759,,Lion Air,Jakarta,CGK,WIII,17:55,09:55,20:26,31min late,20:53,3min late,1h 27m,Landed
2026-03-13,IU126,SJV126,SW Italia,Surakarta,SOC,WAHQ,18:10,10:10,18:28,18min late,18:30,on time,1h 1m,Landed
2026-03-13,OD193,MXD193,Malindo Air,Perth,PER,YPPH,18:10,10:10,18:14,4min late,21:33,11min early,3h 19m,Landed
2026-03-13,JT25,,Lion Air,Jakarta,CGK,WIII,18:15,10:15,18:15,,18:39,30min early,1h 24m,Landed
2026-03-13,IN281,,NAM Air,Jakarta,CGK,WIII,18:30,10:30,19:04,34min late,19:10,,1h 40m,Landed
2026-03-13,IP111,PAS111,Pelita Air Service,Jakarta,CGK,WIII,18:35,10:35,18:53,18min late,19:25,on time,1h 31m,Landed
2026-03-13,CX782,CPA782,Cathay Pacific,Hong Kong,HKG,VHHH,18:40,10:40,18:47,7min late,23:05,39min early,4h 17m,Landed
2026-03-13,JT3027,,Lion Air,Jakarta,CGK,WIII,18:40,10:40,18:40,,19:09,25min early,1h 29m,Landed
2026-03-13,QZ504,AWQ504,Indonesia AirAsia,Singapore,SIN,WSSS,18:40,10:40,21:03,23min late,23:22,2min late,2h 19m,Landed
2026-03-13,GA417,GIA417,Garuda Indonesia,Jakarta,CGK,WIII,18:40,10:40,19:13,33min late,19:47,7min late,1h 34m,Landed
2026-03-13,EY477,,Etihad Airways,Abu Dhabi,AUH,OMAA,18:45,10:45,18:45,on time,23:45,,9h 0m,Landed
2026-03-13,ID6415,BTK6415,Batik Air,Surabaya,SUB,WARR,18:45,10:45,19:19,34min late,19:05,20min late,46m,Landed
2026-03-13,NZ291,ANZ291,Air New Zealand,Auckland,AKL,NZAA,18:50,10:50,19:55,5min late,08:02,7min late,7h 6m,Landed
2026-03-13,QR963,,Qatar Airways,Doha,DOH,OTHH,18:50,10:50,,,,,9h 40m,Cancelled
2026-03-13,6E1608,IGO1608,IndiGo,Chennai,MAA,VOMM,18:50,10:50,19:11,21min late,22:35,5min late,5h 54m,Landed
2026-03-13,8B5258,TNU5258,TransNusa,Lombok,LOP,WADL,18:55,10:55,19:14,19min late,19:42,7min late,27m,Landed
2026-03-13,TG440,THA440,Thai Airways International,Bangkok,BKK,VTBS,19:00,11:00,19:07,7min late,22:03,11min early,3h 55m,Landed
2026-03-13,MH852,MAS852,Malaysia Airlines,Kuala Lumpur,KUL,WMKK,19:15,11:15,19:32,17min late,22:09,5min early,2h 36m,Landed
2026-03-13,AK379,AXM379,AirAsia,Kuala Lumpur,KUL,WMKK,19:15,11:15,21:15,0min late,23:52,32min late,2h 36m,Landed
2026-03-13,QZ809,AWQ809,Indonesia AirAsia,Jakarta,CGK,WIII,19:15,11:15,20:07,52min late,20:36,21min late,1h 28m,Landed
2026-03-13,ID7310,BTK7310,Batik Air,Jakarta,HLP,WIHH,19:25,11:25,20:10,45min late,20:31,16min late,1h 20m,Landed
2026-03-13,QG689,CTV689,Citilink,Jakarta,CGK,WIII,19:30,11:30,20:36,6min late,21:20,50min late,1h 43m,Landed
2026-03-13,QG699,CTV699,Citilink,Surabaya,SUB,WARR,19:30,11:30,20:24,54min late,20:18,38min late,54m,Landed
2026-03-13,JQ107,JST107,Jetstar Airways,Perth,PER,YPPH,19:45,11:45,19:44,on time,22:54,25min early,3h 10m,Landed
2026-03-13,8B969,,TransNusa,Guangzhou,CAN,ZGGG,19:45,11:45,,,,,5h 20m,
2026-03-13,EK369,UAE369,Emirates,Dubai,DXB,OMDB,19:50,11:50,20:14,24min late,01:15,5min late,9h 1m,Landed
2026-03-13,IU133,SJV133,SW Italia,Semarang,SRG,WIIS,19:50,11:50,20:21,31min late,20:21,11min late,59m,Landed
2026-03-13,QZ807,AWQ807,Indonesia AirAsia,Jakarta,CGK,WIII,20:00,12:00,23:20,20min late,23:50,50min late,1h 29m,Landed
2026-03-13,TR283,TGW283,Scoot,Singapore,SIN,WSSS,20:05,12:05,20:26,21min late,22:35,4min early,2h 9m,Landed
2026-03-13,SL259,TLM259,Thai Lion Air,Bangkok,DMK,VTBD,20:05,12:05,20:24,19min late,23:20,4min early,3h 56m,Landed
2026-03-13,QG195,CTV195,Citilink,Jakarta,HLP,WIHH,20:10,12:10,21:07,57min late,21:34,29min late,1h 27m,Landed
2026-03-13,SQ945,SIA945,Singapore Airlines,Singapore,SIN,WSSS,20:15,12:15,20:29,14min late,22:43,11min early,2h 14m,Landed
2026-03-13,GA718,GIA718,Garuda Indonesia,Melbourne,MEL,YMML,20:20,12:20,21:00,40min late,05:12,12min late,5h 12m,Landed
2026-03-13,JQ34,JST034,Jetstar Airways,Melbourne,MEL,YMML,20:20,12:20,20:40,20min late,04:41,13min early,5h 0m,Landed
2026-03-13,ID6413,BTK6413,Batik Air,Surabaya,SUB,WARR,20:30,12:30,20:55,25min late,20:29,on time,33m,Landed
2026-03-13,GA415,GIA415,Garuda Indonesia,Jakarta,CGK,WIII,20:45,12:45,21:04,19min late,21:38,6min early,1h 34m,Landed
2026-03-13,IP105,PAS105,Pelita Air Service,Jakarta,CGK,WIII,20:50,12:50,21:13,23min late,21:43,3min late,1h 30m,Landed
2026-03-13,OD177,MXD177,Malindo Air,Melbourne,MEL,YMML,20:55,12:55,21:18,23min late,05:26,13min early,5h 7m,Landed
2026-03-13,AK375,AXM375,AirAsia,Kuala Lumpur,KUL,WMKK,21:05,13:05,23:49,44min late,02:19,9min late,2h 30m,Landed
2026-03-13,TK67,THY067,Turkish Airlines,Istanbul,IST,LTFM,21:10,13:10,21:25,15min late,05:53,13min late,13h 28m,Landed
2026-03-13,OD171,MXD171,Malindo Air,Sydney,SYD,YSSY,21:10,13:10,21:44,34min late,06:16,1min late,5h 32m,Landed
2026-03-13,QG667,CTV667,Citilink,Jakarta,CGK,WIII,21:10,13:10,22:20,10min late,22:54,44min late,1h 34m,Landed
2026-03-13,JT11,,Lion Air,Jakarta,CGK,WIII,21:15,13:15,23:32,17min late,23:56,46min late,1h 24m,Landed
2026-03-13,QF44,QFA044,Qantas,Sydney,SYD,YSSY,21:20,13:20,21:31,11min late,06:04,10min early,5h 32m,Landed
2026-03-13,8B5109,TNU5109,TransNusa,Jakarta,CGK,WIII,21:23,13:23,21:22,1min early,21:58,1min early,1h 36m,Landed
2026-03-13,ID6760,BTK6760,Batik Air,Makassar,UPG,WAAA,21:30,13:30,21:36,6min late,22:34,20min early,58m,Landed
2026-03-13,QZ819,AWQ819,Indonesia AirAsia,Jakarta,CGK,WIII,21:35,13:35,22:03,28min late,22:33,8min late,1h 30m,Landed
2026-03-13,SJ273,SJY273,Sriwijaya Air,Jakarta,CGK,WIII,21:35,13:35,01:01,26min late,01:35,39min early,,Landed
2026-03-13,GA425,GIA425,Garuda Indonesia,Jakarta,CGK,WIII,21:40,13:40,21:38,2min early,22:11,33min early,1h 33m,Landed
2026-03-13,SQ947,SIA947,Singapore Airlines,Singapore,SIN,WSSS,21:40,13:40,21:57,17min late,00:18,1min early,2h 21m,Landed
2026-03-13,KL836,KLM836,KLM Royal Dutch Airlines,Singapore,SIN,WSSS,21:40,13:40,21:44,4min late,23:57,12min early,2h 12m,Landed
2026-03-13,JQ117,JST117,Jetstar Airways,Perth,PER,YPPH,21:45,13:45,22:11,26min late,01:22,7min late,3h 10m,Landed
2026-03-13,VA94,VOZ094,Virgin Australia,Melbourne,MEL,YMML,22:00,14:00,23:43,43min late,07:58,18min late,5h 14m,Landed
2026-03-13,TK311,THY311,Turkish Airlines,Istanbul,IST,LTFM,22:00,14:00,22:31,31min late,06:32,7min late,13h 0m,Landed
2026-03-13,SV857,SVA857,Saudi Arabian Airlines,Singapore,SIN,WSSS,22:05,14:05,23:06,1min late,01:16,31min late,2h 10m,Landed
2026-03-13,QF46,QFA046,Qantas,Melbourne,MEL,YMML,22:05,14:05,22:16,11min late,06:18,31min early,5h 2m,Landed
2026-03-13,JQ38,JST038,Jetstar Airways,Sydney,SYD,YSSY,22:20,14:20,23:01,41min late,07:46,16min late,5h 45m,Landed
2026-03-13,JQ89,JST089,Jetstar Airways,Newcastle,NTL,YWLM,22:20,14:20,22:36,16min late,07:07,7min early,5h 31m,Landed
2026-03-13,VA66,VOZ066,Virgin Australia,Sydney,SYD,YSSY,22:30,14:30,22:45,15min late,07:10,29min early,5h 25m,Landed
2026-03-13,JT15,LNI015,Lion Air,Jakarta,CGK,WIII,22:45,14:45,23:11,26min late,23:40,on time,1h 28m,Landed
2026-03-13,JQ128,JST128,Jetstar Airways,Adelaide,ADL,YPAD,22:50,14:50,00:21,31min late,07:15,0min late,4h 24m,Landed
2026-03-13,7C2712,JJA2712,Jeju Air,Seoul,ICN,RKSI,23:05,15:05,23:52,47min late,07:37,27min late,6h 44m,Landed
2026-03-13,3U3986,CSC3986,Sichuan Airlines,Lujia Town,TFU,ZUTF,23:10,15:10,23:16,6min late,05:16,38min early,6h 0m,Landed
2026-03-13,JQ91,JST091,Jetstar Airways,Cairns,CNS,YBCS,23:10,15:10,23:45,35min late,06:13,28min late,4h 28m,Landed
2026-03-13,QG9695,CTV9695,Citilink,Surabaya,SUB,WARR,23:20,15:20,23:29,9min late,23:15,14min early,46m,Landed
2026-03-13,VA82,VOZ082,Virgin Australia,Gold Coast,OOL,YBCG,23:20,15:20,23:30,10min late,06:59,10min early,5h 28m,Landed
2026-03-13,GA714,GIA714,Garuda Indonesia,Sydney,SYD,YSSY,23:35,15:35,00:23,48min late,08:53,18min late,5h 29m,Landed
2026-03-13,JQ42,JST042,Jetstar Airways,Melbourne,MEL,YMML,23:40,15:40,00:01,21min late,08:08,21min early,5h 6m,Landed
2026-03-13,QZ420,AWQ420,Indonesia AirAsia,Adelaide,ADL,YPAD,23:45,15:45,00:05,20min late,07:12,12min early,4h 36m,Landed
2026-03-13,KE432,KAL432,Korean Air Lines,Seoul,ICN,RKSI,23:50,15:50,00:15,25min late,07:43,1min early,6h 27m,Landed
2026-03-13,JQ94,JST094,Jetstar Airways,Gold Coast,OOL,YBCG,23:55,15:55,00:10,15min late,07:38,13min late,5h 27m,Landed
2026-03-14,BX602,ABL602,Air Busan,Busan,PUS,RKPK,00:05,16:05,00:29,24min late,07:40,49min early,6h 11m,Landed
2026-03-14,8B84,TNU084,TransNusa,Perth,PER,YPPH,00:20,16:20,00:19,on time,03:31,33min early,3h 11m,Landed
2026-03-14,MF892,CXA892,Xiamen Airlines,Xiamen,XMN,ZSAM,00:30,16:30,00:32,2min late,08:17,12min late,7h 45m,Landed
2026-03-14,QR961,,Qatar Airways,Doha,DOH,OTHH,00:30,16:30,,,,,9h 40m,Cancelled
2026-03-14,CZ626,CSN626,China Southern Airlines,Guangzhou,CAN,ZGGG,00:40,16:40,00:30,9min early,05:14,35min early,4h 44m,Landed
2026-03-14,GA880,GIA880,Garuda Indonesia,Tokyo,NRT,RJAA,00:50,16:50,01:04,14min late,08:27,22min early,6h 22m,Landed
2026-03-14,MU5030,CES5030,China Eastern Airlines,Shanghai,PVG,ZSPD,00:55,16:55,00:45,9min early,06:39,30min early,5h 53m,Landed
2026-03-14,QZ548,AWQ548,Indonesia AirAsia,Perth,PER,YPPH,01:00,17:00,21:48,11min early,04:13,26min early,6h 25m,Landed
2026-03-14,SJ726,,Sriwijaya Air,Makassar,UPG,WAAA,01:00,17:00,,,,,1h 20m,
2026-03-14,KE434,KAL434,Korean Air Lines,Seoul,ICN,RKSI,01:05,17:05,01:29,24min late,08:41,18min early,6h 11m,Landed
2026-03-14,PR538,PAL538,Philippine Airlines,Manila,MNL,RPLL,01:10,17:10,01:13,3min late,04:45,24min early,3h 31m,Landed
2026-03-14,8B5888,,TransNusa,Manado,MDC,WAMM,01:30,17:30,,,,,2h 45m,
2026-03-14,QZ534,AWQ534,Indonesia AirAsia,Perth,PER,YPPH,07:00,23:00,07:12,12min late,10:29,20min early,3h 17m,Landed
2026-03-14,GA401,GIA401,Garuda Indonesia,Jakarta,CGK,WIII,07:00,23:00,07:01,1min late,07:28,31min early,1h 27m,Landed
2026-03-14,JT746,LNI746,Lion Air,Makassar,UPG,WAAA,07:00,23:00,07:14,14min late,11:29,4min late,4h 15m,Landed
2026-03-14,IU705,SJV705,SW Italia,Surabaya,SUB,WARR,07:00,23:00,07:53,53min late,14:03,2min late,7h 9m,Landed
2026-03-14,QG690,CTV690,Citilink,Surabaya,SUB,WARR,07:05,23:05,07:17,12min late,13:52,42min late,7h 35m,Landed
2026-03-14,JQ82,JST082,Jetstar Airways,Darwin,DRW,YPDN,07:05,23:05,07:24,19min late,11:32,17min late,2h 37m,Landed
2026-03-14,QZ550,AWQ550,Indonesia AirAsia,Kuala Lumpur,KUL,WMKK,07:15,23:15,07:04,10min early,09:40,29min early,2h 36m,Landed
2026-03-14,QZ644,AWQ644,Indonesia AirAsia,Labuan Bajo,LBJ,WATO,07:15,23:15,07:21,6min late,09:51,26min late,2h 30m,Landed
2026-03-14,SQ949,SIA949,Singapore Airlines,Singapore,SIN,WSSS,07:20,23:20,07:22,2min late,09:36,23min early,2h 13m,Landed
2026-03-14,8B551,TNU551,Business Air,Singapore,SIN,WSSS,07:30,23:30,07:25,4min early,09:42,12min early,2h 17m,Landed
2026-03-14,8B5250,,TransNusa,Lombok,LOP,WADL,07:30,23:30,,,,,25m,
2026-03-14,QZ644,AWQ644,Indonesia AirAsia,Labuan Bajo,LBJ,WATO,07:40,23:40,07:59,19min late,10:26,31min late,2h 27m,Landed
2026-03-14,ID6333,BTK6333,Batik Air,Labuan Bajo,LBJ,WATO,07:55,23:55,08:09,14min late,09:02,7min early,53m,Landed
2026-03-14,JT21,LNI021,Lion Air,Jakarta,CGK,WIII,08:05,00:05,08:24,19min late,08:52,7min early,1h 27m,Landed
2026-03-14,QG691,CTV691,Citilink,Surabaya,SUB,WARR,08:05,00:05,08:03,1min early,07:46,28min early,43m,Landed
2026-03-14,IW1858,WON1858,Wings Air,Lombok,LOP,WADL,08:05,00:05,09:30,25min late,10:00,5min late,30m,Landed
2026-03-14,HX706,CRK706,Hong Kong Airlines,Hong Kong,HKG,VHHH,08:15,00:15,08:34,19min late,12:58,16min early,4h 24m,Landed
2026-03-14,CZ8482,CSN8482,China Southern Airlines,Guangzhou,CAN,ZGGG,08:35,00:35,08:49,14min late,13:29,35min early,4h 39m,Landed
2026-03-14,5J280,CEB280,CEBU Pacific Air,Manila,MNL,RPLL,08:35,00:35,08:46,11min late,12:21,28min early,3h 34m,Landed
2026-03-14,IW1854,WON1854,Wings Air,Lombok,LOP,WADL,08:45,00:45,09:02,17min late,09:38,3min late,36m,Landed
2026-03-14,QG500,CTV500,Citilink,Dili,DIL,WPDL,08:50,00:50,08:55,5min late,11:39,15min early,1h 44m,Landed
2026-03-14,IW1882,WON1882,Wings Air,Sumbawa Besar,SWQ,WADS,08:55,00:55,08:57,2min late,09:38,21min early,41m,Landed
2026-03-14,IN640,LKN640,NAM Air,Tambolaka,TMC,WADT,09:10,01:10,11:17,7min late,12:08,58min late,50m,Landed
2026-03-14,8B5105,TNU5105,TransNusa,Jakarta,CGK,WIII,09:15,01:15,07:31,43min early,07:58,1min early,1h 26m,Landed
2026-03-14,IW1848,WON1848,Wings Air,Lombok,LOP,WADL,09:25,01:25,09:24,on time,09:57,17min early,33m,Landed
2026-03-14,QG663,CTV663,Citilink,Jakarta,CGK,WIII,09:35,01:35,09:53,18min late,10:19,15min early,1h 26m,Landed
2026-03-14,QZ803,AWQ803,Indonesia AirAsia,Jakarta,CGK,WIII,09:40,01:40,09:56,16min late,10:20,9min early,1h 24m,Landed
2026-03-14,8B80,TNU080,TransNusa,Perth,PER,YPPH,09:40,01:40,09:33,6min early,12:54,30min early,3h 20m,Landed
2026-03-14,ID6324,BTK6324,Batik Air,Tambolaka,TMC,WADT,09:40,01:40,09:50,10min late,13:21,26min late,3h 31m,Landed
2026-03-14,IU128,SJV128,SW Italia,Surakarta,SOC,WAHQ,10:00,02:00,10:11,11min late,11:59,39min late,2h 47m,Landed
2026-03-14,AI2146,AIC2146,Air India,Delhi,DEL,VIDP,10:00,02:00,10:09,9min late,15:12,12min late,7h 33m,Landed
2026-03-14,IU122,SJV122,SW Italia,Yogyakarta,YIA,WAHI,10:00,02:00,10:15,15min late,10:22,7min early,1h 6m,Landed
2026-03-14,JQ111,JST111,Jetstar Airways,Perth,PER,YPPH,10:20,02:20,10:33,13min late,13:49,20min early,3h 15m,Landed
2026-03-14,8B5101,TNU5101,TransNusa,Jakarta,CGK,WIII,10:30,02:30,14:09,39min late,14:44,29min late,1h 34m,Landed
2026-03-14,SQ935,SIA935,Singapore Airlines,Singapore,SIN,WSSS,10:30,02:30,10:41,11min late,12:49,21min early,2h 7m,Landed
2026-03-14,JT805,LNI805,Lion Air,Surabaya,SUB,WARR,10:35,02:35,10:49,14min late,10:25,9min early,35m,Landed
2026-03-14,JT924,LNI924,Lion Air,Kupang,KOE,WATT,10:35,02:35,11:02,27min late,12:31,6min late,1h 28m,Landed
2026-03-14,8G182,DTL182,Mid Africa Aviation,Dili,DIL,WPDL,10:35,02:35,10:47,12min late,13:28,1min early,1h 40m,Landed
2026-03-14,TR281,TGW281,Scoot,Singapore,SIN,WSSS,11:10,03:10,11:46,36min late,13:57,7min late,2h 10m,Landed
2026-03-14,IW1856,WON1856,Wings Air,Lombok,LOP,WADL,11:10,03:10,09:02,7min early,12:03,3min late,3h 1m,Landed
2026-03-14,QG197,CTV197,Citilink,Jakarta,HLP,WIHH,11:10,03:10,11:06,3min early,11:47,12min early,1h 41m,Landed
2026-03-14,JQ40,JST040,Jetstar Airways,Sydney,SYD,YSSY,11:15,03:15,11:38,23min late,20:01,13min early,5h 23m,Landed
2026-03-14,JT33,LNI033,Lion Air,Jakarta,CGK,WIII,11:25,03:25,11:40,15min late,12:03,16min early,1h 23m,Landed
2026-03-14,6E1606,IGO1606,IndiGo,Bangalore,BLR,VOBL,11:30,03:30,11:31,1min late,15:09,25min early,6h 8m,Landed
2026-03-14,JQ32,JST032,Jetstar Airways,Melbourne,MEL,YMML,11:30,03:30,11:55,25min late,20:02,7min early,5h 6m,Landed
2026-03-14,OD172,MXD172,Malindo Air,Kuala Lumpur,KUL,WMKK,11:35,03:35,12:09,34min late,14:50,5min late,2h 40m,Landed
2026-03-14,IW1964,WON1964,Wings Air,Lombok,LOP,WADL,11:40,03:40,12:06,26min late,12:37,7min late,30m,Landed
2026-03-14,ID6331,BTK6331,Batik Air,Labuan Bajo,LBJ,WATO,11:45,03:45,13:12,27min late,15:36,36min late,2h 23m,Landed
2026-03-14,JQ109,JST109,Jetstar Airways,Perth,PER,YPPH,11:45,03:45,11:53,8min late,15:13,22min early,3h 19m,Landed
2026-03-14,IW1850,WON1850,Wings Air,Lombok,LOP,WADL,11:50,03:50,11:47,2min early,12:17,22min early,29m,Landed
2026-03-14,GA407,GIA407,Garuda Indonesia,Jakarta,CGK,WIII,11:55,03:55,12:05,10min late,12:34,20min early,1h 29m,Landed
2026-03-14,QZ618,AWQ618,Indonesia AirAsia,Banjarmasin,BDJ,WAOO,11:55,03:55,11:54,on time,12:57,37min early,1h 2m,Landed
2026-03-14,FD397,AIQ397,Thai AirAsia,Bangkok,DMK,VTBD,12:00,04:00,12:23,23min late,15:27,7min late,4h 3m,Landed
2026-03-14,SQ937,SIA937,Singapore Airlines,Singapore,SIN,WSSS,12:05,04:05,12:31,26min late,14:44,10min early,2h 13m,Landed
2026-03-14,GA253,GIA253,Garuda Indonesia,Yogyakarta,YIA,WAHI,12:05,04:05,12:34,29min late,14:57,2min late,3h 23m,Landed
2026-03-14,OD192,MXD192,Malindo Air,Kuala Lumpur,KUL,WMKK,12:10,04:10,12:19,9min late,14:59,20min early,2h 39m,Landed
2026-03-14,SJ7420,,Sriwijaya Air,Tambolaka,TMC,WADT,12:10,04:10,12:10,,13:10,,1h 0m,Landed
2026-03-14,OD178,MXD178,Malindo Air,Kuala Lumpur,KUL,WMKK,12:15,04:15,12:42,27min late,15:24,on time,2h 42m,Landed
2026-03-14,QG697,CTV697,Citilink,Surabaya,SUB,WARR,12:20,04:20,12:25,5min late,12:03,26min early,37m,Landed
2026-03-14,8B5634,TNU5634,TransNusa,Bima,BMU,WADB,12:37,04:37,12:36,on time,13:24,on time,48m,Landed
2026-03-14,IP103,PAS103,Pelita Air Service,Jakarta,CGK,WIII,12:45,04:45,13:15,30min late,13:52,17min late,1h 37m,Landed
2026-03-14,SQ939,SIA939,Singapore Airlines,Singapore,SIN,WSSS,13:00,05:00,13:07,7min late,15:23,26min early,2h 16m,Landed
2026-03-14,AK365,AXM365,AirAsia,Kuala Lumpur,KUL,WMKK,13:05,05:05,13:19,14min late,15:55,14min early,2h 36m,Landed
2026-03-14,MH714,MAS714,Malaysia Airlines,Kuala Lumpur,KUL,WMKK,13:10,05:10,14:02,52min late,16:46,41min late,2h 44m,Landed
2026-03-14,JT35,LNI035,Lion Air,Jakarta,CGK,WIII,13:15,05:15,13:50,35min late,14:21,11min late,1h 31m,Landed
2026-03-14,GA409,GIA409,Garuda Indonesia,Jakarta,CGK,WIII,13:25,05:25,13:39,14min late,14:09,15min early,1h 30m,Landed
2026-03-14,JQ58,JST058,Jetstar Airways,Brisbane,BNE,YBBN,13:30,05:30,13:35,5min late,21:03,21min early,5h 28m,Landed
2026-03-14,JT660,LNI660,Lion Air,Balikpapan,BPN,WALL,13:30,05:30,13:47,17min late,15:14,on time,1h 27m,Landed
2026-03-14,QZ811,AWQ811,Indonesia AirAsia,Jakarta,CGK,WIII,13:40,05:40,14:51,11min late,15:21,51min late,1h 30m,Landed
2026-03-14,ID6509,BTK6509,Batik Air,Jakarta,CGK,WIII,13:45,05:45,14:07,22min late,14:35,4min early,1h 28m,Landed
2026-03-14,8B5107,TNU5107,TransNusa,Jakarta,CGK,WIII,13:50,05:50,14:09,19min late,14:44,9min late,1h 34m,Landed
2026-03-14,JT919,LNI919,Lion Air,Surabaya,SUB,WARR,13:55,05:55,16:04,9min late,15:41,46min late,37m,Landed
2026-03-14,QZ544,AWQ544,Indonesia AirAsia,Perth,PER,YPPH,14:00,06:00,14:14,14min late,17:31,18min early,3h 16m,Landed
2026-03-14,QG687,CTV687,Citilink,Jakarta,CGK,WIII,14:00,06:00,14:04,4min late,14:32,28min early,1h 27m,Landed
2026-03-14,QG342,CTV342,Citilink,Makassar,UPG,WAAA,14:00,06:00,14:22,22min late,19:41,11min late,5h 19m,Landed
2026-03-14,6E1612,IGO1612,IndiGo,Bhubaneswar,BBI,VEBS,14:00,06:00,13:57,2min early,17:24,15min early,5h 56m,Landed
2026-03-14,8B82,TNU082,TransNusa,Perth,PER,YPPH,14:00,06:00,14:36,36min late,17:53,13min late,3h 16m,Landed
2026-03-14,IU137,SJV137,SW Italia,Kupang,KOE,WATT,14:00,06:00,14:15,15min late,15:47,2min early,1h 31m,Landed
2026-03-14,VJ894,VJC894,VietJet Air,Ho Chi Minh City,SGN,VVTS,14:05,06:05,14:19,14min late,16:43,21min early,3h 24m,Landed
2026-03-14,IU130,SJV130,SW Italia,Semarang,SRG,WIIS,14:15,06:15,14:47,32min late,14:49,14min late,1h 2m,Landed
2026-03-14,ID6517,BTK6517,Batik Air,Jakarta,CGK,WIII,14:15,06:15,14:55,40min late,15:24,14min late,1h 29m,Landed
2026-03-14,ID7308,BTK7308,Batik Air,Jakarta,HLP,WIHH,14:20,06:20,15:29,9min late,15:52,42min late,1h 23m,Landed
2026-03-14,QZ246,AWQ246,Indonesia AirAsia,Phuket,HKT,VTSP,14:25,06:25,14:38,13min late,17:21,6min late,3h 42m,Landed
2026-03-14,QZ556,AWQ556,Indonesia AirAsia,Kuala Lumpur,KUL,WMKK,14:30,06:30,14:41,11min late,17:25,4min early,2h 43m,Landed
2026-03-14,TR289,TGW289,Scoot,Singapore,SIN,WSSS,14:35,06:35,14:44,9min late,17:16,13min early,2h 31m,Landed
2026-03-14,OD307,MXD307,Malindo Air,Kuala Lumpur,KUL,WMKK,14:50,06:50,15:06,16min late,17:46,8min early,2h 39m,Landed
2026-03-14,JQ43,JST043,Jetstar Airways,Singapore,SIN,WSSS,14:50,06:50,14:59,9min late,17:33,21min early,2h 33m,Landed
2026-03-14,JQ44,JST044,Jetstar Airways,Melbourne,MEL,YMML,14:55,06:55,16:06,11min late,00:02,27min late,4h 56m,Landed
2026-03-14,VA48,VOZ048,Virgin Australia,Brisbane,BNE,YBBN,15:00,07:00,15:23,23min late,22:56,1min late,5h 33m,Landed
2026-03-14,JT844,LNI844,Lion Air,Banjarmasin,BDJ,WAOO,15:00,07:00,15:24,24min late,16:29,on time,1h 5m,Landed
2026-03-14,IU120,SJV120,SW Italia,Yogyakarta,YIA,WAHI,15:00,07:00,19:32,32min late,19:41,11min late,1h 8m,Landed
2026-03-14,QG681,CTV681,Citilink,Jakarta,CGK,WIII,15:00,07:00,15:09,9min late,15:38,21min early,1h 29m,Landed
2026-03-14,QZ821,AWQ821,Indonesia AirAsia,Jakarta,CGK,WIII,15:05,07:05,15:48,43min late,16:13,13min late,1h 24m,Landed
2026-03-14,AI2148,AIC2148,Air India,Delhi,DEL,VIDP,15:10,07:10,15:18,8min late,20:28,23min late,7h 39m,Landed
2026-03-14,AK377,AXM377,AirAsia,Kuala Lumpur,KUL,WMKK,15:25,07:25,16:34,9min late,19:10,45min late,2h 36m,Landed
2026-03-14,JT740,LNI740,Lion Air,Makassar,UPG,WAAA,15:30,07:30,16:18,48min late,17:21,26min late,1h 3m,Landed
2026-03-14,GA411,GIA411,Garuda Indonesia,Jakarta,CGK,WIII,15:35,07:35,15:57,22min late,16:21,18min early,1h 24m,Landed
2026-03-14,VJ898,VJC898,VietJet Air,Ho Chi Minh City,SGN,VVTS,15:35,07:35,18:37,2min late,20:54,29min late,3h 16m,Landed
2026-03-14,SJ7161,,Sriwijaya Air,Makassar,UPG,WAAA,15:40,07:40,15:40,,17:00,,1h 20m,Landed
2026-03-14,8B5254,TNU5254,TransNusa,Lombok,LOP,WADL,15:42,07:42,15:42,on time,16:10,on time,28m,Landed
2026-03-14,CI772,CAL772,China Airlines,Taipei,TPE,RCTP,15:45,07:45,16:10,25min late,20:50,14min early,4h 39m,Landed
2026-03-14,VA92,VOZ092,Virgin Australia,Melbourne,MEL,YMML,15:50,07:50,16:17,27min late,00:19,10min early,5h 2m,Landed
2026-03-14,QZ536,AWQ536,Indonesia AirAsia,Perth,PER,YPPH,16:00,08:00,16:21,21min late,19:39,5min early,3h 18m,Landed
2026-03-14,IP109,PAS109,Pelita Air Service,Jakarta,CGK,WIII,16:00,08:00,16:12,12min late,16:41,8min early,1h 29m,Landed
2026-03-14,VN640,HVN640,Vietnam Airlines,Ho Chi Minh City,SGN,VVTS,16:05,08:05,16:28,23min late,18:51,3min early,3h 23m,Landed
2026-03-14,TG432,THA432,Thai Airways International,Bangkok,BKK,VTBS,16:10,08:10,16:15,5min late,18:54,30min early,3h 38m,Landed
2026-03-14,QG669,CTV669,Citilink,Surabaya,SUB,WARR,16:10,08:10,16:23,13min late,19:35,15min late,4h 12m,Landed
2026-03-14,QG661,CTV661,Citilink,Jakarta,CGK,WIII,16:20,08:20,16:38,18min late,17:03,16min early,1h 25m,Landed
2026-03-14,MH850,MAS850,Malaysia Airlines,Kuala Lumpur,KUL,WMKK,16:25,08:25,16:36,11min late,19:23,11min early,2h 46m,Landed
2026-03-14,IW1852,WON1852,Wings Air,Lombok,LOP,WADL,16:30,08:30,16:52,22min late,17:28,8min late,35m,Landed
2026-03-14,IU743,,SW Italia,Jakarta,CGK,WIII,16:35,08:35,,,,,1h 55m,
2026-03-14,BR256,EVA256,EVA Airways,Taipei,TPE,RCTP,16:40,08:40,17:09,29min late,22:25,40min late,5h 15m,Landed
2026-03-14,IU703,SJV703,SW Italia,Surabaya,SUB,WARR,16:40,08:40,17:46,6min late,05:16,36min late,12h 30m,Landed
2026-03-14,JT744,LNI744,Lion Air,Makassar,UPG,WAAA,16:40,08:40,16:48,8min late,17:59,5min early,1h 11m,Landed
2026-03-14,GA349,GIA349,Garuda Indonesia,Surabaya,SUB,WARR,16:55,08:55,17:04,9min late,16:47,22min early,42m,Landed
2026-03-14,QZ807,AWQ807,Indonesia AirAsia,Jakarta,CGK,WIII,16:55,08:55,21:24,29min late,21:50,50min late,1h 25m,Landed
2026-03-14,ID6335,BTK6335,Batik Air,Labuan Bajo,LBJ,WATO,17:00,09:00,17:22,22min late,19:50,35min late,2h 27m,Landed
2026-03-14,VJ998,VJC998,VietJet Air,Hanoi,HAN,VVNB,17:25,09:25,17:39,14min late,01:43,8min late,9h 4m,Landed
2026-03-14,GA419,GIA419,Garuda Indonesia,Jakarta,CGK,WIII,17:25,09:25,17:30,5min late,18:17,7min early,1h 47m,Landed
2026-03-14,HO1356,DKH1356,Juneyao Airlines,Shanghai,PVG,ZSPD,17:25,09:25,17:20,4min early,23:30,19min early,6h 9m,Landed
2026-03-14,TR211,TGW211,Scoot,Singapore,SIN,WSSS,17:35,09:35,17:50,15min late,20:07,37min early,2h 16m,Landed
2026-03-14,IP107,PAS107,Pelita Air Service,Jakarta,CGK,WIII,17:40,09:40,17:53,13min late,18:22,7min early,1h 28m,Landed
2026-03-14,JT3759,LNI3759,Lion Air,Jakarta,CGK,WIII,17:55,09:55,18:42,47min late,19:08,18min late,1h 26m,Landed
2026-03-14,OD193,MXD193,Malindo Air,Perth,PER,YPPH,18:10,10:10,18:32,22min late,21:45,on time,3h 12m,Landed
2026-03-14,IU126,SJV126,SW Italia,Surakarta,SOC,WAHQ,18:10,10:10,19:00,50min late,18:59,29min late,58m,Landed
2026-03-14,8B5256,TNU5256,TransNusa,Lombok,LOP,WADL,18:11,10:11,18:09,1min early,18:32,1min early,23m,Landed
2026-03-14,JT25,,Lion Air,Jakarta,CGK,WIII,18:15,10:15,18:39,24min late,20:53,43min late,3h 14m,Landed
2026-03-14,IN281,LKN281,NAM Air,Jakarta,CGK,WIII,18:30,10:30,19:21,51min late,19:48,38min late,1h 26m,Landed
2026-03-14,IN283,,NAM Air,Jakarta,CGK,WIII,18:30,10:30,,,,,1h 40m,
2026-03-14,IP111,PAS111,Pelita Air Service,Jakarta,CGK,WIII,18:35,10:35,19:09,34min late,19:37,12min late,1h 27m,Landed
2026-03-14,JT31,LNI031,Lion Air,Jakarta,CGK,WIII,18:38,10:38,18:38,on time,19:03,on time,1h 25m,Landed
2026-03-14,JT3027,,Lion Air,Jakarta,CGK,WIII,18:40,10:40,20:22,42min late,20:49,14min late,1h 27m,Landed
2026-03-14,CX782,CPA782,Cathay Pacific,Hong Kong,HKG,VHHH,18:40,10:40,19:48,8min late,00:03,18min late,4h 15m,Landed
2026-03-14,GA417,GIA417,Garuda Indonesia,Jakarta,CGK,WIII,18:40,10:40,18:51,11min late,19:30,9min early,1h 38m,Landed
2026-03-14,QZ504,AWQ504,Indonesia AirAsia,Singapore,SIN,WSSS,18:40,10:40,20:32,52min late,22:59,39min late,2h 26m,Landed
2026-03-14,EY477,,Etihad Airways,Abu Dhabi,AUH,OMAA,18:45,10:45,18:45,,23:45,,9h 0m,Landed
2026-03-14,ID6415,BTK6415,Batik Air,Surabaya,SUB,WARR,18:45,10:45,18:57,12min late,18:39,5min early,41m,Landed
2026-03-14,QR963,,Qatar Airways,Doha,DOH,OTHH,18:50,10:50,,,,,9h 40m,Cancelled
2026-03-14,6E1608,IGO1608,IndiGo,Chennai,MAA,VOMM,18:50,10:50,19:18,28min late,22:38,8min late,5h 50m,Landed
2026-03-14,TG440,THA440,Thai Airways International,Bangkok,BKK,VTBS,19:00,11:00,19:30,30min late,22:24,9min late,3h 53m,Landed
2026-03-14,QZ941,AWQ941,Indonesia AirAsia,Jakarta,CGK,WIII,19:00,11:00,19:57,57min late,20:26,26min late,1h 28m,Landed
2026-03-14,MH852,MAS852,Malaysia Airlines,Kuala Lumpur,KUL,WMKK,19:15,11:15,19:26,11min late,22:07,7min early,2h 41m,Landed
2026-03-14,AK379,,AirAsia,Kuala Lumpur,KUL,WMKK,19:15,11:15,19:15,on time,22:20,,3h 5m,Landed
2026-03-14,QZ809,AWQ809,Indonesia AirAsia,Jakarta,CGK,WIII,19:15,11:15,20:49,34min late,21:13,58min late,1h 24m,Landed
2026-03-14,ID7310,BTK7310,Batik Air,Jakarta,HLP,WIHH,19:25,11:25,20:39,14min late,21:03,48min late,1h 23m,Landed
2026-03-14,QG689,CTV689,Citilink,Jakarta,CGK,WIII,19:30,11:30,19:55,25min late,20:26,3min early,1h 31m,Landed
2026-03-14,QG699,CTV699,Citilink,Surabaya,SUB,WARR,19:30,11:30,20:01,31min late,19:44,4min late,42m,Landed
2026-03-14,8B969,,TransNusa,Guangzhou,CAN,ZGGG,19:45,11:45,,,,,5h 20m,
2026-03-14,JT923,LNI923,Lion Air,Surabaya,SUB,WARR,19:45,11:45,20:41,56min late,20:18,33min late,36m,Landed
2026-03-14,IU133,SJV133,SW Italia,Semarang,SRG,WIIS,19:50,11:50,20:02,12min late,19:59,10min early,56m,Landed
2026-03-14,EK369,UAE369,Emirates,Dubai,DXB,OMDB,19:50,11:50,20:27,37min late,01:32,22min late,9h 5m,Landed
2026-03-14,TR283,TGW283,Scoot,Singapore,SIN,WSSS,20:05,12:05,20:11,6min late,22:21,19min early,2h 9m,Landed
2026-03-14,QG195,CTV195,Citilink,Jakarta,HLP,WIHH,20:10,12:10,20:16,6min late,20:45,19min early,1h 28m,Landed
2026-03-14,SQ945,SIA945,Singapore Airlines,Singapore,SIN,WSSS,20:15,12:15,20:36,21min late,22:59,4min late,2h 22m,Landed
2026-03-14,JQ34,JST034,Jetstar Airways,Melbourne,MEL,YMML,20:20,12:20,22:00,40min late,06:02,7min late,5h 2m,Landed
2026-03-14,GA718,GIA718,Garuda Indonesia,Melbourne,MEL,YMML,20:20,12:20,14:07,12min early,04:52,7min early,11h 45m,Landed
2026-03-14,ID6413,BTK6413,Batik Air,Surabaya,SUB,WARR,20:30,12:30,20:53,23min late,20:35,5min late,41m,Landed
2026-03-14,8B5258,TNU5258,TransNusa,Lombok,LOP,WADL,20:33,12:33,20:31,2min early,20:56,2min early,25m,Landed
2026-03-14,GA415,GIA415,Garuda Indonesia,Jakarta,CGK,WIII,20:45,12:45,21:00,15min late,21:29,15min early,1h 28m,Landed
2026-03-14,IP105,,Pelita Air Service,Jakarta,CGK,WIII,20:50,12:50,,,,,1h 50m,
2026-03-14,OD177,MXD177,Malindo Air,Melbourne,MEL,YMML,20:55,12:55,21:32,37min late,05:52,12min late,5h 19m,Landed
2026-03-14,AK375,AXM375,AirAsia,Kuala Lumpur,KUL,WMKK,21:05,13:05,22:05,0min late,00:46,36min late,2h 40m,Landed
2026-03-14,OD171,MXD171,Malindo Air,Sydney,SYD,YSSY,21:10,13:10,22:22,12min late,06:54,39min late,5h 32m,Landed
2026-03-14,TK67,THY067,Turkish Airlines,Istanbul,IST,LTFM,21:10,13:10,21:09,on time,05:35,4min early,13h 25m,Landed
2026-03-14,8B5109,TNU5109,TransNusa,Jakarta,CGK,WIII,21:12,13:12,21:12,on time,21:38,on time,1h 26m,Landed
2026-03-14,JT11,,Lion Air,Jakarta,CGK,WIII,21:15,13:15,21:15,,21:35,34min early,1h 20m,Landed
2026-03-14,QF44,QFA044,Qantas,Sydney,SYD,YSSY,21:20,13:20,21:23,3min late,06:02,12min early,5h 38m,Landed
2026-03-14,ID6760,BTK6760,Batik Air,Makassar,UPG,WAAA,21:30,13:30,21:39,9min late,05:10,15min late,7h 30m,Landed
2026-03-14,QG667,CTV667,Citilink,Jakarta,CGK,WIII,21:30,13:30,22:02,32min late,22:31,1min late,1h 28m,Landed
2026-03-14,JQ60,JST060,Jetstar Airways,Brisbane,BNE,YBBN,21:30,13:30,21:55,25min late,05:17,2min early,5h 22m,Landed
2026-03-14,QZ819,AWQ819,Indonesia AirAsia,Jakarta,CGK,WIII,21:35,13:35,22:19,44min late,22:42,17min late,1h 23m,Landed
2026-03-14,SJ273,SJY273,Sriwijaya Air,Jakarta,CGK,WIII,21:35,13:35,23:15,40min late,23:44,29min late,1h 29m,Landed
2026-03-14,GA425,GIA425,Garuda Indonesia,Jakarta,CGK,WIII,21:40,13:40,22:14,34min late,22:39,5min early,1h 24m,Landed
2026-03-14,KL836,KLM836,KLM Royal Dutch Airlines,Singapore,SIN,WSSS,21:40,13:40,22:11,31min late,00:21,11min late,2h 10m,Landed
2026-03-14,SQ947,SIA947,Singapore Airlines,Singapore,SIN,WSSS,21:40,13:40,21:57,17min late,00:19,on time,2h 22m,Landed
2026-03-14,JQ117,JST117,Jetstar Airways,Perth,PER,YPPH,21:45,13:45,22:08,23min late,01:16,1min late,3h 8m,Landed
2026-03-14,QZ943,AWQ943,Indonesia AirAsia,Jakarta,CGK,WIII,21:55,13:55,23:44,49min late,00:08,13min late,1h 24m,Landed
2026-03-14,TK311,THY311,Turkish Airlines,Istanbul,IST,LTFM,22:00,14:00,22:27,27min late,06:44,19min late,13h 17m,Landed
2026-03-14,QF46,QFA046,Qantas,Melbourne,MEL,YMML,22:05,14:05,22:16,11min late,06:23,26min early,5h 7m,Landed
2026-03-14,OD157,MXD157,Malindo Air,Brisbane,BNE,YBBN,22:10,14:10,22:16,6min late,07:01,1min late,6h 45m,Landed
2026-03-14,JQ38,JST038,Jetstar Airways,Sydney,SYD,YSSY,22:20,14:20,22:30,10min late,07:00,29min early,5h 29m,Landed
2026-03-14,VA66,VOZ066,Virgin Australia,Sydney,SYD,YSSY,22:30,14:30,22:41,11min late,07:16,23min early,5h 35m,Landed
2026-03-14,JT15,LNI015,Lion Air,Jakarta,CGK,WIII,22:45,14:45,23:11,26min late,23:41,1min late,1h 29m,Landed
2026-03-14,JQ128,JST128,Jetstar Airways,Adelaide,ADL,YPAD,22:50,14:50,22:54,4min late,06:00,14min early,4h 36m,Landed
2026-03-14,7C2712,JJA2712,Jeju Air,Seoul,ICN,RKSI,23:05,15:05,23:30,25min late,07:07,2min early,6h 37m,Landed
2026-03-14,JQ91,JST091,Jetstar Airways,Cairns,CNS,YBCS,23:10,15:10,23:09,on time,05:42,2min early,4h 32m,Landed
2026-03-14,3U3986,CSC3986,Sichuan Airlines,Lujia Town,TFU,ZUTF,23:10,15:10,23:32,22min late,11:04,9min late,11h 31m,Landed
2026-03-14,QG9695,CTV9695,Citilink,Surabaya,SUB,WARR,23:20,15:20,23:26,6min late,23:14,15min early,47m,Landed
2026-03-14,GA714,GIA714,Garuda Indonesia,Sydney,SYD,YSSY,23:35,15:35,23:42,7min late,08:21,13min early,5h 39m,Landed
2026-03-14,JQ42,JST042,Jetstar Airways,Melbourne,MEL,YMML,23:40,15:40,00:07,27min late,08:13,16min early,5h 5m,Landed
2026-03-14,KE432,KAL432,Korean Air Lines,Seoul,ICN,RKSI,23:50,15:50,00:05,15min late,07:28,16min early,6h 22m,Landed
2026-03-15,BX602,ABL602,Air Busan,Busan,PUS,RKPK,00:05,16:05,00:29,24min late,10:11,41min late,8h 42m,Landed
2026-03-15,TW158,TWB158,T'Way Air,Cheongju,CJJ,RKTU,00:15,16:15,01:06,51min late,08:30,20min late,6h 23m,Landed
2026-03-15,8B84,TNU084,TransNusa,Perth,PER,YPPH,00:20,16:20,00:19,on time,03:31,33min early,3h 11m,Landed
2026-03-15,EK399,UAE399,Emirates,Dubai,DXB,OMDB,00:25,16:25,00:40,15min late,20:53,8min late,,Landed
2026-03-15,MF892,CXA892,Xiamen Airlines,Xiamen,XMN,ZSAM,00:30,16:30,00:24,6min early,05:38,26min early,5h 14m,Landed
2026-03-15,QR961,QTR961,Qatar Airways,Doha,DOH,OTHH,00:30,16:30,03:18,48min late,17:03,53min late,18h 44m,Landed
2026-03-15,CZ626,CSN626,China Southern Airlines,Guangzhou,CAN,ZGGG,00:40,16:40,00:52,12min late,05:36,13min early,4h 44m,Landed
2026-03-15,GA880,GIA880,Garuda Indonesia,Tokyo,NRT,RJAA,00:50,16:50,01:17,27min late,08:34,15min early,6h 16m,Landed
2026-03-15,GA870,,Garuda Indonesia,Seoul,ICN,RKSI,00:50,16:50,,,,,7h 0m,
2026-03-15,MU5030,CES5030,China Eastern Airlines,Shanghai,PVG,ZSPD,00:55,16:55,01:00,5min late,07:04,5min early,6h 4m,Landed
2026-03-15,QZ548,AWQ548,Indonesia AirAsia,Perth,PER,YPPH,01:00,17:00,01:45,45min late,05:16,36min late,3h 31m,Landed
2026-03-15,KE434,KAL434,Korean Air Lines,Seoul,ICN,RKSI,01:05,17:05,01:35,30min late,08:47,12min early,6h 12m,Landed
2026-03-15,PR538,PAL538,Philippine Airlines,Manila,MNL,RPLL,01:10,17:10,01:39,29min late,05:09,on time,3h 30m,Landed
2026-03-15,8B5888,TNU5888,Business Air,Manado,MDC,WAMM,01:30,17:30,01:36,6min late,07:44,29min late,6h 7m,Landed
2026-03-15,GA401,GIA401,Garuda Indonesia,Jakarta,CGK,WIII,07:00,23:00,07:01,1min late,07:28,31min early,1h 27m,Landed
2026-03-15,IU705,SJV705,SW Italia,Surabaya,SUB,WARR,07:00,23:00,07:53,53min late,14:03,2min late,7h 9m,Landed
2026-03-15,JT746,LNI746,Lion Air,Makassar,UPG,WAAA,07:00,23:00,07:14,14min late,11:29,4min late,4h 15m,Landed
2026-03-15,QZ534,AWQ534,Indonesia AirAsia,Perth,PER,YPPH,07:00,23:00,07:12,12min late,10:29,20min early,3h 17m,Landed
2026-03-15,JQ82,JST082,Jetstar Airways,Darwin,DRW,YPDN,07:05,23:05,07:24,19min late,11:32,17min late,2h 37m,Landed
2026-03-15,QG690,CTV690,Citilink,Surabaya,SUB,WARR,07:05,23:05,07:17,12min late,13:52,42min late,7h 35m,Landed
2026-03-15,QZ644,AWQ644,Indonesia AirAsia,Labuan Bajo,LBJ,WATO,07:15,23:15,07:21,6min late,09:51,26min late,2h 30m,Landed
2026-03-15,QZ550,AWQ550,Indonesia AirAsia,Kuala Lumpur,KUL,WMKK,07:15,23:15,07:23,8min late,10:02,7min early,2h 39m,Landed
2026-03-15,SQ949,SIA949,Singapore Airlines,Singapore,SIN,WSSS,07:20,23:20,07:35,15min late,09:49,11min early,2h 13m,Landed
2026-03-15,8B551,TNU551,Business Air,Singapore,SIN,WSSS,07:30,23:30,07:27,2min early,09:41,13min early,2h 14m,Landed
2026-03-15,8B5250,TNU5250,TransNusa,Lombok,LOP,WADL,07:30,23:30,07:38,8min late,08:13,18min late,34m,Landed
2026-03-15,ID6333,BTK6333,Batik Air,Labuan Bajo,LBJ,WATO,07:55,23:55,11:54,59min late,13:46,36min late,1h 51m,Landed
2026-03-15,IW1858,WON1858,Wings Air,Lombok,LOP,WADL,08:05,00:05,08:09,4min late,08:39,15min early,29m,Landed
2026-03-15,QG691,CTV691,Citilink,Surabaya,SUB,WARR,08:05,00:05,07:54,10min early,07:45,29min early,51m,Landed
2026-03-15,JT21,LNI021,Lion Air,Jakarta,CGK,WIII,08:05,00:05,08:17,12min late,08:43,16min early,1h 26m,Landed
2026-03-15,GA686,GIA686,Garuda Indonesia,Sorong,SOQ,WASS,08:10,00:10,08:22,12min late,16:11,51min late,6h 48m,Landed
2026-03-15,HX706,CRK706,Hong Kong Airlines,Hong Kong,HKG,VHHH,08:15,00:15,08:28,13min late,13:02,12min early,4h 33m,Landed
2026-03-15,CZ8482,CSN8482,China Southern Airlines,Guangzhou,CAN,ZGGG,08:35,00:35,13:03,28min late,11:23,28min late,22h 19m,Landed
2026-03-15,5J280,CEB280,CEBU Pacific Air,Manila,MNL,RPLL,08:35,00:35,08:37,2min late,12:15,34min early,3h 37m,Landed
2026-03-15,IW1854,WON1854,Wings Air,Lombok,LOP,WADL,08:45,00:45,08:41,3min early,09:12,22min early,30m,Landed
2026-03-15,QG500,CTV500,Citilink,Dili,DIL,WPDL,08:50,00:50,09:00,10min late,11:45,9min early,1h 45m,Landed
2026-03-15,IW1882,WON1882,Wings Air,Sumbawa Besar,SWQ,WADS,08:55,00:55,08:51,3min early,09:33,26min early,41m,Landed
2026-03-15,IN640,LKN640,NAM Air,Tambolaka,TMC,WADT,09:10,01:10,09:21,11min late,10:05,4min early,44m,Landed
2026-03-15,8B5105,TNU5105,TransNusa,Jakarta,CGK,WIII,09:15,01:15,09:16,1min late,09:42,17min early,1h 26m,Landed
2026-03-15,IW1848,WON1848,Wings Air,Lombok,LOP,WADL,09:25,01:25,08:47,37min early,10:30,15min late,1h 43m,Landed
2026-03-15,ID6007,BTK6007,Batik Air,Perth,PER,YPPH,09:30,01:30,09:57,27min late,13:12,2min early,3h 15m,Landed
2026-03-15,8B5634,TNU5634,TransNusa,Bima,BMU,WADB,09:35,01:35,10:07,32min late,10:57,22min late,50m,Landed
2026-03-15,QG663,CTV663,Citilink,Jakarta,CGK,WIII,09:35,01:35,09:49,14min late,10:10,24min early,1h 21m,Landed
2026-03-15,ID6324,BTK6324,Batik Air,Tambolaka,TMC,WADT,09:40,01:40,13:00,20min late,13:05,10min late,5m,Landed
2026-03-15,8B80,TNU080,Business Air,Perth,PER,YPPH,09:40,01:40,09:46,6min late,13:01,23min early,3h 14m,Landed
2026-03-15,QZ803,AWQ803,Indonesia AirAsia,Jakarta,CGK,WIII,09:40,01:40,09:53,13min late,10:27,2min early,1h 33m,Landed
2026-03-15,IU122,SJV122,SW Italia,Yogyakarta,YIA,WAHI,10:00,02:00,11:17,17min late,11:15,45min late,57m,Landed
2026-03-15,AI2146,AIC2146,Air India,Delhi,DEL,VIDP,10:00,02:00,10:17,17min late,15:34,34min late,7h 47m,Landed
2026-03-15,IU128,SJV128,SW Italia,Surakarta,SOC,WAHQ,10:00,02:00,10:22,22min late,12:16,56min late,2h 54m,Landed
2026-03-15,JQ126,JST126,Jetstar Airways,Adelaide,ADL,YPAD,10:15,02:15,10:38,23min late,17:26,18min early,4h 18m,Landed
2026-03-15,8B5101,TNU5101,TransNusa,Jakarta,CGK,WIII,10:30,02:30,14:26,56min late,14:50,35min late,1h 24m,Landed
2026-03-15,SQ935,SIA935,Singapore Airlines,Singapore,SIN,WSSS,10:30,02:30,10:45,15min late,12:57,12min early,2h 11m,Landed
2026-03-15,JT805,LNI805,Lion Air,Surabaya,SUB,WARR,10:35,02:35,11:00,25min late,10:36,1min late,36m,Landed
2026-03-15,JT924,LNI924,Lion Air,Kupang,KOE,WATT,10:35,02:35,11:01,26min late,12:29,4min late,1h 27m,Landed
2026-03-15,QZ646,AWQ646,Indonesia AirAsia,Labuan Bajo,LBJ,WATO,11:00,03:00,11:03,3min late,13:42,22min late,2h 39m,Landed
2026-03-15,IW1856,WON1856,Wings Air,Lombok,LOP,WADL,11:10,03:10,11:21,11min late,11:53,6min early,32m,Landed
2026-03-15,QG197,CTV197,Citilink,Jakarta,HLP,WIHH,11:10,03:10,11:08,1min early,11:39,20min early,1h 30m,Landed
2026-03-15,TR281,TGW281,Scoot,Singapore,SIN,WSSS,11:10,03:10,11:30,20min late,13:54,4min late,2h 23m,Landed
2026-03-15,JQ40,JST040,Jetstar Airways,Sydney,SYD,YSSY,11:15,03:15,11:26,11min late,19:58,16min early,5h 31m,Landed
2026-03-15,QZ813,AWQ813,Indonesia AirAsia,Jakarta,CGK,WIII,11:20,03:20,11:41,21min late,12:05,9min early,1h 23m,Landed
2026-03-15,JT33,LNI033,Lion Air,Jakarta,CGK,WIII,11:25,03:25,11:50,25min late,12:13,6min early,1h 23m,Landed
2026-03-15,JQ32,JST032,Jetstar Airways,Melbourne,MEL,YMML,11:30,03:30,11:54,24min late,20:08,1min early,5h 14m,Landed
2026-03-15,QZ780,AWQ780,Indonesia AirAsia,Balikpapan,BPN,WALL,11:30,03:30,11:33,3min late,15:08,53min late,3h 34m,Landed
2026-03-15,6E1606,IGO1606,IndiGo,Bangalore,BLR,VOBL,11:30,03:30,11:28,1min early,15:05,29min early,6h 7m,Landed
2026-03-15,SU297,AFL297,Aeroflot,Moscow,SVO,UUEE,11:30,03:30,12:00,30min late,19:35,4min early,12h 34m,Landed
2026-03-15,OD172,MXD172,Malindo Air,Kuala Lumpur,KUL,WMKK,11:35,03:35,12:59,24min late,16:13,28min late,3h 14m,Landed
2026-03-15,IW1964,WON1964,Wings Air,Lombok,LOP,WADL,11:40,03:40,15:17,37min late,15:48,18min late,31m,Landed
2026-03-15,JQ109,JST109,Jetstar Airways,Perth,PER,YPPH,11:45,03:45,11:53,8min late,15:12,22min early,3h 19m,Landed
2026-03-15,ID6331,BTK6331,Batik Air,Labuan Bajo,LBJ,WATO,11:45,03:45,11:54,9min late,13:46,46min late,1h 51m,Landed
2026-03-15,IW1850,WON1850,Wings Air,Lombok,LOP,WADL,11:50,03:50,12:04,14min late,12:32,7min early,28m,Landed
2026-03-15,GA407,GIA407,Garuda Indonesia,Jakarta,CGK,WIII,11:55,03:55,12:09,14min late,12:37,17min early,1h 28m,Landed
2026-03-15,FD397,AIQ397,Thai AirAsia,Bangkok,DMK,VTBD,12:00,04:00,12:20,20min late,15:19,on time,3h 58m,Landed
2026-03-15,GA253,GIA253,Garuda Indonesia,Yogyakarta,YIA,WAHI,12:05,04:05,12:23,18min late,12:32,22min early,1h 8m,Landed
2026-03-15,SQ937,SIA937,Singapore Airlines,Singapore,SIN,WSSS,12:05,04:05,12:15,10min late,15:00,5min late,2h 44m,Landed
2026-03-15,SJ742,,Sriwijaya Air,Tambolaka,TMC,WADT,12:10,04:10,12:10,on time,13:10,,1h 0m,Landed
2026-03-15,OD192,MXD192,Malindo Air,Kuala Lumpur,KUL,WMKK,12:10,04:10,12:11,1min late,14:41,38min early,2h 29m,Landed
2026-03-15,OD178,MXD178,Malindo Air,Kuala Lumpur,KUL,WMKK,12:15,04:15,12:35,20min late,16:01,36min late,3h 25m,Landed
2026-03-15,QG697,CTV697,Citilink,Surabaya,SUB,WARR,12:20,04:20,12:28,8min late,12:12,17min early,44m,Landed
2026-03-15,QZ540,AWQ540,Indonesia AirAsia,Darwin,DRW,YPDN,12:30,04:30,12:57,27min late,17:09,19min late,2h 42m,Landed
2026-03-15,8B5254,TNU5254,Business Air,Lombok,LOP,WADL,12:40,04:40,13:21,41min late,13:51,31min late,30m,Landed
2026-03-15,IP103,PAS103,Pelita Air Service,Jakarta,CGK,WIII,12:45,04:45,12:50,5min late,13:22,12min early,1h 32m,Landed
2026-03-15,OD158,MXD158,Malindo Air,Kuala Lumpur,KUL,WMKK,12:45,04:45,13:18,33min late,16:18,23min late,3h 0m,Landed
2026-03-15,SQ939,SIA939,Singapore Airlines,Singapore,SIN,WSSS,13:00,05:00,13:04,4min late,15:39,10min early,2h 35m,Landed
2026-03-15,AK365,AXM365,AirAsia,Kuala Lumpur,KUL,WMKK,13:05,05:05,13:54,49min late,16:49,39min late,2h 54m,Landed
2026-03-15,MH714,MAS714,Malaysia Airlines,Kuala Lumpur,KUL,WMKK,13:10,05:10,13:44,34min late,16:33,28min late,2h 49m,Landed
2026-03-15,JT35,,Lion Air,Jakarta,CGK,WIII,13:15,05:15,13:15,,13:44,25min early,1h 29m,Landed
2026-03-15,GA409,GIA409,Garuda Indonesia,Jakarta,CGK,WIII,13:25,05:25,13:48,23min late,14:16,8min early,1h 27m,Landed
2026-03-15,8G182,DTL182,Mid Africa Aviation,Dili,DIL,WPDL,13:25,05:25,13:23,1min early,16:11,8min early,1h 48m,Landed
2026-03-15,JQ58,JST058,Jetstar Airways,Brisbane,BNE,YBBN,13:30,05:30,13:40,10min late,21:04,20min early,5h 24m,Landed
2026-03-15,JT660,LNI660,Lion Air,Balikpapan,BPN,WALL,13:30,05:30,14:51,21min late,16:16,1min late,1h 25m,Landed
2026-03-15,QZ811,AWQ811,Indonesia AirAsia,Jakarta,CGK,WIII,13:40,05:40,14:36,56min late,15:04,34min late,1h 28m,Landed
2026-03-15,ID6509,BTK6509,Batik Air,Jakarta,CGK,WIII,13:45,05:45,14:18,33min late,14:44,4min late,1h 25m,Landed
2026-03-15,8B5107,TNU5107,Business Air,Jakarta,CGK,WIII,13:50,05:50,19:19,29min late,19:43,8min late,1h 24m,Landed
2026-03-15,JT919,LNI919,Lion Air,Surabaya,SUB,WARR,13:55,05:55,15:54,59min late,15:54,59min late,1h 0m,Landed
2026-03-15,IU137,SJV137,SW Italia,Kupang,KOE,WATT,14:00,06:00,14:40,40min late,18:47,57min late,4h 7m,Landed
2026-03-15,QG342,CTV342,Citilink,Makassar,UPG,WAAA,14:00,06:00,14:02,2min late,15:26,3min early,1h 23m,Landed
2026-03-15,QG687,CTV687,Citilink,Jakarta,CGK,WIII,14:00,06:00,14:01,1min late,14:31,28min early,1h 29m,Landed
2026-03-15,QZ544,AWQ544,Indonesia AirAsia,Perth,PER,YPPH,14:00,06:00,15:05,5min late,18:18,28min late,3h 13m,Landed
2026-03-15,6E1612,IGO1612,IndiGo,Bhubaneswar,BBI,VEBS,14:00,06:00,14:07,7min late,17:36,3min early,5h 58m,Landed
2026-03-15,8B82,TNU082,TransNusa,Perth,PER,YPPH,14:00,06:00,14:46,46min late,18:00,20min late,3h 14m,Landed
2026-03-15,VJ894,VJC894,VietJet Air,Ho Chi Minh City,SGN,VVTS,14:05,06:05,13:57,7min early,16:27,37min early,3h 30m,Landed
2026-03-15,ID6517,BTK6517,Batik Air,Jakarta,CGK,WIII,14:15,06:15,14:48,33min late,15:14,4min late,1h 26m,Landed
2026-03-15,IU130,SJV130,SW Italia,Semarang,SRG,WIIS,14:15,06:15,15:43,28min late,15:47,12min late,1h 4m,Landed
2026-03-15,ID7308,BTK7308,Batik Air,Jakarta,HLP,WIHH,14:20,06:20,15:23,3min late,15:45,35min late,1h 22m,Landed
2026-03-15,QZ506,AWQ506,Indonesia AirAsia,Singapore,SIN,WSSS,14:25,06:25,14:58,33min late,17:33,13min late,2h 35m,Landed
2026-03-15,QZ556,AWQ556,Indonesia AirAsia,Kuala Lumpur,KUL,WMKK,14:30,06:30,15:48,18min late,18:35,5min late,2h 46m,Landed
2026-03-15,TR289,TGW289,Scoot,Singapore,SIN,WSSS,14:35,06:35,15:09,34min late,17:44,14min late,2h 34m,Landed
2026-03-15,OD307,MXD307,Malindo Air,Kuala Lumpur,KUL,WMKK,14:50,06:50,15:07,17min late,17:38,16min early,2h 31m,Landed
2026-03-15,JQ43,JST043,Jetstar Airways,Singapore,SIN,WSSS,14:50,06:50,15:31,41min late,18:05,10min late,2h 34m,Landed
2026-03-15,JQ44,JST044,Jetstar Airways,Melbourne,MEL,YMML,14:55,06:55,15:13,18min late,23:13,21min early,4h 59m,Landed
2026-03-15,IU120,SJV120,SW Italia,Yogyakarta,YIA,WAHI,15:00,07:00,15:25,25min late,15:25,4min early,1h 0m,Landed
2026-03-15,JT844,LNI844,Lion Air,Banjarmasin,BDJ,WAOO,15:00,07:00,15:44,44min late,16:45,15min late,1h 0m,Landed
2026-03-15,VA48,VOZ048,Virgin Australia,Brisbane,BNE,YBBN,15:00,07:00,15:19,19min late,22:52,2min early,5h 32m,Landed
2026-03-15,QG681,CTV681,Citilink,Jakarta,CGK,WIII,15:00,07:00,15:02,2min late,15:24,35min early,1h 22m,Landed
2026-03-15,AI2148,AIC2148,Air India,Delhi,DEL,VIDP,15:10,07:10,15:57,47min late,21:04,59min late,7h 36m,Landed
2026-03-15,GA842,GIA842,Garuda Indonesia,Singapore,SIN,WSSS,15:15,07:15,15:33,18min late,18:08,8min late,2h 35m,Landed
2026-03-15,AK377,AXM377,AirAsia,Kuala Lumpur,KUL,WMKK,15:25,07:25,15:41,16min late,18:14,10min early,2h 32m,Landed
2026-03-15,JT740,LNI740,Lion Air,Makassar,UPG,WAAA,15:30,07:30,16:36,6min late,17:41,46min late,1h 5m,Landed
2026-03-15,GA411,GIA411,Garuda Indonesia,Jakarta,CGK,WIII,15:35,07:35,15:51,16min late,16:22,17min early,1h 31m,Landed
2026-03-15,VJ898,VJC898,VietJet Air,Ho Chi Minh City,SGN,VVTS,15:35,07:35,15:36,1min late,18:02,22min early,3h 25m,Landed
2026-03-15,SJ717,,Sriwijaya Air,Makassar,UPG,WAAA,15:40,07:40,15:40,on time,17:00,,1h 20m,Landed
2026-03-15,CI772,CAL772,China Airlines,Taipei,TPE,RCTP,15:45,07:45,16:02,17min late,20:44,20min early,4h 42m,Landed
2026-03-15,VA92,VOZ092,Virgin Australia,Melbourne,MEL,YMML,15:50,07:50,16:20,30min late,00:20,10min early,4h 59m,Landed
2026-03-15,8B5256,TNU5256,TransNusa,Lombok,LOP,WADL,15:55,07:55,16:08,13min late,17:55,5min late,1h 47m,Landed
2026-03-15,IP109,PAS109,Pelita Air Service,Jakarta,CGK,WIII,16:00,08:00,16:05,5min late,16:32,17min early,1h 27m,Landed
2026-03-15,QZ536,AWQ536,Indonesia AirAsia,Perth,PER,YPPH,16:00,08:00,16:16,16min late,19:30,14min early,3h 14m,Landed
2026-03-15,QG661,CTV661,Citilink,Jakarta,CGK,WIII,16:00,08:00,16:39,39min late,17:07,7min late,1h 27m,Landed
2026-03-15,VN640,HVN640,Vietnam Airlines,Ho Chi Minh City,SGN,VVTS,16:05,08:05,16:27,22min late,18:35,19min early,3h 7m,Landed
2026-03-15,QG669,CTV669,Citilink,Surabaya,SUB,WARR,16:10,08:10,16:31,21min late,16:23,3min late,52m,Landed
2026-03-15,TG432,THA432,Thai Airways International,Bangkok,BKK,VTBS,16:10,08:10,16:23,13min late,19:04,20min early,3h 40m,Landed
2026-03-15,CX784,CPA784,Cathay Pacific,Hong Kong,HKG,VHHH,16:20,08:20,16:58,38min late,21:50,25min late,4h 51m,Landed
2026-03-15,MH850,MAS850,Malaysia Airlines,Kuala Lumpur,KUL,WMKK,16:25,08:25,16:52,27min late,19:46,11min late,2h 53m,Landed
2026-03-15,IW1852,WON1852,Wings Air,Lombok,LOP,WADL,16:30,08:30,17:26,56min late,17:59,39min late,32m,Landed
2026-03-15,GA427,GIA427,Garuda Indonesia,Jakarta,CGK,WIII,16:35,08:35,16:43,8min late,17:14,15min early,1h 31m,Landed
2026-03-15,IU743,,SW Italia,Jakarta,CGK,WIII,16:35,08:35,,,,,1h 55m,
2026-03-15,BR256,EVA256,EVA Airways,Taipei,TPE,RCTP,16:40,08:40,16:49,9min late,21:28,16min early,4h 38m,Landed
2026-03-15,JT744,LNI744,Lion Air,Makassar,UPG,WAAA,16:40,08:40,16:59,19min late,18:02,2min early,1h 2m,Landed
2026-03-15,GA349,GIA349,Garuda Indonesia,Surabaya,SUB,WARR,16:55,08:55,17:10,15min late,17:10,on time,59m,Landed
2026-03-15,ID6335,BTK6335,Batik Air,Labuan Bajo,LBJ,WATO,17:00,09:00,17:14,14min late,19:48,33min late,2h 33m,Landed
2026-03-15,IU273,SJV273,SW Italia,Pontianak,PNK,WIOO,17:00,09:00,19:18,18min late,18:27,22min late,9m,Landed
2026-03-15,VJ998,VJC998,VietJet Air,Hanoi,HAN,VVNB,17:25,09:25,17:32,7min late,21:25,9min early,4h 52m,Landed
2026-03-15,GA419,GIA419,Garuda Indonesia,Jakarta,CGK,WIII,17:25,09:25,17:39,14min late,18:08,16min early,1h 29m,Landed
2026-03-15,HO1356,DKH1356,Juneyao Airlines,Shanghai,PVG,ZSPD,17:25,09:25,17:22,2min early,23:16,33min early,5h 53m,Landed
2026-03-15,MH873,MAS873,Malaysia Airlines,Surabaya,SUB,WARR,17:30,09:30,18:04,34min late,18:04,34min late,59m,Landed
2026-03-15,TR211,TGW211,Scoot,Singapore,SIN,WSSS,17:35,09:35,17:58,23min late,20:20,25min early,2h 21m,Landed
2026-03-15,IP107,PAS107,Pelita Air Service,Jakarta,CGK,WIII,17:40,09:40,17:45,5min late,18:27,2min early,1h 41m,Landed
2026-03-15,AK368,AXM368,AirAsia,Kuala Lumpur,KUL,WMKK,17:45,09:45,18:39,54min late,21:17,27min late,2h 38m,Landed
2026-03-15,JT3759,LNI3759,Lion Air,Jakarta,CGK,WIII,17:55,09:55,18:49,54min late,19:21,31min late,1h 31m,Landed
2026-03-15,IU126,SJV126,SW Italia,Surakarta,SOC,WAHQ,18:10,10:10,20:51,41min late,20:46,16min late,55m,Landed
2026-03-15,OD193,MXD193,Malindo Air,Perth,PER,YPPH,18:10,10:10,18:34,24min late,21:47,2min late,3h 13m,Landed
2026-03-15,JT25,,Lion Air,Jakarta,CGK,WIII,18:15,10:15,18:25,10min late,18:48,21min early,1h 23m,Landed
2026-03-15,JT31,LNI031,Lion Air,Jakarta,CGK,WIII,18:24,10:24,18:24,on time,18:49,on time,1h 25m,Landed
2026-03-15,IN281,LKN281,NAM Air,Jakarta,CGK,WIII,18:30,10:30,,,,,1h 40m,
2026-03-15,EY477,ETD477,Etihad Airways,Abu Dhabi,AUH,OMAA,18:30,10:30,18:32,2min late,23:54,24min late,9h 22m,Landed
2026-03-15,IP111,PAS111,Pelita Air Service,Jakarta,CGK,WIII,18:35,10:35,18:46,11min late,19:16,8min early,1h 30m,Landed
2026-03-15,JT3027,,Lion Air,Jakarta,CGK,WIII,18:40,10:40,18:40,,19:09,25min early,1h 29m,Landed
2026-03-15,CX782,CPA782,Cathay Pacific,Hong Kong,HKG,VHHH,18:40,10:40,19:14,34min late,23:34,10min early,4h 20m,Landed
2026-03-15,QZ504,AWQ504,Indonesia AirAsia,Singapore,SIN,WSSS,18:40,10:40,21:01,21min late,23:19,59min late,2h 18m,Landed
2026-03-15,GA417,GIA417,Garuda Indonesia,Jakarta,CGK,WIII,18:40,10:40,19:38,58min late,20:04,24min late,1h 25m,Landed
2026-03-15,ID6415,BTK6415,Batik Air,Surabaya,SUB,WARR,18:45,10:45,19:21,36min late,18:59,14min late,37m,Landed
2026-03-15,6E1608,IGO1608,IndiGo,Chennai,MAA,VOMM,18:50,10:50,19:07,17min late,22:17,12min early,5h 39m,Landed
2026-03-15,QR963,,Qatar Airways,Doha,DOH,OTHH,18:50,10:50,,,,,9h 40m,Cancelled
2026-03-15,NZ291,ANZ291,Air New Zealand,Auckland,AKL,NZAA,18:50,10:50,20:22,32min late,08:44,49min late,7h 21m,Landed
2026-03-15,8B5258,,TransNusa,Lombok,LOP,WADL,18:55,10:55,,,,,40m,
2026-03-15,TG440,THA440,Thai Airways International,Bangkok,BKK,VTBS,19:00,11:00,19:12,12min late,22:05,9min early,3h 52m,Landed
2026-03-15,8B5109,TNU5109,Business Air,Jakarta,CGK,WIII,19:04,11:04,19:03,on time,19:37,on time,1h 33m,Landed
2026-03-15,AK379,AXM379,AirAsia,Kuala Lumpur,KUL,WMKK,19:15,11:15,20:59,44min late,23:38,18min late,2h 39m,Landed
2026-03-15,MH852,MAS852,Malaysia Airlines,Kuala Lumpur,KUL,WMKK,19:15,11:15,19:51,36min late,22:23,8min late,2h 31m,Landed
2026-03-15,QZ809,AWQ809,Indonesia AirAsia,Jakarta,CGK,WIII,19:15,11:15,19:55,40min late,20:21,6min late,1h 25m,Landed
2026-03-15,ID7310,BTK7310,Batik Air,Jakarta,HLP,WIHH,19:25,11:25,20:38,13min late,20:59,44min late,1h 21m,Landed
2026-03-15,QG689,CTV689,Citilink,Jakarta,CGK,WIII,19:30,11:30,20:25,55min late,20:50,20min late,1h 25m,Landed
2026-03-15,QG699,CTV699,Citilink,Surabaya,SUB,WARR,19:30,11:30,20:54,24min late,20:38,58min late,43m,Landed
2026-03-15,QR961,,Qatar Airways,Doha,DOH,OTHH,19:35,11:35,,,,,10h 40m,
2026-03-15,JT923,LNI923,Lion Air,Surabaya,SUB,WARR,19:45,11:45,21:38,53min late,21:17,32min late,38m,Landed
2026-03-15,8B969,TNU969,TransNusa,Guangzhou,CAN,ZGGG,19:45,11:45,20:18,33min late,00:58,6min early,4h 39m,Landed
2026-03-15,IU133,SJV133,SW Italia,Semarang,SRG,WIIS,19:50,11:50,20:33,43min late,20:34,24min late,1h 1m,Landed
2026-03-15,EK369,UAE369,Emirates,Dubai,DXB,OMDB,19:50,11:50,20:09,19min late,01:06,3min early,8h 57m,Landed
2026-03-15,QZ807,AWQ807,Indonesia AirAsia,Jakarta,CGK,WIII,20:00,12:00,20:29,29min late,20:54,5min early,1h 25m,Landed
2026-03-15,SL259,TLM259,Thai Lion Air,Bangkok,DMK,VTBD,20:05,12:05,21:24,19min late,00:18,53min late,3h 54m,Landed
2026-03-15,TR283,TGW283,Scoot,Singapore,SIN,WSSS,20:05,12:05,20:14,9min late,22:24,16min early,2h 9m,Landed
2026-03-15,QG195,CTV195,Citilink,Jakarta,HLP,WIHH,20:10,12:10,20:58,48min late,21:25,20min late,1h 27m,Landed
2026-03-15,SQ945,SIA945,Singapore Airlines,Singapore,SIN,WSSS,20:15,12:15,20:41,26min late,23:01,6min late,2h 20m,Landed
2026-03-15,JQ34,JST034,Jetstar Airways,Melbourne,MEL,YMML,20:20,12:20,21:04,44min late,04:59,4min late,4h 54m,Landed
2026-03-15,GA718,GIA718,Garuda Indonesia,Melbourne,MEL,YMML,20:20,12:20,20:45,25min late,04:52,7min early,5h 7m,Landed
2026-03-15,ID6413,BTK6413,Batik Air,Surabaya,SUB,WARR,20:30,12:30,21:17,47min late,06:16,46min late,9h 59m,Landed
2026-03-15,GA415,GIA415,Garuda Indonesia,Jakarta,CGK,WIII,20:45,12:45,21:22,37min late,21:51,6min late,1h 29m,Landed
2026-03-15,OD177,MXD177,Malindo Air,Melbourne,MEL,YMML,20:55,12:55,21:45,50min late,05:56,16min late,5h 10m,Landed
2026-03-15,AK375,AXM375,AirAsia,Kuala Lumpur,KUL,WMKK,21:05,13:05,23:04,59min late,01:41,31min late,2h 37m,Landed
2026-03-15,QG667,CTV667,Citilink,Jakarta,CGK,WIII,21:10,13:10,22:06,56min late,22:32,22min late,1h 26m,Landed
2026-03-15,TK67,THY067,Turkish Airlines,Istanbul,IST,LTFM,21:10,13:10,21:16,6min late,05:34,5min early,13h 18m,Landed
2026-03-15,OD171,MXD171,Malindo Air,Sydney,SYD,YSSY,21:10,13:10,21:57,47min late,06:34,19min late,5h 37m,Landed
2026-03-15,IP105,PAS105,Pelita Air Service,Jakarta,CGK,WIII,21:10,13:10,21:36,26min late,22:02,22min late,1h 25m,Landed
2026-03-15,JT11,,Lion Air,Jakarta,CGK,WIII,21:15,13:15,22:31,16min late,22:55,45min late,1h 24m,Landed
2026-03-15,QF44,QFA044,Qantas,Sydney,SYD,YSSY,21:20,13:20,21:34,14min late,06:16,1min late,5h 41m,Landed
2026-03-15,ID6760,BTK6760,Batik Air,Makassar,UPG,WAAA,21:30,13:30,22:08,38min late,05:04,9min late,6h 56m,Landed
2026-03-15,SJ273,SJY273,Sriwijaya Air,Jakarta,CGK,WIII,21:35,13:35,23:55,20min late,00:20,5min late,1h 24m,Landed
2026-03-15,QZ819,,Indonesia AirAsia,Jakarta,CGK,WIII,21:35,13:35,22:25,50min late,22:25,,1h 50m,Landed
2026-03-15,SQ947,SIA947,Singapore Airlines,Singapore,SIN,WSSS,21:40,13:40,22:29,49min late,00:45,25min late,2h 15m,Landed
2026-03-15,KL836,KLM836,KLM Royal Dutch Airlines,Singapore,SIN,WSSS,21:40,13:40,21:59,19min late,00:09,on time,2h 10m,Landed
2026-03-15,GA425,GIA425,Garuda Indonesia,Jakarta,CGK,WIII,21:40,13:40,22:04,24min late,22:38,6min early,1h 34m,Landed
2026-03-15,JQ117,JST117,Jetstar Airways,Perth,PER,YPPH,21:45,13:45,22:04,19min late,01:30,15min late,3h 26m,Landed
2026-03-15,IU703,SJV703,SW Italia,Surabaya,SUB,WARR,21:48,13:48,21:48,on time,21:25,on time,36m,Landed
2026-03-15,VA94,VOZ094,Virgin Australia,Melbourne,MEL,YMML,22:00,14:00,22:13,13min late,06:17,22min early,5h 4m,Landed
2026-03-15,QF46,QFA046,Qantas,Melbourne,MEL,YMML,22:05,14:05,22:33,28min late,06:30,19min early,4h 56m,Landed
2026-03-15,OD157,MXD157,Malindo Air,Brisbane,BNE,YBBN,22:10,14:10,22:48,38min late,06:26,26min late,5h 37m,Landed
2026-03-15,JQ38,JST038,Jetstar Airways,Sydney,SYD,YSSY,22:20,14:20,22:40,20min late,07:14,10min early,5h 34m,Landed
2026-03-15,VA66,VOZ066,Virgin Australia,Sydney,SYD,YSSY,22:30,14:30,22:52,22min late,07:30,9min early,5h 37m,Landed
2026-03-15,JT15,LNI015,Lion Air,Jakarta,CGK,WIII,22:45,14:45,22:55,10min late,23:28,11min early,1h 33m,Landed
2026-03-15,JQ128,JST128,Jetstar Airways,Adelaide,ADL,YPAD,22:50,14:50,23:01,11min late,06:01,13min early,4h 30m,Landed
2026-03-15,7C2712,JJA2712,Jeju Air,Seoul,ICN,RKSI,23:05,15:05,23:10,5min late,06:30,39min early,6h 19m,Landed
2026-03-15,3U3986,CSC3986,Sichuan Airlines,Lujia Town,TFU,ZUTF,23:10,15:10,23:27,17min late,14:25,30min late,14h 58m,Landed
2026-03-15,QG9695,CTV9695,Citilink,Surabaya,SUB,WARR,23:20,15:20,00:16,56min late,06:49,19min late,7h 33m,Landed
2026-03-15,QZ941,AWQ941,Indonesia AirAsia,Jakarta,CGK,WIII,23:30,15:30,00:31,1min late,00:54,24min late,1h 23m,Landed
2026-03-15,GA714,GIA714,Garuda Indonesia,Sydney,SYD,YSSY,23:35,15:35,00:53,18min late,09:34,59min late,5h 40m,Landed
2026-03-15,JQ42,JST042,Jetstar Airways,Melbourne,MEL,YMML,23:40,15:40,00:49,9min late,08:57,27min late,5h 8m,Landed
2026-03-15,QZ420,AWQ420,Indonesia AirAsia,Adelaide,ADL,YPAD,23:45,15:45,00:21,36min late,07:26,1min late,4h 35m,Landed
2026-03-15,KE432,KAL432,Korean Air Lines,Seoul,ICN,RKSI,23:50,15:50,00:12,22min late,07:19,25min early,6h 7m,Landed
2026-03-15,JQ94,JST094,Jetstar Airways,Gold Coast,OOL,YBCG,23:55,15:55,00:08,13min late,07:56,31min late,5h 48m,Landed
2026-03-15,QZ945,AWQ945,Indonesia AirAsia,Jakarta,CGK,WIII,23:55,15:55,00:44,49min late,01:07,12min late,1h 23m,Landed
2026-03-16,BX602,ABL602,Air Busan,Busan,PUS,RKPK,00:05,16:05,00:20,15min late,07:52,37min early,6h 31m,Landed
2026-03-16,TW158,TWB158,T'Way Air,Cheongju,CJJ,RKTU,00:15,16:15,01:06,51min late,08:30,20min late,6h 23m,Landed
2026-03-16,EK399,,Emirates,Dubai,DXB,OMDB,00:25,16:25,,,,,9h 20m,Cancelled
2026-03-16,QR961,QTR961,Qatar Airways,Doha,DOH,OTHH,00:30,16:30,03:18,48min late,17:03,53min late,18h 44m,Landed
2026-03-16,MF892,CXA892,Xiamen Airlines,Xiamen,XMN,ZSAM,00:30,16:30,00:28,1min early,05:41,23min early,5h 13m,Landed
2026-03-16,CZ626,CSN626,China Southern Airlines,Guangzhou,CAN,ZGGG,00:40,16:40,00:40,on time,05:22,27min early,4h 42m,Landed
2026-03-16,GA870,,Garuda Indonesia,Seoul,ICN,RKSI,00:50,16:50,,,,,7h 0m,
2026-03-16,GA880,GIA880,Garuda Indonesia,Tokyo,NRT,RJAA,00:50,16:50,00:49,on time,08:27,22min early,6h 37m,Landed
2026-03-16,MU5030,CES5030,China Eastern Airlines,Shanghai,PVG,ZSPD,00:55,16:55,01:03,8min late,07:01,8min early,5h 57m,Landed
2026-03-16,QZ548,AWQ548,Indonesia AirAsia,Perth,PER,YPPH,01:00,17:00,01:08,8min late,04:30,9min early,3h 22m,Landed
2026-03-16,5J282,CEB282,CEBU Pacific Air,Manila,MNL,RPLL,01:00,17:00,01:11,11min late,04:38,36min early,3h 27m,Landed
2026-03-16,SJ726,,Sriwijaya Air,Makassar,UPG,WAAA,01:00,17:00,,,,,1h 20m,
2026-03-16,KE434,KAL434,Korean Air Lines,Seoul,ICN,RKSI,01:05,17:05,01:44,39min late,08:51,8min early,6h 7m,Landed
2026-03-16,PR538,PAL538,Philippine Airlines,Manila,MNL,RPLL,01:10,17:10,01:13,3min late,04:42,27min early,3h 29m,Landed
2026-03-16,8B5888,TNU5888,TransNusa,Manado,MDC,WAMM,01:30,17:30,01:36,6min late,07:48,33min late,6h 12m,Landed
2026-03-16,GA401,GIA401,Garuda Indonesia,Jakarta,CGK,WIII,06:30,22:30,06:42,12min late,07:09,20min early,1h 26m,Landed
2026-03-16,IU705,SJV705,SW Italia,Surabaya,SUB,WARR,07:00,23:00,07:18,18min late,06:58,2min early,39m,Landed
2026-03-16,JT746,LNI746,Lion Air,Makassar,UPG,WAAA,07:00,23:00,07:21,21min late,13:20,55min late,5h 59m,Landed
2026-03-16,QZ534,AWQ534,Indonesia AirAsia,Perth,PER,YPPH,07:00,23:00,06:57,2min early,16:13,23min late,9h 16m,Landed
2026-03-16,JQ82,JST082,Jetstar Airways,Darwin,DRW,YPDN,07:05,23:05,07:09,4min late,11:09,5min early,2h 30m,Landed
2026-03-16,QG690,CTV690,Citilink,Surabaya,SUB,WARR,07:05,23:05,07:14,9min late,06:55,14min early,40m,Landed
2026-03-16,QZ550,AWQ550,Indonesia AirAsia,Kuala Lumpur,KUL,WMKK,07:15,23:15,07:25,10min late,10:05,4min early,2h 39m,Landed
2026-03-16,SQ949,SIA949,Singapore Airlines,Singapore,SIN,WSSS,07:20,23:20,07:28,8min late,09:37,23min early,2h 8m,Landed
2026-03-16,8B5250,TNU5250,TransNusa,Lombok,LOP,WADL,07:30,23:30,07:31,1min late,07:49,5min early,18m,Landed
2026-03-16,8B551,TNU551,Business Air,Singapore,SIN,WSSS,07:30,23:30,07:33,3min late,09:45,9min early,2h 12m,Landed
2026-03-16,QZ644,AWQ644,Indonesia AirAsia,Labuan Bajo,LBJ,WATO,07:40,23:40,07:41,1min late,08:36,18min early,55m,Landed
2026-03-16,ID6333,BTK6333,Batik Air,Labuan Bajo,LBJ,WATO,07:55,23:55,08:04,9min late,08:59,10min early,55m,Landed
2026-03-16,QG691,CTV691,Citilink,Surabaya,SUB,WARR,08:05,00:05,08:06,1min late,07:55,19min early,48m,Landed
2026-03-16,JT21,LNI021,Lion Air,Jakarta,CGK,WIII,08:05,00:05,08:17,12min late,08:41,18min early,1h 23m,Landed
2026-03-16,IW1858,,Wings Air,Lombok,LOP,WADL,08:05,00:05,09:28,23min late,09:59,4min late,31m,Landed
2026-03-16,HX706,CRK706,Hong Kong Airlines,Hong Kong,HKG,VHHH,08:15,00:15,08:31,16min late,13:04,10min early,4h 33m,Landed
2026-03-16,5J280,CEB280,CEBU Pacific Air,Manila,MNL,RPLL,08:35,00:35,08:45,10min late,12:13,36min early,3h 28m,Landed
2026-03-16,CZ8482,CSN8482,China Southern Airlines,Guangzhou,CAN,ZGGG,08:35,00:35,08:38,3min late,13:25,29min early,4h 46m,Landed
2026-03-16,QG500,CTV500,Citilink,Dili,DIL,WPDL,08:50,00:50,09:00,10min late,11:46,8min early,1h 46m,Landed
2026-03-16,IW1882,WON1882,Wings Air,Sumbawa Besar,SWQ,WADS,08:55,00:55,09:03,8min late,09:47,12min early,43m,Landed
2026-03-16,IW3330,WON3330,Wings Air,,,,09:00,01:00,09:08,8min late,11:37,7min early,2h 29m,Landed
2026-03-16,SJ740,,Sriwijaya Air,Waingapu,WGP,WADW,09:10,01:10,09:10,,10:30,,1h 20m,Landed
2026-03-16,IN640,LKN640,Nam Air,Tambolaka,TMC,WADT,09:10,01:10,09:19,9min late,10:09,on time,49m,Landed
2026-03-16,8B5105,TNU5105,Business Air,Jakarta,CGK,WIII,09:15,01:15,09:13,1min early,09:39,20min early,1h 25m,Landed
2026-03-16,IW1848,WON1848,Wings Air,Lombok,LOP,WADL,09:25,01:25,10:55,30min late,11:25,10min late,30m,Landed
2026-03-16,ID6007,BTK6007,Batik Air,Perth,PER,YPPH,09:30,01:30,09:38,8min late,13:00,14min early,3h 22m,Landed
2026-03-16,QG663,CTV663,Citilink,Jakarta,CGK,WIII,09:35,01:35,09:44,9min late,10:09,25min early,1h 25m,Landed
2026-03-16,8B5634,TNU5634,TransNusa,Bima,BMU,WADB,09:35,01:35,09:57,22min late,12:12,37min late,2h 15m,Landed
2026-03-16,ID6324,BTK6324,Batik Air,Tambolaka,TMC,WADT,09:40,01:40,09:51,11min late,10:47,7min early,56m,Landed
2026-03-16,QZ803,AWQ803,Indonesia AirAsia,Jakarta,CGK,WIII,09:40,01:40,10:02,22min late,10:27,2min early,1h 25m,Landed
2026-03-16,8B80,TNU080,TransNusa,Perth,PER,YPPH,09:40,01:40,09:41,1min late,13:05,19min early,3h 24m,Landed
2026-03-16,AI2146,AIC2146,Air India,Delhi,DEL,VIDP,10:00,02:00,10:40,40min late,15:54,54min late,7h 44m,Landed
2026-03-16,IU128,SJV128,SW Italia,Surakarta,SOC,WAHQ,10:00,02:00,10:14,14min late,10:15,4min early,1h 0m,Landed
2026-03-16,IU122,SJV122,SW Italia,Yogyakarta,YIA,WAHI,10:00,02:00,10:10,10min late,10:08,21min early,57m,Landed
2026-03-16,JQ126,JST126,Jetstar Airways,Adelaide,ADL,YPAD,10:15,02:15,10:30,15min late,17:19,25min early,4h 19m,Landed
2026-03-16,SQ935,SIA935,Singapore Airlines,Singapore,SIN,WSSS,10:30,02:30,10:49,19min late,13:00,10min early,2h 10m,Landed
2026-03-16,8B5101,TNU5101,Business Air,Jakarta,CGK,WIII,10:30,02:30,10:52,22min late,11:16,1min late,1h 24m,Landed
2026-03-16,JT805,LNI805,Lion Air,Surabaya,SUB,WARR,10:35,02:35,11:06,31min late,12:39,4min late,2h 33m,Landed
2026-03-16,JT924,LNI924,Lion Air,Kupang,KOE,WATT,10:35,02:35,10:58,23min late,12:28,3min late,1h 29m,Landed
2026-03-16,8G182,DTL182,Mid Africa Aviation,Dili,DIL,WPDL,10:35,02:35,10:34,on time,13:17,12min early,1h 43m,Landed
2026-03-16,TR281,TGW281,Scoot,Singapore,SIN,WSSS,11:10,03:10,11:33,23min late,13:42,8min early,2h 8m,Landed
2026-03-16,QG197,CTV197,Citilink,Jakarta,HLP,WIHH,11:10,03:10,11:12,2min late,11:44,15min early,1h 32m,Landed
2026-03-16,JQ40,JST040,Jetstar Airways,Sydney,SYD,YSSY,11:15,03:15,11:25,10min late,20:00,14min early,5h 34m,Landed
2026-03-16,JT33,LNI033,Lion Air,Jakarta,CGK,WIII,11:25,03:25,11:37,12min late,12:02,17min early,1h 25m,Landed
2026-03-16,QZ780,AWQ780,Indonesia AirAsia,Balikpapan,BPN,WALL,11:30,03:30,11:42,12min late,13:02,12min early,1h 19m,Landed
2026-03-16,6E1606,IGO1606,IndiGo,Bangalore,BLR,VOBL,11:30,03:30,11:29,on time,15:10,24min early,6h 11m,Landed
2026-03-16,OD172,MXD172,Malindo Air,Kuala Lumpur,KUL,WMKK,11:35,03:35,12:34,59min late,15:10,25min late,2h 36m,Landed
2026-03-16,IW1964,WON1964,Wings Air,Lombok,LOP,WADL,11:40,03:40,11:52,12min late,12:26,3min early,33m,Landed
2026-03-16,IW1902,WON1902,Wings Air,Jember,JBB,WARE,11:40,03:40,11:59,19min late,11:29,31min early,29m,Landed
2026-03-16,JQ109,JST109,Jetstar Airways,Perth,PER,YPPH,11:45,03:45,12:10,25min late,15:32,2min early,3h 21m,Landed
2026-03-16,ID6331,BTK6331,Batik Air,Labuan Bajo,LBJ,WATO,11:45,03:45,11:50,5min late,12:45,14min early,55m,Landed
2026-03-16,GA407,GIA407,Garuda Indonesia,Jakarta,CGK,WIII,11:55,03:55,12:08,13min late,12:35,19min early,1h 27m,Landed
2026-03-16,FD397,AIQ397,Thai AirAsia,Bangkok,DMK,VTBD,12:00,04:00,12:46,46min late,16:00,40min late,4h 13m,Landed
2026-03-16,GA253,GIA253,Garuda Indonesia,Yogyakarta,YIA,WAHI,12:05,04:05,12:37,32min late,12:50,4min early,1h 13m,Landed
2026-03-16,SQ937,SIA937,Singapore Airlines,Singapore,SIN,WSSS,12:05,04:05,12:43,38min late,14:54,on time,2h 10m,Landed
2026-03-16,OD192,MXD192,Malindo Air,Kuala Lumpur,KUL,WMKK,12:10,04:10,12:24,14min late,15:09,10min early,2h 45m,Landed
2026-03-16,SJ742,,Sriwijaya Air,Tambolaka,TMC,WADT,12:10,04:10,12:10,on time,13:10,,1h 0m,Landed
2026-03-16,OD178,MXD178,Malindo Air,Kuala Lumpur,KUL,WMKK,12:15,04:15,12:26,11min late,15:06,18min early,2h 40m,Landed
2026-03-16,QG697,CTV697,Citilink,Surabaya,SUB,WARR,12:20,04:20,12:20,on time,12:07,22min early,47m,Landed
2026-03-16,QZ540,AWQ540,Indonesia AirAsia,Darwin,DRW,YPDN,12:30,04:30,12:41,11min late,16:43,6min early,2h 32m,Landed
2026-03-16,8B5254,TNU5254,Business Air,Lombok,LOP,WADL,12:40,04:40,12:56,16min late,13:18,1min early,22m,Landed
2026-03-16,OD158,MXD158,Malindo Air,Kuala Lumpur,KUL,WMKK,12:45,04:45,12:53,8min late,15:39,15min early,2h 45m,Landed
2026-03-16,IP103,PAS103,Pelita Air Service,Jakarta,CGK,WIII,12:45,04:45,12:50,5min late,13:17,17min early,1h 27m,Landed
2026-03-16,SQ939,SIA939,Singapore Airlines,Singapore,SIN,WSSS,13:00,05:00,13:22,22min late,15:37,12min early,2h 15m,Landed
2026-03-16,AK365,AXM365,AirAsia,Kuala Lumpur,KUL,WMKK,13:05,05:05,13:25,20min late,16:31,21min late,3h 5m,Landed
2026-03-16,MH714,MAS714,Malaysia Airlines,Kuala Lumpur,KUL,WMKK,13:10,05:10,13:31,21min late,16:10,5min late,2h 39m,Landed
2026-03-16,JT35,LNI035,Lion Air,Jakarta,CGK,WIII,13:15,05:15,13:54,39min late,14:20,10min late,1h 26m,Landed
2026-03-16,GA409,GIA409,Garuda Indonesia,Jakarta,CGK,WIII,13:25,05:25,13:41,16min late,14:14,10min early,1h 33m,Landed
2026-03-16,JT660,LNI660,Lion Air,Balikpapan,BPN,WALL,13:30,05:30,13:38,8min late,14:53,21min early,1h 14m,Landed
2026-03-16,JQ58,JST058,Jetstar Airways,Brisbane,BNE,YBBN,13:30,05:30,13:50,20min late,21:21,3min early,5h 31m,Landed
2026-03-16,QZ811,AWQ811,Indonesia AirAsia,Jakarta,CGK,WIII,13:40,05:40,14:16,36min late,14:42,12min late,1h 25m,Landed
2026-03-16,ID6509,BTK6509,Batik Air,Jakarta,CGK,WIII,13:45,05:45,13:57,12min late,14:28,11min early,1h 31m,Landed
2026-03-16,8B5107,TNU5107,TransNusa,Jakarta,CGK,WIII,13:50,05:50,14:01,11min late,14:31,3min early,1h 30m,Landed
2026-03-16,JT919,LNI919,Lion Air,Surabaya,SUB,WARR,13:55,05:55,14:50,55min late,14:29,34min late,38m,Landed
2026-03-16,QG687,CTV687,Citilink,Jakarta,CGK,WIII,14:00,06:00,14:39,39min late,15:20,20min late,1h 41m,Landed
2026-03-16,6E1612,IGO1612,IndiGo,Bhubaneswar,BBI,VEBS,14:00,06:00,13:58,1min early,17:28,11min early,5h 59m,Landed
2026-03-16,QZ544,AWQ544,Indonesia AirAsia,Perth,PER,YPPH,14:00,06:00,14:13,13min late,17:32,17min early,3h 19m,Landed
2026-03-16,QG342,CTV342,Citilink,Makassar,UPG,WAAA,14:00,06:00,14:00,on time,15:27,2min early,1h 27m,Landed
2026-03-16,8B82,TNU082,TransNusa,Perth,PER,YPPH,14:00,06:00,14:25,25min late,17:43,3min late,3h 17m,Landed
2026-03-16,VJ894,VJC894,VietJet Air,Ho Chi Minh City,SGN,VVTS,14:05,06:05,14:04,on time,16:32,32min early,3h 27m,Landed
2026-03-16,ID6517,BTK6517,Batik Air,Jakarta,CGK,WIII,14:15,06:15,15:19,4min late,15:46,36min late,1h 27m,Landed
2026-03-16,IU130,SJV130,SW Italia,Semarang,SRG,WIIS,14:15,06:15,14:35,20min late,14:28,6min early,53m,Landed
2026-03-16,ID7308,BTK7308,Batik Air,Jakarta,HLP,WIHH,14:20,06:20,15:30,10min late,15:53,43min late,1h 23m,Landed
2026-03-16,QZ506,AWQ506,Indonesia AirAsia,Singapore,SIN,WSSS,14:25,06:25,14:53,28min late,17:21,1min late,2h 27m,Landed
2026-03-16,QZ556,AWQ556,Indonesia AirAsia,Kuala Lumpur,KUL,WMKK,14:30,06:30,15:32,2min late,18:12,42min late,2h 40m,Landed
2026-03-16,TR289,TGW289,Scoot,Singapore,SIN,WSSS,14:35,06:35,14:58,23min late,17:24,5min early,2h 26m,Landed
2026-03-16,JQ43,JST043,Jetstar Airways,Singapore,SIN,WSSS,14:50,06:50,15:13,23min late,17:45,9min early,2h 31m,Landed
2026-03-16,OD307,MXD307,Malindo Air,Kuala Lumpur,KUL,WMKK,14:50,06:50,15:36,46min late,18:11,16min late,2h 35m,Landed
2026-03-16,JQ44,JST044,Jetstar Airways,Melbourne,MEL,YMML,14:55,06:55,15:05,10min late,23:06,28min early,5h 1m,Landed
2026-03-16,IU120,SJV120,SW Italia,Yogyakarta,YIA,WAHI,15:00,07:00,15:54,54min late,15:52,22min late,58m,Landed
2026-03-16,QG681,CTV681,Citilink,Jakarta,CGK,WIII,15:00,07:00,15:26,26min late,15:54,5min early,1h 27m,Landed
2026-03-16,JT844,LNI844,Lion Air,Banjarmasin,BDJ,WAOO,15:00,07:00,15:15,15min late,16:15,15min early,59m,Landed
2026-03-16,VA48,VOZ048,Virgin Australia,Brisbane,BNE,YBBN,15:00,07:00,15:09,9min late,22:42,12min early,5h 32m,Landed
2026-03-16,AI2148,AIC2148,Air India,Delhi,DEL,VIDP,15:10,07:10,15:23,13min late,20:27,22min late,7h 33m,Landed
2026-03-16,AK377,AXM377,AirAsia,Kuala Lumpur,KUL,WMKK,15:25,07:25,16:32,7min late,19:10,45min late,2h 38m,Landed
2026-03-16,JT740,LNI740,Lion Air,Makassar,UPG,WAAA,15:30,07:30,15:56,26min late,16:59,4min late,1h 2m,Landed
2026-03-16,GA411,GIA411,Garuda Indonesia,Jakarta,CGK,WIII,15:35,07:35,15:43,8min late,16:09,31min early,1h 25m,Landed
2026-03-16,VJ898,VJC898,VietJet Air,Ho Chi Minh City,SGN,VVTS,15:35,07:35,16:14,39min late,18:36,11min late,3h 22m,Landed
2026-03-16,IW1850,WON1850,Wings Air,Lombok,LOP,WADL,15:40,07:40,15:49,9min late,16:18,11min early,29m,Landed
2026-03-16,SJ717,SJY717,Sriwijaya Air,Makassar,UPG,WAAA,15:40,07:40,20:34,54min late,21:38,38min late,1h 3m,Landed
2026-03-16,CI772,CAL772,China Airlines,Taipei,TPE,RCTP,15:45,07:45,15:52,7min late,20:29,35min early,4h 36m,Landed
2026-03-16,VA92,VOZ092,Virgin Australia,Melbourne,MEL,YMML,15:50,07:50,16:00,10min late,00:22,7min early,5h 21m,Landed
2026-03-16,QZ246,AWQ246,Indonesia AirAsia,Phuket,HKT,VTSP,15:55,07:55,16:40,45min late,19:12,32min late,3h 31m,Landed
2026-03-16,8B5256,TNU5256,TransNusa,Lombok,LOP,WADL,15:55,07:55,16:00,5min late,17:45,55min late,1h 45m,Landed
2026-03-16,IP109,PAS109,Pelita Air Service,Jakarta,CGK,WIII,16:00,08:00,16:11,11min late,16:44,5min early,1h 33m,Landed
2026-03-16,QZ536,AWQ536,Indonesia AirAsia,Perth,PER,YPPH,16:00,08:00,19:38,38min late,22:55,10min late,3h 17m,Landed
2026-03-16,QG661,CTV661,Citilink,Jakarta,CGK,WIII,16:00,08:00,18:27,27min late,18:55,55min late,1h 27m,Landed
2026-03-16,VN640,HVN640,Vietnam Airlines,Ho Chi Minh City,SGN,VVTS,16:05,08:05,16:16,11min late,18:25,29min early,3h 9m,Landed
2026-03-16,TG432,THA432,Thai Airways International,Bangkok,BKK,VTBS,16:10,08:10,16:19,9min late,19:01,23min early,3h 42m,Landed
2026-03-16,QG669,CTV669,Citilink,Surabaya,SUB,WARR,16:10,08:10,16:15,5min late,16:09,10min early,53m,Landed
2026-03-16,MH850,MAS850,Malaysia Airlines,Kuala Lumpur,KUL,WMKK,16:25,08:25,16:36,11min late,19:19,15min early,2h 43m,Landed
2026-03-16,IW1852,WON1852,Wings Air,Lombok,LOP,WADL,16:30,08:30,16:37,7min late,17:07,12min early,30m,Landed
2026-03-16,IU743,,SW Italia,Jakarta,CGK,WIII,16:35,08:35,,,,,1h 55m,
2026-03-16,JT744,LNI744,Lion Air,Makassar,UPG,WAAA,16:40,08:40,16:45,5min late,17:47,17min early,1h 2m,Landed
2026-03-16,BR256,EVA256,EVA Airways,Taipei,TPE,RCTP,16:40,08:40,16:57,17min late,21:32,12min early,4h 35m,Landed
2026-03-16,IU703,SJV703,SW Italia,Surabaya,SUB,WARR,16:40,08:40,17:18,38min late,16:54,14min late,35m,Landed
2026-03-16,GA349,GIA349,Garuda Indonesia,Surabaya,SUB,WARR,16:55,08:55,17:28,33min late,17:11,1min late,42m,Landed
2026-03-16,ID6335,BTK6335,Batik Air,Labuan Bajo,LBJ,WATO,17:00,09:00,17:23,23min late,18:16,1min late,53m,Landed
2026-03-16,HO1356,DKH1356,Juneyao Airlines,Shanghai,PVG,ZSPD,17:25,09:25,17:14,10min early,23:14,35min early,5h 59m,Landed
2026-03-16,VJ998,VJC998,VietJet Air,Hanoi,HAN,VVNB,17:25,09:25,17:32,7min late,21:11,23min early,4h 39m,Landed
2026-03-16,GA419,GIA419,Garuda Indonesia,Jakarta,CGK,WIII,17:25,09:25,17:43,18min late,18:21,3min early,1h 38m,Landed
2026-03-16,TR211,TGW211,Scoot,Singapore,SIN,WSSS,17:35,09:35,17:48,13min late,20:03,42min early,2h 14m,Landed
2026-03-16,IP107,PAS107,Pelita Air Service,Jakarta,CGK,WIII,17:40,09:40,17:52,12min late,18:21,8min early,1h 29m,Landed
2026-03-16,JT3759,LNI3759,Lion Air,Jakarta,CGK,WIII,17:55,09:55,18:25,30min late,18:51,1min late,1h 26m,Landed
2026-03-16,OD193,MXD193,Malindo Air,Perth,PER,YPPH,18:10,10:10,18:20,10min late,21:40,4min early,3h 19m,Landed
2026-03-16,IU126,SJV126,SW Italia,Surakarta,SOC,WAHQ,18:10,10:10,18:41,31min late,18:46,16min late,1h 4m,Landed
2026-03-16,JT25,,Lion Air,Jakarta,CGK,WIII,18:15,10:15,18:33,18min late,20:58,48min late,3h 25m,Landed
2026-03-16,IN281,LKN281,NAM Air,Jakarta,CGK,WIII,18:30,10:30,19:04,34min late,19:40,30min late,1h 35m,Landed
2026-03-16,JT31,LNI031,Lion Air,Jakarta,CGK,WIII,18:33,10:33,18:33,on time,19:02,on time,1h 29m,Landed
2026-03-16,IP111,PAS111,Pelita Air Service,Jakarta,CGK,WIII,18:35,10:35,18:45,10min late,19:12,12min early,1h 27m,Landed
2026-03-16,JT3027,,Lion Air,Jakarta,CGK,WIII,18:40,10:40,18:33,6min early,19:02,32min early,1h 29m,Landed
2026-03-16,SL259,TLM259,Thai Lion Air,Bangkok,DMK,VTBD,18:40,10:40,18:55,15min late,21:48,11min early,3h 53m,Landed
2026-03-16,GA417,GIA417,Garuda Indonesia,Jakarta,CGK,WIII,18:40,10:40,18:58,18min late,19:28,11min early,1h 30m,Landed
2026-03-16,QZ504,AWQ504,Indonesia AirAsia,Singapore,SIN,WSSS,18:40,10:40,19:57,17min late,22:11,51min late,2h 13m,Landed
2026-03-16,ID6415,BTK6415,Batik Air,Surabaya,SUB,WARR,18:45,10:45,19:14,29min late,18:51,6min late,36m,Landed
2026-03-16,6E1608,IGO1608,IndiGo,Chennai,MAA,VOMM,18:50,10:50,19:10,20min late,22:33,3min late,5h 53m,Landed
2026-03-16,8B5258,TNU5258,TransNusa,Lombok,LOP,WADL,18:55,10:55,19:11,16min late,19:37,2min late,26m,Landed
2026-03-16,TG440,THA440,Thai Airways International,Bangkok,BKK,VTBS,19:00,11:00,19:42,42min late,22:37,22min late,3h 54m,Landed
2026-03-16,AK379,AXM379,AirAsia,Kuala Lumpur,KUL,WMKK,19:15,11:15,19:46,31min late,22:27,7min late,2h 41m,Landed
2026-03-16,MH852,MAS852,Malaysia Airlines,Kuala Lumpur,KUL,WMKK,19:15,11:15,19:23,8min late,22:05,9min early,2h 42m,Landed
2026-03-16,QZ809,AWQ809,Indonesia AirAsia,Jakarta,CGK,WIII,19:15,11:15,20:02,47min late,20:30,15min late,1h 28m,Landed
2026-03-16,ID7310,BTK7310,Batik Air,Jakarta,HLP,WIHH,19:25,11:25,20:42,17min late,21:17,2min late,1h 35m,Landed
2026-03-16,QG689,CTV689,Citilink,Jakarta,CGK,WIII,19:30,11:30,19:59,29min late,20:27,2min early,1h 27m,Landed
2026-03-16,QG699,CTV699,Citilink,Surabaya,SUB,WARR,19:30,11:30,19:53,23min late,19:37,2min early,44m,Landed
2026-03-16,8B969,TNU969,TransNusa,Guangzhou,CAN,ZGGG,19:45,11:45,19:49,4min late,00:34,30min early,4h 44m,Landed
2026-03-16,JT923,LNI923,Lion Air,Surabaya,SUB,WARR,19:45,11:45,20:55,10min late,20:39,54min late,44m,Landed
2026-03-16,EK369,UAE369,Emirates,Dubai,DXB,OMDB,19:50,11:50,04:23,33min late,09:28,18min late,9h 5m,Landed
2026-03-16,IU133,SJV133,SW Italia,Semarang,SRG,WIIS,19:50,11:50,20:13,23min late,20:14,4min late,1h 1m,Landed
2026-03-16,QZ807,AWQ807,Indonesia AirAsia,Jakarta,CGK,WIII,20:00,12:00,23:49,49min late,00:23,23min late,1h 34m,Landed
2026-03-16,TR283,TGW283,Scoot,Singapore,SIN,WSSS,20:05,12:05,20:06,1min late,22:20,20min early,2h 13m,Landed
2026-03-16,QG195,CTV195,Citilink,Jakarta,HLP,WIHH,20:10,12:10,20:22,12min late,20:52,12min early,1h 29m,Landed
2026-03-16,SQ945,SIA945,Singapore Airlines,Singapore,SIN,WSSS,20:15,12:15,20:51,36min late,23:06,11min late,2h 14m,Landed
2026-03-16,GA718,GIA718,Garuda Indonesia,Melbourne,MEL,YMML,20:20,12:20,20:32,12min late,04:41,18min early,5h 8m,Landed
2026-03-16,JQ34,JST034,Jetstar Airways,Melbourne,MEL,YMML,20:20,12:20,21:30,10min late,05:29,34min late,4h 58m,Landed
2026-03-16,QZ941,AWQ941,Indonesia AirAsia,Jakarta,CGK,WIII,20:25,12:25,22:11,46min late,22:36,11min late,1h 25m,Landed
2026-03-16,ID6413,BTK6413,Batik Air,Surabaya,SUB,WARR,20:30,12:30,21:12,42min late,21:02,32min late,50m,Landed
2026-03-16,GA415,GIA415,Garuda Indonesia,Jakarta,CGK,WIII,20:45,12:45,20:59,14min late,21:24,20min early,1h 25m,Landed
2026-03-16,JQ107,JST107,Jetstar Airways,Perth,PER,YPPH,20:45,12:45,20:58,13min late,00:18,1min early,3h 19m,Landed
2026-03-16,IP105,,Pelita Air Service,Jakarta,CGK,WIII,20:50,12:50,,,,,1h 50m,
2026-03-16,OD177,MXD177,Malindo Air,Melbourne,MEL,YMML,20:55,12:55,22:53,58min late,07:05,25min late,5h 11m,Landed
2026-03-16,AK375,AXM375,AirAsia,Kuala Lumpur,KUL,WMKK,21:05,13:05,23:22,17min late,02:01,51min late,2h 39m,Landed
2026-03-16,TK67,THY067,Turkish Airlines,Istanbul,IST,LTFM,21:10,13:10,21:04,5min early,05:04,35min early,12h 59m,Landed
2026-03-16,OD171,MXD171,Malindo Air,Sydney,SYD,YSSY,21:10,13:10,23:28,18min late,08:07,52min late,5h 38m,Landed
2026-03-16,QG667,CTV667,Citilink,Jakarta,CGK,WIII,21:10,13:10,21:24,14min late,21:49,20min early,1h 25m,Landed
2026-03-16,JT11,,Lion Air,Jakarta,CGK,WIII,21:15,13:15,21:15,,21:39,31min early,1h 24m,Landed
2026-03-16,QF44,QFA044,Qantas,Sydney,SYD,YSSY,21:20,13:20,21:41,21min late,06:09,5min early,5h 27m,Landed
2026-03-16,JQ60,JST060,Jetstar Airways,Brisbane,BNE,YBBN,21:30,13:30,21:47,17min late,05:08,11min early,5h 21m,Landed
2026-03-16,ID6760,BTK6760,Batik Air,Makassar,UPG,WAAA,21:30,13:30,21:42,12min late,22:46,8min early,1h 3m,Landed
2026-03-16,SJ273,SJY273,Sriwijaya Air,Jakarta,CGK,WIII,21:35,13:35,23:35,0min late,00:15,0min late,1h 40m,Landed
2026-03-16,QZ819,AWQ819,Indonesia AirAsia,Jakarta,CGK,WIII,21:35,13:35,01:28,53min late,01:50,34min early,,Landed
2026-03-16,KL836,KLM836,KLM Royal Dutch Airlines,Singapore,SIN,WSSS,21:40,13:40,21:50,10min late,23:55,14min early,2h 4m,Landed
2026-03-16,GA425,GIA425,Garuda Indonesia,Jakarta,CGK,WIII,21:40,13:40,22:06,26min late,22:38,6min early,1h 31m,Landed
2026-03-16,SQ947,SIA947,Singapore Airlines,Singapore,SIN,WSSS,21:40,13:40,22:00,20min late,00:19,on time,2h 19m,Landed
2026-03-16,JQ117,JST117,Jetstar Airways,Perth,PER,YPPH,21:45,13:45,21:53,8min late,01:24,9min late,3h 31m,Landed
2026-03-16,VA94,VOZ094,Virgin Australia,Melbourne,MEL,YMML,22:00,14:00,22:21,21min late,06:17,22min early,4h 56m,Landed
2026-03-16,QF46,QFA046,Qantas,Melbourne,MEL,YMML,22:05,14:05,00:38,33min late,08:45,55min late,5h 7m,Landed
2026-03-16,SV857,SVA857,Saudi Arabian Airlines,Singapore,SIN,WSSS,22:05,14:05,22:14,9min late,00:21,23min early,2h 7m,Landed
2026-03-16,JQ38,JST038,Jetstar Airways,Sydney,SYD,YSSY,22:20,14:20,22:32,12min late,06:50,39min early,5h 18m,Landed
2026-03-16,JQ89,JST089,Jetstar Airways,Newcastle,NTL,YWLM,22:20,14:20,23:00,40min late,07:28,13min late,5h 28m,Landed
2026-03-16,VA66,VOZ066,Virgin Australia,Sydney,SYD,YSSY,22:30,14:30,22:42,12min late,07:07,32min early,5h 25m,Landed
2026-03-16,JT15,LNI015,Lion Air,Jakarta,CGK,WIII,22:45,14:45,22:57,12min late,23:29,10min early,1h 31m,Landed
2026-03-16,JQ128,JST128,Jetstar Airways,Adelaide,ADL,YPAD,22:50,14:50,23:24,34min late,06:16,1min late,4h 22m,Landed
2026-03-16,7C2712,JJA2712,Jeju Air,Seoul,ICN,RKSI,23:05,15:05,23:07,2min late,06:53,16min early,6h 45m,Landed
2026-03-16,8B5109,TNU5109,TransNusa,Jakarta,CGK,WIII,23:10,15:10,00:23,13min late,00:49,59min late,1h 25m,Landed
2026-03-16,JQ91,JST091,Jetstar Airways,Cairns,CNS,YBCS,23:10,15:10,23:08,1min early,05:39,5min early,4h 31m,Landed
2026-03-16,3U3986,CSC3986,Sichuan Airlines,Lujia Town,TFU,ZUTF,23:10,15:10,23:17,7min late,14:09,14min late,14h 51m,Landed
2026-03-16,VA82,VOZ082,Virgin Australia,Gold Coast,OOL,YBCG,23:20,15:20,23:28,8min late,07:02,7min early,5h 33m,Landed
2026-03-16,QG9695,CTV9695,Citilink,Surabaya,SUB,WARR,23:20,15:20,23:23,3min late,23:11,18min early,47m,Landed
2026-03-16,QZ943,AWQ943,Indonesia AirAsia,Jakarta,CGK,WIII,23:35,15:35,01:06,31min late,01:28,53min late,1h 22m,Landed
2026-03-16,JQ42,JST042,Jetstar Airways,Melbourne,MEL,YMML,23:40,15:40,00:02,22min late,07:58,31min early,4h 56m,Landed
2026-03-16,QZ420,AWQ420,Indonesia AirAsia,Adelaide,ADL,YPAD,23:45,15:45,01:00,15min late,08:06,41min late,4h 35m,Landed
2026-03-16,KE432,KAL432,Korean Air Lines,Seoul,ICN,RKSI,23:50,15:50,00:11,21min late,07:34,10min early,6h 22m,Landed
2026-03-17,BX602,ABL602,Air Busan,Busan,PUS,RKPK,00:05,16:05,00:20,15min late,07:52,37min early,6h 31m,Landed
2026-03-17,QZ548,AWQ548,Indonesia AirAsia,Perth,PER,YPPH,00:15,16:15,01:19,4min late,05:17,22min late,3h 58m,Landed
2026-03-17,8B84,TNU084,TransNusa,Perth,PER,YPPH,00:20,16:20,00:17,2min early,03:38,26min early,3h 21m,Landed
2026-03-17,EK399,UAE399,Emirates,Dubai,DXB,OMDB,00:25,16:25,00:30,5min late,05:30,14min early,8h 59m,Landed
2026-03-17,MF892,CXA892,Xiamen Airlines,Xiamen,XMN,ZSAM,00:30,16:30,00:29,on time,05:40,24min early,5h 11m,Landed
2026-03-17,QR961,,Qatar Airways,Doha,DOH,OTHH,00:30,16:30,,,,,9h 40m,Cancelled
2026-03-17,CZ626,CSN626,China Southern Airlines,Guangzhou,CAN,ZGGG,00:40,16:40,00:42,2min late,05:21,28min early,4h 38m,Landed
2026-03-17,GA880,GIA880,Garuda Indonesia,Tokyo,NRT,RJAA,00:50,16:50,01:00,10min late,08:39,10min early,6h 38m,Landed
2026-03-17,MU5030,CES5030,China Eastern Airlines,Shanghai,PVG,ZSPD,00:55,16:55,01:11,16min late,07:12,2min late,6h 0m,Landed
2026-03-17,SJ726,,Sriwijaya Air,Makassar,UPG,WAAA,01:00,17:00,,,,,1h 20m,
2026-03-17,QZ548,AWQ548,Indonesia AirAsia,Perth,PER,YPPH,01:00,17:00,01:08,8min late,04:30,9min early,3h 22m,Landed
2026-03-17,5J282,CEB282,CEBU Pacific Air,Manila,MNL,RPLL,01:00,17:00,01:11,11min late,04:38,36min early,3h 27m,Landed
2026-03-17,KE434,KAL434,Korean Air Lines,Seoul,ICN,RKSI,01:05,17:05,03:44,39min late,11:02,2min late,6h 17m,Landed
2026-03-17,PR538,PAL538,Philippine Airlines,Manila,MNL,RPLL,01:10,17:10,07:45,35min late,11:17,7min late,3h 31m,Landed
2026-03-17,8B5888,,TransNusa,Manado,MDC,WAMM,01:30,17:30,,,,,2h 45m,
2026-03-17,JT746,LNI746,Lion Air,Makassar,UPG,WAAA,07:00,23:00,09:12,12min late,13:22,57min late,4h 9m,Landed
2026-03-17,IU705,SJV705,SW Italia,Surabaya,SUB,WARR,07:00,23:00,07:33,33min late,12:12,11min late,5h 38m,Landed
2026-03-17,GA401,GIA401,Garuda Indonesia,Jakarta,CGK,WIII,07:00,23:00,07:16,16min late,07:39,20min early,1h 22m,Landed
2026-03-17,QZ534,AWQ534,Indonesia AirAsia,Perth,PER,YPPH,07:00,23:00,07:20,20min late,11:07,17min late,3h 47m,Landed
2026-03-17,QG690,CTV690,Citilink,Surabaya,SUB,WARR,07:05,23:05,07:31,26min late,07:12,2min late,40m,Landed
2026-03-17,JQ82,JST082,Jetstar Airways,Darwin,DRW,YPDN,07:05,23:05,07:13,8min late,11:17,2min late,2h 33m,Landed
2026-03-17,QZ550,AWQ550,Indonesia AirAsia,Kuala Lumpur,KUL,WMKK,07:15,23:15,07:30,15min late,10:04,5min early,2h 34m,Landed
2026-03-17,SQ949,SIA949,Singapore Airlines,Singapore,SIN,WSSS,07:20,23:20,07:43,23min late,10:00,on time,2h 17m,Landed
2026-03-17,8B5250,TNU5250,Business Air,Lombok,LOP,WADL,07:30,23:30,07:31,1min late,07:58,3min late,26m,Landed
2026-03-17,8B551,TNU551,Business Air,Singapore,SIN,WSSS,07:30,23:30,07:24,5min early,09:38,16min early,2h 14m,Landed
2026-03-17,QZ644,AWQ644,Indonesia AirAsia,Labuan Bajo,LBJ,WATO,07:40,23:40,07:50,10min late,08:42,12min early,52m,Landed
2026-03-17,ID6333,BTK6333,Batik Air,Labuan Bajo,LBJ,WATO,07:55,23:55,08:37,42min late,11:17,7min late,2h 40m,Landed
2026-03-17,QG691,CTV691,Citilink,Surabaya,SUB,WARR,08:05,00:05,07:55,9min early,07:46,28min early,51m,Landed
2026-03-17,JT21,LNI021,Lion Air,Jakarta,CGK,WIII,08:05,00:05,08:05,on time,08:23,36min early,1h 18m,Landed
2026-03-17,IW1858,WON1858,Wings Air,Lombok,LOP,WADL,08:05,00:05,08:10,5min late,08:35,19min early,24m,Landed
2026-03-17,HX706,CRK706,Hong Kong Airlines,Hong Kong,HKG,VHHH,08:15,00:15,06:46,28min early,13:04,10min early,6h 17m,Landed
2026-03-17,CZ8482,CSN8482,China Southern Airlines,Guangzhou,CAN,ZGGG,08:35,00:35,08:41,6min late,13:30,34min early,4h 49m,Landed
2026-03-17,5J280,CEB280,CEBU Pacific Air,Manila,MNL,RPLL,08:35,00:35,08:39,4min late,12:23,26min early,3h 43m,Landed
2026-03-17,IU3719,SJV3719,SW Italia,Surabaya,SUB,WARR,08:40,00:40,09:07,27min late,08:42,2min late,34m,Landed
2026-03-17,IW1854,WON1854,Wings Air,Lombok,LOP,WADL,08:45,00:45,08:52,7min late,09:15,19min early,23m,Landed
2026-03-17,QG500,CTV500,Citilink,Dili,DIL,WPDL,08:50,00:50,08:49,on time,11:35,19min early,1h 46m,Landed
2026-03-17,IW1882,WON1882,Wings Air,Sumbawa Besar,SWQ,WADS,08:55,00:55,08:58,3min late,09:41,18min early,42m,Landed
2026-03-17,IN640,,NAM Air,Tambolaka,TMC,WADT,09:10,01:10,,,,,1h 0m,
2026-03-17,8B5105,TNU5105,TransNusa,Jakarta,CGK,WIII,09:15,01:15,09:01,13min early,09:27,33min early,1h 25m,Landed
2026-03-17,IW1848,WON1848,Wings Air,Lombok,LOP,WADL,09:25,01:25,09:33,8min late,10:03,11min early,29m,Landed
2026-03-17,QG663,CTV663,Citilink,Jakarta,CGK,WIII,09:35,01:35,09:44,9min late,10:14,20min early,1h 29m,Landed
2026-03-17,8B5634,TNU5634,TransNusa,Bima,BMU,WADB,09:35,01:35,09:40,5min late,10:30,4min early,49m,Landed
2026-03-17,ID6324,BTK6324,Batik Air,Tambolaka,TMC,WADT,09:40,01:40,10:03,23min late,11:14,19min late,1h 11m,Landed
2026-03-17,QZ803,AWQ803,Indonesia AirAsia,Jakarta,CGK,WIII,09:40,01:40,09:56,16min late,10:24,5min early,1h 27m,Landed
2026-03-17,8B80,TNU080,TransNusa,Perth,PER,YPPH,09:40,01:40,09:31,8min early,13:12,12min early,3h 40m,Landed
2026-03-17,AI2146,AIC2146,Air India,Delhi,DEL,VIDP,10:00,02:00,10:17,17min late,15:03,3min late,7h 15m,Landed
2026-03-17,IU122,SJV122,SW Italia,Yogyakarta,YIA,WAHI,10:00,02:00,10:44,44min late,10:44,14min late,59m,Landed
2026-03-17,IU128,SJV128,SW Italia,Surakarta,SOC,WAHQ,10:00,02:00,15:28,28min late,15:34,14min late,1h 6m,Landed
2026-03-17,JQ111,JST111,Jetstar Airways,Perth,PER,YPPH,10:20,02:20,10:26,6min late,13:49,20min early,3h 22m,Landed
2026-03-17,8B5101,TNU5101,TransNusa,Jakarta,CGK,WIII,10:30,02:30,13:24,54min late,13:50,35min late,1h 25m,Landed
2026-03-17,SQ935,SIA935,Singapore Airlines,Singapore,SIN,WSSS,10:30,02:30,10:40,10min late,13:03,6min early,2h 22m,Landed
2026-03-17,JT805,LNI805,Lion Air,Surabaya,SUB,WARR,10:35,02:35,10:58,23min late,10:35,on time,37m,Landed
2026-03-17,8G182,DTL182,Mid Africa Aviation,Dili,DIL,WPDL,10:35,02:35,10:43,8min late,13:28,1min early,1h 45m,Landed
2026-03-17,JT924,LNI924,Lion Air,Kupang,KOE,WATT,10:35,02:35,11:02,27min late,12:34,9min late,1h 32m,Landed
2026-03-17,QG197,CTV197,Citilink,Jakarta,HLP,WIHH,11:10,03:10,11:16,6min late,11:53,6min early,1h 36m,Landed
2026-03-17,TR281,TGW281,Scoot,Singapore,SIN,WSSS,11:10,03:10,11:36,26min late,13:41,9min early,2h 4m,Landed
2026-03-17,IW1856,WON1856,Wings Air,Lombok,LOP,WADL,11:10,03:10,11:27,17min late,11:55,4min early,27m,Landed
2026-03-17,JQ40,JST040,Jetstar Airways,Sydney,SYD,YSSY,11:15,03:15,11:46,31min late,20:18,3min late,5h 31m,Landed
2026-03-17,QZ813,AWQ813,Indonesia AirAsia,Jakarta,CGK,WIII,11:20,03:20,11:38,18min late,12:05,9min early,1h 27m,Landed
2026-03-17,JT33,LNI033,Lion Air,Jakarta,CGK,WIII,11:25,03:25,11:45,20min late,12:07,12min early,1h 22m,Landed
2026-03-17,6E1606,IGO1606,IndiGo,Bangalore,BLR,VOBL,11:30,03:30,11:20,9min early,15:03,31min early,6h 12m,Landed
2026-03-17,JQ32,JST032,Jetstar Airways,Melbourne,MEL,YMML,11:30,03:30,12:24,54min late,20:27,17min late,5h 3m,Landed
2026-03-17,OD172,MXD172,Malindo Air,Kuala Lumpur,KUL,WMKK,11:35,03:35,14:07,32min late,16:46,1min late,2h 39m,Landed
2026-03-17,IW1964,WON1964,Wings Air,Lombok,LOP,WADL,11:40,03:40,11:59,19min late,12:27,2min early,28m,Landed
2026-03-17,ID6331,BTK6331,Batik Air,Labuan Bajo,LBJ,WATO,11:45,03:45,12:26,41min late,13:27,27min late,1h 0m,Landed
2026-03-17,JQ109,JST109,Jetstar Airways,Perth,PER,YPPH,11:45,03:45,12:18,33min late,15:33,1min early,3h 15m,Landed
2026-03-17,IW1850,WON1850,Wings Air,Lombok,LOP,WADL,11:50,03:50,12:05,15min late,12:35,4min early,29m,Landed
2026-03-17,QZ618,AWQ618,Indonesia AirAsia,Banjarmasin,BDJ,WAOO,11:55,03:55,11:57,2min late,13:10,24min early,1h 13m,Landed
2026-03-17,GA407,GIA407,Garuda Indonesia,Jakarta,CGK,WIII,11:55,03:55,12:03,8min late,12:27,27min early,1h 24m,Landed
2026-03-17,FD397,AIQ397,Thai AirAsia,Bangkok,DMK,VTBD,12:00,04:00,12:37,37min late,15:46,26min late,4h 9m,Landed
2026-03-17,GA253,GIA253,Garuda Indonesia,Yogyakarta,YIA,WAHI,12:05,04:05,12:39,34min late,12:47,7min early,1h 8m,Landed
2026-03-17,SQ937,SIA937,Singapore Airlines,Singapore,SIN,WSSS,12:05,04:05,12:32,27min late,14:46,9min early,2h 13m,Landed
2026-03-17,OD192,MXD192,Malindo Air,Kuala Lumpur,KUL,WMKK,12:10,04:10,12:22,12min late,15:05,14min early,2h 43m,Landed
2026-03-17,OD178,MXD178,Malindo Air,Kuala Lumpur,KUL,WMKK,12:15,04:15,12:45,30min late,15:17,7min early,2h 32m,Landed
2026-03-17,QG697,CTV697,Citilink,Surabaya,SUB,WARR,12:20,04:20,12:35,15min late,12:12,17min early,37m,Landed
2026-03-17,8B5254,TNU5254,TransNusa,Lombok,LOP,WADL,12:40,04:40,12:53,13min late,13:21,1min late,28m,Landed
2026-03-17,IP103,PAS103,Pelita Air Service,Jakarta,CGK,WIII,12:45,04:45,12:57,12min late,13:26,8min early,1h 29m,Landed
2026-03-17,SQ939,SIA939,Singapore Airlines,Singapore,SIN,WSSS,13:00,05:00,13:30,30min late,15:45,4min early,2h 14m,Landed
2026-03-17,AK365,AXM365,AirAsia,Kuala Lumpur,KUL,WMKK,13:05,05:05,13:36,31min late,16:23,13min late,2h 46m,Landed
2026-03-17,MH714,MAS714,Malaysia Airlines,Kuala Lumpur,KUL,WMKK,13:10,05:10,14:20,10min late,17:10,5min late,2h 50m,Landed
2026-03-17,JT35,LNI035,Lion Air,Jakarta,CGK,WIII,13:15,05:15,16:23,8min late,16:54,44min late,1h 30m,Landed
2026-03-17,GA409,GIA409,Garuda Indonesia,Jakarta,CGK,WIII,13:25,05:25,13:34,9min late,14:10,14min early,1h 35m,Landed
2026-03-17,JQ58,JST058,Jetstar Airways,Brisbane,BNE,YBBN,13:30,05:30,13:43,13min late,21:12,12min early,5h 29m,Landed
2026-03-17,JT660,LNI660,Lion Air,Balikpapan,BPN,WALL,13:30,05:30,13:40,10min late,14:59,15min early,1h 18m,Landed
2026-03-17,QZ811,AWQ811,Indonesia AirAsia,Jakarta,CGK,WIII,13:40,05:40,14:31,51min late,14:54,24min late,1h 22m,Landed
2026-03-17,ID6509,BTK6509,Batik Air,Jakarta,CGK,WIII,13:45,05:45,14:23,38min late,14:50,10min late,1h 26m,Landed
2026-03-17,8B5107,TNU5107,TransNusa,Jakarta,CGK,WIII,13:50,05:50,14:22,32min late,14:47,12min late,1h 24m,Landed
2026-03-17,JT919,LNI919,Lion Air,Surabaya,SUB,WARR,13:55,05:55,14:56,1min late,05:02,7min late,15h 6m,Landed
2026-03-17,QG342,CTV342,Citilink,Makassar,UPG,WAAA,14:00,06:00,14:18,18min late,15:35,5min late,1h 16m,Landed
2026-03-17,6E1612,IGO1612,IndiGo,Bhubaneswar,BBI,VEBS,14:00,06:00,13:53,6min early,17:08,31min early,5h 45m,Landed
2026-03-17,8B82,TNU082,TransNusa,Perth,PER,YPPH,14:00,06:00,14:29,29min late,17:45,5min late,3h 15m,Landed
2026-03-17,QG687,CTV687,Citilink,Jakarta,CGK,WIII,14:00,06:00,14:10,10min late,14:40,20min early,1h 29m,Landed
2026-03-17,QZ544,AWQ544,Indonesia AirAsia,Perth,PER,YPPH,14:00,06:00,15:16,16min late,18:45,55min late,3h 28m,Landed
2026-03-17,VJ894,VJC894,VietJet Air,Ho Chi Minh City,SGN,VVTS,14:05,06:05,14:14,9min late,16:40,24min early,3h 25m,Landed
2026-03-17,ID6517,BTK6517,Batik Air,Jakarta,CGK,WIII,14:15,06:15,15:09,54min late,15:37,27min late,1h 27m,Landed
2026-03-17,IU130,SJV130,SW Italia,Semarang,SRG,WIIS,14:15,06:15,15:12,57min late,15:12,37min late,59m,Landed
2026-03-17,ID7308,BTK7308,Batik Air,Jakarta,HLP,WIHH,14:20,06:20,14:46,26min late,15:10,on time,1h 23m,Landed
2026-03-17,IU2133,SJV2133,SW Italia,Semarang,SRG,WIIS,14:20,06:20,15:43,23min late,15:39,59min late,55m,Landed
2026-03-17,QZ246,AWQ246,Indonesia AirAsia,Phuket,HKT,VTSP,14:25,06:25,14:42,17min late,17:10,4min early,3h 28m,Landed
2026-03-17,QZ556,AWQ556,Indonesia AirAsia,Kuala Lumpur,KUL,WMKK,14:30,06:30,16:19,49min late,19:15,45min late,2h 55m,Landed
2026-03-17,TR289,TGW289,Scoot,Singapore,SIN,WSSS,14:35,06:35,15:19,44min late,17:44,14min late,2h 24m,Landed
2026-03-17,JQ43,JST043,Jetstar Airways,Singapore,SIN,WSSS,14:50,06:50,15:38,48min late,18:03,8min late,2h 24m,Landed
2026-03-17,OD307,MXD307,Malindo Air,Kuala Lumpur,KUL,WMKK,14:50,06:50,15:36,46min late,18:10,15min late,2h 34m,Landed
2026-03-17,JQ44,JST044,Jetstar Airways,Melbourne,MEL,YMML,14:55,06:55,20:15,20min late,04:15,40min late,5h 0m,Landed
2026-03-17,VA48,VOZ048,Virgin Australia,Brisbane,BNE,YBBN,15:00,07:00,15:48,48min late,23:33,38min late,5h 44m,Landed
2026-03-17,IU120,SJV120,SW Italia,Yogyakarta,YIA,WAHI,15:00,07:00,18:41,41min late,18:50,20min late,1h 8m,Landed
2026-03-17,QG681,CTV681,Citilink,Jakarta,CGK,WIII,15:00,07:00,15:06,6min late,15:31,28min early,1h 24m,Landed
2026-03-17,JT844,LNI844,Lion Air,Banjarmasin,BDJ,WAOO,15:00,07:00,15:57,57min late,17:03,33min late,1h 5m,Landed
2026-03-17,QZ821,AWQ821,Indonesia AirAsia,Jakarta,CGK,WIII,15:05,07:05,15:25,20min late,15:52,7min early,1h 26m,Landed
2026-03-17,GA842,GIA842,Garuda Indonesia,Singapore,SIN,WSSS,15:15,07:15,15:46,31min late,18:17,17min late,2h 30m,Landed
2026-03-17,AK377,AXM377,AirAsia,Kuala Lumpur,KUL,WMKK,15:25,07:25,16:25,0min late,19:20,55min late,2h 54m,Landed
2026-03-17,JT740,LNI740,Lion Air,Makassar,UPG,WAAA,15:30,07:30,17:16,46min late,18:19,24min late,1h 3m,Landed
2026-03-17,GA411,GIA411,Garuda Indonesia,Jakarta,CGK,WIII,15:35,07:35,15:55,20min late,16:21,18min early,1h 26m,Landed
2026-03-17,VJ898,VJC898,VietJet Air,Ho Chi Minh City,SGN,VVTS,15:35,07:35,16:30,55min late,18:50,25min late,3h 19m,Landed
2026-03-17,CI772,CAL772,China Airlines,Taipei,TPE,RCTP,15:45,07:45,15:51,6min late,20:44,20min early,4h 53m,Landed
2026-03-17,VA92,VOZ092,Virgin Australia,Melbourne,MEL,YMML,15:50,07:50,16:21,31min late,00:20,9min early,4h 58m,Landed
2026-03-17,8B5256,TNU5256,TransNusa,Lombok,LOP,WADL,15:55,07:55,16:01,6min late,16:27,22min early,26m,Landed
2026-03-17,QG661,CTV661,Citilink,Jakarta,CGK,WIII,16:00,08:00,16:17,17min late,16:43,16min early,1h 26m,Landed
2026-03-17,IP109,PAS109,Pelita Air Service,Jakarta,CGK,WIII,16:00,08:00,16:04,4min late,16:33,16min early,1h 29m,Landed
2026-03-17,QZ536,AWQ536,Indonesia AirAsia,Perth,PER,YPPH,16:00,08:00,16:41,41min late,20:12,27min late,3h 31m,Landed
2026-03-17,QZ943,AWQ943,Indonesia AirAsia,Jakarta,CGK,WIII,16:05,08:05,19:21,16min late,19:49,44min late,1h 27m,Landed
2026-03-17,VN640,HVN640,Vietnam Airlines,Ho Chi Minh City,SGN,VVTS,16:05,08:05,16:00,4min early,18:18,36min early,3h 18m,Landed
2026-03-17,QG669,CTV669,Citilink,Surabaya,SUB,WARR,16:10,08:10,16:27,17min late,16:39,19min late,1h 11m,Landed
2026-03-17,TG432,THA432,Thai Airways International,Bangkok,BKK,VTBS,16:10,08:10,16:15,5min late,18:51,33min early,3h 36m,Landed
2026-03-17,CX784,,Cathay Pacific,Hong Kong,HKG,VHHH,16:20,08:20,16:20,,21:25,,5h 5m,Landed
2026-03-17,MH850,MAS850,Malaysia Airlines,Kuala Lumpur,KUL,WMKK,16:25,08:25,16:44,19min late,19:20,14min early,2h 36m,Landed
2026-03-17,IW1852,WON1852,Wings Air,Lombok,LOP,WADL,16:30,08:30,16:36,6min late,17:14,5min early,38m,Landed
2026-03-17,JT744,LNI744,Lion Air,Makassar,UPG,WAAA,16:40,08:40,18:58,18min late,22:55,50min late,3h 57m,Landed
2026-03-17,BR256,EVA256,EVA Airways,Taipei,TPE,RCTP,16:40,08:40,17:19,39min late,22:14,29min late,4h 55m,Landed
2026-03-17,IU703,SJV703,SW Italia,Surabaya,SUB,WARR,16:40,08:40,17:44,4min late,17:31,51min late,46m,Landed
2026-03-17,QZ807,AWQ807,Indonesia AirAsia,Jakarta,CGK,WIII,16:55,08:55,19:47,52min late,20:12,12min late,1h 24m,Landed
2026-03-17,GA349,GIA349,Garuda Indonesia,Surabaya,SUB,WARR,16:55,08:55,17:22,27min late,19:20,10min late,2h 58m,Landed
2026-03-17,ID6335,BTK6335,Batik Air,Labuan Bajo,LBJ,WATO,17:00,09:00,17:41,41min late,18:37,22min late,56m,Landed
2026-03-17,VJ998,VJC998,VietJet Air,Hanoi,HAN,VVNB,17:25,09:25,17:26,1min late,10:20,45min late,17h 53m,Landed
2026-03-17,GA419,GIA419,Garuda Indonesia,Jakarta,CGK,WIII,17:25,09:25,17:54,29min late,18:25,on time,1h 30m,Landed
2026-03-17,HO1356,DKH1356,Juneyao Airlines,Shanghai,PVG,ZSPD,17:25,09:25,17:38,13min late,23:45,4min early,6h 7m,Landed
2026-03-17,TR211,TGW211,Scoot,Singapore,SIN,WSSS,17:35,09:35,17:50,15min late,20:14,31min early,2h 23m,Landed
2026-03-17,IP107,PAS107,Pelita Air Service,Jakarta,CGK,WIII,17:40,09:40,17:46,6min late,18:13,16min early,1h 26m,Landed
2026-03-17,JT3759,,Lion Air,Jakarta,CGK,WIII,17:55,09:55,20:20,25min late,20:45,55min late,1h 25m,Landed
2026-03-17,OD193,MXD193,Malindo Air,Perth,PER,YPPH,18:10,10:10,18:41,31min late,22:03,18min late,3h 22m,Landed
2026-03-17,IU126,SJV126,SW Italia,Surakarta,SOC,WAHQ,18:10,10:10,19:17,7min late,19:23,53min late,1h 5m,Landed
2026-03-17,JT25,,Lion Air,Jakarta,CGK,WIII,18:15,10:15,19:39,24min late,20:02,52min late,1h 23m,Landed
2026-03-17,IN281,LKN281,Nam Air,Jakarta,CGK,WIII,18:30,10:30,18:48,18min late,19:16,6min late,1h 27m,Landed
2026-03-17,IN283,,NAM Air,Jakarta,CGK,WIII,18:30,10:30,,,,,1h 40m,
2026-03-17,IP111,PAS111,Pelita Air Service,Jakarta,CGK,WIII,18:35,10:35,18:51,16min late,19:26,1min late,1h 34m,Landed
2026-03-17,GA417,GIA417,Garuda Indonesia,Jakarta,CGK,WIII,18:40,10:40,18:55,15min late,19:35,4min early,1h 40m,Landed
2026-03-17,JT3027,,Lion Air,Jakarta,CGK,WIII,18:40,10:40,18:40,,19:09,25min early,1h 29m,Landed
2026-03-17,QZ504,AWQ504,Indonesia AirAsia,Singapore,SIN,WSSS,18:40,10:40,20:41,1min late,23:07,47min late,2h 26m,Landed
2026-03-17,ID6415,BTK6415,Batik Air,Surabaya,SUB,WARR,18:45,10:45,19:08,23min late,18:55,10min late,47m,Landed
2026-03-17,6E1608,IGO1608,IndiGo,Chennai,MAA,VOMM,18:50,10:50,19:14,24min late,22:39,9min late,5h 55m,Landed
2026-03-17,8B5258,TNU5258,TransNusa,Lombok,LOP,WADL,18:55,10:55,19:05,10min late,19:29,5min early,24m,Landed
2026-03-17,TG440,THA440,Thai Airways International,Bangkok,BKK,VTBS,19:00,11:00,19:01,1min late,21:51,23min early,3h 49m,Landed
2026-03-17,AK379,AXM379,AirAsia,Kuala Lumpur,KUL,WMKK,19:15,11:15,23:10,55min late,01:38,18min late,2h 28m,Landed
2026-03-17,MH852,MAS852,Malaysia Airlines,Kuala Lumpur,KUL,WMKK,19:15,11:15,19:58,43min late,22:44,29min late,2h 45m,Landed
2026-03-17,QZ809,AWQ809,Indonesia AirAsia,Jakarta,CGK,WIII,19:15,11:15,00:20,5min late,00:40,25min late,1h 20m,Landed
2026-03-17,ID7310,BTK7310,Batik Air,Jakarta,HLP,WIHH,19:25,11:25,20:37,12min late,21:03,48min late,1h 26m,Landed
2026-03-17,QG689,CTV689,Citilink,Jakarta,CGK,WIII,19:30,11:30,20:02,32min late,20:37,7min late,1h 34m,Landed
2026-03-17,QG699,CTV699,Citilink,Surabaya,SUB,WARR,19:30,11:30,20:13,43min late,20:06,26min late,53m,Landed
2026-03-17,JT31,LNI031,Lion Air,Jakarta,CGK,WIII,19:39,11:39,19:39,on time,20:03,on time,1h 24m,Landed
2026-03-17,8B969,TNU969,TransNusa,Guangzhou,CAN,ZGGG,19:45,11:45,20:01,16min late,07:22,17min late,11h 20m,Landed
2026-03-17,JT923,LNI923,Lion Air,Surabaya,SUB,WARR,19:45,11:45,20:55,10min late,20:30,45min late,35m,Landed
2026-03-17,IU133,SJV133,SW Italia,Semarang,SRG,WIIS,19:50,11:50,19:56,6min late,20:04,5min early,1h 8m,Landed
2026-03-17,EK369,UAE369,Emirates,Dubai,DXB,OMDB,19:50,11:50,21:18,28min late,02:44,34min late,9h 26m,Landed
2026-03-17,TR283,TGW283,Scoot,Singapore,SIN,WSSS,20:05,12:05,20:25,20min late,22:40,on time,2h 14m,Landed
2026-03-17,QG195,CTV195,Citilink,Jakarta,HLP,WIHH,20:10,12:10,20:22,12min late,21:00,4min early,1h 38m,Landed
2026-03-17,SQ945,SIA945,Singapore Airlines,Singapore,SIN,WSSS,20:15,12:15,20:52,37min late,23:15,20min late,2h 23m,Landed
2026-03-17,GA718,GIA718,Garuda Indonesia,Melbourne,MEL,YMML,20:20,12:20,20:44,24min late,04:55,4min early,5h 11m,Landed
2026-03-17,JQ34,JST034,Jetstar Airways,Melbourne,MEL,YMML,20:20,12:20,20:57,37min late,04:59,4min late,5h 1m,Landed
2026-03-17,ID6413,BTK6413,Batik Air,Surabaya,SUB,WARR,20:30,12:30,20:48,18min late,20:26,3min early,37m,Landed
2026-03-17,GA415,GIA415,Garuda Indonesia,Jakarta,CGK,WIII,20:45,12:45,21:00,15min late,21:39,5min early,1h 39m,Landed
2026-03-17,IP105,,Pelita Air Service,Jakarta,CGK,WIII,20:50,12:50,,,,,1h 50m,
2026-03-17,OD177,MXD177,Malindo Air,Melbourne,MEL,YMML,20:55,12:55,22:00,5min late,06:10,30min late,5h 10m,Landed
2026-03-17,AK375,AXM375,AirAsia,Kuala Lumpur,KUL,WMKK,21:05,13:05,23:38,33min late,02:10,0min late,2h 32m,Landed
2026-03-17,TK67,THY067,Turkish Airlines,Istanbul,IST,LTFM,21:10,13:10,21:23,13min late,05:27,12min early,13h 4m,Landed
2026-03-17,OD171,MXD171,Malindo Air,Sydney,SYD,YSSY,21:10,13:10,21:52,42min late,06:23,8min late,5h 30m,Landed
2026-03-17,QG667,CTV667,Citilink,Jakarta,CGK,WIII,21:10,13:10,20:35,34min early,22:02,7min early,2h 27m,Landed
2026-03-17,JT11,LNI011,Lion Air,Jakarta,CGK,WIII,21:15,13:15,21:24,9min late,21:50,19min early,1h 25m,Landed
2026-03-17,QF44,QFA044,Qantas,Sydney,SYD,YSSY,21:20,13:20,21:29,9min late,06:01,13min early,5h 32m,Landed
2026-03-17,JQ60,JST060,Jetstar Airways,Brisbane,BNE,YBBN,21:30,13:30,21:56,26min late,05:20,on time,5h 23m,Landed
2026-03-17,ID6760,BTK6760,Batik Air,Makassar,UPG,WAAA,21:30,13:30,21:35,5min late,22:36,18min early,1h 1m,Landed
2026-03-17,SJ273,SJY273,Sriwijaya Air,Jakarta,CGK,WIII,21:35,13:35,22:44,9min late,23:07,52min late,1h 23m,Landed
2026-03-17,QZ819,AWQ819,Indonesia AirAsia,Jakarta,CGK,WIII,21:35,13:35,01:59,24min late,02:22,2min early,,Landed
2026-03-17,KL836,KLM836,KLM Royal Dutch Airlines,Singapore,SIN,WSSS,21:40,13:40,22:07,27min late,00:15,5min late,2h 7m,Landed
2026-03-17,GA425,GIA425,Garuda Indonesia,Jakarta,CGK,WIII,21:40,13:40,21:58,18min late,22:32,12min early,1h 33m,Landed
2026-03-17,SQ947,SIA947,Singapore Airlines,Singapore,SIN,WSSS,21:40,13:40,22:12,32min late,00:29,9min late,2h 17m,Landed
2026-03-17,JQ117,JST117,Jetstar Airways,Perth,PER,YPPH,21:45,13:45,22:34,49min late,01:56,41min late,3h 21m,Landed
2026-03-17,TK311,THY311,Turkish Airlines,Istanbul,IST,LTFM,22:00,14:00,22:24,24min late,06:11,13min early,12h 47m,Landed
2026-03-17,OD157,MXD157,Malindo Air,Brisbane,BNE,YBBN,22:10,14:10,22:54,44min late,06:42,42min late,5h 47m,Landed
2026-03-17,JQ38,JST038,Jetstar Airways,Sydney,SYD,YSSY,22:20,14:20,22:28,8min late,07:04,25min early,5h 35m,Landed
2026-03-17,JT3805,LNI3805,Lion Air,Surabaya,SUB,WARR,22:20,14:20,23:19,59min late,22:54,34min late,35m,Landed
2026-03-17,JT15,LNI015,Lion Air,Jakarta,CGK,WIII,22:45,14:45,23:06,21min late,23:42,2min late,1h 35m,Landed
2026-03-17,JQ128,JST128,Jetstar Airways,Adelaide,ADL,YPAD,22:50,14:50,23:02,12min late,06:03,11min early,4h 31m,Landed
2026-03-17,QG9691,CTV9691,Citilink,Surabaya,SUB,WARR,22:55,14:55,23:13,18min late,23:01,3min early,47m,Landed
2026-03-17,7C2712,JJA2712,Jeju Air,Seoul,ICN,RKSI,23:05,15:05,23:04,on time,07:09,on time,7h 4m,Landed
2026-03-17,3U3986,CSC3986,Sichuan Airlines,Lujia Town,TFU,ZUTF,23:10,15:10,00:40,30min late,06:34,39min late,5h 54m,Landed
2026-03-17,8B5109,TNU5109,Business Air,Jakarta,CGK,WIII,23:10,15:10,23:24,14min late,23:48,1min early,1h 24m,Landed
2026-03-17,QG9695,CTV9695,Citilink,Surabaya,SUB,WARR,23:20,15:20,23:24,4min late,23:05,24min early,41m,Landed
2026-03-17,JQ42,JST042,Jetstar Airways,Melbourne,MEL,YMML,23:40,15:40,00:02,22min late,08:14,15min early,5h 12m,Landed
2026-03-17,KE432,KAL432,Korean Air Lines,Seoul,ICN,RKSI,23:50,15:50,23:55,5min late,07:19,25min early,6h 23m,Landed
2026-03-17,QG9687,CTV9687,Citilink,Jakarta,CGK,WIII,23:55,15:55,00:15,20min late,00:38,16min early,1h 22m,Landed
2026-03-18,BX602,ABL602,Air Busan,Busan,PUS,RKPK,00:05,16:05,00:25,20min late,07:45,44min early,6h 20m,Landed
2026-03-18,QZ548,AWQ548,Indonesia AirAsia,Perth,PER,YPPH,00:15,16:15,01:19,4min late,05:17,22min late,3h 58m,Landed
2026-03-18,8B84,,TransNusa,Perth,PER,YPPH,00:20,16:20,,,,,3h 45m,
2026-03-18,EK399,UAE399,Emirates,Dubai,DXB,OMDB,00:25,16:25,00:19,5min early,05:11,33min early,8h 52m,Landed
2026-03-18,MF892,CXA892,Xiamen Airlines,Xiamen,XMN,ZSAM,00:30,16:30,00:40,10min late,06:04,on time,5h 23m,Landed
2026-03-18,QR961,,Qatar Airways,Doha,DOH,OTHH,00:30,16:30,,,,,9h 40m,
2026-03-18,CZ626,CSN626,China Southern Airlines,Guangzhou,CAN,ZGGG,00:40,16:40,00:37,2min early,05:32,17min early,4h 55m,Landed
2026-03-18,GA880,GIA880,Garuda Indonesia,Tokyo,NRT,RJAA,00:50,16:50,01:23,33min late,08:45,4min early,6h 21m,Landed
2026-03-18,MU5030,CES5030,China Eastern Airlines,Shanghai,PVG,ZSPD,00:55,16:55,01:15,20min late,10:14,4min late,8h 58m,Landed
2026-03-18,KE434,KAL434,Korean Air Lines,Seoul,ICN,RKSI,01:05,17:05,03:44,39min late,11:02,2min late,6h 17m,Landed
2026-03-18,PR538,PAL538,Philippine Airlines,Manila,MNL,RPLL,01:10,17:10,07:45,35min late,11:17,7min late,3h 31m,Landed
2026-03-18,8B5888,,TransNusa,Manado,MDC,WAMM,01:30,17:30,,,,,2h 45m,
2026-03-18,GA401,GIA401,Garuda Indonesia,Jakarta,CGK,WIII,07:00,23:00,07:16,16min late,07:39,20min early,1h 22m,Landed
2026-03-18,QZ534,AWQ534,Indonesia AirAsia,Perth,PER,YPPH,07:00,23:00,07:20,20min late,11:07,17min late,3h 47m,Landed
2026-03-18,JT746,LNI746,Lion Air,Makassar,UPG,WAAA,07:00,23:00,09:12,12min late,13:22,57min late,4h 9m,Landed
2026-03-18,JQ82,JST082,Jetstar Airways,Darwin,DRW,YPDN,07:05,23:05,07:13,8min late,11:17,2min late,2h 33m,Landed
2026-03-18,QG690,CTV690,Citilink,Surabaya,SUB,WARR,07:05,23:05,07:31,26min late,07:12,2min late,40m,Landed
2026-03-18,QZ550,AWQ550,Indonesia AirAsia,Kuala Lumpur,KUL,WMKK,07:15,23:15,07:24,9min late,10:02,7min early,2h 38m,Landed
2026-03-18,SQ949,SIA949,Singapore Airlines,Singapore,SIN,WSSS,07:20,23:20,07:33,13min late,09:48,11min early,2h 15m,Landed
2026-03-18,8B5250,TNU5250,TransNusa,Lombok,LOP,WADL,07:30,23:30,07:37,7min late,08:02,7min late,25m,Landed
2026-03-18,8B551,TNU551,Business Air,Singapore,SIN,WSSS,07:30,23:30,07:50,20min late,10:05,10min late,2h 15m,Landed
2026-03-18,QZ644,AWQ644,Indonesia AirAsia,Labuan Bajo,LBJ,WATO,07:40,23:40,07:55,15min late,10:31,36min late,2h 36m,Landed
2026-03-18,ID6333,BTK6333,Batik Air,Labuan Bajo,LBJ,WATO,07:55,23:55,09:00,5min late,09:59,49min late,58m,Landed
2026-03-18,JT21,LNI021,Lion Air,Jakarta,CGK,WIII,08:05,00:05,09:12,7min late,12:22,22min late,4h 9m,Landed
2026-03-18,IW1858,WON1858,Wings Air,Lombok,LOP,WADL,08:05,00:05,09:03,58min late,09:34,39min late,30m,Landed
2026-03-18,QG691,CTV691,Citilink,Surabaya,SUB,WARR,08:05,00:05,08:12,7min late,08:07,7min early,55m,Landed
2026-03-18,HX706,CRK706,Hong Kong Airlines,Hong Kong,HKG,VHHH,08:15,00:15,08:48,33min late,13:23,8min late,4h 35m,Landed
2026-03-18,CZ8482,CSN8482,China Southern Airlines,Guangzhou,CAN,ZGGG,08:35,00:35,08:57,22min late,07:12,17min late,22h 15m,Landed
2026-03-18,5J280,CEB280,CEBU Pacific Air,Manila,MNL,RPLL,08:35,00:35,08:53,18min late,12:29,20min early,3h 36m,Landed
2026-03-18,IU3719,SJV3719,SW Italia,Surabaya,SUB,WARR,08:40,00:40,09:22,42min late,13:18,38min late,4h 56m,Landed
2026-03-18,IW1854,,Wings Air,Lombok,LOP,WADL,08:45,00:45,09:20,35min late,09:50,15min late,30m,Landed
2026-03-18,QG500,CTV500,Citilink,Dili,DIL,WPDL,08:50,00:50,09:07,17min late,11:55,on time,1h 47m,Landed
2026-03-18,IW1882,WON1882,Wings Air,Sumbawa Besar,SWQ,WADS,08:55,00:55,09:31,36min late,10:16,16min late,45m,Landed
2026-03-18,IU705,SJV705,SW Italia,Surabaya,SUB,WARR,09:08,01:08,09:05,3min early,08:41,3min early,36m,Landed
2026-03-18,IN640,LKN640,NAM Air,Tambolaka,TMC,WADT,09:10,01:10,10:01,51min late,10:49,39min late,48m,Landed
2026-03-18,SJ740,,Sriwijaya Air,Waingapu,WGP,WADW,09:10,01:10,09:10,,10:30,,1h 20m,Landed
2026-03-18,8B5105,TNU5105,TransNusa,Jakarta,CGK,WIII,09:15,01:15,09:20,5min late,09:41,18min early,1h 20m,Landed
2026-03-18,IW1848,WON1848,Wings Air,Lombok,LOP,WADL,09:25,01:25,09:49,24min late,10:25,10min late,36m,Landed
2026-03-18,ID6007,BTK6007,Batik Air,Perth,PER,YPPH,09:30,01:30,11:46,16min late,15:01,46min late,3h 15m,Landed
2026-03-18,QG663,CTV663,Citilink,Jakarta,CGK,WIII,09:35,01:35,09:37,2min late,09:59,35min early,1h 22m,Landed
2026-03-18,8B5634,TNU5634,TransNusa,Bima,BMU,WADB,09:35,01:35,10:03,28min late,10:50,15min late,47m,Landed
2026-03-18,8B80,TNU080,Business Air,Perth,PER,YPPH,09:40,01:40,09:58,18min late,13:20,4min early,3h 22m,Landed
2026-03-18,QZ803,AWQ803,Indonesia AirAsia,Jakarta,CGK,WIII,09:40,01:40,09:38,1min early,10:04,25min early,1h 25m,Landed
2026-03-18,ID6324,BTK6324,Batik Air,Tambolaka,TMC,WADT,09:40,01:40,10:26,46min late,11:31,36min late,1h 5m,Landed
2026-03-18,IU122,SJV122,SW Italia,Yogyakarta,YIA,WAHI,10:00,02:00,10:14,14min late,10:14,15min early,1h 0m,Landed
2026-03-18,IU128,SJV128,SW Italia,Surakarta,SOC,WAHQ,10:00,02:00,11:57,57min late,11:57,37min late,1h 0m,Landed
2026-03-18,SU297,AFL297,Aeroflot,Moscow,SVO,UUEE,10:05,02:05,10:47,42min late,18:06,11min late,12h 18m,Landed
2026-03-18,JQ126,JST126,Jetstar Airways,Adelaide,ADL,YPAD,10:15,02:15,10:24,9min late,17:29,15min early,4h 34m,Landed
2026-03-18,8B5101,TNU5101,Business Air,Jakarta,CGK,WIII,10:30,02:30,11:03,33min late,11:24,9min late,1h 21m,Landed
2026-03-18,SQ935,SIA935,Singapore Airlines,Singapore,SIN,WSSS,10:30,02:30,10:55,25min late,13:04,6min early,2h 8m,Landed
2026-03-18,JT924,LNI924,Lion Air,Kupang,KOE,WATT,10:35,02:35,11:33,58min late,13:02,37min late,1h 28m,Landed
2026-03-18,8G182,DTL182,Mid Africa Aviation,Dili,DIL,WPDL,10:35,02:35,11:01,26min late,13:52,22min late,1h 51m,Landed
2026-03-18,JT805,LNI805,Lion Air,Surabaya,SUB,WARR,10:35,02:35,15:18,43min late,15:02,27min late,43m,Landed
2026-03-18,QZ646,AWQ646,Indonesia AirAsia,Labuan Bajo,LBJ,WATO,11:00,03:00,11:16,16min late,12:32,12min late,1h 15m,Landed
2026-03-18,TR281,TGW281,Scoot,Singapore,SIN,WSSS,11:10,03:10,11:25,15min late,13:33,17min early,2h 7m,Landed
2026-03-18,QG197,CTV197,Citilink,Jakarta,HLP,WIHH,11:10,03:10,11:32,22min late,11:57,2min early,1h 25m,Landed
2026-03-18,IW1856,WON1856,Wings Air,Lombok,LOP,WADL,11:10,03:10,12:22,12min late,12:45,45min late,23m,Landed
2026-03-18,JQ40,JST040,Jetstar Airways,Sydney,SYD,YSSY,11:15,03:15,12:06,51min late,20:44,29min late,5h 37m,Landed
2026-03-18,QZ813,AWQ813,Indonesia AirAsia,Jakarta,CGK,WIII,11:20,03:20,11:52,32min late,12:15,on time,1h 22m,Landed
2026-03-18,JT33,LNI033,Lion Air,Jakarta,CGK,WIII,11:25,03:25,13:57,32min late,14:24,4min late,1h 26m,Landed
2026-03-18,6E1606,IGO1606,IndiGo,Bangalore,BLR,VOBL,11:30,03:30,11:50,20min late,15:44,9min late,6h 24m,Landed
2026-03-18,QZ780,AWQ780,Indonesia AirAsia,Balikpapan,BPN,WALL,11:30,03:30,13:17,47min late,13:17,2min late,,Landed
2026-03-18,JQ32,JST032,Jetstar Airways,Melbourne,MEL,YMML,11:30,03:30,11:42,12min late,19:57,12min early,5h 14m,Landed
2026-03-18,OD172,MXD172,Malindo Air,Kuala Lumpur,KUL,WMKK,11:35,03:35,12:07,32min late,14:44,on time,2h 37m,Landed
2026-03-18,IW1964,WON1964,Wings Air,Lombok,LOP,WADL,11:40,03:40,12:23,43min late,12:50,20min late,27m,Landed
2026-03-18,IW1902,WON1902,Wings Air,Jember,JBB,WARE,11:40,03:40,12:09,29min late,11:43,16min early,34m,Landed
2026-03-18,ID6331,BTK6331,Batik Air,Labuan Bajo,LBJ,WATO,11:45,03:45,12:55,10min late,13:48,48min late,52m,Landed
2026-03-18,JQ109,JST109,Jetstar Airways,Perth,PER,YPPH,11:45,03:45,12:14,29min late,15:39,4min late,3h 24m,Landed
2026-03-18,GA407,GIA407,Garuda Indonesia,Jakarta,CGK,WIII,11:55,03:55,12:18,23min late,12:44,10min early,1h 26m,Landed
2026-03-18,FD397,AIQ397,Thai AirAsia,Bangkok,DMK,VTBD,12:00,04:00,12:30,30min late,15:28,8min late,3h 57m,Landed
2026-03-18,SQ937,SIA937,Singapore Airlines,Singapore,SIN,WSSS,12:05,04:05,12:32,27min late,14:47,8min early,2h 14m,Landed
2026-03-18,GA253,GIA253,Garuda Indonesia,Yogyakarta,YIA,WAHI,12:05,04:05,12:40,35min late,12:44,10min early,1h 3m,Landed
2026-03-18,OD192,MXD192,Malindo Air,Kuala Lumpur,KUL,WMKK,12:10,04:10,13:20,10min late,16:06,46min late,2h 46m,Landed
2026-03-18,SJ742,,Sriwijaya Air,Tambolaka,TMC,WADT,12:10,04:10,12:10,on time,13:10,,1h 0m,Landed
2026-03-18,OD178,MXD178,Malindo Air,Kuala Lumpur,KUL,WMKK,12:15,04:15,12:38,23min late,15:07,17min early,2h 28m,Landed
2026-03-18,QG697,CTV697,Citilink,Surabaya,SUB,WARR,12:20,04:20,12:36,16min late,12:17,12min early,40m,Landed
2026-03-18,8B5254,TNU5254,TransNusa,Lombok,LOP,WADL,12:40,04:40,12:51,11min late,13:09,10min early,18m,Landed
2026-03-18,OD158,MXD158,Malindo Air,Kuala Lumpur,KUL,WMKK,12:45,04:45,13:04,19min late,15:41,13min early,2h 37m,Landed
2026-03-18,IP103,PAS103,Pelita Air Service,Jakarta,CGK,WIII,12:45,04:45,12:44,on time,13:15,19min early,1h 30m,Landed
2026-03-18,SQ939,SIA939,Singapore Airlines,Singapore,SIN,WSSS,13:00,05:00,13:16,16min late,15:34,16min early,2h 17m,Landed
2026-03-18,AK365,AXM365,AirAsia,Kuala Lumpur,KUL,WMKK,13:05,05:05,13:37,32min late,16:19,9min late,2h 41m,Landed
2026-03-18,MH714,MAS714,Malaysia Airlines,Kuala Lumpur,KUL,WMKK,13:10,05:10,13:35,25min late,16:17,12min late,2h 42m,Landed
2026-03-18,VJ900,VJC900,VietJet Air,Hanoi,HAN,VVNB,13:10,05:10,13:27,17min late,17:12,7min early,4h 45m,Landed
2026-03-18,JT35,LNI035,Lion Air,Jakarta,CGK,WIII,13:15,05:15,14:21,6min late,14:47,37min late,1h 26m,Landed
2026-03-18,JT660,LNI660,Lion Air,Balikpapan,BPN,WALL,13:30,05:30,13:47,17min late,15:06,8min early,1h 18m,Landed
2026-03-18,JQ58,JST058,Jetstar Airways,Brisbane,BNE,YBBN,13:30,05:30,13:53,23min late,21:18,6min early,5h 25m,Landed
2026-03-18,QZ811,,Indonesia AirAsia,Jakarta,CGK,WIII,13:40,05:40,13:40,,14:30,,1h 50m,Landed
2026-03-18,GA409,GIA409,Garuda Indonesia,Jakarta,CGK,WIII,13:45,05:45,14:12,27min late,14:37,7min early,1h 24m,Landed
2026-03-18,ID6509,BTK6509,Batik Air,Jakarta,CGK,WIII,13:45,05:45,14:15,30min late,14:42,2min late,1h 27m,Landed
2026-03-18,8B5107,TNU5107,TransNusa,Jakarta,CGK,WIII,13:50,05:50,14:07,17min late,14:29,5min early,1h 22m,Landed
2026-03-18,JT919,LNI919,Lion Air,Surabaya,SUB,WARR,13:55,05:55,15:18,23min late,15:02,7min late,43m,Landed
2026-03-18,IU2130,SJV2130,SW Italia,Semarang,SRG,WIIS,14:00,06:00,16:11,11min late,16:08,48min late,57m,Landed
2026-03-18,6E1612,IGO1612,IndiGo,Bhubaneswar,BBI,VEBS,14:00,06:00,14:19,19min late,17:33,6min early,5h 44m,Landed
2026-03-18,QG687,CTV687,Citilink,Jakarta,CGK,WIII,14:00,06:00,14:05,5min late,14:34,25min early,1h 29m,Landed
2026-03-18,8B82,TNU082,TransNusa,Perth,PER,YPPH,14:00,06:00,14:49,49min late,18:08,28min late,3h 19m,Landed
2026-03-18,QG342,CTV342,Citilink,Makassar,UPG,WAAA,14:00,06:00,14:23,23min late,15:43,13min late,1h 19m,Landed
2026-03-18,QZ544,AWQ544,Indonesia AirAsia,Perth,PER,YPPH,14:00,06:00,15:35,35min late,18:58,8min late,3h 23m,Landed
2026-03-18,VJ894,VJC894,VietJet Air,Ho Chi Minh City,SGN,VVTS,14:05,06:05,14:03,1min early,16:26,38min early,3h 23m,Landed
2026-03-18,IU130,SJV130,SW Italia,Semarang,SRG,WIIS,14:15,06:15,15:21,6min late,15:15,40min late,54m,Landed
2026-03-18,ID6517,BTK6517,Batik Air,Jakarta,CGK,WIII,14:15,06:15,14:58,43min late,15:22,12min late,1h 24m,Landed
2026-03-18,ID7308,BTK7308,Batik Air,Jakarta,HLP,WIHH,14:20,06:20,15:23,3min late,15:49,39min late,1h 26m,Landed
2026-03-18,QZ506,AWQ506,Indonesia AirAsia,Singapore,SIN,WSSS,14:25,06:25,15:09,44min late,17:26,6min late,2h 17m,Landed
2026-03-18,QZ556,AWQ556,Indonesia AirAsia,Kuala Lumpur,KUL,WMKK,14:30,06:30,15:40,10min late,18:20,50min late,2h 39m,Landed
2026-03-18,TR289,TGW289,Scoot,Singapore,SIN,WSSS,14:35,06:35,14:56,21min late,17:16,14min early,2h 19m,Landed
2026-03-18,JQ43,JST043,Jetstar Airways,Singapore,SIN,WSSS,14:50,06:50,15:44,54min late,18:02,7min late,2h 17m,Landed
2026-03-18,OD307,MXD307,Malindo Air,Kuala Lumpur,KUL,WMKK,14:50,06:50,15:10,20min late,17:45,9min early,2h 34m,Landed
2026-03-18,JQ44,JST044,Jetstar Airways,Melbourne,MEL,YMML,14:55,06:55,15:26,31min late,23:45,10min late,5h 19m,Landed
2026-03-18,VA48,VOZ048,Virgin Australia,Brisbane,BNE,YBBN,15:00,07:00,15:50,50min late,23:31,36min late,5h 40m,Landed
2026-03-18,IU120,SJV120,SW Italia,Yogyakarta,YIA,WAHI,15:00,07:00,19:25,25min late,19:29,59min late,1h 4m,Landed
2026-03-18,QG681,CTV681,Citilink,Jakarta,CGK,WIII,15:00,07:00,15:14,14min late,15:44,15min early,1h 29m,Landed
2026-03-18,JT844,LNI844,Lion Air,Banjarmasin,BDJ,WAOO,15:00,07:00,15:31,31min late,07:22,52min late,15h 50m,Landed
2026-03-18,AI2148,AIC2148,Air India,Delhi,DEL,VIDP,15:10,07:10,15:29,19min late,20:33,28min late,7h 34m,Landed
2026-03-18,GA842,GIA842,Garuda Indonesia,Singapore,SIN,WSSS,15:15,07:15,15:49,34min late,18:06,6min late,2h 17m,Landed
2026-03-18,AK377,AXM377,AirAsia,Kuala Lumpur,KUL,WMKK,15:25,07:25,16:18,53min late,18:54,29min late,2h 35m,Landed
2026-03-18,JT740,LNI740,Lion Air,Makassar,UPG,WAAA,15:30,07:30,17:16,46min late,18:15,20min late,59m,Landed
2026-03-18,VJ898,VJC898,VietJet Air,Ho Chi Minh City,SGN,VVTS,15:35,07:35,15:57,22min late,18:24,on time,3h 26m,Landed
2026-03-18,GA411,GIA411,Garuda Indonesia,Jakarta,CGK,WIII,15:35,07:35,15:54,19min late,16:42,2min late,1h 48m,Landed
2026-03-18,SJ717,SJY717,Sriwijaya Air,Makassar,UPG,WAAA,15:40,07:40,16:34,54min late,17:35,35min late,1h 0m,Landed
2026-03-18,IW1850,WON1850,Wings Air,Lombok,LOP,WADL,15:40,07:40,15:59,19min late,16:27,2min early,28m,Landed
2026-03-18,CI772,CAL772,China Airlines,Taipei,TPE,RCTP,15:45,07:45,16:20,35min late,21:10,5min late,4h 50m,Landed
2026-03-18,VA92,VOZ092,Virgin Australia,Melbourne,MEL,YMML,15:50,07:50,16:16,26min late,00:33,3min late,5h 17m,Landed
2026-03-18,IP109,PAS109,Pelita Air Service,Jakarta,CGK,WIII,16:00,08:00,16:04,4min late,16:38,11min early,1h 34m,Landed
2026-03-18,QG661,CTV661,Citilink,Jakarta,CGK,WIII,16:00,08:00,16:31,31min late,17:02,2min late,1h 30m,Landed
2026-03-18,QZ536,AWQ536,Indonesia AirAsia,Perth,PER,YPPH,16:00,08:00,16:50,50min late,20:05,20min late,3h 15m,Landed
2026-03-18,VN640,HVN640,Vietnam Airlines,Ho Chi Minh City,SGN,VVTS,16:05,08:05,16:23,18min late,18:46,9min early,3h 22m,Landed
2026-03-18,JT744,LNI744,Lion Air,Makassar,UPG,WAAA,16:05,08:05,18:35,30min late,19:38,8min late,1h 2m,Landed
2026-03-18,QG669,CTV669,Citilink,Surabaya,SUB,WARR,16:10,08:10,16:29,19min late,16:18,1min early,48m,Landed
2026-03-18,TG432,THA432,Thai Airways International,Bangkok,BKK,VTBS,16:10,08:10,16:25,15min late,19:03,21min early,3h 38m,Landed
2026-03-18,CX784,CPA784,Cathay Pacific,Hong Kong,HKG,VHHH,16:20,08:20,16:37,17min late,21:02,22min early,4h 24m,Landed
2026-03-18,MH850,MAS850,Malaysia Airlines,Kuala Lumpur,KUL,WMKK,16:25,08:25,16:41,16min late,19:14,20min early,2h 32m,Landed
2026-03-18,IW1852,WON1852,Wings Air,Lombok,LOP,WADL,16:30,08:30,17:44,14min late,18:09,49min late,25m,Landed
2026-03-18,IU703,SJV703,SW Italia,Surabaya,SUB,WARR,16:40,08:40,17:29,49min late,17:14,34min late,45m,Landed
2026-03-18,BR256,EVA256,EVA Airways,Taipei,TPE,RCTP,16:40,08:40,17:01,21min late,22:05,20min late,5h 3m,Landed
2026-03-18,GA349,GIA349,Garuda Indonesia,Surabaya,SUB,WARR,16:55,08:55,17:26,31min late,17:11,1min late,44m,Landed
2026-03-18,QZ807,AWQ807,Indonesia AirAsia,Jakarta,CGK,WIII,16:55,08:55,20:02,7min late,20:27,27min late,1h 24m,Landed
2026-03-18,IU273,SJV273,SW Italia,Pontianak,PNK,WIOO,17:00,09:00,17:39,39min late,18:12,7min late,1h 33m,Landed
2026-03-18,ID6335,BTK6335,Batik Air,Labuan Bajo,LBJ,WATO,17:00,09:00,18:47,47min late,21:17,2min late,2h 29m,Landed
2026-03-18,VJ998,VJC998,VietJet Air,Hanoi,HAN,VVNB,17:25,09:25,17:32,7min late,21:38,3min late,5h 5m,Landed
2026-03-18,HO1356,DKH1356,Juneyao Airlines,Shanghai,PVG,ZSPD,17:25,09:25,17:23,1min early,23:16,33min early,5h 52m,Landed
2026-03-18,GA419,GIA419,Garuda Indonesia,Jakarta,CGK,WIII,17:25,09:25,17:56,31min late,18:31,6min late,1h 35m,Landed
2026-03-18,TR211,TGW211,Scoot,Singapore,SIN,WSSS,17:35,09:35,18:00,25min late,20:16,28min early,2h 16m,Landed
2026-03-18,IP107,PAS107,Pelita Air Service,Jakarta,CGK,WIII,17:40,09:40,17:53,13min late,18:18,11min early,1h 24m,Landed
2026-03-18,AK368,AXM368,AirAsia,Kuala Lumpur,KUL,WMKK,17:45,09:45,17:51,6min late,20:38,11min early,2h 47m,Landed
2026-03-18,JT3759,,Lion Air,Jakarta,CGK,WIII,17:55,09:55,19:11,16min late,20:45,55min late,2h 34m,Landed
2026-03-18,OD193,MXD193,Malindo Air,Perth,PER,YPPH,18:10,10:10,19:29,19min late,22:43,58min late,3h 14m,Landed
2026-03-18,IU126,SJV126,SW Italia,Surakarta,SOC,WAHQ,18:10,10:10,19:34,24min late,19:27,57min late,52m,Landed
2026-03-18,JT25,,Lion Air,Jakarta,CGK,WIII,18:15,10:15,,,,,1h 55m,
2026-03-18,IN281,LKN281,NAM Air,Jakarta,CGK,WIII,18:30,10:30,18:29,on time,18:51,18min early,1h 22m,Landed
2026-03-18,EY477,ETD477,Etihad Airways,Abu Dhabi,AUH,OMAA,18:30,10:30,03:59,29min late,00:21,51min late,21m,Landed
2026-03-18,IP111,PAS111,Pelita Air Service,Jakarta,CGK,WIII,18:35,10:35,18:51,16min late,19:17,7min early,1h 26m,Landed
2026-03-18,GA417,GIA417,Garuda Indonesia,Jakarta,CGK,WIII,18:40,10:40,19:03,23min late,19:36,3min early,1h 32m,Landed
2026-03-18,QZ504,AWQ504,Indonesia AirAsia,Singapore,SIN,WSSS,18:40,10:40,21:49,9min late,00:03,43min late,2h 14m,Landed
2026-03-18,SL259,TLM259,Thai Lion Air,Bangkok,DMK,VTBD,18:40,10:40,19:08,28min late,22:02,2min late,3h 54m,Landed
2026-03-18,JT3027,,Lion Air,Jakarta,CGK,WIII,18:40,10:40,19:14,34min late,19:38,3min late,1h 24m,Landed
2026-03-18,ID6415,BTK6415,Batik Air,Surabaya,SUB,WARR,18:45,10:45,19:59,14min late,19:40,55min late,40m,Landed
2026-03-18,6E1608,IGO1608,IndiGo,Chennai,MAA,VOMM,18:50,10:50,19:20,30min late,22:44,14min late,5h 54m,Landed
2026-03-18,QR963,,Qatar Airways,Doha,DOH,OTHH,18:50,10:50,,,,,9h 40m,Cancelled
2026-03-18,NZ291,ANZ291,Air New Zealand,Auckland,AKL,NZAA,18:50,10:50,19:31,41min late,08:04,9min late,7h 32m,Landed
2026-03-18,8B5258,TNU5258,TransNusa,Lombok,LOP,WADL,18:55,10:55,19:11,16min late,19:30,4min early,19m,Landed
2026-03-18,TG440,THA440,Thai Airways International,Bangkok,BKK,VTBS,19:00,11:00,17:38,21min early,21:54,20min early,5h 15m,Landed
2026-03-18,MH852,MAS852,Malaysia Airlines,Kuala Lumpur,KUL,WMKK,19:15,11:15,19:39,24min late,22:10,4min early,2h 31m,Landed
2026-03-18,QZ809,AWQ809,Indonesia AirAsia,Jakarta,CGK,WIII,19:15,11:15,22:18,3min late,22:42,27min late,1h 24m,Landed
2026-03-18,AK379,AXM379,AirAsia,Kuala Lumpur,KUL,WMKK,19:15,11:15,19:47,32min late,22:23,3min late,2h 36m,Landed
2026-03-18,ID7310,BTK7310,Batik Air,Jakarta,HLP,WIHH,19:25,11:25,20:36,11min late,20:58,43min late,1h 22m,Landed
2026-03-18,IU2703,SJV2703,SW Italia,Surabaya,SUB,WARR,19:25,11:25,20:40,15min late,20:17,52min late,36m,Landed
2026-03-18,QG689,CTV689,Citilink,Jakarta,CGK,WIII,19:30,11:30,19:57,27min late,20:24,5min early,1h 27m,Landed
2026-03-18,QG699,CTV699,Citilink,Surabaya,SUB,WARR,19:30,11:30,19:42,12min late,19:23,16min early,41m,Landed
2026-03-18,8B969,,TransNusa,Guangzhou,CAN,ZGGG,19:45,11:45,,,,,5h 20m,
2026-03-18,IU133,SJV133,SW Italia,Semarang,SRG,WIIS,19:50,11:50,20:14,24min late,20:12,2min late,57m,Landed
2026-03-18,EK369,UAE369,Emirates,Dubai,DXB,OMDB,19:50,11:50,20:08,18min late,01:13,3min late,9h 5m,Landed
2026-03-18,TR283,TGW283,Scoot,Singapore,SIN,WSSS,20:05,12:05,20:11,6min late,22:22,18min early,2h 10m,Landed
2026-03-18,QG195,CTV195,Citilink,Jakarta,HLP,WIHH,20:10,12:10,20:33,23min late,20:57,7min early,1h 23m,Landed
2026-03-18,SQ945,SIA945,Singapore Airlines,Singapore,SIN,WSSS,20:15,12:15,20:26,11min late,22:33,21min early,2h 7m,Landed
2026-03-18,JQ34,JST034,Jetstar Airways,Melbourne,MEL,YMML,20:20,12:20,20:20,on time,04:40,14min early,5h 20m,Landed
2026-03-18,ID6413,BTK6413,Batik Air,Surabaya,SUB,WARR,20:30,12:30,21:38,8min late,21:10,40min late,32m,Landed
2026-03-18,JQ107,JST107,Jetstar Airways,Perth,PER,YPPH,20:45,12:45,20:51,6min late,23:58,21min early,3h 7m,Landed
2026-03-18,GA415,GIA415,Garuda Indonesia,Jakarta,CGK,WIII,20:45,12:45,21:03,18min late,21:33,11min early,1h 30m,Landed
2026-03-18,IP105,,Pelita Air Service,Jakarta,CGK,WIII,20:50,12:50,,,,,1h 50m,
2026-03-18,AK375,AXM375,AirAsia,Kuala Lumpur,KUL,WMKK,21:05,13:05,22:51,46min late,01:42,32min late,2h 50m,Landed
2026-03-18,QZ997,AWQ997,Indonesia AirAsia,Jakarta,CGK,WIII,21:10,13:10,22:14,4min late,22:37,37min late,1h 22m,Landed
2026-03-18,QG667,CTV667,Citilink,Jakarta,CGK,WIII,21:10,13:10,21:32,22min late,21:57,12min early,1h 24m,Landed
2026-03-18,JT923,LNI923,Lion Air,Surabaya,SUB,WARR,21:10,13:10,23:00,50min late,22:36,26min late,36m,Landed
2026-03-18,TK67,THY067,Turkish Airlines,Istanbul,IST,LTFM,21:10,13:10,21:23,13min late,05:18,21min early,12h 54m,Landed
2026-03-18,QF44,QFA044,Qantas,Sydney,SYD,YSSY,21:20,13:20,21:30,10min late,06:06,8min early,5h 36m,Landed
2026-03-18,ID6760,BTK6760,Batik Air,Makassar,UPG,WAAA,21:30,13:30,22:36,6min late,23:37,42min late,1h 0m,Landed
2026-03-18,QZ819,AWQ819,Indonesia AirAsia,Jakarta,CGK,WIII,21:35,13:35,03:10,35min late,03:31,6min late,1h 20m,Landed
2026-03-18,SJ273,SJY273,Sriwijaya Air,Jakarta,CGK,WIII,21:35,13:35,23:35,0min late,00:01,46min late,1h 26m,Landed
2026-03-18,SQ947,SIA947,Singapore Airlines,Singapore,SIN,WSSS,21:40,13:40,21:53,13min late,00:11,8min early,2h 18m,Landed
2026-03-18,GA425,GIA425,Garuda Indonesia,Jakarta,CGK,WIII,21:40,13:40,21:55,15min late,22:28,16min early,1h 32m,Landed
2026-03-18,JT11,LNI011,Lion Air,Jakarta,CGK,WIII,21:40,13:40,19:09,30min early,19:37,57min early,1h 28m,Landed
2026-03-18,KL836,KLM836,KLM Royal Dutch Airlines,Singapore,SIN,WSSS,21:40,13:40,22:10,30min late,00:15,5min late,2h 4m,Landed
2026-03-18,JQ117,JST117,Jetstar Airways,Perth,PER,YPPH,21:45,13:45,22:34,49min late,01:52,37min late,3h 18m,Landed
2026-03-18,QZ963,AWQ963,Indonesia AirAsia,Jakarta,CGK,WIII,21:55,13:55,00:01,6min late,00:25,30min late,1h 23m,Landed
2026-03-18,VA94,VOZ094,Virgin Australia,Melbourne,MEL,YMML,22:00,14:00,22:21,21min late,06:39,on time,5h 17m,Landed
2026-03-18,TK311,THY311,Turkish Airlines,Istanbul,IST,LTFM,22:00,14:00,22:25,25min late,06:18,6min early,12h 52m,Landed
2026-03-18,QF46,QFA046,Qantas,Melbourne,MEL,YMML,22:05,14:05,22:29,24min late,06:53,3min late,5h 23m,Landed
2026-03-18,SV857,SVA857,Saudi Arabian Airlines,Singapore,SIN,WSSS,22:05,14:05,22:07,2min late,00:11,33min early,2h 4m,Landed
2026-03-18,JQ38,JST038,Jetstar Airways,Sydney,SYD,YSSY,22:20,14:20,22:45,25min late,07:40,15min late,5h 55m,Landed
2026-03-18,QZ943,AWQ943,Indonesia AirAsia,Jakarta,CGK,WIII,22:25,14:25,00:45,20min late,01:07,42min late,1h 22m,Landed
2026-03-18,VA66,VOZ066,Virgin Australia,Sydney,SYD,YSSY,22:30,14:30,22:41,11min late,07:15,24min early,5h 34m,Landed
2026-03-18,JT15,LNI015,Lion Air,Jakarta,CGK,WIII,22:45,14:45,00:28,43min late,00:46,6min late,1h 18m,Landed
2026-03-18,QZ965,AWQ965,Indonesia AirAsia,Jakarta,CGK,WIII,22:45,14:45,00:42,57min late,01:03,18min late,1h 20m,Landed
2026-03-18,JQ128,JST128,Jetstar Airways,Adelaide,ADL,YPAD,22:50,14:50,23:10,20min late,06:16,1min late,4h 35m,Landed
2026-03-18,QG9691,CTV9691,Citilink,Surabaya,SUB,WARR,22:55,14:55,22:49,5min early,22:35,29min early,45m,Landed
2026-03-18,7C2712,JJA2712,Jeju Air,Seoul,ICN,RKSI,23:05,15:05,23:21,16min late,07:02,7min early,6h 41m,Landed
2026-03-18,QG9685,CTV9685,Citilink,Jakarta,CGK,WIII,23:05,15:05,23:23,18min late,23:49,15min early,1h 25m,Landed
2026-03-18,3U3986,CSC3986,Sichuan Airlines,Lujia Town,TFU,ZUTF,23:10,15:10,23:29,19min late,14:10,15min late,14h 40m,Landed
2026-03-18,JQ91,JST091,Jetstar Airways,Cairns,CNS,YBCS,23:10,15:10,23:00,9min early,05:37,7min early,4h 37m,Landed
2026-03-18,8B5109,TNU5109,TransNusa,Jakarta,CGK,WIII,23:10,15:10,23:48,38min late,00:10,20min late,1h 22m,Landed
2026-03-18,QG9695,CTV9695,Citilink,Surabaya,SUB,WARR,23:20,15:20,23:30,10min late,23:21,8min early,50m,Landed
2026-03-18,QZ941,AWQ941,Indonesia AirAsia,Jakarta,CGK,WIII,23:30,15:30,03:09,39min late,03:27,57min late,1h 18m,Landed
2026-03-18,JQ42,JST042,Jetstar Airways,Melbourne,MEL,YMML,23:40,15:40,23:59,19min late,08:36,6min late,5h 36m,Landed
2026-03-18,KE432,KAL432,Korean Air Lines,Seoul,ICN,RKSI,23:50,15:50,00:09,19min late,07:27,18min early,6h 17m,Landed
2026-03-18,JQ94,JST094,Jetstar Airways,Gold Coast,OOL,YBCG,23:55,15:55,00:16,21min late,07:47,22min late,5h 30m,Landed
2026-03-18,QG9687,CTV9687,Citilink,Jakarta,CGK,WIII,23:55,15:55,00:11,16min late,00:35,19min early,1h 23m,Landed
2026-03-19,BX602,ABL602,Air Busan,Busan,PUS,RKPK,00:05,16:05,00:25,20min late,07:45,44min early,6h 20m,Landed
2026-03-19,8B84,,TransNusa,Perth,PER,YPPH,00:20,16:20,,,,,3h 45m,
2026-03-19,EK399,UAE399,Emirates,Dubai,DXB,OMDB,00:25,16:25,00:19,5min early,05:11,33min early,8h 52m,Landed
2026-03-19,MF892,CXA892,Xiamen Airlines,Xiamen,XMN,ZSAM,00:30,16:30,00:40,10min late,06:04,on time,5h 23m,Landed
2026-03-19,QR961,,Qatar Airways,Doha,DOH,OTHH,00:30,16:30,,,,,9h 40m,
2026-03-19,CZ626,CSN626,China Southern Airlines,Guangzhou,CAN,ZGGG,00:40,16:40,00:37,2min early,05:32,17min early,4h 55m,Landed
2026-03-19,GA880,GIA880,Garuda Indonesia,Tokyo,NRT,RJAA,00:50,16:50,01:23,33min late,08:45,4min early,6h 21m,Landed
2026-03-19,MU5030,CES5030,China Eastern Airlines,Shanghai,PVG,ZSPD,00:55,16:55,01:15,20min late,10:14,4min late,8h 58m,Landed
2026-03-19,SJ726,,Sriwijaya Air,Makassar,UPG,WAAA,01:00,17:00,,,,,1h 20m,
2026-03-19,KE434,KAL434,Korean Air Lines,Seoul,ICN,RKSI,01:05,17:05,01:22,17min late,08:29,30min early,6h 7m,Landed
2026-03-19,PR538,PAL538,Philippine Airlines,Manila,MNL,RPLL,01:10,17:10,01:04,5min early,04:32,37min early,3h 28m,Landed
2026-03-19,8B5888,,TransNusa,Manado,MDC,WAMM,01:30,17:30,,,,,2h 45m,
2026-03-19,SQ949,,Singapore Airlines,Singapore,SIN,WSSS,01:35,17:35,,,,,2h 40m,
2026-03-19,SQ943,SIA943,Singapore Airlines,Singapore,SIN,WSSS,01:35,17:35,01:45,10min late,04:00,14min early,2h 15m,Landed
2026-03-19,QR961,,Qatar Airways,Doha,DOH,OTHH,06:40,22:40,,,,,10h 0m,
2026-03-19,8B551,TNU551,Business Air,Singapore,SIN,WSSS,07:30,23:30,09:13,43min late,11:38,43min late,2h 24m,Landed
2026-03-19,8B5250,TNU5250,TransNusa,Lombok,LOP,WADL,07:30,23:30,,,,,25m,
2026-03-19,ID6333,BTK6333,Batik Air,Labuan Bajo,LBJ,WATO,07:55,23:55,08:41,46min late,09:39,29min late,58m,Landed
2026-03-19,QG691,CTV691,Citilink,Surabaya,SUB,WARR,08:05,00:05,08:10,5min late,07:48,26min early,38m,Landed
2026-03-19,HX706,CRK706,Hong Kong Airlines,Hong Kong,HKG,VHHH,08:15,00:15,09:00,45min late,13:20,5min late,4h 19m,Landed
2026-03-19,5J280,CEB280,CEBU Pacific Air,Manila,MNL,RPLL,08:35,00:35,10:14,39min late,14:10,20min late,3h 56m,Landed
2026-03-19,QG500,CTV500,Citilink,Dili,DIL,WPDL,08:50,00:50,09:07,17min late,11:51,3min early,1h 43m,Landed
2026-03-19,JT21,LNI021,Lion Air,Jakarta,CGK,WIII,09:00,01:00,09:16,16min late,09:45,9min early,1h 29m,Landed
2026-03-19,JQ82,JST082,Jetstar Airways,Darwin,DRW,YPDN,09:05,01:05,09:23,18min late,13:27,12min late,2h 33m,Landed
2026-03-19,IW1858,WON1858,Wings Air,Lombok,LOP,WADL,09:05,01:05,09:17,12min late,09:45,9min early,27m,Landed
2026-03-19,IN640,LKN640,Nam Air,Tambolaka,TMC,WADT,09:10,01:10,09:57,47min late,10:56,46min late,59m,Landed
2026-03-19,SJ740,,Sriwijaya Air,Waingapu,WGP,WADW,09:10,01:10,09:10,,10:30,,1h 20m,Landed
2026-03-19,8B5105,TNU5105,Business Air,Jakarta,CGK,WIII,09:15,01:15,09:30,15min late,09:57,2min early,1h 26m,Landed
2026-03-19,IW1848,WON1848,Wings Air,Lombok,LOP,WADL,09:25,01:25,09:46,21min late,10:14,on time,28m,Landed
2026-03-19,ID6007,BTK6007,Batik Air,Perth,PER,YPPH,09:30,01:30,07:33,56min early,12:57,17min early,5h 23m,Landed
2026-03-19,IW1882,WON1882,Wings Air,Sumbawa Besar,SWQ,WADS,09:30,01:30,09:34,4min late,10:18,16min early,44m,Landed
2026-03-19,QG663,CTV663,Citilink,Jakarta,CGK,WIII,09:35,01:35,09:50,15min late,10:18,16min early,1h 27m,Landed
2026-03-19,8B5634,TNU5634,Business Air,Bima,BMU,WADB,09:35,01:35,,,,,1h 0m,
2026-03-19,8B80,TNU080,TransNusa,Perth,PER,YPPH,09:40,01:40,10:06,26min late,13:15,9min early,3h 9m,Landed
2026-03-19,QZ803,AWQ803,Indonesia AirAsia,Jakarta,CGK,WIII,09:40,01:40,10:40,0min late,11:10,40min late,1h 30m,Landed
2026-03-19,ID6324,BTK6324,Batik Air,Tambolaka,TMC,WADT,09:40,01:40,09:56,16min late,10:48,6min early,52m,Landed
2026-03-19,GA686,GIA686,Garuda Indonesia,Sorong,SOQ,WASS,10:00,02:00,13:16,16min late,14:21,11min late,5m,Landed
2026-03-19,IU128,SJV128,SW Italia,Surakarta,SOC,WAHQ,10:00,02:00,10:18,18min late,10:16,3min early,58m,Landed
2026-03-19,IU122,SJV122,SW Italia,Yogyakarta,YIA,WAHI,10:00,02:00,10:15,15min late,10:12,17min early,57m,Landed
2026-03-19,JQ126,JST126,Jetstar Airways,Adelaide,ADL,YPAD,10:15,02:15,10:21,6min late,17:25,19min early,4h 34m,Landed
2026-03-19,8B5101,TNU5101,TransNusa,Jakarta,CGK,WIII,10:30,02:30,14:52,22min late,15:23,8min late,1h 30m,Landed
2026-03-19,SQ935,SIA935,Singapore Airlines,Singapore,SIN,WSSS,10:30,02:30,10:57,27min late,13:01,9min early,2h 3m,Landed
2026-03-19,8G182,,Mid Africa Aviation,Dili,DIL,WPDL,10:35,02:35,,,,,1h 55m,
2026-03-19,SJ7420,,Sriwijaya Air,Tambolaka,TMC,WADT,12:20,04:20,12:20,,13:20,,1h 0m,Landed
2026-03-19,8B5254,,Business Air,Lombok,LOP,WADL,12:40,04:40,,,,,40m,
2026-03-19,IP103,,Pelita Air Service,Jakarta,CGK,WIII,12:45,04:45,,,,,1h 50m,
2026-03-19,IN643,,NAM Air,Tambolaka,TMC,WADT,12:50,04:50,,,,,1h 0m,
2026-03-19,8B5107,,TransNusa,Jakarta,CGK,WIII,13:50,05:50,,,,,1h 45m,
2026-03-19,8B82,,TransNusa,Perth,PER,YPPH,14:00,06:00,,,,,3h 40m,
2026-03-19,VJ894,,VietJet Air,Ho Chi Minh City,SGN,VVTS,14:05,06:05,14:05,on time,17:02,2min early,3h 57m,Landed
2026-03-19,VJ898,,VietJet Air,Ho Chi Minh City,SGN,VVTS,15:35,07:35,15:35,on time,18:24,on time,3h 49m,Landed
2026-03-19,IP109,,Pelita Air Service,Jakarta,CGK,WIII,16:00,08:00,,,,,1h 50m,
2026-03-19,SJ7161,,Sriwijaya Air,Makassar,UPG,WAAA,16:00,08:00,16:00,,17:20,,1h 20m,Landed
2026-03-19,VJ998,,VietJet Air,Hanoi,HAN,VVNB,17:25,09:25,17:25,on time,21:35,on time,5h 10m,Landed
2026-03-19,IP107,,Pelita Air Service,Jakarta,CGK,WIII,17:40,09:40,,,,,1h 50m,
2026-03-19,IN283,,NAM Air,Jakarta,CGK,WIII,18:30,10:30,,,,,1h 40m,
2026-03-19,IN281,,NAM Air,Jakarta,CGK,WIII,18:30,10:30,,,,,1h 40m,
2026-03-19,IP111,,Pelita Air Service,Jakarta,CGK,WIII,18:35,10:35,,,,,1h 50m,
2026-03-19,8B5258,,TransNusa,Lombok,LOP,WADL,18:55,10:55,,,,,40m,
2026-03-19,8B969,,TransNusa,Guangzhou,CAN,ZGGG,19:45,11:45,,,,,5h 20m,
2026-03-19,IP105,,Pelita Air Service,Jakarta,CGK,WIII,20:50,12:50,,,,,1h 50m,
2026-03-19,SJ273,,Sriwijaya Air,Jakarta,CGK,WIII,21:35,13:35,21:35,on time,22:15,,1h 40m,Landed
2026-03-19,8B5109,,TransNusa,Jakarta,CGK,WIII,23:10,15:10,,,,,1h 40m,
2026-03-20,BX602,ABL602,Air Busan,Busan,PUS,RKPK,00:05,16:05,00:23,18min late,07:43,46min early,6h 19m,Landed
2026-03-20,EK399,UAE399,Emirates,Dubai,DXB,OMDB,00:25,16:25,00:46,21min late,05:33,11min early,8h 47m,Landed
2026-03-20,MF892,CXA892,Xiamen Airlines,Xiamen,XMN,ZSAM,00:30,16:30,00:34,4min late,05:58,6min early,5h 24m,Landed
2026-03-20,CZ626,CSN626,China Southern Airlines,Guangzhou,CAN,ZGGG,00:40,16:40,00:43,3min late,05:31,18min early,4h 47m,Landed
2026-03-20,GA880,GIA880,Garuda Indonesia,Tokyo,NRT,RJAA,00:50,16:50,01:12,22min late,08:43,6min early,6h 30m,Landed
2026-03-20,MU5030,CES5030,China Eastern Airlines,Shanghai,PVG,ZSPD,00:55,16:55,01:04,9min late,10:36,26min late,9h 31m,Landed
2026-03-20,SJ726,,Sriwijaya Air,Makassar,UPG,WAAA,01:00,17:00,,,,,1h 20m,
2026-03-20,8B5888,,TransNusa,Manado,MDC,WAMM,01:30,17:30,,,,,2h 45m,
2026-03-20,QR961,,Qatar Airways,Doha,DOH,OTHH,06:40,22:40,,,,,10h 0m,
2026-03-20,8B5250,TNU5250,TransNusa,Lombok,LOP,WADL,07:30,23:30,,,,,25m,
2026-03-20,8B551,TNU551,Business Air,Singapore,SIN,WSSS,07:30,23:30,09:13,43min late,11:38,43min late,2h 24m,Landed
2026-03-20,ID6333,BTK6333,Batik Air,Labuan Bajo,LBJ,WATO,07:55,23:55,08:41,46min late,09:39,29min late,58m,Landed
2026-03-20,QG691,CTV691,Citilink,Surabaya,SUB,WARR,08:05,00:05,08:10,5min late,07:48,26min early,38m,Landed
2026-03-20,HX706,CRK706,Hong Kong Airlines,Hong Kong,HKG,VHHH,08:15,00:15,09:00,45min late,13:20,5min late,4h 19m,Landed
2026-03-20,5J280,CEB280,CEBU Pacific Air,Manila,MNL,RPLL,08:35,00:35,10:14,39min late,14:10,20min late,3h 56m,Landed
2026-03-20,QG500,CTV500,Citilink,Dili,DIL,WPDL,08:50,00:50,09:07,17min late,11:51,3min early,1h 43m,Landed
2026-03-20,JT21,LNI021,Lion Air,Jakarta,CGK,WIII,09:00,01:00,09:16,16min late,09:45,9min early,1h 29m,Landed
2026-03-20,JQ82,JST082,Jetstar Airways,Darwin,DRW,YPDN,09:05,01:05,09:23,18min late,13:27,12min late,2h 33m,Landed
2026-03-20,IW1858,WON1858,Wings Air,Lombok,LOP,WADL,09:05,01:05,09:17,12min late,09:45,9min early,27m,Landed
2026-03-20,IN640,LKN640,Nam Air,Tambolaka,TMC,WADT,09:10,01:10,09:57,47min late,10:56,46min late,59m,Landed
2026-03-20,SJ740,,Sriwijaya Air,Waingapu,WGP,WADW,09:10,01:10,09:10,,10:30,,1h 20m,Landed
2026-03-20,8B5105,TNU5105,Business Air,Jakarta,CGK,WIII,09:15,01:15,09:30,15min late,09:57,2min early,1h 26m,Landed
2026-03-20,IW1848,WON1848,Wings Air,Lombok,LOP,WADL,09:25,01:25,09:46,21min late,10:14,on time,28m,Landed
2026-03-20,ID6007,BTK6007,Batik Air,Perth,PER,YPPH,09:30,01:30,07:33,56min early,12:57,17min early,5h 23m,Landed
2026-03-20,IW1882,WON1882,Wings Air,Sumbawa Besar,SWQ,WADS,09:30,01:30,09:34,4min late,10:18,16min early,44m,Landed
2026-03-20,QG663,CTV663,Citilink,Jakarta,CGK,WIII,09:35,01:35,09:50,15min late,10:18,16min early,1h 27m,Landed
2026-03-20,8B5634,TNU5634,Business Air,Bima,BMU,WADB,09:35,01:35,,,,,1h 0m,
2026-03-20,8B80,TNU080,TransNusa,Perth,PER,YPPH,09:40,01:40,10:06,26min late,13:15,9min early,3h 9m,Landed
2026-03-20,QZ803,AWQ803,Indonesia AirAsia,Jakarta,CGK,WIII,09:40,01:40,10:40,0min late,11:10,40min late,1h 30m,Landed
2026-03-20,ID6324,BTK6324,Batik Air,Tambolaka,TMC,WADT,09:40,01:40,09:56,16min late,10:48,6min early,52m,Landed
2026-03-20,IU122,SJV122,SW Italia,Yogyakarta,YIA,WAHI,10:00,02:00,10:15,15min late,10:12,17min early,57m,Landed
2026-03-20,IU128,SJV128,SW Italia,Surakarta,SOC,WAHQ,10:00,02:00,10:18,18min late,10:16,3min early,58m,Landed
2026-03-20,GA686,GIA686,Garuda Indonesia,Sorong,SOQ,WASS,10:00,02:00,13:16,16min late,14:21,11min late,5m,Landed
2026-03-20,JQ126,JST126,Jetstar Airways,Adelaide,ADL,YPAD,10:15,02:15,10:21,6min late,17:25,19min early,4h 34m,Landed
2026-03-20,8B5101,TNU5101,TransNusa,Jakarta,CGK,WIII,10:30,02:30,14:52,22min late,15:23,8min late,1h 30m,Landed
2026-03-20,SQ935,SIA935,Singapore Airlines,Singapore,SIN,WSSS,10:30,02:30,10:57,27min late,13:01,9min early,2h 3m,Landed
2026-03-20,JT33,LNI033,Lion Air,Jakarta,CGK,WIII,10:35,02:35,17:29,54min late,17:58,28min late,1h 29m,Landed
2026-03-20,JT924,LNI924,Lion Air,Kupang,KOE,WATT,10:35,02:35,11:14,39min late,12:43,18min late,1h 29m,Landed
2026-03-20,8G182,DTL182,Mid Africa Aviation,Dili,DIL,WPDL,10:35,02:35,10:37,2min late,13:24,5min early,1h 47m,Landed
2026-03-20,QZ646,AWQ646,Indonesia AirAsia,Labuan Bajo,LBJ,WATO,11:00,03:00,15:29,29min late,12:20,,1h 20m,Landed
2026-03-20,QG197,CTV197,Citilink,Jakarta,HLP,WIHH,11:10,03:10,11:08,1min early,11:35,24min early,1h 26m,Landed
2026-03-20,TR281,TGW281,Scoot,Singapore,SIN,WSSS,11:10,03:10,12:56,46min late,15:07,17min late,2h 11m,Landed
2026-03-20,JQ40,JST040,Jetstar Airways,Sydney,SYD,YSSY,11:15,03:15,11:54,39min late,20:40,25min late,5h 45m,Landed
2026-03-20,QZ780,AWQ780,Indonesia AirAsia,Balikpapan,BPN,WALL,11:30,03:30,11:38,8min late,12:58,16min early,1h 20m,Landed
2026-03-20,6E1606,IGO1606,IndiGo,Bangalore,BLR,VOBL,11:30,03:30,11:29,on time,15:11,23min early,6h 11m,Landed
2026-03-20,JQ32,JST032,Jetstar Airways,Melbourne,MEL,YMML,11:30,03:30,11:46,16min late,19:58,11min early,5h 11m,Landed
2026-03-20,IW1902,WON1902,Wings Air,Jember,JBB,WARE,11:40,03:40,11:41,1min late,11:17,42min early,36m,Landed
2026-03-20,ID6331,BTK6331,Batik Air,Labuan Bajo,LBJ,WATO,11:45,03:45,12:28,43min late,13:23,23min late,54m,Landed
2026-03-20,JQ109,JST109,Jetstar Airways,Perth,PER,YPPH,11:45,03:45,11:48,3min late,14:56,38min early,3h 8m,Landed
2026-03-20,JT31,LNI031,Lion Air,Jakarta,CGK,WIII,11:55,03:55,12:11,16min late,12:36,13min early,1h 25m,Landed
2026-03-20,GA407,GIA407,Garuda Indonesia,Jakarta,CGK,WIII,11:55,03:55,11:52,2min early,12:27,27min early,1h 35m,Landed
2026-03-20,FD397,AIQ397,Thai AirAsia,Bangkok,DMK,VTBD,12:00,04:00,12:15,15min late,15:26,6min late,4h 10m,Landed
2026-03-20,SQ937,SIA937,Singapore Airlines,Singapore,SIN,WSSS,12:05,04:05,12:33,28min late,14:57,2min late,2h 23m,Landed
2026-03-20,SU297,AFL297,Aeroflot,Moscow,SVO,UUEE,12:05,04:05,12:26,21min late,20:02,7min late,12h 35m,Landed
2026-03-20,GA253,GIA253,Garuda Indonesia,Yogyakarta,YIA,WAHI,12:05,04:05,12:17,12min late,12:24,30min early,1h 6m,Landed
2026-03-20,SJ742,,Sriwijaya Air,Tambolaka,TMC,WADT,12:10,04:10,12:10,on time,13:10,,1h 0m,Landed
2026-03-20,OD192,MXD192,Malindo Air,Kuala Lumpur,KUL,WMKK,12:10,04:10,12:00,9min early,14:38,41min early,2h 38m,Landed
2026-03-20,QG697,CTV697,Citilink,Surabaya,SUB,WARR,12:20,04:20,12:13,6min early,12:02,27min early,49m,Landed
2026-03-20,QZ540,AWQ540,Indonesia AirAsia,Darwin,DRW,YPDN,12:30,04:30,12:25,4min early,16:31,18min early,2h 36m,Landed
2026-03-20,IW1964,WON1964,Wings Air,Lombok,LOP,WADL,12:40,04:40,15:25,45min late,15:56,26min late,30m,Landed
2026-03-20,QZ556,AWQ556,Indonesia AirAsia,Kuala Lumpur,KUL,WMKK,12:40,04:40,12:43,3min late,15:28,6min early,2h 45m,Landed
2026-03-20,IP103,PAS103,Pelita Air Service,Jakarta,CGK,WIII,12:45,04:45,12:59,14min late,13:24,10min early,1h 25m,Landed
2026-03-20,SQ939,SIA939,Singapore Airlines,Singapore,SIN,WSSS,13:00,05:00,13:22,22min late,15:40,10min early,2h 17m,Landed
2026-03-20,AK365,AXM365,AirAsia,Kuala Lumpur,KUL,WMKK,13:05,05:05,13:48,43min late,16:29,19min late,2h 41m,Landed
2026-03-20,MH714,MAS714,Malaysia Airlines,Kuala Lumpur,KUL,WMKK,13:10,05:10,13:34,24min late,16:03,1min early,2h 29m,Landed
2026-03-20,JT35,LNI035,Lion Air,Jakarta,CGK,WIII,13:15,05:15,13:31,16min late,14:01,8min early,1h 30m,Landed
2026-03-20,GA409,GIA409,Garuda Indonesia,Jakarta,CGK,WIII,13:25,05:25,13:41,16min late,14:11,13min early,1h 30m,Landed
2026-03-20,JT660,LNI660,Lion Air,Balikpapan,BPN,WALL,13:30,05:30,13:44,14min late,15:06,8min early,1h 22m,Landed
2026-03-20,QZ811,AWQ811,Indonesia AirAsia,Jakarta,CGK,WIII,13:40,05:40,14:50,10min late,15:20,50min late,1h 30m,Landed
2026-03-20,ID6509,BTK6509,Batik Air,Jakarta,CGK,WIII,13:45,05:45,13:51,6min late,14:24,15min early,1h 32m,Landed
2026-03-20,8B5107,TNU5107,TransNusa,Jakarta,CGK,WIII,13:50,05:50,18:21,31min late,19:01,26min late,1h 40m,Landed
2026-03-20,JT919,LNI919,Lion Air,Surabaya,SUB,WARR,13:55,05:55,14:30,35min late,14:09,14min late,38m,Landed
2026-03-20,IU2130,SJV2130,SW Italia,Semarang,SRG,WIIS,14:00,06:00,14:34,34min late,14:35,15min late,1h 0m,Landed
2026-03-20,QG687,CTV687,Citilink,Jakarta,CGK,WIII,14:00,06:00,13:58,1min early,14:37,22min early,1h 39m,Landed
2026-03-20,6E1612,IGO1612,IndiGo,Bhubaneswar,BBI,VEBS,14:00,06:00,14:04,4min late,17:31,8min early,5h 57m,Landed
2026-03-20,QG342,CTV342,Citilink,Makassar,UPG,WAAA,14:00,06:00,14:13,13min late,15:31,1min late,1h 18m,Landed
2026-03-20,QZ544,AWQ544,Indonesia AirAsia,Perth,PER,YPPH,14:00,06:00,14:17,17min late,17:33,16min early,3h 15m,Landed
2026-03-20,8B82,TNU082,TransNusa,Perth,PER,YPPH,14:00,06:00,16:25,25min late,19:35,55min late,3h 9m,Landed
2026-03-20,VJ894,VJC894,VietJet Air,Ho Chi Minh City,SGN,VVTS,14:05,06:05,14:21,16min late,16:42,22min early,3h 21m,Landed
2026-03-20,IU130,SJV130,SW Italia,Semarang,SRG,WIIS,14:15,06:15,14:54,39min late,14:54,19min late,59m,Landed
2026-03-20,QZ480,AWQ480,Indonesia AirAsia,Da Nang,DAD,VVDN,14:15,06:15,14:43,28min late,17:50,4min early,4h 6m,Landed
2026-03-20,ID6517,BTK6517,Batik Air,Jakarta,CGK,WIII,14:15,06:15,14:39,24min late,15:10,on time,1h 30m,Landed
2026-03-20,ID7308,BTK7308,Batik Air,Jakarta,HLP,WIHH,14:20,06:20,15:07,47min late,15:27,17min late,1h 20m,Landed
2026-03-20,QZ506,AWQ506,Indonesia AirAsia,Singapore,SIN,WSSS,14:25,06:25,19:23,58min late,21:40,20min late,2h 16m,Landed
2026-03-20,TR289,TGW289,Scoot,Singapore,SIN,WSSS,14:35,06:35,15:21,46min late,17:42,12min late,2h 21m,Landed
2026-03-20,OD307,MXD307,Malindo Air,Kuala Lumpur,KUL,WMKK,14:50,06:50,15:00,10min late,17:43,11min early,2h 42m,Landed
2026-03-20,JQ43,JST043,Jetstar Airways,Singapore,SIN,WSSS,14:50,06:50,15:15,25min late,17:37,17min early,2h 22m,Landed
2026-03-20,JQ44,JST044,Jetstar Airways,Melbourne,MEL,YMML,14:55,06:55,15:10,15min late,23:25,9min early,5h 14m,Landed
2026-03-20,VA48,VOZ048,Virgin Australia,Brisbane,BNE,YBBN,15:00,07:00,15:35,35min late,23:16,21min late,5h 41m,Landed
2026-03-20,QG681,CTV681,Citilink,Jakarta,CGK,WIII,15:00,07:00,15:30,30min late,16:00,on time,1h 30m,Landed
2026-03-20,IU120,SJV120,SW Italia,Yogyakarta,YIA,WAHI,15:00,07:00,13:31,28min early,13:10,19min early,38m,Landed
2026-03-20,JT844,LNI844,Lion Air,Banjarmasin,BDJ,WAOO,15:00,07:00,15:24,24min late,16:24,5min early,1h 0m,Landed
2026-03-20,AI2148,AIC2148,Air India,Delhi,DEL,VIDP,15:10,07:10,15:42,32min late,20:23,18min late,7h 10m,Landed
2026-03-20,GA842,GIA842,Garuda Indonesia,Singapore,SIN,WSSS,15:15,07:15,15:44,29min late,18:01,1min late,2h 17m,Landed
2026-03-20,AK377,AXM377,AirAsia,Kuala Lumpur,KUL,WMKK,15:25,07:25,15:54,29min late,18:40,15min late,2h 45m,Landed
2026-03-20,JT740,LNI740,Lion Air,Makassar,UPG,WAAA,15:30,07:30,16:03,33min late,17:03,8min late,1h 0m,Landed
2026-03-20,GA411,GIA411,Garuda Indonesia,Jakarta,CGK,WIII,15:35,07:35,15:59,24min late,16:32,7min early,1h 32m,Landed
2026-03-20,VJ898,VJC898,VietJet Air,Ho Chi Minh City,SGN,VVTS,15:35,07:35,15:48,13min late,18:04,20min early,3h 15m,Landed
2026-03-20,8B5254,TNU5254,TransNusa,Lombok,LOP,WADL,15:37,07:37,15:41,3min late,16:07,3min late,25m,Landed
2026-03-20,IW1850,WON1850,Wings Air,Lombok,LOP,WADL,15:40,07:40,15:50,10min late,16:21,8min early,30m,Landed
2026-03-20,SJ717,SJY717,Sriwijaya Air,Makassar,UPG,WAAA,15:40,07:40,15:40,on time,20:48,48min late,5h 8m,Landed
2026-03-20,CI772,CAL772,China Airlines,Taipei,TPE,RCTP,15:45,07:45,16:07,22min late,20:52,12min early,4h 44m,Landed
2026-03-20,QG661,CTV661,Citilink,Jakarta,CGK,WIII,16:00,08:00,16:09,9min late,16:47,12min early,1h 38m,Landed
2026-03-20,IP109,PAS109,Pelita Air Service,Jakarta,CGK,WIII,16:00,08:00,15:58,1min early,16:36,13min early,1h 37m,Landed
2026-03-20,QZ536,AWQ536,Indonesia AirAsia,Perth,PER,YPPH,16:00,08:00,19:49,49min late,23:05,20min late,3h 15m,Landed
2026-03-20,VN640,HVN640,Vietnam Airlines,Ho Chi Minh City,SGN,VVTS,16:05,08:05,14:43,21min early,18:43,11min early,4h 59m,Landed
2026-03-20,TG432,THA432,Thai Airways International,Bangkok,BKK,VTBS,16:10,08:10,16:19,9min late,18:57,27min early,3h 38m,Landed
2026-03-20,QG669,CTV669,Citilink,Surabaya,SUB,WARR,16:10,08:10,16:23,13min late,19:47,27min late,4h 24m,Landed
2026-03-20,CX784,CPA784,Cathay Pacific,Hong Kong,HKG,VHHH,16:20,08:20,16:40,20min late,20:59,25min early,4h 19m,Landed
2026-03-20,MH850,MAS850,Malaysia Airlines,Kuala Lumpur,KUL,WMKK,16:25,08:25,16:30,5min late,19:05,29min early,2h 34m,Landed
2026-03-20,IW1852,WON1852,Wings Air,Lombok,LOP,WADL,16:30,08:30,16:32,2min late,17:01,18min early,29m,Landed
2026-03-20,IU743,,SW Italia,Jakarta,CGK,WIII,16:35,08:35,,,,,1h 55m,
2026-03-20,BR256,EVA256,EVA Airways,Taipei,TPE,RCTP,16:40,08:40,17:07,27min late,21:52,7min late,4h 44m,Landed
2026-03-20,JT744,LNI744,Lion Air,Makassar,UPG,WAAA,16:40,08:40,16:49,9min late,17:56,8min early,1h 6m,Landed
2026-03-20,IU703,SJV703,SW Italia,Surabaya,SUB,WARR,16:40,08:40,17:54,14min late,17:28,48min late,33m,Landed
2026-03-20,GA349,GIA349,Garuda Indonesia,Surabaya,SUB,WARR,16:55,08:55,17:17,22min late,16:57,12min early,40m,Landed
2026-03-20,ID6335,BTK6335,Batik Air,Labuan Bajo,LBJ,WATO,17:00,09:00,17:17,17min late,18:12,2min early,54m,Landed
2026-03-20,IU273,SJV273,SW Italia,Pontianak,PNK,WIOO,17:00,09:00,17:33,33min late,18:10,5min late,1h 37m,Landed
2026-03-20,JQ58,JST058,Jetstar Airways,Brisbane,BNE,YBBN,17:15,09:15,17:24,9min late,01:01,8min early,5h 37m,Landed
2026-03-20,JT25,,Lion Air,Jakarta,CGK,WIII,17:15,09:15,17:26,11min late,18:43,33min late,2h 17m,Landed
2026-03-20,GA419,GIA419,Garuda Indonesia,Jakarta,CGK,WIII,17:25,09:25,17:39,14min late,18:14,10min early,1h 34m,Landed
2026-03-20,HO1356,DKH1356,Juneyao Airlines,Shanghai,PVG,ZSPD,17:25,09:25,17:36,11min late,23:48,1min early,6h 11m,Landed
2026-03-20,VJ998,VJC998,VietJet Air,Hanoi,HAN,VVNB,17:25,09:25,17:58,33min late,06:08,33min late,13h 9m,Landed
2026-03-20,TR211,TGW211,Scoot,Singapore,SIN,WSSS,17:35,09:35,17:43,8min late,19:59,46min early,2h 15m,Landed
2026-03-20,IU759,SJV759,SW Italia,Jakarta,CGK,WIII,17:40,09:40,18:49,9min late,19:19,44min late,1h 30m,Landed
2026-03-20,IP107,PAS107,Pelita Air Service,Jakarta,CGK,WIII,17:40,09:40,17:47,7min late,18:17,12min early,1h 30m,Landed
2026-03-20,AK368,AXM368,AirAsia,Kuala Lumpur,KUL,WMKK,17:45,09:45,18:47,2min late,21:31,41min late,2h 43m,Landed
2026-03-20,8B5256,TNU5256,TransNusa,Lombok,LOP,WADL,17:50,09:50,17:51,on time,18:21,on time,30m,Landed
2026-03-20,GA427,GIA427,Garuda Indonesia,Jakarta,CGK,WIII,18:05,10:05,18:31,26min late,19:07,7min late,1h 36m,Landed
2026-03-20,IU126,SJV126,SW Italia,Surakarta,SOC,WAHQ,18:10,10:10,19:10,0min late,19:10,40min late,59m,Landed
2026-03-20,OD193,MXD193,Malindo Air,Perth,PER,YPPH,18:10,10:10,18:29,19min late,21:41,3min early,3h 12m,Landed
2026-03-20,EY477,ETD477,Etihad Airways,Abu Dhabi,AUH,OMAA,18:30,10:30,18:42,12min late,00:04,34min late,9h 21m,Landed
2026-03-20,IN281,LKN281,NAM Air,Jakarta,CGK,WIII,18:30,10:30,19:30,0min late,19:55,45min late,1h 25m,Landed
2026-03-20,IP111,PAS111,Pelita Air Service,Jakarta,CGK,WIII,18:35,10:35,18:51,16min late,19:18,6min early,1h 26m,Landed
2026-03-20,JT3027,,Lion Air,Jakarta,CGK,WIII,18:40,10:40,20:24,44min late,20:51,16min late,1h 27m,Landed
2026-03-20,GA417,GIA417,Garuda Indonesia,Jakarta,CGK,WIII,18:40,10:40,18:54,14min late,19:28,11min early,1h 34m,Landed
2026-03-20,CX782,CPA782,Cathay Pacific,Hong Kong,HKG,VHHH,18:40,10:40,19:01,21min late,23:17,27min early,4h 16m,Landed
2026-03-20,QZ504,AWQ504,Indonesia AirAsia,Singapore,SIN,WSSS,18:40,10:40,23:52,12min late,02:05,45min late,2h 12m,Landed
2026-03-20,ID6415,BTK6415,Batik Air,Surabaya,SUB,WARR,18:45,10:45,19:13,28min late,18:49,4min late,36m,Landed
2026-03-20,NZ291,ANZ291,Air New Zealand,Auckland,AKL,NZAA,18:50,10:50,19:03,13min late,07:46,8min early,7h 43m,Landed
2026-03-20,6E1608,IGO1608,IndiGo,Chennai,MAA,VOMM,18:50,10:50,19:08,18min late,22:24,5min early,5h 46m,Landed
2026-03-20,8B5258,TNU5258,TransNusa,Lombok,LOP,WADL,18:55,10:55,20:03,8min late,20:27,52min late,24m,Landed
2026-03-20,TG440,THA440,Thai Airways International,Bangkok,BKK,VTBS,19:00,11:00,19:26,26min late,22:17,2min late,3h 51m,Landed
2026-03-20,AK379,AXM379,AirAsia,Kuala Lumpur,KUL,WMKK,19:15,11:15,19:47,32min late,22:53,33min late,3h 5m,Landed
2026-03-20,MH852,MAS852,Malaysia Airlines,Kuala Lumpur,KUL,WMKK,19:15,11:15,19:32,17min late,22:24,9min late,2h 51m,Landed
2026-03-20,QZ809,,Indonesia AirAsia,Jakarta,CGK,WIII,19:15,11:15,19:15,on time,20:15,,2h 0m,Landed
2026-03-20,ID7310,BTK7310,Batik Air,Jakarta,HLP,WIHH,19:25,11:25,19:33,8min late,19:57,17min early,1h 24m,Landed
2026-03-20,QG689,CTV689,Citilink,Jakarta,CGK,WIII,19:30,11:30,19:34,4min late,20:11,18min early,1h 36m,Landed
2026-03-20,QG699,CTV699,Citilink,Surabaya,SUB,WARR,19:30,11:30,19:46,16min late,19:36,3min early,50m,Landed
2026-03-20,8B969,TNU969,TransNusa,Guangzhou,CAN,ZGGG,19:45,11:45,19:54,9min late,07:11,6min late,11h 17m,Landed
2026-03-20,JQ107,JST107,Jetstar Airways,Perth,PER,YPPH,19:45,11:45,20:30,45min late,23:52,32min late,3h 21m,Landed
2026-03-20,JT923,LNI923,Lion Air,Surabaya,SUB,WARR,19:45,11:45,20:51,6min late,20:27,42min late,35m,Landed
2026-03-20,EK369,UAE369,Emirates,Dubai,DXB,OMDB,19:50,11:50,20:25,35min late,01:37,27min late,9h 11m,Landed
2026-03-20,IU133,SJV133,SW Italia,Semarang,SRG,WIIS,19:50,11:50,19:06,43min early,19:02,7min early,55m,Landed
2026-03-20,QZ807,,Indonesia AirAsia,Jakarta,CGK,WIII,20:00,12:00,20:00,on time,21:00,,2h 0m,Landed
2026-03-20,TR283,TGW283,Scoot,Singapore,SIN,WSSS,20:05,12:05,21:25,20min late,23:39,59min late,2h 13m,Landed
2026-03-20,SL259,TLM259,Thai Lion Air,Bangkok,DMK,VTBD,20:05,12:05,21:53,48min late,00:46,21min late,3h 52m,Landed
2026-03-20,QG195,CTV195,Citilink,Jakarta,HLP,WIHH,20:10,12:10,20:22,12min late,21:11,6min late,1h 48m,Landed
2026-03-20,QZ410,AWQ410,Indonesia AirAsia,Melbourne,MEL,YMML,20:10,12:10,20:49,39min late,05:22,22min late,5h 32m,Landed
2026-03-20,SQ945,SIA945,Singapore Airlines,Singapore,SIN,WSSS,20:15,12:15,20:37,22min late,22:47,8min early,2h 9m,Landed
2026-03-20,GA718,GIA718,Garuda Indonesia,Melbourne,MEL,YMML,20:20,12:20,20:46,26min late,05:09,9min late,5h 23m,Landed
2026-03-20,JQ34,JST034,Jetstar Airways,Melbourne,MEL,YMML,20:20,12:20,21:23,3min late,05:35,40min late,5h 11m,Landed
2026-03-20,ID6413,BTK6413,Batik Air,Surabaya,SUB,WARR,20:30,12:30,21:03,33min late,20:37,7min late,33m,Landed
2026-03-20,GA415,GIA415,Garuda Indonesia,Jakarta,CGK,WIII,20:45,12:45,20:57,12min late,21:32,12min early,1h 34m,Landed
2026-03-20,IP105,PAS105,Pelita Air Service,Jakarta,CGK,WIII,20:50,12:50,20:53,3min late,21:24,15min early,1h 30m,Landed
2026-03-20,OD177,MXD177,Malindo Air,Melbourne,MEL,YMML,20:55,12:55,21:21,26min late,05:43,3min late,5h 21m,Landed
2026-03-20,AK375,AXM375,AirAsia,Kuala Lumpur,KUL,WMKK,21:05,13:05,21:52,47min late,00:29,19min late,2h 37m,Landed
2026-03-20,QG667,CTV667,Citilink,Jakarta,CGK,WIII,21:10,13:10,21:24,14min late,22:15,5min late,1h 50m,Landed
2026-03-20,OD171,MXD171,Malindo Air,Sydney,SYD,YSSY,21:10,13:10,21:38,28min late,06:24,9min late,5h 45m,Landed
2026-03-20,TK67,THY067,Turkish Airlines,Istanbul,IST,LTFM,21:10,13:10,21:58,48min late,05:50,10min late,12h 51m,Landed
2026-03-20,QZ997,AWQ997,Indonesia AirAsia,Jakarta,CGK,WIII,21:10,13:10,23:20,10min late,23:49,49min late,1h 29m,Landed
2026-03-20,JT11,,Lion Air,Jakarta,CGK,WIII,21:15,13:15,21:15,,21:39,30min early,1h 24m,Landed
2026-03-20,QF44,QFA044,Qantas,Sydney,SYD,YSSY,21:20,13:20,21:31,11min late,06:08,6min early,5h 37m,Landed
2026-03-20,SJ273,SJY273,Sriwijaya Air,Jakarta,CGK,WIII,21:35,13:35,22:18,43min late,22:48,33min late,1h 29m,Landed
2026-03-20,QZ819,AWQ819,Indonesia AirAsia,Jakarta,CGK,WIII,21:35,13:35,02:42,7min late,03:04,39min late,1h 21m,Landed
2026-03-20,KL836,KLM836,KLM Royal Dutch Airlines,Singapore,SIN,WSSS,21:40,13:40,18:01,38min early,00:06,3min early,6h 5m,Landed
2026-03-20,SQ947,SIA947,Singapore Airlines,Singapore,SIN,WSSS,21:40,13:40,22:03,23min late,00:17,3min early,2h 13m,Landed
2026-03-20,JQ117,JST117,Jetstar Airways,Perth,PER,YPPH,21:45,13:45,16:52,52min early,01:18,3min late,8h 25m,Landed
2026-03-20,TK311,THY311,Turkish Airlines,Istanbul,IST,LTFM,22:00,14:00,22:31,31min late,06:33,8min late,13h 2m,Landed
2026-03-20,VA94,VOZ094,Virgin Australia,Melbourne,MEL,YMML,22:00,14:00,22:28,28min late,06:44,4min late,5h 16m,Landed
2026-03-20,SV857,SVA857,Saudi Arabian Airlines,Singapore,SIN,WSSS,22:05,14:05,22:05,on time,00:19,25min early,2h 14m,Landed
2026-03-20,QF46,QFA046,Qantas,Melbourne,MEL,YMML,22:05,14:05,22:22,17min late,06:37,12min early,5h 15m,Landed
2026-03-20,JQ89,JST089,Jetstar Airways,Newcastle,NTL,YWLM,22:20,14:20,00:02,42min late,08:51,36min late,5h 48m,Landed
2026-03-20,JQ38,JST038,Jetstar Airways,Sydney,SYD,YSSY,22:20,14:20,22:59,39min late,07:42,12min late,5h 43m,Landed
2026-03-20,VA66,VOZ066,Virgin Australia,Sydney,SYD,YSSY,22:30,14:30,22:43,13min late,07:34,5min early,5h 50m,Landed
2026-03-20,JT15,LNI015,Lion Air,Jakarta,CGK,WIII,22:45,14:45,23:03,18min late,23:35,4min early,1h 32m,Landed
2026-03-20,JQ128,JST128,Jetstar Airways,Adelaide,ADL,YPAD,22:50,14:50,23:05,15min late,06:09,5min early,4h 34m,Landed
2026-03-20,QG9685,CTV9685,Citilink,Jakarta,CGK,WIII,23:05,15:05,23:42,37min late,00:10,5min late,1h 27m,Landed
2026-03-20,7C2712,JJA2712,Jeju Air,Seoul,ICN,RKSI,23:05,15:05,23:19,14min late,07:12,2min late,6h 52m,Landed
2026-03-20,3U3986,CSC3986,Sichuan Airlines,Lujia Town,TFU,ZUTF,23:10,15:10,23:37,27min late,09:21,26min late,9h 44m,Landed
2026-03-20,8B5109,TNU5109,Business Air,Jakarta,CGK,WIII,23:10,15:10,23:57,47min late,00:14,24min late,1h 16m,Landed
2026-03-20,JQ91,JST091,Jetstar Airways,Cairns,CNS,YBCS,23:10,15:10,23:09,on time,05:56,11min late,4h 47m,Landed
2026-03-20,QG9695,CTV9695,Citilink,Surabaya,SUB,WARR,23:20,15:20,23:22,2min late,23:12,17min early,50m,Landed
2026-03-20,VA82,VOZ082,Virgin Australia,Gold Coast,OOL,YBCG,23:20,15:20,23:34,14min late,07:35,25min late,6h 0m,Landed
2026-03-20,QZ941,,Indonesia AirAsia,Jakarta,CGK,WIII,23:30,15:30,23:30,,00:30,,2h 0m,Landed
2026-03-20,GA714,GIA714,Garuda Indonesia,Sydney,SYD,YSSY,23:35,15:35,00:49,14min late,09:38,3min late,5h 49m,Landed
2026-03-20,JQ42,JST042,Jetstar Airways,Melbourne,MEL,YMML,23:40,15:40,23:55,15min late,08:24,5min early,5h 28m,Landed
2026-03-20,QZ420,AWQ420,Indonesia AirAsia,Adelaide,ADL,YPAD,23:45,15:45,23:49,4min late,08:27,2min late,6h 8m,Landed
2026-03-20,KE432,KAL432,Korean Air Lines,Seoul,ICN,RKSI,23:50,15:50,00:09,19min late,07:39,5min early,6h 30m,Landed
2026-03-20,QG9687,CTV9687,Citilink,Jakarta,CGK,WIII,23:55,15:55,00:12,17min late,00:39,15min early,1h 27m,Landed
2026-03-20,JQ94,JST094,Jetstar Airways,Gold Coast,OOL,YBCG,23:55,15:55,01:22,27min late,09:04,39min late,5h 42m,Landed
2026-03-21,BX602,ABL602,Air Busan,Busan,PUS,RKPK,00:05,16:05,00:23,18min late,07:43,46min early,6h 19m,Landed
2026-03-21,EK399,UAE399,Emirates,Dubai,DXB,OMDB,00:25,16:25,00:46,21min late,05:33,11min early,8h 47m,Landed
2026-03-21,MF892,CXA892,Xiamen Airlines,Xiamen,XMN,ZSAM,00:30,16:30,00:34,4min late,05:58,6min early,5h 24m,Landed
2026-03-21,CZ626,CSN626,China Southern Airlines,Guangzhou,CAN,ZGGG,00:40,16:40,00:43,3min late,05:31,18min early,4h 47m,Landed
2026-03-21,GA880,GIA880,Garuda Indonesia,Tokyo,NRT,RJAA,00:50,16:50,01:12,22min late,08:43,6min early,6h 30m,Landed
2026-03-21,MU5030,CES5030,China Eastern Airlines,Shanghai,PVG,ZSPD,00:55,16:55,01:04,9min late,10:36,26min late,9h 31m,Landed
2026-03-21,QZ548,AWQ548,Indonesia AirAsia,Perth,PER,YPPH,01:00,17:00,01:51,51min late,05:11,31min late,3h 19m,Landed
2026-03-21,SJ726,,Sriwijaya Air,Makassar,UPG,WAAA,01:00,17:00,,,,,1h 20m,
2026-03-21,KE434,KAL434,Korean Air Lines,Seoul,ICN,RKSI,01:05,17:05,02:04,59min late,09:36,36min late,6h 31m,Landed
2026-03-21,PR538,PAL538,Philippine Airlines,Manila,MNL,RPLL,01:10,17:10,01:17,7min late,04:47,22min early,3h 30m,Landed
2026-03-21,8B5888,TNU5888,TransNusa,Manado,MDC,WAMM,01:30,17:30,01:37,7min late,07:45,30min late,6h 8m,Landed
2026-03-21,GA401,GIA401,Garuda Indonesia,Jakarta,CGK,WIII,07:00,23:00,07:07,7min late,07:38,21min early,1h 30m,Landed
2026-03-21,IU705,SJV705,SW Italia,Surabaya,SUB,WARR,07:00,23:00,09:10,10min late,13:28,27min late,5h 18m,Landed
2026-03-21,QZ534,AWQ534,Indonesia AirAsia,Perth,PER,YPPH,07:00,23:00,07:04,4min late,10:21,28min early,3h 16m,Landed
2026-03-21,JT746,LNI746,Lion Air,Makassar,UPG,WAAA,07:00,23:00,07:31,31min late,08:33,8min late,1h 1m,Landed
2026-03-21,QG690,CTV690,Citilink,Surabaya,SUB,WARR,07:05,23:05,07:09,4min late,06:46,23min early,37m,Landed
2026-03-21,QZ550,AWQ550,Indonesia AirAsia,Kuala Lumpur,KUL,WMKK,07:15,23:15,07:22,7min late,10:06,3min early,2h 43m,Landed
2026-03-21,SQ949,SIA949,Singapore Airlines,Singapore,SIN,WSSS,07:20,23:20,07:20,on time,09:33,26min early,2h 12m,Landed
2026-03-21,8B5250,TNU5250,TransNusa,Lombok,LOP,WADL,07:30,23:30,07:24,5min early,07:46,8min early,21m,Landed
2026-03-21,8B551,TNU551,Business Air,Singapore,SIN,WSSS,07:30,23:30,07:29,on time,09:43,12min early,2h 13m,Landed
2026-03-21,QZ644,AWQ644,Indonesia AirAsia,Labuan Bajo,LBJ,WATO,07:40,23:40,10:45,5min late,11:38,43min late,52m,Landed
2026-03-21,ID6333,BTK6333,Batik Air,Labuan Bajo,LBJ,WATO,07:55,23:55,08:06,11min late,08:58,11min early,52m,Landed
2026-03-21,IW1858,WON1858,Wings Air,Lombok,LOP,WADL,08:05,00:05,08:14,9min late,08:42,12min early,28m,Landed
2026-03-21,QG691,CTV691,Citilink,Surabaya,SUB,WARR,08:05,00:05,07:59,5min early,11:58,43min late,4h 59m,Landed
2026-03-21,JT21,LNI021,Lion Air,Jakarta,CGK,WIII,08:05,00:05,08:03,1min early,08:40,19min early,1h 37m,Landed
2026-03-21,HX706,CRK706,Hong Kong Airlines,Hong Kong,HKG,VHHH,08:15,00:15,08:28,13min late,13:05,9min early,4h 36m,Landed
2026-03-21,5J280,CEB280,CEBU Pacific Air,Manila,MNL,RPLL,08:35,00:35,08:56,21min late,12:33,16min early,3h 37m,Landed
2026-03-21,CZ8482,CSN8482,China Southern Airlines,Guangzhou,CAN,ZGGG,08:35,00:35,12:57,22min late,13:20,44min early,22m,Landed
2026-03-21,QG500,CTV500,Citilink,Dili,DIL,WPDL,08:50,00:50,09:00,10min late,11:47,7min early,1h 47m,Landed
2026-03-21,IW1882,WON1882,Wings Air,Sumbawa Besar,SWQ,WADS,08:55,00:55,09:04,9min late,11:00,0min late,1h 56m,Landed
2026-03-21,IN640,LKN640,NAM Air,Tambolaka,TMC,WADT,09:10,01:10,09:21,11min late,10:11,1min late,49m,Landed
2026-03-21,8B5105,TNU5105,TransNusa,Jakarta,CGK,WIII,09:15,01:15,09:12,2min early,09:40,19min early,1h 28m,Landed
2026-03-21,ID6007,BTK6007,Batik Air,Perth,PER,YPPH,09:30,01:30,09:33,3min late,12:45,29min early,3h 11m,Landed
2026-03-21,8B5634,TNU5634,TransNusa,Bima,BMU,WADB,09:35,01:35,09:58,23min late,10:46,11min late,47m,Landed
2026-03-21,QG663,CTV663,Citilink,Jakarta,CGK,WIII,09:35,01:35,09:37,2min late,10:07,27min early,1h 29m,Landed
2026-03-21,ID6324,BTK6324,Batik Air,Tambolaka,TMC,WADT,09:40,01:40,09:46,6min late,10:42,12min early,55m,Landed
2026-03-21,8B80,TNU080,TransNusa,Perth,PER,YPPH,09:40,01:40,09:51,11min late,13:05,19min early,3h 14m,Landed
2026-03-21,QZ803,AWQ803,Indonesia AirAsia,Jakarta,CGK,WIII,09:40,01:40,09:57,17min late,10:28,1min early,1h 30m,Landed
2026-03-21,IU128,SJV128,SW Italia,Surakarta,SOC,WAHQ,10:00,02:00,10:27,27min late,12:31,11min late,3h 3m,Landed
2026-03-21,AI2146,AIC2146,Air India,Delhi,DEL,VIDP,10:00,02:00,10:11,11min late,15:10,10min late,7h 28m,Landed
2026-03-21,IU122,SJV122,SW Italia,Yogyakarta,YIA,WAHI,10:00,02:00,10:24,24min late,10:29,on time,1h 5m,Landed
2026-03-21,JQ111,JST111,Jetstar Airways,Perth,PER,YPPH,10:20,02:20,10:19,on time,13:29,41min early,3h 9m,Landed
2026-03-21,8B5101,TNU5101,TransNusa,Jakarta,CGK,WIII,10:30,02:30,10:36,6min late,11:05,9min early,1h 29m,Landed
2026-03-21,SQ935,SIA935,Singapore Airlines,Singapore,SIN,WSSS,10:30,02:30,11:03,33min late,13:12,2min late,2h 8m,Landed
2026-03-21,JT805,LNI805,Lion Air,Surabaya,SUB,WARR,10:35,02:35,11:11,36min late,10:49,14min late,38m,Landed
2026-03-21,8G182,DTL182,Mid Africa Aviation,Dili,DIL,WPDL,10:35,02:35,10:31,3min early,13:16,13min early,1h 44m,Landed
2026-03-21,JT33,,Lion Air,Jakarta,CGK,WIII,10:35,02:35,,,,,1h 55m,
2026-03-21,JT924,LNI924,Lion Air,Kupang,KOE,WATT,10:35,02:35,11:14,39min late,12:41,16min late,1h 26m,Landed
2026-03-21,IW1856,WON1856,Wings Air,Lombok,LOP,WADL,11:10,03:10,11:07,2min early,11:31,28min early,24m,Landed
2026-03-21,QG197,CTV197,Citilink,Jakarta,HLP,WIHH,11:10,03:10,11:05,4min early,11:33,26min early,1h 28m,Landed
2026-03-21,TR281,TGW281,Scoot,Singapore,SIN,WSSS,11:10,03:10,11:45,35min late,14:07,17min late,2h 21m,Landed
2026-03-21,JQ40,JST040,Jetstar Airways,Sydney,SYD,YSSY,11:15,03:15,11:26,11min late,20:17,2min late,5h 50m,Landed
2026-03-21,6E1606,IGO1606,IndiGo,Bangalore,BLR,VOBL,11:30,03:30,11:30,on time,15:02,32min early,6h 2m,Landed
2026-03-21,JQ32,JST032,Jetstar Airways,Melbourne,MEL,YMML,11:30,03:30,11:36,6min late,20:06,3min early,5h 30m,Landed
2026-03-21,OD172,MXD172,Malindo Air,Kuala Lumpur,KUL,WMKK,11:35,03:35,13:43,8min late,16:20,35min late,2h 36m,Landed
2026-03-21,ID6331,BTK6331,Batik Air,Labuan Bajo,LBJ,WATO,11:45,03:45,12:08,23min late,13:04,4min late,56m,Landed
2026-03-21,JQ109,JST109,Jetstar Airways,Perth,PER,YPPH,11:45,03:45,11:46,1min late,15:02,32min early,3h 15m,Landed
2026-03-21,IW1850,WON1850,Wings Air,Lombok,LOP,WADL,11:50,03:50,11:58,8min late,12:22,17min early,24m,Landed
2026-03-21,JT31,LNI031,Lion Air,Jakarta,CGK,WIII,11:55,03:55,17:42,47min late,18:09,19min late,1h 27m,Landed
2026-03-21,GA407,GIA407,Garuda Indonesia,Jakarta,CGK,WIII,11:55,03:55,12:04,9min late,12:39,15min early,1h 35m,Landed
2026-03-21,QZ618,AWQ618,Indonesia AirAsia,Banjarmasin,BDJ,WAOO,11:55,03:55,12:58,3min late,12:58,36min early,,Landed
2026-03-21,FD397,AIQ397,Thai AirAsia,Bangkok,DMK,VTBD,12:00,04:00,12:41,41min late,15:45,25min late,4h 4m,Landed
2026-03-21,SQ937,SIA937,Singapore Airlines,Singapore,SIN,WSSS,12:05,04:05,12:31,26min late,15:00,5min late,2h 28m,Landed
2026-03-21,GA253,GIA253,Garuda Indonesia,Yogyakarta,YIA,WAHI,12:05,04:05,12:12,7min late,12:20,34min early,1h 7m,Landed
2026-03-21,OD192,MXD192,Malindo Air,Kuala Lumpur,KUL,WMKK,12:10,04:10,12:10,on time,14:47,32min early,2h 36m,Landed
2026-03-21,SJ7420,,Sriwijaya Air,Tambolaka,TMC,WADT,12:10,04:10,12:10,,13:10,,1h 0m,Landed
2026-03-21,OD178,MXD178,Malindo Air,Kuala Lumpur,KUL,WMKK,12:15,04:15,12:19,4min late,14:54,30min early,2h 34m,Landed
2026-03-21,QG697,CTV697,Citilink,Surabaya,SUB,WARR,12:20,04:20,12:22,2min late,12:04,25min early,42m,Landed
2026-03-21,IW1964,WON1964,Wings Air,Lombok,LOP,WADL,12:40,04:40,15:47,7min late,16:12,42min late,24m,Landed
2026-03-21,8B5254,TNU5254,TransNusa,Lombok,LOP,WADL,12:40,04:40,13:06,26min late,13:27,7min late,20m,Landed
2026-03-21,IP103,PAS103,Pelita Air Service,Jakarta,CGK,WIII,12:45,04:45,12:53,8min late,13:24,10min early,1h 30m,Landed
2026-03-21,SQ939,SIA939,Singapore Airlines,Singapore,SIN,WSSS,13:00,05:00,13:13,13min late,15:36,14min early,2h 22m,Landed
2026-03-21,AK365,AXM365,AirAsia,Kuala Lumpur,KUL,WMKK,13:05,05:05,13:27,22min late,16:12,2min late,2h 44m,Landed
2026-03-21,MH714,MAS714,Malaysia Airlines,Kuala Lumpur,KUL,WMKK,13:10,05:10,13:15,5min late,16:06,1min late,2h 51m,Landed
2026-03-21,JT35,LNI035,Lion Air,Jakarta,CGK,WIII,13:15,05:15,13:33,18min late,14:07,2min early,1h 34m,Landed
2026-03-21,GA409,GIA409,Garuda Indonesia,Jakarta,CGK,WIII,13:25,05:25,15:15,50min late,15:46,21min late,1h 31m,Landed
2026-03-21,JQ58,JST058,Jetstar Airways,Brisbane,BNE,YBBN,13:30,05:30,13:40,10min late,21:18,6min early,5h 38m,Landed
2026-03-21,JT660,LNI660,Lion Air,Balikpapan,BPN,WALL,13:30,05:30,13:36,6min late,14:54,20min early,1h 18m,Landed
2026-03-21,QZ811,AWQ811,Indonesia AirAsia,Jakarta,CGK,WIII,13:40,05:40,13:40,on time,18:20,50min late,5h 40m,Landed
2026-03-21,ID6509,BTK6509,Batik Air,Jakarta,CGK,WIII,13:45,05:45,13:54,9min late,14:25,14min early,1h 30m,Landed
2026-03-21,8B5107,TNU5107,TransNusa,Jakarta,CGK,WIII,13:50,05:50,14:20,30min late,14:51,16min late,1h 30m,Landed
2026-03-21,JT919,LNI919,Lion Air,Surabaya,SUB,WARR,13:55,05:55,14:53,58min late,14:34,39min late,41m,Landed
2026-03-21,QG687,CTV687,Citilink,Jakarta,CGK,WIII,14:00,06:00,14:06,6min late,14:40,19min early,1h 34m,Landed
2026-03-21,QZ544,AWQ544,Indonesia AirAsia,Perth,PER,YPPH,14:00,06:00,14:02,2min late,17:13,36min early,3h 10m,Landed
2026-03-21,8B82,TNU082,Business Air,Perth,PER,YPPH,14:00,06:00,14:46,46min late,17:57,17min late,3h 11m,Landed
2026-03-21,6E1612,IGO1612,IndiGo,Bhubaneswar,BBI,VEBS,14:00,06:00,14:09,9min late,17:29,10min early,5h 49m,Landed
2026-03-21,QG342,CTV342,Citilink,Makassar,UPG,WAAA,14:00,06:00,14:02,2min late,15:28,2min early,1h 25m,Landed
2026-03-21,VJ894,VJC894,VietJet Air,Ho Chi Minh City,SGN,VVTS,14:05,06:05,14:18,13min late,16:43,21min early,3h 24m,Landed
2026-03-21,ID6517,BTK6517,Batik Air,Jakarta,CGK,WIII,14:15,06:15,14:56,41min late,15:28,18min late,1h 32m,Landed
2026-03-21,IU130,SJV130,SW Italia,Semarang,SRG,WIIS,14:15,06:15,14:48,33min late,14:43,8min late,55m,Landed
2026-03-21,ID7308,BTK7308,Batik Air,Jakarta,HLP,WIHH,14:20,06:20,14:38,18min late,14:59,10min early,1h 21m,Landed
2026-03-21,BX602,ABL602,Air Busan,Busan,PUS,RKPK,00:05,16:05,00:23,18min late,07:43,46min early,6h 19m,Landed
2026-03-21,8B84,TNU084,TransNusa,Perth,PER,YPPH,00:20,16:20,00:08,11min early,03:22,42min early,3h 13m,Landed
2026-03-21,EK399,UAE399,Emirates,Dubai,DXB,OMDB,00:25,16:25,00:33,8min late,05:39,5min early,9h 6m,Landed
2026-03-21,MF892,CXA892,Xiamen Airlines,Xiamen,XMN,ZSAM,00:30,16:30,00:23,6min early,05:40,24min early,5h 16m,Landed
2026-03-21,CZ626,CSN626,China Southern Airlines,Guangzhou,CAN,ZGGG,00:40,16:40,00:30,9min early,05:09,40min early,4h 38m,Landed
2026-03-21,GA880,GIA880,Garuda Indonesia,Tokyo,NRT,RJAA,00:50,16:50,01:06,16min late,08:36,13min early,6h 30m,Landed
2026-03-21,MU5030,CES5030,China Eastern Airlines,Shanghai,PVG,ZSPD,00:55,16:55,01:31,36min late,07:40,30min late,6h 9m,Landed
2026-03-21,QZ548,AWQ548,Indonesia AirAsia,Perth,PER,YPPH,01:00,17:00,02:21,21min late,05:31,51min late,3h 10m,Landed
2026-03-21,SJ726,,Sriwijaya Air,Makassar,UPG,WAAA,01:00,17:00,,,,,1h 20m,
2026-03-21,KE434,KAL434,Korean Air Lines,Seoul,ICN,RKSI,01:05,17:05,01:24,19min late,08:51,8min early,6h 27m,Landed
2026-03-21,PR538,PAL538,Philippine Airlines,Manila,MNL,RPLL,01:10,17:10,01:45,35min late,05:09,on time,3h 24m,Landed
2026-03-21,8B5888,,TransNusa,Manado,MDC,WAMM,01:30,17:30,,,,,2h 45m,
2026-03-21,QR961,,Qatar Airways,Doha,DOH,OTHH,06:40,22:40,,,,,10h 0m,Cancelled
2026-03-21,GA401,GIA401,Garuda Indonesia,Jakarta,CGK,WIII,07:00,23:00,07:13,13min late,07:41,18min early,1h 28m,Landed
2026-03-21,IU705,SJV705,SW Italia,Surabaya,SUB,WARR,07:00,23:00,07:21,21min late,14:46,45min late,8h 25m,Landed
2026-03-21,QZ534,AWQ534,Indonesia AirAsia,Perth,PER,YPPH,07:00,23:00,07:10,10min late,10:36,13min early,3h 25m,Landed
2026-03-21,JT746,LNI746,Lion Air,Makassar,UPG,WAAA,07:00,23:00,07:31,31min late,08:33,8min late,1h 1m,Landed
2026-03-21,QG690,CTV690,Citilink,Surabaya,SUB,WARR,07:05,23:05,07:09,4min late,06:46,23min early,37m,Landed
2026-03-21,QZ550,AWQ550,Indonesia AirAsia,Kuala Lumpur,KUL,WMKK,07:15,23:15,07:22,7min late,10:06,3min early,2h 43m,Landed
2026-03-21,SQ949,SIA949,Singapore Airlines,Singapore,SIN,WSSS,07:20,23:20,07:20,on time,09:33,26min early,2h 12m,Landed
2026-03-21,8B5250,TNU5250,TransNusa,Lombok,LOP,WADL,07:30,23:30,07:24,5min early,07:46,8min early,21m,Landed
2026-03-21,8B551,TNU551,Business Air,Singapore,SIN,WSSS,07:30,23:30,07:29,on time,09:43,12min early,2h 13m,Landed
2026-03-21,QZ644,AWQ644,Indonesia AirAsia,Labuan Bajo,LBJ,WATO,07:40,23:40,10:45,5min late,11:38,43min late,52m,Landed
2026-03-21,ID6333,BTK6333,Batik Air,Labuan Bajo,LBJ,WATO,07:55,23:55,08:06,11min late,08:58,11min early,52m,Landed
2026-03-21,IW1858,WON1858,Wings Air,Lombok,LOP,WADL,08:05,00:05,08:14,9min late,08:42,12min early,28m,Landed
2026-03-21,QG691,CTV691,Citilink,Surabaya,SUB,WARR,08:05,00:05,07:59,5min early,11:58,43min late,4h 59m,Landed
2026-03-21,JT21,LNI021,Lion Air,Jakarta,CGK,WIII,08:05,00:05,08:03,1min early,08:40,19min early,1h 37m,Landed
2026-03-21,HX706,CRK706,Hong Kong Airlines,Hong Kong,HKG,VHHH,08:15,00:15,08:28,13min late,13:05,9min early,4h 36m,Landed
2026-03-21,5J280,CEB280,CEBU Pacific Air,Manila,MNL,RPLL,08:35,00:35,08:56,21min late,12:33,16min early,3h 37m,Landed
2026-03-21,CZ8482,CSN8482,China Southern Airlines,Guangzhou,CAN,ZGGG,08:35,00:35,12:57,22min late,13:20,44min early,22m,Landed
2026-03-21,QG500,CTV500,Citilink,Dili,DIL,WPDL,08:50,00:50,09:00,10min late,11:47,7min early,1h 47m,Landed
2026-03-21,IW1882,WON1882,Wings Air,Sumbawa Besar,SWQ,WADS,08:55,00:55,09:04,9min late,11:00,0min late,1h 56m,Landed
2026-03-21,IN640,LKN640,NAM Air,Tambolaka,TMC,WADT,09:10,01:10,09:21,11min late,10:11,1min late,49m,Landed
2026-03-21,8B5105,TNU5105,TransNusa,Jakarta,CGK,WIII,09:15,01:15,09:12,2min early,09:40,19min early,1h 28m,Landed
2026-03-21,ID6007,BTK6007,Batik Air,Perth,PER,YPPH,09:30,01:30,09:33,3min late,12:45,29min early,3h 11m,Landed
2026-03-21,8B5634,TNU5634,TransNusa,Bima,BMU,WADB,09:35,01:35,09:58,23min late,10:46,11min late,47m,Landed
2026-03-21,QG663,CTV663,Citilink,Jakarta,CGK,WIII,09:35,01:35,09:37,2min late,10:07,27min early,1h 29m,Landed
2026-03-21,ID6324,BTK6324,Batik Air,Tambolaka,TMC,WADT,09:40,01:40,09:46,6min late,10:42,12min early,55m,Landed
2026-03-21,8B80,TNU080,TransNusa,Perth,PER,YPPH,09:40,01:40,09:51,11min late,13:05,19min early,3h 14m,Landed
2026-03-21,QZ803,AWQ803,Indonesia AirAsia,Jakarta,CGK,WIII,09:40,01:40,09:57,17min late,10:28,1min early,1h 30m,Landed
2026-03-21,IU128,SJV128,SW Italia,Surakarta,SOC,WAHQ,10:00,02:00,10:27,27min late,12:31,11min late,3h 3m,Landed
2026-03-21,AI2146,AIC2146,Air India,Delhi,DEL,VIDP,10:00,02:00,10:11,11min late,15:10,10min late,7h 28m,Landed
2026-03-21,IU122,SJV122,SW Italia,Yogyakarta,YIA,WAHI,10:00,02:00,10:24,24min late,10:29,on time,1h 5m,Landed
2026-03-21,JQ111,JST111,Jetstar Airways,Perth,PER,YPPH,10:20,02:20,10:19,on time,13:29,41min early,3h 9m,Landed
2026-03-21,8B5101,TNU5101,TransNusa,Jakarta,CGK,WIII,10:30,02:30,10:36,6min late,11:05,9min early,1h 29m,Landed
2026-03-21,SQ935,SIA935,Singapore Airlines,Singapore,SIN,WSSS,10:30,02:30,11:03,33min late,13:12,2min late,2h 8m,Landed
2026-03-21,JT805,LNI805,Lion Air,Surabaya,SUB,WARR,10:35,02:35,11:11,36min late,10:49,14min late,38m,Landed
2026-03-21,8G182,DTL182,Mid Africa Aviation,Dili,DIL,WPDL,10:35,02:35,10:31,3min early,13:16,13min early,1h 44m,Landed
2026-03-21,JT33,,Lion Air,Jakarta,CGK,WIII,10:35,02:35,,,,,1h 55m,
2026-03-21,JT924,LNI924,Lion Air,Kupang,KOE,WATT,10:35,02:35,11:14,39min late,12:41,16min late,1h 26m,Landed
2026-03-21,IW1856,WON1856,Wings Air,Lombok,LOP,WADL,11:10,03:10,11:07,2min early,11:31,28min early,24m,Landed
2026-03-21,QG197,CTV197,Citilink,Jakarta,HLP,WIHH,11:10,03:10,11:05,4min early,11:33,26min early,1h 28m,Landed
2026-03-21,TR281,TGW281,Scoot,Singapore,SIN,WSSS,11:10,03:10,11:45,35min late,14:07,17min late,2h 21m,Landed
2026-03-21,JQ40,JST040,Jetstar Airways,Sydney,SYD,YSSY,11:15,03:15,11:26,11min late,20:17,2min late,5h 50m,Landed
2026-03-21,6E1606,IGO1606,IndiGo,Bangalore,BLR,VOBL,11:30,03:30,11:30,on time,15:02,32min early,6h 2m,Landed
2026-03-21,JQ32,JST032,Jetstar Airways,Melbourne,MEL,YMML,11:30,03:30,11:36,6min late,20:06,3min early,5h 30m,Landed
2026-03-21,OD172,MXD172,Malindo Air,Kuala Lumpur,KUL,WMKK,11:35,03:35,13:43,8min late,16:20,35min late,2h 36m,Landed
2026-03-21,ID6331,BTK6331,Batik Air,Labuan Bajo,LBJ,WATO,11:45,03:45,12:08,23min late,13:04,4min late,56m,Landed
2026-03-21,JQ109,JST109,Jetstar Airways,Perth,PER,YPPH,11:45,03:45,11:46,1min late,15:02,32min early,3h 15m,Landed
2026-03-21,IW1850,WON1850,Wings Air,Lombok,LOP,WADL,11:50,03:50,11:58,8min late,12:22,17min early,24m,Landed
2026-03-21,JT31,LNI031,Lion Air,Jakarta,CGK,WIII,11:55,03:55,17:42,47min late,18:09,19min late,1h 27m,Landed
2026-03-21,GA407,GIA407,Garuda Indonesia,Jakarta,CGK,WIII,11:55,03:55,12:04,9min late,12:39,15min early,1h 35m,Landed
2026-03-21,QZ618,AWQ618,Indonesia AirAsia,Banjarmasin,BDJ,WAOO,11:55,03:55,12:58,3min late,12:58,36min early,,Landed
2026-03-21,FD397,AIQ397,Thai AirAsia,Bangkok,DMK,VTBD,12:00,04:00,12:41,41min late,15:45,25min late,4h 4m,Landed
2026-03-21,SQ937,SIA937,Singapore Airlines,Singapore,SIN,WSSS,12:05,04:05,12:31,26min late,15:00,5min late,2h 28m,Landed
2026-03-21,GA253,GIA253,Garuda Indonesia,Yogyakarta,YIA,WAHI,12:05,04:05,12:12,7min late,12:20,34min early,1h 7m,Landed
2026-03-21,OD192,MXD192,Malindo Air,Kuala Lumpur,KUL,WMKK,12:10,04:10,12:10,on time,14:47,32min early,2h 36m,Landed
2026-03-21,SJ7420,,Sriwijaya Air,Tambolaka,TMC,WADT,12:10,04:10,12:10,,13:10,,1h 0m,Landed
2026-03-21,OD178,MXD178,Malindo Air,Kuala Lumpur,KUL,WMKK,12:15,04:15,12:19,4min late,14:54,30min early,2h 34m,Landed
2026-03-21,QG697,CTV697,Citilink,Surabaya,SUB,WARR,12:20,04:20,12:22,2min late,12:04,25min early,42m,Landed
2026-03-21,IW1964,WON1964,Wings Air,Lombok,LOP,WADL,12:40,04:40,15:47,7min late,16:12,42min late,24m,Landed
2026-03-21,8B5254,TNU5254,TransNusa,Lombok,LOP,WADL,12:40,04:40,13:06,26min late,13:27,7min late,20m,Landed
2026-03-21,IP103,PAS103,Pelita Air Service,Jakarta,CGK,WIII,12:45,04:45,12:53,8min late,13:24,10min early,1h 30m,Landed
2026-03-21,SQ939,SIA939,Singapore Airlines,Singapore,SIN,WSSS,13:00,05:00,13:13,13min late,15:36,14min early,2h 22m,Landed
2026-03-21,AK365,AXM365,AirAsia,Kuala Lumpur,KUL,WMKK,13:05,05:05,13:27,22min late,16:12,2min late,2h 44m,Landed
2026-03-21,MH714,MAS714,Malaysia Airlines,Kuala Lumpur,KUL,WMKK,13:10,05:10,13:15,5min late,16:06,1min late,2h 51m,Landed
2026-03-21,JT35,LNI035,Lion Air,Jakarta,CGK,WIII,13:15,05:15,13:33,18min late,14:07,2min early,1h 34m,Landed
2026-03-21,GA409,GIA409,Garuda Indonesia,Jakarta,CGK,WIII,13:25,05:25,15:15,50min late,15:46,21min late,1h 31m,Landed
2026-03-21,JQ58,JST058,Jetstar Airways,Brisbane,BNE,YBBN,13:30,05:30,13:40,10min late,21:18,6min early,5h 38m,Landed
2026-03-21,JT660,LNI660,Lion Air,Balikpapan,BPN,WALL,13:30,05:30,13:36,6min late,14:54,20min early,1h 18m,Landed
2026-03-21,QZ811,AWQ811,Indonesia AirAsia,Jakarta,CGK,WIII,13:40,05:40,13:40,on time,18:20,50min late,5h 40m,Landed
2026-03-21,ID6509,BTK6509,Batik Air,Jakarta,CGK,WIII,13:45,05:45,13:54,9min late,14:25,14min early,1h 30m,Landed
2026-03-21,8B5107,TNU5107,TransNusa,Jakarta,CGK,WIII,13:50,05:50,14:20,30min late,14:51,16min late,1h 30m,Landed
2026-03-21,JT919,LNI919,Lion Air,Surabaya,SUB,WARR,13:55,05:55,14:53,58min late,14:34,39min late,41m,Landed
2026-03-21,QG687,CTV687,Citilink,Jakarta,CGK,WIII,14:00,06:00,14:06,6min late,14:40,19min early,1h 34m,Landed
2026-03-21,QZ544,AWQ544,Indonesia AirAsia,Perth,PER,YPPH,14:00,06:00,14:02,2min late,17:13,36min early,3h 10m,Landed
2026-03-21,8B82,TNU082,Business Air,Perth,PER,YPPH,14:00,06:00,14:46,46min late,17:57,17min late,3h 11m,Landed
2026-03-21,6E1612,IGO1612,IndiGo,Bhubaneswar,BBI,VEBS,14:00,06:00,14:09,9min late,17:29,10min early,5h 49m,Landed
2026-03-21,QG342,CTV342,Citilink,Makassar,UPG,WAAA,14:00,06:00,14:02,2min late,15:28,2min early,1h 25m,Landed
2026-03-21,VJ894,VJC894,VietJet Air,Ho Chi Minh City,SGN,VVTS,14:05,06:05,14:18,13min late,16:43,21min early,3h 24m,Landed
2026-03-21,ID6517,BTK6517,Batik Air,Jakarta,CGK,WIII,14:15,06:15,14:56,41min late,15:28,18min late,1h 32m,Landed
2026-03-21,IU130,SJV130,SW Italia,Semarang,SRG,WIIS,14:15,06:15,14:48,33min late,14:43,8min late,55m,Landed
2026-03-21,ID7308,BTK7308,Batik Air,Jakarta,HLP,WIHH,14:20,06:20,14:38,18min late,14:59,10min early,1h 21m,Landed
2026-03-21,QZ246,AWQ246,Indonesia AirAsia,Phuket,HKT,VTSP,14:25,06:25,16:34,9min late,23:45,30min late,8h 10m,Landed
2026-03-21,QZ556,AWQ556,Indonesia AirAsia,Kuala Lumpur,KUL,WMKK,14:30,06:30,14:35,5min late,17:12,17min early,2h 36m,Landed
2026-03-21,TR289,TGW289,Scoot,Singapore,SIN,WSSS,14:35,06:35,16:47,12min late,18:57,27min late,2h 9m,Landed
2026-03-21,OD307,MXD307,Malindo Air,Kuala Lumpur,KUL,WMKK,14:50,06:50,15:12,22min late,17:42,12min early,2h 29m,Landed
2026-03-21,JQ43,JST043,Jetstar Airways,Singapore,SIN,WSSS,14:50,06:50,15:08,18min late,17:30,24min early,2h 22m,Landed
2026-03-21,JQ44,JST044,Jetstar Airways,Melbourne,MEL,YMML,14:55,06:55,15:04,9min late,23:19,15min early,5h 14m,Landed
2026-03-21,QG681,CTV681,Citilink,Jakarta,CGK,WIII,15:00,07:00,15:25,25min late,15:54,5min early,1h 29m,Landed
2026-03-21,VA48,VOZ048,Virgin Australia,Brisbane,BNE,YBBN,15:00,07:00,15:32,32min late,23:06,11min late,5h 33m,Landed
2026-03-21,JT844,LNI844,Lion Air,Banjarmasin,BDJ,WAOO,15:00,07:00,15:18,18min late,16:23,6min early,1h 4m,Landed
2026-03-21,IU120,SJV120,SW Italia,Yogyakarta,YIA,WAHI,15:00,07:00,15:29,29min late,15:34,4min late,1h 4m,Landed
2026-03-21,QZ821,AWQ821,Indonesia AirAsia,Jakarta,CGK,WIII,15:05,07:05,18:51,46min late,19:18,18min late,1h 27m,Landed
2026-03-21,AI2148,AIC2148,Air India,Delhi,DEL,VIDP,15:10,07:10,16:01,51min late,20:55,4min early,7h 23m,Landed
2026-03-21,GA842,GIA842,Garuda Indonesia,Singapore,SIN,WSSS,15:15,07:15,15:22,7min late,17:50,9min early,2h 28m,Landed
2026-03-21,AK377,AXM377,AirAsia,Kuala Lumpur,KUL,WMKK,15:25,07:25,15:41,16min late,18:08,16min early,2h 27m,Landed
2026-03-21,JT740,LNI740,Lion Air,Makassar,UPG,WAAA,15:30,07:30,16:20,50min late,04:52,57min late,12h 31m,Landed
2026-03-21,GA411,GIA411,Garuda Indonesia,Jakarta,CGK,WIII,15:35,07:35,18:32,57min late,18:58,18min late,1h 26m,Landed
2026-03-21,VJ898,VJC898,VietJet Air,Ho Chi Minh City,SGN,VVTS,15:35,07:35,16:14,39min late,18:36,11min late,3h 21m,Landed
2026-03-21,SJ7161,,Sriwijaya Air,Makassar,UPG,WAAA,15:40,07:40,15:40,,17:00,,1h 20m,Landed
2026-03-21,CI772,CAL772,China Airlines,Taipei,TPE,RCTP,15:45,07:45,15:43,1min early,20:41,23min early,4h 57m,Landed
2026-03-21,VA92,VOZ092,Virgin Australia,Melbourne,MEL,YMML,15:50,07:50,16:12,22min late,00:37,7min late,5h 24m,Landed
2026-03-21,8B5256,TNU5256,TransNusa,Lombok,LOP,WADL,15:55,07:55,16:22,27min late,16:48,1min early,26m,Landed
2026-03-21,QG661,CTV661,Citilink,Jakarta,CGK,WIII,16:00,08:00,16:18,18min late,16:47,12min early,1h 29m,Landed
2026-03-21,QZ536,AWQ536,Indonesia AirAsia,Perth,PER,YPPH,16:00,08:00,15:08,51min early,19:53,8min late,4h 44m,Landed
2026-03-21,IP109,PAS109,Pelita Air Service,Jakarta,CGK,WIII,16:00,08:00,16:08,8min late,16:35,14min early,1h 26m,Landed
2026-03-21,QZ943,AWQ943,Indonesia AirAsia,Jakarta,CGK,WIII,16:05,08:05,18:36,31min late,19:04,59min late,1h 27m,Landed
2026-03-21,VN640,HVN640,Vietnam Airlines,Ho Chi Minh City,SGN,VVTS,16:05,08:05,15:58,6min early,18:16,38min early,3h 17m,Landed
2026-03-21,QG669,CTV669,Citilink,Surabaya,SUB,WARR,16:10,08:10,16:26,16min late,19:27,7min late,4h 1m,Landed
2026-03-21,TG432,THA432,Thai Airways International,Bangkok,BKK,VTBS,16:10,08:10,16:04,5min early,18:48,36min early,3h 43m,Landed
2026-03-21,CX784,CPA784,Cathay Pacific,Hong Kong,HKG,VHHH,16:20,08:20,16:52,32min late,21:18,6min early,4h 25m,Landed
2026-03-21,MH850,MAS850,Malaysia Airlines,Kuala Lumpur,KUL,WMKK,16:25,08:25,16:39,14min late,19:19,15min early,2h 40m,Landed
2026-03-21,IW1852,WON1852,Wings Air,Lombok,LOP,WADL,16:30,08:30,16:39,9min late,17:09,10min early,29m,Landed
2026-03-21,IU743,,SW Italia,Jakarta,CGK,WIII,16:35,08:35,,,,,1h 55m,
2026-03-21,BR256,EVA256,EVA Airways,Taipei,TPE,RCTP,16:40,08:40,17:29,49min late,22:25,40min late,4h 56m,Landed
2026-03-21,IU703,,SW Italia,Surabaya,SUB,WARR,16:40,08:40,,,,,1h 0m,
2026-03-21,QZ807,AWQ807,Indonesia AirAsia,Jakarta,CGK,WIII,16:55,08:55,22:03,8min late,22:28,28min late,1h 25m,Landed
2026-03-21,GA349,GIA349,Garuda Indonesia,Surabaya,SUB,WARR,16:55,08:55,17:34,39min late,17:22,12min late,48m,Landed
2026-03-21,ID6335,BTK6335,Batik Air,Labuan Bajo,LBJ,WATO,17:00,09:00,17:31,31min late,18:27,12min late,56m,Landed
2026-03-21,JT25,,Lion Air,Jakarta,CGK,WIII,17:15,09:15,20:26,11min late,20:50,40min late,1h 24m,Landed
2026-03-21,GA419,GIA419,Garuda Indonesia,Jakarta,CGK,WIII,17:25,09:25,17:48,23min late,18:14,10min early,1h 26m,Landed
2026-03-21,VJ998,VJC998,VietJet Air,Hanoi,HAN,VVNB,17:25,09:25,17:27,2min late,21:12,22min early,4h 45m,Landed
2026-03-21,HO1356,DKH1356,Juneyao Airlines,Shanghai,PVG,ZSPD,17:25,09:25,17:23,1min early,23:32,17min early,6h 8m,Landed
2026-03-21,TR211,TGW211,Scoot,Singapore,SIN,WSSS,17:35,09:35,17:45,10min late,19:52,52min early,2h 7m,Landed
2026-03-21,IP107,PAS107,Pelita Air Service,Jakarta,CGK,WIII,17:40,09:40,17:39,on time,18:08,21min early,1h 29m,Landed
2026-03-21,IU759,SJV759,SW Italia,Jakarta,CGK,WIII,17:40,09:40,19:13,33min late,19:42,7min late,1h 29m,Landed
2026-03-21,OD193,MXD193,Malindo Air,Perth,PER,YPPH,18:10,10:10,18:04,5min early,21:19,25min early,3h 14m,Landed
2026-03-21,IU126,SJV126,SW Italia,Surakarta,SOC,WAHQ,18:10,10:10,18:43,33min late,18:46,16min late,1h 2m,Landed
2026-03-21,IN281,LKN281,NAM Air,Jakarta,CGK,WIII,18:30,10:30,18:39,9min late,19:08,1min early,1h 29m,Landed
2026-03-21,IN283,,NAM Air,Jakarta,CGK,WIII,18:30,10:30,,,,,1h 40m,
2026-03-21,IP111,PAS111,Pelita Air Service,Jakarta,CGK,WIII,18:35,10:35,19:02,27min late,19:34,9min late,1h 31m,Landed
2026-03-21,JT3027,,Lion Air,Jakarta,CGK,WIII,18:40,10:40,18:40,,19:35,,1h 55m,Landed
2026-03-21,GA417,GIA417,Garuda Indonesia,Jakarta,CGK,WIII,18:40,10:40,19:06,26min late,19:47,7min late,1h 40m,Landed
2026-03-21,CX782,CPA782,Cathay Pacific,Hong Kong,HKG,VHHH,18:40,10:40,18:49,9min late,23:22,22min early,4h 33m,Landed
2026-03-21,QZ504,AWQ504,Indonesia AirAsia,Singapore,SIN,WSSS,18:40,10:40,23:45,5min late,01:55,35min late,2h 10m,Landed
2026-03-21,ID6415,BTK6415,Batik Air,Surabaya,SUB,WARR,18:45,10:45,19:10,25min late,18:52,7min late,41m,Landed
2026-03-21,6E1608,IGO1608,IndiGo,Chennai,MAA,VOMM,18:50,10:50,18:51,1min late,22:16,13min early,5h 55m,Landed
2026-03-21,8B5258,TNU5258,TransNusa,Lombok,LOP,WADL,18:55,10:55,19:07,12min late,19:29,5min early,22m,Landed
2026-03-21,TG440,THA440,Thai Airways International,Bangkok,BKK,VTBS,19:00,11:00,19:29,29min late,22:37,22min late,4h 8m,Landed
2026-03-21,AK379,AXM379,AirAsia,Kuala Lumpur,KUL,WMKK,19:15,11:15,19:44,29min late,22:22,2min late,2h 38m,Landed
2026-03-21,MH852,MAS852,Malaysia Airlines,Kuala Lumpur,KUL,WMKK,19:15,11:15,19:18,3min late,22:14,on time,2h 55m,Landed
2026-03-21,QZ809,,Indonesia AirAsia,Jakarta,CGK,WIII,19:15,11:15,19:15,,20:15,,2h 0m,Landed
2026-03-21,ID7310,BTK7310,Batik Air,Jakarta,HLP,WIHH,19:25,11:25,19:39,14min late,20:02,12min early,1h 23m,Landed
2026-03-21,QG689,CTV689,Citilink,Jakarta,CGK,WIII,19:30,11:30,19:37,7min late,20:10,19min early,1h 33m,Landed
2026-03-21,QG699,CTV699,Citilink,Surabaya,SUB,WARR,19:30,11:30,21:48,18min late,06:33,53min late,9h 45m,Landed
2026-03-21,8B969,TNU969,TransNusa,Guangzhou,CAN,ZGGG,19:45,11:45,19:37,8min early,00:21,43min early,4h 44m,Landed
2026-03-21,JT923,LNI923,Lion Air,Surabaya,SUB,WARR,19:45,11:45,20:16,31min late,19:57,12min late,40m,Landed
2026-03-21,IU133,SJV133,SW Italia,Semarang,SRG,WIIS,19:50,11:50,20:13,23min late,20:10,on time,56m,Landed
2026-03-21,EK369,UAE369,Emirates,Dubai,DXB,OMDB,19:50,11:50,20:04,14min late,01:29,19min late,9h 24m,Landed
2026-03-21,TR283,TGW283,Scoot,Singapore,SIN,WSSS,20:05,12:05,20:20,15min late,22:30,10min early,2h 9m,Landed
2026-03-21,QZ410,AWQ410,Indonesia AirAsia,Melbourne,MEL,YMML,20:10,12:10,22:12,2min late,06:55,55min late,5h 43m,Landed
2026-03-21,QG195,CTV195,Citilink,Jakarta,HLP,WIHH,20:10,12:10,20:14,4min late,20:54,10min early,1h 40m,Landed
2026-03-21,SQ945,SIA945,Singapore Airlines,Singapore,SIN,WSSS,20:15,12:15,20:36,21min late,22:51,4min early,2h 14m,Landed
2026-03-21,GA718,GIA718,Garuda Indonesia,Melbourne,MEL,YMML,20:20,12:20,20:28,8min late,04:57,2min early,5h 29m,Landed
2026-03-21,JQ34,JST034,Jetstar Airways,Melbourne,MEL,YMML,20:20,12:20,20:23,3min late,04:51,3min early,5h 28m,Landed
2026-03-21,QZ941,AWQ941,Indonesia AirAsia,Jakarta,CGK,WIII,20:25,12:25,00:54,29min late,01:19,54min late,1h 24m,Landed
2026-03-21,ID6413,BTK6413,Batik Air,Surabaya,SUB,WARR,20:30,12:30,20:46,16min late,20:25,4min early,38m,Landed
2026-03-21,GA415,GIA415,Garuda Indonesia,Jakarta,CGK,WIII,20:45,12:45,21:12,27min late,21:42,2min early,1h 29m,Landed
2026-03-21,IP105,,Pelita Air Service,Jakarta,CGK,WIII,20:50,12:50,,,,,1h 50m,
2026-03-21,OD177,MXD177,Malindo Air,Melbourne,MEL,YMML,20:55,12:55,21:02,7min late,05:36,3min early,5h 34m,Landed
2026-03-21,AK375,AXM375,AirAsia,Kuala Lumpur,KUL,WMKK,21:05,13:05,21:38,33min late,00:36,26min late,2h 58m,Landed
2026-03-21,8B5109,TNU5109,TransNusa,Jakarta,CGK,WIII,21:06,13:06,21:10,3min late,21:35,3min late,1h 24m,Landed
2026-03-21,QG667,CTV667,Citilink,Jakarta,CGK,WIII,21:10,13:10,21:07,2min early,21:44,25min early,1h 36m,Landed
2026-03-21,TK67,THY067,Turkish Airlines,Istanbul,IST,LTFM,21:10,13:10,21:22,12min late,05:34,5min early,13h 12m,Landed
2026-03-21,OD171,MXD171,Malindo Air,Sydney,SYD,YSSY,21:10,13:10,21:38,28min late,06:28,13min late,5h 50m,Landed
2026-03-21,JT11,,Lion Air,Jakarta,CGK,WIII,21:15,13:15,21:15,,21:36,33min early,1h 21m,Landed
2026-03-21,QF44,QFA044,Qantas,Sydney,SYD,YSSY,21:20,13:20,21:35,15min late,06:11,3min early,5h 36m,Landed
2026-03-21,ID6760,BTK6760,Batik Air,Makassar,UPG,WAAA,21:30,13:30,21:45,15min late,22:47,7min early,1h 1m,Landed
2026-03-21,JQ60,JST060,Jetstar Airways,Brisbane,BNE,YBBN,21:30,13:30,21:38,8min late,05:06,13min early,5h 27m,Landed
2026-03-21,SJ273,,Sriwijaya Air,Jakarta,CGK,WIII,21:35,13:35,22:50,15min late,22:15,,1h 40m,Landed
2026-03-21,QZ819,,Indonesia AirAsia,Jakarta,CGK,WIII,21:35,13:35,22:03,28min late,22:28,3min late,1h 25m,Landed
2026-03-21,GA425,GIA425,Garuda Indonesia,Jakarta,CGK,WIII,21:40,13:40,21:51,11min late,22:25,19min early,1h 33m,Landed
2026-03-21,SQ947,SIA947,Singapore Airlines,Singapore,SIN,WSSS,21:40,13:40,22:01,21min late,00:21,1min late,2h 20m,Landed
2026-03-21,KL836,KLM836,KLM Royal Dutch Airlines,Singapore,SIN,WSSS,21:40,13:40,22:05,25min late,00:10,on time,2h 5m,Landed
2026-03-21,JQ117,JST117,Jetstar Airways,Perth,PER,YPPH,21:45,13:45,22:59,14min late,02:07,52min late,3h 8m,Landed
2026-03-21,TK311,THY311,Turkish Airlines,Istanbul,IST,LTFM,22:00,14:00,22:54,54min late,06:59,34min late,13h 4m,Landed
2026-03-21,QF46,QFA046,Qantas,Melbourne,MEL,YMML,22:05,14:05,22:06,1min late,06:34,15min early,5h 27m,Landed
2026-03-21,OD157,MXD157,Malindo Air,Brisbane,BNE,YBBN,22:10,14:10,22:57,47min late,06:40,40min late,5h 42m,Landed
2026-03-21,JQ38,JST038,Jetstar Airways,Sydney,SYD,YSSY,22:20,14:20,23:11,51min late,08:04,34min late,5h 52m,Landed
2026-03-21,VA66,VOZ066,Virgin Australia,Sydney,SYD,YSSY,22:30,14:30,22:45,15min late,07:36,3min early,5h 50m,Landed
2026-03-21,JT15,LNI015,Lion Air,Jakarta,CGK,WIII,22:45,14:45,23:20,35min late,23:53,13min late,1h 33m,Landed
2026-03-21,JQ128,JST128,Jetstar Airways,Adelaide,ADL,YPAD,22:50,14:50,23:06,16min late,06:14,on time,4h 38m,Landed
2026-03-21,7C2712,JJA2712,Jeju Air,Seoul,ICN,RKSI,23:05,15:05,23:08,3min late,07:04,5min early,6h 55m,Landed
2026-03-21,3U3986,CSC3986,Sichuan Airlines,Lujia Town,TFU,ZUTF,23:10,15:10,23:26,16min late,05:22,32min early,5h 56m,Landed
2026-03-21,JQ91,JST091,Jetstar Airways,Cairns,CNS,YBCS,23:10,15:10,23:23,13min late,05:50,5min late,4h 27m,Landed
2026-03-21,QG9695,CTV9695,Citilink,Surabaya,SUB,WARR,23:20,15:20,23:24,4min late,23:07,22min early,42m,Landed
2026-03-21,GA714,GIA714,Garuda Indonesia,Sydney,SYD,YSSY,23:35,15:35,01:00,25min late,10:15,40min late,6h 15m,Landed
2026-03-21,JQ42,JST042,Jetstar Airways,Melbourne,MEL,YMML,23:40,15:40,23:34,5min early,07:59,30min early,5h 25m,Landed
2026-03-21,QZ420,AWQ420,Indonesia AirAsia,Adelaide,ADL,YPAD,23:45,15:45,01:20,35min late,08:35,10min late,4h 45m,Landed
2026-03-21,KE432,KAL432,Korean Air Lines,Seoul,ICN,RKSI,23:50,15:50,00:01,11min late,07:19,25min early,6h 18m,Landed
2026-03-21,QG9687,CTV9687,Citilink,Jakarta,CGK,WIII,23:55,15:55,23:57,2min late,00:31,23min early,1h 34m,Landed
2026-03-22,BX602,ABL602,Air Busan,Busan,PUS,RKPK,00:05,16:05,00:34,29min late,11:13,43min late,9h 38m,Landed
2026-03-22,TW158,TWB158,T'Way Air,Cheongju,CJJ,RKTU,00:15,16:15,00:46,31min late,08:25,15min late,6h 39m,Landed
2026-03-22,8B84,TNU084,TransNusa,Perth,PER,YPPH,00:20,16:20,00:08,11min early,03:22,42min early,3h 13m,Landed
2026-03-22,EK399,UAE399,Emirates,Dubai,DXB,OMDB,00:25,16:25,00:40,15min late,05:29,15min early,8h 49m,Landed
2026-03-22,MF892,CXA892,Xiamen Airlines,Xiamen,XMN,ZSAM,00:30,16:30,00:32,2min late,13:32,27min late,12h 59m,Landed
2026-03-22,CZ626,CSN626,China Southern Airlines,Guangzhou,CAN,ZGGG,00:40,16:40,00:43,3min late,05:27,22min early,4h 44m,Landed
2026-03-22,GA880,GIA880,Garuda Indonesia,Tokyo,NRT,RJAA,00:50,16:50,01:15,25min late,09:10,20min late,6h 55m,Landed
2026-03-22,MU5030,CES5030,China Eastern Airlines,Shanghai,PVG,ZSPD,00:55,16:55,01:13,18min late,10:28,18min late,9h 15m,Landed
2026-03-22,QZ548,AWQ548,Indonesia AirAsia,Perth,PER,YPPH,01:00,17:00,03:28,28min late,06:43,3min late,3h 15m,Landed
2026-03-22,KE434,KAL434,Korean Air Lines,Seoul,ICN,RKSI,01:05,17:05,01:19,14min late,08:38,21min early,6h 18m,Landed
2026-03-22,PR538,PAL538,Philippine Airlines,Manila,MNL,RPLL,01:10,17:10,01:10,on time,04:46,23min early,3h 35m,Landed
2026-03-22,8B5888,,TransNusa,Manado,MDC,WAMM,01:30,17:30,,,,,2h 45m,
2026-03-22,QR961,,Qatar Airways,Doha,DOH,OTHH,06:40,22:40,,,,,10h 0m,Cancelled
2026-03-22,JT746,LNI746,Lion Air,Makassar,UPG,WAAA,07:00,23:00,07:14,14min late,08:23,1min early,1h 8m,Landed
2026-03-22,IU705,SJV705,SW Italia,Surabaya,SUB,WARR,07:00,23:00,07:21,21min late,14:46,45min late,8h 25m,Landed
2026-03-22,QZ534,AWQ534,Indonesia AirAsia,Perth,PER,YPPH,07:00,23:00,07:10,10min late,10:36,13min early,3h 25m,Landed
2026-03-22,GA401,GIA401,Garuda Indonesia,Jakarta,CGK,WIII,07:00,23:00,07:13,13min late,07:41,18min early,1h 28m,Landed
2026-03-22,JQ82,JST082,Jetstar Airways,Darwin,DRW,YPDN,07:05,23:05,07:07,2min late,11:11,3min early,2h 34m,Landed
2026-03-22,QG690,CTV690,Citilink,Surabaya,SUB,WARR,07:05,23:05,07:10,5min late,06:58,11min early,47m,Landed
2026-03-22,QZ644,AWQ644,Indonesia AirAsia,Labuan Bajo,LBJ,WATO,07:15,23:15,07:31,16min late,08:21,3min early,49m,Landed
2026-03-22,QZ550,AWQ550,Indonesia AirAsia,Kuala Lumpur,KUL,WMKK,07:15,23:15,11:45,30min late,14:34,24min late,2h 48m,Landed
2026-03-22,SQ949,SIA949,Singapore Airlines,Singapore,SIN,WSSS,07:20,23:20,07:17,2min early,09:34,25min early,2h 17m,Landed
2026-03-22,8B5250,TNU5250,TransNusa,Lombok,LOP,WADL,07:30,23:30,07:27,2min early,07:48,6min early,21m,Landed
2026-03-22,8B551,TNU551,Business Air,Singapore,SIN,WSSS,07:30,23:30,07:24,5min early,09:42,12min early,2h 17m,Landed
2026-03-22,ID6333,BTK6333,Batik Air,Labuan Bajo,LBJ,WATO,07:55,23:55,08:04,9min late,08:59,10min early,54m,Landed
2026-03-22,QG691,CTV691,Citilink,Surabaya,SUB,WARR,08:05,00:05,08:08,3min late,12:20,5min late,5h 11m,Landed
2026-03-22,JT21,LNI021,Lion Air,Jakarta,CGK,WIII,08:05,00:05,08:18,13min late,08:43,16min early,1h 24m,Landed
2026-03-22,IW1858,WON1858,Wings Air,Lombok,LOP,WADL,08:05,00:05,08:12,7min late,08:36,18min early,24m,Landed
2026-03-22,GA686,GIA686,Garuda Indonesia,Sorong,SOQ,WASS,08:10,00:10,08:15,5min late,16:02,42min late,6h 47m,Landed
2026-03-22,HX706,CRK706,Hong Kong Airlines,Hong Kong,HKG,VHHH,08:15,00:15,08:25,10min late,13:08,6min early,4h 42m,Landed
2026-03-22,5J280,CEB280,CEBU Pacific Air,Manila,MNL,RPLL,08:35,00:35,08:21,13min early,12:22,27min early,4h 0m,Landed
2026-03-22,CZ8482,CSN8482,China Southern Airlines,Guangzhou,CAN,ZGGG,08:35,00:35,08:37,2min late,13:24,30min early,4h 47m,Landed
2026-03-22,QG500,CTV500,Citilink,Dili,DIL,WPDL,08:50,00:50,08:53,3min late,11:40,14min early,1h 46m,Landed
2026-03-22,IW1882,WON1882,Wings Air,Sumbawa Besar,SWQ,WADS,08:55,00:55,09:02,7min late,09:45,14min early,43m,Landed
2026-03-22,IN640,LKN640,NAM Air,Tambolaka,TMC,WADT,09:10,01:10,09:28,18min late,10:13,3min late,45m,Landed
2026-03-22,8B5105,TNU5105,TransNusa,Jakarta,CGK,WIII,09:15,01:15,14:20,5min late,14:47,47min late,1h 26m,Landed
2026-03-22,ID6007,BTK6007,Batik Air,Perth,PER,YPPH,09:30,01:30,09:33,3min late,12:48,26min early,3h 14m,Landed
2026-03-22,QG663,CTV663,Citilink,Jakarta,CGK,WIII,09:35,01:35,09:46,11min late,10:17,17min early,1h 30m,Landed
2026-03-22,8B5634,TNU5634,TransNusa,Bima,BMU,WADB,09:35,01:35,09:38,3min late,10:28,6min early,49m,Landed
2026-03-22,ID6324,BTK6324,Batik Air,Tambolaka,TMC,WADT,09:40,01:40,09:49,9min late,10:42,12min early,53m,Landed
2026-03-22,8B80,TNU080,Business Air,Perth,PER,YPPH,09:40,01:40,09:35,4min early,12:51,33min early,3h 16m,Landed
2026-03-22,QZ803,AWQ803,Indonesia AirAsia,Jakarta,CGK,WIII,09:40,01:40,10:14,34min late,10:40,10min late,1h 25m,Landed
2026-03-22,AI2146,AIC2146,Air India,Delhi,DEL,VIDP,10:00,02:00,10:09,9min late,15:03,3min late,7h 24m,Landed
2026-03-22,IU122,SJV122,SW Italia,Yogyakarta,YIA,WAHI,10:00,02:00,10:32,32min late,10:38,8min late,1h 6m,Landed
2026-03-22,IU128,SJV128,SW Italia,Surakarta,SOC,WAHQ,10:00,02:00,10:11,11min late,12:06,46min late,2h 55m,Landed
2026-03-22,SU297,AFL297,Aeroflot,Moscow,SVO,UUEE,10:05,02:05,10:29,24min late,18:01,1min late,12h 32m,Landed
2026-03-22,JQ126,JST126,Jetstar Airways,Adelaide,ADL,YPAD,10:15,02:15,10:23,8min late,17:28,16min early,4h 35m,Landed
2026-03-22,8B5101,TNU5101,TransNusa,Jakarta,CGK,WIII,10:30,02:30,14:20,50min late,14:47,32min late,1h 27m,Landed
2026-03-22,SQ935,SIA935,Singapore Airlines,Singapore,SIN,WSSS,10:30,02:30,12:56,26min late,20:17,7min late,7h 21m,Landed
2026-03-22,JT805,LNI805,Lion Air,Surabaya,SUB,WARR,10:35,02:35,11:00,25min late,10:36,1min late,35m,Landed
2026-03-22,JT33,LNI033,Lion Air,Jakarta,CGK,WIII,10:35,02:35,18:11,36min late,18:36,6min late,1h 25m,Landed
2026-03-22,JT924,LNI924,Lion Air,Kupang,KOE,WATT,10:35,02:35,10:56,21min late,12:22,2min early,1h 26m,Landed
2026-03-22,QZ646,AWQ646,Indonesia AirAsia,Labuan Bajo,LBJ,WATO,11:00,03:00,11:12,12min late,12:02,17min early,50m,Landed
2026-03-22,GA2534,GIA2534,Garuda Indonesia,Yogyakarta,YIA,WAHI,11:00,03:00,11:08,8min late,11:18,31min early,1h 10m,Landed
2026-03-22,IW1856,WON1856,Wings Air,Lombok,LOP,WADL,11:10,03:10,11:15,5min late,11:46,13min early,31m,Landed
2026-03-22,QG197,CTV197,Citilink,Jakarta,HLP,WIHH,11:10,03:10,11:20,10min late,11:55,4min early,1h 34m,Landed
2026-03-22,TR281,TGW281,Scoot,Singapore,SIN,WSSS,11:10,03:10,11:31,21min late,13:40,9min early,2h 9m,Landed
2026-03-22,JQ40,JST040,Jetstar Airways,Sydney,SYD,YSSY,11:15,03:15,09:48,26min early,20:26,11min late,7h 38m,Landed
2026-03-22,QZ813,AWQ813,Indonesia AirAsia,Jakarta,CGK,WIII,11:20,03:20,12:57,37min late,13:31,16min late,1h 34m,Landed
2026-03-22,QZ780,,Indonesia AirAsia,Balikpapan,BPN,WALL,11:30,03:30,11:30,,13:15,,1h 45m,Landed
2026-03-22,JQ32,JST032,Jetstar Airways,Melbourne,MEL,YMML,11:30,03:30,11:50,20min late,20:01,8min early,5h 10m,Landed
2026-03-22,6E1606,IGO1606,IndiGo,Bangalore,BLR,VOBL,11:30,03:30,11:27,2min early,15:07,27min early,6h 9m,Landed
2026-03-22,OD172,MXD172,Malindo Air,Kuala Lumpur,KUL,WMKK,11:35,03:35,12:11,36min late,14:48,3min late,2h 36m,Landed
2026-03-22,IW1964,WON1964,Wings Air,Lombok,LOP,WADL,11:40,03:40,12:02,22min late,12:31,on time,28m,Landed
2026-03-22,ID6331,BTK6331,Batik Air,Labuan Bajo,LBJ,WATO,11:45,03:45,11:51,6min late,12:46,13min early,54m,Landed
2026-03-22,JQ109,JST109,Jetstar Airways,Perth,PER,YPPH,11:45,03:45,11:49,4min late,15:06,28min early,3h 17m,Landed
2026-03-22,IW1850,WON1850,Wings Air,Lombok,LOP,WADL,11:50,03:50,11:57,7min late,12:24,15min early,27m,Landed
2026-03-22,JT31,LNI031,Lion Air,Jakarta,CGK,WIII,11:55,03:55,12:38,43min late,13:10,20min late,1h 32m,Landed
2026-03-22,GA407,GIA407,Garuda Indonesia,Jakarta,CGK,WIII,11:55,03:55,12:01,6min late,12:27,27min early,1h 26m,Landed
2026-03-22,FD397,AIQ397,Thai AirAsia,Bangkok,DMK,VTBD,12:00,04:00,12:51,51min late,15:49,29min late,3h 58m,Landed
2026-03-22,SQ937,SIA937,Singapore Airlines,Singapore,SIN,WSSS,12:05,04:05,12:42,37min late,15:09,14min late,2h 26m,Landed
2026-03-22,GA253,GIA253,Garuda Indonesia,Yogyakarta,YIA,WAHI,12:05,04:05,10:19,45min early,12:21,33min early,3h 2m,Landed
2026-03-22,SJ742,,Sriwijaya Air,Tambolaka,TMC,WADT,12:10,04:10,12:10,on time,13:10,,1h 0m,Landed
2026-03-22,OD192,MXD192,Malindo Air,Kuala Lumpur,KUL,WMKK,12:10,04:10,12:32,22min late,15:10,9min early,2h 37m,Landed
2026-03-22,OD178,MXD178,Malindo Air,Kuala Lumpur,KUL,WMKK,12:15,04:15,12:37,22min late,15:13,11min early,2h 36m,Landed
2026-03-22,QG697,CTV697,Citilink,Surabaya,SUB,WARR,12:20,04:20,12:39,19min late,12:35,5min late,55m,Landed
2026-03-22,QZ540,AWQ540,Indonesia AirAsia,Darwin,DRW,YPDN,12:30,04:30,14:04,34min late,18:04,14min late,2h 29m,Landed
2026-03-22,QZ556,AWQ556,Indonesia AirAsia,Kuala Lumpur,KUL,WMKK,12:40,04:40,15:52,12min late,18:28,53min late,2h 36m,Landed
2026-03-22,8B5254,TNU5254,TransNusa,Lombok,LOP,WADL,12:40,04:40,13:01,21min late,13:28,8min late,27m,Landed
2026-03-22,IP103,PAS103,Pelita Air Service,Jakarta,CGK,WIII,12:45,04:45,13:08,23min late,13:39,4min late,1h 31m,Landed
2026-03-22,OD158,MXD158,Malindo Air,Kuala Lumpur,KUL,WMKK,12:45,04:45,13:11,26min late,15:44,10min early,2h 33m,Landed
2026-03-22,SQ939,SIA939,Singapore Airlines,Singapore,SIN,WSSS,13:00,05:00,13:15,15min late,15:36,13min early,2h 21m,Landed
2026-03-22,AK365,AXM365,AirAsia,Kuala Lumpur,KUL,WMKK,13:05,05:05,13:24,19min late,16:01,8min early,2h 37m,Landed
2026-03-22,MH714,MAS714,Malaysia Airlines,Kuala Lumpur,KUL,WMKK,13:10,05:10,13:36,26min late,16:15,10min late,2h 39m,Landed
2026-03-22,JT35,LNI035,Lion Air,Jakarta,CGK,WIII,13:15,05:15,13:40,25min late,14:04,5min early,1h 24m,Landed
2026-03-22,GA409,GIA409,Garuda Indonesia,Jakarta,CGK,WIII,13:25,05:25,13:44,19min late,14:18,6min early,1h 33m,Landed
2026-03-22,8G182,DTL182,Mid Africa Aviation,Dili,DIL,WPDL,13:25,05:25,13:31,6min late,16:16,3min early,1h 45m,Landed
2026-03-22,JT660,LNI660,Lion Air,Balikpapan,BPN,WALL,13:30,05:30,13:48,18min late,15:09,5min early,1h 20m,Landed
2026-03-22,JQ58,JST058,Jetstar Airways,Brisbane,BNE,YBBN,13:30,05:30,13:53,23min late,21:22,2min early,5h 28m,Landed
2026-03-22,QZ811,AWQ811,Indonesia AirAsia,Jakarta,CGK,WIII,13:40,05:40,14:36,56min late,15:00,30min late,1h 23m,Landed
2026-03-22,ID6509,BTK6509,Batik Air,Jakarta,CGK,WIII,13:45,05:45,13:57,12min late,14:23,16min early,1h 25m,Landed
2026-03-22,8B5107,TNU5107,TransNusa,Jakarta,CGK,WIII,13:50,05:50,17:46,56min late,18:18,43min late,1h 31m,Landed
2026-03-22,JT919,LNI919,Lion Air,Surabaya,SUB,WARR,13:55,05:55,14:46,51min late,14:22,27min late,35m,Landed
2026-03-22,GA4094,GIA4094,Garuda Indonesia,Jakarta,CGK,WIII,14:00,06:00,14:10,10min late,14:49,10min early,1h 39m,Landed
2026-03-22,6E1612,IGO1612,IndiGo,Bhubaneswar,BBI,VEBS,14:00,06:00,13:54,5min early,17:19,20min early,5h 55m,Landed
2026-03-22,QZ544,AWQ544,Indonesia AirAsia,Perth,PER,YPPH,14:00,06:00,16:20,20min late,19:31,41min late,3h 10m,Landed
2026-03-22,QG342,CTV342,Citilink,Makassar,UPG,WAAA,14:00,06:00,14:10,10min late,15:26,3min early,1h 15m,Landed
2026-03-22,QG687,CTV687,Citilink,Jakarta,CGK,WIII,14:00,06:00,14:08,8min late,14:38,21min early,1h 30m,Landed
2026-03-22,8B82,TNU082,TransNusa,Perth,PER,YPPH,14:00,06:00,14:24,24min late,17:44,4min late,3h 19m,Landed
2026-03-22,VJ894,VJC894,VietJet Air,Ho Chi Minh City,SGN,VVTS,14:05,06:05,14:06,1min late,16:41,23min early,3h 34m,Landed
2026-03-22,ID6517,BTK6517,Batik Air,Jakarta,CGK,WIII,14:15,06:15,15:48,33min late,16:16,6min late,1h 27m,Landed
2026-03-22,QZ480,AWQ480,Indonesia AirAsia,Da Nang,DAD,VVDN,14:15,06:15,15:07,52min late,23:16,21min late,9h 9m,Landed
2026-03-22,IU130,SJV130,SW Italia,Semarang,SRG,WIIS,14:15,06:15,14:54,39min late,14:48,13min late,54m,Landed
2026-03-22,ID7308,BTK7308,Batik Air,Jakarta,HLP,WIHH,14:20,06:20,14:40,20min late,15:08,1min early,1h 28m,Landed
2026-03-22,QZ506,AWQ506,Indonesia AirAsia,Singapore,SIN,WSSS,14:25,06:25,19:26,1min late,21:47,27min late,2h 21m,Landed
2026-03-22,TR289,TGW289,Scoot,Singapore,SIN,WSSS,14:35,06:35,14:43,8min late,17:08,22min early,2h 24m,Landed
2026-03-22,OD307,MXD307,Malindo Air,Kuala Lumpur,KUL,WMKK,14:50,06:50,15:02,12min late,17:43,11min early,2h 41m,Landed
2026-03-22,JQ43,JST043,Jetstar Airways,Singapore,SIN,WSSS,14:50,06:50,15:45,55min late,18:01,6min late,2h 15m,Landed
2026-03-22,JQ44,JST044,Jetstar Airways,Melbourne,MEL,YMML,14:55,06:55,15:36,41min late,23:44,9min late,5h 8m,Landed
2026-03-22,QG681,CTV681,Citilink,Jakarta,CGK,WIII,15:00,07:00,15:17,17min late,15:46,13min early,1h 28m,Landed
2026-03-22,JT844,LNI844,Lion Air,Banjarmasin,BDJ,WAOO,15:00,07:00,15:04,4min late,16:06,23min early,1h 2m,Landed
2026-03-22,IU120,SJV120,SW Italia,Yogyakarta,YIA,WAHI,15:00,07:00,15:19,19min late,15:25,4min early,1h 5m,Landed
2026-03-22,VA48,VOZ048,Virgin Australia,Brisbane,BNE,YBBN,15:00,07:00,15:11,11min late,22:39,15min early,5h 28m,Landed
2026-03-22,AI2148,AIC2148,Air India,Delhi,DEL,VIDP,15:10,07:10,15:14,4min late,20:18,13min late,7h 34m,Landed
2026-03-22,GA842,GIA842,Garuda Indonesia,Singapore,SIN,WSSS,15:15,07:15,15:24,9min late,17:42,17min early,2h 17m,Landed
2026-03-22,AK377,AXM377,AirAsia,Kuala Lumpur,KUL,WMKK,15:25,07:25,15:32,7min late,18:15,9min early,2h 42m,Landed
2026-03-22,JT740,LNI740,Lion Air,Makassar,UPG,WAAA,15:30,07:30,15:40,10min late,16:52,2min early,1h 12m,Landed
2026-03-22,VJ898,VJC898,VietJet Air,Ho Chi Minh City,SGN,VVTS,15:35,07:35,16:02,27min late,18:24,on time,3h 22m,Landed
2026-03-22,GA411,GIA411,Garuda Indonesia,Jakarta,CGK,WIII,15:35,07:35,16:34,59min late,17:05,25min late,1h 31m,Landed
2026-03-22,SJ717,SJY717,Sriwijaya Air,Makassar,UPG,WAAA,15:40,07:40,20:57,17min late,21:57,57min late,1h 0m,Landed
2026-03-22,CI772,CAL772,China Airlines,Taipei,TPE,RCTP,15:45,07:45,15:57,12min late,20:42,22min early,4h 44m,Landed
2026-03-22,VA92,VOZ092,Virgin Australia,Melbourne,MEL,YMML,15:50,07:50,15:55,5min late,00:11,18min early,5h 15m,Landed
2026-03-22,8B5256,TNU5256,TransNusa,Lombok,LOP,WADL,15:55,07:55,16:09,14min late,16:38,11min early,28m,Landed
2026-03-22,QZ536,AWQ780,Indonesia AirAsia,Perth,PER,YPPH,16:00,08:00,15:50,9min early,21:18,33min late,5h 28m,Landed
2026-03-22,IP109,PAS109,Pelita Air Service,Jakarta,CGK,WIII,16:00,08:00,16:11,11min late,16:43,6min early,1h 32m,Landed
2026-03-22,QG661,CTV661,Citilink,Jakarta,CGK,WIII,16:00,08:00,16:28,28min late,16:57,2min early,1h 28m,Landed
2026-03-22,VN640,HVN640,Vietnam Airlines,Ho Chi Minh City,SGN,VVTS,16:05,08:05,16:22,17min late,18:43,11min early,3h 20m,Landed
2026-03-22,TG432,THA432,Thai Airways International,Bangkok,BKK,VTBS,16:10,08:10,16:05,4min early,18:46,38min early,3h 41m,Landed
2026-03-22,QG669,CTV669,Citilink,Surabaya,SUB,WARR,16:10,08:10,16:24,14min late,16:03,16min early,39m,Landed
2026-03-22,MH850,MAS850,Malaysia Airlines,Kuala Lumpur,KUL,WMKK,16:25,08:25,16:32,7min late,19:23,11min early,2h 51m,Landed
2026-03-22,IW1852,WON1852,Wings Air,Lombok,LOP,WADL,16:30,08:30,20:37,7min late,21:03,43min late,25m,Landed
2026-03-22,IU743,SJV743,SW Italia,Jakarta,CGK,WIII,16:35,08:35,16:58,23min late,17:26,3min early,1h 28m,Landed
2026-03-22,GA427,GIA427,Garuda Indonesia,Jakarta,CGK,WIII,16:35,08:35,16:38,3min late,17:09,20min early,1h 30m,Landed
2026-03-22,JT744,LNI744,Lion Air,Makassar,UPG,WAAA,16:40,08:40,16:50,10min late,17:56,8min early,1h 6m,Landed
2026-03-22,IU703,SJV703,SW Italia,Surabaya,SUB,WARR,16:40,08:40,17:29,49min late,14:28,48min late,21h 58m,Landed
2026-03-22,BR256,EVA256,EVA Airways,Taipei,TPE,RCTP,16:40,08:40,16:47,7min late,21:40,4min early,4h 52m,Landed
2026-03-22,JT3805,LNI3805,Lion Air,Surabaya,SUB,WARR,16:50,08:50,18:01,11min late,06:35,45min late,13h 34m,Landed
2026-03-22,GA349,GIA349,Garuda Indonesia,Surabaya,SUB,WARR,16:55,08:55,17:21,26min late,17:09,on time,47m,Landed
2026-03-22,ID6335,BTK6335,Batik Air,Labuan Bajo,LBJ,WATO,17:00,09:00,17:19,19min late,18:14,on time,54m,Landed
2026-03-22,IU273,SJV273,SW Italia,Pontianak,PNK,WIOO,17:00,09:00,17:18,18min late,17:57,7min early,1h 39m,Landed
2026-03-22,JT25,,Lion Air,Jakarta,CGK,WIII,17:15,09:15,18:08,53min late,18:33,23min late,1h 25m,Landed
2026-03-22,GA419,GIA419,Garuda Indonesia,Jakarta,CGK,WIII,17:25,09:25,17:39,14min late,18:09,15min early,1h 30m,Landed
2026-03-22,HO1356,DKH1356,Juneyao Airlines,Shanghai,PVG,ZSPD,17:25,09:25,17:26,1min late,23:25,24min early,5h 59m,Landed
2026-03-22,VJ998,VJC998,VietJet Air,Hanoi,HAN,VVNB,17:25,09:25,17:33,8min late,21:22,12min early,4h 49m,Landed
2026-03-22,TR211,TGW211,Scoot,Singapore,SIN,WSSS,17:35,09:35,17:53,18min late,20:09,36min early,2h 15m,Landed
2026-03-22,IP107,PAS107,Pelita Air Service,Jakarta,CGK,WIII,17:40,09:40,17:43,3min late,18:11,18min early,1h 28m,Landed
2026-03-22,IU759,SJV759,SW Italia,Jakarta,CGK,WIII,17:40,09:40,18:04,24min late,18:30,4min early,1h 25m,Landed
2026-03-22,AK368,AXM368,AirAsia,Kuala Lumpur,KUL,WMKK,17:45,09:45,17:58,13min late,20:35,14min early,2h 37m,Landed
2026-03-22,JT3919,LNI3919,Lion Air,Surabaya,SUB,WARR,17:55,09:55,18:18,23min late,17:57,2min late,38m,Landed
2026-03-22,IU126,SJV126,SW Italia,Surakarta,SOC,WAHQ,18:10,10:10,19:03,53min late,18:59,29min late,56m,Landed
2026-03-22,OD193,MXD193,Malindo Air,Perth,PER,YPPH,18:10,10:10,18:51,41min late,22:05,20min late,3h 13m,Landed
2026-03-22,EY477,ETD477,Etihad Airways,Abu Dhabi,AUH,OMAA,18:30,10:30,18:47,17min late,23:56,26min late,9h 8m,Landed
2026-03-22,IN281,LKN281,NAM Air,Jakarta,CGK,WIII,18:30,10:30,18:55,25min late,19:24,14min late,1h 29m,Landed
2026-03-22,IP111,PAS111,Pelita Air Service,Jakarta,CGK,WIII,18:35,10:35,19:08,33min late,19:41,16min late,1h 33m,Landed
2026-03-22,QZ504,AWQ504,Indonesia AirAsia,Singapore,SIN,WSSS,18:40,10:40,20:28,48min late,22:53,33min late,2h 25m,Landed
2026-03-22,CX782,CPA782,Cathay Pacific,Hong Kong,HKG,VHHH,18:40,10:40,19:04,24min late,23:15,29min early,4h 10m,Landed
2026-03-22,JT3027,,Lion Air,Jakarta,CGK,WIII,18:40,10:40,20:34,54min late,21:01,26min late,1h 27m,Landed
2026-03-22,GA417,GIA417,Garuda Indonesia,Jakarta,CGK,WIII,18:40,10:40,18:58,18min late,19:36,3min early,1h 38m,Landed
2026-03-22,ID6415,BTK6415,Batik Air,Surabaya,SUB,WARR,18:45,10:45,19:15,30min late,18:52,7min late,36m,Landed
2026-03-22,NZ291,ANZ291,Air New Zealand,Auckland,AKL,NZAA,18:50,10:50,17:32,17min early,07:58,3min late,9h 26m,Landed
2026-03-22,6E1608,IGO1608,IndiGo,Chennai,MAA,VOMM,18:50,10:50,19:30,40min late,22:50,20min late,5h 49m,Landed
2026-03-22,8B5258,TNU5258,TransNusa,Lombok,LOP,WADL,18:55,10:55,19:10,15min late,19:33,1min early,23m,Landed
2026-03-22,TG440,THA440,Thai Airways International,Bangkok,BKK,VTBS,19:00,11:00,19:13,13min late,22:09,5min early,3h 55m,Landed
2026-03-22,QZ809,AWQ809,Indonesia AirAsia,Jakarta,CGK,WIII,19:15,11:15,20:48,33min late,21:13,58min late,1h 25m,Landed
2026-03-22,AK379,AXM379,AirAsia,Kuala Lumpur,KUL,WMKK,19:15,11:15,20:55,40min late,23:30,10min late,2h 35m,Landed
2026-03-22,MH852,MAS852,Malaysia Airlines,Kuala Lumpur,KUL,WMKK,19:15,11:15,19:39,24min late,22:28,13min late,2h 48m,Landed
2026-03-22,ID7310,BTK7310,Batik Air,Jakarta,HLP,WIHH,19:25,11:25,20:24,59min late,20:47,32min late,1h 22m,Landed
2026-03-22,QG689,CTV689,Citilink,Jakarta,CGK,WIII,19:30,11:30,19:50,20min late,20:22,7min early,1h 32m,Landed
2026-03-22,QG699,CTV699,Citilink,Surabaya,SUB,WARR,19:30,11:30,19:41,11min late,19:23,16min early,42m,Landed
2026-03-22,8B969,,TransNusa,Guangzhou,CAN,ZGGG,19:45,11:45,,,,,5h 20m,
2026-03-22,JT923,LNI923,Lion Air,Surabaya,SUB,WARR,19:45,11:45,20:34,49min late,20:11,26min late,37m,Landed
2026-03-22,EK369,UAE369,Emirates,Dubai,DXB,OMDB,19:50,11:50,20:09,19min late,01:09,on time,8h 59m,Landed
2026-03-22,IU133,SJV133,SW Italia,Semarang,SRG,WIIS,19:50,11:50,20:15,25min late,20:11,1min late,55m,Landed
2026-03-22,QZ807,,Indonesia AirAsia,Jakarta,CGK,WIII,20:00,12:00,20:00,on time,21:00,,2h 0m,Landed
2026-03-22,TR283,TGW283,Scoot,Singapore,SIN,WSSS,20:05,12:05,20:21,16min late,22:30,10min early,2h 8m,Landed
2026-03-22,SL259,TLM259,Thai Lion Air,Bangkok,DMK,VTBD,20:05,12:05,20:17,12min late,23:10,14min early,3h 53m,Landed
2026-03-22,QZ410,AWQ410,Indonesia AirAsia,Melbourne,MEL,YMML,20:10,12:10,03:21,11min late,12:02,2min late,5h 41m,Landed
2026-03-22,QG195,CTV195,Citilink,Jakarta,HLP,WIHH,20:10,12:10,20:46,36min late,21:15,10min late,1h 29m,Landed
2026-03-22,SQ945,SIA945,Singapore Airlines,Singapore,SIN,WSSS,20:15,12:15,20:31,16min late,22:50,4min early,2h 18m,Landed
2026-03-22,GA718,GIA718,Garuda Indonesia,Melbourne,MEL,YMML,20:20,12:20,20:50,30min late,05:17,17min late,5h 27m,Landed
2026-03-22,JQ34,JST034,Jetstar Airways,Melbourne,MEL,YMML,20:20,12:20,20:41,21min late,04:49,5min early,5h 7m,Landed
2026-03-22,ID6413,BTK6413,Batik Air,Surabaya,SUB,WARR,20:30,12:30,20:58,28min late,07:36,6min late,11h 38m,Landed
2026-03-22,GA415,GIA415,Garuda Indonesia,Jakarta,CGK,WIII,20:45,12:45,21:16,31min late,21:40,4min early,1h 24m,Landed
2026-03-22,OD177,MXD177,Malindo Air,Melbourne,MEL,YMML,20:55,12:55,21:08,13min late,05:38,1min early,5h 29m,Landed
2026-03-22,AK375,AXM375,AirAsia,Kuala Lumpur,KUL,WMKK,21:05,13:05,21:12,7min late,23:49,20min early,2h 36m,Landed
2026-03-22,TK67,THY067,Turkish Airlines,Istanbul,IST,LTFM,21:10,13:10,21:44,34min late,05:38,1min early,12h 54m,Landed
2026-03-22,QG667,CTV667,Citilink,Jakarta,CGK,WIII,21:10,13:10,21:32,22min late,22:01,8min early,1h 29m,Landed
2026-03-22,OD171,MXD171,Malindo Air,Sydney,SYD,YSSY,21:10,13:10,22:03,53min late,06:45,30min late,5h 41m,Landed
2026-03-22,IP105,PAS105,Pelita Air Service,Jakarta,CGK,WIII,21:10,13:10,21:27,17min late,21:53,13min late,1h 26m,Landed
2026-03-22,JT11,,Lion Air,Jakarta,CGK,WIII,21:15,13:15,00:13,58min late,00:37,27min late,1h 24m,Landed
2026-03-22,QF44,QFA044,Qantas,Sydney,SYD,YSSY,21:20,13:20,21:24,4min late,06:04,10min early,5h 39m,Landed
2026-03-22,ID6760,BTK6760,Batik Air,Makassar,UPG,WAAA,21:30,13:30,21:33,3min late,22:35,19min early,1h 1m,Landed
2026-03-22,QZ819,AWQ819,Indonesia AirAsia,Jakarta,CGK,WIII,21:35,13:35,00:05,30min late,00:32,7min late,1h 26m,Landed
2026-03-22,SJ273,SJY273,Sriwijaya Air,Jakarta,CGK,WIII,21:35,13:35,22:58,23min late,23:27,12min late,1h 29m,Landed
2026-03-22,KL836,KLM836,KLM Royal Dutch Airlines,Singapore,SIN,WSSS,21:40,13:40,21:54,14min late,00:04,5min early,2h 10m,Landed
2026-03-22,SQ947,SIA947,Singapore Airlines,Singapore,SIN,WSSS,21:40,13:40,21:58,18min late,00:16,3min early,2h 18m,Landed
2026-03-22,GA425,GIA425,Garuda Indonesia,Jakarta,CGK,WIII,21:40,13:40,22:04,24min late,22:30,14min early,1h 26m,Landed
2026-03-22,JQ117,JST117,Jetstar Airways,Perth,PER,YPPH,21:45,13:45,21:51,6min late,00:59,15min early,3h 8m,Landed
2026-03-22,VA94,VOZ094,Virgin Australia,Melbourne,MEL,YMML,22:00,14:00,22:06,6min late,06:16,23min early,5h 9m,Landed
2026-03-22,QF46,QFA046,Qantas,Melbourne,MEL,YMML,22:05,14:05,22:48,43min late,06:56,6min late,5h 8m,Landed
2026-03-22,OD157,MXD157,Malindo Air,Brisbane,BNE,YBBN,22:10,14:10,22:21,11min late,05:57,2min early,5h 36m,Landed
2026-03-22,JQ38,JST038,Jetstar Airways,Sydney,SYD,YSSY,22:20,14:20,22:44,24min late,07:29,4min late,5h 45m,Landed
2026-03-22,VA66,VOZ066,Virgin Australia,Sydney,SYD,YSSY,22:30,14:30,22:39,9min late,07:32,7min early,5h 52m,Landed
2026-03-22,JT15,LNI015,Lion Air,Jakarta,CGK,WIII,22:45,14:45,23:38,53min late,00:06,26min late,1h 27m,Landed
2026-03-22,JQ128,JST128,Jetstar Airways,Adelaide,ADL,YPAD,22:50,14:50,22:54,4min late,06:01,13min early,4h 37m,Landed
2026-03-22,7C2712,JJA2712,Jeju Air,Seoul,ICN,RKSI,23:05,15:05,23:17,12min late,06:55,14min early,6h 38m,Landed
2026-03-22,3U3986,CSC3986,Sichuan Airlines,Lujia Town,TFU,ZUTF,23:10,15:10,23:24,14min late,05:13,41min early,5h 49m,Landed
2026-03-22,8B5109,TNU5109,Business Air,Jakarta,CGK,WIII,23:10,15:10,23:22,12min late,23:53,3min late,1h 31m,Landed
2026-03-22,VA82,VOZ082,Virgin Australia,Gold Coast,OOL,YBCG,23:20,15:20,23:09,10min early,06:57,12min early,5h 48m,Landed
2026-03-22,QG9695,CTV9695,Citilink,Surabaya,SUB,WARR,23:20,15:20,23:49,29min late,23:34,4min late,44m,Landed
2026-03-22,QZ941,AWQ941,Indonesia AirAsia,Jakarta,CGK,WIII,23:30,15:30,01:40,10min late,02:01,31min late,1h 21m,Landed
2026-03-22,GA714,GIA714,Garuda Indonesia,Sydney,SYD,YSSY,23:35,15:35,23:59,24min late,09:09,34min late,6h 10m,Landed
2026-03-22,JQ42,JST042,Jetstar Airways,Melbourne,MEL,YMML,23:40,15:40,00:15,35min late,08:30,on time,5h 14m,Landed
2026-03-22,QZ420,,Indonesia AirAsia,Adelaide,ADL,YPAD,23:45,15:45,02:11,26min late,09:25,0min late,4h 43m,Landed
2026-03-22,KE432,KAL432,Korean Air Lines,Seoul,ICN,RKSI,23:50,15:50,00:13,23min late,07:39,5min early,6h 26m,Landed
2026-03-22,QG9687,CTV9687,Citilink,Jakarta,CGK,WIII,23:55,15:55,00:20,25min late,00:46,8min early,1h 26m,Landed
2026-03-22,JQ94,JST094,Jetstar Airways,Gold Coast,OOL,YBCG,23:55,15:55,00:31,36min late,08:25,0min late,5h 53m,Landed
2026-03-22,QZ945,AWQ945,Indonesia AirAsia,Jakarta,CGK,WIII,23:55,15:55,01:27,32min late,01:53,58min late,1h 25m,Landed
2026-03-23,BX602,ABL602,Air Busan,Busan,PUS,RKPK,00:05,16:05,00:16,11min late,11:09,39min late,9h 53m,Landed
2026-03-23,TW158,TWB158,T'Way Air,Cheongju,CJJ,RKTU,00:15,16:15,00:46,31min late,08:25,15min late,6h 39m,Landed
2026-03-23,EK399,UAE399,Emirates,Dubai,DXB,OMDB,00:25,16:25,00:42,17min late,05:53,8min late,9h 10m,Landed
2026-03-23,MF892,CXA892,Xiamen Airlines,Xiamen,XMN,ZSAM,00:30,16:30,00:33,3min late,05:46,18min early,5h 13m,Landed
2026-03-23,CZ626,CSN626,China Southern Airlines,Guangzhou,CAN,ZGGG,00:40,16:40,00:44,4min late,16:16,26min late,15h 31m,Landed
2026-03-23,GA880,GIA880,Garuda Indonesia,Tokyo,NRT,RJAA,00:50,16:50,01:00,10min late,08:50,on time,6h 50m,Landed
2026-03-23,MU5030,CES5030,China Eastern Airlines,Shanghai,PVG,ZSPD,00:55,16:55,01:42,47min late,07:31,21min late,5h 49m,Landed
2026-03-23,QZ548,AWQ548,Indonesia AirAsia,Perth,PER,YPPH,01:00,17:00,03:03,3min late,06:22,42min late,3h 19m,Landed
2026-03-23,SJ726,,Sriwijaya Air,Makassar,UPG,WAAA,01:00,17:00,,,,,1h 20m,
2026-03-23,KE434,KAL434,Korean Air Lines,Seoul,ICN,RKSI,01:05,17:05,01:16,11min late,08:33,26min early,6h 17m,Landed
2026-03-23,PR538,PAL538,Philippine Airlines,Manila,MNL,RPLL,01:10,17:10,01:13,3min late,04:42,27min early,3h 28m,Landed
2026-03-23,8B5888,TNU5888,TransNusa,Manado,MDC,WAMM,01:30,17:30,01:37,7min late,07:57,42min late,6h 20m,Landed
2026-03-23,GA401,GIA401,Garuda Indonesia,Jakarta,CGK,WIII,06:30,22:30,06:34,4min late,07:02,27min early,1h 28m,Landed
2026-03-23,JT746,LNI746,Lion Air,Makassar,UPG,WAAA,07:00,23:00,07:06,6min late,08:07,17min early,1h 0m,Landed
2026-03-23,IU705,SJV705,SW Italia,Surabaya,SUB,WARR,07:00,23:00,07:17,17min late,06:55,5min early,38m,Landed
2026-03-23,QZ534,AWQ534,Indonesia AirAsia,Perth,PER,YPPH,07:00,23:00,07:30,30min late,10:48,1min early,3h 18m,Landed
2026-03-23,QG690,CTV690,Citilink,Surabaya,SUB,WARR,07:05,23:05,07:13,8min late,06:55,14min early,42m,Landed
2026-03-23,JQ82,JST082,Jetstar Airways,Darwin,DRW,YPDN,07:05,23:05,07:04,on time,10:57,17min early,2h 23m,Landed
2026-03-23,QZ550,AWQ550,Indonesia AirAsia,Kuala Lumpur,KUL,WMKK,07:15,23:15,07:21,6min late,10:04,5min early,2h 43m,Landed
2026-03-23,SQ949,SIA949,Singapore Airlines,Singapore,SIN,WSSS,07:20,23:20,07:35,15min late,09:44,16min early,2h 8m,Landed
2026-03-23,8B5250,TNU5250,TransNusa,Lombok,LOP,WADL,07:30,23:30,07:31,1min late,08:00,5min late,28m,Landed
2026-03-23,8B551,TNU551,Business Air,Singapore,SIN,WSSS,07:30,23:30,07:25,4min early,09:41,13min early,2h 15m,Landed
2026-03-23,QZ644,AWQ644,Indonesia AirAsia,Labuan Bajo,LBJ,WATO,07:40,23:40,09:34,54min late,10:33,38min late,58m,Landed
2026-03-23,ID6333,BTK6333,Batik Air,Labuan Bajo,LBJ,WATO,07:55,23:55,08:08,13min late,09:01,8min early,53m,Landed
2026-03-23,JT21,LNI021,Lion Air,Jakarta,CGK,WIII,08:05,00:05,08:20,15min late,08:44,15min early,1h 24m,Landed
2026-03-23,QG691,CTV691,Citilink,Surabaya,SUB,WARR,08:05,00:05,07:57,7min early,07:44,30min early,46m,Landed
2026-03-23,IW1858,WON1858,Wings Air,Lombok,LOP,WADL,08:05,00:05,08:18,13min late,08:47,7min early,29m,Landed
2026-03-23,HX706,CRK706,Hong Kong Airlines,Hong Kong,HKG,VHHH,08:15,00:15,08:36,21min late,13:16,1min late,4h 40m,Landed
2026-03-23,CZ8482,CSN8482,China Southern Airlines,Guangzhou,CAN,ZGGG,08:35,00:35,13:06,31min late,13:12,42min early,6m,Landed
2026-03-23,5J280,CEB280,CEBU Pacific Air,Manila,MNL,RPLL,08:35,00:35,08:45,10min late,12:27,22min early,3h 41m,Landed
2026-03-23,QG500,CTV500,Citilink,Dili,DIL,WPDL,08:50,00:50,08:55,5min late,11:47,7min early,1h 51m,Landed
2026-03-23,IW1882,WON1882,Wings Air,Sumbawa Besar,SWQ,WADS,08:55,00:55,08:56,1min late,09:39,20min early,42m,Landed
2026-03-23,IW3330,WON3330,Wings Air,,,,09:00,01:00,09:09,9min late,11:31,13min early,2h 22m,Landed
2026-03-23,IN640,LKN640,Nam Air,Tambolaka,TMC,WADT,09:10,01:10,09:17,7min late,10:04,5min early,46m,Landed
2026-03-23,SJ740,,Sriwijaya Air,Waingapu,WGP,WADW,09:10,01:10,09:10,,10:30,,1h 20m,Landed
2026-03-23,8B5105,TNU5105,TransNusa,Jakarta,CGK,WIII,09:15,01:15,09:20,5min late,09:44,15min early,1h 24m,Landed
2026-03-23,IW1848,WON1848,Wings Air,Lombok,LOP,WADL,09:25,01:25,09:58,33min late,10:33,18min late,34m,Landed
2026-03-23,ID6007,BTK6007,Batik Air,Perth,PER,YPPH,09:30,01:30,09:56,26min late,13:08,6min early,3h 12m,Landed
2026-03-23,QG663,CTV663,Citilink,Jakarta,CGK,WIII,09:35,01:35,09:47,12min late,10:14,20min early,1h 27m,Landed
2026-03-23,8B5634,TNU5634,TransNusa,Bima,BMU,WADB,09:35,01:35,09:51,16min late,10:39,4min late,47m,Landed
2026-03-23,QZ803,AWQ803,Indonesia AirAsia,Jakarta,CGK,WIII,09:40,01:40,13:11,31min late,13:52,22min late,1h 41m,Landed
2026-03-23,8B80,TNU080,TransNusa,Perth,PER,YPPH,09:40,01:40,09:29,10min early,12:45,39min early,3h 15m,Landed
2026-03-23,ID6324,BTK6324,Batik Air,Tambolaka,TMC,WADT,09:40,01:40,09:43,3min late,10:33,21min early,50m,Landed
2026-03-23,IU128,SJV128,SW Italia,Surakarta,SOC,WAHQ,10:00,02:00,10:15,15min late,10:16,3min early,1h 1m,Landed
2026-03-23,AI2146,AIC2146,Air India,Delhi,DEL,VIDP,10:00,02:00,10:13,13min late,15:23,23min late,7h 39m,Landed
2026-03-23,IU122,SJV122,SW Italia,Yogyakarta,YIA,WAHI,10:00,02:00,10:01,1min late,10:02,27min early,1h 1m,Landed
2026-03-23,JQ126,JST126,Jetstar Airways,Adelaide,ADL,YPAD,10:15,02:15,10:13,1min early,17:23,21min early,4h 40m,Landed
2026-03-23,8B5101,TNU5101,TransNusa,Jakarta,CGK,WIII,10:30,02:30,14:06,36min late,14:37,22min late,1h 30m,Landed
2026-03-23,SQ935,SIA935,Singapore Airlines,Singapore,SIN,WSSS,10:30,02:30,10:57,27min late,13:06,3min early,2h 9m,Landed
2026-03-23,8G182,DTL182,Mid Africa Aviation,Dili,DIL,WPDL,10:35,02:35,10:32,2min early,13:12,17min early,1h 39m,Landed
2026-03-23,JT924,LNI924,Lion Air,Kupang,KOE,WATT,10:35,02:35,11:09,34min late,12:36,11min late,1h 26m,Landed
2026-03-23,JT805,LNI805,Lion Air,Surabaya,SUB,WARR,10:35,02:35,11:06,31min late,10:45,10min late,38m,Landed
2026-03-23,GA2534,GIA2534,Garuda Indonesia,Yogyakarta,YIA,WAHI,11:00,03:00,11:18,18min late,11:24,25min early,1h 6m,Landed
2026-03-23,TR281,TGW281,Scoot,Singapore,SIN,WSSS,11:10,03:10,11:56,46min late,14:11,21min late,2h 15m,Landed
2026-03-23,QG197,CTV197,Citilink,Jakarta,HLP,WIHH,11:10,03:10,11:05,4min early,11:38,21min early,1h 32m,Landed
2026-03-23,JQ40,JST040,Jetstar Airways,Sydney,SYD,YSSY,11:15,03:15,11:21,6min late,20:08,6min early,5h 47m,Landed
2026-03-23,QZ780,AWQ780,Indonesia AirAsia,Balikpapan,BPN,WALL,11:30,03:30,12:53,23min late,14:07,52min late,1h 14m,Landed
2026-03-23,6E1606,IGO1606,IndiGo,Bangalore,BLR,VOBL,11:30,03:30,11:24,5min early,15:11,23min early,6h 16m,Landed
2026-03-23,JQ32,JST032,Jetstar Airways,Melbourne,MEL,YMML,11:30,03:30,11:45,15min late,20:00,9min early,5h 15m,Landed
2026-03-23,OD172,MXD172,Malindo Air,Kuala Lumpur,KUL,WMKK,11:35,03:35,12:13,38min late,14:46,1min late,2h 32m,Landed
2026-03-23,IW1902,WON1902,Wings Air,Jember,JBB,WARE,11:40,03:40,11:57,17min late,11:33,26min early,35m,Landed
2026-03-23,IW1964,WON1964,Wings Air,Lombok,LOP,WADL,11:40,03:40,12:28,48min late,12:58,28min late,30m,Landed
2026-03-23,ID6331,BTK6331,Batik Air,Labuan Bajo,LBJ,WATO,11:45,03:45,12:21,36min late,13:26,26min late,1h 4m,Landed
2026-03-23,JQ109,JST109,Jetstar Airways,Perth,PER,YPPH,11:45,03:45,12:51,6min late,16:10,35min late,3h 18m,Landed
2026-03-23,JT31,LNI031,Lion Air,Jakarta,CGK,WIII,11:55,03:55,12:08,13min late,12:42,7min early,1h 34m,Landed
2026-03-23,GA407,GIA407,Garuda Indonesia,Jakarta,CGK,WIII,11:55,03:55,12:04,9min late,12:31,23min early,1h 27m,Landed
2026-03-23,FD397,AIQ397,Thai AirAsia,Bangkok,DMK,VTBD,12:00,04:00,12:26,26min late,15:26,6min late,4h 0m,Landed
2026-03-23,SQ937,SIA937,Singapore Airlines,Singapore,SIN,WSSS,12:05,04:05,12:34,29min late,14:39,15min early,2h 5m,Landed
2026-03-23,GA253,GIA253,Garuda Indonesia,Yogyakarta,YIA,WAHI,12:05,04:05,12:17,12min late,14:51,56min late,3h 33m,Landed
2026-03-23,OD192,MXD192,Malindo Air,Kuala Lumpur,KUL,WMKK,12:10,04:10,12:44,34min late,15:35,15min late,2h 51m,Landed
2026-03-23,SJ742,,Sriwijaya Air,Tambolaka,TMC,WADT,12:10,04:10,12:10,on time,13:10,,1h 0m,Landed
2026-03-23,OD178,MXD178,Malindo Air,Kuala Lumpur,KUL,WMKK,12:15,04:15,12:23,8min late,15:23,1min early,3h 0m,Landed
2026-03-23,QG697,CTV697,Citilink,Surabaya,SUB,WARR,12:20,04:20,12:31,11min late,12:15,14min early,44m,Landed
2026-03-23,QZ540,AWQ540,Indonesia AirAsia,Darwin,DRW,YPDN,12:30,04:30,12:51,21min late,16:53,3min late,2h 32m,Landed
2026-03-23,QZ556,AWQ556,Indonesia AirAsia,Kuala Lumpur,KUL,WMKK,12:40,04:40,14:10,30min late,16:44,9min late,2h 34m,Landed
2026-03-23,8B5254,TNU5254,Business Air,Lombok,LOP,WADL,12:40,04:40,12:58,18min late,13:23,3min late,25m,Landed
2026-03-23,OD158,MXD158,Malindo Air,Kuala Lumpur,KUL,WMKK,12:45,04:45,12:49,4min late,15:43,11min early,2h 53m,Landed
2026-03-23,IP103,PAS103,Pelita Air Service,Jakarta,CGK,WIII,12:45,04:45,12:51,6min late,13:35,on time,1h 43m,Landed
2026-03-23,SQ939,SIA939,Singapore Airlines,Singapore,SIN,WSSS,13:00,05:00,13:24,24min late,15:40,9min early,2h 16m,Landed
2026-03-23,AK365,AXM365,AirAsia,Kuala Lumpur,KUL,WMKK,13:05,05:05,13:36,31min late,16:12,2min late,2h 36m,Landed
2026-03-23,MH714,MAS714,Malaysia Airlines,Kuala Lumpur,KUL,WMKK,13:10,05:10,13:29,19min late,16:08,3min late,2h 39m,Landed
2026-03-23,JT35,LNI035,Lion Air,Jakarta,CGK,WIII,13:15,05:15,13:49,34min late,14:26,16min late,1h 36m,Landed
2026-03-23,GA409,GIA409,Garuda Indonesia,Jakarta,CGK,WIII,13:25,05:25,14:13,48min late,14:39,14min late,1h 26m,Landed
2026-03-23,JQ58,JST058,Jetstar Airways,Brisbane,BNE,YBBN,13:30,05:30,14:02,32min late,21:39,14min late,5h 37m,Landed
2026-03-23,JT660,LNI660,Lion Air,Balikpapan,BPN,WALL,13:30,05:30,13:45,15min late,15:05,9min early,1h 20m,Landed
2026-03-23,QZ811,AWQ811,Indonesia AirAsia,Jakarta,CGK,WIII,13:40,05:40,15:21,41min late,15:47,17min late,1h 26m,Landed
2026-03-23,ID6509,BTK6509,Batik Air,Jakarta,CGK,WIII,13:45,05:45,14:04,19min late,14:35,4min early,1h 30m,Landed
2026-03-23,8B5107,TNU5107,TransNusa,Jakarta,CGK,WIII,13:50,05:50,17:56,6min late,18:21,46min late,1h 25m,Landed
2026-03-23,JT919,LNI919,Lion Air,Surabaya,SUB,WARR,13:55,05:55,17:17,22min late,16:58,3min late,40m,Landed
2026-03-23,QG687,CTV687,Citilink,Jakarta,CGK,WIII,14:00,06:00,14:15,15min late,14:47,12min early,1h 32m,Landed
2026-03-23,6E1612,IGO1612,IndiGo,Bhubaneswar,BBI,VEBS,14:00,06:00,13:58,1min early,17:19,20min early,5h 50m,Landed
2026-03-23,QG342,CTV342,Citilink,Makassar,UPG,WAAA,14:00,06:00,14:11,11min late,15:27,2min early,1h 16m,Landed
2026-03-23,GA4094,GIA4094,Garuda Indonesia,Jakarta,CGK,WIII,14:00,06:00,14:21,21min late,14:52,7min early,1h 30m,Landed
2026-03-23,QZ544,AWQ544,Indonesia AirAsia,Perth,PER,YPPH,14:00,06:00,16:51,51min late,20:15,25min late,3h 24m,Landed
2026-03-23,8B82,TNU082,TransNusa,Perth,PER,YPPH,14:00,06:00,14:39,39min late,18:00,20min late,3h 21m,Landed
2026-03-23,VJ894,VJC894,VietJet Air,Ho Chi Minh City,SGN,VVTS,14:05,06:05,14:49,44min late,17:00,4min early,3h 11m,Landed
2026-03-23,ID6517,BTK6517,Batik Air,Jakarta,CGK,WIII,14:15,06:15,15:00,45min late,15:26,16min late,1h 26m,Landed
2026-03-23,QZ480,AWQ480,Indonesia AirAsia,Da Nang,DAD,VVDN,14:15,06:15,15:18,3min late,18:16,21min late,3h 57m,Landed
2026-03-23,IU130,SJV130,SW Italia,Semarang,SRG,WIIS,14:15,06:15,14:53,38min late,14:49,14min late,56m,Landed
2026-03-23,ID7308,BTK7308,Batik Air,Jakarta,HLP,WIHH,14:20,06:20,15:10,50min late,15:37,27min late,1h 26m,Landed
2026-03-23,IU2133,SJV2133,SW Italia,Semarang,SRG,WIIS,14:20,06:20,14:44,24min late,14:41,1min late,57m,Landed
2026-03-23,QZ506,AWQ506,Indonesia AirAsia,Singapore,SIN,WSSS,14:25,06:25,17:22,57min late,19:41,21min late,2h 19m,Landed
2026-03-23,TR289,TGW289,Scoot,Singapore,SIN,WSSS,14:35,06:35,14:41,6min late,16:59,30min early,2h 18m,Landed
2026-03-23,JQ43,JST043,Jetstar Airways,Singapore,SIN,WSSS,14:50,06:50,15:03,13min late,17:26,28min early,2h 23m,Landed
2026-03-23,OD307,MXD307,Malindo Air,Kuala Lumpur,KUL,WMKK,14:50,06:50,16:29,39min late,19:06,11min late,2h 37m,Landed
2026-03-23,JQ44,JST044,Jetstar Airways,Melbourne,MEL,YMML,14:55,06:55,15:14,19min late,23:19,15min early,5h 5m,Landed
2026-03-23,VA48,VOZ048,Virgin Australia,Brisbane,BNE,YBBN,15:00,07:00,15:26,26min late,23:25,30min late,5h 58m,Landed
2026-03-23,IU120,SJV120,SW Italia,Yogyakarta,YIA,WAHI,15:00,07:00,15:35,35min late,15:39,9min late,1h 4m,Landed
2026-03-23,JT844,LNI844,Lion Air,Banjarmasin,BDJ,WAOO,15:00,07:00,17:19,19min late,18:19,49min late,59m,Landed
2026-03-23,QG681,CTV681,Citilink,Jakarta,CGK,WIII,15:00,07:00,15:07,7min late,15:30,29min early,1h 23m,Landed
2026-03-23,AI2148,AIC2148,Air India,Delhi,DEL,VIDP,15:10,07:10,15:54,44min late,21:11,6min late,7h 47m,Landed
2026-03-23,GA842,GIA842,Garuda Indonesia,Singapore,SIN,WSSS,15:15,07:15,15:31,16min late,18:00,on time,2h 28m,Landed
2026-03-23,AK377,AXM377,AirAsia,Kuala Lumpur,KUL,WMKK,15:25,07:25,16:15,50min late,18:54,29min late,2h 39m,Landed
2026-03-23,JT740,LNI740,Lion Air,Makassar,UPG,WAAA,15:30,07:30,16:26,56min late,17:29,34min late,1h 3m,Landed
2026-03-23,GA411,GIA411,Garuda Indonesia,Jakarta,CGK,WIII,15:35,07:35,16:04,29min late,16:35,4min early,1h 31m,Landed
2026-03-23,VJ898,VJC898,VietJet Air,Ho Chi Minh City,SGN,VVTS,15:35,07:35,15:46,11min late,18:11,13min early,3h 24m,Landed
2026-03-23,IW1850,WON1850,Wings Air,Lombok,LOP,WADL,15:40,07:40,16:10,30min late,16:45,15min late,35m,Landed
2026-03-23,SJ717,SJY717,Sriwijaya Air,Makassar,UPG,WAAA,15:40,07:40,16:31,51min late,17:37,37min late,1h 6m,Landed
2026-03-23,CI772,CAL772,China Airlines,Taipei,TPE,RCTP,15:45,07:45,15:43,1min early,20:42,22min early,4h 59m,Landed
2026-03-23,QG661,CTV661,Citilink,Jakarta,CGK,WIII,16:00,08:00,16:46,46min late,17:12,12min late,1h 26m,Landed
2026-03-23,QZ536,AWQ536,Indonesia AirAsia,Perth,PER,YPPH,16:00,08:00,21:58,58min late,01:11,26min late,3h 13m,Landed
2026-03-23,IP109,PAS109,Pelita Air Service,Jakarta,CGK,WIII,16:00,08:00,16:22,22min late,16:49,on time,1h 27m,Landed
2026-03-23,VN640,HVN640,Vietnam Airlines,Ho Chi Minh City,SGN,VVTS,16:05,08:05,16:01,3min early,18:14,40min early,3h 13m,Landed
2026-03-23,QG669,CTV669,Citilink,Surabaya,SUB,WARR,16:10,08:10,16:38,28min late,16:18,1min early,39m,Landed
2026-03-23,TG432,THA432,Thai Airways International,Bangkok,BKK,VTBS,16:10,08:10,16:20,10min late,19:02,22min early,3h 42m,Landed
2026-03-23,CX784,CPA784,Cathay Pacific,Hong Kong,HKG,VHHH,16:20,08:20,16:41,21min late,20:59,25min early,4h 18m,Landed
2026-03-23,MH850,MAS850,Malaysia Airlines,Kuala Lumpur,KUL,WMKK,16:25,08:25,16:34,9min late,19:16,18min early,2h 42m,Landed
2026-03-23,IW1852,WON1852,Wings Air,Lombok,LOP,WADL,16:30,08:30,16:53,23min late,17:24,4min late,31m,Landed
2026-03-23,IU743,SJV743,SW Italia,Jakarta,CGK,WIII,16:35,08:35,18:19,44min late,18:49,19min late,1h 29m,Landed
2026-03-23,IU703,SJV703,SW Italia,Surabaya,SUB,WARR,16:40,08:40,18:00,20min late,17:41,1min late,41m,Landed
2026-03-23,BR256,EVA256,EVA Airways,Taipei,TPE,RCTP,16:40,08:40,17:02,22min late,21:44,on time,4h 42m,Landed
2026-03-23,JT744,LNI744,Lion Air,Makassar,UPG,WAAA,16:40,08:40,17:42,2min late,18:42,37min late,59m,Landed
2026-03-23,JT3805,LNI3805,Lion Air,Surabaya,SUB,WARR,16:50,08:50,18:14,24min late,17:53,3min late,39m,Landed
2026-03-23,GA349,GIA349,Garuda Indonesia,Surabaya,SUB,WARR,16:55,08:55,17:25,30min late,17:10,on time,45m,Landed
2026-03-23,ID6335,BTK6335,Batik Air,Labuan Bajo,LBJ,WATO,17:00,09:00,17:31,31min late,18:29,14min late,57m,Landed
2026-03-23,JT25,,Lion Air,Jakarta,CGK,WIII,17:15,09:15,18:04,49min late,18:32,22min late,1h 27m,Landed
2026-03-23,GA419,GIA419,Garuda Indonesia,Jakarta,CGK,WIII,17:25,09:25,17:46,21min late,18:11,13min early,1h 25m,Landed
2026-03-23,HO1356,DKH1356,Juneyao Airlines,Shanghai,PVG,ZSPD,17:25,09:25,17:52,27min late,23:42,7min early,5h 50m,Landed
2026-03-23,VJ998,VJC998,VietJet Air,Hanoi,HAN,VVNB,17:25,09:25,17:36,11min late,05:39,4min late,13h 3m,Landed
2026-03-23,TR211,TGW211,Scoot,Singapore,SIN,WSSS,17:35,09:35,18:17,42min late,20:37,8min early,2h 19m,Landed
2026-03-23,IU759,SJV759,SW Italia,Jakarta,CGK,WIII,17:40,09:40,19:32,52min late,20:01,26min late,1h 28m,Landed
2026-03-23,IP107,PAS107,Pelita Air Service,Jakarta,CGK,WIII,17:40,09:40,18:07,27min late,18:40,10min late,1h 32m,Landed
2026-03-23,JT3919,LNI3919,Lion Air,Surabaya,SUB,WARR,17:55,09:55,20:42,47min late,20:21,26min late,39m,Landed
2026-03-23,JT33,LNI033,Lion Air,Jakarta,CGK,WIII,18:03,10:03,18:03,on time,18:31,on time,1h 28m,Landed
2026-03-23,OD193,MXD193,Malindo Air,Perth,PER,YPPH,18:10,10:10,18:31,21min late,21:41,3min early,3h 10m,Landed
2026-03-23,IU126,SJV126,SW Italia,Surakarta,SOC,WAHQ,18:10,10:10,19:36,26min late,19:40,10min late,1h 3m,Landed
2026-03-23,IN281,LKN281,NAM Air,Jakarta,CGK,WIII,18:30,10:30,18:53,23min late,19:26,16min late,1h 32m,Landed
2026-03-23,IP111,PAS111,Pelita Air Service,Jakarta,CGK,WIII,18:35,10:35,18:48,13min late,19:19,5min early,1h 30m,Landed
2026-03-23,GA417,GIA417,Garuda Indonesia,Jakarta,CGK,WIII,18:40,10:40,19:02,22min late,19:40,on time,1h 38m,Landed
2026-03-23,JT3027,,Lion Air,Jakarta,CGK,WIII,18:40,10:40,18:40,,19:03,31min early,1h 23m,Landed
2026-03-23,QZ504,AWQ504,Indonesia AirAsia,Singapore,SIN,WSSS,18:40,10:40,21:11,31min late,23:30,10min late,2h 18m,Landed
2026-03-23,SL259,TLM259,Thai Lion Air,Bangkok,DMK,VTBD,18:40,10:40,18:55,15min late,21:51,8min early,3h 55m,Landed
2026-03-23,ID6415,BTK6415,Batik Air,Surabaya,SUB,WARR,18:45,10:45,19:25,40min late,19:00,15min late,35m,Landed
2026-03-23,6E1608,IGO1608,IndiGo,Chennai,MAA,VOMM,18:50,10:50,18:59,9min late,22:26,3min early,5h 56m,Landed
2026-03-23,8B5258,TNU5258,TransNusa,Lombok,LOP,WADL,18:55,10:55,19:07,12min late,19:33,1min early,25m,Landed
2026-03-23,TG440,THA440,Thai Airways International,Bangkok,BKK,VTBS,19:00,11:00,19:06,6min late,22:07,7min early,4h 1m,Landed
2026-03-23,QZ809,AWQ809,Indonesia AirAsia,Jakarta,CGK,WIII,19:15,11:15,23:08,53min late,23:37,22min late,1h 28m,Landed
2026-03-23,AK379,AXM379,AirAsia,Kuala Lumpur,KUL,WMKK,19:15,11:15,19:34,19min late,22:16,3min early,2h 41m,Landed
2026-03-23,IU2122,SJV2122,SW Italia,Yogyakarta,YIA,WAHI,19:15,11:15,19:46,31min late,19:42,2min early,55m,Landed
2026-03-23,MH852,MAS852,Malaysia Airlines,Kuala Lumpur,KUL,WMKK,19:15,11:15,19:21,6min late,22:01,13min early,2h 39m,Landed
2026-03-23,ID7310,BTK7310,Batik Air,Jakarta,HLP,WIHH,19:25,11:25,19:50,25min late,20:12,2min early,1h 22m,Landed
2026-03-23,QG689,CTV689,Citilink,Jakarta,CGK,WIII,19:30,11:30,19:56,26min late,20:27,2min early,1h 31m,Landed
2026-03-23,QG699,CTV699,Citilink,Surabaya,SUB,WARR,19:30,11:30,19:43,13min late,23:13,33min late,4h 29m,Landed
2026-03-23,JT923,LNI923,Lion Air,Surabaya,SUB,WARR,19:45,11:45,20:50,5min late,20:26,41min late,36m,Landed
2026-03-23,8B969,TNU969,TransNusa,Guangzhou,CAN,ZGGG,19:45,11:45,19:54,9min late,07:19,14min late,11h 25m,Landed
2026-03-23,EK369,UAE369,Emirates,Dubai,DXB,OMDB,19:50,11:50,20:00,10min late,01:01,8min early,9h 0m,Landed
2026-03-23,IU133,SJV133,SW Italia,Semarang,SRG,WIIS,19:50,11:50,19:58,8min late,19:56,13min early,57m,Landed
2026-03-23,QZ807,AWQ807,Indonesia AirAsia,Jakarta,CGK,WIII,20:00,12:00,18:22,37min early,20:38,21min early,3h 16m,Landed
2026-03-23,TR283,TGW283,Scoot,Singapore,SIN,WSSS,20:05,12:05,20:07,2min late,22:17,22min early,2h 10m,Landed
2026-03-23,QG195,CTV195,Citilink,Jakarta,HLP,WIHH,20:10,12:10,20:26,16min late,20:52,12min early,1h 26m,Landed
2026-03-23,QZ410,AWQ410,Indonesia AirAsia,Melbourne,MEL,YMML,20:10,12:10,00:11,1min late,08:48,48min late,5h 37m,Landed
2026-03-23,SQ945,SIA945,Singapore Airlines,Singapore,SIN,WSSS,20:15,12:15,20:14,on time,22:29,26min early,2h 14m,Landed
2026-03-23,GA718,GIA718,Garuda Indonesia,Melbourne,MEL,YMML,20:20,12:20,20:29,9min late,04:43,16min early,5h 14m,Landed
2026-03-23,JQ34,JST034,Jetstar Airways,Melbourne,MEL,YMML,20:20,12:20,20:21,1min late,04:31,23min early,5h 10m,Landed
2026-03-23,ID6413,BTK6413,Batik Air,Surabaya,SUB,WARR,20:30,12:30,20:47,17min late,05:34,4min late,9h 46m,Landed
2026-03-23,JQ107,JST107,Jetstar Airways,Perth,PER,YPPH,20:45,12:45,22:57,12min late,02:04,44min late,3h 7m,Landed
2026-03-23,GA415,GIA415,Garuda Indonesia,Jakarta,CGK,WIII,20:45,12:45,21:02,17min late,21:33,11min early,1h 30m,Landed
2026-03-23,IP105,,Pelita Air Service,Jakarta,CGK,WIII,20:50,12:50,,,,,1h 50m,
2026-03-23,OD177,MXD177,Malindo Air,Melbourne,MEL,YMML,20:55,12:55,20:50,5min early,05:18,21min early,5h 28m,Landed
2026-03-23,AK375,AXM375,AirAsia,Kuala Lumpur,KUL,WMKK,21:05,13:05,21:51,46min late,00:37,27min late,2h 45m,Landed
2026-03-23,TK67,THY067,Turkish Airlines,Istanbul,IST,LTFM,21:10,13:10,21:19,9min late,05:13,26min early,12h 54m,Landed
2026-03-23,OD171,MXD171,Malindo Air,Sydney,SYD,YSSY,21:10,13:10,22:12,2min late,06:52,37min late,5h 40m,Landed
2026-03-23,QG667,CTV667,Citilink,Jakarta,CGK,WIII,21:10,13:10,21:14,4min late,21:49,20min early,1h 34m,Landed
2026-03-23,JT11,,Lion Air,Jakarta,CGK,WIII,21:15,13:15,21:15,,21:38,31min early,1h 23m,Landed
2026-03-23,QF44,QFA044,Qantas,Sydney,SYD,YSSY,21:20,13:20,21:33,13min late,06:08,6min early,5h 34m,Landed
2026-03-23,JQ60,JST060,Jetstar Airways,Brisbane,BNE,YBBN,21:30,13:30,22:10,40min late,05:39,19min late,5h 29m,Landed
2026-03-23,ID6760,BTK6760,Batik Air,Makassar,UPG,WAAA,21:30,13:30,21:42,12min late,09:14,19min late,11h 32m,Landed
2026-03-23,QZ819,,Indonesia AirAsia,Jakarta,CGK,WIII,21:35,13:35,21:35,,22:25,,1h 50m,Landed
2026-03-23,SJ273,,Sriwijaya Air,Jakarta,CGK,WIII,21:35,13:35,02:50,15min late,03:22,7min late,1h 31m,Landed
2026-03-23,KL836,KLM836,KLM Royal Dutch Airlines,Singapore,SIN,WSSS,21:40,13:40,22:00,20min late,00:06,3min early,2h 5m,Landed
2026-03-23,GA425,GIA425,Garuda Indonesia,Jakarta,CGK,WIII,21:40,13:40,22:07,27min late,22:35,9min early,1h 27m,Landed
2026-03-23,SQ947,SIA947,Singapore Airlines,Singapore,SIN,WSSS,21:40,13:40,21:46,6min late,00:02,18min early,2h 15m,Landed
2026-03-23,JQ117,JST117,Jetstar Airways,Perth,PER,YPPH,21:45,13:45,23:00,15min late,02:10,55min late,3h 10m,Landed
2026-03-23,VA94,VOZ094,Virgin Australia,Melbourne,MEL,YMML,22:00,14:00,22:23,23min late,06:39,on time,5h 16m,Landed
2026-03-23,SV857,SVA857,Saudi Arabian Airlines,Singapore,SIN,WSSS,22:05,14:05,22:30,25min late,00:43,1min early,2h 12m,Landed
2026-03-23,QF46,QFA046,Qantas,Melbourne,MEL,YMML,22:05,14:05,22:35,30min late,06:44,5min early,5h 8m,Landed
2026-03-23,JQ38,JST038,Jetstar Airways,Sydney,SYD,YSSY,22:20,14:20,22:51,31min late,07:41,11min late,5h 50m,Landed
2026-03-23,JQ50,JST050,Jetstar Airways,Melbourne,AVV,YMAV,22:20,14:20,23:04,44min late,07:14,14min late,5h 10m,Landed
2026-03-23,QZ941,AWQ941,Indonesia AirAsia,Jakarta,CGK,WIII,22:25,14:25,22:53,28min late,23:23,1min early,1h 30m,Landed
2026-03-23,VA66,VOZ066,Virgin Australia,Sydney,SYD,YSSY,22:30,14:30,22:41,11min late,07:34,5min early,5h 52m,Landed
2026-03-23,JT15,LNI015,Lion Air,Jakarta,CGK,WIII,22:45,14:45,23:11,26min late,23:53,13min late,1h 42m,Landed
2026-03-23,JQ128,JST128,Jetstar Airways,Adelaide,ADL,YPAD,22:50,14:50,23:13,23min late,06:08,6min early,4h 24m,Landed
2026-03-23,7C2712,JJA2712,Jeju Air,Seoul,ICN,RKSI,23:05,15:05,23:23,18min late,07:15,5min late,6h 52m,Landed
2026-03-23,8B5109,TNU5109,Business Air,Jakarta,CGK,WIII,23:10,15:10,23:25,15min late,00:06,16min late,1h 40m,Landed
2026-03-23,3U3986,CSC3986,Sichuan Airlines,Lujia Town,TFU,ZUTF,23:10,15:10,23:32,22min late,09:48,53min late,10h 15m,Landed
2026-03-23,JQ91,JST091,Jetstar Airways,Cairns,CNS,YBCS,23:10,15:10,23:23,13min late,05:49,4min late,4h 26m,Landed
2026-03-23,JQ89,JST089,Jetstar Airways,Newcastle,NTL,YWLM,23:20,15:20,23:30,10min late,08:18,3min late,5h 47m,Landed
2026-03-23,QG9695,CTV9695,Citilink,Surabaya,SUB,WARR,23:20,15:20,23:24,4min late,23:13,16min early,49m,Landed
2026-03-23,VA82,VOZ082,Virgin Australia,Gold Coast,OOL,YBCG,23:20,15:20,23:47,27min late,07:38,28min late,5h 50m,Landed
2026-03-23,QZ420,AWQ420,Indonesia AirAsia,Adelaide,ADL,YPAD,23:45,15:45,02:43,58min late,09:56,31min late,4h 42m,Landed
2026-03-23,KE432,KAL432,Korean Air Lines,Seoul,ICN,RKSI,23:50,15:50,00:01,11min late,07:43,1min early,6h 42m,Landed
2026-03-23,QG9687,CTV9687,Citilink,Jakarta,CGK,WIII,23:55,15:55,00:01,6min late,00:31,23min early,1h 30m,Landed
2026-03-23,QZ943,AWQ943,Indonesia AirAsia,Jakarta,CGK,WIII,23:55,15:55,01:18,23min late,01:45,50min late,1h 27m,Landed
2026-03-24,BX602,ABL602,Air Busan,Busan,PUS,RKPK,00:05,16:05,00:16,11min late,11:09,39min late,9h 53m,Landed
2026-03-24,QZ548,AWQ548,Indonesia AirAsia,Perth,PER,YPPH,00:15,16:15,00:22,7min late,03:38,16min early,3h 15m,Landed
2026-03-24,8B84,TNU084,TransNusa,Perth,PER,YPPH,00:20,16:20,00:20,on time,03:35,29min early,3h 15m,Landed
2026-03-24,EK399,UAE399,Emirates,Dubai,DXB,OMDB,00:25,16:25,00:25,on time,05:28,16min early,9h 2m,Landed
2026-03-24,QZ941,AWQ941,Indonesia AirAsia,Jakarta,CGK,WIII,00:25,16:25,01:15,50min late,01:42,17min late,1h 27m,Landed
2026-03-24,MF892,CXA892,Xiamen Airlines,Xiamen,XMN,ZSAM,00:30,16:30,00:47,17min late,08:53,48min late,8h 6m,Landed
2026-03-24,CZ626,CSN626,China Southern Airlines,Guangzhou,CAN,ZGGG,00:40,16:40,00:38,1min early,05:28,21min early,4h 50m,Landed
2026-03-24,GA880,GIA880,Garuda Indonesia,Tokyo,NRT,RJAA,00:50,16:50,01:06,16min late,08:48,1min early,6h 42m,Landed
2026-03-24,MU5030,CES5030,China Eastern Airlines,Shanghai,PVG,ZSPD,00:55,16:55,01:04,9min late,10:34,24min late,9h 29m,Landed
2026-03-24,JQ87,JST087,Jetstar Airways,Sunshine Coast,MCY,YBSU,00:55,16:55,00:40,14min early,08:15,19min early,5h 34m,Landed
2026-03-24,SJ726,,Sriwijaya Air,Makassar,UPG,WAAA,01:00,17:00,,,,,1h 20m,
2026-03-24,QZ548,AWQ548,Indonesia AirAsia,Perth,PER,YPPH,01:00,17:00,03:03,3min late,06:22,42min late,3h 19m,Landed
2026-03-24,KE434,KAL434,Korean Air Lines,Seoul,ICN,RKSI,01:05,17:05,01:33,28min late,08:55,4min early,6h 22m,Landed
2026-03-24,PR538,PAL538,Philippine Airlines,Manila,MNL,RPLL,01:10,17:10,01:13,3min late,04:46,23min early,3h 32m,Landed
2026-03-24,8B5888,,TransNusa,Manado,MDC,WAMM,01:30,17:30,,,,,2h 45m,
2026-03-24,QR961,,Qatar Airways,Doha,DOH,OTHH,06:40,22:40,,,,,10h 0m,Cancelled
2026-03-24,GA401,GIA401,Garuda Indonesia,Jakarta,CGK,WIII,07:00,23:00,07:01,1min late,07:32,27min early,1h 30m,Landed
2026-03-24,JT746,LNI746,Lion Air,Makassar,UPG,WAAA,07:00,23:00,07:17,17min late,13:22,57min late,6h 5m,Landed
2026-03-24,QZ534,AWQ534,Indonesia AirAsia,Perth,PER,YPPH,07:00,23:00,07:08,8min late,10:32,17min early,3h 24m,Landed
2026-03-24,IU705,SJV705,SW Italia,Surabaya,SUB,WARR,07:00,23:00,07:15,15min late,06:48,12min early,33m,Landed
2026-03-24,QG690,CTV690,Citilink,Surabaya,SUB,WARR,07:05,23:05,07:15,10min late,13:52,42min late,7h 36m,Landed
2026-03-24,QZ550,AWQ550,Indonesia AirAsia,Kuala Lumpur,KUL,WMKK,07:15,23:15,07:10,4min early,09:47,22min early,2h 37m,Landed
2026-03-24,SQ949,SIA949,Singapore Airlines,Singapore,SIN,WSSS,07:20,23:20,07:30,10min late,09:48,12min early,2h 17m,Landed
2026-03-24,8B5250,TNU5250,Business Air,Lombok,LOP,WADL,07:30,23:30,07:23,6min early,08:45,50min late,1h 22m,Landed
2026-03-24,8B551,TNU551,Business Air,Singapore,SIN,WSSS,07:30,23:30,07:28,1min early,09:44,11min early,2h 15m,Landed
2026-03-24,QZ644,AWQ644,Indonesia AirAsia,Labuan Bajo,LBJ,WATO,07:40,23:40,09:35,55min late,10:24,29min late,49m,Landed
2026-03-24,ID6333,BTK6333,Batik Air,Labuan Bajo,LBJ,WATO,07:55,23:55,08:15,20min late,09:10,on time,55m,Landed
2026-03-24,QG691,CTV691,Citilink,Surabaya,SUB,WARR,08:05,00:05,08:12,7min late,07:56,18min early,43m,Landed
2026-03-24,IW1858,WON1858,Wings Air,Lombok,LOP,WADL,08:05,00:05,08:21,16min late,09:01,6min late,40m,Landed
2026-03-24,JT21,LNI021,Lion Air,Jakarta,CGK,WIII,08:05,00:05,08:19,14min late,08:43,16min early,1h 24m,Landed
2026-03-24,HX706,CRK706,Hong Kong Airlines,Hong Kong,HKG,VHHH,08:15,00:15,08:21,6min late,12:57,17min early,4h 36m,Landed
2026-03-24,CZ8482,CSN8482,China Southern Airlines,Guangzhou,CAN,ZGGG,08:35,00:35,08:35,on time,13:19,45min early,4h 44m,Landed
2026-03-24,5J280,CEB280,CEBU Pacific Air,Manila,MNL,RPLL,08:35,00:35,08:59,24min late,12:42,7min early,3h 42m,Landed
2026-03-24,IW1854,WON1854,Wings Air,Lombok,LOP,WADL,08:45,00:45,09:08,23min late,09:41,6min late,32m,Landed
2026-03-24,QG500,CTV500,Citilink,Dili,DIL,WPDL,08:50,00:50,08:48,1min early,11:31,23min early,1h 43m,Landed
2026-03-24,IW1882,WON1882,Wings Air,Sumbawa Besar,SWQ,WADS,08:55,00:55,09:07,12min late,09:50,9min early,42m,Landed
2026-03-24,IN640,LKN640,Nam Air,Tambolaka,TMC,WADT,09:10,01:10,09:14,4min late,10:00,9min early,46m,Landed
2026-03-24,8B5105,TNU5105,TransNusa,Jakarta,CGK,WIII,09:15,01:15,09:03,11min early,09:28,31min early,1h 25m,Landed
2026-03-24,IW1848,WON1848,Wings Air,Lombok,LOP,WADL,09:25,01:25,09:58,33min late,10:27,12min late,29m,Landed
2026-03-24,ID6007,BTK6007,Batik Air,Perth,PER,YPPH,09:30,01:30,09:52,22min late,13:28,13min late,3h 35m,Landed
2026-03-24,QG663,CTV663,Citilink,Jakarta,CGK,WIII,09:35,01:35,09:55,20min late,10:19,15min early,1h 24m,Landed
2026-03-24,8B5634,TNU5634,TransNusa,Bima,BMU,WADB,09:35,01:35,09:44,9min late,10:34,on time,49m,Landed
2026-03-24,QZ803,AWQ803,Indonesia AirAsia,Jakarta,CGK,WIII,09:40,01:40,13:03,23min late,13:34,4min late,1h 31m,Landed
2026-03-24,8B80,TNU080,Business Air,Perth,PER,YPPH,09:40,01:40,09:41,1min late,13:15,9min early,3h 33m,Landed
2026-03-24,ID6324,BTK6324,Batik Air,Tambolaka,TMC,WADT,09:40,01:40,09:48,8min late,10:38,16min early,50m,Landed
2026-03-24,QZ997,AWQ997,Indonesia AirAsia,Jakarta,CGK,WIII,10:00,02:00,12:26,26min late,13:00,10min late,1h 34m,Landed
2026-03-24,IU128,SJV128,SW Italia,Surakarta,SOC,WAHQ,10:00,02:00,10:21,21min late,12:04,44min late,2h 42m,Landed
2026-03-24,AI2146,AIC2146,Air India,Delhi,DEL,VIDP,10:00,02:00,10:15,15min late,15:25,25min late,7h 39m,Landed
2026-03-24,IU122,SJV122,SW Italia,Yogyakarta,YIA,WAHI,10:00,02:00,10:17,17min late,10:17,12min early,1h 0m,Landed
2026-03-24,JQ111,JST111,Jetstar Airways,Perth,PER,YPPH,10:20,02:20,10:43,23min late,13:53,16min early,3h 10m,Landed
2026-03-24,8B5101,TNU5101,Business Air,Jakarta,CGK,WIII,10:30,02:30,10:32,2min late,11:00,14min early,1h 28m,Landed
2026-03-24,SQ935,SIA935,Singapore Airlines,Singapore,SIN,WSSS,10:30,02:30,10:40,10min late,12:51,18min early,2h 11m,Landed
2026-03-24,8G182,DTL182,Mid Africa Aviation,Dili,DIL,WPDL,10:35,02:35,10:45,10min late,13:26,3min early,1h 40m,Landed
2026-03-24,JT924,LNI924,Lion Air,Kupang,KOE,WATT,10:35,02:35,11:08,33min late,12:36,11min late,1h 27m,Landed
2026-03-24,JT805,LNI805,Lion Air,Surabaya,SUB,WARR,10:35,02:35,10:47,12min late,12:25,50min late,2h 37m,Landed
2026-03-24,TR281,TGW281,Scoot,Singapore,SIN,WSSS,11:10,03:10,11:31,21min late,13:45,4min early,2h 13m,Landed
2026-03-24,IW1856,WON1856,Wings Air,Lombok,LOP,WADL,11:10,03:10,12:10,0min late,12:39,39min late,29m,Landed
2026-03-24,QG197,CTV197,Citilink,Jakarta,HLP,WIHH,11:10,03:10,11:13,3min late,11:48,11min early,1h 34m,Landed
2026-03-24,JQ40,JST040,Jetstar Airways,Sydney,SYD,YSSY,11:15,03:15,11:20,5min late,20:01,13min early,5h 41m,Landed
2026-03-24,QZ813,AWQ813,Indonesia AirAsia,Jakarta,CGK,WIII,11:20,03:20,11:49,29min late,12:17,2min late,1h 27m,Landed
2026-03-24,6E1606,IGO1606,IndiGo,Bangalore,BLR,VOBL,11:30,03:30,11:25,4min early,15:14,20min early,6h 18m,Landed
2026-03-24,JQ32,JST032,Jetstar Airways,Melbourne,MEL,YMML,11:30,03:30,11:34,4min late,20:01,8min early,5h 27m,Landed
2026-03-24,OD172,MXD172,Malindo Air,Kuala Lumpur,KUL,WMKK,11:35,03:35,12:38,3min late,15:23,38min late,2h 45m,Landed
2026-03-24,VA9932,VOZ9932,Virgin Australia,Melbourne,MEL,YMML,11:40,03:40,12:41,1min late,21:10,50min late,5h 28m,Landed
2026-03-24,IW1964,WON1964,Wings Air,Lombok,LOP,WADL,11:40,03:40,12:19,39min late,12:49,19min late,30m,Landed
2026-03-24,JQ109,JST109,Jetstar Airways,Perth,PER,YPPH,11:45,03:45,11:44,on time,14:59,35min early,3h 15m,Landed
2026-03-24,ID6331,BTK6331,Batik Air,Labuan Bajo,LBJ,WATO,11:45,03:45,11:52,7min late,12:45,14min early,53m,Landed
2026-03-24,IW1850,WON1850,Wings Air,Lombok,LOP,WADL,11:50,03:50,12:22,32min late,12:53,13min late,30m,Landed
2026-03-24,QZ618,AWQ618,Indonesia AirAsia,Banjarmasin,BDJ,WAOO,11:55,03:55,15:19,24min late,16:20,45min late,1h 0m,Landed
2026-03-24,GA407,GIA407,Garuda Indonesia,Jakarta,CGK,WIII,11:55,03:55,12:06,11min late,12:39,15min early,1h 32m,Landed
2026-03-24,JT31,LNI031,Lion Air,Jakarta,CGK,WIII,11:55,03:55,12:16,21min late,12:44,5min early,1h 28m,Landed
2026-03-24,FD397,AIQ397,Thai AirAsia,Bangkok,DMK,VTBD,12:00,04:00,12:35,35min late,15:40,20min late,4h 4m,Landed
2026-03-24,GA253,GIA253,Garuda Indonesia,Yogyakarta,YIA,WAHI,12:05,04:05,12:48,43min late,12:54,on time,1h 5m,Landed
2026-03-24,SQ937,SIA937,Singapore Airlines,Singapore,SIN,WSSS,12:05,04:05,12:44,39min late,14:58,3min late,2h 13m,Landed
2026-03-24,OD192,MXD192,Malindo Air,Kuala Lumpur,KUL,WMKK,12:10,04:10,12:29,19min late,15:10,9min early,2h 41m,Landed
2026-03-24,OD178,MXD178,Malindo Air,Kuala Lumpur,KUL,WMKK,12:15,04:15,12:18,3min late,14:54,30min early,2h 36m,Landed
2026-03-24,QG697,CTV697,Citilink,Surabaya,SUB,WARR,12:20,04:20,12:40,20min late,12:18,11min early,37m,Landed
2026-03-24,8B5254,TNU5254,Business Air,Lombok,LOP,WADL,12:40,04:40,12:59,19min late,14:58,38min late,1h 59m,Landed
2026-03-24,IP103,PAS103,Pelita Air Service,Jakarta,CGK,WIII,12:45,04:45,12:50,5min late,13:22,12min early,1h 31m,Landed
2026-03-24,QZ422,AWQ422,Indonesia AirAsia,Adelaide,ADL,YPAD,12:55,04:55,12:55,on time,20:25,,5h 0m,Landed
2026-03-24,SQ939,SIA939,Singapore Airlines,Singapore,SIN,WSSS,13:00,05:00,13:09,9min late,15:24,25min early,2h 14m,Landed
2026-03-24,AK365,AXM365,AirAsia,Kuala Lumpur,KUL,WMKK,13:05,05:05,13:18,13min late,16:05,4min early,2h 47m,Landed
2026-03-24,MH714,MAS714,Malaysia Airlines,Kuala Lumpur,KUL,WMKK,13:10,05:10,13:27,17min late,16:13,8min late,2h 45m,Landed
2026-03-24,JT35,LNI035,Lion Air,Jakarta,CGK,WIII,13:15,05:15,13:52,37min late,14:18,8min late,1h 25m,Landed
2026-03-24,GA409,GIA409,Garuda Indonesia,Jakarta,CGK,WIII,13:25,05:25,14:04,39min late,14:32,7min late,1h 28m,Landed
2026-03-24,JT660,LNI660,Lion Air,Balikpapan,BPN,WALL,13:30,05:30,13:41,11min late,15:01,14min early,1h 19m,Landed
2026-03-24,JQ58,JST058,Jetstar Airways,Brisbane,BNE,YBBN,13:30,05:30,13:37,7min late,21:08,16min early,5h 30m,Landed
2026-03-24,QZ811,AWQ811,Indonesia AirAsia,Jakarta,CGK,WIII,13:40,05:40,14:36,56min late,15:05,35min late,1h 28m,Landed
2026-03-24,ID6509,BTK6509,Batik Air,Jakarta,CGK,WIII,13:45,05:45,13:56,11min late,14:21,18min early,1h 24m,Landed
2026-03-24,8B5107,TNU5107,TransNusa,Jakarta,CGK,WIII,13:50,05:50,14:20,30min late,14:47,12min late,1h 26m,Landed
2026-03-24,JT919,LNI919,Lion Air,Surabaya,SUB,WARR,13:55,05:55,14:40,45min late,14:19,24min late,39m,Landed
2026-03-24,QG687,CTV687,Citilink,Jakarta,CGK,WIII,14:00,06:00,13:58,1min early,14:43,16min early,1h 44m,Landed
2026-03-24,8B82,TNU082,TransNusa,Perth,PER,YPPH,14:00,06:00,14:30,30min late,17:55,15min late,3h 24m,Landed
2026-03-24,QZ544,AWQ544,Indonesia AirAsia,Perth,PER,YPPH,14:00,06:00,14:22,22min late,17:41,8min early,3h 18m,Landed
2026-03-24,6E1612,IGO1612,IndiGo,Bhubaneswar,BBI,VEBS,14:00,06:00,14:26,26min late,17:51,11min late,5h 55m,Landed
2026-03-24,QG342,CTV342,Citilink,Makassar,UPG,WAAA,14:00,06:00,14:17,17min late,15:48,18min late,1h 30m,Landed
2026-03-24,VJ894,VJC894,VietJet Air,Ho Chi Minh City,SGN,VVTS,14:05,06:05,14:15,10min late,16:45,19min early,3h 30m,Landed
2026-03-24,IU130,SJV130,SW Italia,Semarang,SRG,WIIS,14:15,06:15,14:43,28min late,14:59,24min late,1h 15m,Landed
2026-03-24,ID6517,BTK6517,Batik Air,Jakarta,CGK,WIII,14:15,06:15,15:33,18min late,15:57,47min late,1h 24m,Landed
2026-03-24,IU2133,SJV2133,SW Italia,Semarang,SRG,WIIS,14:20,06:20,14:38,18min late,14:36,3min early,57m,Landed
2026-03-24,ID7308,BTK7308,Batik Air,Jakarta,HLP,WIHH,14:20,06:20,15:04,44min late,15:26,16min late,1h 21m,Landed
2026-03-24,QZ246,AWQ246,Indonesia AirAsia,Phuket,HKT,VTSP,14:25,06:25,15:28,3min late,17:57,42min late,3h 29m,Landed
2026-03-24,QZ556,AWQ556,Indonesia AirAsia,Kuala Lumpur,KUL,WMKK,14:30,06:30,18:30,0min late,21:20,50min late,2h 49m,Landed
2026-03-24,TR289,TGW289,Scoot,Singapore,SIN,WSSS,14:35,06:35,15:38,3min late,18:04,34min late,2h 25m,Landed
2026-03-24,JQ88,JST088,Jetstar Airways,Singapore,SIN,WSSS,14:50,06:50,14:53,3min late,17:14,40min early,2h 20m,Landed
2026-03-24,OD307,MXD307,Malindo Air,Kuala Lumpur,KUL,WMKK,14:50,06:50,15:01,11min late,17:43,11min early,2h 41m,Landed
2026-03-24,JQ44,JST044,Jetstar Airways,Melbourne,MEL,YMML,14:55,06:55,15:05,10min late,23:12,22min early,5h 6m,Landed
2026-03-24,VA48,VOZ048,Virgin Australia,Brisbane,BNE,YBBN,15:00,07:00,15:09,9min late,22:39,15min early,5h 29m,Landed
2026-03-24,QG681,CTV681,Citilink,Jakarta,CGK,WIII,15:00,07:00,15:13,13min late,15:38,21min early,1h 25m,Landed
2026-03-24,IU120,SJV120,SW Italia,Yogyakarta,YIA,WAHI,15:00,07:00,15:24,24min late,15:30,on time,1h 5m,Landed
2026-03-24,JT844,LNI844,Lion Air,Banjarmasin,BDJ,WAOO,15:00,07:00,15:20,20min late,16:26,3min early,1h 5m,Landed
2026-03-24,QZ821,AWQ821,Indonesia AirAsia,Jakarta,CGK,WIII,15:05,07:05,18:37,32min late,19:06,6min late,1h 29m,Landed
2026-03-24,GA842,GIA842,Garuda Indonesia,Singapore,SIN,WSSS,15:15,07:15,15:31,16min late,18:02,2min late,2h 30m,Landed
2026-03-24,AK377,AXM377,AirAsia,Kuala Lumpur,KUL,WMKK,15:25,07:25,16:27,2min late,19:07,42min late,2h 39m,Landed
2026-03-24,JT740,LNI740,Lion Air,Makassar,UPG,WAAA,15:30,07:30,16:14,44min late,17:12,17min late,57m,Landed
2026-03-24,VJ898,VJC898,VietJet Air,Ho Chi Minh City,SGN,VVTS,15:35,07:35,15:36,1min late,18:00,24min early,3h 24m,Landed
2026-03-24,GA411,GIA411,Garuda Indonesia,Jakarta,CGK,WIII,15:35,07:35,15:41,6min late,16:11,28min early,1h 30m,Landed
2026-03-24,IU2128,SJV2128,SW Italia,Surakarta,SOC,WAHQ,15:35,07:35,18:51,16min late,20:40,45min late,2h 48m,Landed
2026-03-24,CI772,CAL772,China Airlines,Taipei,TPE,RCTP,15:45,07:45,16:04,19min late,20:51,13min early,4h 46m,Landed
2026-03-24,VA92,VOZ092,Virgin Australia,Melbourne,MEL,YMML,15:50,07:50,15:59,9min late,00:17,12min early,5h 17m,Landed
2026-03-24,8B5256,TNU5256,TransNusa,Lombok,LOP,WADL,15:55,07:55,16:08,13min late,16:34,15min early,26m,Landed
2026-03-24,IP109,PAS109,Pelita Air Service,Jakarta,CGK,WIII,16:00,08:00,16:17,17min late,16:48,1min early,1h 31m,Landed
2026-03-24,QG661,CTV661,Citilink,Jakarta,CGK,WIII,16:00,08:00,16:33,33min late,17:06,6min late,1h 33m,Landed
2026-03-24,QZ536,AWQ536,Indonesia AirAsia,Perth,PER,YPPH,16:00,08:00,16:38,38min late,20:17,32min late,3h 39m,Landed
2026-03-24,VN640,HVN640,Vietnam Airlines,Ho Chi Minh City,SGN,VVTS,16:05,08:05,15:47,17min early,18:12,42min early,3h 25m,Landed
2026-03-24,QG669,CTV669,Citilink,Surabaya,SUB,WARR,16:10,08:10,16:25,15min late,16:00,19min early,35m,Landed
2026-03-24,TG432,THA432,Thai Airways International,Bangkok,BKK,VTBS,16:10,08:10,16:23,13min late,19:00,24min early,3h 37m,Landed
2026-03-24,CX784,CPA784,Cathay Pacific,Hong Kong,HKG,VHHH,16:20,08:20,16:36,16min late,20:49,35min early,4h 12m,Landed
2026-03-24,MH850,MAS850,Malaysia Airlines,Kuala Lumpur,KUL,WMKK,16:25,08:25,16:41,16min late,19:22,12min early,2h 41m,Landed
2026-03-24,IW1852,WON1852,Wings Air,Lombok,LOP,WADL,16:30,08:30,17:17,47min late,17:46,26min late,28m,Landed
2026-03-24,JT744,LNI744,Lion Air,Makassar,UPG,WAAA,16:40,08:40,16:53,13min late,17:52,12min early,58m,Landed
2026-03-24,BR256,EVA256,EVA Airways,Taipei,TPE,RCTP,16:40,08:40,17:00,20min late,21:50,5min late,4h 50m,Landed
2026-03-24,GA349,GIA349,Garuda Indonesia,Surabaya,SUB,WARR,16:55,08:55,17:27,32min late,17:04,5min early,36m,Landed
2026-03-24,ID6335,BTK6335,Batik Air,Labuan Bajo,LBJ,WATO,17:00,09:00,17:20,20min late,19:58,43min late,2h 38m,Landed
2026-03-24,JT25,,Lion Air,Jakarta,CGK,WIII,17:15,09:15,17:29,14min late,17:55,14min early,1h 26m,Landed
2026-03-24,VJ998,VJC998,VietJet Air,Hanoi,HAN,VVNB,17:25,09:25,17:29,4min late,02:44,9min late,10h 14m,Landed
2026-03-24,HO1356,DKH1356,Juneyao Airlines,Shanghai,PVG,ZSPD,17:25,09:25,17:40,15min late,23:23,26min early,5h 42m,Landed
2026-03-24,GA419,GIA419,Garuda Indonesia,Jakarta,CGK,WIII,17:25,09:25,17:44,19min late,18:36,11min late,1h 52m,Landed
2026-03-24,JT33,LNI033,Lion Air,Jakarta,CGK,WIII,17:32,09:32,17:32,on time,18:01,1min late,1h 28m,Landed
2026-03-24,TR211,TGW211,Scoot,Singapore,SIN,WSSS,17:35,09:35,18:11,36min late,20:31,14min early,2h 19m,Landed
2026-03-24,IP107,PAS107,Pelita Air Service,Jakarta,CGK,WIII,17:40,09:40,17:49,9min late,18:25,4min early,1h 35m,Landed
2026-03-24,IU759,SJV759,SW Italia,Jakarta,CGK,WIII,17:40,09:40,19:52,12min late,20:20,45min late,1h 27m,Landed
2026-03-24,JT3919,LNI3919,Lion Air,Surabaya,SUB,WARR,17:55,09:55,19:02,7min late,18:42,47min late,39m,Landed
2026-03-24,IU126,SJV126,SW Italia,Surakarta,SOC,WAHQ,18:10,10:10,19:11,1min late,19:15,45min late,1h 4m,Landed
2026-03-24,OD193,MXD193,Malindo Air,Perth,PER,YPPH,18:10,10:10,18:38,28min late,21:55,10min late,3h 17m,Landed
2026-03-24,IN281,LKN281,NAM Air,Jakarta,CGK,WIII,18:30,10:30,23:55,25min late,00:23,13min late,1h 28m,Landed
2026-03-24,IP111,PAS111,Pelita Air Service,Jakarta,CGK,WIII,18:35,10:35,18:57,22min late,19:30,5min late,1h 33m,Landed
2026-03-24,JT3027,,Lion Air,Jakarta,CGK,WIII,18:40,10:40,,,,,1h 55m,
2026-03-24,GA417,GIA417,Garuda Indonesia,Jakarta,CGK,WIII,18:40,10:40,18:55,15min late,19:29,10min early,1h 34m,Landed
2026-03-24,QZ504,AWQ504,Indonesia AirAsia,Singapore,SIN,WSSS,18:40,10:40,20:47,7min late,23:18,58min late,2h 31m,Landed
2026-03-24,ID6415,BTK6415,Batik Air,Surabaya,SUB,WARR,18:45,10:45,19:22,37min late,19:15,30min late,52m,Landed
2026-03-24,6E1608,IGO1608,IndiGo,Chennai,MAA,VOMM,18:50,10:50,18:48,1min early,22:08,21min early,5h 50m,Landed
2026-03-24,8B5258,TNU5258,TransNusa,Lombok,LOP,WADL,18:55,10:55,19:07,12min late,19:33,1min early,26m,Landed
2026-03-24,TG440,THA440,Thai Airways International,Bangkok,BKK,VTBS,19:00,11:00,19:15,15min late,22:17,2min late,4h 1m,Landed
2026-03-24,AK379,AXM379,AirAsia,Kuala Lumpur,KUL,WMKK,19:15,11:15,19:33,18min late,22:19,on time,2h 45m,Landed
2026-03-24,QZ809,AWQ809,Indonesia AirAsia,Jakarta,CGK,WIII,19:15,11:15,20:09,54min late,20:37,22min late,1h 27m,Landed
2026-03-24,IU2122,SJV2122,SW Italia,Yogyakarta,YIA,WAHI,19:15,11:15,20:56,41min late,21:01,16min late,1h 4m,Landed
2026-03-24,MH852,MAS852,Malaysia Airlines,Kuala Lumpur,KUL,WMKK,19:15,11:15,19:30,15min late,22:18,3min late,2h 48m,Landed
2026-03-24,ID7310,BTK7310,Batik Air,Jakarta,HLP,WIHH,19:25,11:25,19:49,24min late,20:18,3min late,1h 29m,Landed
2026-03-24,QG689,CTV689,Citilink,Jakarta,CGK,WIII,19:30,11:30,20:42,12min late,21:16,46min late,1h 33m,Landed
2026-03-24,QG699,CTV699,Citilink,Surabaya,SUB,WARR,19:30,11:30,19:36,6min late,19:37,2min early,1h 1m,Landed
2026-03-24,IU743,SJV743,SW Italia,Jakarta,CGK,WIII,19:35,11:35,22:46,11min late,23:12,42min late,1h 25m,Landed
2026-03-24,JT923,LNI923,Lion Air,Surabaya,SUB,WARR,19:45,11:45,20:54,9min late,20:45,0min late,50m,Landed
2026-03-24,8B969,TNU969,TransNusa,Guangzhou,CAN,ZGGG,19:45,11:45,19:43,1min early,00:30,34min early,4h 47m,Landed
2026-03-24,IU133,SJV133,SW Italia,Semarang,SRG,WIIS,19:50,11:50,20:21,31min late,20:18,8min late,56m,Landed
2026-03-24,EK369,UAE369,Emirates,Dubai,DXB,OMDB,19:50,11:50,20:03,13min late,01:01,8min early,8h 58m,Landed
2026-03-24,TR283,TGW283,Scoot,Singapore,SIN,WSSS,20:05,12:05,20:11,6min late,22:26,14min early,2h 14m,Landed
2026-03-24,QZ410,AWQ410,Indonesia AirAsia,Melbourne,MEL,YMML,20:10,12:10,20:32,22min late,05:17,17min late,5h 44m,Landed
2026-03-24,QG195,CTV195,Citilink,Jakarta,HLP,WIHH,20:10,12:10,20:53,43min late,21:26,21min late,1h 32m,Landed
2026-03-24,SQ945,SIA945,Singapore Airlines,Singapore,SIN,WSSS,20:15,12:15,20:26,11min late,22:38,16min early,2h 11m,Landed
2026-03-24,IU703,SJV703,SW Italia,Surabaya,SUB,WARR,20:17,12:17,20:20,2min late,20:10,2min late,50m,Landed
2026-03-24,GA718,GIA718,Garuda Indonesia,Melbourne,MEL,YMML,20:20,12:20,20:38,18min late,04:56,3min early,5h 18m,Landed
2026-03-24,JQ34,JST034,Jetstar Airways,Melbourne,MEL,YMML,20:20,12:20,20:36,16min late,04:47,7min early,5h 11m,Landed
2026-03-24,ID6413,BTK6413,Batik Air,Surabaya,SUB,WARR,20:30,12:30,20:50,20min late,20:31,1min late,41m,Landed
2026-03-24,GA415,GIA415,Garuda Indonesia,Jakarta,CGK,WIII,20:45,12:45,21:32,47min late,22:00,15min late,1h 28m,Landed
2026-03-24,OD177,MXD177,Malindo Air,Melbourne,MEL,YMML,20:55,12:55,21:28,33min late,06:33,53min late,6h 5m,Landed
2026-03-24,AK375,AXM375,AirAsia,Kuala Lumpur,KUL,WMKK,21:05,13:05,21:47,42min late,00:27,17min late,2h 39m,Landed
2026-03-24,QG667,CTV667,Citilink,Jakarta,CGK,WIII,21:10,13:10,21:49,39min late,22:20,10min late,1h 30m,Landed
2026-03-24,OD171,MXD171,Malindo Air,Sydney,SYD,YSSY,21:10,13:10,17:27,42min early,06:33,18min late,10h 5m,Landed
2026-03-24,TK67,THY067,Turkish Airlines,Istanbul,IST,LTFM,21:10,13:10,21:11,1min late,05:06,33min early,12h 54m,Landed
2026-03-24,JT11,,Lion Air,Jakarta,CGK,WIII,21:15,13:15,21:15,,00:02,52min late,3h 47m,Landed
2026-03-24,QZ807,AWQ807,Indonesia AirAsia,Jakarta,CGK,WIII,21:20,13:20,21:58,38min late,22:23,3min late,1h 25m,Landed
2026-03-24,QF44,QFA044,Qantas,Sydney,SYD,YSSY,21:20,13:20,21:16,3min early,06:00,14min early,5h 43m,Landed
2026-03-24,ID6760,BTK6760,Batik Air,Makassar,UPG,WAAA,21:30,13:30,21:54,24min late,11:20,25min late,13h 25m,Landed
2026-03-24,JQ60,JST060,Jetstar Airways,Brisbane,BNE,YBBN,21:30,13:30,21:38,8min late,05:08,11min early,5h 29m,Landed
2026-03-24,SJ273,SJY273,Sriwijaya Air,Jakarta,CGK,WIII,21:35,13:35,00:20,45min late,00:51,23min early,,Landed
2026-03-24,QZ819,AWQ819,Indonesia AirAsia,Jakarta,CGK,WIII,21:35,13:35,00:16,41min late,00:42,17min late,1h 26m,Landed
2026-03-24,KL836,KLM836,KLM Royal Dutch Airlines,Singapore,SIN,WSSS,21:40,13:40,22:11,31min late,00:23,13min late,2h 12m,Landed
2026-03-24,SQ947,SIA947,Singapore Airlines,Singapore,SIN,WSSS,21:40,13:40,21:42,2min late,00:10,9min early,2h 28m,Landed
2026-03-24,GA425,GIA425,Garuda Indonesia,Jakarta,CGK,WIII,21:40,13:40,22:04,24min late,22:35,9min early,1h 30m,Landed
2026-03-24,JQ117,JST117,Jetstar Airways,Perth,PER,YPPH,21:45,13:45,22:01,16min late,01:11,3min early,3h 9m,Landed
2026-03-24,TK311,THY311,Turkish Airlines,Istanbul,IST,LTFM,22:00,14:00,22:13,13min late,06:05,19min early,12h 52m,Landed
2026-03-24,OD157,MXD157,Malindo Air,Brisbane,BNE,YBBN,22:10,14:10,22:17,7min late,05:50,9min early,5h 33m,Landed
2026-03-24,JQ38,JST038,Jetstar Airways,Sydney,SYD,YSSY,22:20,14:20,22:29,9min late,07:05,24min early,5h 35m,Landed
2026-03-24,JT15,LNI015,Lion Air,Jakarta,CGK,WIII,22:45,14:45,23:12,27min late,23:40,on time,1h 28m,Landed
2026-03-24,JQ128,JST128,Jetstar Airways,Adelaide,ADL,YPAD,22:50,14:50,23:00,10min late,06:00,14min early,4h 30m,Landed
2026-03-24,7C2712,JJA2712,Jeju Air,Seoul,ICN,RKSI,23:05,15:05,23:10,5min late,06:45,24min early,6h 34m,Landed
2026-03-24,3U3986,CSC3986,Sichuan Airlines,Lujia Town,TFU,ZUTF,23:10,15:10,23:26,16min late,05:23,31min early,5h 57m,Landed
2026-03-24,8B5109,TNU5109,TransNusa,Jakarta,CGK,WIII,23:10,15:10,23:15,5min late,23:42,7min early,1h 27m,Landed
2026-03-24,QG9695,CTV9695,Citilink,Surabaya,SUB,WARR,23:20,15:20,23:23,3min late,23:07,22min early,43m,Landed
2026-03-24,JQ42,JST042,Jetstar Airways,Melbourne,MEL,YMML,23:40,15:40,23:40,on time,08:01,28min early,5h 21m,Landed
2026-03-24,QZ420,AWQ420,Indonesia AirAsia,Adelaide,ADL,YPAD,23:45,15:45,23:48,3min late,06:57,27min early,4h 39m,Landed
2026-03-24,QZ943,AWQ943,Indonesia AirAsia,Jakarta,CGK,WIII,23:45,15:45,00:55,10min late,01:23,38min late,1h 27m,Landed
2026-03-24,KE432,KAL432,Korean Air Lines,Seoul,ICN,RKSI,23:50,15:50,00:06,16min late,07:31,13min early,6h 25m,Landed
2026-03-24,QG9687,CTV9687,Citilink,Jakarta,CGK,WIII,23:55,15:55,00:08,13min late,00:41,13min early,1h 33m,Landed
2026-03-25,BX602,ABL602,Air Busan,Busan,PUS,RKPK,00:05,16:05,00:14,9min late,07:25,4min early,6h 10m,Landed
2026-03-25,QZ548,AWQ548,Indonesia AirAsia,Perth,PER,YPPH,00:15,16:15,00:22,7min late,03:38,16min early,3h 15m,Landed
2026-03-25,8B84,TNU084,Business Air,Perth,PER,YPPH,00:20,16:20,00:20,on time,04:04,on time,3h 44m,Landed
2026-03-25,QZ941,AWQ941,Indonesia AirAsia,Jakarta,CGK,WIII,00:25,16:25,01:15,50min late,01:42,17min late,1h 27m,Landed
2026-03-25,EK399,UAE399,Emirates,Dubai,DXB,OMDB,00:25,16:25,00:27,2min late,05:29,16min early,9h 1m,Landed
2026-03-25,MF892,CXA892,Xiamen Airlines,Xiamen,XMN,ZSAM,00:30,16:30,00:40,10min late,09:45,40min late,9h 4m,Landed
2026-03-25,CZ626,CSN626,China Southern Airlines,Guangzhou,CAN,ZGGG,00:40,16:40,00:38,1min early,05:15,34min early,4h 37m,Landed
2026-03-25,GA880,GIA880,Garuda Indonesia,Tokyo,NRT,RJAA,00:50,16:50,01:06,16min late,08:45,4min early,6h 38m,Landed
2026-03-25,JQ87,JST087,Jetstar Airways,Sunshine Coast,MCY,YBSU,00:55,16:55,00:40,14min early,08:15,19min early,5h 34m,Landed
2026-03-25,MU5030,CES5030,China Eastern Airlines,Shanghai,PVG,ZSPD,00:55,16:55,00:54,on time,06:53,16min early,5h 59m,Landed
2026-03-25,KE434,KAL434,Korean Air Lines,Seoul,ICN,RKSI,01:05,17:05,01:33,28min late,08:55,4min early,6h 22m,Landed
2026-03-25,PR538,PAL538,Philippine Airlines,Manila,MNL,RPLL,01:10,17:10,01:13,3min late,04:46,23min early,3h 32m,Landed
2026-03-25,8B5888,,TransNusa,Manado,MDC,WAMM,01:30,17:30,,,,,2h 45m,
2026-03-25,QR961,,Qatar Airways,Doha,DOH,OTHH,06:40,22:40,,,,,10h 0m,Cancelled
2026-03-25,GA401,GIA401,Garuda Indonesia,Jakarta,CGK,WIII,07:00,23:00,07:01,1min late,07:32,27min early,1h 30m,Landed
2026-03-25,QZ534,AWQ534,Indonesia AirAsia,Perth,PER,YPPH,07:00,23:00,07:08,8min late,10:32,17min early,3h 24m,Landed
2026-03-25,IU705,SJV705,SW Italia,Surabaya,SUB,WARR,07:00,23:00,07:15,15min late,06:48,12min early,33m,Landed
2026-03-25,JT746,LNI746,Lion Air,Makassar,UPG,WAAA,07:00,23:00,07:20,20min late,08:23,1min early,1h 3m,Landed
2026-03-25,QG690,CTV690,Citilink,Surabaya,SUB,WARR,07:05,23:05,07:05,on time,06:48,21min early,42m,Landed
2026-03-25,QZ550,AWQ550,Indonesia AirAsia,Kuala Lumpur,KUL,WMKK,07:15,23:15,07:11,3min early,09:52,17min early,2h 41m,Landed
2026-03-25,SQ949,SIA949,Singapore Airlines,Singapore,SIN,WSSS,07:20,23:20,07:32,12min late,09:52,7min early,2h 20m,Landed
2026-03-25,8B5250,TNU5250,TransNusa,Lombok,LOP,WADL,07:30,23:30,07:17,12min early,07:39,15min early,22m,Landed
2026-03-25,8B551,TNU551,Business Air,Singapore,SIN,WSSS,07:30,23:30,07:30,on time,09:48,6min early,2h 18m,Landed
2026-03-25,QZ644,AWQ644,Indonesia AirAsia,Labuan Bajo,LBJ,WATO,07:40,23:40,07:33,6min early,10:16,21min late,2h 42m,Landed
2026-03-25,ID6333,BTK6333,Batik Air,Labuan Bajo,LBJ,WATO,07:55,23:55,08:16,21min late,09:09,on time,52m,Landed
2026-03-25,IW1858,WON1858,Wings Air,Lombok,LOP,WADL,08:05,00:05,08:23,18min late,08:53,1min early,30m,Landed
2026-03-25,QG691,CTV691,Citilink,Surabaya,SUB,WARR,08:05,00:05,07:52,13min early,07:42,32min early,50m,Landed
2026-03-25,JT21,LNI021,Lion Air,Jakarta,CGK,WIII,08:05,00:05,14:06,1min late,14:30,30min late,1h 24m,Landed
2026-03-25,HX706,CRK706,Hong Kong Airlines,Hong Kong,HKG,VHHH,08:15,00:15,12:58,43min late,20:53,38min late,7h 55m,Landed
2026-03-25,CZ8482,CSN8482,China Southern Airlines,Guangzhou,CAN,ZGGG,08:35,00:35,12:59,24min late,13:17,37min early,18m,Landed
2026-03-25,5J280,CEB280,CEBU Pacific Air,Manila,MNL,RPLL,08:35,00:35,08:55,20min late,12:43,6min early,3h 48m,Landed
2026-03-25,IW1854,WON1854,Wings Air,Lombok,LOP,WADL,08:45,00:45,09:30,45min late,09:59,24min late,29m,Landed
2026-03-25,QG500,CTV500,Citilink,Dili,DIL,WPDL,08:50,00:50,08:58,8min late,11:42,12min early,1h 44m,Landed
2026-03-25,IW1882,WON1882,Wings Air,Sumbawa Besar,SWQ,WADS,08:55,00:55,09:19,24min late,10:00,on time,40m,Landed
2026-03-25,SJ740,,Sriwijaya Air,Waingapu,WGP,WADW,09:10,01:10,09:10,,10:30,,1h 20m,Landed
2026-03-25,IN640,LKN640,NAM Air,Tambolaka,TMC,WADT,09:10,01:10,09:37,27min late,10:21,11min late,43m,Landed
2026-03-25,8B5105,TNU5105,TransNusa,Jakarta,CGK,WIII,09:15,01:15,09:23,8min late,09:46,13min early,1h 23m,Landed
2026-03-25,IW1848,WON1848,Wings Air,Lombok,LOP,WADL,09:25,01:25,10:09,44min late,10:40,25min late,30m,Landed
2026-03-25,ID6007,BTK6007,Batik Air,Perth,PER,YPPH,09:30,01:30,09:39,9min late,13:32,17min late,3h 52m,Landed
2026-03-25,QG663,CTV663,Citilink,Jakarta,CGK,WIII,09:35,01:35,09:47,12min late,10:19,15min early,1h 32m,Landed
2026-03-25,8B5634,TNU5634,TransNusa,Bima,BMU,WADB,09:35,01:35,09:57,22min late,10:43,8min late,45m,Landed
2026-03-25,8B80,TNU080,TransNusa,Perth,PER,YPPH,09:40,01:40,09:27,12min early,13:17,7min early,3h 50m,Landed
2026-03-25,QZ803,AWQ803,Indonesia AirAsia,Jakarta,CGK,WIII,09:40,01:40,10:02,22min late,10:26,3min early,1h 24m,Landed
2026-03-25,ID6324,BTK6324,Batik Air,Tambolaka,TMC,WADT,09:40,01:40,09:50,10min late,10:41,13min early,50m,Landed
2026-03-25,IU122,SJV122,SW Italia,Yogyakarta,YIA,WAHI,10:00,02:00,10:13,13min late,10:17,12min early,1h 3m,Landed
2026-03-25,IU128,SJV128,SW Italia,Surakarta,SOC,WAHQ,10:00,02:00,10:06,6min late,12:02,42min late,2h 56m,Landed
2026-03-25,SU297,AFL297,Aeroflot,Moscow,SVO,UUEE,10:05,02:05,10:25,20min late,18:11,16min late,12h 46m,Landed
2026-03-25,JQ126,JST126,Jetstar Airways,Adelaide,ADL,YPAD,10:15,02:15,10:19,4min late,17:31,13min early,4h 42m,Landed
2026-03-25,8B5101,TNU5101,TransNusa,Jakarta,CGK,WIII,10:30,02:30,10:35,5min late,11:02,12min early,1h 26m,Landed
2026-03-25,SQ935,SIA935,Singapore Airlines,Singapore,SIN,WSSS,10:30,02:30,10:57,27min late,13:14,4min late,2h 16m,Landed
2026-03-25,8G182,DTL182,Mid Africa Aviation,Dili,DIL,WPDL,10:35,02:35,10:31,3min early,13:16,13min early,1h 45m,Landed
2026-03-25,JT33,LNI033,Lion Air,Jakarta,CGK,WIII,10:35,02:35,18:04,29min late,18:39,9min late,1h 34m,Landed
2026-03-25,JT924,LNI924,Lion Air,Kupang,KOE,WATT,10:35,02:35,10:48,13min late,12:16,8min early,1h 27m,Landed
2026-03-25,JT805,LNI805,Lion Air,Surabaya,SUB,WARR,10:35,02:35,12:42,7min late,12:20,45min late,38m,Landed
2026-03-25,QZ646,AWQ646,Indonesia AirAsia,Labuan Bajo,LBJ,WATO,11:00,03:00,11:21,21min late,12:20,,1h 20m,Landed
2026-03-25,IW1856,WON1856,Wings Air,Lombok,LOP,WADL,11:10,03:10,12:45,35min late,13:13,13min late,28m,Landed
2026-03-25,TR281,TGW281,Scoot,Singapore,SIN,WSSS,11:10,03:10,11:17,7min late,13:32,17min early,2h 14m,Landed
2026-03-25,QG197,CTV197,Citilink,Jakarta,HLP,WIHH,11:10,03:10,11:02,7min early,11:36,23min early,1h 34m,Landed
2026-03-25,JQ40,JST040,Jetstar Airways,Sydney,SYD,YSSY,11:15,03:15,11:33,18min late,20:20,5min late,5h 46m,Landed
2026-03-25,QZ813,AWQ813,Indonesia AirAsia,Jakarta,CGK,WIII,11:20,03:20,11:43,23min late,12:17,2min late,1h 34m,Landed
2026-03-25,6E1606,IGO1606,IndiGo,Bangalore,BLR,VOBL,11:30,03:30,11:37,7min late,15:20,14min early,6h 13m,Landed
2026-03-25,JQ32,JST032,Jetstar Airways,Melbourne,MEL,YMML,11:30,03:30,11:48,18min late,20:13,3min late,5h 25m,Landed
2026-03-25,QZ780,AWQ780,Indonesia AirAsia,Balikpapan,BPN,WALL,11:30,03:30,12:38,8min late,13:54,39min late,1h 16m,Landed
2026-03-25,OD172,MXD172,Malindo Air,Kuala Lumpur,KUL,WMKK,11:35,03:35,12:16,41min late,14:57,12min late,2h 40m,Landed
2026-03-25,IW1964,WON1964,Wings Air,Lombok,LOP,WADL,11:40,03:40,12:24,44min late,12:55,25min late,30m,Landed
2026-03-25,IW1902,WON1902,Wings Air,Jember,JBB,WARE,11:40,03:40,12:23,43min late,15:30,30min late,4h 7m,Landed
2026-03-25,JQ109,JST109,Jetstar Airways,Perth,PER,YPPH,11:45,03:45,11:49,4min late,15:14,20min early,3h 24m,Landed
2026-03-25,ID6331,BTK6331,Batik Air,Labuan Bajo,LBJ,WATO,11:45,03:45,12:01,16min late,13:00,on time,59m,Landed
2026-03-25,JT31,LNI031,Lion Air,Jakarta,CGK,WIII,11:55,03:55,12:28,33min late,12:57,7min late,1h 28m,Landed
2026-03-25,GA407,GIA407,Garuda Indonesia,Jakarta,CGK,WIII,11:55,03:55,12:13,18min late,12:43,11min early,1h 30m,Landed
2026-03-25,FD397,AIQ397,Thai AirAsia,Bangkok,DMK,VTBD,12:00,04:00,12:10,10min late,15:20,on time,4h 9m,Landed
2026-03-25,GA253,GIA253,Garuda Indonesia,Yogyakarta,YIA,WAHI,12:05,04:05,12:33,28min late,12:44,10min early,1h 11m,Landed
2026-03-25,SQ937,SIA937,Singapore Airlines,Singapore,SIN,WSSS,12:05,04:05,12:19,14min late,14:37,17min early,2h 17m,Landed
2026-03-25,SJ742,,Sriwijaya Air,Tambolaka,TMC,WADT,12:10,04:10,12:10,on time,13:10,,1h 0m,Landed
2026-03-25,OD192,MXD192,Malindo Air,Kuala Lumpur,KUL,WMKK,12:10,04:10,12:52,42min late,15:40,20min late,2h 48m,Landed
2026-03-25,OD178,MXD178,Malindo Air,Kuala Lumpur,KUL,WMKK,12:15,04:15,12:31,16min late,15:16,8min early,2h 44m,Landed
2026-03-25,QG697,CTV697,Citilink,Surabaya,SUB,WARR,12:20,04:20,12:34,14min late,12:28,1min early,53m,Landed
2026-03-25,8B5254,TNU5254,TransNusa,Lombok,LOP,WADL,12:40,04:40,13:11,31min late,13:35,15min late,24m,Landed
2026-03-25,QZ556,AWQ556,Indonesia AirAsia,Kuala Lumpur,KUL,WMKK,12:40,04:40,12:55,15min late,15:44,9min late,2h 49m,Landed
2026-03-25,OD158,MXD158,Malindo Air,Kuala Lumpur,KUL,WMKK,12:45,04:45,14:39,54min late,17:22,27min late,2h 42m,Landed
2026-03-25,IP103,PAS103,Pelita Air Service,Jakarta,CGK,WIII,12:45,04:45,12:59,14min late,13:31,3min early,1h 32m,Landed
2026-03-25,SQ939,SIA939,Singapore Airlines,Singapore,SIN,WSSS,13:00,05:00,13:04,4min late,15:24,25min early,2h 19m,Landed
2026-03-25,AK365,AXM365,AirAsia,Kuala Lumpur,KUL,WMKK,13:05,05:05,13:22,17min late,16:17,7min late,2h 55m,Landed
2026-03-25,MH714,MAS714,Malaysia Airlines,Kuala Lumpur,KUL,WMKK,13:10,05:10,13:15,5min late,16:04,on time,2h 49m,Landed
2026-03-25,JT35,LNI035,Lion Air,Jakarta,CGK,WIII,13:15,05:15,14:05,50min late,14:28,18min late,1h 22m,Landed
2026-03-25,GA409,GIA409,Garuda Indonesia,Jakarta,CGK,WIII,13:25,05:25,13:29,4min late,14:09,15min early,1h 40m,Landed
2026-03-25,JQ58,JST058,Jetstar Airways,Brisbane,BNE,YBBN,13:30,05:30,13:37,7min late,21:02,22min early,5h 25m,Landed
2026-03-25,JT660,LNI660,Lion Air,Balikpapan,BPN,WALL,13:30,05:30,13:49,19min late,15:15,on time,1h 26m,Landed
2026-03-25,QZ811,AWQ811,Indonesia AirAsia,Jakarta,CGK,WIII,13:40,05:40,14:26,46min late,14:56,26min late,1h 29m,Landed
2026-03-25,ID6509,BTK6509,Batik Air,Jakarta,CGK,WIII,13:45,05:45,14:15,30min late,14:47,7min late,1h 31m,Landed
2026-03-25,8B5107,TNU5107,TransNusa,Jakarta,CGK,WIII,13:50,05:50,14:24,34min late,14:51,16min late,1h 27m,Landed
2026-03-25,JT919,LNI919,Lion Air,Surabaya,SUB,WARR,13:55,05:55,16:45,50min late,16:23,28min late,37m,Landed
2026-03-25,QG687,CTV687,Citilink,Jakarta,CGK,WIII,14:00,06:00,14:10,10min late,14:42,17min early,1h 31m,Landed
2026-03-25,QZ544,AWQ544,Indonesia AirAsia,Perth,PER,YPPH,14:00,06:00,14:19,19min late,18:04,14min late,3h 44m,Landed
2026-03-25,6E1612,IGO1612,IndiGo,Bhubaneswar,BBI,VEBS,14:00,06:00,14:10,10min late,17:51,11min late,6h 10m,Landed
2026-03-25,QG342,CTV342,Citilink,Makassar,UPG,WAAA,14:00,06:00,14:31,31min late,15:52,22min late,1h 21m,Landed
2026-03-25,8B82,TNU082,TransNusa,Perth,PER,YPPH,14:00,06:00,14:29,29min late,18:07,27min late,3h 38m,Landed
2026-03-25,VJ894,VJC894,VietJet Air,Ho Chi Minh City,SGN,VVTS,14:05,06:05,13:59,5min early,16:23,41min early,3h 23m,Landed
2026-03-25,QZ480,AWQ480,Indonesia AirAsia,Da Nang,DAD,VVDN,14:15,06:15,15:20,5min late,18:13,18min late,3h 52m,Landed
2026-03-25,ID6517,BTK6517,Batik Air,Jakarta,CGK,WIII,14:15,06:15,15:24,9min late,15:58,48min late,1h 33m,Landed
2026-03-25,IU130,SJV130,SW Italia,Semarang,SRG,WIIS,14:15,06:15,14:31,16min late,14:34,on time,1h 3m,Landed
2026-03-25,IU2133,SJV2133,SW Italia,Semarang,SRG,WIIS,14:20,06:20,13:39,40min early,15:28,48min late,2h 49m,Landed
2026-03-25,ID7308,BTK7308,Batik Air,Jakarta,HLP,WIHH,14:20,06:20,14:58,38min late,15:23,13min late,1h 24m,Landed
2026-03-25,QZ506,AWQ506,Indonesia AirAsia,Singapore,SIN,WSSS,14:25,06:25,15:33,8min late,18:07,47min late,2h 34m,Landed
2026-03-25,OD307,MXD307,Malindo Air,Kuala Lumpur,KUL,WMKK,14:50,06:50,15:03,13min late,17:43,11min early,2h 39m,Landed
2026-03-25,JQ44,JST044,Jetstar Airways,Melbourne,MEL,YMML,14:55,06:55,15:44,49min late,00:09,34min late,5h 24m,Landed
2026-03-25,JT844,LNI844,Lion Air,Banjarmasin,BDJ,WAOO,15:00,07:00,16:48,48min late,17:47,17min late,58m,Landed
2026-03-25,VA48,VOZ048,Virgin Australia,Brisbane,BNE,YBBN,15:00,07:00,15:18,18min late,22:55,on time,5h 36m,Landed
2026-03-25,QG681,CTV681,Citilink,Jakarta,CGK,WIII,15:00,07:00,15:11,11min late,15:49,10min early,1h 37m,Landed
2026-03-25,IU120,SJV120,SW Italia,Yogyakarta,YIA,WAHI,15:00,07:00,16:27,27min late,16:31,1min late,1h 3m,Landed
2026-03-25,AI2148,AIC2148,Air India,Delhi,DEL,VIDP,15:10,07:10,15:07,2min early,20:05,on time,7h 28m,Landed
2026-03-25,GA842,GIA842,Garuda Indonesia,Singapore,SIN,WSSS,15:15,07:15,15:15,on time,17:38,21min early,2h 23m,Landed
2026-03-25,JQ86,JST086,Jetstar Airways,Singapore,SIN,WSSS,15:20,07:20,15:37,17min late,18:05,10min late,2h 27m,Landed
2026-03-25,AK377,AXM377,AirAsia,Kuala Lumpur,KUL,WMKK,15:25,07:25,17:36,11min late,20:18,53min late,2h 41m,Landed
2026-03-25,JT740,LNI740,Lion Air,Makassar,UPG,WAAA,15:30,07:30,15:50,20min late,00:18,23min late,8h 27m,Landed
2026-03-25,IU2128,SJV2128,SW Italia,Surakarta,SOC,WAHQ,15:35,07:35,17:46,11min late,19:18,23min late,2h 32m,Landed
2026-03-25,GA411,GIA411,Garuda Indonesia,Jakarta,CGK,WIII,15:35,07:35,16:08,33min late,16:42,2min late,1h 34m,Landed
2026-03-25,VJ898,VJC898,VietJet Air,Ho Chi Minh City,SGN,VVTS,15:35,07:35,15:42,7min late,18:12,12min early,3h 30m,Landed
2026-03-25,IW1850,WON1850,Wings Air,Lombok,LOP,WADL,15:40,07:40,15:54,14min late,16:25,4min early,31m,Landed
2026-03-25,SJ717,SJY717,Sriwijaya Air,Makassar,UPG,WAAA,15:40,07:40,21:20,40min late,22:20,20min late,1h 0m,Landed
2026-03-25,CI772,CAL772,China Airlines,Taipei,TPE,RCTP,15:45,07:45,15:46,1min late,20:33,31min early,4h 46m,Landed
2026-03-25,VA92,VOZ092,Virgin Australia,Melbourne,MEL,YMML,15:50,07:50,16:37,47min late,01:06,36min late,5h 28m,Landed
2026-03-25,IP109,PAS109,Pelita Air Service,Jakarta,CGK,WIII,16:00,08:00,16:15,15min late,17:05,15min late,1h 49m,Landed
2026-03-25,QZ536,AWQ536,Indonesia AirAsia,Perth,PER,YPPH,16:00,08:00,16:30,30min late,20:28,43min late,3h 57m,Landed
2026-03-25,QG661,CTV661,Citilink,Jakarta,CGK,WIII,16:00,08:00,16:25,25min late,16:58,1min early,1h 33m,Landed
2026-03-25,VN640,HVN640,Vietnam Airlines,Ho Chi Minh City,SGN,VVTS,16:05,08:05,16:18,13min late,18:36,18min early,3h 17m,Landed
2026-03-25,QG669,CTV669,Citilink,Surabaya,SUB,WARR,16:10,08:10,16:27,17min late,16:21,1min late,53m,Landed
2026-03-25,TG432,THA432,Thai Airways International,Bangkok,BKK,VTBS,16:10,08:10,16:05,4min early,18:54,30min early,3h 49m,Landed
2026-03-25,CX784,CPA784,Cathay Pacific,Hong Kong,HKG,VHHH,16:20,08:20,16:34,14min late,21:00,24min early,4h 26m,Landed
2026-03-25,MH850,MAS850,Malaysia Airlines,Kuala Lumpur,KUL,WMKK,16:25,08:25,16:43,18min late,19:28,6min early,2h 44m,Landed
2026-03-25,IW1852,WON1852,Wings Air,Lombok,LOP,WADL,16:30,08:30,16:51,21min late,17:21,1min late,29m,Landed
2026-03-25,JT744,LNI744,Lion Air,Makassar,UPG,WAAA,16:40,08:40,17:50,10min late,18:57,52min late,1h 7m,Landed
2026-03-25,BR256,EVA256,EVA Airways,Taipei,TPE,RCTP,16:40,08:40,17:17,37min late,21:58,13min late,4h 41m,Landed
2026-03-25,IU703,SJV703,SW Italia,Surabaya,SUB,WARR,16:40,08:40,17:52,12min late,17:26,46min late,34m,Landed
2026-03-25,QZ807,AWQ807,Indonesia AirAsia,Jakarta,CGK,WIII,16:55,08:55,17:27,32min late,17:59,on time,1h 31m,Landed
2026-03-25,GA349,GIA349,Garuda Indonesia,Surabaya,SUB,WARR,16:55,08:55,16:59,4min late,16:37,32min early,38m,Landed
2026-03-25,IU273,SJV273,SW Italia,Pontianak,PNK,WIOO,17:00,09:00,19:36,36min late,20:12,7min late,1h 36m,Landed
2026-03-25,ID6335,BTK6335,Batik Air,Labuan Bajo,LBJ,WATO,17:00,09:00,17:18,18min late,19:57,42min late,2h 38m,Landed
2026-03-25,VJ998,VJC998,VietJet Air,Hanoi,HAN,VVNB,17:25,09:25,17:22,2min early,09:08,33min late,16h 45m,Landed
2026-03-25,GA419,GIA419,Garuda Indonesia,Jakarta,CGK,WIII,17:25,09:25,17:39,14min late,18:15,9min early,1h 35m,Landed
2026-03-25,HO1356,DKH1356,Juneyao Airlines,Shanghai,PVG,ZSPD,17:25,09:25,17:43,18min late,23:41,8min early,5h 58m,Landed
2026-03-25,JQ82,JST082,Jetstar Airways,Darwin,DRW,YPDN,17:30,09:30,17:53,23min late,21:53,13min late,2h 29m,Landed
2026-03-25,TR211,TGW211,Scoot,Singapore,SIN,WSSS,17:35,09:35,18:03,28min late,20:18,27min early,2h 14m,Landed
2026-03-25,IP107,PAS107,Pelita Air Service,Jakarta,CGK,WIII,17:40,09:40,17:57,17min late,18:35,5min late,1h 37m,Landed
2026-03-25,IU759,SJV759,SW Italia,Jakarta,CGK,WIII,17:40,09:40,23:34,54min late,00:04,29min late,1h 29m,Landed
2026-03-25,AK368,AXM368,AirAsia,Kuala Lumpur,KUL,WMKK,17:45,09:45,18:00,15min late,20:53,3min late,2h 53m,Landed
2026-03-25,OD193,MXD193,Malindo Air,Perth,PER,YPPH,18:10,10:10,,,,,3h 47m,Diverted
2026-03-25,IU126,SJV126,SW Italia,Surakarta,SOC,WAHQ,18:10,10:10,19:13,3min late,19:21,51min late,1h 8m,Landed
2026-03-25,IN281,LKN281,NAM Air,Jakarta,CGK,WIII,18:30,10:30,18:44,14min late,19:22,12min late,1h 37m,Landed
2026-03-25,EY477,ETD477,Etihad Airways,Abu Dhabi,AUH,OMAA,18:30,10:30,03:44,14min late,23:58,28min late,14m,Landed
2026-03-25,IP111,PAS111,Pelita Air Service,Jakarta,CGK,WIII,18:35,10:35,18:41,6min late,19:19,5min early,1h 38m,Landed
2026-03-25,SL259,TLM259,Thai Lion Air,Bangkok,DMK,VTBD,18:40,10:40,19:06,26min late,22:02,2min late,3h 56m,Landed
2026-03-25,QZ504,AWQ504,Indonesia AirAsia,Singapore,SIN,WSSS,18:40,10:40,20:42,2min late,23:08,48min late,2h 25m,Landed
2026-03-25,ID6415,BTK6415,Batik Air,Surabaya,SUB,WARR,18:45,10:45,20:09,24min late,19:50,5min late,41m,Landed
2026-03-25,NZ291,ANZ291,Air New Zealand,Auckland,AKL,NZAA,18:50,10:50,19:09,19min late,07:47,7min early,7h 37m,Landed
2026-03-25,6E1608,IGO1608,IndiGo,Chennai,MAA,VOMM,18:50,10:50,18:54,4min late,22:16,13min early,5h 51m,Landed
2026-03-25,8B5258,TNU5258,TransNusa,Lombok,LOP,WADL,18:55,10:55,19:01,6min late,19:25,9min early,23m,Landed
2026-03-25,TG440,THA440,Thai Airways International,Bangkok,BKK,VTBS,19:00,11:00,19:20,20min late,22:23,8min late,4h 2m,Landed
2026-03-25,IU2122,SJV2122,SW Italia,Yogyakarta,YIA,WAHI,19:15,11:15,20:58,43min late,21:00,15min late,1h 2m,Landed
2026-03-25,QZ809,AWQ809,Indonesia AirAsia,Jakarta,CGK,WIII,19:15,11:15,20:06,51min late,20:45,30min late,1h 38m,Landed
2026-03-25,MH852,MAS852,Malaysia Airlines,Kuala Lumpur,KUL,WMKK,19:15,11:15,19:34,19min late,22:14,on time,2h 40m,Landed
2026-03-25,AK379,AXM379,AirAsia,Kuala Lumpur,KUL,WMKK,19:15,11:15,19:51,36min late,22:32,12min late,2h 41m,Landed
2026-03-25,ID7310,BTK7310,Batik Air,Jakarta,HLP,WIHH,19:25,11:25,20:46,21min late,21:18,3min late,1h 31m,Landed
2026-03-25,QG689,CTV689,Citilink,Jakarta,CGK,WIII,19:30,11:30,19:59,29min late,20:39,9min late,1h 39m,Landed
2026-03-25,QG699,CTV699,Citilink,Surabaya,SUB,WARR,19:30,11:30,19:35,5min late,19:24,15min early,49m,Landed
2026-03-25,8B969,TNU969,TransNusa,Guangzhou,CAN,ZGGG,19:45,11:45,20:10,25min late,07:17,12min late,11h 6m,Landed
2026-03-25,EK369,UAE369,Emirates,Dubai,DXB,OMDB,19:50,11:50,19:54,4min late,00:54,15min early,9h 0m,Landed
2026-03-25,IU133,SJV133,SW Italia,Semarang,SRG,WIIS,19:50,11:50,22:36,46min late,22:35,25min late,58m,Landed
2026-03-25,TR283,TGW283,Scoot,Singapore,SIN,WSSS,20:05,12:05,20:13,8min late,22:23,17min early,2h 9m,Landed
2026-03-25,QG195,CTV195,Citilink,Jakarta,HLP,WIHH,20:10,12:10,20:28,18min late,21:27,22min late,1h 58m,Landed
2026-03-25,QZ410,AWQ410,Indonesia AirAsia,Melbourne,MEL,YMML,20:10,12:10,21:05,55min late,05:34,34min late,5h 28m,Landed
2026-03-25,JT923,LNI923,Lion Air,Surabaya,SUB,WARR,20:15,12:15,21:26,11min late,21:01,46min late,34m,Landed
2026-03-25,SQ945,SIA945,Singapore Airlines,Singapore,SIN,WSSS,20:15,12:15,21:09,54min late,23:28,33min late,2h 18m,Landed
2026-03-25,GA718,GIA718,Garuda Indonesia,Melbourne,MEL,YMML,20:20,12:20,20:53,33min late,05:44,44min late,5h 50m,Landed
2026-03-25,JQ34,JST034,Jetstar Airways,Melbourne,MEL,YMML,20:20,12:20,21:01,41min late,05:08,13min late,5h 6m,Landed
2026-03-25,ID6413,BTK6413,Batik Air,Surabaya,SUB,WARR,20:30,12:30,20:56,26min late,20:41,11min late,44m,Landed
2026-03-25,JQ107,JST107,Jetstar Airways,Perth,PER,YPPH,20:45,12:45,21:07,22min late,00:19,on time,3h 11m,Landed
2026-03-25,GA415,GIA415,Garuda Indonesia,Jakarta,CGK,WIII,20:45,12:45,21:15,30min late,21:48,3min late,1h 32m,Landed
2026-03-25,OD177,MXD177,Malindo Air,Melbourne,MEL,YMML,20:55,12:55,21:24,29min late,05:41,1min late,5h 16m,Landed
2026-03-25,AK375,AXM375,AirAsia,Kuala Lumpur,KUL,WMKK,21:05,13:05,22:27,22min late,01:16,6min late,2h 48m,Landed
2026-03-25,OD171,MXD171,Malindo Air,Sydney,SYD,YSSY,21:10,13:10,22:39,29min late,07:11,56min late,5h 31m,Landed
2026-03-25,QG667,CTV667,Citilink,Jakarta,CGK,WIII,21:10,13:10,21:44,34min late,22:23,13min late,1h 38m,Landed
2026-03-25,TK67,THY067,Turkish Airlines,Istanbul,IST,LTFM,21:10,13:10,21:32,22min late,05:16,23min early,12h 44m,Landed
2026-03-25,JT11,LNI011,Lion Air,Jakarta,CGK,WIII,21:15,13:15,19:16,58min early,19:53,16min early,1h 37m,Landed
2026-03-25,QF44,QFA044,Qantas,Sydney,SYD,YSSY,21:20,13:20,21:39,19min late,06:15,on time,5h 36m,Landed
2026-03-25,ID6760,BTK6760,Batik Air,Makassar,UPG,WAAA,21:30,13:30,21:48,18min late,22:45,9min early,57m,Landed
2026-03-25,QZ819,AWQ819,Indonesia AirAsia,Jakarta,CGK,WIII,21:35,13:35,23:02,27min late,23:35,10min late,1h 32m,Landed
2026-03-25,SJ273,,Sriwijaya Air,Jakarta,CGK,WIII,21:35,13:35,00:33,58min late,01:05,50min late,1h 31m,Landed
2026-03-25,GA425,GIA425,Garuda Indonesia,Jakarta,CGK,WIII,21:40,13:40,21:59,19min late,22:45,on time,1h 46m,Landed
2026-03-25,SQ947,SIA947,Singapore Airlines,Singapore,SIN,WSSS,21:40,13:40,21:55,15min late,00:12,7min early,2h 17m,Landed
2026-03-25,KL836,KLM836,KLM Royal Dutch Airlines,Singapore,SIN,WSSS,21:40,13:40,21:51,11min late,23:59,10min early,2h 8m,Landed
2026-03-25,JQ117,JST117,Jetstar Airways,Perth,PER,YPPH,21:45,13:45,22:03,18min late,01:17,2min late,3h 13m,Landed
2026-03-25,VA94,VOZ094,Virgin Australia,Melbourne,MEL,YMML,22:00,14:00,22:30,30min late,06:51,11min late,5h 21m,Landed
2026-03-25,TK311,THY311,Turkish Airlines,Istanbul,IST,LTFM,22:00,14:00,22:43,43min late,06:18,6min early,12h 34m,Landed
2026-03-25,SV857,SVA857,Saudi Arabian Airlines,Singapore,SIN,WSSS,22:05,14:05,22:05,on time,00:30,14min early,2h 25m,Landed
2026-03-25,QF46,QFA046,Qantas,Melbourne,MEL,YMML,22:05,14:05,22:33,28min late,06:46,3min early,5h 13m,Landed
2026-03-25,JQ38,JST038,Jetstar Airways,Sydney,SYD,YSSY,22:20,14:20,22:42,22min late,07:16,8min early,5h 33m,Landed
2026-03-25,JQ50,JST050,Jetstar Airways,Melbourne,AVV,YMAV,22:20,14:20,20:54,25min early,07:22,22min late,7h 27m,Landed
2026-03-25,VA66,VOZ066,Virgin Australia,Sydney,SYD,YSSY,22:30,14:30,22:53,23min late,07:32,7min early,5h 39m,Landed
2026-03-25,JT15,LNI015,Lion Air,Jakarta,CGK,WIII,22:45,14:45,00:18,33min late,00:47,7min late,1h 29m,Landed
2026-03-25,JQ128,JST128,Jetstar Airways,Adelaide,ADL,YPAD,22:50,14:50,23:07,17min late,06:20,5min late,4h 43m,Landed
2026-03-25,7C2712,JJA2712,Jeju Air,Seoul,ICN,RKSI,23:05,15:05,23:13,8min late,06:58,11min early,6h 44m,Landed
2026-03-25,8B5109,TNU5109,TransNusa,Jakarta,CGK,WIII,23:10,15:10,00:06,56min late,00:34,44min late,1h 28m,Landed
2026-03-25,JQ91,JST091,Jetstar Airways,Cairns,CNS,YBCS,23:10,15:10,21:33,36min early,05:46,1min late,6h 13m,Landed
2026-03-25,3U3986,CSC3986,Sichuan Airlines,Lujia Town,TFU,ZUTF,23:10,15:10,23:18,8min late,05:18,36min early,5h 59m,Landed
2026-03-25,VA82,VOZ082,Virgin Australia,Gold Coast,OOL,YBCG,23:20,15:20,23:37,17min late,07:15,5min late,5h 38m,Landed
2026-03-25,QG9695,CTV9695,Citilink,Surabaya,SUB,WARR,23:20,15:20,23:13,6min early,23:02,27min early,49m,Landed
2026-03-25,JQ89,JST089,Jetstar Airways,Newcastle,NTL,YWLM,23:20,15:20,23:49,29min late,08:23,8min late,5h 33m,Landed
2026-03-25,GA714,GIA714,Garuda Indonesia,Sydney,SYD,YSSY,23:35,15:35,23:41,6min late,08:40,5min late,5h 58m,Landed
2026-03-25,QZ945,AWQ945,Indonesia AirAsia,Jakarta,CGK,WIII,23:35,15:35,01:15,40min late,01:43,8min late,1h 27m,Landed
2026-03-25,QZ420,AWQ420,Indonesia AirAsia,Adelaide,ADL,YPAD,23:45,15:45,00:26,41min late,07:34,9min late,4h 37m,Landed
2026-03-25,KE432,KAL432,Korean Air Lines,Seoul,ICN,RKSI,23:50,15:50,00:00,10min late,07:26,18min early,6h 25m,Landed
2026-03-25,QZ943,AWQ943,Indonesia AirAsia,Jakarta,CGK,WIII,23:55,15:55,01:09,14min late,01:35,40min late,1h 26m,Landed
2026-03-25,QG9687,CTV9687,Citilink,Jakarta,CGK,WIII,23:55,15:55,00:31,36min late,01:04,9min late,1h 32m,Landed
2026-03-25,JQ94,JST094,Jetstar Airways,Gold Coast,OOL,YBCG,23:55,15:55,23:54,on time,07:28,3min late,5h 33m,Landed
2026-03-26,BX602,ABL602,Air Busan,Busan,PUS,RKPK,00:05,16:05,00:14,9min late,07:25,4min early,6h 10m,Landed
2026-03-26,TW158,TWB158,T'Way Air,Cheongju,CJJ,RKTU,00:15,16:15,00:49,34min late,08:25,15min late,6h 35m,Landed
2026-03-26,8B84,TNU084,Business Air,Perth,PER,YPPH,00:20,16:20,00:20,on time,04:04,on time,3h 44m,Landed
2026-03-26,EK399,UAE399,Emirates,Dubai,DXB,OMDB,00:25,16:25,00:32,7min late,05:46,1min late,9h 14m,Landed
2026-03-26,QZ943,AWQ943,Indonesia AirAsia,Jakarta,CGK,WIII,00:25,16:25,01:43,18min late,02:08,43min late,1h 25m,Landed
2026-03-26,MF892,CXA892,Xiamen Airlines,Xiamen,XMN,ZSAM,00:30,16:30,00:28,1min early,05:45,19min early,5h 16m,Landed
2026-03-26,CZ626,CSN626,China Southern Airlines,Guangzhou,CAN,ZGGG,00:40,16:40,01:00,20min late,05:46,3min early,4h 46m,Landed
2026-03-26,GA880,GIA880,Garuda Indonesia,Tokyo,NRT,RJAA,00:50,16:50,01:10,20min late,08:39,10min early,6h 28m,Landed
2026-03-26,MU5030,CES5030,China Eastern Airlines,Shanghai,PVG,ZSPD,00:55,16:55,01:24,29min late,07:22,12min late,5h 57m,Landed
2026-03-26,QZ548,AWQ548,Indonesia AirAsia,Perth,PER,YPPH,01:00,17:00,01:05,5min late,04:32,7min early,3h 26m,Landed
2026-03-26,5J282,CEB282,CEBU Pacific Air,Manila,MNL,RPLL,01:00,17:00,01:14,14min late,04:43,31min early,3h 29m,Landed
2026-03-26,SJ726,,Sriwijaya Air,Makassar,UPG,WAAA,01:00,17:00,,,,,1h 20m,
2026-03-26,KE434,KAL434,Korean Air Lines,Seoul,ICN,RKSI,01:05,17:05,01:21,16min late,08:47,12min early,6h 26m,Landed
2026-03-26,JQ87,JST087,Jetstar Airways,Sunshine Coast,MCY,YBSU,01:05,17:05,01:15,10min late,08:54,9min late,5h 38m,Landed
2026-03-26,PR538,PAL538,Philippine Airlines,Manila,MNL,RPLL,01:10,17:10,01:34,24min late,05:08,1min early,3h 34m,Landed
2026-03-26,8B5888,TNU5888,TransNusa,Manado,MDC,WAMM,01:30,17:30,01:40,10min late,03:54,20min early,2h 14m,Landed
2026-03-26,QR853,,Qatar Airways,Kuala Lumpur,KUL,WMKK,06:45,22:45,06:45,,09:49,on time,3h 4m,Landed
2026-03-26,IU705,SJV705,SW Italia,Surabaya,SUB,WARR,07:00,23:00,07:11,11min late,06:48,12min early,36m,Landed
2026-03-26,QZ534,AWQ534,Indonesia AirAsia,Perth,PER,YPPH,07:00,23:00,07:11,11min late,10:42,7min early,3h 31m,Landed
2026-03-26,GA401,GIA401,Garuda Indonesia,Jakarta,CGK,WIII,07:00,23:00,07:07,7min late,07:39,20min early,1h 32m,Landed
2026-03-26,JT746,LNI746,Lion Air,Makassar,UPG,WAAA,07:00,23:00,07:15,15min late,08:15,9min early,1h 0m,Landed
2026-03-26,QG690,CTV690,Citilink,Surabaya,SUB,WARR,07:05,23:05,07:56,51min late,07:36,26min late,40m,Landed
2026-03-26,QZ550,AWQ550,Indonesia AirAsia,Kuala Lumpur,KUL,WMKK,07:15,23:15,07:20,5min late,10:18,8min late,2h 57m,Landed
2026-03-26,SQ949,SIA949,Singapore Airlines,Singapore,SIN,WSSS,07:20,23:20,07:18,1min early,09:37,22min early,2h 18m,Landed
2026-03-26,8B5250,TNU5250,Business Air,Lombok,LOP,WADL,07:30,23:30,07:25,4min early,07:53,1min early,27m,Landed
2026-03-26,8B551,TNU551,Business Air,Singapore,SIN,WSSS,07:30,23:30,07:28,1min early,09:44,10min early,2h 15m,Landed
2026-03-26,QZ644,AWQ644,Indonesia AirAsia,Labuan Bajo,LBJ,WATO,07:40,23:40,07:51,11min late,08:55,,1h 15m,Landed
2026-03-26,ID6333,BTK6333,Batik Air,Labuan Bajo,LBJ,WATO,07:55,23:55,08:14,19min late,09:05,4min early,51m,Landed
2026-03-26,JT21,LNI021,Lion Air,Jakarta,CGK,WIII,08:05,00:05,08:19,14min late,08:49,10min early,1h 30m,Landed
2026-03-26,QG691,CTV691,Citilink,Surabaya,SUB,WARR,08:05,00:05,08:11,6min late,08:00,14min early,49m,Landed
2026-03-26,IW1858,WON1858,Wings Air,Lombok,LOP,WADL,08:05,00:05,08:12,7min late,08:41,13min early,29m,Landed
2026-03-26,GA686,GIA686,Garuda Indonesia,Sorong,SOQ,WASS,08:10,00:10,08:34,24min late,16:34,14min late,7h 0m,Landed
2026-03-26,HX706,CRK706,Hong Kong Airlines,Hong Kong,HKG,VHHH,08:15,00:15,08:32,17min late,13:02,12min early,4h 30m,Landed
2026-03-26,CZ8482,CSN8482,China Southern Airlines,Guangzhou,CAN,ZGGG,08:35,00:35,08:42,7min late,13:29,35min early,4h 46m,Landed
2026-03-26,5J280,CEB280,CEBU Pacific Air,Manila,MNL,RPLL,08:35,00:35,08:40,5min late,12:30,19min early,3h 50m,Landed
2026-03-26,IW1854,WON1854,Wings Air,Lombok,LOP,WADL,08:45,00:45,08:44,on time,09:17,17min early,33m,Landed
2026-03-26,QG500,CTV500,Citilink,Dili,DIL,WPDL,08:50,00:50,09:12,22min late,12:01,6min late,1h 49m,Landed
2026-03-26,IW1882,WON1882,Wings Air,Sumbawa Besar,SWQ,WADS,08:55,00:55,09:18,23min late,10:06,6min late,47m,Landed
2026-03-26,IN640,LKN640,NAM Air,Tambolaka,TMC,WADT,09:10,01:10,10:01,51min late,10:48,38min late,46m,Landed
2026-03-26,8B5105,TNU5105,TransNusa,Jakarta,CGK,WIII,09:15,01:15,11:24,9min late,11:53,53min late,1h 28m,Landed
2026-03-26,IW1848,WON1848,Wings Air,Lombok,LOP,WADL,09:25,01:25,09:57,32min late,10:28,13min late,31m,Landed
2026-03-26,ID6007,BTK6007,Batik Air,Perth,PER,YPPH,09:30,01:30,09:29,on time,13:15,on time,3h 46m,Landed
2026-03-26,QG9663,CTV9663,Citilink,Jakarta,CGK,WIII,09:35,01:35,10:17,42min late,10:49,14min late,1h 32m,Landed
2026-03-26,8B5634,TNU5634,Business Air,Bima,BMU,WADB,09:35,01:35,09:44,9min late,10:34,on time,49m,Landed
2026-03-26,ID6324,BTK6324,Batik Air,Tambolaka,TMC,WADT,09:40,01:40,10:32,52min late,11:30,35min late,58m,Landed
2026-03-26,QZ803,AWQ803,Indonesia AirAsia,Jakarta,CGK,WIII,09:40,01:40,10:37,57min late,11:10,40min late,1h 33m,Landed
2026-03-26,8B80,TNU080,Business Air,Perth,PER,YPPH,09:40,01:40,10:26,46min late,13:49,24min late,3h 23m,Landed
2026-03-26,IU122,SJV122,SW Italia,Yogyakarta,YIA,WAHI,10:00,02:00,10:30,30min late,10:34,4min late,1h 4m,Landed
2026-03-26,AI2146,AIC2146,Air India,Delhi,DEL,VIDP,10:00,02:00,10:13,13min late,15:08,8min late,7h 25m,Landed
2026-03-26,IU128,SJV128,SW Italia,Surakarta,SOC,WAHQ,10:00,02:00,10:22,22min late,10:20,on time,58m,Landed
2026-03-26,JQ111,JST111,Jetstar Airways,Perth,PER,YPPH,10:20,02:20,11:39,19min late,15:11,1min late,3h 31m,Landed
2026-03-26,8B5101,TNU5101,TransNusa,Jakarta,CGK,WIII,10:30,02:30,11:23,53min late,11:50,35min late,1h 27m,Landed
2026-03-26,SQ935,SIA935,Singapore Airlines,Singapore,SIN,WSSS,10:30,02:30,10:47,17min late,13:00,9min early,2h 13m,Landed
2026-03-26,JT924,LNI924,Lion Air,Kupang,KOE,WATT,10:35,02:35,11:34,59min late,13:00,35min late,1h 26m,Landed
2026-03-26,8G182,DTL182,Mid Africa Aviation,Dili,DIL,WPDL,10:35,02:35,10:41,6min late,13:25,4min early,1h 44m,Landed
2026-03-26,JT805,LNI805,Lion Air,Surabaya,SUB,WARR,10:35,02:35,10:51,16min late,10:28,6min early,37m,Landed
2026-03-26,JT33,LNI033,Lion Air,Jakarta,CGK,WIII,10:35,02:35,17:55,20min late,18:33,3min late,1h 38m,Landed
2026-03-26,IW1856,WON1856,Wings Air,Lombok,LOP,WADL,11:10,03:10,11:36,26min late,12:06,6min late,29m,Landed
2026-03-26,QG9197,CTV9197,Citilink,Jakarta,HLP,WIHH,11:10,03:10,11:15,5min late,12:01,1min late,1h 46m,Landed
2026-03-26,TR281,TGW281,Scoot,Singapore,SIN,WSSS,11:10,03:10,11:20,10min late,13:30,20min early,2h 9m,Landed
2026-03-26,JQ40,JST040,Jetstar Airways,Sydney,SYD,YSSY,11:15,03:15,11:54,39min late,20:52,37min late,5h 58m,Landed
2026-03-26,QZ813,AWQ813,Indonesia AirAsia,Jakarta,CGK,WIII,11:20,03:20,11:43,23min late,12:21,6min late,1h 37m,Landed
2026-03-26,JQ32,JST032,Jetstar Airways,Melbourne,MEL,YMML,11:30,03:30,13:02,32min late,21:26,16min late,5h 24m,Landed
2026-03-26,6E1606,IGO1606,IndiGo,Bangalore,BLR,VOBL,11:30,03:30,11:40,10min late,15:17,17min early,6h 6m,Landed
2026-03-26,OD172,MXD172,Malindo Air,Kuala Lumpur,KUL,WMKK,11:35,03:35,13:05,30min late,15:40,55min late,2h 34m,Landed
2026-03-26,IW1964,WON1964,Wings Air,Lombok,LOP,WADL,11:40,03:40,11:51,11min late,12:21,8min early,30m,Landed
2026-03-26,ID6331,BTK6331,Batik Air,Labuan Bajo,LBJ,WATO,11:45,03:45,11:55,10min late,12:48,11min early,52m,Landed
2026-03-26,JQ109,JST109,Jetstar Airways,Perth,PER,YPPH,11:45,03:45,12:02,17min late,15:30,4min early,3h 27m,Landed
2026-03-26,IW1850,WON1850,Wings Air,Lombok,LOP,WADL,11:50,03:50,12:14,24min late,12:45,5min late,31m,Landed
2026-03-26,JT31,LNI031,Lion Air,Jakarta,CGK,WIII,11:55,03:55,12:18,23min late,12:45,4min early,1h 27m,Landed
2026-03-26,GA407,GIA407,Garuda Indonesia,Jakarta,CGK,WIII,11:55,03:55,12:25,30min late,12:56,1min late,1h 31m,Landed
2026-03-26,QZ618,AWQ618,Indonesia AirAsia,Banjarmasin,BDJ,WAOO,11:55,03:55,13:04,9min late,13:12,22min early,8m,Landed
2026-03-26,FD397,AIQ397,Thai AirAsia,Bangkok,DMK,VTBD,12:00,04:00,12:22,22min late,15:18,1min early,3h 56m,Landed
2026-03-26,SQ937,SIA937,Singapore Airlines,Singapore,SIN,WSSS,12:05,04:05,12:11,6min late,14:22,32min early,2h 10m,Landed
2026-03-26,GA253,GIA253,Garuda Indonesia,Yogyakarta,YIA,WAHI,12:05,04:05,12:27,22min late,12:40,14min early,1h 13m,Landed
2026-03-26,OD192,MXD192,Malindo Air,Kuala Lumpur,KUL,WMKK,12:10,04:10,14:44,34min late,17:20,0min late,2h 36m,Landed
2026-03-26,OD178,MXD178,Malindo Air,Kuala Lumpur,KUL,WMKK,12:15,04:15,12:35,20min late,15:14,10min early,2h 39m,Landed
2026-03-26,QG697,CTV697,Citilink,Surabaya,SUB,WARR,12:20,04:20,12:21,1min late,12:11,18min early,49m,Landed
2026-03-26,SJ7420,,Sriwijaya Air,Tambolaka,TMC,WADT,12:20,04:20,12:20,,13:20,,1h 0m,Landed
2026-03-26,8B5254,TNU5254,TransNusa,Lombok,LOP,WADL,12:40,04:40,12:58,18min late,13:27,7min late,28m,Landed
2026-03-26,IP103,PAS103,Pelita Air Service,Jakarta,CGK,WIII,12:45,04:45,12:45,on time,13:17,17min early,1h 32m,Landed
2026-03-26,IN643,,NAM Air,Tambolaka,TMC,WADT,12:50,04:50,,,,,1h 0m,
2026-03-26,QZ422,AWQ422,Indonesia AirAsia,Adelaide,ADL,YPAD,12:55,04:55,12:55,on time,20:13,11min early,4h 48m,Landed
2026-03-26,SQ939,SIA939,Singapore Airlines,Singapore,SIN,WSSS,13:00,05:00,13:21,21min late,15:44,5min early,2h 23m,Landed
2026-03-26,AK365,AXM365,AirAsia,Kuala Lumpur,KUL,WMKK,13:05,05:05,13:53,48min late,16:47,37min late,2h 53m,Landed
2026-03-26,MH714,MAS714,Malaysia Airlines,Kuala Lumpur,KUL,WMKK,13:10,05:10,13:16,6min late,16:06,1min late,2h 49m,Landed
2026-03-26,JT35,LNI035,Lion Air,Jakarta,CGK,WIII,13:15,05:15,13:32,17min late,14:05,4min early,1h 33m,Landed
2026-03-26,GA409,GIA409,Garuda Indonesia,Jakarta,CGK,WIII,13:25,05:25,13:58,33min late,14:30,5min late,1h 32m,Landed
2026-03-26,JQ58,JST058,Jetstar Airways,Brisbane,BNE,YBBN,13:30,05:30,14:16,46min late,21:42,17min late,5h 26m,Landed
2026-03-26,JT660,LNI660,Lion Air,Balikpapan,BPN,WALL,13:30,05:30,14:32,2min late,15:51,36min late,1h 18m,Landed
2026-03-26,QZ811,AWQ811,Indonesia AirAsia,Jakarta,CGK,WIII,13:40,05:40,14:54,14min late,15:29,59min late,1h 34m,Landed
2026-03-26,ID6509,BTK6509,Batik Air,Jakarta,CGK,WIII,13:45,05:45,14:37,52min late,15:09,29min late,1h 31m,Landed
2026-03-26,8B5107,TNU5107,TransNusa,Jakarta,CGK,WIII,13:50,05:50,14:20,30min late,14:53,18min late,1h 33m,Landed
2026-03-26,JT919,LNI919,Lion Air,Surabaya,SUB,WARR,13:55,05:55,14:47,52min late,20:49,54min late,7h 2m,Landed
2026-03-26,QG687,CTV687,Citilink,Jakarta,CGK,WIII,14:00,06:00,14:12,12min late,14:49,10min early,1h 36m,Landed
2026-03-26,IU137,SJV137,SW Italia,Kupang,KOE,WATT,14:00,06:00,14:35,35min late,15:57,7min late,1h 22m,Landed
2026-03-26,6E1612,IGO1612,IndiGo,Bhubaneswar,BBI,VEBS,14:00,06:00,14:27,27min late,20:47,7min late,8h 49m,Landed
2026-03-26,QZ544,AWQ544,Indonesia AirAsia,Perth,PER,YPPH,14:00,06:00,14:23,23min late,18:00,10min late,3h 36m,Landed
2026-03-26,8B82,TNU082,TransNusa,Perth,PER,YPPH,14:00,06:00,14:59,59min late,18:35,55min late,3h 35m,Landed
2026-03-26,QG342,CTV342,Citilink,Makassar,UPG,WAAA,14:00,06:00,14:44,44min late,15:58,28min late,1h 14m,Landed
2026-03-26,VJ894,VJC894,VietJet Air,Ho Chi Minh City,SGN,VVTS,14:05,06:05,14:02,2min early,16:35,29min early,3h 32m,Landed
2026-03-26,IU130,SJV130,SW Italia,Semarang,SRG,WIIS,14:15,06:15,15:19,4min late,15:23,48min late,1h 3m,Landed
2026-03-26,ID6517,BTK6517,Batik Air,Jakarta,CGK,WIII,14:15,06:15,15:15,0min late,15:51,41min late,1h 35m,Landed
2026-03-26,ID7308,BTK7308,Batik Air,Jakarta,HLP,WIHH,14:20,06:20,16:20,0min late,16:50,40min late,1h 30m,Landed
2026-03-26,QZ246,AWQ246,Indonesia AirAsia,Phuket,HKT,VTSP,14:25,06:25,15:26,1min late,22:30,15min late,8h 3m,Landed
2026-03-26,QZ556,AWQ556,Indonesia AirAsia,Kuala Lumpur,KUL,WMKK,14:30,06:30,16:29,59min late,19:18,48min late,2h 48m,Landed
2026-03-26,TR289,TGW289,Scoot,Singapore,SIN,WSSS,14:35,06:35,14:56,21min late,17:24,6min early,2h 27m,Landed
2026-03-26,OD307,MXD307,Malindo Air,Kuala Lumpur,KUL,WMKK,14:50,06:50,15:32,42min late,18:12,17min late,2h 39m,Landed
2026-03-26,JQ88,JST088,Jetstar Airways,Singapore,SIN,WSSS,14:50,06:50,15:11,21min late,17:44,10min early,2h 32m,Landed
2026-03-26,JQ44,JST044,Jetstar Airways,Melbourne,MEL,YMML,14:55,06:55,15:03,8min late,23:18,16min early,5h 15m,Landed
2026-03-26,VA48,VOZ048,Virgin Australia,Brisbane,BNE,YBBN,15:00,07:00,15:46,46min late,23:31,36min late,5h 45m,Landed
2026-03-26,IU120,SJV120,SW Italia,Yogyakarta,YIA,WAHI,15:00,07:00,16:50,50min late,16:56,26min late,1h 6m,Landed
2026-03-26,QG681,CTV681,Citilink,Jakarta,CGK,WIII,15:00,07:00,15:10,10min late,15:45,14min early,1h 35m,Landed
2026-03-26,JT844,LNI844,Lion Air,Banjarmasin,BDJ,WAOO,15:00,07:00,15:29,29min late,16:29,on time,59m,Landed
2026-03-26,QZ821,AWQ821,Indonesia AirAsia,Jakarta,CGK,WIII,15:05,07:05,16:52,47min late,17:21,21min late,1h 28m,Landed
2026-03-26,GA842,GIA842,Garuda Indonesia,Singapore,SIN,WSSS,15:15,07:15,15:39,24min late,18:13,13min late,2h 33m,Landed
2026-03-26,AK377,AXM377,AirAsia,Kuala Lumpur,KUL,WMKK,15:25,07:25,16:24,59min late,19:02,37min late,2h 38m,Landed
2026-03-26,JT740,LNI740,Lion Air,Makassar,UPG,WAAA,15:30,07:30,,,,,1h 25m,
2026-03-26,GA411,GIA411,Garuda Indonesia,Jakarta,CGK,WIII,15:35,07:35,16:20,45min late,16:55,15min late,1h 34m,Landed
2026-03-26,VJ898,VJC898,VietJet Air,Ho Chi Minh City,SGN,VVTS,15:35,07:35,16:01,26min late,18:14,10min early,3h 13m,Landed
2026-03-26,CI772,CAL772,China Airlines,Taipei,TPE,RCTP,15:45,07:45,15:57,12min late,20:42,22min early,4h 44m,Landed
2026-03-26,VA92,VOZ092,Virgin Australia,Melbourne,MEL,YMML,15:50,07:50,16:46,56min late,01:08,38min late,5h 22m,Landed
2026-03-26,8B5256,TNU5256,TransNusa,Lombok,LOP,WADL,15:55,07:55,16:07,12min late,16:31,18min early,23m,Landed
2026-03-26,QZ536,AWQ536,Indonesia AirAsia,Perth,PER,YPPH,16:00,08:00,16:43,43min late,20:14,29min late,3h 31m,Landed
2026-03-26,QG661,CTV661,Citilink,Jakarta,CGK,WIII,16:00,08:00,16:33,33min late,17:06,6min late,1h 33m,Landed
2026-03-26,IP109,PAS109,Pelita Air Service,Jakarta,CGK,WIII,16:00,08:00,18:53,53min late,19:24,34min late,1h 30m,Landed
2026-03-26,SJ7161,,Sriwijaya Air,Makassar,UPG,WAAA,16:00,08:00,16:00,,17:20,,1h 20m,Landed
2026-03-26,VN640,HVN640,Vietnam Airlines,Ho Chi Minh City,SGN,VVTS,16:05,08:05,16:39,34min late,18:56,18min early,3h 17m,Landed
2026-03-26,QG669,CTV669,Citilink,Surabaya,SUB,WARR,16:10,08:10,16:29,19min late,16:23,3min late,53m,Landed
2026-03-26,TG432,THA432,Thai Airways International,Bangkok,BKK,VTBS,16:10,08:10,16:15,5min late,18:51,33min early,3h 36m,Landed
2026-03-26,CX784,CPA784,Cathay Pacific,Hong Kong,HKG,VHHH,16:20,08:20,16:42,22min late,21:02,22min early,4h 19m,Landed
2026-03-26,MH850,MAS850,Malaysia Airlines,Kuala Lumpur,KUL,WMKK,16:25,08:25,16:56,31min late,19:48,13min late,2h 51m,Landed
2026-03-26,IW1852,WON1852,Wings Air,Lombok,LOP,WADL,16:30,08:30,17:14,44min late,17:41,21min late,26m,Landed
2026-03-26,GA427,GIA427,Garuda Indonesia,Jakarta,CGK,WIII,16:35,08:35,16:54,19min late,17:30,on time,1h 36m,Landed
2026-03-26,BR256,EVA256,EVA Airways,Taipei,TPE,RCTP,16:40,08:40,17:07,27min late,22:09,24min late,5h 1m,Landed
2026-03-26,JT744,LNI744,Lion Air,Makassar,UPG,WAAA,16:40,08:40,19:44,4min late,20:46,41min late,1h 2m,Landed
2026-03-26,IU703,SJV703,SW Italia,Surabaya,SUB,WARR,16:40,08:40,18:03,23min late,17:48,8min late,45m,Landed
2026-03-26,GA349,GIA349,Garuda Indonesia,Surabaya,SUB,WARR,16:55,08:55,17:25,30min late,17:16,6min late,51m,Landed
2026-03-26,ID6335,BTK6335,Batik Air,Labuan Bajo,LBJ,WATO,17:00,09:00,17:21,21min late,18:12,2min early,50m,Landed
2026-03-26,GA419,GIA419,Garuda Indonesia,Jakarta,CGK,WIII,17:25,09:25,17:26,1min late,19:32,2min late,3h 6m,Landed
2026-03-26,VJ998,VJC998,VietJet Air,Hanoi,HAN,VVNB,17:25,09:25,17:29,4min late,23:51,16min late,7h 22m,Landed
2026-03-26,HO1356,DKH1356,Juneyao Airlines,Shanghai,PVG,ZSPD,17:25,09:25,17:33,8min late,23:31,18min early,5h 58m,Landed
2026-03-26,TR211,TGW211,Scoot,Singapore,SIN,WSSS,17:35,09:35,17:57,22min late,20:26,19min early,2h 28m,Landed
2026-03-26,IP107,PAS107,Pelita Air Service,Jakarta,CGK,WIII,17:40,09:40,17:40,on time,18:07,22min early,1h 27m,Landed
2026-03-26,IU126,SJV126,SW Italia,Surakarta,SOC,WAHQ,18:10,10:10,19:12,2min late,19:08,38min late,55m,Landed
2026-03-26,OD193,MXD193,Malindo Air,Perth,PER,YPPH,18:10,10:10,18:59,49min late,22:13,28min late,3h 14m,Landed
2026-03-26,IN281,LKN281,NAM Air,Jakarta,CGK,WIII,18:30,10:30,18:23,6min early,18:57,12min early,1h 33m,Landed
2026-03-26,IP111,PAS111,Pelita Air Service,Jakarta,CGK,WIII,18:35,10:35,18:53,18min late,19:28,3min late,1h 35m,Landed
2026-03-26,GA417,GIA417,Garuda Indonesia,Jakarta,CGK,WIII,18:40,10:40,19:20,40min late,19:50,10min late,1h 29m,Landed
2026-03-26,SL259,TLM259,Thai Lion Air,Bangkok,DMK,VTBD,18:40,10:40,13:28,11min early,22:11,11min late,9h 42m,Landed
2026-03-26,QZ504,AWQ504,Indonesia AirAsia,Singapore,SIN,WSSS,18:40,10:40,20:43,3min late,23:09,49min late,2h 25m,Landed
2026-03-26,JT11,LNI011,Lion Air,Jakarta,CGK,WIII,18:43,10:43,18:43,on time,19:19,on time,1h 35m,Landed
2026-03-26,ID6415,BTK6415,Batik Air,Surabaya,SUB,WARR,18:45,10:45,19:50,5min late,19:33,48min late,42m,Landed
2026-03-26,6E1608,IGO1608,IndiGo,Chennai,MAA,VOMM,18:50,10:50,19:01,11min late,22:18,11min early,5h 46m,Landed
2026-03-26,8B5258,TNU5258,TransNusa,Lombok,LOP,WADL,18:55,10:55,18:55,on time,19:18,16min early,23m,Landed
2026-03-26,TG440,THA440,Thai Airways International,Bangkok,BKK,VTBS,19:00,11:00,19:16,16min late,22:13,1min early,3h 57m,Landed
2026-03-26,AK379,AXM379,AirAsia,Kuala Lumpur,KUL,WMKK,19:15,11:15,19:37,22min late,22:08,11min early,2h 30m,Landed
2026-03-26,QZ809,AWQ809,Indonesia AirAsia,Jakarta,CGK,WIII,19:15,11:15,20:38,23min late,21:12,57min late,1h 33m,Landed
2026-03-26,MH852,MAS852,Malaysia Airlines,Kuala Lumpur,KUL,WMKK,19:15,11:15,19:41,26min late,22:23,8min late,2h 42m,Landed
2026-03-26,ID7310,BTK7310,Batik Air,Jakarta,HLP,WIHH,19:25,11:25,18:45,39min early,22:05,50min late,4h 20m,Landed
2026-03-26,QG699,CTV699,Citilink,Surabaya,SUB,WARR,19:30,11:30,20:24,54min late,22:19,39min late,2h 54m,Landed
2026-03-26,QG689,CTV689,Citilink,Jakarta,CGK,WIII,19:30,11:30,19:33,3min late,20:05,24min early,1h 32m,Landed
2026-03-26,8B969,TNU969,Business Air,Guangzhou,CAN,ZGGG,19:45,11:45,20:00,15min late,00:46,18min early,4h 46m,Landed
2026-03-26,JT923,LNI923,Lion Air,Surabaya,SUB,WARR,19:45,11:45,20:27,42min late,20:09,24min late,42m,Landed
2026-03-26,EK369,UAE369,Emirates,Dubai,DXB,OMDB,19:50,11:50,21:34,44min late,02:28,18min late,8h 54m,Landed
2026-03-26,IU133,SJV133,SW Italia,Semarang,SRG,WIIS,19:50,11:50,21:19,29min late,21:14,4min late,54m,Landed
2026-03-26,TR283,TGW283,Scoot,Singapore,SIN,WSSS,20:05,12:05,20:20,15min late,22:39,on time,2h 18m,Landed
2026-03-26,QG195,CTV195,Citilink,Jakarta,HLP,WIHH,20:10,12:10,20:27,17min late,21:11,6min late,1h 43m,Landed
2026-03-26,QZ410,AWQ410,Indonesia AirAsia,Melbourne,MEL,YMML,20:10,12:10,20:31,21min late,05:34,34min late,6h 2m,Landed
2026-03-26,SQ945,SIA945,Singapore Airlines,Singapore,SIN,WSSS,20:15,12:15,20:55,40min late,23:11,16min late,2h 15m,Landed
2026-03-26,JQ34,JST034,Jetstar Airways,Melbourne,MEL,YMML,20:20,12:20,21:06,46min late,05:45,50min late,5h 38m,Landed
2026-03-26,QZ807,AWQ807,Indonesia AirAsia,Jakarta,CGK,WIII,20:20,12:20,20:47,27min late,21:18,1min early,1h 31m,Landed
2026-03-26,GA718,GIA718,Garuda Indonesia,Melbourne,MEL,YMML,20:20,12:20,20:57,37min late,06:02,2min late,6h 5m,Landed
2026-03-26,ID6413,BTK6413,Batik Air,Surabaya,SUB,WARR,20:30,12:30,20:45,15min late,06:22,52min late,10h 36m,Landed
2026-03-26,GA415,GIA415,Garuda Indonesia,Jakarta,CGK,WIII,20:45,12:45,21:03,18min late,21:38,6min early,1h 35m,Landed
2026-03-26,OD177,MXD177,Malindo Air,Melbourne,MEL,YMML,20:55,12:55,21:35,40min late,06:18,38min late,5h 43m,Landed
2026-03-26,AK375,AXM375,AirAsia,Kuala Lumpur,KUL,WMKK,21:05,13:05,21:19,14min late,23:53,16min early,2h 33m,Landed
2026-03-26,TK67,THY067,Turkish Airlines,Istanbul,IST,LTFM,21:10,13:10,21:50,40min late,06:00,20min late,13h 10m,Landed
2026-03-26,QG667,CTV667,Citilink,Jakarta,CGK,WIII,21:10,13:10,21:27,17min late,22:14,4min late,1h 46m,Landed
2026-03-26,OD171,MXD171,Malindo Air,Sydney,SYD,YSSY,21:10,13:10,21:49,39min late,06:32,17min late,5h 43m,Landed
2026-03-26,QF44,QFA044,Qantas,Sydney,SYD,YSSY,21:20,13:20,21:26,6min late,06:07,7min early,5h 40m,Landed
2026-03-26,JQ60,JST060,Jetstar Airways,Brisbane,BNE,YBBN,21:30,13:30,21:38,8min late,05:11,8min early,5h 33m,Landed
2026-03-26,ID6760,BTK6760,Batik Air,Makassar,UPG,WAAA,21:30,13:30,21:55,25min late,22:58,3min late,1h 2m,Landed
2026-03-26,QZ819,AWQ819,Indonesia AirAsia,Jakarta,CGK,WIII,21:35,13:35,22:58,23min late,23:24,59min late,1h 25m,Landed
2026-03-26,SJ273,SJY273,Sriwijaya Air,Jakarta,CGK,WIII,21:35,13:35,00:31,56min late,01:04,10min early,,Landed
2026-03-26,GA425,GIA425,Garuda Indonesia,Jakarta,CGK,WIII,21:40,13:40,22:04,24min late,22:36,8min early,1h 32m,Landed
2026-03-26,KL836,KLM836,KLM Royal Dutch Airlines,Singapore,SIN,WSSS,21:40,13:40,22:54,14min late,01:06,56min late,2h 11m,Landed
2026-03-26,SQ947,SIA947,Singapore Airlines,Singapore,SIN,WSSS,21:40,13:40,22:02,22min late,00:18,2min early,2h 15m,Landed
2026-03-26,JQ117,JST117,Jetstar Airways,Perth,PER,YPPH,21:45,13:45,22:15,30min late,01:29,14min late,3h 14m,Landed
2026-03-26,OD157,MXD157,Malindo Air,Brisbane,BNE,YBBN,22:10,14:10,22:31,21min late,06:24,24min late,5h 53m,Landed
2026-03-26,JQ50,JST050,Jetstar Airways,Melbourne,AVV,YMAV,22:20,14:20,22:35,15min late,07:12,12min late,5h 36m,Landed
2026-03-26,JQ38,,Jetstar Airways,Sydney,SYD,YSSY,22:20,14:20,,,,,6h 5m,Cancelled
2026-03-26,QZ941,AWQ941,Indonesia AirAsia,Jakarta,CGK,WIII,22:35,14:35,00:22,47min late,00:51,16min late,1h 28m,Landed
2026-03-26,JT15,LNI015,Lion Air,Jakarta,CGK,WIII,22:45,14:45,23:32,47min late,00:00,20min late,1h 27m,Landed
2026-03-26,JQ128,JST128,Jetstar Airways,Adelaide,ADL,YPAD,22:50,14:50,22:53,3min late,06:02,12min early,4h 38m,Landed
2026-03-26,7C2712,JJA2712,Jeju Air,Seoul,ICN,RKSI,23:05,15:05,23:28,23min late,07:25,15min late,6h 57m,Landed
2026-03-26,3U3986,CSC3986,Sichuan Airlines,Lujia Town,TFU,ZUTF,23:10,15:10,23:42,32min late,13:51,56min late,14h 9m,Landed
2026-03-26,8B5109,TNU5109,TransNusa,Jakarta,CGK,WIII,23:10,15:10,23:46,36min late,00:15,25min late,1h 29m,Landed
2026-03-26,QG9695,CTV9695,Citilink,Surabaya,SUB,WARR,23:20,15:20,23:31,11min late,23:17,12min early,46m,Landed
2026-03-26,GA714,GIA714,Garuda Indonesia,Sydney,SYD,YSSY,23:35,15:35,23:50,15min late,09:10,35min late,6h 20m,Landed
2026-03-26,JQ42,JST042,Jetstar Airways,Melbourne,MEL,YMML,23:40,15:40,23:39,on time,08:07,22min early,5h 27m,Landed
2026-03-26,QZ420,AWQ420,Indonesia AirAsia,Adelaide,ADL,YPAD,23:45,15:45,00:18,33min late,07:37,12min late,4h 48m,Landed
2026-03-26,KE432,KAL432,Korean Air Lines,Seoul,ICN,RKSI,23:50,15:50,00:02,12min late,07:38,6min early,6h 35m,Landed
2026-03-26,QG9687,CTV9687,Citilink,Jakarta,CGK,WIII,23:55,15:55,00:21,26min late,00:52,2min early,1h 31m,Landed
2026-03-27,BX602,ABL602,Air Busan,Busan,PUS,RKPK,00:05,16:05,00:20,15min late,07:50,39min early,6h 29m,Landed
2026-03-27,TW158,TWB158,T'Way Air,Cheongju,CJJ,RKTU,00:15,16:15,00:49,34min late,08:25,15min late,6h 35m,Landed
2026-03-27,QZ943,AWQ943,Indonesia AirAsia,Jakarta,CGK,WIII,00:25,16:25,01:43,18min late,02:08,43min late,1h 25m,Landed
2026-03-27,EK399,UAE399,Emirates,Dubai,DXB,OMDB,00:25,16:25,00:37,12min late,05:44,on time,9h 7m,Landed
2026-03-27,MF892,CXA892,Xiamen Airlines,Xiamen,XMN,ZSAM,00:30,16:30,00:26,3min early,05:57,7min early,5h 31m,Landed
2026-03-27,CZ626,CSN626,China Southern Airlines,Guangzhou,CAN,ZGGG,00:40,16:40,00:44,4min late,13:07,17min late,12h 23m,Landed
2026-03-27,GA880,GIA880,Garuda Indonesia,Tokyo,NRT,RJAA,00:50,16:50,01:13,23min late,08:45,4min early,6h 32m,Landed
2026-03-27,MU5030,CES5030,China Eastern Airlines,Shanghai,PVG,ZSPD,00:55,16:55,01:10,15min late,11:17,7min late,10h 6m,Landed
2026-03-27,QZ548,AWQ548,Indonesia AirAsia,Perth,PER,YPPH,01:00,17:00,18:59,0min early,04:44,4min late,9h 45m,Landed
2026-03-27,JQ87,JST087,Jetstar Airways,Sunshine Coast,MCY,YBSU,01:05,17:05,01:15,10min late,08:54,9min late,5h 38m,Landed
2026-03-27,KE434,KAL434,Korean Air Lines,Seoul,ICN,RKSI,01:05,17:05,01:21,16min late,08:47,12min early,6h 26m,Landed
2026-03-27,PR538,PAL538,Philippine Airlines,Manila,MNL,RPLL,01:10,17:10,01:34,24min late,05:08,1min early,3h 34m,Landed
2026-03-27,8B5888,TNU5888,TransNusa,Manado,MDC,WAMM,01:30,17:30,01:40,10min late,03:54,20min early,2h 14m,Landed
2026-03-27,GA401,GIA401,Garuda Indonesia,Jakarta,CGK,WIII,07:00,23:00,07:07,7min late,07:39,20min early,1h 32m,Landed
2026-03-27,JT746,LNI746,Lion Air,Makassar,UPG,WAAA,07:00,23:00,07:15,15min late,08:15,9min early,1h 0m,Landed
2026-03-27,IU705,SJV705,SW Italia,Surabaya,SUB,WARR,07:00,23:00,07:13,13min late,06:49,11min early,36m,Landed
2026-03-27,QZ534,AWQ534,Indonesia AirAsia,Perth,PER,YPPH,07:00,23:00,07:11,11min late,10:42,7min early,3h 31m,Landed
2026-03-27,QG690,CTV690,Citilink,Surabaya,SUB,WARR,07:05,23:05,07:03,1min early,06:45,24min early,42m,Landed
2026-03-27,QZ550,AWQ550,Indonesia AirAsia,Kuala Lumpur,KUL,WMKK,07:15,23:15,07:20,5min late,09:58,11min early,2h 37m,Landed
2026-03-27,SQ949,SIA949,Singapore Airlines,Singapore,SIN,WSSS,07:20,23:20,07:27,7min late,09:43,16min early,2h 15m,Landed
2026-03-27,8B5250,TNU5250,TransNusa,Lombok,LOP,WADL,07:30,23:30,07:18,11min early,07:40,14min early,22m,Landed
2026-03-27,8B551,TNU551,Business Air,Singapore,SIN,WSSS,07:30,23:30,07:47,17min late,10:00,5min late,2h 12m,Landed
2026-03-27,QZ644,AWQ644,Indonesia AirAsia,Labuan Bajo,LBJ,WATO,07:40,23:40,07:34,5min early,08:24,30min early,50m,Landed
2026-03-27,ID6333,BTK6333,Batik Air,Labuan Bajo,LBJ,WATO,07:55,23:55,08:06,11min late,08:55,14min early,49m,Landed
2026-03-27,JT21,LNI021,Lion Air,Jakarta,CGK,WIII,08:05,00:05,05:41,23min early,08:42,17min early,4h 1m,Landed
2026-03-27,IW1858,WON1858,Wings Air,Lombok,LOP,WADL,08:05,00:05,08:18,13min late,08:47,7min early,28m,Landed
2026-03-27,QG691,CTV691,Citilink,Surabaya,SUB,WARR,08:05,00:05,08:03,1min early,07:48,26min early,45m,Landed
2026-03-27,GA686,GIA686,Garuda Indonesia,Sorong,SOQ,WASS,08:10,00:10,08:16,6min late,12:09,10min early,2h 52m,Landed
2026-03-27,HX706,CRK706,Hong Kong Airlines,Hong Kong,HKG,VHHH,08:15,00:15,08:26,11min late,13:30,15min late,5h 3m,Landed
2026-03-27,5J280,CEB280,CEBU Pacific Air,Manila,MNL,RPLL,08:35,00:35,08:56,21min late,12:32,17min early,3h 36m,Landed
2026-03-27,CZ8482,CSN8482,China Southern Airlines,Guangzhou,CAN,ZGGG,08:35,00:35,08:42,7min late,13:29,10min early,4h 46m,Landed
2026-03-27,QG500,CTV500,Citilink,Dili,DIL,WPDL,08:50,00:50,08:59,9min late,11:41,13min early,1h 42m,Landed
2026-03-27,IW1882,WON1882,Wings Air,Sumbawa Besar,SWQ,WADS,08:55,00:55,12:01,6min late,12:49,49min late,47m,Landed
2026-03-27,IW3330,WON3330,Wings Air,,,,09:00,01:00,10:46,46min late,13:10,25min late,2h 23m,Landed
2026-03-27,IN640,LKN640,NAM Air,Tambolaka,TMC,WADT,09:10,01:10,09:36,26min late,10:22,12min late,45m,Landed
2026-03-27,SJ740,,Sriwijaya Air,Waingapu,WGP,WADW,09:10,01:10,,,,,1h 20m,
2026-03-27,8B5105,TNU5105,TransNusa,Jakarta,CGK,WIII,09:15,01:15,09:33,18min late,10:00,on time,1h 27m,Landed
2026-03-27,IW1848,WON1848,Wings Air,Lombok,LOP,WADL,09:25,01:25,10:41,16min late,11:11,56min late,29m,Landed
2026-03-27,ID6007,BTK6007,Batik Air,Perth,PER,YPPH,09:30,01:30,09:39,9min late,12:58,16min early,3h 19m,Landed
2026-03-27,QG9663,CTV9663,Citilink,Jakarta,CGK,WIII,09:35,01:35,09:58,23min late,10:31,3min early,1h 33m,Landed
2026-03-27,8B5634,TNU5634,TransNusa,Bima,BMU,WADB,09:35,01:35,09:51,16min late,10:34,on time,42m,Landed
2026-03-27,8B80,TNU080,TransNusa,Perth,PER,YPPH,09:40,01:40,09:54,14min late,13:13,11min early,3h 19m,Landed
2026-03-27,ID6324,BTK6324,Batik Air,Tambolaka,TMC,WADT,09:40,01:40,09:48,8min late,10:32,22min early,44m,Landed
2026-03-27,IU122,SJV122,SW Italia,Yogyakarta,YIA,WAHI,10:00,02:00,10:19,19min late,10:27,2min early,1h 7m,Landed
2026-03-27,IU128,SJV128,SW Italia,Surakarta,SOC,WAHQ,10:00,02:00,10:38,38min late,12:26,6min late,2h 47m,Landed
2026-03-27,SU297,AFL297,Aeroflot,Moscow,SVO,UUEE,10:05,02:05,10:53,48min late,18:36,41min late,12h 42m,Landed
2026-03-27,JQ126,JST126,Jetstar Airways,Adelaide,ADL,YPAD,10:15,02:15,10:34,19min late,17:39,5min early,4h 34m,Landed
2026-03-27,8B5101,TNU5101,TransNusa,Jakarta,CGK,WIII,10:30,02:30,12:26,56min late,13:05,50min late,1h 38m,Landed
2026-03-27,SQ935,SIA935,Singapore Airlines,Singapore,SIN,WSSS,10:30,02:30,11:03,33min late,13:12,2min late,2h 8m,Landed
2026-03-27,JT924,LNI924,Lion Air,Kupang,KOE,WATT,10:35,02:35,11:15,40min late,12:41,16min late,1h 25m,Landed
2026-03-27,8G182,DTL182,Mid Africa Aviation,Dili,DIL,WPDL,10:35,02:35,10:55,20min late,13:36,6min late,1h 40m,Landed
2026-03-27,JT805,LNI805,Lion Air,Surabaya,SUB,WARR,10:35,02:35,11:25,50min late,11:06,31min late,40m,Landed
2026-03-27,JT33,LNI033,Lion Air,Jakarta,CGK,WIII,10:35,02:35,17:45,10min late,18:39,9min late,1h 54m,Landed
2026-03-27,QZ646,AWQ646,Indonesia AirAsia,Labuan Bajo,LBJ,WATO,11:00,03:00,11:36,36min late,12:30,10min late,54m,Landed
2026-03-27,QG197,CTV197,Citilink,Jakarta,HLP,WIHH,11:10,03:10,11:26,16min late,12:04,4min late,1h 37m,Landed
2026-03-27,TR281,TGW281,Scoot,Singapore,SIN,WSSS,11:10,03:10,11:12,2min late,13:25,24min early,2h 12m,Landed
2026-03-27,JQ40,JST040,Jetstar Airways,Sydney,SYD,YSSY,11:15,03:15,11:44,29min late,21:00,45min late,6h 15m,Landed
2026-03-27,QZ780,AWQ780,Indonesia AirAsia,Balikpapan,BPN,WALL,11:30,03:30,12:17,47min late,13:35,20min late,1h 18m,Landed
2026-03-27,6E1606,IGO1606,IndiGo,Bangalore,BLR,VOBL,11:30,03:30,11:18,11min early,15:26,8min early,6h 37m,Landed
2026-03-27,JQ32,JST032,Jetstar Airways,Melbourne,MEL,YMML,11:30,03:30,11:50,20min late,20:14,4min late,5h 23m,Landed
2026-03-27,OD172,MXD172,Malindo Air,Kuala Lumpur,KUL,WMKK,11:35,03:35,13:01,26min late,15:43,58min late,2h 42m,Landed
2026-03-27,IW1902,WON1902,Wings Air,Jember,JBB,WARE,11:40,03:40,15:45,5min late,15:20,20min late,35m,Landed
2026-03-27,IW1964,WON1964,Wings Air,Lombok,LOP,WADL,11:40,03:40,15:03,23min late,15:24,54min late,21m,Landed
2026-03-27,JQ109,JST109,Jetstar Airways,Perth,PER,YPPH,11:45,03:45,12:06,21min late,15:30,4min early,3h 24m,Landed
2026-03-27,ID6331,BTK6331,Batik Air,Labuan Bajo,LBJ,WATO,11:45,03:45,11:59,14min late,12:52,7min early,52m,Landed
2026-03-27,JT31,LNI031,Lion Air,Jakarta,CGK,WIII,11:55,03:55,12:07,12min late,12:32,17min early,1h 25m,Landed
2026-03-27,GA407,GIA407,Garuda Indonesia,Jakarta,CGK,WIII,11:55,03:55,12:25,30min late,13:01,6min late,1h 36m,Landed
2026-03-27,FD397,AIQ397,Thai AirAsia,Bangkok,DMK,VTBD,12:00,04:00,12:35,35min late,15:36,16min late,4h 0m,Landed
2026-03-27,SQ937,SIA937,Singapore Airlines,Singapore,SIN,WSSS,12:05,04:05,12:21,16min late,14:37,18min early,2h 15m,Landed
2026-03-27,GA253,GIA253,Garuda Indonesia,Yogyakarta,YIA,WAHI,12:05,04:05,12:41,36min late,12:43,11min early,1h 2m,Landed
2026-03-27,OD192,MXD192,Malindo Air,Kuala Lumpur,KUL,WMKK,12:10,04:10,13:07,57min late,15:45,25min late,2h 38m,Landed
2026-03-27,SJ742,,Sriwijaya Air,Tambolaka,TMC,WADT,12:10,04:10,12:10,on time,13:10,,1h 0m,Landed
2026-03-27,OD178,MXD178,Malindo Air,Kuala Lumpur,KUL,WMKK,12:15,04:15,12:38,23min late,15:15,9min early,2h 37m,Landed
2026-03-27,QG697,CTV697,Citilink,Surabaya,SUB,WARR,12:20,04:20,12:30,10min late,12:22,7min early,51m,Landed
2026-03-27,QZ540,AWQ540,Indonesia AirAsia,Darwin,DRW,YPDN,12:30,04:30,12:45,15min late,16:47,2min early,2h 32m,Landed
2026-03-27,JQ1038,JST1038,Jetstar Airways,Sydney,SYD,YSSY,12:40,04:40,13:31,51min late,22:29,39min late,5h 58m,Landed
2026-03-27,8B5254,TNU5254,Business Air,Lombok,LOP,WADL,12:40,04:40,13:02,22min late,13:28,8min late,26m,Landed
2026-03-27,QZ556,AWQ556,Indonesia AirAsia,Kuala Lumpur,KUL,WMKK,12:40,04:40,13:02,22min late,15:30,4min early,2h 28m,Landed
2026-03-27,IP103,PAS103,Pelita Air Service,Jakarta,CGK,WIII,12:45,04:45,12:49,4min late,13:30,4min early,1h 40m,Landed
2026-03-27,OD158,MXD158,Malindo Air,Kuala Lumpur,KUL,WMKK,12:45,04:45,13:27,42min late,16:16,21min late,2h 48m,Landed
2026-03-27,SQ939,SIA939,Singapore Airlines,Singapore,SIN,WSSS,13:00,05:00,13:16,16min late,15:37,12min early,2h 21m,Landed
2026-03-27,AK365,AXM365,AirAsia,Kuala Lumpur,KUL,WMKK,13:05,05:05,13:34,29min late,16:15,5min late,2h 41m,Landed
2026-03-27,MH714,MAS714,Malaysia Airlines,Kuala Lumpur,KUL,WMKK,13:10,05:10,13:38,28min late,16:30,25min late,2h 52m,Landed
2026-03-27,JT35,LNI035,Lion Air,Jakarta,CGK,WIII,13:15,05:15,13:43,28min late,14:14,4min late,1h 30m,Landed
2026-03-27,GA409,GIA409,Garuda Indonesia,Jakarta,CGK,WIII,13:25,05:25,13:48,23min late,14:19,5min early,1h 31m,Landed
2026-03-27,JQ58,JST058,Jetstar Airways,Brisbane,BNE,YBBN,13:30,05:30,23:17,47min late,06:42,17min late,5h 24m,Landed
2026-03-27,JT660,LNI660,Lion Air,Balikpapan,BPN,WALL,13:30,05:30,13:51,21min late,15:21,6min late,1h 30m,Landed
2026-03-27,QZ811,AWQ811,Indonesia AirAsia,Jakarta,CGK,WIII,13:40,05:40,14:54,14min late,15:24,54min late,1h 30m,Landed
2026-03-27,ID6509,BTK6509,Batik Air,Jakarta,CGK,WIII,13:45,05:45,13:52,7min late,14:23,16min early,1h 30m,Landed
2026-03-27,8B5107,TNU5107,TransNusa,Jakarta,CGK,WIII,13:50,05:50,18:05,15min late,18:42,7min late,1h 36m,Landed
2026-03-27,JT919,LNI919,Lion Air,Surabaya,SUB,WARR,13:55,05:55,15:37,42min late,06:44,49min late,16h 7m,Landed
2026-03-27,QG687,CTV687,Citilink,Jakarta,CGK,WIII,14:00,06:00,14:23,23min late,15:00,on time,1h 36m,Landed
2026-03-27,IU137,SJV137,SW Italia,Kupang,KOE,WATT,14:00,06:00,14:38,38min late,16:18,28min late,1h 39m,Landed
2026-03-27,6E1612,IGO1612,IndiGo,Bhubaneswar,BBI,VEBS,14:00,06:00,14:29,29min late,18:00,20min late,6h 1m,Landed
2026-03-27,8B82,TNU082,TransNusa,Perth,PER,YPPH,14:00,06:00,14:51,51min late,18:21,41min late,3h 29m,Landed
2026-03-27,QZ544,AWQ544,Indonesia AirAsia,Perth,PER,YPPH,14:00,06:00,14:07,7min late,17:30,19min early,3h 23m,Landed
2026-03-27,QG342,CTV342,Citilink,Makassar,UPG,WAAA,14:00,06:00,14:11,11min late,15:35,5min late,1h 23m,Landed
2026-03-27,VJ894,VJC894,VietJet Air,Ho Chi Minh City,SGN,VVTS,14:05,06:05,14:13,8min late,16:28,36min early,3h 15m,Landed
2026-03-27,QZ480,AWQ480,Indonesia AirAsia,Da Nang,DAD,VVDN,14:15,06:15,15:30,15min late,18:35,40min late,4h 5m,Landed
2026-03-27,ID6517,BTK6517,Batik Air,Jakarta,CGK,WIII,14:15,06:15,15:12,57min late,15:42,32min late,1h 29m,Landed
2026-03-27,IU130,SJV130,SW Italia,Semarang,SRG,WIIS,14:15,06:15,14:59,44min late,17:01,26min late,3h 1m,Landed
2026-03-27,ID7308,BTK7308,Batik Air,Jakarta,HLP,WIHH,14:20,06:20,15:33,13min late,16:10,0min late,1h 37m,Landed
2026-03-27,QZ506,AWQ506,Indonesia AirAsia,Singapore,SIN,WSSS,14:25,06:25,13:15,9min early,18:19,59min late,5h 4m,Landed
2026-03-27,TR289,TGW289,Scoot,Singapore,SIN,WSSS,14:35,06:35,14:48,13min late,17:06,23min early,2h 18m,Landed
2026-03-27,OD307,MXD307,Malindo Air,Kuala Lumpur,KUL,WMKK,14:50,06:50,15:42,52min late,18:27,32min late,2h 44m,Landed
2026-03-27,JQ44,JST044,Jetstar Airways,Melbourne,MEL,YMML,14:55,06:55,15:25,30min late,23:51,16min late,5h 25m,Landed
2026-03-27,JT844,LNI844,Lion Air,Banjarmasin,BDJ,WAOO,15:00,07:00,16:14,14min late,17:18,48min late,1h 4m,Landed
2026-03-27,IU120,SJV120,SW Italia,Yogyakarta,YIA,WAHI,15:00,07:00,17:18,18min late,17:26,56min late,1h 7m,Landed
2026-03-27,QG681,CTV681,Citilink,Jakarta,CGK,WIII,15:00,07:00,15:09,9min late,15:39,20min early,1h 29m,Landed
2026-03-27,VA48,VOZ048,Virgin Australia,Brisbane,BNE,YBBN,15:00,07:00,15:22,22min late,22:50,4min early,5h 27m,Landed
2026-03-27,AI2148,AIC2148,Air India,Delhi,DEL,VIDP,15:10,07:10,16:11,1min late,21:11,6min late,7h 29m,Landed
2026-03-27,GA842,GIA842,Garuda Indonesia,Singapore,SIN,WSSS,15:15,07:15,15:19,4min late,17:57,2min early,2h 38m,Landed
2026-03-27,JQ86,JST086,Jetstar Airways,Singapore,SIN,WSSS,15:20,07:20,15:51,31min late,18:21,26min late,2h 30m,Landed
2026-03-27,AK377,AXM377,AirAsia,Kuala Lumpur,KUL,WMKK,15:25,07:25,17:21,56min late,20:14,49min late,2h 53m,Landed
2026-03-27,JT740,LNI740,Lion Air,Makassar,UPG,WAAA,15:30,07:30,16:23,53min late,17:27,32min late,1h 4m,Landed
2026-03-27,GA411,GIA411,Garuda Indonesia,Jakarta,CGK,WIII,15:35,07:35,15:40,5min late,16:13,26min early,1h 32m,Landed
2026-03-27,VJ898,VJC898,VietJet Air,Ho Chi Minh City,SGN,VVTS,15:35,07:35,16:29,54min late,18:49,24min late,3h 19m,Landed
2026-03-27,IW1850,WON1850,Wings Air,Lombok,LOP,WADL,15:40,07:40,17:59,19min late,18:27,57min late,28m,Landed
2026-03-27,SJ717,SJY717,Sriwijaya Air,Makassar,UPG,WAAA,15:40,07:40,16:33,53min late,17:38,38min late,1h 5m,Landed
2026-03-27,CI772,CAL772,China Airlines,Taipei,TPE,RCTP,15:45,07:45,16:06,21min late,20:54,10min early,4h 48m,Landed
2026-03-27,VA92,VOZ092,Virgin Australia,Melbourne,MEL,YMML,15:50,07:50,17:08,18min late,01:51,21min late,5h 43m,Landed
2026-03-27,QZ536,AWQ536,Indonesia AirAsia,Perth,PER,YPPH,16:00,08:00,16:38,38min late,20:13,28min late,3h 34m,Landed
2026-03-27,IP109,PAS109,Pelita Air Service,Jakarta,CGK,WIII,16:00,08:00,16:02,2min late,16:38,11min early,1h 35m,Landed
2026-03-27,QG661,CTV661,Citilink,Jakarta,CGK,WIII,16:00,08:00,16:07,7min late,17:03,3min late,1h 56m,Landed
2026-03-27,VN640,HVN640,Vietnam Airlines,Ho Chi Minh City,SGN,VVTS,16:05,08:05,16:35,30min late,18:53,1min early,3h 17m,Landed
2026-03-27,QG669,CTV669,Citilink,Surabaya,SUB,WARR,16:10,08:10,16:33,23min late,16:31,11min late,57m,Landed
2026-03-27,TG432,THA432,Thai Airways International,Bangkok,BKK,VTBS,16:10,08:10,16:22,12min late,19:01,23min early,3h 38m,Landed
2026-03-27,CX784,CPA784,Cathay Pacific,Hong Kong,HKG,VHHH,16:20,08:20,16:27,7min late,20:56,28min early,4h 28m,Landed
2026-03-27,MH850,MAS850,Malaysia Airlines,Kuala Lumpur,KUL,WMKK,16:25,08:25,16:47,22min late,19:37,2min late,2h 50m,Landed
2026-03-27,IW1852,WON1852,Wings Air,Lombok,LOP,WADL,16:30,08:30,18:22,52min late,18:45,25min late,22m,Landed
2026-03-27,GA427,GIA427,Garuda Indonesia,Jakarta,CGK,WIII,16:35,08:35,16:49,14min late,17:29,on time,1h 40m,Landed
2026-03-27,BR256,EVA256,EVA Airways,Taipei,TPE,RCTP,16:40,08:40,16:57,17min late,21:47,2min late,4h 49m,Landed
2026-03-27,JT744,LNI744,Lion Air,Makassar,UPG,WAAA,16:40,08:40,17:48,8min late,18:52,47min late,1h 4m,Landed
2026-03-27,IU703,SJV703,SW Italia,Surabaya,SUB,WARR,16:40,08:40,16:22,17min early,18:04,24min late,2h 42m,Landed
2026-03-27,GA349,GIA349,Garuda Indonesia,Surabaya,SUB,WARR,16:55,08:55,17:19,24min late,17:02,7min early,43m,Landed
2026-03-27,IU273,SJV273,SW Italia,Pontianak,PNK,WIOO,17:00,09:00,19:06,6min late,19:45,40min late,1h 38m,Landed
2026-03-27,ID6335,BTK6335,Batik Air,Labuan Bajo,LBJ,WATO,17:00,09:00,17:34,34min late,18:24,9min late,49m,Landed
2026-03-27,VJ998,VJC998,VietJet Air,Hanoi,HAN,VVNB,17:25,09:25,17:26,1min late,21:17,17min early,4h 51m,Landed
2026-03-27,GA419,GIA419,Garuda Indonesia,Jakarta,CGK,WIII,17:25,09:25,17:38,13min late,18:16,8min early,1h 38m,Landed
2026-03-27,HO1356,DKH1356,Juneyao Airlines,Shanghai,PVG,ZSPD,17:25,09:25,17:41,16min late,23:40,9min early,5h 59m,Landed
2026-03-27,JQ82,JST082,Jetstar Airways,Darwin,DRW,YPDN,17:30,09:30,13:37,52min early,22:01,21min late,6h 54m,Landed
2026-03-27,TR211,TGW211,Scoot,Singapore,SIN,WSSS,17:35,09:35,17:57,22min late,20:24,21min early,2h 26m,Landed
2026-03-27,IP107,PAS107,Pelita Air Service,Jakarta,CGK,WIII,17:40,09:40,17:51,11min late,18:39,9min late,1h 47m,Landed
2026-03-27,AK368,AXM368,AirAsia,Kuala Lumpur,KUL,WMKK,17:45,09:45,18:12,27min late,20:53,3min late,2h 40m,Landed
2026-03-27,IU126,SJV126,SW Italia,Surakarta,SOC,WAHQ,18:10,10:10,19:16,6min late,19:17,47min late,1h 1m,Landed
2026-03-27,OD193,MXD193,Malindo Air,Perth,PER,YPPH,18:10,10:10,18:35,25min late,21:53,8min late,3h 17m,Landed
2026-03-27,EY477,ETD477,Etihad Airways,Abu Dhabi,AUH,OMAA,18:30,10:30,19:00,30min late,13:42,12min late,22h 42m,Landed
2026-03-27,IN281,LKN281,Nam Air,Jakarta,CGK,WIII,18:30,10:30,19:17,47min late,19:53,43min late,1h 36m,Landed
2026-03-27,IP111,PAS111,Pelita Air Service,Jakarta,CGK,WIII,18:35,10:35,18:54,19min late,19:29,4min late,1h 34m,Landed
2026-03-27,GA417,GIA417,Garuda Indonesia,Jakarta,CGK,WIII,18:40,10:40,19:11,31min late,19:46,6min late,1h 34m,Landed
2026-03-27,CX782,CPA782,Cathay Pacific,Hong Kong,HKG,VHHH,18:40,10:40,18:57,17min late,23:23,21min early,4h 25m,Landed
2026-03-27,QZ504,AWQ504,Indonesia AirAsia,Singapore,SIN,WSSS,18:40,10:40,20:12,32min late,22:31,11min late,2h 19m,Landed
2026-03-27,ID6415,BTK6415,Batik Air,Surabaya,SUB,WARR,18:45,10:45,19:53,8min late,19:33,48min late,39m,Landed
2026-03-27,NZ291,ANZ291,Air New Zealand,Auckland,AKL,NZAA,18:50,10:50,19:33,43min late,07:54,on time,7h 20m,Landed
2026-03-27,6E1608,IGO1608,IndiGo,Chennai,MAA,VOMM,18:50,10:50,19:31,41min late,22:50,20min late,5h 49m,Landed
2026-03-27,8B5258,TNU5258,TransNusa,Lombok,LOP,WADL,18:55,10:55,19:28,33min late,19:45,10min late,16m,Landed
2026-03-27,TG440,THA440,Thai Airways International,Bangkok,BKK,VTBS,19:00,11:00,19:26,26min late,22:33,18min late,4h 6m,Landed
2026-03-27,MH852,MAS852,Malaysia Airlines,Kuala Lumpur,KUL,WMKK,19:15,11:15,19:39,24min late,22:19,4min late,2h 39m,Landed
2026-03-27,QZ809,AWQ809,Indonesia AirAsia,Jakarta,CGK,WIII,19:15,11:15,21:43,28min late,22:16,1min late,1h 33m,Landed
2026-03-27,AK379,AXM379,AirAsia,Kuala Lumpur,KUL,WMKK,19:15,11:15,20:43,28min late,23:25,5min late,2h 41m,Landed
2026-03-27,ID7310,BTK7310,Batik Air,Jakarta,HLP,WIHH,19:25,11:25,21:01,36min late,21:28,13min late,1h 27m,Landed
2026-03-27,QG689,CTV689,Citilink,Jakarta,CGK,WIII,19:30,11:30,19:45,15min late,20:19,10min early,1h 33m,Landed
2026-03-27,QG699,CTV699,Citilink,Surabaya,SUB,WARR,19:30,11:30,20:01,31min late,19:54,14min late,52m,Landed
2026-03-27,JQ107,JST107,Jetstar Airways,Perth,PER,YPPH,19:45,11:45,20:35,50min late,23:46,26min late,3h 10m,Landed
2026-03-27,EK369,UAE369,Emirates,Dubai,DXB,OMDB,19:50,11:50,20:00,10min late,01:12,2min late,9h 11m,Landed
2026-03-27,IU133,SJV133,SW Italia,Semarang,SRG,WIIS,19:50,11:50,20:04,14min late,20:03,6min early,59m,Landed
2026-03-27,QZ807,AWQ807,Indonesia AirAsia,Jakarta,CGK,WIII,20:00,12:00,20:23,23min late,20:55,4min early,1h 32m,Landed
2026-03-27,TR283,TGW283,Scoot,Singapore,SIN,WSSS,20:05,12:05,20:15,10min late,22:30,10min early,2h 14m,Landed
2026-03-27,SL259,TLM259,Thai Lion Air,Bangkok,DMK,VTBD,20:05,12:05,20:19,14min late,23:15,9min early,3h 55m,Landed
2026-03-27,QG195,CTV195,Citilink,Jakarta,HLP,WIHH,20:10,12:10,20:31,21min late,21:01,3min early,1h 30m,Landed
2026-03-27,QZ410,AWQ410,Indonesia AirAsia,Melbourne,MEL,YMML,20:10,12:10,20:33,23min late,05:22,22min late,5h 49m,Landed
2026-03-27,JT923,LNI923,Lion Air,Surabaya,SUB,WARR,20:15,12:15,23:14,59min late,22:59,44min late,45m,Landed
2026-03-27,SQ945,SIA945,Singapore Airlines,Singapore,SIN,WSSS,20:15,12:15,20:26,11min late,22:58,3min late,2h 31m,Landed
2026-03-27,GA718,GIA718,Garuda Indonesia,Melbourne,MEL,YMML,20:20,12:20,20:38,18min late,05:32,32min late,5h 53m,Landed
2026-03-27,JQ34,JST034,Jetstar Airways,Melbourne,MEL,YMML,20:20,12:20,20:42,22min late,05:07,12min late,5h 24m,Landed
2026-03-27,ID6413,BTK6413,Batik Air,Surabaya,SUB,WARR,20:30,12:30,20:53,23min late,07:48,18min late,11h 54m,Landed
2026-03-27,GA415,GIA415,Garuda Indonesia,Jakarta,CGK,WIII,20:45,12:45,20:57,12min late,21:27,17min early,1h 30m,Landed
2026-03-27,OD177,MXD177,Malindo Air,Melbourne,MEL,YMML,20:55,12:55,21:45,50min late,06:27,47min late,5h 42m,Landed
2026-03-27,AK375,AXM375,AirAsia,Kuala Lumpur,KUL,WMKK,21:05,13:05,21:21,16min late,00:12,2min late,2h 50m,Landed
2026-03-27,IP105,PAS105,Pelita Air Service,Jakarta,CGK,WIII,21:10,13:10,21:05,4min early,21:41,1min late,1h 35m,Landed
2026-03-27,QG667,CTV667,Citilink,Jakarta,CGK,WIII,21:10,13:10,21:41,31min late,22:24,14min late,1h 42m,Landed
2026-03-27,OD171,MXD171,Malindo Air,Sydney,SYD,YSSY,21:10,13:10,22:30,20min late,07:23,8min late,5h 53m,Landed
2026-03-27,TK67,THY067,Turkish Airlines,Istanbul,IST,LTFM,21:10,13:10,22:21,11min late,06:11,31min late,12h 49m,Landed
2026-03-27,JT11,LNI011,Lion Air,Jakarta,CGK,WIII,21:15,13:15,18:49,25min early,19:50,19min early,2h 1m,Landed
2026-03-27,QF44,QFA044,Qantas,Sydney,SYD,YSSY,21:20,13:20,21:19,on time,06:12,2min early,5h 53m,Landed
2026-03-27,ID6760,BTK6760,Batik Air,Makassar,UPG,WAAA,21:30,13:30,21:36,6min late,22:37,17min early,1h 0m,Landed
2026-03-27,SJ273,SJY273,Sriwijaya Air,Jakarta,CGK,WIII,21:35,13:35,01:11,36min late,01:39,35min early,,Landed
2026-03-27,QZ819,,Indonesia AirAsia,Jakarta,CGK,WIII,21:35,13:35,21:35,,22:25,,1h 50m,Landed
2026-03-27,GA425,GIA425,Garuda Indonesia,Jakarta,CGK,WIII,21:40,13:40,22:02,22min late,22:40,4min early,1h 38m,Landed
2026-03-27,KL836,KLM836,KLM Royal Dutch Airlines,Singapore,SIN,WSSS,21:40,13:40,21:59,19min late,00:08,1min early,2h 9m,Landed
2026-03-27,SQ947,SIA947,Singapore Airlines,Singapore,SIN,WSSS,21:40,13:40,21:54,14min late,00:11,9min early,2h 16m,Landed
2026-03-27,JQ117,JST117,Jetstar Airways,Perth,PER,YPPH,21:45,13:45,22:21,36min late,01:52,37min late,3h 31m,Landed
2026-03-27,VA94,VOZ094,Virgin Australia,Melbourne,MEL,YMML,22:00,14:00,22:43,43min late,07:07,27min late,5h 24m,Landed
2026-03-27,TK311,THY311,Turkish Airlines,Istanbul,IST,LTFM,22:00,14:00,22:11,11min late,06:16,8min early,13h 5m,Landed
2026-03-27,QF46,QFA046,Qantas,Melbourne,MEL,YMML,22:05,14:05,15:17,47min early,06:34,15min early,12h 16m,Landed
2026-03-27,SV857,SVA857,Saudi Arabian Airlines,Singapore,SIN,WSSS,22:05,14:05,22:25,20min late,00:37,7min early,2h 12m,Landed
2026-03-27,JQ38,JST038,Jetstar Airways,Sydney,SYD,YSSY,22:20,14:20,23:37,17min late,08:35,5min late,5h 58m,Landed
2026-03-27,JQ50,JST050,Jetstar Airways,Melbourne,AVV,YMAV,22:20,14:20,22:52,32min late,07:28,28min late,5h 36m,Landed
2026-03-27,VA66,VOZ066,Virgin Australia,Sydney,SYD,YSSY,22:30,14:30,15:32,57min early,07:35,4min early,13h 3m,Landed
2026-03-27,JT15,LNI015,Lion Air,Jakarta,CGK,WIII,22:45,14:45,23:55,10min late,00:26,46min late,1h 31m,Landed
2026-03-27,JQ128,JST128,Jetstar Airways,Adelaide,ADL,YPAD,22:50,14:50,23:47,57min late,07:11,56min late,4h 53m,Landed
2026-03-27,7C2712,JJA2712,Jeju Air,Seoul,ICN,RKSI,23:05,15:05,23:10,5min late,06:58,11min early,6h 48m,Landed
2026-03-27,JQ91,JST091,Jetstar Airways,Cairns,CNS,YBCS,23:10,15:10,23:54,44min late,06:21,36min late,4h 27m,Landed
2026-03-27,3U3986,CSC3986,Sichuan Airlines,Lujia Town,TFU,ZUTF,23:10,15:10,01:16,6min late,14:38,43min late,13h 22m,Landed
2026-03-27,8B5109,TNU5109,TransNusa,Jakarta,CGK,WIII,23:10,15:10,01:10,0min late,01:41,51min late,1h 31m,Landed
2026-03-27,JQ89,JST089,Jetstar Airways,Newcastle,NTL,YWLM,23:20,15:20,00:16,56min late,09:03,48min late,5h 47m,Landed
2026-03-27,QG9695,CTV9695,Citilink,Surabaya,SUB,WARR,23:20,15:20,20:09,10min early,23:37,7min late,4h 27m,Landed
2026-03-27,VA82,VOZ082,Virgin Australia,Gold Coast,OOL,YBCG,23:20,15:20,00:18,58min late,07:59,49min late,5h 41m,Landed
2026-03-27,QZ941,,Indonesia AirAsia,Jakarta,CGK,WIII,23:35,15:35,23:35,,00:35,,2h 0m,Landed
2026-03-27,GA714,GIA714,Garuda Indonesia,Sydney,SYD,YSSY,23:35,15:35,23:59,24min late,08:56,21min late,5h 56m,Landed
2026-03-27,QZ420,AWQ420,Indonesia AirAsia,Adelaide,ADL,YPAD,23:45,15:45,21:38,6min early,07:25,on time,7h 16m,Landed
2026-03-27,KE432,KAL432,Korean Air Lines,Seoul,ICN,RKSI,23:50,15:50,00:12,22min late,08:03,18min late,6h 50m,Landed
2026-03-27,JQ94,JST094,Jetstar Airways,Gold Coast,OOL,YBCG,23:55,15:55,00:28,33min late,08:14,49min late,5h 45m,Landed
2026-03-27,QG9687,CTV9687,Citilink,Jakarta,CGK,WIII,23:55,15:55,00:10,15min late,00:53,1min early,1h 42m,Landed
2026-03-27,QZ945,AWQ945,Indonesia AirAsia,Jakarta,CGK,WIII,23:55,15:55,01:20,25min late,01:50,55min late,1h 30m,Landed
2026-03-28,BX602,ABL602,Air Busan,Busan,PUS,RKPK,00:05,16:05,00:20,15min late,07:50,39min early,6h 29m,Landed
2026-03-28,8B84,TNU084,TransNusa,Perth,PER,YPPH,00:20,16:20,01:17,57min late,04:31,26min late,3h 14m,Landed
2026-03-28,EK399,UAE399,Emirates,Dubai,DXB,OMDB,00:25,16:25,01:04,39min late,06:03,18min late,8h 58m,Landed
2026-03-28,MF892,CXA892,Xiamen Airlines,Xiamen,XMN,ZSAM,00:30,16:30,01:01,31min late,15:41,36min late,14h 39m,Landed
2026-03-28,CZ626,CSN626,China Southern Airlines,Guangzhou,CAN,ZGGG,00:40,16:40,00:40,on time,05:18,36min early,4h 37m,Landed
2026-03-28,GA880,GIA880,Garuda Indonesia,Tokyo,NRT,RJAA,00:50,16:50,01:10,20min late,08:37,12min early,6h 27m,Landed
2026-03-28,MU5030,CES5030,China Eastern Airlines,Shanghai,PVG,ZSPD,00:55,16:55,01:08,13min late,07:06,53min early,5h 58m,Landed
2026-03-28,5J282,CEB282,CEBU Pacific Air,Manila,MNL,RPLL,01:00,17:00,01:05,5min late,05:06,8min early,4h 0m,Landed
2026-03-28,QZ548,AWQ548,Indonesia AirAsia,Perth,PER,YPPH,01:00,17:00,21:57,2min early,05:34,49min late,7h 36m,Landed
2026-03-28,SJ726,,Sriwijaya Air,Makassar,UPG,WAAA,01:00,17:00,,,,,1h 20m,
2026-03-28,KE434,KAL434,Korean Air Lines,Seoul,ICN,RKSI,01:05,17:05,01:22,17min late,08:57,12min early,6h 35m,Landed
2026-03-28,PR538,PAL538,Philippine Airlines,Manila,MNL,RPLL,01:10,17:10,01:26,16min late,04:56,18min early,3h 30m,Landed
2026-03-28,8B5888,TNU5888,TransNusa,Manado,MDC,WAMM,01:30,17:30,01:42,12min late,23:28,13min late,21h 45m,Landed
2026-03-28,QR853,,Qatar Airways,Kuala Lumpur,KUL,WMKK,06:45,22:45,,,,,3h 5m,
2026-03-28,IU705,SJV705,SW Italia,Surabaya,SUB,WARR,07:00,23:00,07:17,17min late,06:54,6min early,36m,Landed
2026-03-28,JT746,LNI746,Lion Air,Makassar,UPG,WAAA,07:00,23:00,07:15,15min late,13:36,11min late,6h 21m,Landed
2026-03-28,QZ534,AWQ534,Indonesia AirAsia,Perth,PER,YPPH,07:00,23:00,07:12,12min late,10:25,24min early,3h 13m,Landed
2026-03-28,GA401,GIA401,Garuda Indonesia,Jakarta,CGK,WIII,07:00,23:00,07:08,8min late,07:44,15min early,1h 35m,Landed
2026-03-28,JQ82,JST082,Jetstar Airways,Darwin,DRW,YPDN,07:00,23:00,07:10,10min late,11:01,13min early,2h 21m,Landed
2026-03-28,QZ807,AWQ807,Indonesia AirAsia,Jakarta,CGK,WIII,07:00,23:00,07:15,15min late,07:44,15min early,1h 29m,Landed
2026-03-28,QG690,CTV690,Citilink,Surabaya,SUB,WARR,07:05,23:05,06:59,5min early,06:46,23min early,47m,Landed
2026-03-28,QZ550,AWQ550,Indonesia AirAsia,Kuala Lumpur,KUL,WMKK,07:15,23:15,07:28,13min late,10:04,5min early,2h 35m,Landed
2026-03-28,SQ949,SIA949,Singapore Airlines,Singapore,SIN,WSSS,07:20,23:20,07:19,on time,09:38,21min early,2h 18m,Landed
2026-03-28,8B5250,TNU5250,TransNusa,Lombok,LOP,WADL,07:30,23:30,07:43,13min late,08:11,16min late,28m,Landed
2026-03-28,8B551,TNU551,Business Air,Singapore,SIN,WSSS,07:30,23:30,07:21,8min early,09:42,12min early,2h 20m,Landed
2026-03-28,QZ644,AWQ644,Indonesia AirAsia,Labuan Bajo,LBJ,WATO,07:40,23:40,07:47,7min late,08:36,18min early,49m,Landed
2026-03-28,ID6333,BTK6333,Batik Air,Labuan Bajo,LBJ,WATO,07:55,23:55,08:03,8min late,08:59,10min early,56m,Landed
2026-03-28,IW1858,WON1858,Wings Air,Lombok,LOP,WADL,08:05,00:05,08:26,21min late,09:00,5min late,33m,Landed
2026-03-28,QG691,CTV691,Citilink,Surabaya,SUB,WARR,08:05,00:05,08:09,4min late,12:40,25min late,5h 31m,Landed
2026-03-28,JT21,LNI021,Lion Air,Jakarta,CGK,WIII,08:05,00:05,,,,,1h 33m,Diverted
2026-03-28,HX706,CRK706,Hong Kong Airlines,Hong Kong,HKG,VHHH,08:15,00:15,02:20,54min early,13:05,9min early,10h 45m,Landed
2026-03-28,5J280,CEB280,CEBU Pacific Air,Manila,MNL,RPLL,08:35,00:35,08:33,1min early,12:09,40min early,3h 35m,Landed
2026-03-28,CZ8482,CSN8482,China Southern Airlines,Guangzhou,CAN,ZGGG,08:35,00:35,08:35,on time,13:50,14min early,5h 14m,Landed
2026-03-28,IW1854,WON1854,Wings Air,Lombok,LOP,WADL,08:45,00:45,08:45,on time,09:09,25min early,24m,Landed
2026-03-28,QG500,CTV500,Citilink,Dili,DIL,WPDL,08:50,00:50,08:49,on time,11:32,22min early,1h 43m,Landed
2026-03-28,IW1882,WON1882,Wings Air,Sumbawa Besar,SWQ,WADS,08:55,00:55,09:14,19min late,10:00,on time,46m,Landed
2026-03-28,GA4014,GIA4014,Garuda Indonesia,Jakarta,CGK,WIII,09:00,01:00,09:05,5min late,09:59,on time,1h 54m,Landed
2026-03-28,IN640,LKN640,NAM Air,Tambolaka,TMC,WADT,09:10,01:10,09:24,14min late,10:08,1min early,44m,Landed
2026-03-28,8B5105,TNU5105,TransNusa,Jakarta,CGK,WIII,09:15,01:15,14:50,35min late,15:17,17min late,1h 26m,Landed
2026-03-28,IW1848,WON1848,Wings Air,Lombok,LOP,WADL,09:25,01:25,10:12,47min late,10:40,25min late,27m,Landed
2026-03-28,ID6007,BTK6007,Batik Air,Perth,PER,YPPH,09:30,01:30,10:28,58min late,13:47,32min late,3h 18m,Landed
2026-03-28,QG9663,CTV9663,Citilink,Jakarta,CGK,WIII,09:35,01:35,09:49,14min late,10:20,14min early,1h 31m,Landed
2026-03-28,8B5634,TNU5634,TransNusa,Bima,BMU,WADB,09:35,01:35,10:06,31min late,10:55,20min late,49m,Landed
2026-03-28,8B80,TNU080,Business Air,Perth,PER,YPPH,09:40,01:40,09:38,1min early,12:56,28min early,3h 17m,Landed
2026-03-28,ID6324,BTK6324,Batik Air,Tambolaka,TMC,WADT,09:40,01:40,09:46,6min late,10:52,2min early,1h 5m,Landed
2026-03-28,QZ803,AWQ803,Indonesia AirAsia,Jakarta,CGK,WIII,09:40,01:40,09:58,18min late,10:31,1min late,1h 32m,Landed
2026-03-28,IU128,SJV128,SW Italia,Surakarta,SOC,WAHQ,10:00,02:00,10:31,31min late,10:28,8min late,56m,Landed
2026-03-28,AI2146,AIC2146,Air India,Delhi,DEL,VIDP,10:00,02:00,09:57,2min early,15:00,on time,7h 32m,Landed
2026-03-28,IU122,SJV122,SW Italia,Yogyakarta,YIA,WAHI,10:00,02:00,10:38,38min late,10:41,11min late,1h 3m,Landed
2026-03-28,JQ111,JST111,Jetstar Airways,Perth,PER,YPPH,10:20,02:20,10:21,1min late,13:32,37min early,3h 10m,Landed
2026-03-28,SQ935,SIA935,Singapore Airlines,Singapore,SIN,WSSS,10:30,02:30,11:09,39min late,13:18,8min late,2h 8m,Landed
2026-03-28,JT924,LNI924,Lion Air,Kupang,KOE,WATT,10:35,02:35,11:11,36min late,12:35,10min late,1h 23m,Landed
2026-03-28,JT805,LNI805,Lion Air,Surabaya,SUB,WARR,10:35,02:35,10:52,17min late,10:38,3min late,45m,Landed
2026-03-28,8G182,DTL182,Mid Africa Aviation,Dili,DIL,WPDL,10:35,02:35,11:14,39min late,13:52,22min late,1h 38m,Landed
2026-03-28,QG9197,CTV9197,Citilink,Jakarta,HLP,WIHH,11:10,03:10,11:20,10min late,11:49,10min early,1h 29m,Landed
2026-03-28,TR281,TGW281,Scoot,Singapore,SIN,WSSS,11:10,03:10,11:28,18min late,13:40,9min early,2h 11m,Landed
2026-03-28,IW1856,WON1856,Wings Air,Lombok,LOP,WADL,11:10,03:10,11:16,6min late,11:49,10min early,33m,Landed
2026-03-28,JQ40,JST040,Jetstar Airways,Sydney,SYD,YSSY,11:15,03:15,11:24,9min late,20:06,8min early,5h 42m,Landed
2026-03-28,JQ32,JST032,Jetstar Airways,Melbourne,MEL,YMML,11:30,03:30,11:34,4min late,20:00,9min early,5h 26m,Landed
2026-03-28,6E1606,IGO1606,IndiGo,Bangalore,BLR,VOBL,11:30,03:30,11:32,2min late,15:15,19min early,6h 12m,Landed
2026-03-28,OD172,MXD172,Malindo Air,Kuala Lumpur,KUL,WMKK,11:35,03:35,13:10,35min late,15:53,8min late,2h 42m,Landed
2026-03-28,IW1964,WON1964,Wings Air,Lombok,LOP,WADL,11:40,03:40,12:37,57min late,13:07,37min late,30m,Landed
2026-03-28,ID6331,BTK6331,Batik Air,Labuan Bajo,LBJ,WATO,11:45,03:45,11:49,4min late,12:44,15min early,54m,Landed
2026-03-28,JQ109,JST109,Jetstar Airways,Perth,PER,YPPH,11:45,03:45,12:04,19min late,15:19,15min early,3h 14m,Landed
2026-03-28,IW1850,WON1850,Wings Air,Lombok,LOP,WADL,11:50,03:50,12:00,10min late,12:32,7min early,31m,Landed
2026-03-28,GA407,GIA407,Garuda Indonesia,Jakarta,CGK,WIII,11:55,03:55,12:41,46min late,13:17,22min late,1h 36m,Landed
2026-03-28,QZ618,AWQ618,Indonesia AirAsia,Banjarmasin,BDJ,WAOO,11:55,03:55,12:54,59min late,12:57,37min early,2m,Landed
2026-03-28,FD397,AIQ397,Thai AirAsia,Bangkok,DMK,VTBD,12:00,04:00,12:16,16min late,15:20,on time,4h 4m,Landed
2026-03-28,GA253,GIA253,Garuda Indonesia,Yogyakarta,YIA,WAHI,12:05,04:05,12:54,49min late,13:06,11min late,1h 12m,Landed
2026-03-28,SQ937,SIA937,Singapore Airlines,Singapore,SIN,WSSS,12:05,04:05,12:24,19min late,14:37,17min early,2h 13m,Landed
2026-03-28,OD192,MXD192,Malindo Air,Kuala Lumpur,KUL,WMKK,12:10,04:10,13:28,18min late,16:17,57min late,2h 49m,Landed
2026-03-28,SJ7420,,Sriwijaya Air,Tambolaka,TMC,WADT,12:10,04:10,12:10,,13:10,,1h 0m,Landed
2026-03-28,OD178,MXD178,Malindo Air,Kuala Lumpur,KUL,WMKK,12:15,04:15,12:35,20min late,15:19,5min early,2h 44m,Landed
2026-03-28,QG697,CTV697,Citilink,Surabaya,SUB,WARR,12:20,04:20,12:32,12min late,12:17,12min early,45m,Landed
2026-03-28,IP103,PAS103,Pelita Air Service,Jakarta,CGK,WIII,12:45,04:45,12:51,6min late,13:27,7min early,1h 36m,Landed
2026-03-28,QZ422,AWQ422,Indonesia AirAsia,Adelaide,ADL,YPAD,12:55,04:55,13:07,12min late,20:23,1min early,4h 45m,Landed
2026-03-28,SQ939,SIA939,Singapore Airlines,Singapore,SIN,WSSS,13:00,05:00,13:05,5min late,15:18,31min early,2h 12m,Landed
2026-03-28,AK365,AXM365,AirAsia,Kuala Lumpur,KUL,WMKK,13:05,05:05,13:33,28min late,16:13,3min late,2h 40m,Landed
2026-03-28,MH714,MAS714,Malaysia Airlines,Kuala Lumpur,KUL,WMKK,13:10,05:10,13:24,14min late,16:14,9min late,2h 50m,Landed
2026-03-28,JT35,LNI035,Lion Air,Jakarta,CGK,WIII,13:15,05:15,16:27,12min late,16:59,49min late,1h 31m,Landed
2026-03-28,GA409,GIA409,Garuda Indonesia,Jakarta,CGK,WIII,13:25,05:25,13:42,17min late,14:18,6min early,1h 35m,Landed
2026-03-28,JQ58,JST058,Jetstar Airways,Brisbane,BNE,YBBN,13:30,05:30,13:44,14min late,21:09,15min early,5h 24m,Landed
2026-03-28,JT660,LNI660,Lion Air,Balikpapan,BPN,WALL,13:30,05:30,14:24,54min late,15:43,28min late,1h 19m,Landed
2026-03-28,QZ811,AWQ811,Indonesia AirAsia,Jakarta,CGK,WIII,13:40,05:40,15:34,54min late,16:10,40min late,1h 35m,Landed
2026-03-28,ID6509,BTK6509,Batik Air,Jakarta,CGK,WIII,13:45,05:45,14:08,23min late,14:41,1min late,1h 33m,Landed
2026-03-28,8B5107,TNU5107,Business Air,Jakarta,CGK,WIII,13:50,05:50,20:22,32min late,21:04,29min late,1h 42m,Landed
2026-03-28,JT919,LNI919,Lion Air,Surabaya,SUB,WARR,13:55,05:55,14:38,43min late,18:41,46min late,5h 2m,Landed
2026-03-28,6E1612,IGO1612,IndiGo,Bhubaneswar,BBI,VEBS,14:00,06:00,14:16,16min late,17:30,9min early,5h 44m,Landed
2026-03-28,QG687,CTV687,Citilink,Jakarta,CGK,WIII,14:00,06:00,14:12,12min late,14:45,14min early,1h 33m,Landed
2026-03-28,IU137,SJV137,SW Italia,Kupang,KOE,WATT,14:00,06:00,14:30,30min late,22:11,21min late,7h 40m,Landed
2026-03-28,QZ544,AWQ544,Indonesia AirAsia,Perth,PER,YPPH,14:00,06:00,14:20,20min late,17:53,3min late,3h 32m,Landed
2026-03-28,QG342,CTV342,Citilink,Makassar,UPG,WAAA,14:00,06:00,14:42,42min late,17:48,18min late,3h 6m,Landed
2026-03-28,VJ894,VJC894,VietJet Air,Ho Chi Minh City,SGN,VVTS,14:05,06:05,13:57,7min early,16:21,43min early,3h 24m,Landed
2026-03-28,ID6517,BTK6517,Batik Air,Jakarta,CGK,WIII,14:15,06:15,15:20,5min late,15:49,39min late,1h 28m,Landed
2026-03-28,IU130,SJV130,SW Italia,Semarang,SRG,WIIS,14:15,06:15,15:12,57min late,17:18,43min late,3h 6m,Landed
2026-03-28,ID7308,BTK7308,Batik Air,Jakarta,HLP,WIHH,14:20,06:20,15:04,44min late,15:40,30min late,1h 35m,Landed
2026-03-28,QZ246,AWQ246,Indonesia AirAsia,Phuket,HKT,VTSP,14:25,06:25,15:01,36min late,17:33,18min late,3h 31m,Landed
2026-03-28,QZ556,AWQ556,Indonesia AirAsia,Kuala Lumpur,KUL,WMKK,14:30,06:30,18:25,55min late,21:10,40min late,2h 45m,Landed
2026-03-28,TR289,TGW289,Scoot,Singapore,SIN,WSSS,14:35,06:35,14:55,20min late,17:29,on time,2h 33m,Landed
2026-03-28,OD307,MXD307,Malindo Air,Kuala Lumpur,KUL,WMKK,14:50,06:50,15:16,26min late,17:51,3min early,2h 34m,Landed
2026-03-28,JQ88,JST088,Jetstar Airways,Singapore,SIN,WSSS,14:50,06:50,15:32,42min late,17:55,on time,2h 22m,Landed
2026-03-28,JQ44,JST044,Jetstar Airways,Melbourne,MEL,YMML,14:55,06:55,15:18,23min late,23:36,1min late,5h 17m,Landed
2026-03-28,QG681,CTV681,Citilink,Jakarta,CGK,WIII,15:00,07:00,15:08,8min late,15:39,20min early,1h 31m,Landed
2026-03-28,VA48,VOZ048,Virgin Australia,Brisbane,BNE,YBBN,15:00,07:00,15:57,57min late,23:28,33min late,5h 30m,Landed
2026-03-28,JT844,LNI844,Lion Air,Banjarmasin,BDJ,WAOO,15:00,07:00,15:24,24min late,16:26,3min early,1h 2m,Landed
2026-03-28,IU120,SJV120,SW Italia,Yogyakarta,YIA,WAHI,15:00,07:00,16:07,7min late,16:26,56min late,1h 18m,Landed
2026-03-28,QZ821,AWQ821,Indonesia AirAsia,Jakarta,CGK,WIII,15:05,07:05,15:26,21min late,15:54,5min early,1h 27m,Landed
2026-03-28,AI2148,AIC2148,Air India,Delhi,DEL,VIDP,15:10,07:10,15:30,20min late,20:23,18min late,7h 23m,Landed
2026-03-28,GA842,GIA842,Garuda Indonesia,Singapore,SIN,WSSS,15:15,07:15,15:29,14min late,17:53,6min early,2h 24m,Landed
2026-03-28,AK377,AXM377,AirAsia,Kuala Lumpur,KUL,WMKK,15:25,07:25,16:13,48min late,18:55,30min late,2h 42m,Landed
2026-03-28,JT740,LNI740,Lion Air,Makassar,UPG,WAAA,15:30,07:30,16:36,6min late,17:32,37min late,55m,Landed
2026-03-28,GA411,GIA411,Garuda Indonesia,Jakarta,CGK,WIII,15:35,07:35,15:52,17min late,16:34,5min early,1h 42m,Landed
2026-03-28,VJ898,VJC898,VietJet Air,Ho Chi Minh City,SGN,VVTS,15:35,07:35,15:37,2min late,17:56,28min early,3h 19m,Landed
2026-03-28,SJ7161,,Sriwijaya Air,Makassar,UPG,WAAA,15:40,07:40,15:40,,17:00,,1h 20m,Landed
2026-03-28,CI772,CAL772,China Airlines,Taipei,TPE,RCTP,15:45,07:45,15:48,3min late,20:45,19min early,4h 57m,Landed
2026-03-28,8B5254,TNU5254,TransNusa,Lombok,LOP,WADL,15:45,07:45,15:46,on time,16:17,on time,30m,Landed
2026-03-28,VA92,VOZ092,Virgin Australia,Melbourne,MEL,YMML,15:50,07:50,16:23,33min late,00:52,22min late,5h 29m,Landed
2026-03-28,QZ536,AWQ536,Indonesia AirAsia,Perth,PER,YPPH,16:00,08:00,16:24,24min late,19:45,on time,3h 20m,Landed
2026-03-28,QG661,CTV661,Citilink,Jakarta,CGK,WIII,16:00,08:00,18:48,48min late,19:24,24min late,1h 35m,Landed
2026-03-28,IP109,PAS109,Pelita Air Service,Jakarta,CGK,WIII,16:00,08:00,16:02,2min late,16:33,16min early,1h 30m,Landed
2026-03-28,VN640,HVN640,Vietnam Airlines,Ho Chi Minh City,SGN,VVTS,16:05,08:05,16:09,4min late,18:28,26min early,3h 19m,Landed
2026-03-28,TG432,THA432,Thai Airways International,Bangkok,BKK,VTBS,16:10,08:10,16:05,4min early,18:53,31min early,3h 48m,Landed
2026-03-28,QG669,CTV669,Citilink,Surabaya,SUB,WARR,16:10,08:10,16:19,9min late,16:07,12min early,48m,Landed
2026-03-28,CX784,CPA784,Cathay Pacific,Hong Kong,HKG,VHHH,16:20,08:20,16:23,3min late,21:17,7min early,4h 53m,Landed
2026-03-28,MH850,MAS850,Malaysia Airlines,Kuala Lumpur,KUL,WMKK,16:25,08:25,16:28,3min late,19:25,9min early,2h 56m,Landed
2026-03-28,IW1852,WON1852,Wings Air,Lombok,LOP,WADL,16:30,08:30,17:41,11min late,18:17,57min late,35m,Landed
2026-03-28,JT744,LNI744,Lion Air,Makassar,UPG,WAAA,16:40,08:40,17:37,57min late,18:31,26min late,54m,Landed
2026-03-28,IU703,SJV703,SW Italia,Surabaya,SUB,WARR,16:40,08:40,18:09,29min late,18:03,23min late,54m,Landed
2026-03-28,BR256,EVA256,EVA Airways,Taipei,TPE,RCTP,16:40,08:40,17:21,41min late,22:25,40min late,5h 4m,Landed
2026-03-28,GA349,GIA349,Garuda Indonesia,Surabaya,SUB,WARR,16:55,08:55,17:44,49min late,17:26,16min late,42m,Landed
2026-03-28,ID6335,BTK6335,Batik Air,Labuan Bajo,LBJ,WATO,17:00,09:00,17:24,24min late,05:11,56min late,11h 47m,Landed
2026-03-28,HO1356,DKH1356,Juneyao Airlines,Shanghai,PVG,ZSPD,17:25,09:25,17:19,5min early,23:24,25min early,6h 4m,Landed
2026-03-28,VJ998,VJC998,VietJet Air,Hanoi,HAN,VVNB,17:25,09:25,17:17,7min early,21:16,18min early,4h 58m,Landed
2026-03-28,GA419,GIA419,Garuda Indonesia,Jakarta,CGK,WIII,17:25,09:25,18:03,38min late,18:34,9min late,1h 30m,Landed
2026-03-28,TR211,TGW211,Scoot,Singapore,SIN,WSSS,17:35,09:35,17:48,13min late,20:08,36min early,2h 19m,Landed
2026-03-28,IP107,PAS107,Pelita Air Service,Jakarta,CGK,WIII,17:40,09:40,17:52,12min late,18:22,7min early,1h 30m,Landed
2026-03-28,JT3759,,Lion Air,Jakarta,CGK,WIII,17:55,09:55,,,,,1h 55m,
2026-03-28,IU126,SJV126,SW Italia,Surakarta,SOC,WAHQ,18:10,10:10,19:19,9min late,19:22,52min late,1h 2m,Landed
2026-03-28,OD193,MXD193,Malindo Air,Perth,PER,YPPH,18:10,10:10,18:16,6min late,21:36,8min early,3h 19m,Landed
2026-03-28,IN281,LKN281,NAM Air,Jakarta,CGK,WIII,18:30,10:30,18:28,1min early,19:00,9min early,1h 32m,Landed
2026-03-28,IN283,,NAM Air,Jakarta,CGK,WIII,18:30,10:30,,,,,1h 40m,
2026-03-28,8B5256,TNU5256,TransNusa,Lombok,LOP,WADL,18:32,10:32,18:33,1min late,18:57,1min late,23m,Landed
2026-03-28,IP111,PAS111,Pelita Air Service,Jakarta,CGK,WIII,18:35,10:35,18:43,8min late,19:21,3min early,1h 38m,Landed
2026-03-28,JT33,LNI033,Lion Air,Jakarta,CGK,WIII,18:39,10:39,18:40,on time,19:14,4min early,1h 33m,Landed
2026-03-28,JT3027,,Lion Air,Jakarta,CGK,WIII,18:40,10:40,19:10,30min late,19:08,26min early,58m,Landed
2026-03-28,CX782,CPA782,Cathay Pacific,Hong Kong,HKG,VHHH,18:40,10:40,18:53,13min late,23:11,33min early,4h 18m,Landed
2026-03-28,GA417,GIA417,Garuda Indonesia,Jakarta,CGK,WIII,18:40,10:40,19:48,8min late,20:39,59min late,1h 51m,Landed
2026-03-28,QZ504,AWQ504,Indonesia AirAsia,Singapore,SIN,WSSS,18:40,10:40,21:26,46min late,23:36,16min late,2h 10m,Landed
2026-03-28,ID6415,BTK6415,Batik Air,Surabaya,SUB,WARR,18:45,10:45,19:51,6min late,19:41,56min late,50m,Landed
2026-03-28,8B82,TNU082,TransNusa,Perth,PER,YPPH,18:45,10:45,18:58,13min late,22:08,on time,3h 10m,Landed
2026-03-28,6E1608,IGO1608,IndiGo,Chennai,MAA,VOMM,18:50,10:50,18:53,3min late,22:21,8min early,5h 57m,Landed
2026-03-28,TG440,THA440,Thai Airways International,Bangkok,BKK,VTBS,19:00,11:00,18:59,on time,21:55,19min early,3h 56m,Landed
2026-03-28,JT11,LNI011,Lion Air,Jakarta,CGK,WIII,19:09,11:09,19:09,on time,21:40,57min late,3h 30m,Landed
2026-03-28,AK379,AXM379,AirAsia,Kuala Lumpur,KUL,WMKK,19:15,11:15,22:28,13min late,01:04,44min late,2h 35m,Landed
2026-03-28,QZ809,AWQ809,Indonesia AirAsia,Jakarta,CGK,WIII,19:15,11:15,20:51,36min late,21:25,10min late,1h 33m,Landed
2026-03-28,MH852,MAS852,Malaysia Airlines,Kuala Lumpur,KUL,WMKK,19:15,11:15,19:29,14min late,22:06,8min early,2h 36m,Landed
2026-03-28,ID7310,BTK7310,Batik Air,Jakarta,HLP,WIHH,19:25,11:25,19:43,18min late,20:11,3min early,1h 28m,Landed
2026-03-28,QG689,CTV689,Citilink,Jakarta,CGK,WIII,19:30,11:30,20:04,34min late,21:02,32min late,1h 57m,Landed
2026-03-28,QG699,CTV699,Citilink,Surabaya,SUB,WARR,19:30,11:30,19:43,13min late,19:41,1min late,58m,Landed
2026-03-28,8B969,,TransNusa,Guangzhou,CAN,ZGGG,19:45,11:45,,,,,5h 20m,
2026-03-28,JT923,LNI923,Lion Air,Surabaya,SUB,WARR,19:45,11:45,21:44,59min late,19:45,on time,,Landed
2026-03-28,EK369,UAE369,Emirates,Dubai,DXB,OMDB,19:50,11:50,20:11,21min late,01:34,24min late,9h 23m,Landed
2026-03-28,IU133,SJV133,SW Italia,Semarang,SRG,WIIS,19:50,11:50,19:56,6min late,19:58,11min early,1h 2m,Landed
2026-03-28,TR283,TGW283,Scoot,Singapore,SIN,WSSS,20:05,12:05,20:18,13min late,22:39,on time,2h 20m,Landed
2026-03-28,QZ410,AWQ410,Indonesia AirAsia,Melbourne,MEL,YMML,20:10,12:10,20:44,34min late,05:40,40min late,5h 56m,Landed
2026-03-28,QG195,CTV195,Citilink,Jakarta,HLP,WIHH,20:10,12:10,20:28,18min late,21:08,3min late,1h 40m,Landed
2026-03-28,SQ945,SIA945,Singapore Airlines,Singapore,SIN,WSSS,20:15,12:15,20:32,17min late,22:54,on time,2h 22m,Landed
2026-03-28,JQ34,JST034,Jetstar Airways,Melbourne,MEL,YMML,20:20,12:20,13:19,0min early,04:51,3min early,12h 31m,Landed
2026-03-28,QZ807,AWQ807,Indonesia AirAsia,Jakarta,CGK,WIII,20:20,12:20,21:40,20min late,22:03,43min late,1h 23m,Landed
2026-03-28,GA718,GIA718,Garuda Indonesia,Melbourne,MEL,YMML,20:20,12:20,20:41,21min late,05:24,24min late,5h 42m,Landed
2026-03-28,ID6413,BTK6413,Batik Air,Surabaya,SUB,WARR,20:30,12:30,20:54,24min late,05:18,48min late,9h 24m,Landed
2026-03-28,GA415,GIA415,Garuda Indonesia,Jakarta,CGK,WIII,20:45,12:45,20:57,12min late,21:35,9min early,1h 37m,Landed
2026-03-28,IP105,,Pelita Air Service,Jakarta,CGK,WIII,20:50,12:50,,,,,1h 50m,
2026-03-28,OD177,MXD177,Malindo Air,Melbourne,MEL,YMML,20:55,12:55,21:17,22min late,06:05,25min late,5h 48m,Landed
2026-03-28,AK375,AXM375,AirAsia,Kuala Lumpur,KUL,WMKK,21:05,13:05,22:02,57min late,01:03,53min late,3h 1m,Landed
2026-03-28,8B5258,TNU5258,Business Air,Lombok,LOP,WADL,21:07,13:07,21:08,1min late,21:33,1min late,25m,Landed
2026-03-28,OD171,MXD171,Malindo Air,Sydney,SYD,YSSY,21:10,13:10,22:02,52min late,06:57,42min late,5h 54m,Landed
2026-03-28,TK67,THY067,Turkish Airlines,Istanbul,IST,LTFM,21:10,13:10,21:49,39min late,05:41,1min late,12h 52m,Landed
2026-03-28,QG667,CTV667,Citilink,Jakarta,CGK,WIII,21:10,13:10,21:18,8min late,21:56,13min early,1h 38m,Landed
2026-03-28,QF44,QFA044,Qantas,Sydney,SYD,YSSY,21:20,13:20,22:13,53min late,07:06,51min late,5h 52m,Landed
2026-03-28,ID6760,BTK6760,Batik Air,Makassar,UPG,WAAA,21:30,13:30,21:35,5min late,22:32,22min early,57m,Landed
2026-03-28,JQ60,JST060,Jetstar Airways,Brisbane,BNE,YBBN,21:30,13:30,21:54,24min late,05:37,17min late,5h 42m,Landed
2026-03-28,QZ819,AWQ819,Indonesia AirAsia,Jakarta,CGK,WIII,21:35,13:35,22:58,23min late,23:21,56min late,1h 23m,Landed
2026-03-28,SJ273,SJY273,Sriwijaya Air,Jakarta,CGK,WIII,21:35,13:35,03:30,55min late,04:08,6min early,,Landed
2026-03-28,SQ947,SIA947,Singapore Airlines,Singapore,SIN,WSSS,21:40,13:40,22:00,20min late,00:17,2min early,2h 16m,Landed
2026-03-28,KL836,KLM836,KLM Royal Dutch Airlines,Singapore,SIN,WSSS,21:40,13:40,22:08,28min late,00:10,on time,2h 2m,Landed
2026-03-28,GA425,GIA425,Garuda Indonesia,Jakarta,CGK,WIII,21:40,13:40,21:55,15min late,22:21,23min early,1h 26m,Landed
2026-03-28,JQ117,JST117,Jetstar Airways,Perth,PER,YPPH,21:45,13:45,22:03,18min late,01:36,21min late,3h 33m,Landed
2026-03-28,TK311,THY311,Turkish Airlines,Istanbul,IST,LTFM,22:00,14:00,22:36,36min late,06:25,on time,12h 48m,Landed
2026-03-28,QF46,QFA046,Qantas,Melbourne,MEL,YMML,22:05,14:05,22:06,1min late,06:48,1min early,5h 41m,Landed
2026-03-28,OD157,MXD157,Malindo Air,Brisbane,BNE,YBBN,22:10,14:10,22:39,29min late,06:19,19min late,5h 39m,Landed
2026-03-28,JQ38,JST038,Jetstar Airways,Sydney,SYD,YSSY,22:20,14:20,22:43,23min late,07:34,4min late,5h 50m,Landed
2026-03-28,VA66,VOZ066,Virgin Australia,Sydney,SYD,YSSY,22:30,14:30,22:29,on time,07:35,4min early,6h 5m,Landed
2026-03-28,JT15,LNI015,Lion Air,Jakarta,CGK,WIII,22:45,14:45,00:15,30min late,00:41,1min late,1h 25m,Landed
2026-03-28,JQ128,JST128,Jetstar Airways,Adelaide,ADL,YPAD,22:50,14:50,22:48,1min early,06:06,8min early,4h 48m,Landed
2026-03-28,7C2712,JJA2712,Jeju Air,Seoul,ICN,RKSI,23:05,15:05,23:08,3min late,07:10,on time,7h 2m,Landed
2026-03-28,8B5109,,TransNusa,Jakarta,CGK,WIII,23:10,15:10,,,,,1h 40m,
2026-03-28,3U3986,CSC3986,Sichuan Airlines,Lujia Town,TFU,ZUTF,23:10,15:10,23:17,7min late,05:13,41min early,5h 56m,Landed
2026-03-28,JQ91,JST091,Jetstar Airways,Cairns,CNS,YBCS,23:10,15:10,23:21,11min late,05:33,11min early,4h 12m,Landed
2026-03-28,JQ89,JST089,Jetstar Airways,Newcastle,NTL,YWLM,23:20,15:20,23:29,9min late,08:12,2min early,5h 43m,Landed
2026-03-28,QG9695,CTV9695,Citilink,Surabaya,SUB,WARR,23:20,15:20,23:25,5min late,23:13,16min early,48m,Landed
2026-03-28,GA714,GIA714,Garuda Indonesia,Sydney,SYD,YSSY,23:35,15:35,23:56,21min late,08:53,18min late,5h 57m,Landed
2026-03-28,JQ42,JST042,Jetstar Airways,Melbourne,MEL,YMML,23:40,15:40,23:48,8min late,08:15,14min early,5h 27m,Landed
2026-03-28,QZ420,AWQ420,Indonesia AirAsia,Adelaide,ADL,YPAD,23:45,15:45,00:10,25min late,07:27,2min late,4h 47m,Landed
2026-03-28,KE432,KAL432,Korean Air Lines,Seoul,ICN,RKSI,23:50,15:50,00:08,18min late,07:46,1min late,6h 38m,Landed
2026-03-28,QG9687,CTV9687,Citilink,Jakarta,CGK,WIII,23:55,15:55,00:13,18min late,00:46,8min early,1h 33m,Landed
2026-03-29,BX602,ABL602,Air Busan,Busan,PUS,RKPK,00:05,16:05,00:25,20min late,16:07,7min late,14h 42m,Landed
2026-03-29,TW158,TWB158,T'Way Air,Cheongju,CJJ,RKTU,00:15,16:15,01:12,57min late,08:44,9min late,6h 31m,Landed
2026-03-29,8B84,TNU084,TransNusa,Perth,PER,YPPH,00:20,16:20,01:17,57min late,04:31,26min late,3h 14m,Landed
2026-03-29,GA880,GIA880,Garuda Indonesia,Tokyo,NRT,RJAA,00:20,16:20,00:37,17min late,08:20,29min early,6h 43m,Landed
2026-03-29,EK399,UAE399,Emirates,Dubai,DXB,OMDB,00:25,16:25,01:04,39min late,06:03,18min late,8h 58m,Landed
2026-03-29,MF892,CXA892,Xiamen Airlines,Xiamen,XMN,ZSAM,00:30,16:30,00:51,21min late,06:06,1min late,5h 15m,Landed
2026-03-29,EK399,UAE399,Emirates,Dubai,DXB,OMDB,00:35,16:35,09:59,24min late,06:40,5min late,41m,Landed
2026-03-29,CZ626,CSN626,China Southern Airlines,Guangzhou,CAN,ZGGG,00:40,16:40,00:40,on time,05:18,36min early,4h 37m,Landed
2026-03-29,GA880,GIA880,Garuda Indonesia,Tokyo,NRT,RJAA,00:50,16:50,01:10,20min late,08:37,12min early,6h 27m,Landed
2026-03-29,MU5030,CES5030,China Eastern Airlines,Shanghai,PVG,ZSPD,00:55,16:55,01:08,13min late,07:06,53min early,5h 58m,Landed
2026-03-29,QZ548,AWQ548,Indonesia AirAsia,Perth,PER,YPPH,01:00,17:00,21:57,2min early,05:34,49min late,7h 36m,Landed
2026-03-29,KE434,KAL434,Korean Air Lines,Seoul,ICN,RKSI,01:05,17:05,01:22,17min late,08:57,12min early,6h 35m,Landed
2026-03-29,PR538,PAL538,Philippine Airlines,Manila,MNL,RPLL,01:10,17:10,01:26,16min late,04:56,18min early,3h 30m,Landed
2026-03-29,QZ807,AWQ807,Indonesia AirAsia,Jakarta,CGK,WIII,07:00,23:00,07:15,15min late,07:44,15min early,1h 29m,Landed
2026-03-29,JT746,LNI746,Lion Air,Makassar,UPG,WAAA,07:00,23:00,07:12,12min late,08:13,11min early,1h 0m,Landed
2026-03-29,QZ550,AWQ550,Indonesia AirAsia,Kuala Lumpur,KUL,WMKK,07:00,23:00,10:28,28min late,13:25,20min late,2h 56m,Landed
2026-03-29,IU705,SJV705,SW Italia,Surabaya,SUB,WARR,07:00,23:00,07:06,6min late,06:53,7min early,47m,Landed
2026-03-29,GA401,GIA401,Garuda Indonesia,Jakarta,CGK,WIII,07:00,23:00,07:08,8min late,07:44,15min early,1h 35m,Landed
2026-03-29,JQ82,JST082,Jetstar Airways,Darwin,DRW,YPDN,07:00,23:00,07:10,10min late,11:01,13min early,2h 21m,Landed
2026-03-29,QZ644,AWQ644,Indonesia AirAsia,Labuan Bajo,LBJ,WATO,07:05,23:05,07:21,16min late,08:10,4min early,49m,Landed
2026-03-29,QG690,CTV690,Citilink,Surabaya,SUB,WARR,07:05,23:05,07:19,14min late,07:12,2min late,53m,Landed
2026-03-29,QZ534,AWQ534,Indonesia AirAsia,Perth,PER,YPPH,07:05,23:05,07:03,1min early,10:25,34min early,3h 22m,Landed
2026-03-29,SQ949,SIA949,Singapore Airlines,Singapore,SIN,WSSS,07:20,23:20,07:30,10min late,09:48,12min early,2h 17m,Landed
2026-03-29,8B551,TNU551,Business Air,Singapore,SIN,WSSS,07:30,23:30,07:27,2min early,09:42,12min early,2h 14m,Landed
2026-03-29,GA4034,GIA4034,Garuda Indonesia,Jakarta,CGK,WIII,07:30,23:30,07:37,7min late,08:06,23min early,1h 29m,Landed
2026-03-29,ID6333,BTK6333,Batik Air,Labuan Bajo,LBJ,WATO,07:55,23:55,08:01,6min late,08:49,20min early,48m,Landed
2026-03-29,JT21,LNI021,Lion Air,Jakarta,CGK,WIII,08:05,00:05,08:33,28min late,09:02,2min late,1h 29m,Landed
2026-03-29,QG691,CTV691,Citilink,Surabaya,SUB,WARR,08:05,00:05,08:05,on time,07:52,22min early,47m,Landed
2026-03-29,IW1858,WON1858,Wings Air,Lombok,LOP,WADL,08:05,00:05,08:10,5min late,08:49,5min early,38m,Landed
2026-03-29,HX706,CRK706,Hong Kong Airlines,Hong Kong,HKG,VHHH,08:15,00:15,08:17,2min late,13:02,17min early,4h 45m,Landed
2026-03-29,QZ803,AWQ803,Indonesia AirAsia,Jakarta,CGK,WIII,08:30,00:30,10:32,2min late,11:05,45min late,1h 32m,Landed
2026-03-29,5J280,CEB280,CEBU Pacific Air,Manila,MNL,RPLL,08:35,00:35,08:46,11min late,12:18,36min early,3h 31m,Landed
2026-03-29,CZ8482,CSN8482,China Southern Airlines,Guangzhou,CAN,ZGGG,08:40,00:40,13:10,30min late,13:28,21min early,18m,Landed
2026-03-29,IW1854,WON1854,Wings Air,Lombok,LOP,WADL,08:45,00:45,08:57,12min late,09:21,13min early,24m,Landed
2026-03-29,QG500,CTV500,Citilink,Dili,DIL,WPDL,08:50,00:50,08:52,2min late,11:34,20min early,1h 41m,Landed
2026-03-29,IW1882,WON1882,Wings Air,Sumbawa Besar,SWQ,WADS,08:55,00:55,08:55,on time,09:37,22min early,42m,Landed
2026-03-29,8B80,TNU080,TransNusa,Perth,PER,YPPH,09:05,01:05,09:40,35min late,12:58,3min late,3h 17m,Landed
2026-03-29,IN640,LKN640,NAM Air,Tambolaka,TMC,WADT,09:10,01:10,09:23,13min late,10:06,3min early,43m,Landed
2026-03-29,8B5105,TNU5105,TransNusa,Jakarta,CGK,WIII,09:10,01:10,11:54,44min late,12:26,26min late,1h 31m,Landed
2026-03-29,8B5250,TNU5250,TransNusa,Lombok,LOP,WADL,09:12,01:12,09:12,on time,09:32,on time,19m,Landed
2026-03-29,IW1848,WON1848,Wings Air,Lombok,LOP,WADL,09:25,01:25,10:23,58min late,10:46,31min late,23m,Landed
2026-03-29,ID6007,BTK6007,Batik Air,Perth,PER,YPPH,09:30,01:30,09:47,17min late,13:07,7min early,3h 19m,Landed
2026-03-29,QG9663,CTV9663,Citilink,Jakarta,CGK,WIII,09:35,01:35,07:32,2min early,10:35,on time,4h 3m,Landed
2026-03-29,ID6324,BTK6324,Batik Air,Tambolaka,TMC,WADT,09:40,01:40,09:45,5min late,10:33,21min early,47m,Landed
2026-03-29,IU128,SJV128,SW Italia,Surakarta,SOC,WAHQ,10:00,02:00,11:50,50min late,11:50,30min late,1h 0m,Landed
2026-03-29,IU122,SJV122,SW Italia,Yogyakarta,YIA,WAHI,10:00,02:00,10:13,13min late,10:23,6min early,1h 10m,Landed
2026-03-29,SQ935,SIA935,Singapore Airlines,Singapore,SIN,WSSS,10:05,02:05,10:10,5min late,12:27,17min early,2h 16m,Landed
2026-03-29,SU297,AFL297,Aeroflot,Moscow,SVO,UUEE,10:05,02:05,10:58,53min late,18:12,27min early,12h 14m,Landed
2026-03-29,AI2146,AIC2146,Air India,Delhi,DEL,VIDP,10:15,02:15,10:10,4min early,15:17,12min early,7h 36m,Landed
2026-03-29,QZ780,AWQ780,Indonesia AirAsia,Balikpapan,BPN,WALL,10:30,02:30,10:47,17min late,14:22,12min late,3h 34m,Landed
2026-03-29,JQ126,JST126,Jetstar Airways,Adelaide,ADL,YPAD,10:35,02:35,10:27,7min early,17:41,8min early,4h 43m,Landed
2026-03-29,JT805,LNI805,Lion Air,Surabaya,SUB,WARR,10:35,02:35,11:46,11min late,10:23,11min early,,Landed
2026-03-29,JT924,LNI924,Lion Air,Kupang,KOE,WATT,10:35,02:35,11:24,49min late,12:48,23min late,1h 23m,Landed
2026-03-29,QG197,CTV197,Citilink,Jakarta,HLP,WIHH,11:10,03:10,11:15,5min late,11:55,4min early,1h 40m,Landed
2026-03-29,IW1856,WON1856,Wings Air,Lombok,LOP,WADL,11:10,03:10,11:37,27min late,11:59,on time,22m,Landed
2026-03-29,TR281,TGW281,Scoot,Singapore,SIN,WSSS,11:15,03:15,11:28,13min late,13:37,32min early,2h 9m,Landed
2026-03-29,6E1606,IGO1606,IndiGo,Bangalore,BLR,VOBL,11:20,03:20,11:06,13min early,15:12,2min late,6h 35m,Landed
2026-03-29,QZ646,AWQ646,Indonesia AirAsia,Labuan Bajo,LBJ,WATO,11:25,03:25,11:42,17min late,12:33,6min early,51m,Landed
2026-03-29,OD172,MXD172,Malindo Air,Kuala Lumpur,KUL,WMKK,11:35,03:35,12:48,13min late,15:39,54min late,2h 50m,Landed
2026-03-29,JQ109,JST109,Jetstar Airways,Perth,PER,YPPH,11:40,03:40,12:00,20min late,15:19,5min early,3h 18m,Landed
2026-03-29,IW1964,WON1964,Wings Air,Lombok,LOP,WADL,11:40,03:40,12:12,32min late,12:36,6min late,23m,Landed
2026-03-29,ID6331,BTK6331,Batik Air,Labuan Bajo,LBJ,WATO,11:45,03:45,11:56,11min late,12:48,11min early,52m,Landed
2026-03-29,IW1850,WON1850,Wings Air,Lombok,LOP,WADL,11:50,03:50,11:58,8min late,12:21,18min early,22m,Landed
2026-03-29,GA407,GIA407,Garuda Indonesia,Jakarta,CGK,WIII,11:55,03:55,12:34,39min late,13:11,16min late,1h 36m,Landed
2026-03-29,QZ544,AWQ544,Indonesia AirAsia,Perth,PER,YPPH,12:00,04:00,12:08,8min late,15:34,15min early,3h 25m,Landed
2026-03-29,JQ32,JST032,Jetstar Airways,Melbourne,MEL,YMML,12:05,04:05,12:11,6min late,20:29,10min early,5h 18m,Landed
2026-03-29,GA253,GIA253,Garuda Indonesia,Yogyakarta,YIA,WAHI,12:05,04:05,14:44,39min late,12:37,18min early,,Landed
2026-03-29,OD192,MXD192,Malindo Air,Kuala Lumpur,KUL,WMKK,12:10,04:10,12:21,11min late,15:01,18min early,2h 40m,Landed
2026-03-29,SJ742,,Sriwijaya Air,Tambolaka,TMC,WADT,12:10,04:10,,,,,1h 0m,
2026-03-29,FD397,AIQ397,Thai AirAsia,Bangkok,DMK,VTBD,12:10,04:10,12:25,15min late,15:29,10min early,4h 3m,Landed
2026-03-29,SQ937,SIA937,Singapore Airlines,Singapore,SIN,WSSS,12:10,04:10,12:32,22min late,14:46,9min early,2h 13m,Landed
2026-03-29,OD178,MXD178,Malindo Air,Kuala Lumpur,KUL,WMKK,12:15,04:15,12:44,29min late,15:25,on time,2h 40m,Landed
2026-03-29,JQ40,JST040,Jetstar Airways,Sydney,SYD,YSSY,12:20,04:20,12:42,22min late,21:31,16min late,5h 49m,Landed
2026-03-29,QG697,CTV697,Citilink,Surabaya,SUB,WARR,12:20,04:20,13:10,50min late,16:40,10min late,4h 30m,Landed
2026-03-29,QZ540,AWQ540,Indonesia AirAsia,Darwin,DRW,YPDN,12:30,04:30,12:52,22min late,16:52,2min late,2h 29m,Landed
2026-03-29,8B5254,,Business Air,Lombok,LOP,WADL,12:40,04:40,,,,,40m,
2026-03-29,OD158,MXD158,Malindo Air,Kuala Lumpur,KUL,WMKK,12:45,04:45,13:12,27min late,15:54,on time,2h 42m,Landed
2026-03-29,IP103,PAS103,Pelita Air Service,Jakarta,CGK,WIII,12:45,04:45,12:57,12min late,13:31,8min early,1h 33m,Landed
2026-03-29,8B82,TNU082,TransNusa,Perth,PER,YPPH,12:55,04:55,15:42,47min late,18:59,4min late,3h 16m,Landed
2026-03-29,OD307,MXD307,Malindo Air,Kuala Lumpur,KUL,WMKK,13:00,05:00,13:39,39min late,16:24,24min late,2h 44m,Landed
2026-03-29,AK365,AXM365,AirAsia,Kuala Lumpur,KUL,WMKK,13:00,05:00,13:56,56min late,17:01,56min late,3h 4m,Landed
2026-03-29,MH714,MAS714,Malaysia Airlines,Kuala Lumpur,KUL,WMKK,13:05,05:05,13:16,11min late,16:04,4min late,2h 48m,Landed
2026-03-29,SQ939,SIA939,Singapore Airlines,Singapore,SIN,WSSS,13:15,05:15,13:19,4min late,15:33,27min early,2h 13m,Landed
2026-03-29,JT35,LNI035,Lion Air,Jakarta,CGK,WIII,13:15,05:15,14:18,3min late,14:54,44min late,1h 36m,Landed
2026-03-29,JQ58,JST058,Jetstar Airways,Brisbane,BNE,YBBN,13:15,05:15,14:57,42min late,22:14,19min late,5h 17m,Landed
2026-03-29,GA409,GIA409,Garuda Indonesia,Jakarta,CGK,WIII,13:25,05:25,13:46,21min late,14:23,1min early,1h 36m,Landed
2026-03-29,SL259,TLM259,Thai Lion Air,Bangkok,DMK,VTBD,13:25,05:25,13:59,34min late,16:56,6min late,3h 56m,Landed
2026-03-29,8G182,DTL182,Mid Africa Aviation,Dili,DIL,WPDL,13:25,05:25,13:26,1min late,16:11,8min early,1h 44m,Landed
2026-03-29,JT660,LNI660,Lion Air,Balikpapan,BPN,WALL,13:30,05:30,13:51,21min late,15:16,1min late,1h 25m,Landed
2026-03-29,ID6509,BTK6509,Batik Air,Jakarta,CGK,WIII,13:45,05:45,13:55,10min late,14:30,9min early,1h 34m,Landed
2026-03-29,QZ506,AWQ506,Indonesia AirAsia,Singapore,SIN,WSSS,13:45,05:45,15:43,58min late,18:22,42min late,2h 39m,Landed
2026-03-29,8B5107,TNU5107,TransNusa,Jakarta,CGK,WIII,13:50,05:50,22:35,45min late,23:07,27min late,1h 32m,Landed
2026-03-29,JT919,LNI919,Lion Air,Surabaya,SUB,WARR,13:55,05:55,15:33,38min late,15:14,19min late,40m,Landed
2026-03-29,IU137,SJV137,SW Italia,Kupang,KOE,WATT,14:00,06:00,15:53,53min late,17:21,31min late,1h 27m,Landed
2026-03-29,QG342,CTV342,Citilink,Makassar,UPG,WAAA,14:00,06:00,14:27,27min late,19:49,19min late,5h 22m,Landed
2026-03-29,QG687,CTV687,Citilink,Jakarta,CGK,WIII,14:00,06:00,14:01,1min late,14:32,27min early,1h 30m,Landed
2026-03-29,VJ848,VJC848,VietJet Air,Ho Chi Minh City,SGN,VVTS,14:00,06:00,13:57,2min early,16:19,30min early,3h 21m,Landed
2026-03-29,VJ894,VJC894,VietJet Air,Ho Chi Minh City,SGN,VVTS,14:05,06:05,14:05,on time,16:33,21min early,3h 28m,Landed
2026-03-29,TR289,TGW289,Scoot,Singapore,SIN,WSSS,14:05,06:05,14:45,40min late,17:04,9min late,2h 18m,Landed
2026-03-29,QZ815,AWQ815,Indonesia AirAsia,Jakarta,CGK,WIII,14:10,06:10,14:24,14min late,14:59,5min early,1h 35m,Landed
2026-03-29,ID6517,BTK6517,Batik Air,Jakarta,CGK,WIII,14:15,06:15,15:50,35min late,16:31,21min late,1h 41m,Landed
2026-03-29,IU130,SJV130,SW Italia,Semarang,SRG,WIIS,14:15,06:15,17:27,12min late,17:27,52min late,1h 0m,Landed
2026-03-29,ID7308,BTK7308,Batik Air,Jakarta,HLP,WIHH,14:20,06:20,15:57,37min late,16:23,13min late,1h 25m,Landed
2026-03-29,8B5634,TNU5634,TransNusa,Bima,BMU,WADB,14:29,06:29,14:27,2min early,10:35,,,Landed
2026-03-29,GA653,GIA653,Garuda Indonesia,Jakarta,CGK,WIII,14:30,06:30,14:38,8min late,15:20,9min early,1h 41m,Landed
2026-03-29,AI2148,AIC2148,Air India,Delhi,DEL,VIDP,14:35,06:35,14:50,15min late,20:05,25min late,7h 44m,Landed
2026-03-29,IU120,SJV120,SW Italia,Yogyakarta,YIA,WAHI,15:00,07:00,15:15,15min late,15:22,7min early,1h 7m,Landed
2026-03-29,JT844,LNI844,Lion Air,Banjarmasin,BDJ,WAOO,15:00,07:00,15:25,25min late,16:29,on time,1h 3m,Landed
2026-03-29,QG681,CTV681,Citilink,Jakarta,CGK,WIII,15:00,07:00,15:09,9min late,15:43,16min early,1h 34m,Landed
2026-03-29,JQ88,JST088,Jetstar Airways,Singapore,SIN,WSSS,15:05,07:05,15:29,24min late,18:01,1min late,2h 31m,Landed
2026-03-29,QZ480,AWQ480,Indonesia AirAsia,Da Nang,DAD,VVDN,15:05,07:05,15:38,33min late,06:28,53min late,15h 49m,Landed
2026-03-29,JQ44,JST044,Jetstar Airways,Melbourne,MEL,YMML,15:10,07:10,15:18,8min late,23:36,8min early,5h 17m,Landed
2026-03-29,GA842,GIA842,Garuda Indonesia,Singapore,SIN,WSSS,15:15,07:15,15:36,21min late,18:09,on time,2h 32m,Landed
2026-03-29,VA50,VOZ050,Virgin Australia,Brisbane,BNE,YBBN,15:15,07:15,15:44,29min late,23:06,1min late,5h 21m,Landed
2026-03-29,QZ536,AWQ536,Indonesia AirAsia,Perth,PER,YPPH,15:15,07:15,16:26,11min late,19:51,41min late,3h 25m,Landed
2026-03-29,AK377,AXM377,AirAsia,Kuala Lumpur,KUL,WMKK,15:25,07:25,15:56,31min late,18:38,8min late,2h 41m,Landed
2026-03-29,JT740,LNI740,Lion Air,Makassar,UPG,WAAA,15:30,07:30,16:30,0min late,17:27,32min late,57m,Landed
2026-03-29,IP109,PAS109,Pelita Air Service,Jakarta,CGK,WIII,15:35,07:35,16:01,26min late,16:39,14min late,1h 37m,Landed
2026-03-29,GA411,GIA411,Garuda Indonesia,Jakarta,CGK,WIII,15:45,07:45,16:08,23min late,16:50,5min late,1h 41m,Landed
2026-03-29,VA92,VOZ092,Virgin Australia,Melbourne,MEL,YMML,15:50,07:50,16:05,15min late,00:23,1min early,5h 18m,Landed
2026-03-29,8B5256,TNU5256,TransNusa,Lombok,LOP,WADL,15:55,07:55,17:38,43min late,21:36,46min late,3h 57m,Landed
2026-03-29,CI772,CAL772,China Airlines,Taipei,TPE,RCTP,15:55,07:55,16:19,24min late,21:09,10min early,4h 49m,Landed
2026-03-29,VN640,HVN640,Vietnam Airlines,Ho Chi Minh City,SGN,VVTS,16:00,08:00,16:13,13min late,18:32,7min early,3h 19m,Landed
2026-03-29,SJ717,SJY717,Sriwijaya Air,Makassar,UPG,WAAA,16:00,08:00,21:46,46min late,22:43,23min late,56m,Landed
2026-03-29,QG661,,Citilink,Jakarta,CGK,WIII,16:00,08:00,16:50,50min late,16:33,26min early,43m,Landed
2026-03-29,QZ246,AWQ246,Indonesia AirAsia,Phuket,HKT,VTSP,16:10,08:10,16:32,22min late,18:56,13min early,3h 23m,Landed
2026-03-29,QG669,CTV669,Citilink,Surabaya,SUB,WARR,16:10,08:10,16:16,6min late,16:04,15min early,48m,Landed
2026-03-29,CX784,CPA784,Cathay Pacific,Hong Kong,HKG,VHHH,16:15,08:15,16:23,8min late,20:38,46min early,4h 15m,Landed
2026-03-29,MH850,MAS850,Malaysia Airlines,Kuala Lumpur,KUL,WMKK,16:25,08:25,16:52,27min late,19:42,7min late,2h 49m,Landed
2026-03-29,IW1852,WON1852,Wings Air,Lombok,LOP,WADL,16:30,08:30,18:03,33min late,18:26,6min late,22m,Landed
2026-03-29,BR256,EVA256,EVA Airways,Taipei,TPE,RCTP,16:30,08:30,16:58,28min late,21:40,19min early,4h 41m,Landed
2026-03-29,JT744,LNI744,Lion Air,Makassar,UPG,WAAA,16:40,08:40,17:36,56min late,18:36,31min late,59m,Landed
2026-03-29,IU703,SJV703,SW Italia,Surabaya,SUB,WARR,16:40,08:40,15:54,45min early,17:29,49min late,2h 34m,Landed
2026-03-29,AK9369,AXM9369,AirAsia,Kuala Lumpur,KUL,WMKK,16:40,08:40,17:26,46min late,20:11,26min late,2h 45m,Landed
2026-03-29,QG9661,CTV9661,Citilink,Jakarta,CGK,WIII,16:47,08:47,16:40,7min early,17:29,9min late,1h 49m,Landed
2026-03-29,HO1356,DKH1356,Juneyao Airlines,Shanghai,PVG,ZSPD,16:50,08:50,17:18,28min late,23:12,22min early,5h 54m,Landed
2026-03-29,GA349,GIA349,Garuda Indonesia,Surabaya,SUB,WARR,16:55,08:55,17:33,38min late,17:15,5min late,42m,Landed
2026-03-29,TG432,THA432,Thai Airways International,Bangkok,BKK,VTBS,16:55,08:55,16:56,1min late,19:47,17min early,3h 50m,Landed
2026-03-29,ID6335,BTK6335,Batik Air,Labuan Bajo,LBJ,WATO,17:00,09:00,17:15,15min late,18:06,8min early,51m,Landed
2026-03-29,JT25,LNI025,Lion Air,Jakarta,CGK,WIII,17:15,09:15,17:59,44min late,18:50,40min late,1h 51m,Landed
2026-03-29,8B5101,TNU5101,TransNusa,Jakarta,CGK,WIII,17:16,09:16,17:19,3min late,17:50,3min late,1h 30m,Landed
2026-03-29,GA419,GIA419,Garuda Indonesia,Jakarta,CGK,WIII,17:25,09:25,17:53,28min late,18:27,2min late,1h 34m,Landed
2026-03-29,VJ998,VJC998,VietJet Air,Hanoi,HAN,VVNB,17:30,09:30,17:42,12min late,21:21,23min early,4h 38m,Landed
2026-03-29,TR243,TGW243,Scoot,Singapore,SIN,WSSS,17:35,09:35,18:02,27min late,20:19,5min early,2h 16m,Landed
2026-03-29,IP107,PAS107,Pelita Air Service,Jakarta,CGK,WIII,17:40,09:40,17:56,16min late,18:30,on time,1h 33m,Landed
2026-03-29,NZ291,ANZ291,Air New Zealand,Auckland,AKL,NZAA,17:50,09:50,18:08,18min late,06:10,19min early,7h 1m,Landed
2026-03-29,JT3759,LNI3759,Lion Air,Jakarta,CGK,WIII,17:55,09:55,18:47,52min late,19:24,34min late,1h 36m,Landed
2026-03-29,QZ821,AWQ821,Indonesia AirAsia,Jakarta,CGK,WIII,18:00,10:00,18:22,22min late,18:54,4min late,1h 32m,Landed
2026-03-29,6E1608,IGO1608,IndiGo,Chennai,MAA,VOMM,18:00,10:00,18:11,11min late,21:40,5min late,5h 58m,Landed
2026-03-29,IU126,SJV126,SW Italia,Surakarta,SOC,WAHQ,18:10,10:10,21:43,33min late,21:45,15min late,1h 1m,Landed
2026-03-29,OD193,MXD193,Malindo Air,Perth,PER,YPPH,18:10,10:10,18:30,20min late,21:57,12min late,3h 27m,Landed
2026-03-29,IN281,LKN281,NAM Air,Jakarta,CGK,WIII,18:30,10:30,18:56,26min late,19:36,26min late,1h 40m,Landed
2026-03-29,EY477,ETD477,Etihad Airways,Abu Dhabi,AUH,OMAA,18:30,10:30,18:52,22min late,23:52,22min late,9h 0m,Landed
2026-03-29,GA417,GIA417,Garuda Indonesia,Jakarta,CGK,WIII,18:30,10:30,19:08,38min late,19:45,15min late,1h 37m,Landed
2026-03-29,ID6413,BTK6413,Batik Air,Surabaya,SUB,WARR,18:45,10:45,19:22,37min late,19:08,23min late,46m,Landed
2026-03-29,CX782,CPA782,Cathay Pacific,Hong Kong,HKG,VHHH,18:50,10:50,19:03,13min late,23:29,35min early,4h 25m,Landed
2026-03-29,8B5258,TNU5258,TransNusa,Lombok,LOP,WADL,18:55,10:55,20:14,19min late,20:33,58min late,19m,Landed
2026-03-29,TG440,THA440,Thai Airways International,Bangkok,BKK,VTBS,19:00,11:00,19:14,14min late,22:13,3min late,3h 59m,Landed
2026-03-29,6E1612,IGO1612,IndiGo,Bhubaneswar,BBI,VEBS,19:10,11:10,19:26,16min late,22:45,4min early,5h 49m,Landed
2026-03-29,MH852,MAS852,Malaysia Airlines,Kuala Lumpur,KUL,WMKK,19:20,11:20,19:37,17min late,22:22,2min late,2h 44m,Landed
2026-03-29,QZ504,AWQ504,Indonesia AirAsia,Singapore,SIN,WSSS,19:25,11:25,20:42,17min late,23:01,56min late,2h 19m,Landed
2026-03-29,ID7310,BTK7310,Batik Air,Jakarta,HLP,WIHH,19:25,11:25,00:19,54min late,00:42,27min late,1h 22m,Landed
2026-03-29,QG689,CTV689,Citilink,Jakarta,CGK,WIII,19:30,11:30,19:51,21min late,20:22,7min early,1h 31m,Landed
2026-03-29,QG699,CTV699,Citilink,Surabaya,SUB,WARR,19:30,11:30,19:55,25min late,19:42,2min late,47m,Landed
2026-03-29,8B969,TNU969,Business Air,Guangzhou,CAN,ZGGG,19:40,11:40,20:13,33min late,00:47,12min early,4h 33m,Landed
2026-03-29,TR283,TGW283,Scoot,Singapore,SIN,WSSS,19:40,11:40,20:26,46min late,22:41,6min late,2h 14m,Landed
2026-03-29,EK369,UAE369,Emirates,Dubai,DXB,OMDB,19:45,11:45,20:09,24min late,00:59,9min late,8h 49m,Landed
2026-03-29,AK379,AXM379,AirAsia,Kuala Lumpur,KUL,WMKK,19:45,11:45,20:31,46min late,23:21,31min late,2h 50m,Landed
2026-03-29,JT923,LNI923,Lion Air,Surabaya,SUB,WARR,19:45,11:45,20:15,30min late,19:57,12min late,42m,Landed
2026-03-29,GA421,GIA421,Garuda Indonesia,Jakarta,CGK,WIII,19:50,11:50,20:22,32min late,21:00,10min late,1h 38m,Landed
2026-03-29,IU133,SJV133,SW Italia,Semarang,SRG,WIIS,19:50,11:50,20:46,56min late,20:48,38min late,1h 1m,Landed
2026-03-29,SQ945,SIA945,Singapore Airlines,Singapore,SIN,WSSS,20:00,12:00,20:35,35min late,22:47,7min late,2h 12m,Landed
2026-03-29,QG195,CTV195,Citilink,Jakarta,HLP,WIHH,20:10,12:10,20:24,14min late,21:07,2min late,1h 43m,Landed
2026-03-29,JQ34,JST034,Jetstar Airways,Melbourne,MEL,YMML,20:20,12:20,20:31,11min late,05:03,8min late,5h 31m,Landed
2026-03-29,ID6415,BTK6415,Batik Air,Surabaya,SUB,WARR,20:30,12:30,20:54,24min late,20:24,5min early,30m,Landed
2026-03-29,GA415,GIA415,Garuda Indonesia,Jakarta,CGK,WIII,20:40,12:40,20:49,9min late,21:33,6min early,1h 44m,Landed
2026-03-29,KL840,KLM840,KLM Royal Dutch Airlines,Singapore,SIN,WSSS,20:45,12:45,21:24,39min late,23:33,8min late,2h 8m,Landed
2026-03-29,TK67,THY067,Turkish Airlines,Istanbul,IST,LTFM,20:45,12:45,20:59,14min late,10:07,22min late,18h 7m,Landed
2026-03-29,IP105,PAS105,Pelita Air Service,Jakarta,CGK,WIII,20:50,12:50,20:57,7min late,21:31,9min early,1h 33m,Landed
2026-03-29,OD177,MXD177,Malindo Air,Melbourne,MEL,YMML,21:00,13:00,21:02,2min late,05:18,21min early,5h 16m,Landed
2026-03-29,QZ819,AWQ819,Indonesia AirAsia,Jakarta,CGK,WIII,21:05,13:05,22:10,5min late,22:41,46min late,1h 30m,Landed
2026-03-29,QG667,CTV667,Citilink,Jakarta,CGK,WIII,21:10,13:10,23:02,52min late,23:48,38min late,1h 46m,Landed
2026-03-29,QZ410,AWQ410,Indonesia AirAsia,Melbourne,MEL,YMML,21:15,13:15,21:40,25min late,06:20,35min late,5h 40m,Landed
2026-03-29,ID6760,BTK6760,Batik Air,Makassar,UPG,WAAA,21:30,13:30,21:46,16min late,22:42,12min early,56m,Landed
2026-03-29,JQ117,JST117,Jetstar Airways,Perth,PER,YPPH,21:30,13:30,21:44,14min late,01:14,5min early,3h 30m,Landed
2026-03-29,SJ273,SJY273,Sriwijaya Air,Jakarta,CGK,WIII,21:35,13:35,02:13,38min late,02:41,33min early,,Landed
2026-03-29,SQ947,SIA947,Singapore Airlines,Singapore,SIN,WSSS,21:40,13:40,21:54,14min late,00:06,8min early,2h 12m,Landed
2026-03-29,TK311,THY311,Turkish Airlines,Istanbul,IST,LTFM,21:45,13:45,22:42,57min late,06:21,36min late,12h 39m,Landed
2026-03-29,OD157,MXD157,Malindo Air,Brisbane,BNE,YBBN,22:00,14:00,22:32,32min late,06:13,23min late,5h 41m,Landed
2026-03-29,IU273,SJV273,SW Italia,Pontianak,PNK,WIOO,22:00,14:00,21:59,1min early,22:34,on time,1h 35m,Landed
2026-03-29,GA718,GIA718,Garuda Indonesia,Melbourne,MEL,YMML,22:05,14:05,22:50,45min late,07:28,58min late,5h 37m,Landed
2026-03-29,JQ60,JST060,Jetstar Airways,Brisbane,BNE,YBBN,22:10,14:10,14:51,18min early,05:41,3min early,12h 49m,Landed
2026-03-29,AK375,AXM375,AirAsia,Kuala Lumpur,KUL,WMKK,22:15,14:15,22:55,40min late,01:30,10min late,2h 34m,Landed
2026-03-29,OD171,MXD171,Malindo Air,Sydney,SYD,YSSY,22:15,14:15,22:45,30min late,08:08,3min late,6h 23m,Landed
2026-03-29,QF44,QFA044,Qantas,Sydney,SYD,YSSY,22:20,14:20,14:29,50min early,07:31,21min late,14h 1m,Landed
2026-03-29,JQ38,JST038,Jetstar Airways,Sydney,SYD,YSSY,22:35,14:35,22:43,8min late,08:02,32min late,6h 18m,Landed
2026-03-29,JT15,LNI015,Lion Air,Jakarta,CGK,WIII,22:35,14:35,01:07,32min late,01:34,4min late,1h 26m,Landed
2026-03-29,7C5304,JJA5304,Jeju Air,Seoul,ICN,RKSI,22:45,14:45,23:30,45min late,07:02,12min early,6h 32m,Landed
2026-03-29,QZ941,AWQ941,Indonesia AirAsia,Jakarta,CGK,WIII,22:45,14:45,00:56,11min late,01:25,40min late,1h 28m,Landed
2026-03-29,JQ128,JST128,Jetstar Airways,Adelaide,ADL,YPAD,22:55,14:55,16:42,12min early,06:03,6min early,10h 50m,Landed
2026-03-29,QF46,QFA046,Qantas,Melbourne,MEL,YMML,23:05,15:05,01:33,28min late,10:03,23min late,5h 29m,Landed
2026-03-29,VA96,VOZ096,Virgin Australia,Melbourne,MEL,YMML,23:05,15:05,23:18,13min late,07:48,8min late,5h 29m,Landed
2026-03-29,8B5109,TNU5109,TransNusa,Jakarta,CGK,WIII,23:10,15:10,23:57,47min late,00:29,39min late,1h 32m,Landed
2026-03-29,3U3986,CSC3986,Sichuan Airlines,Lujia Town,TFU,ZUTF,23:10,15:10,23:28,18min late,05:28,1min early,6h 0m,Landed
2026-03-29,VA82,VOZ082,Virgin Australia,Gold Coast,OOL,YBCG,23:20,15:20,23:53,33min late,07:18,23min late,5h 25m,Landed
2026-03-29,QG9695,CTV9695,Citilink,Surabaya,SUB,WARR,23:20,15:20,23:38,18min late,23:33,3min late,54m,Landed
2026-03-29,GA714,GIA714,Garuda Indonesia,Sydney,SYD,YSSY,23:25,15:25,23:36,11min late,08:58,48min late,6h 21m,Landed
2026-03-29,VA68,VOZ068,Virgin Australia,Sydney,SYD,YSSY,23:35,15:35,23:38,3min late,09:10,35min late,6h 32m,Landed
2026-03-29,KE432,KAL432,Korean Air Lines,Seoul,ICN,RKSI,23:45,15:45,00:04,19min late,07:23,31min early,6h 18m,Landed
2026-03-29,QZ420,AWQ420,Indonesia AirAsia,Adelaide,ADL,YPAD,23:45,15:45,00:14,29min late,07:26,1min late,4h 42m,Landed
2026-03-29,SJ2721,,Sriwijaya Air,Jakarta,CGK,WIII,23:45,15:45,05:37,52min late,05:59,34min late,1h 22m,Landed
2026-03-29,JQ87,JST087,Jetstar Airways,Sunshine Coast,MCY,YBSU,23:50,15:50,23:50,on time,07:05,24min early,5h 14m,Landed
2026-03-29,QG9687,CTV9687,Citilink,Jakarta,CGK,WIII,23:55,15:55,00:22,27min late,01:13,18min late,1h 50m,Landed
2026-03-30,BX602,ABL602,Air Busan,Busan,PUS,RKPK,00:05,16:05,00:14,9min late,07:37,17min early,6h 22m,Landed
2026-03-30,TW158,TWB158,T'Way Air,Cheongju,CJJ,RKTU,00:15,16:15,01:12,57min late,08:44,9min late,6h 31m,Landed
2026-03-30,GA880,GIA880,Garuda Indonesia,Tokyo,NRT,RJAA,00:20,16:20,00:31,11min late,08:04,45min early,6h 33m,Landed
2026-03-30,MF892,CXA892,Xiamen Airlines,Xiamen,XMN,ZSAM,00:30,16:30,00:45,15min late,13:17,12min late,12h 32m,Landed
2026-03-30,EK399,UAE399,Emirates,Dubai,DXB,OMDB,00:35,16:35,00:41,6min late,05:21,13min early,8h 39m,Landed
2026-03-30,CZ626,CSN626,China Southern Airlines,Guangzhou,CAN,ZGGG,00:40,16:40,00:52,12min late,05:36,18min early,4h 43m,Landed
2026-03-30,PR538,PAL538,Philippine Airlines,Manila,MNL,RPLL,00:55,16:55,01:07,12min late,04:31,28min early,3h 23m,Landed
2026-03-30,MU5030,CES5030,China Eastern Airlines,Shanghai,PVG,ZSPD,00:55,16:55,02:00,5min late,08:12,12min late,6h 12m,Landed
2026-03-30,QZ548,AWQ548,Indonesia AirAsia,Perth,PER,YPPH,01:00,17:00,01:05,5min late,04:29,15min early,3h 24m,Landed
2026-03-30,5J282,CEB282,CEBU Pacific Air,Manila,MNL,RPLL,01:00,17:00,01:03,3min late,04:43,36min early,3h 39m,Landed
2026-03-30,GA652,GIA652,Garuda Indonesia,Timika,TIM,WABP,01:05,17:05,01:34,29min late,05:34,10min early,2h 59m,Landed
2026-03-30,KE434,KAL434,Korean Air Lines,Seoul,ICN,RKSI,01:10,17:10,17:29,40min early,08:44,40min early,14h 14m,Landed
2026-03-30,8B5888,TNU5888,TransNusa,Manado,MDC,WAMM,01:50,17:50,01:46,3min early,03:57,27min early,2h 10m,Landed
2026-03-30,GA401,GIA401,Garuda Indonesia,Jakarta,CGK,WIII,06:30,22:30,06:42,12min late,07:13,16min early,1h 31m,Landed
2026-03-30,QZ807,AWQ807,Indonesia AirAsia,Jakarta,CGK,WIII,07:00,23:00,07:33,33min late,08:01,1min late,1h 27m,Landed
2026-03-30,JT746,LNI746,Lion Air,Makassar,UPG,WAAA,07:00,23:00,07:14,14min late,08:15,9min early,1h 0m,Landed
2026-03-30,JQ82,JST082,Jetstar Airways,Darwin,DRW,YPDN,07:00,23:00,06:57,2min early,10:50,24min early,2h 23m,Landed
2026-03-30,IU705,SJV705,SW Italia,Surabaya,SUB,WARR,07:00,23:00,07:22,22min late,06:58,2min early,35m,Landed
2026-03-30,QZ534,AWQ534,Indonesia AirAsia,Perth,PER,YPPH,07:05,23:05,07:28,23min late,11:06,6min late,3h 38m,Landed
2026-03-30,QG690,CTV690,Citilink,Surabaya,SUB,WARR,07:05,23:05,07:01,3min early,06:48,21min early,46m,Landed
2026-03-30,QZ644,AWQ644,Indonesia AirAsia,Labuan Bajo,LBJ,WATO,07:05,23:05,07:19,14min late,08:10,4min early,51m,Landed
2026-03-30,SQ949,SIA949,Singapore Airlines,Singapore,SIN,WSSS,07:15,23:15,07:29,14min late,09:41,18min early,2h 11m,Landed
2026-03-30,8B551,TNU551,Business Air,Singapore,SIN,WSSS,07:30,23:30,07:42,12min late,09:59,4min late,2h 16m,Landed
2026-03-30,8B5250,TNU5250,TransNusa,Lombok,LOP,WADL,07:30,23:30,07:37,7min late,07:57,2min late,19m,Landed
2026-03-30,ID6333,BTK6333,Batik Air,Labuan Bajo,LBJ,WATO,07:55,23:55,08:05,10min late,08:57,12min early,52m,Landed
2026-03-30,QG691,CTV691,Citilink,Surabaya,SUB,WARR,08:05,00:05,08:05,on time,07:55,19min early,50m,Landed
2026-03-30,IW1858,WON1858,Wings Air,Lombok,LOP,WADL,08:05,00:05,08:28,23min late,08:51,3min early,23m,Landed
2026-03-30,HX706,CRK706,Hong Kong Airlines,Hong Kong,HKG,VHHH,08:05,00:05,08:17,12min late,12:57,22min early,4h 40m,Landed
2026-03-30,JT21,LNI021,Lion Air,Jakarta,CGK,WIII,08:05,00:05,05:37,27min early,08:42,17min early,4h 5m,Landed
2026-03-30,AI2146,AIC2146,Air India,Delhi,DEL,VIDP,08:25,00:25,08:50,25min late,13:42,2min late,7h 21m,Landed
2026-03-30,QZ803,AWQ803,Indonesia AirAsia,Jakarta,CGK,WIII,08:30,00:30,08:35,5min late,09:01,19min early,1h 25m,Landed
2026-03-30,5J280,CEB280,CEBU Pacific Air,Manila,MNL,RPLL,08:35,00:35,08:56,21min late,12:30,24min early,3h 34m,Landed
2026-03-30,CZ8482,CSN8482,China Southern Airlines,Guangzhou,CAN,ZGGG,08:40,00:40,08:53,13min late,16:30,40min late,7h 36m,Landed
2026-03-30,QG500,CTV500,Citilink,Dili,DIL,WPDL,08:50,00:50,08:38,11min early,11:24,30min early,1h 46m,Landed
2026-03-30,IW1882,WON1882,Wings Air,Sumbawa Besar,SWQ,WADS,08:55,00:55,09:04,9min late,09:46,13min early,41m,Landed
2026-03-30,IW3330,WON3330,Wings Air,,,,09:00,01:00,09:00,on time,11:24,20min early,2h 24m,Landed
2026-03-30,8B80,TNU080,TransNusa,Perth,PER,YPPH,09:05,01:05,09:46,41min late,13:04,9min late,3h 18m,Landed
2026-03-30,ID6324,BTK6324,Batik Air,Tambolaka,TMC,WADT,09:10,01:10,09:16,6min late,10:00,24min early,44m,Landed
2026-03-30,8B5105,TNU5105,TransNusa,Jakarta,CGK,WIII,09:10,01:10,09:27,17min late,09:50,9min early,1h 23m,Landed
2026-03-30,SJ740,,Sriwijaya Air,Waingapu,WGP,WADW,09:10,01:10,,,,,1h 20m,
2026-03-30,IW1848,WON1848,Wings Air,Lombok,LOP,WADL,09:25,01:25,09:53,28min late,10:17,2min late,23m,Landed
2026-03-30,ID6007,BTK6007,Batik Air,Perth,PER,YPPH,09:30,01:30,09:52,22min late,13:12,2min early,3h 20m,Landed
2026-03-30,8B5634,TNU5634,TransNusa,Bima,BMU,WADB,09:35,01:35,09:58,23min late,10:39,4min late,41m,Landed
2026-03-30,IU128,SJV128,SW Italia,Surakarta,SOC,WAHQ,10:00,02:00,10:24,24min late,10:30,10min late,1h 5m,Landed
2026-03-30,IU122,SJV122,SW Italia,Yogyakarta,YIA,WAHI,10:00,02:00,10:16,16min late,10:24,5min early,1h 8m,Landed
2026-03-30,SQ935,SIA935,Singapore Airlines,Singapore,SIN,WSSS,10:05,02:05,10:21,16min late,12:45,on time,2h 24m,Landed
2026-03-30,8B5101,TNU5101,Business Air,Jakarta,CGK,WIII,10:25,02:25,10:48,23min late,11:15,4min early,1h 27m,Landed
2026-03-30,QZ780,AWQ780,Indonesia AirAsia,Balikpapan,BPN,WALL,10:30,02:30,10:43,13min late,14:12,2min late,3h 28m,Landed
2026-03-30,JQ126,JST126,Jetstar Airways,Adelaide,ADL,YPAD,10:35,02:35,10:30,4min early,17:36,13min early,4h 35m,Landed
2026-03-30,JT805,LNI805,Lion Air,Surabaya,SUB,WARR,10:35,02:35,06:21,13min early,10:56,21min late,5h 35m,Landed
2026-03-30,8G182,DTL182,Mid Africa Aviation,Dili,DIL,WPDL,10:35,02:35,10:33,1min early,13:13,16min early,1h 40m,Landed
2026-03-30,JT33,LNI033,Lion Air,Jakarta,CGK,WIII,10:35,02:35,19:30,55min late,19:57,27min late,1h 26m,Landed
2026-03-30,QG197,CTV197,Citilink,Jakarta,HLP,WIHH,11:10,03:10,11:14,4min late,11:47,12min early,1h 33m,Landed
2026-03-30,TR281,TGW281,Scoot,Singapore,SIN,WSSS,11:15,03:15,11:44,29min late,13:55,15min early,2h 10m,Landed
2026-03-30,6E1606,IGO1606,IndiGo,Bangalore,BLR,VOBL,11:20,03:20,11:30,10min late,15:17,7min late,6h 16m,Landed
2026-03-30,QZ646,AWQ646,Indonesia AirAsia,Labuan Bajo,LBJ,WATO,11:25,03:25,11:39,14min late,12:32,7min early,53m,Landed
2026-03-30,JQ109,JST109,Jetstar Airways,Perth,PER,YPPH,11:40,03:40,12:58,18min late,16:13,48min late,3h 15m,Landed
2026-03-30,IW1964,WON1964,Wings Air,Lombok,LOP,WADL,11:40,03:40,12:30,50min late,12:54,24min late,24m,Landed
2026-03-30,ID6331,BTK6331,Batik Air,Labuan Bajo,LBJ,WATO,11:45,03:45,11:52,7min late,12:41,18min early,48m,Landed
2026-03-30,JT31,,Lion Air,Jakarta,CGK,WIII,11:55,03:55,,,,,1h 55m,
2026-03-30,GA407,GIA407,Garuda Indonesia,Jakarta,CGK,WIII,11:55,03:55,12:09,14min late,12:44,10min early,1h 34m,Landed
2026-03-30,OD192,MXD192,Malindo Air,Kuala Lumpur,KUL,WMKK,11:55,03:55,12:35,40min late,15:25,20min late,2h 50m,Landed
2026-03-30,QZ544,AWQ544,Indonesia AirAsia,Perth,PER,YPPH,12:00,04:00,12:15,15min late,15:32,17min early,3h 17m,Landed
2026-03-30,IN640,LKN640,NAM Air,Tambolaka,TMC,WADT,12:03,04:03,12:03,on time,12:48,on time,44m,Landed
2026-03-30,GA253,GIA253,Garuda Indonesia,Yogyakarta,YIA,WAHI,12:05,04:05,12:21,16min late,12:30,24min early,1h 8m,Landed
2026-03-30,JQ32,JST032,Jetstar Airways,Melbourne,MEL,YMML,12:05,04:05,12:27,22min late,20:44,4min late,5h 16m,Landed
2026-03-30,SJ742,,Sriwijaya Air,Tambolaka,TMC,WADT,12:10,04:10,12:10,,13:10,,1h 0m,Landed
2026-03-30,FD397,AIQ397,Thai AirAsia,Bangkok,DMK,VTBD,12:10,04:10,13:53,43min late,17:07,27min late,4h 13m,Landed
2026-03-30,SQ937,SIA937,Singapore Airlines,Singapore,SIN,WSSS,12:10,04:10,12:25,15min late,14:43,11min early,2h 17m,Landed
2026-03-30,QG697,CTV697,Citilink,Surabaya,SUB,WARR,12:20,04:20,12:37,17min late,12:20,9min early,43m,Landed
2026-03-30,JQ40,JST040,Jetstar Airways,Sydney,SYD,YSSY,12:20,04:20,12:29,9min late,21:39,24min late,6h 9m,Landed
2026-03-30,OD178,MXD178,Malindo Air,Kuala Lumpur,KUL,WMKK,12:25,04:25,12:45,20min late,15:40,5min late,2h 54m,Landed
2026-03-30,QZ540,AWQ540,Indonesia AirAsia,Darwin,DRW,YPDN,12:30,04:30,12:50,20min late,16:42,7min early,2h 21m,Landed
2026-03-30,8B5254,TNU5254,TransNusa,Lombok,LOP,WADL,12:40,04:40,13:28,48min late,13:53,33min late,25m,Landed
2026-03-30,IP103,PAS103,Pelita Air Service,Jakarta,CGK,WIII,12:45,04:45,12:45,on time,13:15,24min early,1h 29m,Landed
2026-03-30,OD158,MXD158,Malindo Air,Kuala Lumpur,KUL,WMKK,12:45,04:45,12:56,11min late,15:44,10min early,2h 47m,Landed
2026-03-30,OD172,MXD172,Malindo Air,Kuala Lumpur,KUL,WMKK,12:50,04:50,14:02,12min late,16:46,46min late,2h 43m,Landed
2026-03-30,8B82,TNU082,TransNusa,Perth,PER,YPPH,12:55,04:55,16:14,19min late,19:36,41min late,3h 21m,Landed
2026-03-30,ID6509,BTK6509,Batik Air,Jakarta,CGK,WIII,13:00,05:00,13:14,14min late,13:47,7min early,1h 33m,Landed
2026-03-30,OD307,MXD307,Malindo Air,Kuala Lumpur,KUL,WMKK,13:00,05:00,13:42,42min late,16:22,22min late,2h 40m,Landed
2026-03-30,AK365,AXM365,AirAsia,Kuala Lumpur,KUL,WMKK,13:00,05:00,13:35,35min late,16:16,11min late,2h 40m,Landed
2026-03-30,MH714,MAS714,Malaysia Airlines,Kuala Lumpur,KUL,WMKK,13:05,05:05,13:45,40min late,16:28,28min late,2h 42m,Landed
2026-03-30,JT35,LNI035,Lion Air,Jakarta,CGK,WIII,13:15,05:15,13:22,7min late,13:57,12min early,1h 35m,Landed
2026-03-30,SQ939,SIA939,Singapore Airlines,Singapore,SIN,WSSS,13:15,05:15,13:42,27min late,15:57,3min early,2h 14m,Landed
2026-03-30,JQ58,JST058,Jetstar Airways,Brisbane,BNE,YBBN,13:15,05:15,11:09,5min early,20:49,5min early,7h 40m,Landed
2026-03-30,GA409,GIA409,Garuda Indonesia,Jakarta,CGK,WIII,13:25,05:25,13:56,31min late,14:29,4min late,1h 33m,Landed
2026-03-30,SL259,TLM259,Thai Lion Air,Bangkok,DMK,VTBD,13:25,05:25,13:49,24min late,16:59,9min late,4h 10m,Landed
2026-03-30,JT660,LNI660,Lion Air,Balikpapan,BPN,WALL,13:30,05:30,15:07,37min late,16:27,12min late,1h 20m,Landed
2026-03-30,8B5107,TNU5107,TransNusa,Jakarta,CGK,WIII,13:50,05:50,14:20,30min late,14:48,8min late,1h 27m,Landed
2026-03-30,JT919,LNI919,Lion Air,Surabaya,SUB,WARR,13:55,05:55,15:22,27min late,15:05,10min late,43m,Landed
2026-03-30,QG342,CTV342,Citilink,Makassar,UPG,WAAA,14:00,06:00,14:25,25min late,19:46,16min late,5h 21m,Landed
2026-03-30,VJ848,VJC848,VietJet Air,Ho Chi Minh City,SGN,VVTS,14:00,06:00,14:05,5min late,16:42,7min early,3h 37m,Landed
2026-03-30,QG687,CTV687,Citilink,Jakarta,CGK,WIII,14:00,06:00,14:07,7min late,14:54,5min early,1h 46m,Landed
2026-03-30,VJ894,VJC894,VietJet Air,Ho Chi Minh City,SGN,VVTS,14:05,06:05,14:10,5min late,16:33,21min early,3h 23m,Landed
2026-03-30,TR289,TGW289,Scoot,Singapore,SIN,WSSS,14:05,06:05,14:23,18min late,16:35,20min early,2h 11m,Landed
2026-03-30,QZ815,AWQ815,Indonesia AirAsia,Jakarta,CGK,WIII,14:10,06:10,14:27,17min late,14:53,11min early,1h 26m,Landed
2026-03-30,IU130,SJV130,SW Italia,Semarang,SRG,WIIS,14:15,06:15,15:20,5min late,17:17,42min late,2h 56m,Landed
2026-03-30,ID6517,BTK6517,Batik Air,Jakarta,CGK,WIII,14:15,06:15,14:42,27min late,15:06,3min early,1h 23m,Landed
2026-03-30,ID7308,BTK7308,Batik Air,Jakarta,HLP,WIHH,14:20,06:20,15:10,50min late,16:04,54min late,1h 53m,Landed
2026-03-30,QZ556,AWQ556,Indonesia AirAsia,Kuala Lumpur,KUL,WMKK,14:30,06:30,14:54,24min late,17:48,8min late,2h 53m,Landed
2026-03-30,GA653,GIA653,Garuda Indonesia,Jakarta,CGK,WIII,14:30,06:30,15:09,39min late,15:33,3min late,1h 24m,Landed
2026-03-30,AI2148,AIC2148,Air India,Delhi,DEL,VIDP,14:35,06:35,13:08,26min early,20:05,25min late,9h 27m,Landed
2026-03-30,JT844,LNI844,Lion Air,Banjarmasin,BDJ,WAOO,15:00,07:00,15:14,14min late,16:14,15min early,59m,Landed
2026-03-30,QG681,CTV681,Citilink,Jakarta,CGK,WIII,15:00,07:00,13:08,51min early,16:13,13min late,4h 5m,Landed
2026-03-30,IU120,SJV120,SW Italia,Yogyakarta,YIA,WAHI,15:00,07:00,18:24,24min late,18:39,9min late,1h 14m,Landed
2026-03-30,JQ107,JST107,Jetstar Airways,Perth,PER,YPPH,15:00,07:00,15:27,27min late,18:44,5min early,3h 17m,Landed
2026-03-30,QZ480,AWQ480,Indonesia AirAsia,Da Nang,DAD,VVDN,15:05,07:05,15:32,27min late,18:36,1min late,4h 4m,Landed
2026-03-30,JQ86,JST086,Jetstar Airways,Singapore,SIN,WSSS,15:05,07:05,15:24,19min late,17:40,19min early,2h 15m,Landed
2026-03-30,JQ44,JST044,Jetstar Airways,Melbourne,MEL,YMML,15:10,07:10,16:05,55min late,00:26,41min late,5h 20m,Landed
2026-03-30,QZ536,AWQ536,Indonesia AirAsia,Perth,PER,YPPH,15:15,07:15,15:34,19min late,19:06,3min early,3h 31m,Landed
2026-03-30,VA50,VOZ050,Virgin Australia,Brisbane,BNE,YBBN,15:15,07:15,15:16,1min late,22:35,29min early,5h 18m,Landed
2026-03-30,AK377,AXM377,AirAsia,Kuala Lumpur,KUL,WMKK,15:25,07:25,15:39,14min late,18:18,11min early,2h 39m,Landed
2026-03-30,JT740,LNI740,Lion Air,Makassar,UPG,WAAA,15:30,07:30,15:58,28min late,17:02,7min late,1h 4m,Landed
2026-03-30,IP109,PAS109,Pelita Air Service,Jakarta,CGK,WIII,15:35,07:35,15:51,16min late,16:45,20min late,1h 54m,Landed
2026-03-30,IW1850,WON1850,Wings Air,Lombok,LOP,WADL,15:40,07:40,15:45,5min late,16:08,21min early,22m,Landed
2026-03-30,GA411,GIA411,Garuda Indonesia,Jakarta,CGK,WIII,15:45,07:45,15:56,11min late,16:48,3min late,1h 52m,Landed
2026-03-30,VA92,VOZ092,Virgin Australia,Melbourne,MEL,YMML,15:50,07:50,16:02,12min late,00:20,4min early,5h 18m,Landed
2026-03-30,8B5256,TNU5256,Business Air,Lombok,LOP,WADL,15:55,07:55,16:07,12min late,16:25,24min early,17m,Landed
2026-03-30,CI772,CAL772,China Airlines,Taipei,TPE,RCTP,15:55,07:55,16:12,17min late,21:08,11min early,4h 56m,Landed
2026-03-30,QG661,,Citilink,Jakarta,CGK,WIII,16:00,08:00,16:17,17min late,18:00,0min late,2h 43m,Landed
2026-03-30,VN640,HVN640,Vietnam Airlines,Ho Chi Minh City,SGN,VVTS,16:00,08:00,16:09,9min late,18:35,4min early,3h 25m,Landed
2026-03-30,SJ717,SJY717,Sriwijaya Air,Makassar,UPG,WAAA,16:00,08:00,17:56,56min late,18:53,33min late,56m,Landed
2026-03-30,QZ246,AWQ246,Indonesia AirAsia,Phuket,HKT,VTSP,16:10,08:10,16:31,21min late,19:04,5min early,3h 33m,Landed
2026-03-30,QG669,CTV669,Citilink,Surabaya,SUB,WARR,16:10,08:10,16:28,18min late,16:15,4min early,47m,Landed
2026-03-30,CX784,CPA784,Cathay Pacific,Hong Kong,HKG,VHHH,16:15,08:15,17:13,58min late,21:28,3min late,4h 15m,Landed
2026-03-30,QG9661,CTV9661,Citilink,Jakarta,CGK,WIII,16:16,08:16,16:11,4min early,17:05,4min late,1h 53m,Landed
2026-03-30,MH850,MAS850,Malaysia Airlines,Kuala Lumpur,KUL,WMKK,16:25,08:25,16:54,29min late,19:43,8min late,2h 48m,Landed
2026-03-30,BR256,EVA256,EVA Airways,Taipei,TPE,RCTP,16:30,08:30,17:23,53min late,22:23,23min late,5h 0m,Landed
2026-03-30,IW1852,WON1852,Wings Air,Lombok,LOP,WADL,16:30,08:30,16:40,10min late,17:03,16min early,22m,Landed
2026-03-30,JT744,,Lion Air,Makassar,UPG,WAAA,16:40,08:40,16:40,,17:39,25min early,59m,Landed
2026-03-30,IU703,SJV703,SW Italia,Surabaya,SUB,WARR,16:40,08:40,23:40,0min late,23:15,35min late,34m,Landed
2026-03-30,HO1356,DKH1356,Juneyao Airlines,Shanghai,PVG,ZSPD,16:50,08:50,17:23,33min late,23:41,6min late,6h 18m,Landed
2026-03-30,TG432,THA432,Thai Airways International,Bangkok,BKK,VTBS,16:55,08:55,16:49,5min early,19:37,27min early,3h 48m,Landed
2026-03-30,GA349,GIA349,Garuda Indonesia,Surabaya,SUB,WARR,16:55,08:55,17:18,23min late,16:59,10min early,41m,Landed
2026-03-30,ID6335,BTK6335,Batik Air,Labuan Bajo,LBJ,WATO,17:00,09:00,17:52,52min late,18:41,26min late,48m,Landed
2026-03-30,JT25,,Lion Air,Jakarta,CGK,WIII,17:15,09:15,19:44,29min late,20:10,0min late,1h 26m,Landed
2026-03-30,GA419,GIA419,Garuda Indonesia,Jakarta,CGK,WIII,17:25,09:25,18:14,49min late,18:40,15min late,1h 25m,Landed
2026-03-30,VJ998,VJC998,VietJet Air,Hanoi,HAN,VVNB,17:30,09:30,17:27,2min early,21:22,22min early,4h 54m,Landed
2026-03-30,TR243,TGW243,Scoot,Singapore,SIN,WSSS,17:35,09:35,18:01,26min late,20:20,5min early,2h 18m,Landed
2026-03-30,IP107,PAS107,Pelita Air Service,Jakarta,CGK,WIII,17:40,09:40,18:04,24min late,18:30,on time,1h 26m,Landed
2026-03-30,NZ291,ANZ291,Air New Zealand,Auckland,AKL,NZAA,17:50,09:50,18:54,4min late,07:55,5min late,8h 1m,Landed
2026-03-30,JT3759,,Lion Air,Jakarta,CGK,WIII,17:55,09:55,19:26,31min late,21:09,19min late,2h 43m,Landed
2026-03-30,QZ821,AWQ821,Indonesia AirAsia,Jakarta,CGK,WIII,18:00,10:00,18:31,31min late,19:03,13min late,1h 31m,Landed
2026-03-30,6E1608,IGO1608,IndiGo,Chennai,MAA,VOMM,18:00,10:00,18:07,7min late,21:37,2min late,6h 0m,Landed
2026-03-30,IU126,SJV126,SW Italia,Surakarta,SOC,WAHQ,18:10,10:10,19:25,15min late,19:30,0min late,1h 5m,Landed
2026-03-30,OD193,MXD193,Malindo Air,Perth,PER,YPPH,18:10,10:10,18:22,12min late,21:46,1min late,3h 23m,Landed
2026-03-30,IU137,SJV137,SW Italia,Kupang,KOE,WATT,18:19,10:19,18:22,2min late,19:44,2min late,1h 22m,Landed
2026-03-30,ID6552,BTK6552,Batik Air,Kupang,KOE,WATT,18:25,10:25,18:38,13min late,19:58,16min early,1h 20m,Landed
2026-03-30,GA417,GIA417,Garuda Indonesia,Jakarta,CGK,WIII,18:30,10:30,18:50,20min late,19:24,5min early,1h 33m,Landed
2026-03-30,IN281,LKN281,NAM Air,Jakarta,CGK,WIII,18:30,10:30,20:24,54min late,20:53,43min late,1h 29m,Landed
2026-03-30,JT3027,,Lion Air,Jakarta,CGK,WIII,18:40,10:40,21:35,55min late,22:09,34min late,1h 34m,Landed
2026-03-30,IP105,PAS105,Pelita Air Service,Jakarta,CGK,WIII,18:50,10:50,19:01,11min late,19:36,3min early,1h 35m,Landed
2026-03-30,CX782,CPA782,Cathay Pacific,Hong Kong,HKG,VHHH,18:50,10:50,18:44,5min early,23:26,38min early,4h 41m,Landed
2026-03-30,8B5258,TNU5258,TransNusa,Lombok,LOP,WADL,18:55,10:55,19:09,14min late,19:26,8min early,17m,Landed
2026-03-30,TG440,THA440,Thai Airways International,Bangkok,BKK,VTBS,19:00,11:00,19:06,6min late,21:59,10min early,3h 53m,Landed
2026-03-30,6E1612,IGO1612,IndiGo,Bhubaneswar,BBI,VEBS,19:10,11:10,19:34,24min late,22:46,3min early,5h 42m,Landed
2026-03-30,MH852,MAS852,Malaysia Airlines,Kuala Lumpur,KUL,WMKK,19:20,11:20,20:01,41min late,22:43,23min late,2h 41m,Landed
2026-03-30,ID7310,BTK7310,Batik Air,Jakarta,HLP,WIHH,19:25,11:25,20:54,29min late,21:18,3min late,1h 23m,Landed
2026-03-30,QZ504,AWQ504,Indonesia AirAsia,Singapore,SIN,WSSS,19:25,11:25,21:41,16min late,00:02,57min late,2h 21m,Landed
2026-03-30,QG699,CTV699,Citilink,Surabaya,SUB,WARR,19:30,11:30,19:44,14min late,19:36,3min early,52m,Landed
2026-03-30,QG689,CTV689,Citilink,Jakarta,CGK,WIII,19:30,11:30,20:22,52min late,21:05,35min late,1h 42m,Landed
2026-03-30,8B969,,TransNusa,Guangzhou,CAN,ZGGG,19:40,11:40,,,,,5h 20m,
2026-03-30,TR283,TGW283,Scoot,Singapore,SIN,WSSS,19:40,11:40,20:07,27min late,22:24,11min early,2h 16m,Landed
2026-03-30,JT923,LNI923,Lion Air,Surabaya,SUB,WARR,19:45,11:45,20:09,24min late,19:58,13min late,48m,Landed
2026-03-30,AK379,AXM379,AirAsia,Kuala Lumpur,KUL,WMKK,19:45,11:45,21:30,45min late,00:18,28min late,2h 47m,Landed
2026-03-30,EK369,UAE369,Emirates,Dubai,DXB,OMDB,19:45,11:45,19:55,10min late,00:58,8min late,9h 3m,Landed
2026-03-30,IU133,SJV133,SW Italia,Semarang,SRG,WIIS,19:50,11:50,21:06,16min late,21:04,54min late,57m,Landed
2026-03-30,GA421,GIA421,Garuda Indonesia,Jakarta,CGK,WIII,19:50,11:50,20:35,45min late,21:05,15min late,1h 30m,Landed
2026-03-30,SQ945,SIA945,Singapore Airlines,Singapore,SIN,WSSS,20:00,12:00,20:14,14min late,22:31,8min early,2h 16m,Landed
2026-03-30,QG195,CTV195,Citilink,Jakarta,HLP,WIHH,20:10,12:10,20:36,26min late,21:15,10min late,1h 39m,Landed
2026-03-30,JQ34,JST034,Jetstar Airways,Melbourne,MEL,YMML,20:20,12:20,20:36,16min late,04:52,2min early,5h 15m,Landed
2026-03-30,ID6415,BTK6415,Batik Air,Surabaya,SUB,WARR,20:30,12:30,21:53,23min late,21:31,1min late,37m,Landed
2026-03-30,GA415,GIA415,Garuda Indonesia,Jakarta,CGK,WIII,20:40,12:40,21:38,58min late,22:10,30min late,1h 32m,Landed
2026-03-30,KL836,KLM836,KLM Royal Dutch Airlines,Singapore,SIN,WSSS,20:45,12:45,17:23,21min early,23:32,7min late,6h 8m,Landed
2026-03-30,TK67,THY067,Turkish Airlines,Istanbul,IST,LTFM,20:45,12:45,21:21,36min late,05:01,16min late,12h 40m,Landed
2026-03-30,OD177,MXD177,Malindo Air,Melbourne,MEL,YMML,21:00,13:00,21:34,34min late,06:04,24min late,5h 30m,Landed
2026-03-30,QZ819,AWQ819,Indonesia AirAsia,Jakarta,CGK,WIII,21:05,13:05,22:15,10min late,22:39,44min late,1h 24m,Landed
2026-03-30,QG667,CTV667,Citilink,Jakarta,CGK,WIII,21:10,13:10,22:40,30min late,23:30,20min late,1h 50m,Landed
2026-03-30,JT11,,Lion Air,Jakarta,CGK,WIII,21:15,13:15,21:15,,21:47,22min early,1h 32m,Landed
2026-03-30,QZ410,AWQ410,Indonesia AirAsia,Melbourne,MEL,YMML,21:15,13:15,16:56,18min early,06:36,51min late,10h 39m,Landed
2026-03-30,ID6760,BTK6760,Batik Air,Makassar,UPG,WAAA,21:30,13:30,21:48,18min late,22:43,11min early,55m,Landed
2026-03-30,JQ117,JST117,Jetstar Airways,Perth,PER,YPPH,21:30,13:30,22:32,2min late,01:46,26min late,3h 14m,Landed
2026-03-30,SJ273,,Sriwijaya Air,Jakarta,CGK,WIII,21:35,13:35,21:35,,22:15,,1h 40m,Landed
2026-03-30,SQ947,SIA947,Singapore Airlines,Singapore,SIN,WSSS,21:40,13:40,21:57,17min late,00:09,6min early,2h 11m,Landed
2026-03-30,TK311,THY311,Turkish Airlines,Istanbul,IST,LTFM,21:45,13:45,22:00,15min late,05:30,14min early,12h 29m,Landed
2026-03-30,SV857,SVA857,Saudi Arabian Airlines,Singapore,SIN,WSSS,21:55,13:55,22:01,6min late,00:19,10min early,2h 17m,Landed
2026-03-30,GA718,,Garuda Indonesia,Melbourne,MEL,YMML,22:05,14:05,22:05,on time,06:30,,5h 25m,Landed
2026-03-30,OD171,MXD171,Malindo Air,Sydney,SYD,YSSY,22:15,14:15,22:20,5min late,07:14,9min late,5h 53m,Landed
2026-03-30,QF44,QFA044,Qantas,Sydney,SYD,YSSY,22:20,14:20,22:21,1min late,07:09,on time,5h 47m,Landed
2026-03-30,JQ38,JST038,Jetstar Airways,Sydney,SYD,YSSY,22:35,14:35,22:33,1min early,07:26,3min early,5h 52m,Landed
2026-03-30,JT15,,Lion Air,Jakarta,CGK,WIII,22:35,14:35,01:15,40min late,01:44,14min late,1h 29m,Landed
2026-03-30,7C5304,JJA5304,Jeju Air,Seoul,ICN,RKSI,22:45,14:45,23:33,48min late,07:16,1min late,6h 42m,Landed
2026-03-30,JQ128,JST128,Jetstar Airways,Adelaide,ADL,YPAD,22:55,14:55,21:15,39min early,06:05,4min early,6h 20m,Landed
2026-03-30,JQ91,JST091,Jetstar Airways,Cairns,CNS,YBCS,23:00,15:00,22:56,4min early,05:09,20min early,4h 13m,Landed
2026-03-30,QG9691,CTV9691,Citilink,Surabaya,SUB,WARR,23:05,15:05,22:54,10min early,22:42,32min early,48m,Landed
2026-03-30,QF46,QFA046,Qantas,Melbourne,MEL,YMML,23:05,15:05,23:10,5min late,07:39,on time,5h 29m,Landed
2026-03-30,VA96,VOZ096,Virgin Australia,Melbourne,MEL,YMML,23:05,15:05,23:10,5min late,07:30,9min early,5h 19m,Landed
2026-03-30,8B5109,TNU5109,TransNusa,Jakarta,CGK,WIII,23:10,15:10,01:13,3min late,01:38,48min late,1h 25m,Landed
2026-03-30,3U3986,CSC3986,Sichuan Airlines,Lujia Town,TFU,ZUTF,23:10,15:10,00:50,40min late,14:06,36min late,13h 16m,Landed
2026-03-30,VA82,VOZ082,Virgin Australia,Gold Coast,OOL,YBCG,23:20,15:20,23:12,7min early,06:44,10min early,5h 32m,Landed
2026-03-30,GA714,GIA714,Garuda Indonesia,Sydney,SYD,YSSY,23:25,15:25,23:24,on time,08:11,1min late,5h 47m,Landed
2026-03-30,JQ50,JST050,Jetstar Airways,Melbourne,AVV,YMAV,23:25,15:25,00:47,22min late,09:08,8min late,5h 20m,Landed
2026-03-30,VA68,VOZ068,Virgin Australia,Sydney,SYD,YSSY,23:35,15:35,00:00,25min late,08:52,17min late,5h 52m,Landed
2026-03-30,QZ420,AWQ420,Indonesia AirAsia,Adelaide,ADL,YPAD,23:45,15:45,00:54,9min late,08:04,39min late,4h 40m,Landed
2026-03-30,KE432,KAL432,Korean Air Lines,Seoul,ICN,RKSI,23:45,15:45,23:57,12min late,07:24,30min early,6h 27m,Landed
2026-03-30,JQ94,JST094,Jetstar Airways,Gold Coast,OOL,YBCG,23:45,15:45,00:04,19min late,07:27,12min late,5h 23m,Landed
2026-03-30,JQ89,JST089,Jetstar Airways,Newcastle,NTL,YWLM,23:50,15:50,00:07,17min late,08:44,4min late,5h 37m,Landed
2026-03-31,BX602,ABL602,Air Busan,Busan,PUS,RKPK,00:05,16:05,00:14,9min late,07:37,17min early,6h 22m,Landed
2026-03-31,GA880,GIA880,Garuda Indonesia,Tokyo,NRT,RJAA,00:20,16:20,00:31,11min late,08:04,45min early,6h 33m,Landed
2026-03-31,MF892,CXA892,Xiamen Airlines,Xiamen,XMN,ZSAM,00:30,16:30,00:45,15min late,13:17,12min late,12h 32m,Landed
2026-03-31,EK399,UAE399,Emirates,Dubai,DXB,OMDB,00:35,16:35,00:41,6min late,05:21,13min early,8h 39m,Landed
2026-03-31,CZ626,CSN626,China Southern Airlines,Guangzhou,CAN,ZGGG,00:40,16:40,00:52,12min late,05:36,18min early,4h 43m,Landed
2026-03-31,PR538,PAL538,Philippine Airlines,Manila,MNL,RPLL,00:55,16:55,01:07,12min late,04:31,28min early,3h 23m,Landed
2026-03-31,MU5030,CES5030,China Eastern Airlines,Shanghai,PVG,ZSPD,00:55,16:55,02:00,5min late,08:12,12min late,6h 12m,Landed
2026-03-31,5J282,CEB282,CEBU Pacific Air,Manila,MNL,RPLL,01:00,17:00,01:03,3min late,04:43,36min early,3h 39m,Landed
2026-03-31,QZ548,AWQ548,Indonesia AirAsia,Perth,PER,YPPH,01:00,17:00,01:05,5min late,04:29,15min early,3h 24m,Landed
2026-03-31,SJ726,,Sriwijaya Air,Makassar,UPG,WAAA,01:00,17:00,,,,,1h 20m,
2026-03-31,KE434,KAL434,Korean Air Lines,Seoul,ICN,RKSI,01:10,17:10,01:49,39min late,09:05,19min early,6h 16m,Landed
2026-03-31,8B5888,TNU5888,TransNusa,Manado,MDC,WAMM,01:50,17:50,01:43,6min early,03:54,30min early,2h 10m,Landed
2026-03-31,QZ807,AWQ807,Indonesia AirAsia,Jakarta,CGK,WIII,07:00,23:00,07:23,23min late,07:55,4min early,1h 32m,Landed
2026-03-31,JQ111,JST111,Jetstar Airways,Perth,PER,YPPH,07:00,23:00,07:12,12min late,10:29,10min early,3h 17m,Landed
2026-03-31,IU705,SJV705,SW Italia,Surabaya,SUB,WARR,07:00,23:00,07:26,26min late,07:04,3min late,38m,Landed
2026-03-31,JT746,LNI746,Lion Air,Makassar,UPG,WAAA,07:00,23:00,07:35,35min late,08:37,12min late,1h 2m,Landed
2026-03-31,GA401,GIA401,Garuda Indonesia,Jakarta,CGK,WIII,07:00,23:00,07:10,10min late,07:45,14min early,1h 34m,Landed
2026-03-31,QG690,CTV690,Citilink,Surabaya,SUB,WARR,07:05,23:05,07:17,12min late,07:00,10min early,42m,Landed
2026-03-31,QZ644,AWQ644,Indonesia AirAsia,Labuan Bajo,LBJ,WATO,07:05,23:05,07:30,25min late,08:23,8min late,53m,Landed
2026-03-31,QZ534,AWQ534,Indonesia AirAsia,Perth,PER,YPPH,07:05,23:05,07:32,27min late,10:59,on time,3h 27m,Landed
2026-03-31,SQ949,SIA949,Singapore Airlines,Singapore,SIN,WSSS,07:15,23:15,07:41,26min late,09:51,8min early,2h 10m,Landed
2026-03-31,8B5250,TNU5250,TransNusa,Lombok,LOP,WADL,07:30,23:30,07:36,6min late,08:06,11min late,29m,Landed
2026-03-31,8B551,TNU551,Business Air,Singapore,SIN,WSSS,07:30,23:30,07:39,9min late,09:51,4min early,2h 11m,Landed
2026-03-31,ID6333,BTK6333,Batik Air,Labuan Bajo,LBJ,WATO,07:55,23:55,08:17,22min late,09:10,on time,53m,Landed
2026-03-31,JT21,LNI021,Lion Air,Jakarta,CGK,WIII,08:05,00:05,14:04,59min late,14:37,37min late,1h 32m,Landed
2026-03-31,IW1858,WON1858,Wings Air,Lombok,LOP,WADL,08:05,00:05,08:30,25min late,08:54,on time,24m,Landed
2026-03-31,QG691,CTV691,Citilink,Surabaya,SUB,WARR,08:05,00:05,08:01,3min early,07:49,25min early,48m,Landed
2026-03-31,HX706,CRK706,Hong Kong Airlines,Hong Kong,HKG,VHHH,08:05,00:05,08:15,10min late,13:17,2min early,5h 2m,Landed
2026-03-31,AI2146,AIC2146,Air India,Delhi,DEL,VIDP,08:25,00:25,08:34,9min late,13:26,13min early,7h 22m,Landed
2026-03-31,QZ803,AWQ803,Indonesia AirAsia,Jakarta,CGK,WIII,08:30,00:30,12:21,51min late,11:27,7min late,5m,Landed
2026-03-31,5J280,CEB280,CEBU Pacific Air,Manila,MNL,RPLL,08:35,00:35,08:36,1min late,12:18,36min early,3h 42m,Landed
2026-03-31,CZ8482,CSN8482,China Southern Airlines,Guangzhou,CAN,ZGGG,08:40,00:40,08:42,2min late,13:29,20min early,4h 46m,Landed
2026-03-31,IW1854,,Wings Air,Lombok,LOP,WADL,08:45,00:45,10:26,41min late,10:53,18min late,27m,Landed
2026-03-31,QG500,CTV500,Citilink,Dili,DIL,WPDL,08:50,00:50,08:47,2min early,11:30,24min early,1h 43m,Landed
2026-03-31,IW1882,WON1882,Wings Air,Sumbawa Besar,SWQ,WADS,08:55,00:55,08:49,5min early,09:33,26min early,43m,Landed
2026-03-31,8B80,TNU080,Business Air,Perth,PER,YPPH,09:05,01:05,14:59,54min late,18:29,34min late,3h 29m,Landed
2026-03-31,8B5105,TNU5105,TransNusa,Jakarta,CGK,WIII,09:10,01:10,09:18,8min late,09:41,18min early,1h 23m,Landed
2026-03-31,ID6324,BTK6324,Batik Air,Tambolaka,TMC,WADT,09:10,01:10,09:27,17min late,10:12,12min early,44m,Landed
2026-03-31,IN640,LKN640,Nam Air,Tambolaka,TMC,WADT,09:10,01:10,09:21,11min late,10:04,5min early,43m,Landed
2026-03-31,IW1848,WON1848,Wings Air,Lombok,LOP,WADL,09:25,01:25,09:51,26min late,10:17,2min late,25m,Landed
2026-03-31,ID6007,BTK6007,Batik Air,Perth,PER,YPPH,09:30,01:30,09:48,18min late,13:10,4min early,3h 22m,Landed
2026-03-31,8B5634,TNU5634,Business Air,Bima,BMU,WADB,09:35,01:35,09:45,10min late,10:35,on time,49m,Landed
2026-03-31,IU122,SJV122,SW Italia,Yogyakarta,YIA,WAHI,10:00,02:00,12:57,57min late,13:08,38min late,1h 11m,Landed
2026-03-31,IU128,SJV128,SW Italia,Surakarta,SOC,WAHQ,10:00,02:00,11:17,17min late,12:47,27min late,2h 29m,Landed
2026-03-31,SQ935,SIA935,Singapore Airlines,Singapore,SIN,WSSS,10:05,02:05,10:27,22min late,12:55,10min late,2h 27m,Landed
2026-03-31,JQ126,JST126,Jetstar Airways,Adelaide,ADL,YPAD,10:15,02:15,10:12,2min early,17:20,9min early,4h 37m,Landed
2026-03-31,8B5101,TNU5101,TransNusa,Jakarta,CGK,WIII,10:25,02:25,12:05,40min late,12:33,13min late,1h 28m,Landed
2026-03-31,QZ618,AWQ618,Indonesia AirAsia,Banjarmasin,BDJ,WAOO,10:30,02:30,12:23,53min late,13:32,37min late,1h 9m,Landed
2026-03-31,JT33,,Lion Air,Jakarta,CGK,WIII,10:35,02:35,11:17,42min late,11:50,20min late,1h 33m,Landed
2026-03-31,8G182,DTL182,Mid Africa Aviation,Dili,DIL,WPDL,10:35,02:35,10:39,4min late,13:14,15min early,1h 34m,Landed
2026-03-31,JT805,,Lion Air,Surabaya,SUB,WARR,10:35,02:35,,,,,1h 0m,
2026-03-31,IW1856,WON1856,Wings Air,Lombok,LOP,WADL,11:10,03:10,11:31,21min late,11:44,15min early,13m,Landed
2026-03-31,TR281,TGW281,Scoot,Singapore,SIN,WSSS,11:15,03:15,11:34,19min late,14:04,5min early,2h 30m,Landed
2026-03-31,6E1606,IGO1606,IndiGo,Bangalore,BLR,VOBL,11:20,03:20,11:13,6min early,14:52,17min early,6h 8m,Landed
2026-03-31,QZ646,,Indonesia AirAsia,Labuan Bajo,LBJ,WATO,11:25,03:25,,,,,1h 15m,
2026-03-31,JQ109,JST109,Jetstar Airways,Perth,PER,YPPH,11:40,03:40,11:58,18min late,15:15,9min early,3h 17m,Landed
2026-03-31,IW1964,WON1964,Wings Air,Lombok,LOP,WADL,11:40,03:40,12:05,25min late,12:18,11min early,13m,Landed
2026-03-31,ID6331,BTK6331,Batik Air,Labuan Bajo,LBJ,WATO,11:45,03:45,12:14,29min late,12:55,4min early,41m,Landed
2026-03-31,IW1850,WON1850,Wings Air,Lombok,LOP,WADL,11:50,03:50,12:24,34min late,07:30,50min late,19h 5m,Landed
2026-03-31,QZ809,AWQ809,Indonesia AirAsia,Jakarta,CGK,WIII,11:55,03:55,11:53,1min early,13:44,54min late,2h 50m,Landed
2026-03-31,OD192,MXD192,Malindo Air,Kuala Lumpur,KUL,WMKK,11:55,03:55,13:19,24min late,16:09,4min late,2h 50m,Landed
2026-03-31,GA407,GIA407,Garuda Indonesia,Jakarta,CGK,WIII,11:55,03:55,12:10,15min late,12:46,8min early,1h 35m,Landed
2026-03-31,JT31,,Lion Air,Jakarta,CGK,WIII,11:55,03:55,11:55,,12:26,23min early,1h 31m,Landed
2026-03-31,QZ544,AWQ544,Indonesia AirAsia,Perth,PER,YPPH,12:00,04:00,12:49,49min late,16:18,28min late,3h 28m,Landed
2026-03-31,JQ32,JST032,Jetstar Airways,Melbourne,MEL,YMML,12:05,04:05,13:58,53min late,22:02,22min late,5h 4m,Landed
2026-03-31,GA253,GIA253,Garuda Indonesia,Yogyakarta,YIA,WAHI,12:05,04:05,12:30,25min late,12:48,6min early,1h 18m,Landed
2026-03-31,FD397,AIQ397,Thai AirAsia,Bangkok,DMK,VTBD,12:10,04:10,12:41,31min late,15:48,8min late,4h 7m,Landed
2026-03-31,SQ937,SIA937,Singapore Airlines,Singapore,SIN,WSSS,12:10,04:10,12:45,35min late,15:11,16min late,2h 25m,Landed
2026-03-31,QG697,CTV697,Citilink,Surabaya,SUB,WARR,12:20,04:20,12:21,1min late,12:13,17min early,51m,Landed
2026-03-31,JQ40,JST040,Jetstar Airways,Sydney,SYD,YSSY,12:20,04:20,12:27,7min late,21:07,7min early,5h 40m,Landed
2026-03-31,OD178,MXD178,Malindo Air,Kuala Lumpur,KUL,WMKK,12:25,04:25,12:38,13min late,15:21,13min early,2h 42m,Landed
2026-03-31,8B5254,TNU5254,TransNusa,Lombok,LOP,WADL,12:40,04:40,13:13,33min late,13:33,13min late,20m,Landed
2026-03-31,IP103,PAS103,Pelita Air Service,Jakarta,CGK,WIII,12:45,04:45,12:58,13min late,13:34,5min early,1h 35m,Landed
2026-03-31,OD172,MXD172,Malindo Air,Kuala Lumpur,KUL,WMKK,12:50,04:50,13:19,29min late,16:09,9min late,2h 50m,Landed
2026-03-31,8B82,TNU082,TransNusa,Perth,PER,YPPH,12:55,04:55,17:53,58min late,21:16,21min late,3h 23m,Landed
2026-03-31,OD307,MXD307,Malindo Air,Kuala Lumpur,KUL,WMKK,13:00,05:00,13:41,41min late,16:23,23min late,2h 42m,Landed
2026-03-31,ID6509,BTK6509,Batik Air,Jakarta,CGK,WIII,13:00,05:00,13:22,22min late,13:59,4min late,1h 37m,Landed
2026-03-31,QZ805,AWQ805,Indonesia AirAsia,Jakarta,CGK,WIII,13:00,05:00,16:47,47min late,17:16,21min late,1h 28m,Landed
2026-03-31,AK9365,AXM9365,AirAsia,Kuala Lumpur,KUL,WMKK,13:00,05:00,13:50,50min late,16:38,33min late,2h 47m,Landed
2026-03-31,MH714,MAS714,Malaysia Airlines,Kuala Lumpur,KUL,WMKK,13:05,05:05,13:29,24min late,16:11,11min late,2h 42m,Landed
2026-03-31,QZ422,AWQ422,Indonesia AirAsia,Adelaide,ADL,YPAD,13:05,05:05,13:44,39min late,20:53,13min late,4h 38m,Landed
2026-03-31,JT35,LNI035,Lion Air,Jakarta,CGK,WIII,13:15,05:15,14:03,48min late,14:34,24min late,1h 30m,Landed
2026-03-31,SQ939,SIA939,Singapore Airlines,Singapore,SIN,WSSS,13:15,05:15,13:34,19min late,15:47,12min early,2h 13m,Landed
2026-03-31,JQ58,JST058,Jetstar Airways,Brisbane,BNE,YBBN,13:15,05:15,13:24,9min late,20:58,3min late,5h 34m,Landed
2026-03-31,SL259,TLM259,Thai Lion Air,Bangkok,DMK,VTBD,13:25,05:25,13:51,26min late,17:00,10min late,4h 9m,Landed
2026-03-31,GA409,,Garuda Indonesia,Jakarta,CGK,WIII,13:25,05:25,13:55,30min late,14:37,12min late,1h 42m,Landed
2026-03-31,JT660,LNI660,Lion Air,Balikpapan,BPN,WALL,13:30,05:30,13:59,29min late,15:18,3min late,1h 19m,Landed
2026-03-31,8B5107,TNU5107,TransNusa,Jakarta,CGK,WIII,13:50,05:50,14:17,27min late,14:50,10min late,1h 33m,Landed
2026-03-31,JT919,LNI919,Lion Air,Surabaya,SUB,WARR,13:55,05:55,15:05,10min late,09:06,11min late,19h 1m,Landed
2026-03-31,QG687,CTV687,Citilink,Jakarta,CGK,WIII,14:00,06:00,12:27,32min early,14:42,17min early,3h 15m,Landed
2026-03-31,VJ848,VJC848,VietJet Air,Ho Chi Minh City,SGN,VVTS,14:00,06:00,14:02,2min late,16:27,22min early,3h 25m,Landed
2026-03-31,IU137,,SW Italia,Kupang,KOE,WATT,14:00,06:00,,,,,1h 50m,
2026-03-31,QG342,CTV342,Citilink,Makassar,UPG,WAAA,14:00,06:00,14:30,30min late,15:42,12min late,1h 12m,Landed
2026-03-31,VJ894,VJC894,VietJet Air,Ho Chi Minh City,SGN,VVTS,14:05,06:05,14:08,3min late,16:32,22min early,3h 23m,Landed
2026-03-31,TR289,TGW289,Scoot,Singapore,SIN,WSSS,14:05,06:05,14:22,17min late,16:39,16min early,2h 16m,Landed
2026-03-31,QZ815,AWQ815,Indonesia AirAsia,Jakarta,CGK,WIII,14:10,06:10,14:34,24min late,15:07,2min late,1h 33m,Landed
2026-03-31,ID6517,BTK6517,Batik Air,Jakarta,CGK,WIII,14:15,06:15,15:36,21min late,16:10,0min late,1h 34m,Landed
2026-03-31,IU130,SJV130,SW Italia,Semarang,SRG,WIIS,14:15,06:15,14:28,13min late,14:40,5min late,1h 12m,Landed
2026-03-31,ID7308,BTK7308,Batik Air,Jakarta,HLP,WIHH,14:20,06:20,14:30,10min late,15:01,8min early,1h 31m,Landed
2026-03-31,QZ556,AWQ556,Indonesia AirAsia,Kuala Lumpur,KUL,WMKK,14:30,06:30,18:18,48min late,21:03,23min late,2h 44m,Landed
2026-03-31,QG681,,Citilink,Jakarta,CGK,WIII,15:00,07:00,15:07,7min late,15:45,14min early,1h 37m,Landed
2026-03-31,JT844,LNI844,Lion Air,Banjarmasin,BDJ,WAOO,15:00,07:00,15:14,14min late,16:19,10min early,1h 4m,Landed
2026-03-31,IU120,SJV120,SW Italia,Yogyakarta,YIA,WAHI,15:00,07:00,18:21,21min late,18:29,59min late,1h 7m,Landed
2026-03-31,JQ88,JST088,Jetstar Airways,Singapore,SIN,WSSS,15:05,07:05,15:10,5min late,17:31,28min early,2h 21m,Landed
2026-03-31,JQ44,JST044,Jetstar Airways,Melbourne,MEL,YMML,15:10,07:10,15:32,22min late,23:36,8min early,5h 3m,Landed
2026-03-31,QZ536,AWQ536,Indonesia AirAsia,Perth,PER,YPPH,15:15,07:15,16:55,40min late,20:28,18min late,3h 33m,Landed
2026-03-31,VA50,VOZ050,Virgin Australia,Brisbane,BNE,YBBN,15:15,07:15,15:16,1min late,22:38,26min early,5h 22m,Landed
2026-03-31,GA842,GIA842,Garuda Indonesia,Singapore,SIN,WSSS,15:15,07:15,15:28,13min late,17:54,15min early,2h 26m,Landed
2026-03-31,AK377,AXM377,AirAsia,Kuala Lumpur,KUL,WMKK,15:25,07:25,15:58,33min late,18:48,18min late,2h 50m,Landed
2026-03-31,JT740,,Lion Air,Makassar,UPG,WAAA,15:30,07:30,15:43,13min late,09:34,39min late,17h 51m,Landed
2026-03-31,IP109,PAS109,Pelita Air Service,Jakarta,CGK,WIII,15:35,07:35,15:38,3min late,16:13,11min early,1h 35m,Landed
2026-03-31,GA411,GIA411,Garuda Indonesia,Jakarta,CGK,WIII,15:45,07:45,16:01,16min late,16:40,4min early,1h 38m,Landed
2026-03-31,QZ648,AWQ648,Indonesia AirAsia,Labuan Bajo,LBJ,WATO,15:45,07:45,18:13,28min late,16:55,,1h 10m,Landed
2026-03-31,VA92,VOZ092,Virgin Australia,Melbourne,MEL,YMML,15:50,07:50,16:18,28min late,00:31,6min late,5h 13m,Landed
2026-03-31,CI772,CAL772,China Airlines,Taipei,TPE,RCTP,15:55,07:55,16:29,34min late,21:26,6min late,4h 57m,Landed
2026-03-31,8B5256,,TransNusa,Lombok,LOP,WADL,15:55,07:55,,,,,55m,
2026-03-31,QG661,,Citilink,Jakarta,CGK,WIII,16:00,08:00,16:13,13min late,16:45,14min early,1h 31m,Landed
2026-03-31,VN640,HVN640,Vietnam Airlines,Ho Chi Minh City,SGN,VVTS,16:00,08:00,16:19,19min late,18:55,15min late,3h 35m,Landed
2026-03-31,QZ246,AWQ246,Indonesia AirAsia,Phuket,HKT,VTSP,16:10,08:10,17:23,13min late,20:02,52min late,3h 39m,Landed
2026-03-31,BX602,ABL602,Air Busan,Busan,PUS,RKPK,00:05,16:05,00:14,9min late,07:37,17min early,6h 22m,Landed
2026-03-31,QZ548,AWQ548,Indonesia AirAsia,Perth,PER,YPPH,00:10,16:10,01:37,27min late,05:05,20min late,3h 28m,Landed
2026-03-31,GA880,,Garuda Indonesia,Tokyo,NRT,RJAA,00:20,16:20,00:26,6min late,08:06,43min early,6h 40m,Landed
2026-03-31,8B84,TNU084,Business Air,Perth,PER,YPPH,00:20,16:20,01:31,11min late,04:53,48min late,3h 22m,Landed
2026-03-31,MF892,CXA892,Xiamen Airlines,Xiamen,XMN,ZSAM,00:30,16:30,00:38,8min late,05:51,13min early,5h 12m,Landed
2026-03-31,EK399,UAE399,Emirates,Dubai,DXB,OMDB,00:35,16:35,00:46,11min late,05:32,2min early,8h 46m,Landed
2026-03-31,CZ626,CSN626,China Southern Airlines,Guangzhou,CAN,ZGGG,00:40,16:40,08:04,24min late,12:45,50min late,4h 41m,Landed
2026-03-31,PR538,PAL538,Philippine Airlines,Manila,MNL,RPLL,00:55,16:55,01:26,31min late,04:56,3min early,3h 30m,Landed
2026-03-31,MU5030,CES5030,China Eastern Airlines,Shanghai,PVG,ZSPD,00:55,16:55,08:42,47min late,14:35,40min late,5h 53m,Landed
2026-03-31,5J282,CEB282,CEBU Pacific Air,Manila,MNL,RPLL,01:00,17:00,01:03,3min late,04:43,36min early,3h 39m,Landed
2026-03-31,QZ548,AWQ548,Indonesia AirAsia,Perth,PER,YPPH,01:00,17:00,01:05,5min late,04:29,15min early,3h 24m,Landed
2026-03-31,SJ726,,Sriwijaya Air,Makassar,UPG,WAAA,01:00,17:00,,,,,1h 20m,
2026-03-31,GA652,GIA652,Garuda Indonesia,Timika,TIM,WABP,01:05,17:05,01:22,17min late,05:45,,3h 40m,Landed
2026-03-31,KE434,KAL434,Korean Air Lines,Seoul,ICN,RKSI,01:10,17:10,01:49,39min late,09:05,19min early,6h 16m,Landed
2026-03-31,8B5888,TNU5888,TransNusa,Manado,MDC,WAMM,01:50,17:50,01:43,6min early,03:54,30min early,2h 10m,Landed
2026-03-31,QZ807,AWQ807,Indonesia AirAsia,Jakarta,CGK,WIII,07:00,23:00,07:23,23min late,07:55,4min early,1h 32m,Landed
2026-03-31,JQ111,JST111,Jetstar Airways,Perth,PER,YPPH,07:00,23:00,07:12,12min late,10:29,10min early,3h 17m,Landed
2026-03-31,IU705,SJV705,SW Italia,Surabaya,SUB,WARR,07:00,23:00,07:26,26min late,07:04,3min late,38m,Landed
2026-03-31,JT746,LNI746,Lion Air,Makassar,UPG,WAAA,07:00,23:00,07:35,35min late,08:37,12min late,1h 2m,Landed
2026-03-31,GA401,GIA401,Garuda Indonesia,Jakarta,CGK,WIII,07:00,23:00,07:10,10min late,07:45,14min early,1h 34m,Landed
2026-03-31,QG690,CTV690,Citilink,Surabaya,SUB,WARR,07:05,23:05,07:17,12min late,07:00,10min early,42m,Landed
2026-03-31,QZ644,AWQ644,Indonesia AirAsia,Labuan Bajo,LBJ,WATO,07:05,23:05,07:30,25min late,08:23,8min late,53m,Landed
2026-03-31,QZ534,AWQ534,Indonesia AirAsia,Perth,PER,YPPH,07:05,23:05,07:32,27min late,10:59,on time,3h 27m,Landed
2026-03-31,SQ949,SIA949,Singapore Airlines,Singapore,SIN,WSSS,07:15,23:15,07:41,26min late,09:51,8min early,2h 10m,Landed
2026-03-31,8B5250,TNU5250,TransNusa,Lombok,LOP,WADL,07:30,23:30,07:36,6min late,08:06,11min late,29m,Landed
2026-03-31,8B551,TNU551,Business Air,Singapore,SIN,WSSS,07:30,23:30,07:39,9min late,09:51,4min early,2h 11m,Landed
2026-03-31,ID6333,BTK6333,Batik Air,Labuan Bajo,LBJ,WATO,07:55,23:55,08:17,22min late,09:10,on time,53m,Landed
2026-03-31,JT21,LNI021,Lion Air,Jakarta,CGK,WIII,08:05,00:05,14:04,59min late,14:37,37min late,1h 32m,Landed
2026-03-31,IW1858,WON1858,Wings Air,Lombok,LOP,WADL,08:05,00:05,08:30,25min late,08:54,on time,24m,Landed
2026-03-31,QG691,CTV691,Citilink,Surabaya,SUB,WARR,08:05,00:05,08:01,3min early,07:49,25min early,48m,Landed
2026-03-31,HX706,CRK706,Hong Kong Airlines,Hong Kong,HKG,VHHH,08:05,00:05,08:15,10min late,13:17,2min early,5h 2m,Landed
2026-03-31,AI2146,AIC2146,Air India,Delhi,DEL,VIDP,08:25,00:25,08:34,9min late,13:26,13min early,7h 22m,Landed
2026-03-31,QZ803,AWQ803,Indonesia AirAsia,Jakarta,CGK,WIII,08:30,00:30,12:21,51min late,11:27,7min late,5m,Landed
2026-03-31,5J280,CEB280,CEBU Pacific Air,Manila,MNL,RPLL,08:35,00:35,08:36,1min late,12:18,36min early,3h 42m,Landed
2026-03-31,CZ8482,CSN8482,China Southern Airlines,Guangzhou,CAN,ZGGG,08:40,00:40,08:42,2min late,13:29,20min early,4h 46m,Landed
2026-03-31,IW1854,,Wings Air,Lombok,LOP,WADL,08:45,00:45,10:26,41min late,10:53,18min late,27m,Landed
2026-03-31,QG500,CTV500,Citilink,Dili,DIL,WPDL,08:50,00:50,08:47,2min early,11:30,24min early,1h 43m,Landed
2026-03-31,IW1882,WON1882,Wings Air,Sumbawa Besar,SWQ,WADS,08:55,00:55,08:49,5min early,09:33,26min early,43m,Landed
2026-03-31,8B80,TNU080,Business Air,Perth,PER,YPPH,09:05,01:05,14:59,54min late,18:29,34min late,3h 29m,Landed
2026-03-31,8B5105,TNU5105,TransNusa,Jakarta,CGK,WIII,09:10,01:10,09:18,8min late,09:41,18min early,1h 23m,Landed
2026-03-31,ID6324,BTK6324,Batik Air,Tambolaka,TMC,WADT,09:10,01:10,09:27,17min late,10:12,12min early,44m,Landed
2026-03-31,IN640,LKN640,Nam Air,Tambolaka,TMC,WADT,09:10,01:10,09:21,11min late,10:04,5min early,43m,Landed
2026-03-31,IW1848,WON1848,Wings Air,Lombok,LOP,WADL,09:25,01:25,09:51,26min late,10:17,2min late,25m,Landed
2026-03-31,ID6007,BTK6007,Batik Air,Perth,PER,YPPH,09:30,01:30,09:48,18min late,13:10,4min early,3h 22m,Landed
2026-03-31,8B5634,TNU5634,Business Air,Bima,BMU,WADB,09:35,01:35,09:45,10min late,10:35,on time,49m,Landed
2026-03-31,IU122,SJV122,SW Italia,Yogyakarta,YIA,WAHI,10:00,02:00,12:57,57min late,13:08,38min late,1h 11m,Landed
2026-03-31,IU128,SJV128,SW Italia,Surakarta,SOC,WAHQ,10:00,02:00,11:17,17min late,12:47,27min late,2h 29m,Landed
2026-03-31,SQ935,SIA935,Singapore Airlines,Singapore,SIN,WSSS,10:05,02:05,10:27,22min late,12:55,10min late,2h 27m,Landed
2026-03-31,JQ126,JST126,Jetstar Airways,Adelaide,ADL,YPAD,10:15,02:15,10:12,2min early,17:20,9min early,4h 37m,Landed
2026-03-31,8B5101,TNU5101,TransNusa,Jakarta,CGK,WIII,10:25,02:25,12:05,40min late,12:33,13min late,1h 28m,Landed
2026-03-31,QZ618,AWQ618,Indonesia AirAsia,Banjarmasin,BDJ,WAOO,10:30,02:30,12:23,53min late,13:32,37min late,1h 9m,Landed
2026-03-31,JT33,,Lion Air,Jakarta,CGK,WIII,10:35,02:35,11:17,42min late,11:50,20min late,1h 33m,Landed
2026-03-31,8G182,DTL182,Mid Africa Aviation,Dili,DIL,WPDL,10:35,02:35,10:39,4min late,13:14,15min early,1h 34m,Landed
2026-03-31,JT805,,Lion Air,Surabaya,SUB,WARR,10:35,02:35,,,,,1h 0m,
2026-03-31,IW1856,WON1856,Wings Air,Lombok,LOP,WADL,11:10,03:10,11:31,21min late,11:44,15min early,13m,Landed
2026-03-31,TR281,TGW281,Scoot,Singapore,SIN,WSSS,11:15,03:15,11:34,19min late,14:04,5min early,2h 30m,Landed
2026-03-31,6E1606,IGO1606,IndiGo,Bangalore,BLR,VOBL,11:20,03:20,11:13,6min early,14:52,17min early,6h 8m,Landed
2026-03-31,QZ646,,Indonesia AirAsia,Labuan Bajo,LBJ,WATO,11:25,03:25,,,,,1h 15m,
2026-03-31,JQ109,JST109,Jetstar Airways,Perth,PER,YPPH,11:40,03:40,11:58,18min late,15:15,9min early,3h 17m,Landed
2026-03-31,IW1964,WON1964,Wings Air,Lombok,LOP,WADL,11:40,03:40,12:05,25min late,12:18,11min early,13m,Landed
2026-03-31,ID6331,BTK6331,Batik Air,Labuan Bajo,LBJ,WATO,11:45,03:45,12:14,29min late,12:55,4min early,41m,Landed
2026-03-31,IW1850,WON1850,Wings Air,Lombok,LOP,WADL,11:50,03:50,12:24,34min late,07:30,50min late,19h 5m,Landed
2026-03-31,QZ809,AWQ809,Indonesia AirAsia,Jakarta,CGK,WIII,11:55,03:55,11:53,1min early,13:44,54min late,2h 50m,Landed
2026-03-31,OD192,MXD192,Malindo Air,Kuala Lumpur,KUL,WMKK,11:55,03:55,13:19,24min late,16:09,4min late,2h 50m,Landed
2026-03-31,GA407,GIA407,Garuda Indonesia,Jakarta,CGK,WIII,11:55,03:55,12:10,15min late,12:46,8min early,1h 35m,Landed
2026-03-31,JT31,,Lion Air,Jakarta,CGK,WIII,11:55,03:55,11:55,,12:26,23min early,1h 31m,Landed
2026-03-31,QZ544,AWQ544,Indonesia AirAsia,Perth,PER,YPPH,12:00,04:00,12:49,49min late,16:18,28min late,3h 28m,Landed
2026-03-31,JQ32,JST032,Jetstar Airways,Melbourne,MEL,YMML,12:05,04:05,13:58,53min late,22:02,22min late,5h 4m,Landed
2026-03-31,GA253,GIA253,Garuda Indonesia,Yogyakarta,YIA,WAHI,12:05,04:05,12:30,25min late,12:48,6min early,1h 18m,Landed
2026-03-31,FD397,AIQ397,Thai AirAsia,Bangkok,DMK,VTBD,12:10,04:10,12:41,31min late,15:48,8min late,4h 7m,Landed
2026-03-31,SQ937,SIA937,Singapore Airlines,Singapore,SIN,WSSS,12:10,04:10,12:45,35min late,15:11,16min late,2h 25m,Landed
2026-03-31,QG697,CTV697,Citilink,Surabaya,SUB,WARR,12:20,04:20,12:21,1min late,12:13,17min early,51m,Landed
2026-03-31,JQ40,JST040,Jetstar Airways,Sydney,SYD,YSSY,12:20,04:20,12:27,7min late,21:07,7min early,5h 40m,Landed
2026-03-31,OD178,MXD178,Malindo Air,Kuala Lumpur,KUL,WMKK,12:25,04:25,12:38,13min late,15:21,13min early,2h 42m,Landed
2026-03-31,8B5254,TNU5254,TransNusa,Lombok,LOP,WADL,12:40,04:40,13:13,33min late,13:33,13min late,20m,Landed
2026-03-31,IP103,PAS103,Pelita Air Service,Jakarta,CGK,WIII,12:45,04:45,12:58,13min late,13:34,5min early,1h 35m,Landed
2026-03-31,OD172,MXD172,Malindo Air,Kuala Lumpur,KUL,WMKK,12:50,04:50,13:19,29min late,16:09,9min late,2h 50m,Landed
2026-03-31,8B82,TNU082,TransNusa,Perth,PER,YPPH,12:55,04:55,17:53,58min late,21:16,21min late,3h 23m,Landed
2026-03-31,OD307,MXD307,Malindo Air,Kuala Lumpur,KUL,WMKK,13:00,05:00,13:41,41min late,16:23,23min late,2h 42m,Landed
2026-03-31,ID6509,BTK6509,Batik Air,Jakarta,CGK,WIII,13:00,05:00,13:22,22min late,13:59,4min late,1h 37m,Landed
2026-03-31,QZ805,AWQ805,Indonesia AirAsia,Jakarta,CGK,WIII,13:00,05:00,16:47,47min late,17:16,21min late,1h 28m,Landed
2026-03-31,AK9365,AXM9365,AirAsia,Kuala Lumpur,KUL,WMKK,13:00,05:00,13:50,50min late,16:38,33min late,2h 47m,Landed
2026-03-31,MH714,MAS714,Malaysia Airlines,Kuala Lumpur,KUL,WMKK,13:05,05:05,13:29,24min late,16:11,11min late,2h 42m,Landed
2026-03-31,QZ422,AWQ422,Indonesia AirAsia,Adelaide,ADL,YPAD,13:05,05:05,13:44,39min late,20:53,13min late,4h 38m,Landed
2026-03-31,JT35,LNI035,Lion Air,Jakarta,CGK,WIII,13:15,05:15,14:03,48min late,14:34,24min late,1h 30m,Landed
2026-03-31,SQ939,SIA939,Singapore Airlines,Singapore,SIN,WSSS,13:15,05:15,13:34,19min late,15:47,12min early,2h 13m,Landed
2026-03-31,JQ58,JST058,Jetstar Airways,Brisbane,BNE,YBBN,13:15,05:15,13:24,9min late,20:58,3min late,5h 34m,Landed
2026-03-31,SL259,TLM259,Thai Lion Air,Bangkok,DMK,VTBD,13:25,05:25,13:51,26min late,17:00,10min late,4h 9m,Landed
2026-03-31,GA409,,Garuda Indonesia,Jakarta,CGK,WIII,13:25,05:25,13:55,30min late,14:37,12min late,1h 42m,Landed
2026-03-31,JT660,LNI660,Lion Air,Balikpapan,BPN,WALL,13:30,05:30,13:59,29min late,15:18,3min late,1h 19m,Landed
2026-03-31,8B5107,TNU5107,TransNusa,Jakarta,CGK,WIII,13:50,05:50,14:17,27min late,14:50,10min late,1h 33m,Landed
2026-03-31,JT919,LNI919,Lion Air,Surabaya,SUB,WARR,13:55,05:55,15:05,10min late,09:06,11min late,19h 1m,Landed
2026-03-31,QG687,CTV687,Citilink,Jakarta,CGK,WIII,14:00,06:00,12:27,32min early,14:42,17min early,3h 15m,Landed
2026-03-31,VJ848,VJC848,VietJet Air,Ho Chi Minh City,SGN,VVTS,14:00,06:00,14:02,2min late,16:27,22min early,3h 25m,Landed
2026-03-31,IU137,,SW Italia,Kupang,KOE,WATT,14:00,06:00,,,,,1h 50m,
2026-03-31,QG342,CTV342,Citilink,Makassar,UPG,WAAA,14:00,06:00,14:30,30min late,15:42,12min late,1h 12m,Landed
2026-03-31,VJ894,VJC894,VietJet Air,Ho Chi Minh City,SGN,VVTS,14:05,06:05,14:08,3min late,16:32,22min early,3h 23m,Landed
2026-03-31,TR289,TGW289,Scoot,Singapore,SIN,WSSS,14:05,06:05,14:22,17min late,16:39,16min early,2h 16m,Landed
2026-03-31,QZ815,AWQ815,Indonesia AirAsia,Jakarta,CGK,WIII,14:10,06:10,14:34,24min late,15:07,2min late,1h 33m,Landed
2026-03-31,ID6517,BTK6517,Batik Air,Jakarta,CGK,WIII,14:15,06:15,15:36,21min late,16:10,0min late,1h 34m,Landed
2026-03-31,IU130,SJV130,SW Italia,Semarang,SRG,WIIS,14:15,06:15,14:28,13min late,14:40,5min late,1h 12m,Landed
2026-03-31,ID7308,BTK7308,Batik Air,Jakarta,HLP,WIHH,14:20,06:20,14:30,10min late,15:01,8min early,1h 31m,Landed
2026-03-31,QZ556,AWQ556,Indonesia AirAsia,Kuala Lumpur,KUL,WMKK,14:30,06:30,18:18,48min late,21:03,23min late,2h 44m,Landed
2026-03-31,QG681,,Citilink,Jakarta,CGK,WIII,15:00,07:00,15:07,7min late,15:45,14min early,1h 37m,Landed
2026-03-31,JT844,LNI844,Lion Air,Banjarmasin,BDJ,WAOO,15:00,07:00,15:14,14min late,16:19,10min early,1h 4m,Landed
2026-03-31,IU120,SJV120,SW Italia,Yogyakarta,YIA,WAHI,15:00,07:00,18:21,21min late,18:29,59min late,1h 7m,Landed
2026-03-31,JQ88,JST088,Jetstar Airways,Singapore,SIN,WSSS,15:05,07:05,15:10,5min late,17:31,28min early,2h 21m,Landed
2026-03-31,JQ44,JST044,Jetstar Airways,Melbourne,MEL,YMML,15:10,07:10,15:32,22min late,23:36,8min early,5h 3m,Landed
2026-03-31,QZ536,AWQ536,Indonesia AirAsia,Perth,PER,YPPH,15:15,07:15,16:55,40min late,20:28,18min late,3h 33m,Landed
2026-03-31,VA50,VOZ050,Virgin Australia,Brisbane,BNE,YBBN,15:15,07:15,15:16,1min late,22:38,26min early,5h 22m,Landed
2026-03-31,GA842,GIA842,Garuda Indonesia,Singapore,SIN,WSSS,15:15,07:15,15:28,13min late,17:54,15min early,2h 26m,Landed
2026-03-31,AK377,AXM377,AirAsia,Kuala Lumpur,KUL,WMKK,15:25,07:25,15:58,33min late,18:48,18min late,2h 50m,Landed
2026-03-31,JT740,,Lion Air,Makassar,UPG,WAAA,15:30,07:30,15:43,13min late,09:34,39min late,17h 51m,Landed
2026-03-31,IP109,PAS109,Pelita Air Service,Jakarta,CGK,WIII,15:35,07:35,15:38,3min late,16:13,11min early,1h 35m,Landed
2026-03-31,GA411,GIA411,Garuda Indonesia,Jakarta,CGK,WIII,15:45,07:45,16:01,16min late,16:40,4min early,1h 38m,Landed
2026-03-31,QZ648,AWQ648,Indonesia AirAsia,Labuan Bajo,LBJ,WATO,15:45,07:45,18:13,28min late,16:55,,1h 10m,Landed
2026-03-31,VA92,VOZ092,Virgin Australia,Melbourne,MEL,YMML,15:50,07:50,16:18,28min late,00:31,6min late,5h 13m,Landed
2026-03-31,CI772,CAL772,China Airlines,Taipei,TPE,RCTP,15:55,07:55,16:29,34min late,21:26,6min late,4h 57m,Landed
2026-03-31,8B5256,,TransNusa,Lombok,LOP,WADL,15:55,07:55,,,,,55m,
2026-03-31,QG661,,Citilink,Jakarta,CGK,WIII,16:00,08:00,16:13,13min late,16:45,14min early,1h 31m,Landed
2026-03-31,VN640,HVN640,Vietnam Airlines,Ho Chi Minh City,SGN,VVTS,16:00,08:00,16:19,19min late,18:55,15min late,3h 35m,Landed
2026-03-31,QZ246,AWQ246,Indonesia AirAsia,Phuket,HKT,VTSP,16:10,08:10,17:23,13min late,20:02,52min late,3h 39m,Landed
2026-03-31,QG669,CTV669,Citilink,Surabaya,SUB,WARR,16:10,08:10,16:36,26min late,16:23,3min late,47m,Landed
2026-03-31,QG9661,CTV9661,Citilink,Jakarta,CGK,WIII,16:13,08:13,16:07,5min early,16:54,8min late,1h 47m,Landed
2026-03-31,CX784,CPA784,Cathay Pacific,Hong Kong,HKG,VHHH,16:15,08:15,16:41,26min late,21:04,20min early,4h 23m,Landed
2026-03-31,MH850,MAS850,Malaysia Airlines,Kuala Lumpur,KUL,WMKK,16:25,08:25,16:57,32min late,19:46,11min late,2h 48m,Landed
2026-03-31,BR256,EVA256,EVA Airways,Taipei,TPE,RCTP,16:30,08:30,17:18,48min late,22:16,16min late,4h 58m,Landed
2026-03-31,IW1852,WON1852,Wings Air,Lombok,LOP,WADL,16:30,08:30,16:30,on time,17:03,16min early,32m,Landed
2026-03-31,JT744,,Lion Air,Makassar,UPG,WAAA,16:40,08:40,16:40,,17:38,26min early,58m,Landed
2026-03-31,IU703,SJV703,SW Italia,Surabaya,SUB,WARR,16:40,08:40,19:09,29min late,18:59,19min late,50m,Landed
2026-03-31,HO1356,DKH1356,Juneyao Airlines,Shanghai,PVG,ZSPD,16:50,08:50,17:21,31min late,23:23,11min early,6h 1m,Landed
2026-03-31,GA349,GIA349,Garuda Indonesia,Surabaya,SUB,WARR,16:55,08:55,17:33,38min late,17:22,12min late,48m,Landed
2026-03-31,TG432,THA432,Thai Airways International,Bangkok,BKK,VTBS,16:55,08:55,17:19,24min late,20:13,8min late,3h 53m,Landed
2026-03-31,ID6335,BTK6335,Batik Air,Labuan Bajo,LBJ,WATO,17:00,09:00,17:40,40min late,09:33,18min late,15h 53m,Landed
2026-03-31,GA419,GIA419,Garuda Indonesia,Jakarta,CGK,WIII,17:25,09:25,17:50,25min late,18:27,2min late,1h 37m,Landed
2026-03-31,VJ998,VJC998,VietJet Air,Hanoi,HAN,VVNB,17:30,09:30,17:26,3min early,21:11,33min early,4h 45m,Landed
2026-03-31,TR243,TGW243,Scoot,Singapore,SIN,WSSS,17:35,09:35,18:48,13min late,21:04,39min late,2h 16m,Landed
2026-03-31,IP107,PAS107,Pelita Air Service,Jakarta,CGK,WIII,17:40,09:40,18:00,20min late,18:31,1min late,1h 31m,Landed
2026-03-31,NZ291,ANZ291,Air New Zealand,Auckland,AKL,NZAA,17:50,09:50,18:04,14min late,06:45,4min early,7h 41m,Landed
2026-03-31,6E1608,IGO1608,IndiGo,Chennai,MAA,VOMM,18:00,10:00,18:10,10min late,21:25,9min early,5h 45m,Landed
2026-03-31,QZ821,AWQ821,Indonesia AirAsia,Jakarta,CGK,WIII,18:00,10:00,20:24,24min late,21:00,10min late,1h 36m,Landed
2026-03-31,IU126,SJV126,SW Italia,Surakarta,SOC,WAHQ,18:10,10:10,19:13,3min late,19:16,46min late,1h 3m,Landed
2026-03-31,OD193,MXD193,Malindo Air,Perth,PER,YPPH,18:10,10:10,18:24,14min late,21:50,5min late,3h 25m,Landed
2026-03-31,ID6552,BTK6552,Batik Air,Kupang,KOE,WATT,18:25,10:25,19:08,43min late,20:29,14min late,1h 20m,Landed
2026-03-31,IN281,LKN281,NAM Air,Jakarta,CGK,WIII,18:30,10:30,18:41,11min late,19:13,3min late,1h 32m,Landed
2026-03-31,GA417,GIA417,Garuda Indonesia,Jakarta,CGK,WIII,18:30,10:30,18:45,15min late,19:23,6min early,1h 38m,Landed
2026-03-31,IP105,PAS105,Pelita Air Service,Jakarta,CGK,WIII,18:50,10:50,18:55,5min late,19:28,11min early,1h 33m,Landed
2026-03-31,CX782,CPA782,Cathay Pacific,Hong Kong,HKG,VHHH,18:50,10:50,19:16,26min late,23:52,12min early,4h 35m,Landed
2026-03-31,8B5258,TNU5258,TransNusa,Lombok,LOP,WADL,18:55,10:55,18:59,4min late,19:25,9min early,26m,Landed
2026-03-31,TG440,THA440,Thai Airways International,Bangkok,BKK,VTBS,19:00,11:00,19:05,5min late,21:58,11min early,3h 53m,Landed
2026-03-31,6E1612,IGO1612,IndiGo,Bhubaneswar,BBI,VEBS,19:10,11:10,19:11,1min late,22:23,26min early,5h 42m,Landed
2026-03-31,MH852,MAS852,Malaysia Airlines,Kuala Lumpur,KUL,WMKK,19:20,11:20,19:28,8min late,22:06,13min early,2h 38m,Landed
2026-03-31,QZ504,AWQ504,Indonesia AirAsia,Singapore,SIN,WSSS,19:25,11:25,20:30,5min late,22:47,42min late,2h 17m,Landed
2026-03-31,ID7310,BTK7310,Batik Air,Jakarta,HLP,WIHH,19:25,11:25,19:34,9min late,19:58,16min early,1h 23m,Landed
2026-03-31,QG689,CTV689,Citilink,Jakarta,CGK,WIII,19:30,11:30,19:32,2min late,20:21,8min early,1h 49m,Landed
2026-03-31,QG699,CTV699,Citilink,Surabaya,SUB,WARR,19:30,11:30,20:02,32min late,19:52,12min late,50m,Landed
2026-03-31,TR283,,Scoot,Singapore,SIN,WSSS,19:40,11:40,20:42,2min late,22:54,19min late,2h 12m,Landed
2026-03-31,8B969,TNU969,Business Air,Guangzhou,CAN,ZGGG,19:40,11:40,19:52,12min late,00:57,2min early,5h 4m,Landed
2026-03-31,AK379,AXM379,AirAsia,Kuala Lumpur,KUL,WMKK,19:45,11:45,20:12,27min late,22:53,3min late,2h 40m,Landed
2026-03-31,JT923,LNI923,Lion Air,Surabaya,SUB,WARR,19:45,11:45,22:11,26min late,12:35,50min late,15h 23m,Landed
2026-03-31,EK369,UAE369,Emirates,Dubai,DXB,OMDB,19:45,11:45,20:00,15min late,01:06,16min late,9h 6m,Landed
2026-03-31,IU133,SJV133,SW Italia,Semarang,SRG,WIIS,19:50,11:50,20:39,49min late,20:34,24min late,55m,Landed
2026-03-31,GA421,GIA421,Garuda Indonesia,Jakarta,CGK,WIII,19:50,11:50,20:18,28min late,20:54,4min late,1h 36m,Landed
2026-03-31,SQ945,SIA945,Singapore Airlines,Singapore,SIN,WSSS,20:00,12:00,20:09,9min late,22:23,16min early,2h 14m,Landed
2026-03-31,QG195,CTV195,Citilink,Jakarta,HLP,WIHH,20:10,12:10,20:23,13min late,21:10,5min late,1h 46m,Landed
2026-03-31,JQ34,JST034,Jetstar Airways,Melbourne,MEL,YMML,20:20,12:20,20:35,15min late,04:39,15min early,5h 3m,Landed
2026-03-31,ID6415,BTK6415,Batik Air,Surabaya,SUB,WARR,20:30,12:30,20:37,7min late,20:19,10min early,41m,Landed
2026-03-31,GA415,GIA415,Garuda Indonesia,Jakarta,CGK,WIII,20:40,12:40,20:52,12min late,21:28,11min early,1h 36m,Landed
2026-03-31,KL836,KLM836,KLM Royal Dutch Airlines,Singapore,SIN,WSSS,20:45,12:45,21:31,46min late,23:45,20min late,2h 14m,Landed
2026-03-31,TK67,THY067,Turkish Airlines,Istanbul,IST,LTFM,20:45,12:45,21:02,17min late,04:55,10min late,12h 53m,Landed
2026-03-31,OD177,MXD177,Malindo Air,Melbourne,MEL,YMML,21:00,13:00,21:15,15min late,05:35,4min early,5h 19m,Landed
2026-03-31,QZ819,AWQ819,Indonesia AirAsia,Jakarta,CGK,WIII,21:05,13:05,21:50,45min late,22:23,28min late,1h 33m,Landed
2026-03-31,QG667,CTV667,Citilink,Jakarta,CGK,WIII,21:10,13:10,22:23,13min late,22:52,42min late,1h 29m,Landed
2026-03-31,QZ410,AWQ410,Indonesia AirAsia,Melbourne,MEL,YMML,21:15,13:15,21:55,40min late,06:20,35min late,5h 24m,Landed
2026-03-31,JQ117,JST117,Jetstar Airways,Perth,PER,YPPH,21:30,13:30,21:32,2min late,01:04,15min early,3h 32m,Landed
2026-03-31,ID6760,BTK6760,Batik Air,Makassar,UPG,WAAA,21:30,13:30,21:35,5min late,22:35,19min early,59m,Landed
2026-03-31,SJ273,SJY273,Sriwijaya Air,Jakarta,CGK,WIII,21:35,13:35,04:08,33min late,04:33,41min early,,Landed
2026-03-31,SQ947,SIA947,Singapore Airlines,Singapore,SIN,WSSS,21:40,13:40,21:44,4min late,00:00,15min early,2h 15m,Landed
2026-03-31,OD157,MXD157,Malindo Air,Brisbane,BNE,YBBN,22:00,14:00,22:28,28min late,05:58,8min late,5h 30m,Landed
2026-03-31,GA718,,Garuda Indonesia,Melbourne,MEL,YMML,22:05,14:05,22:15,10min late,06:30,on time,5h 14m,Landed
2026-03-31,JQ60,JST060,Jetstar Airways,Brisbane,BNE,YBBN,22:10,14:10,14:48,21min early,05:49,4min late,13h 0m,Landed
2026-03-31,AK375,AXM375,AirAsia,Kuala Lumpur,KUL,WMKK,22:15,14:15,23:12,57min late,02:00,40min late,2h 48m,Landed
2026-03-31,OD171,MXD171,Malindo Air,Sydney,SYD,YSSY,22:15,14:15,22:33,18min late,07:12,7min late,5h 38m,Landed
2026-03-31,QF44,QFA044,Qantas,Sydney,SYD,YSSY,22:20,14:20,22:09,10min early,06:38,31min early,5h 29m,Landed
2026-03-31,JT15,LNI015,Lion Air,Jakarta,CGK,WIII,22:35,14:35,20:47,47min early,23:45,15min late,3h 58m,Landed
2026-03-31,JQ38,JST038,Jetstar Airways,Sydney,SYD,YSSY,22:35,14:35,22:29,5min early,07:16,13min early,5h 46m,Landed
2026-03-31,7C5304,JJA5304,Jeju Air,Seoul,ICN,RKSI,22:45,14:45,23:49,4min late,07:32,17min late,6h 42m,Landed
2026-03-31,JQ128,JST128,Jetstar Airways,Adelaide,ADL,YPAD,22:55,14:55,23:01,6min late,06:01,8min early,4h 29m,Landed
2026-03-31,VA96,VOZ096,Virgin Australia,Melbourne,MEL,YMML,23:05,15:05,23:42,37min late,07:59,19min late,5h 17m,Landed
2026-03-31,QG9691,CTV9691,Citilink,Surabaya,SUB,WARR,23:05,15:05,23:02,2min early,22:57,17min early,55m,Landed
2026-03-31,8B5109,TNU5109,TransNusa,Jakarta,CGK,WIII,23:10,15:10,01:28,18min late,01:51,1min late,1h 23m,Landed
2026-03-31,VA82,VOZ082,Virgin Australia,Gold Coast,OOL,YBCG,23:20,15:20,23:17,2min early,06:53,1min early,5h 36m,Landed
2026-03-31,GA714,GIA714,Garuda Indonesia,Sydney,SYD,YSSY,23:25,15:25,23:34,9min late,08:13,3min late,5h 39m,Landed
2026-03-31,JQ36,JST036,Jetstar Airways,Melbourne,MEL,YMML,23:25,15:25,23:34,9min late,07:57,2min early,5h 23m,Landed
2026-03-31,VA68,VOZ068,Virgin Australia,Sydney,SYD,YSSY,23:35,15:35,23:37,2min late,08:11,23min early,5h 34m,Landed
2026-03-31,QZ420,AWQ420,Indonesia AirAsia,Adelaide,ADL,YPAD,23:45,15:45,01:41,56min late,09:02,37min late,4h 51m,Landed
2026-03-31,KE432,KAL432,Korean Air Lines,Seoul,ICN,RKSI,23:45,15:45,23:53,8min late,07:28,26min early,6h 34m,Landed
2026-03-31,JQ89,JST089,Jetstar Airways,Newcastle,NTL,YWLM,23:50,15:50,23:52,2min late,08:34,5min early,5h 42m,Landed
2026-03-31,IN7273,LKN7273,NAM Air,Jakarta,CGK,WIII,23:54,15:54,23:54,on time,00:26,16min late,1h 32m,Landed
2026-03-31,BX602,ABL602,Air Busan,Busan,PUS,RKPK,00:05,16:05,00:14,9min late,07:37,17min early,6h 22m,Landed
2026-03-31,QZ548,AWQ548,Indonesia AirAsia,Perth,PER,YPPH,00:10,16:10,01:37,27min late,05:05,20min late,3h 28m,Landed
2026-03-31,GA880,,Garuda Indonesia,Tokyo,NRT,RJAA,00:20,16:20,00:26,6min late,08:06,43min early,6h 40m,Landed
2026-03-31,8B84,TNU084,Business Air,Perth,PER,YPPH,00:20,16:20,01:31,11min late,04:53,48min late,3h 22m,Landed
2026-03-31,MF892,CXA892,Xiamen Airlines,Xiamen,XMN,ZSAM,00:30,16:30,00:38,8min late,05:51,13min early,5h 12m,Landed
2026-03-31,EK399,UAE399,Emirates,Dubai,DXB,OMDB,00:35,16:35,00:46,11min late,05:32,2min early,8h 46m,Landed
2026-03-31,CZ626,CSN626,China Southern Airlines,Guangzhou,CAN,ZGGG,00:40,16:40,08:04,24min late,12:45,50min late,4h 41m,Landed
2026-03-31,PR538,PAL538,Philippine Airlines,Manila,MNL,RPLL,00:55,16:55,01:26,31min late,04:56,3min early,3h 30m,Landed
2026-03-31,MU5030,CES5030,China Eastern Airlines,Shanghai,PVG,ZSPD,00:55,16:55,08:42,47min late,14:35,40min late,5h 53m,Landed
2026-03-31,5J282,CEB282,CEBU Pacific Air,Manila,MNL,RPLL,01:00,17:00,01:03,3min late,04:43,36min early,3h 39m,Landed
2026-03-31,QZ548,AWQ548,Indonesia AirAsia,Perth,PER,YPPH,01:00,17:00,01:05,5min late,04:29,15min early,3h 24m,Landed
2026-03-31,SJ726,,Sriwijaya Air,Makassar,UPG,WAAA,01:00,17:00,,,,,1h 20m,
2026-03-31,GA652,GIA652,Garuda Indonesia,Timika,TIM,WABP,01:05,17:05,01:22,17min late,05:45,,3h 40m,Landed
2026-03-31,KE434,KAL434,Korean Air Lines,Seoul,ICN,RKSI,01:10,17:10,01:49,39min late,09:05,19min early,6h 16m,Landed
2026-03-31,8B5888,TNU5888,TransNusa,Manado,MDC,WAMM,01:50,17:50,01:43,6min early,03:54,30min early,2h 10m,Landed
2026-03-31,QZ807,AWQ807,Indonesia AirAsia,Jakarta,CGK,WIII,07:00,23:00,07:23,23min late,07:55,4min early,1h 32m,Landed
2026-03-31,JQ111,JST111,Jetstar Airways,Perth,PER,YPPH,07:00,23:00,07:12,12min late,10:29,10min early,3h 17m,Landed
2026-03-31,IU705,SJV705,SW Italia,Surabaya,SUB,WARR,07:00,23:00,07:26,26min late,07:04,3min late,38m,Landed
2026-03-31,JT746,LNI746,Lion Air,Makassar,UPG,WAAA,07:00,23:00,07:35,35min late,08:37,12min late,1h 2m,Landed
2026-03-31,GA401,GIA401,Garuda Indonesia,Jakarta,CGK,WIII,07:00,23:00,07:10,10min late,07:45,14min early,1h 34m,Landed
2026-03-31,QG690,CTV690,Citilink,Surabaya,SUB,WARR,07:05,23:05,07:17,12min late,07:00,10min early,42m,Landed
2026-03-31,QZ644,AWQ644,Indonesia AirAsia,Labuan Bajo,LBJ,WATO,07:05,23:05,07:30,25min late,08:23,8min late,53m,Landed
2026-03-31,QZ534,AWQ534,Indonesia AirAsia,Perth,PER,YPPH,07:05,23:05,07:32,27min late,10:59,on time,3h 27m,Landed
2026-03-31,SQ949,SIA949,Singapore Airlines,Singapore,SIN,WSSS,07:15,23:15,07:41,26min late,09:51,8min early,2h 10m,Landed
2026-03-31,8B5250,TNU5250,TransNusa,Lombok,LOP,WADL,07:30,23:30,07:36,6min late,08:06,11min late,29m,Landed
2026-03-31,8B551,TNU551,Business Air,Singapore,SIN,WSSS,07:30,23:30,07:39,9min late,09:51,4min early,2h 11m,Landed
2026-03-31,ID6333,BTK6333,Batik Air,Labuan Bajo,LBJ,WATO,07:55,23:55,08:17,22min late,09:10,on time,53m,Landed
2026-03-31,JT21,LNI021,Lion Air,Jakarta,CGK,WIII,08:05,00:05,14:04,59min late,14:37,37min late,1h 32m,Landed
2026-03-31,IW1858,WON1858,Wings Air,Lombok,LOP,WADL,08:05,00:05,08:30,25min late,08:54,on time,24m,Landed
2026-03-31,QG691,CTV691,Citilink,Surabaya,SUB,WARR,08:05,00:05,08:01,3min early,07:49,25min early,48m,Landed
2026-03-31,HX706,CRK706,Hong Kong Airlines,Hong Kong,HKG,VHHH,08:05,00:05,08:15,10min late,13:17,2min early,5h 2m,Landed
2026-03-31,AI2146,AIC2146,Air India,Delhi,DEL,VIDP,08:25,00:25,08:34,9min late,13:26,13min early,7h 22m,Landed
2026-03-31,QZ803,AWQ803,Indonesia AirAsia,Jakarta,CGK,WIII,08:30,00:30,12:21,51min late,11:27,7min late,5m,Landed
2026-03-31,5J280,CEB280,CEBU Pacific Air,Manila,MNL,RPLL,08:35,00:35,08:36,1min late,12:18,36min early,3h 42m,Landed
2026-03-31,CZ8482,CSN8482,China Southern Airlines,Guangzhou,CAN,ZGGG,08:40,00:40,08:42,2min late,13:29,20min early,4h 46m,Landed
2026-03-31,IW1854,,Wings Air,Lombok,LOP,WADL,08:45,00:45,10:26,41min late,10:53,18min late,27m,Landed
2026-03-31,QG500,CTV500,Citilink,Dili,DIL,WPDL,08:50,00:50,08:47,2min early,11:30,24min early,1h 43m,Landed
2026-03-31,IW1882,WON1882,Wings Air,Sumbawa Besar,SWQ,WADS,08:55,00:55,08:49,5min early,09:33,26min early,43m,Landed
2026-03-31,8B80,TNU080,Business Air,Perth,PER,YPPH,09:05,01:05,14:59,54min late,18:29,34min late,3h 29m,Landed
2026-03-31,8B5105,TNU5105,TransNusa,Jakarta,CGK,WIII,09:10,01:10,09:18,8min late,09:41,18min early,1h 23m,Landed
2026-03-31,ID6324,BTK6324,Batik Air,Tambolaka,TMC,WADT,09:10,01:10,09:27,17min late,10:12,12min early,44m,Landed
2026-03-31,IN640,LKN640,Nam Air,Tambolaka,TMC,WADT,09:10,01:10,09:21,11min late,10:04,5min early,43m,Landed
2026-03-31,IW1848,WON1848,Wings Air,Lombok,LOP,WADL,09:25,01:25,09:51,26min late,10:17,2min late,25m,Landed
2026-03-31,ID6007,BTK6007,Batik Air,Perth,PER,YPPH,09:30,01:30,09:48,18min late,13:10,4min early,3h 22m,Landed
2026-03-31,8B5634,TNU5634,Business Air,Bima,BMU,WADB,09:35,01:35,09:45,10min late,10:35,on time,49m,Landed
2026-03-31,IU122,SJV122,SW Italia,Yogyakarta,YIA,WAHI,10:00,02:00,12:57,57min late,13:08,38min late,1h 11m,Landed
2026-03-31,IU128,SJV128,SW Italia,Surakarta,SOC,WAHQ,10:00,02:00,11:17,17min late,12:47,27min late,2h 29m,Landed
2026-03-31,SQ935,SIA935,Singapore Airlines,Singapore,SIN,WSSS,10:05,02:05,10:27,22min late,12:55,10min late,2h 27m,Landed
2026-03-31,JQ126,JST126,Jetstar Airways,Adelaide,ADL,YPAD,10:15,02:15,10:12,2min early,17:20,9min early,4h 37m,Landed
2026-03-31,8B5101,TNU5101,TransNusa,Jakarta,CGK,WIII,10:25,02:25,12:05,40min late,12:33,13min late,1h 28m,Landed
2026-03-31,QZ618,AWQ618,Indonesia AirAsia,Banjarmasin,BDJ,WAOO,10:30,02:30,12:23,53min late,13:32,37min late,1h 9m,Landed
2026-03-31,JT33,,Lion Air,Jakarta,CGK,WIII,10:35,02:35,11:17,42min late,11:50,20min late,1h 33m,Landed
2026-03-31,8G182,DTL182,Mid Africa Aviation,Dili,DIL,WPDL,10:35,02:35,10:39,4min late,13:14,15min early,1h 34m,Landed
2026-03-31,JT805,,Lion Air,Surabaya,SUB,WARR,10:35,02:35,,,,,1h 0m,
2026-03-31,IW1856,WON1856,Wings Air,Lombok,LOP,WADL,11:10,03:10,11:31,21min late,11:44,15min early,13m,Landed
2026-03-31,TR281,TGW281,Scoot,Singapore,SIN,WSSS,11:15,03:15,11:34,19min late,14:04,5min early,2h 30m,Landed
2026-03-31,6E1606,IGO1606,IndiGo,Bangalore,BLR,VOBL,11:20,03:20,11:13,6min early,14:52,17min early,6h 8m,Landed
2026-03-31,QZ646,,Indonesia AirAsia,Labuan Bajo,LBJ,WATO,11:25,03:25,,,,,1h 15m,
2026-03-31,JQ109,JST109,Jetstar Airways,Perth,PER,YPPH,11:40,03:40,11:58,18min late,15:15,9min early,3h 17m,Landed
2026-03-31,IW1964,WON1964,Wings Air,Lombok,LOP,WADL,11:40,03:40,12:05,25min late,12:18,11min early,13m,Landed
2026-03-31,ID6331,BTK6331,Batik Air,Labuan Bajo,LBJ,WATO,11:45,03:45,12:14,29min late,12:55,4min early,41m,Landed
2026-03-31,IW1850,WON1850,Wings Air,Lombok,LOP,WADL,11:50,03:50,12:24,34min late,07:30,50min late,19h 5m,Landed
2026-03-31,QZ809,AWQ809,Indonesia AirAsia,Jakarta,CGK,WIII,11:55,03:55,11:53,1min early,13:44,54min late,2h 50m,Landed
2026-03-31,OD192,MXD192,Malindo Air,Kuala Lumpur,KUL,WMKK,11:55,03:55,13:19,24min late,16:09,4min late,2h 50m,Landed
2026-03-31,GA407,GIA407,Garuda Indonesia,Jakarta,CGK,WIII,11:55,03:55,12:10,15min late,12:46,8min early,1h 35m,Landed
2026-03-31,JT31,,Lion Air,Jakarta,CGK,WIII,11:55,03:55,11:55,,12:26,23min early,1h 31m,Landed
2026-03-31,QZ544,AWQ544,Indonesia AirAsia,Perth,PER,YPPH,12:00,04:00,12:49,49min late,16:18,28min late,3h 28m,Landed
2026-03-31,JQ32,JST032,Jetstar Airways,Melbourne,MEL,YMML,12:05,04:05,13:58,53min late,22:02,22min late,5h 4m,Landed
2026-03-31,GA253,GIA253,Garuda Indonesia,Yogyakarta,YIA,WAHI,12:05,04:05,12:30,25min late,12:48,6min early,1h 18m,Landed
2026-03-31,FD397,AIQ397,Thai AirAsia,Bangkok,DMK,VTBD,12:10,04:10,12:41,31min late,15:48,8min late,4h 7m,Landed
2026-03-31,SQ937,SIA937,Singapore Airlines,Singapore,SIN,WSSS,12:10,04:10,12:45,35min late,15:11,16min late,2h 25m,Landed
2026-03-31,QG697,CTV697,Citilink,Surabaya,SUB,WARR,12:20,04:20,12:21,1min late,12:13,17min early,51m,Landed
2026-03-31,JQ40,JST040,Jetstar Airways,Sydney,SYD,YSSY,12:20,04:20,12:27,7min late,21:07,7min early,5h 40m,Landed
2026-03-31,OD178,MXD178,Malindo Air,Kuala Lumpur,KUL,WMKK,12:25,04:25,12:38,13min late,15:21,13min early,2h 42m,Landed
2026-03-31,8B5254,TNU5254,TransNusa,Lombok,LOP,WADL,12:40,04:40,13:13,33min late,13:33,13min late,20m,Landed
2026-03-31,IP103,PAS103,Pelita Air Service,Jakarta,CGK,WIII,12:45,04:45,12:58,13min late,13:34,5min early,1h 35m,Landed
2026-03-31,OD172,MXD172,Malindo Air,Kuala Lumpur,KUL,WMKK,12:50,04:50,13:19,29min late,16:09,9min late,2h 50m,Landed
2026-03-31,8B82,TNU082,TransNusa,Perth,PER,YPPH,12:55,04:55,17:53,58min late,21:16,21min late,3h 23m,Landed
2026-03-31,OD307,MXD307,Malindo Air,Kuala Lumpur,KUL,WMKK,13:00,05:00,13:41,41min late,16:23,23min late,2h 42m,Landed
2026-03-31,ID6509,BTK6509,Batik Air,Jakarta,CGK,WIII,13:00,05:00,13:22,22min late,13:59,4min late,1h 37m,Landed
2026-03-31,QZ805,AWQ805,Indonesia AirAsia,Jakarta,CGK,WIII,13:00,05:00,16:47,47min late,17:16,21min late,1h 28m,Landed
2026-03-31,AK9365,AXM9365,AirAsia,Kuala Lumpur,KUL,WMKK,13:00,05:00,13:50,50min late,16:38,33min late,2h 47m,Landed
2026-03-31,MH714,MAS714,Malaysia Airlines,Kuala Lumpur,KUL,WMKK,13:05,05:05,13:29,24min late,16:11,11min late,2h 42m,Landed
2026-03-31,QZ422,AWQ422,Indonesia AirAsia,Adelaide,ADL,YPAD,13:05,05:05,13:44,39min late,20:53,13min late,4h 38m,Landed
2026-03-31,JT35,LNI035,Lion Air,Jakarta,CGK,WIII,13:15,05:15,14:03,48min late,14:34,24min late,1h 30m,Landed
2026-03-31,SQ939,SIA939,Singapore Airlines,Singapore,SIN,WSSS,13:15,05:15,13:34,19min late,15:47,12min early,2h 13m,Landed
2026-03-31,JQ58,JST058,Jetstar Airways,Brisbane,BNE,YBBN,13:15,05:15,13:24,9min late,20:58,3min late,5h 34m,Landed
2026-03-31,SL259,TLM259,Thai Lion Air,Bangkok,DMK,VTBD,13:25,05:25,13:51,26min late,17:00,10min late,4h 9m,Landed
2026-03-31,GA409,,Garuda Indonesia,Jakarta,CGK,WIII,13:25,05:25,13:55,30min late,14:37,12min late,1h 42m,Landed
2026-03-31,JT660,LNI660,Lion Air,Balikpapan,BPN,WALL,13:30,05:30,13:59,29min late,15:18,3min late,1h 19m,Landed
2026-03-31,8B5107,TNU5107,TransNusa,Jakarta,CGK,WIII,13:50,05:50,14:17,27min late,14:50,10min late,1h 33m,Landed
2026-03-31,JT919,LNI919,Lion Air,Surabaya,SUB,WARR,13:55,05:55,15:05,10min late,09:06,11min late,19h 1m,Landed
2026-03-31,QG687,CTV687,Citilink,Jakarta,CGK,WIII,14:00,06:00,12:27,32min early,14:42,17min early,3h 15m,Landed
2026-03-31,VJ848,VJC848,VietJet Air,Ho Chi Minh City,SGN,VVTS,14:00,06:00,14:02,2min late,16:27,22min early,3h 25m,Landed
2026-03-31,IU137,,SW Italia,Kupang,KOE,WATT,14:00,06:00,,,,,1h 50m,
2026-03-31,QG342,CTV342,Citilink,Makassar,UPG,WAAA,14:00,06:00,14:30,30min late,15:42,12min late,1h 12m,Landed
2026-03-31,VJ894,VJC894,VietJet Air,Ho Chi Minh City,SGN,VVTS,14:05,06:05,14:08,3min late,16:32,22min early,3h 23m,Landed
2026-03-31,TR289,TGW289,Scoot,Singapore,SIN,WSSS,14:05,06:05,14:22,17min late,16:39,16min early,2h 16m,Landed
2026-03-31,QZ815,AWQ815,Indonesia AirAsia,Jakarta,CGK,WIII,14:10,06:10,14:34,24min late,15:07,2min late,1h 33m,Landed
2026-03-31,ID6517,BTK6517,Batik Air,Jakarta,CGK,WIII,14:15,06:15,15:36,21min late,16:10,0min late,1h 34m,Landed
2026-03-31,IU130,SJV130,SW Italia,Semarang,SRG,WIIS,14:15,06:15,14:28,13min late,14:40,5min late,1h 12m,Landed
2026-03-31,ID7308,BTK7308,Batik Air,Jakarta,HLP,WIHH,14:20,06:20,14:30,10min late,15:01,8min early,1h 31m,Landed
2026-03-31,QZ556,AWQ556,Indonesia AirAsia,Kuala Lumpur,KUL,WMKK,14:30,06:30,18:18,48min late,21:03,23min late,2h 44m,Landed
2026-03-31,QG681,,Citilink,Jakarta,CGK,WIII,15:00,07:00,15:07,7min late,15:45,14min early,1h 37m,Landed
2026-03-31,JT844,LNI844,Lion Air,Banjarmasin,BDJ,WAOO,15:00,07:00,15:14,14min late,16:19,10min early,1h 4m,Landed
2026-03-31,IU120,SJV120,SW Italia,Yogyakarta,YIA,WAHI,15:00,07:00,18:21,21min late,18:29,59min late,1h 7m,Landed
2026-03-31,JQ88,JST088,Jetstar Airways,Singapore,SIN,WSSS,15:05,07:05,15:10,5min late,17:31,28min early,2h 21m,Landed
2026-03-31,JQ44,JST044,Jetstar Airways,Melbourne,MEL,YMML,15:10,07:10,15:32,22min late,23:36,8min early,5h 3m,Landed
2026-03-31,QZ536,AWQ536,Indonesia AirAsia,Perth,PER,YPPH,15:15,07:15,16:55,40min late,20:28,18min late,3h 33m,Landed
2026-03-31,VA50,VOZ050,Virgin Australia,Brisbane,BNE,YBBN,15:15,07:15,15:16,1min late,22:38,26min early,5h 22m,Landed
2026-03-31,GA842,GIA842,Garuda Indonesia,Singapore,SIN,WSSS,15:15,07:15,15:28,13min late,17:54,15min early,2h 26m,Landed
2026-03-31,AK377,AXM377,AirAsia,Kuala Lumpur,KUL,WMKK,15:25,07:25,15:58,33min late,18:48,18min late,2h 50m,Landed
2026-03-31,JT740,,Lion Air,Makassar,UPG,WAAA,15:30,07:30,15:43,13min late,09:34,39min late,17h 51m,Landed
2026-03-31,IP109,PAS109,Pelita Air Service,Jakarta,CGK,WIII,15:35,07:35,15:38,3min late,16:13,11min early,1h 35m,Landed
2026-03-31,GA411,GIA411,Garuda Indonesia,Jakarta,CGK,WIII,15:45,07:45,16:01,16min late,16:40,4min early,1h 38m,Landed
2026-03-31,QZ648,AWQ648,Indonesia AirAsia,Labuan Bajo,LBJ,WATO,15:45,07:45,18:13,28min late,16:55,,1h 10m,Landed
2026-03-31,VA92,VOZ092,Virgin Australia,Melbourne,MEL,YMML,15:50,07:50,16:18,28min late,00:31,6min late,5h 13m,Landed
2026-03-31,CI772,CAL772,China Airlines,Taipei,TPE,RCTP,15:55,07:55,16:29,34min late,21:26,6min late,4h 57m,Landed
2026-03-31,8B5256,,TransNusa,Lombok,LOP,WADL,15:55,07:55,,,,,55m,
2026-03-31,QG661,,Citilink,Jakarta,CGK,WIII,16:00,08:00,16:13,13min late,16:45,14min early,1h 31m,Landed
2026-03-31,VN640,HVN640,Vietnam Airlines,Ho Chi Minh City,SGN,VVTS,16:00,08:00,16:19,19min late,18:55,15min late,3h 35m,Landed
2026-03-31,QZ246,AWQ246,Indonesia AirAsia,Phuket,HKT,VTSP,16:10,08:10,17:23,13min late,20:02,52min late,3h 39m,Landed
2026-03-31,QG669,CTV669,Citilink,Surabaya,SUB,WARR,16:10,08:10,16:36,26min late,16:23,3min late,47m,Landed
2026-03-31,QG9661,CTV9661,Citilink,Jakarta,CGK,WIII,16:13,08:13,16:07,5min early,16:54,8min late,1h 47m,Landed
2026-03-31,CX784,CPA784,Cathay Pacific,Hong Kong,HKG,VHHH,16:15,08:15,16:41,26min late,21:04,20min early,4h 23m,Landed
2026-03-31,MH850,MAS850,Malaysia Airlines,Kuala Lumpur,KUL,WMKK,16:25,08:25,16:57,32min late,19:46,11min late,2h 48m,Landed
2026-03-31,BR256,EVA256,EVA Airways,Taipei,TPE,RCTP,16:30,08:30,17:18,48min late,22:16,16min late,4h 58m,Landed
2026-03-31,IW1852,WON1852,Wings Air,Lombok,LOP,WADL,16:30,08:30,16:30,on time,17:03,16min early,32m,Landed
2026-03-31,JT744,,Lion Air,Makassar,UPG,WAAA,16:40,08:40,16:40,,17:38,26min early,58m,Landed
2026-03-31,IU703,SJV703,SW Italia,Surabaya,SUB,WARR,16:40,08:40,19:09,29min late,18:59,19min late,50m,Landed
2026-03-31,HO1356,DKH1356,Juneyao Airlines,Shanghai,PVG,ZSPD,16:50,08:50,17:21,31min late,23:23,11min early,6h 1m,Landed
2026-03-31,GA349,GIA349,Garuda Indonesia,Surabaya,SUB,WARR,16:55,08:55,17:33,38min late,17:22,12min late,48m,Landed
2026-03-31,TG432,THA432,Thai Airways International,Bangkok,BKK,VTBS,16:55,08:55,17:19,24min late,20:13,8min late,3h 53m,Landed
2026-03-31,ID6335,BTK6335,Batik Air,Labuan Bajo,LBJ,WATO,17:00,09:00,17:40,40min late,09:33,18min late,15h 53m,Landed
2026-03-31,GA419,GIA419,Garuda Indonesia,Jakarta,CGK,WIII,17:25,09:25,17:50,25min late,18:27,2min late,1h 37m,Landed
2026-03-31,VJ998,VJC998,VietJet Air,Hanoi,HAN,VVNB,17:30,09:30,17:26,3min early,21:11,33min early,4h 45m,Landed
2026-03-31,TR243,TGW243,Scoot,Singapore,SIN,WSSS,17:35,09:35,18:48,13min late,21:04,39min late,2h 16m,Landed
2026-03-31,IP107,PAS107,Pelita Air Service,Jakarta,CGK,WIII,17:40,09:40,18:00,20min late,18:31,1min late,1h 31m,Landed
2026-03-31,NZ291,ANZ291,Air New Zealand,Auckland,AKL,NZAA,17:50,09:50,18:04,14min late,06:45,4min early,7h 41m,Landed
2026-03-31,6E1608,IGO1608,IndiGo,Chennai,MAA,VOMM,18:00,10:00,18:10,10min late,21:25,9min early,5h 45m,Landed
2026-03-31,QZ821,AWQ821,Indonesia AirAsia,Jakarta,CGK,WIII,18:00,10:00,20:24,24min late,21:00,10min late,1h 36m,Landed
2026-03-31,IU126,SJV126,SW Italia,Surakarta,SOC,WAHQ,18:10,10:10,19:13,3min late,19:16,46min late,1h 3m,Landed
2026-03-31,OD193,MXD193,Malindo Air,Perth,PER,YPPH,18:10,10:10,18:24,14min late,21:50,5min late,3h 25m,Landed
2026-03-31,ID6552,BTK6552,Batik Air,Kupang,KOE,WATT,18:25,10:25,19:08,43min late,20:29,14min late,1h 20m,Landed
2026-03-31,IN281,LKN281,NAM Air,Jakarta,CGK,WIII,18:30,10:30,18:41,11min late,19:13,3min late,1h 32m,Landed
2026-03-31,GA417,GIA417,Garuda Indonesia,Jakarta,CGK,WIII,18:30,10:30,18:45,15min late,19:23,6min early,1h 38m,Landed
2026-03-31,IP105,PAS105,Pelita Air Service,Jakarta,CGK,WIII,18:50,10:50,18:55,5min late,19:28,11min early,1h 33m,Landed
2026-03-31,CX782,CPA782,Cathay Pacific,Hong Kong,HKG,VHHH,18:50,10:50,19:16,26min late,23:52,12min early,4h 35m,Landed
2026-03-31,8B5258,TNU5258,TransNusa,Lombok,LOP,WADL,18:55,10:55,18:59,4min late,19:25,9min early,26m,Landed
2026-03-31,TG440,THA440,Thai Airways International,Bangkok,BKK,VTBS,19:00,11:00,19:05,5min late,21:58,11min early,3h 53m,Landed
2026-03-31,6E1612,IGO1612,IndiGo,Bhubaneswar,BBI,VEBS,19:10,11:10,19:11,1min late,22:23,26min early,5h 42m,Landed
2026-03-31,MH852,MAS852,Malaysia Airlines,Kuala Lumpur,KUL,WMKK,19:20,11:20,19:28,8min late,22:06,13min early,2h 38m,Landed
2026-03-31,QZ504,AWQ504,Indonesia AirAsia,Singapore,SIN,WSSS,19:25,11:25,20:30,5min late,22:47,42min late,2h 17m,Landed
2026-03-31,ID7310,BTK7310,Batik Air,Jakarta,HLP,WIHH,19:25,11:25,19:34,9min late,19:58,16min early,1h 23m,Landed
2026-03-31,QG689,CTV689,Citilink,Jakarta,CGK,WIII,19:30,11:30,19:32,2min late,20:21,8min early,1h 49m,Landed
2026-03-31,QG699,CTV699,Citilink,Surabaya,SUB,WARR,19:30,11:30,20:02,32min late,19:52,12min late,50m,Landed
2026-03-31,TR283,,Scoot,Singapore,SIN,WSSS,19:40,11:40,20:42,2min late,22:54,19min late,2h 12m,Landed
2026-03-31,8B969,TNU969,Business Air,Guangzhou,CAN,ZGGG,19:40,11:40,19:52,12min late,00:57,2min early,5h 4m,Landed
2026-03-31,AK379,AXM379,AirAsia,Kuala Lumpur,KUL,WMKK,19:45,11:45,20:12,27min late,22:53,3min late,2h 40m,Landed
2026-03-31,JT923,LNI923,Lion Air,Surabaya,SUB,WARR,19:45,11:45,22:11,26min late,12:35,50min late,15h 23m,Landed
2026-03-31,EK369,UAE369,Emirates,Dubai,DXB,OMDB,19:45,11:45,20:00,15min late,01:06,16min late,9h 6m,Landed
2026-03-31,IU133,SJV133,SW Italia,Semarang,SRG,WIIS,19:50,11:50,20:39,49min late,20:34,24min late,55m,Landed
2026-03-31,GA421,GIA421,Garuda Indonesia,Jakarta,CGK,WIII,19:50,11:50,20:18,28min late,20:54,4min late,1h 36m,Landed
2026-03-31,SQ945,SIA945,Singapore Airlines,Singapore,SIN,WSSS,20:00,12:00,20:09,9min late,22:23,16min early,2h 14m,Landed
2026-03-31,QG195,CTV195,Citilink,Jakarta,HLP,WIHH,20:10,12:10,20:23,13min late,21:10,5min late,1h 46m,Landed
2026-03-31,JQ34,JST034,Jetstar Airways,Melbourne,MEL,YMML,20:20,12:20,20:35,15min late,04:39,15min early,5h 3m,Landed
2026-03-31,ID6415,BTK6415,Batik Air,Surabaya,SUB,WARR,20:30,12:30,20:37,7min late,20:19,10min early,41m,Landed
2026-03-31,GA415,GIA415,Garuda Indonesia,Jakarta,CGK,WIII,20:40,12:40,20:52,12min late,21:28,11min early,1h 36m,Landed
2026-03-31,KL836,KLM836,KLM Royal Dutch Airlines,Singapore,SIN,WSSS,20:45,12:45,21:31,46min late,23:45,20min late,2h 14m,Landed
2026-03-31,TK67,THY067,Turkish Airlines,Istanbul,IST,LTFM,20:45,12:45,21:02,17min late,04:55,10min late,12h 53m,Landed
2026-03-31,OD177,MXD177,Malindo Air,Melbourne,MEL,YMML,21:00,13:00,21:15,15min late,05:35,4min early,5h 19m,Landed
2026-03-31,QZ819,AWQ819,Indonesia AirAsia,Jakarta,CGK,WIII,21:05,13:05,21:50,45min late,22:23,28min late,1h 33m,Landed
2026-03-31,QG667,CTV667,Citilink,Jakarta,CGK,WIII,21:10,13:10,22:23,13min late,22:52,42min late,1h 29m,Landed
2026-03-31,QZ410,AWQ410,Indonesia AirAsia,Melbourne,MEL,YMML,21:15,13:15,21:55,40min late,06:20,35min late,5h 24m,Landed
2026-03-31,JQ117,JST117,Jetstar Airways,Perth,PER,YPPH,21:30,13:30,21:32,2min late,01:04,15min early,3h 32m,Landed
2026-03-31,ID6760,BTK6760,Batik Air,Makassar,UPG,WAAA,21:30,13:30,21:35,5min late,22:35,19min early,59m,Landed
2026-03-31,SJ273,SJY273,Sriwijaya Air,Jakarta,CGK,WIII,21:35,13:35,04:08,33min late,04:33,41min early,,Landed
2026-03-31,SQ947,SIA947,Singapore Airlines,Singapore,SIN,WSSS,21:40,13:40,21:44,4min late,00:00,15min early,2h 15m,Landed
2026-03-31,OD157,MXD157,Malindo Air,Brisbane,BNE,YBBN,22:00,14:00,22:28,28min late,05:58,8min late,5h 30m,Landed
2026-03-31,GA718,,Garuda Indonesia,Melbourne,MEL,YMML,22:05,14:05,22:15,10min late,06:30,on time,5h 14m,Landed
2026-03-31,JQ60,JST060,Jetstar Airways,Brisbane,BNE,YBBN,22:10,14:10,14:48,21min early,05:49,4min late,13h 0m,Landed
2026-03-31,AK375,AXM375,AirAsia,Kuala Lumpur,KUL,WMKK,22:15,14:15,23:12,57min late,02:00,40min late,2h 48m,Landed
2026-03-31,OD171,MXD171,Malindo Air,Sydney,SYD,YSSY,22:15,14:15,22:33,18min late,07:12,7min late,5h 38m,Landed
2026-03-31,QF44,QFA044,Qantas,Sydney,SYD,YSSY,22:20,14:20,22:09,10min early,06:38,31min early,5h 29m,Landed
2026-03-31,JT15,LNI015,Lion Air,Jakarta,CGK,WIII,22:35,14:35,20:47,47min early,23:45,15min late,3h 58m,Landed
2026-03-31,JQ38,JST038,Jetstar Airways,Sydney,SYD,YSSY,22:35,14:35,22:29,5min early,07:16,13min early,5h 46m,Landed
2026-03-31,7C5304,JJA5304,Jeju Air,Seoul,ICN,RKSI,22:45,14:45,23:49,4min late,07:32,17min late,6h 42m,Landed
2026-03-31,JQ128,JST128,Jetstar Airways,Adelaide,ADL,YPAD,22:55,14:55,23:01,6min late,06:01,8min early,4h 29m,Landed
2026-03-31,VA96,VOZ096,Virgin Australia,Melbourne,MEL,YMML,23:05,15:05,23:42,37min late,07:59,19min late,5h 17m,Landed
2026-03-31,QG9691,CTV9691,Citilink,Surabaya,SUB,WARR,23:05,15:05,23:02,2min early,22:57,17min early,55m,Landed
2026-03-31,8B5109,TNU5109,TransNusa,Jakarta,CGK,WIII,23:10,15:10,01:28,18min late,01:51,1min late,1h 23m,Landed
2026-03-31,VA82,VOZ082,Virgin Australia,Gold Coast,OOL,YBCG,23:20,15:20,23:17,2min early,06:53,1min early,5h 36m,Landed
2026-03-31,GA714,GIA714,Garuda Indonesia,Sydney,SYD,YSSY,23:25,15:25,23:34,9min late,08:13,3min late,5h 39m,Landed
2026-03-31,JQ36,JST036,Jetstar Airways,Melbourne,MEL,YMML,23:25,15:25,23:34,9min late,07:57,2min early,5h 23m,Landed
2026-03-31,VA68,VOZ068,Virgin Australia,Sydney,SYD,YSSY,23:35,15:35,23:37,2min late,08:11,23min early,5h 34m,Landed
2026-03-31,QZ420,AWQ420,Indonesia AirAsia,Adelaide,ADL,YPAD,23:45,15:45,01:41,56min late,09:02,37min late,4h 51m,Landed
2026-03-31,KE432,KAL432,Korean Air Lines,Seoul,ICN,RKSI,23:45,15:45,23:53,8min late,07:28,26min early,6h 34m,Landed
2026-03-31,JQ89,JST089,Jetstar Airways,Newcastle,NTL,YWLM,23:50,15:50,23:52,2min late,08:34,5min early,5h 42m,Landed
2026-03-31,IN7273,LKN7273,NAM Air,Jakarta,CGK,WIII,23:54,15:54,23:54,on time,00:26,16min late,1h 32m,Landed
