tanggal,flight_iata,flight_icao,airline,tujuan,tujuan_iata,tujuan_icao,jadwal_lokal,jadwal_utc,berangkat_aktual,delay_berangkat,tiba_aktual,delay_tiba,durasi,status
2026-05-01,BX602,ABL602,Air Busan,Busan,PUS,RKPK,00:05,16:05,00:13,8min late,07:37,22min early,6h 24m,Landed
2026-05-01,TW158,TWB158,T'Way Air,Cheongju,CJJ,RKTU,00:15,16:15,01:05,50min late,08:41,6min late,6h 36m,Landed
2026-05-01,GA880,GIA880,Garuda Indonesia,Tokyo,NRT,RJAA,00:20,16:20,00:30,10min late,08:33,16min early,7h 3m,Landed
2026-05-01,MF892,CXA892,Xiamen Airlines,Xiamen,XMN,ZSAM,00:30,16:30,00:33,3min late,05:45,19min early,5h 11m,Landed
2026-05-01,QR961,QTR961,Qatar Airways,Doha,DOH,OTHH,00:35,16:35,00:45,10min late,04:51,33min early,9h 6m,Landed
2026-05-01,EK399,UAE399,Emirates,Dubai,DXB,OMDB,00:35,16:35,00:59,24min late,05:43,8min late,8h 43m,Landed
2026-05-01,CZ626,CSN626,China Southern Airlines,Guangzhou,CAN,ZGGG,00:40,16:40,00:43,3min late,05:28,26min early,4h 45m,Landed
2026-05-01,MU5030,CES5030,China Eastern Airlines,Shanghai,PVG,ZSPD,00:55,16:55,01:08,13min late,07:19,40min early,6h 11m,Landed
2026-05-01,PR538,PAL538,Philippine Airlines,Manila,MNL,RPLL,00:55,16:55,01:23,28min late,04:47,12min early,3h 24m,Landed
2026-05-01,QZ548,,Indonesia AirAsia,Perth,PER,YPPH,01:00,17:00,,,,,3h 45m,Cancelled
2026-05-01,5J282,CEB282,CEBU Pacific Air,Manila,MNL,RPLL,01:00,17:00,01:02,2min late,04:30,49min early,3h 27m,Landed
2026-05-01,GA652,GIA652,Garuda Indonesia,Timika,TIM,WABP,01:05,17:05,01:17,12min late,05:21,23min early,3h 3m,Landed
2026-05-01,KE434,KAL434,Korean Air Lines,Seoul,ICN,RKSI,01:10,17:10,01:39,29min late,09:04,20min early,6h 25m,Landed
2026-05-01,8B5888,TNU5888,TransNusa,Manado,MDC,WAMM,01:50,17:50,01:37,12min early,03:52,32min early,2h 15m,Landed
2026-05-01,QZ807,AWQ807,Indonesia AirAsia,Jakarta,CGK,WIII,07:00,23:00,07:22,22min late,07:47,12min early,1h 24m,Landed
2026-05-01,JT746,LNI746,Lion Air,Makassar,UPG,WAAA,07:00,23:00,07:16,16min late,08:15,9min early,58m,Landed
2026-05-01,JQ82,JST082,Jetstar Airways,Darwin,DRW,YPDN,07:00,23:00,07:12,12min late,10:58,16min early,2h 16m,Landed
2026-05-01,IU705,SJV705,SW Italia,Surabaya,SUB,WARR,07:00,23:00,07:31,31min late,07:13,13min late,42m,Landed
2026-05-01,QZ550,AWQ550,Indonesia AirAsia,Kuala Lumpur,KUL,WMKK,07:00,23:00,07:20,20min late,09:53,11min early,2h 33m,Landed
2026-05-01,GA401,GIA401,Garuda Indonesia,Jakarta,CGK,WIII,07:00,23:00,07:13,13min late,07:45,14min early,1h 32m,Landed
2026-05-01,QZ534,AWQ534,Indonesia AirAsia,Perth,PER,YPPH,07:05,23:05,07:40,35min late,11:13,13min late,3h 33m,Landed
2026-05-01,QZ644,AWQ644,Indonesia AirAsia,Labuan Bajo,LBJ,WATO,07:10,23:10,07:26,16min late,08:15,on time,48m,Landed
2026-05-01,8B5250,TNU5250,TransNusa,Lombok,LOP,WADL,07:15,23:15,07:55,40min late,08:03,8min late,7m,Landed
2026-05-01,SQ949,SIA949,Singapore Airlines,Singapore,SIN,WSSS,07:15,23:15,07:43,28min late,09:53,6min early,2h 10m,Landed
2026-05-01,8B551,TNU551,Business Air,Singapore,SIN,WSSS,07:30,23:30,07:48,18min late,10:07,12min late,2h 18m,Landed
2026-05-01,ID6333,BTK6333,Batik Air,Labuan Bajo,LBJ,WATO,07:55,23:55,08:07,12min late,09:06,3min early,58m,Landed
2026-05-01,HX706,CRK706,Hong Kong Airlines,Hong Kong,HKG,VHHH,08:05,00:05,08:26,21min late,12:56,23min early,4h 29m,Landed
2026-05-01,JT21,LNI021,Lion Air,Jakarta,CGK,WIII,08:05,00:05,09:14,9min late,09:40,40min late,1h 26m,Landed
2026-05-01,IW1858,WON1858,Wings Air,Lombok,LOP,WADL,08:05,00:05,08:14,9min late,08:37,17min early,22m,Landed
2026-05-01,5J280,CEB280,CEBU Pacific Air,Manila,MNL,RPLL,08:35,00:35,09:17,42min late,13:04,9min late,3h 46m,Landed
2026-05-01,CZ8482,CSN8482,China Southern Airlines,Guangzhou,CAN,ZGGG,08:40,00:40,08:43,3min late,13:26,23min early,4h 43m,Landed
2026-05-01,IW1882,WON1882,Wings Air,Sumbawa Besar,SWQ,WADS,08:55,00:55,09:21,26min late,10:01,1min late,39m,Landed
2026-05-01,IW3330,WON3330,Wings Air,,,,09:00,01:00,09:07,7min late,11:38,6min early,2h 31m,Landed
2026-05-01,QG500,CTV500,Citilink,Dili,DIL,WPDL,09:00,01:00,09:04,4min late,11:45,19min early,1h 40m,Landed
2026-05-01,QG691,CTV691,Citilink,Surabaya,SUB,WARR,09:05,01:05,11:33,28min late,11:47,32min late,1h 13m,Landed
2026-05-01,SJ740,,Sriwijaya Air,Waingapu,WGP,WADW,09:10,01:10,09:10,,10:30,,1h 20m,Landed
2026-05-01,ID6324,BTK6324,Batik Air,Tambolaka,TMC,WADT,09:10,01:10,09:19,9min late,10:04,20min early,45m,Landed
2026-05-01,IN640,LKN640,NAM Air,Tambolaka,TMC,WADT,09:10,01:10,09:26,16min late,10:11,1min late,45m,Landed
2026-05-01,8B5105,TNU5105,TransNusa,Jakarta,CGK,WIII,09:15,01:15,09:12,2min early,09:37,22min early,1h 25m,Landed
2026-05-01,IW1848,WON1848,Wings Air,Lombok,LOP,WADL,09:25,01:25,10:30,5min late,10:53,38min late,23m,Landed
2026-05-01,ID6007,BTK6007,Batik Air,Perth,PER,YPPH,09:30,01:30,09:40,10min late,13:05,9min early,3h 25m,Landed
2026-05-01,8B5634,TNU5634,TransNusa,Bima,BMU,WADB,09:35,01:35,09:55,20min late,10:42,7min late,46m,Landed
2026-05-01,8B80,TNU080,Business Air,Perth,PER,YPPH,09:40,01:40,09:34,5min early,13:01,23min early,3h 26m,Landed
2026-05-01,QG197,CTV197,Citilink,Jakarta,HLP,WIHH,09:45,01:45,09:43,1min early,10:14,25min early,1h 30m,Landed
2026-05-01,IU137,SJV137,SW Italia,Kupang,KOE,WATT,10:00,02:00,10:20,20min late,11:44,on time,1h 24m,Landed
2026-05-01,IU122,SJV122,SW Italia,Yogyakarta,YIA,WAHI,10:00,02:00,10:29,29min late,11:44,14min late,2h 15m,Landed
2026-05-01,SQ935,SIA935,Singapore Airlines,Singapore,SIN,WSSS,10:05,02:05,10:16,11min late,12:23,22min early,2h 6m,Landed
2026-05-01,SU297,AFL297,Aeroflot,Moscow,SVO,UUEE,10:05,02:05,10:24,19min late,17:59,15min early,12h 35m,Landed
2026-05-01,QZ803,AWQ803,Indonesia AirAsia,Jakarta,CGK,WIII,10:15,02:15,10:45,30min late,11:12,7min late,1h 27m,Landed
2026-05-01,8B5101,TNU5101,Business Air,Jakarta,CGK,WIII,10:25,02:25,10:37,12min late,11:09,5min early,1h 31m,Landed
2026-05-01,8G182,DTL182,Mid Africa Aviation,Dili,DIL,WPDL,10:35,02:35,11:42,7min late,14:17,47min late,1h 35m,Landed
2026-05-01,JT805,LNI805,Lion Air,Surabaya,SUB,WARR,10:35,02:35,10:44,9min late,10:29,5min early,44m,Landed
2026-05-01,JT31,LNI031,Lion Air,Jakarta,CGK,WIII,11:05,03:05,11:28,23min late,11:59,on time,1h 31m,Landed
2026-05-01,JQ126,JST126,Jetstar Airways,Adelaide,ADL,YPAD,11:15,03:15,11:32,17min late,17:19,10min early,4h 17m,Landed
2026-05-01,TR281,TGW281,Scoot,Singapore,SIN,WSSS,11:15,03:15,11:46,31min late,14:25,15min late,2h 39m,Landed
2026-05-01,6E1606,IGO1606,IndiGo,Bangalore,BLR,VOBL,11:20,03:20,11:20,on time,15:02,7min early,6h 11m,Landed
2026-05-01,QZ646,AWQ646,Indonesia AirAsia,Labuan Bajo,LBJ,WATO,11:25,03:25,11:38,13min late,12:32,7min early,53m,Landed
2026-05-01,IW1964,WON1964,Wings Air,Lombok,LOP,WADL,11:40,03:40,11:57,17min late,12:26,3min early,29m,Landed
2026-05-01,JQ109,JST109,Jetstar Airways,Perth,PER,YPPH,11:40,03:40,12:00,20min late,15:18,6min early,3h 18m,Landed
2026-05-01,ID6331,BTK6331,Batik Air,Labuan Bajo,LBJ,WATO,11:45,03:45,12:41,56min late,12:49,10min early,7m,Landed
2026-05-01,GA407,GIA407,Garuda Indonesia,Jakarta,CGK,WIII,11:55,03:55,11:55,on time,12:26,28min early,1h 31m,Landed
2026-05-01,OD192,MXD192,Malindo Air,Kuala Lumpur,KUL,WMKK,11:55,03:55,12:21,26min late,15:15,10min late,2h 54m,Landed
2026-05-01,QZ544,AWQ544,Indonesia AirAsia,Perth,PER,YPPH,12:00,04:00,12:34,34min late,16:00,10min late,3h 25m,Landed
2026-05-01,JQ32,JST032,Jetstar Airways,Melbourne,MEL,YMML,12:05,04:05,12:13,8min late,19:15,24min early,5h 1m,Landed
2026-05-01,GA253,GIA253,Garuda Indonesia,Yogyakarta,YIA,WAHI,12:05,04:05,12:38,33min late,12:53,1min early,1h 15m,Landed
2026-05-01,SQ937,SIA937,Singapore Airlines,Singapore,SIN,WSSS,12:10,04:10,12:30,20min late,15:00,5min late,2h 30m,Landed
2026-05-01,SJ742,,Sriwijaya Air,Tambolaka,TMC,WADT,12:10,04:10,12:10,,13:10,,1h 0m,Landed
2026-05-01,JQ40,JST040,Jetstar Airways,Sydney,SYD,YSSY,12:20,04:20,12:42,22min late,19:59,15min early,5h 17m,Landed
2026-05-01,OD178,MXD178,Malindo Air,Kuala Lumpur,KUL,WMKK,12:25,04:25,12:44,19min late,15:33,1min early,2h 49m,Landed
2026-05-01,8B5254,TNU5254,TransNusa,Lombok,LOP,WADL,12:40,04:40,13:07,27min late,13:22,2min late,15m,Landed
2026-05-01,IP103,PAS103,Pelita Air Service,Jakarta,CGK,WIII,12:45,04:45,12:51,6min late,13:19,20min early,1h 27m,Landed
2026-05-01,OD158,MXD158,Malindo Air,Kuala Lumpur,KUL,WMKK,12:45,04:45,12:57,12min late,16:09,14min late,3h 12m,Landed
2026-05-01,AK365,AXM365,AirAsia,Kuala Lumpur,KUL,WMKK,13:00,05:00,13:14,14min late,16:07,2min late,2h 53m,Landed
2026-05-01,OD307,MXD307,Malindo Air,Kuala Lumpur,KUL,WMKK,13:00,05:00,13:25,25min late,16:15,15min late,2h 50m,Landed
2026-05-01,ID6509,BTK6509,Batik Air,Jakarta,CGK,WIII,13:00,05:00,13:30,30min late,14:10,15min late,1h 39m,Landed
2026-05-01,MH714,MAS714,Malaysia Airlines,Kuala Lumpur,KUL,WMKK,13:05,05:05,13:37,32min late,16:35,35min late,2h 58m,Landed
2026-05-01,OD172,MXD172,Malindo Air,Kuala Lumpur,KUL,WMKK,13:10,05:10,14:06,56min late,16:49,29min late,2h 42m,Landed
2026-05-01,JQ58,JST058,Jetstar Airways,Brisbane,BNE,YBBN,13:15,05:15,16:29,14min late,23:40,45min late,5h 11m,Landed
2026-05-01,JT35,LNI035,Lion Air,Jakarta,CGK,WIII,13:15,05:15,13:19,4min late,13:47,22min early,1h 27m,Landed
2026-05-01,SQ939,SIA939,Singapore Airlines,Singapore,SIN,WSSS,13:15,05:15,13:23,8min late,16:19,19min late,2h 56m,Landed
2026-05-01,GA409,GIA409,Garuda Indonesia,Jakarta,CGK,WIII,13:25,05:25,13:41,16min late,14:25,on time,1h 43m,Landed
2026-05-01,SL259,TLM259,Thai Lion Air,Bangkok,DMK,VTBD,13:25,05:25,14:55,30min late,16:38,11min early,2h 43m,Landed
2026-05-01,JT660,LNI660,Lion Air,Balikpapan,BPN,WALL,13:30,05:30,13:51,21min late,15:16,1min late,1h 24m,Landed
2026-05-01,QG687,CTV687,Citilink,Jakarta,CGK,WIII,13:45,05:45,13:46,1min late,14:38,1min early,1h 52m,Landed
2026-05-01,8B5107,TNU5107,TransNusa,Jakarta,CGK,WIII,13:50,05:50,13:59,9min late,14:32,7min early,1h 33m,Landed
2026-05-01,JT919,LNI919,Lion Air,Surabaya,SUB,WARR,13:55,05:55,14:03,8min late,09:08,13min late,20h 4m,Landed
2026-05-01,VJ894,VJC894,VietJet Air,Ho Chi Minh City,SGN,VVTS,14:05,06:05,15:23,18min late,17:43,48min late,3h 19m,Landed
2026-05-01,TR289,TGW289,Scoot,Singapore,SIN,WSSS,14:05,06:05,14:18,13min late,16:38,16min early,2h 19m,Landed
2026-05-01,ID6517,BTK6517,Batik Air,Jakarta,CGK,WIII,14:15,06:15,14:36,21min late,15:10,on time,1h 34m,Landed
2026-05-01,IU130,SJV130,SW Italia,Semarang,SRG,WIIS,14:15,06:15,14:33,18min late,14:34,on time,1h 1m,Landed
2026-05-01,ID7308,BTK7308,Batik Air,Jakarta,HLP,WIHH,14:20,06:20,14:27,7min late,15:05,4min early,1h 37m,Landed
2026-05-01,GA653,GIA653,Garuda Indonesia,Jakarta,CGK,WIII,14:30,06:30,14:44,14min late,15:18,11min early,1h 34m,Landed
2026-05-01,QZ556,AWQ556,Indonesia AirAsia,Kuala Lumpur,KUL,WMKK,14:30,06:30,14:49,19min late,17:38,1min early,2h 49m,Landed
2026-05-01,AI2148,AIC2148,Air India,Delhi,DEL,VIDP,14:35,06:35,15:31,56min late,18:41,58min early,5h 40m,Landed
2026-05-01,QG681,CTV681,Citilink,Jakarta,CGK,WIII,14:45,06:45,14:47,2min late,15:34,20min early,1h 47m,Landed
2026-05-01,JT33,,Lion Air,Jakarta,CGK,WIII,14:45,06:45,,,,,1h 55m,Cancelled
2026-05-01,JQ88,JST088,Jetstar Airways,Singapore,SIN,WSSS,14:55,06:55,16:37,42min late,19:03,3min late,2h 25m,Landed
2026-05-01,IU128,SJV128,SW Italia,Surakarta,SOC,WAHQ,15:00,07:00,15:33,33min late,15:38,18min late,1h 4m,Landed
2026-05-01,JT844,LNI844,Lion Air,Banjarmasin,BDJ,WAOO,15:00,07:00,15:19,19min late,16:19,10min early,1h 0m,Landed
2026-05-01,JQ107,JST107,Jetstar Airways,Perth,PER,YPPH,15:00,07:00,15:28,28min late,18:47,2min early,3h 18m,Landed
2026-05-01,QG342,CTV342,Citilink,Makassar,UPG,WAAA,15:00,07:00,15:26,26min late,16:39,9min late,1h 13m,Landed
2026-05-01,IU120,SJV120,SW Italia,Yogyakarta,YIA,WAHI,15:00,07:00,15:46,46min late,15:47,17min late,1h 0m,Landed
2026-05-01,QZ480,AWQ480,Indonesia AirAsia,Da Nang,DAD,VVDN,15:05,07:05,15:39,34min late,18:42,7min late,4h 3m,Landed
2026-05-01,JQ44,JST044,Jetstar Airways,Melbourne,MEL,YMML,15:10,07:10,14:09,0min early,22:55,10min late,6h 46m,Landed
2026-05-01,QZ536,,Indonesia AirAsia,Perth,PER,YPPH,15:15,07:15,,,,,3h 55m,Cancelled
2026-05-01,VA50,VOZ050,Virgin Australia,Brisbane,BNE,YBBN,15:15,07:15,15:37,22min late,22:59,5min early,5h 21m,Landed
2026-05-01,GA842,GIA842,Garuda Indonesia,Singapore,SIN,WSSS,15:15,07:15,15:55,40min late,18:27,17min late,2h 31m,Landed
2026-05-01,8B82,TNU082,TransNusa,Perth,PER,YPPH,15:20,07:20,15:43,23min late,19:07,2min early,3h 24m,Landed
2026-05-01,AK377,AXM377,AirAsia,Kuala Lumpur,KUL,WMKK,15:25,07:25,16:09,44min late,18:55,25min late,2h 46m,Landed
2026-05-01,QG669,CTV669,Citilink,Surabaya,SUB,WARR,15:30,07:30,15:58,28min late,15:41,1min late,43m,Landed
2026-05-01,JT740,LNI740,Lion Air,Makassar,UPG,WAAA,15:30,07:30,15:45,15min late,16:48,6min early,1h 3m,Landed
2026-05-01,IP109,PAS109,Pelita Air Service,Jakarta,CGK,WIII,15:35,07:35,20:23,48min late,20:49,24min late,1h 26m,Landed
2026-05-01,SJ717,,Sriwijaya Air,Makassar,UPG,WAAA,15:40,07:40,15:40,,17:00,,1h 20m,Landed
2026-05-01,IW1850,WON1850,Wings Air,Lombok,LOP,WADL,15:40,07:40,15:50,10min late,16:12,17min early,22m,Landed
2026-05-01,GA411,GIA411,Garuda Indonesia,Jakarta,CGK,WIII,15:45,07:45,16:23,38min late,16:57,12min late,1h 34m,Landed
2026-05-01,VA92,VOZ092,Virgin Australia,Melbourne,MEL,YMML,15:50,07:50,16:41,51min late,23:38,13min late,4h 56m,Landed
2026-05-01,VN640,HVN640,Vietnam Airlines,Ho Chi Minh City,SGN,VVTS,16:00,08:00,16:18,18min late,18:43,3min late,3h 24m,Landed
2026-05-01,QZ246,AWQ246,Indonesia AirAsia,Phuket,HKT,VTSP,16:10,08:10,16:27,17min late,18:56,13min early,3h 29m,Landed
2026-05-01,CX784,CPA784,Cathay Pacific,Hong Kong,HKG,VHHH,16:15,08:15,16:51,36min late,21:13,11min early,4h 21m,Landed
2026-05-01,MH850,MAS850,Malaysia Airlines,Kuala Lumpur,KUL,WMKK,16:25,08:25,16:33,8min late,19:20,14min early,2h 46m,Landed
2026-05-01,BR256,EVA256,EVA Airways,Taipei,TPE,RCTP,16:30,08:30,17:16,46min late,22:01,1min late,4h 44m,Landed
2026-05-01,IW1852,WON1852,Wings Air,Lombok,LOP,WADL,16:30,08:30,16:33,3min late,17:03,16min early,30m,Landed
2026-05-01,AK9369,,AirAsia,Kuala Lumpur,KUL,WMKK,16:40,08:40,16:59,19min late,19:45,,3h 5m,Landed
2026-05-01,IU703,SJV703,SW Italia,Surabaya,SUB,WARR,16:40,08:40,16:45,5min late,16:20,19min early,34m,Landed
2026-05-01,JT744,,Lion Air,Makassar,UPG,WAAA,16:40,08:40,,,,,1h 25m,Cancelled
2026-05-01,HO1356,DKH1356,Juneyao Airlines,Shanghai,PVG,ZSPD,16:50,08:50,16:56,6min late,23:04,30min early,6h 7m,Landed
2026-05-01,TG432,THA432,Thai Airways International,Bangkok,BKK,VTBS,16:55,08:55,16:54,on time,19:43,21min early,3h 48m,Landed
2026-05-01,GA349,GIA349,Garuda Indonesia,Surabaya,SUB,WARR,16:55,08:55,17:23,28min late,17:13,3min late,50m,Landed
2026-05-01,ID6335,BTK6335,Batik Air,Labuan Bajo,LBJ,WATO,17:00,09:00,17:14,14min late,18:06,8min early,51m,Landed
2026-05-01,IU273,SJV273,SW Italia,Pontianak,PNK,WIOO,17:00,09:00,17:28,28min late,18:06,1min late,1h 37m,Landed
2026-05-01,AK369,AXM369,AirAsia,Kuala Lumpur,KUL,WMKK,17:18,09:18,17:02,15min early,20:04,1min late,3h 1m,Landed
2026-05-01,GA419,GIA419,Garuda Indonesia,Jakarta,CGK,WIII,17:25,09:25,17:43,18min late,18:21,3min early,1h 38m,Landed
2026-05-01,VJ998,VJC998,VietJet Air,Hanoi,HAN,VVNB,17:30,09:30,17:48,18min late,21:34,10min early,4h 45m,Landed
2026-05-01,TR243,TGW243,Scoot,Singapore,SIN,WSSS,17:35,09:35,18:24,49min late,20:39,14min late,2h 14m,Landed
2026-05-01,IU759,SJV759,SW Italia,Jakarta,CGK,WIII,17:40,09:40,19:26,46min late,19:59,24min late,1h 32m,Landed
2026-05-01,IP107,,Pelita Air Service,Jakarta,CGK,WIII,17:40,09:40,,,,,1h 50m,Cancelled
2026-05-01,NZ291,ANZ291,Air New Zealand,Auckland,AKL,NZAA,17:50,09:50,18:18,28min late,05:45,15min late,7h 26m,Landed
2026-05-01,6E1608,IGO1608,IndiGo,Chennai,MAA,VOMM,18:00,10:00,16:44,15min early,21:20,14min early,7h 6m,Landed
2026-05-01,QZ821,AWQ821,Indonesia AirAsia,Jakarta,CGK,WIII,18:00,10:00,18:39,39min late,19:14,24min late,1h 35m,Landed
2026-05-01,OD193,MXD193,Malindo Air,Perth,PER,YPPH,18:10,10:10,21:48,38min late,01:09,24min late,3h 21m,Landed
2026-05-01,IU126,SJV126,SW Italia,Surakarta,SOC,WAHQ,18:10,10:10,18:21,11min late,18:21,8min early,59m,Landed
2026-05-01,ID6552,BTK6552,Batik Air,Kupang,KOE,WATT,18:25,10:25,18:49,24min late,20:10,4min early,1h 20m,Landed
2026-05-01,IN281,LKN281,Nam Air,Jakarta,CGK,WIII,18:30,10:30,18:32,2min late,19:07,2min early,1h 34m,Landed
2026-05-01,GA417,GIA417,Garuda Indonesia,Jakarta,CGK,WIII,18:30,10:30,18:43,13min late,19:21,8min early,1h 37m,Landed
2026-05-01,QR963,QTR963,Qatar Airways,Doha,DOH,OTHH,18:35,10:35,18:45,10min late,23:06,18min early,9h 20m,Landed
2026-05-01,EY477,ETD477,Etihad Airways,Abu Dhabi,AUH,OMAA,18:45,10:45,18:57,12min late,23:31,8min early,8h 33m,Landed
2026-05-01,CX782,CPA782,Cathay Pacific,Hong Kong,HKG,VHHH,18:50,10:50,18:53,3min late,23:23,41min early,4h 29m,Landed
2026-05-01,QG689,CTV689,Citilink,Jakarta,CGK,WIII,18:55,10:55,19:20,25min late,19:47,7min early,1h 27m,Landed
2026-05-01,8B5258,TNU5258,TransNusa,Lombok,LOP,WADL,18:55,10:55,18:36,18min early,18:55,39min early,18m,Landed
2026-05-01,TG440,THA440,Thai Airways International,Bangkok,BKK,VTBS,19:00,11:00,19:07,7min late,22:11,1min late,4h 4m,Landed
2026-05-01,6E1612,IGO1612,IndiGo,Bhubaneswar,BBI,VEBS,19:10,11:10,18:44,25min early,00:03,13min late,7h 48m,Landed
2026-05-01,MH852,MAS852,Malaysia Airlines,Kuala Lumpur,KUL,WMKK,19:20,11:20,19:34,14min late,22:11,8min early,2h 37m,Landed
2026-05-01,QG699,CTV699,Citilink,Surabaya,SUB,WARR,19:25,11:25,19:14,10min early,19:06,33min early,51m,Landed
2026-05-01,ID7310,BTK7310,Batik Air,Jakarta,HLP,WIHH,19:25,11:25,19:31,6min late,19:54,20min early,1h 23m,Landed
2026-05-01,TR283,TGW283,Scoot,Singapore,SIN,WSSS,19:40,11:40,20:44,4min late,22:54,19min late,2h 9m,Landed
2026-05-01,EK369,UAE369,Emirates,Dubai,DXB,OMDB,19:45,11:45,20:12,27min late,00:46,3min early,8h 34m,Landed
2026-05-01,AK379,AXM379,AirAsia,Kuala Lumpur,KUL,WMKK,19:45,11:45,20:17,32min late,23:12,22min late,2h 55m,Landed
2026-05-01,IU133,SJV133,SW Italia,Semarang,SRG,WIIS,19:50,11:50,19:51,1min late,19:47,22min early,55m,Landed
2026-05-01,8B969,TNU969,Business Air,Guangzhou,CAN,ZGGG,19:50,11:50,19:58,8min late,00:55,9min early,4h 57m,Landed
2026-05-01,GA421,GIA421,Garuda Indonesia,Jakarta,CGK,WIII,19:50,11:50,20:27,37min late,20:52,2min late,1h 25m,Landed
2026-05-01,JT923,LNI923,Lion Air,Surabaya,SUB,WARR,19:55,11:55,20:16,21min late,19:56,1min late,40m,Landed
2026-05-01,SQ945,SIA945,Singapore Airlines,Singapore,SIN,WSSS,20:00,12:00,16:45,14min early,22:42,2min late,5h 56m,Landed
2026-05-01,QG697,CTV697,Citilink,Surabaya,SUB,WARR,20:00,12:00,19:56,3min early,19:47,12min early,51m,Landed
2026-05-01,ID6415,BTK6415,Batik Air,Surabaya,SUB,WARR,20:30,12:30,20:48,18min late,20:27,2min early,39m,Landed
2026-05-01,GA415,GIA415,Garuda Indonesia,Jakarta,CGK,WIII,20:40,12:40,21:34,54min late,22:00,20min late,1h 25m,Landed
2026-05-01,KL836,KLM836,KLM Royal Dutch Airlines,Singapore,SIN,WSSS,20:45,12:45,17:49,55min early,23:30,5min late,5h 41m,Landed
2026-05-01,TK67,THY067,Turkish Airlines,Istanbul,IST,LTFM,20:45,12:45,20:51,6min late,04:42,2min early,12h 50m,Landed
2026-05-01,IP105,PAS105,Pelita Air Service,Jakarta,CGK,WIII,20:50,12:50,20:58,8min late,21:23,16min early,1h 25m,Landed
2026-05-01,OD177,MXD177,Malindo Air,Melbourne,MEL,YMML,21:00,13:00,21:27,27min late,04:29,10min early,5h 1m,Landed
2026-05-01,QG667,CTV667,Citilink,Jakarta,CGK,WIII,21:10,13:10,21:14,4min late,21:48,21min early,1h 33m,Landed
2026-05-01,JT15,LNI015,Lion Air,Jakarta,CGK,WIII,21:15,13:15,21:43,28min late,22:13,3min late,1h 30m,Landed
2026-05-01,QZ410,AWQ410,Indonesia AirAsia,Melbourne,MEL,YMML,21:15,13:15,21:29,14min late,04:33,26min early,5h 4m,Landed
2026-05-01,JQ34,JST034,Jetstar Airways,Melbourne,MEL,YMML,21:20,13:20,21:30,10min late,04:33,21min early,5h 2m,Landed
2026-05-01,JQ117,JST117,Jetstar Airways,Perth,PER,YPPH,21:30,13:30,21:53,23min late,01:20,on time,3h 27m,Landed
2026-05-01,SJ273,SJY273,Sriwijaya Air,Jakarta,CGK,WIII,21:35,13:35,22:01,26min late,22:29,14min late,1h 28m,Landed
2026-05-01,SQ947,SIA947,Singapore Airlines,Singapore,SIN,WSSS,21:40,13:40,21:45,5min late,00:02,13min early,2h 16m,Landed
2026-05-01,SV857,SVA857,Saudi Arabian Airlines,Singapore,SIN,WSSS,21:55,13:55,17:31,23min early,00:25,4min early,6h 53m,Landed
2026-05-01,GA718,GIA718,Garuda Indonesia,Melbourne,MEL,YMML,22:05,14:05,22:19,14min late,05:14,15min early,4h 54m,Landed
2026-05-01,JQ60,JST060,Jetstar Airways,Brisbane,BNE,YBBN,22:10,14:10,14:55,14min early,05:36,8min early,12h 40m,Landed
2026-05-01,OD171,MXD171,Malindo Air,Sydney,SYD,YSSY,22:15,14:15,22:49,34min late,06:13,8min late,5h 23m,Landed
2026-05-01,AK375,AXM375,AirAsia,Kuala Lumpur,KUL,WMKK,22:15,14:15,22:45,30min late,01:21,1min late,2h 35m,Landed
2026-05-01,QF44,QFA044,Qantas,Sydney,SYD,YSSY,22:20,14:20,22:25,5min late,06:05,4min early,5h 40m,Landed
2026-05-01,JQ38,JST038,Jetstar Airways,Sydney,SYD,YSSY,22:35,14:35,23:24,49min late,06:42,12min late,5h 18m,Landed
2026-05-01,7C5304,JJA5304,Jeju Air,Seoul,ICN,RKSI,22:45,14:45,23:00,15min late,07:02,12min early,7h 2m,Landed
2026-05-01,JQ91,JST091,Jetstar Airways,Cairns,CNS,YBCS,23:00,15:00,23:09,9min late,05:16,13min early,4h 7m,Landed
2026-05-01,VA96,VOZ096,Virgin Australia,Melbourne,MEL,YMML,23:05,15:05,00:00,55min late,06:57,17min late,4h 56m,Landed
2026-05-01,QF46,QFA046,Qantas,Melbourne,MEL,YMML,23:05,15:05,23:19,14min late,06:13,26min early,4h 53m,Landed
2026-05-01,8B5109,TNU5109,Business Air,Jakarta,CGK,WIII,23:10,15:10,00:38,28min late,01:05,15min late,1h 26m,Landed
2026-05-01,3U3986,CSC3986,Sichuan Airlines,Lujia Town,TFU,ZUTF,23:10,15:10,23:22,12min late,05:23,6min early,6h 1m,Landed
2026-05-01,VA82,VOZ082,Virgin Australia,Gold Coast,OOL,YBCG,23:20,15:20,23:41,21min late,06:55,on time,5h 13m,Landed
2026-05-01,JQ50,JST050,Jetstar Airways,Melbourne,AVV,YMAV,23:25,15:25,00:06,41min late,06:58,1min early,4h 52m,Landed
2026-05-01,GA714,GIA714,Garuda Indonesia,Sydney,SYD,YSSY,23:25,15:25,23:30,5min late,06:45,24min early,5h 14m,Landed
2026-05-01,VA68,VOZ068,Virgin Australia,Sydney,SYD,YSSY,23:35,15:35,00:16,41min late,07:36,1min late,5h 19m,Landed
2026-05-01,QZ420,AWQ420,Indonesia AirAsia,Adelaide,ADL,YPAD,23:45,15:45,00:07,22min late,06:07,17min early,4h 29m,Landed
2026-05-01,KE432,KAL432,Korean Air Lines,Seoul,ICN,RKSI,23:45,15:45,23:57,12min late,07:31,23min early,6h 34m,Landed
2026-05-01,JQ87,JST087,Jetstar Airways,Sunshine Coast,MCY,YBSU,23:50,15:50,00:18,28min late,07:20,9min early,5h 1m,Landed
2026-05-01,JQ128,JST128,Jetstar Airways,Adelaide,ADL,YPAD,23:55,15:55,00:20,25min late,06:09,on time,4h 19m,Landed
2026-05-02,BX602,ABL602,Air Busan,Busan,PUS,RKPK,00:05,16:05,00:13,8min late,07:37,22min early,6h 24m,Landed
2026-05-02,GA880,GIA880,Garuda Indonesia,Tokyo,NRT,RJAA,00:20,16:20,00:27,7min late,08:24,25min early,6h 56m,Landed
2026-05-02,8B84,TNU084,TransNusa,Perth,PER,YPPH,00:20,16:20,00:30,10min late,03:52,12min early,3h 21m,Landed
2026-05-02,MF892,CXA892,Xiamen Airlines,Xiamen,XMN,ZSAM,00:30,16:30,00:18,11min early,05:42,22min early,5h 23m,Landed
2026-05-02,EK399,UAE399,Emirates,Dubai,DXB,OMDB,00:35,16:35,00:47,12min late,05:25,10min early,8h 37m,Landed
2026-05-02,QR961,QTR961,Qatar Airways,Doha,DOH,OTHH,00:35,16:35,00:51,16min late,05:12,27min early,9h 20m,Landed
2026-05-02,CZ626,CSN626,China Southern Airlines,Guangzhou,CAN,ZGGG,00:40,16:40,00:50,10min late,05:41,13min early,4h 51m,Landed
2026-05-02,MU5030,CES5030,China Eastern Airlines,Shanghai,PVG,ZSPD,00:55,16:55,01:00,5min late,07:02,57min early,6h 1m,Landed
2026-05-02,PR538,PAL538,Philippine Airlines,Manila,MNL,RPLL,00:55,16:55,01:08,13min late,04:38,21min early,3h 30m,Landed
2026-05-02,QZ548,,Indonesia AirAsia,Perth,PER,YPPH,01:00,17:00,,,,,3h 45m,Cancelled
2026-05-02,5J282,CEB282,CEBU Pacific Air,Manila,MNL,RPLL,01:00,17:00,01:02,2min late,04:30,49min early,3h 27m,Landed
2026-05-02,SJ726,,Sriwijaya Air,Makassar,UPG,WAAA,01:00,17:00,01:00,,02:20,,1h 20m,Landed
2026-05-02,GA652,GIA652,Garuda Indonesia,Timika,TIM,WABP,01:05,17:05,01:19,14min late,14:21,36min late,12h 2m,Landed
2026-05-02,KE434,KAL434,Korean Air Lines,Seoul,ICN,RKSI,01:10,17:10,01:31,21min late,08:44,40min early,6h 13m,Landed
2026-05-02,8B5888,TNU5888,TransNusa,Manado,MDC,WAMM,01:50,17:50,01:35,14min early,03:48,36min early,2h 12m,Landed
2026-05-02,JT944,,Lion Air,Makassar,UPG,WAAA,07:00,23:00,08:43,43min late,09:44,19min late,1h 1m,Landed
2026-05-02,QZ550,AWQ550,Indonesia AirAsia,Kuala Lumpur,KUL,WMKK,07:00,23:00,07:27,27min late,10:06,1min late,2h 39m,Landed
2026-05-02,GA401,GIA401,Garuda Indonesia,Jakarta,CGK,WIII,07:00,23:00,07:34,34min late,07:59,on time,1h 25m,Landed
2026-05-02,JT746,LNI746,Lion Air,Makassar,UPG,WAAA,07:00,23:00,07:30,30min late,08:24,on time,54m,Landed
2026-05-02,IU705,SJV705,SW Italia,Surabaya,SUB,WARR,07:00,23:00,07:07,7min late,06:50,9min early,43m,Landed
2026-05-02,JQ111,JST111,Jetstar Airways,Perth,PER,YPPH,07:00,23:00,07:00,on time,10:12,32min early,3h 12m,Landed
2026-05-02,QZ807,AWQ807,Indonesia AirAsia,Jakarta,CGK,WIII,07:00,23:00,07:15,15min late,07:42,17min early,1h 27m,Landed
2026-05-02,JQ82,JST082,Jetstar Airways,Darwin,DRW,YPDN,07:00,23:00,07:12,12min late,10:53,21min early,2h 10m,Landed
2026-05-02,QZ534,AWQ534,Indonesia AirAsia,Perth,PER,YPPH,07:05,23:05,07:17,12min late,10:41,18min early,3h 24m,Landed
2026-05-02,QZ644,AWQ644,Indonesia AirAsia,Labuan Bajo,LBJ,WATO,07:10,23:10,07:15,5min late,08:06,8min early,50m,Landed
2026-05-02,SQ949,SIA949,Singapore Airlines,Singapore,SIN,WSSS,07:15,23:15,07:28,13min late,09:38,21min early,2h 10m,Landed
2026-05-02,8B5250,TNU5250,TransNusa,Lombok,LOP,WADL,07:15,23:15,07:26,11min late,07:47,7min early,21m,Landed
2026-05-02,8B551,,Business Air,Singapore,SIN,WSSS,07:30,23:30,,,,,2h 25m,Cancelled
2026-05-02,ID6333,BTK6333,Batik Air,Labuan Bajo,LBJ,WATO,07:55,23:55,08:19,24min late,09:09,on time,50m,Landed
2026-05-02,HX706,CRK706,Hong Kong Airlines,Hong Kong,HKG,VHHH,08:05,00:05,08:43,38min late,13:13,6min early,4h 29m,Landed
2026-05-02,JT21,LNI021,Lion Air,Jakarta,CGK,WIII,08:05,00:05,08:26,21min late,08:49,10min early,1h 23m,Landed
2026-05-02,IW1858,WON1858,Wings Air,Lombok,LOP,WADL,08:05,00:05,08:22,17min late,08:45,9min early,22m,Landed
2026-05-02,AI2146,AIC2146,Air India,Delhi,DEL,VIDP,08:25,00:25,10:18,53min late,15:42,52min late,7h 54m,Landed
2026-05-02,5J280,CEB280,CEBU Pacific Air,Manila,MNL,RPLL,08:35,00:35,08:50,15min late,12:24,30min early,3h 33m,Landed
2026-05-02,CZ8482,CSN8482,China Southern Airlines,Guangzhou,CAN,ZGGG,08:40,00:40,08:52,12min late,17:57,7min late,9h 5m,Landed
2026-05-02,IW1854,,Wings Air,Lombok,LOP,WADL,08:45,00:45,,,,,50m,Cancelled
2026-05-02,IW1882,WON1882,Wings Air,Sumbawa Besar,SWQ,WADS,08:55,00:55,08:59,4min late,09:41,18min early,42m,Landed
2026-05-02,QG500,CTV500,Citilink,Dili,DIL,WPDL,09:00,01:00,09:15,15min late,11:53,11min early,1h 37m,Landed
2026-05-02,QG691,CTV691,Citilink,Surabaya,SUB,WARR,09:05,01:05,09:06,1min late,08:46,28min early,39m,Landed
2026-05-02,IN640,LKN640,NAM Air,Tambolaka,TMC,WADT,09:10,01:10,09:32,22min late,10:12,2min late,40m,Landed
2026-05-02,ID6324,BTK6324,Batik Air,Tambolaka,TMC,WADT,09:10,01:10,09:17,7min late,10:02,22min early,45m,Landed
2026-05-02,8B5105,TNU5105,Business Air,Jakarta,CGK,WIII,09:15,01:15,09:20,5min late,09:47,12min early,1h 27m,Landed
2026-05-02,IW1848,WON1848,Wings Air,Lombok,LOP,WADL,09:25,01:25,10:08,43min late,10:36,21min late,27m,Landed
2026-05-02,8B5634,TNU5634,TransNusa,Bima,BMU,WADB,09:35,01:35,09:43,8min late,10:32,2min early,48m,Landed
2026-05-02,8B80,TNU080,Business Air,Perth,PER,YPPH,09:40,01:40,09:49,9min late,13:10,14min early,3h 21m,Landed
2026-05-02,ID8333,BTK8333,Batik Air,Labuan Bajo,LBJ,WATO,10:00,02:00,10:05,5min late,10:55,14min early,50m,Landed
2026-05-02,IU122,SJV122,SW Italia,Yogyakarta,YIA,WAHI,10:00,02:00,10:13,13min late,10:20,9min early,1h 7m,Landed
2026-05-02,SQ935,SIA935,Singapore Airlines,Singapore,SIN,WSSS,10:05,02:05,10:02,2min early,12:11,34min early,2h 8m,Landed
2026-05-02,QZ803,AWQ803,Indonesia AirAsia,Jakarta,CGK,WIII,10:15,02:15,10:53,38min late,11:26,21min late,1h 33m,Landed
2026-05-02,8B5101,TNU5101,TransNusa,Jakarta,CGK,WIII,10:25,02:25,10:49,24min late,11:21,6min late,1h 31m,Landed
2026-05-02,JT805,LNI805,Lion Air,Surabaya,SUB,WARR,10:35,02:35,10:37,2min late,10:19,16min early,41m,Landed
2026-05-02,8G182,DTL182,Mid Africa Aviation,Dili,DIL,WPDL,10:35,02:35,10:58,23min late,13:34,4min late,1h 35m,Landed
2026-05-02,JT31,LNI031,Lion Air,Jakarta,CGK,WIII,11:05,03:05,12:43,38min late,13:21,21min late,1h 37m,Landed
2026-05-02,IW1856,WON1856,Wings Air,Lombok,LOP,WADL,11:10,03:10,11:32,22min late,11:55,4min early,23m,Landed
2026-05-02,JQ126,JST126,Jetstar Airways,Adelaide,ADL,YPAD,11:15,03:15,11:38,23min late,17:14,15min early,4h 6m,Landed
2026-05-02,TR281,TGW281,Scoot,Singapore,SIN,WSSS,11:15,03:15,11:42,27min late,13:54,15min early,2h 11m,Landed
2026-05-02,6E1606,IGO1606,IndiGo,Bangalore,BLR,VOBL,11:20,03:20,11:28,8min late,15:00,9min early,6h 1m,Landed
2026-05-02,QZ646,AWQ646,Indonesia AirAsia,Labuan Bajo,LBJ,WATO,11:25,03:25,11:36,11min late,12:23,16min early,47m,Landed
2026-05-02,AK371,AXM371,AirAsia,Kuala Lumpur,KUL,WMKK,11:40,03:40,11:52,12min late,14:36,8min early,2h 44m,Landed
2026-05-02,IW1964,WON1964,Wings Air,Lombok,LOP,WADL,11:40,03:40,12:23,43min late,12:45,15min late,22m,Landed
2026-05-02,JQ109,JST109,Jetstar Airways,Perth,PER,YPPH,11:40,03:40,12:03,23min late,15:16,8min early,3h 13m,Landed
2026-05-02,ID6331,BTK6331,Batik Air,Labuan Bajo,LBJ,WATO,11:45,03:45,11:55,10min late,12:50,9min early,54m,Landed
2026-05-02,IW1850,WON1850,Wings Air,Lombok,LOP,WADL,11:50,03:50,12:27,37min late,12:50,10min late,23m,Landed
2026-05-02,OD192,MXD192,Malindo Air,Kuala Lumpur,KUL,WMKK,11:55,03:55,12:19,24min late,15:41,36min late,3h 21m,Landed
2026-05-02,QZ809,AWQ809,Indonesia AirAsia,Jakarta,CGK,WIII,11:55,03:55,12:34,39min late,13:15,25min late,1h 41m,Landed
2026-05-02,GA407,GIA407,Garuda Indonesia,Jakarta,CGK,WIII,11:55,03:55,12:15,20min late,12:58,3min late,1h 42m,Landed
2026-05-02,QZ544,AWQ544,Indonesia AirAsia,Perth,PER,YPPH,12:00,04:00,12:54,54min late,16:09,19min late,3h 15m,Landed
2026-05-02,JQ32,JST032,Jetstar Airways,Melbourne,MEL,YMML,12:05,04:05,12:48,43min late,19:32,7min early,4h 44m,Landed
2026-05-02,GA253,GIA253,Garuda Indonesia,Yogyakarta,YIA,WAHI,12:05,04:05,12:12,7min late,12:29,25min early,1h 17m,Landed
2026-05-02,SQ937,SIA937,Singapore Airlines,Singapore,SIN,WSSS,12:10,04:10,12:39,29min late,14:47,7min early,2h 8m,Landed
2026-05-02,SJ7420,,Sriwijaya Air,Tambolaka,TMC,WADT,12:10,04:10,12:10,,13:10,,1h 0m,Landed
2026-05-02,JQ40,JST040,Jetstar Airways,Sydney,SYD,YSSY,12:20,04:20,12:45,25min late,19:46,28min early,5h 0m,Landed
2026-05-02,OD178,MXD178,Malindo Air,Kuala Lumpur,KUL,WMKK,12:25,04:25,13:08,43min late,16:22,47min late,3h 14m,Landed
2026-05-02,8B5254,TNU5254,TransNusa,Lombok,LOP,WADL,12:40,04:40,12:55,15min late,13:15,4min early,19m,Landed
2026-05-02,IP103,PAS103,Pelita Air Service,Jakarta,CGK,WIII,12:45,04:45,13:03,18min late,13:43,3min late,1h 39m,Landed
2026-05-02,AK365,AXM365,AirAsia,Kuala Lumpur,KUL,WMKK,13:00,05:00,13:09,9min late,16:23,18min late,3h 14m,Landed
2026-05-02,OD307,MXD307,Malindo Air,Kuala Lumpur,KUL,WMKK,13:00,05:00,13:40,40min late,16:54,54min late,3h 14m,Landed
2026-05-02,QZ805,AWQ805,Indonesia AirAsia,Jakarta,CGK,WIII,13:00,05:00,14:18,18min late,14:46,3min early,1h 27m,Landed
2026-05-02,ID6509,BTK6509,Batik Air,Jakarta,CGK,WIII,13:00,05:00,13:20,20min late,13:54,on time,1h 33m,Landed
2026-05-02,MH714,MAS714,Malaysia Airlines,Kuala Lumpur,KUL,WMKK,13:05,05:05,13:45,40min late,16:56,56min late,3h 10m,Landed
2026-05-02,OD172,MXD172,Malindo Air,Kuala Lumpur,KUL,WMKK,13:10,05:10,13:28,18min late,16:37,17min late,3h 8m,Landed
2026-05-02,JQ58,JST058,Jetstar Airways,Brisbane,BNE,YBBN,13:15,05:15,13:43,28min late,20:47,7min early,5h 3m,Landed
2026-05-02,JT35,,Lion Air,Jakarta,CGK,WIII,13:15,05:15,,,,,1h 55m,Cancelled
2026-05-02,SQ939,SIA939,Singapore Airlines,Singapore,SIN,WSSS,13:15,05:15,13:35,20min late,15:59,on time,2h 24m,Landed
2026-05-02,GA409,GIA409,Garuda Indonesia,Jakarta,CGK,WIII,13:25,05:25,13:53,28min late,14:31,6min late,1h 37m,Landed
2026-05-02,QG687,CTV687,Citilink,Jakarta,CGK,WIII,13:45,05:45,13:51,6min late,14:23,16min early,1h 32m,Landed
2026-05-02,8B5107,TNU5107,TransNusa,Jakarta,CGK,WIII,13:50,05:50,18:07,17min late,18:32,52min late,1h 25m,Landed
2026-05-02,JT919,LNI919,Lion Air,Surabaya,SUB,WARR,13:55,05:55,14:07,12min late,19:01,6min late,5h 54m,Landed
2026-05-02,VJ894,VJC894,VietJet Air,Ho Chi Minh City,SGN,VVTS,14:05,06:05,14:11,6min late,16:55,on time,3h 44m,Landed
2026-05-02,TR289,TGW289,Scoot,Singapore,SIN,WSSS,14:05,06:05,14:43,38min late,17:09,14min late,2h 26m,Landed
2026-05-02,ID6517,BTK6517,Batik Air,Jakarta,CGK,WIII,14:15,06:15,14:32,17min late,14:58,11min early,1h 25m,Landed
2026-05-02,ID7308,BTK7308,Batik Air,Jakarta,HLP,WIHH,14:20,06:20,14:36,16min late,15:07,2min early,1h 31m,Landed
2026-05-02,AI2148,AIC2148,Air India,Bhubaneswar,BBI,VEBS,14:35,06:35,14:47,12min late,18:00,14min early,5h 43m,Landed
2026-05-02,JT33,LNI033,Lion Air,Jakarta,CGK,WIII,14:45,06:45,14:49,4min late,15:19,20min early,1h 30m,Landed
2026-05-02,QG681,CTV681,Citilink,Jakarta,CGK,WIII,14:45,06:45,15:02,17min late,15:30,24min early,1h 27m,Landed
2026-05-02,QZ556,AWQ556,Indonesia AirAsia,Kuala Lumpur,KUL,WMKK,14:45,06:45,14:58,13min late,17:41,13min early,2h 42m,Landed
2026-05-02,IU120,SJV120,SW Italia,Yogyakarta,YIA,WAHI,15:00,07:00,15:05,5min late,15:11,18min early,1h 6m,Landed
2026-05-02,QG342,CTV342,Citilink,Makassar,UPG,WAAA,15:00,07:00,15:03,3min late,16:20,9min early,1h 17m,Landed
2026-05-02,JT844,,Lion Air,Banjarmasin,BDJ,WAOO,15:00,07:00,,,,,1h 30m,Cancelled
2026-05-02,JQ86,JST086,Jetstar Airways,Singapore,SIN,WSSS,15:05,07:05,15:29,24min late,17:56,3min early,2h 27m,Landed
2026-05-02,JQ44,JST044,Jetstar Airways,Melbourne,MEL,YMML,15:10,07:10,15:31,21min late,22:19,26min early,4h 47m,Landed
2026-05-02,QZ536,,Indonesia AirAsia,Perth,PER,YPPH,15:15,07:15,,,,,3h 55m,Cancelled
2026-05-02,GA842,GIA842,Garuda Indonesia,Singapore,SIN,WSSS,15:15,07:15,15:46,31min late,18:13,3min late,2h 26m,Landed
2026-05-02,VA50,VOZ050,Virgin Australia,Brisbane,BNE,YBBN,15:15,07:15,15:20,5min late,22:27,37min early,5h 7m,Landed
2026-05-02,8B82,TNU082,TransNusa,Perth,PER,YPPH,15:20,07:20,15:51,31min late,19:00,9min early,3h 9m,Landed
2026-05-02,AK377,AXM377,AirAsia,Kuala Lumpur,KUL,WMKK,15:25,07:25,15:35,10min late,18:25,4min early,2h 50m,Landed
2026-05-02,QG669,CTV669,Citilink,Surabaya,SUB,WARR,15:30,07:30,15:33,3min late,15:22,17min early,48m,Landed
2026-05-02,JT740,LNI740,Lion Air,Makassar,UPG,WAAA,15:30,07:30,15:54,24min late,16:55,on time,1h 0m,Landed
2026-05-02,IN281,LKN281,NAM Air,Jakarta,CGK,WIII,15:30,07:30,15:41,11min late,16:08,1min early,1h 27m,Landed
2026-05-02,IP109,PAS109,Pelita Air Service,Jakarta,CGK,WIII,15:35,07:35,15:36,1min late,16:03,21min early,1h 26m,Landed
2026-05-02,SJ7161,,Sriwijaya Air,Makassar,UPG,WAAA,15:40,07:40,15:40,,17:00,,1h 20m,Landed
2026-05-02,GA411,GIA411,Garuda Indonesia,Jakarta,CGK,WIII,15:45,07:45,15:59,14min late,16:32,12min early,1h 33m,Landed
2026-05-02,QZ648,AWQ648,Indonesia AirAsia,Labuan Bajo,LBJ,WATO,15:45,07:45,16:02,17min late,16:50,4min early,47m,Landed
2026-05-02,VA92,VOZ092,Virgin Australia,Melbourne,MEL,YMML,15:50,07:50,16:48,58min late,23:38,13min late,4h 49m,Landed
2026-05-02,CI772,CAL772,China Airlines,Taipei,TPE,RCTP,15:55,07:55,16:07,12min late,21:00,19min early,4h 52m,Landed
2026-05-02,8B5256,,TransNusa,Lombok,LOP,WADL,15:55,07:55,15:55,,16:50,,55m,Landed
2026-05-02,VN640,HVN640,Vietnam Airlines,Ho Chi Minh City,SGN,VVTS,16:00,08:00,16:05,5min late,18:41,1min late,3h 35m,Landed
2026-05-02,QZ246,AWQ246,Indonesia AirAsia,Phuket,HKT,VTSP,16:10,08:10,16:14,4min late,19:01,8min early,3h 47m,Landed
2026-05-02,CX784,CPA784,Cathay Pacific,Hong Kong,HKG,VHHH,16:15,08:15,16:26,11min late,20:45,39min early,4h 19m,Landed
2026-05-02,MH850,MAS850,Malaysia Airlines,Kuala Lumpur,KUL,WMKK,16:25,08:25,16:34,9min late,19:42,7min late,3h 7m,Landed
2026-05-02,BR256,EVA256,EVA Airways,Taipei,TPE,RCTP,16:30,08:30,16:42,12min late,21:37,22min early,4h 55m,Landed
2026-05-02,IW1852,WON1852,Wings Air,Lombok,LOP,WADL,16:30,08:30,16:39,9min late,17:04,15min early,25m,Landed
2026-05-02,JT744,,Lion Air,Makassar,UPG,WAAA,16:40,08:40,,,,,1h 25m,Cancelled
2026-05-02,IU703,SJV703,SW Italia,Surabaya,SUB,WARR,16:40,08:40,16:54,14min late,16:39,on time,45m,Landed
2026-05-02,HO1356,DKH1356,Juneyao Airlines,Shanghai,PVG,ZSPD,16:50,08:50,16:58,8min late,23:05,29min early,6h 6m,Landed
2026-05-02,GA349,GIA349,Garuda Indonesia,Surabaya,SUB,WARR,16:55,08:55,17:18,23min late,17:04,5min early,46m,Landed
2026-05-02,TG432,THA432,Thai Airways International,Bangkok,BKK,VTBS,16:55,08:55,17:22,27min late,20:10,5min late,3h 48m,Landed
2026-05-02,ID6335,BTK6335,Batik Air,Labuan Bajo,LBJ,WATO,17:00,09:00,17:21,21min late,18:12,2min early,51m,Landed
2026-05-02,GA419,GIA419,Garuda Indonesia,Jakarta,CGK,WIII,17:25,09:25,17:34,9min late,18:12,12min early,1h 37m,Landed
2026-05-02,VJ998,VJC998,VietJet Air,Hanoi,HAN,VVNB,17:30,09:30,17:44,14min late,02:28,43min late,9h 44m,Landed
2026-05-02,TR243,TGW243,Scoot,Singapore,SIN,WSSS,17:35,09:35,18:15,40min late,20:32,7min late,2h 16m,Landed
2026-05-02,IU759,,SW Italia,Jakarta,CGK,WIII,17:40,09:40,,,,,1h 55m,Cancelled
2026-05-02,IP107,,Pelita Air Service,Jakarta,CGK,WIII,17:40,09:40,17:40,on time,18:30,,1h 50m,Landed
2026-05-02,NZ291,ANZ291,Air New Zealand,Auckland,AKL,NZAA,17:50,09:50,18:11,21min late,05:19,11min early,7h 7m,Landed
2026-05-02,6E1608,IGO1608,IndiGo,Chennai,MAA,VOMM,18:00,10:00,18:03,3min late,21:20,14min early,5h 46m,Landed
2026-05-02,QZ821,AWQ821,Indonesia AirAsia,Jakarta,CGK,WIII,18:00,10:00,18:01,1min late,18:29,20min early,1h 27m,Landed
2026-05-02,OD193,MXD193,Malindo Air,Perth,PER,YPPH,18:10,10:10,18:33,23min late,21:51,6min late,3h 17m,Landed
2026-05-02,IU126,SJV126,SW Italia,Surakarta,SOC,WAHQ,18:10,10:10,18:21,11min late,18:22,7min early,1h 0m,Landed
2026-05-02,ID6552,BTK6552,Batik Air,Kupang,KOE,WATT,18:25,10:25,18:44,19min late,20:04,10min early,1h 20m,Landed
2026-05-02,IN283,,NAM Air,Jakarta,CGK,WIII,18:30,10:30,18:30,,19:10,,1h 40m,Landed
2026-05-02,GA417,GIA417,Garuda Indonesia,Jakarta,CGK,WIII,18:30,10:30,18:39,9min late,19:18,11min early,1h 39m,Landed
2026-05-02,QR963,QTR963,Qatar Airways,Doha,DOH,OTHH,18:35,10:35,18:40,5min late,22:52,47min early,9h 11m,Landed
2026-05-02,EY477,ETD477,Etihad Airways,Abu Dhabi,AUH,OMAA,18:45,10:45,19:03,18min late,23:39,on time,8h 35m,Landed
2026-05-02,CX782,CPA782,Cathay Pacific,Hong Kong,HKG,VHHH,18:50,10:50,18:53,3min late,23:24,40min early,4h 30m,Landed
2026-05-02,IP105,,Pelita Air Service,Jakarta,CGK,WIII,18:50,10:50,18:50,on time,19:40,,1h 50m,Landed
2026-05-02,QG689,CTV689,Citilink,Jakarta,CGK,WIII,18:55,10:55,19:25,30min late,19:55,on time,1h 29m,Landed
2026-05-02,8B5258,TNU5258,TransNusa,Lombok,LOP,WADL,18:55,10:55,18:46,8min early,19:09,25min early,22m,Landed
2026-05-02,TG440,THA440,Thai Airways International,Bangkok,BKK,VTBS,19:00,11:00,19:36,36min late,22:35,25min late,3h 58m,Landed
2026-05-02,6E1612,IGO1612,IndiGo,Bhubaneswar,BBI,VEBS,19:10,11:10,19:11,1min late,22:44,5min early,6h 3m,Landed
2026-05-02,MH852,MAS852,Malaysia Airlines,Kuala Lumpur,KUL,WMKK,19:20,11:20,19:33,13min late,22:17,2min early,2h 44m,Landed
2026-05-02,ID7310,BTK7310,Batik Air,Jakarta,HLP,WIHH,19:25,11:25,20:13,48min late,20:43,28min late,1h 30m,Landed
2026-05-02,QG699,CTV699,Citilink,Surabaya,SUB,WARR,19:25,11:25,19:25,on time,19:15,24min early,50m,Landed
2026-05-02,TR283,TGW283,Scoot,Singapore,SIN,WSSS,19:40,11:40,21:06,26min late,23:23,48min late,2h 16m,Landed
2026-05-02,AK379,AXM379,AirAsia,Kuala Lumpur,KUL,WMKK,19:45,11:45,20:40,55min late,23:34,44min late,2h 54m,Landed
2026-05-02,EK369,UAE369,Emirates,Dubai,DXB,OMDB,19:45,11:45,20:08,23min late,00:47,2min early,8h 38m,Landed
2026-05-02,GA421,GIA421,Garuda Indonesia,Jakarta,CGK,WIII,19:50,11:50,20:00,10min late,20:43,6min early,1h 42m,Landed
2026-05-02,IU133,SJV133,SW Italia,Semarang,SRG,WIIS,19:50,11:50,19:57,7min late,20:18,8min late,1h 20m,Landed
2026-05-02,8B969,TNU969,Business Air,Guangzhou,CAN,ZGGG,19:50,11:50,20:05,15min late,01:04,on time,4h 58m,Landed
2026-05-02,JT923,LNI923,Lion Air,Surabaya,SUB,WARR,19:55,11:55,19:55,on time,19:38,16min early,43m,Landed
2026-05-02,QG697,CTV697,Citilink,Surabaya,SUB,WARR,20:00,12:00,20:08,8min late,20:07,7min late,59m,Landed
2026-05-02,SQ945,SIA945,Singapore Airlines,Singapore,SIN,WSSS,20:00,12:00,20:25,25min late,22:33,6min early,2h 8m,Landed
2026-05-02,ID6415,BTK6415,Batik Air,Surabaya,SUB,WARR,20:30,12:30,20:33,3min late,06:21,51min late,10h 48m,Landed
2026-05-02,GA415,GIA415,Garuda Indonesia,Jakarta,CGK,WIII,20:40,12:40,21:04,24min late,21:39,on time,1h 34m,Landed
2026-05-02,QG195,,Citilink,Jakarta,HLP,WIHH,20:40,12:40,22:22,42min late,22:49,14min late,1h 27m,Landed
2026-05-02,TK67,THY067,Turkish Airlines,Istanbul,IST,LTFM,20:45,12:45,20:54,9min late,04:48,3min late,12h 53m,Landed
2026-05-02,KL836,KLM836,KLM Royal Dutch Airlines,Singapore,SIN,WSSS,20:45,12:45,17:39,5min early,23:30,5min late,5h 50m,Landed
2026-05-02,OD177,MXD177,Malindo Air,Melbourne,MEL,YMML,21:00,13:00,21:16,16min late,04:12,27min early,4h 55m,Landed
2026-05-02,QG667,CTV667,Citilink,Jakarta,CGK,WIII,21:10,13:10,21:19,9min late,22:00,9min early,1h 40m,Landed
2026-05-02,JT15,LNI015,Lion Air,Jakarta,CGK,WIII,21:15,13:15,21:30,15min late,21:58,11min early,1h 28m,Landed
2026-05-02,JQ34,JST034,Jetstar Airways,Melbourne,MEL,YMML,21:20,13:20,21:50,30min late,04:52,2min early,5h 1m,Landed
2026-05-02,JQ117,JST117,Jetstar Airways,Perth,PER,YPPH,21:30,13:30,21:59,29min late,01:24,4min late,3h 25m,Landed
2026-05-02,SJ273,,Sriwijaya Air,Jakarta,CGK,WIII,21:35,13:35,21:35,on time,22:15,,1h 40m,Landed
2026-05-02,GA425,GIA425,Garuda Indonesia,Jakarta,CGK,WIII,21:40,13:40,21:58,18min late,22:31,13min early,1h 33m,Landed
2026-05-02,SQ947,SIA947,Singapore Airlines,Singapore,SIN,WSSS,21:40,13:40,22:02,22min late,00:15,on time,2h 12m,Landed
2026-05-02,TK311,THY311,Turkish Airlines,Istanbul,IST,LTFM,21:45,13:45,21:49,4min late,05:36,8min early,12h 47m,Landed
2026-05-02,OD157,MXD157,Malindo Air,Brisbane,BNE,YBBN,22:00,14:00,22:18,18min late,05:28,21min early,5h 10m,Landed
2026-05-02,GA718,GIA718,Garuda Indonesia,Melbourne,MEL,YMML,22:05,14:05,22:13,8min late,05:08,21min early,4h 54m,Landed
2026-05-02,OD171,MXD171,Malindo Air,Sydney,SYD,YSSY,22:15,14:15,23:08,53min late,06:37,32min late,5h 29m,Landed
2026-05-02,AK375,AXM375,AirAsia,Kuala Lumpur,KUL,WMKK,22:15,14:15,22:47,32min late,01:35,15min late,2h 47m,Landed
2026-05-02,QF44,QFA044,Qantas,Sydney,SYD,YSSY,22:20,14:20,22:29,9min late,06:04,5min early,5h 34m,Landed
2026-05-02,JQ38,JST038,Jetstar Airways,Sydney,SYD,YSSY,22:35,14:35,22:37,2min late,06:17,12min early,5h 40m,Landed
2026-05-02,7C5304,JJA5304,Jeju Air,Seoul,ICN,RKSI,22:45,14:45,23:01,16min late,06:41,33min early,6h 40m,Landed
2026-05-02,QF46,QFA046,Qantas,Melbourne,MEL,YMML,23:05,15:05,23:28,23min late,06:13,26min early,4h 44m,Landed
2026-05-02,8B5109,TNU5109,TransNusa,Jakarta,CGK,WIII,23:10,15:10,23:05,4min early,23:33,16min early,1h 27m,Landed
2026-05-02,JQ36,JST036,Jetstar Airways,Melbourne,MEL,YMML,23:25,15:25,23:44,19min late,06:43,16min early,4h 58m,Landed
2026-05-02,VA68,VOZ068,Virgin Australia,Sydney,SYD,YSSY,23:35,15:35,23:52,17min late,06:57,38min early,5h 4m,Landed
2026-05-02,KE432,KAL432,Korean Air Lines,Seoul,ICN,RKSI,23:45,15:45,00:03,18min late,07:29,25min early,6h 26m,Landed
2026-05-02,JQ94,JST094,Jetstar Airways,Gold Coast,OOL,YBCG,23:45,15:45,23:49,4min late,06:54,20min early,5h 5m,Landed
2026-05-02,JQ89,JST089,Jetstar Airways,Newcastle,NTL,YWLM,23:50,15:50,00:08,18min late,07:06,33min early,4h 58m,Landed
2026-05-03,BX602,ABL602,Air Busan,Busan,PUS,RKPK,00:05,16:05,00:19,14min late,10:30,30min late,9h 11m,Landed
2026-05-03,TW158,TWB158,T'Way Air,Cheongju,CJJ,RKTU,00:15,16:15,01:09,54min late,12:40,5min late,10h 31m,Landed
2026-05-03,8B84,TNU084,TransNusa,Perth,PER,YPPH,00:20,16:20,00:30,10min late,03:52,12min early,3h 21m,Landed
2026-05-03,GA880,GIA880,Garuda Indonesia,Tokyo,NRT,RJAA,00:20,16:20,00:30,10min late,08:14,35min early,6h 44m,Landed
2026-05-03,MF892,CXA892,Xiamen Airlines,Xiamen,XMN,ZSAM,00:30,16:30,00:46,16min late,06:04,on time,5h 18m,Landed
2026-05-03,QR961,QTR961,Qatar Airways,Doha,DOH,OTHH,00:35,16:35,00:41,6min late,05:00,39min early,9h 18m,Landed
2026-05-03,EK399,UAE399,Emirates,Dubai,DXB,OMDB,00:35,16:35,00:40,5min late,05:22,12min early,8h 41m,Landed
2026-05-03,CZ626,CSN626,China Southern Airlines,Guangzhou,CAN,ZGGG,00:40,16:40,00:54,14min late,12:55,0min late,12h 1m,Landed
2026-05-03,PR538,PAL538,Philippine Airlines,Manila,MNL,RPLL,00:55,16:55,01:07,12min late,04:33,26min early,3h 26m,Landed
2026-05-03,MU5030,CES5030,China Eastern Airlines,Shanghai,PVG,ZSPD,00:55,16:55,01:17,22min late,07:25,34min early,6h 8m,Landed
2026-05-03,GA652,GIA652,Garuda Indonesia,Timika,TIM,WABP,01:05,17:05,01:19,14min late,14:21,36min late,12h 2m,Landed
2026-05-03,KE434,KAL434,Korean Air Lines,Seoul,ICN,RKSI,01:10,17:10,01:31,21min late,08:44,40min early,6h 13m,Landed
2026-05-03,QZ550,AWQ550,Indonesia AirAsia,Kuala Lumpur,KUL,WMKK,07:00,23:00,07:27,27min late,10:06,1min late,2h 39m,Landed
2026-05-03,JT746,LNI746,Lion Air,Makassar,UPG,WAAA,07:00,23:00,07:30,30min late,08:24,on time,54m,Landed
2026-05-03,IU705,SJV705,SW Italia,Surabaya,SUB,WARR,07:00,23:00,07:07,7min late,06:50,9min early,43m,Landed
2026-05-03,GA401,GIA401,Garuda Indonesia,Jakarta,CGK,WIII,07:00,23:00,07:34,34min late,07:59,on time,1h 25m,Landed
2026-05-03,JQ82,JST082,Jetstar Airways,Darwin,DRW,YPDN,07:00,23:00,07:12,12min late,10:53,21min early,2h 10m,Landed
2026-05-03,QZ807,AWQ807,Indonesia AirAsia,Jakarta,CGK,WIII,07:00,23:00,07:15,15min late,07:42,17min early,1h 27m,Landed
2026-05-03,QZ534,AWQ534,Indonesia AirAsia,Perth,PER,YPPH,07:05,23:05,07:19,14min late,10:51,8min early,3h 31m,Landed
2026-05-03,QZ644,AWQ644,Indonesia AirAsia,Labuan Bajo,LBJ,WATO,07:10,23:10,07:24,14min late,08:15,on time,51m,Landed
2026-05-03,SQ949,SIA949,Singapore Airlines,Singapore,SIN,WSSS,07:15,23:15,07:40,25min late,09:50,9min early,2h 9m,Landed
2026-05-03,8B5250,TNU5250,TransNusa,Lombok,LOP,WADL,07:15,23:15,07:44,29min late,08:01,6min late,16m,Landed
2026-05-03,8B551,,Business Air,Singapore,SIN,WSSS,07:30,23:30,07:30,on time,09:55,,2h 25m,Landed
2026-05-03,ID6333,BTK6333,Batik Air,Labuan Bajo,LBJ,WATO,07:55,23:55,08:16,21min late,09:08,1min early,52m,Landed
2026-05-03,JT21,LNI021,Lion Air,Jakarta,CGK,WIII,08:05,00:05,08:46,41min late,09:15,15min late,1h 29m,Landed
2026-05-03,HX706,CRK706,Hong Kong Airlines,Hong Kong,HKG,VHHH,08:05,00:05,08:37,32min late,12:54,25min early,4h 17m,Landed
2026-05-03,IW1858,WON1858,Wings Air,Lombok,LOP,WADL,08:05,00:05,08:32,27min late,09:02,7min late,29m,Landed
2026-05-03,AI2146,AIC2146,Air India,Delhi,DEL,VIDP,08:25,00:25,08:51,26min late,14:00,10min late,7h 38m,Landed
2026-05-03,5J280,CEB280,CEBU Pacific Air,Manila,MNL,RPLL,08:35,00:35,08:58,23min late,12:27,27min early,3h 29m,Landed
2026-05-03,CZ8482,CSN8482,China Southern Airlines,Guangzhou,CAN,ZGGG,08:40,00:40,09:06,26min late,19:23,33min late,10h 17m,Landed
2026-05-03,IW1854,WON1854,Wings Air,Lombok,LOP,WADL,08:45,00:45,08:54,9min late,09:19,15min early,25m,Landed
2026-05-03,IW1882,WON1882,Wings Air,Sumbawa Besar,SWQ,WADS,08:55,00:55,09:00,5min late,09:42,17min early,42m,Landed
2026-05-03,QG500,CTV500,Citilink,Dili,DIL,WPDL,09:00,01:00,09:19,19min late,12:08,3min late,1h 48m,Landed
2026-05-03,QG691,CTV691,Citilink,Surabaya,SUB,WARR,09:05,01:05,08:59,5min early,08:48,26min early,49m,Landed
2026-05-03,IN640,LKN640,Nam Air,Tambolaka,TMC,WADT,09:10,01:10,09:29,19min late,10:14,4min late,44m,Landed
2026-05-03,ID6324,BTK6324,Batik Air,Tambolaka,TMC,WADT,09:10,01:10,09:35,25min late,10:21,3min early,46m,Landed
2026-05-03,8B5105,TNU5105,TransNusa,Jakarta,CGK,WIII,09:15,01:15,09:18,3min late,09:49,10min early,1h 30m,Landed
2026-05-03,IW1848,WON1848,Wings Air,Lombok,LOP,WADL,09:25,01:25,09:53,28min late,10:16,1min late,22m,Landed
2026-05-03,8B5634,TNU5634,TransNusa,Bima,BMU,WADB,09:35,01:35,10:04,29min late,10:49,14min late,45m,Landed
2026-05-03,8B80,TNU080,TransNusa,Perth,PER,YPPH,09:40,01:40,09:42,2min late,13:11,13min early,3h 28m,Landed
2026-05-03,QG197,CTV197,Citilink,Jakarta,HLP,WIHH,09:45,01:45,09:51,6min late,10:22,17min early,1h 31m,Landed
2026-05-03,ID8333,BTK8333,Batik Air,Labuan Bajo,LBJ,WATO,10:00,02:00,11:54,54min late,12:44,34min late,49m,Landed
2026-05-03,IU137,SJV137,SW Italia,Kupang,KOE,WATT,10:00,02:00,10:14,14min late,11:37,8min early,1h 22m,Landed
2026-05-03,IU122,SJV122,SW Italia,Yogyakarta,YIA,WAHI,10:00,02:00,15:00,0min late,15:13,43min late,1h 13m,Landed
2026-05-03,SQ935,SIA935,Singapore Airlines,Singapore,SIN,WSSS,10:05,02:05,10:18,13min late,12:44,on time,2h 25m,Landed
2026-05-03,SU297,AFL297,Aeroflot,Moscow,SVO,UUEE,10:05,02:05,10:22,17min late,18:02,12min early,12h 40m,Landed
2026-05-03,QZ803,AWQ803,Indonesia AirAsia,Jakarta,CGK,WIII,10:15,02:15,10:54,39min late,11:27,22min late,1h 33m,Landed
2026-05-03,8B5101,TNU5101,TransNusa,Jakarta,CGK,WIII,10:25,02:25,11:21,56min late,11:53,38min late,1h 32m,Landed
2026-05-03,JT805,LNI805,Lion Air,Surabaya,SUB,WARR,10:35,02:35,10:43,8min late,10:25,9min early,42m,Landed
2026-05-03,JT31,LNI031,Lion Air,Jakarta,CGK,WIII,11:05,03:05,11:07,2min late,11:38,21min early,1h 30m,Landed
2026-05-03,IW1856,WON1856,Wings Air,Lombok,LOP,WADL,11:10,03:10,11:31,21min late,11:53,6min early,22m,Landed
2026-05-03,TR281,TGW281,Scoot,Singapore,SIN,WSSS,11:15,03:15,11:41,26min late,13:51,18min early,2h 10m,Landed
2026-05-03,JQ126,JST126,Jetstar Airways,Adelaide,ADL,YPAD,11:15,03:15,11:36,21min late,17:19,10min early,4h 13m,Landed
2026-05-03,6E1606,IGO1606,IndiGo,Bangalore,BLR,VOBL,11:20,03:20,11:16,3min early,14:46,23min early,6h 0m,Landed
2026-05-03,QZ646,AWQ646,Indonesia AirAsia,Labuan Bajo,LBJ,WATO,11:25,03:25,11:26,1min late,12:19,20min early,52m,Landed
2026-05-03,IW1964,WON1964,Wings Air,Lombok,LOP,WADL,11:40,03:40,12:11,31min late,12:36,6min late,24m,Landed
2026-05-03,AK371,AXM371,AirAsia,Kuala Lumpur,KUL,WMKK,11:40,03:40,11:59,19min late,14:42,2min early,2h 43m,Landed
2026-05-03,JQ109,JST109,Jetstar Airways,Perth,PER,YPPH,11:40,03:40,11:43,3min late,15:12,12min early,3h 28m,Landed
2026-05-03,ID6331,BTK6331,Batik Air,Labuan Bajo,LBJ,WATO,11:45,03:45,13:37,52min late,14:32,32min late,55m,Landed
2026-05-03,IW1850,WON1850,Wings Air,Lombok,LOP,WADL,11:50,03:50,12:08,18min late,12:30,9min early,22m,Landed
2026-05-03,OD192,MXD192,Malindo Air,Kuala Lumpur,KUL,WMKK,11:55,03:55,11:48,6min early,14:25,39min early,2h 37m,Landed
2026-05-03,GA407,GIA407,Garuda Indonesia,Jakarta,CGK,WIII,11:55,03:55,09:40,14min early,12:37,17min early,3h 57m,Landed
2026-05-03,QZ544,AWQ544,Indonesia AirAsia,Perth,PER,YPPH,12:00,04:00,12:16,16min late,15:36,13min early,3h 19m,Landed
2026-05-03,JQ32,JST032,Jetstar Airways,Melbourne,MEL,YMML,12:05,04:05,12:42,37min late,19:39,on time,4h 57m,Landed
2026-05-03,GA253,GIA253,Garuda Indonesia,Yogyakarta,YIA,WAHI,12:05,04:05,12:18,13min late,12:32,22min early,1h 13m,Landed
2026-05-03,SQ937,SIA937,Singapore Airlines,Singapore,SIN,WSSS,12:10,04:10,12:21,11min late,14:43,12min early,2h 21m,Landed
2026-05-03,SJ742,,Sriwijaya Air,Tambolaka,TMC,WADT,12:10,04:10,12:10,,13:10,,1h 0m,Landed
2026-05-03,JQ40,JST040,Jetstar Airways,Sydney,SYD,YSSY,12:20,04:20,12:25,5min late,19:29,45min early,5h 4m,Landed
2026-05-03,OD178,MXD178,Malindo Air,Kuala Lumpur,KUL,WMKK,12:25,04:25,12:37,12min late,15:13,21min early,2h 36m,Landed
2026-05-03,8B5254,,TransNusa,Lombok,LOP,WADL,12:40,04:40,12:40,,13:20,,40m,Landed
2026-05-03,IP103,PAS103,Pelita Air Service,Jakarta,CGK,WIII,12:45,04:45,12:46,1min late,13:18,21min early,1h 31m,Landed
2026-05-03,OD158,MXD158,Malindo Air,Kuala Lumpur,KUL,WMKK,12:45,04:45,12:53,8min late,15:32,22min early,2h 38m,Landed
2026-05-03,ID6509,BTK6509,Batik Air,Jakarta,CGK,WIII,13:00,05:00,13:51,51min late,14:22,27min late,1h 30m,Landed
2026-05-03,AK365,AXM365,AirAsia,Kuala Lumpur,KUL,WMKK,13:00,05:00,13:02,2min late,15:46,18min early,2h 43m,Landed
2026-05-03,OD307,MXD307,Malindo Air,Kuala Lumpur,KUL,WMKK,13:00,05:00,14:37,37min late,17:38,38min late,3h 1m,Landed
2026-05-03,MH714,MAS714,Malaysia Airlines,Kuala Lumpur,KUL,WMKK,13:05,05:05,13:10,5min late,16:07,7min late,2h 56m,Landed
2026-05-03,OD172,MXD172,Malindo Air,Kuala Lumpur,KUL,WMKK,13:10,05:10,13:57,47min late,16:28,8min late,2h 31m,Landed
2026-05-03,JT35,LNI035,Lion Air,Jakarta,CGK,WIII,13:15,05:15,14:17,2min late,14:56,46min late,1h 38m,Landed
2026-05-03,SQ939,SIA939,Singapore Airlines,Singapore,SIN,WSSS,13:15,05:15,13:21,6min late,15:40,20min early,2h 18m,Landed
2026-05-03,JQ58,JST058,Jetstar Airways,Brisbane,BNE,YBBN,13:15,05:15,13:59,44min late,20:58,3min late,4h 59m,Landed
2026-05-03,GA409,GIA409,Garuda Indonesia,Jakarta,CGK,WIII,13:25,05:25,13:40,15min late,14:18,6min early,1h 38m,Landed
2026-05-03,8G182,DTL182,Mid Africa Aviation,Dili,DIL,WPDL,13:25,05:25,13:44,19min late,16:17,2min early,1h 33m,Landed
2026-05-03,SL259,TLM259,Thai Lion Air,Bangkok,DMK,VTBD,13:25,05:25,13:33,8min late,16:23,26min early,3h 50m,Landed
2026-05-03,JT660,LNI660,Lion Air,Balikpapan,BPN,WALL,13:30,05:30,13:47,17min late,15:05,9min early,1h 18m,Landed
2026-05-03,QG687,CTV687,Citilink,Jakarta,CGK,WIII,13:45,05:45,13:54,9min late,14:27,12min early,1h 33m,Landed
2026-05-03,ID8331,BTK8331,Batik Air,Labuan Bajo,LBJ,WATO,13:45,05:45,15:52,7min late,16:44,49min late,51m,Landed
2026-05-03,8B5107,TNU5107,TransNusa,Jakarta,CGK,WIII,13:50,05:50,18:34,44min late,19:12,32min late,1h 38m,Landed
2026-05-03,JT919,LNI919,Lion Air,Surabaya,SUB,WARR,13:55,05:55,14:05,10min late,13:46,8min early,41m,Landed
2026-05-03,TR289,TGW289,Scoot,Singapore,SIN,WSSS,14:05,06:05,14:13,8min late,16:28,26min early,2h 15m,Landed
2026-05-03,VJ894,VJC894,VietJet Air,Ho Chi Minh City,SGN,VVTS,14:05,06:05,14:09,4min late,16:26,28min early,3h 17m,Landed
2026-05-03,ID6517,BTK6517,Batik Air,Jakarta,CGK,WIII,14:15,06:15,14:30,15min late,15:01,8min early,1h 31m,Landed
2026-05-03,IU130,SJV130,SW Italia,Semarang,SRG,WIIS,14:15,06:15,13:29,45min early,15:25,50min late,2h 56m,Landed
2026-05-03,ID7308,BTK7308,Batik Air,Jakarta,HLP,WIHH,14:20,06:20,14:34,14min late,15:03,6min early,1h 29m,Landed
2026-05-03,GA653,GIA653,Garuda Indonesia,Jakarta,CGK,WIII,14:30,06:30,14:44,14min late,15:22,7min early,1h 38m,Landed
2026-05-03,QZ556,AWQ556,Indonesia AirAsia,Kuala Lumpur,KUL,WMKK,14:30,06:30,14:54,24min late,17:44,4min late,2h 49m,Landed
2026-05-03,AI2148,AIC2148,Air India,Bhubaneswar,BBI,VEBS,14:35,06:35,14:40,5min late,18:09,5min early,5h 58m,Landed
2026-05-03,QG681,CTV681,Citilink,Jakarta,CGK,WIII,14:45,06:45,15:08,23min late,06:31,36min late,16h 22m,Landed
2026-05-03,JT33,LNI033,Lion Air,Jakarta,CGK,WIII,14:45,06:45,15:05,20min late,15:49,9min late,1h 43m,Landed
2026-05-03,JQ88,JST088,Jetstar Airways,Singapore,SIN,WSSS,14:55,06:55,15:15,20min late,18:00,on time,2h 44m,Landed
2026-05-03,IU128,SJV128,SW Italia,Surakarta,SOC,WAHQ,15:00,07:00,15:46,46min late,15:42,22min late,56m,Landed
2026-05-03,QG342,CTV342,Citilink,Makassar,UPG,WAAA,15:00,07:00,15:03,3min late,16:10,19min early,1h 7m,Landed
2026-05-03,JT844,LNI844,Lion Air,Banjarmasin,BDJ,WAOO,15:00,07:00,15:14,14min late,16:23,6min early,1h 8m,Landed
2026-05-03,JQ107,JST107,Jetstar Airways,Perth,PER,YPPH,15:00,07:00,15:18,18min late,18:31,18min early,3h 12m,Landed
2026-05-03,IU120,SJV120,SW Italia,Yogyakarta,YIA,WAHI,15:00,07:00,15:23,23min late,15:35,5min late,1h 11m,Landed
2026-05-03,QZ480,AWQ480,Indonesia AirAsia,Da Nang,DAD,VVDN,15:05,07:05,15:20,15min late,18:18,16min early,3h 57m,Landed
2026-05-03,JQ44,JST044,Jetstar Airways,Melbourne,MEL,YMML,15:10,07:10,15:35,25min late,22:28,16min early,4h 52m,Landed
2026-05-03,GA842,GIA842,Garuda Indonesia,Singapore,SIN,WSSS,15:15,07:15,15:31,16min late,18:01,8min early,2h 29m,Landed
2026-05-03,VA50,VOZ050,Virgin Australia,Brisbane,BNE,YBBN,15:15,07:15,15:33,18min late,22:35,29min early,5h 1m,Landed
2026-05-03,8B82,TNU082,Business Air,Perth,PER,YPPH,15:20,07:20,15:44,24min late,19:08,1min early,3h 24m,Landed
2026-05-03,AK377,AXM377,AirAsia,Kuala Lumpur,KUL,WMKK,15:25,07:25,15:41,16min late,18:27,2min early,2h 45m,Landed
2026-05-03,QG669,CTV669,Citilink,Surabaya,SUB,WARR,15:30,07:30,15:29,on time,15:22,17min early,52m,Landed
2026-05-03,JT740,LNI740,Lion Air,Makassar,UPG,WAAA,15:30,07:30,15:49,19min late,07:39,44min late,15h 50m,Landed
2026-05-03,IP109,PAS109,Pelita Air Service,Jakarta,CGK,WIII,15:35,07:35,15:39,4min late,16:12,12min early,1h 32m,Landed
2026-05-03,SJ717,,Sriwijaya Air,Makassar,UPG,WAAA,15:40,07:40,15:40,,17:00,,1h 20m,Landed
2026-05-03,GA411,GIA411,Garuda Indonesia,Jakarta,CGK,WIII,15:45,07:45,16:00,15min late,16:32,13min early,1h 31m,Landed
2026-05-03,VA92,VOZ092,Virgin Australia,Melbourne,MEL,YMML,15:50,07:50,16:26,36min late,23:21,3min early,4h 55m,Landed
2026-05-03,CI772,CAL772,China Airlines,Taipei,TPE,RCTP,15:55,07:55,16:10,15min late,21:04,15min early,4h 53m,Landed
2026-05-03,8B5256,TNU5256,TransNusa,Lombok,LOP,WADL,15:55,07:55,15:56,1min late,16:14,35min early,17m,Landed
2026-05-03,QG9661,CTV9661,Citilink,Jakarta,CGK,WIII,16:00,08:00,15:37,22min early,21:31,36min late,6h 53m,Landed
2026-05-03,VN640,HVN640,Vietnam Airlines,Ho Chi Minh City,SGN,VVTS,16:00,08:00,16:04,4min late,18:17,22min early,3h 12m,Landed
2026-05-03,QZ246,AWQ246,Indonesia AirAsia,Phuket,HKT,VTSP,16:10,08:10,16:16,6min late,18:42,27min early,3h 26m,Landed
2026-05-03,CX784,CPA784,Cathay Pacific,Hong Kong,HKG,VHHH,16:15,08:15,16:31,16min late,20:57,27min early,4h 26m,Landed
2026-05-03,MH850,MAS850,Malaysia Airlines,Kuala Lumpur,KUL,WMKK,16:25,08:25,16:39,14min late,19:23,11min early,2h 43m,Landed
2026-05-03,IW1852,WON1852,Wings Air,Lombok,LOP,WADL,16:30,08:30,16:50,20min late,17:17,2min early,27m,Landed
2026-05-03,BR256,EVA256,EVA Airways,Taipei,TPE,RCTP,16:30,08:30,16:47,17min late,21:32,27min early,4h 44m,Landed
2026-05-03,IU703,SJV703,SW Italia,Surabaya,SUB,WARR,16:40,08:40,18:48,8min late,06:45,5min late,12h 56m,Landed
2026-05-03,JT744,,Lion Air,Makassar,UPG,WAAA,16:40,08:40,16:40,,17:43,21min early,1h 3m,Landed
2026-05-03,AK369,AXM369,AirAsia,Kuala Lumpur,KUL,WMKK,16:40,08:40,16:54,14min late,19:38,6min early,2h 44m,Landed
2026-05-03,HO1356,DKH1356,Juneyao Airlines,Shanghai,PVG,ZSPD,16:50,08:50,17:13,23min late,23:10,24min early,5h 56m,Landed
2026-05-03,TG432,THA432,Thai Airways International,Bangkok,BKK,VTBS,16:55,08:55,17:15,20min late,19:57,7min early,3h 42m,Landed
2026-05-03,GA349,GIA349,Garuda Indonesia,Surabaya,SUB,WARR,16:55,08:55,17:19,24min late,17:03,6min early,44m,Landed
2026-05-03,IU273,SJV273,SW Italia,Pontianak,PNK,WIOO,17:00,09:00,17:45,45min late,18:16,11min late,1h 31m,Landed
2026-05-03,ID6335,BTK6335,Batik Air,Labuan Bajo,LBJ,WATO,17:00,09:00,17:28,28min late,18:16,1min late,48m,Landed
2026-05-03,GA419,GIA419,Garuda Indonesia,Jakarta,CGK,WIII,17:25,09:25,17:32,7min late,18:04,20min early,1h 31m,Landed
2026-05-03,VJ998,VJC998,VietJet Air,Hanoi,HAN,VVNB,17:30,09:30,17:50,20min late,23:52,7min late,7h 2m,Landed
2026-05-03,TR243,TGW243,Scoot,Singapore,SIN,WSSS,17:35,09:35,18:09,34min late,20:31,6min late,2h 21m,Landed
2026-05-03,IP107,PAS107,Pelita Air Service,Jakarta,CGK,WIII,17:40,09:40,17:35,4min early,18:10,19min early,1h 34m,Landed
2026-05-03,IU759,SJV759,SW Italia,Jakarta,CGK,WIII,17:40,09:40,18:23,43min late,18:55,20min late,1h 32m,Landed
2026-05-03,NZ291,ANZ291,Air New Zealand,Auckland,AKL,NZAA,17:50,09:50,17:59,9min late,04:59,30min early,7h 0m,Landed
2026-05-03,QZ821,AWQ821,Indonesia AirAsia,Jakarta,CGK,WIII,18:00,10:00,18:28,28min late,19:10,20min late,1h 42m,Landed
2026-05-03,6E1608,IGO1608,IndiGo,Chennai,MAA,VOMM,18:00,10:00,18:17,17min late,21:34,on time,5h 47m,Landed
2026-05-03,IU126,SJV126,SW Italia,Surakarta,SOC,WAHQ,18:10,10:10,19:20,10min late,19:21,51min late,1h 1m,Landed
2026-05-03,OD193,MXD193,Malindo Air,Perth,PER,YPPH,18:10,10:10,19:06,56min late,22:30,45min late,3h 23m,Landed
2026-05-03,ID6552,BTK6552,Batik Air,Kupang,KOE,WATT,18:25,10:25,18:41,16min late,20:01,13min early,1h 19m,Landed
2026-05-03,IN281,LKN281,NAM Air,Jakarta,CGK,WIII,18:30,10:30,19:11,41min late,19:54,44min late,1h 42m,Landed
2026-05-03,GA417,GIA417,Garuda Indonesia,Jakarta,CGK,WIII,18:30,10:30,18:54,24min late,19:32,2min late,1h 38m,Landed
2026-05-03,QR963,QTR963,Qatar Airways,Doha,DOH,OTHH,18:35,10:35,18:46,11min late,23:00,39min early,9h 13m,Landed
2026-05-03,EY477,ETD477,Etihad Airways,Abu Dhabi,AUH,OMAA,18:45,10:45,18:55,10min late,23:35,5min early,8h 39m,Landed
2026-05-03,CX782,CPA782,Cathay Pacific,Hong Kong,HKG,VHHH,18:50,10:50,19:02,12min late,23:37,27min early,4h 34m,Landed
2026-05-03,8B5258,TNU5258,TransNusa,Lombok,LOP,WADL,18:55,10:55,18:30,24min early,18:49,45min early,18m,Landed
2026-05-03,QG689,CTV689,Citilink,Jakarta,CGK,WIII,18:55,10:55,19:13,18min late,20:07,12min late,1h 54m,Landed
2026-05-03,TG440,THA440,Thai Airways International,Bangkok,BKK,VTBS,19:00,11:00,19:18,18min late,22:16,6min late,3h 58m,Landed
2026-05-03,6E1612,IGO1612,IndiGo,Bhubaneswar,BBI,VEBS,19:10,11:10,19:15,5min late,22:32,17min early,5h 47m,Landed
2026-05-03,QG195,CTV195,Citilink,Jakarta,HLP,WIHH,19:15,11:15,19:24,9min late,19:59,10min early,1h 35m,Landed
2026-05-03,MH852,MAS852,Malaysia Airlines,Kuala Lumpur,KUL,WMKK,19:20,11:20,19:25,5min late,22:16,3min early,2h 51m,Landed
2026-05-03,ID7310,BTK7310,Batik Air,Jakarta,HLP,WIHH,19:25,11:25,19:52,27min late,20:16,1min late,1h 24m,Landed
2026-05-03,QG699,CTV699,Citilink,Surabaya,SUB,WARR,19:25,11:25,19:35,10min late,19:22,17min early,47m,Landed
2026-05-03,TR283,TGW283,Scoot,Singapore,SIN,WSSS,19:40,11:40,19:56,16min late,22:13,22min early,2h 16m,Landed
2026-05-03,EK369,UAE369,Emirates,Dubai,DXB,OMDB,19:45,11:45,20:08,23min late,00:48,1min early,8h 40m,Landed
2026-05-03,AK379,AXM379,AirAsia,Kuala Lumpur,KUL,WMKK,19:45,11:45,20:29,44min late,23:16,26min late,2h 47m,Landed
2026-05-03,8B969,TNU969,TransNusa,Guangzhou,CAN,ZGGG,19:50,11:50,20:24,34min late,01:15,10min late,4h 51m,Landed
2026-05-03,GA421,GIA421,Garuda Indonesia,Jakarta,CGK,WIII,19:50,11:50,20:20,30min late,20:56,6min late,1h 35m,Landed
2026-05-03,IU133,SJV133,SW Italia,Semarang,SRG,WIIS,19:50,11:50,20:13,23min late,20:12,2min late,58m,Landed
2026-05-03,JT923,LNI923,Lion Air,Surabaya,SUB,WARR,19:55,11:55,20:16,21min late,19:57,2min late,41m,Landed
2026-05-03,QG697,CTV697,Citilink,Surabaya,SUB,WARR,20:00,12:00,20:16,16min late,20:12,12min late,56m,Landed
2026-05-03,SQ945,SIA945,Singapore Airlines,Singapore,SIN,WSSS,20:00,12:00,16:54,5min early,22:43,3min late,5h 48m,Landed
2026-05-03,QG9665,CTV9665,Citilink,Jakarta,CGK,WIII,20:20,12:20,20:25,5min late,21:18,1min early,1h 52m,Landed
2026-05-03,ID6415,BTK6415,Batik Air,Surabaya,SUB,WARR,20:30,12:30,20:36,6min late,05:27,57min late,9h 51m,Landed
2026-05-03,GA415,GIA415,Garuda Indonesia,Jakarta,CGK,WIII,20:40,12:40,21:31,51min late,22:07,27min late,1h 36m,Landed
2026-05-03,TK67,THY067,Turkish Airlines,Istanbul,IST,LTFM,20:45,12:45,20:59,14min late,04:46,1min late,12h 47m,Landed
2026-05-03,KL836,KLM836,KLM Royal Dutch Airlines,Singapore,SIN,WSSS,20:45,12:45,17:10,34min early,23:05,19min early,5h 54m,Landed
2026-05-03,IP105,,Pelita Air Service,Jakarta,CGK,WIII,20:50,12:50,20:50,on time,21:40,,1h 50m,Landed
2026-05-03,OD177,MXD177,Malindo Air,Melbourne,MEL,YMML,21:00,13:00,21:13,13min late,04:14,25min early,5h 0m,Landed
2026-05-03,QG667,CTV667,Citilink,Jakarta,CGK,WIII,21:10,13:10,21:11,1min late,21:49,20min early,1h 37m,Landed
2026-05-03,JT15,LNI015,Lion Air,Jakarta,CGK,WIII,21:15,13:15,21:48,33min late,22:17,12min early,1h 28m,Landed
2026-05-03,QZ410,AWQ410,Indonesia AirAsia,Melbourne,MEL,YMML,21:15,13:15,21:25,10min late,04:19,40min early,4h 54m,Landed
2026-05-03,JQ34,JST034,Jetstar Airways,Melbourne,MEL,YMML,21:20,13:20,21:18,1min early,04:19,35min early,5h 0m,Landed
2026-05-03,JQ117,JST117,Jetstar Airways,Perth,PER,YPPH,21:30,13:30,21:36,6min late,00:53,26min early,3h 16m,Landed
2026-05-03,ID6760,BTK6760,Batik Air,Makassar,UPG,WAAA,21:30,13:30,21:42,12min late,22:43,11min early,1h 0m,Landed
2026-05-03,SJ273,SJY273,Sriwijaya Air,Jakarta,CGK,WIII,21:35,13:35,23:01,26min late,23:41,26min late,1h 40m,Landed
2026-05-03,SQ947,SIA947,Singapore Airlines,Singapore,SIN,WSSS,21:40,13:40,21:52,12min late,23:59,15min early,2h 6m,Landed
2026-05-03,OD157,MXD157,Malindo Air,Brisbane,BNE,YBBN,22:00,14:00,23:07,7min late,06:09,19min late,5h 1m,Landed
2026-05-03,GA718,GIA718,Garuda Indonesia,Melbourne,MEL,YMML,22:05,14:05,22:18,13min late,05:22,7min early,5h 4m,Landed
2026-05-03,JQ60,JST060,Jetstar Airways,Brisbane,BNE,YBBN,22:10,14:10,22:40,30min late,05:30,14min early,4h 50m,Landed
2026-05-03,OD171,MXD171,Malindo Air,Sydney,SYD,YSSY,22:15,14:15,22:48,33min late,06:11,6min late,5h 23m,Landed
2026-05-03,AK375,AXM375,AirAsia,Kuala Lumpur,KUL,WMKK,22:15,14:15,00:00,45min late,02:36,16min late,2h 36m,Landed
2026-05-03,QF44,QFA044,Qantas,Sydney,SYD,YSSY,22:20,14:20,22:50,30min late,06:02,7min early,5h 11m,Landed
2026-05-03,JQ38,JST038,Jetstar Airways,Sydney,SYD,YSSY,22:35,14:35,23:16,41min late,06:21,8min early,5h 4m,Landed
2026-05-03,7C5304,JJA5304,Jeju Air,Seoul,ICN,RKSI,22:45,14:45,23:28,43min late,07:02,12min early,6h 34m,Landed
2026-05-03,JQ91,JST091,Jetstar Airways,Cairns,CNS,YBCS,23:00,15:00,23:12,12min late,05:13,16min early,4h 1m,Landed
2026-05-03,QF46,QFA046,Qantas,Melbourne,MEL,YMML,23:05,15:05,23:26,21min late,06:21,18min early,4h 55m,Landed
2026-05-03,VA96,VOZ096,Virgin Australia,Melbourne,MEL,YMML,23:05,15:05,00:12,7min late,07:14,34min late,5h 2m,Landed
2026-05-03,8B5109,TNU5109,TransNusa,Jakarta,CGK,WIII,23:10,15:10,00:37,27min late,01:09,19min late,1h 31m,Landed
2026-05-03,3U3986,CSC3986,Sichuan Airlines,Lujia Town,TFU,ZUTF,23:10,15:10,23:30,20min late,05:34,4min late,6h 4m,Landed
2026-05-03,VA82,VOZ082,Virgin Australia,Gold Coast,OOL,YBCG,23:20,15:20,00:04,44min late,07:02,7min late,4h 58m,Landed
2026-05-03,GA714,GIA714,Garuda Indonesia,Sydney,SYD,YSSY,23:25,15:25,20:24,0min early,06:55,14min early,8h 30m,Landed
2026-05-03,JQ50,JST050,Jetstar Airways,Melbourne,AVV,YMAV,23:25,15:25,23:41,16min late,06:38,21min early,4h 56m,Landed
2026-05-03,VA68,VOZ068,Virgin Australia,Sydney,SYD,YSSY,23:35,15:35,00:07,32min late,07:14,20min early,5h 7m,Landed
2026-05-03,KE432,KAL432,Korean Air Lines,Seoul,ICN,RKSI,23:45,15:45,23:52,7min late,07:12,42min early,6h 20m,Landed
2026-05-03,QZ420,AWQ420,Indonesia AirAsia,Adelaide,ADL,YPAD,23:45,15:45,00:15,30min late,06:29,4min late,4h 43m,Landed
2026-05-03,JQ87,JST087,Jetstar Airways,Sunshine Coast,MCY,YBSU,23:50,15:50,17:31,18min early,07:14,15min early,11h 42m,Landed
2026-05-03,JQ128,JST128,Jetstar Airways,Adelaide,ADL,YPAD,23:55,15:55,00:21,26min late,06:06,3min early,4h 14m,Landed
2026-05-04,BX602,ABL602,Air Busan,Busan,PUS,RKPK,00:05,16:05,00:37,32min late,11:13,18min late,9h 35m,Landed
2026-05-04,TW158,TWB158,T'Way Air,Cheongju,CJJ,RKTU,00:15,16:15,01:09,54min late,12:40,5min late,10h 31m,Landed
2026-05-04,GA880,GIA880,Garuda Indonesia,Tokyo,NRT,RJAA,00:20,16:20,00:29,9min late,08:04,45min early,6h 34m,Landed
2026-05-04,MF892,CXA892,Xiamen Airlines,Xiamen,XMN,ZSAM,00:30,16:30,00:27,2min early,05:40,24min early,5h 12m,Landed
2026-05-04,EK399,UAE399,Emirates,Dubai,DXB,OMDB,00:35,16:35,00:48,13min late,05:26,8min early,8h 38m,Landed
2026-05-04,QR961,,Qatar Airways,Doha,DOH,OTHH,00:35,16:35,20:33,58min late,00:45,5min late,9h 12m,Landed
2026-05-04,CZ626,CSN626,China Southern Airlines,Guangzhou,CAN,ZGGG,00:40,16:40,00:50,10min late,05:51,3min early,5h 0m,Landed
2026-05-04,PR538,PAL538,Philippine Airlines,Manila,MNL,RPLL,00:55,16:55,01:04,9min late,04:28,31min early,3h 23m,Landed
2026-05-04,MU5030,CES5030,China Eastern Airlines,Shanghai,PVG,ZSPD,00:55,16:55,01:25,30min late,07:39,20min early,6h 13m,Landed
2026-05-04,SJ726,,Sriwijaya Air,Makassar,UPG,WAAA,01:00,17:00,01:00,,02:20,,1h 20m,Landed
2026-05-04,5J282,CEB282,CEBU Pacific Air,Manila,MNL,RPLL,01:00,17:00,01:32,32min late,05:05,14min early,3h 32m,Landed
2026-05-04,GA652,GIA652,Garuda Indonesia,Timika,TIM,WABP,01:05,17:05,01:21,16min late,05:39,5min early,3h 18m,Landed
2026-05-04,KE434,KAL434,Korean Air Lines,Seoul,ICN,RKSI,01:10,17:10,01:43,33min late,09:02,22min early,6h 19m,Landed
2026-05-04,8B5888,TNU5888,Business Air,Manado,MDC,WAMM,01:30,17:30,01:46,16min late,03:55,4min early,2h 8m,Landed
2026-05-04,8B5888,TNU5888,TransNusa,Manado,MDC,WAMM,01:50,17:50,01:43,6min early,13:11,46min late,11h 28m,Landed
2026-05-04,GA401,GIA401,Garuda Indonesia,Jakarta,CGK,WIII,06:30,22:30,06:39,9min late,07:08,21min early,1h 29m,Landed
2026-05-04,JT746,LNI746,Lion Air,Makassar,UPG,WAAA,07:00,23:00,07:05,5min late,20:07,42min late,13h 2m,Landed
2026-05-04,JQ82,JST082,Jetstar Airways,Darwin,DRW,YPDN,07:00,23:00,07:13,13min late,10:56,18min early,2h 13m,Landed
2026-05-04,JT944,,Lion Air,Makassar,UPG,WAAA,07:00,23:00,08:20,20min late,09:21,1min late,1h 1m,Landed
2026-05-04,QZ807,AWQ807,Indonesia AirAsia,Jakarta,CGK,WIII,07:00,23:00,07:08,8min late,07:39,20min early,1h 30m,Landed
2026-05-04,IU705,SJV705,SW Italia,Surabaya,SUB,WARR,07:00,23:00,07:17,17min late,19:27,27min late,13h 9m,Landed
2026-05-04,QZ550,AWQ550,Indonesia AirAsia,Kuala Lumpur,KUL,WMKK,07:00,23:00,07:29,29min late,10:12,7min late,2h 43m,Landed
2026-05-04,QZ534,AWQ534,Indonesia AirAsia,Perth,PER,YPPH,07:05,23:05,07:21,16min late,10:58,1min early,3h 37m,Landed
2026-05-04,QZ644,AWQ644,Indonesia AirAsia,Labuan Bajo,LBJ,WATO,07:10,23:10,07:25,15min late,08:13,1min early,48m,Landed
2026-05-04,8B5250,TNU5250,TransNusa,Lombok,LOP,WADL,07:15,23:15,07:33,18min late,07:58,3min late,25m,Landed
2026-05-04,SQ949,SIA949,Singapore Airlines,Singapore,SIN,WSSS,07:15,23:15,07:36,21min late,09:49,10min early,2h 12m,Landed
2026-05-04,8B551,,Business Air,Singapore,SIN,WSSS,07:30,23:30,07:30,on time,09:55,,2h 25m,Landed
2026-05-04,ID6333,BTK6333,Batik Air,Labuan Bajo,LBJ,WATO,07:55,23:55,08:05,10min late,08:53,16min early,48m,Landed
2026-05-04,HX706,CRK706,Hong Kong Airlines,Hong Kong,HKG,VHHH,08:05,00:05,08:36,31min late,13:06,13min early,4h 29m,Landed
2026-05-04,JT21,LNI021,Lion Air,Jakarta,CGK,WIII,08:05,00:05,13:42,37min late,14:16,16min late,1h 34m,Landed
2026-05-04,IW1858,WON1858,Wings Air,Lombok,LOP,WADL,08:05,00:05,08:13,8min late,08:36,18min early,23m,Landed
2026-05-04,AI2146,AIC2146,Air India,Delhi,DEL,VIDP,08:25,00:25,08:29,4min late,13:30,19min early,7h 30m,Landed
2026-05-04,QZ803,AWQ803,Indonesia AirAsia,Jakarta,CGK,WIII,08:30,00:30,11:09,39min late,11:37,17min late,1h 28m,Landed
2026-05-04,5J280,CEB280,CEBU Pacific Air,Manila,MNL,RPLL,08:35,00:35,08:49,14min late,12:22,32min early,3h 33m,Landed
2026-05-04,CZ8482,CSN8482,China Southern Airlines,Guangzhou,CAN,ZGGG,08:40,00:40,08:42,2min late,13:25,24min early,4h 43m,Landed
2026-05-04,IW1882,WON1882,Wings Air,Sumbawa Besar,SWQ,WADS,08:55,00:55,09:28,33min late,10:10,10min late,41m,Landed
2026-05-04,IW3330,WON3330,Wings Air,,,,09:00,01:00,09:21,21min late,11:47,2min late,2h 25m,Landed
2026-05-04,QG500,CTV500,Citilink,Dili,DIL,WPDL,09:00,01:00,09:34,34min late,12:13,8min late,1h 38m,Landed
2026-05-04,QG691,CTV691,Citilink,Surabaya,SUB,WARR,09:05,01:05,09:24,19min late,14:05,50min late,5h 41m,Landed
2026-05-04,IN640,LKN640,Nam Air,Tambolaka,TMC,WADT,09:10,01:10,09:16,6min late,09:56,13min early,39m,Landed
2026-05-04,ID6324,BTK6324,Batik Air,Tambolaka,TMC,WADT,09:10,01:10,09:26,16min late,10:12,12min early,45m,Landed
2026-05-04,SJ740,,Sriwijaya Air,Waingapu,WGP,WADW,09:10,01:10,09:10,,10:30,,1h 20m,Landed
2026-05-04,8B5105,TNU5105,TransNusa,Jakarta,CGK,WIII,09:15,01:15,09:32,17min late,09:59,on time,1h 27m,Landed
2026-05-04,IW1848,WON1848,Wings Air,Lombok,LOP,WADL,09:25,01:25,10:11,46min late,10:34,19min late,23m,Landed
2026-05-04,ID6007,BTK6007,Batik Air,Perth,PER,YPPH,09:30,01:30,09:44,14min late,13:16,1min late,3h 32m,Landed
2026-05-04,8B5634,TNU5634,TransNusa,Bima,BMU,WADB,09:35,01:35,09:56,21min late,10:46,11min late,50m,Landed
2026-05-04,8B80,TNU080,TransNusa,Perth,PER,YPPH,09:40,01:40,09:38,1min early,13:10,14min early,3h 32m,Landed
2026-05-04,QG197,CTV197,Citilink,Jakarta,HLP,WIHH,09:45,01:45,09:48,3min late,10:38,1min early,1h 50m,Landed
2026-05-04,IU122,SJV122,SW Italia,Yogyakarta,YIA,WAHI,10:00,02:00,10:15,15min late,10:17,12min early,1h 2m,Landed
2026-05-04,IU137,SJV137,SW Italia,Kupang,KOE,WATT,10:00,02:00,10:16,16min late,11:42,2min early,1h 25m,Landed
2026-05-04,SQ935,SIA935,Singapore Airlines,Singapore,SIN,WSSS,10:05,02:05,10:20,15min late,12:36,9min early,2h 15m,Landed
2026-05-04,8B5101,TNU5101,TransNusa,Jakarta,CGK,WIII,10:25,02:25,10:31,6min late,11:01,13min early,1h 30m,Landed
2026-05-04,8G182,DTL182,Mid Africa Aviation,Dili,DIL,WPDL,10:35,02:35,10:58,23min late,13:36,6min late,1h 37m,Landed
2026-05-04,JT805,,Lion Air,Surabaya,SUB,WARR,10:35,02:35,10:38,3min late,10:29,5min early,51m,Landed
2026-05-04,JT31,LNI031,Lion Air,Jakarta,CGK,WIII,11:05,03:05,11:51,46min late,12:21,21min late,1h 29m,Landed
2026-05-04,JQ126,JST126,Jetstar Airways,Adelaide,ADL,YPAD,11:15,03:15,11:30,15min late,17:25,4min early,4h 24m,Landed
2026-05-04,TR281,TGW281,Scoot,Singapore,SIN,WSSS,11:15,03:15,11:43,28min late,13:53,17min early,2h 9m,Landed
2026-05-04,6E1606,IGO1606,IndiGo,Bangalore,BLR,VOBL,11:20,03:20,11:48,28min late,15:19,9min late,6h 1m,Landed
2026-05-04,QZ646,AWQ646,Indonesia AirAsia,Labuan Bajo,LBJ,WATO,11:25,03:25,11:38,13min late,12:30,9min early,51m,Landed
2026-05-04,JQ109,JST109,Jetstar Airways,Perth,PER,YPPH,11:40,03:40,11:55,15min late,15:11,13min early,3h 16m,Landed
2026-05-04,IW1964,WON1964,Wings Air,Lombok,LOP,WADL,11:40,03:40,12:11,31min late,12:34,4min late,23m,Landed
2026-05-04,ID6331,BTK6331,Batik Air,Labuan Bajo,LBJ,WATO,11:45,03:45,11:57,12min late,12:47,12min early,49m,Landed
2026-05-04,OD192,MXD192,Malindo Air,Kuala Lumpur,KUL,WMKK,11:55,03:55,15:44,49min late,18:22,17min late,2h 37m,Landed
2026-05-04,GA407,GIA407,Garuda Indonesia,Jakarta,CGK,WIII,11:55,03:55,12:02,7min late,12:56,1min late,1h 54m,Landed
2026-05-04,QZ544,AWQ544,Indonesia AirAsia,Perth,PER,YPPH,12:00,04:00,12:21,21min late,15:57,7min late,3h 35m,Landed
2026-05-04,GA253,GIA253,Garuda Indonesia,Yogyakarta,YIA,WAHI,12:05,04:05,12:37,32min late,12:50,4min early,1h 13m,Landed
2026-05-04,JQ32,JST032,Jetstar Airways,Melbourne,MEL,YMML,12:05,04:05,12:52,47min late,20:06,26min late,5h 14m,Landed
2026-05-04,SJ742,,Sriwijaya Air,Tambolaka,TMC,WADT,12:10,04:10,12:10,,13:10,,1h 0m,Landed
2026-05-04,SQ937,SIA937,Singapore Airlines,Singapore,SIN,WSSS,12:10,04:10,12:47,37min late,15:11,16min late,2h 24m,Landed
2026-05-04,JQ40,JST040,Jetstar Airways,Sydney,SYD,YSSY,12:20,04:20,12:29,9min late,19:37,37min early,5h 8m,Landed
2026-05-04,OD178,MXD178,Malindo Air,Kuala Lumpur,KUL,WMKK,12:25,04:25,12:40,15min late,15:20,14min early,2h 40m,Landed
2026-05-04,8B5254,TNU5254,TransNusa,Lombok,LOP,WADL,12:40,04:40,13:14,34min late,13:33,13min late,18m,Landed
2026-05-04,IP103,PAS103,Pelita Air Service,Jakarta,CGK,WIII,12:45,04:45,12:44,on time,13:31,8min early,1h 46m,Landed
2026-05-04,OD158,MXD158,Malindo Air,Kuala Lumpur,KUL,WMKK,12:45,04:45,13:52,7min late,16:42,47min late,2h 49m,Landed
2026-05-04,OD307,MXD307,Malindo Air,Kuala Lumpur,KUL,WMKK,13:00,05:00,16:53,53min late,19:32,32min late,2h 39m,Landed
2026-05-04,ID6509,BTK6509,Batik Air,Jakarta,CGK,WIII,13:00,05:00,13:18,18min late,13:59,4min late,1h 40m,Landed
2026-05-04,AK365,AXM365,AirAsia,Kuala Lumpur,KUL,WMKK,13:00,05:00,13:06,6min late,15:58,6min early,2h 52m,Landed
2026-05-04,MH714,MAS714,Malaysia Airlines,Kuala Lumpur,KUL,WMKK,13:05,05:05,13:29,24min late,16:20,20min late,2h 50m,Landed
2026-05-04,OD172,MXD172,Malindo Air,Kuala Lumpur,KUL,WMKK,13:10,05:10,13:58,48min late,16:49,29min late,2h 50m,Landed
2026-05-04,SQ939,SIA939,Singapore Airlines,Singapore,SIN,WSSS,13:15,05:15,13:32,17min late,15:49,10min early,2h 17m,Landed
2026-05-04,JQ58,JST058,Jetstar Airways,Brisbane,BNE,YBBN,13:15,05:15,13:39,24min late,20:36,18min early,4h 57m,Landed
2026-05-04,JT35,LNI035,Lion Air,Jakarta,CGK,WIII,13:15,05:15,13:42,27min late,14:16,6min late,1h 33m,Landed
2026-05-04,GA409,GIA409,Garuda Indonesia,Jakarta,CGK,WIII,13:25,05:25,13:36,11min late,14:21,3min early,1h 45m,Landed
2026-05-04,SL259,TLM259,Thai Lion Air,Bangkok,DMK,VTBD,13:25,05:25,13:44,19min late,16:48,1min early,4h 4m,Landed
2026-05-04,JT660,LNI660,Lion Air,Balikpapan,BPN,WALL,13:30,05:30,13:47,17min late,15:07,2min early,1h 19m,Landed
2026-05-04,QG687,CTV687,Citilink,Jakarta,CGK,WIII,13:45,05:45,13:54,9min late,14:23,16min early,1h 29m,Landed
2026-05-04,8B5107,TNU5107,TransNusa,Jakarta,CGK,WIII,13:50,05:50,19:59,9min late,20:26,46min late,1h 26m,Landed
2026-05-04,JT919,,Lion Air,Surabaya,SUB,WARR,13:55,05:55,14:23,28min late,14:06,11min late,43m,Landed
2026-05-04,TR289,TGW289,Scoot,Singapore,SIN,WSSS,14:05,06:05,14:09,4min late,16:43,11min early,2h 34m,Landed
2026-05-04,VJ894,VJC894,VietJet Air,Ho Chi Minh City,SGN,VVTS,14:05,06:05,14:36,31min late,16:58,3min late,3h 21m,Landed
2026-05-04,ID6517,BTK6517,Batik Air,Jakarta,CGK,WIII,14:15,06:15,15:00,45min late,15:25,15min late,1h 25m,Landed
2026-05-04,ID7308,BTK7308,Batik Air,Jakarta,HLP,WIHH,14:20,06:20,14:29,9min late,15:09,on time,1h 40m,Landed
2026-05-04,QZ556,AWQ556,Indonesia AirAsia,Kuala Lumpur,KUL,WMKK,14:30,06:30,14:57,27min late,17:49,9min late,2h 51m,Landed
2026-05-04,GA653,GIA653,Garuda Indonesia,Jakarta,CGK,WIII,14:30,06:30,14:40,10min late,15:17,12min early,1h 37m,Landed
2026-05-04,AI2148,AIC2148,Air India,Bhubaneswar,BBI,VEBS,14:35,06:35,14:43,8min late,17:53,21min early,5h 39m,Landed
2026-05-04,JT33,LNI033,Lion Air,Jakarta,CGK,WIII,14:45,06:45,15:22,37min late,16:37,57min late,2h 15m,Landed
2026-05-04,QG681,CTV681,Citilink,Jakarta,CGK,WIII,14:45,06:45,15:32,47min late,16:46,51min late,2h 13m,Landed
2026-05-04,QG342,CTV342,Citilink,Makassar,UPG,WAAA,15:00,07:00,16:01,1min late,17:18,48min late,1h 16m,Landed
2026-05-04,JQ107,JST107,Jetstar Airways,Perth,PER,YPPH,15:00,07:00,15:10,10min late,18:36,13min early,3h 26m,Landed
2026-05-04,IU120,SJV120,SW Italia,Yogyakarta,YIA,WAHI,15:00,07:00,17:42,42min late,17:49,19min late,1h 7m,Landed
2026-05-04,JT844,LNI844,Lion Air,Banjarmasin,BDJ,WAOO,15:00,07:00,15:24,24min late,16:26,3min early,1h 1m,Landed
2026-05-04,IU128,SJV128,SW Italia,Surakarta,SOC,WAHQ,15:00,07:00,15:29,29min late,17:06,46min late,2h 37m,Landed
2026-05-04,JQ86,JST086,Jetstar Airways,Singapore,SIN,WSSS,15:05,07:05,15:35,30min late,18:03,3min late,2h 27m,Landed
2026-05-04,QZ480,AWQ480,Indonesia AirAsia,Da Nang,DAD,VVDN,15:05,07:05,15:14,9min late,18:11,23min early,3h 57m,Landed
2026-05-04,JQ44,JST044,Jetstar Airways,Melbourne,MEL,YMML,15:10,07:10,,,,,5h 35m,Cancelled
2026-05-04,VA50,VOZ050,Virgin Australia,Brisbane,BNE,YBBN,15:15,07:15,15:39,24min late,22:36,28min early,4h 56m,Landed
2026-05-04,GA842,GIA842,Garuda Indonesia,Singapore,SIN,WSSS,15:15,07:15,15:56,41min late,18:28,18min late,2h 32m,Landed
2026-05-04,AK377,AXM377,AirAsia,Kuala Lumpur,KUL,WMKK,15:25,07:25,16:03,38min late,18:46,16min late,2h 42m,Landed
2026-05-04,JT740,LNI740,Lion Air,Makassar,UPG,WAAA,15:30,07:30,15:51,21min late,16:48,6min early,57m,Landed
2026-05-04,QG669,CTV669,Citilink,Surabaya,SUB,WARR,15:30,07:30,15:37,7min late,15:29,10min early,51m,Landed
2026-05-04,IP109,PAS109,Pelita Air Service,Jakarta,CGK,WIII,15:35,07:35,,,,,2h 26m,Diverted
2026-05-04,IW1850,WON1850,Wings Air,Lombok,LOP,WADL,15:40,07:40,15:46,6min late,16:09,20min early,23m,Landed
2026-05-04,SJ717,,Sriwijaya Air,Makassar,UPG,WAAA,15:40,07:40,15:40,,17:00,,1h 20m,Landed
2026-05-04,GA411,GIA411,Garuda Indonesia,Jakarta,CGK,WIII,15:45,07:45,16:08,23min late,17:16,31min late,2h 8m,Landed
2026-05-04,8B82,TNU082,TransNusa,Perth,PER,YPPH,15:50,07:50,16:24,34min late,19:49,9min late,3h 24m,Landed
2026-05-04,VA92,VOZ092,Virgin Australia,Melbourne,MEL,YMML,15:50,07:50,16:32,42min late,23:40,15min late,5h 8m,Landed
2026-05-04,8B5256,TNU5256,TransNusa,Lombok,LOP,WADL,15:55,07:55,16:00,5min late,16:19,30min early,19m,Landed
2026-05-04,CI772,CAL772,China Airlines,Taipei,TPE,RCTP,15:55,07:55,16:19,24min late,21:05,14min early,4h 46m,Landed
2026-05-04,VN640,HVN640,Vietnam Airlines,Ho Chi Minh City,SGN,VVTS,16:00,08:00,16:41,41min late,18:58,18min late,3h 16m,Landed
2026-05-04,QZ246,AWQ246,Indonesia AirAsia,Phuket,HKT,VTSP,16:10,08:10,17:20,10min late,19:57,47min late,3h 37m,Landed
2026-05-04,CX784,CPA784,Cathay Pacific,Hong Kong,HKG,VHHH,16:15,08:15,16:27,12min late,20:53,31min early,4h 25m,Landed
2026-05-04,MH850,MAS850,Malaysia Airlines,Kuala Lumpur,KUL,WMKK,16:25,08:25,16:36,11min late,19:19,15min early,2h 42m,Landed
2026-05-04,IW1852,WON1852,Wings Air,Lombok,LOP,WADL,16:30,08:30,17:25,55min late,17:48,28min late,22m,Landed
2026-05-04,BR256,EVA256,EVA Airways,Taipei,TPE,RCTP,16:30,08:30,17:17,47min late,22:04,4min late,4h 46m,Landed
2026-05-04,JT744,,Lion Air,Makassar,UPG,WAAA,16:40,08:40,,,,,1h 25m,Cancelled
2026-05-04,IU703,SJV703,SW Italia,Surabaya,SUB,WARR,16:40,08:40,17:37,57min late,17:19,39min late,42m,Landed
2026-05-04,HO1356,DKH1356,Juneyao Airlines,Shanghai,PVG,ZSPD,16:50,08:50,16:58,8min late,23:11,23min early,6h 12m,Landed
2026-05-04,TG432,THA432,Thai Airways International,Bangkok,BKK,VTBS,16:55,08:55,16:50,4min early,19:39,25min early,3h 48m,Landed
2026-05-04,GA349,GIA349,Garuda Indonesia,Surabaya,SUB,WARR,16:55,08:55,17:29,34min late,17:18,8min late,48m,Landed
2026-05-04,ID6335,BTK6335,Batik Air,Labuan Bajo,LBJ,WATO,17:00,09:00,17:22,22min late,18:11,3min early,49m,Landed
2026-05-04,GA419,GIA419,Garuda Indonesia,Jakarta,CGK,WIII,17:25,09:25,17:44,19min late,18:04,20min early,1h 19m,Landed
2026-05-04,VJ998,VJC998,VietJet Air,Hanoi,HAN,VVNB,17:30,09:30,17:34,4min late,21:12,32min early,4h 38m,Landed
2026-05-04,TR243,TGW243,Scoot,Singapore,SIN,WSSS,17:35,09:35,17:50,15min late,20:04,21min early,2h 13m,Landed
2026-05-04,IU759,SJV759,SW Italia,Jakarta,CGK,WIII,17:40,09:40,18:08,28min late,18:41,6min late,1h 32m,Landed
2026-05-04,IP107,,Pelita Air Service,Jakarta,CGK,WIII,17:40,09:40,17:40,on time,18:30,,1h 50m,Landed
2026-05-04,NZ291,ANZ291,Air New Zealand,Auckland,AKL,NZAA,17:50,09:50,18:03,13min late,05:04,25min early,7h 0m,Landed
2026-05-04,6E1608,IGO1608,IndiGo,Chennai,MAA,VOMM,18:00,10:00,18:15,15min late,21:25,9min early,5h 40m,Landed
2026-05-04,QZ821,AWQ821,Indonesia AirAsia,Jakarta,CGK,WIII,18:00,10:00,18:19,19min late,18:52,2min late,1h 33m,Landed
2026-05-04,OD193,,Malindo Air,Perth,PER,YPPH,18:10,10:10,22:44,34min late,21:45,,3h 35m,Landed
2026-05-04,IU126,SJV126,SW Italia,Surakarta,SOC,WAHQ,18:10,10:10,18:46,36min late,18:41,11min late,54m,Landed
2026-05-04,ID6552,BTK6552,Batik Air,Kupang,KOE,WATT,18:25,10:25,18:23,1min early,19:42,32min early,1h 18m,Landed
2026-05-04,GA417,GIA417,Garuda Indonesia,Jakarta,CGK,WIII,18:30,10:30,18:40,10min late,19:22,7min early,1h 41m,Landed
2026-05-04,IN281,LKN281,NAM Air,Jakarta,CGK,WIII,18:30,10:30,18:35,5min late,19:10,on time,1h 34m,Landed
2026-05-04,QR963,QTR963,Qatar Airways,Doha,DOH,OTHH,18:35,10:35,18:51,16min late,23:25,14min early,9h 33m,Landed
2026-05-04,EY477,ETD477,Etihad Airways,Abu Dhabi,AUH,OMAA,18:45,10:45,19:00,15min late,23:42,2min late,8h 42m,Landed
2026-05-04,IP105,,Pelita Air Service,Jakarta,CGK,WIII,18:50,10:50,18:50,on time,19:40,,1h 50m,Landed
2026-05-04,CX782,CPA782,Cathay Pacific,Hong Kong,HKG,VHHH,18:50,10:50,18:56,6min late,23:20,44min early,4h 24m,Landed
2026-05-04,QG689,CTV689,Citilink,Jakarta,CGK,WIII,18:55,10:55,19:14,19min late,19:41,13min early,1h 27m,Landed
2026-05-04,8B5258,,TransNusa,Lombok,LOP,WADL,18:55,10:55,19:00,5min late,19:35,,40m,Landed
2026-05-04,TG440,THA440,Thai Airways International,Bangkok,BKK,VTBS,19:00,11:00,19:34,34min late,22:29,19min late,3h 54m,Landed
2026-05-04,6E1612,IGO1612,IndiGo,Bhubaneswar,BBI,VEBS,19:10,11:10,19:16,6min late,22:31,18min early,5h 44m,Landed
2026-05-04,MH852,MAS852,Malaysia Airlines,Kuala Lumpur,KUL,WMKK,19:20,11:20,19:31,11min late,22:21,1min late,2h 50m,Landed
2026-05-04,QG699,CTV699,Citilink,Surabaya,SUB,WARR,19:25,11:25,19:25,on time,19:25,14min early,1h 0m,Landed
2026-05-04,ID7310,BTK7310,Batik Air,Jakarta,HLP,WIHH,19:25,11:25,19:27,2min late,20:11,3min early,1h 43m,Landed
2026-05-04,TR283,TGW283,Scoot,Singapore,SIN,WSSS,19:40,11:40,20:19,39min late,22:37,2min late,2h 17m,Landed
2026-05-04,AK379,AXM379,AirAsia,Kuala Lumpur,KUL,WMKK,19:45,11:45,20:51,6min late,23:25,35min late,2h 34m,Landed
2026-05-04,EK369,UAE369,Emirates,Dubai,DXB,OMDB,19:45,11:45,20:10,25min late,00:46,3min early,8h 36m,Landed
2026-05-04,8B969,TNU969,TransNusa,Guangzhou,CAN,ZGGG,19:50,11:50,19:48,1min early,00:43,21min early,4h 55m,Landed
2026-05-04,IU133,SJV133,SW Italia,Semarang,SRG,WIIS,19:50,11:50,22:07,17min late,21:59,49min late,52m,Landed
2026-05-04,GA421,GIA421,Garuda Indonesia,Jakarta,CGK,WIII,19:50,11:50,19:54,4min late,20:25,24min early,1h 30m,Landed
2026-05-04,JT923,LNI923,Lion Air,Surabaya,SUB,WARR,19:55,11:55,20:35,40min late,20:16,21min late,41m,Landed
2026-05-04,QG697,CTV697,Citilink,Surabaya,SUB,WARR,20:00,12:00,20:04,4min late,20:00,on time,55m,Landed
2026-05-04,SQ945,SIA945,Singapore Airlines,Singapore,SIN,WSSS,20:00,12:00,20:54,54min late,23:02,22min late,2h 7m,Landed
2026-05-04,ID6415,BTK6415,Batik Air,Surabaya,SUB,WARR,20:30,12:30,20:37,7min late,20:17,12min early,40m,Landed
2026-05-04,GA415,GIA415,Garuda Indonesia,Jakarta,CGK,WIII,20:40,12:40,20:56,16min late,21:27,12min early,1h 30m,Landed
2026-05-04,KL836,KLM836,KLM Royal Dutch Airlines,Singapore,SIN,WSSS,20:45,12:45,17:44,0min early,23:36,11min late,5h 51m,Landed
2026-05-04,TK67,THY067,Turkish Airlines,Istanbul,IST,LTFM,20:45,12:45,21:02,17min late,04:56,11min late,12h 53m,Landed
2026-05-04,QG667,CTV667,Citilink,Jakarta,CGK,WIII,21:10,13:10,21:48,38min late,22:18,8min late,1h 29m,Landed
2026-05-04,QZ410,AWQ410,Indonesia AirAsia,Melbourne,MEL,YMML,21:15,13:15,21:23,8min late,04:51,8min early,5h 28m,Landed
2026-05-04,JT15,LNI015,Lion Air,Jakarta,CGK,WIII,21:15,13:15,00:52,37min late,01:20,10min late,1h 28m,Landed
2026-05-04,JQ34,JST034,Jetstar Airways,Melbourne,MEL,YMML,21:20,13:20,14:17,2min early,04:45,9min early,12h 28m,Landed
2026-05-04,JQ117,JST117,Jetstar Airways,Perth,PER,YPPH,21:30,13:30,21:49,19min late,01:28,8min late,3h 38m,Landed
2026-05-04,SJ273,,Sriwijaya Air,Jakarta,CGK,WIII,21:35,13:35,21:35,on time,22:15,,1h 40m,Landed
2026-05-04,GA425,GIA425,Garuda Indonesia,Jakarta,CGK,WIII,21:40,13:40,21:56,16min late,22:30,14min early,1h 33m,Landed
2026-05-04,SQ947,SIA947,Singapore Airlines,Singapore,SIN,WSSS,21:40,13:40,21:53,13min late,00:05,10min early,2h 11m,Landed
2026-05-04,TK311,THY311,Turkish Airlines,Istanbul,IST,LTFM,21:45,13:45,21:59,14min late,05:43,1min early,12h 43m,Landed
2026-05-04,SV857,SVA857,Saudi Arabian Airlines,Singapore,SIN,WSSS,21:55,13:55,17:40,14min early,00:17,12min early,6h 37m,Landed
2026-05-04,AK375,AXM375,AirAsia,Kuala Lumpur,KUL,WMKK,22:15,14:15,22:33,18min late,01:07,12min early,2h 34m,Landed
2026-05-04,OD171,MXD171,Malindo Air,Sydney,SYD,YSSY,22:15,14:15,22:39,24min late,06:17,12min late,5h 37m,Landed
2026-05-04,QF44,QFA044,Qantas,Sydney,SYD,YSSY,22:20,14:20,22:35,15min late,06:01,8min early,5h 26m,Landed
2026-05-04,JQ38,JST038,Jetstar Airways,Sydney,SYD,YSSY,22:35,14:35,22:43,8min late,06:09,21min early,5h 25m,Landed
2026-05-04,7C5304,JJA5304,Jeju Air,Seoul,ICN,RKSI,22:45,14:45,23:37,52min late,07:33,18min late,6h 56m,Landed
2026-05-04,JQ91,JST091,Jetstar Airways,Cairns,CNS,YBCS,23:00,15:00,23:02,2min late,05:01,28min early,3h 58m,Landed
2026-05-04,VA96,VOZ096,Virgin Australia,Melbourne,MEL,YMML,23:05,15:05,23:14,9min late,06:21,18min early,5h 6m,Landed
2026-05-04,QF46,QFA046,Qantas,Melbourne,MEL,YMML,23:05,15:05,23:21,16min late,06:32,7min early,5h 11m,Landed
2026-05-04,8B5109,TNU5109,TransNusa,Jakarta,CGK,WIII,23:10,15:10,00:13,3min late,00:36,46min late,1h 23m,Landed
2026-05-04,3U3986,CSC3986,Sichuan Airlines,Lujia Town,TFU,ZUTF,23:10,15:10,23:12,2min late,09:24,54min late,10h 12m,Landed
2026-05-04,VA82,VOZ082,Virgin Australia,Gold Coast,OOL,YBCG,23:20,15:20,23:39,19min late,06:37,17min early,4h 58m,Landed
2026-05-04,GA714,GIA714,Garuda Indonesia,Sydney,SYD,YSSY,23:25,15:25,23:30,5min late,06:42,27min early,5h 11m,Landed
2026-05-04,JQ50,JST050,Jetstar Airways,Melbourne,AVV,YMAV,23:25,15:25,23:34,9min late,06:50,9min early,5h 15m,Landed
2026-05-04,VA68,VOZ068,Virgin Australia,Sydney,SYD,YSSY,23:35,15:35,00:05,30min late,07:24,10min early,5h 19m,Landed
2026-05-04,KE432,KAL432,Korean Air Lines,Seoul,ICN,RKSI,23:45,15:45,00:03,18min late,07:41,13min early,6h 38m,Landed
2026-05-04,JQ94,JST094,Jetstar Airways,Gold Coast,OOL,YBCG,23:45,15:45,23:52,7min late,06:56,18min early,5h 3m,Landed
2026-05-04,QZ420,AWQ420,Indonesia AirAsia,Adelaide,ADL,YPAD,23:45,15:45,00:10,25min late,06:29,4min late,4h 49m,Landed
2026-05-04,JQ89,JST089,Jetstar Airways,Newcastle,NTL,YWLM,23:50,15:50,00:16,26min late,07:29,10min early,5h 12m,Landed
2026-05-05,BX602,ABL602,Air Busan,Busan,PUS,RKPK,00:05,16:05,00:37,32min late,11:13,18min late,9h 35m,Landed
2026-05-05,GA880,GIA880,Garuda Indonesia,Tokyo,NRT,RJAA,00:20,16:20,00:21,1min late,08:05,44min early,6h 44m,Landed
2026-05-05,8B84,TNU084,TransNusa,Perth,PER,YPPH,00:20,16:20,00:35,15min late,03:56,8min early,3h 20m,Landed
2026-05-05,MF892,CXA892,Xiamen Airlines,Xiamen,XMN,ZSAM,00:30,16:30,00:33,3min late,05:43,21min early,5h 9m,Landed
2026-05-05,EK399,UAE399,Emirates,Dubai,DXB,OMDB,00:35,16:35,00:43,8min late,05:16,18min early,8h 33m,Landed
2026-05-05,QR961,QTR961,Qatar Airways,Doha,DOH,OTHH,00:35,16:35,00:29,5min early,05:04,35min early,9h 35m,Landed
2026-05-05,CZ626,CSN626,China Southern Airlines,Guangzhou,CAN,ZGGG,00:40,16:40,00:46,6min late,05:42,12min early,4h 55m,Landed
2026-05-05,PR538,PAL538,Philippine Airlines,Manila,MNL,RPLL,00:55,16:55,02:08,13min late,06:02,2min late,3h 53m,Landed
2026-05-05,MU5030,CES5030,China Eastern Airlines,Shanghai,PVG,ZSPD,00:55,16:55,01:19,24min late,07:37,17min early,6h 17m,Landed
2026-05-05,SJ726,,Sriwijaya Air,Makassar,UPG,WAAA,01:00,17:00,01:00,,02:20,,1h 20m,Landed
2026-05-05,5J282,CEB282,CEBU Pacific Air,Manila,MNL,RPLL,01:00,17:00,01:32,32min late,05:05,14min early,3h 32m,Landed
2026-05-05,GA652,GIA652,Garuda Indonesia,Timika,TIM,WABP,01:05,17:05,01:16,11min late,05:34,10min early,3h 18m,Landed
2026-05-05,KE434,KAL434,Korean Air Lines,Seoul,ICN,RKSI,01:10,17:10,01:25,15min late,08:50,34min early,6h 25m,Landed
2026-05-05,8B5888,TNU5888,Business Air,Manado,MDC,WAMM,01:30,17:30,01:46,16min late,03:55,4min early,2h 8m,Landed
2026-05-05,IU705,SJV705,SW Italia,Surabaya,SUB,WARR,07:00,23:00,07:15,15min late,06:48,11min early,33m,Landed
2026-05-05,QZ807,AWQ807,Indonesia AirAsia,Jakarta,CGK,WIII,07:00,23:00,07:30,30min late,07:57,2min early,1h 27m,Landed
2026-05-05,JQ111,JST111,Jetstar Airways,Perth,PER,YPPH,07:00,23:00,07:11,11min late,10:37,2min early,3h 26m,Landed
2026-05-05,GA401,GIA401,Garuda Indonesia,Jakarta,CGK,WIII,07:00,23:00,07:07,7min late,07:46,13min early,1h 38m,Landed
2026-05-05,JT944,,Lion Air,Makassar,UPG,WAAA,07:00,23:00,07:00,on time,08:24,on time,1h 24m,Landed
2026-05-05,QZ550,AWQ550,Indonesia AirAsia,Kuala Lumpur,KUL,WMKK,07:00,23:00,07:23,23min late,10:10,5min late,2h 47m,Landed
2026-05-05,JT746,LNI746,Lion Air,Makassar,UPG,WAAA,07:00,23:00,07:04,4min late,08:02,22min early,58m,Landed
2026-05-05,JQ82,JST082,Jetstar Airways,Darwin,DRW,YPDN,07:00,23:00,07:10,10min late,10:54,20min early,2h 14m,Landed
2026-05-05,QZ534,AWQ534,Indonesia AirAsia,Perth,PER,YPPH,07:05,23:05,07:29,24min late,11:15,15min late,3h 46m,Landed
2026-05-05,QZ644,AWQ644,Indonesia AirAsia,Labuan Bajo,LBJ,WATO,07:10,23:10,07:34,24min late,08:28,13min late,54m,Landed
2026-05-05,SQ949,SIA949,Singapore Airlines,Singapore,SIN,WSSS,07:15,23:15,07:38,23min late,09:49,10min early,2h 11m,Landed
2026-05-05,8B5250,TNU5250,TransNusa,Lombok,LOP,WADL,07:15,23:15,07:21,6min late,07:38,16min early,17m,Landed
2026-05-05,8B551,,Business Air,Singapore,SIN,WSSS,07:30,23:30,07:30,on time,09:55,,2h 25m,Landed
2026-05-05,ID6333,BTK6333,Batik Air,Labuan Bajo,LBJ,WATO,07:55,23:55,08:05,10min late,08:57,12min early,52m,Landed
2026-05-05,HX706,CRK706,Hong Kong Airlines,Hong Kong,HKG,VHHH,08:05,00:05,08:20,15min late,12:47,32min early,4h 26m,Landed
2026-05-05,IW1858,WON1858,Wings Air,Lombok,LOP,WADL,08:05,00:05,08:11,6min late,08:35,19min early,23m,Landed
2026-05-05,JT21,LNI021,Lion Air,Jakarta,CGK,WIII,08:05,00:05,08:17,12min late,08:44,15min early,1h 27m,Landed
2026-05-05,AI2146,AIC2146,Air India,Delhi,DEL,VIDP,08:25,00:25,08:40,15min late,13:47,2min early,7h 36m,Landed
2026-05-05,5J280,CEB280,CEBU Pacific Air,Manila,MNL,RPLL,08:35,00:35,07:27,7min early,12:29,25min early,5h 1m,Landed
2026-05-05,CZ8482,CSN8482,China Southern Airlines,Guangzhou,CAN,ZGGG,08:40,00:40,13:24,44min late,13:30,19min early,6m,Landed
2026-05-05,IW1854,,Wings Air,Lombok,LOP,WADL,08:45,00:45,,,,,50m,Cancelled
2026-05-05,IW1882,WON1882,Wings Air,Sumbawa Besar,SWQ,WADS,08:55,00:55,09:10,15min late,09:52,7min early,41m,Landed
2026-05-05,JQ1044,JST1044,Jetstar Airways,Melbourne,MEL,YMML,09:00,01:00,09:20,20min late,16:27,7min late,5h 7m,Landed
2026-05-05,QG500,CTV500,Citilink,Dili,DIL,WPDL,09:00,01:00,07:20,39min early,11:31,33min early,3h 11m,Landed
2026-05-05,QG691,CTV691,Citilink,Surabaya,SUB,WARR,09:05,01:05,08:59,5min early,08:48,26min early,49m,Landed
2026-05-05,IN640,LKN640,NAM Air,Tambolaka,TMC,WADT,09:10,01:10,09:33,23min late,10:26,16min late,53m,Landed
2026-05-05,ID6324,BTK6324,Batik Air,Tambolaka,TMC,WADT,09:10,01:10,09:26,16min late,10:29,4min late,1h 3m,Landed
2026-05-05,8B5105,TNU5105,TransNusa,Jakarta,CGK,WIII,09:15,01:15,09:30,15min late,10:05,5min late,1h 35m,Landed
2026-05-05,IW1848,WON1848,Wings Air,Lombok,LOP,WADL,09:25,01:25,09:54,29min late,10:17,2min late,23m,Landed
2026-05-05,8B5634,,TransNusa,Bima,BMU,WADB,09:35,01:35,09:35,on time,10:35,,1h 0m,Landed
2026-05-05,8B80,TNU080,TransNusa,Perth,PER,YPPH,09:40,01:40,10:01,21min late,13:37,12min late,3h 36m,Landed
2026-05-05,IU122,SJV122,SW Italia,Yogyakarta,YIA,WAHI,10:00,02:00,10:08,8min late,10:16,13min early,1h 7m,Landed
2026-05-05,SQ935,SIA935,Singapore Airlines,Singapore,SIN,WSSS,10:05,02:05,10:20,15min late,12:32,12min early,2h 12m,Landed
2026-05-05,8B553,TNU553,TransNusa,Singapore,SIN,WSSS,10:20,02:20,10:29,9min late,12:52,22min early,2h 22m,Landed
2026-05-05,8B5101,TNU5101,TransNusa,Jakarta,CGK,WIII,10:25,02:25,10:42,17min late,11:17,2min late,1h 35m,Landed
2026-05-05,8G182,DTL182,Mid Africa Aviation,Dili,DIL,WPDL,10:35,02:35,10:49,14min late,13:30,on time,1h 41m,Landed
2026-05-05,JT805,LNI805,Lion Air,Surabaya,SUB,WARR,10:35,02:35,10:44,9min late,13:56,21min late,4h 12m,Landed
2026-05-05,JT31,,Lion Air,Jakarta,CGK,WIII,11:05,03:05,,,,,1h 55m,Cancelled
2026-05-05,IW1856,WON1856,Wings Air,Lombok,LOP,WADL,11:10,03:10,11:22,12min late,11:46,13min early,23m,Landed
2026-05-05,TR281,TGW281,Scoot,Singapore,SIN,WSSS,11:15,03:15,11:17,2min late,13:29,41min early,2h 11m,Landed
2026-05-05,JQ126,JST126,Jetstar Airways,Adelaide,ADL,YPAD,11:15,03:15,11:27,12min late,17:21,8min early,4h 24m,Landed
2026-05-05,6E1606,IGO1606,IndiGo,Bangalore,BLR,VOBL,11:20,03:20,11:25,5min late,15:02,7min early,6h 6m,Landed
2026-05-05,QZ646,AWQ646,Indonesia AirAsia,Labuan Bajo,LBJ,WATO,11:25,03:25,11:30,5min late,12:19,20min early,49m,Landed
2026-05-05,JQ109,JST109,Jetstar Airways,Perth,PER,YPPH,11:40,03:40,11:48,8min late,15:03,21min early,3h 15m,Landed
2026-05-05,IW1964,WON1964,Wings Air,Lombok,LOP,WADL,11:40,03:40,11:58,18min late,12:25,4min early,27m,Landed
2026-05-05,AK371,AXM371,AirAsia,Kuala Lumpur,KUL,WMKK,11:40,03:40,11:37,2min early,14:35,9min early,2h 58m,Landed
2026-05-05,ID6331,BTK6331,Batik Air,Labuan Bajo,LBJ,WATO,11:45,03:45,11:49,4min late,12:40,19min early,50m,Landed
2026-05-05,IW1850,WON1850,Wings Air,Lombok,LOP,WADL,11:50,03:50,12:04,14min late,12:32,7min early,28m,Landed
2026-05-05,QZ809,AWQ809,Indonesia AirAsia,Jakarta,CGK,WIII,11:55,03:55,12:12,17min late,12:40,9min early,1h 28m,Landed
2026-05-05,GA407,GIA407,Garuda Indonesia,Jakarta,CGK,WIII,11:55,03:55,12:18,23min late,12:52,2min early,1h 34m,Landed
2026-05-05,OD192,MXD192,Malindo Air,Kuala Lumpur,KUL,WMKK,11:55,03:55,13:45,50min late,16:16,11min late,2h 31m,Landed
2026-05-05,QZ544,AWQ544,Indonesia AirAsia,Perth,PER,YPPH,12:00,04:00,12:08,8min late,15:33,16min early,3h 24m,Landed
2026-05-05,JQ32,JST032,Jetstar Airways,Melbourne,MEL,YMML,12:05,04:05,13:13,8min late,20:39,59min late,5h 26m,Landed
2026-05-05,GA253,GIA253,Garuda Indonesia,Yogyakarta,YIA,WAHI,12:05,04:05,12:21,16min late,12:33,21min early,1h 11m,Landed
2026-05-05,SQ937,SIA937,Singapore Airlines,Singapore,SIN,WSSS,12:10,04:10,12:29,19min late,14:59,4min late,2h 30m,Landed
2026-05-05,JQ40,JST040,Jetstar Airways,Sydney,SYD,YSSY,12:20,04:20,12:32,12min late,19:52,22min early,5h 19m,Landed
2026-05-05,8B5254,TNU5254,TransNusa,Lombok,LOP,WADL,12:40,04:40,12:48,8min late,13:05,14min early,16m,Landed
2026-05-05,IP103,PAS103,Pelita Air Service,Jakarta,CGK,WIII,12:45,04:45,12:46,1min late,13:17,22min early,1h 31m,Landed
2026-05-05,AK365,AXM365,AirAsia,Kuala Lumpur,KUL,WMKK,13:00,05:00,13:09,9min late,15:48,16min early,2h 39m,Landed
2026-05-05,OD307,MXD307,Malindo Air,Kuala Lumpur,KUL,WMKK,13:00,05:00,13:41,41min late,16:13,13min late,2h 32m,Landed
2026-05-05,ID6509,BTK6509,Batik Air,Jakarta,CGK,WIII,13:00,05:00,13:36,36min late,14:08,13min late,1h 32m,Landed
2026-05-05,MH714,MAS714,Malaysia Airlines,Kuala Lumpur,KUL,WMKK,13:05,05:05,13:18,13min late,15:56,3min early,2h 38m,Landed
2026-05-05,OD172,MXD172,Malindo Air,Kuala Lumpur,KUL,WMKK,13:10,05:10,13:56,46min late,16:27,7min late,2h 31m,Landed
2026-05-05,JT35,LNI035,Lion Air,Jakarta,CGK,WIII,13:15,05:15,13:45,30min late,14:20,10min late,1h 34m,Landed
2026-05-05,SQ939,SIA939,Singapore Airlines,Singapore,SIN,WSSS,13:15,05:15,13:28,13min late,15:59,on time,2h 31m,Landed
2026-05-05,JQ58,JST058,Jetstar Airways,Brisbane,BNE,YBBN,13:15,05:15,13:49,34min late,20:46,8min early,4h 57m,Landed
2026-05-05,JT660,,Lion Air,Balikpapan,BPN,WALL,13:30,05:30,,,,,1h 40m,Cancelled
2026-05-05,GA409,GIA409,Garuda Indonesia,Jakarta,CGK,WIII,13:45,05:45,13:51,6min late,14:26,1min late,1h 34m,Landed
2026-05-05,QG687,CTV687,Citilink,Jakarta,CGK,WIII,13:45,05:45,13:47,2min late,14:41,1min late,1h 54m,Landed
2026-05-05,8B5107,TNU5107,TransNusa,Jakarta,CGK,WIII,13:50,05:50,18:30,40min late,19:01,21min late,1h 30m,Landed
2026-05-05,JT919,LNI919,Lion Air,Surabaya,SUB,WARR,13:55,05:55,14:01,6min late,13:48,6min early,46m,Landed
2026-05-05,VJ894,VJC894,VietJet Air,Ho Chi Minh City,SGN,VVTS,14:05,06:05,14:24,19min late,16:49,5min early,3h 25m,Landed
2026-05-05,TR289,TGW289,Scoot,Singapore,SIN,WSSS,14:05,06:05,14:30,25min late,16:55,on time,2h 25m,Landed
2026-05-05,ID6517,BTK6517,Batik Air,Jakarta,CGK,WIII,14:15,06:15,14:46,31min late,15:16,6min late,1h 30m,Landed
2026-05-05,ID7308,BTK7308,Batik Air,Jakarta,HLP,WIHH,14:20,06:20,14:36,16min late,15:02,7min early,1h 26m,Landed
2026-05-05,QZ556,AWQ556,Indonesia AirAsia,Kuala Lumpur,KUL,WMKK,14:30,06:30,15:16,46min late,17:55,15min late,2h 39m,Landed
2026-05-05,QG681,CTV681,Citilink,Jakarta,CGK,WIII,14:45,06:45,15:02,17min late,15:37,17min early,1h 34m,Landed
2026-05-05,JT33,LNI033,Lion Air,Jakarta,CGK,WIII,14:45,06:45,14:52,7min late,15:25,14min early,1h 32m,Landed
2026-05-05,QG342,CTV342,Citilink,Makassar,UPG,WAAA,15:00,07:00,15:05,5min late,16:22,7min early,1h 17m,Landed
2026-05-05,JT844,LNI844,Lion Air,Banjarmasin,BDJ,WAOO,15:00,07:00,15:13,13min late,16:31,1min late,1h 18m,Landed
2026-05-05,IU120,SJV120,SW Italia,Yogyakarta,YIA,WAHI,15:00,07:00,15:28,28min late,15:31,1min late,1h 3m,Landed
2026-05-05,JQ88,JST088,Jetstar Airways,Singapore,SIN,WSSS,15:05,07:05,07:08,56min early,18:47,47min late,11h 39m,Landed
2026-05-05,JQ44,JST044,Jetstar Airways,Melbourne,MEL,YMML,15:10,07:10,15:27,17min late,22:36,8min early,5h 9m,Landed
2026-05-05,GA842,GIA842,Garuda Indonesia,Singapore,SIN,WSSS,15:15,07:15,15:36,21min late,19:02,52min late,3h 26m,Landed
2026-05-05,VA50,VOZ050,Virgin Australia,Brisbane,BNE,YBBN,15:15,07:15,15:49,34min late,22:45,19min early,4h 55m,Landed
2026-05-05,AK377,AXM377,AirAsia,Kuala Lumpur,KUL,WMKK,15:25,07:25,15:40,15min late,18:15,14min early,2h 34m,Landed
2026-05-05,IN281,LKN281,NAM Air,Jakarta,CGK,WIII,15:30,07:30,15:34,4min late,16:09,on time,1h 35m,Landed
2026-05-05,JT740,LNI740,Lion Air,Makassar,UPG,WAAA,15:30,07:30,15:32,2min late,16:35,19min early,1h 2m,Landed
2026-05-05,QG669,CTV669,Citilink,Surabaya,SUB,WARR,15:30,07:30,15:30,on time,15:17,22min early,47m,Landed
2026-05-05,IP109,PAS109,Pelita Air Service,Jakarta,CGK,WIII,15:35,07:35,15:42,7min late,16:17,7min early,1h 35m,Landed
2026-05-05,GA411,GIA411,Garuda Indonesia,Jakarta,CGK,WIII,15:45,07:45,16:29,44min late,17:04,19min late,1h 35m,Landed
2026-05-05,QZ648,AWQ648,Indonesia AirAsia,Labuan Bajo,LBJ,WATO,15:45,07:45,15:47,2min late,16:40,14min early,53m,Landed
2026-05-05,VA92,VOZ092,Virgin Australia,Melbourne,MEL,YMML,15:50,07:50,16:23,33min late,23:30,5min late,5h 7m,Landed
2026-05-05,CI772,CAL772,China Airlines,Taipei,TPE,RCTP,15:55,07:55,16:11,16min late,20:48,31min early,4h 36m,Landed
2026-05-05,8B5256,,TransNusa,Lombok,LOP,WADL,15:55,07:55,15:55,,16:50,,55m,Landed
2026-05-05,VN640,HVN640,Vietnam Airlines,Ho Chi Minh City,SGN,VVTS,16:00,08:00,16:05,5min late,19:00,20min late,3h 54m,Landed
2026-05-05,QZ246,AWQ246,Indonesia AirAsia,Phuket,HKT,VTSP,16:10,08:10,16:14,4min late,18:41,28min early,3h 27m,Landed
2026-05-05,CX784,CPA784,Cathay Pacific,Hong Kong,HKG,VHHH,16:15,08:15,16:34,19min late,20:53,31min early,4h 18m,Landed
2026-05-05,8B82,TNU082,TransNusa,Perth,PER,YPPH,16:20,08:20,16:41,21min late,20:09,on time,3h 27m,Landed
2026-05-05,MH850,MAS850,Malaysia Airlines,Kuala Lumpur,KUL,WMKK,16:25,08:25,16:29,4min late,19:24,10min early,2h 54m,Landed
2026-05-05,BR256,EVA256,EVA Airways,Taipei,TPE,RCTP,16:30,08:30,17:01,31min late,21:48,11min early,4h 46m,Landed
2026-05-05,IW1852,WON1852,Wings Air,Lombok,LOP,WADL,16:30,08:30,16:43,13min late,17:06,13min early,23m,Landed
2026-05-05,IU703,SJV703,SW Italia,Surabaya,SUB,WARR,16:40,08:40,17:19,39min late,16:58,18min late,38m,Landed
2026-05-05,JT744,,Lion Air,Makassar,UPG,WAAA,16:40,08:40,,,,,1h 25m,Cancelled
2026-05-05,HO1356,DKH1356,Juneyao Airlines,Shanghai,PVG,ZSPD,16:50,08:50,16:52,2min late,22:58,36min early,6h 6m,Landed
2026-05-05,GA349,GIA349,Garuda Indonesia,Surabaya,SUB,WARR,16:55,08:55,17:16,21min late,17:05,4min early,48m,Landed
2026-05-05,TG432,THA432,Thai Airways International,Bangkok,BKK,VTBS,16:55,08:55,16:57,2min late,19:35,29min early,3h 37m,Landed
2026-05-05,ID6335,BTK6335,Batik Air,Labuan Bajo,LBJ,WATO,17:00,09:00,17:18,18min late,18:07,7min early,49m,Landed
2026-05-05,GA419,GIA419,Garuda Indonesia,Jakarta,CGK,WIII,17:25,09:25,17:31,6min late,18:08,16min early,1h 36m,Landed
2026-05-05,TR243,TGW243,Scoot,Singapore,SIN,WSSS,17:35,09:35,18:03,28min late,20:16,9min early,2h 12m,Landed
2026-05-05,IP107,,Pelita Air Service,Jakarta,CGK,WIII,17:40,09:40,17:40,on time,18:30,,1h 50m,Landed
2026-05-05,IU759,,SW Italia,Jakarta,CGK,WIII,17:40,09:40,,,,,1h 55m,Cancelled
2026-05-05,QZ821,AWQ821,Indonesia AirAsia,Jakarta,CGK,WIII,18:00,10:00,18:11,11min late,18:44,5min early,1h 32m,Landed
2026-05-05,6E1608,IGO1608,IndiGo,Chennai,MAA,VOMM,18:00,10:00,18:06,6min late,21:13,21min early,5h 36m,Landed
2026-05-05,IU126,SJV126,SW Italia,Surakarta,SOC,WAHQ,18:10,10:10,18:21,11min late,18:20,9min early,59m,Landed
2026-05-05,OD193,,Malindo Air,Perth,PER,YPPH,18:10,10:10,20:20,10min late,23:45,0min late,3h 24m,Landed
2026-05-05,ID6552,BTK6552,Batik Air,Kupang,KOE,WATT,18:25,10:25,18:42,17min late,20:00,14min early,1h 18m,Landed
2026-05-05,IN283,,NAM Air,Jakarta,CGK,WIII,18:30,10:30,18:30,,19:10,,1h 40m,Landed
2026-05-05,GA417,GIA417,Garuda Indonesia,Jakarta,CGK,WIII,18:30,10:30,18:47,17min late,19:23,6min early,1h 35m,Landed
2026-05-05,QR963,QTR963,Qatar Airways,Doha,DOH,OTHH,18:35,10:35,18:41,6min late,23:20,19min early,9h 38m,Landed
2026-05-05,EY477,ETD477,Etihad Airways,Abu Dhabi,AUH,OMAA,18:45,10:45,18:51,6min late,23:31,8min early,8h 39m,Landed
2026-05-05,IP105,,Pelita Air Service,Jakarta,CGK,WIII,18:50,10:50,18:50,on time,19:40,,1h 50m,Landed
2026-05-05,CX782,CPA782,Cathay Pacific,Hong Kong,HKG,VHHH,18:50,10:50,19:04,14min late,23:40,24min early,4h 35m,Landed
2026-05-05,QG689,CTV689,Citilink,Jakarta,CGK,WIII,18:55,10:55,19:19,24min late,19:57,2min late,1h 37m,Landed
2026-05-05,8B5258,TNU5258,TransNusa,Lombok,LOP,WADL,18:55,10:55,18:25,29min early,18:40,54min early,15m,Landed
2026-05-05,TG440,THA440,Thai Airways International,Bangkok,BKK,VTBS,19:00,11:00,19:07,7min late,21:54,15min early,3h 47m,Landed
2026-05-05,6E1612,IGO1612,IndiGo,Bhubaneswar,BBI,VEBS,19:10,11:10,19:20,10min late,22:40,9min early,5h 49m,Landed
2026-05-05,MH852,MAS852,Malaysia Airlines,Kuala Lumpur,KUL,WMKK,19:20,11:20,20:08,48min late,22:46,26min late,2h 38m,Landed
2026-05-05,ID7310,BTK7310,Batik Air,Jakarta,HLP,WIHH,19:25,11:25,19:38,13min late,19:58,16min early,1h 19m,Landed
2026-05-05,QG699,,Citilink,Surabaya,SUB,WARR,19:25,11:25,21:18,53min late,20:59,19min late,41m,Landed
2026-05-05,TR283,TGW283,Scoot,Singapore,SIN,WSSS,19:40,11:40,20:18,38min late,22:28,7min early,2h 9m,Landed
2026-05-05,EK369,UAE369,Emirates,Dubai,DXB,OMDB,19:45,11:45,20:03,18min late,00:57,7min late,8h 54m,Landed
2026-05-05,AK379,AXM379,AirAsia,Kuala Lumpur,KUL,WMKK,19:45,11:45,19:51,6min late,22:41,8min early,2h 50m,Landed
2026-05-05,IU133,SJV133,SW Italia,Semarang,SRG,WIIS,19:50,11:50,19:51,1min late,19:47,22min early,56m,Landed
2026-05-05,GA421,GIA421,Garuda Indonesia,Jakarta,CGK,WIII,19:50,11:50,19:54,4min late,20:35,14min early,1h 40m,Landed
2026-05-05,8B969,TNU969,Business Air,Guangzhou,CAN,ZGGG,19:50,11:50,19:44,5min early,00:41,23min early,4h 56m,Landed
2026-05-05,JT923,,Lion Air,Surabaya,SUB,WARR,19:55,11:55,,,,,1h 0m,Cancelled
2026-05-05,QG697,CTV697,Citilink,Surabaya,SUB,WARR,20:00,12:00,20:04,4min late,19:55,4min early,50m,Landed
2026-05-05,SQ945,SIA945,Singapore Airlines,Singapore,SIN,WSSS,20:00,12:00,20:28,28min late,22:36,3min early,2h 8m,Landed
2026-05-05,ID6415,BTK6415,Batik Air,Surabaya,SUB,WARR,20:30,12:30,20:35,5min late,05:20,50min late,9h 44m,Landed
2026-05-05,GA415,GIA415,Garuda Indonesia,Jakarta,CGK,WIII,20:40,12:40,20:57,17min late,21:34,5min early,1h 36m,Landed
2026-05-05,KL836,KLM836,KLM Royal Dutch Airlines,Singapore,SIN,WSSS,20:45,12:45,17:17,27min early,23:43,18min late,6h 26m,Landed
2026-05-05,TK67,THY067,Turkish Airlines,Istanbul,IST,LTFM,20:45,12:45,20:43,1min early,04:42,2min early,12h 59m,Landed
2026-05-05,OD177,MXD177,Malindo Air,Melbourne,MEL,YMML,21:00,13:00,20:59,on time,04:11,28min early,5h 12m,Landed
2026-05-05,QG667,CTV667,Citilink,Jakarta,CGK,WIII,21:10,13:10,21:03,6min early,21:47,22min early,1h 44m,Landed
2026-05-05,JT15,LNI015,Lion Air,Jakarta,CGK,WIII,21:15,13:15,23:14,59min late,23:42,32min late,1h 27m,Landed
2026-05-05,JQ34,JST034,Jetstar Airways,Melbourne,MEL,YMML,21:20,13:20,21:28,8min late,04:45,9min early,5h 16m,Landed
2026-05-05,JQ117,JST117,Jetstar Airways,Perth,PER,YPPH,21:30,13:30,21:48,18min late,01:12,7min early,3h 24m,Landed
2026-05-05,SJ273,,Sriwijaya Air,Jakarta,CGK,WIII,21:35,13:35,21:35,on time,22:15,,1h 40m,Landed
2026-05-05,SQ947,SIA947,Singapore Airlines,Singapore,SIN,WSSS,21:40,13:40,22:05,25min late,00:14,on time,2h 8m,Landed
2026-05-05,OD157,MXD157,Malindo Air,Brisbane,BNE,YBBN,22:00,14:00,22:01,1min late,05:00,49min early,4h 58m,Landed
2026-05-05,JQ60,JST060,Jetstar Airways,Brisbane,BNE,YBBN,22:10,14:10,23:08,58min late,06:00,15min late,4h 51m,Landed
2026-05-05,OD171,MXD171,Malindo Air,Sydney,SYD,YSSY,22:15,14:15,22:28,13min late,06:07,2min late,5h 38m,Landed
2026-05-05,AK375,AXM375,AirAsia,Kuala Lumpur,KUL,WMKK,22:15,14:15,22:14,on time,01:02,17min early,2h 47m,Landed
2026-05-05,QF44,QFA044,Qantas,Sydney,SYD,YSSY,22:20,14:20,22:45,25min late,06:01,8min early,5h 15m,Landed
2026-05-05,JQ38,JST038,Jetstar Airways,Sydney,SYD,YSSY,22:35,14:35,23:30,55min late,06:35,5min late,5h 4m,Landed
2026-05-05,7C5304,JJA5304,Jeju Air,Seoul,ICN,RKSI,22:45,14:45,23:06,21min late,06:47,28min early,6h 40m,Landed
2026-05-05,VA96,VOZ096,Virgin Australia,Melbourne,MEL,YMML,23:05,15:05,23:41,36min late,06:40,on time,4h 59m,Landed
2026-05-05,8B5109,TNU5109,TransNusa,Jakarta,CGK,WIII,23:10,15:10,23:04,5min early,23:31,19min early,1h 26m,Landed
2026-05-05,JQ36,JST036,Jetstar Airways,Melbourne,MEL,YMML,23:25,15:25,23:35,10min late,06:43,16min early,5h 7m,Landed
2026-05-05,VA68,VOZ068,Virgin Australia,Sydney,SYD,YSSY,23:35,15:35,00:00,25min late,07:09,25min early,5h 8m,Landed
2026-05-05,KE432,KAL432,Korean Air Lines,Seoul,ICN,RKSI,23:45,15:45,23:55,10min late,07:15,39min early,6h 19m,Landed
2026-05-05,JQ89,JST089,Jetstar Airways,Newcastle,NTL,YWLM,23:50,15:50,00:18,28min late,07:29,10min early,5h 11m,Landed
2026-05-06,BX602,ABL602,Air Busan,Busan,PUS,RKPK,00:05,16:05,00:14,9min late,07:42,17min early,6h 27m,Landed
2026-05-06,8B84,TNU084,TransNusa,Perth,PER,YPPH,00:20,16:20,00:36,16min late,04:14,9min late,3h 38m,Landed
2026-05-06,GA880,GIA880,Garuda Indonesia,Tokyo,NRT,RJAA,00:20,16:20,00:31,11min late,08:42,7min early,7h 10m,Landed
2026-05-06,MF892,CXA892,Xiamen Airlines,Xiamen,XMN,ZSAM,00:30,16:30,00:22,7min early,05:36,28min early,5h 14m,Landed
2026-05-06,QR961,QTR961,Qatar Airways,Doha,DOH,OTHH,00:35,16:35,00:42,7min late,05:16,23min early,9h 34m,Landed
2026-05-06,EK399,UAE399,Emirates,Dubai,DXB,OMDB,00:35,16:35,00:40,5min late,05:10,24min early,8h 29m,Landed
2026-05-06,CZ626,CSN626,China Southern Airlines,Guangzhou,CAN,ZGGG,00:40,16:40,00:38,1min early,05:33,21min early,4h 54m,Landed
2026-05-06,MU5030,CES5030,China Eastern Airlines,Shanghai,PVG,ZSPD,00:55,16:55,01:01,6min late,07:09,50min early,6h 7m,Landed
2026-05-06,PR538,PAL538,Philippine Airlines,Manila,MNL,RPLL,00:55,16:55,00:55,on time,04:20,39min early,3h 25m,Landed
2026-05-06,5J282,CEB282,CEBU Pacific Air,Manila,MNL,RPLL,01:00,17:00,23:43,16min early,04:34,45min early,4h 51m,Landed
2026-05-06,SJ726,,Sriwijaya Air,Makassar,UPG,WAAA,01:00,17:00,01:00,,02:20,,1h 20m,Landed
2026-05-06,GA652,GIA652,Garuda Indonesia,Timika,TIM,WABP,01:05,17:05,01:16,11min late,05:34,10min early,3h 18m,Landed
2026-05-06,KE434,KAL434,Korean Air Lines,Seoul,ICN,RKSI,01:10,17:10,01:25,15min late,08:50,34min early,6h 25m,Landed
2026-05-06,QZ807,AWQ807,Indonesia AirAsia,Jakarta,CGK,WIII,07:00,23:00,07:30,30min late,07:57,2min early,1h 27m,Landed
2026-05-06,IU705,SJV705,SW Italia,Surabaya,SUB,WARR,07:00,23:00,07:15,15min late,06:48,11min early,33m,Landed
2026-05-06,JT746,LNI746,Lion Air,Makassar,UPG,WAAA,07:00,23:00,07:04,4min late,08:02,22min early,58m,Landed
2026-05-06,JQ82,JST082,Jetstar Airways,Darwin,DRW,YPDN,07:00,23:00,07:10,10min late,10:54,20min early,2h 14m,Landed
2026-05-06,QZ550,AWQ550,Indonesia AirAsia,Kuala Lumpur,KUL,WMKK,07:00,23:00,07:23,23min late,10:10,5min late,2h 47m,Landed
2026-05-06,JT944,,Lion Air,Makassar,UPG,WAAA,07:00,23:00,07:00,on time,08:24,on time,1h 24m,Landed
2026-05-06,GA401,GIA401,Garuda Indonesia,Jakarta,CGK,WIII,07:00,23:00,07:07,7min late,07:46,13min early,1h 38m,Landed
2026-05-06,QZ534,AWQ534,Indonesia AirAsia,Perth,PER,YPPH,07:05,23:05,07:25,20min late,11:02,2min late,3h 37m,Landed
2026-05-06,QZ644,AWQ644,Indonesia AirAsia,Labuan Bajo,LBJ,WATO,07:10,23:10,07:20,10min late,09:59,44min late,2h 39m,Landed
2026-05-06,8B5250,TNU5250,TransNusa,Lombok,LOP,WADL,07:15,23:15,07:18,3min late,07:41,13min early,22m,Landed
2026-05-06,SQ949,SIA949,Singapore Airlines,Singapore,SIN,WSSS,07:15,23:15,07:27,12min late,09:43,16min early,2h 16m,Landed
2026-05-06,8B551,,Business Air,Singapore,SIN,WSSS,07:30,23:30,07:30,on time,09:55,,2h 25m,Landed
2026-05-06,ID6333,BTK6333,Batik Air,Labuan Bajo,LBJ,WATO,07:55,23:55,08:05,10min late,08:55,14min early,49m,Landed
2026-05-06,JT21,LNI021,Lion Air,Jakarta,CGK,WIII,08:00,00:00,13:49,49min late,14:21,26min late,1h 32m,Landed
2026-05-06,HX706,CRK706,Hong Kong Airlines,Hong Kong,HKG,VHHH,08:05,00:05,08:39,34min late,13:09,10min early,4h 30m,Landed
2026-05-06,IW1858,WON1858,Wings Air,Lombok,LOP,WADL,08:05,00:05,08:14,9min late,08:37,17min early,22m,Landed
2026-05-06,5J280,CEB280,CEBU Pacific Air,Manila,MNL,RPLL,08:35,00:35,08:47,12min late,12:29,25min early,3h 42m,Landed
2026-05-06,CZ8482,CSN8482,China Southern Airlines,Guangzhou,CAN,ZGGG,08:40,00:40,07:12,27min early,13:30,19min early,6h 17m,Landed
2026-05-06,IW1854,,Wings Air,Lombok,LOP,WADL,08:45,00:45,,,,,50m,Cancelled
2026-05-06,IW1882,WON1882,Wings Air,Sumbawa Besar,SWQ,WADS,08:55,00:55,08:56,1min late,09:37,22min early,41m,Landed
2026-05-06,QG500,CTV500,Citilink,Dili,DIL,WPDL,09:00,01:00,09:02,2min late,12:01,3min early,1h 59m,Landed
2026-05-06,QG691,CTV691,Citilink,Surabaya,SUB,WARR,09:05,01:05,09:06,1min late,09:01,13min early,54m,Landed
2026-05-06,SJ740,,Sriwijaya Air,Waingapu,WGP,WADW,09:10,01:10,09:10,,10:30,,1h 20m,Landed
2026-05-06,IN640,LKN640,NAM Air,Tambolaka,TMC,WADT,09:10,01:10,09:09,on time,09:51,18min early,42m,Landed
2026-05-06,ID6324,BTK6324,Batik Air,Tambolaka,TMC,WADT,09:10,01:10,09:24,14min late,10:10,14min early,46m,Landed
2026-05-06,8B5105,TNU5105,TransNusa,Jakarta,CGK,WIII,09:15,01:15,09:17,2min late,09:48,12min early,1h 30m,Landed
2026-05-06,IW1848,WON1848,Wings Air,Lombok,LOP,WADL,09:25,01:25,09:48,23min late,10:10,4min early,22m,Landed
2026-05-06,ID6007,BTK6007,Batik Air,Perth,PER,YPPH,09:30,01:30,09:43,13min late,13:17,2min late,3h 33m,Landed
2026-05-06,8B5634,TNU5634,TransNusa,Bima,BMU,WADB,09:35,01:35,09:46,11min late,10:35,on time,48m,Landed
2026-05-06,8B80,TNU080,TransNusa,Perth,PER,YPPH,09:40,01:40,09:53,13min late,13:26,1min late,3h 33m,Landed
2026-05-06,IU122,SJV122,SW Italia,Yogyakarta,YIA,WAHI,10:00,02:00,10:03,3min late,10:14,15min early,1h 11m,Landed
2026-05-06,SQ935,SIA935,Singapore Airlines,Singapore,SIN,WSSS,10:05,02:05,10:13,8min late,12:35,9min early,2h 22m,Landed
2026-05-06,SU297,AFL297,Aeroflot,Moscow,SVO,UUEE,10:05,02:05,10:24,19min late,17:50,24min early,12h 25m,Landed
2026-05-06,8B553,TNU553,TransNusa,Singapore,SIN,WSSS,10:20,02:20,10:28,8min late,12:58,16min early,2h 29m,Landed
2026-05-06,8B5101,,TransNusa,Jakarta,CGK,WIII,10:25,02:25,10:25,on time,11:15,,1h 50m,Landed
2026-05-06,8G182,DTL182,Mid Africa Aviation,Dili,DIL,WPDL,10:35,02:35,10:40,5min late,13:14,15min early,1h 33m,Landed
2026-05-06,JT805,,Lion Air,Surabaya,SUB,WARR,10:35,02:35,,,,,1h 0m,Cancelled
2026-05-06,JT31,,Lion Air,Jakarta,CGK,WIII,11:05,03:05,,,,,1h 55m,Cancelled
2026-05-06,IW1856,WON1856,Wings Air,Lombok,LOP,WADL,11:10,03:10,11:15,5min late,11:43,16min early,27m,Landed
2026-05-06,JQ126,JST126,Jetstar Airways,Adelaide,ADL,YPAD,11:15,03:15,11:20,5min late,17:20,9min early,4h 29m,Landed
2026-05-06,TR281,TGW281,Scoot,Singapore,SIN,WSSS,11:15,03:15,11:32,17min late,13:51,19min early,2h 18m,Landed
2026-05-06,6E1606,IGO1606,IndiGo,Bangalore,BLR,VOBL,11:20,03:20,11:02,17min early,15:01,8min early,6h 28m,Landed
2026-05-06,QZ646,AWQ646,Indonesia AirAsia,Labuan Bajo,LBJ,WATO,11:25,03:25,11:38,13min late,12:25,14min early,47m,Landed
2026-05-06,JQ109,JST109,Jetstar Airways,Perth,PER,YPPH,11:40,03:40,11:53,13min late,15:20,4min early,3h 26m,Landed
2026-05-06,IW1964,WON1964,Wings Air,Lombok,LOP,WADL,11:40,03:40,11:49,9min late,12:17,12min early,27m,Landed
2026-05-06,ID6331,BTK6331,Batik Air,Labuan Bajo,LBJ,WATO,11:45,03:45,11:56,11min late,12:45,14min early,48m,Landed
2026-05-06,OD192,MXD192,Malindo Air,Kuala Lumpur,KUL,WMKK,11:55,03:55,18:08,13min late,20:51,46min late,2h 43m,Landed
2026-05-06,GA407,GIA407,Garuda Indonesia,Jakarta,CGK,WIII,11:55,03:55,12:00,5min late,12:34,20min early,1h 33m,Landed
2026-05-06,QZ809,AWQ809,Indonesia AirAsia,Jakarta,CGK,WIII,11:55,03:55,12:27,32min late,13:00,10min late,1h 33m,Landed
2026-05-06,QZ544,AWQ544,Indonesia AirAsia,Perth,PER,YPPH,12:00,04:00,12:19,19min late,15:48,1min early,3h 29m,Landed
2026-05-06,GA253,GIA253,Garuda Indonesia,Yogyakarta,YIA,WAHI,12:05,04:05,12:16,11min late,12:26,28min early,1h 10m,Landed
2026-05-06,JQ32,JST032,Jetstar Airways,Melbourne,MEL,YMML,12:05,04:05,12:17,12min late,19:28,11min early,5h 11m,Landed
2026-05-06,SJ742,,Sriwijaya Air,Tambolaka,TMC,WADT,12:10,04:10,12:10,,13:10,,1h 0m,Landed
2026-05-06,SQ937,SIA937,Singapore Airlines,Singapore,SIN,WSSS,12:10,04:10,12:43,33min late,14:57,2min late,2h 14m,Landed
2026-05-06,QG197,CTV197,Citilink,Jakarta,HLP,WIHH,12:20,04:20,12:40,20min late,13:12,2min early,1h 31m,Landed
2026-05-06,JQ40,JST040,Jetstar Airways,Sydney,SYD,YSSY,12:20,04:20,12:28,8min late,20:18,3min late,5h 50m,Landed
2026-05-06,OD178,MXD178,Malindo Air,Kuala Lumpur,KUL,WMKK,12:25,04:25,12:33,8min late,15:16,18min early,2h 43m,Landed
2026-05-06,8B5254,TNU5254,TransNusa,Lombok,LOP,WADL,12:40,04:40,13:06,26min late,13:28,8min late,22m,Landed
2026-05-06,OD158,MXD158,Malindo Air,Kuala Lumpur,KUL,WMKK,12:45,04:45,13:02,17min late,15:39,15min early,2h 37m,Landed
2026-05-06,IP103,PAS103,Pelita Air Service,Jakarta,CGK,WIII,12:45,04:45,12:49,4min late,13:25,14min early,1h 36m,Landed
2026-05-06,8B82,,TransNusa,Perth,PER,YPPH,12:55,04:55,12:55,,16:55,,4h 0m,Landed
2026-05-06,ID6509,BTK6509,Batik Air,Jakarta,CGK,WIII,13:00,05:00,13:20,20min late,13:50,4min early,1h 29m,Landed
2026-05-06,OD307,MXD307,Malindo Air,Kuala Lumpur,KUL,WMKK,13:00,05:00,13:57,57min late,16:39,39min late,2h 42m,Landed
2026-05-06,AK365,AXM365,AirAsia,Kuala Lumpur,KUL,WMKK,13:00,05:00,13:02,2min late,15:58,6min early,2h 56m,Landed
2026-05-06,MH714,MAS714,Malaysia Airlines,Kuala Lumpur,KUL,WMKK,13:05,05:05,13:35,30min late,16:19,19min late,2h 43m,Landed
2026-05-06,OD172,MXD172,Malindo Air,Kuala Lumpur,KUL,WMKK,13:10,05:10,13:41,31min late,16:17,2min early,2h 36m,Landed
2026-05-06,SQ939,SIA939,Singapore Airlines,Singapore,SIN,WSSS,13:15,05:15,13:27,12min late,15:48,12min early,2h 20m,Landed
2026-05-06,JT35,LNI035,Lion Air,Jakarta,CGK,WIII,13:15,05:15,13:49,34min late,14:19,9min late,1h 30m,Landed
2026-05-06,JQ58,JST058,Jetstar Airways,Brisbane,BNE,YBBN,13:15,05:15,13:32,17min late,20:29,25min early,4h 57m,Landed
2026-05-06,GA409,GIA409,Garuda Indonesia,Jakarta,CGK,WIII,13:25,05:25,13:51,26min late,14:28,3min late,1h 37m,Landed
2026-05-06,SL259,TLM259,Thai Lion Air,Bangkok,DMK,VTBD,13:25,05:25,13:45,20min late,16:40,9min early,3h 55m,Landed
2026-05-06,JT660,LNI660,Lion Air,Balikpapan,BPN,WALL,13:30,05:30,13:40,10min late,14:57,12min early,1h 16m,Landed
2026-05-06,QG687,CTV687,Citilink,Jakarta,CGK,WIII,13:45,05:45,13:55,10min late,14:30,9min early,1h 34m,Landed
2026-05-06,8B5107,TNU5107,Business Air,Jakarta,CGK,WIII,13:50,05:50,14:14,24min late,14:46,6min late,1h 31m,Landed
2026-05-06,JT919,LNI919,Lion Air,Surabaya,SUB,WARR,13:55,05:55,14:07,12min late,13:52,2min early,45m,Landed
2026-05-06,VJ894,VJC894,VietJet Air,Ho Chi Minh City,SGN,VVTS,14:05,06:05,14:19,14min late,16:34,20min early,3h 15m,Landed
2026-05-06,TR289,TGW289,Scoot,Singapore,SIN,WSSS,14:05,06:05,14:11,6min late,16:33,22min early,2h 21m,Landed
2026-05-06,IU130,,SW Italia,Semarang,SRG,WIIS,14:15,06:15,,,,,1h 20m,Cancelled
2026-05-06,ID6517,BTK6517,Batik Air,Jakarta,CGK,WIII,14:15,06:15,14:56,41min late,15:30,20min late,1h 34m,Landed
2026-05-06,ID7308,BTK7308,Batik Air,Jakarta,HLP,WIHH,14:20,06:20,14:37,17min late,15:08,1min early,1h 30m,Landed
2026-05-06,QZ556,AWQ556,Indonesia AirAsia,Kuala Lumpur,KUL,WMKK,14:30,06:30,14:44,14min late,17:22,17min early,2h 37m,Landed
2026-05-06,GA653,GIA653,Garuda Indonesia,Jakarta,CGK,WIII,14:30,06:30,14:49,19min late,15:23,6min early,1h 34m,Landed
2026-05-06,AI2148,AIC2148,Air India,Bhubaneswar,BBI,VEBS,14:35,06:35,14:50,15min late,19:43,28min late,7h 22m,Landed
2026-05-06,QG681,CTV681,Citilink,Jakarta,CGK,WIII,14:45,06:45,14:58,13min late,15:33,21min early,1h 34m,Landed
2026-05-06,JT33,LNI033,Lion Air,Jakarta,CGK,WIII,14:45,06:45,14:54,9min late,15:27,12min early,1h 32m,Landed
2026-05-06,JQ88,JST088,Jetstar Airways,Singapore,SIN,WSSS,14:55,06:55,15:22,27min late,17:46,13min early,2h 24m,Landed
2026-05-06,IU120,SJV120,SW Italia,Yogyakarta,YIA,WAHI,15:00,07:00,15:06,6min late,15:30,on time,1h 24m,Landed
2026-05-06,JT844,,Lion Air,Banjarmasin,BDJ,WAOO,15:00,07:00,,,,,1h 30m,Cancelled
2026-05-06,JQ107,JST107,Jetstar Airways,Perth,PER,YPPH,15:00,07:00,15:02,2min late,18:41,18min early,3h 39m,Landed
2026-05-06,QG342,CTV342,Citilink,Makassar,UPG,WAAA,15:00,07:00,14:56,3min early,16:04,25min early,1h 8m,Landed
2026-05-06,QZ480,AWQ480,Indonesia AirAsia,Da Nang,DAD,VVDN,15:05,07:05,15:29,24min late,18:22,12min early,3h 53m,Landed
2026-05-06,JQ44,JST044,Jetstar Airways,Melbourne,MEL,YMML,15:10,07:10,16:50,40min late,23:52,7min late,5h 1m,Landed
2026-05-06,GA842,GIA842,Garuda Indonesia,Singapore,SIN,WSSS,15:15,07:15,15:36,21min late,18:00,9min early,2h 23m,Landed
2026-05-06,VA50,VOZ050,Virgin Australia,Brisbane,BNE,YBBN,15:15,07:15,15:26,11min late,22:25,39min early,4h 59m,Landed
2026-05-06,AK377,AXM377,AirAsia,Kuala Lumpur,KUL,WMKK,15:25,07:25,15:32,7min late,18:19,10min early,2h 46m,Landed
2026-05-06,QG669,CTV669,Citilink,Surabaya,SUB,WARR,15:30,07:30,15:30,on time,15:20,19min early,49m,Landed
2026-05-06,JT740,LNI740,Lion Air,Makassar,UPG,WAAA,15:30,07:30,15:38,8min late,16:37,17min early,59m,Landed
2026-05-06,IP109,PAS109,Pelita Air Service,Jakarta,CGK,WIII,15:35,07:35,15:43,8min late,16:21,3min early,1h 37m,Landed
2026-05-06,SJ717,,Sriwijaya Air,Makassar,UPG,WAAA,15:40,07:40,15:40,,17:00,,1h 20m,Landed
2026-05-06,IW1850,WON1850,Wings Air,Lombok,LOP,WADL,15:40,07:40,15:47,7min late,16:08,21min early,21m,Landed
2026-05-06,VA92,VOZ092,Virgin Australia,Melbourne,MEL,YMML,15:50,07:50,16:19,29min late,23:22,2min early,5h 3m,Landed
2026-05-06,CI772,CAL772,China Airlines,Taipei,TPE,RCTP,15:55,07:55,15:59,4min late,20:43,36min early,4h 44m,Landed
2026-05-06,8B5256,TNU5256,TransNusa,Lombok,LOP,WADL,15:55,07:55,15:52,2min early,16:14,35min early,22m,Landed
2026-05-06,VN640,HVN640,Vietnam Airlines,Ho Chi Minh City,SGN,VVTS,16:00,08:00,16:03,3min late,18:28,11min early,3h 25m,Landed
2026-05-06,QZ246,AWQ246,Indonesia AirAsia,Phuket,HKT,VTSP,16:10,08:10,16:34,24min late,18:59,10min early,3h 25m,Landed
2026-05-06,CX784,CPA784,Cathay Pacific,Hong Kong,HKG,VHHH,16:15,08:15,16:31,16min late,20:50,34min early,4h 19m,Landed
2026-05-06,MH850,MAS850,Malaysia Airlines,Kuala Lumpur,KUL,WMKK,16:25,08:25,16:36,11min late,19:18,16min early,2h 42m,Landed
2026-05-06,BR256,EVA256,EVA Airways,Taipei,TPE,RCTP,16:30,08:30,17:20,50min late,21:55,4min early,4h 35m,Landed
2026-05-06,IW1852,WON1852,Wings Air,Lombok,LOP,WADL,16:30,08:30,16:43,13min late,17:07,12min early,23m,Landed
2026-05-06,AK369,AXM369,AirAsia,Kuala Lumpur,KUL,WMKK,16:40,08:40,16:48,8min late,19:32,12min early,2h 43m,Landed
2026-05-06,JT744,,Lion Air,Makassar,UPG,WAAA,16:40,08:40,,,,,1h 25m,Cancelled
2026-05-06,IU703,,SW Italia,Surabaya,SUB,WARR,16:40,08:40,,,,,1h 0m,Cancelled
2026-05-06,HO1356,DKH1356,Juneyao Airlines,Shanghai,PVG,ZSPD,16:50,08:50,17:18,28min late,23:29,5min early,6h 10m,Landed
2026-05-06,GA349,GIA349,Garuda Indonesia,Surabaya,SUB,WARR,16:55,08:55,17:25,30min late,17:22,12min late,56m,Landed
2026-05-06,TG432,THA432,Thai Airways International,Bangkok,BKK,VTBS,16:55,08:55,16:54,on time,19:32,32min early,3h 38m,Landed
2026-05-06,ID6335,BTK6335,Batik Air,Labuan Bajo,LBJ,WATO,17:00,09:00,17:01,on time,17:51,23min early,50m,Landed
2026-05-06,IU273,SJV273,SW Italia,Pontianak,PNK,WIOO,17:00,09:00,17:30,30min late,18:09,4min late,1h 39m,Landed
2026-05-06,GA419,GIA419,Garuda Indonesia,Jakarta,CGK,WIII,17:25,09:25,17:43,18min late,18:21,3min early,1h 37m,Landed
2026-05-06,VJ998,VJC998,VietJet Air,Hanoi,HAN,VVNB,17:30,09:30,17:34,4min late,01:34,49min late,8h 59m,Landed
2026-05-06,TR243,TGW243,Scoot,Singapore,SIN,WSSS,17:35,09:35,18:04,29min late,20:22,2min early,2h 17m,Landed
2026-05-06,IU759,SJV759,SW Italia,Jakarta,CGK,WIII,17:40,09:40,17:58,18min late,18:26,8min early,1h 28m,Landed
2026-05-06,IP107,,Pelita Air Service,Jakarta,CGK,WIII,17:40,09:40,17:40,on time,18:30,,1h 50m,Landed
2026-05-06,NZ291,ANZ291,Air New Zealand,Auckland,AKL,NZAA,17:50,09:50,21:16,26min late,08:00,30min late,6h 44m,Landed
2026-05-06,6E1608,IGO1608,IndiGo,Chennai,MAA,VOMM,18:00,10:00,19:39,39min late,23:00,25min late,5h 50m,Landed
2026-05-06,QZ821,AWQ821,Indonesia AirAsia,Jakarta,CGK,WIII,18:00,10:00,18:11,11min late,18:45,4min early,1h 33m,Landed
2026-05-06,OD193,MXD193,Malindo Air,Perth,PER,YPPH,18:10,10:10,18:15,5min late,21:36,8min early,3h 20m,Landed
2026-05-06,IU126,SJV126,SW Italia,Surakarta,SOC,WAHQ,18:10,10:10,18:18,8min late,18:14,15min early,55m,Landed
2026-05-06,ID6552,BTK6552,Batik Air,Kupang,KOE,WATT,18:25,10:25,18:43,18min late,20:01,13min early,1h 17m,Landed
2026-05-06,GA417,GIA417,Garuda Indonesia,Jakarta,CGK,WIII,18:30,10:30,18:40,10min late,19:17,12min early,1h 37m,Landed
2026-05-06,IN281,LKN281,NAM Air,Jakarta,CGK,WIII,18:30,10:30,18:46,16min late,19:29,19min late,1h 42m,Landed
2026-05-06,QR963,QTR963,Qatar Airways,Doha,DOH,OTHH,18:35,10:35,18:48,13min late,23:20,19min early,9h 31m,Landed
2026-05-06,EY477,ETD477,Etihad Airways,Abu Dhabi,AUH,OMAA,18:45,10:45,18:52,7min late,23:57,17min late,9h 4m,Landed
2026-05-06,CX782,CPA782,Cathay Pacific,Hong Kong,HKG,VHHH,18:50,10:50,19:03,13min late,23:39,25min early,4h 36m,Landed
2026-05-06,IP105,,Pelita Air Service,Jakarta,CGK,WIII,18:50,10:50,18:50,on time,19:40,,1h 50m,Landed
2026-05-06,QG689,CTV689,Citilink,Jakarta,CGK,WIII,18:55,10:55,19:09,14min late,19:46,8min early,1h 37m,Landed
2026-05-06,8B5258,,TransNusa,Lombok,LOP,WADL,18:55,10:55,18:55,,19:35,,40m,Landed
2026-05-06,TG440,THA440,Thai Airways International,Bangkok,BKK,VTBS,19:00,11:00,19:11,11min late,22:09,on time,3h 57m,Landed
2026-05-06,6E1612,IGO1612,IndiGo,Bhubaneswar,BBI,VEBS,19:10,11:10,19:26,16min late,22:41,8min early,5h 45m,Landed
2026-05-06,MH852,MAS852,Malaysia Airlines,Kuala Lumpur,KUL,WMKK,19:20,11:20,19:23,3min late,22:01,18min early,2h 38m,Landed
2026-05-06,ID7310,BTK7310,Batik Air,Jakarta,HLP,WIHH,19:25,11:25,19:55,30min late,20:23,8min late,1h 28m,Landed
2026-05-06,QG699,CTV699,Citilink,Surabaya,SUB,WARR,19:25,11:25,19:22,2min early,19:18,21min early,56m,Landed
2026-05-06,TR283,TGW283,Scoot,Singapore,SIN,WSSS,19:40,11:40,20:45,5min late,23:00,25min late,2h 15m,Landed
2026-05-06,EK369,UAE369,Emirates,Dubai,DXB,OMDB,19:45,11:45,17:13,31min early,00:44,5min early,11h 30m,Landed
2026-05-06,AK379,AXM379,AirAsia,Kuala Lumpur,KUL,WMKK,19:45,11:45,20:18,33min late,22:56,6min late,2h 38m,Landed
2026-05-06,8B969,TNU969,TransNusa,Guangzhou,CAN,ZGGG,19:50,11:50,20:09,19min late,01:01,3min early,4h 51m,Landed
2026-05-06,IU133,SJV133,SW Italia,Semarang,SRG,WIIS,19:50,11:50,20:06,16min late,20:05,4min early,59m,Landed
2026-05-06,GA421,GIA421,Garuda Indonesia,Jakarta,CGK,WIII,19:50,11:50,20:02,12min late,20:41,8min early,1h 39m,Landed
2026-05-06,JT923,LNI923,Lion Air,Surabaya,SUB,WARR,19:55,11:55,21:44,49min late,21:30,35min late,46m,Landed
2026-05-06,SQ945,SIA945,Singapore Airlines,Singapore,SIN,WSSS,20:00,12:00,20:28,28min late,22:43,3min late,2h 14m,Landed
2026-05-06,QG697,CTV697,Citilink,Surabaya,SUB,WARR,20:00,12:00,20:05,5min late,20:01,1min late,55m,Landed
2026-05-06,ID6415,BTK6415,Batik Air,Surabaya,SUB,WARR,20:30,12:30,20:35,5min late,20:16,13min early,40m,Landed
2026-05-06,GA415,GIA415,Garuda Indonesia,Jakarta,CGK,WIII,20:40,12:40,21:12,32min late,21:43,3min late,1h 31m,Landed
2026-05-06,KL836,KLM836,KLM Royal Dutch Airlines,Singapore,SIN,WSSS,20:45,12:45,21:24,39min late,23:28,3min late,2h 3m,Landed
2026-05-06,TK67,THY067,Turkish Airlines,Istanbul,IST,LTFM,20:45,12:45,20:55,10min late,04:45,on time,12h 49m,Landed
2026-05-06,QG667,CTV667,Citilink,Jakarta,CGK,WIII,21:10,13:10,21:14,4min late,22:06,3min early,1h 51m,Landed
2026-05-06,JT15,LNI015,Lion Air,Jakarta,CGK,WIII,21:15,13:15,21:18,3min late,21:48,21min early,1h 30m,Landed
2026-05-06,QZ410,AWQ410,Indonesia AirAsia,Melbourne,MEL,YMML,21:15,13:15,21:31,16min late,04:42,17min early,5h 11m,Landed
2026-05-06,JQ34,JST034,Jetstar Airways,Melbourne,MEL,YMML,21:20,13:20,22:36,16min late,05:40,45min late,5h 4m,Landed
2026-05-06,ID6760,,Batik Air,Makassar,UPG,WAAA,21:30,13:30,,,,,1h 25m,Cancelled
2026-05-06,SJ273,,Sriwijaya Air,Jakarta,CGK,WIII,21:35,13:35,21:35,on time,22:15,,1h 40m,Landed
2026-05-06,SQ947,SIA947,Singapore Airlines,Singapore,SIN,WSSS,21:40,13:40,21:56,16min late,00:09,5min early,2h 13m,Landed
2026-05-06,SV857,SVA857,Saudi Arabian Airlines,Singapore,SIN,WSSS,21:55,13:55,17:22,33min early,00:17,13min early,6h 55m,Landed
2026-05-06,GA718,GIA718,Garuda Indonesia,Melbourne,MEL,YMML,22:05,14:05,22:24,19min late,05:26,3min early,5h 1m,Landed
2026-05-06,JQ60,JST060,Jetstar Airways,Brisbane,BNE,YBBN,22:10,14:10,22:47,37min late,05:36,8min early,4h 48m,Landed
2026-05-06,OD171,MXD171,Malindo Air,Sydney,SYD,YSSY,22:15,14:15,22:26,11min late,06:02,2min early,5h 35m,Landed
2026-05-06,AK375,AXM375,AirAsia,Kuala Lumpur,KUL,WMKK,22:15,14:15,22:40,25min late,01:16,3min early,2h 35m,Landed
2026-05-06,QF44,QFA044,Qantas,Sydney,SYD,YSSY,22:20,14:20,22:43,23min late,06:09,on time,5h 26m,Landed
2026-05-06,JQ38,JST038,Jetstar Airways,Sydney,SYD,YSSY,22:35,14:35,22:45,10min late,06:11,18min early,5h 25m,Landed
2026-05-06,7C5304,JJA5304,Jeju Air,Seoul,ICN,RKSI,22:45,14:45,23:22,37min late,07:07,7min early,6h 44m,Landed
2026-05-06,JQ91,JST091,Jetstar Airways,Cairns,CNS,YBCS,23:00,15:00,23:24,24min late,05:20,9min early,3h 56m,Landed
2026-05-06,QF46,QFA046,Qantas,Melbourne,MEL,YMML,23:05,15:05,23:26,21min late,06:31,8min early,5h 4m,Landed
2026-05-06,VA96,VOZ096,Virgin Australia,Melbourne,MEL,YMML,23:05,15:05,23:30,25min late,06:34,5min early,5h 4m,Landed
2026-05-06,3U3986,CSC3986,Sichuan Airlines,Lujia Town,TFU,ZUTF,23:10,15:10,23:42,32min late,05:36,6min late,5h 54m,Landed
2026-05-06,8B5109,TNU5109,TransNusa,Jakarta,CGK,WIII,23:10,15:10,23:16,6min late,23:49,on time,1h 32m,Landed
2026-05-06,VA82,VOZ082,Virgin Australia,Gold Coast,OOL,YBCG,23:20,15:20,23:46,26min late,06:36,18min early,4h 49m,Landed
2026-05-06,GA714,GIA714,Garuda Indonesia,Sydney,SYD,YSSY,23:25,15:25,23:28,3min late,06:38,31min early,5h 9m,Landed
2026-05-06,JQ50,JST050,Jetstar Airways,Melbourne,AVV,YMAV,23:25,15:25,23:32,7min late,06:39,20min early,5h 7m,Landed
2026-05-06,VA68,VOZ068,Virgin Australia,Sydney,SYD,YSSY,23:35,15:35,00:16,41min late,07:39,4min late,5h 22m,Landed
2026-05-06,KE432,KAL432,Korean Air Lines,Seoul,ICN,RKSI,23:45,15:45,23:58,13min late,07:22,32min early,6h 24m,Landed
2026-05-06,QZ420,AWQ420,Indonesia AirAsia,Adelaide,ADL,YPAD,23:45,15:45,00:00,15min late,06:26,1min late,4h 56m,Landed
2026-05-06,JQ87,JST087,Jetstar Airways,Sunshine Coast,MCY,YBSU,23:50,15:50,00:05,15min late,07:02,27min early,4h 57m,Landed
2026-05-07,BX602,ABL602,Air Busan,Busan,PUS,RKPK,00:05,16:05,00:14,9min late,07:42,17min early,6h 27m,Landed
2026-05-07,TW158,TWB158,T'Way Air,Cheongju,CJJ,RKTU,00:15,16:15,00:50,35min late,12:43,8min late,10h 53m,Landed
2026-05-07,8B84,TNU084,TransNusa,Perth,PER,YPPH,00:20,16:20,00:36,16min late,04:14,9min late,3h 38m,Landed
2026-05-07,GA880,GIA880,Garuda Indonesia,Tokyo,NRT,RJAA,00:20,16:20,00:30,10min late,08:18,31min early,6h 47m,Landed
2026-05-07,MF892,CXA892,Xiamen Airlines,Xiamen,XMN,ZSAM,00:30,16:30,00:28,1min early,05:49,15min early,5h 21m,Landed
2026-05-07,EK399,UAE399,Emirates,Dubai,DXB,OMDB,00:35,16:35,00:47,12min late,05:24,10min early,8h 36m,Landed
2026-05-07,QR961,,Qatar Airways,Doha,DOH,OTHH,00:35,16:35,00:40,5min late,10:26,46min late,14h 45m,Landed
2026-05-07,CZ626,CSN626,China Southern Airlines,Guangzhou,CAN,ZGGG,00:40,16:40,00:38,1min early,05:34,20min early,4h 56m,Landed
2026-05-07,PR538,PAL538,Philippine Airlines,Manila,MNL,RPLL,00:55,16:55,01:06,11min late,04:39,21min early,3h 32m,Landed
2026-05-07,MU5030,CES5030,China Eastern Airlines,Shanghai,PVG,ZSPD,00:55,16:55,01:04,9min late,07:17,37min early,6h 13m,Landed
2026-05-07,SJ726,,Sriwijaya Air,Makassar,UPG,WAAA,01:00,17:00,01:00,,02:20,,1h 20m,Landed
2026-05-07,5J282,CEB282,CEBU Pacific Air,Manila,MNL,RPLL,01:00,17:00,23:43,16min early,04:34,45min early,4h 51m,Landed
2026-05-07,GA652,GIA652,Garuda Indonesia,Timika,TIM,WABP,01:05,17:05,01:22,17min late,05:45,on time,3h 23m,Landed
2026-05-07,KE434,KAL434,Korean Air Lines,Seoul,ICN,RKSI,01:10,17:10,01:26,16min late,08:50,34min early,6h 23m,Landed
2026-05-07,8B5888,TNU5888,TransNusa,Manado,MDC,WAMM,01:30,17:30,01:32,2min late,03:43,16min early,2h 11m,Landed
2026-05-07,GA401,GIA401,Garuda Indonesia,Jakarta,CGK,WIII,06:50,22:50,07:01,11min late,07:34,15min early,1h 33m,Landed
2026-05-07,JT746,LNI746,Lion Air,Makassar,UPG,WAAA,07:00,23:00,07:05,5min late,11:34,9min late,4h 28m,Landed
2026-05-07,IU705,SJV705,SW Italia,Surabaya,SUB,WARR,07:00,23:00,07:25,25min late,07:02,2min late,37m,Landed
2026-05-07,JQ111,JST111,Jetstar Airways,Perth,PER,YPPH,07:00,23:00,06:59,on time,10:45,on time,3h 45m,Landed
2026-05-07,GA401,GIA401,Garuda Indonesia,Jakarta,CGK,WIII,07:00,23:00,07:17,17min late,07:58,1min early,1h 40m,Landed
2026-05-07,QZ550,AWQ550,Indonesia AirAsia,Kuala Lumpur,KUL,WMKK,07:00,23:00,07:01,1min late,09:39,25min early,2h 38m,Landed
2026-05-07,QZ807,AWQ807,Indonesia AirAsia,Jakarta,CGK,WIII,07:00,23:00,07:05,5min late,07:42,17min early,1h 36m,Landed
2026-05-07,JT944,,Lion Air,Makassar,UPG,WAAA,07:00,23:00,08:20,20min late,09:21,56min late,1h 1m,Landed
2026-05-07,JQ82,JST082,Jetstar Airways,Darwin,DRW,YPDN,07:00,23:00,11:38,38min late,15:27,12min late,2h 19m,Landed
2026-05-07,QZ534,AWQ534,Indonesia AirAsia,Perth,PER,YPPH,07:05,23:05,07:19,14min late,11:15,15min late,3h 56m,Landed
2026-05-07,QZ644,AWQ644,Indonesia AirAsia,Labuan Bajo,LBJ,WATO,07:10,23:10,07:08,1min early,08:00,14min early,52m,Landed
2026-05-07,SQ949,SIA949,Singapore Airlines,Singapore,SIN,WSSS,07:15,23:15,07:23,8min late,09:37,22min early,2h 13m,Landed
2026-05-07,8B5250,,TransNusa,Lombok,LOP,WADL,07:15,23:15,07:15,on time,07:55,,40m,Landed
2026-05-07,8B551,TNU551,Business Air,Singapore,SIN,WSSS,07:30,23:30,07:29,on time,09:50,4min early,2h 21m,Landed
2026-05-07,ID6333,BTK6333,Batik Air,Labuan Bajo,LBJ,WATO,07:55,23:55,07:57,2min late,08:50,19min early,52m,Landed
2026-05-07,JT21,LNI021,Lion Air,Jakarta,CGK,WIII,08:05,00:05,11:22,17min late,12:04,4min late,1h 42m,Landed
2026-05-07,HX706,CRK706,Hong Kong Airlines,Hong Kong,HKG,VHHH,08:05,00:05,08:24,19min late,12:55,24min early,4h 30m,Landed
2026-05-07,IW1858,WON1858,Wings Air,Lombok,LOP,WADL,08:05,00:05,08:17,12min late,08:39,15min early,22m,Landed
2026-05-07,AI2146,AIC2146,Air India,Delhi,DEL,VIDP,08:25,00:25,08:40,15min late,13:56,6min late,7h 46m,Landed
2026-05-07,5J280,CEB280,CEBU Pacific Air,Manila,MNL,RPLL,08:35,00:35,08:35,on time,12:11,43min early,3h 35m,Landed
2026-05-07,CZ8482,CSN8482,China Southern Airlines,Guangzhou,CAN,ZGGG,08:40,00:40,08:45,5min late,13:44,5min early,4h 59m,Landed
2026-05-07,IW1854,,Wings Air,Lombok,LOP,WADL,08:45,00:45,,,,,50m,Cancelled
2026-05-07,IW1882,WON1882,Wings Air,Sumbawa Besar,SWQ,WADS,08:55,00:55,08:55,on time,09:40,19min early,44m,Landed
2026-05-07,QG500,CTV500,Citilink,Dili,DIL,WPDL,09:00,01:00,09:07,7min late,11:43,21min early,1h 36m,Landed
2026-05-07,QG691,CTV691,Citilink,Surabaya,SUB,WARR,09:05,01:05,09:09,4min late,08:54,20min early,44m,Landed
2026-05-07,ID6324,BTK6324,Batik Air,Tambolaka,TMC,WADT,09:10,01:10,09:20,10min late,10:06,18min early,46m,Landed
2026-05-07,IN640,LKN640,NAM Air,Tambolaka,TMC,WADT,09:10,01:10,09:13,3min late,09:59,10min early,46m,Landed
2026-05-07,8B5105,,Business Air,Jakarta,CGK,WIII,09:15,01:15,09:10,5min early,10:00,,1h 45m,Landed
2026-05-07,IW1848,WON1848,Wings Air,Lombok,LOP,WADL,09:25,01:25,09:49,24min late,10:13,1min early,24m,Landed
2026-05-07,8B5634,,TransNusa,Bima,BMU,WADB,09:35,01:35,09:35,on time,10:35,,1h 0m,Landed
2026-05-07,8B80,TNU080,TransNusa,Perth,PER,YPPH,09:40,01:40,09:36,3min early,13:04,20min early,3h 28m,Landed
2026-05-07,ID8333,BTK8333,Batik Air,Labuan Bajo,LBJ,WATO,10:00,02:00,10:10,10min late,10:58,11min early,47m,Landed
2026-05-07,IU122,SJV122,SW Italia,Yogyakarta,YIA,WAHI,10:00,02:00,10:02,2min late,10:11,18min early,1h 8m,Landed
2026-05-07,IU137,,SW Italia,Kupang,KOE,WATT,10:00,02:00,,,,,1h 45m,Cancelled
2026-05-07,SQ935,SIA935,Singapore Airlines,Singapore,SIN,WSSS,10:05,02:05,10:16,11min late,12:26,18min early,2h 9m,Landed
2026-05-07,8B553,,TransNusa,Singapore,SIN,WSSS,10:20,02:20,,,,,2h 55m,Cancelled
2026-05-07,8B5101,TNU5101,Business Air,Jakarta,CGK,WIII,10:25,02:25,10:37,12min late,11:07,7min early,1h 29m,Landed
2026-05-07,8G182,DTL182,Mid Africa Aviation,Dili,DIL,WPDL,10:35,02:35,10:57,22min late,13:31,1min late,1h 34m,Landed
2026-05-07,JT805,,Lion Air,Surabaya,SUB,WARR,10:35,02:35,,,,,1h 0m,Cancelled
2026-05-07,JT31,,Lion Air,Jakarta,CGK,WIII,11:05,03:05,11:05,,11:33,26min early,1h 28m,Landed
2026-05-07,IW1856,WON1856,Wings Air,Lombok,LOP,WADL,11:10,03:10,11:13,3min late,11:34,25min early,21m,Landed
2026-05-07,JQ126,JST126,Jetstar Airways,Adelaide,ADL,YPAD,11:15,03:15,11:18,3min late,17:18,11min early,4h 29m,Landed
2026-05-07,TR281,TGW281,Scoot,Singapore,SIN,WSSS,11:15,03:15,11:53,38min late,14:09,on time,2h 15m,Landed
2026-05-07,6E1606,IGO1606,IndiGo,Bangalore,BLR,VOBL,11:20,03:20,09:54,25min early,14:58,11min early,7h 34m,Landed
2026-05-07,QZ646,AWQ646,Indonesia AirAsia,Labuan Bajo,LBJ,WATO,11:25,03:25,11:30,5min late,12:20,19min early,50m,Landed
2026-05-07,JQ109,JST109,Jetstar Airways,Perth,PER,YPPH,11:40,03:40,11:56,16min late,15:23,1min early,3h 26m,Landed
2026-05-07,AK371,AXM371,AirAsia,Kuala Lumpur,KUL,WMKK,11:40,03:40,11:42,2min late,14:27,17min early,2h 45m,Landed
2026-05-07,IW1964,WON1964,Wings Air,Lombok,LOP,WADL,11:40,03:40,12:00,20min late,12:23,6min early,23m,Landed
2026-05-07,ID6331,BTK6331,Batik Air,Labuan Bajo,LBJ,WATO,11:45,03:45,12:10,25min late,13:04,4min late,53m,Landed
2026-05-07,IW1850,WON1850,Wings Air,Lombok,LOP,WADL,11:50,03:50,12:29,39min late,12:51,11min late,22m,Landed
2026-05-07,OD192,MXD192,Malindo Air,Kuala Lumpur,KUL,WMKK,11:55,03:55,12:17,22min late,14:58,6min early,2h 41m,Landed
2026-05-07,QZ809,AWQ809,Indonesia AirAsia,Jakarta,CGK,WIII,11:55,03:55,12:28,33min late,13:27,37min late,1h 59m,Landed
2026-05-07,GA407,GIA407,Garuda Indonesia,Jakarta,CGK,WIII,11:55,03:55,09:40,14min early,13:16,21min late,4h 35m,Landed
2026-05-07,QZ544,AWQ544,Indonesia AirAsia,Perth,PER,YPPH,12:00,04:00,12:23,23min late,16:08,18min late,3h 44m,Landed
2026-05-07,GA253,GIA253,Garuda Indonesia,Yogyakarta,YIA,WAHI,12:05,04:05,12:45,40min late,12:58,3min late,1h 13m,Landed
2026-05-07,JQ32,JST032,Jetstar Airways,Melbourne,MEL,YMML,12:05,04:05,12:26,21min late,19:46,6min late,5h 20m,Landed
2026-05-07,SQ937,SIA937,Singapore Airlines,Singapore,SIN,WSSS,12:10,04:10,12:20,10min late,14:39,15min early,2h 18m,Landed
2026-05-07,SJ7420,,Sriwijaya Air,Tambolaka,TMC,WADT,12:20,04:20,12:20,,13:20,,1h 0m,Landed
2026-05-07,JQ40,JST040,Jetstar Airways,Sydney,SYD,YSSY,12:20,04:20,12:33,13min late,20:17,2min late,5h 44m,Landed
2026-05-07,8B5254,TNU5254,TransNusa,Lombok,LOP,WADL,12:40,04:40,12:37,2min early,12:57,22min early,19m,Landed
2026-05-07,IP103,PAS103,Pelita Air Service,Jakarta,CGK,WIII,12:45,04:45,12:51,6min late,13:35,4min early,1h 44m,Landed
2026-05-07,IN643,,NAM Air,Tambolaka,TMC,WADT,12:50,04:50,12:50,on time,13:50,,1h 0m,Landed
2026-05-07,OD307,MXD307,Malindo Air,Kuala Lumpur,KUL,WMKK,13:00,05:00,13:26,26min late,16:05,5min late,2h 39m,Landed
2026-05-07,ID6509,BTK6509,Batik Air,Jakarta,CGK,WIII,13:00,05:00,13:31,31min late,14:06,11min late,1h 35m,Landed
2026-05-07,AK365,AXM365,AirAsia,Kuala Lumpur,KUL,WMKK,13:00,05:00,13:11,11min late,15:43,21min early,2h 32m,Landed
2026-05-07,MH714,MAS714,Malaysia Airlines,Kuala Lumpur,KUL,WMKK,13:05,05:05,13:39,34min late,16:17,17min late,2h 38m,Landed
2026-05-07,OD172,MXD172,Malindo Air,Kuala Lumpur,KUL,WMKK,13:10,05:10,13:28,18min late,16:10,9min early,2h 42m,Landed
2026-05-07,JQ58,JST058,Jetstar Airways,Brisbane,BNE,YBBN,13:15,05:15,13:35,20min late,20:23,31min early,4h 47m,Landed
2026-05-07,SQ939,SIA939,Singapore Airlines,Singapore,SIN,WSSS,13:15,05:15,13:22,7min late,15:40,19min early,2h 18m,Landed
2026-05-07,GA409,GIA409,Garuda Indonesia,Jakarta,CGK,WIII,13:25,05:25,13:55,30min late,14:31,6min late,1h 35m,Landed
2026-05-07,SL259,TLM259,Thai Lion Air,Bangkok,DMK,VTBD,13:25,05:25,13:41,16min late,17:14,24min late,4h 32m,Landed
2026-05-07,JT660,LNI660,Lion Air,Balikpapan,BPN,WALL,13:30,05:30,14:21,51min late,15:38,28min late,1h 17m,Landed
2026-05-07,QG687,CTV687,Citilink,Jakarta,CGK,WIII,13:45,05:45,13:46,1min late,14:19,20min early,1h 33m,Landed
2026-05-07,8B5107,TNU5107,Business Air,Jakarta,CGK,WIII,13:50,05:50,14:06,16min late,14:41,on time,1h 34m,Landed
2026-05-07,JT919,LNI919,Lion Air,Surabaya,SUB,WARR,13:55,05:55,15:53,58min late,20:34,39min late,5h 40m,Landed
2026-05-07,TR289,TGW289,Scoot,Singapore,SIN,WSSS,14:05,06:05,14:09,4min late,16:27,28min early,2h 17m,Landed
2026-05-07,VJ894,VJC894,VietJet Air,Ho Chi Minh City,SGN,VVTS,14:05,06:05,14:13,8min late,16:34,20min early,3h 20m,Landed
2026-05-07,ID6517,BTK6517,Batik Air,Jakarta,CGK,WIII,14:15,06:15,14:55,40min late,15:27,17min late,1h 32m,Landed
2026-05-07,IU130,,SW Italia,Semarang,SRG,WIIS,14:15,06:15,14:15,,14:35,,1h 20m,Landed
2026-05-07,ID7308,BTK7308,Batik Air,Jakarta,HLP,WIHH,14:20,06:20,19:33,13min late,20:05,55min late,1h 32m,Landed
2026-05-07,QZ556,AWQ556,Indonesia AirAsia,Kuala Lumpur,KUL,WMKK,14:45,06:45,14:48,3min late,17:31,8min early,2h 43m,Landed
2026-05-07,JT33,,Lion Air,Jakarta,CGK,WIII,14:45,06:45,,,,,1h 55m,Cancelled
2026-05-07,QG681,CTV681,Citilink,Jakarta,CGK,WIII,14:45,06:45,14:59,14min late,15:36,18min early,1h 37m,Landed
2026-05-07,IU120,,SW Italia,Yogyakarta,YIA,WAHI,15:00,07:00,15:00,,15:30,,1h 30m,Landed
2026-05-07,QG342,CTV342,Citilink,Makassar,UPG,WAAA,15:00,07:00,14:57,2min early,16:11,18min early,1h 14m,Landed
2026-05-07,JT844,LNI844,Lion Air,Banjarmasin,BDJ,WAOO,15:00,07:00,15:01,1min late,16:02,27min early,1h 1m,Landed
2026-05-07,JQ86,JST086,Jetstar Airways,Singapore,SIN,WSSS,15:05,07:05,15:35,30min late,18:01,1min late,2h 25m,Landed
2026-05-07,JQ44,JST044,Jetstar Airways,Melbourne,MEL,YMML,15:10,07:10,17:09,59min late,00:31,46min late,5h 22m,Landed
2026-05-07,VA50,VOZ050,Virgin Australia,Brisbane,BNE,YBBN,15:15,07:15,15:29,14min late,22:23,41min early,4h 53m,Landed
2026-05-07,GA842,GIA842,Garuda Indonesia,Singapore,SIN,WSSS,15:15,07:15,15:51,36min late,18:15,5min late,2h 23m,Landed
2026-05-07,AK377,AXM377,AirAsia,Kuala Lumpur,KUL,WMKK,15:25,07:25,15:40,15min late,18:19,10min early,2h 38m,Landed
2026-05-07,QG669,CTV669,Citilink,Surabaya,SUB,WARR,15:30,07:30,15:32,2min late,05:53,13min late,15h 21m,Landed
2026-05-07,IN281,,Nam Air,Jakarta,CGK,WIII,15:30,07:30,15:30,,13:50,19min early,,Landed
2026-05-07,JT740,LNI740,Lion Air,Makassar,UPG,WAAA,15:30,07:30,17:40,10min late,18:40,45min late,59m,Landed
2026-05-07,IP109,PAS109,Pelita Air Service,Jakarta,CGK,WIII,15:35,07:35,17:43,8min late,18:11,46min late,1h 27m,Landed
2026-05-07,QZ648,AWQ648,Indonesia AirAsia,Labuan Bajo,LBJ,WATO,15:45,07:45,16:40,55min late,17:28,33min late,48m,Landed
2026-05-07,GA411,GIA411,Garuda Indonesia,Jakarta,CGK,WIII,15:45,07:45,16:01,16min late,16:39,5min early,1h 38m,Landed
2026-05-07,VA92,VOZ092,Virgin Australia,Melbourne,MEL,YMML,15:50,07:50,16:18,28min late,23:30,5min late,5h 11m,Landed
2026-05-07,CI772,CAL772,China Airlines,Taipei,TPE,RCTP,15:55,07:55,16:05,10min late,20:49,30min early,4h 43m,Landed
2026-05-07,8B5256,,TransNusa,Lombok,LOP,WADL,15:55,07:55,15:55,,16:50,,55m,Landed
2026-05-07,SJ7161,,Sriwijaya Air,Makassar,UPG,WAAA,16:00,08:00,16:00,,17:20,,1h 20m,Landed
2026-05-07,VN640,HVN640,Vietnam Airlines,Ho Chi Minh City,SGN,VVTS,16:00,08:00,16:21,21min late,18:35,4min early,3h 14m,Landed
2026-05-07,QZ246,AWQ246,Indonesia AirAsia,Phuket,HKT,VTSP,16:10,08:10,16:26,16min late,18:51,18min early,3h 25m,Landed
2026-05-07,CX784,CPA784,Cathay Pacific,Hong Kong,HKG,VHHH,16:15,08:15,16:25,10min late,20:43,41min early,4h 18m,Landed
2026-05-07,8B82,TNU082,TransNusa,Perth,PER,YPPH,16:20,08:20,16:28,8min late,20:20,10min late,3h 51m,Landed
2026-05-07,MH850,MAS850,Malaysia Airlines,Kuala Lumpur,KUL,WMKK,16:25,08:25,16:46,21min late,19:31,3min early,2h 44m,Landed
2026-05-07,IW1852,WON1852,Wings Air,Lombok,LOP,WADL,16:30,08:30,16:53,23min late,17:16,3min early,22m,Landed
2026-05-07,BR256,EVA256,EVA Airways,Taipei,TPE,RCTP,16:30,08:30,16:58,28min late,21:42,17min early,4h 44m,Landed
2026-05-07,IU703,,SW Italia,Surabaya,SUB,WARR,16:40,08:40,,,,,1h 0m,Cancelled
2026-05-07,JT744,,Lion Air,Makassar,UPG,WAAA,16:40,08:40,,,,,1h 25m,Cancelled
2026-05-07,HO1356,DKH1356,Juneyao Airlines,Shanghai,PVG,ZSPD,16:50,08:50,17:00,10min late,23:07,27min early,6h 7m,Landed
2026-05-07,GA349,GIA349,Garuda Indonesia,Surabaya,SUB,WARR,16:55,08:55,17:24,29min late,17:07,2min early,42m,Landed
2026-05-07,TG432,THA432,Thai Airways International,Bangkok,BKK,VTBS,16:55,08:55,17:15,20min late,19:56,8min early,3h 41m,Landed
2026-05-07,ID6335,BTK6335,Batik Air,Labuan Bajo,LBJ,WATO,17:00,09:00,17:16,16min late,18:06,8min early,50m,Landed
2026-05-07,GA419,GIA419,Garuda Indonesia,Jakarta,CGK,WIII,17:25,09:25,17:53,28min late,18:31,6min late,1h 37m,Landed
2026-05-07,TR243,TGW243,Scoot,Singapore,SIN,WSSS,17:35,09:35,17:58,23min late,20:14,10min early,2h 16m,Landed
2026-05-07,IU759,,SW Italia,Jakarta,CGK,WIII,17:40,09:40,,,,,1h 55m,Cancelled
2026-05-07,IP107,,Pelita Air Service,Jakarta,CGK,WIII,17:40,09:40,17:40,on time,18:30,,1h 50m,Landed
2026-05-07,QZ821,AWQ821,Indonesia AirAsia,Jakarta,CGK,WIII,18:00,10:00,17:50,9min early,18:22,27min early,1h 31m,Landed
2026-05-07,6E1608,IGO1608,IndiGo,Chennai,MAA,VOMM,18:00,10:00,16:23,36min early,21:34,on time,7h 40m,Landed
2026-05-07,OD193,MXD193,Malindo Air,Perth,PER,YPPH,18:10,10:10,18:05,4min early,21:37,7min early,3h 32m,Landed
2026-05-07,IU126,SJV126,SW Italia,Surakarta,SOC,WAHQ,18:10,10:10,18:10,on time,18:12,17min early,1h 1m,Landed
2026-05-07,ID6552,BTK6552,Batik Air,Kupang,KOE,WATT,18:25,10:25,20:08,43min late,08:02,47min late,11h 54m,Landed
2026-05-07,GA417,GIA417,Garuda Indonesia,Jakarta,CGK,WIII,18:30,10:30,18:45,15min late,19:21,8min early,1h 36m,Landed
2026-05-07,IN283,,NAM Air,Jakarta,CGK,WIII,18:30,10:30,18:30,,19:10,,1h 40m,Landed
2026-05-07,QR963,QTR963,Qatar Airways,Doha,DOH,OTHH,18:35,10:35,18:40,5min late,22:47,52min early,9h 7m,Landed
2026-05-07,EY477,,Etihad Airways,Abu Dhabi,AUH,OMAA,18:45,10:45,18:52,7min late,23:32,7min early,8h 39m,Landed
2026-05-07,CX782,CPA782,Cathay Pacific,Hong Kong,HKG,VHHH,18:50,10:50,18:59,9min late,23:33,31min early,4h 34m,Landed
2026-05-07,IP105,,Pelita Air Service,Jakarta,CGK,WIII,18:50,10:50,18:50,on time,19:40,,1h 50m,Landed
2026-05-07,QG689,CTV689,Citilink,Jakarta,CGK,WIII,18:55,10:55,19:24,29min late,20:05,10min late,1h 40m,Landed
2026-05-07,8B5258,TNU5258,TransNusa,Lombok,LOP,WADL,18:55,10:55,18:15,39min early,18:38,56min early,23m,Landed
2026-05-07,TG440,THA440,Thai Airways International,Bangkok,BKK,VTBS,19:00,11:00,18:22,37min early,22:33,23min late,5h 10m,Landed
2026-05-07,6E1612,IGO1612,IndiGo,Bhubaneswar,BBI,VEBS,19:10,11:10,19:30,20min late,23:02,12min late,6h 1m,Landed
2026-05-07,MH852,MAS852,Malaysia Airlines,Kuala Lumpur,KUL,WMKK,19:20,11:20,19:29,9min late,22:05,14min early,2h 35m,Landed
2026-05-07,QG699,,Citilink,Surabaya,SUB,WARR,19:25,11:25,22:43,18min late,22:24,44min late,41m,Landed
2026-05-07,ID7310,BTK7310,Batik Air,Jakarta,HLP,WIHH,19:25,11:25,19:32,7min late,20:05,9min early,1h 32m,Landed
2026-05-07,EK369,UAE369,Emirates,Dubai,DXB,OMDB,19:45,11:45,20:14,29min late,00:59,9min late,8h 45m,Landed
2026-05-07,AK379,AXM379,AirAsia,Kuala Lumpur,KUL,WMKK,19:45,11:45,20:08,23min late,22:41,8min early,2h 32m,Landed
2026-05-07,IU133,SJV133,SW Italia,Semarang,SRG,WIIS,19:50,11:50,20:03,13min late,19:59,10min early,56m,Landed
2026-05-07,8B969,TNU969,TransNusa,Guangzhou,CAN,ZGGG,19:50,11:50,19:48,1min early,00:41,23min early,4h 52m,Landed
2026-05-07,GA421,GIA421,Garuda Indonesia,Jakarta,CGK,WIII,19:50,11:50,19:55,5min late,20:31,18min early,1h 35m,Landed
2026-05-07,JT923,LNI923,Lion Air,Surabaya,SUB,WARR,19:55,11:55,20:50,55min late,20:33,38min late,43m,Landed
2026-05-07,QG697,CTV697,Citilink,Surabaya,SUB,WARR,20:00,12:00,20:25,25min late,15:52,52min late,20h 27m,Landed
2026-05-07,SQ945,SIA945,Singapore Airlines,Singapore,SIN,WSSS,20:00,12:00,20:20,20min late,22:29,10min early,2h 8m,Landed
2026-05-07,ID6415,BTK6415,Batik Air,Surabaya,SUB,WARR,20:30,12:30,20:34,4min late,20:18,11min early,44m,Landed
2026-05-07,GA415,GIA415,Garuda Indonesia,Jakarta,CGK,WIII,20:40,12:40,20:52,12min late,21:34,5min early,1h 41m,Landed
2026-05-07,QG195,,Citilink,Jakarta,HLP,WIHH,20:40,12:40,21:14,34min late,21:42,7min late,1h 28m,Landed
2026-05-07,KL836,KLM836,KLM Royal Dutch Airlines,Singapore,SIN,WSSS,20:45,12:45,21:13,28min late,23:28,3min late,2h 14m,Landed
2026-05-07,TK67,THY067,Turkish Airlines,Istanbul,IST,LTFM,20:45,12:45,21:17,32min late,10:10,25min late,17h 52m,Landed
2026-05-07,OD177,MXD177,Malindo Air,Melbourne,MEL,YMML,21:00,13:00,21:25,25min late,04:44,4min late,5h 18m,Landed
2026-05-07,JT23,LNI023,Lion Air,Jakarta,CGK,WIII,21:07,13:07,21:07,on time,21:41,on time,1h 34m,Landed
2026-05-07,QG667,CTV667,Citilink,Jakarta,CGK,WIII,21:10,13:10,21:11,1min late,21:44,25min early,1h 32m,Landed
2026-05-07,JT15,LNI015,Lion Air,Jakarta,CGK,WIII,21:15,13:15,21:43,28min late,22:15,5min late,1h 32m,Landed
2026-05-07,JQ34,JST034,Jetstar Airways,Melbourne,MEL,YMML,21:20,13:20,21:54,34min late,05:15,20min late,5h 21m,Landed
2026-05-07,JQ117,JST117,Jetstar Airways,Perth,PER,YPPH,21:30,13:30,21:36,6min late,00:57,22min early,3h 21m,Landed
2026-05-07,SJ273,,Sriwijaya Air,Jakarta,CGK,WIII,21:35,13:35,21:35,,22:15,,1h 40m,Landed
2026-05-07,GA425,GIA425,Garuda Indonesia,Jakarta,CGK,WIII,21:40,13:40,21:34,5min early,22:16,28min early,1h 42m,Landed
2026-05-07,SQ947,SIA947,Singapore Airlines,Singapore,SIN,WSSS,21:40,13:40,21:45,5min late,23:56,19min early,2h 10m,Landed
2026-05-07,TK311,THY311,Turkish Airlines,Istanbul,IST,LTFM,21:45,13:45,22:00,15min late,05:39,5min early,12h 39m,Landed
2026-05-07,OD157,MXD157,Malindo Air,Brisbane,BNE,YBBN,22:00,14:00,22:18,18min late,05:17,32min early,4h 58m,Landed
2026-05-07,OD171,MXD171,Malindo Air,Sydney,SYD,YSSY,22:15,14:15,22:32,17min late,06:07,2min late,5h 35m,Landed
2026-05-07,AK375,AXM375,AirAsia,Kuala Lumpur,KUL,WMKK,22:15,14:15,22:25,10min late,01:06,13min early,2h 40m,Landed
2026-05-07,QF44,QFA044,Qantas,Sydney,SYD,YSSY,22:20,14:20,22:36,16min late,06:01,8min early,5h 25m,Landed
2026-05-07,JQ38,JST038,Jetstar Airways,Sydney,SYD,YSSY,22:35,14:35,22:44,9min late,06:12,17min early,5h 28m,Landed
2026-05-07,7C5304,JJA5304,Jeju Air,Seoul,ICN,RKSI,22:45,14:45,22:59,14min late,06:52,22min early,6h 53m,Landed
2026-05-07,VA96,VOZ096,Virgin Australia,Melbourne,MEL,YMML,23:05,15:05,23:36,31min late,06:47,7min late,5h 10m,Landed
2026-05-07,8B5109,TNU5109,TransNusa,Jakarta,CGK,WIII,23:10,15:10,23:05,4min early,23:38,11min early,1h 33m,Landed
2026-05-07,GA714,GIA714,Garuda Indonesia,Sydney,SYD,YSSY,23:25,15:25,23:50,25min late,07:09,on time,5h 19m,Landed
2026-05-07,JQ50,JST050,Jetstar Airways,Melbourne,AVV,YMAV,23:25,15:25,23:24,on time,06:39,20min early,5h 15m,Landed
2026-05-07,VA68,VOZ068,Virgin Australia,Sydney,SYD,YSSY,23:35,15:35,23:45,10min late,07:03,31min early,5h 18m,Landed
2026-05-07,KE432,,Korean Air Lines,Seoul,ICN,RKSI,23:45,15:45,23:55,10min late,07:23,31min early,6h 27m,Landed
2026-05-07,JQ94,JST094,Jetstar Airways,Gold Coast,OOL,YBCG,23:45,15:45,00:08,23min late,06:59,15min early,4h 51m,Landed
2026-05-07,JQ89,JST089,Jetstar Airways,Newcastle,NTL,YWLM,23:50,15:50,23:59,9min late,07:12,27min early,5h 12m,Landed
2026-05-08,BX602,ABL602,Air Busan,Busan,PUS,RKPK,00:05,16:05,00:22,17min late,07:54,5min early,6h 31m,Landed
2026-05-08,TW158,TWB158,T'Way Air,Cheongju,CJJ,RKTU,00:15,16:15,00:50,35min late,12:43,8min late,10h 53m,Landed
2026-05-08,GA880,GIA880,Garuda Indonesia,Tokyo,NRT,RJAA,00:20,16:20,00:47,27min late,08:33,16min early,6h 45m,Landed
2026-05-08,MF892,CXA892,Xiamen Airlines,Xiamen,XMN,ZSAM,00:30,16:30,00:16,13min early,05:43,21min early,5h 26m,Landed
2026-05-08,EK399,UAE399,Emirates,Dubai,DXB,OMDB,00:35,16:35,00:43,8min late,05:25,9min early,8h 42m,Landed
2026-05-08,QR961,,Qatar Airways,Doha,DOH,OTHH,00:35,16:35,00:34,on time,20:34,54min late,,Landed
2026-05-08,CZ626,CSN626,China Southern Airlines,Guangzhou,CAN,ZGGG,00:40,16:40,00:45,5min late,05:27,27min early,4h 41m,Landed
2026-05-08,PR538,PAL538,Philippine Airlines,Manila,MNL,RPLL,00:55,16:55,01:34,39min late,05:03,3min late,3h 28m,Landed
2026-05-08,MU5030,CES5030,China Eastern Airlines,Shanghai,PVG,ZSPD,00:55,16:55,01:16,21min late,07:18,41min early,6h 1m,Landed
2026-05-08,SJ726,,Sriwijaya Air,Makassar,UPG,WAAA,01:00,17:00,01:00,,02:20,,1h 20m,Landed
2026-05-08,5J282,CEB282,CEBU Pacific Air,Manila,MNL,RPLL,01:00,17:00,01:01,1min late,04:28,51min early,3h 26m,Landed
2026-05-08,GA652,GIA652,Garuda Indonesia,Timika,TIM,WABP,01:05,17:05,01:22,17min late,05:45,on time,3h 23m,Landed
2026-05-08,KE434,KAL434,Korean Air Lines,Seoul,ICN,RKSI,01:10,17:10,01:26,16min late,08:50,34min early,6h 23m,Landed
2026-05-08,8B5888,TNU5888,TransNusa,Manado,MDC,WAMM,01:30,17:30,01:32,2min late,03:43,16min early,2h 11m,Landed
2026-05-08,GA401,GIA401,Garuda Indonesia,Jakarta,CGK,WIII,06:50,22:50,07:01,11min late,07:34,15min early,1h 33m,Landed
2026-05-08,JT944,,Lion Air,Makassar,UPG,WAAA,07:00,23:00,08:20,20min late,09:21,56min late,1h 1m,Landed
2026-05-08,JT746,LNI746,Lion Air,Makassar,UPG,WAAA,07:00,23:00,07:05,5min late,11:34,9min late,4h 28m,Landed
2026-05-08,IU705,SJV705,SW Italia,Surabaya,SUB,WARR,07:00,23:00,07:25,25min late,07:02,2min late,37m,Landed
2026-05-08,JQ82,JST082,Jetstar Airways,Darwin,DRW,YPDN,07:00,23:00,11:38,38min late,15:27,12min late,2h 19m,Landed
2026-05-08,QZ807,AWQ807,Indonesia AirAsia,Jakarta,CGK,WIII,07:00,23:00,07:23,23min late,07:52,7min early,1h 29m,Landed
2026-05-08,QZ534,AWQ534,Indonesia AirAsia,Perth,PER,YPPH,07:05,23:05,07:40,35min late,11:22,22min late,3h 41m,Landed
2026-05-08,QZ644,AWQ644,Indonesia AirAsia,Labuan Bajo,LBJ,WATO,07:10,23:10,07:18,8min late,08:05,9min early,46m,Landed
2026-05-08,8B5250,TNU5250,TransNusa,Lombok,LOP,WADL,07:15,23:15,07:08,6min early,07:29,25min early,21m,Landed
2026-05-08,SQ949,SIA949,Singapore Airlines,Singapore,SIN,WSSS,07:15,23:15,07:28,13min late,09:41,18min early,2h 12m,Landed
2026-05-08,8B551,,Business Air,Singapore,SIN,WSSS,07:30,23:30,,,,,2h 25m,Cancelled
2026-05-08,ID6333,BTK6333,Batik Air,Labuan Bajo,LBJ,WATO,07:55,23:55,08:39,44min late,09:30,20min late,50m,Landed
2026-05-08,IW1858,WON1858,Wings Air,Lombok,LOP,WADL,08:05,00:05,08:06,1min late,08:32,22min early,26m,Landed
2026-05-08,JT21,LNI021,Lion Air,Jakarta,CGK,WIII,08:05,00:05,08:10,5min late,08:38,22min early,1h 27m,Landed
2026-05-08,HX706,CRK706,Hong Kong Airlines,Hong Kong,HKG,VHHH,08:05,00:05,08:35,30min late,13:13,6min early,4h 38m,Landed
2026-05-08,QZ803,AWQ803,Indonesia AirAsia,Jakarta,CGK,WIII,08:30,00:30,08:37,7min late,09:06,13min early,1h 29m,Landed
2026-05-08,5J280,CEB280,CEBU Pacific Air,Manila,MNL,RPLL,08:35,00:35,08:57,22min late,12:39,15min early,3h 42m,Landed
2026-05-08,CZ8482,CSN8482,China Southern Airlines,Guangzhou,CAN,ZGGG,08:40,00:40,08:42,2min late,13:42,7min early,4h 59m,Landed
2026-05-08,IW1882,WON1882,Wings Air,Sumbawa Besar,SWQ,WADS,08:55,00:55,09:06,11min late,09:48,11min early,41m,Landed
2026-05-08,IW3330,,Wings Air,,,,09:00,01:00,09:18,18min late,11:39,5min early,2h 21m,Landed
2026-05-08,QG500,CTV500,Citilink,Dili,DIL,WPDL,09:00,01:00,09:01,1min late,11:42,22min early,1h 41m,Landed
2026-05-08,QG691,CTV691,Citilink,Surabaya,SUB,WARR,09:05,01:05,09:03,1min early,12:28,13min late,4h 25m,Landed
2026-05-08,IN640,LKN640,NAM Air,Tambolaka,TMC,WADT,09:10,01:10,09:24,14min late,10:08,1min early,43m,Landed
2026-05-08,SJ740,,Sriwijaya Air,Waingapu,WGP,WADW,09:10,01:10,09:10,,10:30,,1h 20m,Landed
2026-05-08,ID6324,BTK6324,Batik Air,Tambolaka,TMC,WADT,09:10,01:10,09:12,2min late,09:53,31min early,41m,Landed
2026-05-08,8B5105,TNU5105,TransNusa,Jakarta,CGK,WIII,09:15,01:15,09:15,on time,09:45,14min early,1h 30m,Landed
2026-05-08,IW1848,WON1848,Wings Air,Lombok,LOP,WADL,09:25,01:25,10:16,51min late,10:40,25min late,23m,Landed
2026-05-08,ID6007,BTK6007,Batik Air,Perth,PER,YPPH,09:30,01:30,09:43,13min late,13:09,5min early,3h 26m,Landed
2026-05-08,8B5634,TNU5634,TransNusa,Bima,BMU,WADB,09:35,01:35,09:39,4min late,10:25,9min early,45m,Landed
2026-05-08,8B80,TNU080,Business Air,Perth,PER,YPPH,09:40,01:40,09:46,6min late,13:23,1min early,3h 36m,Landed
2026-05-08,QG197,CTV197,Citilink,Jakarta,HLP,WIHH,09:45,01:45,10:04,19min late,10:34,5min early,1h 29m,Landed
2026-05-08,IU122,,SW Italia,Yogyakarta,YIA,WAHI,10:00,02:00,10:48,48min late,10:30,,1h 30m,Landed
2026-05-08,IU137,SJV137,SW Italia,Kupang,KOE,WATT,10:00,02:00,10:09,9min late,16:40,55min late,6h 31m,Landed
2026-05-08,SU297,AFL297,Aeroflot,Moscow,SVO,UUEE,10:05,02:05,10:14,9min late,18:08,6min early,12h 53m,Landed
2026-05-08,SQ935,SIA935,Singapore Airlines,Singapore,SIN,WSSS,10:05,02:05,10:11,6min late,12:30,15min early,2h 18m,Landed
2026-05-08,8B553,TNU553,Business Air,Singapore,SIN,WSSS,10:20,02:20,10:24,4min late,12:51,24min early,2h 26m,Landed
2026-05-08,8B5101,,TransNusa,Jakarta,CGK,WIII,10:25,02:25,10:25,,11:15,,1h 50m,Landed
2026-05-08,JT805,LNI805,Lion Air,Surabaya,SUB,WARR,10:35,02:35,10:39,4min late,16:01,26min late,6h 21m,Landed
2026-05-08,8G182,,Mid Africa Aviation,Dili,DIL,WPDL,10:35,02:35,10:35,,13:21,8min early,1h 46m,Landed
2026-05-08,JT31,LNI031,Lion Air,Jakarta,CGK,WIII,11:05,03:05,11:06,1min late,11:39,20min early,1h 32m,Landed
2026-05-08,JQ126,JST126,Jetstar Airways,Adelaide,ADL,YPAD,11:15,03:15,11:38,23min late,17:34,4min late,4h 26m,Landed
2026-05-08,TR281,TGW281,Scoot,Singapore,SIN,WSSS,11:15,03:15,11:22,7min late,13:38,31min early,2h 15m,Landed
2026-05-08,6E1606,IGO1606,IndiGo,Bangalore,BLR,VOBL,11:20,03:20,11:14,5min early,15:04,5min early,6h 19m,Landed
2026-05-08,QZ646,AWQ646,Indonesia AirAsia,Labuan Bajo,LBJ,WATO,11:25,03:25,11:33,8min late,12:23,16min early,49m,Landed
2026-05-08,IW1964,WON1964,Wings Air,Lombok,LOP,WADL,11:40,03:40,12:11,31min late,12:33,3min late,22m,Landed
2026-05-08,JQ109,JST109,Jetstar Airways,Perth,PER,YPPH,11:40,03:40,11:42,2min late,15:00,24min early,3h 18m,Landed
2026-05-08,ID6331,BTK6331,Batik Air,Labuan Bajo,LBJ,WATO,11:45,03:45,12:31,46min late,13:22,22min late,50m,Landed
2026-05-08,OD192,MXD192,Malindo Air,Kuala Lumpur,KUL,WMKK,11:55,03:55,12:02,7min late,14:45,19min early,2h 42m,Landed
2026-05-08,GA407,GIA407,Garuda Indonesia,Jakarta,CGK,WIII,11:55,03:55,12:15,20min late,12:47,7min early,1h 31m,Landed
2026-05-08,QZ544,AWQ544,Indonesia AirAsia,Perth,PER,YPPH,12:00,04:00,12:18,18min late,15:49,on time,3h 31m,Landed
2026-05-08,JQ32,JST032,Jetstar Airways,Melbourne,MEL,YMML,12:05,04:05,12:13,8min late,19:36,3min early,5h 23m,Landed
2026-05-08,GA253,GIA253,Garuda Indonesia,Yogyakarta,YIA,WAHI,12:05,04:05,12:37,32min late,12:47,7min early,1h 10m,Landed
2026-05-08,SQ937,SIA937,Singapore Airlines,Singapore,SIN,WSSS,12:10,04:10,12:57,47min late,15:11,16min late,2h 13m,Landed
2026-05-08,SJ742,,Sriwijaya Air,Tambolaka,TMC,WADT,12:10,04:10,12:10,,13:10,,1h 0m,Landed
2026-05-08,JQ40,JST040,Jetstar Airways,Sydney,SYD,YSSY,12:20,04:20,12:20,on time,19:47,27min early,5h 27m,Landed
2026-05-08,OD178,MXD178,Malindo Air,Kuala Lumpur,KUL,WMKK,12:25,04:25,12:40,15min late,15:27,7min early,2h 47m,Landed
2026-05-08,8B5254,TNU5254,TransNusa,Lombok,LOP,WADL,12:40,04:40,13:13,33min late,13:32,12min late,19m,Landed
2026-05-08,IP103,PAS103,Pelita Air Service,Jakarta,CGK,WIII,12:45,04:45,12:44,on time,13:18,21min early,1h 34m,Landed
2026-05-08,OD158,MXD158,Malindo Air,Kuala Lumpur,KUL,WMKK,12:45,04:45,12:58,13min late,15:52,2min early,2h 53m,Landed
2026-05-08,ID6509,BTK6509,Batik Air,Jakarta,CGK,WIII,13:00,05:00,13:09,9min late,13:37,17min early,1h 27m,Landed
2026-05-08,AK365,AXM365,AirAsia,Kuala Lumpur,KUL,WMKK,13:00,05:00,13:13,13min late,15:58,6min early,2h 45m,Landed
2026-05-08,OD307,MXD307,Malindo Air,Kuala Lumpur,KUL,WMKK,13:00,05:00,13:34,34min late,16:26,26min late,2h 52m,Landed
2026-05-08,MH714,MAS714,Malaysia Airlines,Kuala Lumpur,KUL,WMKK,13:05,05:05,13:42,37min late,16:32,32min late,2h 50m,Landed
2026-05-08,OD172,MXD172,Malindo Air,Kuala Lumpur,KUL,WMKK,13:10,05:10,13:33,23min late,16:14,5min early,2h 41m,Landed
2026-05-08,JQ58,JST058,Jetstar Airways,Brisbane,BNE,YBBN,13:15,05:15,13:47,32min late,20:30,24min early,4h 43m,Landed
2026-05-08,JT35,,Lion Air,Jakarta,CGK,WIII,13:15,05:15,,,,,1h 55m,Cancelled
2026-05-08,SQ939,SIA939,Singapore Airlines,Singapore,SIN,WSSS,13:15,05:15,13:31,16min late,16:04,4min late,2h 33m,Landed
2026-05-08,GA409,GIA409,Garuda Indonesia,Jakarta,CGK,WIII,13:25,05:25,13:49,24min late,14:27,2min late,1h 38m,Landed
2026-05-08,SL259,TLM259,Thai Lion Air,Bangkok,DMK,VTBD,13:25,05:25,13:39,14min late,16:44,5min early,4h 4m,Landed
2026-05-08,JT660,LNI660,Lion Air,Balikpapan,BPN,WALL,13:30,05:30,13:35,5min late,17:17,7min late,3h 41m,Landed
2026-05-08,QG687,CTV687,Citilink,Jakarta,CGK,WIII,13:45,05:45,13:45,on time,14:32,7min early,1h 46m,Landed
2026-05-08,8B5107,TNU5107,TransNusa,Jakarta,CGK,WIII,13:50,05:50,17:57,7min late,18:25,45min late,1h 28m,Landed
2026-05-08,JT919,,Lion Air,Surabaya,SUB,WARR,13:55,05:55,,,,,1h 0m,Cancelled
2026-05-08,VJ894,VJC894,VietJet Air,Ho Chi Minh City,SGN,VVTS,14:05,06:05,14:13,8min late,16:39,15min early,3h 26m,Landed
2026-05-08,TR289,TGW289,Scoot,Singapore,SIN,WSSS,14:05,06:05,14:17,12min late,16:36,18min early,2h 18m,Landed
2026-05-08,IU130,SJV130,SW Italia,Semarang,SRG,WIIS,14:15,06:15,15:08,53min late,15:09,34min late,1h 0m,Landed
2026-05-08,ID6517,BTK6517,Batik Air,Jakarta,CGK,WIII,14:15,06:15,14:45,30min late,15:16,6min late,1h 30m,Landed
2026-05-08,ID7308,BTK7308,Batik Air,Jakarta,HLP,WIHH,14:20,06:20,14:33,13min late,14:58,11min early,1h 25m,Landed
2026-05-08,GA653,GIA653,Garuda Indonesia,Jakarta,CGK,WIII,14:30,06:30,15:01,31min late,15:37,7min late,1h 35m,Landed
2026-05-08,AI2148,AIC2148,Air India,Delhi,DEL,VIDP,14:35,06:35,14:27,7min early,19:44,24min late,7h 47m,Landed
2026-05-08,QG681,CTV681,Citilink,Jakarta,CGK,WIII,14:45,06:45,14:52,7min late,15:29,25min early,1h 36m,Landed
2026-05-08,JT33,,Lion Air,Jakarta,CGK,WIII,14:45,06:45,,,,,1h 55m,Cancelled
2026-05-08,JQ88,JST088,Jetstar Airways,Singapore,SIN,WSSS,14:55,06:55,15:03,8min late,17:31,28min early,2h 28m,Landed
2026-05-08,JQ107,JST107,Jetstar Airways,Perth,PER,YPPH,15:00,07:00,15:11,11min late,18:43,6min early,3h 32m,Landed
2026-05-08,QG342,CTV342,Citilink,Makassar,UPG,WAAA,15:00,07:00,15:12,12min late,16:18,11min early,1h 5m,Landed
2026-05-08,JT844,,Lion Air,Banjarmasin,BDJ,WAOO,15:00,07:00,15:03,3min late,16:04,25min early,1h 1m,Landed
2026-05-08,IU120,SJV120,SW Italia,Yogyakarta,YIA,WAHI,15:00,07:00,15:22,22min late,15:28,1min early,1h 5m,Landed
2026-05-08,JQ44,JST044,Jetstar Airways,Melbourne,MEL,YMML,15:10,07:10,21:24,14min late,04:24,39min late,5h 0m,Landed
2026-05-08,GA842,GIA842,Garuda Indonesia,Singapore,SIN,WSSS,15:15,07:15,16:05,50min late,18:26,16min late,2h 20m,Landed
2026-05-08,VA50,VOZ050,Virgin Australia,Brisbane,BNE,YBBN,15:15,07:15,16:06,51min late,23:09,4min late,5h 2m,Landed
2026-05-08,8B82,TNU082,TransNusa,Perth,PER,YPPH,15:20,07:20,15:40,20min late,19:10,on time,3h 29m,Landed
2026-05-08,AK377,AXM377,AirAsia,Kuala Lumpur,KUL,WMKK,15:25,07:25,15:46,21min late,18:28,1min early,2h 41m,Landed
2026-05-08,JT740,LNI740,Lion Air,Makassar,UPG,WAAA,15:30,07:30,15:38,8min late,16:34,20min early,56m,Landed
2026-05-08,QG669,CTV669,Citilink,Surabaya,SUB,WARR,15:30,07:30,15:58,28min late,15:51,11min late,52m,Landed
2026-05-08,IP109,PAS109,Pelita Air Service,Jakarta,CGK,WIII,15:35,07:35,15:42,7min late,16:13,11min early,1h 31m,Landed
2026-05-08,IW1850,WON1850,Wings Air,Lombok,LOP,WADL,15:40,07:40,16:19,39min late,16:41,11min late,22m,Landed
2026-05-08,SJ717,,Sriwijaya Air,Makassar,UPG,WAAA,15:40,07:40,15:40,,17:00,,1h 20m,Landed
2026-05-08,GA411,GIA411,Garuda Indonesia,Jakarta,CGK,WIII,15:45,07:45,16:13,28min late,16:54,9min late,1h 41m,Landed
2026-05-08,VA92,VOZ092,Virgin Australia,Melbourne,MEL,YMML,15:50,07:50,16:45,55min late,23:52,27min late,5h 6m,Landed
2026-05-08,8B5256,TNU5256,Business Air,Lombok,LOP,WADL,15:55,07:55,16:09,14min late,16:27,22min early,18m,Landed
2026-05-08,CI772,CAL772,China Airlines,Taipei,TPE,RCTP,15:55,07:55,16:01,6min late,20:54,25min early,4h 53m,Landed
2026-05-08,VN640,HVN640,Vietnam Airlines,Ho Chi Minh City,SGN,VVTS,16:00,08:00,16:11,11min late,18:25,14min early,3h 13m,Landed
2026-05-08,QZ246,AWQ246,Indonesia AirAsia,Phuket,HKT,VTSP,16:10,08:10,16:24,14min late,18:56,13min early,3h 31m,Landed
2026-05-08,CX784,CPA784,Cathay Pacific,Hong Kong,HKG,VHHH,16:15,08:15,16:31,16min late,20:50,34min early,4h 18m,Landed
2026-05-08,MH850,,Malaysia Airlines,Kuala Lumpur,KUL,WMKK,16:25,08:25,16:35,10min late,19:27,7min early,2h 51m,Landed
2026-05-08,BR256,EVA256,EVA Airways,Taipei,TPE,RCTP,16:30,08:30,16:51,21min late,21:53,6min early,5h 2m,Landed
2026-05-08,IW1852,WON1852,Wings Air,Lombok,LOP,WADL,16:30,08:30,16:40,10min late,17:04,15min early,23m,Landed
2026-05-08,AK369,AXM369,AirAsia,Kuala Lumpur,KUL,WMKK,16:40,08:40,16:47,7min late,19:28,16min early,2h 40m,Landed
2026-05-08,JT744,,Lion Air,Makassar,UPG,WAAA,16:40,08:40,,,,,1h 25m,Cancelled
2026-05-08,IU703,SJV703,SW Italia,Surabaya,SUB,WARR,16:40,08:40,19:09,29min late,18:55,15min late,46m,Landed
2026-05-08,HO1356,DKH1356,Juneyao Airlines,Shanghai,PVG,ZSPD,16:50,08:50,16:57,7min late,22:54,40min early,5h 57m,Landed
2026-05-08,GA349,GIA349,Garuda Indonesia,Surabaya,SUB,WARR,16:55,08:55,17:18,23min late,17:05,4min early,47m,Landed
2026-05-08,TG432,THA432,Thai Airways International,Bangkok,BKK,VTBS,16:55,08:55,16:59,4min late,19:55,9min early,3h 56m,Landed
2026-05-08,IU273,,SW Italia,Pontianak,PNK,WIOO,17:00,09:00,,,,,2h 5m,Cancelled
2026-05-08,ID6335,BTK6335,Batik Air,Labuan Bajo,LBJ,WATO,17:00,09:00,17:02,2min late,17:57,17min early,55m,Landed
2026-05-08,GA419,GIA419,Garuda Indonesia,Jakarta,CGK,WIII,17:25,09:25,17:46,21min late,18:21,3min early,1h 35m,Landed
2026-05-08,JT23,LNI023,Lion Air,Jakarta,CGK,WIII,17:26,09:26,17:26,on time,18:01,on time,1h 35m,Landed
2026-05-08,VJ998,VJC998,VietJet Air,Hanoi,HAN,VVNB,17:30,09:30,17:30,on time,01:59,14min late,9h 28m,Landed
2026-05-08,TR243,TGW243,Scoot,Singapore,SIN,WSSS,17:35,09:35,17:49,14min late,20:14,11min early,2h 24m,Landed
2026-05-08,IP107,,Pelita Air Service,Jakarta,CGK,WIII,17:40,09:40,17:40,,18:30,,1h 50m,Landed
2026-05-08,IU759,,SW Italia,Jakarta,CGK,WIII,17:40,09:40,,,,,1h 55m,Cancelled
2026-05-08,NZ291,ANZ291,Air New Zealand,Auckland,AKL,NZAA,17:50,09:50,18:51,1min late,05:38,8min late,6h 47m,Landed
2026-05-08,QZ821,AWQ821,Indonesia AirAsia,Jakarta,CGK,WIII,18:00,10:00,18:06,6min late,18:38,11min early,1h 32m,Landed
2026-05-08,6E1608,IGO1608,IndiGo,Chennai,MAA,VOMM,18:00,10:00,19:21,21min late,23:02,27min late,6h 11m,Landed
2026-05-08,IU126,SJV126,SW Italia,Surakarta,SOC,WAHQ,18:10,10:10,18:36,26min late,18:38,8min late,1h 2m,Landed
2026-05-08,OD193,MXD193,Malindo Air,Perth,PER,YPPH,18:10,10:10,19:05,55min late,22:36,51min late,3h 31m,Landed
2026-05-08,ID6552,BTK6552,Batik Air,Kupang,KOE,WATT,18:25,10:25,18:32,7min late,19:49,25min early,1h 17m,Landed
2026-05-08,IN281,LKN281,Nam Air,Jakarta,CGK,WIII,18:30,10:30,18:45,15min late,19:29,19min late,1h 44m,Landed
2026-05-08,GA417,GIA417,Garuda Indonesia,Jakarta,CGK,WIII,18:30,10:30,18:40,10min late,19:19,10min early,1h 39m,Landed
2026-05-08,QR963,QTR963,Qatar Airways,Doha,DOH,OTHH,18:35,10:35,19:34,59min late,00:12,32min late,9h 38m,Landed
2026-05-08,EY477,ETD477,Etihad Airways,Abu Dhabi,AUH,OMAA,18:45,10:45,19:11,26min late,10:25,45min late,19h 13m,Landed
2026-05-08,CX782,CPA782,Cathay Pacific,Hong Kong,HKG,VHHH,18:50,10:50,19:01,11min late,23:41,23min early,4h 40m,Landed
2026-05-08,QG689,CTV689,Citilink,Jakarta,CGK,WIII,18:55,10:55,18:13,41min early,19:46,8min early,2h 33m,Landed
2026-05-08,8B5258,TNU5258,TransNusa,Lombok,LOP,WADL,18:55,10:55,19:51,56min late,20:10,35min late,19m,Landed
2026-05-08,TG440,THA440,Thai Airways International,Bangkok,BKK,VTBS,19:00,11:00,19:23,23min late,22:18,8min late,3h 55m,Landed
2026-05-08,6E1612,IGO1612,IndiGo,Bhubaneswar,BBI,VEBS,19:10,11:10,19:14,4min late,22:41,8min early,5h 56m,Landed
2026-05-08,MH852,MAS852,Malaysia Airlines,Kuala Lumpur,KUL,WMKK,19:20,11:20,19:32,12min late,22:29,9min late,2h 57m,Landed
2026-05-08,ID7310,BTK7310,Batik Air,Jakarta,HLP,WIHH,19:25,11:25,20:18,53min late,20:42,27min late,1h 24m,Landed
2026-05-08,QG699,CTV699,Citilink,Surabaya,SUB,WARR,19:25,11:25,19:37,12min late,19:26,13min early,48m,Landed
2026-05-08,EK369,UAE369,Emirates,Dubai,DXB,OMDB,19:45,11:45,19:58,13min late,00:52,2min late,8h 53m,Landed
2026-05-08,AK379,AXM379,AirAsia,Kuala Lumpur,KUL,WMKK,19:45,11:45,20:12,27min late,22:54,4min late,2h 42m,Landed
2026-05-08,IU133,SJV133,SW Italia,Semarang,SRG,WIIS,19:50,11:50,19:54,4min late,19:52,17min early,57m,Landed
2026-05-08,8B969,TNU969,TransNusa,Guangzhou,CAN,ZGGG,19:50,11:50,20:08,18min late,01:07,2min late,4h 58m,Landed
2026-05-08,GA421,GIA421,Garuda Indonesia,Jakarta,CGK,WIII,19:50,11:50,20:22,32min late,20:51,1min late,1h 29m,Landed
2026-05-08,JT923,,Lion Air,Surabaya,SUB,WARR,19:55,11:55,,,,,1h 0m,Cancelled
2026-05-08,QG697,CTV697,Citilink,Surabaya,SUB,WARR,20:00,12:00,20:30,30min late,20:16,16min late,46m,Landed
2026-05-08,SQ945,SIA945,Singapore Airlines,Singapore,SIN,WSSS,20:00,12:00,20:39,39min late,22:46,6min late,2h 6m,Landed
2026-05-08,ID6415,BTK6415,Batik Air,Surabaya,SUB,WARR,20:30,12:30,20:36,6min late,20:25,4min early,49m,Landed
2026-05-08,GA415,GIA415,Garuda Indonesia,Jakarta,CGK,WIII,20:40,12:40,21:02,22min late,21:38,1min early,1h 36m,Landed
2026-05-08,KL836,KLM836,KLM Royal Dutch Airlines,Singapore,SIN,WSSS,20:45,12:45,21:51,6min late,00:05,40min late,2h 13m,Landed
2026-05-08,TK67,THY067,Turkish Airlines,Istanbul,IST,LTFM,20:45,12:45,21:13,28min late,05:14,29min late,13h 0m,Landed
2026-05-08,IP105,PAS105,Pelita Air Service,Jakarta,CGK,WIII,20:50,12:50,20:54,4min late,21:22,17min early,1h 28m,Landed
2026-05-08,QG667,CTV667,Citilink,Jakarta,CGK,WIII,21:10,13:10,21:19,9min late,21:47,22min early,1h 27m,Landed
2026-05-08,JT15,LNI015,Lion Air,Jakarta,CGK,WIII,21:15,13:15,23:17,2min late,23:48,38min late,1h 31m,Landed
2026-05-08,QZ410,AWQ410,Indonesia AirAsia,Melbourne,MEL,YMML,21:15,13:15,21:32,17min late,04:50,9min early,5h 17m,Landed
2026-05-08,JQ34,JST034,Jetstar Airways,Melbourne,MEL,YMML,21:20,13:20,21:38,18min late,04:37,17min early,4h 58m,Landed
2026-05-08,JQ117,JST117,Jetstar Airways,Perth,PER,YPPH,21:30,13:30,21:46,16min late,01:13,6min early,3h 26m,Landed
2026-05-08,SJ273,SJY273,Sriwijaya Air,Jakarta,CGK,WIII,21:35,13:35,22:23,48min late,22:51,36min late,1h 28m,Landed
2026-05-08,SQ947,SIA947,Singapore Airlines,Singapore,SIN,WSSS,21:40,13:40,21:42,2min late,23:54,21min early,2h 11m,Landed
2026-05-08,SV857,SVA857,Saudi Arabian Airlines,Singapore,SIN,WSSS,21:55,13:55,21:49,5min early,00:14,15min early,2h 24m,Landed
2026-05-08,GA718,GIA718,Garuda Indonesia,Melbourne,MEL,YMML,22:05,14:05,22:17,12min late,05:14,15min early,4h 56m,Landed
2026-05-08,JQ60,,Jetstar Airways,Brisbane,BNE,YBBN,22:10,14:10,22:38,28min late,05:40,4min early,5h 2m,Landed
2026-05-08,OD171,MXD171,Malindo Air,Sydney,SYD,YSSY,22:15,14:15,22:35,20min late,06:13,8min late,5h 38m,Landed
2026-05-08,AK375,,AirAsia,Kuala Lumpur,KUL,WMKK,22:15,14:15,22:29,14min late,01:22,2min late,2h 53m,Landed
2026-05-08,QF44,QFA044,Qantas,Sydney,SYD,YSSY,22:20,14:20,22:26,6min late,06:01,8min early,5h 34m,Landed
2026-05-08,JQ38,,Jetstar Airways,Sydney,SYD,YSSY,22:35,14:35,22:43,8min late,06:13,16min early,5h 30m,Landed
2026-05-08,7C5304,JJA5304,Jeju Air,Seoul,ICN,RKSI,22:45,14:45,23:02,17min late,06:53,21min early,6h 51m,Landed
2026-05-08,JQ91,JST091,Jetstar Airways,Cairns,CNS,YBCS,23:00,15:00,00:09,9min late,06:02,32min late,3h 52m,Landed
2026-05-08,QF46,QFA046,Qantas,Melbourne,MEL,YMML,23:05,15:05,23:20,15min late,06:19,20min early,4h 59m,Landed
2026-05-08,VA96,VOZ096,Virgin Australia,Melbourne,MEL,YMML,23:05,15:05,23:11,6min late,06:07,32min early,4h 55m,Landed
2026-05-08,8B5109,TNU5109,TransNusa,Jakarta,CGK,WIII,23:10,15:10,23:28,18min late,23:55,5min late,1h 27m,Landed
2026-05-08,3U3986,CSC3986,Sichuan Airlines,Lujia Town,TFU,ZUTF,23:10,15:10,23:38,28min late,13:37,7min late,13h 59m,Landed
2026-05-08,VA82,VOZ082,Virgin Australia,Gold Coast,OOL,YBCG,23:20,15:20,00:01,41min late,06:51,3min early,4h 50m,Landed
2026-05-08,JQ50,JST050,Jetstar Airways,Melbourne,AVV,YMAV,23:25,15:25,00:27,2min late,07:31,31min late,5h 4m,Landed
2026-05-08,GA714,GIA714,Garuda Indonesia,Sydney,SYD,YSSY,23:25,15:25,23:42,17min late,06:55,14min early,5h 13m,Landed
2026-05-08,VA68,VOZ068,Virgin Australia,Sydney,SYD,YSSY,23:35,15:35,00:06,31min late,07:23,11min early,5h 16m,Landed
2026-05-08,QZ420,AWQ420,Indonesia AirAsia,Adelaide,ADL,YPAD,23:45,15:45,23:56,11min late,06:22,2min early,4h 55m,Landed
2026-05-08,KE432,,Korean Air Lines,Seoul,ICN,RKSI,23:45,15:45,23:53,8min late,07:17,37min early,6h 23m,Landed
2026-05-08,JQ87,JST087,Jetstar Airways,Sunshine Coast,MCY,YBSU,23:50,15:50,01:04,14min late,07:40,10min late,4h 36m,Landed
2026-05-08,JQ128,JST128,Jetstar Airways,Adelaide,ADL,YPAD,23:55,15:55,00:18,23min late,06:12,2min late,4h 23m,Landed
2026-05-09,BX602,ABL602,Air Busan,Busan,PUS,RKPK,00:05,16:05,00:22,17min late,07:54,5min early,6h 31m,Landed
2026-05-09,GA880,GIA880,Garuda Indonesia,Tokyo,NRT,RJAA,00:20,16:20,00:40,20min late,08:25,24min early,6h 45m,Landed
2026-05-09,8B84,,TransNusa,Perth,PER,YPPH,00:20,16:20,00:20,,04:05,,3h 45m,Landed
2026-05-09,MF892,CXA892,Xiamen Airlines,Xiamen,XMN,ZSAM,00:30,16:30,00:30,on time,05:42,22min early,5h 11m,Landed
2026-05-09,QR961,QTR961,Qatar Airways,Doha,DOH,OTHH,00:35,16:35,00:45,10min late,20:35,55min late,,Landed
2026-05-09,EK399,UAE399,Emirates,Dubai,DXB,OMDB,00:35,16:35,00:34,on time,05:15,19min early,8h 41m,Landed
2026-05-09,CZ626,CSN626,China Southern Airlines,Guangzhou,CAN,ZGGG,00:40,16:40,00:43,3min late,05:41,13min early,4h 57m,Landed
2026-05-09,PR538,PAL538,Philippine Airlines,Manila,MNL,RPLL,00:55,16:55,07:33,38min late,10:55,55min late,3h 21m,Landed
2026-05-09,MU5030,CES5030,China Eastern Airlines,Shanghai,PVG,ZSPD,00:55,16:55,01:06,11min late,07:18,41min early,6h 12m,Landed
2026-05-09,SJ726,,Sriwijaya Air,Makassar,UPG,WAAA,01:00,17:00,01:00,,02:20,,1h 20m,Landed
2026-05-09,5J282,CEB282,CEBU Pacific Air,Manila,MNL,RPLL,01:00,17:00,01:01,1min late,04:28,51min early,3h 26m,Landed
2026-05-09,GA652,GIA652,Garuda Indonesia,Timika,TIM,WABP,01:05,17:05,02:02,57min late,06:29,44min late,3h 26m,Landed
2026-05-09,KE434,KAL434,Korean Air Lines,Seoul,ICN,RKSI,01:10,17:10,01:21,11min late,08:47,37min early,6h 26m,Landed
2026-05-09,8B5888,TNU5888,TransNusa,Manado,MDC,WAMM,01:30,17:30,01:30,on time,03:38,21min early,2h 8m,Landed
2026-05-09,JT746,LNI746,Lion Air,Makassar,UPG,WAAA,07:00,23:00,07:21,21min late,08:19,5min early,58m,Landed
2026-05-09,GA401,GIA401,Garuda Indonesia,Jakarta,CGK,WIII,07:00,23:00,07:09,9min late,07:48,11min early,1h 38m,Landed
2026-05-09,JT944,,Lion Air,Makassar,UPG,WAAA,07:00,23:00,07:00,on time,08:27,2min late,1h 27m,Landed
2026-05-09,JQ111,JST111,Jetstar Airways,Perth,PER,YPPH,07:00,23:00,07:00,on time,10:34,10min early,3h 34m,Landed
2026-05-09,QZ807,AWQ807,Indonesia AirAsia,Jakarta,CGK,WIII,07:00,23:00,07:12,12min late,07:48,11min early,1h 35m,Landed
2026-05-09,IU705,SJV705,SW Italia,Surabaya,SUB,WARR,07:00,23:00,08:15,15min late,07:18,18min late,3m,Landed
2026-05-09,JQ82,JST082,Jetstar Airways,Darwin,DRW,YPDN,07:00,23:00,06:51,8min early,10:45,29min early,2h 23m,Landed
2026-05-09,QZ534,AWQ534,Indonesia AirAsia,Perth,PER,YPPH,07:05,23:05,07:27,22min late,11:14,14min late,3h 46m,Landed
2026-05-09,QZ644,AWQ644,Indonesia AirAsia,Labuan Bajo,LBJ,WATO,07:10,23:10,07:05,4min early,09:34,19min late,2h 28m,Landed
2026-05-09,8B5250,TNU5250,TransNusa,Lombok,LOP,WADL,07:15,23:15,07:16,1min late,07:33,21min early,17m,Landed
2026-05-09,SQ949,SIA949,Singapore Airlines,Singapore,SIN,WSSS,07:15,23:15,07:33,18min late,09:47,12min early,2h 14m,Landed
2026-05-09,8B551,,Business Air,Singapore,SIN,WSSS,07:30,23:30,07:30,,09:55,,2h 25m,Landed
2026-05-09,ID6333,BTK6333,Batik Air,Labuan Bajo,LBJ,WATO,07:55,23:55,08:12,17min late,09:02,7min early,49m,Landed
2026-05-09,IW1858,WON1858,Wings Air,Lombok,LOP,WADL,08:05,00:05,08:16,11min late,08:39,15min early,22m,Landed
2026-05-09,JT21,LNI021,Lion Air,Jakarta,CGK,WIII,08:05,00:05,08:25,20min late,08:53,6min early,1h 27m,Landed
2026-05-09,HX706,CRK706,Hong Kong Airlines,Hong Kong,HKG,VHHH,08:05,00:05,08:23,18min late,12:52,27min early,4h 29m,Landed
2026-05-09,AI2146,AIC2146,Air India,Delhi,DEL,VIDP,08:25,00:25,08:41,16min late,13:40,9min early,7h 29m,Landed
2026-05-09,5J280,CEB280,CEBU Pacific Air,Manila,MNL,RPLL,08:35,00:35,08:45,10min late,12:16,38min early,3h 30m,Landed
2026-05-09,CZ8482,CSN8482,China Southern Airlines,Guangzhou,CAN,ZGGG,08:40,00:40,08:47,7min late,18:37,47min late,9h 49m,Landed
2026-05-09,IW1854,,Wings Air,Lombok,LOP,WADL,08:45,00:45,,,,,50m,Cancelled
2026-05-09,IW1882,WON1882,Wings Air,Sumbawa Besar,SWQ,WADS,08:55,00:55,08:56,1min late,09:40,19min early,44m,Landed
2026-05-09,QG500,CTV500,Citilink,Dili,DIL,WPDL,09:00,01:00,09:07,7min late,11:51,13min early,1h 44m,Landed
2026-05-09,QG691,CTV691,Citilink,Surabaya,SUB,WARR,09:05,01:05,09:13,8min late,08:58,16min early,44m,Landed
2026-05-09,ID6324,BTK6324,Batik Air,Tambolaka,TMC,WADT,09:10,01:10,09:20,10min late,10:06,18min early,46m,Landed
2026-05-09,IN640,LKN640,NAM Air,Tambolaka,TMC,WADT,09:10,01:10,09:16,6min late,10:01,8min early,45m,Landed
2026-05-09,8B5105,TNU5105,TransNusa,Jakarta,CGK,WIII,09:15,01:15,09:18,3min late,09:45,14min early,1h 27m,Landed
2026-05-09,IW1848,WON1848,Wings Air,Lombok,LOP,WADL,09:25,01:25,09:49,24min late,10:12,2min early,23m,Landed
2026-05-09,8B5634,TNU5634,Business Air,Bima,BMU,WADB,09:35,01:35,09:39,4min late,10:23,12min early,43m,Landed
2026-05-09,8B80,TNU080,TransNusa,Perth,PER,YPPH,09:40,01:40,09:43,3min late,13:25,on time,3h 42m,Landed
2026-05-09,SQ935,SIA935,Singapore Airlines,Singapore,SIN,WSSS,10:05,02:05,10:16,11min late,12:24,20min early,2h 8m,Landed
2026-05-09,8B553,TNU553,TransNusa,Singapore,SIN,WSSS,10:20,02:20,10:21,1min late,12:44,30min early,2h 22m,Landed
2026-05-09,8B5101,TNU5101,TransNusa,Jakarta,CGK,WIII,10:25,02:25,10:42,17min late,11:12,2min early,1h 29m,Landed
2026-05-09,8G182,DTL182,Mid Africa Aviation,Dili,DIL,WPDL,10:35,02:35,11:12,37min late,13:48,18min late,1h 35m,Landed
2026-05-09,JT805,,Lion Air,Surabaya,SUB,WARR,10:35,02:35,,,,,1h 0m,Cancelled
2026-05-09,JT31,,Lion Air,Jakarta,CGK,WIII,11:05,03:05,,,,,1h 55m,Cancelled
2026-05-09,IW1856,WON1856,Wings Air,Lombok,LOP,WADL,11:10,03:10,11:17,7min late,11:39,20min early,22m,Landed
2026-05-09,JQ126,JST126,Jetstar Airways,Adelaide,ADL,YPAD,11:15,03:15,11:28,13min late,17:29,on time,4h 30m,Landed
2026-05-09,TR281,TGW281,Scoot,Singapore,SIN,WSSS,11:15,03:15,11:35,20min late,13:44,25min early,2h 9m,Landed
2026-05-09,6E1606,IGO1606,IndiGo,Bangalore,BLR,VOBL,11:20,03:20,11:25,5min late,15:06,3min early,6h 10m,Landed
2026-05-09,QZ646,AWQ646,Indonesia AirAsia,Labuan Bajo,LBJ,WATO,11:25,03:25,11:36,11min late,12:28,11min early,51m,Landed
2026-05-09,IW1964,WON1964,Wings Air,Lombok,LOP,WADL,11:40,03:40,12:04,24min late,12:30,on time,26m,Landed
2026-05-09,JQ109,JST109,Jetstar Airways,Perth,PER,YPPH,11:40,03:40,11:52,12min late,15:20,4min early,3h 28m,Landed
2026-05-09,AK371,AXM371,AirAsia,Kuala Lumpur,KUL,WMKK,11:40,03:40,11:40,on time,14:25,19min early,2h 45m,Landed
2026-05-09,ID6331,BTK6331,Batik Air,Labuan Bajo,LBJ,WATO,11:45,03:45,12:23,38min late,13:22,22min late,58m,Landed
2026-05-09,IW1850,WON1850,Wings Air,Lombok,LOP,WADL,11:50,03:50,12:00,10min late,12:24,15min early,23m,Landed
2026-05-09,QZ809,AWQ809,Indonesia AirAsia,Jakarta,CGK,WIII,11:55,03:55,12:37,42min late,13:12,22min late,1h 34m,Landed
2026-05-09,OD192,MXD192,Malindo Air,Kuala Lumpur,KUL,WMKK,11:55,03:55,11:58,3min late,14:35,29min early,2h 37m,Landed
2026-05-09,GA407,GIA407,Garuda Indonesia,Jakarta,CGK,WIII,11:55,03:55,12:07,12min late,12:46,8min early,1h 39m,Landed
2026-05-09,QZ544,AWQ544,Indonesia AirAsia,Perth,PER,YPPH,12:00,04:00,12:16,16min late,15:54,4min late,3h 37m,Landed
2026-05-09,JQ32,JST032,Jetstar Airways,Melbourne,MEL,YMML,12:05,04:05,12:30,25min late,19:30,9min early,5h 0m,Landed
2026-05-09,GA253,GIA253,Garuda Indonesia,Yogyakarta,YIA,WAHI,12:05,04:05,12:34,29min late,15:00,5min late,3h 26m,Landed
2026-05-09,SQ937,SIA937,Singapore Airlines,Singapore,SIN,WSSS,12:10,04:10,12:26,16min late,14:42,13min early,2h 15m,Landed
2026-05-09,SJ7420,,Sriwijaya Air,Tambolaka,TMC,WADT,12:10,04:10,12:10,,13:10,,1h 0m,Landed
2026-05-09,JQ40,JST040,Jetstar Airways,Sydney,SYD,YSSY,12:20,04:20,12:27,7min late,19:57,17min early,5h 29m,Landed
2026-05-09,8B5254,TNU5254,TransNusa,Lombok,LOP,WADL,12:40,04:40,13:03,23min late,13:21,1min late,18m,Landed
2026-05-09,IP103,PAS103,Pelita Air Service,Jakarta,CGK,WIII,12:45,04:45,12:48,3min late,13:23,16min early,1h 35m,Landed
2026-05-09,AK365,AXM365,AirAsia,Kuala Lumpur,KUL,WMKK,13:00,05:00,12:52,7min early,15:42,22min early,2h 49m,Landed
2026-05-09,ID6509,BTK6509,Batik Air,Jakarta,CGK,WIII,13:00,05:00,13:19,19min late,13:49,5min early,1h 30m,Landed
2026-05-09,OD307,MXD307,Malindo Air,Kuala Lumpur,KUL,WMKK,13:00,05:00,13:25,25min late,16:06,6min late,2h 40m,Landed
2026-05-09,MH714,MAS714,Malaysia Airlines,Kuala Lumpur,KUL,WMKK,13:05,05:05,13:53,48min late,16:41,41min late,2h 48m,Landed
2026-05-09,OD172,MXD172,Malindo Air,Kuala Lumpur,KUL,WMKK,13:10,05:10,13:58,48min late,16:45,25min late,2h 47m,Landed
2026-05-09,JQ58,,Jetstar Airways,Brisbane,BNE,YBBN,13:15,05:15,13:30,15min late,20:32,22min early,5h 2m,Landed
2026-05-09,JT35,,Lion Air,Jakarta,CGK,WIII,13:15,05:15,,,,,1h 55m,Cancelled
2026-05-09,SQ939,SIA939,Singapore Airlines,Singapore,SIN,WSSS,13:15,05:15,13:34,19min late,15:43,16min early,2h 9m,Landed
2026-05-09,GA409,GIA409,Garuda Indonesia,Jakarta,CGK,WIII,13:25,05:25,13:32,7min late,14:04,20min early,1h 32m,Landed
2026-05-09,JT660,LNI660,Lion Air,Balikpapan,BPN,WALL,13:30,05:30,13:41,11min late,14:57,12min early,1h 16m,Landed
2026-05-09,QG687,CTV687,Citilink,Jakarta,CGK,WIII,13:45,05:45,13:47,2min late,14:20,19min early,1h 33m,Landed
2026-05-09,8B5107,TNU5107,TransNusa,Jakarta,CGK,WIII,13:50,05:50,18:30,40min late,19:04,24min late,1h 33m,Landed
2026-05-09,JT919,LNI919,Lion Air,Surabaya,SUB,WARR,13:55,05:55,14:06,11min late,13:53,1min early,46m,Landed
2026-05-09,VJ894,VJC894,VietJet Air,Ho Chi Minh City,SGN,VVTS,14:05,06:05,14:12,7min late,16:35,19min early,3h 22m,Landed
2026-05-09,TR289,TGW289,Scoot,Singapore,SIN,WSSS,14:05,06:05,14:22,17min late,16:31,23min early,2h 9m,Landed
2026-05-09,ID6517,BTK6517,Batik Air,Jakarta,CGK,WIII,14:15,06:15,15:03,48min late,15:35,25min late,1h 32m,Landed
2026-05-09,ID7308,BTK7308,Batik Air,Jakarta,HLP,WIHH,14:20,06:20,14:32,12min late,15:00,9min early,1h 27m,Landed
2026-05-09,AI2148,AIC2148,Air India,Bhubaneswar,BBI,VEBS,14:35,06:35,14:25,9min early,17:37,37min early,5h 42m,Landed
2026-05-09,QG681,CTV681,Citilink,Jakarta,CGK,WIII,14:45,06:45,14:57,12min late,15:40,14min early,1h 42m,Landed
2026-05-09,JT33,LNI033,Lion Air,Jakarta,CGK,WIII,14:45,06:45,15:01,16min late,15:32,7min early,1h 30m,Landed
2026-05-09,JT844,LNI844,Lion Air,Banjarmasin,BDJ,WAOO,15:00,07:00,15:35,35min late,16:41,11min late,1h 5m,Landed
2026-05-09,QG342,CTV342,Citilink,Makassar,UPG,WAAA,15:00,07:00,15:07,7min late,16:16,13min early,1h 9m,Landed
2026-05-09,IU120,SJV120,SW Italia,Yogyakarta,YIA,WAHI,15:00,07:00,15:18,18min late,15:25,4min early,1h 6m,Landed
2026-05-09,JQ86,JST086,Jetstar Airways,Singapore,SIN,WSSS,15:05,07:05,15:06,1min late,17:18,41min early,2h 12m,Landed
2026-05-09,JQ44,JST044,Jetstar Airways,Melbourne,MEL,YMML,15:10,07:10,15:51,41min late,22:58,13min late,5h 6m,Landed
2026-05-09,GA842,GIA842,Garuda Indonesia,Singapore,SIN,WSSS,15:15,07:15,16:03,48min late,18:19,9min late,2h 16m,Landed
2026-05-09,VA50,VOZ050,Virgin Australia,Brisbane,BNE,YBBN,15:15,07:15,15:49,34min late,22:41,23min early,4h 51m,Landed
2026-05-09,8B82,TNU082,TransNusa,Perth,PER,YPPH,15:20,07:20,15:30,10min late,19:13,3min late,3h 43m,Landed
2026-05-09,AK377,,AirAsia,Kuala Lumpur,KUL,WMKK,15:25,07:25,15:43,18min late,18:34,4min late,2h 51m,Landed
2026-05-09,QG669,CTV669,Citilink,Surabaya,SUB,WARR,15:30,07:30,15:33,3min late,15:25,14min early,52m,Landed
2026-05-09,IN281,LKN281,Nam Air,Jakarta,CGK,WIII,15:30,07:30,15:45,15min late,16:23,13min late,1h 38m,Landed
2026-05-09,JT740,LNI740,Lion Air,Makassar,UPG,WAAA,15:30,07:30,15:47,17min late,10:05,10min late,18h 18m,Landed
2026-05-09,IP109,PAS109,Pelita Air Service,Jakarta,CGK,WIII,15:35,07:35,15:58,23min late,16:30,5min late,1h 31m,Landed
2026-05-09,SJ7161,,Sriwijaya Air,Makassar,UPG,WAAA,15:40,07:40,15:40,,17:00,,1h 20m,Landed
2026-05-09,QZ648,AWQ648,Indonesia AirAsia,Labuan Bajo,LBJ,WATO,15:45,07:45,15:56,11min late,16:50,4min early,53m,Landed
2026-05-09,GA411,GIA411,Garuda Indonesia,Jakarta,CGK,WIII,15:45,07:45,16:11,26min late,16:47,2min late,1h 36m,Landed
2026-05-09,VA92,VOZ092,Virgin Australia,Melbourne,MEL,YMML,15:50,07:50,16:13,23min late,23:18,6min early,5h 4m,Landed
2026-05-09,CI772,CAL772,China Airlines,Taipei,TPE,RCTP,15:55,07:55,16:08,13min late,20:53,26min early,4h 44m,Landed
2026-05-09,8B5256,,TransNusa,Lombok,LOP,WADL,15:55,07:55,15:55,,16:50,,55m,Landed
2026-05-09,VN640,HVN640,Vietnam Airlines,Ho Chi Minh City,SGN,VVTS,16:00,08:00,16:05,5min late,18:38,1min early,3h 33m,Landed
2026-05-09,QZ246,,Indonesia AirAsia,Phuket,HKT,VTSP,16:10,08:10,16:30,20min late,19:00,9min early,3h 30m,Landed
2026-05-09,CX784,CPA784,Cathay Pacific,Hong Kong,HKG,VHHH,16:15,08:15,16:18,3min late,20:33,51min early,4h 15m,Landed
2026-05-09,MH850,,Malaysia Airlines,Kuala Lumpur,KUL,WMKK,16:25,08:25,16:41,16min late,19:48,13min late,3h 6m,Landed
2026-05-09,BR256,EVA256,EVA Airways,Taipei,TPE,RCTP,16:30,08:30,16:56,26min late,21:47,12min early,4h 50m,Landed
2026-05-09,IW1852,WON1852,Wings Air,Lombok,LOP,WADL,16:30,08:30,17:20,50min late,17:43,23min late,23m,Landed
2026-05-09,JT744,,Lion Air,Makassar,UPG,WAAA,16:40,08:40,16:40,,18:05,,1h 25m,Landed
2026-05-09,IU703,,SW Italia,Surabaya,SUB,WARR,16:40,08:40,,,,,1h 0m,Cancelled
2026-05-09,HO1356,DKH1356,Juneyao Airlines,Shanghai,PVG,ZSPD,16:50,08:50,17:00,10min late,23:12,22min early,6h 12m,Landed
2026-05-09,TG432,,Thai Airways International,Bangkok,BKK,VTBS,16:55,08:55,16:47,7min early,19:28,36min early,3h 40m,Landed
2026-05-09,GA349,GIA349,Garuda Indonesia,Surabaya,SUB,WARR,16:55,08:55,17:15,20min late,17:04,5min early,48m,Landed
2026-05-09,ID6335,BTK6335,Batik Air,Labuan Bajo,LBJ,WATO,17:00,09:00,17:16,16min late,18:07,7min early,51m,Landed
2026-05-09,JT23,,Lion Air,Jakarta,CGK,WIII,17:15,09:15,20:34,19min late,21:08,58min late,1h 34m,Landed
2026-05-09,GA419,GIA419,Garuda Indonesia,Jakarta,CGK,WIII,17:25,09:25,17:40,15min late,18:17,7min early,1h 36m,Landed
2026-05-09,TR243,TGW243,Scoot,Singapore,SIN,WSSS,17:35,09:35,18:13,38min late,20:28,3min late,2h 14m,Landed
2026-05-09,IP107,,Pelita Air Service,Jakarta,CGK,WIII,17:40,09:40,17:40,,18:30,,1h 50m,Landed
2026-05-09,IU759,,SW Italia,Jakarta,CGK,WIII,17:40,09:40,,,,,1h 55m,Cancelled
2026-05-09,NZ291,,Air New Zealand,Auckland,AKL,NZAA,17:50,09:50,18:00,10min late,05:03,26min early,7h 3m,Landed
2026-05-09,QZ821,AWQ821,Indonesia AirAsia,Jakarta,CGK,WIII,18:00,10:00,18:04,4min late,18:36,13min early,1h 32m,Landed
2026-05-09,6E1608,IGO1608,IndiGo,Chennai,MAA,VOMM,18:00,10:00,18:49,49min late,22:07,32min late,5h 47m,Landed
2026-05-09,OD193,MXD193,Malindo Air,Perth,PER,YPPH,18:10,10:10,18:08,1min early,21:38,6min early,3h 30m,Landed
2026-05-09,IU126,SJV126,SW Italia,Surakarta,SOC,WAHQ,18:10,10:10,18:33,23min late,18:45,15min late,1h 12m,Landed
2026-05-09,ID6552,BTK6552,Batik Air,Kupang,KOE,WATT,18:25,10:25,18:42,17min late,20:00,14min early,1h 17m,Landed
2026-05-09,GA417,GIA417,Garuda Indonesia,Jakarta,CGK,WIII,18:30,10:30,18:47,17min late,19:25,4min early,1h 38m,Landed
2026-05-09,IN283,,NAM Air,Jakarta,CGK,WIII,18:30,10:30,18:30,,19:10,,1h 40m,Landed
2026-05-09,QR963,QTR963,Qatar Airways,Doha,DOH,OTHH,18:35,10:35,18:38,3min late,22:45,54min early,9h 7m,Landed
2026-05-09,EY477,ETD477,Etihad Airways,Abu Dhabi,AUH,OMAA,18:45,10:45,18:54,9min late,09:49,9min late,18h 54m,Landed
2026-05-09,IP105,,Pelita Air Service,Jakarta,CGK,WIII,18:50,10:50,18:50,,19:40,,1h 50m,Landed
2026-05-09,CX782,CPA782,Cathay Pacific,Hong Kong,HKG,VHHH,18:50,10:50,19:05,15min late,23:46,18min early,4h 41m,Landed
2026-05-09,QG689,CTV689,Citilink,Jakarta,CGK,WIII,18:55,10:55,19:01,6min late,19:41,13min early,1h 39m,Landed
2026-05-09,8B5258,TNU5258,TransNusa,Lombok,LOP,WADL,18:55,10:55,18:20,34min early,18:36,58min early,16m,Landed
2026-05-09,TG440,THA440,Thai Airways International,Bangkok,BKK,VTBS,19:00,11:00,19:13,13min late,22:14,4min late,4h 0m,Landed
2026-05-09,6E1612,IGO1612,IndiGo,Bhubaneswar,BBI,VEBS,19:10,11:10,19:17,7min late,22:35,14min early,5h 48m,Landed
2026-05-09,MH852,MAS852,Malaysia Airlines,Kuala Lumpur,KUL,WMKK,19:20,11:20,19:17,2min early,22:10,9min early,2h 52m,Landed
2026-05-09,QG699,,Citilink,Surabaya,SUB,WARR,19:25,11:25,19:25,,19:05,35min early,40m,Landed
2026-05-09,TR283,TGW283,Scoot,Singapore,SIN,WSSS,19:40,11:40,19:56,16min late,22:06,29min early,2h 9m,Landed
2026-05-09,AK379,AXM379,AirAsia,Kuala Lumpur,KUL,WMKK,19:45,11:45,19:44,on time,22:37,12min early,2h 52m,Landed
2026-05-09,EK369,UAE369,Emirates,Dubai,DXB,OMDB,19:45,11:45,20:12,27min late,00:55,5min late,8h 43m,Landed
2026-05-09,IU133,SJV133,SW Italia,Semarang,SRG,WIIS,19:50,11:50,19:53,3min late,19:52,17min early,59m,Landed
2026-05-09,GA421,GIA421,Garuda Indonesia,Jakarta,CGK,WIII,19:50,11:50,20:05,15min late,20:43,6min early,1h 38m,Landed
2026-05-09,8B969,TNU969,TransNusa,Guangzhou,CAN,ZGGG,19:50,11:50,20:02,12min late,00:53,11min early,4h 51m,Landed
2026-05-09,JT923,LNI923,Lion Air,Surabaya,SUB,WARR,19:55,11:55,20:26,31min late,20:08,13min late,42m,Landed
2026-05-09,SQ945,SIA945,Singapore Airlines,Singapore,SIN,WSSS,20:00,12:00,20:18,18min late,22:28,11min early,2h 10m,Landed
2026-05-09,QG697,CTV697,Citilink,Surabaya,SUB,WARR,20:00,12:00,20:23,23min late,20:16,8min early,53m,Landed
2026-05-09,ID6415,BTK6415,Batik Air,Surabaya,SUB,WARR,20:30,12:30,20:40,10min late,20:20,9min early,40m,Landed
2026-05-09,QG195,,Citilink,Jakarta,HLP,WIHH,20:40,12:40,21:10,30min late,21:45,10min late,1h 35m,Landed
2026-05-09,GA415,GIA415,Garuda Indonesia,Jakarta,CGK,WIII,20:40,12:40,21:07,27min late,21:43,3min late,1h 36m,Landed
2026-05-09,KL836,KLM836,KLM Royal Dutch Airlines,Singapore,SIN,WSSS,20:45,12:45,20:47,2min late,22:58,26min early,2h 11m,Landed
2026-05-09,TK67,THY067,Turkish Airlines,Istanbul,IST,LTFM,20:45,12:45,21:00,15min late,08:07,22min late,16h 7m,Landed
2026-05-09,OD177,MXD177,Malindo Air,Melbourne,MEL,YMML,21:00,13:00,16:45,14min early,04:23,16min early,9h 37m,Landed
2026-05-09,QG667,CTV667,Citilink,Jakarta,CGK,WIII,21:10,13:10,21:15,5min late,22:16,6min late,2h 1m,Landed
2026-05-09,JT15,LNI015,Lion Air,Jakarta,CGK,WIII,21:15,13:15,21:25,10min late,21:58,11min early,1h 32m,Landed
2026-05-09,JQ34,JST034,Jetstar Airways,Melbourne,MEL,YMML,21:20,13:20,14:03,16min early,04:45,9min early,12h 41m,Landed
2026-05-09,JQ117,JST117,Jetstar Airways,Perth,PER,YPPH,21:30,13:30,21:36,6min late,01:13,6min early,3h 37m,Landed
2026-05-09,SJ273,,Sriwijaya Air,Jakarta,CGK,WIII,21:35,13:35,21:35,,22:15,,1h 40m,Landed
2026-05-09,SQ947,SIA947,Singapore Airlines,Singapore,SIN,WSSS,21:40,13:40,21:57,17min late,00:05,10min early,2h 7m,Landed
2026-05-09,TK311,THY311,Turkish Airlines,Istanbul,IST,LTFM,21:45,13:45,22:34,49min late,06:26,41min late,12h 52m,Landed
2026-05-09,GA718,GIA718,Garuda Indonesia,Melbourne,MEL,YMML,22:05,14:05,22:16,11min late,05:37,7min late,5h 20m,Landed
2026-05-09,OD171,MXD171,Malindo Air,Sydney,SYD,YSSY,22:15,14:15,22:38,23min late,06:16,11min late,5h 38m,Landed
2026-05-09,AK375,AXM375,AirAsia,Kuala Lumpur,KUL,WMKK,22:15,14:15,23:05,50min late,01:52,32min late,2h 46m,Landed
2026-05-09,QF44,QFA044,Qantas,Sydney,SYD,YSSY,22:20,14:20,22:27,7min late,06:02,7min early,5h 35m,Landed
2026-05-09,JQ38,JST038,Jetstar Airways,Sydney,SYD,YSSY,22:35,14:35,23:08,33min late,06:34,4min late,5h 25m,Landed
2026-05-09,7C5304,JJA5304,Jeju Air,Seoul,ICN,RKSI,22:45,14:45,23:05,20min late,07:21,6min late,7h 15m,Landed
2026-05-09,QF46,QFA046,Qantas,Melbourne,MEL,YMML,23:05,15:05,23:11,6min late,06:16,23min early,5h 4m,Landed
2026-05-09,8B5109,TNU5109,TransNusa,Jakarta,CGK,WIII,23:10,15:10,23:49,39min late,00:16,26min late,1h 26m,Landed
2026-05-09,JQ36,JST036,Jetstar Airways,Melbourne,MEL,YMML,23:25,15:25,23:19,5min early,06:41,18min early,5h 21m,Landed
2026-05-09,GA714,GIA714,Garuda Indonesia,Sydney,SYD,YSSY,23:25,15:25,23:40,15min late,07:02,8min early,5h 21m,Landed
2026-05-09,VA68,VOZ068,Virgin Australia,Sydney,SYD,YSSY,23:35,15:35,23:58,23min late,07:12,22min early,5h 13m,Landed
2026-05-09,KE432,KAL432,Korean Air Lines,Seoul,ICN,RKSI,23:45,15:45,23:55,10min late,07:26,28min early,6h 31m,Landed
2026-05-09,JQ94,JST094,Jetstar Airways,Gold Coast,OOL,YBCG,23:45,15:45,00:00,15min late,06:52,22min early,4h 52m,Landed
2026-05-09,JQ89,JST089,Jetstar Airways,Newcastle,NTL,YWLM,23:50,15:50,00:01,11min late,07:10,29min early,5h 9m,Landed
2026-05-10,BX602,ABL602,Air Busan,Busan,PUS,RKPK,00:05,16:05,00:22,17min late,07:52,7min early,6h 29m,Landed
2026-05-10,TW158,TWB158,T'Way Air,Cheongju,CJJ,RKTU,00:15,16:15,00:33,18min late,12:55,20min late,11h 21m,Landed
2026-05-10,GA880,GIA880,Garuda Indonesia,Tokyo,NRT,RJAA,00:20,16:20,00:30,10min late,08:16,33min early,6h 45m,Landed
2026-05-10,8B84,,TransNusa,Perth,PER,YPPH,00:20,16:20,00:20,,04:05,,3h 45m,Landed
2026-05-10,MF892,CXA892,Xiamen Airlines,Xiamen,XMN,ZSAM,00:30,16:30,00:20,9min early,05:35,29min early,5h 15m,Landed
2026-05-10,QR961,QTR961,Qatar Airways,Doha,DOH,OTHH,00:35,16:35,00:29,5min early,04:53,46min early,9h 24m,Landed
2026-05-10,EK399,UAE399,Emirates,Dubai,DXB,OMDB,00:35,16:35,00:45,10min late,05:20,14min early,8h 35m,Landed
2026-05-10,CZ626,CSN626,China Southern Airlines,Guangzhou,CAN,ZGGG,00:40,16:40,00:43,3min late,05:35,19min early,4h 52m,Landed
2026-05-10,PR538,PAL538,Philippine Airlines,Manila,MNL,RPLL,00:55,16:55,01:22,27min late,04:48,11min early,3h 25m,Landed
2026-05-10,MU5030,CES5030,China Eastern Airlines,Shanghai,PVG,ZSPD,00:55,16:55,01:10,15min late,07:23,36min early,6h 13m,Landed
2026-05-10,GA652,GIA652,Garuda Indonesia,Timika,TIM,WABP,01:05,17:05,02:02,57min late,06:29,44min late,3h 26m,Landed
2026-05-10,KE434,KAL434,Korean Air Lines,Seoul,ICN,RKSI,01:10,17:10,01:21,11min late,08:47,37min early,6h 26m,Landed
2026-05-10,IU705,SJV705,SW Italia,Surabaya,SUB,WARR,07:00,23:00,08:15,15min late,07:18,18min late,3m,Landed
2026-05-10,JT944,,Lion Air,Makassar,UPG,WAAA,07:00,23:00,07:00,on time,08:27,2min late,1h 27m,Landed
2026-05-10,QZ807,AWQ807,Indonesia AirAsia,Jakarta,CGK,WIII,07:00,23:00,07:12,12min late,07:48,11min early,1h 35m,Landed
2026-05-10,JT746,LNI746,Lion Air,Makassar,UPG,WAAA,07:00,23:00,07:21,21min late,08:19,5min early,58m,Landed
2026-05-10,JQ82,JST082,Jetstar Airways,Darwin,DRW,YPDN,07:00,23:00,06:51,8min early,10:45,29min early,2h 23m,Landed
2026-05-10,GA401,GIA401,Garuda Indonesia,Jakarta,CGK,WIII,07:00,23:00,07:09,9min late,07:48,11min early,1h 38m,Landed
2026-05-10,QZ534,AWQ534,Indonesia AirAsia,Perth,PER,YPPH,07:05,23:05,07:43,38min late,11:21,21min late,3h 38m,Landed
2026-05-10,QZ644,AWQ644,Indonesia AirAsia,Labuan Bajo,LBJ,WATO,07:10,23:10,07:25,15min late,08:16,1min late,51m,Landed
2026-05-10,8B5250,TNU5250,TransNusa,Lombok,LOP,WADL,07:15,23:15,07:15,on time,07:34,20min early,18m,Landed
2026-05-10,SQ949,SIA949,Singapore Airlines,Singapore,SIN,WSSS,07:15,23:15,07:38,23min late,09:45,14min early,2h 6m,Landed
2026-05-10,8B551,,Business Air,Singapore,SIN,WSSS,07:30,23:30,07:30,,09:55,,2h 25m,Landed
2026-05-10,ID6333,BTK6333,Batik Air,Labuan Bajo,LBJ,WATO,07:55,23:55,07:56,1min late,08:45,24min early,48m,Landed
2026-05-10,HX706,CRK706,Hong Kong Airlines,Hong Kong,HKG,VHHH,08:05,00:05,08:26,21min late,12:59,20min early,4h 33m,Landed
2026-05-10,JT21,LNI021,Lion Air,Jakarta,CGK,WIII,08:05,00:05,08:26,21min late,09:00,on time,1h 34m,Landed
2026-05-10,IW1858,WON1858,Wings Air,Lombok,LOP,WADL,08:05,00:05,08:28,23min late,08:51,3min early,22m,Landed
2026-05-10,AI2146,AIC2146,Air India,Delhi,DEL,VIDP,08:25,00:25,08:39,14min late,13:40,9min early,7h 31m,Landed
2026-05-10,QZ803,AWQ803,Indonesia AirAsia,Jakarta,CGK,WIII,08:30,00:30,08:33,3min late,09:02,17min early,1h 29m,Landed
2026-05-10,5J280,CEB280,CEBU Pacific Air,Manila,MNL,RPLL,08:35,00:35,08:49,14min late,12:28,26min early,3h 39m,Landed
2026-05-10,CZ8482,CSN8482,China Southern Airlines,Guangzhou,CAN,ZGGG,08:40,00:40,13:17,37min late,13:40,9min early,22m,Landed
2026-05-10,IW1854,,Wings Air,Lombok,LOP,WADL,08:45,00:45,08:45,,09:35,,50m,Landed
2026-05-10,IW1882,WON1882,Wings Air,Sumbawa Besar,SWQ,WADS,08:55,00:55,09:02,7min late,09:43,16min early,41m,Landed
2026-05-10,QG500,CTV500,Citilink,Dili,DIL,WPDL,09:00,01:00,09:03,3min late,12:08,3min late,2h 5m,Landed
2026-05-10,QG691,CTV691,Citilink,Surabaya,SUB,WARR,09:05,01:05,09:09,4min late,13:53,38min late,5h 44m,Landed
2026-05-10,IN640,LKN640,NAM Air,Tambolaka,TMC,WADT,09:10,01:10,09:26,16min late,10:16,6min late,50m,Landed
2026-05-10,ID6324,BTK6324,Batik Air,Tambolaka,TMC,WADT,09:10,01:10,09:20,10min late,10:06,13min early,46m,Landed
2026-05-10,8B5105,TNU5105,Business Air,Jakarta,CGK,WIII,09:15,01:15,09:22,7min late,09:54,5min early,1h 31m,Landed
2026-05-10,IW1848,WON1848,Wings Air,Lombok,LOP,WADL,09:25,01:25,09:50,25min late,10:13,1min early,23m,Landed
2026-05-10,8B5634,TNU5634,TransNusa,Bima,BMU,WADB,09:35,01:35,09:34,on time,10:21,13min early,46m,Landed
2026-05-10,8B80,TNU080,TransNusa,Perth,PER,YPPH,09:40,01:40,09:43,3min late,13:20,4min early,3h 37m,Landed
2026-05-10,QG197,CTV197,Citilink,Jakarta,HLP,WIHH,09:45,01:45,09:47,2min late,10:32,7min early,1h 45m,Landed
2026-05-10,IU122,SJV122,SW Italia,Yogyakarta,YIA,WAHI,10:00,02:00,10:02,2min late,10:10,19min early,1h 7m,Landed
2026-05-10,ID8333,BTK8333,Batik Air,Labuan Bajo,LBJ,WATO,10:00,02:00,10:03,3min late,10:53,21min early,49m,Landed
2026-05-10,IU137,SJV137,SW Italia,Kupang,KOE,WATT,10:00,02:00,10:21,21min late,11:41,8min early,1h 19m,Landed
2026-05-10,SU297,AFL297,Aeroflot,Moscow,SVO,UUEE,10:05,02:05,10:23,18min late,17:53,21min early,12h 29m,Landed
2026-05-10,SQ935,SIA935,Singapore Airlines,Singapore,SIN,WSSS,10:05,02:05,10:13,8min late,12:28,17min early,2h 14m,Landed
2026-05-10,8B553,TNU553,TransNusa,Singapore,SIN,WSSS,10:20,02:20,10:29,9min late,12:48,26min early,2h 19m,Landed
2026-05-10,8B5101,TNU5101,TransNusa,Jakarta,CGK,WIII,10:25,02:25,10:58,33min late,11:33,18min late,1h 34m,Landed
2026-05-10,JT740,LNI740,Lion Air,Makassar,UPG,WAAA,10:35,02:35,11:06,31min late,12:05,5min late,59m,Landed
2026-05-10,JT805,,Lion Air,Surabaya,SUB,WARR,10:35,02:35,,,,,1h 0m,Cancelled
2026-05-10,JT31,,Lion Air,Jakarta,CGK,WIII,11:05,03:05,11:05,,11:36,23min early,1h 31m,Landed
2026-05-10,IW1856,WON1856,Wings Air,Lombok,LOP,WADL,11:10,03:10,11:33,23min late,12:01,1min late,28m,Landed
2026-05-10,JQ126,JST126,Jetstar Airways,Adelaide,ADL,YPAD,11:15,03:15,11:27,12min late,17:19,10min early,4h 21m,Landed
2026-05-10,TR281,TGW281,Scoot,Singapore,SIN,WSSS,11:15,03:15,11:38,23min late,14:01,9min early,2h 22m,Landed
2026-05-10,6E1606,IGO1606,IndiGo,Bangalore,BLR,VOBL,11:20,03:20,11:24,4min late,15:14,4min late,6h 20m,Landed
2026-05-10,QZ646,AWQ646,Indonesia AirAsia,Labuan Bajo,LBJ,WATO,11:25,03:25,11:34,9min late,12:27,12min early,53m,Landed
2026-05-10,JQ109,JST109,Jetstar Airways,Perth,PER,YPPH,11:40,03:40,11:34,5min early,15:08,16min early,3h 34m,Landed
2026-05-10,IW1964,WON1964,Wings Air,Lombok,LOP,WADL,11:40,03:40,12:34,54min late,12:55,25min late,21m,Landed
2026-05-10,AK371,AXM371,AirAsia,Kuala Lumpur,KUL,WMKK,11:40,03:40,11:56,16min late,14:39,5min early,2h 43m,Landed
2026-05-10,ID6331,BTK6331,Batik Air,Labuan Bajo,LBJ,WATO,11:45,03:45,11:59,14min late,12:50,9min early,51m,Landed
2026-05-10,IW1850,WON1850,Wings Air,Lombok,LOP,WADL,11:50,03:50,12:19,29min late,12:41,1min late,22m,Landed
2026-05-10,GA407,GIA407,Garuda Indonesia,Jakarta,CGK,WIII,11:55,03:55,12:06,11min late,12:46,8min early,1h 39m,Landed
2026-05-10,OD192,MXD192,Malindo Air,Kuala Lumpur,KUL,WMKK,11:55,03:55,12:30,35min late,15:10,5min late,2h 40m,Landed
2026-05-10,QZ544,AWQ544,Indonesia AirAsia,Perth,PER,YPPH,12:00,04:00,12:10,10min late,15:45,4min early,3h 35m,Landed
2026-05-10,JQ32,JST032,Jetstar Airways,Melbourne,MEL,YMML,12:05,04:05,12:28,23min late,19:29,10min early,5h 1m,Landed
2026-05-10,GA253,GIA253,Garuda Indonesia,Yogyakarta,YIA,WAHI,12:05,04:05,12:39,34min late,12:50,4min early,1h 10m,Landed
2026-05-10,SJ742,,Sriwijaya Air,Tambolaka,TMC,WADT,12:10,04:10,12:10,,13:10,,1h 0m,Landed
2026-05-10,SQ937,SIA937,Singapore Airlines,Singapore,SIN,WSSS,12:10,04:10,12:25,15min late,14:37,17min early,2h 11m,Landed
2026-05-10,JQ40,JST040,Jetstar Airways,Sydney,SYD,YSSY,12:20,04:20,12:41,21min late,19:54,20min early,5h 13m,Landed
2026-05-10,OD178,MXD178,Malindo Air,Kuala Lumpur,KUL,WMKK,12:25,04:25,12:43,18min late,15:28,6min early,2h 44m,Landed
2026-05-10,8B5254,TNU5254,TransNusa,Lombok,LOP,WADL,12:40,04:40,12:40,,13:20,,40m,Landed
2026-05-10,IP103,PAS103,Pelita Air Service,Jakarta,CGK,WIII,12:45,04:45,12:53,8min late,13:32,7min early,1h 38m,Landed
2026-05-10,ID6509,BTK6509,Batik Air,Jakarta,CGK,WIII,13:00,05:00,13:48,48min late,14:21,26min late,1h 33m,Landed
2026-05-10,AK365,AXM365,AirAsia,Kuala Lumpur,KUL,WMKK,13:00,05:00,12:58,1min early,15:47,17min early,2h 48m,Landed
2026-05-10,OD307,MXD307,Malindo Air,Kuala Lumpur,KUL,WMKK,13:00,05:00,13:12,12min late,16:01,1min late,2h 48m,Landed
2026-05-10,MH714,MAS714,Malaysia Airlines,Kuala Lumpur,KUL,WMKK,13:05,05:05,13:07,2min late,16:02,2min late,2h 54m,Landed
2026-05-10,OD172,MXD172,Malindo Air,Kuala Lumpur,KUL,WMKK,13:10,05:10,13:21,11min late,16:06,13min early,2h 45m,Landed
2026-05-10,JQ58,,Jetstar Airways,Brisbane,BNE,YBBN,13:15,05:15,13:39,24min late,20:30,24min early,4h 51m,Landed
2026-05-10,SQ939,SIA939,Singapore Airlines,Singapore,SIN,WSSS,13:15,05:15,14:57,42min late,17:24,24min late,2h 26m,Landed
2026-05-10,JT35,LNI035,Lion Air,Jakarta,CGK,WIII,13:15,05:15,13:32,17min late,14:05,4min early,1h 33m,Landed
2026-05-10,GA409,GIA409,Garuda Indonesia,Jakarta,CGK,WIII,13:25,05:25,13:39,14min late,14:14,10min early,1h 35m,Landed
2026-05-10,8G182,DTL182,Mid Africa Aviation,Dili,DIL,WPDL,13:25,05:25,13:24,on time,16:00,19min early,1h 36m,Landed
2026-05-10,SL259,TLM259,Thai Lion Air,Bangkok,DMK,VTBD,13:25,05:25,13:29,4min late,16:23,26min early,3h 54m,Landed
2026-05-10,JT660,LNI660,Lion Air,Balikpapan,BPN,WALL,13:30,05:30,13:57,27min late,15:24,9min late,1h 27m,Landed
2026-05-10,QG687,CTV687,Citilink,Jakarta,CGK,WIII,13:45,05:45,13:53,8min late,14:33,6min early,1h 39m,Landed
2026-05-10,8B5107,TNU5107,TransNusa,Jakarta,CGK,WIII,13:50,05:50,19:04,14min late,19:37,57min late,1h 32m,Landed
2026-05-10,JT919,LNI919,Lion Air,Surabaya,SUB,WARR,13:55,05:55,14:40,45min late,14:23,28min late,43m,Landed
2026-05-10,8B82,TNU082,TransNusa,Perth,PER,YPPH,14:00,06:00,17:47,47min late,21:18,38min late,3h 30m,Landed
2026-05-10,VJ894,VJC894,VietJet Air,Ho Chi Minh City,SGN,VVTS,14:05,06:05,14:07,2min late,16:41,13min early,3h 33m,Landed
2026-05-10,TR289,TGW289,Scoot,Singapore,SIN,WSSS,14:05,06:05,14:21,16min late,16:43,12min early,2h 21m,Landed
2026-05-10,ID6517,BTK6517,Batik Air,Jakarta,CGK,WIII,14:15,06:15,15:02,47min late,15:36,26min late,1h 34m,Landed
2026-05-10,ID7308,BTK7308,Batik Air,Jakarta,HLP,WIHH,14:20,06:20,14:25,5min late,15:02,7min early,1h 37m,Landed
2026-05-10,GA653,GIA653,Garuda Indonesia,Jakarta,CGK,WIII,14:30,06:30,15:04,34min late,15:38,8min late,1h 34m,Landed
2026-05-10,AI2148,AIC2148,Air India,Bhubaneswar,BBI,VEBS,14:35,06:35,14:45,10min late,17:51,23min early,5h 36m,Landed
2026-05-10,JT33,,Lion Air,Jakarta,CGK,WIII,14:45,06:45,14:45,,15:14,25min early,1h 29m,Landed
2026-05-10,QG681,CTV681,Citilink,Jakarta,CGK,WIII,14:45,06:45,14:56,11min late,15:31,23min early,1h 35m,Landed
2026-05-10,JQ88,JST088,Jetstar Airways,Singapore,SIN,WSSS,14:55,06:55,15:06,11min late,17:32,27min early,2h 26m,Landed
2026-05-10,JT844,LNI844,Lion Air,Banjarmasin,BDJ,WAOO,15:00,07:00,15:11,11min late,16:13,16min early,1h 1m,Landed
2026-05-10,JQ107,JST107,Jetstar Airways,Perth,PER,YPPH,15:00,07:00,15:15,15min late,18:45,4min early,3h 29m,Landed
2026-05-10,QG342,CTV342,Citilink,Makassar,UPG,WAAA,15:00,07:00,15:19,19min late,16:29,on time,1h 10m,Landed
2026-05-10,IU120,SJV120,SW Italia,Yogyakarta,YIA,WAHI,15:00,07:00,16:34,34min late,16:42,12min late,1h 7m,Landed
2026-05-10,JQ44,JST044,Jetstar Airways,Melbourne,MEL,YMML,15:10,07:10,15:19,9min late,22:21,23min early,5h 2m,Landed
2026-05-10,VA50,VOZ050,Virgin Australia,Brisbane,BNE,YBBN,15:15,07:15,16:37,22min late,23:32,27min late,4h 55m,Landed
2026-05-10,GA842,GIA842,Garuda Indonesia,Singapore,SIN,WSSS,15:15,07:15,15:26,11min late,17:58,11min early,2h 32m,Landed
2026-05-10,AK377,,AirAsia,Kuala Lumpur,KUL,WMKK,15:25,07:25,15:28,3min late,18:13,16min early,2h 44m,Landed
2026-05-10,QG669,CTV669,Citilink,Surabaya,SUB,WARR,15:30,07:30,15:30,on time,15:29,10min early,58m,Landed
2026-05-10,IP109,PAS109,Pelita Air Service,Jakarta,CGK,WIII,15:35,07:35,15:34,on time,16:09,15min early,1h 34m,Landed
2026-05-10,SJ717,,Sriwijaya Air,Makassar,UPG,WAAA,15:40,07:40,15:40,,17:00,,1h 20m,Landed
2026-05-10,GA411,GIA411,Garuda Indonesia,Jakarta,CGK,WIII,15:45,07:45,15:48,3min late,16:33,11min early,1h 45m,Landed
2026-05-10,VA92,VOZ092,Virgin Australia,Melbourne,MEL,YMML,15:50,07:50,16:14,24min late,23:27,2min late,5h 12m,Landed
2026-05-10,CI772,CAL772,China Airlines,Taipei,TPE,RCTP,15:55,07:55,15:55,on time,20:37,42min early,4h 41m,Landed
2026-05-10,8B5256,TNU5256,TransNusa,Lombok,LOP,WADL,15:55,07:55,16:06,11min late,16:25,24min early,18m,Landed
2026-05-10,VN640,HVN640,Vietnam Airlines,Ho Chi Minh City,SGN,VVTS,16:00,08:00,16:18,18min late,18:42,2min late,3h 23m,Landed
2026-05-10,QZ246,AWQ246,Indonesia AirAsia,Phuket,HKT,VTSP,16:10,08:10,16:32,22min late,18:57,12min early,3h 25m,Landed
2026-05-10,CX784,CPA784,Cathay Pacific,Hong Kong,HKG,VHHH,16:15,08:15,16:28,13min late,20:46,38min early,4h 17m,Landed
2026-05-10,MH850,MAS850,Malaysia Airlines,Kuala Lumpur,KUL,WMKK,16:25,08:25,16:39,14min late,19:19,15min early,2h 40m,Landed
2026-05-10,BR256,EVA256,EVA Airways,Taipei,TPE,RCTP,16:30,08:30,16:55,25min late,21:42,17min early,4h 47m,Landed
2026-05-10,IW1852,WON1852,Wings Air,Lombok,LOP,WADL,16:30,08:30,16:44,14min late,17:12,8min early,27m,Landed
2026-05-10,IU703,SJV703,SW Italia,Surabaya,SUB,WARR,16:40,08:40,17:39,59min late,17:25,45min late,45m,Landed
2026-05-10,JT744,,Lion Air,Makassar,UPG,WAAA,16:40,08:40,17:20,40min late,18:21,16min late,1h 1m,Landed
2026-05-10,AK369,AXM369,AirAsia,Kuala Lumpur,KUL,WMKK,16:40,08:40,16:47,7min late,19:31,13min early,2h 43m,Landed
2026-05-10,HO1356,DKH1356,Juneyao Airlines,Shanghai,PVG,ZSPD,16:50,08:50,16:57,7min late,23:07,27min early,6h 9m,Landed
2026-05-10,TG432,,Thai Airways International,Bangkok,BKK,VTBS,16:55,08:55,16:53,1min early,19:34,30min early,3h 40m,Landed
2026-05-10,GA349,GIA349,Garuda Indonesia,Surabaya,SUB,WARR,16:55,08:55,17:27,32min late,17:21,11min late,54m,Landed
2026-05-10,IU273,SJV273,SW Italia,Pontianak,PNK,WIOO,17:00,09:00,18:35,35min late,19:07,2min late,1h 32m,Landed
2026-05-10,ID6335,BTK6335,Batik Air,Labuan Bajo,LBJ,WATO,17:00,09:00,17:16,16min late,18:12,2min early,56m,Landed
2026-05-10,JT23,LNI023,Lion Air,Jakarta,CGK,WIII,17:15,09:15,18:40,25min late,19:23,13min late,1h 43m,Landed
2026-05-10,GA419,GIA419,Garuda Indonesia,Jakarta,CGK,WIII,17:25,09:25,17:43,18min late,18:23,1min early,1h 40m,Landed
2026-05-10,VJ998,VJC998,VietJet Air,Hanoi,HAN,VVNB,17:30,09:30,17:37,7min late,21:15,30min early,4h 37m,Landed
2026-05-10,TR243,TGW243,Scoot,Singapore,SIN,WSSS,17:35,09:35,18:25,50min late,20:41,16min late,2h 15m,Landed
2026-05-10,IP107,,Pelita Air Service,Jakarta,CGK,WIII,17:40,09:40,17:40,,18:30,,1h 50m,Landed
2026-05-10,NZ291,ANZ291,Air New Zealand,Auckland,AKL,NZAA,17:50,09:50,18:11,21min late,05:14,15min early,7h 3m,Landed
2026-05-10,QZ821,AWQ821,Indonesia AirAsia,Jakarta,CGK,WIII,18:00,10:00,18:17,17min late,18:51,1min late,1h 33m,Landed
2026-05-10,6E1608,IGO1608,IndiGo,Chennai,MAA,VOMM,18:00,10:00,18:16,16min late,21:36,1min late,5h 50m,Landed
2026-05-10,IU126,SJV126,SW Italia,Surakarta,SOC,WAHQ,18:10,10:10,18:33,23min late,18:50,20min late,1h 16m,Landed
2026-05-10,OD193,MXD193,Malindo Air,Perth,PER,YPPH,18:10,10:10,19:09,59min late,22:44,59min late,3h 34m,Landed
2026-05-10,ID6552,BTK6552,Batik Air,Kupang,KOE,WATT,18:25,10:25,18:38,13min late,19:56,18min early,1h 18m,Landed
2026-05-10,IN281,LKN281,Nam Air,Jakarta,CGK,WIII,18:30,10:30,18:46,16min late,19:31,21min late,1h 44m,Landed
2026-05-10,GA417,GIA417,Garuda Indonesia,Jakarta,CGK,WIII,18:30,10:30,18:59,29min late,19:31,1min late,1h 31m,Landed
2026-05-10,QR963,QTR963,Qatar Airways,Doha,DOH,OTHH,18:35,10:35,18:34,on time,22:41,58min early,9h 6m,Landed
2026-05-10,EY477,,Etihad Airways,Abu Dhabi,AUH,OMAA,18:45,10:45,19:48,3min late,00:31,51min late,8h 43m,Landed
2026-05-10,CX782,CPA782,Cathay Pacific,Hong Kong,HKG,VHHH,18:50,10:50,19:06,16min late,23:35,29min early,4h 29m,Landed
2026-05-10,QG689,CTV689,Citilink,Jakarta,CGK,WIII,18:55,10:55,19:14,19min late,19:55,on time,1h 41m,Landed
2026-05-10,8B5258,TNU5258,Business Air,Lombok,LOP,WADL,18:55,10:55,19:10,15min late,19:27,7min early,17m,Landed
2026-05-10,TG440,THA440,Thai Airways International,Bangkok,BKK,VTBS,19:00,11:00,19:24,24min late,22:11,1min late,3h 47m,Landed
2026-05-10,6E1612,IGO1612,IndiGo,Bhubaneswar,BBI,VEBS,19:10,11:10,19:12,2min late,22:17,32min early,5h 34m,Landed
2026-05-10,QG195,CTV195,Citilink,Jakarta,HLP,WIHH,19:15,11:15,19:19,4min late,20:03,6min early,1h 44m,Landed
2026-05-10,MH852,MAS852,Malaysia Airlines,Kuala Lumpur,KUL,WMKK,19:20,11:20,19:28,8min late,22:07,12min early,2h 39m,Landed
2026-05-10,QG699,CTV699,Citilink,Surabaya,SUB,WARR,19:25,11:25,20:16,51min late,06:05,25min late,10h 49m,Landed
2026-05-10,EK369,UAE369,Emirates,Dubai,DXB,OMDB,19:45,11:45,20:00,15min late,00:41,8min early,8h 40m,Landed
2026-05-10,AK379,AXM379,AirAsia,Kuala Lumpur,KUL,WMKK,19:45,11:45,20:01,16min late,22:53,3min late,2h 52m,Landed
2026-05-10,IU133,SJV133,SW Italia,Semarang,SRG,WIIS,19:50,11:50,20:05,15min late,20:01,8min early,56m,Landed
2026-05-10,GA421,GIA421,Garuda Indonesia,Jakarta,CGK,WIII,19:50,11:50,20:08,18min late,20:46,3min early,1h 38m,Landed
2026-05-10,8B969,TNU969,TransNusa,Guangzhou,CAN,ZGGG,19:50,11:50,20:18,28min late,07:19,14min late,11h 1m,Landed
2026-05-10,JT923,,Lion Air,Surabaya,SUB,WARR,19:55,11:55,,,,,1h 0m,Cancelled
2026-05-10,SQ945,SIA945,Singapore Airlines,Singapore,SIN,WSSS,20:00,12:00,20:30,30min late,22:42,2min late,2h 11m,Landed
2026-05-10,QG697,CTV697,Citilink,Surabaya,SUB,WARR,20:25,12:25,20:28,3min late,20:25,on time,57m,Landed
2026-05-10,ID6415,BTK6415,Batik Air,Surabaya,SUB,WARR,20:30,12:30,21:24,54min late,21:08,38min late,44m,Landed
2026-05-10,GA415,GIA415,Garuda Indonesia,Jakarta,CGK,WIII,20:40,12:40,18:15,24min early,21:35,4min early,4h 19m,Landed
2026-05-10,TK67,THY067,Turkish Airlines,Istanbul,IST,LTFM,20:45,12:45,20:55,10min late,04:43,1min early,12h 48m,Landed
2026-05-10,KL836,KLM836,KLM Royal Dutch Airlines,Singapore,SIN,WSSS,20:45,12:45,20:51,6min late,23:10,14min early,2h 18m,Landed
2026-05-10,IP105,PAS105,Pelita Air Service,Jakarta,CGK,WIII,20:50,12:50,20:50,on time,21:23,16min early,1h 33m,Landed
2026-05-10,OD177,MXD177,Malindo Air,Melbourne,MEL,YMML,21:00,13:00,21:07,7min late,04:24,15min early,5h 17m,Landed
2026-05-10,QG667,CTV667,Citilink,Jakarta,CGK,WIII,21:10,13:10,21:22,12min late,21:55,14min early,1h 32m,Landed
2026-05-10,QZ410,AWQ410,Indonesia AirAsia,Melbourne,MEL,YMML,21:15,13:15,00:47,32min late,08:12,12min late,5h 25m,Landed
2026-05-10,JQ34,JST034,Jetstar Airways,Melbourne,MEL,YMML,21:20,13:20,21:30,10min late,04:31,23min early,5h 1m,Landed
2026-05-10,JQ117,JST117,Jetstar Airways,Perth,PER,YPPH,21:30,13:30,21:28,1min early,01:00,19min early,3h 32m,Landed
2026-05-10,ID6760,,Batik Air,Makassar,UPG,WAAA,21:30,13:30,,,,,1h 25m,Cancelled
2026-05-10,JT15,LNI015,Lion Air,Jakarta,CGK,WIII,21:32,13:32,21:37,4min late,22:08,3min early,1h 31m,Landed
2026-05-10,SJ273,SJY273,Sriwijaya Air,Jakarta,CGK,WIII,21:35,13:35,22:11,36min late,22:39,24min late,1h 27m,Landed
2026-05-10,SQ947,SIA947,Singapore Airlines,Singapore,SIN,WSSS,21:40,13:40,21:57,17min late,00:03,11min early,2h 6m,Landed
2026-05-10,OD157,MXD157,Malindo Air,Brisbane,BNE,YBBN,22:00,14:00,22:04,4min late,05:00,49min early,4h 56m,Landed
2026-05-10,GA718,GIA718,Garuda Indonesia,Melbourne,MEL,YMML,22:05,14:05,22:21,16min late,05:36,6min late,5h 14m,Landed
2026-05-10,JQ60,JST060,Jetstar Airways,Brisbane,BNE,YBBN,22:10,14:10,22:36,26min late,05:25,19min early,4h 48m,Landed
2026-05-10,OD171,MXD171,Malindo Air,Sydney,SYD,YSSY,22:15,14:15,22:28,13min late,06:07,2min late,5h 39m,Landed
2026-05-10,AK375,AXM375,AirAsia,Kuala Lumpur,KUL,WMKK,22:15,14:15,22:26,11min late,01:04,15min early,2h 38m,Landed
2026-05-10,QF44,QFA044,Qantas,Sydney,SYD,YSSY,22:20,14:20,22:34,14min late,06:01,8min early,5h 27m,Landed
2026-05-10,JQ38,,Jetstar Airways,Sydney,SYD,YSSY,22:35,14:35,22:55,20min late,06:23,6min early,5h 28m,Landed
2026-05-10,7C5304,JJA5304,Jeju Air,Seoul,ICN,RKSI,22:45,14:45,23:13,28min late,07:17,2min late,7h 4m,Landed
2026-05-10,JQ91,JST091,Jetstar Airways,Cairns,CNS,YBCS,23:00,15:00,23:11,11min late,05:07,22min early,3h 55m,Landed
2026-05-10,VA96,VOZ096,Virgin Australia,Melbourne,MEL,YMML,23:05,15:05,23:13,8min late,06:17,22min early,5h 4m,Landed
2026-05-10,QF46,QFA046,Qantas,Melbourne,MEL,YMML,23:05,15:05,23:22,17min late,06:25,14min early,5h 3m,Landed
2026-05-10,8B5109,TNU5109,Business Air,Jakarta,CGK,WIII,23:10,15:10,23:46,36min late,00:25,35min late,1h 38m,Landed
2026-05-10,3U3986,CSC3986,Sichuan Airlines,Lujia Town,TFU,ZUTF,23:10,15:10,23:10,on time,10:46,16min late,11h 35m,Landed
2026-05-10,VA82,VOZ082,Virgin Australia,Gold Coast,OOL,YBCG,23:20,15:20,23:45,25min late,06:51,3min early,5h 5m,Landed
2026-05-10,GA714,GIA714,Garuda Indonesia,Sydney,SYD,YSSY,23:25,15:25,23:32,7min late,07:01,8min early,5h 28m,Landed
2026-05-10,JQ50,JST050,Jetstar Airways,Melbourne,AVV,YMAV,23:25,15:25,23:35,10min late,06:44,15min early,5h 8m,Landed
2026-05-10,VA68,VOZ068,Virgin Australia,Sydney,SYD,YSSY,23:35,15:35,23:30,4min early,06:44,50min early,5h 13m,Landed
2026-05-10,QZ420,AWQ420,Indonesia AirAsia,Adelaide,ADL,YPAD,23:45,15:45,23:56,11min late,06:21,3min early,4h 55m,Landed
2026-05-10,KE432,KAL432,Korean Air Lines,Seoul,ICN,RKSI,23:45,15:45,23:50,5min late,07:27,27min early,6h 36m,Landed
2026-05-10,JQ87,JST087,Jetstar Airways,Sunshine Coast,MCY,YBSU,23:50,15:50,00:35,45min late,07:21,8min early,4h 45m,Landed
2026-05-10,JQ128,JST128,Jetstar Airways,Adelaide,ADL,YPAD,23:55,15:55,00:01,6min late,06:00,9min early,4h 28m,Landed
2026-05-11,BX602,ABL602,Air Busan,Busan,PUS,RKPK,00:05,16:05,00:39,34min late,08:10,15min late,6h 31m,Landed
2026-05-11,TW158,TWB158,T'Way Air,Cheongju,CJJ,RKTU,00:15,16:15,00:33,18min late,12:55,20min late,11h 21m,Landed
2026-05-11,GA880,GIA880,Garuda Indonesia,Tokyo,NRT,RJAA,00:20,16:20,00:25,5min late,08:35,14min early,7h 10m,Landed
2026-05-11,MF892,CXA892,Xiamen Airlines,Xiamen,XMN,ZSAM,00:30,16:30,00:36,6min late,05:49,15min early,5h 13m,Landed
2026-05-11,QR961,QTR961,Qatar Airways,Doha,DOH,OTHH,00:35,16:35,00:37,2min late,04:52,47min early,9h 15m,Landed
2026-05-11,EK399,UAE399,Emirates,Dubai,DXB,OMDB,00:35,16:35,00:41,6min late,09:43,8min late,13h 2m,Landed
2026-05-11,CZ626,CSN626,China Southern Airlines,Guangzhou,CAN,ZGGG,00:40,16:40,00:35,5min early,05:20,34min early,4h 45m,Landed
2026-05-11,PR538,PAL538,Philippine Airlines,Manila,MNL,RPLL,00:55,16:55,01:13,18min late,04:39,20min early,3h 26m,Landed
2026-05-11,MU5030,CES5030,China Eastern Airlines,Shanghai,PVG,ZSPD,00:55,16:55,01:06,11min late,07:17,42min early,6h 10m,Landed
2026-05-11,5J282,CEB282,CEBU Pacific Air,Manila,MNL,RPLL,01:00,17:00,01:29,29min late,05:00,19min early,3h 30m,Landed
2026-05-11,SJ726,,Sriwijaya Air,Makassar,UPG,WAAA,01:00,17:00,01:00,,02:20,,1h 20m,Landed
2026-05-11,GA652,GIA652,Garuda Indonesia,Timika,TIM,WABP,01:05,17:05,01:18,13min late,05:54,9min late,3h 35m,Landed
2026-05-11,KE434,KAL434,Korean Air Lines,Seoul,ICN,RKSI,01:10,17:10,01:25,15min late,09:01,23min early,6h 36m,Landed
2026-05-11,8B5888,TNU5888,TransNusa,Manado,MDC,WAMM,01:30,17:30,01:32,2min late,03:41,18min early,2h 8m,Landed
2026-05-11,GA401,GIA401,Garuda Indonesia,Jakarta,CGK,WIII,06:30,22:30,06:38,8min late,07:23,6min early,1h 45m,Landed
2026-05-11,JT746,LNI746,Lion Air,Makassar,UPG,WAAA,07:00,23:00,07:13,13min late,08:10,14min early,57m,Landed
2026-05-11,JT944,,Lion Air,Makassar,UPG,WAAA,07:00,23:00,07:00,on time,08:18,1min early,1h 18m,Landed
2026-05-11,IU705,SJV705,SW Italia,Surabaya,SUB,WARR,07:00,23:00,07:26,26min late,07:09,9min late,43m,Landed
2026-05-11,QZ807,AWQ807,Indonesia AirAsia,Jakarta,CGK,WIII,07:00,23:00,07:30,30min late,07:56,3min early,1h 26m,Landed
2026-05-11,JQ82,JST082,Jetstar Airways,Darwin,DRW,YPDN,07:00,23:00,06:50,9min early,10:39,35min early,2h 18m,Landed
2026-05-11,QZ534,AWQ534,Indonesia AirAsia,Perth,PER,YPPH,07:05,23:05,07:17,12min late,10:49,10min early,3h 32m,Landed
2026-05-11,QZ644,AWQ644,Indonesia AirAsia,Labuan Bajo,LBJ,WATO,07:10,23:10,07:30,20min late,08:20,5min late,50m,Landed
2026-05-11,8B5250,TNU5250,TransNusa,Lombok,LOP,WADL,07:15,23:15,07:21,6min late,07:40,14min early,19m,Landed
2026-05-11,SQ949,SIA949,Singapore Airlines,Singapore,SIN,WSSS,07:15,23:15,07:32,17min late,09:46,13min early,2h 14m,Landed
2026-05-11,8B551,,TransNusa,Singapore,SIN,WSSS,07:30,23:30,07:30,,09:55,,2h 25m,Landed
2026-05-11,ID6333,BTK6333,Batik Air,Labuan Bajo,LBJ,WATO,07:55,23:55,08:48,53min late,09:40,30min late,52m,Landed
2026-05-11,JT21,LNI021,Lion Air,Jakarta,CGK,WIII,08:05,00:05,11:10,5min late,11:41,41min late,1h 31m,Landed
2026-05-11,IW1858,WON1858,Wings Air,Lombok,LOP,WADL,08:05,00:05,08:24,19min late,08:48,6min early,23m,Landed
2026-05-11,HX706,CRK706,Hong Kong Airlines,Hong Kong,HKG,VHHH,08:05,00:05,08:17,12min late,12:48,31min early,4h 30m,Landed
2026-05-11,AI2146,AIC2146,Air India,Delhi,DEL,VIDP,08:25,00:25,08:35,10min late,13:36,13min early,7h 30m,Landed
2026-05-11,5J280,CEB280,CEBU Pacific Air,Manila,MNL,RPLL,08:35,00:35,09:03,28min late,12:34,20min early,3h 31m,Landed
2026-05-11,CZ8482,CSN8482,China Southern Airlines,Guangzhou,CAN,ZGGG,08:40,00:40,08:37,2min early,13:39,10min early,5h 1m,Landed
2026-05-11,IW1882,WON1882,Wings Air,Sumbawa Besar,SWQ,WADS,08:55,00:55,09:16,21min late,09:57,2min early,41m,Landed
2026-05-11,IW3330,WON3330,Wings Air,,,,09:00,01:00,08:59,on time,11:28,16min early,2h 29m,Landed
2026-05-11,QG500,CTV500,Citilink,Dili,DIL,WPDL,09:00,01:00,09:04,4min late,11:53,11min early,1h 48m,Landed
2026-05-11,QG691,CTV691,Citilink,Surabaya,SUB,WARR,09:05,01:05,09:12,7min late,09:06,8min early,54m,Landed
2026-05-11,SJ740,,Sriwijaya Air,Waingapu,WGP,WADW,09:10,01:10,09:10,,10:30,,1h 20m,Landed
2026-05-11,ID6324,BTK6324,Batik Air,Tambolaka,TMC,WADT,09:10,01:10,09:24,14min late,10:08,11min early,43m,Landed
2026-05-11,8B5105,TNU5105,Business Air,Jakarta,CGK,WIII,09:15,01:15,09:18,3min late,09:53,6min early,1h 35m,Landed
2026-05-11,IW1848,WON1848,Wings Air,Lombok,LOP,WADL,09:25,01:25,10:11,46min late,10:35,20min late,24m,Landed
2026-05-11,ID6007,BTK6007,Batik Air,Perth,PER,YPPH,09:30,01:30,09:32,2min late,13:01,13min early,3h 29m,Landed
2026-05-11,8B5634,TNU5634,TransNusa,Bima,BMU,WADB,09:35,01:35,09:45,10min late,10:33,1min early,47m,Landed
2026-05-11,8B80,TNU080,TransNusa,Perth,PER,YPPH,09:40,01:40,09:49,9min late,13:25,on time,3h 35m,Landed
2026-05-11,QG197,CTV197,Citilink,Jakarta,HLP,WIHH,09:45,01:45,09:46,1min late,10:25,14min early,1h 39m,Landed
2026-05-11,IU122,SJV122,SW Italia,Yogyakarta,YIA,WAHI,10:00,02:00,10:00,on time,10:09,20min early,1h 9m,Landed
2026-05-11,SQ935,SIA935,Singapore Airlines,Singapore,SIN,WSSS,10:05,02:05,10:22,17min late,12:30,15min early,2h 7m,Landed
2026-05-11,QZ803,AWQ803,Indonesia AirAsia,Jakarta,CGK,WIII,10:15,02:15,10:27,12min late,10:56,8min early,1h 28m,Landed
2026-05-11,8B553,TNU553,Business Air,Singapore,SIN,WSSS,10:20,02:20,10:31,11min late,12:44,31min early,2h 12m,Landed
2026-05-11,8B5101,TNU5101,TransNusa,Jakarta,CGK,WIII,10:25,02:25,10:45,20min late,11:17,2min late,1h 31m,Landed
2026-05-11,8G182,DTL182,Mid Africa Aviation,Dili,DIL,WPDL,10:35,02:35,10:54,19min late,13:33,3min late,1h 39m,Landed
2026-05-11,JT805,,Lion Air,Surabaya,SUB,WARR,10:35,02:35,10:35,,10:35,,1h 0m,Landed
2026-05-11,JT31,LNI031,Lion Air,Jakarta,CGK,WIII,11:05,03:05,11:16,11min late,11:46,13min early,1h 30m,Landed
2026-05-11,TR281,TGW281,Scoot,Singapore,SIN,WSSS,11:15,03:15,11:39,24min late,13:57,12min early,2h 18m,Landed
2026-05-11,JQ126,JST126,Jetstar Airways,Adelaide,ADL,YPAD,11:15,03:15,11:20,5min late,17:27,2min early,4h 36m,Landed
2026-05-11,6E1606,IGO1606,IndiGo,Bangalore,BLR,VOBL,11:20,03:20,11:26,6min late,15:11,1min late,6h 15m,Landed
2026-05-11,QZ646,AWQ646,Indonesia AirAsia,Labuan Bajo,LBJ,WATO,11:25,03:25,11:30,5min late,12:22,17min early,51m,Landed
2026-05-11,JQ109,JST109,Jetstar Airways,Perth,PER,YPPH,11:40,03:40,12:11,31min late,15:29,4min late,3h 18m,Landed
2026-05-11,IW1964,WON1964,Wings Air,Lombok,LOP,WADL,11:40,03:40,12:26,46min late,12:48,18min late,22m,Landed
2026-05-11,ID6331,BTK6331,Batik Air,Labuan Bajo,LBJ,WATO,11:45,03:45,12:31,46min late,13:33,33min late,1h 1m,Landed
2026-05-11,OD192,MXD192,Malindo Air,Kuala Lumpur,KUL,WMKK,11:55,03:55,11:54,on time,14:43,21min early,2h 48m,Landed
2026-05-11,GA407,GIA407,Garuda Indonesia,Jakarta,CGK,WIII,11:55,03:55,12:07,12min late,12:48,6min early,1h 41m,Landed
2026-05-11,QZ544,AWQ544,Indonesia AirAsia,Perth,PER,YPPH,12:00,04:00,12:15,15min late,15:47,2min early,3h 32m,Landed
2026-05-11,JQ32,JST032,Jetstar Airways,Melbourne,MEL,YMML,12:05,04:05,12:18,13min late,19:29,10min early,5h 11m,Landed
2026-05-11,GA253,GIA253,Garuda Indonesia,Yogyakarta,YIA,WAHI,12:05,04:05,12:41,36min late,15:41,46min late,3h 59m,Landed
2026-05-11,SJ742,,Sriwijaya Air,Tambolaka,TMC,WADT,12:10,04:10,12:10,,13:10,,1h 0m,Landed
2026-05-11,SQ937,SIA937,Singapore Airlines,Singapore,SIN,WSSS,12:10,04:10,12:20,10min late,14:34,20min early,2h 13m,Landed
2026-05-11,JQ40,JST040,Jetstar Airways,Sydney,SYD,YSSY,12:20,04:20,12:33,13min late,19:51,23min early,5h 18m,Landed
2026-05-11,OD178,MXD178,Malindo Air,Kuala Lumpur,KUL,WMKK,12:25,04:25,12:44,19min late,15:25,9min early,2h 40m,Landed
2026-05-11,8B5254,TNU5254,Business Air,Lombok,LOP,WADL,12:40,04:40,13:05,25min late,13:25,5min late,19m,Landed
2026-05-11,OD158,MXD158,Malindo Air,Kuala Lumpur,KUL,WMKK,12:45,04:45,13:16,31min late,16:03,8min late,2h 47m,Landed
2026-05-11,IP103,PAS103,Pelita Air Service,Jakarta,CGK,WIII,12:45,04:45,12:48,3min late,13:22,17min early,1h 33m,Landed
2026-05-11,AK365,AXM365,AirAsia,Kuala Lumpur,KUL,WMKK,13:00,05:00,13:22,22min late,16:07,2min late,2h 44m,Landed
2026-05-11,OD307,MXD307,Malindo Air,Kuala Lumpur,KUL,WMKK,13:00,05:00,13:27,27min late,16:07,7min late,2h 40m,Landed
2026-05-11,ID6509,BTK6509,Batik Air,Jakarta,CGK,WIII,13:00,05:00,13:09,9min late,13:41,13min early,1h 32m,Landed
2026-05-11,MH714,MAS714,Malaysia Airlines,Kuala Lumpur,KUL,WMKK,13:05,05:05,13:50,45min late,16:28,28min late,2h 37m,Landed
2026-05-11,OD172,MXD172,Malindo Air,Kuala Lumpur,KUL,WMKK,13:10,05:10,13:11,1min late,15:54,25min early,2h 43m,Landed
2026-05-11,JQ58,JST058,Jetstar Airways,Brisbane,BNE,YBBN,13:15,05:15,14:12,57min late,21:09,14min late,4h 57m,Landed
2026-05-11,SQ939,SIA939,Singapore Airlines,Singapore,SIN,WSSS,13:15,05:15,13:40,25min late,15:55,5min early,2h 14m,Landed
2026-05-11,JT35,,Lion Air,Jakarta,CGK,WIII,13:15,05:15,13:15,,13:48,21min early,1h 33m,Landed
2026-05-11,SL259,TLM259,Thai Lion Air,Bangkok,DMK,VTBD,13:25,05:25,13:53,28min late,16:49,on time,3h 55m,Landed
2026-05-11,GA409,GIA409,Garuda Indonesia,Jakarta,CGK,WIII,13:25,05:25,13:47,22min late,14:27,2min late,1h 40m,Landed
2026-05-11,JT660,LNI660,Lion Air,Balikpapan,BPN,WALL,13:30,05:30,13:44,14min late,15:03,12min early,1h 18m,Landed
2026-05-11,GA842,GIA842,Garuda Indonesia,Singapore,SIN,WSSS,13:40,05:40,14:24,44min late,16:50,25min late,2h 26m,Landed
2026-05-11,QG687,CTV687,Citilink,Jakarta,CGK,WIII,13:45,05:45,13:55,10min late,14:42,2min late,1h 47m,Landed
2026-05-11,8B5107,TNU5107,Business Air,Jakarta,CGK,WIII,13:50,05:50,14:16,26min late,14:48,8min late,1h 32m,Landed
2026-05-11,JT919,LNI919,Lion Air,Surabaya,SUB,WARR,13:55,05:55,20:07,12min late,14:36,41min late,,Landed
2026-05-11,VJ894,VJC894,VietJet Air,Ho Chi Minh City,SGN,VVTS,14:05,06:05,14:06,1min late,16:31,23min early,3h 24m,Landed
2026-05-11,TR289,TGW289,Scoot,Singapore,SIN,WSSS,14:05,06:05,14:20,15min late,16:33,21min early,2h 12m,Landed
2026-05-11,ID6517,BTK6517,Batik Air,Jakarta,CGK,WIII,14:15,06:15,14:27,12min late,14:57,12min early,1h 29m,Landed
2026-05-11,ID7308,BTK7308,Batik Air,Jakarta,HLP,WIHH,14:20,06:20,14:31,11min late,15:03,6min early,1h 31m,Landed
2026-05-11,GA653,GIA653,Garuda Indonesia,Jakarta,CGK,WIII,14:30,06:30,14:36,6min late,15:11,18min early,1h 35m,Landed
2026-05-11,AI2148,AIC2148,Air India,Bhubaneswar,BBI,VEBS,14:35,06:35,14:39,4min late,17:58,16min early,5h 48m,Landed
2026-05-11,JT33,LNI033,Lion Air,Jakarta,CGK,WIII,14:45,06:45,17:19,34min late,17:50,10min late,1h 31m,Landed
2026-05-11,QG681,CTV681,Citilink,Jakarta,CGK,WIII,14:45,06:45,14:56,11min late,15:28,26min early,1h 32m,Landed
2026-05-11,IU120,SJV120,SW Italia,Yogyakarta,YIA,WAHI,15:00,07:00,15:15,15min late,15:21,8min early,1h 5m,Landed
2026-05-11,QG342,CTV342,Citilink,Makassar,UPG,WAAA,15:00,07:00,15:24,24min late,16:26,3min early,1h 2m,Landed
2026-05-11,JQ107,JST107,Jetstar Airways,Perth,PER,YPPH,15:00,07:00,15:09,9min late,18:56,6min late,3h 47m,Landed
2026-05-11,JQ86,JST086,Jetstar Airways,Singapore,SIN,WSSS,15:05,07:05,15:36,31min late,18:01,1min late,2h 24m,Landed
2026-05-11,JQ44,JST044,Jetstar Airways,Melbourne,MEL,YMML,15:10,07:10,15:30,20min late,22:40,4min early,5h 9m,Landed
2026-05-11,VA50,VOZ050,Virgin Australia,Brisbane,BNE,YBBN,15:15,07:15,15:43,28min late,22:44,20min early,5h 1m,Landed
2026-05-11,AK377,AXM377,AirAsia,Kuala Lumpur,KUL,WMKK,15:25,07:25,15:56,31min late,18:40,10min late,2h 44m,Landed
2026-05-11,JT740,LNI740,Lion Air,Makassar,UPG,WAAA,15:30,07:30,15:58,28min late,16:59,4min late,1h 1m,Landed
2026-05-11,QG669,CTV669,Citilink,Surabaya,SUB,WARR,15:30,07:30,15:33,3min late,15:18,21min early,45m,Landed
2026-05-11,IP109,PAS109,Pelita Air Service,Jakarta,CGK,WIII,15:35,07:35,15:51,16min late,16:23,1min early,1h 31m,Landed
2026-05-11,SJ717,,Sriwijaya Air,Makassar,UPG,WAAA,15:40,07:40,15:40,,17:00,,1h 20m,Landed
2026-05-11,IW1850,WON1850,Wings Air,Lombok,LOP,WADL,15:40,07:40,16:17,37min late,16:41,11min late,24m,Landed
2026-05-11,GA411,GIA411,Garuda Indonesia,Jakarta,CGK,WIII,15:45,07:45,16:02,17min late,16:42,2min early,1h 39m,Landed
2026-05-11,VA92,VOZ092,Virgin Australia,Melbourne,MEL,YMML,15:50,07:50,16:23,33min late,23:34,9min late,5h 11m,Landed
2026-05-11,CI772,CAL772,China Airlines,Taipei,TPE,RCTP,15:55,07:55,16:10,15min late,20:52,27min early,4h 41m,Landed
2026-05-11,8B5256,TNU5256,TransNusa,Lombok,LOP,WADL,15:55,07:55,16:03,8min late,16:22,27min early,19m,Landed
2026-05-11,VN640,HVN640,Vietnam Airlines,Ho Chi Minh City,SGN,VVTS,16:00,08:00,16:13,13min late,18:34,5min early,3h 21m,Landed
2026-05-11,QZ246,AWQ246,Indonesia AirAsia,Phuket,HKT,VTSP,16:10,08:10,16:15,5min late,18:56,13min early,3h 41m,Landed
2026-05-11,CX784,CPA784,Cathay Pacific,Hong Kong,HKG,VHHH,16:15,08:15,16:43,28min late,21:04,20min early,4h 21m,Landed
2026-05-11,MH850,MAS850,Malaysia Airlines,Kuala Lumpur,KUL,WMKK,16:25,08:25,16:53,28min late,19:35,on time,2h 42m,Landed
2026-05-11,BR256,EVA256,EVA Airways,Taipei,TPE,RCTP,16:30,08:30,16:49,19min late,21:34,25min early,4h 45m,Landed
2026-05-11,IW1852,WON1852,Wings Air,Lombok,LOP,WADL,16:30,08:30,16:30,on time,16:54,25min early,24m,Landed
2026-05-11,IU703,SJV703,SW Italia,Surabaya,SUB,WARR,16:40,08:40,17:41,1min late,17:21,41min late,39m,Landed
2026-05-11,JT744,,Lion Air,Makassar,UPG,WAAA,16:40,08:40,,,,,1h 25m,Cancelled
2026-05-11,HO1356,DKH1356,Juneyao Airlines,Shanghai,PVG,ZSPD,16:50,08:50,16:58,8min late,23:13,21min early,6h 14m,Landed
2026-05-11,GA349,GIA349,Garuda Indonesia,Surabaya,SUB,WARR,16:55,08:55,18:09,14min late,17:52,42min late,43m,Landed
2026-05-11,TG432,THA432,Thai Airways International,Bangkok,BKK,VTBS,16:55,08:55,16:56,1min late,19:35,29min early,3h 39m,Landed
2026-05-11,ID6335,BTK6335,Batik Air,Labuan Bajo,LBJ,WATO,17:00,09:00,17:17,17min late,18:07,7min early,49m,Landed
2026-05-11,JT23,,Lion Air,Jakarta,CGK,WIII,17:15,09:15,17:15,,20:55,45min late,4h 40m,Landed
2026-05-11,GA419,GIA419,Garuda Indonesia,Jakarta,CGK,WIII,17:25,09:25,17:57,32min late,18:30,5min late,1h 33m,Landed
2026-05-11,VJ998,VJC998,VietJet Air,Hanoi,HAN,VVNB,17:30,09:30,17:32,2min late,00:26,41min late,7h 53m,Landed
2026-05-11,TR243,TGW243,Scoot,Singapore,SIN,WSSS,17:35,09:35,18:12,37min late,20:26,on time,2h 13m,Landed
2026-05-11,IP107,,Pelita Air Service,Jakarta,CGK,WIII,17:40,09:40,17:40,,18:30,,1h 50m,Landed
2026-05-11,NZ291,ANZ291,Air New Zealand,Auckland,AKL,NZAA,17:50,09:50,17:45,4min early,05:00,29min early,7h 14m,Landed
2026-05-11,6E1608,IGO1608,IndiGo,Chennai,MAA,VOMM,18:00,10:00,18:01,1min late,21:04,30min early,5h 33m,Landed
2026-05-11,QZ821,AWQ821,Indonesia AirAsia,Jakarta,CGK,WIII,18:00,10:00,18:05,5min late,18:39,10min early,1h 34m,Landed
2026-05-11,OD193,MXD193,Malindo Air,Perth,PER,YPPH,18:10,10:10,20:18,8min late,23:47,2min late,3h 29m,Landed
2026-05-11,IU126,SJV126,SW Italia,Surakarta,SOC,WAHQ,18:10,10:10,18:29,19min late,18:40,10min late,1h 10m,Landed
2026-05-11,ID6552,BTK6552,Batik Air,Kupang,KOE,WATT,18:25,10:25,18:34,9min late,19:54,20min early,1h 19m,Landed
2026-05-11,IN281,LKN281,Nam Air,Jakarta,CGK,WIII,18:30,10:30,18:51,21min late,19:22,12min late,1h 31m,Landed
2026-05-11,GA417,GIA417,Garuda Indonesia,Jakarta,CGK,WIII,18:30,10:30,18:40,10min late,19:23,6min early,1h 42m,Landed
2026-05-11,QR963,QTR963,Qatar Airways,Doha,DOH,OTHH,18:35,10:35,18:44,9min late,22:45,54min early,9h 0m,Landed
2026-05-11,EY477,ETD477,Etihad Airways,Abu Dhabi,AUH,OMAA,18:45,10:45,19:32,47min late,09:33,53min late,18h 1m,Landed
2026-05-11,CX782,CPA782,Cathay Pacific,Hong Kong,HKG,VHHH,18:50,10:50,19:45,55min late,00:10,5min late,4h 25m,Landed
2026-05-11,8B5258,TNU5258,TransNusa,Lombok,LOP,WADL,18:55,10:55,18:27,27min early,18:46,48min early,19m,Landed
2026-05-11,QG689,CTV689,Citilink,Jakarta,CGK,WIII,18:55,10:55,19:21,26min late,20:05,10min late,1h 43m,Landed
2026-05-11,TG440,THA440,Thai Airways International,Bangkok,BKK,VTBS,19:00,11:00,19:03,3min late,21:56,13min early,3h 52m,Landed
2026-05-11,6E1612,IGO1612,IndiGo,Bhubaneswar,BBI,VEBS,19:10,11:10,19:12,2min late,22:25,24min early,5h 43m,Landed
2026-05-11,MH852,MAS852,Malaysia Airlines,Kuala Lumpur,KUL,WMKK,19:20,11:20,19:39,19min late,22:18,1min early,2h 39m,Landed
2026-05-11,QG699,,Citilink,Surabaya,SUB,WARR,19:25,11:25,,,,,1h 15m,Cancelled
2026-05-11,EK369,UAE369,Emirates,Dubai,DXB,OMDB,19:45,11:45,20:02,17min late,00:38,11min early,8h 36m,Landed
2026-05-11,AK379,AXM379,AirAsia,Kuala Lumpur,KUL,WMKK,19:45,11:45,19:55,10min late,22:40,9min early,2h 45m,Landed
2026-05-11,GA421,GIA421,Garuda Indonesia,Jakarta,CGK,WIII,19:50,11:50,20:13,23min late,20:49,on time,1h 35m,Landed
2026-05-11,IU133,SJV133,SW Italia,Semarang,SRG,WIIS,19:50,11:50,19:49,on time,19:49,20min early,59m,Landed
2026-05-11,QG697,CTV697,Citilink,Surabaya,SUB,WARR,19:56,11:56,20:26,30min late,20:10,on time,44m,Landed
2026-05-11,SQ945,SIA945,Singapore Airlines,Singapore,SIN,WSSS,20:00,12:00,20:24,24min late,22:32,7min early,2h 8m,Landed
2026-05-11,ID6415,BTK6415,Batik Air,Surabaya,SUB,WARR,20:30,12:30,20:28,1min early,20:13,16min early,44m,Landed
2026-05-11,GA415,GIA415,Garuda Indonesia,Jakarta,CGK,WIII,20:40,12:40,01:20,40min late,15:07,27min late,14h 47m,Landed
2026-05-11,TK67,THY067,Turkish Airlines,Istanbul,IST,LTFM,20:45,12:45,20:54,9min late,21:00,15min late,,Landed
2026-05-11,KL836,KLM836,KLM Royal Dutch Airlines,Singapore,SIN,WSSS,20:45,12:45,20:59,14min late,23:04,20min early,2h 5m,Landed
2026-05-11,QG667,CTV667,Citilink,Jakarta,CGK,WIII,21:10,13:10,21:11,1min late,21:55,14min early,1h 43m,Landed
2026-05-11,JT15,LNI015,Lion Air,Jakarta,CGK,WIII,21:13,13:13,21:28,14min late,22:01,2min late,1h 33m,Landed
2026-05-11,QZ410,AWQ410,Indonesia AirAsia,Melbourne,MEL,YMML,21:15,13:15,21:30,15min late,04:58,1min early,5h 28m,Landed
2026-05-11,JQ34,JST034,Jetstar Airways,Melbourne,MEL,YMML,21:20,13:20,21:59,39min late,05:16,21min late,5h 17m,Landed
2026-05-11,JQ117,JST117,Jetstar Airways,Perth,PER,YPPH,21:30,13:30,21:49,19min late,01:10,9min early,3h 20m,Landed
2026-05-11,SJ273,,Sriwijaya Air,Jakarta,CGK,WIII,21:35,13:35,21:35,,22:15,,1h 40m,Landed
2026-05-11,SQ947,SIA947,Singapore Airlines,Singapore,SIN,WSSS,21:40,13:40,21:56,16min late,00:03,11min early,2h 7m,Landed
2026-05-11,TK311,THY311,Turkish Airlines,Istanbul,IST,LTFM,21:45,13:45,21:46,1min late,10:12,27min late,17h 25m,Landed
2026-05-11,SV857,SVA857,Saudi Arabian Airlines,Singapore,SIN,WSSS,21:55,13:55,22:04,9min late,00:09,20min early,2h 5m,Landed
2026-05-11,GA718,GIA718,Garuda Indonesia,Melbourne,MEL,YMML,22:05,14:05,22:14,9min late,05:35,5min late,5h 21m,Landed
2026-05-11,OD171,MXD171,Malindo Air,Sydney,SYD,YSSY,22:15,14:15,22:36,21min late,06:22,17min late,5h 46m,Landed
2026-05-11,AK375,AXM375,AirAsia,Kuala Lumpur,KUL,WMKK,22:15,14:15,22:18,3min late,00:54,25min early,2h 36m,Landed
2026-05-11,QF44,QFA044,Qantas,Sydney,SYD,YSSY,22:20,14:20,22:18,1min early,06:02,7min early,5h 43m,Landed
2026-05-11,JQ38,JST038,Jetstar Airways,Sydney,SYD,YSSY,22:35,14:35,22:31,3min early,06:15,14min early,5h 43m,Landed
2026-05-11,7C5304,JJA5304,Jeju Air,Seoul,ICN,RKSI,22:45,14:45,23:06,21min late,07:11,3min early,7h 5m,Landed
2026-05-11,JQ91,JST091,Jetstar Airways,Cairns,CNS,YBCS,23:00,15:00,23:14,14min late,05:21,8min early,4h 6m,Landed
2026-05-11,QF46,QFA046,Qantas,Melbourne,MEL,YMML,23:05,15:05,22:58,6min early,06:18,21min early,5h 19m,Landed
2026-05-11,VA96,VOZ096,Virgin Australia,Melbourne,MEL,YMML,23:05,15:05,23:16,11min late,06:33,6min early,5h 17m,Landed
2026-05-11,8B5109,TNU5109,TransNusa,Jakarta,CGK,WIII,23:10,15:10,23:29,19min late,00:01,11min late,1h 32m,Landed
2026-05-11,3U3986,CSC3986,Sichuan Airlines,Lujia Town,TFU,ZUTF,23:10,15:10,23:22,12min late,05:11,18min early,5h 48m,Landed
2026-05-11,VA82,VOZ082,Virgin Australia,Gold Coast,OOL,YBCG,23:20,15:20,23:42,22min late,06:49,5min early,5h 6m,Landed
2026-05-11,GA714,GIA714,Garuda Indonesia,Sydney,SYD,YSSY,23:25,15:25,23:37,12min late,07:02,7min early,5h 25m,Landed
2026-05-11,JQ50,JST050,Jetstar Airways,Melbourne,AVV,YMAV,23:25,15:25,23:33,8min late,06:59,on time,5h 25m,Landed
2026-05-11,VA68,VOZ068,Virgin Australia,Sydney,SYD,YSSY,23:35,15:35,23:52,17min late,07:35,on time,5h 42m,Landed
2026-05-11,QZ420,AWQ420,Indonesia AirAsia,Adelaide,ADL,YPAD,23:45,15:45,23:55,10min late,06:05,19min early,4h 39m,Landed
2026-05-11,KE432,KAL432,Korean Air Lines,Seoul,ICN,RKSI,23:45,15:45,23:47,2min late,07:29,25min early,6h 42m,Landed
2026-05-11,JQ94,JST094,Jetstar Airways,Gold Coast,OOL,YBCG,23:45,15:45,00:03,18min late,07:09,5min early,5h 5m,Landed
2026-05-11,JQ89,JST089,Jetstar Airways,Newcastle,NTL,YWLM,23:50,15:50,00:01,11min late,07:26,13min early,5h 24m,Landed
2026-05-11,JQ128,JST128,Jetstar Airways,Adelaide,ADL,YPAD,23:55,15:55,00:05,10min late,06:10,on time,4h 34m,Landed
2026-05-12,BX602,ABL602,Air Busan,Busan,PUS,RKPK,00:05,16:05,00:39,34min late,08:10,15min late,6h 31m,Landed
2026-05-12,GA880,GIA880,Garuda Indonesia,Tokyo,NRT,RJAA,00:20,16:20,00:27,7min late,08:24,25min early,6h 56m,Landed
2026-05-12,8B84,TNU084,TransNusa,Perth,PER,YPPH,00:20,16:20,00:29,9min late,04:06,1min late,3h 36m,Landed
2026-05-12,MF892,CXA892,Xiamen Airlines,Xiamen,XMN,ZSAM,00:30,16:30,00:55,25min late,06:11,6min late,5h 16m,Landed
2026-05-12,EK399,UAE399,Emirates,Dubai,DXB,OMDB,00:35,16:35,00:52,17min late,05:22,12min early,8h 30m,Landed
2026-05-12,QR961,QTR961,Qatar Airways,Doha,DOH,OTHH,00:35,16:35,00:37,2min late,04:36,3min early,8h 59m,Landed
2026-05-12,CZ626,CSN626,China Southern Airlines,Guangzhou,CAN,ZGGG,00:40,16:40,00:30,9min early,05:36,18min early,5h 5m,Landed
2026-05-12,MU5030,CES5030,China Eastern Airlines,Shanghai,PVG,ZSPD,00:55,16:55,01:09,14min late,07:30,24min early,6h 20m,Landed
2026-05-12,PR538,PAL538,Philippine Airlines,Manila,MNL,RPLL,00:55,16:55,01:18,23min late,04:54,5min early,3h 35m,Landed
2026-05-12,5J282,CEB282,CEBU Pacific Air,Manila,MNL,RPLL,01:00,17:00,01:29,29min late,05:00,19min early,3h 30m,Landed
2026-05-12,SJ726,,Sriwijaya Air,Makassar,UPG,WAAA,01:00,17:00,01:00,,02:20,,1h 20m,Landed
2026-05-12,GA6544,GIA6544,Garuda Indonesia,Timika,TIM,WABP,01:05,17:05,01:22,17min late,05:43,1min early,3h 21m,Landed
2026-05-12,GA652,GIA652,Garuda Indonesia,Timika,TIM,WABP,01:05,17:05,01:16,11min late,05:48,3min late,3h 32m,Landed
2026-05-12,KE434,KAL434,Korean Air Lines,Seoul,ICN,RKSI,01:10,17:10,01:21,11min late,08:56,28min early,6h 35m,Landed
2026-05-12,8B5888,TNU5888,TransNusa,Manado,MDC,WAMM,01:30,17:30,01:48,18min late,07:26,26min late,5h 38m,Landed
2026-05-12,8B969,,TransNusa,Guangzhou,CAN,ZGGG,03:45,19:45,04:06,21min late,09:01,3min early,4h 55m,Landed
2026-05-12,IU705,SJV705,SW Italia,Surabaya,SUB,WARR,07:00,23:00,07:09,9min late,06:47,12min early,38m,Landed
2026-05-12,GA401,GIA401,Garuda Indonesia,Jakarta,CGK,WIII,07:00,23:00,07:08,8min late,07:35,24min early,1h 27m,Landed
2026-05-12,JT746,LNI746,Lion Air,Makassar,UPG,WAAA,07:00,23:00,07:04,4min late,08:07,17min early,1h 3m,Landed
2026-05-12,JQ111,JST111,Jetstar Airways,Perth,PER,YPPH,07:00,23:00,07:41,41min late,11:28,48min late,3h 46m,Landed
2026-05-12,JT944,,Lion Air,Makassar,UPG,WAAA,07:00,23:00,07:16,16min late,08:43,18min late,1h 26m,Landed
2026-05-12,QZ807,AWQ807,Indonesia AirAsia,Jakarta,CGK,WIII,07:00,23:00,07:18,18min late,07:42,17min early,1h 24m,Landed
2026-05-12,JQ82,JST082,Jetstar Airways,Darwin,DRW,YPDN,07:00,23:00,07:00,on time,10:47,27min early,2h 16m,Landed
2026-05-12,QZ534,AWQ534,Indonesia AirAsia,Perth,PER,YPPH,07:05,23:05,07:24,19min late,11:10,10min late,3h 46m,Landed
2026-05-12,QZ644,AWQ644,Indonesia AirAsia,Labuan Bajo,LBJ,WATO,07:10,23:10,07:16,6min late,09:36,21min late,2h 19m,Landed
2026-05-12,8B5250,TNU5250,TransNusa,Lombok,LOP,WADL,07:15,23:15,07:25,10min late,07:51,3min early,26m,Landed
2026-05-12,SQ949,SIA949,Singapore Airlines,Singapore,SIN,WSSS,07:15,23:15,07:30,15min late,09:38,21min early,2h 7m,Landed
2026-05-12,8B551,,TransNusa,Singapore,SIN,WSSS,07:30,23:30,07:30,,09:55,,2h 25m,Landed
2026-05-12,ID6333,BTK6333,Batik Air,Labuan Bajo,LBJ,WATO,07:55,23:55,08:22,27min late,09:15,5min late,53m,Landed
2026-05-12,IW1858,WON1858,Wings Air,Lombok,LOP,WADL,08:05,00:05,08:33,28min late,08:58,3min late,24m,Landed
2026-05-12,JT21,LNI021,Lion Air,Jakarta,CGK,WIII,08:05,00:05,08:25,20min late,08:52,7min early,1h 26m,Landed
2026-05-12,HX706,CRK706,Hong Kong Airlines,Hong Kong,HKG,VHHH,08:05,00:05,08:19,14min late,13:23,3min late,5h 3m,Landed
2026-05-12,AI2146,AIC2146,Air India,Delhi,DEL,VIDP,08:25,00:25,08:44,19min late,13:34,15min early,7h 20m,Landed
2026-05-12,5J280,CEB280,CEBU Pacific Air,Manila,MNL,RPLL,08:35,00:35,08:46,11min late,12:26,28min early,3h 40m,Landed
2026-05-12,CZ8482,CSN8482,China Southern Airlines,Guangzhou,CAN,ZGGG,08:40,00:40,08:48,8min late,13:34,15min early,4h 45m,Landed
2026-05-12,IW1854,,Wings Air,Lombok,LOP,WADL,08:45,00:45,,,,,50m,Cancelled
2026-05-12,IW1882,WON1882,Wings Air,Sumbawa Besar,SWQ,WADS,08:55,00:55,08:56,1min late,09:41,18min early,45m,Landed
2026-05-12,QG500,CTV500,Citilink,Dili,DIL,WPDL,09:00,01:00,09:03,3min late,11:51,13min early,1h 48m,Landed
2026-05-12,QG691,CTV691,Citilink,Surabaya,SUB,WARR,09:05,01:05,08:57,7min early,08:49,25min early,52m,Landed
2026-05-12,IN640,LKN640,NAM Air,Tambolaka,TMC,WADT,09:10,01:10,09:31,21min late,10:14,4min late,43m,Landed
2026-05-12,ID6324,BTK6324,Batik Air,Tambolaka,TMC,WADT,09:10,01:10,09:13,3min late,09:59,20min early,46m,Landed
2026-05-12,8B5105,TNU5105,TransNusa,Jakarta,CGK,WIII,09:15,01:15,09:17,2min late,09:47,12min early,1h 29m,Landed
2026-05-12,IW1848,,Wings Air,Lombok,LOP,WADL,09:25,01:25,,,,,50m,Cancelled
2026-05-12,8B80,TNU080,TransNusa,Perth,PER,YPPH,09:40,01:40,09:42,2min late,13:31,6min late,3h 48m,Landed
2026-05-12,SQ935,SIA935,Singapore Airlines,Singapore,SIN,WSSS,10:05,02:05,10:12,7min late,12:19,25min early,2h 7m,Landed
2026-05-12,8B553,TNU553,Business Air,Singapore,SIN,WSSS,10:20,02:20,10:17,2min early,12:35,39min early,2h 17m,Landed
2026-05-12,8B5101,TNU5101,TransNusa,Jakarta,CGK,WIII,10:25,02:25,10:41,16min late,11:10,4min early,1h 28m,Landed
2026-05-12,8G182,DTL182,Mid Africa Aviation,Dili,DIL,WPDL,10:35,02:35,10:46,11min late,13:19,10min early,1h 32m,Landed
2026-05-12,JT805,,Lion Air,Surabaya,SUB,WARR,10:35,02:35,10:35,,10:35,,1h 0m,Landed
2026-05-12,JT31,,Lion Air,Jakarta,CGK,WIII,11:05,03:05,11:05,,11:36,23min early,1h 31m,Landed
2026-05-12,IW1856,WON1856,Wings Air,Lombok,LOP,WADL,11:10,03:10,11:25,15min late,11:48,11min early,23m,Landed
2026-05-12,JQ126,JST126,Jetstar Airways,Adelaide,ADL,YPAD,11:15,03:15,11:31,16min late,17:34,4min late,4h 33m,Landed
2026-05-12,6E1606,IGO1606,IndiGo,Bangalore,BLR,VOBL,11:20,03:20,11:21,1min late,15:04,5min early,6h 13m,Landed
2026-05-12,QZ646,AWQ646,Indonesia AirAsia,Labuan Bajo,LBJ,WATO,11:25,03:25,11:28,3min late,12:23,16min early,54m,Landed
2026-05-12,IW1964,WON1964,Wings Air,Lombok,LOP,WADL,11:40,03:40,12:07,27min late,12:30,on time,23m,Landed
2026-05-12,JQ109,JST109,Jetstar Airways,Perth,PER,YPPH,11:40,03:40,11:41,1min late,15:05,19min early,3h 24m,Landed
2026-05-12,AK371,AXM371,AirAsia,Kuala Lumpur,KUL,WMKK,11:40,03:40,11:32,7min early,14:21,23min early,2h 49m,Landed
2026-05-12,ID6331,BTK6331,Batik Air,Labuan Bajo,LBJ,WATO,11:45,03:45,12:03,18min late,12:52,7min early,49m,Landed
2026-05-12,IW1850,WON1850,Wings Air,Lombok,LOP,WADL,11:50,03:50,11:52,2min late,12:15,24min early,23m,Landed
2026-05-12,QZ809,AWQ809,Indonesia AirAsia,Jakarta,CGK,WIII,11:55,03:55,12:19,24min late,12:51,1min late,1h 32m,Landed
2026-05-12,GA407,GIA407,Garuda Indonesia,Jakarta,CGK,WIII,11:55,03:55,12:00,5min late,12:30,24min early,1h 30m,Landed
2026-05-12,OD192,MXD192,Malindo Air,Kuala Lumpur,KUL,WMKK,11:55,03:55,11:56,1min late,14:34,30min early,2h 38m,Landed
2026-05-12,QZ544,AWQ544,Indonesia AirAsia,Perth,PER,YPPH,12:00,04:00,12:17,17min late,15:48,1min early,3h 31m,Landed
2026-05-12,GA253,GIA253,Garuda Indonesia,Yogyakarta,YIA,WAHI,12:05,04:05,12:21,16min late,14:55,0min late,3h 34m,Landed
2026-05-12,JQ32,JST032,Jetstar Airways,Melbourne,MEL,YMML,12:05,04:05,12:14,9min late,19:24,15min early,5h 9m,Landed
2026-05-12,SQ937,SIA937,Singapore Airlines,Singapore,SIN,WSSS,12:10,04:10,12:23,13min late,14:39,16min early,2h 15m,Landed
2026-05-12,JQ40,JST040,Jetstar Airways,Sydney,SYD,YSSY,12:20,04:20,12:18,1min early,19:54,20min early,5h 36m,Landed
2026-05-12,8B5254,TNU5254,TransNusa,Lombok,LOP,WADL,12:40,04:40,12:49,9min late,13:08,11min early,18m,Landed
2026-05-12,IP103,PAS103,Pelita Air Service,Jakarta,CGK,WIII,12:45,04:45,12:45,on time,13:19,20min early,1h 34m,Landed
2026-05-12,ID6509,BTK6509,Batik Air,Jakarta,CGK,WIII,13:00,05:00,13:17,17min late,13:50,4min early,1h 32m,Landed
2026-05-12,OD307,MXD307,Malindo Air,Kuala Lumpur,KUL,WMKK,13:00,05:00,13:25,25min late,16:03,3min late,2h 38m,Landed
2026-05-12,AK365,AXM365,AirAsia,Kuala Lumpur,KUL,WMKK,13:00,05:00,13:23,23min late,16:08,3min late,2h 44m,Landed
2026-05-12,MH714,MAS714,Malaysia Airlines,Kuala Lumpur,KUL,WMKK,13:05,05:05,13:29,24min late,16:04,4min late,2h 35m,Landed
2026-05-12,OD172,MXD172,Malindo Air,Kuala Lumpur,KUL,WMKK,13:10,05:10,13:11,1min late,15:49,30min early,2h 37m,Landed
2026-05-12,JQ58,JST058,Jetstar Airways,Brisbane,BNE,YBBN,13:15,05:15,13:41,26min late,20:48,6min early,5h 6m,Landed
2026-05-12,SQ939,SIA939,Singapore Airlines,Singapore,SIN,WSSS,13:15,05:15,13:32,17min late,16:00,on time,2h 27m,Landed
2026-05-12,JT35,,Lion Air,Jakarta,CGK,WIII,13:15,05:15,,,,,1h 55m,Cancelled
2026-05-12,GA409,GIA409,Garuda Indonesia,Jakarta,CGK,WIII,13:25,05:25,13:52,27min late,14:23,1min early,1h 31m,Landed
2026-05-12,JT660,,Lion Air,Balikpapan,BPN,WALL,13:30,05:30,,,,,1h 45m,Cancelled
2026-05-12,GA842,GIA842,Garuda Indonesia,Singapore,SIN,WSSS,13:40,05:40,14:01,21min late,16:40,15min late,2h 39m,Landed
2026-05-12,QG687,CTV687,Citilink,Jakarta,CGK,WIII,13:45,05:45,13:48,3min late,14:17,22min early,1h 29m,Landed
2026-05-12,8B5107,TNU5107,TransNusa,Jakarta,CGK,WIII,13:50,05:50,14:05,15min late,14:35,4min early,1h 30m,Landed
2026-05-12,JT919,LNI919,Lion Air,Surabaya,SUB,WARR,13:55,05:55,13:56,1min late,05:21,26min late,16h 25m,Landed
2026-05-12,VJ894,VJC894,VietJet Air,Ho Chi Minh City,SGN,VVTS,14:05,06:05,14:11,6min late,16:29,25min early,3h 18m,Landed
2026-05-12,TR289,TGW289,Scoot,Singapore,SIN,WSSS,14:05,06:05,14:22,17min late,17:00,5min late,2h 37m,Landed
2026-05-12,ID6517,BTK6517,Batik Air,Jakarta,CGK,WIII,14:15,06:15,14:32,17min late,15:01,8min early,1h 28m,Landed
2026-05-12,ID7308,BTK7308,Batik Air,Jakarta,HLP,WIHH,14:20,06:20,14:25,5min late,14:50,19min early,1h 24m,Landed
2026-05-12,GA6534,GIA6534,Garuda Indonesia,Jakarta,CGK,WIII,14:30,06:30,14:31,1min late,15:13,16min early,1h 42m,Landed
2026-05-12,QG681,CTV681,Citilink,Jakarta,CGK,WIII,14:45,06:45,14:48,3min late,15:21,33min early,1h 33m,Landed
2026-05-12,JT33,,Lion Air,Jakarta,CGK,WIII,14:45,06:45,,,,,1h 55m,Cancelled
2026-05-12,QG342,CTV342,Citilink,Makassar,UPG,WAAA,15:00,07:00,15:05,5min late,16:13,16min early,1h 7m,Landed
2026-05-12,JT844,LNI844,Lion Air,Banjarmasin,BDJ,WAOO,15:00,07:00,15:01,1min late,16:03,26min early,1h 1m,Landed
2026-05-12,IU120,SJV120,SW Italia,Yogyakarta,YIA,WAHI,15:00,07:00,15:18,18min late,15:24,5min early,1h 5m,Landed
2026-05-12,JQ88,JST088,Jetstar Airways,Singapore,SIN,WSSS,15:05,07:05,17:38,33min late,17:53,6min early,15m,Landed
2026-05-12,JQ44,JST044,Jetstar Airways,Melbourne,MEL,YMML,15:10,07:10,15:13,3min late,22:29,15min early,5h 15m,Landed
2026-05-12,VA50,VOZ050,Virgin Australia,Brisbane,BNE,YBBN,15:15,07:15,15:15,on time,22:25,39min early,5h 9m,Landed
2026-05-12,AK377,AXM377,AirAsia,Kuala Lumpur,KUL,WMKK,15:25,07:25,15:31,6min late,18:13,16min early,2h 42m,Landed
2026-05-12,QG669,CTV669,Citilink,Surabaya,SUB,WARR,15:30,07:30,15:22,7min early,15:10,29min early,48m,Landed
2026-05-12,IN281,LKN281,NAM Air,Jakarta,CGK,WIII,15:30,07:30,15:46,16min late,16:23,13min late,1h 37m,Landed
2026-05-12,JT740,LNI740,Lion Air,Makassar,UPG,WAAA,15:30,07:30,15:34,4min late,18:44,49min late,3h 10m,Landed
2026-05-12,IP109,PAS109,Pelita Air Service,Jakarta,CGK,WIII,15:35,07:35,15:38,3min late,16:08,16min early,1h 29m,Landed
2026-05-12,QZ648,AWQ648,Indonesia AirAsia,Labuan Bajo,LBJ,WATO,15:45,07:45,15:57,12min late,16:47,7min early,49m,Landed
2026-05-12,GA411,GIA411,Garuda Indonesia,Jakarta,CGK,WIII,15:45,07:45,15:47,2min late,16:27,17min early,1h 40m,Landed
2026-05-12,VA92,VOZ092,Virgin Australia,Melbourne,MEL,YMML,15:50,07:50,16:00,10min late,23:16,8min early,5h 16m,Landed
2026-05-12,CI772,CAL772,China Airlines,Taipei,TPE,RCTP,15:55,07:55,16:16,21min late,20:58,21min early,4h 42m,Landed
2026-05-12,8B5256,,Business Air,Lombok,LOP,WADL,15:55,07:55,15:55,,16:50,,55m,Landed
2026-05-12,VN640,HVN640,Vietnam Airlines,Ho Chi Minh City,SGN,VVTS,16:00,08:00,16:05,5min late,18:26,13min early,3h 21m,Landed
2026-05-12,QZ246,AWQ246,Indonesia AirAsia,Phuket,HKT,VTSP,16:10,08:10,16:18,8min late,23:27,17min late,8h 9m,Landed
2026-05-12,CX784,CPA784,Cathay Pacific,Hong Kong,HKG,VHHH,16:15,08:15,16:25,10min late,20:50,34min early,4h 25m,Landed
2026-05-12,MH850,MAS850,Malaysia Airlines,Kuala Lumpur,KUL,WMKK,16:25,08:25,16:27,2min late,19:16,18min early,2h 48m,Landed
2026-05-12,BR256,EVA256,EVA Airways,Taipei,TPE,RCTP,16:30,08:30,16:34,4min late,21:36,23min early,5h 2m,Landed
2026-05-12,IW1852,WON1852,Wings Air,Lombok,LOP,WADL,16:30,08:30,16:35,5min late,16:59,20min early,24m,Landed
2026-05-12,JT744,,Lion Air,Makassar,UPG,WAAA,16:40,08:40,18:09,29min late,19:10,5min late,1h 1m,Landed
2026-05-12,IU703,SJV703,SW Italia,Surabaya,SUB,WARR,16:40,08:40,16:46,6min late,06:48,8min late,15h 1m,Landed
2026-05-12,HO1356,DKH1356,Juneyao Airlines,Shanghai,PVG,ZSPD,16:50,08:50,16:51,1min late,23:06,28min early,6h 14m,Landed
2026-05-12,GA349,GIA349,Garuda Indonesia,Surabaya,SUB,WARR,16:55,08:55,17:19,24min late,17:00,9min early,41m,Landed
2026-05-12,TG432,THA432,Thai Airways International,Bangkok,BKK,VTBS,16:55,08:55,18:03,8min late,20:39,34min late,3h 35m,Landed
2026-05-12,ID6335,BTK6335,Batik Air,Labuan Bajo,LBJ,WATO,17:00,09:00,16:57,2min early,17:49,25min early,52m,Landed
2026-05-12,JT23,LNI023,Lion Air,Jakarta,CGK,WIII,17:15,09:15,17:23,8min late,17:55,14min early,1h 32m,Landed
2026-05-12,GA419,GIA419,Garuda Indonesia,Jakarta,CGK,WIII,17:25,09:25,18:06,41min late,18:39,14min late,1h 33m,Landed
2026-05-12,TR243,TGW243,Scoot,Singapore,SIN,WSSS,17:35,09:35,18:15,40min late,20:30,5min late,2h 14m,Landed
2026-05-12,IP107,,Pelita Air Service,Jakarta,CGK,WIII,17:40,09:40,17:40,,18:30,,1h 50m,Landed
2026-05-12,6E1608,IGO1608,IndiGo,Chennai,MAA,VOMM,18:00,10:00,17:55,4min early,21:01,33min early,5h 36m,Landed
2026-05-12,QZ821,AWQ821,Indonesia AirAsia,Jakarta,CGK,WIII,18:00,10:00,18:10,10min late,18:42,7min early,1h 31m,Landed
2026-05-12,IU126,SJV126,SW Italia,Surakarta,SOC,WAHQ,18:10,10:10,18:22,12min late,18:28,1min early,1h 5m,Landed
2026-05-12,OD193,MXD193,Malindo Air,Perth,PER,YPPH,18:10,10:10,18:27,17min late,22:01,16min late,3h 34m,Landed
2026-05-12,ID6552,BTK6552,Batik Air,Kupang,KOE,WATT,18:25,10:25,18:29,4min late,08:11,56min late,13h 42m,Landed
2026-05-12,GA417,GIA417,Garuda Indonesia,Jakarta,CGK,WIII,18:30,10:30,18:47,17min late,19:27,2min early,1h 40m,Landed
2026-05-12,IN283,,NAM Air,Jakarta,CGK,WIII,18:30,10:30,18:30,,19:10,,1h 40m,Landed
2026-05-12,QR963,QTR963,Qatar Airways,Doha,DOH,OTHH,18:35,10:35,18:40,5min late,22:30,9min early,8h 49m,Landed
2026-05-12,EY477,ETD477,Etihad Airways,Abu Dhabi,AUH,OMAA,18:45,10:45,19:41,56min late,00:15,35min late,8h 34m,Landed
2026-05-12,CX782,CPA782,Cathay Pacific,Hong Kong,HKG,VHHH,18:50,10:50,19:10,20min late,23:38,26min early,4h 27m,Landed
2026-05-12,IP105,,Pelita Air Service,Jakarta,CGK,WIII,18:50,10:50,18:50,,19:40,,1h 50m,Landed
2026-05-12,8B5258,TNU5258,TransNusa,Lombok,LOP,WADL,18:55,10:55,18:23,31min early,18:42,52min early,18m,Landed
2026-05-12,QG689,CTV689,Citilink,Jakarta,CGK,WIII,18:55,10:55,19:07,12min late,19:39,15min early,1h 31m,Landed
2026-05-12,TG440,THA440,Thai Airways International,Bangkok,BKK,VTBS,19:00,11:00,18:59,on time,21:41,28min early,3h 42m,Landed
2026-05-12,6E1612,IGO1612,IndiGo,Bhubaneswar,BBI,VEBS,19:10,11:10,19:17,7min late,22:26,23min early,5h 38m,Landed
2026-05-12,MH852,MAS852,Malaysia Airlines,Kuala Lumpur,KUL,WMKK,19:20,11:20,19:35,15min late,22:13,6min early,2h 38m,Landed
2026-05-12,QG699,CTV699,Citilink,Surabaya,SUB,WARR,19:25,11:25,19:27,2min late,06:45,5min late,12h 17m,Landed
2026-05-12,EK369,UAE369,Emirates,Dubai,DXB,OMDB,19:45,11:45,19:59,14min late,00:38,11min early,8h 39m,Landed
2026-05-12,AK379,AXM379,AirAsia,Kuala Lumpur,KUL,WMKK,19:45,11:45,20:24,39min late,23:17,27min late,2h 52m,Landed
2026-05-12,JT923,,Lion Air,Surabaya,SUB,WARR,19:45,11:45,,,,,1h 0m,Cancelled
2026-05-12,GA421,GIA421,Garuda Indonesia,Jakarta,CGK,WIII,19:50,11:50,19:56,6min late,20:35,14min early,1h 38m,Landed
2026-05-12,8B969,TNU969,Business Air,Guangzhou,CAN,ZGGG,19:50,11:50,20:05,15min late,01:04,on time,4h 58m,Landed
2026-05-12,IU133,SJV133,SW Italia,Semarang,SRG,WIIS,19:50,11:50,20:17,27min late,20:16,6min late,58m,Landed
2026-05-12,SQ945,SIA945,Singapore Airlines,Singapore,SIN,WSSS,20:00,12:00,20:14,14min late,22:24,15min early,2h 10m,Landed
2026-05-12,QG697,CTV697,Citilink,Surabaya,SUB,WARR,20:25,12:25,20:19,5min early,20:11,13min early,52m,Landed
2026-05-12,ID6415,BTK6415,Batik Air,Surabaya,SUB,WARR,20:30,12:30,20:40,10min late,06:09,39min late,10h 29m,Landed
2026-05-12,GA415,GIA415,Garuda Indonesia,Jakarta,CGK,WIII,20:40,12:40,20:54,14min late,21:32,7min early,1h 37m,Landed
2026-05-12,KL836,KLM836,KLM Royal Dutch Airlines,Singapore,SIN,WSSS,20:45,12:45,20:58,13min late,23:06,18min early,2h 7m,Landed
2026-05-12,TK67,THY067,Turkish Airlines,Istanbul,IST,LTFM,20:45,12:45,20:47,2min late,04:31,13min early,12h 43m,Landed
2026-05-12,OD177,MXD177,Malindo Air,Melbourne,MEL,YMML,21:00,13:00,21:17,17min late,04:36,3min early,5h 19m,Landed
2026-05-12,QG667,CTV667,Citilink,Jakarta,CGK,WIII,21:10,13:10,21:10,on time,21:52,17min early,1h 41m,Landed
2026-05-12,JT15,LNI015,Lion Air,Jakarta,CGK,WIII,21:15,13:15,21:23,8min late,21:54,15min early,1h 31m,Landed
2026-05-12,JQ34,JST034,Jetstar Airways,Melbourne,MEL,YMML,21:20,13:20,21:34,14min late,04:48,6min early,5h 14m,Landed
2026-05-12,JQ117,JST117,Jetstar Airways,Perth,PER,YPPH,21:30,13:30,21:33,3min late,01:02,17min early,3h 28m,Landed
2026-05-12,SJ273,,Sriwijaya Air,Jakarta,CGK,WIII,21:35,13:35,21:35,,22:15,,1h 40m,Landed
2026-05-12,SQ947,SIA947,Singapore Airlines,Singapore,SIN,WSSS,21:40,13:40,21:35,4min early,23:45,30min early,2h 9m,Landed
2026-05-12,OD157,MXD157,Malindo Air,Brisbane,BNE,YBBN,22:00,14:00,22:44,44min late,05:55,5min late,5h 11m,Landed
2026-05-12,JQ60,JST060,Jetstar Airways,Brisbane,BNE,YBBN,22:10,14:10,22:34,24min late,05:38,6min early,5h 4m,Landed
2026-05-12,OD171,MXD171,Malindo Air,Sydney,SYD,YSSY,22:15,14:15,22:27,12min late,06:15,10min late,5h 48m,Landed
2026-05-12,AK375,AXM375,AirAsia,Kuala Lumpur,KUL,WMKK,22:15,14:15,22:39,24min late,01:19,on time,2h 39m,Landed
2026-05-12,QF44,QFA044,Qantas,Sydney,SYD,YSSY,22:20,14:20,22:22,2min late,06:01,8min early,5h 39m,Landed
2026-05-12,JQ38,JST038,Jetstar Airways,Sydney,SYD,YSSY,22:35,14:35,22:33,1min early,06:20,9min early,5h 46m,Landed
2026-05-12,7C5304,JJA5304,Jeju Air,Seoul,ICN,RKSI,22:45,14:45,23:04,19min late,06:59,15min early,6h 55m,Landed
2026-05-12,VA96,VOZ096,Virgin Australia,Melbourne,MEL,YMML,23:05,15:05,23:06,1min late,06:21,18min early,5h 15m,Landed
2026-05-12,8B5109,TNU5109,Business Air,Jakarta,CGK,WIII,23:10,15:10,23:08,1min early,23:40,9min early,1h 32m,Landed
2026-05-12,GA714,GIA714,Garuda Indonesia,Sydney,SYD,YSSY,23:25,15:25,23:33,8min late,07:02,7min early,5h 28m,Landed
2026-05-12,JQ36,JST036,Jetstar Airways,Melbourne,MEL,YMML,23:25,15:25,23:25,on time,06:48,11min early,5h 22m,Landed
2026-05-12,VA68,VOZ068,Virgin Australia,Sydney,SYD,YSSY,23:35,15:35,23:29,5min early,06:54,40min early,5h 25m,Landed
2026-05-12,KE432,KAL432,Korean Air Lines,Seoul,ICN,RKSI,23:45,15:45,23:58,13min late,07:35,19min early,6h 37m,Landed
2026-05-12,JQ89,JST089,Jetstar Airways,Newcastle,NTL,YWLM,23:50,15:50,23:47,2min early,07:19,20min early,5h 32m,Landed
2026-05-13,BX602,ABL602,Air Busan,Busan,PUS,RKPK,00:05,16:05,22:34,30min early,07:52,7min early,8h 18m,Landed
2026-05-13,8B84,TNU084,TransNusa,Perth,PER,YPPH,00:20,16:20,00:35,15min late,03:59,6min early,3h 23m,Landed
2026-05-13,GA880,GIA880,Garuda Indonesia,Tokyo,NRT,RJAA,00:20,16:20,00:32,12min late,08:09,40min early,6h 37m,Landed
2026-05-13,MF892,CXA892,Xiamen Airlines,Xiamen,XMN,ZSAM,00:30,16:30,00:28,1min early,05:43,21min early,5h 15m,Landed
2026-05-13,EK399,UAE399,Emirates,Dubai,DXB,OMDB,00:35,16:35,00:51,16min late,05:20,14min early,8h 29m,Landed
2026-05-13,QR961,QTR961,Qatar Airways,Doha,DOH,OTHH,00:35,16:35,00:43,8min late,04:56,43min early,9h 12m,Landed
2026-05-13,CZ626,CSN626,China Southern Airlines,Guangzhou,CAN,ZGGG,00:40,16:40,00:41,1min late,05:31,23min early,4h 50m,Landed
2026-05-13,PR538,PAL538,Philippine Airlines,Manila,MNL,RPLL,00:55,16:55,01:29,34min late,05:05,5min late,3h 35m,Landed
2026-05-13,MU5030,CES5030,China Eastern Airlines,Shanghai,PVG,ZSPD,00:55,16:55,01:05,10min late,07:26,33min early,6h 21m,Landed
2026-05-13,GA652,GIA652,Garuda Indonesia,Timika,TIM,WABP,01:05,17:05,01:16,11min late,05:48,3min late,3h 32m,Landed
2026-05-13,KE434,KAL434,Korean Air Lines,Seoul,ICN,RKSI,01:10,17:10,01:21,11min late,08:56,28min early,6h 35m,Landed
2026-05-13,8B969,,TransNusa,Guangzhou,CAN,ZGGG,03:45,19:45,04:06,21min late,09:01,3min early,4h 55m,Landed
2026-05-13,QZ807,AWQ807,Indonesia AirAsia,Jakarta,CGK,WIII,07:00,23:00,07:18,18min late,07:42,17min early,1h 24m,Landed
2026-05-13,IU705,SJV705,SW Italia,Surabaya,SUB,WARR,07:00,23:00,07:12,12min late,06:46,13min early,34m,Landed
2026-05-13,GA401,GIA401,Garuda Indonesia,Jakarta,CGK,WIII,07:00,23:00,07:08,8min late,07:35,24min early,1h 27m,Landed
2026-05-13,JT746,LNI746,Lion Air,Makassar,UPG,WAAA,07:00,23:00,07:04,4min late,08:07,17min early,1h 3m,Landed
2026-05-13,JT944,,Lion Air,Makassar,UPG,WAAA,07:00,23:00,07:16,16min late,08:43,18min late,1h 26m,Landed
2026-05-13,JQ82,JST082,Jetstar Airways,Darwin,DRW,YPDN,07:00,23:00,07:00,on time,10:47,27min early,2h 16m,Landed
2026-05-13,QZ534,AWQ534,Indonesia AirAsia,Perth,PER,YPPH,07:05,23:05,07:14,9min late,11:13,13min late,3h 58m,Landed
2026-05-13,QZ644,AWQ644,Indonesia AirAsia,Labuan Bajo,LBJ,WATO,07:10,23:10,07:22,12min late,08:13,1min early,51m,Landed
2026-05-13,8B5250,TNU5250,TransNusa,Lombok,LOP,WADL,07:15,23:15,07:23,8min late,07:46,8min early,22m,Landed
2026-05-13,SQ949,SIA949,Singapore Airlines,Singapore,SIN,WSSS,07:15,23:15,07:28,13min late,09:37,22min early,2h 8m,Landed
2026-05-13,8B551,,TransNusa,Singapore,SIN,WSSS,07:30,23:30,07:30,,09:55,,2h 25m,Landed
2026-05-13,ID6333,BTK6333,Batik Air,Labuan Bajo,LBJ,WATO,07:55,23:55,08:32,37min late,09:26,16min late,53m,Landed
2026-05-13,IW1858,WON1858,Wings Air,Lombok,LOP,WADL,08:05,00:05,08:16,11min late,08:40,14min early,24m,Landed
2026-05-13,JT21,LNI021,Lion Air,Jakarta,CGK,WIII,08:05,00:05,08:13,8min late,08:38,21min early,1h 24m,Landed
2026-05-13,HX706,CRK706,Hong Kong Airlines,Hong Kong,HKG,VHHH,08:05,00:05,08:19,14min late,12:51,28min early,4h 32m,Landed
2026-05-13,5J280,CEB280,CEBU Pacific Air,Manila,MNL,RPLL,08:35,00:35,08:27,7min early,12:02,52min early,3h 35m,Landed
2026-05-13,CZ8482,CSN8482,China Southern Airlines,Guangzhou,CAN,ZGGG,08:40,00:40,08:39,on time,13:31,18min early,4h 52m,Landed
2026-05-13,IW1854,,Wings Air,Lombok,LOP,WADL,08:45,00:45,,,,,50m,Cancelled
2026-05-13,IW1882,WON1882,Wings Air,Sumbawa Besar,SWQ,WADS,08:55,00:55,09:13,18min late,09:56,3min early,43m,Landed
2026-05-13,QG500,CTV500,Citilink,Dili,DIL,WPDL,09:00,01:00,09:02,2min late,11:39,25min early,1h 37m,Landed
2026-05-13,QG691,CTV691,Citilink,Surabaya,SUB,WARR,09:05,01:05,09:07,2min late,08:54,20min early,47m,Landed
2026-05-13,SJ740,,Sriwijaya Air,Waingapu,WGP,WADW,09:10,01:10,09:10,,10:30,,1h 20m,Landed
2026-05-13,ID6324,BTK6324,Batik Air,Tambolaka,TMC,WADT,09:10,01:10,09:20,10min late,10:06,13min early,46m,Landed
2026-05-13,IN640,LKN640,Nam Air,Tambolaka,TMC,WADT,09:10,01:10,09:22,12min late,10:03,6min early,40m,Landed
2026-05-13,8B5105,TNU5105,TransNusa,Jakarta,CGK,WIII,09:15,01:15,09:17,2min late,09:45,14min early,1h 27m,Landed
2026-05-13,IW1848,WON1848,Wings Air,Lombok,LOP,WADL,09:25,01:25,10:10,45min late,10:33,18min late,22m,Landed
2026-05-13,ID6007,BTK6007,Batik Air,Perth,PER,YPPH,09:30,01:30,09:51,21min late,13:30,15min late,3h 38m,Landed
2026-05-13,8B5634,TNU5634,TransNusa,Bima,BMU,WADB,09:35,01:35,11:33,58min late,12:28,53min late,55m,Landed
2026-05-13,8B80,TNU080,TransNusa,Perth,PER,YPPH,09:40,01:40,09:38,1min early,13:22,2min early,3h 44m,Landed
2026-05-13,QG197,CTV197,Citilink,Jakarta,HLP,WIHH,09:45,01:45,09:55,10min late,10:28,11min early,1h 33m,Landed
2026-05-13,IU122,SJV122,SW Italia,Yogyakarta,YIA,WAHI,10:00,02:00,10:25,25min late,10:29,on time,1h 3m,Landed
2026-05-13,SU297,AFL297,Aeroflot,Moscow,SVO,UUEE,10:05,02:05,10:20,15min late,17:45,29min early,12h 24m,Landed
2026-05-13,SQ935,SIA935,Singapore Airlines,Singapore,SIN,WSSS,10:05,02:05,10:32,27min late,13:00,15min late,2h 28m,Landed
2026-05-13,8B553,TNU553,Business Air,Singapore,SIN,WSSS,10:20,02:20,10:14,5min early,12:41,33min early,2h 26m,Landed
2026-05-13,8B5101,TNU5101,TransNusa,Jakarta,CGK,WIII,10:25,02:25,10:35,10min late,11:05,9min early,1h 29m,Landed
2026-05-13,JT805,,Lion Air,Surabaya,SUB,WARR,10:35,02:35,,,,,1h 0m,Cancelled
2026-05-13,8G182,DTL182,Mid Africa Aviation,Dili,DIL,WPDL,10:35,02:35,10:55,20min late,13:31,1min late,1h 36m,Landed
2026-05-13,JT31,LNI031,Lion Air,Jakarta,CGK,WIII,11:05,03:05,11:41,36min late,12:16,16min late,1h 34m,Landed
2026-05-13,IW1856,WON1856,Wings Air,Lombok,LOP,WADL,11:10,03:10,11:15,5min late,11:39,20min early,23m,Landed
2026-05-13,JQ126,JST126,Jetstar Airways,Adelaide,ADL,YPAD,11:15,03:15,11:12,2min early,17:23,6min early,4h 40m,Landed
2026-05-13,TR281,TGW281,Scoot,Singapore,SIN,WSSS,11:15,03:15,11:29,14min late,13:54,15min early,2h 25m,Landed
2026-05-13,6E1606,IGO1606,IndiGo,Bangalore,BLR,VOBL,11:20,03:20,11:21,1min late,14:58,11min early,6h 7m,Landed
2026-05-13,QZ646,AWQ646,Indonesia AirAsia,Labuan Bajo,LBJ,WATO,11:25,03:25,11:18,6min early,12:21,18min early,1h 2m,Landed
2026-05-13,IW1964,WON1964,Wings Air,Lombok,LOP,WADL,11:40,03:40,12:26,46min late,12:50,20min late,24m,Landed
2026-05-13,JQ109,JST109,Jetstar Airways,Perth,PER,YPPH,11:40,03:40,11:56,16min late,15:19,5min early,3h 23m,Landed
2026-05-13,ID6331,BTK6331,Batik Air,Labuan Bajo,LBJ,WATO,11:45,03:45,12:30,45min late,13:20,20min late,50m,Landed
2026-05-13,QZ809,AWQ809,Indonesia AirAsia,Jakarta,CGK,WIII,11:55,03:55,12:14,19min late,11:04,45min early,,Landed
2026-05-13,GA407,GIA407,Garuda Indonesia,Jakarta,CGK,WIII,11:55,03:55,12:03,8min late,12:38,16min early,1h 34m,Landed
2026-05-13,OD192,MXD192,Malindo Air,Kuala Lumpur,KUL,WMKK,11:55,03:55,12:19,24min late,15:00,4min early,2h 41m,Landed
2026-05-13,QZ544,AWQ544,Indonesia AirAsia,Perth,PER,YPPH,12:00,04:00,12:43,43min late,16:32,42min late,3h 49m,Landed
2026-05-13,JQ32,JST032,Jetstar Airways,Melbourne,MEL,YMML,12:05,04:05,12:23,18min late,19:47,7min late,5h 24m,Landed
2026-05-13,GA253,GIA253,Garuda Indonesia,Yogyakarta,YIA,WAHI,12:05,04:05,12:34,29min late,12:42,12min early,1h 7m,Landed
2026-05-13,SJ742,,Sriwijaya Air,Tambolaka,TMC,WADT,12:10,04:10,12:10,,13:10,,1h 0m,Landed
2026-05-13,SQ937,SIA937,Singapore Airlines,Singapore,SIN,WSSS,12:10,04:10,12:38,28min late,14:49,5min early,2h 10m,Landed
2026-05-13,JQ40,JST040,Jetstar Airways,Sydney,SYD,YSSY,12:20,04:20,12:48,28min late,20:23,8min late,5h 34m,Landed
2026-05-13,OD178,MXD178,Malindo Air,Kuala Lumpur,KUL,WMKK,12:25,04:25,12:52,27min late,15:41,6min late,2h 48m,Landed
2026-05-13,8B5254,TNU5254,TransNusa,Lombok,LOP,WADL,12:40,04:40,13:30,50min late,13:49,29min late,19m,Landed
2026-05-13,IP103,PAS103,Pelita Air Service,Jakarta,CGK,WIII,12:45,04:45,13:05,20min late,13:47,7min late,1h 41m,Landed
2026-05-13,OD158,MXD158,Malindo Air,Kuala Lumpur,KUL,WMKK,12:45,04:45,12:54,9min late,15:39,15min early,2h 45m,Landed
2026-05-13,ID6509,BTK6509,Batik Air,Jakarta,CGK,WIII,13:00,05:00,13:08,8min late,13:46,8min early,1h 38m,Landed
2026-05-13,AK365,AXM365,AirAsia,Kuala Lumpur,KUL,WMKK,13:00,05:00,13:02,2min late,15:45,19min early,2h 43m,Landed
2026-05-13,OD307,MXD307,Malindo Air,Kuala Lumpur,KUL,WMKK,13:00,05:00,13:20,20min late,16:07,7min late,2h 47m,Landed
2026-05-13,MH714,MAS714,Malaysia Airlines,Kuala Lumpur,KUL,WMKK,13:05,05:05,13:33,28min late,16:12,12min late,2h 39m,Landed
2026-05-13,OD172,MXD172,Malindo Air,Kuala Lumpur,KUL,WMKK,13:10,05:10,13:39,29min late,16:18,1min early,2h 38m,Landed
2026-05-13,JT35,,Lion Air,Jakarta,CGK,WIII,13:15,05:15,,,,,1h 55m,Cancelled
2026-05-13,JQ58,JST058,Jetstar Airways,Brisbane,BNE,YBBN,13:15,05:15,14:42,27min late,22:02,7min late,5h 19m,Landed
2026-05-13,SQ939,SIA939,Singapore Airlines,Singapore,SIN,WSSS,13:15,05:15,13:17,2min late,15:27,32min early,2h 10m,Landed
2026-05-13,SL259,TLM259,Thai Lion Air,Bangkok,DMK,VTBD,13:25,05:25,13:43,18min late,12:23,26min early,,Landed
2026-05-13,GA409,GIA409,Garuda Indonesia,Jakarta,CGK,WIII,13:25,05:25,13:52,27min late,14:22,2min early,1h 30m,Landed
2026-05-13,JT660,LNI660,Lion Air,Balikpapan,BPN,WALL,13:30,05:30,13:46,16min late,13:37,37min early,,Landed
2026-05-13,GA842,GIA842,Garuda Indonesia,Singapore,SIN,WSSS,13:40,05:40,13:57,17min late,16:16,8min early,2h 18m,Landed
2026-05-13,QG687,CTV687,Citilink,Jakarta,CGK,WIII,13:45,05:45,13:54,9min late,14:26,13min early,1h 31m,Landed
2026-05-13,8B5107,TNU5107,TransNusa,Jakarta,CGK,WIII,13:50,05:50,14:19,29min late,14:50,10min late,1h 30m,Landed
2026-05-13,JT919,LNI919,Lion Air,Surabaya,SUB,WARR,13:55,05:55,14:13,18min late,13:57,2min late,44m,Landed
2026-05-13,VJ894,VJC894,VietJet Air,Ho Chi Minh City,SGN,VVTS,14:05,06:05,14:10,5min late,16:36,18min early,3h 26m,Landed
2026-05-13,TR289,TGW289,Scoot,Singapore,SIN,WSSS,14:05,06:05,13:59,5min early,16:15,39min early,2h 15m,Landed
2026-05-13,ID6517,BTK6517,Batik Air,Jakarta,CGK,WIII,14:15,06:15,14:32,17min late,15:06,3min early,1h 34m,Landed
2026-05-13,IU130,SJV130,SW Italia,Semarang,SRG,WIIS,14:15,06:15,14:46,31min late,14:44,9min late,58m,Landed
2026-05-13,ID7308,BTK7308,Batik Air,Jakarta,HLP,WIHH,14:20,06:20,14:57,37min late,15:26,16min late,1h 28m,Landed
2026-05-13,GA653,GIA653,Garuda Indonesia,Jakarta,CGK,WIII,14:30,06:30,15:11,41min late,15:47,17min late,1h 36m,Landed
2026-05-13,AI2148,AIC2148,Air India,Delhi,DEL,VIDP,14:35,06:35,,,,,7h 52m,Diverted
2026-05-13,JT33,LNI033,Lion Air,Jakarta,CGK,WIII,14:45,06:45,15:03,18min late,15:36,3min early,1h 33m,Landed
2026-05-13,QG681,CTV681,Citilink,Jakarta,CGK,WIII,14:45,06:45,14:54,9min late,15:24,30min early,1h 30m,Landed
2026-05-13,JQ88,JST088,Jetstar Airways,Singapore,SIN,WSSS,14:55,06:55,15:07,12min late,17:30,29min early,2h 23m,Landed
2026-05-13,QG342,CTV342,Citilink,Makassar,UPG,WAAA,15:00,07:00,15:05,5min late,16:04,25min early,59m,Landed
2026-05-13,JT844,LNI844,Lion Air,Banjarmasin,BDJ,WAOO,15:00,07:00,15:09,9min late,16:10,19min early,1h 1m,Landed
2026-05-13,JQ107,JST107,Jetstar Airways,Perth,PER,YPPH,15:00,07:00,15:12,12min late,18:47,12min early,3h 34m,Landed
2026-05-13,JQ44,JST044,Jetstar Airways,Melbourne,MEL,YMML,15:10,07:10,15:21,11min late,22:39,5min early,5h 17m,Landed
2026-05-13,VA50,VOZ050,Virgin Australia,Brisbane,BNE,YBBN,15:15,07:15,15:26,11min late,22:38,26min early,5h 12m,Landed
2026-05-13,AK377,AXM377,AirAsia,Kuala Lumpur,KUL,WMKK,15:25,07:25,15:37,12min late,18:20,9min early,2h 43m,Landed
2026-05-13,JT740,LNI740,Lion Air,Makassar,UPG,WAAA,15:30,07:30,15:28,1min early,16:28,26min early,59m,Landed
2026-05-13,QG669,CTV669,Citilink,Surabaya,SUB,WARR,15:30,07:30,15:32,2min late,15:14,25min early,41m,Landed
2026-05-13,IP109,PAS109,Pelita Air Service,Jakarta,CGK,WIII,15:35,07:35,15:43,8min late,16:16,8min early,1h 33m,Landed
2026-05-13,IW1850,WON1850,Wings Air,Lombok,LOP,WADL,15:40,07:40,15:34,5min early,15:58,31min early,24m,Landed
2026-05-13,SJ717,,Sriwijaya Air,Makassar,UPG,WAAA,15:40,07:40,15:40,,17:00,,1h 20m,Landed
2026-05-13,GA411,GIA411,Garuda Indonesia,Jakarta,CGK,WIII,15:45,07:45,16:06,21min late,16:38,6min early,1h 31m,Landed
2026-05-13,VA92,VOZ092,Virgin Australia,Melbourne,MEL,YMML,15:50,07:50,16:02,12min late,23:28,3min late,5h 25m,Landed
2026-05-13,CI772,CAL772,China Airlines,Taipei,TPE,RCTP,15:55,07:55,15:57,2min late,20:54,25min early,4h 56m,Landed
2026-05-13,8B5256,TNU5256,TransNusa,Lombok,LOP,WADL,15:55,07:55,16:05,10min late,16:37,12min early,32m,Landed
2026-05-13,VN640,HVN640,Vietnam Airlines,Ho Chi Minh City,SGN,VVTS,16:00,08:00,15:53,6min early,18:13,26min early,3h 19m,Landed
2026-05-13,QZ246,AWQ246,Indonesia AirAsia,Phuket,HKT,VTSP,16:10,08:10,16:09,on time,18:36,33min early,3h 26m,Landed
2026-05-13,MH850,MAS850,Malaysia Airlines,Kuala Lumpur,KUL,WMKK,16:25,08:25,16:31,6min late,19:14,20min early,2h 43m,Landed
2026-05-13,BR256,EVA256,EVA Airways,Taipei,TPE,RCTP,16:30,08:30,16:43,13min late,21:37,22min early,4h 53m,Landed
2026-05-13,IW1852,WON1852,Wings Air,Lombok,LOP,WADL,16:30,08:30,17:18,48min late,17:43,23min late,24m,Landed
2026-05-13,AK369,AXM369,AirAsia,Kuala Lumpur,KUL,WMKK,16:40,08:40,16:50,10min late,19:31,13min early,2h 40m,Landed
2026-05-13,JT744,LNI744,Lion Air,Makassar,UPG,WAAA,16:40,08:40,17:17,37min late,18:15,10min late,57m,Landed
2026-05-13,IU703,SJV703,SW Italia,Surabaya,SUB,WARR,16:40,08:40,17:32,52min late,17:15,35min late,42m,Landed
2026-05-13,HO1356,DKH1356,Juneyao Airlines,Shanghai,PVG,ZSPD,16:50,08:50,16:59,9min late,23:09,25min early,6h 10m,Landed
2026-05-13,GA349,GIA349,Garuda Indonesia,Surabaya,SUB,WARR,16:55,08:55,17:21,26min late,17:02,7min early,41m,Landed
2026-05-13,TG432,THA432,Thai Airways International,Bangkok,BKK,VTBS,16:55,08:55,16:54,on time,19:32,32min early,3h 38m,Landed
2026-05-13,ID6335,BTK6335,Batik Air,Labuan Bajo,LBJ,WATO,17:00,09:00,17:24,24min late,18:16,1min late,52m,Landed
2026-05-13,IU273,SJV273,SW Italia,Pontianak,PNK,WIOO,17:00,09:00,17:28,28min late,18:04,on time,1h 36m,Landed
2026-05-13,JT23,LNI023,Lion Air,Jakarta,CGK,WIII,17:15,09:15,18:11,56min late,18:42,32min late,1h 31m,Landed
2026-05-13,GA419,GIA419,Garuda Indonesia,Jakarta,CGK,WIII,17:25,09:25,18:00,35min late,18:34,9min late,1h 33m,Landed
2026-05-13,VJ998,VJC998,VietJet Air,Hanoi,HAN,VVNB,17:30,09:30,17:34,4min late,01:35,0min late,9h 0m,Landed
2026-05-13,TR243,TGW243,Scoot,Singapore,SIN,WSSS,17:35,09:35,18:32,57min late,20:50,25min late,2h 18m,Landed
2026-05-13,IP107,,Pelita Air Service,Jakarta,CGK,WIII,17:40,09:40,17:40,,18:30,,1h 50m,Landed
2026-05-13,NZ291,ANZ291,Air New Zealand,Auckland,AKL,NZAA,17:50,09:50,18:03,13min late,05:27,2min early,7h 24m,Landed
2026-05-13,QZ821,AWQ821,Indonesia AirAsia,Jakarta,CGK,WIII,18:00,10:00,17:59,on time,18:31,18min early,1h 32m,Landed
2026-05-13,6E1608,IGO1608,IndiGo,Chennai,MAA,VOMM,18:00,10:00,18:13,13min late,21:35,on time,5h 51m,Landed
2026-05-13,OD193,MXD193,Malindo Air,Perth,PER,YPPH,18:10,10:10,19:12,2min late,22:45,0min late,3h 32m,Landed
2026-05-13,IU126,SJV126,SW Italia,Surakarta,SOC,WAHQ,18:10,10:10,18:41,31min late,18:49,19min late,1h 7m,Landed
2026-05-13,ID6552,BTK6552,Batik Air,Kupang,KOE,WATT,18:25,10:25,18:28,3min late,19:49,25min early,1h 21m,Landed
2026-05-13,IN281,LKN281,NAM Air,Jakarta,CGK,WIII,18:30,10:30,18:53,23min late,19:21,11min late,1h 27m,Landed
2026-05-13,GA417,GIA417,Garuda Indonesia,Jakarta,CGK,WIII,18:30,10:30,18:51,21min late,19:29,on time,1h 37m,Landed
2026-05-13,QR963,QTR963,Qatar Airways,Doha,DOH,OTHH,18:35,10:35,18:39,4min late,22:46,53min early,9h 7m,Landed
2026-05-13,EY477,ETD477,Etihad Airways,Abu Dhabi,AUH,OMAA,18:45,10:45,19:06,21min late,23:38,1min early,8h 31m,Landed
2026-05-13,IP105,,Pelita Air Service,Jakarta,CGK,WIII,18:50,10:50,18:50,,19:40,,1h 50m,Landed
2026-05-13,CX782,CPA782,Cathay Pacific,Hong Kong,HKG,VHHH,18:50,10:50,19:20,30min late,23:55,9min early,4h 35m,Landed
2026-05-13,QG689,CTV689,Citilink,Jakarta,CGK,WIII,18:55,10:55,19:17,22min late,19:48,6min early,1h 31m,Landed
2026-05-13,8B5258,TNU5258,TransNusa,Lombok,LOP,WADL,18:55,10:55,19:06,11min late,19:26,8min early,19m,Landed
2026-05-13,TG440,THA440,Thai Airways International,Bangkok,BKK,VTBS,19:00,11:00,19:32,32min late,22:17,7min late,3h 45m,Landed
2026-05-13,6E1612,IGO1612,IndiGo,Bhubaneswar,BBI,VEBS,19:10,11:10,19:09,on time,22:18,31min early,5h 38m,Landed
2026-05-13,MH852,MAS852,Malaysia Airlines,Kuala Lumpur,KUL,WMKK,19:20,11:20,19:36,16min late,22:14,5min early,2h 38m,Landed
2026-05-13,ID7310,BTK7310,Batik Air,Jakarta,HLP,WIHH,19:25,11:25,19:43,18min late,20:05,9min early,1h 22m,Landed
2026-05-13,QG699,CTV699,Citilink,Surabaya,SUB,WARR,19:25,11:25,19:27,2min late,06:06,26min late,11h 39m,Landed
2026-05-13,AK379,AXM379,AirAsia,Kuala Lumpur,KUL,WMKK,19:45,11:45,20:21,36min late,23:03,13min late,2h 41m,Landed
2026-05-13,EK369,UAE369,Emirates,Dubai,DXB,OMDB,19:45,11:45,20:08,23min late,00:40,9min early,8h 31m,Landed
2026-05-13,GA421,GIA421,Garuda Indonesia,Jakarta,CGK,WIII,19:50,11:50,20:04,14min late,20:33,16min early,1h 29m,Landed
2026-05-13,IU133,SJV133,SW Italia,Semarang,SRG,WIIS,19:50,11:50,19:54,4min late,19:55,14min early,1h 1m,Landed
2026-05-13,JT923,LNI923,Lion Air,Surabaya,SUB,WARR,19:55,11:55,21:07,12min late,20:48,53min late,40m,Landed
2026-05-13,SQ945,SIA945,Singapore Airlines,Singapore,SIN,WSSS,20:00,12:00,20:16,16min late,22:23,16min early,2h 6m,Landed
2026-05-13,QG697,CTV697,Citilink,Surabaya,SUB,WARR,20:25,12:25,20:28,3min late,20:15,9min early,46m,Landed
2026-05-13,ID6415,BTK6415,Batik Air,Surabaya,SUB,WARR,20:30,12:30,20:41,11min late,20:19,10min early,38m,Landed
2026-05-13,TK67,THY067,Turkish Airlines,Istanbul,IST,LTFM,20:45,12:45,21:13,28min late,05:17,32min late,13h 3m,Landed
2026-05-13,KL836,KLM836,KLM Royal Dutch Airlines,Singapore,SIN,WSSS,20:45,12:45,20:55,10min late,23:06,18min early,2h 11m,Landed
2026-05-13,QG667,CTV667,Citilink,Jakarta,CGK,WIII,21:10,13:10,21:06,3min early,21:37,32min early,1h 31m,Landed
2026-05-13,JT15,LNI015,Lion Air,Jakarta,CGK,WIII,21:15,13:15,21:27,12min late,21:56,13min early,1h 29m,Landed
2026-05-13,QZ410,AWQ410,Indonesia AirAsia,Melbourne,MEL,YMML,21:15,13:15,21:17,2min late,04:51,8min early,5h 33m,Landed
2026-05-13,JQ34,JST034,Jetstar Airways,Melbourne,MEL,YMML,21:20,13:20,21:34,14min late,05:02,7min late,5h 28m,Landed
2026-05-13,ID6760,BTK6760,Batik Air,Makassar,UPG,WAAA,21:30,13:30,21:30,on time,09:36,41min late,12h 6m,Landed
2026-05-13,SJ273,SJY273,Sriwijaya Air,Jakarta,CGK,WIII,21:35,13:35,22:09,34min late,22:32,17min late,1h 23m,Landed
2026-05-13,GA425,GIA425,Garuda Indonesia,Jakarta,CGK,WIII,21:40,13:40,21:53,13min late,22:29,15min early,1h 35m,Landed
2026-05-13,SQ947,SIA947,Singapore Airlines,Singapore,SIN,WSSS,21:40,13:40,21:56,16min late,00:04,11min early,2h 7m,Landed
2026-05-13,SV857,SVA857,Saudi Arabian Airlines,Singapore,SIN,WSSS,21:55,13:55,21:57,2min late,00:08,21min early,2h 10m,Landed
2026-05-13,GA718,GIA718,Garuda Indonesia,Melbourne,MEL,YMML,22:05,14:05,22:31,26min late,06:02,32min late,5h 30m,Landed
2026-05-13,JQ60,JST060,Jetstar Airways,Brisbane,BNE,YBBN,22:10,14:10,22:27,17min late,05:43,1min early,5h 15m,Landed
2026-05-13,QG690,CTV690,Citilink,Surabaya,SUB,WARR,22:15,14:15,22:33,18min late,22:36,6min late,1h 2m,Landed
2026-05-13,AK375,AXM375,AirAsia,Kuala Lumpur,KUL,WMKK,22:15,14:15,22:13,1min early,01:10,9min early,2h 56m,Landed
2026-05-13,OD171,MXD171,Malindo Air,Sydney,SYD,YSSY,22:15,14:15,22:46,31min late,06:36,31min late,5h 49m,Landed
2026-05-13,QG9667,CTV9667,Citilink,Jakarta,CGK,WIII,22:15,14:15,19:56,18min early,22:40,on time,3h 44m,Landed
2026-05-13,QF44,QFA044,Qantas,Sydney,SYD,YSSY,22:20,14:20,22:24,4min late,06:16,6min late,5h 51m,Landed
2026-05-13,JQ38,JST038,Jetstar Airways,Sydney,SYD,YSSY,22:35,14:35,22:48,13min late,06:30,on time,5h 42m,Landed
2026-05-13,7C5304,JJA5304,Jeju Air,Seoul,ICN,RKSI,22:45,14:45,22:59,14min late,06:50,24min early,6h 50m,Landed
2026-05-13,JQ91,JST091,Jetstar Airways,Cairns,CNS,YBCS,23:00,15:00,23:13,13min late,05:19,10min early,4h 6m,Landed
2026-05-13,QF46,QFA046,Qantas,Melbourne,MEL,YMML,23:05,15:05,23:15,10min late,06:43,3min late,5h 28m,Landed
2026-05-13,VA96,VOZ096,Virgin Australia,Melbourne,MEL,YMML,23:05,15:05,23:03,1min early,06:27,12min early,5h 23m,Landed
2026-05-13,3U3986,CSC3986,Sichuan Airlines,Lujia Town,TFU,ZUTF,23:10,15:10,21:58,11min early,08:22,52min late,10h 24m,Landed
2026-05-13,8B5109,TNU5109,TransNusa,Jakarta,CGK,WIII,23:10,15:10,23:11,1min late,23:36,13min early,1h 25m,Landed
2026-05-13,VA82,VOZ082,Virgin Australia,Gold Coast,OOL,YBCG,23:20,15:20,23:25,5min late,06:43,11min early,5h 18m,Landed
2026-05-13,GA714,GIA714,Garuda Indonesia,Sydney,SYD,YSSY,23:25,15:25,23:35,10min late,07:24,14min late,5h 48m,Landed
2026-05-13,JQ50,JST050,Jetstar Airways,Melbourne,AVV,YMAV,23:25,15:25,23:39,14min late,07:03,3min late,5h 24m,Landed
2026-05-13,VA68,VOZ068,Virgin Australia,Sydney,SYD,YSSY,23:35,15:35,00:04,29min late,07:50,15min late,5h 46m,Landed
2026-05-13,KE432,KAL432,Korean Air Lines,Seoul,ICN,RKSI,23:45,15:45,23:58,13min late,07:25,29min early,6h 26m,Landed
2026-05-13,QZ420,AWQ420,Indonesia AirAsia,Adelaide,ADL,YPAD,23:45,15:45,23:52,7min late,06:13,11min early,4h 50m,Landed
2026-05-13,JQ87,JST087,Jetstar Airways,Sunshine Coast,MCY,YBSU,23:50,15:50,23:44,5min early,06:55,34min early,5h 10m,Landed
2026-05-14,BX602,ABL602,Air Busan,Busan,PUS,RKPK,00:05,16:05,22:34,30min early,07:52,7min early,8h 18m,Landed
2026-05-14,TW158,TWB158,T'Way Air,Cheongju,CJJ,RKTU,00:15,16:15,01:40,25min late,13:41,6min late,11h 0m,Landed
2026-05-14,8B84,TNU084,TransNusa,Perth,PER,YPPH,00:20,16:20,00:35,15min late,03:59,6min early,3h 23m,Landed
2026-05-14,GA880,GIA880,Garuda Indonesia,Tokyo,NRT,RJAA,00:20,16:20,00:28,8min late,08:36,13min early,7h 8m,Landed
2026-05-14,MF892,CXA892,Xiamen Airlines,Xiamen,XMN,ZSAM,00:30,16:30,01:31,1min late,13:19,14min late,11h 48m,Landed
2026-05-14,EK399,UAE399,Emirates,Dubai,DXB,OMDB,00:35,16:35,00:36,1min late,05:00,34min early,8h 23m,Landed
2026-05-14,QR961,QTR961,Qatar Airways,Doha,DOH,OTHH,00:35,16:35,00:38,3min late,04:35,4min early,8h 56m,Landed
2026-05-14,CZ626,CSN626,China Southern Airlines,Guangzhou,CAN,ZGGG,00:40,16:40,01:02,22min late,06:02,7min late,4h 59m,Landed
2026-05-14,PR538,PAL538,Philippine Airlines,Manila,MNL,RPLL,00:55,16:55,01:00,5min late,04:40,19min early,3h 39m,Landed
2026-05-14,MU5030,CES5030,China Eastern Airlines,Shanghai,PVG,ZSPD,00:55,16:55,01:15,20min late,07:28,26min early,6h 13m,Landed
2026-05-14,5J282,CEB282,CEBU Pacific Air,Manila,MNL,RPLL,01:00,17:00,00:58,1min early,04:36,43min early,3h 38m,Landed
2026-05-14,SJ726,,Sriwijaya Air,Makassar,UPG,WAAA,01:00,17:00,01:00,,02:20,,1h 20m,Landed
2026-05-14,GA652,GIA652,Garuda Indonesia,Timika,TIM,WABP,01:05,17:05,01:28,23min late,05:42,2min early,3h 13m,Landed
2026-05-14,KE434,KAL434,Korean Air Lines,Seoul,ICN,RKSI,01:10,17:10,01:33,23min late,09:01,23min early,6h 28m,Landed
2026-05-14,8B5888,TNU5888,TransNusa,Manado,MDC,WAMM,01:30,17:30,01:35,5min late,03:52,7min early,2h 16m,Landed
2026-05-14,GA401,GIA401,Garuda Indonesia,Jakarta,CGK,WIII,07:00,23:00,07:11,11min late,07:35,24min early,1h 23m,Landed
2026-05-14,IU705,SJV705,SW Italia,Surabaya,SUB,WARR,07:00,23:00,07:57,57min late,07:32,32min late,35m,Landed
2026-05-14,QZ807,AWQ807,Indonesia AirAsia,Jakarta,CGK,WIII,07:00,23:00,07:06,6min late,07:36,23min early,1h 29m,Landed
2026-05-14,JQ111,JST111,Jetstar Airways,Perth,PER,YPPH,07:00,23:00,07:15,15min late,10:48,3min late,3h 32m,Landed
2026-05-14,JT944,,Lion Air,Makassar,UPG,WAAA,07:00,23:00,07:00,,10:28,8min late,3h 28m,Landed
2026-05-14,JT746,LNI746,Lion Air,Makassar,UPG,WAAA,07:00,23:00,07:03,3min late,08:01,23min early,58m,Landed
2026-05-14,JQ82,JST082,Jetstar Airways,Darwin,DRW,YPDN,07:00,23:00,07:25,25min late,11:12,2min early,2h 17m,Landed
2026-05-14,QZ534,AWQ534,Indonesia AirAsia,Perth,PER,YPPH,07:05,23:05,07:35,30min late,11:16,16min late,3h 41m,Landed
2026-05-14,QZ644,AWQ644,Indonesia AirAsia,Labuan Bajo,LBJ,WATO,07:10,23:10,07:29,19min late,08:24,9min late,54m,Landed
2026-05-14,8B5250,,Business Air,Lombok,LOP,WADL,07:15,23:15,07:15,,07:55,,40m,Landed
2026-05-14,SQ949,SIA949,Singapore Airlines,Singapore,SIN,WSSS,07:15,23:15,07:43,28min late,09:55,4min early,2h 11m,Landed
2026-05-14,8B551,TNU551,Business Air,Singapore,SIN,WSSS,07:30,23:30,07:39,9min late,09:58,3min late,2h 19m,Landed
2026-05-14,ID6333,BTK6333,Batik Air,Labuan Bajo,LBJ,WATO,07:55,23:55,08:41,46min late,09:36,26min late,54m,Landed
2026-05-14,HX706,CRK706,Hong Kong Airlines,Hong Kong,HKG,VHHH,08:05,00:05,08:27,22min late,13:10,9min early,4h 42m,Landed
2026-05-14,JT21,LNI021,Lion Air,Jakarta,CGK,WIII,08:05,00:05,14:55,50min late,15:25,25min late,1h 30m,Landed
2026-05-14,IW1858,WON1858,Wings Air,Lombok,LOP,WADL,08:05,00:05,08:37,32min late,09:08,13min late,31m,Landed
2026-05-14,AI2146,AIC2146,Air India,Delhi,DEL,VIDP,08:25,00:25,12:37,12min late,17:32,42min late,7h 24m,Landed
2026-05-14,5J280,CEB280,CEBU Pacific Air,Manila,MNL,RPLL,08:35,00:35,08:46,11min late,12:28,26min early,3h 42m,Landed
2026-05-14,CZ8482,CSN8482,China Southern Airlines,Guangzhou,CAN,ZGGG,08:40,00:40,08:42,2min late,13:52,2min late,5h 10m,Landed
2026-05-14,IW1854,WON1854,Wings Air,Lombok,LOP,WADL,08:45,00:45,09:28,43min late,09:55,20min late,26m,Landed
2026-05-14,IW1882,WON1882,Wings Air,Sumbawa Besar,SWQ,WADS,08:55,00:55,09:25,30min late,10:11,11min late,45m,Landed
2026-05-14,QG500,CTV500,Citilink,Dili,DIL,WPDL,09:00,01:00,09:04,4min late,11:49,15min early,1h 44m,Landed
2026-05-14,QG691,CTV691,Citilink,Surabaya,SUB,WARR,09:05,01:05,08:55,9min early,08:46,28min early,50m,Landed
2026-05-14,IN640,LKN640,NAM Air,Tambolaka,TMC,WADT,09:10,01:10,09:25,15min late,10:10,on time,45m,Landed
2026-05-14,ID6324,BTK6324,Batik Air,Tambolaka,TMC,WADT,09:10,01:10,09:15,5min late,10:00,19min early,44m,Landed
2026-05-14,8B5105,,TransNusa,Jakarta,CGK,WIII,09:15,01:15,09:15,,10:00,,1h 45m,Landed
2026-05-14,IW1848,WON1848,Wings Air,Lombok,LOP,WADL,09:25,01:25,09:57,32min late,10:20,5min late,23m,Landed
2026-05-14,8B5634,,Business Air,Bima,BMU,WADB,09:35,01:35,09:35,,10:35,,1h 0m,Landed
2026-05-14,8B80,TNU080,TransNusa,Perth,PER,YPPH,09:40,01:40,09:41,1min late,13:16,8min early,3h 35m,Landed
2026-05-14,IU137,SJV137,SW Italia,Kupang,KOE,WATT,10:00,02:00,,,,,1h 50m,Diverted
2026-05-14,IU122,SJV122,SW Italia,Yogyakarta,YIA,WAHI,10:00,02:00,12:46,46min late,12:54,24min late,1h 8m,Landed
2026-05-14,SQ935,SIA935,Singapore Airlines,Singapore,SIN,WSSS,10:05,02:05,10:11,6min late,12:23,22min early,2h 11m,Landed
2026-05-14,8B553,TNU553,Business Air,Singapore,SIN,WSSS,10:20,02:20,10:28,8min late,12:54,21min early,2h 25m,Landed
2026-05-14,8B5101,TNU5101,TransNusa,Jakarta,CGK,WIII,10:25,02:25,10:47,22min late,11:20,5min late,1h 33m,Landed
2026-05-14,QG9193,CTV9193,Citilink,Jakarta,HLP,WIHH,10:25,02:25,10:26,1min late,10:53,26min early,1h 27m,Landed
2026-05-14,JT3844,LNI3844,Lion Air,Banjarmasin,BDJ,WAOO,10:35,02:35,10:58,23min late,12:16,16min late,1h 18m,Landed
2026-05-14,JT805,LNI805,Lion Air,Surabaya,SUB,WARR,10:35,02:35,11:02,27min late,10:40,5min late,37m,Landed
2026-05-14,8G182,DTL182,Mid Africa Aviation,Dili,DIL,WPDL,10:35,02:35,10:33,1min early,13:09,20min early,1h 36m,Landed
2026-05-14,JT31,LNI031,Lion Air,Jakarta,CGK,WIII,11:05,03:05,13:54,49min late,14:24,24min late,1h 30m,Landed
2026-05-14,IW1856,WON1856,Wings Air,Lombok,LOP,WADL,11:10,03:10,12:05,55min late,12:30,30min late,24m,Landed
2026-05-14,JQ126,JST126,Jetstar Airways,Adelaide,ADL,YPAD,11:15,03:15,11:18,3min late,17:24,5min early,4h 36m,Landed
2026-05-14,TR281,TGW281,Scoot,Singapore,SIN,WSSS,11:15,03:15,11:46,31min late,14:05,4min early,2h 19m,Landed
2026-05-14,6E1606,IGO1606,IndiGo,Bangalore,BLR,VOBL,11:20,03:20,11:13,6min early,14:53,16min early,6h 9m,Landed
2026-05-14,QZ646,AWQ646,Indonesia AirAsia,Labuan Bajo,LBJ,WATO,11:25,03:25,11:31,6min late,12:24,15min early,52m,Landed
2026-05-14,IW1964,WON1964,Wings Air,Lombok,LOP,WADL,11:40,03:40,12:01,21min late,12:25,4min early,23m,Landed
2026-05-14,AK371,AXM371,AirAsia,Kuala Lumpur,KUL,WMKK,11:40,03:40,11:36,3min early,14:23,21min early,2h 46m,Landed
2026-05-14,JQ109,JST109,Jetstar Airways,Perth,PER,YPPH,11:40,03:40,11:53,13min late,15:24,on time,3h 30m,Landed
2026-05-14,ID6331,BTK6331,Batik Air,Labuan Bajo,LBJ,WATO,11:45,03:45,12:44,59min late,13:36,36min late,51m,Landed
2026-05-14,IW1850,WON1850,Wings Air,Lombok,LOP,WADL,11:50,03:50,12:26,36min late,12:49,9min late,23m,Landed
2026-05-14,QZ809,AWQ809,Indonesia AirAsia,Jakarta,CGK,WIII,11:55,03:55,12:30,35min late,13:04,14min late,1h 33m,Landed
2026-05-14,OD192,MXD192,Malindo Air,Kuala Lumpur,KUL,WMKK,11:55,03:55,12:12,17min late,14:52,12min early,2h 39m,Landed
2026-05-14,GA407,GIA407,Garuda Indonesia,Jakarta,CGK,WIII,11:55,03:55,11:55,on time,12:27,27min early,1h 32m,Landed
2026-05-14,QZ544,AWQ544,Indonesia AirAsia,Perth,PER,YPPH,12:00,04:00,12:18,18min late,15:43,6min early,3h 25m,Landed
2026-05-14,GA253,GIA253,Garuda Indonesia,Yogyakarta,YIA,WAHI,12:05,04:05,12:24,19min late,12:37,17min early,1h 13m,Landed
2026-05-14,JQ32,JST032,Jetstar Airways,Melbourne,MEL,YMML,12:05,04:05,12:21,16min late,19:50,10min late,5h 28m,Landed
2026-05-14,SQ937,SIA937,Singapore Airlines,Singapore,SIN,WSSS,12:10,04:10,12:35,25min late,14:54,on time,2h 19m,Landed
2026-05-14,JQ40,JST040,Jetstar Airways,Sydney,SYD,YSSY,12:20,04:20,12:40,20min late,20:27,12min late,5h 47m,Landed
2026-05-14,SJ7420,,Sriwijaya Air,Tambolaka,TMC,WADT,12:20,04:20,12:20,,13:20,,1h 0m,Landed
2026-05-14,8B5254,TNU5254,Business Air,Lombok,LOP,WADL,12:40,04:40,12:48,8min late,13:07,12min early,19m,Landed
2026-05-14,IP103,PAS103,Pelita Air Service,Jakarta,CGK,WIII,12:45,04:45,12:51,6min late,13:17,22min early,1h 26m,Landed
2026-05-14,IN643,,NAM Air,Tambolaka,TMC,WADT,12:50,04:50,12:50,,13:50,,1h 0m,Landed
2026-05-14,OD307,MXD307,Malindo Air,Kuala Lumpur,KUL,WMKK,13:00,05:00,13:29,29min late,16:14,14min late,2h 45m,Landed
2026-05-14,AK365,AXM365,AirAsia,Kuala Lumpur,KUL,WMKK,13:00,05:00,13:07,7min late,15:52,12min early,2h 44m,Landed
2026-05-14,ID6509,BTK6509,Batik Air,Jakarta,CGK,WIII,13:00,05:00,13:25,25min late,13:55,on time,1h 29m,Landed
2026-05-14,MH714,MAS714,Malaysia Airlines,Kuala Lumpur,KUL,WMKK,13:05,05:05,13:36,31min late,16:23,23min late,2h 47m,Landed
2026-05-14,OD172,MXD172,Malindo Air,Kuala Lumpur,KUL,WMKK,13:10,05:10,13:23,13min late,16:17,2min early,2h 53m,Landed
2026-05-14,JT35,LNI035,Lion Air,Jakarta,CGK,WIII,13:15,05:15,16:50,35min late,17:24,14min late,1h 33m,Landed
2026-05-14,SQ939,SIA939,Singapore Airlines,Singapore,SIN,WSSS,13:15,05:15,13:20,5min late,15:36,23min early,2h 16m,Landed
2026-05-14,JQ58,JST058,Jetstar Airways,Brisbane,BNE,YBBN,13:15,05:15,14:12,57min late,21:32,37min late,5h 19m,Landed
2026-05-14,SL259,TLM259,Thai Lion Air,Bangkok,DMK,VTBD,13:25,05:25,13:46,21min late,16:46,3min early,3h 59m,Landed
2026-05-14,GA409,GIA409,Garuda Indonesia,Jakarta,CGK,WIII,13:25,05:25,13:44,19min late,14:25,on time,1h 41m,Landed
2026-05-14,JT660,LNI660,Lion Air,Balikpapan,BPN,WALL,13:30,05:30,13:49,19min late,15:06,8min early,1h 17m,Landed
2026-05-14,GA842,GIA842,Garuda Indonesia,Singapore,SIN,WSSS,13:40,05:40,09:59,40min early,16:13,11min early,6h 13m,Landed
2026-05-14,QG687,CTV687,Citilink,Jakarta,CGK,WIII,13:45,05:45,13:42,2min early,14:13,26min early,1h 31m,Landed
2026-05-14,8B5107,TNU5107,Business Air,Jakarta,CGK,WIII,13:50,05:50,14:22,32min late,14:52,12min late,1h 29m,Landed
2026-05-14,JT919,LNI919,Lion Air,Surabaya,SUB,WARR,13:55,05:55,11:03,51min early,12:55,59min early,2h 52m,Landed
2026-05-14,TR289,TGW289,Scoot,Singapore,SIN,WSSS,14:05,06:05,15:22,17min late,17:39,44min late,2h 16m,Landed
2026-05-14,VJ894,VJC894,VietJet Air,Ho Chi Minh City,SGN,VVTS,14:05,06:05,14:42,37min late,17:02,7min late,3h 20m,Landed
2026-05-14,ID6517,BTK6517,Batik Air,Jakarta,CGK,WIII,14:15,06:15,14:39,24min late,15:05,4min early,1h 26m,Landed
2026-05-14,IU130,SJV130,SW Italia,Semarang,SRG,WIIS,14:15,06:15,19:45,30min late,19:39,4min late,54m,Landed
2026-05-14,GA4094,GIA4094,Garuda Indonesia,Jakarta,CGK,WIII,14:20,06:20,14:48,28min late,15:17,2min early,1h 29m,Landed
2026-05-14,ID7308,BTK7308,Batik Air,Jakarta,HLP,WIHH,14:20,06:20,14:35,15min late,15:02,7min early,1h 26m,Landed
2026-05-14,QG681,CTV681,Citilink,Jakarta,CGK,WIII,14:45,06:45,14:40,4min early,15:17,37min early,1h 37m,Landed
2026-05-14,JT844,LNI844,Lion Air,Banjarmasin,BDJ,WAOO,15:00,07:00,15:08,8min late,16:13,16min early,1h 4m,Landed
2026-05-14,IU120,SJV120,SW Italia,Yogyakarta,YIA,WAHI,15:00,07:00,17:21,21min late,17:31,1min late,1h 9m,Landed
2026-05-14,QG342,CTV342,Citilink,Makassar,UPG,WAAA,15:00,07:00,15:10,10min late,16:23,6min early,1h 13m,Landed
2026-05-14,IU128,SJV128,SW Italia,Surakarta,SOC,WAHQ,15:00,07:00,15:12,12min late,15:20,on time,1h 7m,Landed
2026-05-14,JQ86,JST086,Jetstar Airways,Singapore,SIN,WSSS,15:05,07:05,15:30,25min late,17:50,9min early,2h 19m,Landed
2026-05-14,JQ44,JST044,Jetstar Airways,Melbourne,MEL,YMML,15:10,07:10,15:24,14min late,22:35,9min early,5h 10m,Landed
2026-05-14,VA50,VOZ050,Virgin Australia,Brisbane,BNE,YBBN,15:15,07:15,15:28,13min late,22:51,13min early,5h 22m,Landed
2026-05-14,JT33,,Lion Air,Jakarta,CGK,WIII,15:15,07:15,,,,,1h 55m,Cancelled
2026-05-14,AK377,AXM377,AirAsia,Kuala Lumpur,KUL,WMKK,15:25,07:25,15:44,19min late,18:34,4min late,2h 50m,Landed
2026-05-14,JT740,LNI740,Lion Air,Makassar,UPG,WAAA,15:30,07:30,16:09,39min late,17:11,16min late,1h 1m,Landed
2026-05-14,IN281,LKN281,Nam Air,Jakarta,CGK,WIII,15:30,07:30,15:33,3min late,16:02,7min early,1h 28m,Landed
2026-05-14,QG669,CTV669,Citilink,Surabaya,SUB,WARR,15:30,07:30,16:30,0min late,16:27,47min late,56m,Landed
2026-05-14,IP109,PAS109,Pelita Air Service,Jakarta,CGK,WIII,15:35,07:35,15:47,12min late,16:28,3min late,1h 40m,Landed
2026-05-14,QZ648,AWQ648,Indonesia AirAsia,Labuan Bajo,LBJ,WATO,15:45,07:45,15:56,11min late,16:51,3min early,55m,Landed
2026-05-14,GA411,GIA411,Garuda Indonesia,Jakarta,CGK,WIII,15:45,07:45,15:50,5min late,16:35,9min early,1h 44m,Landed
2026-05-14,VA92,VOZ092,Virgin Australia,Melbourne,MEL,YMML,15:50,07:50,16:12,22min late,23:39,14min late,5h 27m,Landed
2026-05-14,CI772,CAL772,China Airlines,Taipei,TPE,RCTP,15:55,07:55,16:05,10min late,21:00,19min early,4h 54m,Landed
2026-05-14,8B5256,,Business Air,Lombok,LOP,WADL,15:55,07:55,15:55,,16:50,,55m,Landed
2026-05-14,VN640,HVN640,Vietnam Airlines,Ho Chi Minh City,SGN,VVTS,16:00,08:00,16:14,14min late,18:26,13min early,3h 11m,Landed
2026-05-14,QG9661,CTV9661,Citilink,Jakarta,CGK,WIII,16:00,08:00,15:55,4min early,16:50,4min early,1h 54m,Landed
2026-05-14,SJ7161,,Sriwijaya Air,Makassar,UPG,WAAA,16:00,08:00,16:00,,17:20,,1h 20m,Landed
2026-05-14,QZ246,AWQ246,Indonesia AirAsia,Phuket,HKT,VTSP,16:10,08:10,16:17,7min late,18:38,31min early,3h 21m,Landed
2026-05-14,CX784,CPA784,Cathay Pacific,Hong Kong,HKG,VHHH,16:15,08:15,16:34,19min late,20:58,26min early,4h 23m,Landed
2026-05-14,8B82,,TransNusa,Perth,PER,YPPH,16:20,08:20,16:20,,20:10,,3h 50m,Landed
2026-05-14,MH850,MAS850,Malaysia Airlines,Kuala Lumpur,KUL,WMKK,16:25,08:25,16:31,6min late,19:16,18min early,2h 44m,Landed
2026-05-14,IW1852,WON1852,Wings Air,Lombok,LOP,WADL,16:30,08:30,16:54,24min late,17:19,on time,24m,Landed
2026-05-14,BR256,EVA256,EVA Airways,Taipei,TPE,RCTP,16:30,08:30,17:19,49min late,22:08,8min late,4h 49m,Landed
2026-05-14,JT744,LNI744,Lion Air,Makassar,UPG,WAAA,16:40,08:40,17:42,2min late,18:43,38min late,1h 1m,Landed
2026-05-14,IU703,SJV703,SW Italia,Surabaya,SUB,WARR,16:40,08:40,17:38,58min late,17:22,42min late,44m,Landed
2026-05-14,HO1356,DKH1356,Juneyao Airlines,Shanghai,PVG,ZSPD,16:50,08:50,16:49,on time,22:58,36min early,6h 9m,Landed
2026-05-14,GA349,GIA349,Garuda Indonesia,Surabaya,SUB,WARR,16:55,08:55,17:14,19min late,17:04,5min early,49m,Landed
2026-05-14,TG432,THA432,Thai Airways International,Bangkok,BKK,VTBS,16:55,08:55,16:58,3min late,19:40,24min early,3h 41m,Landed
2026-05-14,ID6335,BTK6335,Batik Air,Labuan Bajo,LBJ,WATO,17:00,09:00,17:28,28min late,18:12,2min early,44m,Landed
2026-05-14,GA419,GIA419,Garuda Indonesia,Jakarta,CGK,WIII,17:25,09:25,17:32,7min late,18:11,13min early,1h 39m,Landed
2026-05-14,TR243,TGW243,Scoot,Singapore,SIN,WSSS,17:35,09:35,18:09,34min late,20:29,4min late,2h 19m,Landed
2026-05-14,IP107,,Pelita Air Service,Jakarta,CGK,WIII,17:40,09:40,17:40,,18:30,,1h 50m,Landed
2026-05-14,QZ821,AWQ821,Indonesia AirAsia,Jakarta,CGK,WIII,18:00,10:00,17:56,3min early,18:23,26min early,1h 27m,Landed
2026-05-14,6E1608,IGO1608,IndiGo,Chennai,MAA,VOMM,18:00,10:00,18:02,2min late,21:08,26min early,5h 35m,Landed
2026-05-14,IU126,SJV126,SW Italia,Surakarta,SOC,WAHQ,18:10,10:10,18:42,32min late,08:04,34min late,14h 21m,Landed
2026-05-14,OD193,MXD193,Malindo Air,Perth,PER,YPPH,18:10,10:10,19:25,15min late,22:50,5min late,3h 25m,Landed
2026-05-14,IN283,,NAM Air,Jakarta,CGK,WIII,18:30,10:30,18:30,,19:10,,1h 40m,Landed
2026-05-14,GA417,GIA417,Garuda Indonesia,Jakarta,CGK,WIII,18:30,10:30,18:49,19min late,19:23,6min early,1h 34m,Landed
2026-05-14,QR963,QTR963,Qatar Airways,Doha,DOH,OTHH,18:35,10:35,18:46,11min late,22:52,47min early,9h 6m,Landed
2026-05-14,EY477,ETD477,Etihad Airways,Abu Dhabi,AUH,OMAA,18:45,10:45,18:51,6min late,23:26,13min early,8h 35m,Landed
2026-05-14,IP105,,Pelita Air Service,Jakarta,CGK,WIII,18:50,10:50,18:50,,19:40,,1h 50m,Landed
2026-05-14,QG689,CTV689,Citilink,Jakarta,CGK,WIII,18:55,10:55,19:22,27min late,19:57,2min late,1h 34m,Landed
2026-05-14,8B5258,TNU5258,TransNusa,Lombok,LOP,WADL,18:55,10:55,18:17,37min early,18:36,58min early,18m,Landed
2026-05-14,TG440,THA440,Thai Airways International,Bangkok,BKK,VTBS,19:00,11:00,19:40,40min late,22:24,14min late,3h 44m,Landed
2026-05-14,6E1612,IGO1612,IndiGo,Bhubaneswar,BBI,VEBS,19:10,11:10,19:04,6min early,22:29,20min early,5h 55m,Landed
2026-05-14,MH852,MAS852,Malaysia Airlines,Kuala Lumpur,KUL,WMKK,19:20,11:20,19:30,10min late,22:09,10min early,2h 38m,Landed
2026-05-14,QG699,CTV699,Citilink,Surabaya,SUB,WARR,19:25,11:25,19:28,3min late,19:17,22min early,49m,Landed
2026-05-14,ID7310,BTK7310,Batik Air,Jakarta,HLP,WIHH,19:25,11:25,19:32,7min late,19:55,20min early,1h 22m,Landed
2026-05-14,GA421,GIA421,Garuda Indonesia,Jakarta,CGK,WIII,19:40,11:40,19:47,7min late,20:14,25min early,1h 27m,Landed
2026-05-14,AK379,AXM379,AirAsia,Kuala Lumpur,KUL,WMKK,19:45,11:45,19:55,10min late,22:42,7min early,2h 46m,Landed
2026-05-14,EK369,UAE369,Emirates,Dubai,DXB,OMDB,19:45,11:45,20:05,20min late,00:51,1min late,8h 45m,Landed
2026-05-14,8B969,TNU969,TransNusa,Guangzhou,CAN,ZGGG,19:50,11:50,20:10,20min late,01:12,7min late,5h 2m,Landed
2026-05-14,IU133,SJV133,SW Italia,Semarang,SRG,WIIS,19:50,11:50,19:51,1min late,19:52,17min early,1h 1m,Landed
2026-05-14,JT923,LNI923,Lion Air,Surabaya,SUB,WARR,19:55,11:55,20:48,53min late,20:30,35min late,42m,Landed
2026-05-14,SQ945,SIA945,Singapore Airlines,Singapore,SIN,WSSS,20:00,12:00,20:17,17min late,22:32,7min early,2h 14m,Landed
2026-05-14,QG9665,CTV9665,Citilink,Jakarta,CGK,WIII,20:15,12:15,20:30,15min late,20:59,15min early,1h 29m,Landed
2026-05-14,JT23,LNI023,Lion Air,Jakarta,CGK,WIII,20:25,12:25,20:35,10min late,21:03,16min early,1h 27m,Landed
2026-05-14,QG697,CTV697,Citilink,Surabaya,SUB,WARR,20:25,12:25,20:32,7min late,06:46,21min late,11h 14m,Landed
2026-05-14,ID6415,,Batik Air,Surabaya,SUB,WARR,20:30,12:30,,,,,1h 0m,Cancelled
2026-05-14,SJ273,SJY273,Sriwijaya Air,Jakarta,CGK,WIII,20:35,12:35,21:59,24min late,22:23,8min late,1h 23m,Landed
2026-05-14,GA415,GIA415,Garuda Indonesia,Jakarta,CGK,WIII,20:40,12:40,20:40,on time,21:10,29min early,1h 29m,Landed
2026-05-14,QG195,CTV195,Citilink,Jakarta,HLP,WIHH,20:40,12:40,21:09,29min late,21:40,5min late,1h 30m,Landed
2026-05-14,KL836,KLM836,KLM Royal Dutch Airlines,Singapore,SIN,WSSS,20:45,12:45,20:45,on time,22:52,32min early,2h 6m,Landed
2026-05-14,OD177,MXD177,Malindo Air,Melbourne,MEL,YMML,21:00,13:00,21:02,2min late,04:23,16min early,5h 20m,Landed
2026-05-14,QG667,CTV667,Citilink,Jakarta,CGK,WIII,21:10,13:10,21:24,14min late,21:54,15min early,1h 29m,Landed
2026-05-14,JQ34,JST034,Jetstar Airways,Melbourne,MEL,YMML,21:20,13:20,23:32,12min late,06:55,0min late,5h 22m,Landed
2026-05-14,JQ117,JST117,Jetstar Airways,Perth,PER,YPPH,21:30,13:30,21:29,on time,01:12,7min early,3h 43m,Landed
2026-05-14,SQ947,SIA947,Singapore Airlines,Singapore,SIN,WSSS,21:40,13:40,22:37,57min late,00:44,29min late,2h 6m,Landed
2026-05-14,GA425,GIA425,Garuda Indonesia,Jakarta,CGK,WIII,21:40,13:40,21:48,8min late,22:16,28min early,1h 27m,Landed
2026-05-14,TK311,THY311,Turkish Airlines,Istanbul,IST,LTFM,21:45,13:45,21:52,7min late,05:29,15min early,12h 37m,Landed
2026-05-14,OD157,MXD157,Malindo Air,Brisbane,BNE,YBBN,22:00,14:00,22:10,10min late,05:35,14min early,5h 25m,Landed
2026-05-14,GA718,GIA718,Garuda Indonesia,Melbourne,MEL,YMML,22:05,14:05,22:22,17min late,06:01,31min late,5h 39m,Landed
2026-05-14,OD171,MXD171,Malindo Air,Sydney,SYD,YSSY,22:15,14:15,22:33,18min late,06:12,7min late,5h 38m,Landed
2026-05-14,AK375,AXM375,AirAsia,Kuala Lumpur,KUL,WMKK,22:15,14:15,22:25,10min late,01:07,12min early,2h 41m,Landed
2026-05-14,QF44,QFA044,Qantas,Sydney,SYD,YSSY,22:20,14:20,22:30,10min late,06:08,1min early,5h 37m,Landed
2026-05-14,QG9667,CTV9667,Citilink,Jakarta,CGK,WIII,22:28,14:28,22:23,5min early,23:06,4min late,1h 43m,Landed
2026-05-14,JQ38,,Jetstar Airways,Sydney,SYD,YSSY,22:35,14:35,,,,,5h 55m,Cancelled
2026-05-14,7C5304,JJA5304,Jeju Air,Seoul,ICN,RKSI,22:45,14:45,23:02,17min late,07:02,12min early,7h 0m,Landed
2026-05-14,VA96,VOZ096,Virgin Australia,Melbourne,MEL,YMML,23:05,15:05,23:15,10min late,06:26,13min early,5h 11m,Landed
2026-05-14,8B5109,TNU5109,TransNusa,Jakarta,CGK,WIII,23:10,15:10,00:11,1min late,00:37,47min late,1h 26m,Landed
2026-05-14,GA714,GIA714,Garuda Indonesia,Sydney,SYD,YSSY,23:25,15:25,23:42,17min late,07:27,17min late,5h 45m,Landed
2026-05-14,JQ50,JST050,Jetstar Airways,Melbourne,AVV,YMAV,23:25,15:25,15:47,37min early,06:35,24min early,12h 48m,Landed
2026-05-14,VA68,VOZ068,Virgin Australia,Sydney,SYD,YSSY,23:35,15:35,23:51,16min late,07:34,on time,5h 43m,Landed
2026-05-14,KE432,KAL432,Korean Air Lines,Seoul,ICN,RKSI,23:45,15:45,23:58,13min late,07:30,24min early,6h 31m,Landed
2026-05-14,JQ94,JST094,Jetstar Airways,Gold Coast,OOL,YBCG,23:45,15:45,00:08,23min late,07:30,15min late,5h 21m,Landed
2026-05-14,JQ89,JST089,Jetstar Airways,Newcastle,NTL,YWLM,23:50,15:50,,,,,6h 44m,Diverted
2026-05-15,BX602,ABL602,Air Busan,Busan,PUS,RKPK,00:05,16:05,00:18,13min late,07:52,7min early,6h 33m,Landed
2026-05-15,TW158,TWB158,T'Way Air,Cheongju,CJJ,RKTU,00:15,16:15,01:40,25min late,13:41,6min late,11h 0m,Landed
2026-05-15,GA880,GIA880,Garuda Indonesia,Tokyo,NRT,RJAA,00:20,16:20,00:52,32min late,08:47,3min early,6h 54m,Landed
2026-05-15,MF892,CXA892,Xiamen Airlines,Xiamen,XMN,ZSAM,00:30,16:30,00:23,6min early,05:38,26min early,5h 14m,Landed
2026-05-15,QR961,QTR961,Qatar Airways,Doha,DOH,OTHH,00:35,16:35,00:47,12min late,04:53,46min early,9h 6m,Landed
2026-05-15,EK399,UAE399,Emirates,Dubai,DXB,OMDB,00:35,16:35,00:45,10min late,05:24,10min early,8h 38m,Landed
2026-05-15,CZ626,CSN626,China Southern Airlines,Guangzhou,CAN,ZGGG,00:40,16:40,00:38,1min early,05:41,13min early,5h 2m,Landed
2026-05-15,PR538,PAL538,Philippine Airlines,Manila,MNL,RPLL,00:55,16:55,01:20,25min late,04:58,1min early,3h 37m,Landed
2026-05-15,MU5030,CES5030,China Eastern Airlines,Shanghai,PVG,ZSPD,00:55,16:55,01:14,19min late,07:29,30min early,6h 14m,Landed
2026-05-15,5J282,CEB282,CEBU Pacific Air,Manila,MNL,RPLL,01:00,17:00,01:03,3min late,04:49,30min early,3h 46m,Landed
2026-05-15,SJ726,,Sriwijaya Air,Makassar,UPG,WAAA,01:00,17:00,01:00,,02:20,,1h 20m,Landed
2026-05-15,GA652,GIA652,Garuda Indonesia,Timika,TIM,WABP,01:05,17:05,01:28,23min late,05:42,2min early,3h 13m,Landed
2026-05-15,KE434,KAL434,Korean Air Lines,Seoul,ICN,RKSI,01:10,17:10,01:17,7min late,08:42,42min early,6h 24m,Landed
2026-05-15,8B5888,TNU5888,TransNusa,Manado,MDC,WAMM,01:30,17:30,01:35,5min late,03:52,7min early,2h 16m,Landed
2026-05-15,GA401,GIA401,Garuda Indonesia,Jakarta,CGK,WIII,07:00,23:00,07:02,2min late,07:35,24min early,1h 33m,Landed
2026-05-15,JQ82,JST082,Jetstar Airways,Darwin,DRW,YPDN,07:00,23:00,07:25,25min late,11:12,2min early,2h 17m,Landed
2026-05-15,IU705,SJV705,SW Italia,Surabaya,SUB,WARR,07:00,23:00,07:57,57min late,07:32,32min late,35m,Landed
2026-05-15,QZ807,AWQ807,Indonesia AirAsia,Jakarta,CGK,WIII,07:00,23:00,07:06,6min late,07:36,23min early,1h 29m,Landed
2026-05-15,JT944,,Lion Air,Makassar,UPG,WAAA,07:00,23:00,09:27,27min late,10:28,3min late,1h 1m,Landed
2026-05-15,JT746,LNI746,Lion Air,Makassar,UPG,WAAA,07:00,23:00,07:08,8min late,08:06,18min early,57m,Landed
2026-05-15,QZ534,AWQ534,Indonesia AirAsia,Perth,PER,YPPH,07:05,23:05,07:29,24min late,11:04,4min late,3h 34m,Landed
2026-05-15,QZ644,AWQ644,Indonesia AirAsia,Labuan Bajo,LBJ,WATO,07:10,23:10,07:12,2min late,07:57,17min early,44m,Landed
2026-05-15,8B5250,TNU5250,TransNusa,Lombok,LOP,WADL,07:15,23:15,07:32,17min late,08:00,5min late,28m,Landed
2026-05-15,SQ949,SIA949,Singapore Airlines,Singapore,SIN,WSSS,07:15,23:15,07:21,6min late,09:34,25min early,2h 13m,Landed
2026-05-15,8B551,,Business Air,Singapore,SIN,WSSS,07:30,23:30,07:30,,09:55,,2h 25m,Landed
2026-05-15,ID6333,BTK6333,Batik Air,Labuan Bajo,LBJ,WATO,07:55,23:55,08:06,11min late,08:58,11min early,52m,Landed
2026-05-15,JT21,LNI021,Lion Air,Jakarta,CGK,WIII,08:05,00:05,08:14,9min late,08:45,14min early,1h 31m,Landed
2026-05-15,HX706,CRK706,Hong Kong Airlines,Hong Kong,HKG,VHHH,08:05,00:05,08:22,17min late,13:01,18min early,4h 38m,Landed
2026-05-15,IW1858,,Wings Air,Lombok,LOP,WADL,08:05,00:05,,,,,50m,Cancelled
2026-05-15,QZ803,AWQ803,Indonesia AirAsia,Jakarta,CGK,WIII,08:30,00:30,08:27,2min early,08:52,27min early,1h 25m,Landed
2026-05-15,5J280,CEB280,CEBU Pacific Air,Manila,MNL,RPLL,08:35,00:35,08:38,3min late,12:17,37min early,3h 39m,Landed
2026-05-15,CZ8482,CSN8482,China Southern Airlines,Guangzhou,CAN,ZGGG,08:40,00:40,08:45,5min late,14:06,16min late,5h 20m,Landed
2026-05-15,IW1882,WON1882,Wings Air,Sumbawa Besar,SWQ,WADS,08:55,00:55,09:12,17min late,10:01,1min late,48m,Landed
2026-05-15,QG500,CTV500,Citilink,Dili,DIL,WPDL,09:00,01:00,08:58,1min early,11:44,20min early,1h 45m,Landed
2026-05-15,IW3330,WON3330,Wings Air,,,,09:00,01:00,09:09,9min late,11:45,on time,2h 36m,Landed
2026-05-15,QG691,CTV691,Citilink,Surabaya,SUB,WARR,09:05,01:05,09:06,1min late,13:19,4min late,5h 13m,Landed
2026-05-15,QG9687,CTV9687,Citilink,Jakarta,CGK,WIII,09:10,01:10,09:21,11min late,09:51,13min early,1h 30m,Landed
2026-05-15,IN640,LKN640,NAM Air,Tambolaka,TMC,WADT,09:10,01:10,09:34,24min late,10:17,7min late,42m,Landed
2026-05-15,ID6324,BTK6324,Batik Air,Tambolaka,TMC,WADT,09:10,01:10,09:18,8min late,10:03,16min early,45m,Landed
2026-05-15,SJ740,,Sriwijaya Air,Waingapu,WGP,WADW,09:10,01:10,09:10,,10:30,,1h 20m,Landed
2026-05-15,8B5105,TNU5105,TransNusa,Jakarta,CGK,WIII,09:15,01:15,09:16,1min late,09:40,19min early,1h 24m,Landed
2026-05-15,IW1848,WON1848,Wings Air,Lombok,LOP,WADL,09:25,01:25,10:41,16min late,11:05,50min late,23m,Landed
2026-05-15,ID6007,BTK6007,Batik Air,Perth,PER,YPPH,09:30,01:30,09:43,13min late,13:09,5min early,3h 26m,Landed
2026-05-15,8B5634,TNU5634,TransNusa,Bima,BMU,WADB,09:35,01:35,10:00,25min late,10:46,11min late,46m,Landed
2026-05-15,8B80,TNU080,TransNusa,Perth,PER,YPPH,09:40,01:40,09:44,4min late,13:21,3min early,3h 36m,Landed
2026-05-15,QG197,CTV197,Citilink,Jakarta,HLP,WIHH,09:45,01:45,09:47,2min late,10:13,26min early,1h 25m,Landed
2026-05-15,IU137,SJV137,SW Italia,Kupang,KOE,WATT,10:00,02:00,10:13,13min late,11:32,17min early,1h 18m,Landed
2026-05-15,IU122,SJV122,SW Italia,Yogyakarta,YIA,WAHI,10:00,02:00,10:51,51min late,10:56,26min late,1h 4m,Landed
2026-05-15,SQ935,SIA935,Singapore Airlines,Singapore,SIN,WSSS,10:05,02:05,10:12,7min late,12:23,21min early,2h 11m,Landed
2026-05-15,SU297,AFL297,Aeroflot,Moscow,SVO,UUEE,10:05,02:05,10:18,13min late,17:27,47min early,12h 8m,Landed
2026-05-15,8B553,TNU553,Business Air,Singapore,SIN,WSSS,10:20,02:20,10:25,5min late,12:43,31min early,2h 18m,Landed
2026-05-15,8B5101,TNU5101,TransNusa,Jakarta,CGK,WIII,10:25,02:25,10:59,34min late,11:25,10min late,1h 26m,Landed
2026-05-15,JT805,LNI805,Lion Air,Surabaya,SUB,WARR,10:35,02:35,10:35,on time,10:28,6min early,53m,Landed
2026-05-15,8G182,DTL182,Mid Africa Aviation,Dili,DIL,WPDL,10:35,02:35,10:46,11min late,13:25,4min early,1h 39m,Landed
2026-05-15,JT31,LNI031,Lion Air,Jakarta,CGK,WIII,11:05,03:05,11:18,13min late,11:45,14min early,1h 26m,Landed
2026-05-15,JQ126,JST126,Jetstar Airways,Adelaide,ADL,YPAD,11:15,03:15,11:40,25min late,17:32,2min late,4h 21m,Landed
2026-05-15,6E1606,IGO1606,IndiGo,Bangalore,BLR,VOBL,11:20,03:20,11:22,2min late,14:56,13min early,6h 4m,Landed
2026-05-15,TR281,TGW281,Scoot,Singapore,SIN,WSSS,11:20,03:20,11:52,32min late,14:19,9min late,2h 27m,Landed
2026-05-15,QZ646,AWQ646,Indonesia AirAsia,Labuan Bajo,LBJ,WATO,11:25,03:25,11:34,9min late,12:26,13min early,52m,Landed
2026-05-15,IW1964,WON1964,Wings Air,Lombok,LOP,WADL,11:40,03:40,12:14,34min late,12:39,9min late,25m,Landed
2026-05-15,JQ109,JST109,Jetstar Airways,Perth,PER,YPPH,11:40,03:40,12:40,0min late,16:02,37min late,3h 22m,Landed
2026-05-15,ID6331,BTK6331,Batik Air,Labuan Bajo,LBJ,WATO,11:45,03:45,12:01,16min late,12:55,4min early,53m,Landed
2026-05-15,GA407,GIA407,Garuda Indonesia,Jakarta,CGK,WIII,11:55,03:55,12:07,12min late,12:34,20min early,1h 26m,Landed
2026-05-15,OD192,MXD192,Malindo Air,Kuala Lumpur,KUL,WMKK,11:55,03:55,12:09,14min late,15:08,3min late,2h 58m,Landed
2026-05-15,QZ544,AWQ544,Indonesia AirAsia,Perth,PER,YPPH,12:00,04:00,12:20,20min late,15:54,4min late,3h 33m,Landed
2026-05-15,JQ1038,JST1038,Jetstar Airways,Sydney,SYD,YSSY,12:00,04:00,12:25,25min late,19:41,6min late,5h 15m,Landed
2026-05-15,GA253,GIA253,Garuda Indonesia,Yogyakarta,YIA,WAHI,12:05,04:05,12:36,31min late,12:49,5min early,1h 13m,Landed
2026-05-15,JQ32,,Jetstar Airways,Melbourne,MEL,YMML,12:05,04:05,,,,,5h 35m,Cancelled
2026-05-15,SQ937,SIA937,Singapore Airlines,Singapore,SIN,WSSS,12:10,04:10,12:33,23min late,14:49,5min early,2h 16m,Landed
2026-05-15,SJ742,,Sriwijaya Air,Tambolaka,TMC,WADT,12:10,04:10,12:10,,13:10,,1h 0m,Landed
2026-05-15,JQ40,JST040,Jetstar Airways,Sydney,SYD,YSSY,12:20,04:20,12:44,24min late,20:02,12min early,5h 17m,Landed
2026-05-15,OD178,MXD178,Malindo Air,Kuala Lumpur,KUL,WMKK,12:25,04:25,12:46,21min late,15:33,1min early,2h 46m,Landed
2026-05-15,8B5254,TNU5254,TransNusa,Lombok,LOP,WADL,12:40,04:40,13:27,47min late,13:50,30min late,23m,Landed
2026-05-15,IP103,PAS103,Pelita Air Service,Jakarta,CGK,WIII,12:45,04:45,12:59,14min late,13:28,11min early,1h 29m,Landed
2026-05-15,OD158,MXD158,Malindo Air,Kuala Lumpur,KUL,WMKK,12:45,04:45,13:01,16min late,15:49,5min early,2h 48m,Landed
2026-05-15,OD307,MXD307,Malindo Air,Kuala Lumpur,KUL,WMKK,13:00,05:00,13:45,45min late,16:29,29min late,2h 44m,Landed
2026-05-15,AK365,AXM365,AirAsia,Kuala Lumpur,KUL,WMKK,13:00,05:00,13:07,7min late,16:00,4min early,2h 53m,Landed
2026-05-15,ID6509,BTK6509,Batik Air,Jakarta,CGK,WIII,13:00,05:00,13:23,23min late,13:49,5min early,1h 25m,Landed
2026-05-15,MH714,MAS714,Malaysia Airlines,Kuala Lumpur,KUL,WMKK,13:05,05:05,13:29,24min late,16:19,19min late,2h 50m,Landed
2026-05-15,OD172,MXD172,Malindo Air,Kuala Lumpur,KUL,WMKK,13:10,05:10,13:09,on time,16:02,17min early,2h 52m,Landed
2026-05-15,SQ939,SIA939,Singapore Airlines,Singapore,SIN,WSSS,13:15,05:15,13:37,22min late,15:57,2min early,2h 19m,Landed
2026-05-15,JT35,,Lion Air,Jakarta,CGK,WIII,13:15,05:15,,,,,1h 55m,Cancelled
2026-05-15,JQ58,JST058,Jetstar Airways,Brisbane,BNE,YBBN,13:15,05:15,13:41,26min late,20:50,4min early,5h 9m,Landed
2026-05-15,GA409,GIA409,Garuda Indonesia,Jakarta,CGK,WIII,13:25,05:25,13:34,9min late,14:02,22min early,1h 27m,Landed
2026-05-15,SL259,TLM259,Thai Lion Air,Bangkok,DMK,VTBD,13:25,05:25,13:58,33min late,17:05,15min late,4h 6m,Landed
2026-05-15,JT660,LNI660,Lion Air,Balikpapan,BPN,WALL,13:30,05:30,13:46,16min late,15:05,9min early,1h 18m,Landed
2026-05-15,GA842,GIA842,Garuda Indonesia,Singapore,SIN,WSSS,13:40,05:40,13:54,14min late,16:13,11min early,2h 19m,Landed
2026-05-15,QG687,CTV687,Citilink,Jakarta,CGK,WIII,13:45,05:45,13:51,6min late,14:19,20min early,1h 28m,Landed
2026-05-15,8B5107,TNU5107,TransNusa,Jakarta,CGK,WIII,13:50,05:50,17:44,54min late,18:14,34min late,1h 30m,Landed
2026-05-15,JT919,LNI919,Lion Air,Surabaya,SUB,WARR,13:55,05:55,14:02,7min late,13:45,9min early,43m,Landed
2026-05-15,VJ894,VJC894,VietJet Air,Ho Chi Minh City,SGN,VVTS,14:05,06:05,14:08,3min late,16:33,21min early,3h 25m,Landed
2026-05-15,TR289,TGW289,Scoot,Singapore,SIN,WSSS,14:05,06:05,14:19,14min late,16:30,25min early,2h 10m,Landed
2026-05-15,ID6517,BTK6517,Batik Air,Jakarta,CGK,WIII,14:15,06:15,14:43,28min late,15:11,1min late,1h 28m,Landed
2026-05-15,ID7308,BTK7308,Batik Air,Jakarta,HLP,WIHH,14:20,06:20,14:40,20min late,15:05,4min early,1h 25m,Landed
2026-05-15,GA653,GIA653,Garuda Indonesia,Jakarta,CGK,WIII,14:30,06:30,14:55,25min late,15:29,on time,1h 33m,Landed
2026-05-15,AI2148,AIC2148,Air India,Delhi,DEL,VIDP,14:35,06:35,14:49,14min late,19:47,7min late,7h 28m,Landed
2026-05-15,JT33,,Lion Air,Jakarta,CGK,WIII,14:45,06:45,,,,,1h 55m,Cancelled
2026-05-15,QG681,CTV681,Citilink,Jakarta,CGK,WIII,14:45,06:45,14:41,3min early,15:20,34min early,1h 38m,Landed
2026-05-15,JQ88,JST088,Jetstar Airways,Singapore,SIN,WSSS,14:55,06:55,17:20,25min late,19:32,32min late,2h 12m,Landed
2026-05-15,JT844,LNI844,Lion Air,Banjarmasin,BDJ,WAOO,15:00,07:00,15:04,4min late,16:07,22min early,1h 3m,Landed
2026-05-15,JQ107,JST107,Jetstar Airways,Perth,PER,YPPH,15:00,07:00,15:16,16min late,18:39,10min early,3h 23m,Landed
2026-05-15,QG342,CTV342,Citilink,Makassar,UPG,WAAA,15:00,07:00,15:07,7min late,16:24,5min early,1h 16m,Landed
2026-05-15,JQ44,JST044,Jetstar Airways,Melbourne,MEL,YMML,15:10,07:10,01:32,22min late,08:36,51min late,5h 4m,Landed
2026-05-15,VA50,VOZ050,Virgin Australia,Brisbane,BNE,YBBN,15:15,07:15,15:18,3min late,22:29,35min early,5h 11m,Landed
2026-05-15,8B82,TNU082,TransNusa,Perth,PER,YPPH,15:20,07:20,15:54,34min late,19:25,15min late,3h 30m,Landed
2026-05-15,AK377,AXM377,AirAsia,Kuala Lumpur,KUL,WMKK,15:25,07:25,15:29,4min late,18:20,9min early,2h 51m,Landed
2026-05-15,QG669,CTV669,Citilink,Surabaya,SUB,WARR,15:30,07:30,15:44,14min late,15:27,12min early,42m,Landed
2026-05-15,JT740,LNI740,Lion Air,Makassar,UPG,WAAA,15:30,07:30,15:36,6min late,07:35,40min late,15h 59m,Landed
2026-05-15,IP109,PAS109,Pelita Air Service,Jakarta,CGK,WIII,15:35,07:35,15:48,13min late,16:17,7min early,1h 28m,Landed
2026-05-15,SJ717,,Sriwijaya Air,Makassar,UPG,WAAA,15:40,07:40,15:40,,17:00,,1h 20m,Landed
2026-05-15,IW1850,WON1850,Wings Air,Lombok,LOP,WADL,15:40,07:40,16:01,21min late,16:25,4min early,24m,Landed
2026-05-15,GA411,GIA411,Garuda Indonesia,Jakarta,CGK,WIII,15:45,07:45,15:52,7min late,16:31,13min early,1h 38m,Landed
2026-05-15,VA92,VOZ092,Virgin Australia,Melbourne,MEL,YMML,15:50,07:50,16:23,33min late,23:31,6min late,5h 8m,Landed
2026-05-15,8B5256,TNU5256,TransNusa,Lombok,LOP,WADL,15:55,07:55,15:58,3min late,16:18,31min early,19m,Landed
2026-05-15,CI772,CAL772,China Airlines,Taipei,TPE,RCTP,15:55,07:55,16:04,9min late,20:55,24min early,4h 50m,Landed
2026-05-15,VN640,HVN640,Vietnam Airlines,Ho Chi Minh City,SGN,VVTS,16:00,08:00,16:11,11min late,18:30,9min early,3h 19m,Landed
2026-05-15,QZ246,AWQ246,Indonesia AirAsia,Phuket,HKT,VTSP,16:10,08:10,16:13,3min late,18:43,26min early,3h 30m,Landed
2026-05-15,CX784,CPA784,Cathay Pacific,Hong Kong,HKG,VHHH,16:15,08:15,17:18,3min late,21:34,9min late,4h 15m,Landed
2026-05-15,MH850,MAS850,Malaysia Airlines,Kuala Lumpur,KUL,WMKK,16:25,08:25,16:37,12min late,19:18,16min early,2h 41m,Landed
2026-05-15,IW1852,WON1852,Wings Air,Lombok,LOP,WADL,16:30,08:30,16:33,3min late,16:56,23min early,23m,Landed
2026-05-15,BR256,EVA256,EVA Airways,Taipei,TPE,RCTP,16:30,08:30,16:40,10min late,21:29,30min early,4h 49m,Landed
2026-05-15,AK369,AXM369,AirAsia,Kuala Lumpur,KUL,WMKK,16:40,08:40,16:44,4min late,19:27,17min early,2h 42m,Landed
2026-05-15,JT744,,Lion Air,Makassar,UPG,WAAA,16:40,08:40,,,,,1h 25m,Cancelled
2026-05-15,IU703,SJV703,SW Italia,Surabaya,SUB,WARR,16:40,08:40,16:49,9min late,16:27,12min early,38m,Landed
2026-05-15,GA2554,,Garuda Indonesia,Yogyakarta,YIA,WAHI,16:45,08:45,,,,,1h 50m,Cancelled
2026-05-15,HO1356,DKH1356,Juneyao Airlines,Shanghai,PVG,ZSPD,16:50,08:50,17:00,10min late,23:08,26min early,6h 8m,Landed
2026-05-15,TG432,THA432,Thai Airways International,Bangkok,BKK,VTBS,16:55,08:55,16:52,2min early,19:42,22min early,3h 50m,Landed
2026-05-15,GA349,GIA349,Garuda Indonesia,Surabaya,SUB,WARR,16:55,08:55,17:15,20min late,16:58,11min early,43m,Landed
2026-05-15,IU273,SJV273,SW Italia,Pontianak,PNK,WIOO,17:00,09:00,17:41,41min late,18:19,14min late,1h 37m,Landed
2026-05-15,ID6335,BTK6335,Batik Air,Labuan Bajo,LBJ,WATO,17:00,09:00,17:24,24min late,10:06,51min late,16h 42m,Landed
2026-05-15,JT23,LNI023,Lion Air,Jakarta,CGK,WIII,17:15,09:15,17:35,20min late,18:07,2min early,1h 31m,Landed
2026-05-15,GA419,GIA419,Garuda Indonesia,Jakarta,CGK,WIII,17:25,09:25,17:46,21min late,18:26,1min late,1h 39m,Landed
2026-05-15,VJ998,VJC998,VietJet Air,Hanoi,HAN,VVNB,17:30,09:30,17:31,1min late,00:46,11min late,8h 15m,Landed
2026-05-15,TR243,TGW243,Scoot,Singapore,SIN,WSSS,17:35,09:35,18:13,38min late,20:35,10min late,2h 22m,Landed
2026-05-15,IP107,,Pelita Air Service,Jakarta,CGK,WIII,17:40,09:40,17:40,,18:30,,1h 50m,Landed
2026-05-15,NZ291,ANZ291,Air New Zealand,Auckland,AKL,NZAA,17:50,09:50,18:02,12min late,05:27,2min early,7h 25m,Landed
2026-05-15,QZ821,AWQ821,Indonesia AirAsia,Jakarta,CGK,WIII,18:00,10:00,18:07,7min late,18:35,14min early,1h 28m,Landed
2026-05-15,6E1608,IGO1608,IndiGo,Chennai,MAA,VOMM,18:00,10:00,16:25,34min early,21:13,21min early,7h 18m,Landed
2026-05-15,IU126,SJV126,SW Italia,Surakarta,SOC,WAHQ,18:10,10:10,18:10,on time,18:04,25min early,54m,Landed
2026-05-15,OD193,MXD193,Malindo Air,Perth,PER,YPPH,18:10,10:10,19:49,39min late,23:23,38min late,3h 33m,Landed
2026-05-15,ID6552,BTK6552,Batik Air,Kupang,KOE,WATT,18:25,10:25,18:27,2min late,19:47,27min early,1h 19m,Landed
2026-05-15,IN281,LKN281,NAM Air,Jakarta,CGK,WIII,18:30,10:30,18:51,21min late,19:25,15min late,1h 34m,Landed
2026-05-15,GA417,GIA417,Garuda Indonesia,Jakarta,CGK,WIII,18:30,10:30,18:54,24min late,19:32,2min late,1h 37m,Landed
2026-05-15,QR963,QTR963,Qatar Airways,Doha,DOH,OTHH,18:35,10:35,18:35,on time,08:24,44min late,18h 48m,Landed
2026-05-15,EY477,ETD477,Etihad Airways,Abu Dhabi,AUH,OMAA,18:45,10:45,18:56,11min late,23:36,3min early,8h 40m,Landed
2026-05-15,CX782,CPA782,Cathay Pacific,Hong Kong,HKG,VHHH,18:50,10:50,20:12,22min late,00:49,44min late,4h 37m,Landed
2026-05-15,8B5258,TNU5258,Business Air,Lombok,LOP,WADL,18:55,10:55,18:20,34min early,18:40,54min early,19m,Landed
2026-05-15,QG689,CTV689,Citilink,Jakarta,CGK,WIII,18:55,10:55,19:10,15min late,19:42,12min early,1h 32m,Landed
2026-05-15,TG440,THA440,Thai Airways International,Bangkok,BKK,VTBS,19:00,11:00,19:07,7min late,22:03,6min early,3h 55m,Landed
2026-05-15,6E1612,IGO1612,IndiGo,Bhubaneswar,BBI,VEBS,19:10,11:10,19:13,3min late,22:16,33min early,5h 33m,Landed
2026-05-15,MH852,MAS852,Malaysia Airlines,Kuala Lumpur,KUL,WMKK,19:20,11:20,19:19,on time,22:22,2min late,3h 2m,Landed
2026-05-15,QG699,CTV699,Citilink,Surabaya,SUB,WARR,19:25,11:25,19:29,4min late,19:24,15min early,54m,Landed
2026-05-15,AK379,AXM379,AirAsia,Kuala Lumpur,KUL,WMKK,19:45,11:45,20:26,41min late,23:20,30min late,2h 54m,Landed
2026-05-15,EK369,UAE369,Emirates,Dubai,DXB,OMDB,19:45,11:45,20:05,20min late,00:33,16min early,8h 28m,Landed
2026-05-15,IU133,SJV133,SW Italia,Semarang,SRG,WIIS,19:50,11:50,20:08,18min late,20:16,6min late,1h 7m,Landed
2026-05-15,8B969,,TransNusa,Guangzhou,CAN,ZGGG,19:50,11:50,20:49,59min late,01:05,,5h 15m,Landed
2026-05-15,GA421,GIA421,Garuda Indonesia,Jakarta,CGK,WIII,19:50,11:50,19:56,6min late,20:33,16min early,1h 37m,Landed
2026-05-15,JT923,,Lion Air,Surabaya,SUB,WARR,19:55,11:55,,,,,1h 0m,Cancelled
2026-05-15,SQ945,SIA945,Singapore Airlines,Singapore,SIN,WSSS,20:00,12:00,20:16,16min late,22:26,14min early,2h 9m,Landed
2026-05-15,QG697,CTV697,Citilink,Surabaya,SUB,WARR,20:25,12:25,20:25,on time,20:10,14min early,45m,Landed
2026-05-15,ID6415,BTK6415,Batik Air,Surabaya,SUB,WARR,20:30,12:30,20:42,12min late,20:27,2min early,45m,Landed
2026-05-15,GA415,GIA415,Garuda Indonesia,Jakarta,CGK,WIII,20:40,12:40,20:52,12min late,21:27,12min early,1h 34m,Landed
2026-05-15,KL836,KLM836,KLM Royal Dutch Airlines,Singapore,SIN,WSSS,20:45,12:45,17:22,22min early,23:12,12min early,5h 50m,Landed
2026-05-15,TK67,THY067,Turkish Airlines,Istanbul,IST,LTFM,20:45,12:45,21:41,56min late,10:21,36min late,17h 40m,Landed
2026-05-15,IP105,,Pelita Air Service,Jakarta,CGK,WIII,20:50,12:50,20:50,,21:40,,1h 50m,Landed
2026-05-15,QG667,CTV667,Citilink,Jakarta,CGK,WIII,21:10,13:10,21:31,21min late,22:10,on time,1h 39m,Landed
2026-05-15,QZ410,AWQ410,Indonesia AirAsia,Melbourne,MEL,YMML,21:15,13:15,21:42,27min late,04:55,4min early,5h 12m,Landed
2026-05-15,JT15,LNI015,Lion Air,Jakarta,CGK,WIII,21:15,13:15,21:59,44min late,22:27,17min late,1h 27m,Landed
2026-05-15,JQ34,JST034,Jetstar Airways,Melbourne,MEL,YMML,21:20,13:20,21:55,35min late,04:59,4min late,5h 4m,Landed
2026-05-15,JQ117,JST117,Jetstar Airways,Perth,PER,YPPH,21:30,13:30,22:18,48min late,01:56,36min late,3h 37m,Landed
2026-05-15,SJ273,SJY273,Sriwijaya Air,Jakarta,CGK,WIII,21:35,13:35,20:25,9min early,23:33,18min late,4h 8m,Landed
2026-05-15,SQ947,SIA947,Singapore Airlines,Singapore,SIN,WSSS,21:40,13:40,22:03,23min late,00:20,5min late,2h 17m,Landed
2026-05-15,GA425,GIA425,Garuda Indonesia,Jakarta,CGK,WIII,21:40,13:40,21:50,10min late,22:18,26min early,1h 27m,Landed
2026-05-15,SV857,SVA857,Saudi Arabian Airlines,Singapore,SIN,WSSS,21:55,13:55,21:55,on time,00:29,on time,2h 34m,Landed
2026-05-15,JQ60,JST060,Jetstar Airways,Brisbane,BNE,YBBN,22:10,14:10,14:43,26min early,05:25,19min early,12h 41m,Landed
2026-05-15,AK375,AXM375,AirAsia,Kuala Lumpur,KUL,WMKK,22:15,14:15,22:28,13min late,01:13,6min early,2h 44m,Landed
2026-05-15,OD171,MXD171,Malindo Air,Sydney,SYD,YSSY,22:15,14:15,18:15,59min early,06:03,1min early,9h 47m,Landed
2026-05-15,QF44,QFA044,Qantas,Sydney,SYD,YSSY,22:20,14:20,22:23,3min late,06:07,2min early,5h 44m,Landed
2026-05-15,JQ38,JST038,Jetstar Airways,Sydney,SYD,YSSY,22:35,14:35,14:26,8min early,06:25,4min early,13h 58m,Landed
2026-05-15,7C5304,JJA5304,Jeju Air,Seoul,ICN,RKSI,22:45,14:45,23:05,20min late,07:05,9min early,7h 0m,Landed
2026-05-15,JQ91,JST091,Jetstar Airways,Cairns,CNS,YBCS,23:00,15:00,23:01,1min late,05:25,4min early,4h 24m,Landed
2026-05-15,VA96,VOZ096,Virgin Australia,Melbourne,MEL,YMML,23:05,15:05,00:01,56min late,06:57,17min late,4h 55m,Landed
2026-05-15,QF46,QFA046,Qantas,Melbourne,MEL,YMML,23:05,15:05,00:12,7min late,07:18,38min late,5h 5m,Landed
2026-05-15,8B5109,TNU5109,TransNusa,Jakarta,CGK,WIII,23:10,15:10,23:24,14min late,23:54,4min late,1h 29m,Landed
2026-05-15,3U3986,CSC3986,Sichuan Airlines,Lujia Town,TFU,ZUTF,23:10,15:10,23:18,8min late,09:26,56min late,10h 7m,Landed
2026-05-15,VA82,VOZ082,Virgin Australia,Gold Coast,OOL,YBCG,23:20,15:20,00:03,43min late,07:19,24min late,5h 15m,Landed
2026-05-15,GA714,GIA714,Garuda Indonesia,Sydney,SYD,YSSY,23:25,15:25,23:33,8min late,06:59,10min early,5h 25m,Landed
2026-05-15,JQ50,JST050,Jetstar Airways,Melbourne,AVV,YMAV,23:25,15:25,00:07,42min late,07:06,6min late,4h 59m,Landed
2026-05-15,VA68,VOZ068,Virgin Australia,Sydney,SYD,YSSY,23:35,15:35,00:21,46min late,07:57,22min late,5h 36m,Landed
2026-05-15,QZ420,AWQ420,Indonesia AirAsia,Adelaide,ADL,YPAD,23:45,15:45,00:14,29min late,06:27,2min late,4h 43m,Landed
2026-05-15,KE432,KAL432,Korean Air Lines,Seoul,ICN,RKSI,23:45,15:45,23:55,10min late,07:29,25min early,6h 33m,Landed
2026-05-15,JQ87,JST087,Jetstar Airways,Sunshine Coast,MCY,YBSU,23:50,15:50,00:50,0min late,07:55,25min late,5h 5m,Landed
2026-05-15,JQ128,JST128,Jetstar Airways,Adelaide,ADL,YPAD,23:55,15:55,00:25,30min late,06:23,13min late,4h 28m,Landed
2026-05-16,BX602,ABL602,Air Busan,Busan,PUS,RKPK,00:05,16:05,00:18,13min late,07:52,7min early,6h 33m,Landed
2026-05-16,GA880,GIA880,Garuda Indonesia,Tokyo,NRT,RJAA,00:20,16:20,00:42,22min late,08:37,12min early,6h 54m,Landed
2026-05-16,8B84,,Business Air,Perth,PER,YPPH,00:20,16:20,00:20,,04:05,,3h 45m,Landed
2026-05-16,MF892,CXA892,Xiamen Airlines,Xiamen,XMN,ZSAM,00:30,16:30,00:20,9min early,05:36,28min early,5h 16m,Landed
2026-05-16,QR961,QTR961,Qatar Airways,Doha,DOH,OTHH,00:35,16:35,00:37,2min late,04:31,8min early,8h 53m,Landed
2026-05-16,EK399,UAE399,Emirates,Dubai,DXB,OMDB,00:35,16:35,00:40,5min late,05:08,26min early,8h 28m,Landed
2026-05-16,CZ626,CSN626,China Southern Airlines,Guangzhou,CAN,ZGGG,00:40,16:40,00:23,16min early,05:17,37min early,4h 53m,Landed
2026-05-16,PR538,PAL538,Philippine Airlines,Manila,MNL,RPLL,00:55,16:55,01:03,8min late,04:48,11min early,3h 44m,Landed
2026-05-16,MU5030,CES5030,China Eastern Airlines,Shanghai,PVG,ZSPD,00:55,16:55,01:12,17min late,07:41,18min early,6h 29m,Landed
2026-05-16,5J282,CEB282,CEBU Pacific Air,Manila,MNL,RPLL,01:00,17:00,01:03,3min late,04:49,30min early,3h 46m,Landed
2026-05-16,SJ726,,Sriwijaya Air,Makassar,UPG,WAAA,01:00,17:00,01:00,,02:20,,1h 20m,Landed
2026-05-16,GA652,GIA652,Garuda Indonesia,Timika,TIM,WABP,01:05,17:05,01:10,5min late,05:39,5min early,3h 29m,Landed
2026-05-16,KE434,KAL434,Korean Air Lines,Seoul,ICN,RKSI,01:10,17:10,01:21,11min late,08:50,34min early,6h 28m,Landed
2026-05-16,8B5888,TNU5888,TransNusa,Manado,MDC,WAMM,01:30,17:30,01:35,5min late,04:00,,2h 30m,Landed
2026-05-16,JT944,,Lion Air,Makassar,UPG,WAAA,07:00,23:00,07:00,on time,08:21,3min early,1h 21m,Landed
2026-05-16,JQ111,JST111,Jetstar Airways,Perth,PER,YPPH,07:00,23:00,07:03,3min late,10:29,15min early,3h 26m,Landed
2026-05-16,IU705,SJV705,SW Italia,Surabaya,SUB,WARR,07:00,23:00,07:08,8min late,06:44,15min early,35m,Landed
2026-05-16,JT746,LNI746,Lion Air,Makassar,UPG,WAAA,07:00,23:00,07:00,on time,11:59,34min late,4h 58m,Landed
2026-05-16,GA401,GIA401,Garuda Indonesia,Jakarta,CGK,WIII,07:00,23:00,07:25,25min late,07:56,3min early,1h 31m,Landed
2026-05-16,QZ807,AWQ807,Indonesia AirAsia,Jakarta,CGK,WIII,07:00,23:00,07:38,38min late,08:01,1min late,1h 23m,Landed
2026-05-16,JQ82,JST082,Jetstar Airways,Darwin,DRW,YPDN,07:00,23:00,07:06,6min late,10:53,21min early,2h 16m,Landed
2026-05-16,QZ534,AWQ534,Indonesia AirAsia,Perth,PER,YPPH,07:05,23:05,07:23,18min late,10:59,on time,3h 36m,Landed
2026-05-16,QZ644,AWQ644,Indonesia AirAsia,Labuan Bajo,LBJ,WATO,07:10,23:10,07:17,7min late,08:13,1min early,55m,Landed
2026-05-16,SQ949,SIA949,Singapore Airlines,Singapore,SIN,WSSS,07:15,23:15,07:24,9min late,09:40,19min early,2h 16m,Landed
2026-05-16,8B5250,TNU5250,Business Air,Lombok,LOP,WADL,07:15,23:15,07:20,5min late,07:43,11min early,23m,Landed
2026-05-16,8B551,,Business Air,Singapore,SIN,WSSS,07:30,23:30,07:30,,09:55,,2h 25m,Landed
2026-05-16,ID6333,BTK6333,Batik Air,Labuan Bajo,LBJ,WATO,07:55,23:55,08:02,7min late,09:00,9min early,57m,Landed
2026-05-16,JT21,LNI021,Lion Air,Jakarta,CGK,WIII,08:05,00:05,08:11,6min late,08:38,21min early,1h 27m,Landed
2026-05-16,HX706,CRK706,Hong Kong Airlines,Hong Kong,HKG,VHHH,08:05,00:05,09:11,6min late,13:48,28min late,4h 37m,Landed
2026-05-16,AI2146,AIC2146,Air India,Delhi,DEL,VIDP,08:25,00:25,09:14,49min late,14:11,21min late,7h 27m,Landed
2026-05-16,5J280,CEB280,CEBU Pacific Air,Manila,MNL,RPLL,08:35,00:35,08:51,16min late,12:21,33min early,3h 30m,Landed
2026-05-16,CZ8482,CSN8482,China Southern Airlines,Guangzhou,CAN,ZGGG,08:40,00:40,09:30,50min late,14:17,27min late,4h 46m,Landed
2026-05-16,IW1854,WON1854,Wings Air,Lombok,LOP,WADL,08:45,00:45,09:20,35min late,09:46,11min late,26m,Landed
2026-05-16,IW1882,WON1882,Wings Air,Sumbawa Besar,SWQ,WADS,08:55,00:55,08:55,on time,09:38,21min early,42m,Landed
2026-05-16,QG500,CTV500,Citilink,Dili,DIL,WPDL,09:00,01:00,08:54,5min early,11:29,35min early,1h 35m,Landed
2026-05-16,QG691,CTV691,Citilink,Surabaya,SUB,WARR,09:05,01:05,09:02,2min early,08:43,31min early,41m,Landed
2026-05-16,ID6324,BTK6324,Batik Air,Tambolaka,TMC,WADT,09:10,01:10,10:08,58min late,10:16,3min early,7m,Landed
2026-05-16,IN640,LKN640,NAM Air,Tambolaka,TMC,WADT,09:10,01:10,09:26,16min late,10:10,on time,44m,Landed
2026-05-16,8B5105,TNU5105,TransNusa,Jakarta,CGK,WIII,09:15,01:15,09:32,17min late,10:01,1min late,1h 29m,Landed
2026-05-16,IW1848,,Wings Air,Lombok,LOP,WADL,09:25,01:25,,,,,50m,Cancelled
2026-05-16,8B5634,TNU5634,TransNusa,Bima,BMU,WADB,09:35,01:35,09:40,5min late,10:27,7min early,47m,Landed
2026-05-16,8B80,TNU080,Business Air,Perth,PER,YPPH,09:40,01:40,09:46,6min late,13:14,10min early,3h 27m,Landed
2026-05-16,IU122,SJV122,SW Italia,Yogyakarta,YIA,WAHI,10:00,02:00,10:13,13min late,10:22,7min early,1h 9m,Landed
2026-05-16,SQ935,SIA935,Singapore Airlines,Singapore,SIN,WSSS,10:05,02:05,10:10,5min late,12:28,16min early,2h 18m,Landed
2026-05-16,8B553,TNU553,Business Air,Singapore,SIN,WSSS,10:20,02:20,10:30,10min late,12:56,18min early,2h 25m,Landed
2026-05-16,QG9193,CTV9193,Citilink,Jakarta,HLP,WIHH,10:25,02:25,11:02,37min late,11:32,12min late,1h 30m,Landed
2026-05-16,8B5101,TNU5101,Business Air,Jakarta,CGK,WIII,10:25,02:25,10:43,18min late,11:10,4min early,1h 27m,Landed
2026-05-16,8G182,DTL182,Mid Africa Aviation,Dili,DIL,WPDL,10:35,02:35,11:04,29min late,13:46,16min late,1h 42m,Landed
2026-05-16,JT805,LNI805,Lion Air,Surabaya,SUB,WARR,10:35,02:35,10:48,13min late,10:30,4min early,41m,Landed
2026-05-16,JT31,LNI031,Lion Air,Jakarta,CGK,WIII,11:05,03:05,11:16,11min late,11:43,16min early,1h 26m,Landed
2026-05-16,IW1856,WON1856,Wings Air,Lombok,LOP,WADL,11:10,03:10,11:58,48min late,12:23,23min late,25m,Landed
2026-05-16,JQ126,JST126,Jetstar Airways,Adelaide,ADL,YPAD,11:15,03:15,12:04,49min late,18:02,32min late,4h 27m,Landed
2026-05-16,6E1606,IGO1606,IndiGo,Bangalore,BLR,VOBL,11:20,03:20,11:21,1min late,14:40,29min early,5h 48m,Landed
2026-05-16,TR281,TGW281,Scoot,Singapore,SIN,WSSS,11:20,03:20,11:29,9min late,13:45,25min early,2h 15m,Landed
2026-05-16,QZ646,AWQ646,Indonesia AirAsia,Labuan Bajo,LBJ,WATO,11:25,03:25,11:25,on time,12:18,21min early,53m,Landed
2026-05-16,JQ109,JST109,Jetstar Airways,Perth,PER,YPPH,11:40,03:40,12:16,36min late,15:33,8min late,3h 17m,Landed
2026-05-16,IW1964,WON1964,Wings Air,Lombok,LOP,WADL,11:40,03:40,12:20,40min late,12:43,13min late,23m,Landed
2026-05-16,AK371,AXM371,AirAsia,Kuala Lumpur,KUL,WMKK,11:40,03:40,11:46,6min late,14:46,1min late,3h 0m,Landed
2026-05-16,ID6331,BTK6331,Batik Air,Labuan Bajo,LBJ,WATO,11:45,03:45,11:53,8min late,12:51,8min early,57m,Landed
2026-05-16,IW1850,WON1850,Wings Air,Lombok,LOP,WADL,11:50,03:50,12:05,15min late,12:29,10min early,24m,Landed
2026-05-16,QZ809,AWQ809,Indonesia AirAsia,Jakarta,CGK,WIII,11:55,03:55,12:36,41min late,13:06,16min late,1h 30m,Landed
2026-05-16,GA407,GIA407,Garuda Indonesia,Jakarta,CGK,WIII,11:55,03:55,12:23,28min late,13:11,16min late,1h 47m,Landed
2026-05-16,OD192,MXD192,Malindo Air,Kuala Lumpur,KUL,WMKK,11:55,03:55,12:13,18min late,14:55,9min early,2h 42m,Landed
2026-05-16,QZ544,AWQ544,Indonesia AirAsia,Perth,PER,YPPH,12:00,04:00,12:33,33min late,16:00,10min late,3h 27m,Landed
2026-05-16,GA253,GIA253,Garuda Indonesia,Yogyakarta,YIA,WAHI,12:05,04:05,12:49,44min late,13:07,12min late,1h 17m,Landed
2026-05-16,JQ32,JST032,Jetstar Airways,Melbourne,MEL,YMML,12:05,04:05,12:40,35min late,19:41,1min late,5h 0m,Landed
2026-05-16,SQ937,SIA937,Singapore Airlines,Singapore,SIN,WSSS,12:10,04:10,12:32,22min late,14:52,3min early,2h 19m,Landed
2026-05-16,SJ7420,,Sriwijaya Air,Tambolaka,TMC,WADT,12:10,04:10,12:10,,13:10,,1h 0m,Landed
2026-05-16,JQ40,JST040,Jetstar Airways,Sydney,SYD,YSSY,12:20,04:20,13:28,8min late,20:45,30min late,5h 16m,Landed
2026-05-16,8B5254,TNU5254,TransNusa,Lombok,LOP,WADL,12:40,04:40,13:07,27min late,13:28,8min late,20m,Landed
2026-05-16,IP103,PAS103,Pelita Air Service,Jakarta,CGK,WIII,12:45,04:45,12:52,7min late,14:09,29min late,2h 17m,Landed
2026-05-16,AK365,AXM365,AirAsia,Kuala Lumpur,KUL,WMKK,13:00,05:00,13:14,14min late,16:01,3min early,2h 46m,Landed
2026-05-16,OD307,MXD307,Malindo Air,Kuala Lumpur,KUL,WMKK,13:00,05:00,13:25,25min late,16:07,7min late,2h 42m,Landed
2026-05-16,ID6509,BTK6509,Batik Air,Jakarta,CGK,WIII,13:00,05:00,13:09,9min late,14:10,15min late,2h 1m,Landed
2026-05-16,MH714,MAS714,Malaysia Airlines,Kuala Lumpur,KUL,WMKK,13:05,05:05,13:37,32min late,16:26,26min late,2h 48m,Landed
2026-05-16,OD172,MXD172,Malindo Air,Kuala Lumpur,KUL,WMKK,13:10,05:10,13:18,8min late,16:01,18min early,2h 42m,Landed
2026-05-16,SQ939,SIA939,Singapore Airlines,Singapore,SIN,WSSS,13:15,05:15,13:32,17min late,15:41,18min early,2h 9m,Landed
2026-05-16,JT35,,Lion Air,Jakarta,CGK,WIII,13:15,05:15,,,,,1h 55m,Cancelled
2026-05-16,JQ58,JST058,Jetstar Airways,Brisbane,BNE,YBBN,13:15,05:15,13:45,30min late,20:53,1min early,5h 7m,Landed
2026-05-16,GA409,GIA409,Garuda Indonesia,Jakarta,CGK,WIII,13:25,05:25,13:41,16min late,14:25,on time,1h 43m,Landed
2026-05-16,JT660,LNI660,Lion Air,Balikpapan,BPN,WALL,13:30,05:30,13:47,17min late,15:03,11min early,1h 16m,Landed
2026-05-16,GA842,GIA842,Garuda Indonesia,Singapore,SIN,WSSS,13:40,05:40,14:05,25min late,16:39,14min late,2h 33m,Landed
2026-05-16,QG687,CTV687,Citilink,Jakarta,CGK,WIII,13:45,05:45,13:57,12min late,14:30,9min early,1h 33m,Landed
2026-05-16,8B5107,TNU5107,Business Air,Jakarta,CGK,WIII,13:50,05:50,14:29,39min late,14:53,13min late,1h 23m,Landed
2026-05-16,JT919,LNI919,Lion Air,Surabaya,SUB,WARR,13:55,05:55,14:18,23min late,06:29,34min late,17h 11m,Landed
2026-05-16,VJ894,VJC894,VietJet Air,Ho Chi Minh City,SGN,VVTS,14:05,06:05,14:15,10min late,16:45,9min early,3h 29m,Landed
2026-05-16,TR289,TGW289,Scoot,Singapore,SIN,WSSS,14:05,06:05,16:42,37min late,18:53,58min late,2h 10m,Landed
2026-05-16,ID6517,BTK6517,Batik Air,Jakarta,CGK,WIII,14:15,06:15,15:11,56min late,15:40,30min late,1h 29m,Landed
2026-05-16,ID7308,BTK7308,Batik Air,Jakarta,HLP,WIHH,14:20,06:20,14:33,13min late,14:54,15min early,1h 20m,Landed
2026-05-16,AI2148,AIC2148,Air India,Delhi,DEL,VIDP,14:35,06:35,,,,,7h 35m,Cancelled
2026-05-16,QG681,CTV681,Citilink,Jakarta,CGK,WIII,14:45,06:45,14:56,11min late,15:19,35min early,1h 22m,Landed
2026-05-16,JT33,LNI033,Lion Air,Jakarta,CGK,WIII,14:45,06:45,15:04,19min late,15:28,11min early,1h 24m,Landed
2026-05-16,JT844,LNI844,Lion Air,Banjarmasin,BDJ,WAOO,15:00,07:00,15:15,15min late,16:19,10min early,1h 3m,Landed
2026-05-16,QG342,CTV342,Citilink,Makassar,UPG,WAAA,15:00,07:00,15:16,16min late,16:34,4min late,1h 17m,Landed
2026-05-16,JQ86,JST086,Jetstar Airways,Singapore,SIN,WSSS,15:05,07:05,15:44,39min late,18:00,on time,2h 16m,Landed
2026-05-16,JQ44,JST044,Jetstar Airways,Melbourne,MEL,YMML,15:10,07:10,15:33,23min late,22:36,8min early,5h 2m,Landed
2026-05-16,VA50,VOZ050,Virgin Australia,Brisbane,BNE,YBBN,15:15,07:15,15:22,7min late,22:42,22min early,5h 20m,Landed
2026-05-16,8B82,,TransNusa,Perth,PER,YPPH,15:20,07:20,15:20,,19:10,,3h 50m,Landed
2026-05-16,AK377,AXM377,AirAsia,Kuala Lumpur,KUL,WMKK,15:25,07:25,15:42,17min late,18:27,2min early,2h 45m,Landed
2026-05-16,JT740,LNI740,Lion Air,Makassar,UPG,WAAA,15:30,07:30,16:07,37min late,17:11,16min late,1h 4m,Landed
2026-05-16,QG669,CTV669,Citilink,Surabaya,SUB,WARR,15:30,07:30,15:42,12min late,15:37,2min early,54m,Landed
2026-05-16,IN281,LKN281,NAM Air,Jakarta,CGK,WIII,15:30,07:30,15:51,21min late,16:21,11min late,1h 29m,Landed
2026-05-16,IP109,PAS109,Pelita Air Service,Jakarta,CGK,WIII,15:35,07:35,15:47,12min late,16:15,9min early,1h 27m,Landed
2026-05-16,SJ7161,,Sriwijaya Air,Makassar,UPG,WAAA,15:40,07:40,15:40,,17:00,,1h 20m,Landed
2026-05-16,QZ648,AWQ648,Indonesia AirAsia,Labuan Bajo,LBJ,WATO,15:45,07:45,15:45,on time,16:38,16min early,52m,Landed
2026-05-16,GA411,GIA411,Garuda Indonesia,Jakarta,CGK,WIII,15:45,07:45,16:03,18min late,16:29,15min early,1h 25m,Landed
2026-05-16,VA92,VOZ092,Virgin Australia,Melbourne,MEL,YMML,15:50,07:50,16:21,31min late,23:22,2min early,5h 0m,Landed
2026-05-16,8B5256,,TransNusa,Lombok,LOP,WADL,15:55,07:55,15:55,,16:50,,55m,Landed
2026-05-16,CI772,CAL772,China Airlines,Taipei,TPE,RCTP,15:55,07:55,16:04,9min late,21:03,16min early,4h 58m,Landed
2026-05-16,VN640,HVN640,Vietnam Airlines,Ho Chi Minh City,SGN,VVTS,16:00,08:00,16:01,1min late,18:29,10min early,3h 27m,Landed
2026-05-16,QZ246,AWQ246,Indonesia AirAsia,Phuket,HKT,VTSP,16:10,08:10,16:13,3min late,18:40,29min early,3h 27m,Landed
2026-05-16,CX784,CPA784,Cathay Pacific,Hong Kong,HKG,VHHH,16:15,08:15,16:30,15min late,20:52,32min early,4h 22m,Landed
2026-05-16,MH850,MAS850,Malaysia Airlines,Kuala Lumpur,KUL,WMKK,16:25,08:25,16:36,11min late,19:20,14min early,2h 43m,Landed
2026-05-16,BR256,EVA256,EVA Airways,Taipei,TPE,RCTP,16:30,08:30,16:47,17min late,21:49,10min early,5h 2m,Landed
2026-05-16,IW1852,WON1852,Wings Air,Lombok,LOP,WADL,16:30,08:30,17:01,31min late,17:26,6min late,24m,Landed
2026-05-16,IU703,SJV703,SW Italia,Surabaya,SUB,WARR,16:40,08:40,17:48,8min late,17:31,51min late,43m,Landed
2026-05-16,JT744,,Lion Air,Makassar,UPG,WAAA,16:40,08:40,16:43,3min late,17:40,24min early,57m,Landed
2026-05-16,GA2554,,Garuda Indonesia,Yogyakarta,YIA,WAHI,16:45,08:45,,,,,1h 50m,Cancelled
2026-05-16,HO1356,DKH1356,Juneyao Airlines,Shanghai,PVG,ZSPD,16:50,08:50,16:55,5min late,23:19,15min early,6h 24m,Landed
2026-05-16,GA349,GIA349,Garuda Indonesia,Surabaya,SUB,WARR,16:55,08:55,17:16,21min late,17:03,6min early,46m,Landed
2026-05-16,TG432,THA432,Thai Airways International,Bangkok,BKK,VTBS,16:55,08:55,16:58,3min late,19:32,32min early,3h 34m,Landed
2026-05-16,ID6335,BTK6335,Batik Air,Labuan Bajo,LBJ,WATO,17:00,09:00,17:19,19min late,18:14,on time,54m,Landed
2026-05-16,JT23,LNI023,Lion Air,Jakarta,CGK,WIII,17:15,09:15,17:33,18min late,18:01,8min early,1h 27m,Landed
2026-05-16,GA419,GIA419,Garuda Indonesia,Jakarta,CGK,WIII,17:25,09:25,17:43,18min late,18:18,6min early,1h 34m,Landed
2026-05-16,TR243,TGW243,Scoot,Singapore,SIN,WSSS,17:35,09:35,18:00,25min late,20:14,10min early,2h 13m,Landed
2026-05-16,IP107,,Pelita Air Service,Jakarta,CGK,WIII,17:40,09:40,17:40,,18:30,,1h 50m,Landed
2026-05-16,NZ291,ANZ291,Air New Zealand,Auckland,AKL,NZAA,17:50,09:50,19:58,8min late,07:23,53min late,7h 25m,Landed
2026-05-16,6E1608,IGO1608,IndiGo,Chennai,MAA,VOMM,18:00,10:00,18:07,7min late,21:08,26min early,5h 30m,Landed
2026-05-16,QZ821,AWQ821,Indonesia AirAsia,Jakarta,CGK,WIII,18:00,10:00,18:02,2min late,18:30,19min early,1h 27m,Landed
2026-05-16,OD193,MXD193,Malindo Air,Perth,PER,YPPH,18:10,10:10,18:17,7min late,21:41,3min early,3h 24m,Landed
2026-05-16,IU126,SJV126,SW Italia,Surakarta,SOC,WAHQ,18:10,10:10,18:19,9min late,18:16,13min early,56m,Landed
2026-05-16,ID6552,BTK6552,Batik Air,Kupang,KOE,WATT,18:25,10:25,18:44,19min late,06:38,23min late,11h 54m,Landed
2026-05-16,GA417,GIA417,Garuda Indonesia,Jakarta,CGK,WIII,18:30,10:30,18:34,4min late,19:05,24min early,1h 31m,Landed
2026-05-16,IN283,,Nam Air,Jakarta,CGK,WIII,18:30,10:30,18:30,,19:10,,1h 40m,Landed
2026-05-16,QR963,QTR963,Qatar Airways,Doha,DOH,OTHH,18:35,10:35,18:41,6min late,22:40,59min early,8h 59m,Landed
2026-05-16,EY477,ETD477,Etihad Airways,Abu Dhabi,AUH,OMAA,18:45,10:45,18:53,8min late,23:32,7min early,8h 38m,Landed
2026-05-16,IP105,,Pelita Air Service,Jakarta,CGK,WIII,18:50,10:50,18:50,,19:40,,1h 50m,Landed
2026-05-16,QG689,CTV689,Citilink,Jakarta,CGK,WIII,18:55,10:55,19:13,18min late,19:42,12min early,1h 28m,Landed
2026-05-16,8B5258,TNU5258,Business Air,Lombok,LOP,WADL,18:55,10:55,18:22,32min early,18:44,50min early,21m,Landed
2026-05-16,TG440,THA440,Thai Airways International,Bangkok,BKK,VTBS,19:00,11:00,19:01,1min late,21:46,23min early,3h 44m,Landed
2026-05-16,6E1612,IGO1612,IndiGo,Bhubaneswar,BBI,VEBS,19:10,11:10,19:08,1min early,22:20,29min early,5h 42m,Landed
2026-05-16,MH852,MAS852,Malaysia Airlines,Kuala Lumpur,KUL,WMKK,19:20,11:20,19:23,3min late,22:02,17min early,2h 39m,Landed
2026-05-16,QG699,CTV699,Citilink,Surabaya,SUB,WARR,19:25,11:25,19:24,on time,19:22,17min early,58m,Landed
2026-05-16,ID7310,BTK7310,Batik Air,Jakarta,HLP,WIHH,19:25,11:25,19:32,7min late,19:55,19min early,1h 23m,Landed
2026-05-16,TR283,TGW283,Scoot,Singapore,SIN,WSSS,19:40,11:40,20:02,22min late,22:10,25min early,2h 7m,Landed
2026-05-16,EK369,UAE369,Emirates,Dubai,DXB,OMDB,19:45,11:45,20:07,22min late,00:30,19min early,8h 23m,Landed
2026-05-16,AK379,AXM379,AirAsia,Kuala Lumpur,KUL,WMKK,19:45,11:45,19:45,on time,22:28,21min early,2h 42m,Landed
2026-05-16,8B969,TNU969,Business Air,Guangzhou,CAN,ZGGG,19:50,11:50,19:55,5min late,00:51,13min early,4h 56m,Landed
2026-05-16,IU133,SJV133,SW Italia,Semarang,SRG,WIIS,19:50,11:50,20:13,23min late,20:10,on time,56m,Landed
2026-05-16,GA421,GIA421,Garuda Indonesia,Jakarta,CGK,WIII,19:50,11:50,20:05,15min late,20:31,18min early,1h 26m,Landed
2026-05-16,JT923,LNI923,Lion Air,Surabaya,SUB,WARR,19:55,11:55,20:24,29min late,20:23,28min late,58m,Landed
2026-05-16,SQ945,SIA945,Singapore Airlines,Singapore,SIN,WSSS,20:00,12:00,20:14,14min late,22:24,16min early,2h 9m,Landed
2026-05-16,QG697,CTV697,Citilink,Surabaya,SUB,WARR,20:25,12:25,20:17,7min early,20:00,24min early,42m,Landed
2026-05-16,ID6415,,Batik Air,Surabaya,SUB,WARR,20:30,12:30,,,,,1h 0m,Cancelled
2026-05-16,QG195,CTV195,Citilink,Jakarta,HLP,WIHH,20:40,12:40,22:23,43min late,22:49,14min late,1h 25m,Landed
2026-05-16,GA415,GIA415,Garuda Indonesia,Jakarta,CGK,WIII,20:40,12:40,21:48,8min late,22:15,35min late,1h 26m,Landed
2026-05-16,KL836,KLM836,KLM Royal Dutch Airlines,Singapore,SIN,WSSS,20:45,12:45,21:05,20min late,23:14,10min early,2h 9m,Landed
2026-05-16,TK67,THY067,Turkish Airlines,Istanbul,IST,LTFM,20:45,12:45,21:02,17min late,04:39,5min early,12h 36m,Landed
2026-05-16,OD177,MXD177,Malindo Air,Melbourne,MEL,YMML,21:00,13:00,21:07,7min late,04:06,33min early,4h 58m,Landed
2026-05-16,QG667,CTV667,Citilink,Jakarta,CGK,WIII,21:10,13:10,21:10,on time,21:50,19min early,1h 40m,Landed
2026-05-16,JT15,LNI015,Lion Air,Jakarta,CGK,WIII,21:15,13:15,21:31,16min late,21:57,12min early,1h 25m,Landed
2026-05-16,JQ34,JST034,Jetstar Airways,Melbourne,MEL,YMML,21:20,13:20,21:56,36min late,04:50,4min early,4h 54m,Landed
2026-05-16,JQ117,JST117,Jetstar Airways,Perth,PER,YPPH,21:30,13:30,21:52,22min late,01:12,7min early,3h 19m,Landed
2026-05-16,SJ273,,Sriwijaya Air,Jakarta,CGK,WIII,21:35,13:35,21:35,,22:15,,1h 40m,Landed
2026-05-16,SQ947,SIA947,Singapore Airlines,Singapore,SIN,WSSS,21:40,13:40,21:43,3min late,23:55,20min early,2h 11m,Landed
2026-05-16,TK311,THY311,Turkish Airlines,Istanbul,IST,LTFM,21:45,13:45,00:11,26min late,07:55,10min late,12h 44m,Landed
2026-05-16,GA718,GIA718,Garuda Indonesia,Melbourne,MEL,YMML,22:05,14:05,22:17,12min late,05:23,6min early,5h 5m,Landed
2026-05-16,AK375,AXM375,AirAsia,Kuala Lumpur,KUL,WMKK,22:15,14:15,22:28,13min late,01:19,on time,2h 51m,Landed
2026-05-16,OD171,MXD171,Malindo Air,Sydney,SYD,YSSY,22:15,14:15,22:55,40min late,06:13,8min late,5h 18m,Landed
2026-05-16,QF44,QFA044,Qantas,Sydney,SYD,YSSY,22:20,14:20,22:38,18min late,06:04,5min early,5h 26m,Landed
2026-05-16,JQ38,JST038,Jetstar Airways,Sydney,SYD,YSSY,22:35,14:35,22:47,12min late,06:06,23min early,5h 18m,Landed
2026-05-16,7C5304,JJA5304,Jeju Air,Seoul,ICN,RKSI,22:45,14:45,22:51,6min late,06:51,23min early,6h 59m,Landed
2026-05-16,QF46,QFA046,Qantas,Melbourne,MEL,YMML,23:05,15:05,23:21,16min late,06:14,25min early,4h 53m,Landed
2026-05-16,8B5109,TNU5109,TransNusa,Jakarta,CGK,WIII,23:10,15:10,23:26,16min late,23:51,on time,1h 24m,Landed
2026-05-16,JQ36,JST036,Jetstar Airways,Melbourne,MEL,YMML,23:25,15:25,23:36,11min late,06:34,25min early,4h 58m,Landed
2026-05-16,GA714,GIA714,Garuda Indonesia,Sydney,SYD,YSSY,23:25,15:25,23:39,14min late,06:52,17min early,5h 12m,Landed
2026-05-16,VA68,VOZ068,Virgin Australia,Sydney,SYD,YSSY,23:35,15:35,23:58,23min late,07:08,26min early,5h 9m,Landed
2026-05-16,KE432,KAL432,Korean Air Lines,Seoul,ICN,RKSI,23:45,15:45,23:52,7min late,07:25,29min early,6h 33m,Landed
2026-05-16,JQ94,JST094,Jetstar Airways,Gold Coast,OOL,YBCG,23:45,15:45,00:07,22min late,07:13,1min early,5h 6m,Landed
2026-05-16,JQ89,JST089,Jetstar Airways,Newcastle,NTL,YWLM,23:50,15:50,23:48,1min early,07:05,34min early,5h 16m,Landed
2026-05-17,BX602,ABL602,Air Busan,Busan,PUS,RKPK,00:05,16:05,00:18,13min late,23:27,27min late,22h 9m,Landed
2026-05-17,TW158,TWB158,T'Way Air,Cheongju,CJJ,RKTU,00:15,16:15,00:25,10min late,12:45,10min late,11h 20m,Landed
2026-05-17,GA880,GIA880,Garuda Indonesia,Tokyo,NRT,RJAA,00:20,16:20,00:44,24min late,08:45,4min early,7h 0m,Landed
2026-05-17,8B84,,Business Air,Perth,PER,YPPH,00:20,16:20,00:20,,04:05,,3h 45m,Landed
2026-05-17,MF892,CXA892,Xiamen Airlines,Xiamen,XMN,ZSAM,00:30,16:30,00:29,on time,05:56,8min early,5h 27m,Landed
2026-05-17,QR961,QTR961,Qatar Airways,Doha,DOH,OTHH,00:35,16:35,00:51,16min late,10:05,25min late,14h 13m,Landed
2026-05-17,EK399,UAE399,Emirates,Dubai,DXB,OMDB,00:35,16:35,01:01,26min late,05:35,on time,8h 33m,Landed
2026-05-17,CZ626,CSN626,China Southern Airlines,Guangzhou,CAN,ZGGG,00:40,16:40,00:54,14min late,05:48,6min early,4h 53m,Landed
2026-05-17,PR538,PAL538,Philippine Airlines,Manila,MNL,RPLL,00:55,16:55,01:04,9min late,04:38,21min early,3h 34m,Landed
2026-05-17,MU5030,CES5030,China Eastern Airlines,Shanghai,PVG,ZSPD,00:55,16:55,01:12,17min late,07:41,18min early,6h 29m,Landed
2026-05-17,GA652,GIA652,Garuda Indonesia,Timika,TIM,WABP,01:05,17:05,01:10,5min late,05:39,5min early,3h 29m,Landed
2026-05-17,KE434,KAL434,Korean Air Lines,Seoul,ICN,RKSI,01:10,17:10,01:21,11min late,08:50,34min early,6h 28m,Landed
2026-05-17,JT944,,Lion Air,Makassar,UPG,WAAA,07:00,23:00,07:00,on time,08:21,3min early,1h 21m,Landed
2026-05-17,GA401,GIA401,Garuda Indonesia,Jakarta,CGK,WIII,07:00,23:00,07:25,25min late,07:56,3min early,1h 31m,Landed
2026-05-17,JQ82,JST082,Jetstar Airways,Darwin,DRW,YPDN,07:00,23:00,07:06,6min late,10:53,21min early,2h 16m,Landed
2026-05-17,QZ807,AWQ807,Indonesia AirAsia,Jakarta,CGK,WIII,07:00,23:00,07:38,38min late,08:01,1min late,1h 23m,Landed
2026-05-17,JT746,LNI746,Lion Air,Makassar,UPG,WAAA,07:00,23:00,07:00,on time,11:59,34min late,4h 58m,Landed
2026-05-17,IU705,SJV705,SW Italia,Surabaya,SUB,WARR,07:00,23:00,07:08,8min late,06:44,15min early,35m,Landed
2026-05-17,QZ534,AWQ534,Indonesia AirAsia,Perth,PER,YPPH,07:05,23:05,07:14,9min late,10:41,18min early,3h 27m,Landed
2026-05-17,QZ644,AWQ644,Indonesia AirAsia,Labuan Bajo,LBJ,WATO,07:10,23:10,07:20,10min late,09:47,32min late,2h 27m,Landed
2026-05-17,8B5250,TNU5250,TransNusa,Lombok,LOP,WADL,07:15,23:15,07:35,20min late,09:11,16min late,1h 35m,Landed
2026-05-17,SQ949,SIA949,Singapore Airlines,Singapore,SIN,WSSS,07:15,23:15,07:28,13min late,09:36,23min early,2h 8m,Landed
2026-05-17,8B551,,Business Air,Singapore,SIN,WSSS,07:30,23:30,07:30,,09:55,,2h 25m,Landed
2026-05-17,ID6333,BTK6333,Batik Air,Labuan Bajo,LBJ,WATO,07:55,23:55,08:09,14min late,08:58,11min early,49m,Landed
2026-05-17,IW1858,WON1858,Wings Air,Lombok,LOP,WADL,08:05,00:05,08:22,17min late,08:55,on time,33m,Landed
2026-05-17,JT21,LNI021,Lion Air,Jakarta,CGK,WIII,08:05,00:05,08:14,9min late,08:41,18min early,1h 27m,Landed
2026-05-17,HX706,CRK706,Hong Kong Airlines,Hong Kong,HKG,VHHH,08:05,00:05,08:25,20min late,13:07,12min early,4h 41m,Landed
2026-05-17,AI2146,AIC2146,Air India,Delhi,DEL,VIDP,08:25,00:25,08:50,25min late,13:47,2min early,7h 26m,Landed
2026-05-17,QZ803,AWQ803,Indonesia AirAsia,Jakarta,CGK,WIII,08:30,00:30,08:38,8min late,09:05,14min early,1h 26m,Landed
2026-05-17,5J280,CEB280,CEBU Pacific Air,Manila,MNL,RPLL,08:35,00:35,08:52,17min late,12:23,31min early,3h 31m,Landed
2026-05-17,CZ8482,CSN8482,China Southern Airlines,Guangzhou,CAN,ZGGG,08:40,00:40,08:55,15min late,13:47,2min early,4h 52m,Landed
2026-05-17,IW1854,WON1854,Wings Air,Lombok,LOP,WADL,08:45,00:45,09:01,16min late,09:28,6min early,26m,Landed
2026-05-17,IW1882,WON1882,Wings Air,Sumbawa Besar,SWQ,WADS,08:55,00:55,09:10,15min late,09:54,5min early,43m,Landed
2026-05-17,QG500,CTV500,Citilink,Dili,DIL,WPDL,09:00,01:00,09:07,7min late,11:49,15min early,1h 41m,Landed
2026-05-17,QG691,CTV691,Citilink,Surabaya,SUB,WARR,09:05,01:05,09:07,2min late,09:01,13min early,53m,Landed
2026-05-17,ID6324,BTK6324,Batik Air,Tambolaka,TMC,WADT,09:10,01:10,09:29,19min late,10:20,on time,51m,Landed
2026-05-17,IN640,LKN640,NAM Air,Tambolaka,TMC,WADT,09:10,01:10,09:24,14min late,10:09,on time,44m,Landed
2026-05-17,8B5105,TNU5105,TransNusa,Jakarta,CGK,WIII,09:15,01:15,09:18,3min late,09:45,14min early,1h 26m,Landed
2026-05-17,IW1848,WON1848,Wings Air,Lombok,LOP,WADL,09:25,01:25,10:11,46min late,10:36,21min late,24m,Landed
2026-05-17,8B5634,TNU5634,TransNusa,Bima,BMU,WADB,09:35,01:35,10:07,32min late,10:57,22min late,50m,Landed
2026-05-17,8B80,TNU080,TransNusa,Perth,PER,YPPH,09:40,01:40,09:58,18min late,13:22,2min early,3h 24m,Landed
2026-05-17,QG197,CTV197,Citilink,Jakarta,HLP,WIHH,09:45,01:45,09:55,10min late,10:26,13min early,1h 31m,Landed
2026-05-17,IU137,SJV137,SW Italia,Kupang,KOE,WATT,10:00,02:00,10:24,24min late,11:45,4min early,1h 21m,Landed
2026-05-17,IU122,SJV122,SW Italia,Yogyakarta,YIA,WAHI,10:00,02:00,10:30,30min late,10:29,on time,59m,Landed
2026-05-17,ID8333,BTK8333,Batik Air,Labuan Bajo,LBJ,WATO,10:00,02:00,10:41,41min late,11:36,21min late,54m,Landed
2026-05-17,SQ935,SIA935,Singapore Airlines,Singapore,SIN,WSSS,10:05,02:05,10:14,9min late,12:31,13min early,2h 17m,Landed
2026-05-17,SU297,AFL297,Aeroflot,Moscow,SVO,UUEE,10:05,02:05,10:31,26min late,17:50,24min early,12h 18m,Landed
2026-05-17,8B553,TNU553,Business Air,Singapore,SIN,WSSS,10:20,02:20,10:37,17min late,12:56,18min early,2h 18m,Landed
2026-05-17,8B5101,TNU5101,TransNusa,Jakarta,CGK,WIII,10:25,02:25,11:00,35min late,11:29,14min late,1h 28m,Landed
2026-05-17,JT3844,LNI3844,Lion Air,Banjarmasin,BDJ,WAOO,10:35,02:35,10:56,21min late,12:02,2min late,1h 6m,Landed
2026-05-17,JT805,LNI805,Lion Air,Surabaya,SUB,WARR,10:35,02:35,10:07,27min early,09:49,45min early,41m,Landed
2026-05-17,JT31,LNI031,Lion Air,Jakarta,CGK,WIII,11:05,03:05,11:26,21min late,11:52,7min early,1h 26m,Landed
2026-05-17,IW1856,WON1856,Wings Air,Lombok,LOP,WADL,11:10,03:10,11:18,8min late,11:44,15min early,26m,Landed
2026-05-17,JQ126,JST126,Jetstar Airways,Adelaide,ADL,YPAD,11:15,03:15,12:20,5min late,18:03,33min late,4h 13m,Landed
2026-05-17,6E1606,IGO1606,IndiGo,Bangalore,BLR,VOBL,11:20,03:20,11:33,13min late,15:03,6min early,6h 0m,Landed
2026-05-17,TR281,TGW281,Scoot,Singapore,SIN,WSSS,11:20,03:20,11:15,4min early,13:25,44min early,2h 10m,Landed
2026-05-17,QZ646,AWQ646,Indonesia AirAsia,Labuan Bajo,LBJ,WATO,11:25,03:25,11:22,2min early,12:14,25min early,51m,Landed
2026-05-17,JQ109,JST109,Jetstar Airways,Perth,PER,YPPH,11:40,03:40,12:25,45min late,15:42,17min late,3h 16m,Landed
2026-05-17,IW1964,WON1964,Wings Air,Lombok,LOP,WADL,11:40,03:40,11:58,18min late,12:26,3min early,27m,Landed
2026-05-17,AK371,AXM371,AirAsia,Kuala Lumpur,KUL,WMKK,11:40,03:40,11:37,2min early,14:26,18min early,2h 48m,Landed
2026-05-17,ID6331,BTK6331,Batik Air,Labuan Bajo,LBJ,WATO,11:45,03:45,12:02,17min late,12:58,1min early,55m,Landed
2026-05-17,IW1850,WON1850,Wings Air,Lombok,LOP,WADL,11:50,03:50,12:17,27min late,12:42,2min late,25m,Landed
2026-05-17,OD192,MXD192,Malindo Air,Kuala Lumpur,KUL,WMKK,11:55,03:55,12:12,17min late,14:54,10min early,2h 42m,Landed
2026-05-17,GA407,GIA407,Garuda Indonesia,Jakarta,CGK,WIII,11:55,03:55,11:55,on time,12:31,23min early,1h 35m,Landed
2026-05-17,QZ544,AWQ544,Indonesia AirAsia,Perth,PER,YPPH,12:00,04:00,12:09,9min late,15:32,17min early,3h 22m,Landed
2026-05-17,JQ32,JST032,Jetstar Airways,Melbourne,MEL,YMML,12:05,04:05,12:14,9min late,19:21,18min early,5h 6m,Landed
2026-05-17,GA253,GIA253,Garuda Indonesia,Yogyakarta,YIA,WAHI,12:05,04:05,12:33,28min late,12:42,12min early,1h 9m,Landed
2026-05-17,SJ742,,Sriwijaya Air,Tambolaka,TMC,WADT,12:10,04:10,12:10,,13:10,,1h 0m,Landed
2026-05-17,SQ937,SIA937,Singapore Airlines,Singapore,SIN,WSSS,12:10,04:10,12:30,20min late,14:44,10min early,2h 13m,Landed
2026-05-17,JQ40,JST040,Jetstar Airways,Sydney,SYD,YSSY,12:20,04:20,12:56,36min late,20:01,13min early,5h 4m,Landed
2026-05-17,OD178,MXD178,Malindo Air,Kuala Lumpur,KUL,WMKK,12:25,04:25,13:03,38min late,15:42,7min late,2h 39m,Landed
2026-05-17,8B5254,,Business Air,Lombok,LOP,WADL,12:40,04:40,12:40,,13:20,,40m,Landed
2026-05-17,IP103,PAS103,Pelita Air Service,Jakarta,CGK,WIII,12:45,04:45,12:49,4min late,13:15,24min early,1h 26m,Landed
2026-05-17,AK365,AXM365,AirAsia,Kuala Lumpur,KUL,WMKK,13:00,05:00,13:09,9min late,15:54,10min early,2h 45m,Landed
2026-05-17,OD307,MXD307,Malindo Air,Kuala Lumpur,KUL,WMKK,13:00,05:00,13:34,34min late,16:13,13min late,2h 38m,Landed
2026-05-17,ID6509,BTK6509,Batik Air,Jakarta,CGK,WIII,13:00,05:00,14:31,31min late,14:59,4min late,1h 27m,Landed
2026-05-17,MH714,MAS714,Malaysia Airlines,Kuala Lumpur,KUL,WMKK,13:05,05:05,14:11,6min late,17:00,0min late,2h 48m,Landed
2026-05-17,OD172,MXD172,Malindo Air,Kuala Lumpur,KUL,WMKK,13:10,05:10,13:45,35min late,16:25,5min late,2h 39m,Landed
2026-05-17,JQ58,JST058,Jetstar Airways,Brisbane,BNE,YBBN,13:15,05:15,13:21,6min late,20:26,28min early,5h 5m,Landed
2026-05-17,SQ939,SIA939,Singapore Airlines,Singapore,SIN,WSSS,13:15,05:15,13:29,14min late,15:42,17min early,2h 12m,Landed
2026-05-17,JT35,LNI035,Lion Air,Jakarta,CGK,WIII,13:15,05:15,13:49,34min late,14:17,7min late,1h 28m,Landed
2026-05-17,8G182,DTL182,Mid Africa Aviation,Dili,DIL,WPDL,13:25,05:25,13:57,32min late,16:34,14min late,1h 36m,Landed
2026-05-17,SL259,TLM259,Thai Lion Air,Bangkok,DMK,VTBD,13:25,05:25,13:54,29min late,16:53,3min late,3h 58m,Landed
2026-05-17,GA409,GIA409,Garuda Indonesia,Jakarta,CGK,WIII,13:25,05:25,14:15,50min late,14:44,19min late,1h 29m,Landed
2026-05-17,JT660,LNI660,Lion Air,Balikpapan,BPN,WALL,13:30,05:30,14:04,34min late,15:28,13min late,1h 23m,Landed
2026-05-17,GA842,GIA842,Garuda Indonesia,Singapore,SIN,WSSS,13:40,05:40,14:08,28min late,16:26,1min late,2h 17m,Landed
2026-05-17,QG687,CTV687,Citilink,Jakarta,CGK,WIII,13:45,05:45,14:01,16min late,14:29,10min early,1h 27m,Landed
2026-05-17,8B5107,TNU5107,Business Air,Jakarta,CGK,WIII,13:50,05:50,17:57,7min late,18:22,42min late,1h 25m,Landed
2026-05-17,JT919,LNI919,Lion Air,Surabaya,SUB,WARR,13:55,05:55,14:18,23min late,13:57,2min late,39m,Landed
2026-05-17,TR289,TGW289,Scoot,Singapore,SIN,WSSS,14:05,06:05,14:26,21min late,16:37,18min early,2h 10m,Landed
2026-05-17,VJ894,VJC894,VietJet Air,Ho Chi Minh City,SGN,VVTS,14:05,06:05,14:24,19min late,17:01,6min late,3h 37m,Landed
2026-05-17,ID6517,BTK6517,Batik Air,Jakarta,CGK,WIII,14:15,06:15,15:09,54min late,15:32,22min late,1h 23m,Landed
2026-05-17,IU130,SJV130,SW Italia,Semarang,SRG,WIIS,14:15,06:15,14:53,38min late,14:48,13min late,55m,Landed
2026-05-17,ID7308,BTK7308,Batik Air,Jakarta,HLP,WIHH,14:20,06:20,15:01,41min late,15:24,14min late,1h 22m,Landed
2026-05-17,GA653,GIA653,Garuda Indonesia,Jakarta,CGK,WIII,14:30,06:30,14:45,15min late,15:11,18min early,1h 26m,Landed
2026-05-17,AI2148,AIC2148,Air India,Delhi,DEL,VIDP,14:35,06:35,17:17,42min late,22:23,43min late,7h 35m,Landed
2026-05-17,JT33,LNI033,Lion Air,Jakarta,CGK,WIII,14:45,06:45,15:21,36min late,15:46,6min late,1h 25m,Landed
2026-05-17,QG681,CTV681,Citilink,Jakarta,CGK,WIII,14:45,06:45,14:48,3min late,15:15,40min early,1h 26m,Landed
2026-05-17,JQ88,JST088,Jetstar Airways,Singapore,SIN,WSSS,14:55,06:55,16:06,11min late,18:20,20min late,2h 13m,Landed
2026-05-17,IU120,SJV120,SW Italia,Yogyakarta,YIA,WAHI,15:00,07:00,16:39,39min late,16:48,18min late,1h 9m,Landed
2026-05-17,IU128,SJV128,SW Italia,Surakarta,SOC,WAHQ,15:00,07:00,15:35,35min late,15:30,10min late,54m,Landed
2026-05-17,JQ107,JST107,Jetstar Airways,Perth,PER,YPPH,15:00,07:00,15:24,24min late,18:44,5min early,3h 19m,Landed
2026-05-17,JT844,LNI844,Lion Air,Banjarmasin,BDJ,WAOO,15:00,07:00,15:33,33min late,16:36,6min late,1h 3m,Landed
2026-05-17,QG342,CTV342,Citilink,Makassar,UPG,WAAA,15:00,07:00,15:14,14min late,16:37,7min late,1h 22m,Landed
2026-05-17,JQ44,JST044,Jetstar Airways,Melbourne,MEL,YMML,15:10,07:10,15:43,33min late,22:29,15min early,4h 46m,Landed
2026-05-17,VA50,VOZ050,Virgin Australia,Brisbane,BNE,YBBN,15:15,07:15,16:18,3min late,23:23,18min late,5h 4m,Landed
2026-05-17,8B82,TNU082,TransNusa,Perth,PER,YPPH,15:20,07:20,15:51,31min late,19:13,3min late,3h 22m,Landed
2026-05-17,AK377,AXM377,AirAsia,Kuala Lumpur,KUL,WMKK,15:25,07:25,15:45,20min late,18:24,5min early,2h 39m,Landed
2026-05-17,QG669,CTV669,Citilink,Surabaya,SUB,WARR,15:30,07:30,15:36,6min late,15:28,11min early,51m,Landed
2026-05-17,IP109,PAS109,Pelita Air Service,Jakarta,CGK,WIII,15:35,07:35,15:56,21min late,16:23,1min early,1h 27m,Landed
2026-05-17,JT740,LNI740,Lion Air,Makassar,UPG,WAAA,15:37,07:37,15:53,15min late,16:55,4min early,1h 1m,Landed
2026-05-17,SJ717,,Sriwijaya Air,Makassar,UPG,WAAA,15:40,07:40,15:40,,17:00,,1h 20m,Landed
2026-05-17,GA411,GIA411,Garuda Indonesia,Jakarta,CGK,WIII,15:45,07:45,15:59,14min late,16:29,15min early,1h 29m,Landed
2026-05-17,VA92,VOZ092,Virgin Australia,Melbourne,MEL,YMML,15:50,07:50,16:49,59min late,23:34,9min late,4h 45m,Landed
2026-05-17,8B5256,TNU5256,Business Air,Lombok,LOP,WADL,15:55,07:55,16:21,26min late,18:04,14min late,1h 42m,Landed
2026-05-17,CI772,CAL772,China Airlines,Taipei,TPE,RCTP,15:55,07:55,15:58,3min late,21:01,18min early,5h 2m,Landed
2026-05-17,QG9661,CTV9661,Citilink,Jakarta,CGK,WIII,16:00,08:00,16:33,33min late,16:58,3min late,1h 24m,Landed
2026-05-17,VN640,HVN640,Vietnam Airlines,Ho Chi Minh City,SGN,VVTS,16:00,08:00,16:04,4min late,18:27,12min early,3h 23m,Landed
2026-05-17,QZ246,AWQ246,Indonesia AirAsia,Phuket,HKT,VTSP,16:10,08:10,16:16,6min late,19:00,9min early,3h 44m,Landed
2026-05-17,CX784,CPA784,Cathay Pacific,Hong Kong,HKG,VHHH,16:15,08:15,16:28,13min late,20:51,33min early,4h 23m,Landed
2026-05-17,MH850,MAS850,Malaysia Airlines,Kuala Lumpur,KUL,WMKK,16:25,08:25,16:42,17min late,19:23,11min early,2h 41m,Landed
2026-05-17,IW1852,WON1852,Wings Air,Lombok,LOP,WADL,16:30,08:30,16:58,28min late,17:30,10min late,32m,Landed
2026-05-17,BR256,EVA256,EVA Airways,Taipei,TPE,RCTP,16:30,08:30,16:55,25min late,21:58,1min early,5h 3m,Landed
2026-05-17,JT744,LNI744,Lion Air,Makassar,UPG,WAAA,16:40,08:40,17:02,22min late,04:38,33min late,11h 35m,Landed
2026-05-17,AK369,AXM369,AirAsia,Kuala Lumpur,KUL,WMKK,16:40,08:40,17:27,47min late,20:09,24min late,2h 41m,Landed
2026-05-17,IU703,SJV703,SW Italia,Surabaya,SUB,WARR,16:40,08:40,19:25,45min late,19:12,32min late,46m,Landed
2026-05-17,GA2554,GIA2554,Garuda Indonesia,Yogyakarta,YIA,WAHI,16:45,08:45,17:35,50min late,17:50,15min late,1h 15m,Landed
2026-05-17,HO1356,DKH1356,Juneyao Airlines,Shanghai,PVG,ZSPD,16:50,08:50,17:32,42min late,23:56,21min late,6h 23m,Landed
2026-05-17,GA349,GIA349,Garuda Indonesia,Surabaya,SUB,WARR,16:55,08:55,17:53,58min late,17:37,27min late,43m,Landed
2026-05-17,TG432,THA432,Thai Airways International,Bangkok,BKK,VTBS,16:55,08:55,17:19,24min late,20:03,1min early,3h 43m,Landed
2026-05-17,IU273,SJV273,SW Italia,Pontianak,PNK,WIOO,17:00,09:00,18:06,6min late,20:50,45min late,3h 44m,Landed
2026-05-17,ID6335,BTK6335,Batik Air,Labuan Bajo,LBJ,WATO,17:00,09:00,17:39,39min late,18:36,21min late,57m,Landed
2026-05-17,JT23,LNI023,Lion Air,Jakarta,CGK,WIII,17:15,09:15,17:52,37min late,18:23,13min late,1h 30m,Landed
2026-05-17,GA419,GIA419,Garuda Indonesia,Jakarta,CGK,WIII,17:25,09:25,18:08,43min late,18:37,12min late,1h 29m,Landed
2026-05-17,VJ998,VJC998,VietJet Air,Hanoi,HAN,VVNB,17:30,09:30,17:54,24min late,01:55,20min late,9h 0m,Landed
2026-05-17,TR243,TGW243,Scoot,Singapore,SIN,WSSS,17:35,09:35,17:59,24min late,20:17,7min early,2h 17m,Landed
2026-05-17,IP107,,Pelita Air Service,Jakarta,CGK,WIII,17:40,09:40,17:40,,18:30,,1h 50m,Landed
2026-05-17,NZ291,ANZ291,Air New Zealand,Auckland,AKL,NZAA,17:50,09:50,19:07,17min late,06:22,52min late,7h 15m,Landed
2026-05-17,QZ821,AWQ821,Indonesia AirAsia,Jakarta,CGK,WIII,18:00,10:00,18:11,11min late,18:40,9min early,1h 29m,Landed
2026-05-17,6E1608,IGO1608,IndiGo,Chennai,MAA,VOMM,18:00,10:00,18:16,16min late,21:23,11min early,5h 37m,Landed
2026-05-17,OD193,MXD193,Malindo Air,Perth,PER,YPPH,18:10,10:10,18:18,8min late,21:38,6min early,3h 20m,Landed
2026-05-17,IU126,SJV126,SW Italia,Surakarta,SOC,WAHQ,18:10,10:10,18:48,38min late,18:55,25min late,1h 6m,Landed
2026-05-17,ID6552,BTK6552,Batik Air,Kupang,KOE,WATT,18:25,10:25,18:32,7min late,19:51,23min early,1h 19m,Landed
2026-05-17,IN281,LKN281,NAM Air,Jakarta,CGK,WIII,18:30,10:30,18:51,21min late,19:23,13min late,1h 31m,Landed
2026-05-17,GA417,GIA417,Garuda Indonesia,Jakarta,CGK,WIII,18:30,10:30,18:41,11min late,19:22,7min early,1h 41m,Landed
2026-05-17,QR963,QTR963,Qatar Airways,Doha,DOH,OTHH,18:35,10:35,18:54,19min late,08:29,49min late,18h 34m,Landed
2026-05-17,EY477,ETD477,Etihad Airways,Abu Dhabi,AUH,OMAA,18:45,10:45,19:02,17min late,23:35,4min early,8h 33m,Landed
2026-05-17,QG689,CTV689,Citilink,Jakarta,CGK,WIII,18:55,10:55,19:11,16min late,19:59,4min late,1h 48m,Landed
2026-05-17,8B5258,TNU5258,Business Air,Lombok,LOP,WADL,18:55,10:55,18:59,4min late,19:19,15min early,20m,Landed
2026-05-17,TG440,THA440,Thai Airways International,Bangkok,BKK,VTBS,19:00,11:00,19:08,8min late,22:09,on time,4h 0m,Landed
2026-05-17,6E1612,IGO1612,IndiGo,Bhubaneswar,BBI,VEBS,19:10,11:10,19:23,13min late,22:43,6min early,5h 49m,Landed
2026-05-17,QG195,CTV195,Citilink,Jakarta,HLP,WIHH,19:15,11:15,19:45,30min late,20:17,7min late,1h 32m,Landed
2026-05-17,MH852,MAS852,Malaysia Airlines,Kuala Lumpur,KUL,WMKK,19:20,11:20,19:33,13min late,22:17,2min early,2h 43m,Landed
2026-05-17,ID7310,BTK7310,Batik Air,Jakarta,HLP,WIHH,19:25,11:25,19:56,31min late,20:28,13min late,1h 32m,Landed
2026-05-17,QG699,CTV699,Citilink,Surabaya,SUB,WARR,19:25,11:25,19:38,13min late,19:24,15min early,46m,Landed
2026-05-17,TR283,TGW283,Scoot,Singapore,SIN,WSSS,19:40,11:40,20:02,22min late,22:32,3min early,2h 29m,Landed
2026-05-17,EK369,UAE369,Emirates,Dubai,DXB,OMDB,19:45,11:45,20:17,32min late,00:54,4min late,8h 36m,Landed
2026-05-17,AK379,AXM379,AirAsia,Kuala Lumpur,KUL,WMKK,19:45,11:45,20:09,24min late,22:53,3min late,2h 43m,Landed
2026-05-17,8B969,TNU969,TransNusa,Guangzhou,CAN,ZGGG,19:50,11:50,19:53,3min late,00:42,22min early,4h 48m,Landed
2026-05-17,GA421,GIA421,Garuda Indonesia,Jakarta,CGK,WIII,19:50,11:50,20:04,14min late,20:39,10min early,1h 34m,Landed
2026-05-17,IU133,SJV133,SW Italia,Semarang,SRG,WIIS,19:50,11:50,20:00,10min late,20:06,3min early,1h 5m,Landed
2026-05-17,JT923,LNI923,Lion Air,Surabaya,SUB,WARR,19:55,11:55,20:53,58min late,20:37,42min late,43m,Landed
2026-05-17,SQ945,SIA945,Singapore Airlines,Singapore,SIN,WSSS,20:00,12:00,20:23,23min late,22:58,18min late,2h 34m,Landed
2026-05-17,QG697,CTV697,Citilink,Surabaya,SUB,WARR,20:25,12:25,20:25,on time,20:15,9min early,49m,Landed
2026-05-17,ID6415,BTK6415,Batik Air,Surabaya,SUB,WARR,20:30,12:30,20:43,13min late,20:30,on time,47m,Landed
2026-05-17,SJ2723,SJY2723,Sriwijaya Air,Jakarta,CGK,WIII,20:35,12:35,21:34,59min late,22:08,53min late,1h 33m,Landed
2026-05-17,GA415,GIA415,Garuda Indonesia,Jakarta,CGK,WIII,20:40,12:40,20:50,10min late,21:29,10min early,1h 39m,Landed
2026-05-17,KL836,KLM836,KLM Royal Dutch Airlines,Singapore,SIN,WSSS,20:45,12:45,20:44,on time,23:27,2min late,2h 42m,Landed
2026-05-17,IP105,PAS105,Pelita Air Service,Jakarta,CGK,WIII,20:50,12:50,20:57,7min late,21:33,6min early,1h 35m,Landed
2026-05-17,OD177,MXD177,Malindo Air,Melbourne,MEL,YMML,21:00,13:00,21:06,6min late,03:58,41min early,4h 51m,Landed
2026-05-17,QG667,CTV667,Citilink,Jakarta,CGK,WIII,21:10,13:10,21:12,2min late,21:59,10min early,1h 47m,Landed
2026-05-17,QZ410,AWQ410,Indonesia AirAsia,Melbourne,MEL,YMML,21:15,13:15,21:20,5min late,04:27,32min early,5h 7m,Landed
2026-05-17,JQ34,JST034,Jetstar Airways,Melbourne,MEL,YMML,21:20,13:20,21:46,26min late,04:33,21min early,4h 47m,Landed
2026-05-17,ID6760,BTK6760,Batik Air,Makassar,UPG,WAAA,21:30,13:30,21:40,10min late,22:39,15min early,59m,Landed
2026-05-17,JQ117,JST117,Jetstar Airways,Perth,PER,YPPH,21:30,13:30,22:26,56min late,01:43,23min late,3h 16m,Landed
2026-05-17,SJ273,,Sriwijaya Air,Jakarta,CGK,WIII,21:35,13:35,21:35,,22:15,,1h 40m,Landed
2026-05-17,JT15,LNI015,Lion Air,Jakarta,CGK,WIII,21:35,13:35,21:42,7min late,00:57,27min late,4h 14m,Landed
2026-05-17,SQ947,SIA947,Singapore Airlines,Singapore,SIN,WSSS,21:40,13:40,21:49,9min late,00:03,12min early,2h 13m,Landed
2026-05-17,OD157,MXD157,Malindo Air,Brisbane,BNE,YBBN,22:00,14:00,22:05,5min late,04:59,50min early,4h 53m,Landed
2026-05-17,GA718,GIA718,Garuda Indonesia,Melbourne,MEL,YMML,22:05,14:05,22:15,10min late,05:06,23min early,4h 51m,Landed
2026-05-17,JQ60,JST060,Jetstar Airways,Brisbane,BNE,YBBN,22:10,14:10,22:42,32min late,05:30,14min early,4h 47m,Landed
2026-05-17,OD171,MXD171,Malindo Air,Sydney,SYD,YSSY,22:15,14:15,22:47,32min late,06:04,on time,5h 16m,Landed
2026-05-17,QG690,CTV690,Citilink,Surabaya,SUB,WARR,22:15,14:15,22:39,24min late,15:46,16min late,18h 6m,Landed
2026-05-17,AK375,AXM375,AirAsia,Kuala Lumpur,KUL,WMKK,22:15,14:15,22:17,2min late,00:56,23min early,2h 39m,Landed
2026-05-17,QF44,QFA044,Qantas,Sydney,SYD,YSSY,22:20,14:20,22:51,31min late,06:04,5min early,5h 13m,Landed
2026-05-17,JQ38,,Jetstar Airways,Sydney,SYD,YSSY,22:35,14:35,,,,,5h 55m,Cancelled
2026-05-17,7C5304,JJA5304,Jeju Air,Seoul,ICN,RKSI,22:45,14:45,23:02,17min late,07:20,5min late,7h 18m,Landed
2026-05-17,JQ91,,Jetstar Airways,Cairns,CNS,YBCS,23:00,15:00,,,,,4h 30m,Cancelled
2026-05-17,VA96,VOZ096,Virgin Australia,Melbourne,MEL,YMML,23:05,15:05,23:39,34min late,06:23,16min early,4h 44m,Landed
2026-05-17,QF46,QFA046,Qantas,Melbourne,MEL,YMML,23:05,15:05,00:47,42min late,07:35,55min late,4h 47m,Landed
2026-05-17,8B5109,TNU5109,TransNusa,Jakarta,CGK,WIII,23:10,15:10,00:38,28min late,01:10,20min late,1h 31m,Landed
2026-05-17,3U3986,CSC3986,Sichuan Airlines,Lujia Town,TFU,ZUTF,23:10,15:10,23:37,27min late,09:59,29min late,10h 22m,Landed
2026-05-17,VA82,VOZ082,Virgin Australia,Gold Coast,OOL,YBCG,23:20,15:20,23:51,31min late,06:48,6min early,4h 56m,Landed
2026-05-17,GA714,GIA714,Garuda Indonesia,Sydney,SYD,YSSY,23:25,15:25,23:47,22min late,06:47,22min early,5h 0m,Landed
2026-05-17,JQ50,JST050,Jetstar Airways,Melbourne,AVV,YMAV,23:25,15:25,00:26,1min late,07:25,25min late,4h 58m,Landed
2026-05-17,VA68,VOZ068,Virgin Australia,Sydney,SYD,YSSY,23:35,15:35,00:01,26min late,07:06,29min early,5h 4m,Landed
2026-05-17,QZ420,AWQ420,Indonesia AirAsia,Adelaide,ADL,YPAD,23:45,15:45,01:05,20min late,07:15,50min late,4h 39m,Landed
2026-05-17,KE432,KAL432,Korean Air Lines,Seoul,ICN,RKSI,23:45,15:45,00:06,21min late,07:52,2min early,6h 46m,Landed
2026-05-17,JQ87,JST087,Jetstar Airways,Sunshine Coast,MCY,YBSU,23:50,15:50,01:20,30min late,08:18,48min late,4h 58m,Landed
2026-05-17,JQ128,JST128,Jetstar Airways,Adelaide,ADL,YPAD,23:55,15:55,00:49,54min late,06:33,23min late,4h 14m,Landed
2026-05-18,BX602,ABL602,Air Busan,Busan,PUS,RKPK,00:05,16:05,00:47,42min late,08:28,33min late,6h 41m,Landed
2026-05-18,TW158,TWB158,T'Way Air,Cheongju,CJJ,RKTU,00:15,16:15,00:25,10min late,12:45,10min late,11h 20m,Landed
2026-05-18,GA880,GIA880,Garuda Indonesia,Tokyo,NRT,RJAA,00:20,16:20,00:35,15min late,08:35,14min early,6h 59m,Landed
2026-05-18,MF892,CXA892,Xiamen Airlines,Xiamen,XMN,ZSAM,00:30,16:30,00:33,3min late,15:08,3min late,14h 35m,Landed
2026-05-18,EK399,UAE399,Emirates,Dubai,DXB,OMDB,00:35,16:35,00:44,9min late,05:17,17min early,8h 32m,Landed
2026-05-18,QR961,QTR961,Qatar Airways,Doha,DOH,OTHH,00:35,16:35,00:57,22min late,05:11,28min early,9h 14m,Landed
2026-05-18,CZ626,CSN626,China Southern Airlines,Guangzhou,CAN,ZGGG,00:40,16:40,00:50,10min late,05:39,15min early,4h 48m,Landed
2026-05-18,PR538,PAL538,Philippine Airlines,Manila,MNL,RPLL,00:55,16:55,01:07,12min late,04:42,17min early,3h 35m,Landed
2026-05-18,MU5030,CES5030,China Eastern Airlines,Shanghai,PVG,ZSPD,00:55,16:55,01:10,15min late,07:19,40min early,6h 9m,Landed
2026-05-18,5J282,CEB282,CEBU Pacific Air,Manila,MNL,RPLL,01:00,17:00,01:37,37min late,05:08,11min early,3h 31m,Landed
2026-05-18,SJ726,,Sriwijaya Air,Makassar,UPG,WAAA,01:00,17:00,01:00,,02:20,,1h 20m,Landed
2026-05-18,GA652,GIA652,Garuda Indonesia,Timika,TIM,WABP,01:05,17:05,01:17,12min late,05:40,4min early,3h 23m,Landed
2026-05-18,KE434,KAL434,Korean Air Lines,Seoul,ICN,RKSI,01:10,17:10,01:21,11min late,09:02,22min early,6h 41m,Landed
2026-05-18,8B5888,TNU5888,Business Air,Manado,MDC,WAMM,01:30,17:30,01:46,16min late,03:59,on time,2h 13m,Landed
2026-05-18,GA401,GIA401,Garuda Indonesia,Jakarta,CGK,WIII,06:30,22:30,06:41,11min late,07:12,17min early,1h 30m,Landed
2026-05-18,IU705,SJV705,SW Italia,Surabaya,SUB,WARR,07:00,23:00,07:11,11min late,06:49,10min early,38m,Landed
2026-05-18,JT746,LNI746,Lion Air,Makassar,UPG,WAAA,07:00,23:00,07:07,7min late,20:08,43min late,13h 0m,Landed
2026-05-18,QZ807,AWQ807,Indonesia AirAsia,Jakarta,CGK,WIII,07:00,23:00,07:04,4min late,07:36,23min early,1h 32m,Landed
2026-05-18,JQ82,JST082,Jetstar Airways,Darwin,DRW,YPDN,07:00,23:00,06:58,1min early,10:40,34min early,2h 12m,Landed
2026-05-18,QZ534,AWQ534,Indonesia AirAsia,Perth,PER,YPPH,07:05,23:05,07:21,16min late,10:48,11min early,3h 26m,Landed
2026-05-18,QZ644,AWQ644,Indonesia AirAsia,Labuan Bajo,LBJ,WATO,07:10,23:10,07:19,9min late,08:09,5min early,50m,Landed
2026-05-18,8B5250,TNU5250,Business Air,Lombok,LOP,WADL,07:15,23:15,07:12,2min early,07:32,22min early,19m,Landed
2026-05-18,SQ949,SIA949,Singapore Airlines,Singapore,SIN,WSSS,07:15,23:15,07:24,9min late,09:37,22min early,2h 12m,Landed
2026-05-18,8B551,,Business Air,Singapore,SIN,WSSS,07:30,23:30,07:30,,09:55,,2h 25m,Landed
2026-05-18,ID6333,BTK6333,Batik Air,Labuan Bajo,LBJ,WATO,07:55,23:55,08:03,8min late,09:04,5min early,1h 0m,Landed
2026-05-18,IW1858,WON1858,Wings Air,Lombok,LOP,WADL,08:05,00:05,08:26,21min late,08:50,4min early,24m,Landed
2026-05-18,JT21,LNI021,Lion Air,Jakarta,CGK,WIII,08:05,00:05,09:27,22min late,10:10,10min late,1h 42m,Landed
2026-05-18,HX706,CRK706,Hong Kong Airlines,Hong Kong,HKG,VHHH,08:05,00:05,08:13,8min late,12:42,37min early,4h 28m,Landed
2026-05-18,AI2146,AIC2146,Air India,Delhi,DEL,VIDP,08:25,00:25,09:09,44min late,13:59,9min late,7h 20m,Landed
2026-05-18,5J280,CEB280,CEBU Pacific Air,Manila,MNL,RPLL,08:35,00:35,08:41,6min late,12:18,36min early,3h 37m,Landed
2026-05-18,CZ8482,CSN8482,China Southern Airlines,Guangzhou,CAN,ZGGG,08:40,00:40,08:36,3min early,13:32,17min early,4h 56m,Landed
2026-05-18,IW1882,WON1882,Wings Air,Sumbawa Besar,SWQ,WADS,08:55,00:55,09:11,16min late,09:52,7min early,41m,Landed
2026-05-18,IW3330,WON3330,Wings Air,,,,09:00,01:00,08:56,3min early,11:20,24min early,2h 23m,Landed
2026-05-18,QG500,CTV500,Citilink,Dili,DIL,WPDL,09:00,01:00,09:00,on time,11:45,19min early,1h 45m,Landed
2026-05-18,QG691,CTV691,Citilink,Surabaya,SUB,WARR,09:05,01:05,09:00,4min early,08:47,27min early,46m,Landed
2026-05-18,SJ740,,Sriwijaya Air,Waingapu,WGP,WADW,09:10,01:10,09:10,,10:30,,1h 20m,Landed
2026-05-18,ID6324,BTK6324,Batik Air,Tambolaka,TMC,WADT,09:10,01:10,09:30,20min late,10:15,4min early,44m,Landed
2026-05-18,IN640,LKN640,NAM Air,Tambolaka,TMC,WADT,09:10,01:10,09:27,17min late,10:09,on time,41m,Landed
2026-05-18,8B5105,TNU5105,TransNusa,Jakarta,CGK,WIII,09:15,01:15,09:14,on time,09:44,15min early,1h 30m,Landed
2026-05-18,IW1848,WON1848,Wings Air,Lombok,LOP,WADL,09:25,01:25,10:09,44min late,10:40,25min late,31m,Landed
2026-05-18,ID6007,BTK6007,Batik Air,Perth,PER,YPPH,09:30,01:30,09:36,6min late,12:52,22min early,3h 16m,Landed
2026-05-18,8B5634,TNU5634,Business Air,Bima,BMU,WADB,09:35,01:35,09:43,8min late,10:27,7min early,44m,Landed
2026-05-18,8B80,TNU080,TransNusa,Perth,PER,YPPH,09:40,01:40,09:49,9min late,13:13,11min early,3h 23m,Landed
2026-05-18,QG197,CTV197,Citilink,Jakarta,HLP,WIHH,09:45,01:45,10:28,43min late,10:59,19min late,1h 31m,Landed
2026-05-18,IU122,SJV122,SW Italia,Yogyakarta,YIA,WAHI,10:00,02:00,10:05,5min late,12:16,46min late,3h 10m,Landed
2026-05-18,JQ1091,JST1091,Jetstar Airways,Cairns,CNS,YBCS,10:00,02:00,10:25,25min late,16:24,5min early,3h 58m,Landed
2026-05-18,IU137,SJV137,SW Italia,Kupang,KOE,WATT,10:00,02:00,10:16,16min late,11:38,11min early,1h 22m,Landed
2026-05-18,SQ935,SIA935,Singapore Airlines,Singapore,SIN,WSSS,10:05,02:05,10:20,15min late,12:46,1min late,2h 25m,Landed
2026-05-18,QZ803,AWQ803,Indonesia AirAsia,Jakarta,CGK,WIII,10:15,02:15,11:10,55min late,11:48,43min late,1h 38m,Landed
2026-05-18,8B553,TNU553,Business Air,Singapore,SIN,WSSS,10:20,02:20,10:30,10min late,13:03,11min early,2h 33m,Landed
2026-05-18,8B5101,TNU5101,Business Air,Jakarta,CGK,WIII,10:25,02:25,10:55,30min late,11:31,16min late,1h 36m,Landed
2026-05-18,8G182,DTL182,Mid Africa Aviation,Dili,DIL,WPDL,10:35,02:35,10:39,4min late,13:16,13min early,1h 37m,Landed
2026-05-18,JT805,LNI805,Lion Air,Surabaya,SUB,WARR,10:35,02:35,12:06,31min late,11:49,14min late,43m,Landed
2026-05-18,JT31,LNI031,Lion Air,Jakarta,CGK,WIII,11:05,03:05,11:25,20min late,12:01,1min late,1h 36m,Landed
2026-05-18,JQ126,JST126,Jetstar Airways,Adelaide,ADL,YPAD,11:15,03:15,11:36,21min late,17:26,3min early,4h 19m,Landed
2026-05-18,TR281,TGW281,Scoot,Singapore,SIN,WSSS,11:20,03:20,11:29,9min late,13:42,27min early,2h 13m,Landed
2026-05-18,6E1606,IGO1606,IndiGo,Bangalore,BLR,VOBL,11:20,03:20,11:13,6min early,14:57,12min early,6h 14m,Landed
2026-05-18,QZ646,AWQ646,Indonesia AirAsia,Labuan Bajo,LBJ,WATO,11:25,03:25,11:34,9min late,12:26,13min early,52m,Landed
2026-05-18,JQ109,JST109,Jetstar Airways,Perth,PER,YPPH,11:40,03:40,12:32,52min late,15:49,24min late,3h 16m,Landed
2026-05-18,IW1964,WON1964,Wings Air,Lombok,LOP,WADL,11:40,03:40,11:56,16min late,12:19,10min early,23m,Landed
2026-05-18,ID6331,BTK6331,Batik Air,Labuan Bajo,LBJ,WATO,11:45,03:45,12:09,24min late,13:05,5min late,56m,Landed
2026-05-18,OD192,MXD192,Malindo Air,Kuala Lumpur,KUL,WMKK,11:55,03:55,12:22,27min late,15:02,2min early,2h 40m,Landed
2026-05-18,GA407,GIA407,Garuda Indonesia,Jakarta,CGK,WIII,11:55,03:55,12:13,18min late,12:51,3min early,1h 37m,Landed
2026-05-18,QZ544,AWQ544,Indonesia AirAsia,Perth,PER,YPPH,12:00,04:00,12:30,30min late,15:46,3min early,3h 15m,Landed
2026-05-18,GA253,GIA253,Garuda Indonesia,Yogyakarta,YIA,WAHI,12:05,04:05,12:39,34min late,13:02,7min late,1h 23m,Landed
2026-05-18,JQ32,JST032,Jetstar Airways,Melbourne,MEL,YMML,12:05,04:05,12:35,30min late,19:30,9min early,4h 55m,Landed
2026-05-18,SQ937,SIA937,Singapore Airlines,Singapore,SIN,WSSS,12:10,04:10,12:25,15min late,15:15,20min late,2h 50m,Landed
2026-05-18,SJ742,,Sriwijaya Air,Tambolaka,TMC,WADT,12:10,04:10,12:10,,13:10,,1h 0m,Landed
2026-05-18,JQ40,JST040,Jetstar Airways,Sydney,SYD,YSSY,12:20,04:20,13:34,14min late,20:35,20min late,5h 1m,Landed
2026-05-18,OD178,MXD178,Malindo Air,Kuala Lumpur,KUL,WMKK,12:25,04:25,12:59,34min late,15:43,8min late,2h 44m,Landed
2026-05-18,8B5254,TNU5254,Business Air,Lombok,LOP,WADL,12:40,04:40,12:59,19min late,13:19,on time,20m,Landed
2026-05-18,OD158,MXD158,Malindo Air,Kuala Lumpur,KUL,WMKK,12:45,04:45,13:51,6min late,16:38,43min late,2h 46m,Landed
2026-05-18,IP103,PAS103,Pelita Air Service,Jakarta,CGK,WIII,12:45,04:45,12:54,9min late,13:31,8min early,1h 37m,Landed
2026-05-18,OD307,MXD307,Malindo Air,Kuala Lumpur,KUL,WMKK,13:00,05:00,14:02,2min late,16:51,51min late,2h 48m,Landed
2026-05-18,AK365,AXM365,AirAsia,Kuala Lumpur,KUL,WMKK,13:00,05:00,13:25,25min late,16:13,8min late,2h 47m,Landed
2026-05-18,ID6509,BTK6509,Batik Air,Jakarta,CGK,WIII,13:00,05:00,13:30,30min late,14:05,10min late,1h 34m,Landed
2026-05-18,JQ1038,JST1038,Jetstar Airways,Sydney,SYD,YSSY,13:05,05:05,13:18,13min late,20:21,38min early,5h 3m,Landed
2026-05-18,MH714,MAS714,Malaysia Airlines,Kuala Lumpur,KUL,WMKK,13:05,05:05,13:14,9min late,16:06,6min late,2h 51m,Landed
2026-05-18,OD172,MXD172,Malindo Air,Kuala Lumpur,KUL,WMKK,13:10,05:10,13:47,37min late,16:49,29min late,3h 1m,Landed
2026-05-18,JT35,LNI035,Lion Air,Jakarta,CGK,WIII,13:15,05:15,13:42,27min late,14:15,5min late,1h 33m,Landed
2026-05-18,SQ939,SIA939,Singapore Airlines,Singapore,SIN,WSSS,13:15,05:15,13:22,7min late,16:00,on time,2h 37m,Landed
2026-05-18,JQ58,JST058,Jetstar Airways,Brisbane,BNE,YBBN,13:15,05:15,14:16,1min late,21:14,19min late,4h 57m,Landed
2026-05-18,GA409,GIA409,Garuda Indonesia,Jakarta,CGK,WIII,13:25,05:25,13:45,20min late,14:21,3min early,1h 35m,Landed
2026-05-18,SL259,TLM259,Thai Lion Air,Bangkok,DMK,VTBD,13:25,05:25,13:38,13min late,16:45,4min early,4h 7m,Landed
2026-05-18,JT660,LNI660,Lion Air,Balikpapan,BPN,WALL,13:30,05:30,13:49,19min late,15:04,10min early,1h 14m,Landed
2026-05-18,GA842,GIA842,Garuda Indonesia,Singapore,SIN,WSSS,13:40,05:40,14:00,20min late,16:42,17min late,2h 42m,Landed
2026-05-18,QG687,CTV687,Citilink,Jakarta,CGK,WIII,13:45,05:45,13:58,13min late,14:34,5min early,1h 35m,Landed
2026-05-18,8B5107,TNU5107,TransNusa,Jakarta,CGK,WIII,13:50,05:50,18:24,34min late,19:01,21min late,1h 36m,Landed
2026-05-18,JT919,LNI919,Lion Air,Surabaya,SUB,WARR,13:55,05:55,16:10,15min late,15:51,56min late,40m,Landed
2026-05-18,TR289,TGW289,Scoot,Singapore,SIN,WSSS,14:05,06:05,14:26,21min late,16:57,2min late,2h 30m,Landed
2026-05-18,VJ894,VJC894,VietJet Air,Ho Chi Minh City,SGN,VVTS,14:05,06:05,14:10,5min late,16:43,11min early,3h 33m,Landed
2026-05-18,ID6517,BTK6517,Batik Air,Jakarta,CGK,WIII,14:15,06:15,14:56,41min late,15:34,24min late,1h 37m,Landed
2026-05-18,IU130,SJV130,SW Italia,Semarang,SRG,WIIS,14:15,06:15,14:22,7min late,14:19,15min early,56m,Landed
2026-05-18,ID7308,BTK7308,Batik Air,Jakarta,HLP,WIHH,14:20,06:20,14:53,33min late,15:23,13min late,1h 29m,Landed
2026-05-18,GA653,GIA653,Garuda Indonesia,Jakarta,CGK,WIII,14:30,06:30,14:42,12min late,15:20,9min early,1h 37m,Landed
2026-05-18,AI2148,AIC2148,Air India,Delhi,DEL,VIDP,14:35,06:35,14:46,11min late,19:39,on time,7h 23m,Landed
2026-05-18,QG681,CTV681,Citilink,Jakarta,CGK,WIII,14:45,06:45,15:03,18min late,15:38,16min early,1h 35m,Landed
2026-05-18,JT33,LNI033,Lion Air,Jakarta,CGK,WIII,14:45,06:45,15:06,21min late,15:40,on time,1h 34m,Landed
2026-05-18,QG342,CTV342,Citilink,Makassar,UPG,WAAA,14:49,06:49,15:04,15min late,16:19,2min late,1h 15m,Landed
2026-05-18,JT844,LNI844,Lion Air,Banjarmasin,BDJ,WAOO,15:00,07:00,16:27,27min late,17:39,9min late,1h 12m,Landed
2026-05-18,JQ107,JST107,Jetstar Airways,Perth,PER,YPPH,15:00,07:00,15:18,18min late,18:36,13min early,3h 17m,Landed
2026-05-18,JQ86,JST086,Jetstar Airways,Singapore,SIN,WSSS,15:05,07:05,16:31,26min late,19:00,0min late,2h 29m,Landed
2026-05-18,JQ44,JST044,Jetstar Airways,Melbourne,MEL,YMML,15:10,07:10,15:22,12min late,22:12,32min early,4h 49m,Landed
2026-05-18,VA50,VOZ050,Virgin Australia,Brisbane,BNE,YBBN,15:15,07:15,15:50,35min late,22:40,24min early,4h 49m,Landed
2026-05-18,AK377,AXM377,AirAsia,Kuala Lumpur,KUL,WMKK,15:25,07:25,15:35,10min late,18:20,9min early,2h 45m,Landed
2026-05-18,QG669,CTV669,Citilink,Surabaya,SUB,WARR,15:30,07:30,15:25,4min early,15:27,12min early,1h 1m,Landed
2026-05-18,JT740,LNI740,Lion Air,Makassar,UPG,WAAA,15:34,07:34,15:44,10min late,16:42,9min early,57m,Landed
2026-05-18,IP109,PAS109,Pelita Air Service,Jakarta,CGK,WIII,15:35,07:35,15:48,13min late,16:20,4min early,1h 31m,Landed
2026-05-18,SJ717,,Sriwijaya Air,Makassar,UPG,WAAA,15:40,07:40,15:40,,17:00,,1h 20m,Landed
2026-05-18,IW1850,WON1850,Wings Air,Lombok,LOP,WADL,15:40,07:40,16:12,32min late,16:37,7min late,25m,Landed
2026-05-18,GA411,GIA411,Garuda Indonesia,Jakarta,CGK,WIII,15:45,07:45,15:53,8min late,16:29,15min early,1h 35m,Landed
2026-05-18,VA92,VOZ092,Virgin Australia,Melbourne,MEL,YMML,15:50,07:50,16:48,58min late,23:39,14min late,4h 50m,Landed
2026-05-18,8B82,TNU082,TransNusa,Perth,PER,YPPH,15:50,07:50,15:55,5min late,19:14,25min early,3h 19m,Landed
2026-05-18,8B5256,TNU5256,Business Air,Lombok,LOP,WADL,15:55,07:55,16:00,5min late,16:20,29min early,20m,Landed
2026-05-18,CI772,CAL772,China Airlines,Taipei,TPE,RCTP,15:55,07:55,16:06,11min late,20:54,25min early,4h 48m,Landed
2026-05-18,VN640,HVN640,Vietnam Airlines,Ho Chi Minh City,SGN,VVTS,16:00,08:00,16:08,8min late,18:30,9min early,3h 21m,Landed
2026-05-18,QZ246,AWQ246,Indonesia AirAsia,Phuket,HKT,VTSP,16:10,08:10,16:16,6min late,18:52,17min early,3h 36m,Landed
2026-05-18,MH850,MAS850,Malaysia Airlines,Kuala Lumpur,KUL,WMKK,16:25,08:25,16:54,29min late,19:39,4min late,2h 45m,Landed
2026-05-18,BR256,EVA256,EVA Airways,Taipei,TPE,RCTP,16:30,08:30,16:45,15min late,21:54,6min early,5h 8m,Landed
2026-05-18,IW1852,WON1852,Wings Air,Lombok,LOP,WADL,16:30,08:30,16:39,9min late,17:09,10min early,30m,Landed
2026-05-18,IU703,SJV703,SW Italia,Surabaya,SUB,WARR,16:40,08:40,16:51,11min late,16:37,2min early,46m,Landed
2026-05-18,GA2554,GIA2554,Garuda Indonesia,Yogyakarta,YIA,WAHI,16:45,08:45,16:50,5min late,17:05,29min early,1h 15m,Landed
2026-05-18,HO1356,DKH1356,Juneyao Airlines,Shanghai,PVG,ZSPD,16:50,08:50,17:01,11min late,23:24,10min early,6h 23m,Landed
2026-05-18,GA349,GIA349,Garuda Indonesia,Surabaya,SUB,WARR,16:55,08:55,17:19,24min late,17:10,on time,50m,Landed
2026-05-18,TG432,THA432,Thai Airways International,Bangkok,BKK,VTBS,16:55,08:55,16:57,2min late,19:48,16min early,3h 51m,Landed
2026-05-18,ID6335,BTK6335,Batik Air,Labuan Bajo,LBJ,WATO,17:00,09:00,17:17,17min late,18:09,5min early,51m,Landed
2026-05-18,GA419,GIA419,Garuda Indonesia,Jakarta,CGK,WIII,17:25,09:25,17:43,18min late,18:17,7min early,1h 34m,Landed
2026-05-18,VJ998,VJC998,VietJet Air,Hanoi,HAN,VVNB,17:30,09:30,17:38,8min late,21:29,5min early,4h 50m,Landed
2026-05-18,TR243,TGW243,Scoot,Singapore,SIN,WSSS,17:35,09:35,18:54,19min late,21:11,46min late,2h 16m,Landed
2026-05-18,IP107,,Pelita Air Service,Jakarta,CGK,WIII,17:40,09:40,17:40,,18:30,,1h 50m,Landed
2026-05-18,NZ291,ANZ291,Air New Zealand,Auckland,AKL,NZAA,17:50,09:50,18:27,37min late,05:24,5min early,6h 57m,Landed
2026-05-18,QZ821,AWQ821,Indonesia AirAsia,Jakarta,CGK,WIII,18:00,10:00,18:06,6min late,18:41,8min early,1h 35m,Landed
2026-05-18,6E1608,IGO1608,IndiGo,Chennai,MAA,VOMM,18:00,10:00,18:17,17min late,21:51,16min late,6h 4m,Landed
2026-05-18,IU126,SJV126,SW Italia,Surakarta,SOC,WAHQ,18:10,10:10,18:29,19min late,18:33,3min late,1h 3m,Landed
2026-05-18,OD193,MXD193,Malindo Air,Perth,PER,YPPH,18:10,10:10,18:22,12min late,21:36,8min early,3h 14m,Landed
2026-05-18,ID6552,BTK6552,Batik Air,Kupang,KOE,WATT,18:25,10:25,19:05,40min late,20:23,8min late,1h 18m,Landed
2026-05-18,IN281,LKN281,Nam Air,Jakarta,CGK,WIII,18:30,10:30,18:38,8min late,19:23,13min late,1h 45m,Landed
2026-05-18,GA417,GIA417,Garuda Indonesia,Jakarta,CGK,WIII,18:30,10:30,18:42,12min late,19:23,6min early,1h 40m,Landed
2026-05-18,QR963,QTR963,Qatar Airways,Doha,DOH,OTHH,18:35,10:35,18:45,10min late,22:51,48min early,9h 5m,Landed
2026-05-18,EY477,ETD477,Etihad Airways,Abu Dhabi,AUH,OMAA,18:45,10:45,19:00,15min late,23:31,8min early,8h 30m,Landed
2026-05-18,CX782,CPA782,Cathay Pacific,Hong Kong,HKG,VHHH,18:50,10:50,19:08,18min late,23:41,23min early,4h 33m,Landed
2026-05-18,IP105,,Pelita Air Service,Jakarta,CGK,WIII,18:50,10:50,18:50,,19:40,,1h 50m,Landed
2026-05-18,QG689,CTV689,Citilink,Jakarta,CGK,WIII,18:55,10:55,19:35,40min late,20:27,32min late,1h 52m,Landed
2026-05-18,8B5258,TNU5258,TransNusa,Lombok,LOP,WADL,18:55,10:55,18:48,6min early,19:09,25min early,20m,Landed
2026-05-18,TG440,THA440,Thai Airways International,Bangkok,BKK,VTBS,19:00,11:00,19:13,13min late,22:05,4min early,3h 52m,Landed
2026-05-18,6E1612,IGO1612,IndiGo,Bhubaneswar,BBI,VEBS,19:10,11:10,19:24,14min late,22:31,18min early,5h 37m,Landed
2026-05-18,MH852,MAS852,Malaysia Airlines,Kuala Lumpur,KUL,WMKK,19:20,11:20,19:32,12min late,22:15,4min early,2h 43m,Landed
2026-05-18,QG699,CTV699,Citilink,Surabaya,SUB,WARR,19:25,11:25,19:42,17min late,19:31,8min early,49m,Landed
2026-05-18,ID7310,BTK7310,Batik Air,Jakarta,HLP,WIHH,19:25,11:25,19:28,3min late,20:13,1min early,1h 44m,Landed
2026-05-18,AK379,AXM379,AirAsia,Kuala Lumpur,KUL,WMKK,19:45,11:45,20:13,28min late,22:55,5min late,2h 41m,Landed
2026-05-18,EK369,UAE369,Emirates,Dubai,DXB,OMDB,19:45,11:45,19:56,11min late,00:35,14min early,8h 39m,Landed
2026-05-18,8B969,,Business Air,Guangzhou,CAN,ZGGG,19:50,11:50,03:51,1min late,08:41,23min early,,Landed
2026-05-18,GA421,GIA421,Garuda Indonesia,Jakarta,CGK,WIII,19:50,11:50,20:13,23min late,20:48,1min early,1h 34m,Landed
2026-05-18,IU133,SJV133,SW Italia,Semarang,SRG,WIIS,19:50,11:50,20:09,19min late,20:04,5min early,54m,Landed
2026-05-18,JT923,LNI923,Lion Air,Surabaya,SUB,WARR,19:55,11:55,20:32,37min late,20:17,22min late,44m,Landed
2026-05-18,SQ945,SIA945,Singapore Airlines,Singapore,SIN,WSSS,20:00,12:00,20:18,18min late,22:30,10min early,2h 11m,Landed
2026-05-18,QG697,CTV697,Citilink,Surabaya,SUB,WARR,20:25,12:25,20:17,7min early,20:12,12min early,55m,Landed
2026-05-18,ID6415,BTK6415,Batik Air,Surabaya,SUB,WARR,20:30,12:30,20:37,7min late,05:21,51min late,9h 44m,Landed
2026-05-18,GA415,GIA415,Garuda Indonesia,Jakarta,CGK,WIII,20:40,12:40,21:10,30min late,21:45,5min late,1h 35m,Landed
2026-05-18,KL836,KLM836,KLM Royal Dutch Airlines,Singapore,SIN,WSSS,20:45,12:45,21:17,32min late,23:32,7min late,2h 15m,Landed
2026-05-18,TK67,THY067,Turkish Airlines,Istanbul,IST,LTFM,20:45,12:45,20:50,5min late,04:36,8min early,12h 45m,Landed
2026-05-18,QG667,CTV667,Citilink,Jakarta,CGK,WIII,21:10,13:10,21:12,2min late,22:18,8min late,2h 6m,Landed
2026-05-18,JT15,LNI015,Lion Air,Jakarta,CGK,WIII,21:15,13:15,21:16,1min late,21:49,20min early,1h 32m,Landed
2026-05-18,QZ410,AWQ410,Indonesia AirAsia,Melbourne,MEL,YMML,21:15,13:15,21:29,14min late,04:30,29min early,5h 1m,Landed
2026-05-18,JQ34,JST034,Jetstar Airways,Melbourne,MEL,YMML,21:20,13:20,23:01,41min late,05:56,1min late,4h 54m,Landed
2026-05-18,JQ117,JST117,Jetstar Airways,Perth,PER,YPPH,21:30,13:30,22:01,31min late,01:33,13min late,3h 31m,Landed
2026-05-18,SJ273,,Sriwijaya Air,Jakarta,CGK,WIII,21:35,13:35,21:35,,22:15,,1h 40m,Landed
2026-05-18,SQ947,SIA947,Singapore Airlines,Singapore,SIN,WSSS,21:40,13:40,21:58,18min late,00:14,on time,2h 16m,Landed
2026-05-18,GA425,GIA425,Garuda Indonesia,Jakarta,CGK,WIII,21:40,13:40,21:48,8min late,22:21,23min early,1h 32m,Landed
2026-05-18,TK311,THY311,Turkish Airlines,Istanbul,IST,LTFM,21:45,13:45,21:52,7min late,05:25,19min early,12h 33m,Landed
2026-05-18,SV857,SVA857,Saudi Arabian Airlines,Singapore,SIN,WSSS,21:55,13:55,22:24,29min late,00:38,8min late,2h 13m,Landed
2026-05-18,AK375,AXM375,AirAsia,Kuala Lumpur,KUL,WMKK,22:15,14:15,22:43,28min late,01:23,3min late,2h 39m,Landed
2026-05-18,OD171,MXD171,Malindo Air,Sydney,SYD,YSSY,22:15,14:15,22:34,19min late,06:02,2min early,5h 28m,Landed
2026-05-18,QF44,QFA044,Qantas,Sydney,SYD,YSSY,22:20,14:20,23:57,37min late,06:47,37min late,4h 49m,Landed
2026-05-18,JQ38,JST038,Jetstar Airways,Sydney,SYD,YSSY,22:35,14:35,,,,,5h 55m,Cancelled
2026-05-18,7C5304,JJA5304,Jeju Air,Seoul,ICN,RKSI,22:45,14:45,22:54,9min late,06:57,17min early,7h 3m,Landed
2026-05-18,JQ91,JST091,Jetstar Airways,Cairns,CNS,YBCS,23:00,15:00,23:43,43min late,05:39,9min late,3h 56m,Landed
2026-05-18,VA96,VOZ096,Virgin Australia,Melbourne,MEL,YMML,23:05,15:05,23:47,42min late,06:35,4min early,4h 48m,Landed
2026-05-18,QF46,QFA046,Qantas,Melbourne,MEL,YMML,23:05,15:05,23:24,19min late,06:12,27min early,4h 48m,Landed
2026-05-18,8B5109,TNU5109,TransNusa,Jakarta,CGK,WIII,23:10,15:10,23:52,42min late,00:25,35min late,1h 32m,Landed
2026-05-18,3U3986,CSC3986,Sichuan Airlines,Lujia Town,TFU,ZUTF,23:10,15:10,23:10,on time,14:01,31min late,14h 50m,Landed
2026-05-18,VA82,VOZ082,Virgin Australia,Gold Coast,OOL,YBCG,23:20,15:20,00:11,51min late,07:04,9min late,4h 52m,Landed
2026-05-18,JQ50,JST050,Jetstar Airways,Melbourne,AVV,YMAV,23:25,15:25,23:59,34min late,07:21,21min late,5h 21m,Landed
2026-05-18,GA714,GIA714,Garuda Indonesia,Sydney,SYD,YSSY,23:25,15:25,23:40,15min late,06:55,14min early,5h 14m,Landed
2026-05-18,VA68,VOZ068,Virgin Australia,Sydney,SYD,YSSY,23:35,15:35,00:14,39min late,07:13,21min early,4h 59m,Landed
2026-05-18,JQ94,JST094,Jetstar Airways,Gold Coast,OOL,YBCG,23:45,15:45,00:25,40min late,07:21,6min late,4h 55m,Landed
2026-05-18,KE432,KAL432,Korean Air Lines,Seoul,ICN,RKSI,23:45,15:45,00:03,18min late,07:36,18min early,6h 33m,Landed
2026-05-18,QZ420,AWQ420,Indonesia AirAsia,Adelaide,ADL,YPAD,23:45,15:45,00:06,21min late,06:03,21min early,4h 27m,Landed
2026-05-18,JQ89,JST089,Jetstar Airways,Newcastle,NTL,YWLM,23:50,15:50,00:52,2min late,07:49,9min late,4h 57m,Landed
2026-05-18,JQ128,JST128,Jetstar Airways,Adelaide,ADL,YPAD,23:55,15:55,00:38,43min late,06:30,20min late,4h 21m,Landed
2026-05-19,BX602,ABL602,Air Busan,Busan,PUS,RKPK,00:05,16:05,00:47,42min late,08:28,33min late,6h 41m,Landed
2026-05-19,GA880,GIA880,Garuda Indonesia,Tokyo,NRT,RJAA,00:20,16:20,00:32,12min late,08:42,7min early,7h 9m,Landed
2026-05-19,8B84,TNU084,TransNusa,Perth,PER,YPPH,00:20,16:20,00:36,16min late,03:58,6min early,3h 21m,Landed
2026-05-19,MF892,CXA892,Xiamen Airlines,Xiamen,XMN,ZSAM,00:30,16:30,00:41,11min late,06:10,5min late,5h 28m,Landed
2026-05-19,EK399,UAE399,Emirates,Dubai,DXB,OMDB,00:35,16:35,00:44,9min late,05:25,10min early,8h 40m,Landed
2026-05-19,QR961,QTR961,Qatar Airways,Doha,DOH,OTHH,00:35,16:35,00:34,on time,10:42,2min late,15h 7m,Landed
2026-05-19,CZ626,CSN626,China Southern Airlines,Guangzhou,CAN,ZGGG,00:40,16:40,00:46,6min late,06:01,6min late,5h 14m,Landed
2026-05-19,PR538,PAL538,Philippine Airlines,Manila,MNL,RPLL,00:55,16:55,01:10,15min late,04:45,14min early,3h 35m,Landed
2026-05-19,MU5030,CES5030,China Eastern Airlines,Shanghai,PVG,ZSPD,00:55,16:55,01:07,12min late,07:20,34min early,6h 12m,Landed
2026-05-19,SJ726,,Sriwijaya Air,Makassar,UPG,WAAA,01:00,17:00,01:00,,02:20,,1h 20m,Landed
2026-05-19,5J282,CEB282,CEBU Pacific Air,Manila,MNL,RPLL,01:00,17:00,01:37,37min late,05:08,11min early,3h 31m,Landed
2026-05-19,GA652,GIA652,Garuda Indonesia,Timika,TIM,WABP,01:05,17:05,01:26,21min late,05:55,10min late,3h 29m,Landed
2026-05-19,KE434,KAL434,Korean Air Lines,Seoul,ICN,RKSI,01:10,17:10,01:20,10min late,09:03,21min early,6h 43m,Landed
2026-05-19,8B5888,TNU5888,TransNusa,Manado,MDC,WAMM,01:30,17:30,01:38,8min late,03:49,10min early,2h 10m,Landed
2026-05-19,8B969,,Business Air,Guangzhou,CAN,ZGGG,03:45,19:45,03:54,9min late,08:45,19min early,4h 51m,Landed
2026-05-19,IU705,SJV705,SW Italia,Surabaya,SUB,WARR,07:00,23:00,07:20,20min late,07:06,6min late,45m,Landed
2026-05-19,JQ111,JST111,Jetstar Airways,Perth,PER,YPPH,07:00,23:00,07:05,5min late,10:31,8min early,3h 25m,Landed
2026-05-19,GA401,GIA401,Garuda Indonesia,Jakarta,CGK,WIII,07:00,23:00,07:11,11min late,07:48,11min early,1h 37m,Landed
2026-05-19,QZ807,AWQ807,Indonesia AirAsia,Jakarta,CGK,WIII,07:00,23:00,07:01,1min late,07:38,21min early,1h 37m,Landed
2026-05-19,JT746,LNI746,Lion Air,Makassar,UPG,WAAA,07:00,23:00,07:15,15min late,08:12,12min early,57m,Landed
2026-05-19,JQ82,JST082,Jetstar Airways,Darwin,DRW,YPDN,07:00,23:00,07:05,5min late,10:49,25min early,2h 14m,Landed
2026-05-19,QZ534,AWQ534,Indonesia AirAsia,Perth,PER,YPPH,07:05,23:05,07:22,17min late,11:01,1min late,3h 39m,Landed
2026-05-19,QZ644,AWQ644,Indonesia AirAsia,Labuan Bajo,LBJ,WATO,07:10,23:10,07:01,8min early,07:48,26min early,47m,Landed
2026-05-19,SQ949,SIA949,Singapore Airlines,Singapore,SIN,WSSS,07:15,23:15,07:29,14min late,09:43,16min early,2h 13m,Landed
2026-05-19,8B5250,TNU5250,TransNusa,Lombok,LOP,WADL,07:15,23:15,07:31,16min late,07:57,2min late,25m,Landed
2026-05-19,8B551,,Business Air,Singapore,SIN,WSSS,07:30,23:30,07:30,,09:55,,2h 25m,Landed
2026-05-19,ID6333,BTK6333,Batik Air,Labuan Bajo,LBJ,WATO,07:55,23:55,08:14,19min late,09:05,4min early,51m,Landed
2026-05-19,HX706,CRK706,Hong Kong Airlines,Hong Kong,HKG,VHHH,08:05,00:05,08:26,21min late,12:52,27min early,4h 26m,Landed
2026-05-19,JT21,LNI021,Lion Air,Jakarta,CGK,WIII,08:05,00:05,08:24,19min late,08:55,4min early,1h 31m,Landed
2026-05-19,IW1858,WON1858,Wings Air,Lombok,LOP,WADL,08:05,00:05,08:20,15min late,08:52,2min early,32m,Landed
2026-05-19,AI2146,AIC2146,Air India,Delhi,DEL,VIDP,08:25,00:25,11:45,20min late,16:35,45min late,7h 19m,Landed
2026-05-19,5J280,CEB280,CEBU Pacific Air,Manila,MNL,RPLL,08:35,00:35,08:42,7min late,12:27,27min early,3h 45m,Landed
2026-05-19,CZ8482,CSN8482,China Southern Airlines,Guangzhou,CAN,ZGGG,08:40,00:40,08:38,1min early,13:36,13min early,4h 57m,Landed
2026-05-19,IW1854,WON1854,Wings Air,Lombok,LOP,WADL,08:45,00:45,08:47,2min late,09:10,24min early,23m,Landed
2026-05-19,IW1882,WON1882,Wings Air,Sumbawa Besar,SWQ,WADS,08:55,00:55,08:59,4min late,09:49,10min early,50m,Landed
2026-05-19,QG500,CTV500,Citilink,Dili,DIL,WPDL,09:00,01:00,09:12,12min late,11:58,6min early,1h 45m,Landed
2026-05-19,QG691,CTV691,Citilink,Surabaya,SUB,WARR,09:05,01:05,08:57,7min early,08:45,29min early,48m,Landed
2026-05-19,ID6324,BTK6324,Batik Air,Tambolaka,TMC,WADT,09:10,01:10,09:14,4min late,09:59,20min early,45m,Landed
2026-05-19,IN640,LKN640,NAM Air,Tambolaka,TMC,WADT,09:10,01:10,09:07,2min early,09:50,19min early,42m,Landed
2026-05-19,8B5105,TNU5105,TransNusa,Jakarta,CGK,WIII,09:15,01:15,09:25,10min late,09:56,3min early,1h 31m,Landed
2026-05-19,IW1848,,Wings Air,Lombok,LOP,WADL,09:25,01:25,,,,,50m,Cancelled
2026-05-19,8B5634,,Business Air,Bima,BMU,WADB,09:35,01:35,09:35,,10:35,,1h 0m,Landed
2026-05-19,8B80,TNU080,TransNusa,Perth,PER,YPPH,09:40,01:40,09:48,8min late,13:23,1min early,3h 34m,Landed
2026-05-19,IU122,SJV122,SW Italia,Yogyakarta,YIA,WAHI,10:00,02:00,10:02,2min late,10:11,18min early,1h 9m,Landed
2026-05-19,SQ935,SIA935,Singapore Airlines,Singapore,SIN,WSSS,10:05,02:05,10:13,8min late,12:23,21min early,2h 9m,Landed
2026-05-19,8B553,TNU553,Business Air,Singapore,SIN,WSSS,10:20,02:20,10:28,8min late,12:41,34min early,2h 12m,Landed
2026-05-19,8B5101,TNU5101,TransNusa,Jakarta,CGK,WIII,10:25,02:25,10:36,11min late,11:08,6min early,1h 32m,Landed
2026-05-19,8G182,DTL182,Mid Africa Aviation,Dili,DIL,WPDL,10:35,02:35,10:49,14min late,13:24,5min early,1h 34m,Landed
2026-05-19,JT805,,Lion Air,Surabaya,SUB,WARR,10:35,02:35,,,,,1h 0m,Cancelled
2026-05-19,IW1856,WON1856,Wings Air,Lombok,LOP,WADL,11:10,03:10,11:41,31min late,12:13,13min late,31m,Landed
2026-05-19,JQ126,JST126,Jetstar Airways,Adelaide,ADL,YPAD,11:15,03:15,11:50,35min late,17:36,6min late,4h 16m,Landed
2026-05-19,6E1606,IGO1606,IndiGo,Bangalore,BLR,VOBL,11:20,03:20,11:21,1min late,14:58,11min early,6h 6m,Landed
2026-05-19,QZ646,AWQ646,Indonesia AirAsia,Labuan Bajo,LBJ,WATO,11:25,03:25,11:33,8min late,12:27,12min early,54m,Landed
2026-05-19,IW1964,WON1964,Wings Air,Lombok,LOP,WADL,11:40,03:40,12:15,35min late,12:46,16min late,31m,Landed
2026-05-19,JQ109,JST109,Jetstar Airways,Perth,PER,YPPH,11:40,03:40,12:06,26min late,15:17,7min early,3h 11m,Landed
2026-05-19,AK371,AXM371,AirAsia,Kuala Lumpur,KUL,WMKK,11:40,03:40,11:49,9min late,14:42,2min early,2h 53m,Landed
2026-05-19,ID6331,BTK6331,Batik Air,Labuan Bajo,LBJ,WATO,11:45,03:45,11:57,12min late,12:48,11min early,50m,Landed
2026-05-19,IW1850,WON1850,Wings Air,Lombok,LOP,WADL,11:50,03:50,11:54,4min late,12:22,17min early,28m,Landed
2026-05-19,OD192,MXD192,Malindo Air,Kuala Lumpur,KUL,WMKK,11:55,03:55,12:12,17min late,14:51,13min early,2h 39m,Landed
2026-05-19,GA407,GIA407,Garuda Indonesia,Jakarta,CGK,WIII,11:55,03:55,12:22,27min late,13:05,10min late,1h 42m,Landed
2026-05-19,QZ809,AWQ809,Indonesia AirAsia,Jakarta,CGK,WIII,11:55,03:55,12:20,25min late,12:54,4min late,1h 34m,Landed
2026-05-19,QZ544,AWQ544,Indonesia AirAsia,Perth,PER,YPPH,12:00,04:00,12:27,27min late,15:50,on time,3h 23m,Landed
2026-05-19,JQ32,JST032,Jetstar Airways,Melbourne,MEL,YMML,12:05,04:05,14:32,27min late,21:28,48min late,4h 55m,Landed
2026-05-19,GA253,GIA253,Garuda Indonesia,Yogyakarta,YIA,WAHI,12:05,04:05,12:33,28min late,12:48,6min early,1h 14m,Landed
2026-05-19,SQ937,SIA937,Singapore Airlines,Singapore,SIN,WSSS,12:10,04:10,12:31,21min late,14:50,5min early,2h 18m,Landed
2026-05-19,JQ1038,JST1038,Jetstar Airways,Sydney,SYD,YSSY,12:15,04:15,12:36,21min late,19:44,25min early,5h 7m,Landed
2026-05-19,JQ40,JST040,Jetstar Airways,Sydney,SYD,YSSY,12:20,04:20,12:44,24min late,19:47,27min early,5h 2m,Landed
2026-05-19,8B5254,TNU5254,TransNusa,Lombok,LOP,WADL,12:40,04:40,12:42,2min late,13:08,11min early,26m,Landed
2026-05-19,IP103,PAS103,Pelita Air Service,Jakarta,CGK,WIII,12:45,04:45,13:18,33min late,13:54,14min late,1h 35m,Landed
2026-05-19,JQ8998,JST8998,Jetstar Airways,Melbourne,MEL,YMML,13:00,05:00,13:28,28min late,20:33,13min late,5h 5m,Landed
2026-05-19,AK365,AXM365,AirAsia,Kuala Lumpur,KUL,WMKK,13:00,05:00,13:25,25min late,16:10,5min late,2h 45m,Landed
2026-05-19,OD307,MXD307,Malindo Air,Kuala Lumpur,KUL,WMKK,13:00,05:00,13:21,21min late,16:02,2min late,2h 40m,Landed
2026-05-19,ID6509,BTK6509,Batik Air,Jakarta,CGK,WIII,13:00,05:00,13:13,13min late,13:47,7min early,1h 34m,Landed
2026-05-19,MH714,MAS714,Malaysia Airlines,Kuala Lumpur,KUL,WMKK,13:05,05:05,13:34,29min late,16:10,10min late,2h 36m,Landed
2026-05-19,OD172,MXD172,Malindo Air,Kuala Lumpur,KUL,WMKK,13:10,05:10,13:36,26min late,16:13,6min early,2h 36m,Landed
2026-05-19,JQ58,JST058,Jetstar Airways,Brisbane,BNE,YBBN,13:15,05:15,13:44,29min late,20:31,23min early,4h 46m,Landed
2026-05-19,JT35,LNI035,Lion Air,Jakarta,CGK,WIII,13:15,05:15,13:42,27min late,14:25,15min late,1h 43m,Landed
2026-05-19,SQ939,SIA939,Singapore Airlines,Singapore,SIN,WSSS,13:15,05:15,13:38,23min late,15:50,10min early,2h 11m,Landed
2026-05-19,GA409,GIA409,Garuda Indonesia,Jakarta,CGK,WIII,13:25,05:25,13:53,28min late,14:30,5min late,1h 36m,Landed
2026-05-19,JT660,LNI660,Lion Air,Balikpapan,BPN,WALL,13:30,05:30,13:50,20min late,15:13,1min early,1h 22m,Landed
2026-05-19,GA842,GIA842,Garuda Indonesia,Singapore,SIN,WSSS,13:40,05:40,13:59,19min late,16:21,3min early,2h 22m,Landed
2026-05-19,QG687,CTV687,Citilink,Jakarta,CGK,WIII,13:45,05:45,13:56,11min late,14:34,5min early,1h 37m,Landed
2026-05-19,8B5107,TNU5107,TransNusa,Jakarta,CGK,WIII,13:50,05:50,14:30,40min late,15:04,24min late,1h 34m,Landed
2026-05-19,JT919,LNI919,Lion Air,Surabaya,SUB,WARR,13:55,05:55,14:04,9min late,13:49,5min early,44m,Landed
2026-05-19,VJ894,VJC894,VietJet Air,Ho Chi Minh City,SGN,VVTS,14:05,06:05,14:20,15min late,16:40,14min early,3h 20m,Landed
2026-05-19,TR289,TGW289,Scoot,Singapore,SIN,WSSS,14:05,06:05,14:09,4min late,16:26,28min early,2h 16m,Landed
2026-05-19,ID6517,BTK6517,Batik Air,Jakarta,CGK,WIII,14:15,06:15,14:43,28min late,15:17,7min late,1h 34m,Landed
2026-05-19,ID7308,BTK7308,Batik Air,Jakarta,HLP,WIHH,14:20,06:20,14:36,16min late,15:04,5min early,1h 27m,Landed
2026-05-19,QG681,CTV681,Citilink,Jakarta,CGK,WIII,14:45,06:45,14:59,14min late,15:42,12min early,1h 42m,Landed
2026-05-19,QG342,CTV342,Citilink,Makassar,UPG,WAAA,15:00,07:00,15:21,21min late,07:45,15min late,16h 24m,Landed
2026-05-19,JT844,LNI844,Lion Air,Banjarmasin,BDJ,WAOO,15:00,07:00,15:06,6min late,16:12,17min early,1h 6m,Landed
2026-05-19,JQ88,JST088,Jetstar Airways,Singapore,SIN,WSSS,15:09,07:09,15:23,14min late,17:44,11min early,2h 20m,Landed
2026-05-19,JQ44,JST044,Jetstar Airways,Melbourne,MEL,YMML,15:10,07:10,16:43,33min late,23:38,53min late,4h 54m,Landed
2026-05-19,VA50,VOZ050,Virgin Australia,Brisbane,BNE,YBBN,15:15,07:15,16:18,3min late,23:04,on time,4h 46m,Landed
2026-05-19,AK377,AXM377,AirAsia,Kuala Lumpur,KUL,WMKK,15:25,07:25,16:10,45min late,18:58,28min late,2h 47m,Landed
2026-05-19,QG669,CTV669,Citilink,Surabaya,SUB,WARR,15:30,07:30,15:22,7min early,15:19,20min early,56m,Landed
2026-05-19,JT740,LNI740,Lion Air,Makassar,UPG,WAAA,15:30,07:30,15:38,8min late,07:31,36min late,15h 53m,Landed
2026-05-19,IN281,LKN281,NAM Air,Jakarta,CGK,WIII,15:30,07:30,18:12,42min late,18:56,46min late,1h 44m,Landed
2026-05-19,IP109,PAS109,Pelita Air Service,Jakarta,CGK,WIII,15:35,07:35,15:55,20min late,16:30,5min late,1h 35m,Landed
2026-05-19,GA411,GIA411,Garuda Indonesia,Jakarta,CGK,WIII,15:45,07:45,15:59,14min late,16:35,9min early,1h 35m,Landed
2026-05-19,QZ648,AWQ648,Indonesia AirAsia,Labuan Bajo,LBJ,WATO,15:45,07:45,16:03,18min late,16:50,4min early,47m,Landed
2026-05-19,VA92,VOZ092,Virgin Australia,Melbourne,MEL,YMML,15:50,07:50,16:53,3min late,23:53,28min late,5h 0m,Landed
2026-05-19,8B5256,,TransNusa,Lombok,LOP,WADL,15:55,07:55,15:55,,16:50,,55m,Landed
2026-05-19,CI772,CAL772,China Airlines,Taipei,TPE,RCTP,15:55,07:55,15:52,2min early,20:41,39min early,4h 48m,Landed
2026-05-19,VN640,HVN640,Vietnam Airlines,Ho Chi Minh City,SGN,VVTS,16:00,08:00,16:20,20min late,18:45,5min late,3h 24m,Landed
2026-05-19,QZ246,AWQ246,Indonesia AirAsia,Phuket,HKT,VTSP,16:10,08:10,16:23,13min late,19:08,1min early,3h 45m,Landed
2026-05-19,CX784,CPA784,Cathay Pacific,Hong Kong,HKG,VHHH,16:15,08:15,16:40,25min late,21:01,23min early,4h 20m,Landed
2026-05-19,8B82,,TransNusa,Perth,PER,YPPH,16:20,08:20,16:20,,20:10,,3h 50m,Landed
2026-05-19,MH850,MAS850,Malaysia Airlines,Kuala Lumpur,KUL,WMKK,16:25,08:25,16:46,21min late,19:24,10min early,2h 38m,Landed
2026-05-19,BR256,EVA256,EVA Airways,Taipei,TPE,RCTP,16:30,08:30,16:50,20min late,21:47,12min early,4h 56m,Landed
2026-05-19,IW1852,WON1852,Wings Air,Lombok,LOP,WADL,16:30,08:30,17:21,51min late,17:46,26min late,25m,Landed
2026-05-19,IU703,SJV703,SW Italia,Surabaya,SUB,WARR,16:40,08:40,17:19,39min late,16:59,19min late,39m,Landed
2026-05-19,GA2554,GIA2554,Garuda Indonesia,Yogyakarta,YIA,WAHI,16:45,08:45,16:48,3min late,17:02,33min early,1h 13m,Landed
2026-05-19,HO1356,DKH1356,Juneyao Airlines,Shanghai,PVG,ZSPD,16:50,08:50,17:03,13min late,23:18,16min early,6h 14m,Landed
2026-05-19,GA349,GIA349,Garuda Indonesia,Surabaya,SUB,WARR,16:55,08:55,16:57,2min late,16:48,21min early,51m,Landed
2026-05-19,TG432,THA432,Thai Airways International,Bangkok,BKK,VTBS,16:55,08:55,17:01,6min late,19:40,24min early,3h 39m,Landed
2026-05-19,ID6335,BTK6335,Batik Air,Labuan Bajo,LBJ,WATO,17:00,09:00,16:55,4min early,17:46,28min early,50m,Landed
2026-05-19,GA419,GIA419,Garuda Indonesia,Jakarta,CGK,WIII,17:25,09:25,17:45,20min late,18:28,3min late,1h 42m,Landed
2026-05-19,TR243,TGW243,Scoot,Singapore,SIN,WSSS,17:35,09:35,17:51,16min late,20:10,14min early,2h 19m,Landed
2026-05-19,IP107,,Pelita Air Service,Jakarta,CGK,WIII,17:40,09:40,17:40,,18:30,,1h 50m,Landed
2026-05-19,QZ821,AWQ821,Indonesia AirAsia,Jakarta,CGK,WIII,18:00,10:00,18:15,15min late,18:51,1min late,1h 36m,Landed
2026-05-19,6E1608,IGO1608,IndiGo,Chennai,MAA,VOMM,18:00,10:00,17:49,10min early,21:00,35min early,5h 40m,Landed
2026-05-19,IU126,SJV126,SW Italia,Surakarta,SOC,WAHQ,18:10,10:10,18:31,21min late,18:35,5min late,1h 4m,Landed
2026-05-19,OD193,MXD193,Malindo Air,Perth,PER,YPPH,18:10,10:10,18:46,36min late,22:04,19min late,3h 18m,Landed
2026-05-19,ID6552,BTK6552,Batik Air,Kupang,KOE,WATT,18:25,10:25,18:25,on time,19:28,46min early,1h 3m,Landed
2026-05-19,IN283,,NAM Air,Jakarta,CGK,WIII,18:30,10:30,18:30,,19:10,,1h 40m,Landed
2026-05-19,GA417,GIA417,Garuda Indonesia,Jakarta,CGK,WIII,18:30,10:30,18:49,19min late,19:37,7min late,1h 47m,Landed
2026-05-19,QR963,QTR963,Qatar Airways,Doha,DOH,OTHH,18:35,10:35,18:41,6min late,22:47,52min early,9h 6m,Landed
2026-05-19,EY477,ETD477,Etihad Airways,Abu Dhabi,AUH,OMAA,18:45,10:45,19:01,16min late,23:40,on time,8h 38m,Landed
2026-05-19,CX782,CPA782,Cathay Pacific,Hong Kong,HKG,VHHH,18:50,10:50,18:56,6min late,23:26,38min early,4h 29m,Landed
2026-05-19,IP105,,Pelita Air Service,Jakarta,CGK,WIII,18:50,10:50,18:50,,19:40,,1h 50m,Landed
2026-05-19,QG689,CTV689,Citilink,Jakarta,CGK,WIII,18:55,10:55,19:29,34min late,20:01,6min late,1h 32m,Landed
2026-05-19,8B5258,TNU5258,TransNusa,Lombok,LOP,WADL,18:55,10:55,18:21,33min early,18:42,52min early,20m,Landed
2026-05-19,TG440,THA440,Thai Airways International,Bangkok,BKK,VTBS,19:00,11:00,19:06,6min late,22:04,5min early,3h 58m,Landed
2026-05-19,6E1612,IGO1612,IndiGo,Bhubaneswar,BBI,VEBS,19:10,11:10,18:59,10min early,22:16,33min early,5h 46m,Landed
2026-05-19,MH852,MAS852,Malaysia Airlines,Kuala Lumpur,KUL,WMKK,19:20,11:20,19:17,2min early,21:59,20min early,2h 42m,Landed
2026-05-19,ID7310,BTK7310,Batik Air,Jakarta,HLP,WIHH,19:25,11:25,19:25,on time,19:50,24min early,1h 25m,Landed
2026-05-19,QG699,CTV699,Citilink,Surabaya,SUB,WARR,19:25,11:25,19:31,6min late,13:41,1min late,19h 9m,Landed
2026-05-19,EK369,UAE369,Emirates,Dubai,DXB,OMDB,19:45,11:45,19:59,14min late,01:01,11min late,9h 1m,Landed
2026-05-19,AK379,AXM379,AirAsia,Kuala Lumpur,KUL,WMKK,19:45,11:45,19:49,4min late,22:29,20min early,2h 39m,Landed
2026-05-19,GA421,GIA421,Garuda Indonesia,Jakarta,CGK,WIII,19:50,11:50,20:02,12min late,20:43,6min early,1h 41m,Landed
2026-05-19,IU133,SJV133,SW Italia,Semarang,SRG,WIIS,19:50,11:50,19:58,8min late,19:57,12min early,59m,Landed
2026-05-19,JT923,,Lion Air,Surabaya,SUB,WARR,19:55,11:55,,,,,1h 0m,Cancelled
2026-05-19,SQ945,SIA945,Singapore Airlines,Singapore,SIN,WSSS,20:00,12:00,20:19,19min late,22:39,on time,2h 19m,Landed
2026-05-19,QG697,CTV697,Citilink,Surabaya,SUB,WARR,20:25,12:25,20:26,1min late,20:13,11min early,46m,Landed
2026-05-19,ID6415,BTK6415,Batik Air,Surabaya,SUB,WARR,20:30,12:30,20:34,4min late,20:16,13min early,42m,Landed
2026-05-19,GA415,GIA415,Garuda Indonesia,Jakarta,CGK,WIII,20:40,12:40,01:27,47min late,15:07,27min late,14h 40m,Landed
2026-05-19,KL836,KLM836,KLM Royal Dutch Airlines,Singapore,SIN,WSSS,20:45,12:45,21:08,23min late,23:17,7min early,2h 8m,Landed
2026-05-19,OD177,MXD177,Malindo Air,Melbourne,MEL,YMML,21:00,13:00,20:57,2min early,03:59,40min early,5h 2m,Landed
2026-05-19,QG667,CTV667,Citilink,Jakarta,CGK,WIII,21:10,13:10,21:05,4min early,21:40,29min early,1h 35m,Landed
2026-05-19,JT15,LNI015,Lion Air,Jakarta,CGK,WIII,21:15,13:15,21:18,3min late,21:54,15min early,1h 36m,Landed
2026-05-19,JQ34,JST034,Jetstar Airways,Melbourne,MEL,YMML,21:20,13:20,21:51,31min late,04:56,1min late,5h 4m,Landed
2026-05-19,JQ117,JST117,Jetstar Airways,Perth,PER,YPPH,21:30,13:30,21:31,1min late,01:05,14min early,3h 33m,Landed
2026-05-19,SJ273,,Sriwijaya Air,Jakarta,CGK,WIII,21:35,13:35,21:35,,22:15,,1h 40m,Landed
2026-05-19,SQ947,SIA947,Singapore Airlines,Singapore,SIN,WSSS,21:40,13:40,21:46,6min late,23:57,18min early,2h 10m,Landed
2026-05-19,OD157,MXD157,Malindo Air,Brisbane,BNE,YBBN,22:00,14:00,22:05,5min late,04:59,50min early,4h 54m,Landed
2026-05-19,GA718,GIA718,Garuda Indonesia,Melbourne,MEL,YMML,22:05,14:05,22:15,10min late,05:33,3min late,5h 17m,Landed
2026-05-19,JQ60,JST060,Jetstar Airways,Brisbane,BNE,YBBN,22:10,14:10,23:05,55min late,05:54,9min late,4h 49m,Landed
2026-05-19,OD171,MXD171,Malindo Air,Sydney,SYD,YSSY,22:15,14:15,22:21,6min late,06:12,7min late,5h 51m,Landed
2026-05-19,AK375,AXM375,AirAsia,Kuala Lumpur,KUL,WMKK,22:15,14:15,22:38,23min late,01:20,on time,2h 42m,Landed
2026-05-19,QF44,QFA044,Qantas,Sydney,SYD,YSSY,22:20,14:20,22:20,on time,06:03,6min early,5h 43m,Landed
2026-05-19,JQ38,JST038,Jetstar Airways,Sydney,SYD,YSSY,22:35,14:35,22:49,14min late,06:11,18min early,5h 22m,Landed
2026-05-19,7C5304,JJA5304,Jeju Air,Seoul,ICN,RKSI,22:45,14:45,22:52,7min late,06:59,15min early,7h 6m,Landed
2026-05-19,VA96,VOZ096,Virgin Australia,Melbourne,MEL,YMML,23:05,15:05,23:32,27min late,06:39,on time,5h 7m,Landed
2026-05-19,8B5109,TNU5109,TransNusa,Jakarta,CGK,WIII,23:10,15:10,23:29,19min late,00:01,11min late,1h 32m,Landed
2026-05-19,JQ36,JST036,Jetstar Airways,Melbourne,MEL,YMML,23:25,15:25,00:01,36min late,07:03,3min late,5h 2m,Landed
2026-05-19,VA68,VOZ068,Virgin Australia,Sydney,SYD,YSSY,23:35,15:35,00:39,4min late,08:08,33min late,5h 28m,Landed
2026-05-19,KE432,KAL432,Korean Air Lines,Seoul,ICN,RKSI,23:45,15:45,23:51,6min late,07:35,19min early,6h 44m,Landed
2026-05-19,JQ89,JST089,Jetstar Airways,Newcastle,NTL,YWLM,23:50,15:50,23:54,4min late,07:10,29min early,5h 16m,Landed
2026-05-20,BX602,ABL602,Air Busan,Busan,PUS,RKPK,00:05,16:05,00:57,52min late,11:29,29min late,9h 31m,Landed
2026-05-20,GA880,GIA880,Garuda Indonesia,Tokyo,NRT,RJAA,00:20,16:20,00:25,5min late,08:21,28min early,6h 56m,Landed
2026-05-20,8B84,,Business Air,Perth,PER,YPPH,00:20,16:20,,,,,3h 45m,Cancelled
2026-05-20,MF892,CXA892,Xiamen Airlines,Xiamen,XMN,ZSAM,00:30,16:30,00:32,2min late,05:52,12min early,5h 20m,Landed
2026-05-20,EK399,UAE399,Emirates,Dubai,DXB,OMDB,00:35,16:35,00:48,13min late,05:31,3min early,8h 42m,Landed
2026-05-20,QR961,QTR961,Qatar Airways,Doha,DOH,OTHH,00:35,16:35,00:40,5min late,04:52,47min early,9h 12m,Landed
2026-05-20,CZ626,CSN626,China Southern Airlines,Guangzhou,CAN,ZGGG,00:40,16:40,00:59,19min late,06:00,54min early,5h 0m,Landed
2026-05-20,PR538,PAL538,Philippine Airlines,Manila,MNL,RPLL,00:55,16:55,01:02,7min late,04:26,33min early,3h 23m,Landed
2026-05-20,MU5030,CES5030,China Eastern Airlines,Shanghai,PVG,ZSPD,00:55,16:55,01:22,27min late,07:35,24min early,6h 12m,Landed
2026-05-20,5J282,CEB282,CEBU Pacific Air,Manila,MNL,RPLL,01:00,17:00,01:07,7min late,04:44,35min early,3h 37m,Landed
2026-05-20,GA652,GIA652,Garuda Indonesia,Timika,TIM,WABP,01:05,17:05,01:26,21min late,05:55,10min late,3h 29m,Landed
2026-05-20,KE434,KAL434,Korean Air Lines,Seoul,ICN,RKSI,01:10,17:10,01:20,10min late,09:03,21min early,6h 43m,Landed
2026-05-20,8B969,,Business Air,Guangzhou,CAN,ZGGG,03:45,19:45,03:54,9min late,08:45,19min early,4h 51m,Landed
2026-05-20,GA401,GIA401,Garuda Indonesia,Jakarta,CGK,WIII,07:00,23:00,07:11,11min late,07:48,11min early,1h 37m,Landed
2026-05-20,QZ807,AWQ807,Indonesia AirAsia,Jakarta,CGK,WIII,07:00,23:00,07:01,1min late,07:38,21min early,1h 37m,Landed
2026-05-20,JT746,LNI746,Lion Air,Makassar,UPG,WAAA,07:00,23:00,07:15,15min late,08:12,12min early,57m,Landed
2026-05-20,JQ82,JST082,Jetstar Airways,Darwin,DRW,YPDN,07:00,23:00,07:05,5min late,10:49,25min early,2h 14m,Landed
2026-05-20,IU705,SJV705,SW Italia,Surabaya,SUB,WARR,07:00,23:00,07:20,20min late,07:06,6min late,45m,Landed
2026-05-20,QZ534,AWQ534,Indonesia AirAsia,Perth,PER,YPPH,07:05,23:05,07:19,14min late,10:57,2min early,3h 38m,Landed
2026-05-20,QZ644,AWQ644,Indonesia AirAsia,Labuan Bajo,LBJ,WATO,07:10,23:10,07:08,1min early,07:59,15min early,50m,Landed
2026-05-20,8B5250,TNU5250,TransNusa,Lombok,LOP,WADL,07:15,23:15,07:23,8min late,07:43,11min early,20m,Landed
2026-05-20,SQ949,SIA949,Singapore Airlines,Singapore,SIN,WSSS,07:15,23:15,07:16,1min late,09:30,29min early,2h 13m,Landed
2026-05-20,8B551,,Business Air,Singapore,SIN,WSSS,07:30,23:30,07:30,,09:55,,2h 25m,Landed
2026-05-20,ID6333,BTK6333,Batik Air,Labuan Bajo,LBJ,WATO,07:55,23:55,08:23,28min late,09:25,15min late,1h 1m,Landed
2026-05-20,JT21,LNI021,Lion Air,Jakarta,CGK,WIII,08:05,00:05,08:13,8min late,08:47,12min early,1h 33m,Landed
2026-05-20,IW1858,WON1858,Wings Air,Lombok,LOP,WADL,08:05,00:05,08:15,10min late,08:38,16min early,23m,Landed
2026-05-20,HX706,CRK706,Hong Kong Airlines,Hong Kong,HKG,VHHH,08:05,00:05,08:21,16min late,13:04,15min early,4h 43m,Landed
2026-05-20,5J280,CEB280,CEBU Pacific Air,Manila,MNL,RPLL,08:35,00:35,08:51,16min late,12:29,25min early,3h 38m,Landed
2026-05-20,CZ8482,CSN8482,China Southern Airlines,Guangzhou,CAN,ZGGG,08:40,00:40,08:48,8min late,19:03,13min late,10h 15m,Landed
2026-05-20,IW1854,WON1854,Wings Air,Lombok,LOP,WADL,08:45,00:45,08:34,10min early,08:57,37min early,23m,Landed
2026-05-20,IW1882,WON1882,Wings Air,Sumbawa Besar,SWQ,WADS,08:55,00:55,09:14,19min late,09:55,4min early,40m,Landed
2026-05-20,QG500,CTV500,Citilink,Dili,DIL,WPDL,09:00,01:00,09:07,7min late,11:40,24min early,1h 32m,Landed
2026-05-20,QG691,CTV691,Citilink,Surabaya,SUB,WARR,09:05,01:05,09:05,on time,08:51,23min early,46m,Landed
2026-05-20,IN640,LKN640,NAM Air,Tambolaka,TMC,WADT,09:10,01:10,09:57,47min late,10:39,29min late,41m,Landed
2026-05-20,SJ740,,Sriwijaya Air,Waingapu,WGP,WADW,09:10,01:10,09:10,,10:30,,1h 20m,Landed
2026-05-20,ID6324,BTK6324,Batik Air,Tambolaka,TMC,WADT,09:10,01:10,09:24,14min late,10:08,11min early,44m,Landed
2026-05-20,8B5105,TNU5105,TransNusa,Jakarta,CGK,WIII,09:15,01:15,09:21,6min late,09:55,4min early,1h 33m,Landed
2026-05-20,IW1848,WON1848,Wings Air,Lombok,LOP,WADL,09:25,01:25,10:02,37min late,10:26,11min late,23m,Landed
2026-05-20,ID6007,BTK6007,Batik Air,Perth,PER,YPPH,09:30,01:30,09:37,7min late,13:02,12min early,3h 25m,Landed
2026-05-20,8B5634,TNU5634,TransNusa,Bima,BMU,WADB,09:35,01:35,09:56,21min late,10:43,8min late,46m,Landed
2026-05-20,8B80,TNU080,Business Air,Perth,PER,YPPH,09:40,01:40,09:41,1min late,13:08,16min early,3h 27m,Landed
2026-05-20,QG197,CTV197,Citilink,Jakarta,HLP,WIHH,09:45,01:45,09:46,1min late,10:37,2min early,1h 51m,Landed
2026-05-20,IU122,SJV122,SW Italia,Yogyakarta,YIA,WAHI,10:00,02:00,10:12,12min late,10:22,7min early,1h 9m,Landed
2026-05-20,SQ935,SIA935,Singapore Airlines,Singapore,SIN,WSSS,10:05,02:05,10:11,6min late,12:29,15min early,2h 18m,Landed
2026-05-20,SU297,AFL297,Aeroflot,Moscow,SVO,UUEE,10:05,02:05,10:27,22min late,18:15,on time,12h 48m,Landed
2026-05-20,8B553,TNU553,Business Air,Singapore,SIN,WSSS,10:20,02:20,10:29,9min late,12:55,19min early,2h 26m,Landed
2026-05-20,8B5101,TNU5101,Business Air,Jakarta,CGK,WIII,10:25,02:25,11:28,3min late,12:03,48min late,1h 34m,Landed
2026-05-20,8G182,DTL182,Mid Africa Aviation,Dili,DIL,WPDL,10:35,02:35,10:43,8min late,13:21,8min early,1h 37m,Landed
2026-05-20,JT805,,Lion Air,Surabaya,SUB,WARR,10:35,02:35,10:35,,10:35,,1h 0m,Landed
2026-05-20,JT31,LNI031,Lion Air,Jakarta,CGK,WIII,11:05,03:05,12:58,53min late,13:30,30min late,1h 31m,Landed
2026-05-20,IW1856,WON1856,Wings Air,Lombok,LOP,WADL,11:10,03:10,11:12,2min late,11:37,22min early,25m,Landed
2026-05-20,JQ126,JST126,Jetstar Airways,Adelaide,ADL,YPAD,11:15,03:15,11:37,22min late,17:22,7min early,4h 15m,Landed
2026-05-20,TR281,TGW281,Scoot,Singapore,SIN,WSSS,11:20,03:20,11:20,on time,13:27,43min early,2h 6m,Landed
2026-05-20,6E1606,IGO1606,IndiGo,Bangalore,BLR,VOBL,11:20,03:20,11:23,3min late,14:59,10min early,6h 5m,Landed
2026-05-20,QZ646,AWQ646,Indonesia AirAsia,Labuan Bajo,LBJ,WATO,11:25,03:25,11:27,2min late,12:23,16min early,55m,Landed
2026-05-20,IW1964,WON1964,Wings Air,Lombok,LOP,WADL,11:40,03:40,11:49,9min late,12:14,15min early,25m,Landed
2026-05-20,JQ109,JST109,Jetstar Airways,Perth,PER,YPPH,11:40,03:40,12:30,50min late,15:37,12min late,3h 7m,Landed
2026-05-20,ID6331,BTK6331,Batik Air,Labuan Bajo,LBJ,WATO,11:45,03:45,12:31,46min late,13:28,28min late,56m,Landed
2026-05-20,OD192,MXD192,Malindo Air,Kuala Lumpur,KUL,WMKK,11:55,03:55,11:54,on time,14:41,23min early,2h 46m,Landed
2026-05-20,GA407,GIA407,Garuda Indonesia,Jakarta,CGK,WIII,11:55,03:55,12:02,7min late,12:36,18min early,1h 33m,Landed
2026-05-20,QZ809,AWQ809,Indonesia AirAsia,Jakarta,CGK,WIII,11:55,03:55,12:10,15min late,12:43,6min early,1h 32m,Landed
2026-05-20,QZ544,AWQ544,Indonesia AirAsia,Perth,PER,YPPH,12:00,04:00,12:16,16min late,15:33,16min early,3h 17m,Landed
2026-05-20,GA253,GIA253,Garuda Indonesia,Yogyakarta,YIA,WAHI,12:05,04:05,12:46,41min late,12:58,3min late,1h 11m,Landed
2026-05-20,JQ32,JST032,Jetstar Airways,Melbourne,MEL,YMML,12:05,04:05,12:25,20min late,19:18,21min early,4h 52m,Landed
2026-05-20,SJ742,,Sriwijaya Air,Tambolaka,TMC,WADT,12:10,04:10,12:10,,13:10,,1h 0m,Landed
2026-05-20,SQ937,SIA937,Singapore Airlines,Singapore,SIN,WSSS,12:10,04:10,12:12,2min late,14:35,20min early,2h 22m,Landed
2026-05-20,JQ40,JST040,Jetstar Airways,Sydney,SYD,YSSY,12:20,04:20,12:38,18min late,19:56,18min early,5h 17m,Landed
2026-05-20,OD178,MXD178,Malindo Air,Kuala Lumpur,KUL,WMKK,12:25,04:25,12:21,3min early,15:00,34min early,2h 38m,Landed
2026-05-20,8B5254,TNU5254,Business Air,Lombok,LOP,WADL,12:40,04:40,13:26,46min late,13:46,26min late,19m,Landed
2026-05-20,OD158,MXD158,Malindo Air,Kuala Lumpur,KUL,WMKK,12:45,04:45,13:27,42min late,16:11,16min late,2h 44m,Landed
2026-05-20,IP103,PAS103,Pelita Air Service,Jakarta,CGK,WIII,12:45,04:45,13:07,22min late,13:37,2min early,1h 29m,Landed
2026-05-20,AK365,AXM365,AirAsia,Kuala Lumpur,KUL,WMKK,13:00,05:00,13:02,2min late,15:47,17min early,2h 44m,Landed
2026-05-20,ID6509,BTK6509,Batik Air,Jakarta,CGK,WIII,13:00,05:00,13:10,10min late,13:40,14min early,1h 29m,Landed
2026-05-20,OD307,MXD307,Malindo Air,Kuala Lumpur,KUL,WMKK,13:00,05:00,13:12,12min late,16:14,14min late,3h 2m,Landed
2026-05-20,MH714,MAS714,Malaysia Airlines,Kuala Lumpur,KUL,WMKK,13:05,05:05,14:13,8min late,16:53,53min late,2h 40m,Landed
2026-05-20,OD172,MXD172,Malindo Air,Kuala Lumpur,KUL,WMKK,13:10,05:10,13:15,5min late,15:57,22min early,2h 42m,Landed
2026-05-20,JT35,LNI035,Lion Air,Jakarta,CGK,WIII,13:15,05:15,14:27,12min late,14:59,49min late,1h 31m,Landed
2026-05-20,JQ58,JST058,Jetstar Airways,Brisbane,BNE,YBBN,13:15,05:15,21:10,55min late,04:05,10min late,4h 54m,Landed
2026-05-20,SQ939,SIA939,Singapore Airlines,Singapore,SIN,WSSS,13:15,05:15,13:35,20min late,15:49,10min early,2h 14m,Landed
2026-05-20,GA409,GIA409,Garuda Indonesia,Jakarta,CGK,WIII,13:25,05:25,13:46,21min late,14:14,10min early,1h 28m,Landed
2026-05-20,SL259,TLM259,Thai Lion Air,Bangkok,DMK,VTBD,13:25,05:25,13:38,13min late,16:39,10min early,4h 1m,Landed
2026-05-20,JT660,LNI660,Lion Air,Balikpapan,BPN,WALL,13:30,05:30,13:41,11min late,15:00,14min early,1h 18m,Landed
2026-05-20,GA842,GIA842,Garuda Indonesia,Singapore,SIN,WSSS,13:40,05:40,13:54,14min late,16:16,8min early,2h 22m,Landed
2026-05-20,QG687,CTV687,Citilink,Jakarta,CGK,WIII,13:45,05:45,12:37,7min early,14:19,20min early,2h 42m,Landed
2026-05-20,8B5107,TNU5107,Business Air,Jakarta,CGK,WIII,13:50,05:50,14:34,44min late,15:04,24min late,1h 29m,Landed
2026-05-20,JT919,LNI919,Lion Air,Surabaya,SUB,WARR,13:55,05:55,13:57,2min late,13:43,11min early,45m,Landed
2026-05-20,TR289,TGW289,Scoot,Singapore,SIN,WSSS,14:05,06:05,14:17,12min late,16:35,19min early,2h 17m,Landed
2026-05-20,VJ894,VJC894,VietJet Air,Ho Chi Minh City,SGN,VVTS,14:05,06:05,14:03,1min early,16:25,29min early,3h 22m,Landed
2026-05-20,ID6517,BTK6517,Batik Air,Jakarta,CGK,WIII,14:15,06:15,14:41,26min late,15:15,5min late,1h 34m,Landed
2026-05-20,IU130,SJV130,SW Italia,Semarang,SRG,WIIS,14:15,06:15,14:29,14min late,14:34,on time,1h 4m,Landed
2026-05-20,GA653,GIA653,Garuda Indonesia,Jakarta,CGK,WIII,14:30,06:30,14:37,7min late,15:15,14min early,1h 38m,Landed
2026-05-20,AI2148,AIC2148,Air India,Delhi,DEL,VIDP,14:35,06:35,16:46,11min late,21:40,0min late,7h 23m,Landed
2026-05-20,JT33,LNI033,Lion Air,Jakarta,CGK,WIII,14:45,06:45,12:56,48min early,16:05,25min late,4h 8m,Landed
2026-05-20,QG681,CTV681,Citilink,Jakarta,CGK,WIII,14:45,06:45,14:46,1min late,15:23,31min early,1h 36m,Landed
2026-05-20,QG342,CTV342,Citilink,Makassar,UPG,WAAA,14:50,06:50,14:51,1min late,16:05,2min early,1h 14m,Landed
2026-05-20,JQ88,JST088,Jetstar Airways,Singapore,SIN,WSSS,14:55,06:55,15:23,28min late,17:50,9min early,2h 27m,Landed
2026-05-20,JT844,LNI844,Lion Air,Banjarmasin,BDJ,WAOO,15:00,07:00,15:13,13min late,16:16,13min early,1h 3m,Landed
2026-05-20,JQ107,JST107,Jetstar Airways,Perth,PER,YPPH,15:00,07:00,15:16,16min late,18:36,23min early,3h 20m,Landed
2026-05-20,IU120,,SW Italia,Yogyakarta,YIA,WAHI,15:00,07:00,,,,,1h 30m,Cancelled
2026-05-20,JQ44,JST044,Jetstar Airways,Melbourne,MEL,YMML,15:10,07:10,15:25,15min late,22:24,20min early,4h 59m,Landed
2026-05-20,VA50,VOZ050,Virgin Australia,Brisbane,BNE,YBBN,15:15,07:15,15:54,39min late,23:00,4min early,5h 5m,Landed
2026-05-20,AK377,AXM377,AirAsia,Kuala Lumpur,KUL,WMKK,15:25,07:25,15:46,21min late,18:33,3min late,2h 47m,Landed
2026-05-20,QG669,CTV669,Citilink,Surabaya,SUB,WARR,15:30,07:30,15:38,8min late,15:11,28min early,32m,Landed
2026-05-20,JT740,LNI740,Lion Air,Makassar,UPG,WAAA,15:30,07:30,15:58,28min late,04:47,52min late,12h 49m,Landed
2026-05-20,IP109,PAS109,Pelita Air Service,Jakarta,CGK,WIII,15:35,07:35,15:56,21min late,16:29,4min late,1h 33m,Landed
2026-05-20,IW1850,WON1850,Wings Air,Lombok,LOP,WADL,15:40,07:40,15:49,9min late,16:12,17min early,23m,Landed
2026-05-20,SJ717,,Sriwijaya Air,Makassar,UPG,WAAA,15:40,07:40,15:40,,17:00,,1h 20m,Landed
2026-05-20,GA411,GIA411,Garuda Indonesia,Jakarta,CGK,WIII,15:45,07:45,16:04,19min late,16:36,8min early,1h 32m,Landed
2026-05-20,VA92,VOZ092,Virgin Australia,Melbourne,MEL,YMML,15:50,07:50,16:27,37min late,23:35,10min late,5h 8m,Landed
2026-05-20,8B5256,TNU5256,Business Air,Lombok,LOP,WADL,15:55,07:55,16:08,13min late,16:41,8min early,33m,Landed
2026-05-20,CI772,CAL772,China Airlines,Taipei,TPE,RCTP,15:55,07:55,16:12,17min late,21:07,12min early,4h 55m,Landed
2026-05-20,VN640,HVN640,Vietnam Airlines,Ho Chi Minh City,SGN,VVTS,16:00,08:00,16:38,38min late,19:06,26min late,3h 27m,Landed
2026-05-20,QZ246,AWQ246,Indonesia AirAsia,Phuket,HKT,VTSP,16:10,08:10,16:42,32min late,19:13,3min late,3h 31m,Landed
2026-05-20,CX784,CPA784,Cathay Pacific,Hong Kong,HKG,VHHH,16:15,08:15,16:23,8min late,20:41,43min early,4h 18m,Landed
2026-05-20,8B82,,Business Air,Perth,PER,YPPH,16:20,08:20,16:20,,20:10,,3h 50m,Landed
2026-05-20,MH850,MAS850,Malaysia Airlines,Kuala Lumpur,KUL,WMKK,16:25,08:25,16:44,19min late,19:25,9min early,2h 41m,Landed
2026-05-20,IW1852,WON1852,Wings Air,Lombok,LOP,WADL,16:30,08:30,16:30,on time,16:55,24min early,25m,Landed
2026-05-20,BR256,EVA256,EVA Airways,Taipei,TPE,RCTP,16:30,08:30,15:32,57min early,22:17,17min late,6h 45m,Landed
2026-05-20,IU703,,SW Italia,Surabaya,SUB,WARR,16:40,08:40,16:40,,16:40,,1h 0m,Landed
2026-05-20,AK369,AXM369,AirAsia,Kuala Lumpur,KUL,WMKK,16:40,08:40,16:56,16min late,19:41,3min early,2h 45m,Landed
2026-05-20,GA2554,GIA2554,Garuda Indonesia,Yogyakarta,YIA,WAHI,16:45,08:45,16:49,4min late,17:16,18min early,1h 26m,Landed
2026-05-20,HO1356,DKH1356,Juneyao Airlines,Shanghai,PVG,ZSPD,16:50,08:50,16:58,8min late,23:03,31min early,6h 5m,Landed
2026-05-20,GA349,GIA349,Garuda Indonesia,Surabaya,SUB,WARR,16:55,08:55,17:20,25min late,17:09,on time,49m,Landed
2026-05-20,TG432,THA432,Thai Airways International,Bangkok,BKK,VTBS,16:55,08:55,16:54,on time,19:36,28min early,3h 42m,Landed
2026-05-20,ID6335,BTK6335,Batik Air,Labuan Bajo,LBJ,WATO,17:00,09:00,17:19,19min late,07:30,15min late,14h 11m,Landed
2026-05-20,IU273,SJV273,SW Italia,Pontianak,PNK,WIOO,17:00,09:00,19:06,6min late,19:47,42min late,1h 40m,Landed
2026-05-20,ID7308,BTK7308,Batik Air,Jakarta,HLP,WIHH,17:04,09:04,17:17,12min late,17:41,3min early,1h 24m,Landed
2026-05-20,JT23,,Lion Air,Jakarta,CGK,WIII,17:15,09:15,17:15,,18:10,,1h 55m,Landed
2026-05-20,GA419,GIA419,Garuda Indonesia,Jakarta,CGK,WIII,17:25,09:25,18:15,50min late,18:52,27min late,1h 37m,Landed
2026-05-20,VJ998,VJC998,VietJet Air,Hanoi,HAN,VVNB,17:30,09:30,17:42,12min late,21:23,11min early,4h 41m,Landed
2026-05-20,TR243,TGW243,Scoot,Singapore,SIN,WSSS,17:35,09:35,18:46,11min late,21:05,40min late,2h 18m,Landed
2026-05-20,IP107,,Pelita Air Service,Jakarta,CGK,WIII,17:40,09:40,17:40,,18:30,,1h 50m,Landed
2026-05-20,NZ291,ANZ291,Air New Zealand,Auckland,AKL,NZAA,17:50,09:50,18:23,33min late,05:31,1min late,7h 7m,Landed
2026-05-20,QZ821,AWQ821,Indonesia AirAsia,Jakarta,CGK,WIII,18:00,10:00,18:08,8min late,18:39,10min early,1h 30m,Landed
2026-05-20,6E1608,IGO1608,IndiGo,Chennai,MAA,VOMM,18:00,10:00,18:01,1min late,21:21,13min early,5h 49m,Landed
2026-05-20,OD193,MXD193,Malindo Air,Perth,PER,YPPH,18:10,10:10,18:57,47min late,22:14,29min late,3h 17m,Landed
2026-05-20,IU126,SJV126,SW Italia,Surakarta,SOC,WAHQ,18:10,10:10,18:38,28min late,18:41,11min late,1h 3m,Landed
2026-05-20,ID6552,BTK6552,Batik Air,Kupang,KOE,WATT,18:25,10:25,18:30,5min late,19:50,24min early,1h 19m,Landed
2026-05-20,GA417,GIA417,Garuda Indonesia,Jakarta,CGK,WIII,18:30,10:30,18:54,24min late,19:33,3min late,1h 38m,Landed
2026-05-20,IN281,LKN281,NAM Air,Jakarta,CGK,WIII,18:30,10:30,19:08,38min late,19:39,29min late,1h 30m,Landed
2026-05-20,QR963,QTR963,Qatar Airways,Doha,DOH,OTHH,18:35,10:35,18:35,on time,22:46,53min early,9h 11m,Landed
2026-05-20,EY477,ETD477,Etihad Airways,Abu Dhabi,AUH,OMAA,18:45,10:45,19:00,15min late,23:35,4min early,8h 34m,Landed
2026-05-20,IP105,,Pelita Air Service,Jakarta,CGK,WIII,18:50,10:50,18:50,,19:40,,1h 50m,Landed
2026-05-20,CX782,CPA782,Cathay Pacific,Hong Kong,HKG,VHHH,18:50,10:50,18:59,9min late,23:29,35min early,4h 30m,Landed
2026-05-20,QG689,CTV689,Citilink,Jakarta,CGK,WIII,18:55,10:55,19:10,15min late,19:44,10min early,1h 33m,Landed
2026-05-20,8B5258,TNU5258,TransNusa,Lombok,LOP,WADL,18:55,10:55,18:44,10min early,19:07,27min early,23m,Landed
2026-05-20,TG440,THA440,Thai Airways International,Bangkok,BKK,VTBS,19:00,11:00,19:13,13min late,22:20,10min late,4h 7m,Landed
2026-05-20,6E1612,IGO1612,IndiGo,Bhubaneswar,BBI,VEBS,19:10,11:10,19:17,7min late,22:33,16min early,5h 45m,Landed
2026-05-20,MH852,MAS852,Malaysia Airlines,Kuala Lumpur,KUL,WMKK,19:20,11:20,19:31,11min late,22:12,7min early,2h 40m,Landed
2026-05-20,QG699,CTV699,Citilink,Surabaya,SUB,WARR,19:25,11:25,19:31,6min late,19:27,12min early,55m,Landed
2026-05-20,ID7310,BTK7310,Batik Air,Jakarta,HLP,WIHH,19:25,11:25,19:36,11min late,20:02,12min early,1h 26m,Landed
2026-05-20,AK379,AXM379,AirAsia,Kuala Lumpur,KUL,WMKK,19:45,11:45,19:46,1min late,22:29,20min early,2h 42m,Landed
2026-05-20,EK369,UAE369,Emirates,Dubai,DXB,OMDB,19:45,11:45,19:52,7min late,00:39,10min early,8h 46m,Landed
2026-05-20,IU133,,SW Italia,Semarang,SRG,WIIS,19:50,11:50,,,,,1h 20m,Cancelled
2026-05-20,GA421,GIA421,Garuda Indonesia,Jakarta,CGK,WIII,19:50,11:50,20:01,11min late,20:37,12min early,1h 36m,Landed
2026-05-20,JT923,LNI923,Lion Air,Surabaya,SUB,WARR,19:55,11:55,21:38,43min late,21:20,25min late,41m,Landed
2026-05-20,SQ945,SIA945,Singapore Airlines,Singapore,SIN,WSSS,20:00,12:00,20:06,6min late,22:16,23min early,2h 10m,Landed
2026-05-20,ID6760,BTK6760,Batik Air,Makassar,UPG,WAAA,20:21,12:21,21:45,23min late,22:44,5min early,59m,Landed
2026-05-20,QG697,CTV697,Citilink,Surabaya,SUB,WARR,20:25,12:25,20:24,on time,20:17,7min early,52m,Landed
2026-05-20,ID6415,BTK6415,Batik Air,Surabaya,SUB,WARR,20:30,12:30,20:34,4min late,08:01,31min late,12h 27m,Landed
2026-05-20,GA415,GIA415,Garuda Indonesia,Jakarta,CGK,WIII,20:40,12:40,20:55,15min late,21:30,9min early,1h 35m,Landed
2026-05-20,KL836,KLM836,KLM Royal Dutch Airlines,Singapore,SIN,WSSS,20:45,12:45,21:19,34min late,23:26,1min late,2h 7m,Landed
2026-05-20,TK67,THY067,Turkish Airlines,Istanbul,IST,LTFM,20:45,12:45,21:14,29min late,04:38,6min early,12h 24m,Landed
2026-05-20,QG667,CTV667,Citilink,Jakarta,CGK,WIII,21:10,13:10,21:12,2min late,22:05,4min early,1h 53m,Landed
2026-05-20,QZ410,AWQ410,Indonesia AirAsia,Melbourne,MEL,YMML,21:15,13:15,21:30,15min late,04:53,6min early,5h 22m,Landed
2026-05-20,JT15,LNI015,Lion Air,Jakarta,CGK,WIII,21:15,13:15,21:33,18min late,22:05,4min early,1h 31m,Landed
2026-05-20,JQ34,JST034,Jetstar Airways,Melbourne,MEL,YMML,21:20,13:20,22:10,50min late,05:14,19min late,5h 4m,Landed
2026-05-20,SJ273,,Sriwijaya Air,Jakarta,CGK,WIII,21:35,13:35,21:35,,22:15,,1h 40m,Landed
2026-05-20,SQ947,SIA947,Singapore Airlines,Singapore,SIN,WSSS,21:40,13:40,21:48,8min late,00:10,5min early,2h 21m,Landed
2026-05-20,SV857,SVA857,Saudi Arabian Airlines,Singapore,SIN,WSSS,21:55,13:55,21:53,1min early,00:11,18min early,2h 18m,Landed
2026-05-20,GA718,GIA718,Garuda Indonesia,Melbourne,MEL,YMML,22:05,14:05,19:16,48min early,05:34,4min late,8h 17m,Landed
2026-05-20,JQ60,JST060,Jetstar Airways,Brisbane,BNE,YBBN,22:10,14:10,22:39,29min late,05:33,11min early,4h 54m,Landed
2026-05-20,AK375,AXM375,AirAsia,Kuala Lumpur,KUL,WMKK,22:15,14:15,22:31,16min late,01:11,8min early,2h 39m,Landed
2026-05-20,OD171,MXD171,Malindo Air,Sydney,SYD,YSSY,22:15,14:15,22:26,11min late,06:08,3min late,5h 41m,Landed
2026-05-20,QF44,QFA044,Qantas,Sydney,SYD,YSSY,22:20,14:20,22:30,10min late,06:05,4min early,5h 35m,Landed
2026-05-20,JQ38,JST038,Jetstar Airways,Sydney,SYD,YSSY,22:35,14:35,22:44,9min late,06:15,14min early,5h 30m,Landed
2026-05-20,7C5304,JJA5304,Jeju Air,Seoul,ICN,RKSI,22:45,14:45,23:13,28min late,06:58,16min early,6h 45m,Landed
2026-05-20,JQ91,JST091,Jetstar Airways,Cairns,CNS,YBCS,23:00,15:00,23:42,42min late,05:42,12min late,4h 0m,Landed
2026-05-20,VA96,VOZ096,Virgin Australia,Melbourne,MEL,YMML,23:05,15:05,23:22,17min late,06:21,18min early,4h 59m,Landed
2026-05-20,QF46,QFA046,Qantas,Melbourne,MEL,YMML,23:05,15:05,23:56,51min late,06:55,15min late,4h 59m,Landed
2026-05-20,8B5109,TNU5109,Business Air,Jakarta,CGK,WIII,23:10,15:10,23:25,15min late,23:54,4min late,1h 29m,Landed
2026-05-20,3U3986,CSC3986,Sichuan Airlines,Lujia Town,TFU,ZUTF,23:10,15:10,23:10,on time,04:52,37min early,5h 41m,Landed
2026-05-20,VA82,VOZ082,Virgin Australia,Gold Coast,OOL,YBCG,23:20,15:20,23:54,34min late,07:06,11min late,5h 12m,Landed
2026-05-20,JQ50,JST050,Jetstar Airways,Melbourne,AVV,YMAV,23:25,15:25,23:46,21min late,06:46,14min early,4h 59m,Landed
2026-05-20,GA714,GIA714,Garuda Indonesia,Sydney,SYD,YSSY,23:25,15:25,23:50,25min late,07:07,2min early,5h 17m,Landed
2026-05-20,VA68,VOZ068,Virgin Australia,Sydney,SYD,YSSY,23:35,15:35,23:37,2min late,06:57,37min early,5h 20m,Landed
2026-05-20,KE432,KAL432,Korean Air Lines,Seoul,ICN,RKSI,23:45,15:45,00:04,19min late,07:35,19min early,6h 31m,Landed
2026-05-20,QZ420,AWQ420,Indonesia AirAsia,Adelaide,ADL,YPAD,23:45,15:45,23:57,12min late,06:03,21min early,4h 36m,Landed
2026-05-20,JQ87,JST087,Jetstar Airways,Sunshine Coast,MCY,YBSU,23:50,15:50,00:09,19min late,07:03,26min early,4h 54m,Landed
2026-05-20,JQ128,JST128,Jetstar Airways,Adelaide,ADL,YPAD,23:55,15:55,00:07,12min late,06:01,8min early,4h 23m,Landed
2026-05-21,BX602,ABL602,Air Busan,Busan,PUS,RKPK,00:05,16:05,00:57,52min late,11:29,29min late,9h 31m,Landed
2026-05-21,TW158,TWB158,T'Way Air,Cheongju,CJJ,RKTU,00:15,16:15,01:12,57min late,11:54,19min late,9h 41m,Landed
2026-05-21,GA880,GIA880,Garuda Indonesia,Tokyo,NRT,RJAA,00:20,16:20,00:18,1min early,08:30,19min early,7h 12m,Landed
2026-05-21,8B84,,Business Air,Perth,PER,YPPH,00:20,16:20,,,,,3h 45m,Cancelled
2026-05-21,MF892,CXA892,Xiamen Airlines,Xiamen,XMN,ZSAM,00:30,16:30,00:28,1min early,05:37,27min early,5h 9m,Landed
2026-05-21,QR961,QTR961,Qatar Airways,Doha,DOH,OTHH,00:35,16:35,00:37,2min late,04:45,54min early,9h 7m,Landed
2026-05-21,EK399,UAE399,Emirates,Dubai,DXB,OMDB,00:35,16:35,00:48,13min late,05:27,7min early,8h 38m,Landed
2026-05-21,CZ626,CSN626,China Southern Airlines,Guangzhou,CAN,ZGGG,00:40,16:40,01:18,38min late,05:54,0min early,4h 36m,Landed
2026-05-21,PR538,PAL538,Philippine Airlines,Manila,MNL,RPLL,00:55,16:55,01:09,14min late,04:38,21min early,3h 28m,Landed
2026-05-21,MU5030,CES5030,China Eastern Airlines,Shanghai,PVG,ZSPD,00:55,16:55,01:16,21min late,07:16,38min early,5h 59m,Landed
2026-05-21,SJ726,,Sriwijaya Air,Makassar,UPG,WAAA,01:00,17:00,01:00,,02:20,,1h 20m,Landed
2026-05-21,5J282,CEB282,CEBU Pacific Air,Manila,MNL,RPLL,01:00,17:00,01:07,7min late,04:44,35min early,3h 37m,Landed
2026-05-21,GA652,GIA652,Garuda Indonesia,Timika,TIM,WABP,01:05,17:05,01:22,17min late,05:46,1min late,3h 23m,Landed
2026-05-21,KE434,KAL434,Korean Air Lines,Seoul,ICN,RKSI,01:10,17:10,01:44,34min late,09:12,12min early,6h 28m,Landed
2026-05-21,8B5888,TNU5888,TransNusa,Manado,MDC,WAMM,01:30,17:30,01:30,on time,03:40,19min early,2h 9m,Landed
2026-05-21,8B969,TNU969,Business Air,Guangzhou,CAN,ZGGG,03:45,19:45,20:49,4min late,01:40,35min late,4h 51m,Landed
2026-05-21,JT746,LNI746,Lion Air,Makassar,UPG,WAAA,07:00,23:00,07:18,18min late,08:20,4min early,1h 2m,Landed
2026-05-21,JQ111,JST111,Jetstar Airways,Perth,PER,YPPH,07:00,23:00,07:29,29min late,10:58,13min late,3h 28m,Landed
2026-05-21,IU705,SJV705,SW Italia,Surabaya,SUB,WARR,07:00,23:00,07:16,16min late,07:00,on time,43m,Landed
2026-05-21,QZ807,AWQ807,Indonesia AirAsia,Jakarta,CGK,WIII,07:00,23:00,06:59,on time,07:31,28min early,1h 31m,Landed
2026-05-21,GA401,GIA401,Garuda Indonesia,Jakarta,CGK,WIII,07:00,23:00,07:12,12min late,07:44,15min early,1h 32m,Landed
2026-05-21,JQ82,JST082,Jetstar Airways,Darwin,DRW,YPDN,07:00,23:00,07:04,4min late,10:49,26min early,2h 14m,Landed
2026-05-21,JT944,,Lion Air,Makassar,UPG,WAAA,07:00,23:00,07:00,on time,08:23,1min early,1h 23m,Landed
2026-05-21,QZ534,AWQ534,Indonesia AirAsia,Perth,PER,YPPH,07:05,23:05,07:10,5min late,10:53,6min early,3h 42m,Landed
2026-05-21,QZ644,AWQ644,Indonesia AirAsia,Labuan Bajo,LBJ,WATO,07:10,23:10,07:14,4min late,14:06,51min late,6h 51m,Landed
2026-05-21,8B5250,,TransNusa,Lombok,LOP,WADL,07:15,23:15,07:15,,07:55,,40m,Landed
2026-05-21,SQ949,SIA949,Singapore Airlines,Singapore,SIN,WSSS,07:15,23:15,07:33,18min late,09:41,19min early,2h 7m,Landed
2026-05-21,8B551,TNU551,Business Air,Singapore,SIN,WSSS,07:30,23:30,07:25,4min early,09:38,16min early,2h 12m,Landed
2026-05-21,ID6333,BTK6333,Batik Air,Labuan Bajo,LBJ,WATO,07:55,23:55,08:25,30min late,09:15,5min late,49m,Landed
2026-05-21,JT21,LNI021,Lion Air,Jakarta,CGK,WIII,08:05,00:05,08:17,12min late,08:47,12min early,1h 29m,Landed
2026-05-21,IW1858,WON1858,Wings Air,Lombok,LOP,WADL,08:05,00:05,08:19,14min late,08:42,12min early,23m,Landed
2026-05-21,HX706,CRK706,Hong Kong Airlines,Hong Kong,HKG,VHHH,08:05,00:05,08:32,27min late,13:01,18min early,4h 28m,Landed
2026-05-21,AI2146,AIC2146,Air India,Delhi,DEL,VIDP,08:25,00:25,08:49,24min late,13:38,11min early,7h 18m,Landed
2026-05-21,5J280,CEB280,CEBU Pacific Air,Manila,MNL,RPLL,08:35,00:35,08:37,2min late,12:14,40min early,3h 36m,Landed
2026-05-21,CZ8482,CSN8482,China Southern Airlines,Guangzhou,CAN,ZGGG,08:40,00:40,08:58,18min late,14:03,13min late,5h 4m,Landed
2026-05-21,IW1854,WON1854,Wings Air,Lombok,LOP,WADL,08:45,00:45,09:12,27min late,09:41,6min late,29m,Landed
2026-05-21,IW1882,WON1882,Wings Air,Sumbawa Besar,SWQ,WADS,08:55,00:55,08:51,3min early,09:36,23min early,45m,Landed
2026-05-21,QG500,CTV500,Citilink,Dili,DIL,WPDL,09:00,01:00,09:00,on time,11:45,19min early,1h 45m,Landed
2026-05-21,QG691,CTV691,Citilink,Surabaya,SUB,WARR,09:05,01:05,09:10,5min late,09:04,10min early,53m,Landed
2026-05-21,IN640,LKN640,NAM Air,Tambolaka,TMC,WADT,09:10,01:10,09:45,35min late,10:31,21min late,46m,Landed
2026-05-21,ID6324,BTK6324,Batik Air,Tambolaka,TMC,WADT,09:10,01:10,09:23,13min late,10:13,6min early,49m,Landed
2026-05-21,8B5105,,TransNusa,Jakarta,CGK,WIII,09:15,01:15,09:15,,10:00,,1h 45m,Landed
2026-05-21,IW1848,WON1848,Wings Air,Lombok,LOP,WADL,09:25,01:25,10:00,35min late,07:35,20min late,21h 35m,Landed
2026-05-21,8B5634,,TransNusa,Bima,BMU,WADB,09:35,01:35,09:35,,10:35,,1h 0m,Landed
2026-05-21,8B80,TNU080,Business Air,Perth,PER,YPPH,09:40,01:40,09:56,16min late,13:22,2min early,3h 26m,Landed
2026-05-21,IU137,SJV137,SW Italia,Kupang,KOE,WATT,10:00,02:00,10:09,9min late,11:31,18min early,1h 21m,Landed
2026-05-21,IU122,SJV122,SW Italia,Yogyakarta,YIA,WAHI,10:00,02:00,10:12,12min late,10:21,8min early,1h 9m,Landed
2026-05-21,SQ935,SIA935,Singapore Airlines,Singapore,SIN,WSSS,10:05,02:05,11:05,0min late,13:20,35min late,2h 15m,Landed
2026-05-21,8B553,,Business Air,Singapore,SIN,WSSS,10:20,02:20,,,,,2h 55m,Cancelled
2026-05-21,8B5101,TNU5101,TransNusa,Jakarta,CGK,WIII,10:25,02:25,10:43,18min late,11:15,on time,1h 31m,Landed
2026-05-21,JT805,LNI805,Lion Air,Surabaya,SUB,WARR,10:35,02:35,10:51,16min late,10:33,1min early,41m,Landed
2026-05-21,8G182,DTL182,Mid Africa Aviation,Dili,DIL,WPDL,10:35,02:35,11:08,33min late,13:47,17min late,1h 39m,Landed
2026-05-21,JT31,LNI031,Lion Air,Jakarta,CGK,WIII,11:05,03:05,12:20,15min late,12:51,51min late,1h 31m,Landed
2026-05-21,IW1856,WON1856,Wings Air,Lombok,LOP,WADL,11:10,03:10,11:31,21min late,11:58,1min early,27m,Landed
2026-05-21,JQ126,JST126,Jetstar Airways,Adelaide,ADL,YPAD,11:15,03:15,11:38,23min late,17:38,8min late,4h 29m,Landed
2026-05-21,6E1606,IGO1606,IndiGo,Bangalore,BLR,VOBL,11:20,03:20,11:23,3min late,14:59,10min early,6h 6m,Landed
2026-05-21,TR281,TGW281,Scoot,Singapore,SIN,WSSS,11:20,03:20,11:29,9min late,13:40,30min early,2h 10m,Landed
2026-05-21,QZ646,AWQ646,Indonesia AirAsia,Labuan Bajo,LBJ,WATO,11:25,03:25,11:35,10min late,12:29,10min early,53m,Landed
2026-05-21,JQ109,JST109,Jetstar Airways,Perth,PER,YPPH,11:40,03:40,12:16,36min late,15:38,13min late,3h 22m,Landed
2026-05-21,AK371,AXM371,AirAsia,Kuala Lumpur,KUL,WMKK,11:40,03:40,11:47,7min late,14:38,6min early,2h 51m,Landed
2026-05-21,IW1964,WON1964,Wings Air,Lombok,LOP,WADL,11:40,03:40,11:43,3min late,12:14,15min early,30m,Landed
2026-05-21,ID6331,BTK6331,Batik Air,Labuan Bajo,LBJ,WATO,11:45,03:45,11:58,13min late,14:43,43min late,2h 45m,Landed
2026-05-21,IW1850,WON1850,Wings Air,Lombok,LOP,WADL,11:50,03:50,12:23,33min late,12:50,10min late,26m,Landed
2026-05-21,GA407,GIA407,Garuda Indonesia,Jakarta,CGK,WIII,11:55,03:55,12:06,11min late,12:38,16min early,1h 32m,Landed
2026-05-21,QZ809,AWQ809,Indonesia AirAsia,Jakarta,CGK,WIII,11:55,03:55,12:10,15min late,12:45,4min early,1h 35m,Landed
2026-05-21,OD192,MXD192,Malindo Air,Kuala Lumpur,KUL,WMKK,11:55,03:55,12:47,52min late,15:31,26min late,2h 43m,Landed
2026-05-21,QZ544,AWQ544,Indonesia AirAsia,Perth,PER,YPPH,12:00,04:00,12:26,26min late,15:48,1min early,3h 22m,Landed
2026-05-21,GA253,GIA253,Garuda Indonesia,Yogyakarta,YIA,WAHI,12:05,04:05,12:30,25min late,15:03,8min late,3h 32m,Landed
2026-05-21,JQ32,JST032,Jetstar Airways,Melbourne,MEL,YMML,12:05,04:05,12:13,8min late,19:20,19min early,5h 6m,Landed
2026-05-21,SQ937,SIA937,Singapore Airlines,Singapore,SIN,WSSS,12:10,04:10,12:47,37min late,14:56,on time,2h 8m,Landed
2026-05-21,JQ40,JST040,Jetstar Airways,Sydney,SYD,YSSY,12:20,04:20,14:02,42min late,21:29,14min late,5h 27m,Landed
2026-05-21,SJ7420,,Sriwijaya Air,Tambolaka,TMC,WADT,12:20,04:20,12:20,,13:20,,1h 0m,Landed
2026-05-21,8B5254,TNU5254,TransNusa,Lombok,LOP,WADL,12:40,04:40,12:55,15min late,13:17,2min early,22m,Landed
2026-05-21,IP103,PAS103,Pelita Air Service,Jakarta,CGK,WIII,12:45,04:45,13:11,26min late,13:42,2min late,1h 30m,Landed
2026-05-21,IN643,,NAM Air,Tambolaka,TMC,WADT,12:50,04:50,12:50,,13:50,,1h 0m,Landed
2026-05-21,AK365,AXM365,AirAsia,Kuala Lumpur,KUL,WMKK,13:00,05:00,13:17,17min late,15:50,14min early,2h 32m,Landed
2026-05-21,ID6509,BTK6509,Batik Air,Jakarta,CGK,WIII,13:00,05:00,13:15,15min late,13:45,9min early,1h 30m,Landed
2026-05-21,OD307,MXD307,Malindo Air,Kuala Lumpur,KUL,WMKK,13:00,05:00,13:06,6min late,15:52,7min early,2h 45m,Landed
2026-05-21,MH714,MAS714,Malaysia Airlines,Kuala Lumpur,KUL,WMKK,13:05,05:05,13:30,25min late,16:19,19min late,2h 49m,Landed
2026-05-21,OD172,MXD172,Malindo Air,Kuala Lumpur,KUL,WMKK,13:10,05:10,13:26,16min late,16:10,9min early,2h 43m,Landed
2026-05-21,JQ58,JST058,Jetstar Airways,Brisbane,BNE,YBBN,13:15,05:15,15:03,48min late,22:10,15min late,5h 7m,Landed
2026-05-21,JT35,LNI035,Lion Air,Jakarta,CGK,WIII,13:15,05:15,13:58,43min late,14:34,24min late,1h 36m,Landed
2026-05-21,SQ939,SIA939,Singapore Airlines,Singapore,SIN,WSSS,13:15,05:15,13:20,5min late,15:27,32min early,2h 7m,Landed
2026-05-21,GA409,GIA409,Garuda Indonesia,Jakarta,CGK,WIII,13:25,05:25,13:49,24min late,14:25,on time,1h 36m,Landed
2026-05-21,SL259,TLM259,Thai Lion Air,Bangkok,DMK,VTBD,13:25,05:25,07:52,32min early,16:30,19min early,9h 38m,Landed
2026-05-21,JT660,LNI660,Lion Air,Balikpapan,BPN,WALL,13:30,05:30,13:54,24min late,15:17,2min late,1h 23m,Landed
2026-05-21,GA842,GIA842,Garuda Indonesia,Singapore,SIN,WSSS,13:40,05:40,14:04,24min late,16:27,2min late,2h 22m,Landed
2026-05-21,QG687,CTV687,Citilink,Jakarta,CGK,WIII,13:45,05:45,13:55,10min late,14:29,10min early,1h 33m,Landed
2026-05-21,8B5107,TNU5107,TransNusa,Jakarta,CGK,WIII,13:50,05:50,14:52,2min late,15:28,48min late,1h 36m,Landed
2026-05-21,JT919,LNI919,Lion Air,Surabaya,SUB,WARR,13:55,05:55,14:45,50min late,18:41,46min late,4h 55m,Landed
2026-05-21,VJ894,VJC894,VietJet Air,Ho Chi Minh City,SGN,VVTS,14:05,06:05,14:13,8min late,16:38,16min early,3h 25m,Landed
2026-05-21,TR289,TGW289,Scoot,Singapore,SIN,WSSS,14:05,06:05,14:37,32min late,17:07,12min late,2h 29m,Landed
2026-05-21,ID6517,BTK6517,Batik Air,Jakarta,CGK,WIII,14:15,06:15,14:58,43min late,15:39,29min late,1h 41m,Landed
2026-05-21,ID7308,BTK7308,Batik Air,Jakarta,HLP,WIHH,14:16,06:16,14:54,37min late,15:27,3min early,1h 32m,Landed
2026-05-21,QG681,CTV681,Citilink,Jakarta,CGK,WIII,14:45,06:45,15:00,15min late,15:41,13min early,1h 40m,Landed
2026-05-21,JT33,,Lion Air,Jakarta,CGK,WIII,14:45,06:45,,,,,1h 55m,Cancelled
2026-05-21,QG342,CTV342,Citilink,Makassar,UPG,WAAA,15:00,07:00,15:16,16min late,16:22,7min early,1h 6m,Landed
2026-05-21,IU120,SJV120,SW Italia,Yogyakarta,YIA,WAHI,15:00,07:00,15:12,12min late,15:24,5min early,1h 12m,Landed
2026-05-21,JT844,LNI844,Lion Air,Banjarmasin,BDJ,WAOO,15:00,07:00,15:06,6min late,16:09,20min early,1h 3m,Landed
2026-05-21,JQ86,JST086,Jetstar Airways,Singapore,SIN,WSSS,15:05,07:05,15:24,19min late,17:45,14min early,2h 21m,Landed
2026-05-21,JQ44,JST044,Jetstar Airways,Melbourne,MEL,YMML,15:10,07:10,15:17,7min late,22:36,8min early,5h 18m,Landed
2026-05-21,VA50,VOZ050,Virgin Australia,Brisbane,BNE,YBBN,15:15,07:15,15:47,32min late,22:51,13min early,5h 3m,Landed
2026-05-21,AK377,AXM377,AirAsia,Kuala Lumpur,KUL,WMKK,15:25,07:25,15:55,30min late,18:43,13min late,2h 47m,Landed
2026-05-21,QG669,CTV669,Citilink,Surabaya,SUB,WARR,15:30,07:30,15:36,6min late,15:32,7min early,55m,Landed
2026-05-21,IN281,LKN281,NAM Air,Jakarta,CGK,WIII,15:30,07:30,15:45,15min late,16:34,24min late,1h 49m,Landed
2026-05-21,JT740,LNI740,Lion Air,Makassar,UPG,WAAA,15:30,07:30,16:56,26min late,18:05,10min late,1h 9m,Landed
2026-05-21,IP109,PAS109,Pelita Air Service,Jakarta,CGK,WIII,15:35,07:35,14:58,36min early,16:46,21min late,2h 47m,Landed
2026-05-21,GA411,GIA411,Garuda Indonesia,Jakarta,CGK,WIII,15:45,07:45,16:17,32min late,16:56,11min late,1h 39m,Landed
2026-05-21,QZ648,AWQ648,Indonesia AirAsia,Labuan Bajo,LBJ,WATO,15:45,07:45,15:50,5min late,16:40,14min early,50m,Landed
2026-05-21,VA92,VOZ092,Virgin Australia,Melbourne,MEL,YMML,15:50,07:50,16:29,39min late,23:35,10min late,5h 5m,Landed
2026-05-21,8B5256,,Business Air,Lombok,LOP,WADL,15:55,07:55,15:55,,16:50,,55m,Landed
2026-05-21,CI772,CAL772,China Airlines,Taipei,TPE,RCTP,15:55,07:55,16:20,25min late,21:05,14min early,4h 45m,Landed
2026-05-21,SJ7161,,Sriwijaya Air,Makassar,UPG,WAAA,16:00,08:00,16:00,,17:20,,1h 20m,Landed
2026-05-21,VN640,HVN640,Vietnam Airlines,Ho Chi Minh City,SGN,VVTS,16:00,08:00,16:15,15min late,18:33,6min early,3h 17m,Landed
2026-05-21,QZ246,AWQ246,Indonesia AirAsia,Phuket,HKT,VTSP,16:10,08:10,16:22,12min late,19:03,6min early,3h 41m,Landed
2026-05-21,CX784,CPA784,Cathay Pacific,Hong Kong,HKG,VHHH,16:15,08:15,16:45,30min late,20:59,25min early,4h 13m,Landed
2026-05-21,8B82,TNU082,TransNusa,Perth,PER,YPPH,16:20,08:20,16:32,12min late,19:56,13min early,3h 23m,Landed
2026-05-21,MH850,MAS850,Malaysia Airlines,Kuala Lumpur,KUL,WMKK,16:25,08:25,16:35,10min late,19:33,1min early,2h 57m,Landed
2026-05-21,IW1852,WON1852,Wings Air,Lombok,LOP,WADL,16:30,08:30,17:20,50min late,17:49,29min late,28m,Landed
2026-05-21,BR256,EVA256,EVA Airways,Taipei,TPE,RCTP,16:30,08:30,17:01,31min late,21:54,5min early,4h 52m,Landed
2026-05-21,IU703,SJV703,SW Italia,Surabaya,SUB,WARR,16:40,08:40,17:55,15min late,17:38,58min late,43m,Landed
2026-05-21,GA2554,GIA2554,Garuda Indonesia,Yogyakarta,YIA,WAHI,16:45,08:45,16:49,4min late,17:07,27min early,1h 17m,Landed
2026-05-21,HO1356,DKH1356,Juneyao Airlines,Shanghai,PVG,ZSPD,16:50,08:50,16:58,8min late,22:55,39min early,5h 57m,Landed
2026-05-21,TG432,THA432,Thai Airways International,Bangkok,BKK,VTBS,16:55,08:55,16:52,2min early,19:36,28min early,3h 43m,Landed
2026-05-21,GA349,GIA349,Garuda Indonesia,Surabaya,SUB,WARR,16:55,08:55,17:18,23min late,17:12,2min late,54m,Landed
2026-05-21,ID6335,BTK6335,Batik Air,Labuan Bajo,LBJ,WATO,17:00,09:00,17:29,29min late,18:20,5min late,50m,Landed
2026-05-21,GA419,GIA419,Garuda Indonesia,Jakarta,CGK,WIII,17:25,09:25,17:37,12min late,18:17,7min early,1h 39m,Landed
2026-05-21,TR243,TGW243,Scoot,Singapore,SIN,WSSS,17:35,09:35,18:31,56min late,20:53,28min late,2h 21m,Landed
2026-05-21,IP107,,Pelita Air Service,Jakarta,CGK,WIII,17:40,09:40,17:40,,18:30,,1h 50m,Landed
2026-05-21,6E1608,IGO1608,IndiGo,Chennai,MAA,VOMM,18:00,10:00,18:19,19min late,21:50,15min late,6h 1m,Landed
2026-05-21,QZ821,AWQ821,Indonesia AirAsia,Jakarta,CGK,WIII,18:00,10:00,18:00,on time,18:37,12min early,1h 36m,Landed
2026-05-21,IU126,SJV126,SW Italia,Surakarta,SOC,WAHQ,18:10,10:10,18:18,8min late,18:28,1min early,1h 9m,Landed
2026-05-21,OD193,MXD193,Malindo Air,Perth,PER,YPPH,18:10,10:10,19:01,51min late,22:20,35min late,3h 19m,Landed
2026-05-21,GA417,GIA417,Garuda Indonesia,Jakarta,CGK,WIII,18:30,10:30,18:59,29min late,19:35,5min late,1h 36m,Landed
2026-05-21,IN283,,NAM Air,Jakarta,CGK,WIII,18:30,10:30,18:30,,19:10,,1h 40m,Landed
2026-05-21,QR963,QTR963,Qatar Airways,Doha,DOH,OTHH,18:35,10:35,18:49,14min late,22:53,46min early,9h 4m,Landed
2026-05-21,EY477,ETD477,Etihad Airways,Abu Dhabi,AUH,OMAA,18:45,10:45,18:53,8min late,23:29,10min early,8h 35m,Landed
2026-05-21,IP105,,Pelita Air Service,Jakarta,CGK,WIII,18:50,10:50,18:50,,19:40,,1h 50m,Landed
2026-05-21,8B5258,TNU5258,TransNusa,Lombok,LOP,WADL,18:55,10:55,18:22,32min early,18:39,55min early,16m,Landed
2026-05-21,QG689,CTV689,Citilink,Jakarta,CGK,WIII,18:55,10:55,19:20,25min late,20:09,14min late,1h 49m,Landed
2026-05-21,TG440,THA440,Thai Airways International,Bangkok,BKK,VTBS,19:00,11:00,19:05,5min late,22:10,on time,4h 4m,Landed
2026-05-21,6E1612,IGO1612,IndiGo,Bhubaneswar,BBI,VEBS,19:10,11:10,19:03,6min early,22:22,27min early,5h 48m,Landed
2026-05-21,MH852,MAS852,Malaysia Airlines,Kuala Lumpur,KUL,WMKK,19:20,11:20,19:31,11min late,22:16,3min early,2h 44m,Landed
2026-05-21,QG699,CTV699,Citilink,Surabaya,SUB,WARR,19:25,11:25,19:26,1min late,09:42,2min late,15h 15m,Landed
2026-05-21,ID7310,BTK7310,Batik Air,Jakarta,HLP,WIHH,19:25,11:25,20:18,53min late,20:47,32min late,1h 29m,Landed
2026-05-21,EK369,UAE369,Emirates,Dubai,DXB,OMDB,19:45,11:45,19:57,12min late,00:41,8min early,8h 44m,Landed
2026-05-21,AK379,AXM379,AirAsia,Kuala Lumpur,KUL,WMKK,19:45,11:45,20:15,30min late,22:55,5min late,2h 39m,Landed
2026-05-21,GA421,GIA421,Garuda Indonesia,Jakarta,CGK,WIII,19:50,11:50,20:09,19min late,20:49,on time,1h 40m,Landed
2026-05-21,IU133,SJV133,SW Italia,Semarang,SRG,WIIS,19:50,11:50,20:05,15min late,20:05,4min early,59m,Landed
2026-05-21,JT923,,Lion Air,Surabaya,SUB,WARR,19:55,11:55,,,,,1h 0m,Cancelled
2026-05-21,SQ945,SIA945,Singapore Airlines,Singapore,SIN,WSSS,20:00,12:00,20:26,26min late,22:39,on time,2h 12m,Landed
2026-05-21,QG697,CTV697,Citilink,Surabaya,SUB,WARR,20:25,12:25,20:22,2min early,06:02,37min late,10h 40m,Landed
2026-05-21,ID6415,BTK6415,Batik Air,Surabaya,SUB,WARR,20:30,12:30,20:35,5min late,20:15,14min early,40m,Landed
2026-05-21,GA415,GIA415,Garuda Indonesia,Jakarta,CGK,WIII,20:40,12:40,01:25,45min late,15:21,41min late,14h 56m,Landed
2026-05-21,QG195,CTV195,Citilink,Jakarta,HLP,WIHH,20:40,12:40,20:53,13min late,21:32,2min early,1h 38m,Landed
2026-05-21,KL836,KLM836,KLM Royal Dutch Airlines,Singapore,SIN,WSSS,20:45,12:45,20:54,9min late,23:06,18min early,2h 12m,Landed
2026-05-21,OD177,MXD177,Malindo Air,Melbourne,MEL,YMML,21:00,13:00,21:06,6min late,04:09,30min early,5h 2m,Landed
2026-05-21,QG667,CTV667,Citilink,Jakarta,CGK,WIII,21:10,13:10,21:18,8min late,21:52,17min early,1h 33m,Landed
2026-05-21,JT15,LNI015,Lion Air,Jakarta,CGK,WIII,21:15,13:15,21:45,30min late,22:21,11min late,1h 36m,Landed
2026-05-21,JQ34,JST034,Jetstar Airways,Melbourne,MEL,YMML,21:20,13:20,21:47,27min late,04:46,8min early,4h 59m,Landed
2026-05-21,JQ117,JST117,Jetstar Airways,Perth,PER,YPPH,21:30,13:30,22:06,36min late,01:30,10min late,3h 23m,Landed
2026-05-21,SJ273,,Sriwijaya Air,Jakarta,CGK,WIII,21:35,13:35,21:35,,22:15,,1h 40m,Landed
2026-05-21,SQ947,SIA947,Singapore Airlines,Singapore,SIN,WSSS,21:40,13:40,21:56,16min late,00:08,6min early,2h 12m,Landed
2026-05-21,TK311,THY311,Turkish Airlines,Istanbul,IST,LTFM,21:45,13:45,21:53,8min late,05:25,19min early,12h 32m,Landed
2026-05-21,OD157,MXD157,Malindo Air,Brisbane,BNE,YBBN,22:00,14:00,22:17,17min late,05:22,27min early,5h 5m,Landed
2026-05-21,GA718,GIA718,Garuda Indonesia,Melbourne,MEL,YMML,22:05,14:05,22:25,20min late,05:32,2min late,5h 7m,Landed
2026-05-21,OD171,MXD171,Malindo Air,Sydney,SYD,YSSY,22:15,14:15,22:30,15min late,06:15,10min late,5h 44m,Landed
2026-05-21,AK375,AXM375,AirAsia,Kuala Lumpur,KUL,WMKK,22:15,14:15,22:51,36min late,01:34,14min late,2h 42m,Landed
2026-05-21,QF44,QFA044,Qantas,Sydney,SYD,YSSY,22:20,14:20,22:53,33min late,06:20,10min late,5h 26m,Landed
2026-05-21,JQ38,JST038,Jetstar Airways,Sydney,SYD,YSSY,22:35,14:35,22:45,10min late,06:19,10min early,5h 34m,Landed
2026-05-21,7C5304,JJA5304,Jeju Air,Seoul,ICN,RKSI,22:45,14:45,23:07,22min late,07:02,12min early,6h 54m,Landed
2026-05-21,VA96,VOZ096,Virgin Australia,Melbourne,MEL,YMML,23:05,15:05,23:05,on time,05:59,40min early,4h 54m,Landed
2026-05-21,8B5109,TNU5109,TransNusa,Jakarta,CGK,WIII,23:10,15:10,00:09,59min late,00:39,49min late,1h 30m,Landed
2026-05-21,JQ50,JST050,Jetstar Airways,Melbourne,AVV,YMAV,23:25,15:25,23:29,4min late,06:26,33min early,4h 56m,Landed
2026-05-21,GA714,GIA714,Garuda Indonesia,Sydney,SYD,YSSY,23:25,15:25,23:24,on time,06:43,26min early,5h 19m,Landed
2026-05-21,VA68,VOZ068,Virgin Australia,Sydney,SYD,YSSY,23:35,15:35,23:42,7min late,07:04,30min early,5h 21m,Landed
2026-05-21,JQ94,JST094,Jetstar Airways,Gold Coast,OOL,YBCG,23:45,15:45,00:03,18min late,07:03,11min early,5h 0m,Landed
2026-05-21,KE432,KAL432,Korean Air Lines,Seoul,ICN,RKSI,23:45,15:45,23:54,9min late,07:15,39min early,6h 21m,Landed
2026-05-21,JQ89,JST089,Jetstar Airways,Newcastle,NTL,YWLM,23:50,15:50,00:29,39min late,07:49,9min late,5h 20m,Landed
2026-05-22,BX602,ABL602,Air Busan,Busan,PUS,RKPK,00:05,16:05,00:17,12min late,07:46,13min early,6h 28m,Landed
2026-05-22,TW158,TWB158,T'Way Air,Cheongju,CJJ,RKTU,00:15,16:15,01:12,57min late,11:54,19min late,9h 41m,Landed
2026-05-22,GA880,GIA880,Garuda Indonesia,Tokyo,NRT,RJAA,00:20,16:20,00:31,11min late,08:13,36min early,6h 41m,Landed
2026-05-22,MF892,CXA892,Xiamen Airlines,Xiamen,XMN,ZSAM,00:30,16:30,00:33,3min late,05:57,7min early,5h 24m,Landed
2026-05-22,QR961,QTR961,Qatar Airways,Doha,DOH,OTHH,00:35,16:35,00:43,8min late,14:22,42min late,18h 39m,Landed
2026-05-22,EK399,UAE399,Emirates,Dubai,DXB,OMDB,00:35,16:35,00:48,13min late,05:18,16min early,8h 29m,Landed
2026-05-22,CZ626,CSN626,China Southern Airlines,Guangzhou,CAN,ZGGG,00:40,16:40,00:51,11min late,05:28,26min early,4h 37m,Landed
2026-05-22,PR538,PAL538,Philippine Airlines,Manila,MNL,RPLL,00:55,16:55,01:09,14min late,04:44,15min early,3h 35m,Landed
2026-05-22,MU5030,CES5030,China Eastern Airlines,Shanghai,PVG,ZSPD,00:55,16:55,01:19,24min late,07:28,31min early,6h 8m,Landed
2026-05-22,5J282,CEB282,CEBU Pacific Air,Manila,MNL,RPLL,01:00,17:00,01:05,5min late,04:37,42min early,3h 32m,Landed
2026-05-22,SJ726,,Sriwijaya Air,Makassar,UPG,WAAA,01:00,17:00,01:00,,02:20,,1h 20m,Landed
2026-05-22,GA652,GIA652,Garuda Indonesia,Timika,TIM,WABP,01:05,17:05,01:22,17min late,05:46,1min late,3h 23m,Landed
2026-05-22,KE434,KAL434,Korean Air Lines,Seoul,ICN,RKSI,01:10,17:10,01:44,34min late,09:12,12min early,6h 28m,Landed
2026-05-22,8B5888,TNU5888,TransNusa,Manado,MDC,WAMM,01:30,17:30,01:30,on time,03:40,19min early,2h 9m,Landed
2026-05-22,QZ807,AWQ807,Indonesia AirAsia,Jakarta,CGK,WIII,07:00,23:00,07:00,on time,07:29,30min early,1h 28m,Landed
2026-05-22,JT944,,Lion Air,Makassar,UPG,WAAA,07:00,23:00,07:00,on time,08:23,1min early,1h 23m,Landed
2026-05-22,IU705,SJV705,SW Italia,Surabaya,SUB,WARR,07:00,23:00,07:20,20min late,07:02,2min late,41m,Landed
2026-05-22,GA401,GIA401,Garuda Indonesia,Jakarta,CGK,WIII,07:00,23:00,07:12,12min late,07:44,15min early,1h 32m,Landed
2026-05-22,JQ82,JST082,Jetstar Airways,Darwin,DRW,YPDN,07:00,23:00,07:04,4min late,10:49,26min early,2h 14m,Landed
2026-05-22,JT746,LNI746,Lion Air,Makassar,UPG,WAAA,07:00,23:00,07:18,18min late,08:20,4min early,1h 2m,Landed
2026-05-22,QZ534,AWQ534,Indonesia AirAsia,Perth,PER,YPPH,07:05,23:05,07:26,21min late,10:49,10min early,3h 23m,Landed
2026-05-22,QZ644,AWQ644,Indonesia AirAsia,Labuan Bajo,LBJ,WATO,07:10,23:10,07:28,18min late,08:21,6min late,52m,Landed
2026-05-22,8B5250,TNU5250,TransNusa,Lombok,LOP,WADL,07:15,23:15,07:23,8min late,07:48,6min early,24m,Landed
2026-05-22,SQ949,SIA949,Singapore Airlines,Singapore,SIN,WSSS,07:15,23:15,07:15,on time,09:32,27min early,2h 17m,Landed
2026-05-22,8B551,,Business Air,Singapore,SIN,WSSS,07:30,23:30,07:30,,09:55,,2h 25m,Landed
2026-05-22,ID6333,BTK6333,Batik Air,Labuan Bajo,LBJ,WATO,07:55,23:55,08:14,19min late,09:05,4min early,51m,Landed
2026-05-22,JT21,LNI021,Lion Air,Jakarta,CGK,WIII,08:05,00:05,08:18,13min late,08:51,8min early,1h 33m,Landed
2026-05-22,IW1858,WON1858,Wings Air,Lombok,LOP,WADL,08:05,00:05,08:04,on time,08:35,19min early,30m,Landed
2026-05-22,HX706,CRK706,Hong Kong Airlines,Hong Kong,HKG,VHHH,08:05,00:05,08:24,19min late,13:01,18min early,4h 36m,Landed
2026-05-22,QZ803,AWQ803,Indonesia AirAsia,Jakarta,CGK,WIII,08:30,00:30,08:35,5min late,09:04,15min early,1h 28m,Landed
2026-05-22,5J280,CEB280,CEBU Pacific Air,Manila,MNL,RPLL,08:35,00:35,08:31,3min early,12:07,47min early,3h 35m,Landed
2026-05-22,CZ8482,CSN8482,China Southern Airlines,Guangzhou,CAN,ZGGG,08:40,00:40,08:58,18min late,13:44,5min early,4h 46m,Landed
2026-05-22,IW1882,WON1882,Wings Air,Sumbawa Besar,SWQ,WADS,08:55,00:55,09:03,8min late,09:43,16min early,39m,Landed
2026-05-22,QG500,CTV500,Citilink,Dili,DIL,WPDL,09:00,01:00,09:08,8min late,11:42,22min early,1h 33m,Landed
2026-05-22,IW3330,WON3330,Wings Air,,,,09:00,01:00,09:34,34min late,12:01,16min late,2h 27m,Landed
2026-05-22,QG691,CTV691,Citilink,Surabaya,SUB,WARR,09:05,01:05,09:03,1min early,08:44,30min early,41m,Landed
2026-05-22,ID6324,BTK6324,Batik Air,Tambolaka,TMC,WADT,09:10,01:10,09:19,9min late,10:03,16min early,44m,Landed
2026-05-22,IN640,LKN640,NAM Air,Tambolaka,TMC,WADT,09:10,01:10,09:45,35min late,10:29,19min late,43m,Landed
2026-05-22,SJ740,,Sriwijaya Air,Waingapu,WGP,WADW,09:10,01:10,09:10,,10:30,,1h 20m,Landed
2026-05-22,8B5105,TNU5105,TransNusa,Jakarta,CGK,WIII,09:15,01:15,09:27,12min late,09:56,3min early,1h 29m,Landed
2026-05-22,IW1848,WON1848,Wings Air,Lombok,LOP,WADL,09:25,01:25,10:10,45min late,10:33,18min late,22m,Landed
2026-05-22,ID6007,BTK6007,Batik Air,Perth,PER,YPPH,09:30,01:30,13:55,25min late,17:22,7min late,3h 26m,Landed
2026-05-22,8B5634,TNU5634,Business Air,Bima,BMU,WADB,09:35,01:35,09:53,18min late,10:40,5min late,46m,Landed
2026-05-22,8B80,TNU080,Business Air,Perth,PER,YPPH,09:40,01:40,09:42,2min late,13:10,14min early,3h 27m,Landed
2026-05-22,QG197,CTV197,Citilink,Jakarta,HLP,WIHH,09:45,01:45,10:00,15min late,10:30,9min early,1h 29m,Landed
2026-05-22,IU137,SJV137,SW Italia,Kupang,KOE,WATT,10:00,02:00,11:54,54min late,13:15,25min late,1h 21m,Landed
2026-05-22,IU122,SJV122,SW Italia,Yogyakarta,YIA,WAHI,10:00,02:00,11:59,59min late,12:03,33min late,1h 3m,Landed
2026-05-22,SU297,AFL297,Aeroflot,Moscow,SVO,UUEE,10:05,02:05,10:24,19min late,18:06,8min early,12h 41m,Landed
2026-05-22,SQ935,SIA935,Singapore Airlines,Singapore,SIN,WSSS,10:05,02:05,10:19,14min late,12:31,13min early,2h 11m,Landed
2026-05-22,8B553,TNU553,Business Air,Singapore,SIN,WSSS,10:20,02:20,10:26,6min late,12:50,24min early,2h 23m,Landed
2026-05-22,8B5101,TNU5101,TransNusa,Jakarta,CGK,WIII,10:25,02:25,10:33,8min late,11:04,10min early,1h 30m,Landed
2026-05-22,JT805,LNI805,Lion Air,Surabaya,SUB,WARR,10:35,02:35,10:46,11min late,10:30,4min early,43m,Landed
2026-05-22,8G182,DTL182,Mid Africa Aviation,Dili,DIL,WPDL,10:35,02:35,10:57,22min late,13:32,2min late,1h 35m,Landed
2026-05-22,JT31,LNI031,Lion Air,Jakarta,CGK,WIII,11:05,03:05,11:26,21min late,11:57,2min early,1h 31m,Landed
2026-05-22,JQ126,JST126,Jetstar Airways,Adelaide,ADL,YPAD,11:15,03:15,12:22,7min late,17:58,28min late,4h 6m,Landed
2026-05-22,6E1606,IGO1606,IndiGo,Bangalore,BLR,VOBL,11:20,03:20,11:37,17min late,15:13,3min late,6h 5m,Landed
2026-05-22,TR281,TGW281,Scoot,Singapore,SIN,WSSS,11:20,03:20,11:29,9min late,13:54,15min early,2h 25m,Landed
2026-05-22,QZ646,AWQ646,Indonesia AirAsia,Labuan Bajo,LBJ,WATO,11:25,03:25,11:33,8min late,12:19,20min early,46m,Landed
2026-05-22,IW1964,WON1964,Wings Air,Lombok,LOP,WADL,11:40,03:40,12:02,22min late,12:31,1min late,29m,Landed
2026-05-22,JQ109,JST109,Jetstar Airways,Perth,PER,YPPH,11:40,03:40,11:42,2min late,15:09,15min early,3h 26m,Landed
2026-05-22,ID6331,BTK6331,Batik Air,Labuan Bajo,LBJ,WATO,11:45,03:45,12:42,57min late,13:35,35min late,52m,Landed
2026-05-22,GA407,GIA407,Garuda Indonesia,Jakarta,CGK,WIII,11:55,03:55,12:06,11min late,12:38,16min early,1h 31m,Landed
2026-05-22,OD192,MXD192,Malindo Air,Kuala Lumpur,KUL,WMKK,11:55,03:55,12:09,14min late,14:56,8min early,2h 46m,Landed
2026-05-22,QZ544,AWQ544,Indonesia AirAsia,Perth,PER,YPPH,12:00,04:00,12:26,26min late,15:52,2min late,3h 26m,Landed
2026-05-22,JQ32,JST032,Jetstar Airways,Melbourne,MEL,YMML,12:05,04:05,12:39,34min late,19:24,15min early,4h 44m,Landed
2026-05-22,GA253,GIA253,Garuda Indonesia,Yogyakarta,YIA,WAHI,12:05,04:05,12:19,14min late,12:29,25min early,1h 10m,Landed
2026-05-22,SQ937,SIA937,Singapore Airlines,Singapore,SIN,WSSS,12:10,04:10,12:29,19min late,14:47,7min early,2h 17m,Landed
2026-05-22,SJ742,,Sriwijaya Air,Tambolaka,TMC,WADT,12:10,04:10,12:10,,13:10,,1h 0m,Landed
2026-05-22,JQ40,JST040,Jetstar Airways,Sydney,SYD,YSSY,12:20,04:20,12:50,30min late,19:58,16min early,5h 7m,Landed
2026-05-22,OD178,MXD178,Malindo Air,Kuala Lumpur,KUL,WMKK,12:25,04:25,12:47,22min late,15:22,12min early,2h 35m,Landed
2026-05-22,8B5254,TNU5254,TransNusa,Lombok,LOP,WADL,12:40,04:40,13:16,36min late,13:35,15min late,18m,Landed
2026-05-22,IP103,PAS103,Pelita Air Service,Jakarta,CGK,WIII,12:45,04:45,13:11,26min late,13:43,3min late,1h 31m,Landed
2026-05-22,OD158,MXD158,Malindo Air,Kuala Lumpur,KUL,WMKK,12:45,04:45,12:58,13min late,15:40,14min early,2h 41m,Landed
2026-05-22,AK365,AXM365,AirAsia,Kuala Lumpur,KUL,WMKK,13:00,05:00,13:05,5min late,15:49,15min early,2h 44m,Landed
2026-05-22,OD307,MXD307,Malindo Air,Kuala Lumpur,KUL,WMKK,13:00,05:00,14:25,25min late,17:22,22min late,2h 57m,Landed
2026-05-22,ID6509,BTK6509,Batik Air,Jakarta,CGK,WIII,13:00,05:00,16:31,31min late,17:19,24min late,1h 47m,Landed
2026-05-22,MH714,MAS714,Malaysia Airlines,Kuala Lumpur,KUL,WMKK,13:05,05:05,13:42,37min late,16:38,38min late,2h 56m,Landed
2026-05-22,OD172,MXD172,Malindo Air,Kuala Lumpur,KUL,WMKK,13:10,05:10,13:29,19min late,16:09,10min early,2h 40m,Landed
2026-05-22,SQ939,SIA939,Singapore Airlines,Singapore,SIN,WSSS,13:15,05:15,13:17,2min late,15:31,28min early,2h 14m,Landed
2026-05-22,JQ58,JST058,Jetstar Airways,Brisbane,BNE,YBBN,13:15,05:15,14:12,57min late,21:14,19min late,5h 2m,Landed
2026-05-22,JT35,,Lion Air,Jakarta,CGK,WIII,13:15,05:15,,,,,1h 55m,Cancelled
2026-05-22,SL259,TLM259,Thai Lion Air,Bangkok,DMK,VTBD,13:25,05:25,14:08,43min late,17:10,20min late,4h 1m,Landed
2026-05-22,GA409,GIA409,Garuda Indonesia,Jakarta,CGK,WIII,13:25,05:25,13:37,12min late,14:09,15min early,1h 32m,Landed
2026-05-22,JT660,LNI660,Lion Air,Balikpapan,BPN,WALL,13:30,05:30,13:32,2min late,14:54,21min early,1h 21m,Landed
2026-05-22,GA842,GIA842,Garuda Indonesia,Singapore,SIN,WSSS,13:40,05:40,14:01,21min late,16:25,on time,2h 23m,Landed
2026-05-22,QG687,CTV687,Citilink,Jakarta,CGK,WIII,13:45,05:45,13:58,13min late,14:26,13min early,1h 28m,Landed
2026-05-22,8B5107,TNU5107,TransNusa,Jakarta,CGK,WIII,13:50,05:50,17:48,58min late,18:17,37min late,1h 28m,Landed
2026-05-22,JT919,LNI919,Lion Air,Surabaya,SUB,WARR,13:55,05:55,14:16,21min late,17:23,28min late,4h 6m,Landed
2026-05-22,VJ894,VJC894,VietJet Air,Ho Chi Minh City,SGN,VVTS,14:05,06:05,14:50,45min late,17:15,20min late,3h 24m,Landed
2026-05-22,TR289,TGW289,Scoot,Singapore,SIN,WSSS,14:05,06:05,14:21,16min late,16:34,20min early,2h 13m,Landed
2026-05-22,ID6517,BTK6517,Batik Air,Jakarta,CGK,WIII,14:15,06:15,14:37,22min late,15:07,2min early,1h 30m,Landed
2026-05-22,IU130,SJV130,SW Italia,Semarang,SRG,WIIS,14:15,06:15,16:11,56min late,16:18,43min late,1h 6m,Landed
2026-05-22,ID7308,BTK7308,Batik Air,Jakarta,HLP,WIHH,14:20,06:20,14:33,13min late,15:05,4min early,1h 32m,Landed
2026-05-22,GA653,GIA653,Garuda Indonesia,Jakarta,CGK,WIII,14:30,06:30,14:47,17min late,15:29,on time,1h 41m,Landed
2026-05-22,AI2148,AIC2148,Air India,Delhi,DEL,VIDP,14:35,06:35,14:58,23min late,19:41,1min late,7h 12m,Landed
2026-05-22,JT33,LNI033,Lion Air,Jakarta,CGK,WIII,14:45,06:45,15:02,17min late,15:33,6min early,1h 31m,Landed
2026-05-22,QG681,CTV681,Citilink,Jakarta,CGK,WIII,14:45,06:45,15:06,21min late,15:43,11min early,1h 36m,Landed
2026-05-22,JQ88,JST088,Jetstar Airways,Singapore,SIN,WSSS,14:55,06:55,15:20,25min late,18:01,1min late,2h 40m,Landed
2026-05-22,JQ107,JST107,Jetstar Airways,Perth,PER,YPPH,15:00,07:00,15:17,17min late,18:40,9min early,3h 23m,Landed
2026-05-22,IU120,SJV120,SW Italia,Yogyakarta,YIA,WAHI,15:00,07:00,17:18,18min late,21:34,4min late,5h 16m,Landed
2026-05-22,JT844,,Lion Air,Banjarmasin,BDJ,WAOO,15:00,07:00,,,,,1h 30m,Cancelled
2026-05-22,QG342,CTV342,Citilink,Makassar,UPG,WAAA,15:00,07:00,15:07,7min late,16:18,11min early,1h 10m,Landed
2026-05-22,JQ44,,Jetstar Airways,Melbourne,MEL,YMML,15:10,07:10,,,,,5h 35m,Cancelled
2026-05-22,VA50,VOZ050,Virgin Australia,Brisbane,BNE,YBBN,15:15,07:15,16:24,9min late,23:28,23min late,5h 3m,Landed
2026-05-22,8B82,TNU082,TransNusa,Perth,PER,YPPH,15:20,07:20,15:34,14min late,19:04,5min early,3h 29m,Landed
2026-05-22,AK377,AXM377,AirAsia,Kuala Lumpur,KUL,WMKK,15:25,07:25,15:49,24min late,18:34,4min late,2h 44m,Landed
2026-05-22,JT740,LNI740,Lion Air,Makassar,UPG,WAAA,15:30,07:30,15:53,23min late,16:52,2min early,58m,Landed
2026-05-22,QG669,CTV669,Citilink,Surabaya,SUB,WARR,15:30,07:30,15:42,12min late,07:53,13min late,17h 10m,Landed
2026-05-22,IP109,PAS109,Pelita Air Service,Jakarta,CGK,WIII,15:35,07:35,15:46,11min late,16:15,9min early,1h 28m,Landed
2026-05-22,SJ717,,Sriwijaya Air,Makassar,UPG,WAAA,15:40,07:40,15:40,,17:00,,1h 20m,Landed
2026-05-22,IW1850,WON1850,Wings Air,Lombok,LOP,WADL,15:40,07:40,16:35,55min late,17:06,36min late,30m,Landed
2026-05-22,GA411,GIA411,Garuda Indonesia,Jakarta,CGK,WIII,15:45,07:45,16:05,20min late,16:39,5min early,1h 33m,Landed
2026-05-22,VA92,VOZ092,Virgin Australia,Melbourne,MEL,YMML,15:50,07:50,16:43,53min late,23:30,5min late,4h 47m,Landed
2026-05-22,CI772,CAL772,China Airlines,Taipei,TPE,RCTP,15:55,07:55,16:00,5min late,20:59,20min early,4h 59m,Landed
2026-05-22,8B5256,TNU5256,Business Air,Lombok,LOP,WADL,15:55,07:55,15:57,2min late,16:22,27min early,25m,Landed
2026-05-22,VN640,HVN640,Vietnam Airlines,Ho Chi Minh City,SGN,VVTS,16:00,08:00,16:17,17min late,18:36,3min early,3h 18m,Landed
2026-05-22,QZ246,AWQ246,Indonesia AirAsia,Phuket,HKT,VTSP,16:10,08:10,16:28,18min late,18:51,18min early,3h 23m,Landed
2026-05-22,CX784,CPA784,Cathay Pacific,Hong Kong,HKG,VHHH,16:15,08:15,16:15,on time,20:45,39min early,4h 30m,Landed
2026-05-22,MH850,MAS850,Malaysia Airlines,Kuala Lumpur,KUL,WMKK,16:25,08:25,17:00,35min late,19:40,5min late,2h 40m,Landed
2026-05-22,IW1852,WON1852,Wings Air,Lombok,LOP,WADL,16:30,08:30,16:45,15min late,17:09,10min early,24m,Landed
2026-05-22,BR256,EVA256,EVA Airways,Taipei,TPE,RCTP,16:30,08:30,16:39,9min late,21:39,20min early,5h 0m,Landed
2026-05-22,AK369,AXM369,AirAsia,Kuala Lumpur,KUL,WMKK,16:40,08:40,17:24,44min late,20:06,21min late,2h 41m,Landed
2026-05-22,JT744,,Lion Air,Makassar,UPG,WAAA,16:40,08:40,,,,,1h 25m,Cancelled
2026-05-22,IU703,SJV703,SW Italia,Surabaya,SUB,WARR,16:40,08:40,17:33,53min late,17:21,41min late,47m,Landed
2026-05-22,GA2554,GIA2554,Garuda Indonesia,Yogyakarta,YIA,WAHI,16:45,08:45,17:15,30min late,19:51,16min late,3h 36m,Landed
2026-05-22,HO1356,DKH1356,Juneyao Airlines,Shanghai,PVG,ZSPD,16:50,08:50,16:54,4min late,23:05,29min early,6h 10m,Landed
2026-05-22,TG432,THA432,Thai Airways International,Bangkok,BKK,VTBS,16:55,08:55,16:53,1min early,19:32,32min early,3h 39m,Landed
2026-05-22,GA349,GIA349,Garuda Indonesia,Surabaya,SUB,WARR,16:55,08:55,17:29,34min late,17:16,6min late,47m,Landed
2026-05-22,IU273,,SW Italia,Pontianak,PNK,WIOO,17:00,09:00,,,,,2h 5m,Cancelled
2026-05-22,ID6335,BTK6335,Batik Air,Labuan Bajo,LBJ,WATO,17:00,09:00,18:25,25min late,19:11,56min late,46m,Landed
2026-05-22,JT23,,Lion Air,Jakarta,CGK,WIII,17:15,09:15,,,,,1h 55m,Cancelled
2026-05-22,GA419,GIA419,Garuda Indonesia,Jakarta,CGK,WIII,17:25,09:25,17:38,13min late,18:19,5min early,1h 41m,Landed
2026-05-22,VJ998,VJC998,VietJet Air,Hanoi,HAN,VVNB,17:30,09:30,21:58,28min late,21:09,25min early,11m,Landed
2026-05-22,TR243,TGW243,Scoot,Singapore,SIN,WSSS,17:35,09:35,17:53,18min late,20:17,7min early,2h 24m,Landed
2026-05-22,IP107,,Pelita Air Service,Jakarta,CGK,WIII,17:40,09:40,17:40,,18:30,,1h 50m,Landed
2026-05-22,NZ291,ANZ291,Air New Zealand,Auckland,AKL,NZAA,17:50,09:50,18:18,28min late,05:33,3min late,7h 15m,Landed
2026-05-22,QZ821,AWQ821,Indonesia AirAsia,Jakarta,CGK,WIII,18:00,10:00,18:10,10min late,18:42,7min early,1h 32m,Landed
2026-05-22,6E1608,IGO1608,IndiGo,Chennai,MAA,VOMM,18:00,10:00,18:06,6min late,21:23,12min early,5h 46m,Landed
2026-05-22,IU126,SJV126,SW Italia,Surakarta,SOC,WAHQ,18:10,10:10,20:02,52min late,20:07,37min late,1h 4m,Landed
2026-05-22,OD193,MXD193,Malindo Air,Perth,PER,YPPH,18:10,10:10,18:32,22min late,22:02,17min late,3h 30m,Landed
2026-05-22,ID6552,BTK6552,Batik Air,Kupang,KOE,WATT,18:25,10:25,19:28,3min late,20:46,31min late,1h 18m,Landed
2026-05-22,GA417,GIA417,Garuda Indonesia,Jakarta,CGK,WIII,18:30,10:30,19:01,31min late,19:37,7min late,1h 36m,Landed
2026-05-22,IN281,LKN281,NAM Air,Jakarta,CGK,WIII,18:30,10:30,18:41,11min late,19:14,4min late,1h 33m,Landed
2026-05-22,QR963,QTR963,Qatar Airways,Doha,DOH,OTHH,18:35,10:35,18:49,14min late,22:59,40min early,9h 10m,Landed
2026-05-22,EY477,ETD477,Etihad Airways,Abu Dhabi,AUH,OMAA,18:45,10:45,18:52,7min late,23:31,8min early,8h 38m,Landed
2026-05-22,CX782,CPA782,Cathay Pacific,Hong Kong,HKG,VHHH,18:50,10:50,19:25,35min late,00:00,4min early,4h 34m,Landed
2026-05-22,8B5258,TNU5258,TransNusa,Lombok,LOP,WADL,18:55,10:55,18:29,25min early,18:51,43min early,21m,Landed
2026-05-22,QG689,CTV689,Citilink,Jakarta,CGK,WIII,18:55,10:55,19:20,25min late,19:53,1min early,1h 32m,Landed
2026-05-22,TG440,THA440,Thai Airways International,Bangkok,BKK,VTBS,19:00,11:00,19:23,23min late,22:29,19min late,4h 6m,Landed
2026-05-22,6E1612,IGO1612,IndiGo,Bhubaneswar,BBI,VEBS,19:10,11:10,19:07,2min early,22:20,29min early,5h 43m,Landed
2026-05-22,MH852,MAS852,Malaysia Airlines,Kuala Lumpur,KUL,WMKK,19:20,11:20,19:31,11min late,22:11,8min early,2h 40m,Landed
2026-05-22,QG699,CTV699,Citilink,Surabaya,SUB,WARR,19:25,11:25,19:29,4min late,19:23,16min early,54m,Landed
2026-05-22,ID7310,BTK7310,Batik Air,Jakarta,HLP,WIHH,19:25,11:25,21:58,33min late,22:25,10min late,1h 27m,Landed
2026-05-22,EK369,UAE369,Emirates,Dubai,DXB,OMDB,19:45,11:45,19:58,13min late,00:48,1min early,8h 50m,Landed
2026-05-22,AK379,AXM379,AirAsia,Kuala Lumpur,KUL,WMKK,19:45,11:45,20:26,41min late,23:09,19min late,2h 43m,Landed
2026-05-22,GA421,GIA421,Garuda Indonesia,Jakarta,CGK,WIII,19:50,11:50,20:09,19min late,20:51,1min late,1h 42m,Landed
2026-05-22,8B969,,Business Air,Guangzhou,CAN,ZGGG,19:50,11:50,04:52,2min late,09:45,19min early,,Landed
2026-05-22,IU133,SJV133,SW Italia,Semarang,SRG,WIIS,19:50,11:50,21:23,33min late,21:34,24min late,1h 10m,Landed
2026-05-22,JT923,LNI923,Lion Air,Surabaya,SUB,WARR,19:55,11:55,20:07,12min late,19:49,5min early,42m,Landed
2026-05-22,SQ945,SIA945,Singapore Airlines,Singapore,SIN,WSSS,20:00,12:00,20:14,14min late,22:37,2min early,2h 23m,Landed
2026-05-22,QG697,CTV697,Citilink,Surabaya,SUB,WARR,20:25,12:25,20:33,8min late,06:38,13min late,11h 4m,Landed
2026-05-22,ID6415,BTK6415,Batik Air,Surabaya,SUB,WARR,20:30,12:30,22:56,26min late,06:06,36min late,8h 10m,Landed
2026-05-22,GA415,,Garuda Indonesia,Jakarta,CGK,WIII,20:40,12:40,,,,,2h 0m,Cancelled
2026-05-22,KL836,KLM836,KLM Royal Dutch Airlines,Singapore,SIN,WSSS,20:45,12:45,21:00,15min late,23:20,5min early,2h 19m,Landed
2026-05-22,IP105,PAS105,Pelita Air Service,Jakarta,CGK,WIII,20:50,12:50,19:46,3min early,21:25,14min early,2h 39m,Landed
2026-05-22,QZ819,AWQ819,Indonesia AirAsia,Jakarta,CGK,WIII,21:05,13:05,23:08,3min late,23:38,43min late,1h 29m,Landed
2026-05-22,QG667,CTV667,Citilink,Jakarta,CGK,WIII,21:10,13:10,21:21,11min late,21:59,10min early,1h 38m,Landed
2026-05-22,JT15,LNI015,Lion Air,Jakarta,CGK,WIII,21:15,13:15,22:03,48min late,22:32,22min late,1h 29m,Landed
2026-05-22,QZ410,AWQ410,Indonesia AirAsia,Melbourne,MEL,YMML,21:15,13:15,21:21,6min late,04:29,30min early,5h 7m,Landed
2026-05-22,JQ34,JST034,Jetstar Airways,Melbourne,MEL,YMML,21:20,13:20,22:27,7min late,05:18,23min late,4h 50m,Landed
2026-05-22,JQ117,JST117,Jetstar Airways,Perth,PER,YPPH,21:30,13:30,21:52,22min late,01:13,6min early,3h 20m,Landed
2026-05-22,SJ273,,Sriwijaya Air,Jakarta,CGK,WIII,21:35,13:35,21:35,,22:15,,1h 40m,Landed
2026-05-22,GA425,GIA425,Garuda Indonesia,Jakarta,CGK,WIII,21:40,13:40,22:06,26min late,22:45,on time,1h 39m,Landed
2026-05-22,SQ947,SIA947,Singapore Airlines,Singapore,SIN,WSSS,21:40,13:40,21:48,8min late,00:03,11min early,2h 14m,Landed
2026-05-22,SV857,SVA857,Saudi Arabian Airlines,Singapore,SIN,WSSS,21:55,13:55,22:13,18min late,00:34,4min late,2h 21m,Landed
2026-05-22,GA718,GIA718,Garuda Indonesia,Melbourne,MEL,YMML,22:05,14:05,22:22,17min late,05:03,26min early,4h 41m,Landed
2026-05-22,JQ60,JST060,Jetstar Airways,Brisbane,BNE,YBBN,22:10,14:10,22:45,35min late,05:38,6min early,4h 53m,Landed
2026-05-22,OD171,MXD171,Malindo Air,Sydney,SYD,YSSY,22:15,14:15,22:30,15min late,06:06,1min late,5h 35m,Landed
2026-05-22,AK375,AXM375,AirAsia,Kuala Lumpur,KUL,WMKK,22:15,14:15,22:47,32min late,01:26,6min late,2h 39m,Landed
2026-05-22,QF44,QFA044,Qantas,Sydney,SYD,YSSY,22:20,14:20,22:39,19min late,05:49,20min early,5h 9m,Landed
2026-05-22,JQ38,JST038,Jetstar Airways,Sydney,SYD,YSSY,22:35,14:35,23:06,31min late,06:18,11min early,5h 12m,Landed
2026-05-22,7C5304,JJA5304,Jeju Air,Seoul,ICN,RKSI,22:45,14:45,22:58,13min late,06:50,24min early,6h 52m,Landed
2026-05-22,JQ91,JST091,Jetstar Airways,Cairns,CNS,YBCS,23:00,15:00,23:28,28min late,05:23,6min early,3h 54m,Landed
2026-05-22,VA96,VOZ096,Virgin Australia,Melbourne,MEL,YMML,23:05,15:05,23:59,54min late,06:41,1min late,4h 42m,Landed
2026-05-22,QF46,QFA046,Qantas,Melbourne,MEL,YMML,23:05,15:05,23:46,41min late,06:33,6min early,4h 47m,Landed
2026-05-22,8B5109,TNU5109,Business Air,Jakarta,CGK,WIII,23:10,15:10,00:12,2min late,00:37,47min late,1h 25m,Landed
2026-05-22,3U3986,CSC3986,Sichuan Airlines,Lujia Town,TFU,ZUTF,23:10,15:10,23:23,13min late,13:46,16min late,14h 23m,Landed
2026-05-22,VA82,VOZ082,Virgin Australia,Gold Coast,OOL,YBCG,23:20,15:20,01:07,47min late,08:05,10min late,4h 57m,Landed
2026-05-22,JQ50,JST050,Jetstar Airways,Melbourne,AVV,YMAV,23:25,15:25,23:34,9min late,06:22,37min early,4h 47m,Landed
2026-05-22,GA714,GIA714,Garuda Indonesia,Sydney,SYD,YSSY,23:25,15:25,23:44,19min late,07:02,7min early,5h 18m,Landed
2026-05-22,VA68,VOZ068,Virgin Australia,Sydney,SYD,YSSY,23:35,15:35,00:55,20min late,08:03,28min late,5h 7m,Landed
2026-05-22,QZ420,AWQ420,Indonesia AirAsia,Adelaide,ADL,YPAD,23:45,15:45,00:03,18min late,06:01,23min early,4h 27m,Landed
2026-05-22,KE432,KAL432,Korean Air Lines,Seoul,ICN,RKSI,23:45,15:45,00:07,22min late,07:34,20min early,6h 27m,Landed
2026-05-22,JQ87,JST087,Jetstar Airways,Sunshine Coast,MCY,YBSU,23:50,15:50,23:56,6min late,06:49,40min early,4h 52m,Landed
2026-05-22,JQ128,JST128,Jetstar Airways,Adelaide,ADL,YPAD,23:55,15:55,01:11,16min late,06:50,40min late,4h 9m,Landed
2026-05-23,BX602,ABL602,Air Busan,Busan,PUS,RKPK,00:05,16:05,00:17,12min late,07:46,13min early,6h 28m,Landed
2026-05-23,GA880,GIA880,Garuda Indonesia,Tokyo,NRT,RJAA,00:20,16:20,00:34,14min late,08:11,38min early,6h 36m,Landed
2026-05-23,8B84,TNU084,TransNusa,Perth,PER,YPPH,00:20,16:20,00:50,30min late,04:36,31min late,3h 45m,Landed
2026-05-23,MF892,CXA892,Xiamen Airlines,Xiamen,XMN,ZSAM,00:30,16:30,00:25,4min early,05:38,26min early,5h 13m,Landed
2026-05-23,QR961,QTR961,Qatar Airways,Doha,DOH,OTHH,00:35,16:35,00:47,12min late,04:42,57min early,8h 55m,Landed
2026-05-23,EK399,UAE399,Emirates,Dubai,DXB,OMDB,00:35,16:35,01:01,26min late,05:24,10min early,8h 23m,Landed
2026-05-23,CZ626,CSN626,China Southern Airlines,Guangzhou,CAN,ZGGG,00:40,16:40,00:58,18min late,05:37,17min early,4h 39m,Landed
2026-05-23,PR538,PAL538,Philippine Airlines,Manila,MNL,RPLL,00:55,16:55,01:04,9min late,04:38,21min early,3h 33m,Landed
2026-05-23,MU5030,CES5030,China Eastern Airlines,Shanghai,PVG,ZSPD,00:55,16:55,00:55,on time,07:07,52min early,6h 12m,Landed
2026-05-23,5J282,CEB282,CEBU Pacific Air,Manila,MNL,RPLL,01:00,17:00,01:05,5min late,04:37,42min early,3h 32m,Landed
2026-05-23,SJ726,,Sriwijaya Air,Makassar,UPG,WAAA,01:00,17:00,01:00,,02:20,,1h 20m,Landed
2026-05-23,GA652,GIA652,Garuda Indonesia,Timika,TIM,WABP,01:05,17:05,01:12,7min late,05:38,6min early,3h 26m,Landed
2026-05-23,KE434,KAL434,Korean Air Lines,Seoul,ICN,RKSI,01:10,17:10,01:20,10min late,08:45,39min early,6h 25m,Landed
2026-05-23,8B5888,TNU5888,TransNusa,Manado,MDC,WAMM,01:30,17:30,01:34,4min late,03:44,15min early,2h 10m,Landed
2026-05-23,8B969,TNU969,Business Air,Guangzhou,CAN,ZGGG,03:45,19:45,03:48,3min late,11:15,10min late,7h 26m,Landed
2026-05-23,GA401,GIA401,Garuda Indonesia,Jakarta,CGK,WIII,07:00,23:00,07:13,13min late,07:47,12min early,1h 34m,Landed
2026-05-23,QZ807,AWQ807,Indonesia AirAsia,Jakarta,CGK,WIII,07:00,23:00,07:22,22min late,07:52,7min early,1h 29m,Landed
2026-05-23,IU705,SJV705,SW Italia,Surabaya,SUB,WARR,07:00,23:00,07:06,6min late,06:43,16min early,37m,Landed
2026-05-23,JQ111,JST111,Jetstar Airways,Perth,PER,YPPH,07:00,23:00,07:22,22min late,10:52,7min late,3h 29m,Landed
2026-05-23,JT746,LNI746,Lion Air,Makassar,UPG,WAAA,07:00,23:00,07:10,10min late,08:06,18min early,55m,Landed
2026-05-23,JQ82,JST082,Jetstar Airways,Darwin,DRW,YPDN,07:00,23:00,07:01,1min late,10:44,30min early,2h 13m,Landed
2026-05-23,QZ534,AWQ534,Indonesia AirAsia,Perth,PER,YPPH,07:05,23:05,07:28,23min late,11:22,22min late,3h 54m,Landed
2026-05-23,QZ644,AWQ644,Indonesia AirAsia,Labuan Bajo,LBJ,WATO,07:10,23:10,07:08,1min early,07:58,16min early,49m,Landed
2026-05-23,8B5250,TNU5250,TransNusa,Lombok,LOP,WADL,07:15,23:15,07:20,5min late,07:39,15min early,19m,Landed
2026-05-23,SQ949,SIA949,Singapore Airlines,Singapore,SIN,WSSS,07:15,23:15,07:25,10min late,09:36,24min early,2h 10m,Landed
2026-05-23,8B551,,Business Air,Singapore,SIN,WSSS,07:30,23:30,07:30,,09:55,,2h 25m,Landed
2026-05-23,ID6333,BTK6333,Batik Air,Labuan Bajo,LBJ,WATO,07:55,23:55,08:04,9min late,09:00,9min early,56m,Landed
2026-05-23,HX706,CRK706,Hong Kong Airlines,Hong Kong,HKG,VHHH,08:05,00:05,08:24,19min late,13:09,10min early,4h 45m,Landed
2026-05-23,JT21,LNI021,Lion Air,Jakarta,CGK,WIII,08:05,00:05,08:28,23min late,09:09,9min late,1h 40m,Landed
2026-05-23,IW1858,WON1858,Wings Air,Lombok,LOP,WADL,08:05,00:05,08:12,7min late,08:35,19min early,22m,Landed
2026-05-23,AI2146,AIC2146,Air India,Delhi,DEL,VIDP,08:25,00:25,08:40,15min late,13:26,23min early,7h 15m,Landed
2026-05-23,5J280,CEB280,CEBU Pacific Air,Manila,MNL,RPLL,08:35,00:35,08:34,on time,12:03,51min early,3h 29m,Landed
2026-05-23,CZ8482,CSN8482,China Southern Airlines,Guangzhou,CAN,ZGGG,08:40,00:40,08:50,10min late,18:53,3min late,10h 2m,Landed
2026-05-23,IW1854,,Wings Air,Lombok,LOP,WADL,08:45,00:45,,,,,50m,Cancelled
2026-05-23,IW1882,WON1882,Wings Air,Sumbawa Besar,SWQ,WADS,08:55,00:55,09:03,8min late,09:51,9min early,47m,Landed
2026-05-23,QG500,CTV500,Citilink,Dili,DIL,WPDL,09:00,01:00,07:23,36min early,11:51,13min early,3h 28m,Landed
2026-05-23,QG691,CTV691,Citilink,Surabaya,SUB,WARR,09:05,01:05,09:04,on time,08:50,24min early,46m,Landed
2026-05-23,IN640,LKN640,Nam Air,Tambolaka,TMC,WADT,09:10,01:10,09:22,12min late,10:11,1min late,48m,Landed
2026-05-23,ID6324,BTK6324,Batik Air,Tambolaka,TMC,WADT,09:10,01:10,09:17,7min late,10:01,18min early,44m,Landed
2026-05-23,8B5105,TNU5105,TransNusa,Jakarta,CGK,WIII,09:15,01:15,09:15,on time,09:48,11min early,1h 32m,Landed
2026-05-23,IW1848,WON1848,Wings Air,Lombok,LOP,WADL,09:25,01:25,10:30,5min late,10:53,38min late,23m,Landed
2026-05-23,8B5634,TNU5634,TransNusa,Bima,BMU,WADB,09:35,01:35,09:40,5min late,10:24,10min early,44m,Landed
2026-05-23,8B80,TNU080,TransNusa,Perth,PER,YPPH,09:40,01:40,09:53,13min late,13:30,5min late,3h 37m,Landed
2026-05-23,JQ1044,JST1044,Jetstar Airways,Melbourne,MEL,YMML,10:00,02:00,10:06,6min late,16:58,21min early,4h 51m,Landed
2026-05-23,IU122,SJV122,SW Italia,Yogyakarta,YIA,WAHI,10:00,02:00,10:14,14min late,12:42,12min late,3h 28m,Landed
2026-05-23,SQ935,SIA935,Singapore Airlines,Singapore,SIN,WSSS,10:05,02:05,10:26,21min late,12:45,on time,2h 19m,Landed
2026-05-23,QZ803,AWQ803,Indonesia AirAsia,Jakarta,CGK,WIII,10:15,02:15,10:18,3min late,10:53,11min early,1h 35m,Landed
2026-05-23,8B553,TNU553,Business Air,Singapore,SIN,WSSS,10:20,02:20,14:49,29min late,17:33,18min late,2h 43m,Landed
2026-05-23,8B5101,TNU5101,TransNusa,Jakarta,CGK,WIII,10:25,02:25,10:48,23min late,11:20,5min late,1h 32m,Landed
2026-05-23,JT805,LNI805,Lion Air,Surabaya,SUB,WARR,10:35,02:35,10:50,15min late,10:32,2min early,41m,Landed
2026-05-23,8G182,DTL182,Mid Africa Aviation,Dili,DIL,WPDL,10:35,02:35,11:03,28min late,13:39,9min late,1h 36m,Landed
2026-05-23,JT31,LNI031,Lion Air,Jakarta,CGK,WIII,11:05,03:05,11:37,32min late,12:08,8min late,1h 30m,Landed
2026-05-23,IW1856,WON1856,Wings Air,Lombok,LOP,WADL,11:10,03:10,11:33,23min late,11:58,1min early,25m,Landed
2026-05-23,JQ126,JST126,Jetstar Airways,Adelaide,ADL,YPAD,11:15,03:15,11:41,26min late,17:26,3min early,4h 14m,Landed
2026-05-23,6E1606,IGO1606,IndiGo,Bangalore,BLR,VOBL,11:20,03:20,11:17,2min early,14:36,33min early,5h 49m,Landed
2026-05-23,TR281,TGW281,Scoot,Singapore,SIN,WSSS,11:20,03:20,11:31,11min late,13:53,17min early,2h 21m,Landed
2026-05-23,QZ646,AWQ646,Indonesia AirAsia,Labuan Bajo,LBJ,WATO,11:25,03:25,11:21,3min early,12:28,11min early,1h 7m,Landed
2026-05-23,JQ109,JST109,Jetstar Airways,Perth,PER,YPPH,11:40,03:40,12:32,52min late,15:56,31min late,3h 24m,Landed
2026-05-23,AK371,AXM371,AirAsia,Kuala Lumpur,KUL,WMKK,11:40,03:40,11:52,12min late,15:45,0min late,3h 52m,Landed
2026-05-23,IW1964,WON1964,Wings Air,Lombok,LOP,WADL,11:40,03:40,12:16,36min late,12:44,14min late,28m,Landed
2026-05-23,ID6331,BTK6331,Batik Air,Labuan Bajo,LBJ,WATO,11:45,03:45,11:44,on time,12:40,19min early,56m,Landed
2026-05-23,IW1850,WON1850,Wings Air,Lombok,LOP,WADL,11:50,03:50,12:08,18min late,12:34,5min early,26m,Landed
2026-05-23,GA407,GIA407,Garuda Indonesia,Jakarta,CGK,WIII,11:55,03:55,12:06,11min late,12:38,16min early,1h 31m,Landed
2026-05-23,OD192,MXD192,Malindo Air,Kuala Lumpur,KUL,WMKK,11:55,03:55,12:02,7min late,15:06,1min late,3h 3m,Landed
2026-05-23,QZ809,AWQ809,Indonesia AirAsia,Jakarta,CGK,WIII,11:55,03:55,11:59,4min late,12:26,23min early,1h 26m,Landed
2026-05-23,QZ544,AWQ544,Indonesia AirAsia,Perth,PER,YPPH,12:00,04:00,12:53,53min late,16:27,37min late,3h 34m,Landed
2026-05-23,GA253,GIA253,Garuda Indonesia,Yogyakarta,YIA,WAHI,12:05,04:05,12:35,30min late,15:18,23min late,3h 43m,Landed
2026-05-23,JQ32,JST032,Jetstar Airways,Melbourne,MEL,YMML,12:05,04:05,12:13,8min late,19:12,27min early,4h 59m,Landed
2026-05-23,SJ7420,,Sriwijaya Air,Tambolaka,TMC,WADT,12:10,04:10,12:10,,13:10,,1h 0m,Landed
2026-05-23,SQ937,SIA937,Singapore Airlines,Singapore,SIN,WSSS,12:10,04:10,12:30,20min late,15:10,15min late,2h 39m,Landed
2026-05-23,JQ40,JST040,Jetstar Airways,Sydney,SYD,YSSY,12:20,04:20,12:45,25min late,19:53,21min early,5h 7m,Landed
2026-05-23,8B5254,TNU5254,TransNusa,Lombok,LOP,WADL,12:40,04:40,13:06,26min late,13:28,8min late,21m,Landed
2026-05-23,IP103,PAS103,Pelita Air Service,Jakarta,CGK,WIII,12:45,04:45,13:12,27min late,13:41,1min late,1h 29m,Landed
2026-05-23,AK365,AXM365,AirAsia,Kuala Lumpur,KUL,WMKK,13:00,05:00,12:58,1min early,16:07,2min late,3h 8m,Landed
2026-05-23,OD307,MXD307,Malindo Air,Kuala Lumpur,KUL,WMKK,13:00,05:00,13:04,4min late,16:16,16min late,3h 11m,Landed
2026-05-23,ID6509,BTK6509,Batik Air,Jakarta,CGK,WIII,13:00,05:00,13:22,22min late,13:50,4min early,1h 28m,Landed
2026-05-23,MH714,MAS714,Malaysia Airlines,Kuala Lumpur,KUL,WMKK,13:05,05:05,13:49,44min late,16:32,32min late,2h 43m,Landed
2026-05-23,OD172,MXD172,Malindo Air,Kuala Lumpur,KUL,WMKK,13:10,05:10,13:35,25min late,16:19,on time,2h 43m,Landed
2026-05-23,JQ58,JST058,Jetstar Airways,Brisbane,BNE,YBBN,13:15,05:15,13:26,11min late,20:22,32min early,4h 55m,Landed
2026-05-23,SQ939,SIA939,Singapore Airlines,Singapore,SIN,WSSS,13:15,05:15,13:56,41min late,16:31,31min late,2h 34m,Landed
2026-05-23,JT35,LNI035,Lion Air,Jakarta,CGK,WIII,13:15,05:15,14:09,54min late,14:41,31min late,1h 32m,Landed
2026-05-23,GA409,GIA409,Garuda Indonesia,Jakarta,CGK,WIII,13:25,05:25,14:01,36min late,14:33,8min late,1h 32m,Landed
2026-05-23,JT660,LNI660,Lion Air,Balikpapan,BPN,WALL,13:30,05:30,13:58,28min late,15:25,10min late,1h 26m,Landed
2026-05-23,GA842,GIA842,Garuda Indonesia,Singapore,SIN,WSSS,13:40,05:40,13:45,5min late,16:30,5min late,2h 44m,Landed
2026-05-23,QG687,CTV687,Citilink,Jakarta,CGK,WIII,13:45,05:45,14:05,20min late,14:42,2min late,1h 37m,Landed
2026-05-23,8B5107,TNU5107,TransNusa,Jakarta,CGK,WIII,13:50,05:50,19:02,12min late,19:35,55min late,1h 32m,Landed
2026-05-23,JT919,LNI919,Lion Air,Surabaya,SUB,WARR,13:55,05:55,15:56,1min late,15:38,43min late,42m,Landed
2026-05-23,TR289,TGW289,Scoot,Singapore,SIN,WSSS,14:05,06:05,14:13,8min late,16:41,13min early,2h 28m,Landed
2026-05-23,VJ894,VJC894,VietJet Air,Ho Chi Minh City,SGN,VVTS,14:05,06:05,14:27,22min late,16:53,1min early,3h 26m,Landed
2026-05-23,IU130,SJV130,SW Italia,Semarang,SRG,WIIS,14:15,06:15,14:52,37min late,14:48,13min late,55m,Landed
2026-05-23,ID6517,BTK6517,Batik Air,Jakarta,CGK,WIII,14:15,06:15,14:32,17min late,15:00,9min early,1h 28m,Landed
2026-05-23,ID7308,BTK7308,Batik Air,Jakarta,HLP,WIHH,14:20,06:20,14:43,23min late,15:11,1min late,1h 27m,Landed
2026-05-23,AI2148,AIC2148,Air India,Delhi,DEL,VIDP,14:35,06:35,15:33,58min late,20:27,47min late,7h 23m,Landed
2026-05-23,QG681,CTV681,Citilink,Jakarta,CGK,WIII,14:45,06:45,14:59,14min late,15:32,22min early,1h 33m,Landed
2026-05-23,JT33,LNI033,Lion Air,Jakarta,CGK,WIII,14:45,06:45,15:11,26min late,15:43,3min late,1h 32m,Landed
2026-05-23,QZ805,AWQ805,Indonesia AirAsia,Jakarta,CGK,WIII,14:50,06:50,14:55,5min late,15:25,19min early,1h 30m,Landed
2026-05-23,JT844,LNI844,Lion Air,Banjarmasin,BDJ,WAOO,15:00,07:00,15:53,53min late,16:55,25min late,1h 2m,Landed
2026-05-23,QG342,CTV342,Citilink,Makassar,UPG,WAAA,15:00,07:00,15:22,22min late,16:37,7min late,1h 14m,Landed
2026-05-23,JQ86,JST086,Jetstar Airways,Singapore,SIN,WSSS,15:05,07:05,15:21,16min late,18:00,on time,2h 39m,Landed
2026-05-23,JQ44,JST044,Jetstar Airways,Melbourne,MEL,YMML,15:10,07:10,15:43,33min late,22:36,8min early,4h 52m,Landed
2026-05-23,VA50,VOZ050,Virgin Australia,Brisbane,BNE,YBBN,15:15,07:15,15:50,35min late,22:45,19min early,4h 55m,Landed
2026-05-23,8B82,,TransNusa,Perth,PER,YPPH,15:20,07:20,15:20,,19:10,,3h 50m,Landed
2026-05-23,AK377,AXM377,AirAsia,Kuala Lumpur,KUL,WMKK,15:25,07:25,16:01,36min late,18:44,14min late,2h 42m,Landed
2026-05-23,QG669,CTV669,Citilink,Surabaya,SUB,WARR,15:30,07:30,15:27,2min early,15:22,17min early,55m,Landed
2026-05-23,JT740,LNI740,Lion Air,Makassar,UPG,WAAA,15:30,07:30,15:41,11min late,16:46,8min early,1h 5m,Landed
2026-05-23,IN281,LKN281,Nam Air,Jakarta,CGK,WIII,15:30,07:30,16:02,32min late,16:42,32min late,1h 39m,Landed
2026-05-23,IP109,PAS109,Pelita Air Service,Jakarta,CGK,WIII,15:35,07:35,15:59,24min late,16:35,10min late,1h 35m,Landed
2026-05-23,SJ7161,,Sriwijaya Air,Makassar,UPG,WAAA,15:40,07:40,15:40,,17:00,,1h 20m,Landed
2026-05-23,QZ648,AWQ648,Indonesia AirAsia,Labuan Bajo,LBJ,WATO,15:45,07:45,15:46,1min late,16:36,18min early,49m,Landed
2026-05-23,GA411,GIA411,Garuda Indonesia,Jakarta,CGK,WIII,15:45,07:45,16:07,22min late,16:43,1min early,1h 36m,Landed
2026-05-23,VA92,VOZ092,Virgin Australia,Melbourne,MEL,YMML,15:50,07:50,16:37,47min late,23:29,4min late,4h 52m,Landed
2026-05-23,CI772,CAL772,China Airlines,Taipei,TPE,RCTP,15:55,07:55,16:11,16min late,21:02,17min early,4h 51m,Landed
2026-05-23,8B5256,,TransNusa,Lombok,LOP,WADL,15:55,07:55,15:55,,16:50,,55m,Landed
2026-05-23,VN640,HVN640,Vietnam Airlines,Ho Chi Minh City,SGN,VVTS,16:00,08:00,16:14,14min late,18:34,5min early,3h 20m,Landed
2026-05-23,QZ246,AWQ246,Indonesia AirAsia,Phuket,HKT,VTSP,16:10,08:10,16:17,7min late,18:45,24min early,3h 28m,Landed
2026-05-23,CX784,CPA784,Cathay Pacific,Hong Kong,HKG,VHHH,16:15,08:15,16:25,10min late,20:46,38min early,4h 21m,Landed
2026-05-23,MH850,MAS850,Malaysia Airlines,Kuala Lumpur,KUL,WMKK,16:25,08:25,17:18,53min late,20:08,33min late,2h 50m,Landed
2026-05-23,IW1852,WON1852,Wings Air,Lombok,LOP,WADL,16:30,08:30,16:46,16min late,17:11,8min early,25m,Landed
2026-05-23,BR256,EVA256,EVA Airways,Taipei,TPE,RCTP,16:30,08:30,16:51,21min late,21:37,22min early,4h 45m,Landed
2026-05-23,JT744,,Lion Air,Makassar,UPG,WAAA,16:40,08:40,16:40,,17:41,23min early,1h 1m,Landed
2026-05-23,IU703,,SW Italia,Surabaya,SUB,WARR,16:40,08:40,,,,,1h 0m,Cancelled
2026-05-23,GA2554,GIA2554,Garuda Indonesia,Yogyakarta,YIA,WAHI,16:45,08:45,16:40,4min early,17:06,28min early,1h 26m,Landed
2026-05-23,HO1356,DKH1356,Juneyao Airlines,Shanghai,PVG,ZSPD,16:50,08:50,17:00,10min late,23:06,28min early,6h 5m,Landed
2026-05-23,TG432,THA432,Thai Airways International,Bangkok,BKK,VTBS,16:55,08:55,16:49,5min early,19:26,38min early,3h 37m,Landed
2026-05-23,GA349,GIA349,Garuda Indonesia,Surabaya,SUB,WARR,16:55,08:55,17:34,39min late,17:25,15min late,51m,Landed
2026-05-23,ID6335,BTK6335,Batik Air,Labuan Bajo,LBJ,WATO,17:00,09:00,17:16,16min late,18:08,6min early,51m,Landed
2026-05-23,JT23,LNI023,Lion Air,Jakarta,CGK,WIII,17:15,09:15,17:28,13min late,18:08,1min early,1h 40m,Landed
2026-05-23,GA419,GIA419,Garuda Indonesia,Jakarta,CGK,WIII,17:25,09:25,17:43,18min late,18:18,6min early,1h 35m,Landed
2026-05-23,TR243,TGW243,Scoot,Singapore,SIN,WSSS,17:35,09:35,18:31,56min late,20:45,20min late,2h 13m,Landed
2026-05-23,IP107,,Pelita Air Service,Jakarta,CGK,WIII,17:40,09:40,17:40,,18:30,,1h 50m,Landed
2026-05-23,NZ291,ANZ291,Air New Zealand,Auckland,AKL,NZAA,17:50,09:50,18:03,13min late,05:13,16min early,7h 9m,Landed
2026-05-23,QZ821,AWQ821,Indonesia AirAsia,Jakarta,CGK,WIII,18:00,10:00,18:01,1min late,18:39,10min early,1h 38m,Landed
2026-05-23,6E1608,IGO1608,IndiGo,Chennai,MAA,VOMM,18:00,10:00,17:55,4min early,20:59,35min early,5h 34m,Landed
2026-05-23,IU126,SJV126,SW Italia,Surakarta,SOC,WAHQ,18:10,10:10,18:13,3min late,18:12,17min early,59m,Landed
2026-05-23,OD193,MXD193,Malindo Air,Perth,PER,YPPH,18:10,10:10,18:17,7min late,21:53,8min late,3h 35m,Landed
2026-05-23,ID6552,BTK6552,Batik Air,Kupang,KOE,WATT,18:25,10:25,18:36,11min late,19:52,22min early,1h 16m,Landed
2026-05-23,IN283,,NAM Air,Jakarta,CGK,WIII,18:30,10:30,18:30,,19:10,,1h 40m,Landed
2026-05-23,GA417,GIA417,Garuda Indonesia,Jakarta,CGK,WIII,18:30,10:30,18:45,15min late,19:24,5min early,1h 38m,Landed
2026-05-23,QR963,QTR963,Qatar Airways,Doha,DOH,OTHH,18:35,10:35,18:48,13min late,22:39,0min early,8h 51m,Landed
2026-05-23,EY477,ETD477,Etihad Airways,Abu Dhabi,AUH,OMAA,18:45,10:45,18:55,10min late,23:32,7min early,8h 37m,Landed
2026-05-23,CX782,CPA782,Cathay Pacific,Hong Kong,HKG,VHHH,18:50,10:50,18:53,3min late,23:29,35min early,4h 36m,Landed
2026-05-23,IP105,,Pelita Air Service,Jakarta,CGK,WIII,18:50,10:50,18:50,,19:40,,1h 50m,Landed
2026-05-23,QG689,CTV689,Citilink,Jakarta,CGK,WIII,18:55,10:55,19:29,34min late,20:04,9min late,1h 34m,Landed
2026-05-23,8B5258,TNU5258,Business Air,Lombok,LOP,WADL,18:55,10:55,18:20,34min early,18:38,56min early,18m,Landed
2026-05-23,TG440,THA440,Thai Airways International,Bangkok,BKK,VTBS,19:00,11:00,19:04,4min late,21:55,14min early,3h 50m,Landed
2026-05-23,6E1612,IGO1612,IndiGo,Bhubaneswar,BBI,VEBS,19:10,11:10,19:11,1min late,22:33,16min early,5h 52m,Landed
2026-05-23,MH852,MAS852,Malaysia Airlines,Kuala Lumpur,KUL,WMKK,19:20,11:20,20:19,59min late,23:00,40min late,2h 41m,Landed
2026-05-23,ID7310,BTK7310,Batik Air,Jakarta,HLP,WIHH,19:25,11:25,19:32,7min late,20:02,12min early,1h 29m,Landed
2026-05-23,QG699,CTV699,Citilink,Surabaya,SUB,WARR,19:25,11:25,19:34,9min late,06:00,20min late,11h 25m,Landed
2026-05-23,TR283,TGW283,Scoot,Singapore,SIN,WSSS,19:45,11:45,20:37,52min late,22:51,11min late,2h 13m,Landed
2026-05-23,AK379,AXM379,AirAsia,Kuala Lumpur,KUL,WMKK,19:45,11:45,22:48,3min late,01:20,30min late,2h 31m,Landed
2026-05-23,EK369,UAE369,Emirates,Dubai,DXB,OMDB,19:45,11:45,20:09,24min late,00:47,2min early,8h 38m,Landed
2026-05-23,8B969,TNU969,Business Air,Guangzhou,CAN,ZGGG,19:50,11:50,22:22,32min late,03:09,4min late,4h 47m,Landed
2026-05-23,JT923,LNI923,Lion Air,Surabaya,SUB,WARR,19:55,11:55,20:15,20min late,19:57,2min late,42m,Landed
2026-05-23,SQ945,SIA945,Singapore Airlines,Singapore,SIN,WSSS,20:00,12:00,20:47,47min late,23:00,20min late,2h 12m,Landed
2026-05-23,QG697,CTV697,Citilink,Surabaya,SUB,WARR,20:25,12:25,20:23,1min early,20:15,9min early,51m,Landed
2026-05-23,ID6415,,Batik Air,Surabaya,SUB,WARR,20:30,12:30,,,,,1h 0m,Cancelled
2026-05-23,QG195,CTV195,Citilink,Jakarta,HLP,WIHH,20:40,12:40,20:34,5min early,21:11,23min early,1h 36m,Landed
2026-05-23,GA415,GIA415,Garuda Indonesia,Jakarta,CGK,WIII,20:40,12:40,20:54,14min late,21:28,11min early,1h 33m,Landed
2026-05-23,KL836,KLM836,KLM Royal Dutch Airlines,Singapore,SIN,WSSS,20:45,12:45,21:24,39min late,23:26,1min late,2h 1m,Landed
2026-05-23,TK67,THY067,Turkish Airlines,Istanbul,IST,LTFM,20:45,12:45,20:46,1min late,04:44,on time,12h 57m,Landed
2026-05-23,OD177,MXD177,Malindo Air,Melbourne,MEL,YMML,21:00,13:00,21:36,36min late,04:43,3min late,5h 6m,Landed
2026-05-23,QZ819,AWQ819,Indonesia AirAsia,Jakarta,CGK,WIII,21:05,13:05,21:22,17min late,21:51,3min early,1h 29m,Landed
2026-05-23,QG667,CTV667,Citilink,Jakarta,CGK,WIII,21:10,13:10,21:07,2min early,21:53,16min early,1h 45m,Landed
2026-05-23,JT15,LNI015,Lion Air,Jakarta,CGK,WIII,21:15,13:15,21:34,19min late,22:16,6min late,1h 42m,Landed
2026-05-23,JQ34,JST034,Jetstar Airways,Melbourne,MEL,YMML,21:20,13:20,21:45,25min late,04:43,11min early,4h 57m,Landed
2026-05-23,JQ117,JST117,Jetstar Airways,Perth,PER,YPPH,21:30,13:30,22:02,32min late,01:42,22min late,3h 40m,Landed
2026-05-23,SJ273,,Sriwijaya Air,Jakarta,CGK,WIII,21:35,13:35,21:35,,22:15,,1h 40m,Landed
2026-05-23,SQ947,SIA947,Singapore Airlines,Singapore,SIN,WSSS,21:40,13:40,21:54,14min late,00:05,10min early,2h 10m,Landed
2026-05-23,TK311,THY311,Turkish Airlines,Istanbul,IST,LTFM,21:45,13:45,21:52,7min late,05:37,7min early,12h 45m,Landed
2026-05-23,GA718,GIA718,Garuda Indonesia,Melbourne,MEL,YMML,22:05,14:05,22:15,10min late,05:24,5min early,5h 8m,Landed
2026-05-23,OD171,MXD171,Malindo Air,Sydney,SYD,YSSY,22:15,14:15,23:16,1min late,06:42,37min late,5h 26m,Landed
2026-05-23,AK375,AXM375,AirAsia,Kuala Lumpur,KUL,WMKK,22:15,14:15,00:26,11min late,03:16,56min late,2h 49m,Landed
2026-05-23,QF44,QFA044,Qantas,Sydney,SYD,YSSY,22:20,14:20,22:50,30min late,06:09,on time,5h 19m,Landed
2026-05-23,JQ38,JST038,Jetstar Airways,Sydney,SYD,YSSY,22:35,14:35,22:45,10min late,06:01,28min early,5h 16m,Landed
2026-05-23,7C5304,JJA5304,Jeju Air,Seoul,ICN,RKSI,22:45,14:45,23:18,33min late,07:07,7min early,6h 48m,Landed
2026-05-23,QF46,QFA046,Qantas,Melbourne,MEL,YMML,23:05,15:05,23:08,3min late,06:14,25min early,5h 6m,Landed
2026-05-23,8B5109,TNU5109,TransNusa,Jakarta,CGK,WIII,23:10,15:10,23:41,31min late,00:09,19min late,1h 27m,Landed
2026-05-23,JQ36,JST036,Jetstar Airways,Melbourne,MEL,YMML,23:25,15:25,23:46,21min late,06:45,15min early,4h 58m,Landed
2026-05-23,GA714,GIA714,Garuda Indonesia,Sydney,SYD,YSSY,23:25,15:25,23:47,22min late,06:59,10min early,5h 11m,Landed
2026-05-23,VA68,VOZ068,Virgin Australia,Sydney,SYD,YSSY,23:35,15:35,23:55,20min late,07:09,25min early,5h 14m,Landed
2026-05-23,KE432,KAL432,Korean Air Lines,Seoul,ICN,RKSI,23:45,15:45,23:51,6min late,07:28,26min early,6h 37m,Landed
2026-05-23,JQ94,JST094,Jetstar Airways,Gold Coast,OOL,YBCG,23:45,15:45,00:06,21min late,06:59,15min early,4h 52m,Landed
2026-05-23,JQ89,JST089,Jetstar Airways,Newcastle,NTL,YWLM,23:50,15:50,00:08,18min late,07:14,25min early,5h 5m,Landed
2026-05-24,BX602,ABL602,Air Busan,Busan,PUS,RKPK,00:05,16:05,00:15,10min late,07:47,12min early,6h 31m,Landed
2026-05-24,TW158,TWB158,T'Way Air,Cheongju,CJJ,RKTU,00:15,16:15,00:50,35min late,12:44,9min late,10h 54m,Landed
2026-05-24,GA880,GIA880,Garuda Indonesia,Tokyo,NRT,RJAA,00:20,16:20,00:32,12min late,08:33,16min early,7h 1m,Landed
2026-05-24,8B84,TNU084,TransNusa,Perth,PER,YPPH,00:20,16:20,00:50,30min late,04:36,31min late,3h 45m,Landed
2026-05-24,MF892,CXA892,Xiamen Airlines,Xiamen,XMN,ZSAM,00:30,16:30,01:03,33min late,06:05,on time,5h 2m,Landed
2026-05-24,EK399,UAE399,Emirates,Dubai,DXB,OMDB,00:35,16:35,00:59,24min late,05:27,7min early,8h 27m,Landed
2026-05-24,QR961,QTR961,Qatar Airways,Doha,DOH,OTHH,00:35,16:35,00:51,16min late,04:46,53min early,8h 54m,Landed
2026-05-24,CZ626,CSN626,China Southern Airlines,Guangzhou,CAN,ZGGG,00:40,16:40,00:46,6min late,05:30,24min early,4h 43m,Landed
2026-05-24,MU5030,CES5030,China Eastern Airlines,Shanghai,PVG,ZSPD,00:55,16:55,01:23,28min late,07:30,29min early,6h 7m,Landed
2026-05-24,PR538,PAL538,Philippine Airlines,Manila,MNL,RPLL,00:55,16:55,01:14,19min late,04:46,13min early,3h 32m,Landed
2026-05-24,GA652,GIA652,Garuda Indonesia,Timika,TIM,WABP,01:05,17:05,01:12,7min late,05:38,6min early,3h 26m,Landed
2026-05-24,KE434,KAL434,Korean Air Lines,Seoul,ICN,RKSI,01:10,17:10,01:20,10min late,08:45,39min early,6h 25m,Landed
2026-05-24,8B969,TNU969,Business Air,Guangzhou,CAN,ZGGG,03:45,19:45,03:48,3min late,11:15,10min late,7h 26m,Landed
2026-05-24,JT746,LNI746,Lion Air,Makassar,UPG,WAAA,07:00,23:00,07:10,10min late,08:06,18min early,55m,Landed
2026-05-24,GA401,GIA401,Garuda Indonesia,Jakarta,CGK,WIII,07:00,23:00,07:13,13min late,07:47,12min early,1h 34m,Landed
2026-05-24,IU705,SJV705,SW Italia,Surabaya,SUB,WARR,07:00,23:00,07:06,6min late,06:43,16min early,37m,Landed
2026-05-24,JQ82,JST082,Jetstar Airways,Darwin,DRW,YPDN,07:00,23:00,07:01,1min late,10:44,30min early,2h 13m,Landed
2026-05-24,QZ807,AWQ807,Indonesia AirAsia,Jakarta,CGK,WIII,07:00,23:00,07:22,22min late,07:52,7min early,1h 29m,Landed
2026-05-24,JT944,,Lion Air,Makassar,UPG,WAAA,07:00,23:00,07:00,on time,08:23,1min early,1h 23m,Landed
2026-05-24,QZ534,AWQ534,Indonesia AirAsia,Perth,PER,YPPH,07:05,23:05,07:30,25min late,11:07,7min late,3h 37m,Landed
2026-05-24,QZ644,AWQ644,Indonesia AirAsia,Labuan Bajo,LBJ,WATO,07:10,23:10,07:23,13min late,08:11,3min early,48m,Landed
2026-05-24,SQ949,SIA949,Singapore Airlines,Singapore,SIN,WSSS,07:15,23:15,07:17,2min late,09:28,31min early,2h 10m,Landed
2026-05-24,8B5250,TNU5250,TransNusa,Lombok,LOP,WADL,07:15,23:15,07:30,15min late,08:00,5min late,30m,Landed
2026-05-24,8B551,,Business Air,Singapore,SIN,WSSS,07:30,23:30,07:30,,09:55,,2h 25m,Landed
2026-05-24,ID6333,BTK6333,Batik Air,Labuan Bajo,LBJ,WATO,07:55,23:55,07:58,3min late,08:54,15min early,55m,Landed
2026-05-24,HX706,CRK706,Hong Kong Airlines,Hong Kong,HKG,VHHH,08:05,00:05,08:29,24min late,13:03,16min early,4h 34m,Landed
2026-05-24,JT21,LNI021,Lion Air,Jakarta,CGK,WIII,08:05,00:05,08:14,9min late,08:42,17min early,1h 27m,Landed
2026-05-24,IW1858,WON1858,Wings Air,Lombok,LOP,WADL,08:05,00:05,08:09,4min late,08:33,21min early,24m,Landed
2026-05-24,AI2146,AIC2146,Air India,Delhi,DEL,VIDP,08:25,00:25,08:42,17min late,13:24,25min early,7h 12m,Landed
2026-05-24,QZ803,AWQ803,Indonesia AirAsia,Jakarta,CGK,WIII,08:30,00:30,08:34,4min late,08:59,20min early,1h 24m,Landed
2026-05-24,5J280,CEB280,CEBU Pacific Air,Manila,MNL,RPLL,08:35,00:35,08:33,1min early,12:01,53min early,3h 28m,Landed
2026-05-24,CZ8482,CSN8482,China Southern Airlines,Guangzhou,CAN,ZGGG,08:40,00:40,08:44,4min late,18:11,21min late,9h 27m,Landed
2026-05-24,IW1854,,Wings Air,Lombok,LOP,WADL,08:45,00:45,,,,,50m,Cancelled
2026-05-24,IW1882,WON1882,Wings Air,Sumbawa Besar,SWQ,WADS,08:55,00:55,09:01,6min late,09:43,16min early,42m,Landed
2026-05-24,QG500,CTV500,Citilink,Dili,DIL,WPDL,09:00,01:00,09:23,23min late,11:59,5min early,1h 36m,Landed
2026-05-24,QG691,CTV691,Citilink,Surabaya,SUB,WARR,09:05,01:05,09:06,1min late,08:50,24min early,43m,Landed
2026-05-24,ID6324,BTK6324,Batik Air,Tambolaka,TMC,WADT,09:10,01:10,09:19,9min late,10:04,15min early,45m,Landed
2026-05-24,IN640,LKN640,NAM Air,Tambolaka,TMC,WADT,09:10,01:10,14:25,15min late,15:04,54min late,39m,Landed
2026-05-24,8B5105,TNU5105,TransNusa,Jakarta,CGK,WIII,09:15,01:15,09:16,1min late,09:47,12min early,1h 31m,Landed
2026-05-24,IW1848,WON1848,Wings Air,Lombok,LOP,WADL,09:25,01:25,09:45,20min late,10:07,7min early,22m,Landed
2026-05-24,8B5634,TNU5634,TransNusa,Bima,BMU,WADB,09:35,01:35,10:06,31min late,10:51,16min late,44m,Landed
2026-05-24,8B80,TNU080,TransNusa,Perth,PER,YPPH,09:40,01:40,09:52,12min late,13:22,2min early,3h 29m,Landed
2026-05-24,QG197,CTV197,Citilink,Jakarta,HLP,WIHH,09:45,01:45,09:43,1min early,10:16,23min early,1h 32m,Landed
2026-05-24,IU122,SJV122,SW Italia,Yogyakarta,YIA,WAHI,10:00,02:00,09:56,3min early,12:12,42min late,3h 16m,Landed
2026-05-24,IU137,SJV137,SW Italia,Kupang,KOE,WATT,10:00,02:00,10:13,13min late,11:38,11min early,1h 25m,Landed
2026-05-24,SU297,AFL297,Aeroflot,Moscow,SVO,UUEE,10:05,02:05,10:16,11min late,17:24,50min early,12h 8m,Landed
2026-05-24,SQ935,SIA935,Singapore Airlines,Singapore,SIN,WSSS,10:05,02:05,10:21,16min late,12:34,10min early,2h 12m,Landed
2026-05-24,8B553,TNU553,Business Air,Singapore,SIN,WSSS,10:20,02:20,11:26,6min late,14:03,48min late,2h 36m,Landed
2026-05-24,8B5101,TNU5101,Business Air,Jakarta,CGK,WIII,10:25,02:25,10:38,13min late,11:10,4min early,1h 31m,Landed
2026-05-24,JT805,LNI805,Lion Air,Surabaya,SUB,WARR,10:35,02:35,10:41,6min late,10:24,10min early,43m,Landed
2026-05-24,JT31,LNI031,Lion Air,Jakarta,CGK,WIII,11:05,03:05,11:23,18min late,11:48,11min early,1h 25m,Landed
2026-05-24,IW1856,WON1856,Wings Air,Lombok,LOP,WADL,11:10,03:10,11:17,7min late,11:41,18min early,24m,Landed
2026-05-24,JQ126,JST126,Jetstar Airways,Adelaide,ADL,YPAD,11:15,03:15,12:07,52min late,18:05,35min late,4h 27m,Landed
2026-05-24,TR281,TGW281,Scoot,Singapore,SIN,WSSS,11:20,03:20,11:48,28min late,14:09,on time,2h 20m,Landed
2026-05-24,6E1606,IGO1606,IndiGo,Bangalore,BLR,VOBL,11:20,03:20,11:14,5min early,14:37,32min early,5h 53m,Landed
2026-05-24,QZ646,AWQ646,Indonesia AirAsia,Labuan Bajo,LBJ,WATO,11:25,03:25,11:30,5min late,12:17,22min early,46m,Landed
2026-05-24,AK371,AXM371,AirAsia,Kuala Lumpur,KUL,WMKK,11:40,03:40,11:46,6min late,14:27,17min early,2h 41m,Landed
2026-05-24,JQ109,JST109,Jetstar Airways,Perth,PER,YPPH,11:40,03:40,12:10,30min late,15:42,17min late,3h 32m,Landed
2026-05-24,IW1964,WON1964,Wings Air,Lombok,LOP,WADL,11:40,03:40,12:02,22min late,12:26,3min early,24m,Landed
2026-05-24,ID6331,BTK6331,Batik Air,Labuan Bajo,LBJ,WATO,11:45,03:45,11:55,10min late,12:44,16min early,48m,Landed
2026-05-24,IW1850,WON1850,Wings Air,Lombok,LOP,WADL,11:50,03:50,12:13,23min late,12:38,1min early,25m,Landed
2026-05-24,OD192,MXD192,Malindo Air,Kuala Lumpur,KUL,WMKK,11:55,03:55,14:46,51min late,17:24,19min late,2h 37m,Landed
2026-05-24,GA407,GIA407,Garuda Indonesia,Jakarta,CGK,WIII,11:55,03:55,12:16,21min late,12:51,3min early,1h 35m,Landed
2026-05-24,QZ544,AWQ544,Indonesia AirAsia,Perth,PER,YPPH,12:00,04:00,12:22,22min late,16:08,18min late,3h 45m,Landed
2026-05-24,JQ32,JST032,Jetstar Airways,Melbourne,MEL,YMML,12:05,04:05,12:39,34min late,19:50,10min late,5h 10m,Landed
2026-05-24,GA253,GIA253,Garuda Indonesia,Yogyakarta,YIA,WAHI,12:05,04:05,12:25,20min late,12:37,17min early,1h 12m,Landed
2026-05-24,SQ937,SIA937,Singapore Airlines,Singapore,SIN,WSSS,12:10,04:10,12:32,22min late,14:58,3min late,2h 25m,Landed
2026-05-24,SJ742,,Sriwijaya Air,Tambolaka,TMC,WADT,12:10,04:10,12:10,,13:10,,1h 0m,Landed
2026-05-24,JQ40,JST040,Jetstar Airways,Sydney,SYD,YSSY,12:20,04:20,12:50,30min late,20:01,13min early,5h 10m,Landed
2026-05-24,OD178,MXD178,Malindo Air,Kuala Lumpur,KUL,WMKK,12:25,04:25,12:53,28min late,15:38,3min late,2h 45m,Landed
2026-05-24,8B5254,,TransNusa,Lombok,LOP,WADL,12:40,04:40,12:40,,13:20,,40m,Landed
2026-05-24,IP103,PAS103,Pelita Air Service,Jakarta,CGK,WIII,12:45,04:45,12:58,13min late,13:30,9min early,1h 31m,Landed
2026-05-24,ID6509,BTK6509,Batik Air,Jakarta,CGK,WIII,13:00,05:00,13:30,30min late,14:02,7min late,1h 32m,Landed
2026-05-24,OD307,MXD307,Malindo Air,Kuala Lumpur,KUL,WMKK,13:00,05:00,13:47,47min late,16:51,51min late,3h 4m,Landed
2026-05-24,AK365,AXM365,AirAsia,Kuala Lumpur,KUL,WMKK,13:00,05:00,13:03,3min late,15:47,17min early,2h 44m,Landed
2026-05-24,MH714,MAS714,Malaysia Airlines,Kuala Lumpur,KUL,WMKK,13:05,05:05,13:27,22min late,16:15,15min late,2h 47m,Landed
2026-05-24,OD172,MXD172,Malindo Air,Kuala Lumpur,KUL,WMKK,13:10,05:10,14:07,57min late,17:00,40min late,2h 53m,Landed
2026-05-24,JQ58,JST058,Jetstar Airways,Brisbane,BNE,YBBN,13:15,05:15,13:49,34min late,20:37,17min early,4h 48m,Landed
2026-05-24,JT35,LNI035,Lion Air,Jakarta,CGK,WIII,13:15,05:15,13:44,29min late,14:14,4min late,1h 30m,Landed
2026-05-24,SQ939,SIA939,Singapore Airlines,Singapore,SIN,WSSS,13:15,05:15,13:24,9min late,16:02,2min late,2h 38m,Landed
2026-05-24,8G182,DTL182,Mid Africa Aviation,Dili,DIL,WPDL,13:25,05:25,13:56,31min late,16:29,9min late,1h 32m,Landed
2026-05-24,GA409,GIA409,Garuda Indonesia,Jakarta,CGK,WIII,13:25,05:25,13:41,16min late,14:11,13min early,1h 30m,Landed
2026-05-24,SL259,TLM259,Thai Lion Air,Bangkok,DMK,VTBD,13:25,05:25,14:00,35min late,17:00,10min late,4h 0m,Landed
2026-05-24,JT660,LNI660,Lion Air,Balikpapan,BPN,WALL,13:30,05:30,13:36,6min late,14:54,20min early,1h 18m,Landed
2026-05-24,GA842,GIA842,Garuda Indonesia,Singapore,SIN,WSSS,13:40,05:40,13:52,12min late,16:53,28min late,3h 0m,Landed
2026-05-24,QG687,CTV687,Citilink,Jakarta,CGK,WIII,13:45,05:45,14:03,18min late,14:33,6min early,1h 29m,Landed
2026-05-24,8B5107,TNU5107,TransNusa,Jakarta,CGK,WIII,13:50,05:50,19:10,20min late,19:42,2min late,1h 31m,Landed
2026-05-24,JT919,LNI919,Lion Air,Surabaya,SUB,WARR,13:55,05:55,14:11,16min late,09:36,41min late,20h 25m,Landed
2026-05-24,VJ894,VJC894,VietJet Air,Ho Chi Minh City,SGN,VVTS,14:05,06:05,14:17,12min late,16:46,8min early,3h 29m,Landed
2026-05-24,TR289,TGW289,Scoot,Singapore,SIN,WSSS,14:05,06:05,14:20,15min late,17:20,25min late,2h 59m,Landed
2026-05-24,ID6517,BTK6517,Batik Air,Jakarta,CGK,WIII,14:15,06:15,14:31,16min late,15:00,9min early,1h 28m,Landed
2026-05-24,IU130,SJV130,SW Italia,Semarang,SRG,WIIS,14:15,06:15,14:23,8min late,14:23,11min early,59m,Landed
2026-05-24,ID7308,BTK7308,Batik Air,Jakarta,HLP,WIHH,14:20,06:20,14:52,32min late,15:20,10min late,1h 27m,Landed
2026-05-24,GA653,GIA653,Garuda Indonesia,Jakarta,CGK,WIII,14:30,06:30,14:55,25min late,15:31,1min late,1h 35m,Landed
2026-05-24,AI2148,AIC2148,Air India,Delhi,DEL,VIDP,14:35,06:35,14:43,8min late,19:25,15min early,7h 11m,Landed
2026-05-24,JT33,LNI033,Lion Air,Jakarta,CGK,WIII,14:45,06:45,15:42,57min late,16:11,31min late,1h 28m,Landed
2026-05-24,QG681,CTV681,Citilink,Jakarta,CGK,WIII,14:45,06:45,15:01,16min late,15:37,17min early,1h 35m,Landed
2026-05-24,JQ88,JST088,Jetstar Airways,Singapore,SIN,WSSS,14:55,06:55,15:39,44min late,18:33,33min late,2h 53m,Landed
2026-05-24,JT844,LNI844,Lion Air,Banjarmasin,BDJ,WAOO,15:00,07:00,15:05,5min late,16:10,19min early,1h 5m,Landed
2026-05-24,JQ107,JST107,Jetstar Airways,Perth,PER,YPPH,15:00,07:00,15:20,20min late,18:48,1min early,3h 27m,Landed
2026-05-24,IU120,SJV120,SW Italia,Yogyakarta,YIA,WAHI,15:00,07:00,16:24,24min late,16:29,59min late,1h 4m,Landed
2026-05-24,QG342,CTV342,Citilink,Makassar,UPG,WAAA,15:00,07:00,15:08,8min late,16:30,on time,1h 21m,Landed
2026-05-24,JQ44,JST044,Jetstar Airways,Melbourne,MEL,YMML,15:10,07:10,16:11,1min late,23:16,31min late,5h 5m,Landed
2026-05-24,VA50,VOZ050,Virgin Australia,Brisbane,BNE,YBBN,15:15,07:15,15:49,34min late,22:42,22min early,4h 52m,Landed
2026-05-24,8B82,TNU082,TransNusa,Perth,PER,YPPH,15:20,07:20,16:17,57min late,20:05,55min late,3h 48m,Landed
2026-05-24,AK377,AXM377,AirAsia,Kuala Lumpur,KUL,WMKK,15:25,07:25,15:54,29min late,21:59,29min late,6h 5m,Landed
2026-05-24,JT740,LNI740,Lion Air,Makassar,UPG,WAAA,15:30,07:30,16:43,13min late,07:38,43min late,14h 55m,Landed
2026-05-24,QG669,CTV669,Citilink,Surabaya,SUB,WARR,15:30,07:30,15:35,5min late,15:24,16min early,48m,Landed
2026-05-24,IP109,PAS109,Pelita Air Service,Jakarta,CGK,WIII,15:35,07:35,15:45,10min late,16:18,6min early,1h 33m,Landed
2026-05-24,SJ717,,Sriwijaya Air,Makassar,UPG,WAAA,15:40,07:40,15:40,,17:00,,1h 20m,Landed
2026-05-24,GA411,GIA411,Garuda Indonesia,Jakarta,CGK,WIII,15:45,07:45,15:51,6min late,16:23,21min early,1h 31m,Landed
2026-05-24,VA92,VOZ092,Virgin Australia,Melbourne,MEL,YMML,15:50,07:50,16:03,13min late,23:07,17min early,5h 4m,Landed
2026-05-24,CI772,CAL772,China Airlines,Taipei,TPE,RCTP,15:55,07:55,15:47,7min early,20:35,44min early,4h 48m,Landed
2026-05-24,8B5256,TNU5256,TransNusa,Lombok,LOP,WADL,15:55,07:55,16:00,5min late,16:22,27min early,22m,Landed
2026-05-24,VN640,HVN640,Vietnam Airlines,Ho Chi Minh City,SGN,VVTS,16:00,08:00,16:08,8min late,18:18,21min early,3h 9m,Landed
2026-05-24,QZ246,AWQ246,Indonesia AirAsia,Phuket,HKT,VTSP,16:10,08:10,16:30,20min late,18:56,13min early,3h 26m,Landed
2026-05-24,CX784,CPA784,Cathay Pacific,Hong Kong,HKG,VHHH,16:15,08:15,16:46,31min late,21:06,18min early,4h 20m,Landed
2026-05-24,MH850,MAS850,Malaysia Airlines,Kuala Lumpur,KUL,WMKK,16:25,08:25,16:37,12min late,19:20,14min early,2h 43m,Landed
2026-05-24,IW1852,WON1852,Wings Air,Lombok,LOP,WADL,16:30,08:30,16:48,18min late,17:12,7min early,24m,Landed
2026-05-24,BR256,EVA256,EVA Airways,Taipei,TPE,RCTP,16:30,08:30,16:55,25min late,21:46,13min early,4h 50m,Landed
2026-05-24,IU703,SJV703,SW Italia,Surabaya,SUB,WARR,16:40,08:40,17:41,1min late,06:41,1min late,14h 0m,Landed
2026-05-24,JT744,,Lion Air,Makassar,UPG,WAAA,16:40,08:40,16:40,,17:39,25min early,59m,Landed
2026-05-24,AK369,AXM369,AirAsia,Kuala Lumpur,KUL,WMKK,16:40,08:40,17:18,38min late,20:09,24min late,2h 50m,Landed
2026-05-24,GA2554,GIA2554,Garuda Indonesia,Yogyakarta,YIA,WAHI,16:45,08:45,16:51,6min late,17:02,32min early,1h 10m,Landed
2026-05-24,HO1356,DKH1356,Juneyao Airlines,Shanghai,PVG,ZSPD,16:50,08:50,17:21,31min late,23:33,1min early,6h 12m,Landed
2026-05-24,TG432,THA432,Thai Airways International,Bangkok,BKK,VTBS,16:55,08:55,16:53,1min early,19:36,28min early,3h 42m,Landed
2026-05-24,GA349,GIA349,Garuda Indonesia,Surabaya,SUB,WARR,16:55,08:55,17:37,42min late,17:19,9min late,42m,Landed
2026-05-24,IU273,SJV273,SW Italia,Pontianak,PNK,WIOO,17:00,09:00,16:32,27min early,18:27,22min late,2h 54m,Landed
2026-05-24,ID6335,BTK6335,Batik Air,Labuan Bajo,LBJ,WATO,17:00,09:00,16:58,1min early,17:49,26min early,50m,Landed
2026-05-24,JT23,LNI023,Lion Air,Jakarta,CGK,WIII,17:15,09:15,17:32,17min late,18:00,9min early,1h 28m,Landed
2026-05-24,GA419,GIA419,Garuda Indonesia,Jakarta,CGK,WIII,17:25,09:25,17:59,34min late,18:29,4min late,1h 29m,Landed
2026-05-24,VJ998,VJC998,VietJet Air,Hanoi,HAN,VVNB,17:30,09:30,17:44,14min late,05:50,15min late,13h 5m,Landed
2026-05-24,TR243,TGW243,Scoot,Singapore,SIN,WSSS,17:35,09:35,18:04,29min late,20:37,12min late,2h 33m,Landed
2026-05-24,IP107,,Pelita Air Service,Jakarta,CGK,WIII,17:40,09:40,17:40,,18:30,,1h 50m,Landed
2026-05-24,NZ291,ANZ291,Air New Zealand,Auckland,AKL,NZAA,17:50,09:50,18:01,11min late,05:03,26min early,7h 1m,Landed
2026-05-24,QZ821,AWQ821,Indonesia AirAsia,Jakarta,CGK,WIII,18:00,10:00,18:05,5min late,18:42,7min early,1h 36m,Landed
2026-05-24,6E1608,IGO1608,IndiGo,Chennai,MAA,VOMM,18:00,10:00,18:08,8min late,00:08,33min late,8h 29m,Landed
2026-05-24,IU126,SJV126,SW Italia,Surakarta,SOC,WAHQ,18:10,10:10,18:15,5min late,18:13,16min early,58m,Landed
2026-05-24,OD193,MXD193,Malindo Air,Perth,PER,YPPH,18:10,10:10,19:01,51min late,22:44,59min late,3h 43m,Landed
2026-05-24,ID6552,BTK6552,Batik Air,Kupang,KOE,WATT,18:25,10:25,18:37,12min late,19:55,19min early,1h 17m,Landed
2026-05-24,IN281,LKN281,NAM Air,Jakarta,CGK,WIII,18:30,10:30,20:27,57min late,20:58,48min late,1h 31m,Landed
2026-05-24,GA417,GIA417,Garuda Indonesia,Jakarta,CGK,WIII,18:30,10:30,18:52,22min late,19:30,on time,1h 38m,Landed
2026-05-24,QR963,QTR963,Qatar Airways,Doha,DOH,OTHH,18:35,10:35,20:51,16min late,00:35,55min late,8h 43m,Landed
2026-05-24,EY477,ETD477,Etihad Airways,Abu Dhabi,AUH,OMAA,18:45,10:45,18:44,on time,23:09,30min early,8h 24m,Landed
2026-05-24,CX782,CPA782,Cathay Pacific,Hong Kong,HKG,VHHH,18:50,10:50,19:13,23min late,23:40,24min early,4h 27m,Landed
2026-05-24,8B5258,TNU5258,TransNusa,Lombok,LOP,WADL,18:55,10:55,19:00,5min late,19:23,11min early,23m,Landed
2026-05-24,QG689,CTV689,Citilink,Jakarta,CGK,WIII,18:55,10:55,19:07,12min late,19:44,10min early,1h 36m,Landed
2026-05-24,TG440,THA440,Thai Airways International,Bangkok,BKK,VTBS,19:00,11:00,19:20,20min late,22:12,2min late,3h 51m,Landed
2026-05-24,6E1612,IGO1612,IndiGo,Bhubaneswar,BBI,VEBS,19:10,11:10,19:03,6min early,22:05,44min early,5h 31m,Landed
2026-05-24,QG195,CTV195,Citilink,Jakarta,HLP,WIHH,19:15,11:15,19:45,30min late,20:11,1min late,1h 25m,Landed
2026-05-24,MH852,MAS852,Malaysia Airlines,Kuala Lumpur,KUL,WMKK,19:20,11:20,19:57,37min late,22:35,15min late,2h 38m,Landed
2026-05-24,ID7310,BTK7310,Batik Air,Jakarta,HLP,WIHH,19:25,11:25,19:49,24min late,20:14,on time,1h 25m,Landed
2026-05-24,QG699,CTV699,Citilink,Surabaya,SUB,WARR,19:25,11:25,19:38,13min late,19:23,16min early,44m,Landed
2026-05-24,AK379,AXM379,AirAsia,Kuala Lumpur,KUL,WMKK,19:45,11:45,20:31,46min late,23:06,16min late,2h 34m,Landed
2026-05-24,TR283,TGW283,Scoot,Singapore,SIN,WSSS,19:45,11:45,20:55,10min late,23:16,36min late,2h 20m,Landed
2026-05-24,EK369,UAE369,Emirates,Dubai,DXB,OMDB,19:45,11:45,20:21,36min late,00:54,4min late,8h 33m,Landed
2026-05-24,GA421,GIA421,Garuda Indonesia,Jakarta,CGK,WIII,19:50,11:50,20:09,19min late,20:43,6min early,1h 33m,Landed
2026-05-24,IU133,SJV133,SW Italia,Semarang,SRG,WIIS,19:50,11:50,20:43,53min late,20:40,30min late,56m,Landed
2026-05-24,JT923,LNI923,Lion Air,Surabaya,SUB,WARR,19:55,11:55,21:34,39min late,21:21,26min late,46m,Landed
2026-05-24,SQ945,SIA945,Singapore Airlines,Singapore,SIN,WSSS,20:00,12:00,21:05,5min late,23:23,43min late,2h 17m,Landed
2026-05-24,QG697,CTV697,Citilink,Surabaya,SUB,WARR,20:25,12:25,20:25,on time,20:15,9min early,50m,Landed
2026-05-24,ID6415,BTK6415,Batik Air,Surabaya,SUB,WARR,20:30,12:30,20:37,7min late,20:18,11min early,41m,Landed
2026-05-24,GA415,GIA415,Garuda Indonesia,Jakarta,CGK,WIII,20:40,12:40,21:02,22min late,21:31,8min early,1h 29m,Landed
2026-05-24,KL836,KLM836,KLM Royal Dutch Airlines,Singapore,SIN,WSSS,20:45,12:45,21:17,32min late,23:28,3min late,2h 11m,Landed
2026-05-24,TK67,THY067,Turkish Airlines,Istanbul,IST,LTFM,20:45,12:45,20:57,12min late,04:42,2min early,12h 45m,Landed
2026-05-24,IP105,PAS105,Pelita Air Service,Jakarta,CGK,WIII,20:50,12:50,20:49,on time,21:19,20min early,1h 30m,Landed
2026-05-24,OD177,MXD177,Malindo Air,Melbourne,MEL,YMML,21:00,13:00,23:06,6min late,06:30,50min late,5h 24m,Landed
2026-05-24,QZ819,AWQ819,Indonesia AirAsia,Jakarta,CGK,WIII,21:05,13:05,21:23,18min late,21:52,2min early,1h 28m,Landed
2026-05-24,QG667,CTV667,Citilink,Jakarta,CGK,WIII,21:10,13:10,21:22,12min late,22:02,7min early,1h 40m,Landed
2026-05-24,JT15,,Lion Air,Jakarta,CGK,WIII,21:15,13:15,,,,,1h 55m,Cancelled
2026-05-24,QZ410,AWQ410,Indonesia AirAsia,Melbourne,MEL,YMML,21:15,13:15,21:40,25min late,04:56,3min early,5h 16m,Landed
2026-05-24,JQ34,JST034,Jetstar Airways,Melbourne,MEL,YMML,21:20,13:20,21:50,30min late,05:00,5min late,5h 10m,Landed
2026-05-24,ID6760,BTK6760,Batik Air,Makassar,UPG,WAAA,21:30,13:30,21:36,6min late,22:34,20min early,57m,Landed
2026-05-24,JQ117,JST117,Jetstar Airways,Perth,PER,YPPH,21:30,13:30,23:09,39min late,02:46,26min late,3h 37m,Landed
2026-05-24,SJ273,,Sriwijaya Air,Jakarta,CGK,WIII,21:35,13:35,21:35,,22:15,,1h 40m,Landed
2026-05-24,GA425,GIA425,Garuda Indonesia,Jakarta,CGK,WIII,21:40,13:40,22:00,20min late,22:28,16min early,1h 27m,Landed
2026-05-24,SQ947,SIA947,Singapore Airlines,Singapore,SIN,WSSS,21:40,13:40,22:08,28min late,00:19,4min late,2h 10m,Landed
2026-05-24,OD157,MXD157,Malindo Air,Brisbane,BNE,YBBN,22:00,14:00,22:47,47min late,05:45,4min early,4h 57m,Landed
2026-05-24,GA718,GIA718,Garuda Indonesia,Melbourne,MEL,YMML,22:05,14:05,22:20,15min late,05:48,18min late,5h 27m,Landed
2026-05-24,JQ60,JST060,Jetstar Airways,Brisbane,BNE,YBBN,22:10,14:10,22:18,8min late,05:07,37min early,4h 49m,Landed
2026-05-24,OD171,MXD171,Malindo Air,Sydney,SYD,YSSY,22:15,14:15,23:03,48min late,06:42,37min late,5h 38m,Landed
2026-05-24,AK375,AXM375,AirAsia,Kuala Lumpur,KUL,WMKK,22:15,14:15,23:14,59min late,01:52,32min late,2h 38m,Landed
2026-05-24,QF44,QFA044,Qantas,Sydney,SYD,YSSY,22:20,14:20,22:36,16min late,06:01,8min early,5h 25m,Landed
2026-05-24,JQ38,JST038,Jetstar Airways,Sydney,SYD,YSSY,22:35,14:35,01:20,45min late,08:45,15min late,5h 25m,Landed
2026-05-24,7C5304,JJA5304,Jeju Air,Seoul,ICN,RKSI,22:45,14:45,23:01,16min late,06:51,23min early,6h 49m,Landed
2026-05-24,JQ91,JST091,Jetstar Airways,Cairns,CNS,YBCS,23:00,15:00,01:32,32min late,07:21,51min late,3h 48m,Landed
2026-05-24,VA96,VOZ096,Virgin Australia,Melbourne,MEL,YMML,23:05,15:05,23:21,16min late,06:33,6min early,5h 12m,Landed
2026-05-24,QF46,QFA046,Qantas,Melbourne,MEL,YMML,23:05,15:05,23:19,14min late,06:25,14min early,5h 5m,Landed
2026-05-24,8B5109,TNU5109,TransNusa,Jakarta,CGK,WIII,23:10,15:10,23:34,24min late,00:03,13min late,1h 29m,Landed
2026-05-24,3U3986,CSC3986,Sichuan Airlines,Lujia Town,TFU,ZUTF,23:10,15:10,23:30,20min late,05:25,4min early,5h 54m,Landed
2026-05-24,VA82,VOZ082,Virgin Australia,Gold Coast,OOL,YBCG,23:20,15:20,23:41,21min late,06:33,21min early,4h 52m,Landed
2026-05-24,GA714,GIA714,Garuda Indonesia,Sydney,SYD,YSSY,23:25,15:25,23:43,18min late,07:07,2min early,5h 23m,Landed
2026-05-24,JQ50,JST050,Jetstar Airways,Melbourne,AVV,YMAV,23:25,15:25,23:36,11min late,06:53,6min early,5h 16m,Landed
2026-05-24,VA68,VOZ068,Virgin Australia,Sydney,SYD,YSSY,23:35,15:35,23:52,17min late,07:04,30min early,5h 12m,Landed
2026-05-24,KE432,KAL432,Korean Air Lines,Seoul,ICN,RKSI,23:45,15:45,23:58,13min late,07:39,15min early,6h 41m,Landed
2026-05-24,QZ420,AWQ420,Indonesia AirAsia,Adelaide,ADL,YPAD,23:45,15:45,00:02,17min late,06:29,4min late,4h 56m,Landed
2026-05-24,JQ87,JST087,Jetstar Airways,Sunshine Coast,MCY,YBSU,23:50,15:50,00:11,21min late,07:04,25min early,4h 52m,Landed
2026-05-24,JQ128,JST128,Jetstar Airways,Adelaide,ADL,YPAD,23:55,15:55,00:37,42min late,06:54,44min late,4h 47m,Landed
2026-05-25,BX602,ABL602,Air Busan,Busan,PUS,RKPK,00:05,16:05,00:28,23min late,07:50,4min early,6h 22m,Landed
2026-05-25,TW158,TWB158,T'Way Air,Cheongju,CJJ,RKTU,00:15,16:15,00:50,35min late,12:44,9min late,10h 54m,Landed
2026-05-25,GA880,GIA880,Garuda Indonesia,Tokyo,NRT,RJAA,00:20,16:20,00:34,14min late,08:45,4min early,7h 11m,Landed
2026-05-25,MF892,CXA892,Xiamen Airlines,Xiamen,XMN,ZSAM,00:30,16:30,00:37,7min late,05:51,13min early,5h 14m,Landed
2026-05-25,QR961,QTR961,Qatar Airways,Doha,DOH,OTHH,00:35,16:35,00:46,11min late,04:41,58min early,8h 55m,Landed
2026-05-25,EK399,UAE399,Emirates,Dubai,DXB,OMDB,00:35,16:35,00:44,9min late,05:10,25min early,8h 25m,Landed
2026-05-25,CZ626,CSN626,China Southern Airlines,Guangzhou,CAN,ZGGG,00:40,16:40,00:54,14min late,05:32,22min early,4h 38m,Landed
2026-05-25,PR538,PAL538,Philippine Airlines,Manila,MNL,RPLL,00:55,16:55,01:00,5min late,04:27,32min early,3h 27m,Landed
2026-05-25,MU5030,CES5030,China Eastern Airlines,Shanghai,PVG,ZSPD,00:55,16:55,01:09,14min late,07:23,36min early,6h 14m,Landed
2026-05-25,SJ726,,Sriwijaya Air,Makassar,UPG,WAAA,01:00,17:00,01:00,,02:20,,1h 20m,Landed
2026-05-25,5J282,CEB282,CEBU Pacific Air,Manila,MNL,RPLL,01:00,17:00,00:56,3min early,04:27,52min early,3h 30m,Landed
2026-05-25,GA652,GIA652,Garuda Indonesia,Timika,TIM,WABP,01:05,17:05,01:11,6min late,05:48,3min late,3h 37m,Landed
2026-05-25,GA6544,GIA6544,Garuda Indonesia,Timika,TIM,WABP,01:05,17:05,01:17,12min late,05:40,4min early,3h 22m,Landed
2026-05-25,KE434,KAL434,Korean Air Lines,Seoul,ICN,RKSI,01:10,17:10,01:17,7min late,08:52,32min early,6h 34m,Landed
2026-05-25,8B5888,TNU5888,TransNusa,Manado,MDC,WAMM,01:30,17:30,01:36,6min late,03:50,9min early,2h 14m,Landed
2026-05-25,8B969,,Business Air,Guangzhou,CAN,ZGGG,03:45,19:45,04:06,21min late,08:54,10min early,4h 48m,Landed
2026-05-25,GA401,GIA401,Garuda Indonesia,Jakarta,CGK,WIII,06:30,22:30,06:31,1min late,06:59,30min early,1h 28m,Landed
2026-05-25,JT746,LNI746,Lion Air,Makassar,UPG,WAAA,07:00,23:00,07:10,10min late,08:06,18min early,56m,Landed
2026-05-25,IU705,SJV705,SW Italia,Surabaya,SUB,WARR,07:00,23:00,07:16,16min late,06:54,5min early,38m,Landed
2026-05-25,JT944,,Lion Air,Makassar,UPG,WAAA,07:00,23:00,07:00,on time,08:22,2min late,1h 22m,Landed
2026-05-25,JQ82,JST082,Jetstar Airways,Darwin,DRW,YPDN,07:00,23:00,07:06,6min late,10:51,23min early,2h 14m,Landed
2026-05-25,QZ807,AWQ807,Indonesia AirAsia,Jakarta,CGK,WIII,07:00,23:00,07:08,8min late,07:35,24min early,1h 27m,Landed
2026-05-25,QZ534,AWQ534,Indonesia AirAsia,Perth,PER,YPPH,07:05,23:05,07:03,1min early,11:04,4min late,4h 0m,Landed
2026-05-25,QZ644,AWQ644,Indonesia AirAsia,Labuan Bajo,LBJ,WATO,07:10,23:10,07:01,8min early,07:56,18min early,54m,Landed
2026-05-25,8B5250,TNU5250,Business Air,Lombok,LOP,WADL,07:15,23:15,07:10,4min early,07:29,25min early,19m,Landed
2026-05-25,SQ949,SIA949,Singapore Airlines,Singapore,SIN,WSSS,07:15,23:15,07:20,5min late,09:36,23min early,2h 15m,Landed
2026-05-25,8B551,,Business Air,Singapore,SIN,WSSS,07:30,23:30,07:30,,09:55,,2h 25m,Landed
2026-05-25,ID6333,BTK6333,Batik Air,Labuan Bajo,LBJ,WATO,07:55,23:55,07:57,2min late,08:48,21min early,51m,Landed
2026-05-25,JT21,LNI021,Lion Air,Jakarta,CGK,WIII,08:05,00:05,08:18,13min late,08:47,12min early,1h 28m,Landed
2026-05-25,HX706,CRK706,Hong Kong Airlines,Hong Kong,HKG,VHHH,08:05,00:05,08:24,19min late,13:01,18min early,4h 37m,Landed
2026-05-25,IW1858,WON1858,Wings Air,Lombok,LOP,WADL,08:05,00:05,08:19,14min late,08:45,9min early,25m,Landed
2026-05-25,AI2146,AIC2146,Air India,Delhi,DEL,VIDP,08:25,00:25,08:51,26min late,13:32,17min early,7h 11m,Landed
2026-05-25,5J280,CEB280,CEBU Pacific Air,Manila,MNL,RPLL,08:35,00:35,08:57,22min late,12:30,24min early,3h 33m,Landed
2026-05-25,CZ8482,CSN8482,China Southern Airlines,Guangzhou,CAN,ZGGG,08:40,00:40,08:41,1min late,13:32,17min early,4h 51m,Landed
2026-05-25,IW1882,WON1882,Wings Air,Sumbawa Besar,SWQ,WADS,08:55,00:55,09:08,13min late,09:51,8min early,42m,Landed
2026-05-25,QG500,CTV500,Citilink,Dili,DIL,WPDL,09:00,01:00,09:16,16min late,11:54,10min early,1h 37m,Landed
2026-05-25,IW3330,WON3330,Wings Air,,,,09:00,01:00,09:01,1min late,11:26,18min early,2h 24m,Landed
2026-05-25,QG691,CTV691,Citilink,Surabaya,SUB,WARR,09:05,01:05,09:02,3min early,08:59,15min early,57m,Landed
2026-05-25,IN640,LKN640,NAM Air,Tambolaka,TMC,WADT,09:10,01:10,09:27,17min late,10:20,10min late,53m,Landed
2026-05-25,ID6324,BTK6324,Batik Air,Tambolaka,TMC,WADT,09:10,01:10,09:21,11min late,10:08,11min early,47m,Landed
2026-05-25,SJ740,,Sriwijaya Air,Waingapu,WGP,WADW,09:10,01:10,09:10,,10:30,,1h 20m,Landed
2026-05-25,8B5105,TNU5105,TransNusa,Jakarta,CGK,WIII,09:15,01:15,09:18,3min late,09:46,13min early,1h 28m,Landed
2026-05-25,IW1848,WON1848,Wings Air,Lombok,LOP,WADL,09:25,01:25,09:51,26min late,10:16,1min late,25m,Landed
2026-05-25,ID6007,BTK6007,Batik Air,Perth,PER,YPPH,09:30,01:30,10:11,41min late,13:49,34min late,3h 38m,Landed
2026-05-25,8B5634,TNU5634,TransNusa,Bima,BMU,WADB,09:35,01:35,09:40,5min late,10:26,8min early,46m,Landed
2026-05-25,8B80,TNU080,TransNusa,Perth,PER,YPPH,09:40,01:40,10:04,24min late,13:46,21min late,3h 41m,Landed
2026-05-25,QG197,CTV197,Citilink,Jakarta,HLP,WIHH,09:45,01:45,09:58,13min late,10:43,3min late,1h 44m,Landed
2026-05-25,IU122,SJV122,SW Italia,Yogyakarta,YIA,WAHI,10:00,02:00,10:08,8min late,10:21,8min early,1h 12m,Landed
2026-05-25,SQ935,SIA935,Singapore Airlines,Singapore,SIN,WSSS,10:05,02:05,10:17,12min late,12:31,13min early,2h 14m,Landed
2026-05-25,QZ803,AWQ803,Indonesia AirAsia,Jakarta,CGK,WIII,10:15,02:15,10:25,10min late,10:55,9min early,1h 30m,Landed
2026-05-25,8B553,TNU553,Business Air,Singapore,SIN,WSSS,10:20,02:20,10:27,7min late,12:44,30min early,2h 17m,Landed
2026-05-25,8B5101,TNU5101,TransNusa,Jakarta,CGK,WIII,10:25,02:25,10:58,33min late,11:30,15min late,1h 31m,Landed
2026-05-25,8G182,DTL182,Mid Africa Aviation,Dili,DIL,WPDL,10:35,02:35,11:02,27min late,13:39,9min late,1h 37m,Landed
2026-05-25,JT805,,Lion Air,Surabaya,SUB,WARR,10:35,02:35,10:35,,10:35,,1h 0m,Landed
2026-05-25,JT31,LNI031,Lion Air,Jakarta,CGK,WIII,11:05,03:05,11:12,7min late,11:41,18min early,1h 28m,Landed
2026-05-25,JQ126,JST126,Jetstar Airways,Adelaide,ADL,YPAD,11:15,03:15,12:04,49min late,18:35,5min late,5h 1m,Landed
2026-05-25,TR281,TGW281,Scoot,Singapore,SIN,WSSS,11:20,03:20,11:29,9min late,13:46,23min early,2h 17m,Landed
2026-05-25,6E1606,IGO1606,IndiGo,Bangalore,BLR,VOBL,11:20,03:20,11:21,1min late,15:00,9min early,6h 9m,Landed
2026-05-25,QZ646,AWQ646,Indonesia AirAsia,Labuan Bajo,LBJ,WATO,11:25,03:25,11:38,13min late,12:36,3min early,57m,Landed
2026-05-25,IW1964,WON1964,Wings Air,Lombok,LOP,WADL,11:40,03:40,12:07,27min late,12:32,2min late,25m,Landed
2026-05-25,JQ109,JST109,Jetstar Airways,Perth,PER,YPPH,11:40,03:40,12:31,51min late,16:08,43min late,3h 36m,Landed
2026-05-25,ID6331,BTK6331,Batik Air,Labuan Bajo,LBJ,WATO,11:45,03:45,11:46,1min late,12:41,18min early,55m,Landed
2026-05-25,OD192,MXD192,Malindo Air,Kuala Lumpur,KUL,WMKK,11:55,03:55,11:51,3min early,14:47,17min early,2h 56m,Landed
2026-05-25,GA407,GIA407,Garuda Indonesia,Jakarta,CGK,WIII,11:55,03:55,11:58,3min late,12:35,19min early,1h 37m,Landed
2026-05-25,QZ544,AWQ544,Indonesia AirAsia,Perth,PER,YPPH,12:00,04:00,12:17,17min late,16:00,10min late,3h 43m,Landed
2026-05-25,JQ32,JST032,Jetstar Airways,Melbourne,MEL,YMML,12:05,04:05,12:13,8min late,19:33,6min early,5h 19m,Landed
2026-05-25,GA253,GIA253,Garuda Indonesia,Yogyakarta,YIA,WAHI,12:05,04:05,12:25,20min late,14:58,3min late,3h 32m,Landed
2026-05-25,SJ742,,Sriwijaya Air,Tambolaka,TMC,WADT,12:10,04:10,12:10,,13:10,,1h 0m,Landed
2026-05-25,SQ937,SIA937,Singapore Airlines,Singapore,SIN,WSSS,12:10,04:10,12:22,12min late,14:47,7min early,2h 25m,Landed
2026-05-25,JQ40,JST040,Jetstar Airways,Sydney,SYD,YSSY,12:20,04:20,13:59,39min late,21:33,18min late,5h 33m,Landed
2026-05-25,OD178,MXD178,Malindo Air,Kuala Lumpur,KUL,WMKK,12:25,04:25,12:57,32min late,15:31,3min early,2h 34m,Landed
2026-05-25,8B5254,TNU5254,TransNusa,Lombok,LOP,WADL,12:40,04:40,13:23,43min late,13:42,22min late,19m,Landed
2026-05-25,OD158,MXD158,Malindo Air,Kuala Lumpur,KUL,WMKK,12:45,04:45,13:12,27min late,15:49,5min early,2h 36m,Landed
2026-05-25,IP103,PAS103,Pelita Air Service,Jakarta,CGK,WIII,12:45,04:45,12:44,on time,13:16,23min early,1h 32m,Landed
2026-05-25,OD307,MXD307,Malindo Air,Kuala Lumpur,KUL,WMKK,13:00,05:00,13:55,55min late,18:39,39min late,4h 43m,Landed
2026-05-25,ID6509,BTK6509,Batik Air,Jakarta,CGK,WIII,13:00,05:00,13:22,22min late,13:54,on time,1h 31m,Landed
2026-05-25,AK365,AXM365,AirAsia,Kuala Lumpur,KUL,WMKK,13:00,05:00,12:58,1min early,15:52,12min early,2h 54m,Landed
2026-05-25,MH714,MAS714,Malaysia Airlines,Kuala Lumpur,KUL,WMKK,13:05,05:05,13:38,33min late,16:14,14min late,2h 35m,Landed
2026-05-25,OD172,MXD172,Malindo Air,Kuala Lumpur,KUL,WMKK,13:10,05:10,13:52,42min late,16:27,7min late,2h 35m,Landed
2026-05-25,SQ939,SIA939,Singapore Airlines,Singapore,SIN,WSSS,13:15,05:15,13:32,17min late,16:01,1min late,2h 28m,Landed
2026-05-25,JT35,LNI035,Lion Air,Jakarta,CGK,WIII,13:15,05:15,13:20,5min late,13:48,21min early,1h 27m,Landed
2026-05-25,JQ58,JST058,Jetstar Airways,Brisbane,BNE,YBBN,13:15,05:15,13:43,28min late,20:34,20min early,4h 51m,Landed
2026-05-25,GA409,GIA409,Garuda Indonesia,Jakarta,CGK,WIII,13:25,05:25,13:50,25min late,14:27,2min late,1h 37m,Landed
2026-05-25,SL259,TLM259,Thai Lion Air,Bangkok,DMK,VTBD,13:25,05:25,13:29,4min late,16:33,16min early,4h 3m,Landed
2026-05-25,JT660,LNI660,Lion Air,Balikpapan,BPN,WALL,13:30,05:30,13:48,18min late,15:03,11min early,1h 15m,Landed
2026-05-25,GA842,GIA842,Garuda Indonesia,Singapore,SIN,WSSS,13:40,05:40,14:04,24min late,16:38,13min late,2h 33m,Landed
2026-05-25,QG687,CTV687,Citilink,Jakarta,CGK,WIII,13:45,05:45,13:48,3min late,14:29,10min early,1h 41m,Landed
2026-05-25,8B5107,TNU5107,TransNusa,Jakarta,CGK,WIII,13:50,05:50,17:42,52min late,18:01,21min late,1h 19m,Landed
2026-05-25,JT919,LNI919,Lion Air,Surabaya,SUB,WARR,13:55,05:55,14:08,13min late,13:51,3min early,42m,Landed
2026-05-25,TR289,TGW289,Scoot,Singapore,SIN,WSSS,14:05,06:05,14:17,12min late,16:42,13min early,2h 24m,Landed
2026-05-25,VJ894,VJC894,VietJet Air,Ho Chi Minh City,SGN,VVTS,14:05,06:05,18:56,51min late,18:07,12min late,11m,Landed
2026-05-25,ID6517,BTK6517,Batik Air,Jakarta,CGK,WIII,14:15,06:15,14:25,10min late,14:53,16min early,1h 28m,Landed
2026-05-25,IU130,SJV130,SW Italia,Semarang,SRG,WIIS,14:15,06:15,14:20,5min late,14:22,12min early,1h 1m,Landed
2026-05-25,ID7308,BTK7308,Batik Air,Jakarta,HLP,WIHH,14:20,06:20,14:29,9min late,15:26,16min late,1h 57m,Landed
2026-05-25,GA653,GIA653,Garuda Indonesia,Jakarta,CGK,WIII,14:30,06:30,14:48,18min late,15:24,5min early,1h 36m,Landed
2026-05-25,AI2148,AIC2148,Air India,Delhi,DEL,VIDP,14:35,06:35,14:54,19min late,19:35,4min early,7h 10m,Landed
2026-05-25,QG681,CTV681,Citilink,Jakarta,CGK,WIII,14:45,06:45,14:51,6min late,15:29,25min early,1h 37m,Landed
2026-05-25,JT33,LNI033,Lion Air,Jakarta,CGK,WIII,14:45,06:45,14:57,12min late,17:56,16min late,3h 59m,Landed
2026-05-25,JT844,,Lion Air,Banjarmasin,BDJ,WAOO,15:00,07:00,15:00,,16:02,27min early,1h 2m,Landed
2026-05-25,QG342,CTV342,Citilink,Makassar,UPG,WAAA,15:00,07:00,15:04,4min late,16:05,24min early,1h 0m,Landed
2026-05-25,JQ107,JST107,Jetstar Airways,Perth,PER,YPPH,15:00,07:00,15:37,37min late,19:18,28min late,3h 40m,Landed
2026-05-25,JQ86,JST086,Jetstar Airways,Singapore,SIN,WSSS,15:05,07:05,15:12,7min late,17:47,12min early,2h 35m,Landed
2026-05-25,JQ44,JST044,Jetstar Airways,Melbourne,MEL,YMML,15:10,07:10,15:22,12min late,22:37,7min early,5h 15m,Landed
2026-05-25,VA50,VOZ050,Virgin Australia,Brisbane,BNE,YBBN,15:15,07:15,15:32,17min late,22:26,38min early,4h 53m,Landed
2026-05-25,AK377,AXM377,AirAsia,Kuala Lumpur,KUL,WMKK,15:25,07:25,15:54,29min late,18:37,7min late,2h 43m,Landed
2026-05-25,JT740,LNI740,Lion Air,Makassar,UPG,WAAA,15:30,07:30,15:39,9min late,16:42,12min early,1h 3m,Landed
2026-05-25,QG669,CTV669,Citilink,Surabaya,SUB,WARR,15:30,07:30,15:41,11min late,15:31,8min early,49m,Landed
2026-05-25,IP109,PAS109,Pelita Air Service,Jakarta,CGK,WIII,15:35,07:35,15:46,11min late,16:37,12min late,1h 50m,Landed
2026-05-25,SJ717,,Sriwijaya Air,Makassar,UPG,WAAA,15:40,07:40,15:40,,17:00,,1h 20m,Landed
2026-05-25,IW1850,WON1850,Wings Air,Lombok,LOP,WADL,15:40,07:40,15:48,8min late,16:12,17min early,24m,Landed
2026-05-25,GA411,GIA411,Garuda Indonesia,Jakarta,CGK,WIII,15:45,07:45,15:51,6min late,16:44,on time,1h 52m,Landed
2026-05-25,8B82,TNU082,TransNusa,Perth,PER,YPPH,15:50,07:50,16:03,13min late,19:45,5min late,3h 41m,Landed
2026-05-25,VA92,VOZ092,Virgin Australia,Melbourne,MEL,YMML,15:50,07:50,15:56,6min late,23:28,3min late,5h 32m,Landed
2026-05-25,8B5256,TNU5256,TransNusa,Lombok,LOP,WADL,15:55,07:55,16:02,7min late,16:26,23min early,24m,Landed
2026-05-25,CI772,CAL772,China Airlines,Taipei,TPE,RCTP,15:55,07:55,15:58,3min late,20:48,31min early,4h 50m,Landed
2026-05-25,VN640,HVN640,Vietnam Airlines,Ho Chi Minh City,SGN,VVTS,16:00,08:00,16:36,36min late,19:18,38min late,3h 41m,Landed
2026-05-25,QZ246,AWQ246,Indonesia AirAsia,Phuket,HKT,VTSP,16:10,08:10,16:32,22min late,18:59,10min early,3h 26m,Landed
2026-05-25,CX784,CPA784,Cathay Pacific,Hong Kong,HKG,VHHH,16:15,08:15,16:27,12min late,20:51,33min early,4h 23m,Landed
2026-05-25,MH850,MAS850,Malaysia Airlines,Kuala Lumpur,KUL,WMKK,16:25,08:25,16:44,19min late,19:32,2min early,2h 47m,Landed
2026-05-25,IW1852,WON1852,Wings Air,Lombok,LOP,WADL,16:30,08:30,16:38,8min late,17:03,16min early,25m,Landed
2026-05-25,BR256,EVA256,EVA Airways,Taipei,TPE,RCTP,16:30,08:30,16:51,21min late,21:52,7min early,5h 1m,Landed
2026-05-25,JT744,,Lion Air,Makassar,UPG,WAAA,16:40,08:40,,,,,1h 25m,Cancelled
2026-05-25,IU703,SJV703,SW Italia,Surabaya,SUB,WARR,16:40,08:40,15:41,58min early,15:33,6min early,51m,Landed
2026-05-25,HO1356,DKH1356,Juneyao Airlines,Shanghai,PVG,ZSPD,16:50,08:50,17:18,28min late,23:27,7min early,6h 9m,Landed
2026-05-25,GA349,GIA349,Garuda Indonesia,Surabaya,SUB,WARR,16:55,08:55,17:20,25min late,19:22,12min late,3h 1m,Landed
2026-05-25,TG432,THA432,Thai Airways International,Bangkok,BKK,VTBS,16:55,08:55,16:57,2min late,19:34,30min early,3h 36m,Landed
2026-05-25,ID6335,BTK6335,Batik Air,Labuan Bajo,LBJ,WATO,17:00,09:00,17:23,23min late,18:15,on time,52m,Landed
2026-05-25,JT23,LNI023,Lion Air,Jakarta,CGK,WIII,17:15,09:15,18:56,41min late,17:56,13min early,0m,Landed
2026-05-25,GA419,GIA419,Garuda Indonesia,Jakarta,CGK,WIII,17:25,09:25,17:38,13min late,18:07,17min early,1h 28m,Landed
2026-05-25,VJ998,VJC998,VietJet Air,Hanoi,HAN,VVNB,17:30,09:30,18:17,47min late,21:52,17min late,4h 35m,Landed
2026-05-25,TR243,TGW243,Scoot,Singapore,SIN,WSSS,17:35,09:35,18:56,21min late,21:05,40min late,2h 8m,Landed
2026-05-25,IP107,,Pelita Air Service,Jakarta,CGK,WIII,17:40,09:40,17:40,,18:30,,1h 50m,Landed
2026-05-25,NZ291,ANZ291,Air New Zealand,Auckland,AKL,NZAA,17:50,09:50,18:03,13min late,05:08,21min early,7h 5m,Landed
2026-05-25,6E1608,IGO1608,IndiGo,Chennai,MAA,VOMM,18:00,10:00,17:58,1min early,21:03,31min early,5h 34m,Landed
2026-05-25,QZ821,AWQ821,Indonesia AirAsia,Jakarta,CGK,WIII,18:00,10:00,18:06,6min late,18:34,15min early,1h 27m,Landed
2026-05-25,IU126,SJV126,SW Italia,Surakarta,SOC,WAHQ,18:10,10:10,18:15,5min late,18:12,17min early,57m,Landed
2026-05-25,OD193,MXD193,Malindo Air,Perth,PER,YPPH,18:10,10:10,18:53,43min late,22:31,46min late,3h 37m,Landed
2026-05-25,ID6552,BTK6552,Batik Air,Kupang,KOE,WATT,18:25,10:25,18:32,7min late,19:59,15min early,1h 27m,Landed
2026-05-25,GA417,GIA417,Garuda Indonesia,Jakarta,CGK,WIII,18:30,10:30,18:42,12min late,19:13,16min early,1h 31m,Landed
2026-05-25,IN281,LKN281,NAM Air,Jakarta,CGK,WIII,18:30,10:30,18:47,17min late,19:13,3min late,1h 25m,Landed
2026-05-25,QR963,QTR963,Qatar Airways,Doha,DOH,OTHH,18:35,10:35,19:16,41min late,23:17,22min early,9h 0m,Landed
2026-05-25,EY477,ETD477,Etihad Airways,Abu Dhabi,AUH,OMAA,18:45,10:45,18:56,11min late,02:40,0min late,11h 44m,Landed
2026-05-25,CX782,CPA782,Cathay Pacific,Hong Kong,HKG,VHHH,18:50,10:50,19:03,13min late,23:37,27min early,4h 34m,Landed
2026-05-25,IP105,,Pelita Air Service,Jakarta,CGK,WIII,18:50,10:50,18:50,,19:40,,1h 50m,Landed
2026-05-25,QG689,CTV689,Citilink,Jakarta,CGK,WIII,18:55,10:55,19:18,23min late,19:57,2min late,1h 39m,Landed
2026-05-25,8B5258,TNU5258,TransNusa,Lombok,LOP,WADL,18:55,10:55,18:39,15min early,18:58,36min early,19m,Landed
2026-05-25,TG440,THA440,Thai Airways International,Bangkok,BKK,VTBS,19:00,11:00,19:08,8min late,21:58,11min early,3h 50m,Landed
2026-05-25,6E1612,IGO1612,IndiGo,Bhubaneswar,BBI,VEBS,19:10,11:10,19:20,10min late,22:33,16min early,5h 42m,Landed
2026-05-25,MH852,MAS852,Malaysia Airlines,Kuala Lumpur,KUL,WMKK,19:20,11:20,19:46,26min late,22:24,4min late,2h 38m,Landed
2026-05-25,QG699,CTV699,Citilink,Surabaya,SUB,WARR,19:25,11:25,19:29,4min late,05:56,16min late,11h 26m,Landed
2026-05-25,ID7310,BTK7310,Batik Air,Jakarta,HLP,WIHH,19:25,11:25,19:39,14min late,20:01,13min early,1h 21m,Landed
2026-05-25,AK379,AXM379,AirAsia,Kuala Lumpur,KUL,WMKK,19:45,11:45,20:14,29min late,22:50,on time,2h 36m,Landed
2026-05-25,EK369,UAE369,Emirates,Dubai,DXB,OMDB,19:45,11:45,20:04,19min late,00:44,5min early,8h 40m,Landed
2026-05-25,JT923,,Lion Air,Surabaya,SUB,WARR,19:55,11:55,22:30,35min late,22:12,17min late,42m,Landed
2026-05-25,SQ945,SIA945,Singapore Airlines,Singapore,SIN,WSSS,20:00,12:00,20:10,10min late,22:26,14min early,2h 15m,Landed
2026-05-25,QG697,CTV697,Citilink,Surabaya,SUB,WARR,20:25,12:25,20:28,3min late,20:05,19min early,36m,Landed
2026-05-25,ID6415,BTK6415,Batik Air,Surabaya,SUB,WARR,20:28,12:28,20:38,9min late,20:15,5min early,37m,Landed
2026-05-25,GA415,GIA415,Garuda Indonesia,Jakarta,CGK,WIII,20:40,12:40,21:10,30min late,21:38,1min early,1h 28m,Landed
2026-05-25,KL836,KLM836,KLM Royal Dutch Airlines,Singapore,SIN,WSSS,20:45,12:45,21:14,29min late,23:21,3min early,2h 6m,Landed
2026-05-25,QZ819,AWQ819,Indonesia AirAsia,Jakarta,CGK,WIII,21:05,13:05,19:04,0min early,21:56,1min late,3h 51m,Landed
2026-05-25,QG667,CTV667,Citilink,Jakarta,CGK,WIII,21:10,13:10,21:27,17min late,22:08,1min early,1h 41m,Landed
2026-05-25,JT15,LNI015,Lion Air,Jakarta,CGK,WIII,21:15,13:15,21:27,12min late,21:51,18min early,1h 24m,Landed
2026-05-25,QZ410,AWQ410,Indonesia AirAsia,Melbourne,MEL,YMML,21:15,13:15,21:22,7min late,05:13,13min late,5h 50m,Landed
2026-05-25,JQ34,JST034,Jetstar Airways,Melbourne,MEL,YMML,21:20,13:20,21:35,15min late,05:07,12min late,5h 31m,Landed
2026-05-25,JQ117,JST117,Jetstar Airways,Perth,PER,YPPH,21:30,13:30,22:24,54min late,01:52,32min late,3h 28m,Landed
2026-05-25,SJ273,,Sriwijaya Air,Jakarta,CGK,WIII,21:35,13:35,21:35,,22:15,,1h 40m,Landed
2026-05-25,SQ947,SIA947,Singapore Airlines,Singapore,SIN,WSSS,21:40,13:40,21:53,13min late,00:06,8min early,2h 13m,Landed
2026-05-25,TK311,THY311,Turkish Airlines,Istanbul,IST,LTFM,21:45,13:45,21:49,4min late,05:29,15min early,12h 40m,Landed
2026-05-25,SV857,SVA857,Saudi Arabian Airlines,Singapore,SIN,WSSS,21:55,13:55,22:09,14min late,00:16,13min early,2h 6m,Landed
2026-05-25,GA718,GIA718,Garuda Indonesia,Melbourne,MEL,YMML,22:05,14:05,23:32,27min late,07:05,35min late,5h 33m,Landed
2026-05-25,AK375,AXM375,AirAsia,Kuala Lumpur,KUL,WMKK,22:15,14:15,22:53,38min late,01:29,9min late,2h 35m,Landed
2026-05-25,OD171,MXD171,Malindo Air,Sydney,SYD,YSSY,22:15,14:15,22:13,1min early,06:18,13min late,6h 4m,Landed
2026-05-25,QF44,QFA044,Qantas,Sydney,SYD,YSSY,22:20,14:20,22:34,14min late,06:06,3min early,5h 32m,Landed
2026-05-25,JQ38,JST038,Jetstar Airways,Sydney,SYD,YSSY,22:35,14:35,01:10,35min late,08:55,25min late,5h 45m,Landed
2026-05-25,7C5304,JJA5304,Jeju Air,Seoul,ICN,RKSI,22:45,14:45,22:56,11min late,06:37,37min early,6h 40m,Landed
2026-05-25,JQ91,JST091,Jetstar Airways,Cairns,CNS,YBCS,23:00,15:00,23:08,8min late,05:28,1min early,4h 19m,Landed
2026-05-25,QF46,QFA046,Qantas,Melbourne,MEL,YMML,23:05,15:05,23:23,18min late,07:09,29min late,5h 45m,Landed
2026-05-25,VA96,VOZ096,Virgin Australia,Melbourne,MEL,YMML,23:05,15:05,23:26,21min late,06:56,16min late,5h 30m,Landed
2026-05-25,8B5109,TNU5109,TransNusa,Jakarta,CGK,WIII,23:10,15:10,23:29,19min late,00:00,10min late,1h 31m,Landed
2026-05-25,3U3986,CSC3986,Sichuan Airlines,Lujia Town,TFU,ZUTF,23:10,15:10,23:54,44min late,10:09,39min late,10h 14m,Landed
2026-05-25,VA82,VOZ082,Virgin Australia,Gold Coast,OOL,YBCG,23:20,15:20,23:45,25min late,06:52,2min early,5h 6m,Landed
2026-05-25,GA714,GIA714,Garuda Indonesia,Sydney,SYD,YSSY,23:25,15:25,23:51,26min late,07:32,22min late,5h 40m,Landed
2026-05-25,JQ50,,Jetstar Airways,Melbourne,AVV,YMAV,23:25,15:25,,,,,5h 35m,Cancelled
2026-05-25,VA68,VOZ068,Virgin Australia,Sydney,SYD,YSSY,23:35,15:35,23:57,22min late,07:25,9min early,5h 27m,Landed
2026-05-25,QZ420,AWQ420,Indonesia AirAsia,Adelaide,ADL,YPAD,23:45,15:45,00:10,25min late,06:45,20min late,5h 4m,Landed
2026-05-25,KE432,KAL432,Korean Air Lines,Seoul,ICN,RKSI,23:45,15:45,00:06,21min late,07:49,5min early,6h 43m,Landed
2026-05-25,JQ94,JST094,Jetstar Airways,Gold Coast,OOL,YBCG,23:45,15:45,00:15,30min late,07:26,11min late,5h 10m,Landed
2026-05-25,JQ89,JST089,Jetstar Airways,Newcastle,NTL,YWLM,23:50,15:50,00:20,30min late,07:42,2min late,5h 21m,Landed
2026-05-26,BX602,ABL602,Air Busan,Busan,PUS,RKPK,00:05,16:05,00:28,23min late,07:50,4min early,6h 22m,Landed
2026-05-26,GA880,GIA880,Garuda Indonesia,Tokyo,NRT,RJAA,00:20,16:20,00:26,6min late,08:30,19min early,7h 3m,Landed
2026-05-26,8B84,TNU084,TransNusa,Perth,PER,YPPH,00:20,16:20,00:29,9min late,03:58,6min early,3h 29m,Landed
2026-05-26,MF892,CXA892,Xiamen Airlines,Xiamen,XMN,ZSAM,00:30,16:30,05:27,57min late,11:30,25min late,6h 3m,Landed
2026-05-26,EK399,UAE399,Emirates,Dubai,DXB,OMDB,00:35,16:35,00:39,4min late,05:25,9min early,8h 46m,Landed
2026-05-26,QR961,QTR961,Qatar Airways,Doha,DOH,OTHH,00:35,16:35,00:38,3min late,04:18,21min early,8h 39m,Landed
2026-05-26,CZ626,CSN626,China Southern Airlines,Guangzhou,CAN,ZGGG,00:40,16:40,00:47,7min late,05:33,21min early,4h 45m,Landed
2026-05-26,PR538,PAL538,Philippine Airlines,Manila,MNL,RPLL,00:55,16:55,00:56,1min late,04:33,26min early,3h 36m,Landed
2026-05-26,MU5030,CES5030,China Eastern Airlines,Shanghai,PVG,ZSPD,00:55,16:55,01:11,16min late,07:21,33min early,6h 10m,Landed
2026-05-26,5J282,CEB282,CEBU Pacific Air,Manila,MNL,RPLL,01:00,17:00,00:56,3min early,04:27,52min early,3h 30m,Landed
2026-05-26,SJ726,,Sriwijaya Air,Makassar,UPG,WAAA,01:00,17:00,01:00,,02:20,,1h 20m,Landed
2026-05-26,GA6544,GIA6544,Garuda Indonesia,Timika,TIM,WABP,01:05,17:05,01:17,12min late,05:40,4min early,3h 22m,Landed
2026-05-26,GA652,GIA652,Garuda Indonesia,Timika,TIM,WABP,01:05,17:05,01:17,12min late,05:34,10min early,3h 16m,Landed
2026-05-26,KE434,KAL434,Korean Air Lines,Seoul,ICN,RKSI,01:10,17:10,01:19,9min late,08:47,37min early,6h 28m,Landed
2026-05-26,8B5888,TNU5888,TransNusa,Manado,MDC,WAMM,01:30,17:30,01:38,8min late,07:20,20min late,5h 41m,Landed
2026-05-26,JT746,LNI746,Lion Air,Makassar,UPG,WAAA,06:52,22:52,07:04,12min late,08:01,6min early,57m,Landed
2026-05-26,JT746,LNI746,Lion Air,Makassar,UPG,WAAA,06:56,22:56,07:10,14min late,20:00,46min late,12h 49m,Landed
2026-05-26,GA401,GIA401,Garuda Indonesia,Jakarta,CGK,WIII,07:00,23:00,07:02,2min late,07:31,28min early,1h 29m,Landed
2026-05-26,JT944,,Lion Air,Makassar,UPG,WAAA,07:00,23:00,07:00,,07:58,21min early,58m,Landed
2026-05-26,JQ111,JST111,Jetstar Airways,Perth,PER,YPPH,07:00,23:00,07:00,on time,10:35,4min early,3h 35m,Landed
2026-05-26,QZ807,AWQ807,Indonesia AirAsia,Jakarta,CGK,WIII,07:00,23:00,07:00,on time,07:23,36min early,1h 22m,Landed
2026-05-26,JQ82,JST082,Jetstar Airways,Darwin,DRW,YPDN,07:00,23:00,07:26,26min late,11:21,6min late,2h 25m,Landed
2026-05-26,IU705,SJV705,SW Italia,Surabaya,SUB,WARR,07:00,23:00,07:06,6min late,06:44,15min early,37m,Landed
2026-05-26,QZ534,AWQ534,Indonesia AirAsia,Perth,PER,YPPH,07:05,23:05,07:16,11min late,10:57,2min early,3h 41m,Landed
2026-05-26,QZ644,AWQ644,Indonesia AirAsia,Labuan Bajo,LBJ,WATO,07:10,23:10,07:18,8min late,08:07,7min early,49m,Landed
2026-05-26,8B5250,TNU5250,Business Air,Lombok,LOP,WADL,07:15,23:15,07:28,13min late,07:51,3min early,23m,Landed
2026-05-26,SQ949,SIA949,Singapore Airlines,Singapore,SIN,WSSS,07:15,23:15,07:29,14min late,09:37,22min early,2h 7m,Landed
2026-05-26,IU705,SJV705,SW Italia,Surabaya,SUB,WARR,07:23,23:23,07:23,,06:59,3min early,36m,Landed
2026-05-26,8B551,,Business Air,Singapore,SIN,WSSS,07:30,23:30,07:30,,09:55,,2h 25m,Landed
2026-05-26,ID6333,BTK6333,Batik Air,Labuan Bajo,LBJ,WATO,07:55,23:55,08:08,13min late,09:01,8min early,53m,Landed
2026-05-26,IW1858,WON1858,Wings Air,Lombok,LOP,WADL,08:05,00:05,08:11,6min late,08:35,19min early,24m,Landed
2026-05-26,JT21,LNI021,Lion Air,Jakarta,CGK,WIII,08:05,00:05,08:20,15min late,08:48,11min early,1h 28m,Landed
2026-05-26,HX706,CRK706,Hong Kong Airlines,Hong Kong,HKG,VHHH,08:05,00:05,08:27,22min late,13:08,11min early,4h 40m,Landed
2026-05-26,AI2146,AIC2146,Air India,Delhi,DEL,VIDP,08:25,00:25,08:50,25min late,13:34,15min early,7h 14m,Landed
2026-05-26,5J280,CEB280,CEBU Pacific Air,Manila,MNL,RPLL,08:35,00:35,08:43,8min late,12:29,25min early,3h 46m,Landed
2026-05-26,CZ8482,CSN8482,China Southern Airlines,Guangzhou,CAN,ZGGG,08:40,00:40,08:45,5min late,13:39,10min early,4h 54m,Landed
2026-05-26,IW1854,,Wings Air,Lombok,LOP,WADL,08:45,00:45,08:45,,09:35,,50m,Landed
2026-05-26,IW1882,WON1882,Wings Air,Sumbawa Besar,SWQ,WADS,08:55,00:55,08:55,on time,09:38,21min early,43m,Landed
2026-05-26,QG500,CTV500,Citilink,Dili,DIL,WPDL,09:00,01:00,09:04,4min late,14:49,44min late,4h 44m,Landed
2026-05-26,QG691,CTV691,Citilink,Surabaya,SUB,WARR,09:05,01:05,09:01,3min early,08:50,24min early,48m,Landed
2026-05-26,IN640,LKN640,Nam Air,Tambolaka,TMC,WADT,09:10,01:10,09:32,22min late,10:14,4min late,42m,Landed
2026-05-26,ID6324,BTK6324,Batik Air,Tambolaka,TMC,WADT,09:10,01:10,09:17,7min late,10:02,17min early,44m,Landed
2026-05-26,8B5105,TNU5105,Business Air,Jakarta,CGK,WIII,09:15,01:15,09:15,on time,09:41,18min early,1h 26m,Landed
2026-05-26,IW1848,WON1848,Wings Air,Lombok,LOP,WADL,09:25,01:25,10:46,21min late,11:09,54min late,23m,Landed
2026-05-26,8B5634,,TransNusa,Bima,BMU,WADB,09:35,01:35,09:35,,10:35,,1h 0m,Landed
2026-05-26,8B80,TNU080,TransNusa,Perth,PER,YPPH,09:40,01:40,09:43,3min late,13:34,9min late,3h 50m,Landed
2026-05-26,IU137,SJV137,SW Italia,Kupang,KOE,WATT,10:00,02:00,10:06,6min late,11:26,23min early,1h 19m,Landed
2026-05-26,JQ1050,JST1050,Jetstar Airways,Melbourne,AVV,YMAV,10:00,02:00,10:05,5min late,17:35,on time,5h 29m,Landed
2026-05-26,IU122,SJV122,SW Italia,Yogyakarta,YIA,WAHI,10:00,02:00,10:02,2min late,12:05,35min late,3h 3m,Landed
2026-05-26,SQ935,SIA935,Singapore Airlines,Singapore,SIN,WSSS,10:05,02:05,10:18,13min late,12:31,13min early,2h 12m,Landed
2026-05-26,QZ803,AWQ803,Indonesia AirAsia,Jakarta,CGK,WIII,10:15,02:15,10:14,on time,10:39,25min early,1h 24m,Landed
2026-05-26,8B553,TNU553,Business Air,Singapore,SIN,WSSS,10:20,02:20,10:28,8min late,12:51,23min early,2h 23m,Landed
2026-05-26,QG9193,CTV9193,Citilink,Jakarta,HLP,WIHH,10:22,02:22,10:32,9min late,11:00,19min early,1h 28m,Landed
2026-05-26,8B5101,TNU5101,TransNusa,Jakarta,CGK,WIII,10:25,02:25,11:00,35min late,11:27,12min late,1h 27m,Landed
2026-05-26,8G182,DTL182,Mid Africa Aviation,Dili,DIL,WPDL,10:35,02:35,10:57,22min late,13:45,15min late,1h 48m,Landed
2026-05-26,JT805,,Lion Air,Surabaya,SUB,WARR,10:35,02:35,,,,,1h 0m,
2026-05-26,JT31,,Lion Air,Jakarta,CGK,WIII,11:05,03:05,11:05,,11:37,22min early,1h 32m,Landed
2026-05-26,IW1856,WON1856,Wings Air,Lombok,LOP,WADL,11:10,03:10,11:32,22min late,11:56,3min early,24m,Landed
2026-05-26,JQ126,JST126,Jetstar Airways,Adelaide,ADL,YPAD,11:15,03:15,11:41,26min late,18:17,47min late,5h 6m,Landed
2026-05-26,6E1606,IGO1606,IndiGo,Bangalore,BLR,VOBL,11:20,03:20,11:19,on time,14:51,18min early,6h 2m,Landed
2026-05-26,TR281,TGW281,Scoot,Singapore,SIN,WSSS,11:20,03:20,11:28,8min late,13:40,30min early,2h 12m,Landed
2026-05-26,QZ646,AWQ646,Indonesia AirAsia,Labuan Bajo,LBJ,WATO,11:25,03:25,11:34,9min late,12:31,8min early,56m,Landed
2026-05-26,AK371,AXM371,AirAsia,Kuala Lumpur,KUL,WMKK,11:40,03:40,11:53,13min late,14:36,8min early,2h 43m,Landed
2026-05-26,IW1964,WON1964,Wings Air,Lombok,LOP,WADL,11:40,03:40,12:00,20min late,12:24,5min early,24m,Landed
2026-05-26,JQ109,JST109,Jetstar Airways,Perth,PER,YPPH,11:40,03:40,12:14,34min late,15:42,17min late,3h 28m,Landed
2026-05-26,ID6331,BTK6331,Batik Air,Labuan Bajo,LBJ,WATO,11:45,03:45,11:57,12min late,12:49,10min early,52m,Landed
2026-05-26,IW1850,WON1850,Wings Air,Lombok,LOP,WADL,11:50,03:50,12:10,20min late,12:32,7min early,22m,Landed
2026-05-26,OD192,MXD192,Malindo Air,Kuala Lumpur,KUL,WMKK,11:54,03:54,12:07,13min late,15:06,12min early,2h 59m,Landed
2026-05-26,GA407,GIA407,Garuda Indonesia,Jakarta,CGK,WIII,11:55,03:55,12:05,10min late,12:40,14min early,1h 35m,Landed
2026-05-26,QZ809,AWQ809,Indonesia AirAsia,Jakarta,CGK,WIII,11:55,03:55,11:49,5min early,12:09,40min early,1h 20m,Landed
2026-05-26,QZ544,AWQ544,Indonesia AirAsia,Perth,PER,YPPH,12:00,04:00,12:17,17min late,15:49,on time,3h 32m,Landed
2026-05-26,JQ32,JST032,Jetstar Airways,Melbourne,MEL,YMML,12:05,04:05,16:46,41min late,00:18,38min late,5h 31m,Landed
2026-05-26,GA253,GIA253,Garuda Indonesia,Yogyakarta,YIA,WAHI,12:05,04:05,12:21,16min late,12:39,15min early,1h 17m,Landed
2026-05-26,SQ937,SIA937,Singapore Airlines,Singapore,SIN,WSSS,12:10,04:10,12:23,13min late,14:42,12min early,2h 19m,Landed
2026-05-26,JQ40,JST040,Jetstar Airways,Sydney,SYD,YSSY,12:20,04:20,12:29,9min late,20:01,13min early,5h 31m,Landed
2026-05-26,8B5254,TNU5254,TransNusa,Lombok,LOP,WADL,12:31,04:31,12:31,,13:07,,35m,Landed
2026-05-26,OD309,MXD309,Malindo Air,Kuala Lumpur,KUL,WMKK,12:36,04:36,12:48,11min late,15:36,12min early,2h 47m,Landed
2026-05-26,IP103,PAS103,Pelita Air Service,Jakarta,CGK,WIII,12:45,04:45,13:12,27min late,13:44,4min late,1h 31m,Landed
2026-05-26,OD307,MXD307,Malindo Air,Kuala Lumpur,KUL,WMKK,13:00,05:00,15:38,38min late,18:22,22min late,2h 43m,Landed
2026-05-26,AK365,AXM365,AirAsia,Kuala Lumpur,KUL,WMKK,13:00,05:00,13:23,23min late,16:02,2min early,2h 39m,Landed
2026-05-26,ID6509,BTK6509,Batik Air,Jakarta,CGK,WIII,13:00,05:00,13:15,15min late,13:47,7min early,1h 31m,Landed
2026-05-26,MH714,MAS714,Malaysia Airlines,Kuala Lumpur,KUL,WMKK,13:05,05:05,13:25,20min late,16:11,11min late,2h 45m,Landed
2026-05-26,OD172,MXD172,Malindo Air,Kuala Lumpur,KUL,WMKK,13:10,05:10,13:18,8min late,16:03,16min early,2h 45m,Landed
2026-05-26,JQ58,JST058,Jetstar Airways,Brisbane,BNE,YBBN,13:15,05:15,14:08,53min late,21:28,33min late,5h 19m,Landed
2026-05-26,JT35,,Lion Air,Jakarta,CGK,WIII,13:15,05:15,13:15,,13:44,25min early,1h 29m,Landed
2026-05-26,SQ939,SIA939,Singapore Airlines,Singapore,SIN,WSSS,13:15,05:15,13:20,5min late,15:31,28min early,2h 10m,Landed
2026-05-26,GA409,GIA409,Garuda Indonesia,Jakarta,CGK,WIII,13:25,05:25,13:40,15min late,14:12,12min early,1h 31m,Landed
2026-05-26,JT660,,Lion Air,Balikpapan,BPN,WALL,13:30,05:30,,,,,1h 45m,Cancelled
2026-05-26,GA842,GIA842,Garuda Indonesia,Singapore,SIN,WSSS,13:40,05:40,13:44,4min late,16:04,20min early,2h 20m,Landed
2026-05-26,QG687,CTV687,Citilink,Jakarta,CGK,WIII,13:45,05:45,12:51,53min early,14:22,17min early,2h 31m,Landed
2026-05-26,8B5107,TNU5107,Business Air,Jakarta,CGK,WIII,13:50,05:50,17:56,6min late,18:36,56min late,1h 39m,Landed
2026-05-26,JT919,LNI919,Lion Air,Surabaya,SUB,WARR,13:55,05:55,14:21,26min late,14:03,8min late,42m,Landed
2026-05-26,VJ894,VJC894,VietJet Air,Ho Chi Minh City,SGN,VVTS,14:05,06:05,14:40,35min late,17:01,6min late,3h 20m,Landed
2026-05-26,TR289,TGW289,Scoot,Singapore,SIN,WSSS,14:05,06:05,14:05,on time,16:24,30min early,2h 19m,Landed
2026-05-26,IU130,SJV130,SW Italia,Semarang,SRG,WIIS,14:10,06:10,14:27,16min late,14:28,on time,1h 1m,Landed
2026-05-26,ID6517,BTK6517,Batik Air,Jakarta,CGK,WIII,14:15,06:15,14:47,32min late,15:17,7min late,1h 30m,Landed
2026-05-26,ID7308,BTK7308,Batik Air,Jakarta,HLP,WIHH,14:20,06:20,14:43,23min late,15:23,13min late,1h 39m,Landed
2026-05-26,GA6534,GIA6534,Garuda Indonesia,Jakarta,CGK,WIII,14:30,06:30,15:01,31min late,15:38,8min late,1h 36m,Landed
2026-05-26,QG681,CTV681,Citilink,Jakarta,CGK,WIII,14:45,06:45,14:51,6min late,15:24,30min early,1h 33m,Landed
2026-05-26,JT33,,Lion Air,Jakarta,CGK,WIII,14:45,06:45,14:45,,15:18,21min early,1h 33m,Landed
2026-05-26,QZ805,AWQ805,Indonesia AirAsia,Jakarta,CGK,WIII,14:50,06:50,15:42,52min late,16:15,30min late,1h 32m,Landed
2026-05-26,QG342,CTV342,Citilink,Makassar,UPG,WAAA,15:00,07:00,15:04,4min late,16:17,12min early,1h 13m,Landed
2026-05-26,IU120,SJV120,SW Italia,Yogyakarta,YIA,WAHI,15:00,07:00,15:21,21min late,15:33,3min late,1h 11m,Landed
2026-05-26,JT844,,Lion Air,Banjarmasin,BDJ,WAOO,15:00,07:00,15:00,,16:08,21min early,1h 8m,Landed
2026-05-26,JQ88,JST088,Jetstar Airways,Singapore,SIN,WSSS,15:05,07:05,15:17,12min late,17:35,24min early,2h 17m,Landed
2026-05-26,JQ44,JST044,Jetstar Airways,Melbourne,MEL,YMML,15:10,07:10,15:27,17min late,22:54,9min late,5h 26m,Landed
2026-05-26,VA50,VOZ050,Virgin Australia,Brisbane,BNE,YBBN,15:15,07:15,15:34,19min late,22:50,14min early,5h 16m,Landed
2026-05-26,AK377,AXM377,AirAsia,Kuala Lumpur,KUL,WMKK,15:25,07:25,16:23,58min late,19:04,34min late,2h 41m,Landed
2026-05-26,IN281,LKN281,Nam Air,Jakarta,CGK,WIII,15:30,07:30,15:40,10min late,16:10,on time,1h 30m,Landed
2026-05-26,QG669,CTV669,Citilink,Surabaya,SUB,WARR,15:30,07:30,15:32,2min late,15:49,9min late,1h 17m,Landed
2026-05-26,JT740,LNI740,Lion Air,Makassar,UPG,WAAA,15:30,07:30,15:36,6min late,16:42,12min early,1h 6m,Landed
2026-05-26,IP109,PAS109,Pelita Air Service,Jakarta,CGK,WIII,15:35,07:35,16:01,26min late,16:29,4min late,1h 28m,Landed
2026-05-26,GA411,GIA411,Garuda Indonesia,Jakarta,CGK,WIII,15:45,07:45,16:03,18min late,16:35,9min early,1h 32m,Landed
2026-05-26,QZ648,AWQ648,Indonesia AirAsia,Labuan Bajo,LBJ,WATO,15:45,07:45,15:55,10min late,16:45,9min early,49m,Landed
2026-05-26,VA92,VOZ092,Virgin Australia,Melbourne,MEL,YMML,15:50,07:50,16:09,19min late,23:49,24min late,5h 39m,Landed
2026-05-26,CI772,CAL772,China Airlines,Taipei,TPE,RCTP,15:55,07:55,16:07,12min late,21:03,16min early,4h 56m,Landed
2026-05-26,VN640,HVN640,Vietnam Airlines,Ho Chi Minh City,SGN,VVTS,16:00,08:00,16:13,13min late,18:44,4min late,3h 30m,Landed
2026-05-26,QZ246,AWQ246,Indonesia AirAsia,Phuket,HKT,VTSP,16:10,08:10,16:24,14min late,18:56,13min early,3h 31m,Landed
2026-05-26,CX784,CPA784,Cathay Pacific,Hong Kong,HKG,VHHH,16:15,08:15,16:36,21min late,20:55,29min early,4h 19m,Landed
2026-05-26,8B82,TNU082,TransNusa,Perth,PER,YPPH,16:20,08:20,15:49,30min early,19:30,39min early,3h 40m,Landed
2026-05-26,MH850,MAS850,Malaysia Airlines,Kuala Lumpur,KUL,WMKK,16:25,08:25,16:29,4min late,19:18,16min early,2h 49m,Landed
2026-05-26,BR256,EVA256,EVA Airways,Taipei,TPE,RCTP,16:30,08:30,17:14,44min late,22:15,15min late,5h 0m,Landed
2026-05-26,IW1852,WON1852,Wings Air,Lombok,LOP,WADL,16:30,08:30,16:32,2min late,16:55,24min early,23m,Landed
2026-05-26,IU703,SJV703,SW Italia,Surabaya,SUB,WARR,16:39,08:39,16:50,11min late,16:30,3min early,40m,Landed
2026-05-26,HO1356,DKH1356,Juneyao Airlines,Shanghai,PVG,ZSPD,16:50,08:50,17:15,25min late,23:12,22min early,5h 56m,Landed
2026-05-26,GA349,GIA349,Garuda Indonesia,Surabaya,SUB,WARR,16:55,08:55,17:33,38min late,17:26,16min late,53m,Landed
2026-05-26,TG432,THA432,Thai Airways International,Bangkok,BKK,VTBS,16:55,08:55,16:55,on time,19:43,21min early,3h 48m,Landed
2026-05-26,ID6335,BTK6335,Batik Air,Labuan Bajo,LBJ,WATO,17:00,09:00,17:11,11min late,18:01,13min early,50m,Landed
2026-05-26,JT23,LNI023,Lion Air,Jakarta,CGK,WIII,17:15,09:15,17:28,13min late,17:57,12min early,1h 28m,Landed
2026-05-26,GA419,,Garuda Indonesia,Jakarta,CGK,WIII,17:25,09:25,,,,,2h 0m,Cancelled
2026-05-26,TR243,TGW243,Scoot,Singapore,SIN,WSSS,17:35,09:35,17:40,5min late,19:55,29min early,2h 15m,Landed
2026-05-26,IP107,,Pelita Air Service,Jakarta,CGK,WIII,17:40,09:40,17:40,,18:30,,1h 50m,Landed
2026-05-26,6E1608,IGO1608,IndiGo,Chennai,MAA,VOMM,18:00,10:00,18:01,1min late,21:13,21min early,5h 41m,Landed
2026-05-26,QZ821,AWQ821,Indonesia AirAsia,Jakarta,CGK,WIII,18:00,10:00,17:58,1min early,18:36,13min early,1h 38m,Landed
2026-05-26,IU126,SJV126,SW Italia,Surakarta,SOC,WAHQ,18:10,10:10,18:14,4min late,18:12,17min early,58m,Landed
2026-05-26,OD193,MXD193,Malindo Air,Perth,PER,YPPH,18:10,10:10,18:48,38min late,22:18,33min late,3h 29m,Landed
2026-05-26,ID6552,BTK6552,Batik Air,Kupang,KOE,WATT,18:25,10:25,18:51,26min late,20:04,10min early,1h 13m,Landed
2026-05-26,IN283,,NAM Air,Jakarta,CGK,WIII,18:30,10:30,18:30,,19:10,,1h 40m,Landed
2026-05-26,GA417,GIA417,Garuda Indonesia,Jakarta,CGK,WIII,18:30,10:30,18:46,16min late,19:34,4min late,1h 47m,Landed
2026-05-26,QR963,QTR963,Qatar Airways,Doha,DOH,OTHH,18:35,10:35,18:54,19min late,22:44,55min early,8h 50m,Landed
2026-05-26,EY477,ETD477,Etihad Airways,Abu Dhabi,AUH,OMAA,18:45,10:45,18:56,11min late,23:28,11min early,8h 32m,Landed
2026-05-26,IP105,,Pelita Air Service,Jakarta,CGK,WIII,18:50,10:50,18:50,,19:40,,1h 50m,Landed
2026-05-26,CX782,CPA782,Cathay Pacific,Hong Kong,HKG,VHHH,18:50,10:50,19:05,15min late,23:30,34min early,4h 25m,Landed
2026-05-26,QG689,CTV689,Citilink,Jakarta,CGK,WIII,18:55,10:55,19:39,44min late,20:10,15min late,1h 30m,Landed
2026-05-26,8B5258,TNU5258,TransNusa,Lombok,LOP,WADL,18:55,10:55,18:18,36min early,18:39,55min early,20m,Landed
2026-05-26,TG440,THA440,Thai Airways International,Bangkok,BKK,VTBS,19:00,11:00,19:10,10min late,22:00,9min early,3h 50m,Landed
2026-05-26,6E1612,IGO1612,IndiGo,Bhubaneswar,BBI,VEBS,19:10,11:10,19:28,18min late,22:43,6min early,5h 45m,Landed
2026-05-26,QG699,CTV699,Citilink,Surabaya,SUB,WARR,19:25,11:25,19:41,16min late,19:36,3min early,54m,Landed
2026-05-26,ID7310,BTK7310,Batik Air,Jakarta,HLP,WIHH,19:25,11:25,19:34,9min late,19:59,15min early,1h 24m,Landed
2026-05-26,EK369,UAE369,Emirates,Dubai,DXB,OMDB,19:45,11:45,20:07,22min late,00:43,6min early,8h 36m,Landed
2026-05-26,AK379,AXM379,AirAsia,Kuala Lumpur,KUL,WMKK,19:45,11:45,19:59,14min late,22:39,10min early,2h 39m,Landed
2026-05-26,TR283,TGW283,Scoot,Singapore,SIN,WSSS,19:45,11:45,20:04,19min late,22:18,22min early,2h 13m,Landed
2026-05-26,8B969,TNU969,Business Air,Guangzhou,CAN,ZGGG,19:50,11:50,20:14,24min late,00:57,7min early,4h 43m,Landed
2026-05-26,GA421,GIA421,Garuda Indonesia,Jakarta,CGK,WIII,19:50,11:50,19:54,4min late,20:35,14min early,1h 41m,Landed
2026-05-26,IU133,SJV133,SW Italia,Semarang,SRG,WIIS,19:50,11:50,20:01,11min late,20:00,9min early,58m,Landed
2026-05-26,JT923,LNI923,Lion Air,Surabaya,SUB,WARR,19:55,11:55,20:30,35min late,20:13,18min late,42m,Landed
2026-05-26,SQ945,SIA945,Singapore Airlines,Singapore,SIN,WSSS,20:00,12:00,20:18,18min late,22:38,2min early,2h 19m,Landed
2026-05-26,QG697,CTV697,Citilink,Surabaya,SUB,WARR,20:25,12:25,20:21,3min early,20:10,15min early,48m,Landed
2026-05-26,ID6415,BTK6415,Batik Air,Surabaya,SUB,WARR,20:30,12:30,20:34,4min late,05:20,50min late,9h 46m,Landed
2026-05-26,GA415,GIA415,Garuda Indonesia,Jakarta,CGK,WIII,20:40,12:40,01:17,37min late,15:14,34min late,14h 57m,Landed
2026-05-26,KL836,KLM836,KLM Royal Dutch Airlines,Singapore,SIN,WSSS,20:45,12:45,20:56,11min late,23:08,16min early,2h 12m,Landed
2026-05-26,TK67,THY067,Turkish Airlines,Istanbul,IST,LTFM,20:45,12:45,20:43,1min early,04:41,3min early,12h 57m,Landed
2026-05-26,OD177,MXD177,Malindo Air,Melbourne,MEL,YMML,21:00,13:00,21:05,5min late,04:31,8min early,5h 25m,Landed
2026-05-26,QZ819,AWQ819,Indonesia AirAsia,Jakarta,CGK,WIII,21:05,13:05,21:34,29min late,21:57,2min late,1h 23m,Landed
2026-05-26,QG667,CTV667,Citilink,Jakarta,CGK,WIII,21:10,13:10,21:18,8min late,21:50,19min early,1h 31m,Landed
2026-05-26,JT15,LNI015,Lion Air,Jakarta,CGK,WIII,21:15,13:15,21:26,11min late,21:55,14min early,1h 28m,Landed
2026-05-26,JQ34,JST034,Jetstar Airways,Melbourne,MEL,YMML,21:20,13:20,21:41,21min late,05:10,15min late,5h 29m,Landed
2026-05-26,JQ117,JST117,Jetstar Airways,Perth,PER,YPPH,21:30,13:30,21:50,20min late,01:16,4min early,3h 25m,Landed
2026-05-26,SJ273,,Sriwijaya Air,Jakarta,CGK,WIII,21:35,13:35,21:35,,22:15,,1h 40m,Landed
2026-05-26,SQ947,SIA947,Singapore Airlines,Singapore,SIN,WSSS,21:40,13:40,21:46,6min late,00:02,13min early,2h 15m,Landed
2026-05-26,OD157,MXD157,Malindo Air,Brisbane,BNE,YBBN,22:00,14:00,20:49,10min early,05:37,12min early,6h 47m,Landed
2026-05-26,JQ60,JST060,Jetstar Airways,Brisbane,BNE,YBBN,22:10,14:10,22:11,1min late,05:48,3min late,5h 37m,Landed
2026-05-26,AK375,AXM375,AirAsia,Kuala Lumpur,KUL,WMKK,22:15,14:15,22:13,1min early,00:55,24min early,2h 42m,Landed
2026-05-26,OD171,MXD171,Malindo Air,Sydney,SYD,YSSY,22:15,14:15,22:50,35min late,06:39,34min late,5h 48m,Landed
2026-05-26,QF44,QFA044,Qantas,Sydney,SYD,YSSY,22:20,14:20,22:21,1min late,06:06,3min early,5h 45m,Landed
2026-05-26,JQ38,JST038,Jetstar Airways,Sydney,SYD,YSSY,22:35,14:35,23:27,52min late,07:22,52min late,5h 55m,Landed
2026-05-26,7C5304,JJA5304,Jeju Air,Seoul,ICN,RKSI,22:45,14:45,23:00,15min late,06:44,30min early,6h 44m,Landed
2026-05-26,VA96,VOZ096,Virgin Australia,Melbourne,MEL,YMML,23:05,15:05,23:14,9min late,06:43,3min late,5h 28m,Landed
2026-05-26,8B5109,TNU5109,TransNusa,Jakarta,CGK,WIII,23:10,15:10,23:23,13min late,23:49,on time,1h 26m,Landed
2026-05-26,GA714,GIA714,Garuda Indonesia,Sydney,SYD,YSSY,23:25,15:25,23:35,10min late,07:31,21min late,5h 56m,Landed
2026-05-26,JQ36,JST036,Jetstar Airways,Melbourne,MEL,YMML,23:25,15:25,23:43,18min late,07:14,14min late,5h 31m,Landed
2026-05-26,VA68,VOZ068,Virgin Australia,Sydney,SYD,YSSY,23:35,15:35,23:47,12min late,07:47,12min late,5h 59m,Landed
2026-05-26,KE432,KAL432,Korean Air Lines,Seoul,ICN,RKSI,23:45,15:45,00:00,15min late,07:43,12min early,6h 42m,Landed
2026-05-26,JQ89,JST089,Jetstar Airways,Newcastle,NTL,YWLM,23:50,15:50,,,,,6h 17m,Diverted
2026-05-27,BX602,ABL602,Air Busan,Busan,PUS,RKPK,00:05,16:05,00:15,10min late,07:41,18min early,6h 25m,Landed
2026-05-27,8B84,TNU084,TransNusa,Perth,PER,YPPH,00:20,16:20,00:50,30min late,04:16,11min late,3h 25m,Landed
2026-05-27,GA880,GIA880,Garuda Indonesia,Tokyo,NRT,RJAA,00:20,16:20,00:30,10min late,08:39,10min early,7h 8m,Landed
2026-05-27,MF892,CXA892,Xiamen Airlines,Xiamen,XMN,ZSAM,00:30,16:30,00:53,23min late,05:51,13min early,4h 57m,Landed
2026-05-27,QR961,QTR961,Qatar Airways,Doha,DOH,OTHH,00:35,16:35,00:54,19min late,04:49,50min early,8h 54m,Landed
2026-05-27,EK399,UAE399,Emirates,Dubai,DXB,OMDB,00:35,16:35,00:41,6min late,05:21,13min early,8h 40m,Landed
2026-05-27,CZ626,CSN626,China Southern Airlines,Guangzhou,CAN,ZGGG,00:40,16:40,00:47,7min late,05:33,21min early,4h 45m,Landed
2026-05-27,PR538,PAL538,Philippine Airlines,Manila,MNL,RPLL,00:55,16:55,01:04,9min late,04:42,17min early,3h 38m,Landed
2026-05-27,MU5030,CES5030,China Eastern Airlines,Shanghai,PVG,ZSPD,00:55,16:55,01:23,28min late,07:23,36min early,6h 0m,Landed
2026-05-27,SJ726,,Sriwijaya Air,Makassar,UPG,WAAA,01:00,17:00,01:00,,02:20,,1h 20m,Landed
2026-05-27,5J282,CEB282,CEBU Pacific Air,Manila,MNL,RPLL,01:00,17:00,01:07,7min late,04:40,39min early,3h 33m,Landed
2026-05-27,GA652,GIA652,Garuda Indonesia,Timika,TIM,WABP,01:05,17:05,01:17,12min late,05:34,10min early,3h 16m,Landed
2026-05-27,KE434,KAL434,Korean Air Lines,Seoul,ICN,RKSI,01:10,17:10,01:19,9min late,08:47,37min early,6h 28m,Landed
2026-05-27,JT746,LNI746,Lion Air,Makassar,UPG,WAAA,06:56,22:56,07:10,14min late,20:00,46min late,12h 49m,Landed
2026-05-27,IU705,SJV705,SW Italia,Surabaya,SUB,WARR,07:00,23:00,07:06,6min late,06:44,15min early,37m,Landed
2026-05-27,GA401,GIA401,Garuda Indonesia,Jakarta,CGK,WIII,07:00,23:00,07:02,2min late,07:31,28min early,1h 29m,Landed
2026-05-27,JQ82,JST082,Jetstar Airways,Darwin,DRW,YPDN,07:00,23:00,07:26,26min late,11:21,6min late,2h 25m,Landed
2026-05-27,QZ807,AWQ807,Indonesia AirAsia,Jakarta,CGK,WIII,07:00,23:00,07:00,on time,07:23,36min early,1h 22m,Landed
2026-05-27,QZ534,AWQ534,Indonesia AirAsia,Perth,PER,YPPH,07:05,23:05,07:16,11min late,10:57,2min early,3h 41m,Landed
2026-05-27,QZ644,AWQ644,Indonesia AirAsia,Labuan Bajo,LBJ,WATO,07:10,23:10,07:20,10min late,08:10,4min early,50m,Landed
2026-05-27,SQ949,SIA949,Singapore Airlines,Singapore,SIN,WSSS,07:15,23:15,07:33,18min late,09:45,14min early,2h 12m,Landed
2026-05-27,8B5250,TNU5250,TransNusa,Lombok,LOP,WADL,07:15,23:15,07:22,7min late,07:38,16min early,16m,Landed
2026-05-27,8B551,,Business Air,Singapore,SIN,WSSS,07:30,23:30,07:30,,09:55,,2h 25m,Landed
2026-05-27,ID6333,BTK6333,Batik Air,Labuan Bajo,LBJ,WATO,07:55,23:55,08:15,20min late,09:01,8min early,46m,Landed
2026-05-27,HX706,CRK706,Hong Kong Airlines,Hong Kong,HKG,VHHH,08:05,00:05,08:23,18min late,12:59,20min early,4h 35m,Landed
2026-05-27,JT21,LNI021,Lion Air,Jakarta,CGK,WIII,08:05,00:05,08:18,13min late,08:43,16min early,1h 25m,Landed
2026-05-27,IW1858,WON1858,Wings Air,Lombok,LOP,WADL,08:05,00:05,07:59,5min early,08:20,34min early,21m,Landed
2026-05-27,QZ803,AWQ803,Indonesia AirAsia,Jakarta,CGK,WIII,08:30,00:30,08:26,3min early,08:48,31min early,1h 22m,Landed
2026-05-27,5J280,CEB280,CEBU Pacific Air,Manila,MNL,RPLL,08:35,00:35,08:38,3min late,12:24,30min early,3h 46m,Landed
2026-05-27,CZ8482,CSN8482,China Southern Airlines,Guangzhou,CAN,ZGGG,08:40,00:40,08:44,4min late,19:07,17min late,10h 22m,Landed
2026-05-27,IW1854,,Wings Air,Lombok,LOP,WADL,08:45,00:45,08:45,,09:35,,50m,Landed
2026-05-27,IW1882,WON1882,Wings Air,Sumbawa Besar,SWQ,WADS,08:55,00:55,08:53,1min early,09:35,24min early,42m,Landed
2026-05-27,QG500,CTV500,Citilink,Dili,DIL,WPDL,09:00,01:00,09:10,10min late,12:02,2min early,1h 51m,Landed
2026-05-27,QG691,CTV691,Citilink,Surabaya,SUB,WARR,09:05,01:05,09:03,1min early,08:51,23min early,48m,Landed
2026-05-27,SJ740,,Sriwijaya Air,Waingapu,WGP,WADW,09:10,01:10,09:10,,10:30,,1h 20m,Landed
2026-05-27,ID6324,BTK6324,Batik Air,Tambolaka,TMC,WADT,09:10,01:10,09:18,8min late,10:03,16min early,45m,Landed
2026-05-27,IN640,LKN640,NAM Air,Tambolaka,TMC,WADT,09:10,01:10,09:24,14min late,10:14,4min late,49m,Landed
2026-05-27,8B5105,TNU5105,TransNusa,Jakarta,CGK,WIII,09:15,01:15,09:14,on time,09:43,16min early,1h 29m,Landed
2026-05-27,IW1848,,Wings Air,Lombok,LOP,WADL,09:25,01:25,09:25,,10:16,1min late,51m,Landed
2026-05-27,ID6007,BTK6007,Batik Air,Perth,PER,YPPH,09:30,01:30,09:45,15min late,13:13,1min early,3h 27m,Landed
2026-05-27,8B5634,TNU5634,TransNusa,Bima,BMU,WADB,09:35,01:35,09:48,13min late,10:34,on time,45m,Landed
2026-05-27,8B80,TNU080,TransNusa,Perth,PER,YPPH,09:40,01:40,09:40,on time,13:18,6min early,3h 37m,Landed
2026-05-27,QG197,CTV197,Citilink,Jakarta,HLP,WIHH,09:45,01:45,09:40,4min early,10:10,29min early,1h 30m,Landed
2026-05-27,IU122,SJV122,SW Italia,Yogyakarta,YIA,WAHI,10:00,02:00,10:23,23min late,10:29,on time,1h 6m,Landed
2026-05-27,IU137,SJV137,SW Italia,Kupang,KOE,WATT,10:00,02:00,10:27,27min late,11:48,1min early,1h 21m,Landed
2026-05-27,QG9683,CTV9683,Citilink,Jakarta,CGK,WIII,10:05,02:05,10:14,9min late,10:48,16min early,1h 34m,Landed
2026-05-27,SU297,AFL297,Aeroflot,Moscow,SVO,UUEE,10:05,02:05,10:30,25min late,17:59,15min early,12h 29m,Landed
2026-05-27,SQ935,SIA935,Singapore Airlines,Singapore,SIN,WSSS,10:05,02:05,10:21,16min late,12:29,15min early,2h 8m,Landed
2026-05-27,8B553,TNU553,Business Air,Singapore,SIN,WSSS,10:20,02:20,10:25,5min late,12:54,20min early,2h 28m,Landed
2026-05-27,8B5101,TNU5101,TransNusa,Jakarta,CGK,WIII,10:25,02:25,10:52,27min late,11:29,14min late,1h 36m,Landed
2026-05-27,JT805,LNI805,Lion Air,Surabaya,SUB,WARR,10:35,02:35,10:48,13min late,10:29,5min early,40m,Landed
2026-05-27,8G182,DTL182,Mid Africa Aviation,Dili,DIL,WPDL,10:35,02:35,10:54,19min late,13:35,5min late,1h 40m,Landed
2026-05-27,JT31,LNI031,Lion Air,Jakarta,CGK,WIII,11:05,03:05,12:46,41min late,13:27,27min late,1h 41m,Landed
2026-05-27,IW1856,WON1856,Wings Air,Lombok,LOP,WADL,11:10,03:10,11:22,12min late,11:46,13min early,23m,Landed
2026-05-27,JQ126,JST126,Jetstar Airways,Adelaide,ADL,YPAD,11:15,03:15,11:33,18min late,17:49,19min late,4h 45m,Landed
2026-05-27,6E1606,IGO1606,IndiGo,Bangalore,BLR,VOBL,11:20,03:20,11:21,1min late,14:54,15min early,6h 3m,Landed
2026-05-27,TR281,TGW281,Scoot,Singapore,SIN,WSSS,11:20,03:20,11:29,9min late,13:56,13min early,2h 26m,Landed
2026-05-27,QZ646,AWQ646,Indonesia AirAsia,Labuan Bajo,LBJ,WATO,11:25,03:25,11:35,10min late,12:28,11min early,53m,Landed
2026-05-27,IW1964,WON1964,Wings Air,Lombok,LOP,WADL,11:40,03:40,11:51,11min late,12:21,8min early,29m,Landed
2026-05-27,JQ109,JST109,Jetstar Airways,Perth,PER,YPPH,11:40,03:40,12:04,24min late,15:30,5min late,3h 26m,Landed
2026-05-27,ID6331,BTK6331,Batik Air,Labuan Bajo,LBJ,WATO,11:45,03:45,11:48,3min late,12:43,16min early,54m,Landed
2026-05-27,GA407,GIA407,Garuda Indonesia,Jakarta,CGK,WIII,11:55,03:55,12:00,5min late,12:40,14min early,1h 39m,Landed
2026-05-27,QZ809,AWQ809,Indonesia AirAsia,Jakarta,CGK,WIII,11:55,03:55,11:57,2min late,12:29,20min early,1h 32m,Landed
2026-05-27,OD192,MXD192,Malindo Air,Kuala Lumpur,KUL,WMKK,11:55,03:55,12:09,14min late,14:50,14min early,2h 41m,Landed
2026-05-27,QZ544,AWQ544,Indonesia AirAsia,Perth,PER,YPPH,12:00,04:00,12:12,12min late,15:45,5min early,3h 32m,Landed
2026-05-27,JQ32,,Jetstar Airways,Melbourne,MEL,YMML,12:05,04:05,,,,,5h 35m,Cancelled
2026-05-27,GA253,GIA253,Garuda Indonesia,Yogyakarta,YIA,WAHI,12:05,04:05,12:35,30min late,14:57,2min late,3h 21m,Landed
2026-05-27,OD178,MXD178,Malindo Air,Kuala Lumpur,KUL,WMKK,12:05,04:05,12:31,25min late,15:14,8min early,2h 43m,Landed
2026-05-27,SJ742,,Sriwijaya Air,Tambolaka,TMC,WADT,12:10,04:10,12:10,,13:10,,1h 0m,Landed
2026-05-27,SQ937,SIA937,Singapore Airlines,Singapore,SIN,WSSS,12:10,04:10,08:48,21min early,14:46,8min early,5h 58m,Landed
2026-05-27,JQ40,JST040,Jetstar Airways,Sydney,SYD,YSSY,12:20,04:20,12:43,23min late,20:31,16min late,5h 47m,Landed
2026-05-27,8B5254,TNU5254,TransNusa,Lombok,LOP,WADL,12:40,04:40,12:52,12min late,13:13,6min early,20m,Landed
2026-05-27,OD158,MXD158,Malindo Air,Kuala Lumpur,KUL,WMKK,12:45,04:45,12:52,7min late,15:36,18min early,2h 44m,Landed
2026-05-27,IP103,PAS103,Pelita Air Service,Jakarta,CGK,WIII,12:45,04:45,12:49,4min late,13:23,16min early,1h 33m,Landed
2026-05-27,OD307,MXD307,Malindo Air,Kuala Lumpur,KUL,WMKK,13:00,05:00,13:24,24min late,16:13,13min late,2h 49m,Landed
2026-05-27,AK365,AXM365,AirAsia,Kuala Lumpur,KUL,WMKK,13:00,05:00,13:21,21min late,16:15,10min late,2h 53m,Landed
2026-05-27,ID6509,BTK6509,Batik Air,Jakarta,CGK,WIII,13:00,05:00,13:15,15min late,13:43,11min early,1h 28m,Landed
2026-05-27,MH714,MAS714,Malaysia Airlines,Kuala Lumpur,KUL,WMKK,13:05,05:05,13:39,34min late,16:28,28min late,2h 48m,Landed
2026-05-27,OD172,MXD172,Malindo Air,Kuala Lumpur,KUL,WMKK,13:10,05:10,13:19,9min late,16:02,17min early,2h 42m,Landed
2026-05-27,SQ939,SIA939,Singapore Airlines,Singapore,SIN,WSSS,13:15,05:15,13:32,17min late,15:46,14min early,2h 13m,Landed
2026-05-27,JQ58,JST058,Jetstar Airways,Brisbane,BNE,YBBN,13:15,05:15,14:01,46min late,21:26,31min late,5h 24m,Landed
2026-05-27,JT35,LNI035,Lion Air,Jakarta,CGK,WIII,13:15,05:15,13:48,33min late,14:32,22min late,1h 44m,Landed
2026-05-27,SL259,TLM259,Thai Lion Air,Bangkok,DMK,VTBD,13:25,05:25,13:44,19min late,16:49,on time,4h 5m,Landed
2026-05-27,GA409,GIA409,Garuda Indonesia,Jakarta,CGK,WIII,13:25,05:25,10:57,27min early,14:28,3min late,4h 30m,Landed
2026-05-27,JT660,LNI660,Lion Air,Balikpapan,BPN,WALL,13:30,05:30,13:50,20min late,15:18,3min late,1h 27m,Landed
2026-05-27,GA842,GIA842,Garuda Indonesia,Singapore,SIN,WSSS,13:40,05:40,14:01,21min late,16:29,4min late,2h 27m,Landed
2026-05-27,QG687,CTV687,Citilink,Jakarta,CGK,WIII,13:45,05:45,14:11,26min late,15:03,23min late,1h 52m,Landed
2026-05-27,VJ848,VJC848,VietJet Air,Ho Chi Minh City,SGN,VVTS,13:48,05:48,14:14,26min late,16:54,2min early,3h 39m,Landed
2026-05-27,8B5107,TNU5107,Business Air,Jakarta,CGK,WIII,13:50,05:50,18:02,12min late,18:34,54min late,1h 32m,Landed
2026-05-27,VJ894,VJC894,VietJet Air,Ho Chi Minh City,SGN,VVTS,14:05,06:05,14:24,19min late,17:00,5min late,3h 36m,Landed
2026-05-27,TR289,TGW289,Scoot,Singapore,SIN,WSSS,14:05,06:05,14:17,12min late,16:33,22min early,2h 15m,Landed
2026-05-27,JT919,LNI919,Lion Air,Surabaya,SUB,WARR,14:09,06:09,14:31,22min late,18:20,4min late,4h 49m,Landed
2026-05-27,ID6517,BTK6517,Batik Air,Jakarta,CGK,WIII,14:15,06:15,14:34,19min late,15:08,1min early,1h 33m,Landed
2026-05-27,IU130,SJV130,SW Italia,Semarang,SRG,WIIS,14:15,06:15,15:25,10min late,15:19,44min late,53m,Landed
2026-05-27,ID7308,BTK7308,Batik Air,Jakarta,HLP,WIHH,14:20,06:20,15:04,44min late,15:28,18min late,1h 23m,Landed
2026-05-27,GA653,GIA653,Garuda Indonesia,Jakarta,CGK,WIII,14:30,06:30,14:34,4min late,15:22,7min early,1h 47m,Landed
2026-05-27,AI2148,AIC2148,Air India,Delhi,DEL,VIDP,14:35,06:35,15:42,7min late,20:30,5min late,7h 17m,Landed
2026-05-27,GA4094,GIA4094,Garuda Indonesia,Jakarta,CGK,WIII,14:35,06:35,14:58,23min late,15:43,8min late,1h 44m,Landed
2026-05-27,JT33,LNI033,Lion Air,Jakarta,CGK,WIII,14:45,06:45,15:00,15min late,15:38,1min early,1h 37m,Landed
2026-05-27,QG681,CTV681,Citilink,Jakarta,CGK,WIII,14:45,06:45,14:54,9min late,15:48,6min early,1h 53m,Landed
2026-05-27,JT844,LNI844,Lion Air,Banjarmasin,BDJ,WAOO,15:00,07:00,15:09,9min late,16:15,14min early,1h 5m,Landed
2026-05-27,IU120,SJV120,SW Italia,Yogyakarta,YIA,WAHI,15:00,07:00,15:11,11min late,15:22,7min early,1h 10m,Landed
2026-05-27,JQ107,JST107,Jetstar Airways,Perth,PER,YPPH,15:00,07:00,16:48,48min late,20:23,23min late,3h 34m,Landed
2026-05-27,QG342,CTV342,Citilink,Makassar,UPG,WAAA,15:00,07:00,15:00,on time,16:21,8min early,1h 20m,Landed
2026-05-27,JQ44,JST044,Jetstar Airways,Melbourne,MEL,YMML,15:10,07:10,15:35,25min late,23:07,22min late,5h 31m,Landed
2026-05-27,VA50,VOZ050,Virgin Australia,Brisbane,BNE,YBBN,15:15,07:15,15:13,2min early,22:55,9min early,5h 42m,Landed
2026-05-27,AK377,AXM377,AirAsia,Kuala Lumpur,KUL,WMKK,15:25,07:25,16:09,44min late,18:55,25min late,2h 45m,Landed
2026-05-27,JT740,LNI740,Lion Air,Makassar,UPG,WAAA,15:30,07:30,15:39,9min late,16:47,7min early,1h 8m,Landed
2026-05-27,QG669,CTV669,Citilink,Surabaya,SUB,WARR,15:30,07:30,15:38,8min late,05:47,7min late,15h 9m,Landed
2026-05-27,IP109,PAS109,Pelita Air Service,Jakarta,CGK,WIII,15:35,07:35,15:48,13min late,16:19,5min early,1h 31m,Landed
2026-05-27,SJ717,,Sriwijaya Air,Makassar,UPG,WAAA,15:40,07:40,15:40,,17:00,,1h 20m,Landed
2026-05-27,IW1850,WON1850,Wings Air,Lombok,LOP,WADL,15:40,07:40,15:44,4min late,16:05,24min early,21m,Landed
2026-05-27,GA411,GIA411,Garuda Indonesia,Jakarta,CGK,WIII,15:45,07:45,15:56,11min late,16:32,12min early,1h 35m,Landed
2026-05-27,VA92,VOZ092,Virgin Australia,Melbourne,MEL,YMML,15:50,07:50,16:26,36min late,23:57,32min late,5h 31m,Landed
2026-05-27,8B5256,TNU5256,TransNusa,Lombok,LOP,WADL,15:51,07:51,15:51,,16:27,,36m,Landed
2026-05-27,CI772,CAL772,China Airlines,Taipei,TPE,RCTP,15:55,07:55,16:14,19min late,21:03,16min early,4h 49m,Landed
2026-05-27,VN640,HVN640,Vietnam Airlines,Ho Chi Minh City,SGN,VVTS,16:00,08:00,16:18,18min late,18:43,3min late,3h 24m,Landed
2026-05-27,QZ246,AWQ246,Indonesia AirAsia,Phuket,HKT,VTSP,16:10,08:10,16:35,25min late,19:06,3min early,3h 31m,Landed
2026-05-27,CX784,CPA784,Cathay Pacific,Hong Kong,HKG,VHHH,16:15,08:15,16:30,15min late,20:46,38min early,4h 16m,Landed
2026-05-27,8B82,TNU082,Business Air,Perth,PER,YPPH,16:20,08:20,16:38,18min late,20:24,14min late,3h 46m,Landed
2026-05-27,MH850,MAS850,Malaysia Airlines,Kuala Lumpur,KUL,WMKK,16:25,08:25,16:51,26min late,19:41,6min late,2h 49m,Landed
2026-05-27,IW1852,WON1852,Wings Air,Lombok,LOP,WADL,16:30,08:30,16:45,15min late,17:07,12min early,22m,Landed
2026-05-27,BR256,EVA256,EVA Airways,Taipei,TPE,RCTP,16:30,08:30,17:27,57min late,22:27,27min late,5h 0m,Landed
2026-05-27,AK369,AXM369,AirAsia,Kuala Lumpur,KUL,WMKK,16:40,08:40,16:40,on time,19:40,4min early,2h 59m,Landed
2026-05-27,GA2554,GIA2554,Garuda Indonesia,Yogyakarta,YIA,WAHI,16:45,08:45,16:43,1min early,17:03,31min early,1h 19m,Landed
2026-05-27,HO1356,DKH1356,Juneyao Airlines,Shanghai,PVG,ZSPD,16:50,08:50,16:58,8min late,22:51,43min early,5h 52m,Landed
2026-05-27,GA349,GIA349,Garuda Indonesia,Surabaya,SUB,WARR,16:55,08:55,17:22,27min late,17:11,1min late,49m,Landed
2026-05-27,TG432,THA432,Thai Airways International,Bangkok,BKK,VTBS,16:55,08:55,17:16,21min late,20:10,5min late,3h 53m,Landed
2026-05-27,IU273,SJV273,SW Italia,Pontianak,PNK,WIOO,16:55,08:55,17:18,23min late,17:58,7min early,1h 39m,Landed
2026-05-27,ID6335,BTK6335,Batik Air,Labuan Bajo,LBJ,WATO,17:00,09:00,17:00,on time,17:55,19min early,55m,Landed
2026-05-27,JT23,LNI023,Lion Air,Jakarta,CGK,WIII,17:02,09:02,17:31,28min late,18:06,13min early,1h 34m,Landed
2026-05-27,IU703,SJV703,SW Italia,Surabaya,SUB,WARR,17:21,09:21,17:44,23min late,17:25,7min early,40m,Landed
2026-05-27,GA419,GIA419,Garuda Indonesia,Jakarta,CGK,WIII,17:25,09:25,17:49,24min late,18:23,1min early,1h 34m,Landed
2026-05-27,VJ998,VJC998,VietJet Air,Hanoi,HAN,VVNB,17:30,09:30,17:38,8min late,21:18,16min early,4h 40m,Landed
2026-05-27,TR243,TGW243,Scoot,Singapore,SIN,WSSS,17:35,09:35,18:50,15min late,21:06,41min late,2h 15m,Landed
2026-05-27,IP107,,Pelita Air Service,Jakarta,CGK,WIII,17:40,09:40,17:40,,18:30,,1h 50m,Landed
2026-05-27,NZ291,ANZ291,Air New Zealand,Auckland,AKL,NZAA,17:50,09:50,18:06,16min late,05:19,10min early,7h 12m,Landed
2026-05-27,JQ88,JST088,Jetstar Airways,Singapore,SIN,WSSS,17:54,09:54,17:55,1min late,20:32,on time,2h 37m,Landed
2026-05-27,QZ821,AWQ821,Indonesia AirAsia,Jakarta,CGK,WIII,18:00,10:00,18:17,17min late,18:46,3min early,1h 28m,Landed
2026-05-27,6E1608,IGO1608,IndiGo,Chennai,MAA,VOMM,18:00,10:00,17:58,1min early,21:08,26min early,5h 39m,Landed
2026-05-27,IU126,SJV126,SW Italia,Surakarta,SOC,WAHQ,18:10,10:10,18:59,49min late,19:02,32min late,1h 3m,Landed
2026-05-27,OD193,MXD193,Malindo Air,Perth,PER,YPPH,18:10,10:10,18:14,4min late,21:43,1min early,3h 29m,Landed
2026-05-27,IN281,LKN281,NAM Air,Jakarta,CGK,WIII,18:30,10:30,18:36,6min late,19:17,7min late,1h 41m,Landed
2026-05-27,GA417,GIA417,Garuda Indonesia,Jakarta,CGK,WIII,18:30,10:30,18:41,11min late,19:16,13min early,1h 35m,Landed
2026-05-27,QR963,QTR963,Qatar Airways,Doha,DOH,OTHH,18:35,10:35,18:47,12min late,22:39,0min early,8h 51m,Landed
2026-05-27,EY477,ETD477,Etihad Airways,Abu Dhabi,AUH,OMAA,18:45,10:45,18:53,8min late,23:23,16min early,8h 30m,Landed
2026-05-27,IP105,,Pelita Air Service,Jakarta,CGK,WIII,18:50,10:50,18:50,,19:40,,1h 50m,Landed
2026-05-27,CX782,CPA782,Cathay Pacific,Hong Kong,HKG,VHHH,18:50,10:50,18:56,6min late,23:27,37min early,4h 30m,Landed
2026-05-27,8B5258,TNU5258,Business Air,Lombok,LOP,WADL,18:55,10:55,18:27,27min early,18:46,48min early,18m,Landed
2026-05-27,QG689,CTV689,Citilink,Jakarta,CGK,WIII,18:55,10:55,19:05,10min late,19:57,2min late,1h 51m,Landed
2026-05-27,TG440,THA440,Thai Airways International,Bangkok,BKK,VTBS,19:00,11:00,22:59,59min late,11:21,11min late,13h 21m,Landed
2026-05-27,6E1612,IGO1612,IndiGo,Bhubaneswar,BBI,VEBS,19:10,11:10,19:17,7min late,22:38,11min early,5h 51m,Landed
2026-05-27,QG699,CTV699,Citilink,Surabaya,SUB,WARR,19:25,11:25,19:31,6min late,06:39,59min late,12h 7m,Landed
2026-05-27,ID7310,BTK7310,Batik Air,Jakarta,HLP,WIHH,19:25,11:25,19:25,on time,19:50,24min early,1h 24m,Landed
2026-05-27,EK369,UAE369,Emirates,Dubai,DXB,OMDB,19:45,11:45,20:04,19min late,00:50,on time,8h 45m,Landed
2026-05-27,AK379,AXM379,AirAsia,Kuala Lumpur,KUL,WMKK,19:45,11:45,20:16,31min late,22:57,7min late,2h 40m,Landed
2026-05-27,TR283,TGW283,Scoot,Singapore,SIN,WSSS,19:45,11:45,20:30,45min late,22:47,7min late,2h 16m,Landed
2026-05-27,GA421,GIA421,Garuda Indonesia,Jakarta,CGK,WIII,19:50,11:50,20:13,23min late,20:50,on time,1h 36m,Landed
2026-05-27,IU133,SJV133,SW Italia,Semarang,SRG,WIIS,19:50,11:50,19:40,9min early,19:41,28min early,1h 1m,Landed
2026-05-27,8B969,,Business Air,Guangzhou,CAN,ZGGG,19:50,11:50,04:12,22min late,08:56,8min early,,Landed
2026-05-27,JT923,LNI923,Lion Air,Surabaya,SUB,WARR,19:55,11:55,20:07,12min late,19:50,4min early,43m,Landed
2026-05-27,SQ945,SIA945,Singapore Airlines,Singapore,SIN,WSSS,20:00,12:00,22:47,47min late,00:58,18min late,2h 11m,Landed
2026-05-27,QG9665,CTV9665,Citilink,Jakarta,CGK,WIII,20:15,12:15,20:17,2min late,20:56,18min early,1h 38m,Landed
2026-05-27,QG697,CTV697,Citilink,Surabaya,SUB,WARR,20:25,12:25,20:26,1min late,08:25,0min late,12h 58m,Landed
2026-05-27,ID6415,BTK6415,Batik Air,Surabaya,SUB,WARR,20:30,12:30,20:24,5min early,05:14,44min late,9h 50m,Landed
2026-05-27,GA415,GIA415,Garuda Indonesia,Jakarta,CGK,WIII,20:40,12:40,21:25,45min late,21:54,14min late,1h 29m,Landed
2026-05-27,TK67,THY067,Turkish Airlines,Istanbul,IST,LTFM,20:41,12:41,21:02,20min late,04:58,13min late,12h 55m,Landed
2026-05-27,KL836,KLM836,KLM Royal Dutch Airlines,Singapore,SIN,WSSS,20:45,12:45,21:19,34min late,23:25,on time,2h 5m,Landed
2026-05-27,QZ819,AWQ819,Indonesia AirAsia,Jakarta,CGK,WIII,21:05,13:05,21:35,30min late,22:04,9min late,1h 28m,Landed
2026-05-27,QG667,CTV667,Citilink,Jakarta,CGK,WIII,21:10,13:10,21:17,7min late,21:52,17min early,1h 34m,Landed
2026-05-27,QZ410,AWQ410,Indonesia AirAsia,Melbourne,MEL,YMML,21:15,13:15,01:08,53min late,08:45,45min late,5h 37m,Landed
2026-05-27,JT15,LNI015,Lion Air,Jakarta,CGK,WIII,21:15,13:15,21:27,12min late,21:52,17min early,1h 25m,Landed
2026-05-27,JQ34,JST034,Jetstar Airways,Melbourne,MEL,YMML,21:20,13:20,21:19,on time,04:59,4min late,5h 40m,Landed
2026-05-27,SJ273,,Sriwijaya Air,Jakarta,CGK,WIII,21:35,13:35,21:35,,22:15,,1h 40m,Landed
2026-05-27,SQ947,SIA947,Singapore Airlines,Singapore,SIN,WSSS,21:40,13:40,21:48,8min late,23:58,16min early,2h 9m,Landed
2026-05-27,SV857,SVA857,Saudi Arabian Airlines,Singapore,SIN,WSSS,21:55,13:55,23:03,8min late,01:17,47min late,2h 13m,Landed
2026-05-27,GA718,GIA718,Garuda Indonesia,Melbourne,MEL,YMML,22:05,14:05,22:20,15min late,05:47,17min late,5h 27m,Landed
2026-05-27,JQ60,JST060,Jetstar Airways,Brisbane,BNE,YBBN,22:10,14:10,22:11,1min late,05:49,4min late,5h 37m,Landed
2026-05-27,AK375,AXM375,AirAsia,Kuala Lumpur,KUL,WMKK,22:15,14:15,22:24,9min late,01:08,11min early,2h 43m,Landed
2026-05-27,OD171,MXD171,Malindo Air,Sydney,SYD,YSSY,22:15,14:15,18:13,1min early,06:14,9min late,10h 1m,Landed
2026-05-27,QF44,QFA044,Qantas,Sydney,SYD,YSSY,22:20,14:20,00:46,26min late,08:33,23min late,5h 46m,Landed
2026-05-27,JQ38,JST038,Jetstar Airways,Sydney,SYD,YSSY,22:35,14:35,23:00,25min late,07:01,31min late,6h 0m,Landed
2026-05-27,7C5304,JJA5304,Jeju Air,Seoul,ICN,RKSI,22:45,14:45,23:00,15min late,06:47,27min early,6h 46m,Landed
2026-05-27,JQ91,JST091,Jetstar Airways,Cairns,CNS,YBCS,23:00,15:00,23:20,20min late,05:32,2min late,4h 11m,Landed
2026-05-27,QF46,QFA046,Qantas,Melbourne,MEL,YMML,23:05,15:05,23:27,22min late,06:52,12min late,5h 24m,Landed
2026-05-27,VA96,VOZ096,Virgin Australia,Melbourne,MEL,YMML,23:05,15:05,23:19,14min late,06:42,2min late,5h 23m,Landed
2026-05-27,3U3986,CSC3986,Sichuan Airlines,Lujia Town,TFU,ZUTF,23:10,15:10,23:30,20min late,14:29,59min late,14h 58m,Landed
2026-05-27,8B5109,TNU5109,TransNusa,Jakarta,CGK,WIII,23:10,15:10,23:48,38min late,00:15,25min late,1h 27m,Landed
2026-05-27,VA82,VOZ082,Virgin Australia,Gold Coast,OOL,YBCG,23:20,15:20,23:32,12min late,06:50,4min early,5h 17m,Landed
2026-05-27,GA714,GIA714,Garuda Indonesia,Sydney,SYD,YSSY,23:25,15:25,23:54,29min late,07:52,42min late,5h 58m,Landed
2026-05-27,JQ50,,Jetstar Airways,Melbourne,AVV,YMAV,23:25,15:25,,,,,5h 35m,Cancelled
2026-05-27,VA68,VOZ068,Virgin Australia,Sydney,SYD,YSSY,23:35,15:35,23:57,22min late,07:42,7min late,5h 44m,Landed
2026-05-27,QZ420,AWQ420,Indonesia AirAsia,Adelaide,ADL,YPAD,23:45,15:45,01:47,2min late,08:17,52min late,4h 59m,Landed
2026-05-27,KE432,KAL432,Korean Air Lines,Seoul,ICN,RKSI,23:45,15:45,23:53,8min late,07:24,30min early,6h 30m,Landed
2026-05-27,JQ87,JST087,Jetstar Airways,Sunshine Coast,MCY,YBSU,23:50,15:50,01:10,20min late,08:35,5min late,5h 25m,Landed
2026-05-27,JQ128,JST128,Jetstar Airways,Adelaide,ADL,YPAD,23:55,15:55,23:59,4min late,06:22,12min late,4h 53m,Landed
2026-05-28,BX602,ABL602,Air Busan,Busan,PUS,RKPK,00:05,16:05,00:15,10min late,07:41,18min early,6h 25m,Landed
2026-05-28,TW158,TWB158,T'Way Air,Cheongju,CJJ,RKTU,00:15,16:15,,,,,0m,
2026-05-28,8B84,TNU084,TransNusa,Perth,PER,YPPH,00:20,16:20,00:50,30min late,04:16,11min late,3h 25m,Landed
2026-05-28,GA880,GIA880,Garuda Indonesia,Tokyo,NRT,RJAA,00:20,16:20,00:44,24min late,08:54,4min late,7h 10m,Landed
2026-05-28,MF892,CXA892,Xiamen Airlines,Xiamen,XMN,ZSAM,00:30,16:30,00:37,7min late,05:53,11min early,5h 15m,Landed
2026-05-28,EK399,,Emirates,Dubai,DXB,OMDB,00:35,16:35,00:38,3min late,05:35,on time,8h 56m,Landed
2026-05-28,QR961,QTR961,Qatar Airways,Doha,DOH,OTHH,00:35,16:35,00:49,14min late,04:55,44min early,9h 5m,Landed
2026-05-28,CZ626,CSN626,China Southern Airlines,Guangzhou,CAN,ZGGG,00:40,16:40,00:47,7min late,18:42,47min late,17h 55m,Landed
2026-05-28,PR538,,Philippine Airlines,Manila,MNL,RPLL,00:55,16:55,00:55,on time,04:57,2min early,4h 2m,Landed
2026-05-28,MU5030,CES5030,China Eastern Airlines,Shanghai,PVG,ZSPD,00:55,16:55,01:03,8min late,06:53,1min early,5h 50m,Landed
2026-05-28,SJ726,,Sriwijaya Air,Makassar,UPG,WAAA,01:00,17:00,01:00,,02:20,,1h 20m,Landed
2026-05-28,5J282,CEB282,CEBU Pacific Air,Manila,MNL,RPLL,01:00,17:00,01:07,7min late,04:40,39min early,3h 33m,Landed
2026-05-28,JQ87,JST087,Jetstar Airways,Sunshine Coast,MCY,YBSU,01:03,17:03,22:52,10min early,08:32,6min early,7h 39m,Landed
2026-05-28,GA652,GIA652,Garuda Indonesia,Timika,TIM,WABP,01:05,17:05,01:11,6min late,05:48,3min late,3h 37m,Landed
2026-05-28,KE434,,Korean Air Lines,Seoul,ICN,RKSI,01:10,17:10,01:10,,09:27,2min late,7h 17m,Landed
2026-05-28,8B5888,TNU5888,TransNusa,Manado,MDC,WAMM,01:30,17:30,01:37,7min late,03:48,11min early,2h 11m,Landed
2026-05-28,JT746,LNI746,Lion Air,Makassar,UPG,WAAA,06:49,22:49,07:03,13min late,08:28,34min late,1h 25m,Landed
2026-05-28,JT746,LNI746,Lion Air,Makassar,UPG,WAAA,06:51,22:51,07:02,11min late,13:21,15min late,6h 19m,Landed
2026-05-28,IU705,SJV705,SW Italia,Surabaya,SUB,WARR,07:00,23:00,07:24,24min late,07:03,3min late,39m,Landed
2026-05-28,GA401,GIA401,Garuda Indonesia,Jakarta,CGK,WIII,07:00,23:00,07:17,17min late,07:42,17min early,1h 25m,Landed
2026-05-28,QZ807,AWQ807,Indonesia AirAsia,Jakarta,CGK,WIII,07:00,23:00,07:05,5min late,07:27,32min early,1h 22m,Landed
2026-05-28,JQ111,JST111,Jetstar Airways,Perth,PER,YPPH,07:00,23:00,12:33,33min late,15:54,9min late,3h 21m,Landed
2026-05-28,QZ534,AWQ534,Indonesia AirAsia,Perth,PER,YPPH,07:05,23:05,07:14,9min late,10:46,13min early,3h 32m,Landed
2026-05-28,QZ644,AWQ644,Indonesia AirAsia,Labuan Bajo,LBJ,WATO,07:10,23:10,07:09,on time,08:00,14min early,51m,Landed
2026-05-28,SQ949,SIA949,Singapore Airlines,Singapore,SIN,WSSS,07:15,23:15,07:27,12min late,09:36,23min early,2h 9m,Landed
2026-05-28,8B551,TNU551,Business Air,Singapore,SIN,WSSS,07:30,23:30,07:22,7min early,09:45,10min early,2h 22m,Landed
2026-05-28,ID6333,BTK6333,Batik Air,Labuan Bajo,LBJ,WATO,07:55,23:55,07:59,4min late,08:53,16min early,53m,Landed
2026-05-28,JT21,LNI021,Lion Air,Jakarta,CGK,WIII,08:05,00:05,08:12,7min late,08:35,24min early,1h 23m,Landed
2026-05-28,HX706,CRK706,Hong Kong Airlines,Hong Kong,HKG,VHHH,08:05,00:05,08:25,20min late,12:54,25min early,4h 28m,Landed
2026-05-28,IW1858,WON1858,Wings Air,Lombok,LOP,WADL,08:05,00:05,08:01,3min early,17:04,9min late,9h 3m,Landed
2026-05-28,AI2146,AIC2146,Air India,Delhi,DEL,VIDP,08:25,00:25,09:50,25min late,15:17,27min late,7h 57m,Landed
2026-05-28,5J280,CEB280,CEBU Pacific Air,Manila,MNL,RPLL,08:35,00:35,08:50,15min late,12:33,21min early,3h 43m,Landed
2026-05-28,IW1854,,Wings Air,Lombok,LOP,WADL,08:45,00:45,08:45,,09:35,,50m,Landed
2026-05-28,IW1882,WON1882,Wings Air,Sumbawa Besar,SWQ,WADS,08:55,00:55,09:13,18min late,10:03,3min late,50m,Landed
2026-05-28,QG500,CTV500,Citilink,Dili,DIL,WPDL,09:00,01:00,09:18,18min late,12:01,3min early,1h 42m,Landed
2026-05-28,QG691,CTV691,Citilink,Surabaya,SUB,WARR,09:05,01:05,09:16,11min late,14:47,32min late,6h 31m,Landed
2026-05-28,IN640,LKN640,NAM Air,Tambolaka,TMC,WADT,09:10,01:10,09:03,6min early,09:47,22min early,44m,Landed
2026-05-28,ID6324,BTK6324,Batik Air,Tambolaka,TMC,WADT,09:10,01:10,09:11,1min late,09:56,23min early,44m,Landed
2026-05-28,8B5105,,Business Air,Jakarta,CGK,WIII,09:15,01:15,09:15,,10:00,,1h 45m,Landed
2026-05-28,IW1848,WON1848,Wings Air,Lombok,LOP,WADL,09:25,01:25,10:27,2min late,10:58,43min late,30m,Landed
2026-05-28,8B5634,,Business Air,Bima,BMU,WADB,09:35,01:35,09:35,,10:35,,1h 0m,Landed
2026-05-28,8B80,TNU080,Business Air,Perth,PER,YPPH,09:40,01:40,09:54,14min late,13:16,8min early,3h 22m,Landed
2026-05-28,IU137,SJV137,SW Italia,Kupang,KOE,WATT,10:00,02:00,10:04,4min late,11:25,24min early,1h 21m,Landed
2026-05-28,JQ1050,JST1050,Jetstar Airways,Melbourne,AVV,YMAV,10:00,02:00,10:22,22min late,17:31,3min early,5h 9m,Landed
2026-05-28,JQ1032,JST1032,Jetstar Airways,Melbourne,MEL,YMML,10:00,02:00,13:24,24min late,20:32,12min late,5h 7m,Landed
2026-05-28,IU122,SJV122,SW Italia,Yogyakarta,YIA,WAHI,10:00,02:00,10:16,16min late,10:23,6min early,1h 6m,Landed
2026-05-28,SQ935,SIA935,Singapore Airlines,Singapore,SIN,WSSS,10:05,02:05,10:13,8min late,12:31,13min early,2h 17m,Landed
2026-05-28,QZ803,AWQ803,Indonesia AirAsia,Jakarta,CGK,WIII,10:15,02:15,10:59,44min late,12:46,26min late,2h 47m,Landed
2026-05-28,8B553,TNU553,Business Air,Singapore,SIN,WSSS,10:20,02:20,10:20,on time,12:42,33min early,2h 21m,Landed
2026-05-28,8B5101,TNU5101,Business Air,Jakarta,CGK,WIII,10:25,02:25,10:52,27min late,11:21,6min late,1h 28m,Landed
2026-05-28,QG9193,CTV9193,Citilink,Jakarta,HLP,WIHH,10:25,02:25,10:24,on time,11:00,19min early,1h 35m,Landed
2026-05-28,JT805,,Lion Air,Surabaya,SUB,WARR,10:35,02:35,,,,,1h 0m,Cancelled
2026-05-28,8G182,DTL182,Mid Africa Aviation,Dili,DIL,WPDL,10:35,02:35,10:44,9min late,13:24,5min early,1h 40m,Landed
2026-05-28,JT31,,Lion Air,Jakarta,CGK,WIII,11:05,03:05,,,,,1h 55m,Cancelled
2026-05-28,IW1856,WON1856,Wings Air,Lombok,LOP,WADL,11:10,03:10,11:18,8min late,11:41,18min early,23m,Landed
2026-05-28,OD309,MXD309,Malindo Air,Kuala Lumpur,KUL,WMKK,11:15,03:15,11:12,2min early,13:50,34min early,2h 38m,Landed
2026-05-28,JQ126,JST126,Jetstar Airways,Adelaide,ADL,YPAD,11:15,03:15,11:56,41min late,17:52,22min late,4h 25m,Landed
2026-05-28,TR281,TGW281,Scoot,Singapore,SIN,WSSS,11:20,03:20,11:42,22min late,14:01,9min early,2h 18m,Landed
2026-05-28,6E1606,IGO1606,IndiGo,Bangalore,BLR,VOBL,11:20,03:20,11:21,1min late,15:04,5min early,6h 12m,Landed
2026-05-28,QZ646,AWQ646,Indonesia AirAsia,Labuan Bajo,LBJ,WATO,11:25,03:25,11:30,5min late,12:20,20min early,49m,Landed
2026-05-28,JQ109,JST109,Jetstar Airways,Perth,PER,YPPH,11:40,03:40,12:18,38min late,15:38,13min late,3h 19m,Landed
2026-05-28,IW1964,WON1964,Wings Air,Lombok,LOP,WADL,11:40,03:40,12:21,41min late,12:42,12min late,21m,Landed
2026-05-28,AK371,AXM371,AirAsia,Kuala Lumpur,KUL,WMKK,11:40,03:40,12:03,23min late,14:46,1min late,2h 42m,Landed
2026-05-28,OD192,MXD192,Malindo Air,Kuala Lumpur,KUL,WMKK,11:42,03:42,11:52,9min late,14:28,12min early,2h 36m,Landed
2026-05-28,ID6331,BTK6331,Batik Air,Labuan Bajo,LBJ,WATO,11:45,03:45,12:06,21min late,12:58,1min early,51m,Landed
2026-05-28,IW1850,WON1850,Wings Air,Lombok,LOP,WADL,11:50,03:50,12:23,33min late,12:48,8min late,24m,Landed
2026-05-28,QZ809,AWQ809,Indonesia AirAsia,Jakarta,CGK,WIII,11:55,03:55,14:47,52min late,15:12,22min late,1h 24m,Landed
2026-05-28,GA407,GIA407,Garuda Indonesia,Jakarta,CGK,WIII,11:55,03:55,12:13,18min late,12:47,7min early,1h 33m,Landed
2026-05-28,QZ544,AWQ544,Indonesia AirAsia,Perth,PER,YPPH,12:00,04:00,14:08,8min late,17:47,57min late,3h 39m,Landed
2026-05-28,JQ32,JST032,Jetstar Airways,Melbourne,MEL,YMML,12:05,04:05,12:32,27min late,19:47,7min late,5h 15m,Landed
2026-05-28,GA253,GIA253,Garuda Indonesia,Yogyakarta,YIA,WAHI,12:05,04:05,12:26,21min late,12:39,15min early,1h 13m,Landed
2026-05-28,SQ937,SIA937,Singapore Airlines,Singapore,SIN,WSSS,12:10,04:10,08:48,21min early,14:44,10min early,5h 55m,Landed
2026-05-28,SJ7420,,Sriwijaya Air,Tambolaka,TMC,WADT,12:20,04:20,12:20,,13:20,,1h 0m,Landed
2026-05-28,JQ40,JST040,Jetstar Airways,Sydney,SYD,YSSY,12:20,04:20,12:39,19min late,20:17,2min late,5h 38m,Landed
2026-05-28,8B5254,TNU5254,Business Air,Lombok,LOP,WADL,12:34,04:34,12:34,,13:10,,36m,Landed
2026-05-28,OD172,MXD172,Malindo Air,Kuala Lumpur,KUL,WMKK,12:43,04:43,12:56,12min late,15:33,18min early,2h 36m,Landed
2026-05-28,IP103,PAS103,Pelita Air Service,Jakarta,CGK,WIII,12:45,04:45,12:47,2min late,13:21,18min early,1h 33m,Landed
2026-05-28,IN643,,NAM Air,Tambolaka,TMC,WADT,12:50,04:50,12:50,,13:50,,1h 0m,Landed
2026-05-28,AK365,AXM365,AirAsia,Kuala Lumpur,KUL,WMKK,13:00,05:00,13:01,1min late,15:44,20min early,2h 43m,Landed
2026-05-28,ID6509,BTK6509,Batik Air,Jakarta,CGK,WIII,13:03,05:03,13:08,5min late,13:38,10min early,1h 30m,Landed
2026-05-28,MH714,MAS714,Malaysia Airlines,Kuala Lumpur,KUL,WMKK,13:05,05:05,14:31,26min late,17:10,10min late,2h 39m,Landed
2026-05-28,SL259,TLM259,Thai Lion Air,Bangkok,DMK,VTBD,13:08,05:08,13:30,22min late,16:36,28min late,4h 6m,Landed
2026-05-28,JT660,LNI660,Lion Air,Balikpapan,BPN,WALL,13:13,05:13,13:31,18min late,18:39,44min late,5h 7m,Landed
2026-05-28,JQ58,JST058,Jetstar Airways,Brisbane,BNE,YBBN,13:15,05:15,13:52,37min late,21:10,15min late,5h 17m,Landed
2026-05-28,SQ939,SIA939,Singapore Airlines,Singapore,SIN,WSSS,13:15,05:15,13:20,5min late,15:33,26min early,2h 13m,Landed
2026-05-28,JT35,LNI035,Lion Air,Jakarta,CGK,WIII,13:18,05:18,13:27,9min late,14:01,on time,1h 33m,Landed
2026-05-28,GA409,GIA409,Garuda Indonesia,Jakarta,CGK,WIII,13:25,05:25,14:25,0min late,14:57,32min late,1h 32m,Landed
2026-05-28,GA842,GIA842,Garuda Indonesia,Singapore,SIN,WSSS,13:40,05:40,10:00,39min early,16:01,23min early,6h 1m,Landed
2026-05-28,OD307,MXD307,Malindo Air,Kuala Lumpur,KUL,WMKK,13:43,05:43,13:55,11min late,17:05,22min late,3h 10m,Landed
2026-05-28,QG687,CTV687,Citilink,Jakarta,CGK,WIII,13:45,05:45,13:44,on time,14:14,25min early,1h 30m,Landed
2026-05-28,JT919,LNI919,Lion Air,Surabaya,SUB,WARR,13:55,05:55,14:03,8min late,13:48,6min early,45m,Landed
2026-05-28,TR289,TGW289,Scoot,Singapore,SIN,WSSS,14:05,06:05,14:12,7min late,16:31,23min early,2h 19m,Landed
2026-05-28,VJ894,VJC894,VietJet Air,Ho Chi Minh City,SGN,VVTS,14:05,06:05,14:15,10min late,16:40,14min early,3h 24m,Landed
2026-05-28,ID6517,BTK6517,Batik Air,Jakarta,CGK,WIII,14:15,06:15,14:21,6min late,14:51,18min early,1h 29m,Landed
2026-05-28,QG681,CTV681,Citilink,Jakarta,CGK,WIII,14:18,06:18,14:51,32min late,15:43,11min early,1h 52m,Landed
2026-05-28,ID7308,BTK7308,Batik Air,Jakarta,HLP,WIHH,14:22,06:22,14:34,11min late,15:02,39min late,1h 27m,Landed
2026-05-28,JT33,,Lion Air,Jakarta,CGK,WIII,14:45,06:45,,,,,1h 55m,Cancelled
2026-05-28,QZ805,AWQ805,Indonesia AirAsia,Jakarta,CGK,WIII,14:50,06:50,15:15,25min late,15:48,53min late,1h 32m,Landed
2026-05-28,JT844,LNI844,Lion Air,Banjarmasin,BDJ,WAOO,15:00,07:00,15:00,on time,16:02,27min early,1h 1m,Landed
2026-05-28,IU120,,SW Italia,Yogyakarta,YIA,WAHI,15:00,07:00,,,,,1h 30m,Cancelled
2026-05-28,QG342,CTV342,Citilink,Makassar,UPG,WAAA,15:00,07:00,15:00,on time,16:17,12min early,1h 16m,Landed
2026-05-28,JQ44,JST044,Jetstar Airways,Melbourne,MEL,YMML,15:10,07:10,17:16,6min late,00:37,52min late,5h 21m,Landed
2026-05-28,VA50,VOZ050,Virgin Australia,Brisbane,BNE,YBBN,15:15,07:15,15:43,28min late,23:04,on time,5h 20m,Landed
2026-05-28,AK377,AXM377,AirAsia,Kuala Lumpur,KUL,WMKK,15:25,07:25,16:38,13min late,19:42,12min late,3h 4m,Landed
2026-05-28,QG669,CTV669,Citilink,Surabaya,SUB,WARR,15:30,07:30,15:32,2min late,15:19,20min early,47m,Landed
2026-05-28,JT740,LNI740,Lion Air,Makassar,UPG,WAAA,15:30,07:30,15:31,1min late,16:38,16min early,1h 6m,Landed
2026-05-28,IP109,PAS109,Pelita Air Service,Jakarta,CGK,WIII,15:35,07:35,15:39,4min late,16:09,15min early,1h 30m,Landed
2026-05-28,IN281,LKN281,NAM Air,Jakarta,CGK,WIII,15:36,07:36,15:36,on time,16:15,38min late,1h 38m,Landed
2026-05-28,JQ86,JST086,Jetstar Airways,Singapore,SIN,WSSS,15:43,07:43,16:04,20min late,18:20,20min late,2h 15m,Landed
2026-05-28,GA411,GIA411,Garuda Indonesia,Jakarta,CGK,WIII,15:45,07:45,15:57,12min late,16:33,11min early,1h 36m,Landed
2026-05-28,QZ648,AWQ648,Indonesia AirAsia,Labuan Bajo,LBJ,WATO,15:45,07:45,15:41,3min early,16:34,20min early,53m,Landed
2026-05-28,VA92,VOZ092,Virgin Australia,Melbourne,MEL,YMML,15:50,07:50,16:17,27min late,23:32,7min late,5h 15m,Landed
2026-05-28,CI772,CAL772,China Airlines,Taipei,TPE,RCTP,15:55,07:55,16:01,6min late,20:48,32min early,4h 46m,Landed
2026-05-28,VN640,HVN640,Vietnam Airlines,Ho Chi Minh City,SGN,VVTS,16:00,08:00,16:13,13min late,18:29,10min early,3h 16m,Landed
2026-05-28,SJ7161,,Sriwijaya Air,Makassar,UPG,WAAA,16:00,08:00,16:00,,17:20,,1h 20m,Landed
2026-05-28,QZ246,AWQ246,Indonesia AirAsia,Phuket,HKT,VTSP,16:10,08:10,16:23,13min late,18:46,23min early,3h 22m,Landed
2026-05-28,CX784,CPA784,Cathay Pacific,Hong Kong,HKG,VHHH,16:15,08:15,16:45,30min late,21:29,4min late,4h 43m,Landed
2026-05-28,8B82,TNU082,TransNusa,Perth,PER,YPPH,16:19,08:19,16:31,12min late,16:19,,0m,Landed
2026-05-28,MH850,MAS850,Malaysia Airlines,Kuala Lumpur,KUL,WMKK,16:25,08:25,16:42,17min late,19:25,9min early,2h 42m,Landed
2026-05-28,BR256,EVA256,EVA Airways,Taipei,TPE,RCTP,16:30,08:30,16:51,21min late,21:50,9min early,4h 58m,Landed
2026-05-28,IW1852,WON1852,Wings Air,Lombok,LOP,WADL,16:30,08:30,16:40,10min late,17:05,14min early,25m,Landed
2026-05-28,HO1356,DKH1356,Juneyao Airlines,Shanghai,PVG,ZSPD,16:50,08:50,17:19,29min late,23:25,9min early,6h 5m,Landed
2026-05-28,GA349,GIA349,Garuda Indonesia,Surabaya,SUB,WARR,16:55,08:55,17:18,23min late,17:04,5min early,45m,Landed
2026-05-28,TG432,THA432,Thai Airways International,Bangkok,BKK,VTBS,16:55,08:55,16:56,1min late,19:38,26min early,3h 41m,Landed
2026-05-28,ID6335,BTK6335,Batik Air,Labuan Bajo,LBJ,WATO,17:00,09:00,17:15,15min late,18:07,7min early,51m,Landed
2026-05-28,8B5107,TNU5107,TransNusa,Jakarta,CGK,WIII,17:04,09:04,17:46,42min late,18:14,34min late,1h 27m,Landed
2026-05-28,JT23,,Lion Air,Jakarta,CGK,WIII,17:15,09:15,,,,,1h 55m,Cancelled
2026-05-28,IU703,SJV703,SW Italia,Surabaya,SUB,WARR,17:15,09:15,17:36,20min late,16:19,,3m,Landed
2026-05-28,GA419,GIA419,Garuda Indonesia,Jakarta,CGK,WIII,17:25,09:25,17:35,10min late,18:15,9min early,1h 40m,Landed
2026-05-28,IP107,,Pelita Air Service,Jakarta,CGK,WIII,17:40,09:40,17:40,,18:30,,1h 50m,Landed
2026-05-28,NZ291,ANZ291,Air New Zealand,Auckland,AKL,NZAA,17:50,09:50,17:47,2min early,05:30,on time,7h 43m,Landed
2026-05-28,TR243,TGW243,Scoot,Singapore,SIN,WSSS,17:55,09:55,,,,,2h 40m,Landed
2026-05-28,QZ821,AWQ821,Indonesia AirAsia,Jakarta,CGK,WIII,18:00,10:00,17:58,1min early,18:27,22min early,1h 29m,Landed
2026-05-28,6E1608,IGO1608,IndiGo,Chennai,MAA,VOMM,18:00,10:00,18:05,5min late,21:36,1min late,6h 1m,Landed
2026-05-28,OD193,,Malindo Air,Perth,PER,YPPH,18:10,10:10,,,,,3h 35m,
2026-05-28,IU126,SJV126,SW Italia,Surakarta,SOC,WAHQ,18:10,10:10,18:18,8min late,18:20,9min early,1h 1m,Landed
2026-05-28,ID6552,BTK6552,Batik Air,Kupang,KOE,WATT,18:13,10:13,,,,,1h 27m,Landed
2026-05-28,8B5258,TNU5258,TransNusa,Lombok,LOP,WADL,18:27,10:27,,,,,0m,
2026-05-28,IN283,,NAM Air,Jakarta,CGK,WIII,18:30,10:30,18:30,,19:10,,1h 40m,Landed
2026-05-28,GA417,GIA417,Garuda Indonesia,Jakarta,CGK,WIII,18:30,10:30,18:52,22min late,19:25,4min early,1h 33m,Landed
2026-05-28,QR963,QTR963,Qatar Airways,Doha,DOH,OTHH,18:35,10:35,18:50,15min late,22:42,57min early,8h 51m,Landed
2026-05-28,EY477,ETD477,Etihad Airways,Abu Dhabi,AUH,OMAA,18:45,10:45,18:53,8min late,23:31,8min early,8h 38m,Landed
2026-05-28,IP105,,Pelita Air Service,Jakarta,CGK,WIII,18:50,10:50,18:50,,19:40,,1h 50m,Landed
2026-05-28,QG689,CTV689,Citilink,Jakarta,CGK,WIII,18:55,10:55,18:53,1min early,19:29,25min early,1h 36m,Landed
2026-05-28,TG440,,Thai Airways International,Bangkok,BKK,VTBS,19:00,11:00,19:00,,22:10,on time,4h 10m,Landed
2026-05-28,6E1612,IGO1612,IndiGo,Bhubaneswar,BBI,VEBS,19:10,11:10,19:12,2min late,22:17,32min early,5h 34m,Landed
2026-05-28,ID7310,BTK7310,Batik Air,Jakarta,HLP,WIHH,19:17,11:17,,,,,1h 33m,Landed
2026-05-28,MH852,MAS852,Malaysia Airlines,Kuala Lumpur,KUL,WMKK,19:20,11:20,19:33,13min late,22:11,8min early,2h 37m,Landed
2026-05-28,QG699,,Citilink,Surabaya,SUB,WARR,19:25,11:25,19:36,11min late,19:51,11min late,1h 15m,Landed
2026-05-28,IU133,SJV133,SW Italia,Semarang,SRG,WIIS,19:39,11:39,,,,,1h 27m,Landed
2026-05-28,AK379,AXM379,AirAsia,Kuala Lumpur,KUL,WMKK,19:45,11:45,20:17,32min late,22:53,3min late,2h 36m,Landed
2026-05-28,EK369,,Emirates,Dubai,DXB,OMDB,19:45,11:45,19:45,on time,00:52,2min late,9h 6m,Landed
2026-05-28,8B969,TNU969,Business Air,Guangzhou,CAN,ZGGG,19:50,11:50,19:43,6min early,00:35,29min early,4h 52m,Landed
2026-05-28,GA421,GIA421,Garuda Indonesia,Jakarta,CGK,WIII,19:50,11:50,19:56,6min late,20:31,18min early,1h 35m,Landed
2026-05-28,JT923,,Lion Air,Surabaya,SUB,WARR,19:55,11:55,,,,,1h 0m,Cancelled
2026-05-28,SQ945,,Singapore Airlines,Singapore,SIN,WSSS,20:00,12:00,20:00,,22:43,3min late,2h 43m,Landed
2026-05-28,QG697,CTV697,Citilink,Surabaya,SUB,WARR,20:25,12:25,20:34,9min late,20:20,4min early,45m,Landed
2026-05-28,ID6415,BTK6415,Batik Air,Surabaya,SUB,WARR,20:30,12:30,20:30,on time,20:07,22min early,37m,Landed
2026-05-28,QG195,CTV195,Citilink,Jakarta,HLP,WIHH,20:40,12:40,20:39,on time,21:13,21min early,1h 34m,Landed
2026-05-28,GA415,GIA415,Garuda Indonesia,Jakarta,CGK,WIII,20:40,12:40,20:46,6min late,21:25,14min early,1h 39m,Landed
2026-05-28,KL836,,KLM Royal Dutch Airlines,Singapore,SIN,WSSS,20:45,12:45,,,,,2h 40m,
2026-05-28,TK67,THY067,Turkish Airlines,Istanbul,IST,LTFM,20:45,12:45,20:59,14min late,04:54,9min late,12h 55m,Landed
2026-05-28,OD177,MXD177,Malindo Air,Melbourne,MEL,YMML,21:00,13:00,21:07,7min late,04:13,26min early,5h 6m,Landed
2026-05-28,QZ819,AWQ819,Indonesia AirAsia,Jakarta,CGK,WIII,21:05,13:05,21:10,5min late,21:31,23min early,1h 20m,Landed
2026-05-28,QG667,CTV667,Citilink,Jakarta,CGK,WIII,21:10,13:10,21:17,7min late,21:52,17min early,1h 35m,Landed
2026-05-28,JT15,LNI015,Lion Air,Jakarta,CGK,WIII,21:15,13:15,21:12,2min early,21:40,29min early,1h 28m,Landed
2026-05-28,JQ34,,Jetstar Airways,Melbourne,MEL,YMML,21:20,13:20,21:35,15min late,05:12,17min late,5h 37m,Landed
2026-05-28,JQ117,,Jetstar Airways,Perth,PER,YPPH,21:30,13:30,22:20,50min late,02:13,53min late,3h 53m,Landed
2026-05-28,SJ273,,Sriwijaya Air,Jakarta,CGK,WIII,21:35,13:35,21:35,,22:15,,1h 40m,Landed
2026-05-28,SQ947,,Singapore Airlines,Singapore,SIN,WSSS,21:40,13:40,,,,,2h 35m,
2026-05-28,TK311,THY311,Turkish Airlines,Istanbul,IST,LTFM,21:45,13:45,21:55,10min late,05:55,10min late,12h 59m,Landed
2026-05-28,OD157,,Malindo Air,Brisbane,BNE,YBBN,22:00,14:00,,,,,5h 50m,
2026-05-28,GA718,,Garuda Indonesia,Melbourne,MEL,YMML,22:05,14:05,,,,,5h 25m,
2026-05-28,AK375,AXM375,AirAsia,Kuala Lumpur,KUL,WMKK,22:15,14:15,22:29,14min late,01:13,6min early,2h 43m,Landed
2026-05-28,OD171,MXD171,Malindo Air,Sydney,SYD,YSSY,22:15,14:15,,,,,5h 50m,
2026-05-28,QF44,QFA044,Qantas,Sydney,SYD,YSSY,22:20,14:20,23:38,18min late,06:51,41min late,5h 13m,Landed
2026-05-28,JQ38,,Jetstar Airways,Sydney,SYD,YSSY,22:35,14:35,,,,,5h 55m,
2026-05-28,7C5304,JJA5304,Jeju Air,Seoul,ICN,RKSI,22:41,14:41,,,,,0m,
2026-05-28,8B5109,TNU5109,TransNusa,Jakarta,CGK,WIII,22:58,14:58,,,,,1m,
2026-05-28,VA96,,Virgin Australia,Melbourne,MEL,YMML,23:05,15:05,,,,,5h 35m,
2026-05-28,GA714,GIA714,Garuda Indonesia,Sydney,SYD,YSSY,23:25,15:25,23:46,21min late,07:18,8min late,5h 31m,Landed
2026-05-28,JQ50,JST050,Jetstar Airways,Melbourne,AVV,YMAV,23:25,15:25,00:05,40min late,07:14,14min late,5h 8m,Landed
2026-05-28,VA68,,Virgin Australia,Sydney,SYD,YSSY,23:35,15:35,,,,,6h 0m,
2026-05-28,JQ94,JST094,Jetstar Airways,Gold Coast,OOL,YBCG,23:45,15:45,23:45,on time,07:24,9min late,5h 39m,Landed
2026-05-28,KE432,,Korean Air Lines,Seoul,ICN,RKSI,23:45,15:45,23:45,,07:51,3min early,7h 6m,Landed
2026-05-28,JQ89,,Jetstar Airways,Newcastle,NTL,YWLM,23:50,15:50,23:50,on time,07:43,3min late,5h 53m,Landed
2026-05-29,BX602,ABL602,Air Busan,Busan,PUS,RKPK,00:05,16:05,00:15,10min late,07:42,17min early,6h 27m,Landed
2026-05-29,JQ87,JST087,Jetstar Airways,Sunshine Coast,MCY,YBSU,00:06,16:06,23:49,16min early,02:07,,0m,Landed
2026-05-29,TW158,TWB158,T'Way Air,Cheongju,CJJ,RKTU,00:15,16:15,,,,,0m,
2026-05-29,GA880,GIA880,Garuda Indonesia,Tokyo,NRT,RJAA,00:20,16:20,00:50,30min late,09:00,10min late,7h 10m,Landed
2026-05-29,MF892,CXA892,Xiamen Airlines,Xiamen,XMN,ZSAM,00:30,16:30,00:45,15min late,06:07,2min late,5h 22m,Landed
2026-05-29,QR961,QTR961,Qatar Airways,Doha,DOH,OTHH,00:35,16:35,13:05,30min late,04:55,44min early,,Landed
2026-05-29,EK399,UAE399,Emirates,Dubai,DXB,OMDB,00:35,16:35,00:35,on time,05:23,12min early,8h 47m,Landed
2026-05-29,CZ626,CSN626,China Southern Airlines,Guangzhou,CAN,ZGGG,00:40,16:40,01:54,14min late,06:41,46min late,4h 47m,Landed
2026-05-29,PR538,,Philippine Airlines,Manila,MNL,RPLL,00:55,16:55,,,,,4h 5m,
2026-05-29,MU5030,CES5030,China Eastern Airlines,Shanghai,PVG,ZSPD,00:55,16:55,01:05,10min late,07:46,13min early,6h 41m,Landed
2026-05-29,5J282,,CEBU Pacific Air,Manila,MNL,RPLL,01:00,17:00,,,,,4h 20m,
2026-05-29,GA652,GIA652,Garuda Indonesia,Timika,TIM,WABP,01:05,17:05,01:11,6min late,05:48,3min late,3h 37m,Landed
2026-05-29,KE434,,Korean Air Lines,Seoul,ICN,RKSI,01:10,17:10,01:10,,09:27,2min late,7h 17m,Landed
2026-05-29,8B5888,TNU5888,TransNusa,Manado,MDC,WAMM,01:30,17:30,01:37,7min late,03:48,11min early,2h 11m,Landed
2026-05-29,JT746,LNI746,Lion Air,Makassar,UPG,WAAA,06:49,22:49,07:03,13min late,08:28,34min late,1h 25m,Landed
2026-05-29,JQ82,,Jetstar Airways,Darwin,DRW,YPDN,07:00,23:00,,,,,2h 45m,
2026-05-29,IU705,SJV705,SW Italia,Surabaya,SUB,WARR,07:00,23:00,07:24,24min late,07:03,3min late,39m,Landed
2026-05-29,QZ807,AWQ807,Indonesia AirAsia,Jakarta,CGK,WIII,07:00,23:00,07:05,5min late,07:27,32min early,1h 22m,Landed
2026-05-29,GA401,GIA401,Garuda Indonesia,Jakarta,CGK,WIII,07:00,23:00,07:17,17min late,07:42,17min early,1h 25m,Landed
2026-05-29,8B5250,TNU5250,TransNusa,Lombok,LOP,WADL,07:03,23:03,,,,,0m,
2026-05-29,QZ534,,Indonesia AirAsia,Perth,PER,YPPH,07:05,23:05,,,,,3h 55m,
2026-05-29,QZ644,,Indonesia AirAsia,Labuan Bajo,LBJ,WATO,07:10,23:10,,,,,1h 5m,
2026-05-29,SQ949,SIA949,Singapore Airlines,Singapore,SIN,WSSS,07:15,23:15,07:33,18min late,09:47,13min early,2h 14m,Landed
2026-05-29,8B551,TNU551,Business Air,Singapore,SIN,WSSS,07:30,23:30,07:38,8min late,10:00,5min late,2h 21m,Landed
2026-05-29,ID6333,BTK6333,Batik Air,Labuan Bajo,LBJ,WATO,07:37,23:37,,,,,33m,
2026-05-29,JT21,LNI021,Lion Air,Jakarta,CGK,WIII,08:05,00:05,08:22,17min late,08:50,9min early,1h 28m,Landed
2026-05-29,HX706,,Hong Kong Airlines,Hong Kong,HKG,VHHH,08:05,00:05,,,,,5h 15m,
2026-05-29,IW1858,,Wings Air,Lombok,LOP,WADL,08:05,00:05,08:05,,08:27,27min early,22m,Landed
2026-05-29,QZ803,AWQ803,Indonesia AirAsia,Jakarta,CGK,WIII,08:30,00:30,08:36,6min late,09:00,19min early,1h 24m,Landed
2026-05-29,5J280,,CEBU Pacific Air,Manila,MNL,RPLL,08:35,00:35,,,,,4h 20m,
2026-05-29,CZ8482,CSN8482,China Southern Airlines,Guangzhou,CAN,ZGGG,08:40,00:40,08:43,3min late,13:23,26min early,4h 40m,Landed
2026-05-29,IW1882,WON1882,Wings Air,Sumbawa Besar,SWQ,WADS,08:55,00:55,09:06,11min late,09:50,9min early,44m,Landed
2026-05-29,QG500,CTV500,Citilink,Dili,DIL,WPDL,09:00,01:00,08:58,1min early,11:51,13min early,1h 53m,Landed
2026-05-29,IW3330,WON3330,Wings Air,,,,09:00,01:00,09:15,15min late,11:38,6min early,2h 23m,Landed
2026-05-29,QG691,CTV691,Citilink,Surabaya,SUB,WARR,09:05,01:05,08:57,7min early,08:41,33min early,43m,Landed
2026-05-29,ID6324,BTK6324,Batik Air,Tambolaka,TMC,WADT,09:10,01:10,09:18,8min late,10:08,11min early,49m,Landed
2026-05-29,IN640,LKN640,NAM Air,Tambolaka,TMC,WADT,09:10,01:10,09:58,48min late,10:42,32min late,43m,Landed
2026-05-29,SJ740,,Sriwijaya Air,Waingapu,WGP,WADW,09:10,01:10,09:10,,10:30,,1h 20m,Landed
2026-05-29,IW1848,WON1848,Wings Air,Lombok,LOP,WADL,09:25,01:25,10:16,51min late,10:46,31min late,29m,Landed
2026-05-29,ID6007,BTK6007,Batik Air,Perth,PER,YPPH,09:30,01:30,09:34,4min late,12:58,16min early,3h 24m,Landed
2026-05-29,8B5634,TNU5634,TransNusa,Bima,BMU,WADB,09:35,01:35,09:29,5min early,10:16,18min early,46m,Landed
2026-05-29,8B80,TNU080,Business Air,Perth,PER,YPPH,09:40,01:40,09:51,11min late,13:17,7min early,3h 25m,Landed
2026-05-29,QG197,CTV197,Citilink,Jakarta,HLP,WIHH,09:45,01:45,09:48,3min late,10:21,18min early,1h 32m,Landed
2026-05-29,IU122,SJV122,SW Italia,Yogyakarta,YIA,WAHI,10:00,02:00,10:13,13min late,10:22,7min early,1h 9m,Landed
2026-05-29,SQ935,,Singapore Airlines,Singapore,SIN,WSSS,10:05,02:05,,,,,2h 40m,
2026-05-29,SU297,AFL297,Aeroflot,Moscow,SVO,UUEE,10:05,02:05,10:27,22min late,17:51,23min early,12h 24m,Landed
2026-05-29,8B553,TNU553,Business Air,Singapore,SIN,WSSS,10:20,02:20,10:23,3min late,12:45,30min early,2h 21m,Landed
2026-05-29,8B5105,TNU5105,TransNusa,Jakarta,CGK,WIII,10:23,02:23,,,,,0m,
2026-05-29,8B5101,TNU5101,Business Air,Jakarta,CGK,WIII,10:25,02:25,17:21,56min late,17:54,39min late,1h 33m,Landed
2026-05-29,8G182,DTL182,Mid Africa Aviation,Dili,DIL,WPDL,10:35,02:35,10:59,24min late,13:41,11min late,1h 41m,Landed
2026-05-29,JT805,LNI805,Lion Air,Surabaya,SUB,WARR,10:35,02:35,10:41,6min late,10:24,10min early,43m,Landed
2026-05-29,JT31,,Lion Air,Jakarta,CGK,WIII,11:05,03:05,,,,,1h 55m,Cancelled
2026-05-29,OD309,MXD309,Malindo Air,Kuala Lumpur,KUL,WMKK,11:15,03:15,11:28,13min late,14:10,14min early,2h 42m,Landed
2026-05-29,JQ126,JST126,Jetstar Airways,Adelaide,ADL,YPAD,11:15,03:15,11:34,19min late,17:24,5min early,4h 20m,Landed
2026-05-29,6E1606,,IndiGo,Bangalore,BLR,VOBL,11:20,03:20,,,,,6h 20m,
2026-05-29,TR281,,Scoot,Singapore,SIN,WSSS,11:20,03:20,,,,,2h 50m,
2026-05-29,QZ646,AWQ646,Indonesia AirAsia,Labuan Bajo,LBJ,WATO,11:25,03:25,11:23,1min early,12:14,25min early,50m,Landed
2026-05-29,JQ109,,Jetstar Airways,Perth,PER,YPPH,11:40,03:40,,,,,3h 45m,
2026-05-29,IW1964,WON1964,Wings Air,Lombok,LOP,WADL,11:40,03:40,12:23,43min late,12:46,16min late,22m,Landed
2026-05-29,ID6331,BTK6331,Batik Air,Labuan Bajo,LBJ,WATO,11:45,03:45,11:52,6min late,12:53,2min early,1h 1m,Landed
2026-05-29,GA407,GIA407,Garuda Indonesia,Jakarta,CGK,WIII,11:55,03:55,12:01,6min late,12:36,18min early,1h 35m,Landed
2026-05-29,OD192,MXD192,Malindo Air,Kuala Lumpur,KUL,WMKK,11:57,03:57,,,,,1m,
2026-05-29,QZ544,,Indonesia AirAsia,Perth,PER,YPPH,12:00,04:00,,,,,3h 50m,
2026-05-29,JQ32,,Jetstar Airways,Melbourne,MEL,YMML,12:05,04:05,,,,,5h 35m,
2026-05-29,GA253,GIA253,Garuda Indonesia,Yogyakarta,YIA,WAHI,12:05,04:05,12:25,20min late,12:39,15min early,1h 14m,Landed
2026-05-29,SQ937,,Singapore Airlines,Singapore,SIN,WSSS,12:10,04:10,,,,,2h 45m,
2026-05-29,SJ742,,Sriwijaya Air,Tambolaka,TMC,WADT,12:10,04:10,12:10,,13:10,,1h 0m,Landed
2026-05-29,JQ40,,Jetstar Airways,Sydney,SYD,YSSY,12:20,04:20,,,,,5h 55m,
2026-05-29,OD178,MXD178,Malindo Air,Kuala Lumpur,KUL,WMKK,12:25,04:25,12:39,14min late,15:25,9min early,2h 45m,Landed
2026-05-29,OD158,MXD158,Malindo Air,Kuala Lumpur,KUL,WMKK,12:39,04:39,,,,,0m,
2026-05-29,8B5254,TNU5254,TransNusa,Lombok,LOP,WADL,12:40,04:40,12:41,1min late,13:00,19min early,18m,Landed
2026-05-29,IP103,PAS103,Pelita Air Service,Jakarta,CGK,WIII,12:45,04:45,12:48,3min late,13:16,23min early,1h 28m,Landed
2026-05-29,AK365,AXM365,AirAsia,Kuala Lumpur,KUL,WMKK,13:00,05:00,13:05,5min late,15:51,13min early,2h 46m,Landed
2026-05-29,OD307,MXD307,Malindo Air,Kuala Lumpur,KUL,WMKK,13:00,05:00,13:23,23min late,16:04,4min late,2h 41m,Landed
2026-05-29,ID6509,BTK6509,Batik Air,Jakarta,CGK,WIII,13:00,05:00,,,,,1h 30m,Landed
2026-05-29,IN281,LKN281,NAM Air,Jakarta,CGK,WIII,13:00,05:00,12:57,3min early,13:27,on time,1h 29m,Landed
2026-05-29,MH714,MAS714,Malaysia Airlines,Kuala Lumpur,KUL,WMKK,13:05,05:05,14:00,55min late,16:44,44min late,2h 44m,Landed
2026-05-29,OD172,MXD172,Malindo Air,Kuala Lumpur,KUL,WMKK,13:10,05:10,,,,,2h 55m,Landed
2026-05-29,SQ939,,Singapore Airlines,Singapore,SIN,WSSS,13:15,05:15,,,,,2h 45m,
2026-05-29,JQ58,,Jetstar Airways,Brisbane,BNE,YBBN,13:15,05:15,,,,,5h 40m,
2026-05-29,JT35,LNI035,Lion Air,Jakarta,CGK,WIII,13:15,05:15,13:33,18min late,14:09,on time,1h 35m,Landed
2026-05-29,SL259,TLM259,Thai Lion Air,Bangkok,DMK,VTBD,13:22,05:22,,,,,4h 3m,Landed
2026-05-29,GA409,GIA409,Garuda Indonesia,Jakarta,CGK,WIII,13:25,05:25,13:47,22min late,14:21,3min early,1h 33m,Landed
2026-05-29,JT660,,Lion Air,Balikpapan,BPN,WALL,13:30,05:30,13:30,,14:45,29min early,1h 15m,Landed
2026-05-29,GA842,,Garuda Indonesia,Singapore,SIN,WSSS,13:40,05:40,,,,,2h 45m,
2026-05-29,QG687,CTV687,Citilink,Jakarta,CGK,WIII,13:45,05:45,13:49,4min late,14:26,13min early,1h 37m,Landed
2026-05-29,8B5107,TNU5107,Business Air,Jakarta,CGK,WIII,13:50,05:50,18:14,24min late,18:52,12min late,1h 37m,Landed
2026-05-29,JT919,LNI919,Lion Air,Surabaya,SUB,WARR,13:55,05:55,14:05,10min late,13:48,6min early,42m,Landed
2026-05-29,VJ894,VJC894,VietJet Air,Ho Chi Minh City,SGN,VVTS,14:05,06:05,14:24,19min late,16:54,on time,3h 29m,Landed
2026-05-29,TR289,TGW289,Scoot,Singapore,SIN,WSSS,14:05,06:05,14:48,43min late,17:20,25min late,2h 32m,Landed
2026-05-29,ID7308,BTK7308,Batik Air,Jakarta,HLP,WIHH,14:20,06:20,,,,,1h 28m,Landed
2026-05-29,GA653,GIA653,Garuda Indonesia,Jakarta,CGK,WIII,14:30,06:30,14:58,28min late,15:38,8min late,1h 39m,Landed
2026-05-29,ID6517,BTK6517,Batik Air,Jakarta,CGK,WIII,14:31,06:31,,,,,6m,
2026-05-29,AI2148,,Air India,Delhi,DEL,VIDP,14:35,06:35,,,,,7h 35m,
2026-05-29,JT33,,Lion Air,Jakarta,CGK,WIII,14:45,06:45,,,,,1h 55m,Cancelled
2026-05-29,QG681,CTV681,Citilink,Jakarta,CGK,WIII,14:45,06:45,14:42,2min early,15:24,30min early,1h 42m,Landed
2026-05-29,JQ88,JST088,Jetstar Airways,Singapore,SIN,WSSS,14:55,06:55,15:09,14min late,17:46,13min early,2h 37m,Landed
2026-05-29,QG342,CTV342,Citilink,Makassar,UPG,WAAA,15:00,07:00,15:03,3min late,16:20,9min early,1h 17m,Landed
2026-05-29,IU120,,SW Italia,Yogyakarta,YIA,WAHI,15:00,07:00,,,,,1h 30m,Cancelled
2026-05-29,JQ107,,Jetstar Airways,Perth,PER,YPPH,15:00,07:00,,,,,3h 50m,
2026-05-29,JT844,LNI844,Lion Air,Banjarmasin,BDJ,WAOO,15:00,07:00,14:57,2min early,16:05,24min early,1h 7m,Landed
2026-05-29,JQ44,JST044,Jetstar Airways,Melbourne,MEL,YMML,15:10,07:10,16:24,14min late,23:31,46min late,5h 6m,Landed
2026-05-29,VA50,,Virgin Australia,Brisbane,BNE,YBBN,15:15,07:15,,,,,5h 50m,
2026-05-29,8B82,TNU082,TransNusa,Perth,PER,YPPH,15:20,07:20,,,,,3h 50m,
2026-05-29,AK377,AXM377,AirAsia,Kuala Lumpur,KUL,WMKK,15:25,07:25,16:05,40min late,18:53,23min late,2h 47m,Landed
2026-05-29,QG669,CTV669,Citilink,Surabaya,SUB,WARR,15:30,07:30,16:06,36min late,16:09,29min late,1h 3m,Landed
2026-05-29,JT740,LNI740,Lion Air,Makassar,UPG,WAAA,15:30,07:30,15:40,10min late,07:46,51min late,16h 6m,Landed
2026-05-29,IP109,PAS109,Pelita Air Service,Jakarta,CGK,WIII,15:35,07:35,15:37,2min late,16:07,17min early,1h 30m,Landed
2026-05-29,SJ717,,Sriwijaya Air,Makassar,UPG,WAAA,15:40,07:40,15:40,,17:00,,1h 20m,Landed
2026-05-29,IW1850,WON1850,Wings Air,Lombok,LOP,WADL,15:40,07:40,15:33,6min early,16:12,17min early,38m,Landed
2026-05-29,GA411,GIA411,Garuda Indonesia,Jakarta,CGK,WIII,15:45,07:45,15:54,9min late,16:31,13min early,1h 36m,Landed
2026-05-29,VA92,,Virgin Australia,Melbourne,MEL,YMML,15:50,07:50,,,,,5h 35m,
2026-05-29,CI772,CAL772,China Airlines,Taipei,TPE,RCTP,15:55,07:55,16:14,19min late,21:04,15min early,4h 49m,Landed
2026-05-29,8B5256,TNU5256,TransNusa,Lombok,LOP,WADL,15:55,07:55,16:00,5min late,16:29,20min early,28m,Landed
2026-05-29,VN640,,Vietnam Airlines,Ho Chi Minh City,SGN,VVTS,16:00,08:00,,,,,3h 40m,
2026-05-29,QZ246,AWQ246,Indonesia AirAsia,Phuket,HKT,VTSP,16:10,08:10,16:27,17min late,18:58,11min early,3h 31m,Landed
2026-05-29,CX784,,Cathay Pacific,Hong Kong,HKG,VHHH,16:15,08:15,,,,,13h 10m,
2026-05-29,MH850,MAS850,Malaysia Airlines,Kuala Lumpur,KUL,WMKK,16:25,08:25,16:35,10min late,19:28,6min early,2h 53m,Landed
2026-05-29,BR256,EVA256,EVA Airways,Taipei,TPE,RCTP,16:30,08:30,16:42,12min late,21:37,22min early,4h 54m,Landed
2026-05-29,IW1852,WON1852,Wings Air,Lombok,LOP,WADL,16:30,08:30,16:31,1min late,16:52,27min early,21m,Landed
2026-05-29,AK369,AXM369,AirAsia,Kuala Lumpur,KUL,WMKK,16:40,08:40,17:01,21min late,19:42,2min early,2h 40m,Landed
2026-05-29,IU703,SJV703,SW Italia,Surabaya,SUB,WARR,16:40,08:40,17:27,47min late,17:12,32min late,44m,Landed
2026-05-29,GA2554,GIA2554,Garuda Indonesia,Yogyakarta,YIA,WAHI,16:45,08:45,16:47,2min late,17:05,29min early,1h 17m,Landed
2026-05-29,HO1356,DKH1356,Juneyao Airlines,Shanghai,PVG,ZSPD,16:50,08:50,17:25,35min late,23:28,6min early,6h 3m,Landed
2026-05-29,ID6335,BTK6335,Batik Air,Labuan Bajo,LBJ,WATO,16:51,08:51,,,,,57m,Landed
2026-05-29,TG432,,Thai Airways International,Bangkok,BKK,VTBS,16:55,08:55,,,,,4h 10m,
2026-05-29,GA349,GIA349,Garuda Indonesia,Surabaya,SUB,WARR,16:55,08:55,17:16,21min late,17:09,on time,52m,Landed
2026-05-29,GA419,,Garuda Indonesia,Jakarta,CGK,WIII,17:25,09:25,,,,,2h 0m,
2026-05-29,VJ998,VJC998,VietJet Air,Hanoi,HAN,VVNB,17:30,09:30,17:44,14min late,21:12,22min early,4h 28m,Landed
2026-05-29,TR243,TGW243,Scoot,Singapore,SIN,WSSS,17:35,09:35,18:08,33min late,20:29,4min late,2h 20m,Landed
2026-05-29,IP107,,Pelita Air Service,Jakarta,CGK,WIII,17:40,09:40,17:40,,18:30,,1h 50m,Landed
2026-05-29,NZ291,ANZ291,Air New Zealand,Auckland,AKL,NZAA,17:50,09:50,17:56,6min late,05:10,19min early,7h 14m,Landed
2026-05-29,QZ821,AWQ821,Indonesia AirAsia,Jakarta,CGK,WIII,18:00,10:00,18:04,4min late,18:33,16min early,1h 29m,Landed
2026-05-29,6E1608,IGO1608,IndiGo,Chennai,MAA,VOMM,18:00,10:00,18:00,on time,21:09,25min early,5h 39m,Landed
2026-05-29,OD193,MXD193,Malindo Air,Perth,PER,YPPH,18:10,10:10,18:26,16min late,21:50,5min late,3h 24m,Landed
2026-05-29,IU126,SJV126,SW Italia,Surakarta,SOC,WAHQ,18:10,10:10,18:10,on time,18:20,9min early,1h 9m,Landed
2026-05-29,ID6552,BTK6552,Batik Air,Kupang,KOE,WATT,18:25,10:25,18:34,9min late,19:56,18min early,1h 21m,Landed
2026-05-29,GA417,GIA417,Garuda Indonesia,Jakarta,CGK,WIII,18:30,10:30,18:46,16min late,19:23,6min early,1h 36m,Landed
2026-05-29,QR963,QTR963,Qatar Airways,Doha,DOH,OTHH,18:35,10:35,18:55,20min late,11:28,48min late,21h 32m,Landed
2026-05-29,EY477,ETD477,Etihad Airways,Abu Dhabi,AUH,OMAA,18:45,10:45,18:47,2min late,23:34,5min early,8h 46m,Landed
2026-05-29,8B5258,TNU5258,TransNusa,Lombok,LOP,WADL,18:55,10:55,18:39,15min early,18:58,36min early,19m,Landed
2026-05-29,QG689,CTV689,Citilink,Jakarta,CGK,WIII,18:55,10:55,18:55,on time,19:39,15min early,1h 44m,Landed
2026-05-29,TG440,,Thai Airways International,Bangkok,BKK,VTBS,19:00,11:00,,,,,4h 10m,
2026-05-29,6E1612,,IndiGo,Bhubaneswar,BBI,VEBS,19:10,11:10,,,,,6h 10m,
2026-05-29,MH852,MAS852,Malaysia Airlines,Kuala Lumpur,KUL,WMKK,19:20,11:20,19:26,6min late,22:05,14min early,2h 38m,Landed
2026-05-29,ID7310,BTK7310,Batik Air,Jakarta,HLP,WIHH,19:25,11:25,19:28,3min late,19:51,23min early,1h 23m,Landed
2026-05-29,QG699,CTV699,Citilink,Surabaya,SUB,WARR,19:25,11:25,19:22,2min early,19:11,28min early,48m,Landed
2026-05-29,TR283,TGW283,Scoot,Singapore,SIN,WSSS,19:45,11:45,19:58,13min late,22:06,34min early,2h 7m,Landed
2026-05-29,EK369,UAE369,Emirates,Dubai,DXB,OMDB,19:45,11:45,20:00,15min late,00:26,23min early,8h 25m,Landed
2026-05-29,AK379,AXM379,AirAsia,Kuala Lumpur,KUL,WMKK,19:45,11:45,19:54,9min late,22:40,9min early,2h 46m,Landed
2026-05-29,IU133,SJV133,SW Italia,Semarang,SRG,WIIS,19:50,11:50,19:52,2min late,19:49,20min early,57m,Landed
2026-05-29,GA421,,Garuda Indonesia,Jakarta,CGK,WIII,19:50,11:50,,,,,2h 0m,Cancelled
2026-05-29,8B969,,Business Air,Guangzhou,CAN,ZGGG,19:50,11:50,03:42,52min late,08:34,30min early,,Landed
2026-05-29,JT923,,Lion Air,Surabaya,SUB,WARR,19:55,11:55,,,,,1h 0m,Cancelled
2026-05-29,SQ945,SIA945,Singapore Airlines,Singapore,SIN,WSSS,20:00,12:00,20:10,10min late,22:18,21min early,2h 7m,Landed
2026-05-29,QG697,CTV697,Citilink,Surabaya,SUB,WARR,20:25,12:25,20:14,10min early,20:04,20min early,49m,Landed
2026-05-29,ID6415,BTK6415,Batik Air,Surabaya,SUB,WARR,20:30,12:30,20:30,on time,20:08,21min early,38m,Landed
2026-05-29,TK67,THY067,Turkish Airlines,Istanbul,IST,LTFM,20:45,12:45,21:00,15min late,04:47,2min late,12h 47m,Landed
2026-05-29,KL836,KLM836,KLM Royal Dutch Airlines,Singapore,SIN,WSSS,20:45,12:45,20:51,6min late,23:30,5min late,2h 39m,Landed
2026-05-29,IP105,PAS105,Pelita Air Service,Jakarta,CGK,WIII,20:50,12:50,20:58,8min late,21:26,14min early,1h 27m,Landed
2026-05-29,GA415,GIA415,Garuda Indonesia,Jakarta,CGK,WIII,20:50,12:50,22:31,41min late,22:55,5min late,1h 23m,Landed
2026-05-29,QZ819,AWQ819,Indonesia AirAsia,Jakarta,CGK,WIII,21:05,13:05,21:12,7min late,21:34,20min early,1h 22m,Landed
2026-05-29,QG667,CTV667,Citilink,Jakarta,CGK,WIII,21:10,13:10,21:07,2min early,21:47,22min early,1h 40m,Landed
2026-05-29,QZ410,,Indonesia AirAsia,Melbourne,MEL,YMML,21:15,13:15,,,,,5h 45m,
2026-05-29,JT15,LNI015,Lion Air,Jakarta,CGK,WIII,21:15,13:15,21:22,7min late,21:51,18min early,1h 29m,Landed
2026-05-29,JQ34,JST034,Jetstar Airways,Melbourne,MEL,YMML,21:20,13:20,22:41,21min late,05:52,57min late,5h 10m,Landed
2026-05-29,JQ117,JST117,Jetstar Airways,Perth,PER,YPPH,21:30,13:30,22:25,55min late,01:53,33min late,3h 27m,Landed
2026-05-29,SJ273,,Sriwijaya Air,Jakarta,CGK,WIII,21:35,13:35,21:35,,22:15,,1h 40m,Landed
2026-05-29,SQ947,SIA947,Singapore Airlines,Singapore,SIN,WSSS,21:40,13:40,21:37,2min early,23:50,25min early,2h 12m,Landed
2026-05-29,SV857,,Saudi Arabian Airlines,Singapore,SIN,WSSS,21:55,13:55,,,,,2h 35m,
2026-05-29,GA718,GIA718,Garuda Indonesia,Melbourne,MEL,YMML,22:05,14:05,22:37,32min late,05:41,11min late,5h 3m,Landed
2026-05-29,JQ60,JST060,Jetstar Airways,Brisbane,BNE,YBBN,22:10,14:10,22:13,3min late,05:46,1min late,5h 32m,Landed
2026-05-29,OD171,MXD171,Malindo Air,Sydney,SYD,YSSY,22:15,14:15,22:22,7min late,06:13,8min late,5h 51m,Landed
2026-05-29,AK375,AXM375,AirAsia,Kuala Lumpur,KUL,WMKK,22:15,14:15,22:43,28min late,01:29,9min late,2h 45m,Landed
2026-05-29,QF44,QFA044,Qantas,Sydney,SYD,YSSY,22:20,14:20,22:19,on time,06:07,2min early,5h 48m,Landed
2026-05-29,JQ38,JST038,Jetstar Airways,Sydney,SYD,YSSY,22:35,14:35,23:05,30min late,06:36,6min late,5h 30m,Landed
2026-05-29,7C5304,JJA5304,Jeju Air,Seoul,ICN,RKSI,22:48,14:48,,,,,0m,
2026-05-29,8B5109,TNU5109,TransNusa,Jakarta,CGK,WIII,22:59,14:59,,,,,1m,
2026-05-29,JQ91,JST091,Jetstar Airways,Cairns,CNS,YBCS,23:00,15:00,23:02,2min late,05:34,4min late,4h 32m,Landed
2026-05-29,QF46,,Qantas,Melbourne,MEL,YMML,23:05,15:05,,,,,5h 35m,
2026-05-29,VA96,,Virgin Australia,Melbourne,MEL,YMML,23:05,15:05,,,,,5h 35m,
2026-05-29,3U3986,,Sichuan Airlines,Lujia Town,TFU,ZUTF,23:10,15:10,,,,,6h 20m,
2026-05-29,VA82,,Virgin Australia,Gold Coast,OOL,YBCG,23:20,15:20,,,,,5h 35m,
2026-05-29,GA714,GIA714,Garuda Indonesia,Sydney,SYD,YSSY,23:25,15:25,23:41,16min late,07:01,8min early,5h 19m,Landed
2026-05-29,JQ50,JST050,Jetstar Airways,Melbourne,AVV,YMAV,23:25,15:25,00:06,41min late,07:09,9min late,5h 2m,Landed
2026-05-29,VA68,,Virgin Australia,Sydney,SYD,YSSY,23:35,15:35,,,,,6h 0m,
2026-05-29,KE432,,Korean Air Lines,Seoul,ICN,RKSI,23:45,15:45,,,,,7h 10m,
2026-05-29,QZ420,,Indonesia AirAsia,Adelaide,ADL,YPAD,23:45,15:45,,,,,5h 10m,
2026-05-29,JQ87,JST087,Jetstar Airways,Sunshine Coast,MCY,YBSU,23:50,15:50,00:12,22min late,07:30,on time,5h 17m,Landed
2026-05-29,JQ128,JST128,Jetstar Airways,Adelaide,ADL,YPAD,23:55,15:55,00:04,9min late,06:03,6min early,4h 29m,Landed
2026-05-30,BX602,ABL602,Air Busan,Busan,PUS,RKPK,00:05,16:05,00:15,10min late,07:42,17min early,6h 27m,Landed
2026-05-30,JQ87,JST087,Jetstar Airways,Sunshine Coast,MCY,YBSU,00:06,16:06,23:49,16min early,02:07,,0m,Landed
2026-05-30,GA880,GIA880,Garuda Indonesia,Tokyo,NRT,RJAA,00:20,16:20,01:29,9min late,09:41,51min late,7h 12m,Landed
2026-05-30,8B84,TNU084,TransNusa,Perth,PER,YPPH,00:20,16:20,00:49,29min late,04:09,4min late,3h 20m,Landed
2026-05-30,MF892,CXA892,Xiamen Airlines,Xiamen,XMN,ZSAM,00:30,16:30,00:25,4min early,08:13,8min late,7h 48m,Landed
2026-05-30,EK399,UAE399,Emirates,Dubai,DXB,OMDB,00:35,16:35,00:41,6min late,05:18,16min early,8h 36m,Landed
2026-05-30,QR961,QTR961,Qatar Airways,Doha,DOH,OTHH,00:35,16:35,00:50,15min late,04:46,53min early,8h 55m,Landed
2026-05-30,CZ626,CSN626,China Southern Airlines,Guangzhou,CAN,ZGGG,00:40,16:40,00:33,6min early,05:15,39min early,4h 41m,Landed
2026-05-30,PR538,PAL538,Philippine Airlines,Manila,MNL,RPLL,00:55,16:55,01:10,15min late,04:44,15min early,3h 34m,Landed
2026-05-30,MU5030,CES5030,China Eastern Airlines,Shanghai,PVG,ZSPD,00:55,16:55,01:00,5min late,07:12,47min early,6h 11m,Landed
2026-05-30,5J282,,CEBU Pacific Air,Manila,MNL,RPLL,01:00,17:00,,,,,4h 20m,
2026-05-30,SJ726,,Sriwijaya Air,Makassar,UPG,WAAA,01:00,17:00,01:00,,02:20,,1h 20m,Landed
2026-05-30,GA652,GIA652,Garuda Indonesia,Timika,TIM,WABP,01:05,17:05,01:15,10min late,05:48,3min late,3h 33m,Landed
2026-05-30,KE434,KAL434,Korean Air Lines,Seoul,ICN,RKSI,01:10,17:10,01:39,29min late,09:03,21min early,6h 24m,Landed
2026-05-30,8B5888,TNU5888,TransNusa,Manado,MDC,WAMM,01:30,17:30,01:24,5min early,03:38,21min early,2h 14m,Landed
2026-05-30,JT746,LNI746,Lion Air,Makassar,UPG,WAAA,06:52,22:52,07:02,9min late,08:27,29min late,1h 25m,Landed
2026-05-30,JQ111,,Jetstar Airways,Perth,PER,YPPH,07:00,23:00,,,,,3h 45m,
2026-05-30,GA401,GIA401,Garuda Indonesia,Jakarta,CGK,WIII,07:00,23:00,06:59,on time,07:35,24min early,1h 36m,Landed
2026-05-30,IU705,SJV705,SW Italia,Surabaya,SUB,WARR,07:00,23:00,07:12,12min late,06:50,9min early,38m,Landed
2026-05-30,QZ807,AWQ807,Indonesia AirAsia,Jakarta,CGK,WIII,07:00,23:00,07:18,18min late,07:44,15min early,1h 26m,Landed
2026-05-30,JQ82,JST082,Jetstar Airways,Darwin,DRW,YPDN,07:00,23:00,07:02,2min late,10:59,15min early,2h 27m,Landed
2026-05-30,JT746,LNI746,Lion Air,Makassar,UPG,WAAA,07:00,23:00,07:10,10min late,08:10,14min early,59m,Landed
2026-05-30,QZ534,AWQ534,Indonesia AirAsia,Perth,PER,YPPH,07:05,23:05,07:22,17min late,10:38,21min early,3h 15m,Landed
2026-05-30,QZ644,AWQ644,Indonesia AirAsia,Labuan Bajo,LBJ,WATO,07:10,23:10,07:19,9min late,08:11,3min early,51m,Landed
2026-05-30,8B5250,TNU5250,TransNusa,Lombok,LOP,WADL,07:15,23:15,07:18,3min late,07:38,16min early,20m,Landed
2026-05-30,SQ949,SIA949,Singapore Airlines,Singapore,SIN,WSSS,07:15,23:15,07:23,8min late,09:32,27min early,2h 9m,Landed
2026-05-30,8B551,TNU551,Business Air,Singapore,SIN,WSSS,07:30,23:30,07:30,on time,09:53,2min early,2h 22m,Landed
2026-05-30,ID6333,BTK6333,Batik Air,Labuan Bajo,LBJ,WATO,07:55,23:55,07:59,4min late,08:49,20min early,50m,Landed
2026-05-30,IW1858,WON1858,Wings Air,Lombok,LOP,WADL,08:05,00:05,08:03,1min early,08:28,26min early,25m,Landed
2026-05-30,JT21,LNI021,Lion Air,Jakarta,CGK,WIII,08:05,00:05,08:22,17min late,08:49,10min early,1h 27m,Landed
2026-05-30,HX706,CRK706,Hong Kong Airlines,Hong Kong,HKG,VHHH,08:05,00:05,08:34,29min late,13:09,10min early,4h 34m,Landed
2026-05-30,AI2146,,Air India,Delhi,DEL,VIDP,08:25,00:25,,,,,7h 55m,
2026-05-30,5J280,CEB280,CEBU Pacific Air,Manila,MNL,RPLL,08:35,00:35,08:57,22min late,12:46,8min early,3h 48m,Landed
2026-05-30,CZ8482,CSN8482,China Southern Airlines,Guangzhou,CAN,ZGGG,08:40,00:40,08:40,on time,18:46,56min late,10h 5m,Landed
2026-05-30,IW1854,,Wings Air,Lombok,LOP,WADL,08:45,00:45,08:45,,09:35,,50m,Landed
2026-05-30,IW1882,WON1882,Wings Air,Sumbawa Besar,SWQ,WADS,08:55,00:55,09:05,10min late,09:44,15min early,39m,Landed
2026-05-30,QG500,CTV500,Citilink,Dili,DIL,WPDL,09:00,01:00,09:01,1min late,11:56,8min early,1h 54m,Landed
2026-05-30,QG691,CTV691,Citilink,Surabaya,SUB,WARR,09:05,01:05,09:05,on time,08:58,16min early,52m,Landed
2026-05-30,IN640,LKN640,NAM Air,Tambolaka,TMC,WADT,09:10,01:10,08:37,32min early,09:22,47min early,45m,Landed
2026-05-30,ID6324,BTK6324,Batik Air,Tambolaka,TMC,WADT,09:10,01:10,09:22,12min late,10:08,11min early,46m,Landed
2026-05-30,8B5105,,TransNusa,Jakarta,CGK,WIII,09:15,01:15,09:15,,10:00,,1h 45m,Landed
2026-05-30,IW1848,WON1848,Wings Air,Lombok,LOP,WADL,09:25,01:25,10:07,42min late,10:29,14min late,22m,Landed
2026-05-30,8B5634,TNU5634,TransNusa,Bima,BMU,WADB,09:35,01:35,09:52,17min late,10:40,5min late,47m,Landed
2026-05-30,8B80,TNU080,TransNusa,Perth,PER,YPPH,09:40,01:40,09:46,6min late,13:09,15min early,3h 23m,Landed
2026-05-30,IU122,SJV122,SW Italia,Yogyakarta,YIA,WAHI,10:00,02:00,10:04,4min late,10:16,13min early,1h 12m,Landed
2026-05-30,IU137,SJV137,SW Italia,Kupang,KOE,WATT,10:00,02:00,10:22,22min late,11:47,2min early,1h 24m,Landed
2026-05-30,SQ935,SIA935,Singapore Airlines,Singapore,SIN,WSSS,10:05,02:05,10:11,6min late,12:20,24min early,2h 9m,Landed
2026-05-30,QZ803,AWQ803,Indonesia AirAsia,Jakarta,CGK,WIII,10:15,02:15,10:26,11min late,10:58,6min early,1h 32m,Landed
2026-05-30,8B553,TNU553,Business Air,Singapore,SIN,WSSS,10:20,02:20,10:26,6min late,12:46,29min early,2h 19m,Landed
2026-05-30,QG9193,CTV9193,Citilink,Jakarta,HLP,WIHH,10:25,02:25,10:23,1min early,10:53,26min early,1h 30m,Landed
2026-05-30,8B5101,TNU5101,TransNusa,Jakarta,CGK,WIII,10:25,02:25,10:53,28min late,11:30,15min late,1h 36m,Landed
2026-05-30,8G182,DTL182,Mid Africa Aviation,Dili,DIL,WPDL,10:35,02:35,10:46,11min late,13:28,1min early,1h 42m,Landed
2026-05-30,JT805,LNI805,Lion Air,Surabaya,SUB,WARR,10:35,02:35,10:39,4min late,10:23,11min early,43m,Landed
2026-05-30,JT31,LNI031,Lion Air,Jakarta,CGK,WIII,11:05,03:05,11:52,47min late,12:24,24min late,1h 31m,Landed
2026-05-30,OD309,MXD309,Malindo Air,Kuala Lumpur,KUL,WMKK,11:07,03:07,,,,,3h 20m,Landed
2026-05-30,IW1856,WON1856,Wings Air,Lombok,LOP,WADL,11:10,03:10,11:02,7min early,11:36,23min early,33m,Landed
2026-05-30,JQ126,JST126,Jetstar Airways,Adelaide,ADL,YPAD,11:15,03:15,12:49,34min late,18:38,8min late,4h 18m,Landed
2026-05-30,TR281,TGW281,Scoot,Singapore,SIN,WSSS,11:20,03:20,11:17,2min early,13:27,43min early,2h 9m,Landed
2026-05-30,6E1606,IGO1606,IndiGo,Bangalore,BLR,VOBL,11:20,03:20,11:33,13min late,15:13,3min late,6h 10m,Landed
2026-05-30,QZ646,AWQ646,Indonesia AirAsia,Labuan Bajo,LBJ,WATO,11:25,03:25,11:27,2min late,12:40,,1h 15m,Landed
2026-05-30,IN281,LKN281,Nam Air,Jakarta,CGK,WIII,11:32,03:32,,,,,1h 55m,
2026-05-30,JQ109,JST109,Jetstar Airways,Perth,PER,YPPH,11:40,03:40,12:40,0min late,15:56,31min late,3h 15m,Landed
2026-05-30,IW1964,WON1964,Wings Air,Lombok,LOP,WADL,11:40,03:40,12:11,31min late,12:43,13min late,31m,Landed
2026-05-30,AK371,AXM371,AirAsia,Kuala Lumpur,KUL,WMKK,11:40,03:40,11:45,5min late,14:30,14min early,2h 45m,Landed
2026-05-30,ID6331,BTK6331,Batik Air,Labuan Bajo,LBJ,WATO,11:43,03:43,,,,,49m,Landed
2026-05-30,IW1850,WON1850,Wings Air,Lombok,LOP,WADL,11:50,03:50,14:58,8min late,15:22,42min late,24m,Landed
2026-05-30,QZ809,AWQ809,Indonesia AirAsia,Jakarta,CGK,WIII,11:55,03:55,12:05,10min late,12:40,9min early,1h 35m,Landed
2026-05-30,OD192,MXD192,Malindo Air,Kuala Lumpur,KUL,WMKK,11:55,03:55,12:38,43min late,15:22,17min late,2h 43m,Landed
2026-05-30,GA407,GIA407,Garuda Indonesia,Jakarta,CGK,WIII,11:55,03:55,12:21,26min late,13:04,9min late,1h 42m,Landed
2026-05-30,QZ544,AWQ544,Indonesia AirAsia,Perth,PER,YPPH,12:00,04:00,12:34,34min late,15:54,4min late,3h 19m,Landed
2026-05-30,GA253,GIA253,Garuda Indonesia,Yogyakarta,YIA,WAHI,12:05,04:05,12:36,31min late,15:10,15min late,3h 33m,Landed
2026-05-30,JQ32,JST032,Jetstar Airways,Melbourne,MEL,YMML,12:05,04:05,12:16,11min late,19:21,18min early,5h 5m,Landed
2026-05-30,SJ7420,,Sriwijaya Air,Tambolaka,TMC,WADT,12:10,04:10,12:10,,13:10,,1h 0m,Landed
2026-05-30,SQ937,SIA937,Singapore Airlines,Singapore,SIN,WSSS,12:10,04:10,12:25,15min late,14:52,2min early,2h 26m,Landed
2026-05-30,JQ40,JST040,Jetstar Airways,Sydney,SYD,YSSY,12:20,04:20,12:45,25min late,20:01,13min early,5h 15m,Landed
2026-05-30,8B5254,TNU5254,TransNusa,Lombok,LOP,WADL,12:40,04:40,12:59,19min late,13:20,,40m,Landed
2026-05-30,IP103,PAS103,Pelita Air Service,Jakarta,CGK,WIII,12:45,04:45,12:56,11min late,13:28,11min early,1h 31m,Landed
2026-05-30,AK365,AXM365,AirAsia,Kuala Lumpur,KUL,WMKK,13:00,05:00,13:25,25min late,16:08,3min late,2h 42m,Landed
2026-05-30,ID6509,BTK6509,Batik Air,Jakarta,CGK,WIII,13:01,05:01,,,,,1h 31m,Landed
2026-05-30,MH714,MAS714,Malaysia Airlines,Kuala Lumpur,KUL,WMKK,13:05,05:05,13:35,30min late,16:20,20min late,2h 44m,Landed
2026-05-30,OD172,MXD172,Malindo Air,Kuala Lumpur,KUL,WMKK,13:10,05:10,13:29,19min late,16:08,11min early,2h 39m,Landed
2026-05-30,OD307,MXD307,Malindo Air,Kuala Lumpur,KUL,WMKK,13:12,05:12,,,,,2h 48m,Landed
2026-05-30,JQ58,JST058,Jetstar Airways,Brisbane,BNE,YBBN,13:15,05:15,13:40,25min late,20:52,2min early,5h 12m,Landed
2026-05-30,JT35,,Lion Air,Jakarta,CGK,WIII,13:15,05:15,,,,,1h 55m,Cancelled
2026-05-30,SQ939,SIA939,Singapore Airlines,Singapore,SIN,WSSS,13:15,05:15,13:14,on time,15:26,34min early,2h 11m,Landed
2026-05-30,GA409,GIA409,Garuda Indonesia,Jakarta,CGK,WIII,13:25,05:25,13:43,18min late,14:23,1min early,1h 39m,Landed
2026-05-30,JT660,LNI660,Lion Air,Balikpapan,BPN,WALL,13:30,05:30,13:37,7min late,14:56,18min early,1h 18m,Landed
2026-05-30,GA842,GIA842,Garuda Indonesia,Singapore,SIN,WSSS,13:40,05:40,13:56,16min late,16:17,7min early,2h 21m,Landed
2026-05-30,QG687,CTV687,Citilink,Jakarta,CGK,WIII,13:45,05:45,13:43,1min early,14:33,6min early,1h 50m,Landed
2026-05-30,8B5107,TNU5107,TransNusa,Jakarta,CGK,WIII,13:50,05:50,17:46,56min late,18:17,37min late,1h 30m,Landed
2026-05-30,JT919,LNI919,Lion Air,Surabaya,SUB,WARR,13:55,05:55,14:15,20min late,13:58,3min late,42m,Landed
2026-05-30,TR289,TGW289,Scoot,Singapore,SIN,WSSS,14:05,06:05,14:07,2min late,16:20,35min early,2h 12m,Landed
2026-05-30,VJ894,VJC894,VietJet Air,Ho Chi Minh City,SGN,VVTS,14:07,06:07,,,,,0m,
2026-05-30,ID7308,BTK7308,Batik Air,Jakarta,HLP,WIHH,14:12,06:12,,,,,1h 36m,Landed
2026-05-30,ID6517,BTK6517,Batik Air,Jakarta,CGK,WIII,14:15,06:15,14:28,13min late,14:59,10min early,1h 30m,Landed
2026-05-30,AI2148,,Air India,Delhi,DEL,VIDP,14:35,06:35,,,,,7h 35m,
2026-05-30,QG681,CTV681,Citilink,Jakarta,CGK,WIII,14:45,06:45,15:13,28min late,16:03,8min late,1h 50m,Landed
2026-05-30,JT33,LNI033,Lion Air,Jakarta,CGK,WIII,14:45,06:45,15:07,22min late,15:39,on time,1h 32m,Landed
2026-05-30,QZ805,AWQ805,Indonesia AirAsia,Jakarta,CGK,WIII,14:50,06:50,15:05,15min late,15:35,9min early,1h 30m,Landed
2026-05-30,IU120,SJV120,SW Italia,Yogyakarta,YIA,WAHI,15:00,07:00,15:28,28min late,15:33,3min late,1h 4m,Landed
2026-05-30,QG342,CTV342,Citilink,Makassar,UPG,WAAA,15:00,07:00,15:04,4min late,16:28,1min early,1h 24m,Landed
2026-05-30,JQ86,JST086,Jetstar Airways,Singapore,SIN,WSSS,15:05,07:05,15:26,21min late,17:51,8min early,2h 25m,Landed
2026-05-30,JQ44,JST044,Jetstar Airways,Melbourne,MEL,YMML,15:10,07:10,15:41,31min late,22:52,7min late,5h 10m,Landed
2026-05-30,VA50,VOZ050,Virgin Australia,Brisbane,BNE,YBBN,15:15,07:15,15:21,6min late,22:25,39min early,5h 4m,Landed
2026-05-30,8B82,TNU082,TransNusa,Perth,PER,YPPH,15:20,07:20,15:32,12min late,18:59,10min early,3h 27m,Landed
2026-05-30,AK377,AXM377,AirAsia,Kuala Lumpur,KUL,WMKK,15:25,07:25,15:47,22min late,18:25,4min early,2h 37m,Landed
2026-05-30,QG669,CTV669,Citilink,Surabaya,SUB,WARR,15:30,07:30,15:36,6min late,20:29,49min late,5h 53m,Landed
2026-05-30,JT740,LNI740,Lion Air,Makassar,UPG,WAAA,15:30,07:30,15:32,2min late,16:57,27min late,1h 25m,Landed
2026-05-30,IP109,PAS109,Pelita Air Service,Jakarta,CGK,WIII,15:35,07:35,15:50,15min late,16:24,on time,1h 33m,Landed
2026-05-30,SJ7161,,Sriwijaya Air,Makassar,UPG,WAAA,15:40,07:40,15:40,,17:00,,1h 20m,Landed
2026-05-30,GA411,GIA411,Garuda Indonesia,Jakarta,CGK,WIII,15:45,07:45,15:57,12min late,16:37,7min early,1h 40m,Landed
2026-05-30,QZ648,AWQ648,Indonesia AirAsia,Labuan Bajo,LBJ,WATO,15:45,07:45,15:45,on time,16:36,18min early,51m,Landed
2026-05-30,VA92,VOZ092,Virgin Australia,Melbourne,MEL,YMML,15:50,07:50,16:09,19min late,23:26,1min late,5h 16m,Landed
2026-05-30,8B5256,,TransNusa,Lombok,LOP,WADL,15:55,07:55,15:55,,16:50,,55m,Landed
2026-05-30,CI772,CAL772,China Airlines,Taipei,TPE,RCTP,15:55,07:55,15:53,1min early,20:34,45min early,4h 41m,Landed
2026-05-30,VN640,HVN640,Vietnam Airlines,Ho Chi Minh City,SGN,VVTS,16:00,08:00,16:16,16min late,19:01,21min late,3h 44m,Landed
2026-05-30,QZ246,AWQ246,Indonesia AirAsia,Phuket,HKT,VTSP,16:10,08:10,16:39,29min late,19:10,on time,3h 31m,Landed
2026-05-30,CX784,CPA784,Cathay Pacific,Hong Kong,HKG,VHHH,16:15,08:15,18:48,33min late,23:21,56min late,4h 32m,Landed
2026-05-30,MH850,MAS850,Malaysia Airlines,Kuala Lumpur,KUL,WMKK,16:25,08:25,16:55,30min late,19:39,4min late,2h 44m,Landed
2026-05-30,IW1852,WON1852,Wings Air,Lombok,LOP,WADL,16:30,08:30,16:56,26min late,17:22,2min late,25m,Landed
2026-05-30,BR256,EVA256,EVA Airways,Taipei,TPE,RCTP,16:30,08:30,17:27,57min late,22:24,24min late,4h 56m,Landed
2026-05-30,JT744,,Lion Air,Makassar,UPG,WAAA,16:40,08:40,16:40,,17:41,23min early,1h 1m,Landed
2026-05-30,IU703,SJV703,SW Italia,Surabaya,SUB,WARR,16:40,08:40,16:51,11min late,16:33,6min early,41m,Landed
2026-05-30,GA2554,GIA2554,Garuda Indonesia,Yogyakarta,YIA,WAHI,16:45,08:45,16:59,14min late,17:09,25min early,1h 10m,Landed
2026-05-30,HO1356,DKH1356,Juneyao Airlines,Shanghai,PVG,ZSPD,16:50,08:50,16:48,1min early,23:04,30min early,6h 15m,Landed
2026-05-30,TG432,THA432,Thai Airways International,Bangkok,BKK,VTBS,16:55,08:55,17:23,28min late,20:07,2min late,3h 44m,Landed
2026-05-30,GA349,GIA349,Garuda Indonesia,Surabaya,SUB,WARR,16:55,08:55,17:31,36min late,17:19,9min late,47m,Landed
2026-05-30,ID6335,BTK6335,Batik Air,Labuan Bajo,LBJ,WATO,16:59,08:59,,,,,49m,Landed
2026-05-30,JT23,,Lion Air,Jakarta,CGK,WIII,17:15,09:15,,,,,1h 55m,Cancelled
2026-05-30,GA419,GIA419,Garuda Indonesia,Jakarta,CGK,WIII,17:25,09:25,17:32,7min late,19:22,57min late,2h 50m,Landed
2026-05-30,VJ998,VJC998,VietJet Air,Hanoi,HAN,VVNB,17:30,09:30,17:37,7min late,21:22,12min early,4h 44m,Landed
2026-05-30,TR243,TGW243,Scoot,Singapore,SIN,WSSS,17:35,09:35,17:52,17min late,20:06,18min early,2h 14m,Landed
2026-05-30,IP107,,Pelita Air Service,Jakarta,CGK,WIII,17:40,09:40,17:40,,18:30,,1h 50m,Landed
2026-05-30,NZ291,ANZ291,Air New Zealand,Auckland,AKL,NZAA,17:50,09:50,17:59,9min late,05:07,22min early,7h 7m,Landed
2026-05-30,QZ821,AWQ821,Indonesia AirAsia,Jakarta,CGK,WIII,18:00,10:00,17:55,4min early,18:27,22min early,1h 31m,Landed
2026-05-30,6E1608,IGO1608,IndiGo,Chennai,MAA,VOMM,18:00,10:00,18:02,2min late,21:18,16min early,5h 46m,Landed
2026-05-30,8B5258,TNU5258,TransNusa,Lombok,LOP,WADL,18:00,10:00,,,,,0m,
2026-05-30,OD193,MXD193,Malindo Air,Perth,PER,YPPH,18:10,10:10,,,,,3h 35m,
2026-05-30,IU126,SJV126,SW Italia,Surakarta,SOC,WAHQ,18:10,10:10,18:09,on time,18:12,17min early,1h 2m,Landed
2026-05-30,IN283,,NAM Air,Jakarta,CGK,WIII,18:30,10:30,18:30,,19:10,,1h 40m,Landed
2026-05-30,GA417,GIA417,Garuda Indonesia,Jakarta,CGK,WIII,18:30,10:30,18:36,6min late,19:16,13min early,1h 39m,Landed
2026-05-30,QR963,QTR963,Qatar Airways,Doha,DOH,OTHH,18:35,10:35,18:44,9min late,22:43,56min early,8h 59m,Landed
2026-05-30,EY477,ETD477,Etihad Airways,Abu Dhabi,AUH,OMAA,18:45,10:45,19:07,22min late,10:34,54min late,19h 27m,Landed
2026-05-30,IP105,,Pelita Air Service,Jakarta,CGK,WIII,18:50,10:50,18:50,,19:40,,1h 50m,Landed
2026-05-30,CX782,CPA782,Cathay Pacific,Hong Kong,HKG,VHHH,18:50,10:50,19:03,13min late,23:33,31min early,4h 30m,Landed
2026-05-30,QG689,CTV689,Citilink,Jakarta,CGK,WIII,18:55,10:55,18:57,2min late,19:51,4min early,1h 53m,Landed
2026-05-30,TG440,THA440,Thai Airways International,Bangkok,BKK,VTBS,19:00,11:00,19:31,31min late,22:25,15min late,3h 54m,Landed
2026-05-30,6E1612,IGO1612,IndiGo,Bhubaneswar,BBI,VEBS,19:10,11:10,19:26,16min late,22:41,8min early,5h 44m,Landed
2026-05-30,MH852,MAS852,Malaysia Airlines,Kuala Lumpur,KUL,WMKK,19:20,11:20,19:38,18min late,22:20,on time,2h 41m,Landed
2026-05-30,ID7310,BTK7310,Batik Air,Jakarta,HLP,WIHH,19:25,11:25,19:35,10min late,19:58,16min early,1h 22m,Landed
2026-05-30,QG699,CTV699,Citilink,Surabaya,SUB,WARR,19:25,11:25,19:22,2min early,06:52,12min late,12h 30m,Landed
2026-05-30,IU133,SJV133,SW Italia,Semarang,SRG,WIIS,19:40,11:40,,,,,1h 30m,Landed
2026-05-30,TR283,TGW283,Scoot,Singapore,SIN,WSSS,19:45,11:45,19:58,13min late,22:15,25min early,2h 16m,Landed
2026-05-30,EK369,UAE369,Emirates,Dubai,DXB,OMDB,19:45,11:45,20:05,20min late,00:37,12min early,8h 31m,Landed
2026-05-30,AK379,AXM379,AirAsia,Kuala Lumpur,KUL,WMKK,19:45,11:45,20:03,18min late,22:43,6min early,2h 39m,Landed
2026-05-30,8B969,TNU969,Business Air,Guangzhou,CAN,ZGGG,19:50,11:50,20:11,21min late,00:57,7min early,4h 46m,Landed
2026-05-30,GA421,GIA421,Garuda Indonesia,Jakarta,CGK,WIII,19:50,11:50,20:16,26min late,20:52,2min late,1h 35m,Landed
2026-05-30,JT923,LNI923,Lion Air,Surabaya,SUB,WARR,19:55,11:55,20:39,44min late,20:20,25min late,41m,Landed
2026-05-30,SQ945,SIA945,Singapore Airlines,Singapore,SIN,WSSS,20:00,12:00,20:20,20min late,22:32,7min early,2h 11m,Landed
2026-05-30,QG697,CTV697,Citilink,Surabaya,SUB,WARR,20:25,12:25,20:22,2min early,20:13,11min early,50m,Landed
2026-05-30,ID6415,,Batik Air,Surabaya,SUB,WARR,20:30,12:30,,,,,1h 0m,Cancelled
2026-05-30,QG195,CTV195,Citilink,Jakarta,HLP,WIHH,20:40,12:40,20:38,2min early,21:15,19min early,1h 37m,Landed
2026-05-30,GA415,GIA415,Garuda Indonesia,Jakarta,CGK,WIII,20:40,12:40,20:50,10min late,21:25,14min early,1h 35m,Landed
2026-05-30,KL836,KLM836,KLM Royal Dutch Airlines,Singapore,SIN,WSSS,20:45,12:45,20:53,8min late,23:04,20min early,2h 10m,Landed
2026-05-30,TK67,THY067,Turkish Airlines,Istanbul,IST,LTFM,20:45,12:45,21:02,17min late,04:40,4min early,12h 38m,Landed
2026-05-30,OD177,MXD177,Malindo Air,Melbourne,MEL,YMML,21:00,13:00,23:36,36min late,06:49,9min late,5h 12m,Landed
2026-05-30,QZ819,AWQ819,Indonesia AirAsia,Jakarta,CGK,WIII,21:05,13:05,21:22,17min late,21:46,8min early,1h 24m,Landed
2026-05-30,QG667,CTV667,Citilink,Jakarta,CGK,WIII,21:10,13:10,21:15,5min late,22:14,4min late,1h 59m,Landed
2026-05-30,JT15,LNI015,Lion Air,Jakarta,CGK,WIII,21:15,13:15,21:31,16min late,22:07,2min early,1h 35m,Landed
2026-05-30,JQ34,JST034,Jetstar Airways,Melbourne,MEL,YMML,21:20,13:20,21:22,2min late,04:44,10min early,5h 22m,Landed
2026-05-30,JQ117,JST117,Jetstar Airways,Perth,PER,YPPH,21:30,13:30,22:23,53min late,02:06,46min late,3h 42m,Landed
2026-05-30,SJ273,,Sriwijaya Air,Jakarta,CGK,WIII,21:35,13:35,21:35,,22:15,,1h 40m,Landed
2026-05-30,SQ947,SIA947,Singapore Airlines,Singapore,SIN,WSSS,21:40,13:40,22:00,20min late,00:10,5min early,2h 9m,Landed
2026-05-30,TK311,THY311,Turkish Airlines,Istanbul,IST,LTFM,21:45,13:45,21:54,9min late,05:33,11min early,12h 39m,Landed
2026-05-30,OD157,MXD157,Malindo Air,Brisbane,BNE,YBBN,22:00,14:00,22:09,9min late,05:20,29min early,5h 11m,Landed
2026-05-30,GA718,GIA718,Garuda Indonesia,Melbourne,MEL,YMML,22:05,14:05,22:21,16min late,05:33,3min late,5h 11m,Landed
2026-05-30,AK375,AXM375,AirAsia,Kuala Lumpur,KUL,WMKK,22:15,14:15,00:11,56min late,03:04,44min late,2h 52m,Landed
2026-05-30,OD171,MXD171,Malindo Air,Sydney,SYD,YSSY,22:15,14:15,22:15,on time,06:07,2min late,5h 52m,Landed
2026-05-30,QF44,QFA044,Qantas,Sydney,SYD,YSSY,22:20,14:20,22:32,12min late,06:14,4min late,5h 41m,Landed
2026-05-30,JQ38,JST038,Jetstar Airways,Sydney,SYD,YSSY,22:35,14:35,22:38,3min late,06:06,23min early,5h 27m,Landed
2026-05-30,7C5304,JJA5304,Jeju Air,Seoul,ICN,RKSI,22:50,14:50,,,,,0m,
2026-05-30,QF46,QFA046,Qantas,Melbourne,MEL,YMML,23:05,15:05,23:17,12min late,06:22,17min early,5h 5m,Landed
2026-05-30,8B5109,TNU5109,TransNusa,Jakarta,CGK,WIII,23:10,15:10,23:11,1min late,23:50,on time,1h 38m,Landed
2026-05-30,GA714,GIA714,Garuda Indonesia,Sydney,SYD,YSSY,23:25,15:25,23:38,13min late,06:59,10min early,5h 21m,Landed
2026-05-30,JQ36,JST036,Jetstar Airways,Melbourne,MEL,YMML,23:25,15:25,23:26,1min late,06:28,31min early,5h 1m,Landed
2026-05-30,VA68,VOZ068,Virgin Australia,Sydney,SYD,YSSY,23:35,15:35,23:52,17min late,07:18,16min early,5h 26m,Landed
2026-05-30,JQ94,JST094,Jetstar Airways,Gold Coast,OOL,YBCG,23:45,15:45,00:09,24min late,07:18,3min late,5h 9m,Landed
2026-05-30,KE432,KAL432,Korean Air Lines,Seoul,ICN,RKSI,23:45,15:45,23:46,1min late,07:22,32min early,6h 35m,Landed
2026-05-30,JQ89,JST089,Jetstar Airways,Newcastle,NTL,YWLM,23:50,15:50,23:59,9min late,07:15,24min early,5h 15m,Landed
2026-05-31,BX602,ABL602,Air Busan,Busan,PUS,RKPK,00:05,16:05,00:17,12min late,07:48,11min early,6h 31m,Landed
2026-05-31,TW158,TWB158,T'Way Air,Cheongju,CJJ,RKTU,00:15,16:15,00:34,19min late,12:43,8min late,11h 8m,Landed
2026-05-31,8B84,TNU084,TransNusa,Perth,PER,YPPH,00:20,16:20,00:49,29min late,04:09,4min late,3h 20m,Landed
2026-05-31,GA880,GIA880,Garuda Indonesia,Tokyo,NRT,RJAA,00:20,16:20,00:39,19min late,09:02,12min late,7h 22m,Landed
2026-05-31,MF892,CXA892,Xiamen Airlines,Xiamen,XMN,ZSAM,00:30,16:30,00:52,22min late,06:07,2min late,5h 14m,Landed
2026-05-31,EK399,UAE399,Emirates,Dubai,DXB,OMDB,00:35,16:35,01:01,26min late,05:31,3min early,8h 30m,Landed
2026-05-31,QR961,QTR961,Qatar Airways,Doha,DOH,OTHH,00:35,16:35,00:56,21min late,04:44,55min early,8h 47m,Landed
2026-05-31,CZ626,CSN626,China Southern Airlines,Guangzhou,CAN,ZGGG,00:40,16:40,00:54,14min late,12:02,7min late,11h 7m,Landed
2026-05-31,PR538,PAL538,Philippine Airlines,Manila,MNL,RPLL,00:55,16:55,01:10,15min late,04:44,15min early,3h 34m,Landed
2026-05-31,MU5030,CES5030,China Eastern Airlines,Shanghai,PVG,ZSPD,00:55,16:55,01:08,13min late,10:48,48min late,9h 39m,Landed
2026-05-31,GA652,GIA652,Garuda Indonesia,Timika,TIM,WABP,01:05,17:05,01:15,10min late,05:48,3min late,3h 33m,Landed
2026-05-31,KE434,KAL434,Korean Air Lines,Seoul,ICN,RKSI,01:10,17:10,01:39,29min late,09:03,21min early,6h 24m,Landed
2026-05-31,JQ82,JST082,Jetstar Airways,Darwin,DRW,YPDN,07:00,23:00,07:02,2min late,10:59,15min early,2h 27m,Landed
2026-05-31,JT944,,Lion Air,Makassar,UPG,WAAA,07:00,23:00,,,,,1h 25m,
2026-05-31,JT746,LNI746,Lion Air,Makassar,UPG,WAAA,07:00,23:00,07:10,10min late,08:10,14min early,59m,Landed
2026-05-31,GA401,GIA401,Garuda Indonesia,Jakarta,CGK,WIII,07:00,23:00,06:59,on time,07:35,24min early,1h 36m,Landed
2026-05-31,QZ807,AWQ807,Indonesia AirAsia,Jakarta,CGK,WIII,07:00,23:00,07:18,18min late,07:44,15min early,1h 26m,Landed
2026-05-31,IU705,SJV705,SW Italia,Surabaya,SUB,WARR,07:00,23:00,07:12,12min late,06:50,9min early,38m,Landed
2026-05-31,QZ534,AWQ534,Indonesia AirAsia,Perth,PER,YPPH,07:05,23:05,07:20,15min late,10:35,24min early,3h 15m,Landed
2026-05-31,QZ644,AWQ644,Indonesia AirAsia,Labuan Bajo,LBJ,WATO,07:10,23:10,07:06,3min early,07:58,16min early,52m,Landed
2026-05-31,SQ949,SIA949,Singapore Airlines,Singapore,SIN,WSSS,07:15,23:15,07:26,11min late,09:39,20min early,2h 13m,Landed
2026-05-31,8B5250,TNU5250,Business Air,Lombok,LOP,WADL,07:15,23:15,07:24,9min late,07:43,11min early,19m,Landed
2026-05-31,8B551,TNU551,Business Air,Singapore,SIN,WSSS,07:30,23:30,07:32,2min late,09:54,on time,2h 21m,Landed
2026-05-31,ID6333,BTK6333,Batik Air,Labuan Bajo,LBJ,WATO,07:55,23:55,07:59,4min late,08:48,21min early,49m,Landed
2026-05-31,IW1858,WON1858,Wings Air,Lombok,LOP,WADL,08:05,00:05,08:06,1min late,08:28,26min early,22m,Landed
2026-05-31,JT21,LNI021,Lion Air,Jakarta,CGK,WIII,08:05,00:05,08:13,8min late,08:38,21min early,1h 25m,Landed
2026-05-31,HX706,CRK706,Hong Kong Airlines,Hong Kong,HKG,VHHH,08:05,00:05,08:22,17min late,12:55,25min early,4h 32m,Landed
2026-05-31,AI2146,AIC2146,Air India,Delhi,DEL,VIDP,08:25,00:25,08:45,20min late,13:42,7min early,7h 27m,Landed
2026-05-31,QZ803,AWQ803,Indonesia AirAsia,Jakarta,CGK,WIII,08:30,00:30,08:26,3min early,08:53,26min early,1h 27m,Landed
2026-05-31,5J280,CEB280,CEBU Pacific Air,Manila,MNL,RPLL,08:35,00:35,08:54,19min late,12:45,9min early,3h 51m,Landed
2026-05-31,CZ8482,CSN8482,China Southern Airlines,Guangzhou,CAN,ZGGG,08:40,00:40,08:51,11min late,18:53,3min late,10h 2m,Landed
2026-05-31,IW1854,,Wings Air,Lombok,LOP,WADL,08:45,00:45,,,,,50m,Cancelled
2026-05-31,IW1882,WON1882,Wings Air,Sumbawa Besar,SWQ,WADS,08:55,00:55,08:58,3min late,09:38,21min early,40m,Landed
2026-05-31,QG500,CTV500,Citilink,Dili,DIL,WPDL,09:00,01:00,08:56,3min early,11:34,30min early,1h 38m,Landed
2026-05-31,QG691,CTV691,Citilink,Surabaya,SUB,WARR,09:05,01:05,09:10,5min late,13:05,50min late,4h 55m,Landed
2026-05-31,ID6324,BTK6324,Batik Air,Tambolaka,TMC,WADT,09:10,01:10,09:32,22min late,10:16,3min early,44m,Landed
2026-05-31,IN640,LKN640,NAM Air,Tambolaka,TMC,WADT,09:10,01:10,14:56,46min late,15:41,31min late,44m,Landed
2026-05-31,8B5105,,TransNusa,Jakarta,CGK,WIII,09:15,01:15,,,,,1h 45m,
2026-05-31,IW1848,WON1848,Wings Air,Lombok,LOP,WADL,09:25,01:25,10:38,13min late,11:03,48min late,25m,Landed
2026-05-31,8B5634,TNU5634,TransNusa,Bima,BMU,WADB,09:35,01:35,09:42,7min late,10:27,7min early,45m,Landed
2026-05-31,8B80,TNU080,TransNusa,Perth,PER,YPPH,09:40,01:40,09:45,5min late,13:01,23min early,3h 15m,Landed
2026-05-31,QG197,CTV197,Citilink,Jakarta,HLP,WIHH,09:45,01:45,09:47,2min late,10:18,21min early,1h 30m,Landed
2026-05-31,IU137,SJV137,SW Italia,Kupang,KOE,WATT,10:00,02:00,10:31,31min late,11:54,4min late,1h 22m,Landed
2026-05-31,ID8333,BTK8333,Batik Air,Labuan Bajo,LBJ,WATO,10:00,02:00,10:07,7min late,10:58,16min early,51m,Landed
2026-05-31,IU122,,SW Italia,Yogyakarta,YIA,WAHI,10:00,02:00,,,,,1h 30m,Cancelled
2026-05-31,SU297,AFL297,Aeroflot,Moscow,SVO,UUEE,10:05,02:05,10:22,17min late,17:30,44min early,12h 7m,Landed
2026-05-31,SQ935,SIA935,Singapore Airlines,Singapore,SIN,WSSS,10:05,02:05,10:17,12min late,12:41,3min early,2h 24m,Landed
2026-05-31,8B553,TNU553,Business Air,Singapore,SIN,WSSS,10:20,02:20,10:27,7min late,12:52,22min early,2h 25m,Landed
2026-05-31,8B5101,TNU5101,TransNusa,Jakarta,CGK,WIII,10:25,02:25,10:51,26min late,11:25,10min late,1h 34m,Landed
2026-05-31,JT805,LNI805,Lion Air,Surabaya,SUB,WARR,10:35,02:35,10:46,11min late,10:29,5min early,43m,Landed
2026-05-31,JT31,LNI031,Lion Air,Jakarta,CGK,WIII,11:05,03:05,11:29,24min late,12:17,17min late,1h 48m,Landed
2026-05-31,IW1856,WON1856,Wings Air,Lombok,LOP,WADL,11:10,03:10,11:32,22min late,11:58,1min early,26m,Landed
2026-05-31,JQ126,JST126,Jetstar Airways,Adelaide,ADL,YPAD,11:15,03:15,11:46,31min late,17:32,2min late,4h 15m,Landed
2026-05-31,TR281,TGW281,Scoot,Singapore,SIN,WSSS,11:20,03:20,11:37,17min late,13:51,18min early,2h 14m,Landed
2026-05-31,6E1606,IGO1606,IndiGo,Bangalore,BLR,VOBL,11:20,03:20,11:21,1min late,14:52,17min early,6h 0m,Landed
2026-05-31,QZ646,AWQ646,Indonesia AirAsia,Labuan Bajo,LBJ,WATO,11:25,03:25,11:18,6min early,12:13,26min early,55m,Landed
2026-05-31,IW1964,WON1964,Wings Air,Lombok,LOP,WADL,11:40,03:40,12:18,38min late,12:58,28min late,40m,Landed
2026-05-31,AK371,AXM371,AirAsia,Kuala Lumpur,KUL,WMKK,11:40,03:40,11:51,11min late,14:35,9min early,2h 43m,Landed
2026-05-31,JQ109,JST109,Jetstar Airways,Perth,PER,YPPH,11:40,03:40,11:57,17min late,15:03,21min early,3h 6m,Landed
2026-05-31,ID6331,BTK6331,Batik Air,Labuan Bajo,LBJ,WATO,11:45,03:45,11:54,9min late,12:46,13min early,51m,Landed
2026-05-31,IW1850,WON1850,Wings Air,Lombok,LOP,WADL,11:50,03:50,12:04,14min late,12:27,12min early,22m,Landed
2026-05-31,OD192,MXD192,Malindo Air,Kuala Lumpur,KUL,WMKK,11:55,03:55,12:33,38min late,15:13,8min late,2h 40m,Landed
2026-05-31,GA407,GIA407,Garuda Indonesia,Jakarta,CGK,WIII,11:55,03:55,12:10,15min late,12:50,4min early,1h 40m,Landed
2026-05-31,QZ544,AWQ544,Indonesia AirAsia,Perth,PER,YPPH,12:00,04:00,12:21,21min late,15:34,15min early,3h 13m,Landed
2026-05-31,GA253,GIA253,Garuda Indonesia,Yogyakarta,YIA,WAHI,12:05,04:05,12:25,20min late,14:48,53min late,3h 22m,Landed
2026-05-31,JQ32,JST032,Jetstar Airways,Melbourne,MEL,YMML,12:05,04:05,12:14,9min late,19:13,26min early,4h 59m,Landed
2026-05-31,SJ742,,Sriwijaya Air,Tambolaka,TMC,WADT,12:10,04:10,,,,,1h 0m,
2026-05-31,SQ937,SIA937,Singapore Airlines,Singapore,SIN,WSSS,12:10,04:10,12:27,17min late,14:54,on time,2h 27m,Landed
2026-05-31,JQ40,JST040,Jetstar Airways,Sydney,SYD,YSSY,12:20,04:20,12:37,17min late,19:53,21min early,5h 15m,Landed
2026-05-31,OD178,MXD178,Malindo Air,Kuala Lumpur,KUL,WMKK,12:25,04:25,13:51,26min late,16:34,59min late,2h 43m,Landed
2026-05-31,8B5254,,Business Air,Lombok,LOP,WADL,12:40,04:40,,,,,40m,
2026-05-31,IP103,PAS103,Pelita Air Service,Jakarta,CGK,WIII,12:45,04:45,12:47,2min late,13:20,19min early,1h 33m,Landed
2026-05-31,OD158,MXD158,Malindo Air,Kuala Lumpur,KUL,WMKK,12:45,04:45,12:50,5min late,15:39,15min early,2h 49m,Landed
2026-05-31,ID6509,BTK6509,Batik Air,Jakarta,CGK,WIII,13:00,05:00,14:09,9min late,14:45,50min late,1h 35m,Landed
2026-05-31,AK365,AXM365,AirAsia,Kuala Lumpur,KUL,WMKK,13:00,05:00,13:25,25min late,16:13,8min late,2h 47m,Landed
2026-05-31,OD307,MXD307,Malindo Air,Kuala Lumpur,KUL,WMKK,13:00,05:00,14:07,7min late,16:49,49min late,2h 41m,Landed
2026-05-31,MH714,MAS714,Malaysia Airlines,Kuala Lumpur,KUL,WMKK,13:05,05:05,13:55,50min late,16:42,42min late,2h 46m,Landed
2026-05-31,OD172,MXD172,Malindo Air,Kuala Lumpur,KUL,WMKK,13:10,05:10,13:29,19min late,16:09,10min early,2h 39m,Landed
2026-05-31,JQ58,JST058,Jetstar Airways,Brisbane,BNE,YBBN,13:15,05:15,13:47,32min late,20:55,on time,5h 8m,Landed
2026-05-31,JT35,LNI035,Lion Air,Jakarta,CGK,WIII,13:15,05:15,13:32,17min late,14:08,1min early,1h 35m,Landed
2026-05-31,SQ939,SIA939,Singapore Airlines,Singapore,SIN,WSSS,13:15,05:15,13:22,7min late,15:51,9min early,2h 28m,Landed
2026-05-31,8G182,DTL182,Mid Africa Aviation,Dili,DIL,WPDL,13:25,05:25,13:42,17min late,13:38,41min early,,Landed
2026-05-31,SL259,TLM259,Thai Lion Air,Bangkok,DMK,VTBD,13:25,05:25,13:37,12min late,16:44,5min early,4h 6m,Landed
2026-05-31,GA409,GIA409,Garuda Indonesia,Jakarta,CGK,WIII,13:25,05:25,13:40,15min late,14:23,1min early,1h 43m,Landed
2026-05-31,JT660,LNI660,Lion Air,Balikpapan,BPN,WALL,13:30,05:30,14:03,33min late,15:24,9min late,1h 20m,Landed
2026-05-31,GA842,GIA842,Garuda Indonesia,Singapore,SIN,WSSS,13:40,05:40,14:14,34min late,16:40,15min late,2h 26m,Landed
2026-05-31,QG687,CTV687,Citilink,Jakarta,CGK,WIII,13:45,05:45,13:59,14min late,14:36,3min early,1h 37m,Landed
2026-05-31,8B5107,TNU5107,TransNusa,Jakarta,CGK,WIII,13:50,05:50,17:50,0min late,18:23,43min late,1h 33m,Landed
2026-05-31,JT919,LNI919,Lion Air,Surabaya,SUB,WARR,13:55,05:55,14:29,34min late,16:59,4min late,3h 29m,Landed
2026-05-31,VJ848,VJC848,VietJet Air,Ho Chi Minh City,SGN,VVTS,14:00,06:00,14:22,22min late,16:42,7min early,3h 20m,Landed
2026-05-31,VJ894,VJC894,VietJet Air,Ho Chi Minh City,SGN,VVTS,14:05,06:05,14:34,29min late,17:04,9min late,3h 30m,Landed
2026-05-31,TR289,TGW289,Scoot,Singapore,SIN,WSSS,14:05,06:05,14:17,12min late,16:33,21min early,2h 15m,Landed
2026-05-31,IU130,SJV130,SW Italia,Semarang,SRG,WIIS,14:15,06:15,14:42,27min late,14:41,6min late,59m,Landed
2026-05-31,ID6517,BTK6517,Batik Air,Jakarta,CGK,WIII,14:15,06:15,14:26,11min late,14:58,11min early,1h 31m,Landed
2026-05-31,ID7308,BTK7308,Batik Air,Jakarta,HLP,WIHH,14:20,06:20,14:50,30min late,15:14,4min late,1h 24m,Landed
2026-05-31,GA653,GIA653,Garuda Indonesia,Jakarta,CGK,WIII,14:30,06:30,14:53,23min late,15:27,2min early,1h 33m,Landed
2026-05-31,AI2148,AIC2148,Air India,Delhi,DEL,VIDP,14:35,06:35,15:00,25min late,19:50,10min late,7h 20m,Landed
2026-05-31,QG681,CTV681,Citilink,Jakarta,CGK,WIII,14:45,06:45,14:47,2min late,15:46,8min early,1h 59m,Landed
2026-05-31,JT33,LNI033,Lion Air,Jakarta,CGK,WIII,14:45,06:45,15:04,19min late,15:41,1min late,1h 36m,Landed
2026-05-31,JQ88,JST088,Jetstar Airways,Singapore,SIN,WSSS,14:55,06:55,18:01,6min late,20:12,12min late,2h 11m,Landed
2026-05-31,IU120,SJV120,SW Italia,Yogyakarta,YIA,WAHI,15:00,07:00,15:16,16min late,15:22,7min early,1h 5m,Landed
2026-05-31,JQ107,JST107,Jetstar Airways,Perth,PER,YPPH,15:00,07:00,16:23,23min late,19:40,50min late,3h 16m,Landed
2026-05-31,JT844,LNI844,Lion Air,Banjarmasin,BDJ,WAOO,15:00,07:00,15:06,6min late,16:13,16min early,1h 6m,Landed
2026-05-31,IU128,,SW Italia,Surakarta,SOC,WAHQ,15:00,07:00,,,,,1h 20m,Cancelled
2026-05-31,QG342,CTV342,Citilink,Makassar,UPG,WAAA,15:00,07:00,15:02,2min late,16:20,9min early,1h 18m,Landed
2026-05-31,JQ44,JST044,Jetstar Airways,Melbourne,MEL,YMML,15:10,07:10,15:27,17min late,22:30,14min early,5h 3m,Landed
2026-05-31,VA50,VOZ050,Virgin Australia,Brisbane,BNE,YBBN,15:15,07:15,15:21,6min late,22:35,29min early,5h 14m,Landed
2026-05-31,8B82,TNU082,TransNusa,Perth,PER,YPPH,15:20,07:20,15:35,15min late,20:16,6min late,4h 40m,Landed
2026-05-31,AK377,AXM377,AirAsia,Kuala Lumpur,KUL,WMKK,15:25,07:25,15:45,20min late,18:25,4min early,2h 40m,Landed
2026-05-31,QG669,CTV669,Citilink,Surabaya,SUB,WARR,15:30,07:30,15:37,7min late,08:04,24min late,17h 27m,Landed
2026-05-31,JT740,LNI740,Lion Air,Makassar,UPG,WAAA,15:30,07:30,15:39,9min late,16:50,4min early,1h 11m,Landed
2026-05-31,IP109,PAS109,Pelita Air Service,Jakarta,CGK,WIII,15:35,07:35,15:43,8min late,16:22,2min early,1h 39m,Landed
2026-05-31,SJ717,,Sriwijaya Air,Makassar,UPG,WAAA,15:40,07:40,,,,,1h 20m,
2026-05-31,GA411,GIA411,Garuda Indonesia,Jakarta,CGK,WIII,15:45,07:45,15:50,5min late,16:30,14min early,1h 40m,Landed
2026-05-31,VA92,VOZ092,Virgin Australia,Melbourne,MEL,YMML,15:50,07:50,16:13,23min late,23:10,14min early,4h 56m,Landed
2026-05-31,8B5256,TNU5256,Business Air,Lombok,LOP,WADL,15:55,07:55,16:08,13min late,16:50,,55m,Landed
2026-05-31,CI772,CAL772,China Airlines,Taipei,TPE,RCTP,15:55,07:55,15:59,4min late,20:47,32min early,4h 47m,Landed
2026-05-31,VN640,HVN640,Vietnam Airlines,Ho Chi Minh City,SGN,VVTS,16:00,08:00,16:04,4min late,18:17,22min early,3h 13m,Landed
2026-05-31,QZ246,AWQ246,Indonesia AirAsia,Phuket,HKT,VTSP,16:10,08:10,16:26,16min late,18:52,17min early,3h 26m,Landed
2026-05-31,CX784,CPA784,Cathay Pacific,Hong Kong,HKG,VHHH,16:15,08:15,19:06,51min late,23:35,10min late,4h 29m,Landed
2026-05-31,MH850,MAS850,Malaysia Airlines,Kuala Lumpur,KUL,WMKK,16:25,08:25,16:55,30min late,19:54,19min late,2h 58m,Landed
2026-05-31,IW1852,WON1852,Wings Air,Lombok,LOP,WADL,16:30,08:30,16:38,8min late,17:01,18min early,23m,Landed
2026-05-31,BR256,EVA256,EVA Airways,Taipei,TPE,RCTP,16:30,08:30,16:41,11min late,21:33,26min early,4h 52m,Landed
2026-05-31,JT744,,Lion Air,Makassar,UPG,WAAA,16:40,08:40,16:40,,17:40,24min early,1h 0m,Landed
2026-05-31,IU703,SJV703,SW Italia,Surabaya,SUB,WARR,16:40,08:40,17:33,53min late,17:29,49min late,56m,Landed
2026-05-31,AK369,AXM369,AirAsia,Kuala Lumpur,KUL,WMKK,16:40,08:40,17:30,50min late,20:23,38min late,2h 53m,Landed
2026-05-31,GA2554,GIA2554,Garuda Indonesia,Yogyakarta,YIA,WAHI,16:45,08:45,16:51,6min late,17:11,23min early,1h 20m,Landed
2026-05-31,HO1356,DKH1356,Juneyao Airlines,Shanghai,PVG,ZSPD,16:50,08:50,16:57,7min late,23:12,22min early,6h 14m,Landed
2026-05-31,GA349,GIA349,Garuda Indonesia,Surabaya,SUB,WARR,16:55,08:55,17:24,29min late,17:16,6min late,52m,Landed
2026-05-31,TG432,THA432,Thai Airways International,Bangkok,BKK,VTBS,16:55,08:55,17:17,22min late,20:04,on time,3h 46m,Landed
2026-05-31,ID6335,BTK6335,Batik Air,Labuan Bajo,LBJ,WATO,17:00,09:00,17:19,19min late,18:10,4min early,51m,Landed
2026-05-31,IU273,SJV273,SW Italia,Pontianak,PNK,WIOO,17:00,09:00,17:00,on time,17:58,6min early,1h 57m,Landed
2026-05-31,JT23,LNI023,Lion Air,Jakarta,CGK,WIII,17:15,09:15,17:28,13min late,18:03,6min early,1h 35m,Landed
2026-05-31,GA419,GIA419,Garuda Indonesia,Jakarta,CGK,WIII,17:25,09:25,17:37,12min late,18:18,6min early,1h 41m,Landed
2026-05-31,VJ998,VJC998,VietJet Air,Hanoi,HAN,VVNB,17:30,09:30,17:47,17min late,21:33,1min early,4h 46m,Landed
2026-05-31,TR243,TGW243,Scoot,Singapore,SIN,WSSS,17:35,09:35,17:52,17min late,20:07,18min early,2h 14m,Landed
2026-05-31,IP107,,Pelita Air Service,Jakarta,CGK,WIII,17:40,09:40,,,,,1h 50m,
2026-05-31,NZ291,ANZ291,Air New Zealand,Auckland,AKL,NZAA,17:50,09:50,18:11,21min late,05:26,3min early,7h 15m,Landed
2026-05-31,QZ821,AWQ821,Indonesia AirAsia,Jakarta,CGK,WIII,18:00,10:00,18:06,6min late,18:38,11min early,1h 32m,Landed
2026-05-31,6E1608,IGO1608,IndiGo,Chennai,MAA,VOMM,18:00,10:00,18:18,18min late,21:33,1min early,5h 45m,Landed
2026-05-31,IU126,SJV126,SW Italia,Surakarta,SOC,WAHQ,18:10,10:10,18:25,15min late,18:26,3min early,1h 1m,Landed
2026-05-31,OD193,MXD193,Malindo Air,Perth,PER,YPPH,18:10,10:10,19:29,19min late,22:42,57min late,3h 13m,Landed
2026-05-31,GA417,GIA417,Garuda Indonesia,Jakarta,CGK,WIII,18:30,10:30,18:47,17min late,19:31,1min late,1h 43m,Landed
2026-05-31,IN281,LKN281,NAM Air,Jakarta,CGK,WIII,18:30,10:30,21:03,33min late,21:37,27min late,1h 34m,Landed
2026-05-31,QR963,QTR963,Qatar Airways,Doha,DOH,OTHH,18:35,10:35,19:07,32min late,16:32,52min late,,Landed
2026-05-31,EY477,ETD477,Etihad Airways,Abu Dhabi,AUH,OMAA,18:45,10:45,18:41,4min early,23:31,8min early,8h 50m,Landed
2026-05-31,CX782,CPA782,Cathay Pacific,Hong Kong,HKG,VHHH,18:50,10:50,18:46,4min early,23:39,25min early,4h 53m,Landed
2026-05-31,QG689,CTV689,Citilink,Jakarta,CGK,WIII,18:55,10:55,18:53,1min early,19:48,6min early,1h 55m,Landed
2026-05-31,8B5258,TNU5258,TransNusa,Lombok,LOP,WADL,18:55,10:55,19:11,16min late,19:31,3min early,19m,Landed
2026-05-31,TG440,THA440,Thai Airways International,Bangkok,BKK,VTBS,19:00,11:00,19:15,15min late,22:07,2min early,3h 52m,Landed
2026-05-31,6E1612,IGO1612,IndiGo,Bhubaneswar,BBI,VEBS,19:10,11:10,19:13,3min late,22:24,25min early,5h 41m,Landed
2026-05-31,QG195,CTV195,Citilink,Jakarta,HLP,WIHH,19:15,11:15,19:55,40min late,20:28,18min late,1h 33m,Landed
2026-05-31,MH852,MAS852,Malaysia Airlines,Kuala Lumpur,KUL,WMKK,19:20,11:20,19:25,5min late,22:09,10min early,2h 44m,Landed
2026-05-31,ID7310,BTK7310,Batik Air,Jakarta,HLP,WIHH,19:25,11:25,19:36,11min late,19:58,16min early,1h 21m,Landed
2026-05-31,QG699,CTV699,Citilink,Surabaya,SUB,WARR,19:25,11:25,19:24,on time,19:19,20min early,55m,Landed
2026-05-31,EK369,UAE369,Emirates,Dubai,DXB,OMDB,19:45,11:45,20:10,25min late,00:51,1min late,8h 41m,Landed
2026-05-31,TR283,TGW283,Scoot,Singapore,SIN,WSSS,19:45,11:45,20:18,33min late,22:31,9min early,2h 12m,Landed
2026-05-31,AK379,AXM379,AirAsia,Kuala Lumpur,KUL,WMKK,19:45,11:45,19:46,1min late,22:28,21min early,2h 41m,Landed
2026-05-31,GA421,GIA421,Garuda Indonesia,Jakarta,CGK,WIII,19:50,11:50,19:54,4min late,20:31,18min early,1h 37m,Landed
2026-05-31,IU133,SJV133,SW Italia,Semarang,SRG,WIIS,19:50,11:50,19:51,1min late,20:01,8min early,1h 10m,Landed
2026-05-31,8B969,TNU969,Business Air,Guangzhou,CAN,ZGGG,19:50,11:50,20:16,26min late,01:14,9min late,4h 58m,Landed
2026-05-31,JT923,LNI923,Lion Air,Surabaya,SUB,WARR,19:55,11:55,20:24,29min late,20:07,12min late,42m,Landed
2026-05-31,SQ945,SIA945,Singapore Airlines,Singapore,SIN,WSSS,20:00,12:00,20:30,30min late,22:42,2min late,2h 11m,Landed
2026-05-31,QG9665,CTV9665,Citilink,Jakarta,CGK,WIII,20:15,12:15,20:46,31min late,21:32,17min late,1h 46m,Landed
2026-05-31,QG697,CTV697,Citilink,Surabaya,SUB,WARR,20:25,12:25,20:22,2min early,20:24,on time,1h 2m,Landed
2026-05-31,GA415,GIA415,Garuda Indonesia,Jakarta,CGK,WIII,20:40,12:40,20:56,16min late,21:40,on time,1h 43m,Landed
2026-05-31,KL836,KLM836,KLM Royal Dutch Airlines,Singapore,SIN,WSSS,20:45,12:45,00:32,47min late,02:34,9min late,2h 2m,Landed
2026-05-31,TK67,THY067,Turkish Airlines,Istanbul,IST,LTFM,20:45,12:45,20:50,5min late,04:25,19min early,12h 35m,Landed
2026-05-31,IP105,PAS105,Pelita Air Service,Jakarta,CGK,WIII,20:50,12:50,22:20,30min late,22:47,7min late,1h 26m,Landed
2026-05-31,OD177,MXD177,Malindo Air,Melbourne,MEL,YMML,21:00,13:00,23:51,51min late,06:52,12min late,5h 0m,Landed
2026-05-31,QZ819,AWQ819,Indonesia AirAsia,Jakarta,CGK,WIII,21:05,13:05,21:59,54min late,22:26,31min late,1h 26m,Landed
2026-05-31,QG667,CTV667,Citilink,Jakarta,CGK,WIII,21:10,13:10,21:25,15min late,21:57,12min early,1h 31m,Landed
2026-05-31,JT15,LNI015,Lion Air,Jakarta,CGK,WIII,21:15,13:15,21:30,15min late,22:00,9min early,1h 30m,Landed
2026-05-31,QZ410,AWQ410,Indonesia AirAsia,Melbourne,MEL,YMML,21:15,13:15,21:32,17min late,04:36,23min early,5h 3m,Landed
2026-05-31,JQ34,JST034,Jetstar Airways,Melbourne,MEL,YMML,21:20,13:20,22:02,42min late,04:51,3min early,4h 48m,Landed
2026-05-31,ID6760,,Batik Air,Makassar,UPG,WAAA,21:30,13:30,,,,,1h 25m,Cancelled
2026-05-31,JQ117,JST117,Jetstar Airways,Perth,PER,YPPH,21:30,13:30,22:29,59min late,01:36,16min late,3h 6m,Landed
2026-05-31,SJ273,SJY273,Sriwijaya Air,Jakarta,CGK,WIII,21:35,13:35,23:23,48min late,23:51,36min late,1h 28m,Landed
2026-05-31,SQ947,SIA947,Singapore Airlines,Singapore,SIN,WSSS,21:40,13:40,21:53,13min late,00:04,11min early,2h 10m,Landed
2026-05-31,OD157,MXD157,Malindo Air,Brisbane,BNE,YBBN,22:00,14:00,22:25,25min late,05:40,9min early,5h 15m,Landed
2026-05-31,GA718,GIA718,Garuda Indonesia,Melbourne,MEL,YMML,22:05,14:05,22:31,26min late,05:36,6min late,5h 4m,Landed
2026-05-31,JQ60,JST060,Jetstar Airways,Brisbane,BNE,YBBN,22:10,14:10,22:17,7min late,05:18,26min early,5h 1m,Landed
2026-05-31,OD171,MXD171,Malindo Air,Sydney,SYD,YSSY,22:15,14:15,23:20,5min late,06:34,29min late,5h 13m,Landed
2026-05-31,AK375,AXM375,AirAsia,Kuala Lumpur,KUL,WMKK,22:15,14:15,23:24,9min late,02:14,54min late,2h 49m,Landed
2026-05-31,QF44,QFA044,Qantas,Sydney,SYD,YSSY,22:20,14:20,22:35,15min late,06:07,2min early,5h 32m,Landed
2026-05-31,JQ38,JST038,Jetstar Airways,Sydney,SYD,YSSY,22:35,14:35,22:52,17min late,06:08,21min early,5h 16m,Landed
2026-05-31,7C5304,JJA5304,Jeju Air,Seoul,ICN,RKSI,22:45,14:45,23:16,31min late,07:08,6min early,6h 51m,Landed
2026-05-31,QG9685,CTV9685,Citilink,Jakarta,CGK,WIII,22:50,14:50,23:17,27min late,00:00,10min late,1h 43m,Landed
2026-05-31,JQ91,JST091,Jetstar Airways,Cairns,CNS,YBCS,23:00,15:00,22:59,on time,05:09,20min early,4h 10m,Landed
2026-05-31,VA96,VOZ096,Virgin Australia,Melbourne,MEL,YMML,23:05,15:05,23:30,25min late,06:22,17min early,4h 52m,Landed
2026-05-31,QF46,QFA046,Qantas,Melbourne,MEL,YMML,23:05,15:05,00:02,57min late,06:55,15min late,4h 52m,Landed
2026-05-31,8B5109,TNU5109,TransNusa,Jakarta,CGK,WIII,23:10,15:10,23:37,27min late,00:06,16min late,1h 28m,Landed
2026-05-31,3U3986,CSC3986,Sichuan Airlines,Lujia Town,TFU,ZUTF,23:10,15:10,23:28,18min late,15:16,46min late,15h 47m,Landed
2026-05-31,VA82,VOZ082,Virgin Australia,Gold Coast,OOL,YBCG,23:20,15:20,23:44,24min late,06:51,3min early,5h 7m,Landed
2026-05-31,JQ50,JST050,Jetstar Airways,Melbourne,AVV,YMAV,23:25,15:25,00:09,44min late,06:58,1min early,4h 49m,Landed
2026-05-31,GA714,GIA714,Garuda Indonesia,Sydney,SYD,YSSY,23:25,15:25,23:38,13min late,06:52,17min early,5h 13m,Landed
2026-05-31,VA68,VOZ068,Virgin Australia,Sydney,SYD,YSSY,23:35,15:35,00:00,25min late,07:16,18min early,5h 15m,Landed
2026-05-31,KE432,KAL432,Korean Air Lines,Seoul,ICN,RKSI,23:45,15:45,23:49,4min late,07:15,39min early,6h 25m,Landed
2026-05-31,QZ420,AWQ420,Indonesia AirAsia,Adelaide,ADL,YPAD,23:45,15:45,00:04,19min late,06:04,20min early,4h 30m,Landed
2026-05-31,JQ87,JST087,Jetstar Airways,Sunshine Coast,MCY,YBSU,23:50,15:50,01:33,43min late,08:37,7min late,5h 3m,Landed
2026-05-31,JQ128,JST128,Jetstar Airways,Adelaide,ADL,YPAD,23:55,15:55,00:10,15min late,05:59,10min early,4h 19m,Landed
